word,ambiguity_type,model,nbhd_dist_20,nbhd_pairdist_20,nbhd_dist_100,nbhd_pairdist_100,nbhd_dist_200,nbhd_pairdist_200
keg,P,word2vec_recipe_1_HOM,0.2032276,0.2636214,0.24693625,0.3181187,0.26774493,0.33165133
aristocrat,P,word2vec_recipe_1_HOM,0.16526102,0.19294949,0.19267362,0.21616611,0.20413986,0.2236405
novelty,P,word2vec_recipe_1_HOM,0.16925497,0.18693283,0.20397569,0.2354563,0.2174944,0.2463175
pirate,P,word2vec_recipe_1_HOM,0.2056202,0.22561303,0.23671912,0.24035972,0.24946254,0.25107536
gasoline,M,word2vec_recipe_1_HOM,0.11597203,0.13314947,0.13343333,0.14829035,0.14231616,0.15691054
fringe,P,word2vec_recipe_1_HOM,0.19119802,0.21012236,0.22830787,0.24518204,0.24564506,0.27132377
corral,P,word2vec_recipe_1_HOM,0.30832636,0.25147274,0.34396422,0.2830827,0.35720214,0.2851714
gopher,P,word2vec_recipe_1_HOM,0.19935885,0.20165627,0.2295673,0.24199897,0.24179485,0.2502304
substance,P,word2vec_recipe_1_HOM,0.30896595,0.34089318,0.35992053,0.34111902,0.38099158,0.37039447
flannel,P,word2vec_recipe_1_HOM,0.33743766,0.21938394,0.3857312,0.23871313,0.3996153,0.24671264
strap,P,word2vec_recipe_1_HOM,0.25920364,0.21874943,0.30679166,0.26392773,0.32758796,0.28937334
courtesy,P,word2vec_recipe_1_HOM,0.29250628,0.23246942,0.33963135,0.24949612,0.35710728,0.25399822
pitch,H,word2vec_recipe_1_HOM,0.33811784,0.3378309,0.39498425,0.37608653,0.4155957,0.3897776
countdown,P,word2vec_recipe_1_HOM,0.28523782,0.24915318,0.31875503,0.26210323,0.33159265,0.26914412
fiend,P,word2vec_recipe_1_HOM,0.1379149,0.11769968,0.16410702,0.14110568,0.17484237,0.15446687
generic,P,word2vec_recipe_1_HOM,0.2338479,0.19746836,0.26730427,0.21709707,0.28257275,0.23073284
marijuana,M,word2vec_recipe_1_HOM,0.24112542,0.30272138,0.27845734,0.3386616,0.2916492,0.3523174
pink,H,word2vec_recipe_1_HOM,0.36094186,0.42236936,0.4872813,0.52504534,0.5285789,0.537244
perky,M,word2vec_recipe_1_HOM,0.2847687,0.2617572,0.32230854,0.26697826,0.33689025,0.26083273
society,P,word2vec_recipe_1_HOM,0.15956147,0.14450048,0.18516184,0.17456302,0.19698803,0.18328595
fearless,M,word2vec_recipe_1_HOM,0.1854174,0.16995418,0.21246451,0.17763835,0.22259708,0.18967961
lotion,P,word2vec_recipe_1_HOM,0.26751202,0.24456364,0.32280558,0.30517897,0.34646493,0.32682115
hoop,P,word2vec_recipe_1_HOM,0.2933806,0.2656646,0.32665458,0.2875626,0.3392187,0.2936038
cookie,P,word2vec_recipe_1_HOM,0.30735543,0.33002496,0.36816707,0.3476125,0.39443558,0.376343
etiquette,M,word2vec_recipe_1_HOM,0.11504574,0.1330449,0.13528739,0.1455931,0.14416021,0.15698008
romantic,P,word2vec_recipe_1_HOM,0.20355964,0.23848668,0.24298632,0.2576985,0.25780132,0.26708764
square,P,word2vec_recipe_1_HOM,0.26581886,0.3012058,0.32167962,0.31884962,0.346883,0.33278257
vibration,P,word2vec_recipe_1_HOM,0.13458261,0.17035435,0.1565147,0.18470891,0.16659242,0.19505896
isolate,P,word2vec_recipe_1_HOM,0.21018104,0.17680086,0.23628464,0.114988014,0.2468633,0.096711375
spacious,P,word2vec_recipe_1_HOM,0.245639,0.28864774,0.27887607,0.30116108,0.29265824,0.3108287
toilet,P,word2vec_recipe_1_HOM,0.19415186,0.2311549,0.23821598,0.2810126,0.25749713,0.2962426
southwest,P,word2vec_recipe_1_HOM,0.20870516,0.26653865,0.29257506,0.3020272,0.31751922,0.2922729
corpse,M,word2vec_recipe_1_HOM,0.15199758,0.16046321,0.18398522,0.18627124,0.19587667,0.2020177
publisher,P,word2vec_recipe_1_HOM,0.099243,0.116185226,0.1522419,0.16976196,0.17457256,0.19155583
accompany,P,word2vec_recipe_1_HOM,0.28308594,0.38978413,0.3756491,0.45104164,0.4093643,0.46576408
wildlife,M,word2vec_recipe_1_HOM,0.12786795,0.14769292,0.16012634,0.17790112,0.17212671,0.18804374
louse,P,word2vec_recipe_1_HOM,0.13550875,0.14517811,0.15978584,0.16847748,0.16949947,0.17915304
household,P,word2vec_recipe_1_HOM,0.23899989,0.18657029,0.26599064,0.19617069,0.27803004,0.19982992
lend,P,word2vec_recipe_1_HOM,0.23723316,0.22955951,0.29630324,0.27502486,0.32163116,0.2846806
despise,M,word2vec_recipe_1_HOM,0.086503014,0.093857266,0.107930206,0.12265416,0.117876455,0.13455352
attack,P,word2vec_recipe_1_HOM,0.28190714,0.24618389,0.32531014,0.29523793,0.34054145,0.3045636
cone,P,word2vec_recipe_1_HOM,0.28708422,0.29343498,0.3386066,0.31885865,0.3611724,0.33476374
rope,P,word2vec_recipe_1_HOM,0.22656742,0.29781878,0.31586406,0.32350108,0.3473244,0.32360968
agreement,P,word2vec_recipe_1_HOM,0.28679055,0.25026947,0.33270976,0.24387114,0.34833688,0.2489382
unable,M,word2vec_recipe_1_HOM,0.262814,0.2343763,0.30845183,0.23545456,0.3241285,0.23195498
rainy,M,word2vec_recipe_1_HOM,0.27243167,0.28756225,0.34160945,0.31789744,0.36899823,0.3295188
gracious,P,word2vec_recipe_1_HOM,0.16252697,0.13507959,0.19241653,0.16663733,0.20415355,0.18172014
hind,H,word2vec_recipe_1_HOM,0.21332788,0.25051457,0.2609859,0.3205046,0.28863034,0.35293862
park,P,word2vec_recipe_1_HOM,0.28276163,0.21734615,0.31871876,0.23284653,0.33241355,0.23531236
detector,P,word2vec_recipe_1_HOM,0.16412196,0.17536946,0.20229872,0.19768219,0.21590568,0.19719808
armpit,M,word2vec_recipe_1_HOM,0.17400514,0.19678879,0.20836368,0.23830755,0.22419594,0.25216025
distance,P,word2vec_recipe_1_HOM,0.3781417,0.38897574,0.4229803,0.3654787,0.4375876,0.37413532
eager,M,word2vec_recipe_1_HOM,0.09412642,0.103477776,0.11520018,0.12642813,0.12491285,0.14006107
drum,P,word2vec_recipe_1_HOM,0.34076345,0.31937623,0.3858378,0.36134833,0.40471175,0.3706894
accident,P,word2vec_recipe_1_HOM,0.18177599,0.14011425,0.20456919,0.14907342,0.21510234,0.15987197
moon,P,word2vec_recipe_1_HOM,0.34457934,0.36662138,0.4074272,0.38395345,0.42856234,0.38989037
pansy,P,word2vec_recipe_1_HOM,0.22898002,0.29907206,0.29094636,0.3649253,0.3142959,0.38916466
reality,P,word2vec_recipe_1_HOM,0.10435239,0.112974435,0.12185874,0.12683325,0.13112213,0.13923264
equal,P,word2vec_recipe_1_HOM,0.33045012,0.37180904,0.41098264,0.42952025,0.43975738,0.43173662
regain,P,word2vec_recipe_1_HOM,0.2214236,0.17528297,0.26109013,0.22756082,0.27622396,0.2462832
dominion,P,word2vec_recipe_1_HOM,0.13738947,0.12289142,0.16372102,0.15000996,0.17558397,0.16190448
pudding,P,word2vec_recipe_1_HOM,0.34408504,0.45244315,0.40246776,0.42460114,0.42645845,0.4187373
wing,P,word2vec_recipe_1_HOM,0.27519184,0.32369575,0.40095052,0.4329362,0.4459203,0.4551358
greedy,P,word2vec_recipe_1_HOM,0.1391988,0.11484773,0.16592093,0.13834709,0.17752723,0.15081844
hoof,P,word2vec_recipe_1_HOM,0.19203582,0.21207544,0.22374874,0.2605894,0.23716366,0.2796341
poorly,P,word2vec_recipe_1_HOM,0.112879775,0.11475892,0.13344695,0.13817401,0.1432148,0.14985849
mink,P,word2vec_recipe_1_HOM,0.18720779,0.2076619,0.21630177,0.25426033,0.228681,0.27274746
plumber,P,word2vec_recipe_1_HOM,0.12694764,0.12727281,0.14804958,0.14263657,0.15655136,0.15358071
toaster,H,word2vec_recipe_1_HOM,0.37026548,0.46669617,0.45157447,0.51468235,0.48120484,0.5228058
disposal,P,word2vec_recipe_1_HOM,0.22927447,0.25216952,0.27392036,0.29582748,0.29303333,0.29861948
pleasant,P,word2vec_recipe_1_HOM,0.23816733,0.21734428,0.28778064,0.28826818,0.3106542,0.30736226
airtight,P,word2vec_recipe_1_HOM,0.2789056,0.34600282,0.4028401,0.4048735,0.451836,0.43650723
cancer,P,word2vec_recipe_1_HOM,0.17358181,0.15004592,0.21850613,0.17837669,0.23650669,0.19972558
critical,P,word2vec_recipe_1_HOM,0.2435514,0.21911773,0.2943344,0.23865786,0.3119131,0.24783608
cloak,P,word2vec_recipe_1_HOM,0.17610438,0.19560738,0.21063688,0.21648903,0.22443365,0.22245705
honor,P,word2vec_recipe_1_HOM,0.1966893,0.1684304,0.2270177,0.19458848,0.24003163,0.20143123
continue,P,word2vec_recipe_1_HOM,0.39335302,0.4246186,0.4684264,0.39701694,0.48973215,0.37882367
placement,P,word2vec_recipe_1_HOM,0.29985505,0.31578934,0.34759074,0.33056477,0.3650898,0.33164725
panic,P,word2vec_recipe_1_HOM,0.2620797,0.25904834,0.31409675,0.2754885,0.33223435,0.26825473
rotation,P,word2vec_recipe_1_HOM,0.29050863,0.30062726,0.3331138,0.29658306,0.35131386,0.30387002
bug,P,word2vec_recipe_1_HOM,0.2785161,0.2781523,0.33270282,0.32712838,0.35398754,0.35005966
plaster,P,word2vec_recipe_1_HOM,0.2735913,0.29231703,0.3202373,0.318731,0.3385424,0.33779493
territory,P,word2vec_recipe_1_HOM,0.14924614,0.13277717,0.1740965,0.15640704,0.18551105,0.17176633
infection,P,word2vec_recipe_1_HOM,0.12286697,0.13146959,0.15764126,0.17772566,0.17502487,0.19219981
heater,P,word2vec_recipe_1_HOM,0.29990715,0.3255152,0.34705845,0.3482757,0.3668132,0.3697131
tailor,P,word2vec_recipe_1_HOM,0.15386677,0.17417657,0.18597288,0.18940416,0.1994278,0.19460277
folder,P,word2vec_recipe_1_HOM,0.22412133,0.1954148,0.26285788,0.25511292,0.28082904,0.2747613
various,P,word2vec_recipe_1_HOM,0.31953463,0.3582998,0.38562775,0.3735702,0.40767616,0.3826386
assure,P,word2vec_recipe_1_HOM,0.3547938,0.3850459,0.42887115,0.3653017,0.45109192,0.33448252
green,P,word2vec_recipe_1_HOM,0.2904088,0.2707148,0.3509967,0.32183242,0.37355286,0.34629458
sweaty,P,word2vec_recipe_1_HOM,0.23273115,0.20734577,0.27464265,0.23732366,0.29123357,0.2463668
bogus,M,word2vec_recipe_1_HOM,0.11614092,0.11692912,0.13494086,0.14284593,0.14369081,0.15192829
drip,P,word2vec_recipe_1_HOM,0.39669636,0.408027,0.47099382,0.4671406,0.49730194,0.47226846
horseback,P,word2vec_recipe_1_HOM,0.30203027,0.271016,0.34620282,0.29544908,0.36193168,0.29499012
angle,H,word2vec_recipe_1_HOM,0.29782206,0.32053405,0.37970078,0.3343031,0.40619513,0.335588
burp,P,word2vec_recipe_1_HOM,0.30732018,0.30604574,0.35669324,0.36720052,0.37688473,0.38227695
premature,M,word2vec_recipe_1_HOM,0.1817762,0.19766083,0.21874379,0.22835577,0.23570232,0.24082917
emphasize,P,word2vec_recipe_1_HOM,0.18020782,0.14352493,0.2050571,0.1660395,0.21520865,0.17944726
crook,P,word2vec_recipe_1_HOM,0.32015282,0.29646647,0.36440444,0.36932218,0.37981388,0.3824068
cardiac,P,word2vec_recipe_1_HOM,0.12280513,0.14276938,0.14305247,0.17079403,0.15184388,0.18255945
newborn,P,word2vec_recipe_1_HOM,0.14777045,0.16846438,0.17276691,0.19164056,0.18293034,0.20095608
grenade,P,word2vec_recipe_1_HOM,0.16126558,0.16548918,0.18484612,0.20019291,0.19515342,0.21428846
frisky,M,word2vec_recipe_1_HOM,0.17789939,0.17451526,0.20775808,0.16668923,0.21991071,0.1755641
goose,P,word2vec_recipe_1_HOM,0.21091887,0.27039286,0.3393421,0.41998446,0.39002746,0.4573685
anger,P,word2vec_recipe_1_HOM,0.12285004,0.110883996,0.14189368,0.13669601,0.15141793,0.14634892
burner,P,word2vec_recipe_1_HOM,0.29122126,0.3754266,0.3881504,0.44237348,0.42248526,0.44876435
mediocre,M,word2vec_recipe_1_HOM,0.09436251,0.10298714,0.11128423,0.130792,0.11974516,0.1411195
lousy,P,word2vec_recipe_1_HOM,0.09431547,0.09540005,0.11391615,0.12682375,0.12306421,0.13967884
tack,P,word2vec_recipe_1_HOM,0.36510321,0.3024305,0.406741,0.3371955,0.42262474,0.3568788
mercy,P,word2vec_recipe_1_HOM,0.13047056,0.12436086,0.15682307,0.15761502,0.16834496,0.17700712
insane,P,word2vec_recipe_1_HOM,0.2794339,0.234613,0.31494695,0.21977292,0.3284754,0.22684954
vacant,P,word2vec_recipe_1_HOM,0.21484439,0.22223611,0.24826188,0.2566955,0.262894,0.27751514
shrimp,P,word2vec_recipe_1_HOM,0.24889147,0.3287494,0.35191658,0.42716464,0.38861614,0.4272015
ski,P,word2vec_recipe_1_HOM,0.17861962,0.20425655,0.2095099,0.21386148,0.2222501,0.22251476
stack,P,word2vec_recipe_1_HOM,0.32946444,0.32935455,0.39202324,0.3530251,0.40975013,0.34551212
definition,P,word2vec_recipe_1_HOM,0.17768267,0.16414052,0.20462345,0.18531096,0.21709965,0.2001017
elephant,M,word2vec_recipe_1_HOM,0.41284117,0.346117,0.47367746,0.38996217,0.49237266,0.39159077
injury,P,word2vec_recipe_1_HOM,0.16229728,0.16681527,0.1854041,0.18326329,0.19541384,0.19074383
computer,P,word2vec_recipe_1_HOM,0.19044945,0.14884494,0.22034933,0.16359788,0.23295729,0.17251253
misty,P,word2vec_recipe_1_HOM,0.12967825,0.15791924,0.15201023,0.19172014,0.16121592,0.20246081
stout,P,word2vec_recipe_1_HOM,0.3204525,0.3971451,0.43342963,0.4482613,0.4685406,0.4508885
electrical,M,word2vec_recipe_1_HOM,0.2362676,0.21924101,0.3311349,0.3910469,0.37898722,0.4556627
stampede,P,word2vec_recipe_1_HOM,0.18907383,0.17117813,0.21379514,0.18679592,0.2252385,0.19578485
context,P,word2vec_recipe_1_HOM,0.09334552,0.10165783,0.10994962,0.12177386,0.11879244,0.13518223
birthday,M,word2vec_recipe_1_HOM,0.25782388,0.2517147,0.2919557,0.27560276,0.3076081,0.27818632
pavement,P,word2vec_recipe_1_HOM,0.16044745,0.16804251,0.19140516,0.20766209,0.20407249,0.21913327
unsure,P,word2vec_recipe_1_HOM,0.29411542,0.25652626,0.34110284,0.2740217,0.35824507,0.27240822
monkey,P,word2vec_recipe_1_HOM,0.35617682,0.26747605,0.40979272,0.29054612,0.43037766,0.29790348
brisk,P,word2vec_recipe_1_HOM,0.31351238,0.31435117,0.40852848,0.3751638,0.44605088,0.41019785
clumsy,P,word2vec_recipe_1_HOM,0.08143753,0.0923238,0.10129182,0.12931406,0.11044719,0.1442995
beard,P,word2vec_recipe_1_HOM,0.26358122,0.30713385,0.32044503,0.34611472,0.34923652,0.37096626
frightful,P,word2vec_recipe_1_HOM,0.19747528,0.19800358,0.22917184,0.2066939,0.24028742,0.21981797
sweat,P,word2vec_recipe_1_HOM,0.32830453,0.3698645,0.4287268,0.41893125,0.46001092,0.42002007
stability,M,word2vec_recipe_1_HOM,0.33265296,0.2806368,0.36928594,0.303917,0.38396564,0.3118715
strong,P,word2vec_recipe_1_HOM,0.3036275,0.28932703,0.35415858,0.3098175,0.37272465,0.30738392
singer,P,word2vec_recipe_1_HOM,0.25436532,0.22193056,0.2892757,0.23287421,0.30117264,0.23414692
platter,P,word2vec_recipe_1_HOM,0.354554,0.39786485,0.4587994,0.4738378,0.4915258,0.46836305
horn,P,word2vec_recipe_1_HOM,0.3498338,0.35987365,0.40403938,0.34723634,0.4237623,0.3580675
sting,P,word2vec_recipe_1_HOM,0.28510305,0.20606445,0.33564863,0.27290463,0.35319734,0.2959135
singular,P,word2vec_recipe_1_HOM,0.13410917,0.14305651,0.15542589,0.15902482,0.16417342,0.16759928
health,P,word2vec_recipe_1_HOM,0.27421123,0.28316888,0.32145798,0.30608988,0.33922845,0.30730507
dazzle,P,word2vec_recipe_1_HOM,0.19538005,0.20701905,0.2324165,0.2403273,0.24620266,0.25119916
headache,P,word2vec_recipe_1_HOM,0.10197727,0.119301595,0.11858522,0.13506949,0.12677912,0.14714433
infant,P,word2vec_recipe_1_HOM,0.25062928,0.23732476,0.28567743,0.24588576,0.29783234,0.2537298
kitchen,M,word2vec_recipe_1_HOM,0.29394954,0.29873693,0.37006748,0.3874253,0.40606347,0.41849664
maker,P,word2vec_recipe_1_HOM,0.28956383,0.35027257,0.407411,0.4408323,0.45463455,0.4805512
limit,P,word2vec_recipe_1_HOM,0.27678955,0.23313552,0.31733915,0.23034114,0.33087054,0.2281672
yard,H,word2vec_recipe_1_HOM,0.30067128,0.261116,0.34570828,0.29377377,0.36277398,0.30803072
expense,P,word2vec_recipe_1_HOM,0.16738732,0.14921527,0.18838005,0.15456192,0.19810638,0.16328515
snug,P,word2vec_recipe_1_HOM,0.33120337,0.398056,0.4128719,0.4295921,0.43878272,0.4278868
tacky,H,word2vec_recipe_1_HOM,0.27403402,0.30289897,0.3836237,0.37126592,0.42824638,0.4018726
manipulate,P,word2vec_recipe_1_HOM,0.2892992,0.25483033,0.3274153,0.26463437,0.34344116,0.2806089
branch,P,word2vec_recipe_1_HOM,0.28243837,0.33514592,0.36262348,0.39905712,0.3912377,0.40772304
outright,P,word2vec_recipe_1_HOM,0.13077839,0.12649916,0.15358905,0.15291207,0.16362454,0.16554387
button,P,word2vec_recipe_1_HOM,0.40300098,0.47668147,0.4816701,0.5596012,0.5108635,0.5562216
hesitate,P,word2vec_recipe_1_HOM,0.19476633,0.14750619,0.2225512,0.15995337,0.23700723,0.17241134
jackpot,P,word2vec_recipe_1_HOM,0.09891246,0.12367971,0.14037293,0.17928027,0.15832515,0.19492939
reach,P,word2vec_recipe_1_HOM,0.39034614,0.40818948,0.4756742,0.39800966,0.5022515,0.40840983
workers,P,word2vec_recipe_1_HOM,0.09974919,0.10815811,0.1218966,0.13955183,0.13161454,0.15326038
block,P,word2vec_recipe_1_HOM,0.42951196,0.44674668,0.49148357,0.4414786,0.5090273,0.4449736
cradle,P,word2vec_recipe_1_HOM,0.29204416,0.27935058,0.33645833,0.33840746,0.35319752,0.34112206
peppermint,P,word2vec_recipe_1_HOM,0.28506878,0.33124015,0.3529818,0.38327304,0.38104928,0.40355286
solid,P,word2vec_recipe_1_HOM,0.36313283,0.3626397,0.4179283,0.3828032,0.4398821,0.38560238
clot,P,word2vec_recipe_1_HOM,0.189984,0.18879624,0.22515112,0.21202144,0.23981906,0.22849458
tackle,P,word2vec_recipe_1_HOM,0.20173328,0.15418974,0.2276161,0.17308864,0.23774269,0.17747189
mural,P,word2vec_recipe_1_HOM,0.23217401,0.26035836,0.27005133,0.29149252,0.28241548,0.2896886
bakery,M,word2vec_recipe_1_HOM,0.2723375,0.22957923,0.31194308,0.24887444,0.32696298,0.2626062
dramatic,P,word2vec_recipe_1_HOM,0.2575349,0.26632676,0.3031352,0.293302,0.32162568,0.296398
grasp,P,word2vec_recipe_1_HOM,0.30823398,0.35355857,0.38212487,0.36965746,0.40708354,0.37828407
frog,H,word2vec_recipe_1_HOM,0.38737756,0.44290838,0.4600229,0.46344256,0.48149014,0.4453254
dig,P,word2vec_recipe_1_HOM,0.36993837,0.39377868,0.42740315,0.34369326,0.4464785,0.3271973
destiny,P,word2vec_recipe_1_HOM,0.301081,0.35381767,0.35789615,0.37697494,0.37920815,0.38975656
module,P,word2vec_recipe_1_HOM,0.33769113,0.31870636,0.3816704,0.36052483,0.3990724,0.3779786
conviction,P,word2vec_recipe_1_HOM,0.16409615,0.1688513,0.19033593,0.19395308,0.20144658,0.20480275
tune,P,word2vec_recipe_1_HOM,0.27595496,0.2421587,0.31298602,0.27175844,0.32603663,0.2670915
vision,P,word2vec_recipe_1_HOM,0.14161202,0.1483756,0.16412605,0.17449929,0.17391977,0.18558635
shave,P,word2vec_recipe_1_HOM,0.33571678,0.39781174,0.45281735,0.4854292,0.49090248,0.50003177
scan,P,word2vec_recipe_1_HOM,0.16534561,0.20544967,0.1898492,0.24373008,0.20196193,0.260549
steam,P,word2vec_recipe_1_HOM,0.39390203,0.47630283,0.47941172,0.5105924,0.5050479,0.50555426
reopen,P,word2vec_recipe_1_HOM,0.31701884,0.2793876,0.3632317,0.31537965,0.3832429,0.3395953
keen,H,word2vec_recipe_1_HOM,0.28971654,0.2917714,0.33110526,0.32308215,0.3489177,0.33318296
latter,P,word2vec_recipe_1_HOM,0.2513971,0.1709376,0.28044528,0.17701904,0.29115018,0.18797162
partner,P,word2vec_recipe_1_HOM,0.20185244,0.17917915,0.24492265,0.21860027,0.2637369,0.23957312
cast,P,word2vec_recipe_1_HOM,0.30479035,0.4046239,0.41649488,0.49448818,0.458899,0.50485116
brilliance,P,word2vec_recipe_1_HOM,0.13183758,0.11691312,0.15202276,0.14438574,0.16055562,0.15943305
similar,M,word2vec_recipe_1_HOM,0.37281647,0.48916385,0.44572118,0.46957934,0.4664375,0.45792246
pint,P,word2vec_recipe_1_HOM,0.2616719,0.2770546,0.36561984,0.4068591,0.4126207,0.46162003
countless,M,word2vec_recipe_1_HOM,0.15589666,0.15360755,0.18769279,0.17611293,0.20064598,0.18288589
scramble,P,word2vec_recipe_1_HOM,0.36391845,0.4318815,0.46353576,0.49838585,0.49218705,0.49620733
antique,P,word2vec_recipe_1_HOM,0.218956,0.21442951,0.25096524,0.24872786,0.26355994,0.24989773
global,P,word2vec_recipe_1_HOM,0.11247535,0.12546292,0.12926352,0.14989917,0.1374125,0.16570371
shameless,P,word2vec_recipe_1_HOM,0.18438932,0.17690292,0.2082098,0.20570216,0.21738093,0.2158354
skip,P,word2vec_recipe_1_HOM,0.32338205,0.34722313,0.3830607,0.33075038,0.40090236,0.30083975
generation,P,word2vec_recipe_1_HOM,0.23448825,0.19492981,0.2666356,0.20363215,0.27839872,0.20662878
treat,P,word2vec_recipe_1_HOM,0.28982598,0.33828315,0.33331338,0.34452486,0.3500357,0.33751386
gobble,H,word2vec_recipe_1_HOM,0.28427395,0.26158658,0.33495045,0.26456574,0.3530722,0.26572624
mainstream,P,word2vec_recipe_1_HOM,0.10826294,0.13978378,0.13368054,0.16556814,0.14484973,0.17583817
sane,P,word2vec_recipe_1_HOM,0.13592769,0.14201722,0.15594055,0.1600938,0.16479464,0.16615964
rug,P,word2vec_recipe_1_HOM,0.2221955,0.26386422,0.26220992,0.28355944,0.2795505,0.30029297
paint,P,word2vec_recipe_1_HOM,0.28999427,0.3244835,0.38980043,0.3717543,0.42331773,0.37773922
passionate,P,word2vec_recipe_1_HOM,0.17894128,0.18865074,0.20599693,0.21833049,0.21769077,0.2281057
push,P,word2vec_recipe_1_HOM,0.35244232,0.42966497,0.42828152,0.44247928,0.4515941,0.42852277
liar,M,word2vec_recipe_1_HOM,0.17004885,0.17360947,0.1930695,0.18823573,0.20266055,0.19839475
deadly,P,word2vec_recipe_1_HOM,0.1939058,0.20771962,0.22645079,0.22958642,0.23990837,0.23830386
thorough,P,word2vec_recipe_1_HOM,0.41575465,0.36190948,0.45754638,0.38854122,0.47375882,0.37800798
fetish,P,word2vec_recipe_1_HOM,0.16837019,0.17945379,0.19310494,0.21819457,0.2041299,0.23014048
level,P,word2vec_recipe_1_HOM,0.43313822,0.4319532,0.50382584,0.44956493,0.52594584,0.45251372
offer,P,word2vec_recipe_1_HOM,0.34177905,0.4321544,0.40947643,0.44393024,0.43183517,0.45319214
jerk,H,word2vec_recipe_1_HOM,0.28967986,0.30895856,0.33565673,0.2961929,0.3543557,0.29405499
accurate,P,word2vec_recipe_1_HOM,0.26658154,0.2777788,0.31923866,0.2880744,0.33821777,0.283443
train,P,word2vec_recipe_1_HOM,0.21505246,0.20839459,0.2614367,0.24938124,0.2812531,0.2733458
velocity,P,word2vec_recipe_1_HOM,0.1868751,0.22311692,0.22925825,0.28207505,0.25065368,0.3068567
bulletin,P,word2vec_recipe_1_HOM,0.17761445,0.15811172,0.2043126,0.18304405,0.21565193,0.18757664
nibble,P,word2vec_recipe_1_HOM,0.30842313,0.23228103,0.34814128,0.25403932,0.3635913,0.25684005
bacon,M,word2vec_recipe_1_HOM,0.31056362,0.38415474,0.3979995,0.48038486,0.43145448,0.4715431
cope,H,word2vec_recipe_1_HOM,0.11416566,0.1095591,0.1347777,0.12855643,0.1434556,0.14020818
ballet,P,word2vec_recipe_1_HOM,0.15417704,0.18277073,0.18106146,0.21805933,0.19206692,0.22887097
soak,P,word2vec_recipe_1_HOM,0.3950557,0.47976846,0.48148838,0.48393297,0.5086573,0.46771562
crave,P,word2vec_recipe_1_HOM,0.15238288,0.1430485,0.17579351,0.15192431,0.18563786,0.16291614
revolution,P,word2vec_recipe_1_HOM,0.20465799,0.15905887,0.23347521,0.18083033,0.24579667,0.1865117
steady,P,word2vec_recipe_1_HOM,0.34100002,0.40964615,0.46621174,0.5136485,0.51232225,0.5229836
perfume,P,word2vec_recipe_1_HOM,0.26951104,0.29189178,0.3312635,0.33399484,0.35663033,0.34478033
subsequent,M,word2vec_recipe_1_HOM,0.34526902,0.3324688,0.39291355,0.3394761,0.40887505,0.3281585
subjective,P,word2vec_recipe_1_HOM,0.16029064,0.14263488,0.18726896,0.16281411,0.20029904,0.17250936
patient,P,word2vec_recipe_1_HOM,0.2713278,0.17408888,0.3069537,0.20562755,0.3214756,0.21905349
barefoot,M,word2vec_recipe_1_HOM,0.20484594,0.26849824,0.29330483,0.32448253,0.3211016,0.32747182
stale,P,word2vec_recipe_1_HOM,0.37285733,0.37423646,0.44617516,0.4197395,0.46974936,0.41772124
vortex,P,word2vec_recipe_1_HOM,0.3838702,0.4612153,0.4511641,0.5008666,0.47583067,0.5133087
invade,P,word2vec_recipe_1_HOM,0.108485505,0.11417155,0.12503241,0.13343732,0.13318592,0.14416778
fry,H,word2vec_recipe_1_HOM,0.3379163,0.4399035,0.45385793,0.52497333,0.48755637,0.5238895
fetch,P,word2vec_recipe_1_HOM,0.31517506,0.24038267,0.3489783,0.25859848,0.3618408,0.2672251
stressful,M,word2vec_recipe_1_HOM,0.092550725,0.099046975,0.11087111,0.12523696,0.11995516,0.13896692
fabulous,P,word2vec_recipe_1_HOM,0.18115166,0.2499651,0.2614134,0.33766234,0.29109016,0.36620048
cabin,P,word2vec_recipe_1_HOM,0.2732608,0.24868679,0.31168786,0.28350693,0.32670045,0.2960384
assistant,P,word2vec_recipe_1_HOM,0.2181025,0.21309654,0.25070488,0.22574165,0.26385432,0.23021626
fat,P,word2vec_recipe_1_HOM,0.35564888,0.30512437,0.3956833,0.15327759,0.41092384,0.14949434
contribute,P,word2vec_recipe_1_HOM,0.2259026,0.20315117,0.26806384,0.2511178,0.2865362,0.26062414
execute,P,word2vec_recipe_1_HOM,0.17681545,0.17790043,0.20408557,0.18290783,0.21579833,0.19243082
grub,P,word2vec_recipe_1_HOM,0.17884961,0.19623585,0.20708424,0.2177783,0.22031872,0.22910826
trend,P,word2vec_recipe_1_HOM,0.09135471,0.09669969,0.1136285,0.12537763,0.123174876,0.14185183
exhaust,P,word2vec_recipe_1_HOM,0.30424318,0.30349502,0.3687184,0.38895637,0.39519066,0.40426943
jealous,P,word2vec_recipe_1_HOM,0.1193199,0.11512202,0.14181909,0.13628805,0.15181495,0.14719504
squid,M,word2vec_recipe_1_HOM,0.25427926,0.35019246,0.3585831,0.4413397,0.39548203,0.4630775
fragile,P,word2vec_recipe_1_HOM,0.31037027,0.27235717,0.35467225,0.2524725,0.3713491,0.25548849
conclusive,M,word2vec_recipe_1_HOM,0.11200762,0.101231426,0.13368115,0.13223387,0.14371231,0.1459642
mingle,P,word2vec_recipe_1_HOM,0.27861345,0.35197544,0.41900596,0.47596234,0.45650917,0.4658331
quickie,M,word2vec_recipe_1_HOM,0.18088517,0.12163044,0.22002627,0.1645302,0.23923518,0.18029228
clinic,P,word2vec_recipe_1_HOM,0.121286966,0.1256726,0.14429305,0.15399483,0.1547928,0.16860037
tavern,P,word2vec_recipe_1_HOM,0.2164596,0.17725906,0.244503,0.1922961,0.25833535,0.20699228
hefty,P,word2vec_recipe_1_HOM,0.33372077,0.40100127,0.42214206,0.45018443,0.45273632,0.45668364
aspirin,P,word2vec_recipe_1_HOM,0.23948684,0.22889411,0.26364684,0.23149617,0.27610797,0.24417827
humor,P,word2vec_recipe_1_HOM,0.22779901,0.25255588,0.32562202,0.34157306,0.36449704,0.3299871
ultimate,P,word2vec_recipe_1_HOM,0.23027214,0.2531936,0.26924756,0.26508012,0.28729796,0.26367533
fruity,P,word2vec_recipe_1_HOM,0.29861507,0.34755394,0.34820774,0.36002597,0.36751366,0.3760687
pardon,P,word2vec_recipe_1_HOM,0.14686127,0.16639523,0.16868536,0.19148944,0.17738913,0.20308219
consumer,P,word2vec_recipe_1_HOM,0.16274774,0.1411008,0.18753752,0.15806551,0.19820091,0.17038561
millennium,P,word2vec_recipe_1_HOM,0.19831711,0.1831071,0.22810623,0.20435143,0.23889713,0.21365933
zone,P,word2vec_recipe_1_HOM,0.2972092,0.3007572,0.37733975,0.38084298,0.41574714,0.42690694
appreciate,P,word2vec_recipe_1_HOM,0.1504139,0.13132837,0.17548358,0.15839213,0.18564312,0.16640748
walrus,M,word2vec_recipe_1_HOM,0.15880899,0.14798245,0.18529762,0.18627237,0.19554324,0.19479117
instrument,P,word2vec_recipe_1_HOM,0.2595735,0.3017541,0.31690922,0.3364283,0.33952376,0.35592583
vial,M,word2vec_recipe_1_HOM,0.15754895,0.1600555,0.18250279,0.17746401,0.19309922,0.19197397
microwave,P,word2vec_recipe_1_HOM,0.23026128,0.31738117,0.35766324,0.41692513,0.43198922,0.47668922
mustard,P,word2vec_recipe_1_HOM,0.24724992,0.29261962,0.3290476,0.35864678,0.35985383,0.3738463
camper,P,word2vec_recipe_1_HOM,0.12576857,0.12658828,0.14620537,0.15432608,0.15567677,0.16573937
epic,P,word2vec_recipe_1_HOM,0.1968973,0.18819445,0.22234982,0.21325018,0.23326424,0.21718007
lighthouse,M,word2vec_recipe_1_HOM,0.15115997,0.15811782,0.17532742,0.17177352,0.18521465,0.1843722
agony,P,word2vec_recipe_1_HOM,0.09475567,0.10316347,0.11012877,0.129143,0.11796339,0.13843836
bike,P,word2vec_recipe_1_HOM,0.11313121,0.12192565,0.13519101,0.14745562,0.14531356,0.16173108
administer,P,word2vec_recipe_1_HOM,0.1900845,0.17511272,0.21380277,0.18440473,0.2236903,0.20010129
thrust,P,word2vec_recipe_1_HOM,0.13587417,0.12573816,0.23144743,0.26164645,0.2828419,0.315016
basket,P,word2vec_recipe_1_HOM,0.38545159,0.41606075,0.4721422,0.50970197,0.5014803,0.53146714
capable,P,word2vec_recipe_1_HOM,0.27234766,0.20350777,0.30593774,0.23407969,0.3187998,0.2330736
edible,P,word2vec_recipe_1_HOM,0.30173612,0.30378398,0.3496751,0.33427322,0.37089366,0.3610916
series,P,word2vec_recipe_1_HOM,0.32716513,0.31012142,0.40721446,0.42339522,0.43710992,0.4378334
frenzy,P,word2vec_recipe_1_HOM,0.22934107,0.2136376,0.26059198,0.23038526,0.27260435,0.24085166
backpack,P,word2vec_recipe_1_HOM,0.21820724,0.25099388,0.2554006,0.27869028,0.2693857,0.2841133
fear,P,word2vec_recipe_1_HOM,0.20395473,0.17724359,0.23849241,0.20100199,0.25193554,0.2100523
gift,P,word2vec_recipe_1_HOM,0.31397396,0.34144315,0.3903865,0.35731032,0.41462883,0.36510235
frequency,P,word2vec_recipe_1_HOM,0.30818862,0.3255812,0.3616274,0.35135058,0.3817546,0.36142394
caviar,M,word2vec_recipe_1_HOM,0.34554926,0.41982135,0.42196578,0.45786592,0.45100158,0.4640099
giant,P,word2vec_recipe_1_HOM,0.3230083,0.30839744,0.36767343,0.3530047,0.38300475,0.36229977
timer,P,word2vec_recipe_1_HOM,0.37981853,0.38212758,0.45443967,0.4317101,0.48391762,0.46015987
hobby,H,word2vec_recipe_1_HOM,0.12986535,0.16535097,0.16789526,0.19495708,0.18210295,0.19914979
scrape,P,word2vec_recipe_1_HOM,0.35932073,0.4399903,0.48589933,0.49619785,0.5216911,0.5107615
discretion,P,word2vec_recipe_1_HOM,0.2791907,0.24211536,0.34748885,0.26375836,0.36900535,0.2723115
location,P,word2vec_recipe_1_HOM,0.26760608,0.341347,0.37507182,0.42798898,0.4206964,0.45185736
wolf,P,word2vec_recipe_1_HOM,0.2678942,0.21970846,0.29935148,0.2281982,0.31122386,0.23332846
shred,P,word2vec_recipe_1_HOM,0.34815785,0.42129788,0.45544285,0.4707142,0.48758143,0.45869404
solar,P,word2vec_recipe_1_HOM,0.36281118,0.34434015,0.43551597,0.39145386,0.4596524,0.37883544
rabbi,P,word2vec_recipe_1_HOM,0.09803222,0.093104474,0.11761281,0.12886468,0.12675959,0.14305045
essence,P,word2vec_recipe_1_HOM,0.40216413,0.42644772,0.45225266,0.4170992,0.4702729,0.42507967
dimension,P,word2vec_recipe_1_HOM,0.33113915,0.25960863,0.37173533,0.26969886,0.38646457,0.29129305
homecoming,P,word2vec_recipe_1_HOM,0.14407018,0.14037849,0.16748519,0.1609522,0.17839481,0.1702011
lease,P,word2vec_recipe_1_HOM,0.27317658,0.23981197,0.33205432,0.30147594,0.36421615,0.3366672
nameless,P,word2vec_recipe_1_HOM,0.1034381,0.12696557,0.12494276,0.15592273,0.13460259,0.16756372
evident,M,word2vec_recipe_1_HOM,0.24959783,0.24560079,0.28767964,0.26256546,0.3038521,0.25714278
flashlight,M,word2vec_recipe_1_HOM,0.18299302,0.21884654,0.21582644,0.2498221,0.22884503,0.2641084
diplomat,P,word2vec_recipe_1_HOM,0.25054866,0.24537401,0.2947382,0.32763842,0.31607044,0.35441342
exact,P,word2vec_recipe_1_HOM,0.26507956,0.29101345,0.32085446,0.285471,0.34035447,0.27858943
debate,P,word2vec_recipe_1_HOM,0.13699453,0.11453306,0.15695882,0.144117,0.1656826,0.15350413
pump,H,word2vec_recipe_1_HOM,0.25860664,0.2602505,0.30265343,0.31459403,0.32305187,0.32915688
healthy,P,word2vec_recipe_1_HOM,0.38250315,0.43428543,0.47269988,0.4282037,0.49888226,0.43262208
flank,P,word2vec_recipe_1_HOM,0.22080795,0.27855667,0.32253945,0.3306666,0.3581359,0.32327148
therapy,P,word2vec_recipe_1_HOM,0.17093177,0.16257915,0.19645773,0.18411648,0.20789665,0.19448459
crafty,M,word2vec_recipe_1_HOM,0.16260384,0.13264978,0.18445899,0.15574983,0.19442563,0.1657438
napalm,P,word2vec_recipe_1_HOM,0.14875518,0.13114595,0.16800813,0.15303758,0.17713708,0.15834501
industrial,P,word2vec_recipe_1_HOM,0.22589266,0.17996776,0.25468808,0.20543985,0.2673986,0.21074502
club,P,word2vec_recipe_1_HOM,0.31929883,0.26380283,0.40761498,0.31910884,0.4377586,0.32503936
efficiency,P,word2vec_recipe_1_HOM,0.22504225,0.24103513,0.2695665,0.24966387,0.28794038,0.2565837
racetrack,M,word2vec_recipe_1_HOM,0.14301491,0.15234251,0.17344081,0.18959951,0.18702874,0.2131083
orb,P,word2vec_recipe_1_HOM,0.14353284,0.18166512,0.16702425,0.2079751,0.17715622,0.22274104
girlfriend,P,word2vec_recipe_1_HOM,0.0873469,0.101849146,0.11216828,0.13105154,0.124603175,0.1509703
dispenser,M,word2vec_recipe_1_HOM,0.3217771,0.33848527,0.366848,0.38724434,0.39001694,0.40835243
slant,P,word2vec_recipe_1_HOM,0.275721,0.29422873,0.34133282,0.30361053,0.3650093,0.3075784
conscience,P,word2vec_recipe_1_HOM,0.15719807,0.13380931,0.18317765,0.15866953,0.19524743,0.1707502
immature,P,word2vec_recipe_1_HOM,0.21000889,0.25374085,0.2486053,0.27515966,0.26522836,0.2850106
connect,P,word2vec_recipe_1_HOM,0.25042415,0.24264371,0.29017138,0.28238463,0.3096168,0.31468886
truck,H,word2vec_recipe_1_HOM,0.28796452,0.269799,0.33747697,0.33203277,0.35540608,0.3401617
banana,P,word2vec_recipe_1_HOM,0.31644687,0.34803754,0.37402976,0.3467019,0.39688194,0.3317908
weep,P,word2vec_recipe_1_HOM,0.35889107,0.33529624,0.40382534,0.30745825,0.42321855,0.3028121
goal,P,word2vec_recipe_1_HOM,0.3357088,0.3378434,0.38683376,0.30649677,0.40164214,0.28294325
purpose,P,word2vec_recipe_1_HOM,0.3967396,0.44416758,0.46825463,0.44667363,0.49093574,0.442459
nation,P,word2vec_recipe_1_HOM,0.10688768,0.12012407,0.12676017,0.14301214,0.13626431,0.1594821
proper,P,word2vec_recipe_1_HOM,0.3265353,0.38098785,0.38079795,0.37402844,0.40121287,0.37414667
noon,M,word2vec_recipe_1_HOM,0.27701938,0.3099439,0.3334513,0.35132694,0.35757518,0.34161127
calculate,P,word2vec_recipe_1_HOM,0.32843348,0.3790339,0.37288547,0.37889993,0.39479378,0.3832003
salmon,P,word2vec_recipe_1_HOM,0.22801888,0.2481044,0.3458061,0.36723307,0.3956228,0.39354828
overhead,P,word2vec_recipe_1_HOM,0.22685671,0.26772836,0.27436292,0.31790343,0.2945634,0.32116705
mighty,P,word2vec_recipe_1_HOM,0.2299066,0.23955013,0.27194634,0.2778705,0.29232064,0.2931143
galaxy,P,word2vec_recipe_1_HOM,0.20859316,0.1907803,0.24125679,0.21403189,0.25623474,0.22547121
mirror,P,word2vec_recipe_1_HOM,0.25101185,0.23076645,0.28624788,0.2709582,0.30147392,0.28871894
crowd,P,word2vec_recipe_1_HOM,0.36552817,0.39669845,0.4683525,0.43374196,0.49627784,0.4290937
bullet,P,word2vec_recipe_1_HOM,0.28362125,0.28321722,0.3581247,0.37025133,0.3901713,0.41884717
fishy,P,word2vec_recipe_1_HOM,0.26216274,0.23284312,0.3044454,0.2653432,0.32128456,0.28533563
strike,P,word2vec_recipe_1_HOM,0.2771092,0.2946889,0.33180398,0.3364843,0.35230175,0.34794962
maternal,P,word2vec_recipe_1_HOM,0.0834537,0.10361586,0.10778302,0.13014138,0.119201995,0.14964975
havoc,P,word2vec_recipe_1_HOM,0.114525296,0.13312216,0.13959226,0.15906706,0.14928663,0.17544967
farce,P,word2vec_recipe_1_HOM,0.2939016,0.3050537,0.3319665,0.31974572,0.34627038,0.328004
puck,M,word2vec_recipe_1_HOM,0.29922348,0.33351067,0.3620743,0.37099916,0.38127673,0.36879507
indulge,P,word2vec_recipe_1_HOM,0.25979388,0.23042098,0.2964056,0.23977876,0.311709,0.24497561
lure,P,word2vec_recipe_1_HOM,0.16498081,0.19701637,0.1872258,0.22654395,0.19773811,0.24111775
jet,H,word2vec_recipe_1_HOM,0.322416,0.27382874,0.36878985,0.3256465,0.38670224,0.3446109
buckshot,M,word2vec_recipe_1_HOM,0.18188143,0.20281254,0.2104252,0.21738455,0.22223486,0.23784226
efficient,P,word2vec_recipe_1_HOM,0.25267082,0.21798888,0.28648427,0.20986861,0.29868525,0.20841578
surround,P,word2vec_recipe_1_HOM,0.3648452,0.45690936,0.45263758,0.4935845,0.4831193,0.49875683
rocker,P,word2vec_recipe_1_HOM,0.28224844,0.3406728,0.34715316,0.3979671,0.3717318,0.41228828
topic,P,word2vec_recipe_1_HOM,0.13481742,0.1286095,0.15937777,0.15284972,0.16898459,0.16430432
compulsive,P,word2vec_recipe_1_HOM,0.078690276,0.09072451,0.10049912,0.118873045,0.111447185,0.1314609
sunshine,P,word2vec_recipe_1_HOM,0.30383414,0.25966057,0.3402194,0.29703453,0.3542444,0.291632
subtle,P,word2vec_recipe_1_HOM,0.19251695,0.2361143,0.2522566,0.28908694,0.28415358,0.3069376
geometry,P,word2vec_recipe_1_HOM,0.11906786,0.14791816,0.14497742,0.1716387,0.15495841,0.18051055
excessive,M,word2vec_recipe_1_HOM,0.38877,0.3992468,0.46328846,0.43037993,0.4933774,0.45740548
dine,P,word2vec_recipe_1_HOM,0.20424095,0.1384609,0.2269229,0.16018635,0.2374408,0.16944121
stagecoach,M,word2vec_recipe_1_HOM,0.11791448,0.14327084,0.13598666,0.16030449,0.14456506,0.17371331
antenna,P,word2vec_recipe_1_HOM,0.2014116,0.20176259,0.2491443,0.24425635,0.27222797,0.2779557
elderly,M,word2vec_recipe_1_HOM,0.14820686,0.15974814,0.17968878,0.16549106,0.19213757,0.17173533
talent,P,word2vec_recipe_1_HOM,0.08254888,0.09283121,0.102274224,0.12273368,0.112255536,0.136668
tooth,P,word2vec_recipe_1_HOM,0.38783383,0.44168836,0.48184785,0.5016424,0.51303965,0.51776123
mute,P,word2vec_recipe_1_HOM,0.1490142,0.17170407,0.17774525,0.19933242,0.19232334,0.2104764
prosperity,M,word2vec_recipe_1_HOM,0.14180756,0.17055915,0.16495337,0.19238949,0.17559437,0.20264487
chowder,M,word2vec_recipe_1_HOM,0.31209219,0.36805734,0.40889177,0.40934923,0.4396959,0.38998786
tote,P,word2vec_recipe_1_HOM,0.28263682,0.28537643,0.32712913,0.36119184,0.3484708,0.38609004
starve,P,word2vec_recipe_1_HOM,0.14785278,0.1390535,0.16812855,0.16525756,0.17795086,0.17234124
moth,P,word2vec_recipe_1_HOM,0.19118826,0.19537021,0.21910737,0.21972477,0.22994915,0.23251396
mug,P,word2vec_recipe_1_HOM,0.3121155,0.3859122,0.38499126,0.42787838,0.41413283,0.44013983
panel,P,word2vec_recipe_1_HOM,0.25543398,0.21689679,0.29175016,0.27028075,0.30892432,0.2821459
tender,H,word2vec_recipe_1_HOM,0.28465942,0.30913305,0.38275585,0.3540596,0.41750306,0.3605116
robe,P,word2vec_recipe_1_HOM,0.1892277,0.21519803,0.22777137,0.2608927,0.24372865,0.28723165
expand,P,word2vec_recipe_1_HOM,0.37328264,0.41518167,0.44194835,0.39739734,0.46436286,0.37500736
flame,P,word2vec_recipe_1_HOM,0.3271858,0.40347695,0.41730475,0.46678448,0.44575647,0.46589425
positive,P,word2vec_recipe_1_HOM,0.14246374,0.13155234,0.1654569,0.14798008,0.17446953,0.15707241
hungry,P,word2vec_recipe_1_HOM,0.2960331,0.2604541,0.3547305,0.29658324,0.37448955,0.29208085
imperative,P,word2vec_recipe_1_HOM,0.19204669,0.14749502,0.2224683,0.17448917,0.234627,0.17785956
bank,H,word2vec_recipe_1_HOM,0.29858154,0.29172507,0.37084702,0.3595781,0.41169226,0.40788174
bark,H,word2vec_recipe_1_HOM,0.31060287,0.36440742,0.38502553,0.40878165,0.41721454,0.4297314
harvest,P,word2vec_recipe_1_HOM,0.29194304,0.32158288,0.33738163,0.2977657,0.35388938,0.2919164
powder,P,word2vec_recipe_1_HOM,0.2595199,0.25486606,0.35142532,0.3386228,0.38598642,0.36514848
spur,P,word2vec_recipe_1_HOM,0.17964193,0.19314574,0.2105274,0.22793052,0.22532377,0.24723743
sensation,P,word2vec_recipe_1_HOM,0.36107537,0.34443083,0.41162297,0.3647881,0.4299699,0.36762974
brandy,P,word2vec_recipe_1_HOM,0.19495034,0.2705144,0.3057098,0.3580899,0.34804997,0.38682458
simmer,P,word2vec_recipe_1_HOM,0.30444515,0.30498436,0.37953445,0.3214991,0.41021493,0.3474317
compensate,P,word2vec_recipe_1_HOM,0.33637333,0.29718822,0.38759133,0.33047032,0.4046907,0.3311302
stinky,M,word2vec_recipe_1_HOM,0.17708233,0.16413334,0.20629974,0.18474247,0.21787228,0.1976925
grunt,P,word2vec_recipe_1_HOM,0.24822971,0.21162735,0.2964723,0.2481927,0.31688428,0.27528667
flush,H,word2vec_recipe_1_HOM,0.36635596,0.38594708,0.42115876,0.39674366,0.4425618,0.40820694
pulp,P,word2vec_recipe_1_HOM,0.32882565,0.39533684,0.417495,0.47927457,0.45391265,0.50467575
welfare,P,word2vec_recipe_1_HOM,0.25612634,0.23897237,0.28589165,0.25414407,0.29708925,0.2614613
slumber,P,word2vec_recipe_1_HOM,0.17061214,0.20193413,0.20776325,0.24256353,0.22380918,0.23809034
pedestal,P,word2vec_recipe_1_HOM,0.3497355,0.3604159,0.39770886,0.39378875,0.41952857,0.40852067
stylish,M,word2vec_recipe_1_HOM,0.22766204,0.2492551,0.26438078,0.27598423,0.28005248,0.2832094
pity,P,word2vec_recipe_1_HOM,0.10894809,0.11146781,0.12393997,0.13560696,0.13145852,0.14772998
skilled,P,word2vec_recipe_1_HOM,0.29208016,0.3318141,0.38673526,0.40948227,0.42883345,0.42917442
fulfill,P,word2vec_recipe_1_HOM,0.13717741,0.12815702,0.16038336,0.15189779,0.1707693,0.16388111
skid,P,word2vec_recipe_1_HOM,0.21206112,0.21059151,0.24353474,0.23191753,0.2549053,0.2501616
crocodile,P,word2vec_recipe_1_HOM,0.2770125,0.298073,0.3212194,0.3527125,0.33820257,0.35673475
tenth,P,word2vec_recipe_1_HOM,0.23672874,0.29713258,0.34560862,0.37709513,0.37962618,0.38172448
ingredient,P,word2vec_recipe_1_HOM,0.37314606,0.37324265,0.42696166,0.37053004,0.44509897,0.35634562
toot,P,word2vec_recipe_1_HOM,0.18209383,0.16411668,0.2076856,0.19019504,0.2187537,0.20402665
torpedo,P,word2vec_recipe_1_HOM,0.25388947,0.26686126,0.30777028,0.30909583,0.33204734,0.3281355
draw,P,word2vec_recipe_1_HOM,0.31979135,0.28937846,0.37406823,0.27602953,0.39770925,0.30922523
drill,H,word2vec_recipe_1_HOM,0.29547495,0.2845142,0.3340712,0.29808104,0.34890914,0.31140077
elegance,P,word2vec_recipe_1_HOM,0.27454266,0.24882582,0.31506145,0.27684453,0.33020842,0.29016235
rule,P,word2vec_recipe_1_HOM,0.3261807,0.2887339,0.36685067,0.2854045,0.38200805,0.283468
tornado,M,word2vec_recipe_1_HOM,0.20836008,0.17047241,0.23683494,0.19867474,0.24887532,0.21012017
premium,P,word2vec_recipe_1_HOM,0.33303922,0.31276074,0.3826419,0.36124644,0.4003299,0.3643293
mellow,P,word2vec_recipe_1_HOM,0.30201468,0.35659847,0.37999836,0.38247412,0.4116199,0.3829409
watering,P,word2vec_recipe_1_HOM,0.28810564,0.26481137,0.3273956,0.28108194,0.3423611,0.284105
scratch,P,word2vec_recipe_1_HOM,0.33378187,0.34579873,0.38004348,0.34268704,0.39786384,0.34075752
slow,P,word2vec_recipe_1_HOM,0.30448565,0.30738848,0.42913464,0.456427,0.47621563,0.46683764
custom,P,word2vec_recipe_1_HOM,0.2059044,0.15180805,0.23421422,0.17533612,0.24549015,0.1914635
beach,P,word2vec_recipe_1_HOM,0.3107062,0.27818918,0.35083088,0.28474015,0.36470565,0.2848398
pesky,M,word2vec_recipe_1_HOM,0.20602497,0.18715481,0.239058,0.2387345,0.2553869,0.24840394
kosher,P,word2vec_recipe_1_HOM,0.26922542,0.27751666,0.332811,0.3338594,0.363133,0.35164645
lemon,P,word2vec_recipe_1_HOM,0.27178675,0.3223738,0.34642795,0.3700766,0.37877595,0.38595888
backward,P,word2vec_recipe_1_HOM,0.22619931,0.26283464,0.27282068,0.2832563,0.2924603,0.30257115
redundant,P,word2vec_recipe_1_HOM,0.10398956,0.10253683,0.12173057,0.12710086,0.13066953,0.13689555
groundhog,M,word2vec_recipe_1_HOM,0.23498304,0.17377335,0.26413402,0.1968663,0.2743112,0.20692258
brow,P,word2vec_recipe_1_HOM,0.34680635,0.40136474,0.41030037,0.41903725,0.43556863,0.4433714
flag,H,word2vec_recipe_1_HOM,0.37395397,0.30201378,0.4269003,0.36187387,0.44745645,0.3766725
studio,P,word2vec_recipe_1_HOM,0.12761411,0.12331396,0.14870507,0.15790954,0.15804906,0.16656253
wet,P,word2vec_recipe_1_HOM,0.347218,0.37809741,0.4233465,0.41408852,0.450746,0.4298082
lung,M,word2vec_recipe_1_HOM,0.19524476,0.21344438,0.23146276,0.2632197,0.2447636,0.265734
surface,P,word2vec_recipe_1_HOM,0.26713705,0.22323048,0.35413006,0.28662086,0.39294362,0.29060504
arrive,P,word2vec_recipe_1_HOM,0.32909775,0.3019235,0.39384994,0.3043075,0.41437936,0.29227126
skinny,P,word2vec_recipe_1_HOM,0.34541494,0.39591676,0.39361814,0.37842682,0.41327235,0.37441793
tasty,M,word2vec_recipe_1_HOM,0.32691014,0.34602368,0.40435696,0.38866812,0.43189797,0.38798043
remind,P,word2vec_recipe_1_HOM,0.182053,0.13443045,0.21044025,0.16198936,0.22411293,0.1736779
drool,P,word2vec_recipe_1_HOM,0.19713926,0.14544027,0.22767532,0.173291,0.24097195,0.18556666
swoop,P,word2vec_recipe_1_HOM,0.19872105,0.20716709,0.23010369,0.24821743,0.24482313,0.266225
gas,P,word2vec_recipe_1_HOM,0.3319445,0.3750072,0.40016013,0.42942587,0.43639886,0.46058223
ankle,M,word2vec_recipe_1_HOM,0.12732418,0.1668084,0.1903711,0.26167908,0.21682344,0.28769198
scheme,P,word2vec_recipe_1_HOM,0.18830422,0.21527821,0.2243566,0.22375762,0.23811844,0.23180662
accomplish,P,word2vec_recipe_1_HOM,0.2612446,0.22659126,0.29873687,0.21051846,0.31257018,0.20586008
adapt,P,word2vec_recipe_1_HOM,0.2282342,0.21813919,0.271587,0.23241767,0.28804266,0.22914499
massive,P,word2vec_recipe_1_HOM,0.22006896,0.15139765,0.24433474,0.15406802,0.25546554,0.16291894
proposal,P,word2vec_recipe_1_HOM,0.1305813,0.152218,0.15333296,0.18741094,0.16350597,0.19882217
count,H,word2vec_recipe_1_HOM,0.37664074,0.35282516,0.4357396,0.35159487,0.454152,0.35169077
minus,P,word2vec_recipe_1_HOM,0.3899756,0.47532046,0.45943797,0.50449055,0.48291913,0.49117538
champagne,P,word2vec_recipe_1_HOM,0.22288314,0.26789856,0.29874218,0.30869415,0.32980266,0.32190523
bath,P,word2vec_recipe_1_HOM,0.31361943,0.3614514,0.41750157,0.45489684,0.4583227,0.49062306
glitter,P,word2vec_recipe_1_HOM,0.22776358,0.27145132,0.31638557,0.33813903,0.3506125,0.35146588
soup,P,word2vec_recipe_1_HOM,0.3199006,0.39884531,0.38580903,0.40993384,0.4102494,0.40588945
portable,P,word2vec_recipe_1_HOM,0.40528306,0.41640136,0.47921172,0.4996169,0.50663817,0.5252185
skull,P,word2vec_recipe_1_HOM,0.23456712,0.1881464,0.2793221,0.2558505,0.30118272,0.28386527
garment,P,word2vec_recipe_1_HOM,0.2224997,0.26606557,0.25943086,0.30743882,0.2753214,0.3160528
unorthodox,M,word2vec_recipe_1_HOM,0.14746277,0.13905513,0.16973287,0.15446043,0.17955521,0.16042905
yacht,P,word2vec_recipe_1_HOM,0.15574777,0.15850756,0.1809223,0.18087792,0.19174522,0.199045
jog,H,word2vec_recipe_1_HOM,0.18566756,0.17366286,0.2121039,0.18730046,0.22326829,0.19638254
inspire,P,word2vec_recipe_1_HOM,0.11045134,0.112092234,0.13454463,0.14404246,0.14544234,0.1572061
chin,P,word2vec_recipe_1_HOM,0.27291664,0.2578642,0.3157428,0.28183818,0.33330736,0.29622588
casserole,P,word2vec_recipe_1_HOM,0.29283157,0.3310227,0.36323848,0.31133845,0.3908889,0.33476025
nervous,P,word2vec_recipe_1_HOM,0.17441544,0.14082474,0.20599672,0.16111867,0.2204169,0.16704433
clamp,P,word2vec_recipe_1_HOM,0.35097143,0.36355826,0.41212508,0.41793194,0.4350859,0.42998725
relative,P,word2vec_recipe_1_HOM,0.24732855,0.18006024,0.27245942,0.18649748,0.2819185,0.19341126
batch,P,word2vec_recipe_1_HOM,0.41043034,0.34863693,0.46483153,0.38569972,0.48294044,0.39732084
loyalty,P,word2vec_recipe_1_HOM,0.26156837,0.2578183,0.39218074,0.33820152,0.43210602,0.34109083
brittle,P,word2vec_recipe_1_HOM,0.35925126,0.44679698,0.44257298,0.46973974,0.47184223,0.46056288
junkie,P,word2vec_recipe_1_HOM,0.13213916,0.13677527,0.15233429,0.16948433,0.16206072,0.18265684
click,P,word2vec_recipe_1_HOM,0.27628538,0.2790488,0.3412165,0.3004728,0.36946478,0.30966514
population,P,word2vec_recipe_1_HOM,0.12191284,0.121925585,0.14220683,0.1552864,0.15241301,0.16568583
outline,P,word2vec_recipe_1_HOM,0.2023708,0.18881981,0.24864669,0.25479904,0.27285358,0.28638187
dud,P,word2vec_recipe_1_HOM,0.28595078,0.26312327,0.32903168,0.31040543,0.34467274,0.32774287
peep,H,word2vec_recipe_1_HOM,0.25677547,0.25776097,0.31051394,0.3065515,0.33284622,0.32511032
task,P,word2vec_recipe_1_HOM,0.24913225,0.24762107,0.30150884,0.22634968,0.31747377,0.22332665
coconut,P,word2vec_recipe_1_HOM,0.29818535,0.35917068,0.36775127,0.41011924,0.39334497,0.42493019
guardian,P,word2vec_recipe_1_HOM,0.14059517,0.14498897,0.16277002,0.17279352,0.17243065,0.18691424
runner,P,word2vec_recipe_1_HOM,0.31447315,0.25397038,0.36183858,0.31146383,0.37989342,0.3247802
moody,P,word2vec_recipe_1_HOM,0.11921575,0.12243659,0.13742298,0.14739859,0.14572033,0.1562665
diver,P,word2vec_recipe_1_HOM,0.17306027,0.18162361,0.21710959,0.23863892,0.23557086,0.25379273
constant,P,word2vec_recipe_1_HOM,0.36688688,0.44459084,0.43895522,0.4863549,0.46668595,0.46956757
cowgirl,P,word2vec_recipe_1_HOM,0.17276351,0.1589031,0.1966648,0.18836318,0.20715359,0.19546418
concern,P,word2vec_recipe_1_HOM,0.20217466,0.19072579,0.238763,0.20129877,0.25267202,0.20592715
remove,P,word2vec_recipe_1_HOM,0.33502418,0.3363485,0.42740428,0.36693975,0.45990866,0.37023446
cram,P,word2vec_recipe_1_HOM,0.3782518,0.35292515,0.44345105,0.417709,0.46484992,0.4162079
disclosure,P,word2vec_recipe_1_HOM,0.17749766,0.1341829,0.2065268,0.15982516,0.21840698,0.16763352
prominent,P,word2vec_recipe_1_HOM,0.1667144,0.17407617,0.2035218,0.22650261,0.21950111,0.23810652
shift,P,word2vec_recipe_1_HOM,0.408943,0.3793517,0.47502285,0.4121568,0.49620625,0.41910884
pinch,P,word2vec_recipe_1_HOM,0.40021333,0.4085447,0.47702923,0.4508609,0.5015454,0.47045
adorable,P,word2vec_recipe_1_HOM,0.18184249,0.20508505,0.22640008,0.24855481,0.24384694,0.26662844
zebra,M,word2vec_recipe_1_HOM,0.25992817,0.27361047,0.3058318,0.3031102,0.32581666,0.32640982
tasteful,P,word2vec_recipe_1_HOM,0.20459528,0.21532795,0.23868188,0.24004488,0.2534458,0.2555424
stash,P,word2vec_recipe_1_HOM,0.31017268,0.26568773,0.3633578,0.33705518,0.3871546,0.3563597
bout,P,word2vec_recipe_1_HOM,0.33824703,0.34638733,0.44554314,0.43452793,0.4760413,0.45326185
rage,P,word2vec_recipe_1_HOM,0.16924433,0.15242633,0.19484758,0.1768683,0.20562202,0.19017303
crisp,P,word2vec_recipe_1_HOM,0.33946806,0.44545105,0.45769024,0.50156474,0.4922147,0.50993687
grow,P,word2vec_recipe_1_HOM,0.31478673,0.30783653,0.3654122,0.28247657,0.38161576,0.2857574
lair,P,word2vec_recipe_1_HOM,0.19129232,0.23303227,0.22018741,0.27183414,0.23376746,0.2895823
smudge,P,word2vec_recipe_1_HOM,0.22964327,0.20572841,0.25953308,0.2250634,0.2719122,0.23786059
virtue,P,word2vec_recipe_1_HOM,0.28696325,0.23998474,0.32573348,0.25808507,0.34050843,0.26896104
minimize,P,word2vec_recipe_1_HOM,0.28424308,0.3182557,0.35268012,0.37111062,0.38105887,0.36239246
tremble,P,word2vec_recipe_1_HOM,0.2103961,0.23751587,0.30797818,0.3302929,0.3415613,0.329699
numerous,P,word2vec_recipe_1_HOM,0.30958956,0.31413352,0.3533604,0.29295257,0.3687059,0.28238058
spoil,P,word2vec_recipe_1_HOM,0.24235585,0.22996318,0.2875949,0.24381901,0.30502027,0.24335767
strand,H,word2vec_recipe_1_HOM,0.34224242,0.3236497,0.42096317,0.42454073,0.45111737,0.4153895
shabby,P,word2vec_recipe_1_HOM,0.14902392,0.12809438,0.17546107,0.15228258,0.18789905,0.16289267
notion,P,word2vec_recipe_1_HOM,0.0990177,0.098556384,0.118613586,0.12035672,0.12870675,0.13400096
shady,P,word2vec_recipe_1_HOM,0.2309043,0.24574226,0.27736986,0.26690048,0.29463518,0.27404982
porcelain,P,word2vec_recipe_1_HOM,0.28599048,0.3707982,0.37108952,0.45544052,0.40532544,0.49404156
leak,P,word2vec_recipe_1_HOM,0.34447458,0.41894227,0.41958055,0.3624253,0.44130805,0.33741695
untouched,P,word2vec_recipe_1_HOM,0.38473576,0.3460722,0.4330662,0.32599965,0.45017338,0.34201157
cluck,P,word2vec_recipe_1_HOM,0.1412665,0.14517394,0.16428319,0.1726119,0.17380413,0.18412173
badge,P,word2vec_recipe_1_HOM,0.1433121,0.1577478,0.17336081,0.20417611,0.18514797,0.21866556
rag,H,word2vec_recipe_1_HOM,0.35950416,0.45478553,0.42228916,0.47243056,0.44568047,0.44574654
agency,P,word2vec_recipe_1_HOM,0.13109942,0.1429298,0.15493159,0.16637066,0.16606441,0.18119729
kicker,P,word2vec_recipe_1_HOM,0.20553935,0.22915165,0.23767063,0.24214803,0.24998775,0.25884023
impossible,P,word2vec_recipe_1_HOM,0.38209465,0.37240604,0.44531295,0.3559736,0.4668734,0.35695013
splinter,P,word2vec_recipe_1_HOM,0.23249981,0.22242089,0.26390326,0.2264666,0.27733916,0.23446396
submission,P,word2vec_recipe_1_HOM,0.19140074,0.1525924,0.22362496,0.16825792,0.23626049,0.18224896
brighten,P,word2vec_recipe_1_HOM,0.3175996,0.33590564,0.39612952,0.37221998,0.4255027,0.3762314
character,P,word2vec_recipe_1_HOM,0.25410587,0.27123734,0.3012396,0.30386737,0.3199812,0.30805707
brink,P,word2vec_recipe_1_HOM,0.21618561,0.21138993,0.27569827,0.29331693,0.30352658,0.3178954
conscious,P,word2vec_recipe_1_HOM,0.20186968,0.19600168,0.237398,0.20329002,0.25133312,0.21160576
cello,M,word2vec_recipe_1_HOM,0.20295131,0.23107705,0.25564307,0.3118157,0.2846269,0.3564293
hydrogen,M,word2vec_recipe_1_HOM,0.20915747,0.23126432,0.2792363,0.3113038,0.3066666,0.33912423
device,P,word2vec_recipe_1_HOM,0.33723086,0.3593087,0.396749,0.4086126,0.42097408,0.43878233
seed,P,word2vec_recipe_1_HOM,0.34480852,0.32391357,0.42677104,0.39283785,0.4564046,0.40912792
feature,P,word2vec_recipe_1_HOM,0.23377371,0.22939762,0.28333676,0.24541938,0.30228177,0.24254988
infrared,P,word2vec_recipe_1_HOM,0.1987452,0.2360783,0.26274055,0.32331517,0.28660077,0.3551556
hammock,M,word2vec_recipe_1_HOM,0.17323355,0.20278558,0.20378424,0.23101726,0.21599308,0.23848397
boom,H,word2vec_recipe_1_HOM,0.28850958,0.2670223,0.32627812,0.27788514,0.33987036,0.29077953
dispense,P,word2vec_recipe_1_HOM,0.32223153,0.30006206,0.37723607,0.36548156,0.4009111,0.38656405
sever,P,word2vec_recipe_1_HOM,0.30186975,0.20850311,0.37461394,0.30242822,0.40354592,0.34938705
tier,H,word2vec_recipe_1_HOM,0.32051045,0.31622064,0.38498497,0.3524115,0.40915263,0.3609202
tall,P,word2vec_recipe_1_HOM,0.25779095,0.239007,0.32618317,0.33011815,0.35822678,0.33862305
scrap,H,word2vec_recipe_1_HOM,0.35515934,0.3982684,0.4496555,0.4543191,0.48034468,0.4464539
outer,M,word2vec_recipe_1_HOM,0.302079,0.2854364,0.3756514,0.36506754,0.40827057,0.38925356
journal,P,word2vec_recipe_1_HOM,0.13280289,0.13039197,0.16326167,0.15738547,0.1768189,0.17952715
humble,P,word2vec_recipe_1_HOM,0.19130103,0.19410114,0.22077595,0.1960596,0.233155,0.2068542
collective,P,word2vec_recipe_1_HOM,0.09555584,0.10567644,0.11564007,0.13457173,0.12500449,0.15138574
cater,P,word2vec_recipe_1_HOM,0.14519492,0.14257398,0.16889948,0.15810782,0.17958203,0.16658363
lemonade,M,word2vec_recipe_1_HOM,0.23360693,0.28902334,0.2986989,0.31960255,0.32674935,0.32825303
pathetic,P,word2vec_recipe_1_HOM,0.10671017,0.10903052,0.12667741,0.13105677,0.1371698,0.14234821
mixture,P,word2vec_recipe_1_HOM,0.28883344,0.31979027,0.38281494,0.34128124,0.41137138,0.3471256
jumbo,P,word2vec_recipe_1_HOM,0.40596524,0.4047358,0.48686132,0.4787231,0.5121982,0.5081937
mattress,P,word2vec_recipe_1_HOM,0.12856111,0.13210025,0.14687717,0.14575468,0.15741138,0.15857466
sway,P,word2vec_recipe_1_HOM,0.16251932,0.13910598,0.18844937,0.18577181,0.1992181,0.19163172
adjust,P,word2vec_recipe_1_HOM,0.3343513,0.37455925,0.4376302,0.40957543,0.47276008,0.4127046
hippo,M,word2vec_recipe_1_HOM,0.22151895,0.19233927,0.24972144,0.21624395,0.25955027,0.22147115
pharmacy,P,word2vec_recipe_1_HOM,0.12719981,0.12461086,0.14870676,0.14718385,0.15860789,0.15923208
guilt,P,word2vec_recipe_1_HOM,0.2938857,0.30639544,0.34711358,0.34035307,0.36584404,0.34373534
yellow,P,word2vec_recipe_1_HOM,0.39044443,0.45125398,0.47373363,0.51125586,0.50226206,0.5162919
stretch,P,word2vec_recipe_1_HOM,0.284393,0.3592087,0.35360754,0.36205932,0.37784156,0.3713927
untie,P,word2vec_recipe_1_HOM,0.35841,0.36626214,0.42028192,0.40862906,0.44439864,0.42335293
invention,P,word2vec_recipe_1_HOM,0.12158398,0.10767253,0.14446053,0.13503692,0.15692586,0.15339
sailboat,M,word2vec_recipe_1_HOM,0.2222778,0.24799946,0.2573119,0.27967745,0.2713033,0.29504293
degree,P,word2vec_recipe_1_HOM,0.35654932,0.346325,0.43204278,0.34067643,0.45778838,0.35123926
strange,P,word2vec_recipe_1_HOM,0.19204688,0.18656561,0.23926899,0.2173759,0.25409505,0.22561821
corruption,P,word2vec_recipe_1_HOM,0.14836892,0.12700392,0.17156662,0.1655657,0.18207721,0.17819539
nutty,P,word2vec_recipe_1_HOM,0.35244578,0.42442307,0.4273592,0.48197228,0.45766026,0.5108127
evil,P,word2vec_recipe_1_HOM,0.2104322,0.22192715,0.24208117,0.24159375,0.25417826,0.2516044
grid,P,word2vec_recipe_1_HOM,0.38583958,0.43223098,0.43813267,0.44069415,0.45746768,0.44125473
probable,P,word2vec_recipe_1_HOM,0.08869934,0.10766772,0.10791972,0.12848228,0.11736944,0.14413938
lucid,P,word2vec_recipe_1_HOM,0.2614056,0.24795762,0.2949584,0.2952497,0.30879468,0.304735
cheeky,M,word2vec_recipe_1_HOM,0.15571848,0.17990193,0.18542911,0.20615818,0.19635716,0.21484135
smart,P,word2vec_recipe_1_HOM,0.40108567,0.36375704,0.4501424,0.32914776,0.4670323,0.33893242
despicable,M,word2vec_recipe_1_HOM,0.15956911,0.1678492,0.18186292,0.17260636,0.19210766,0.18759833
olden,M,word2vec_recipe_1_HOM,0.2046309,0.16364975,0.2298779,0.16055201,0.24120753,0.169247
suffice,P,word2vec_recipe_1_HOM,0.3231563,0.19766112,0.3608616,0.21505837,0.37361667,0.2110523
drug,P,word2vec_recipe_1_HOM,0.17165628,0.17145687,0.21957165,0.21475591,0.23882847,0.2294437
personnel,P,word2vec_recipe_1_HOM,0.13150196,0.13603157,0.15492496,0.15153576,0.16471252,0.1620291
scientist,M,word2vec_recipe_1_HOM,0.16493411,0.16393763,0.18905257,0.19138719,0.19992381,0.19957232
triple,P,word2vec_recipe_1_HOM,0.37933415,0.28780547,0.4326309,0.300544,0.4510743,0.3078722
toll,H,word2vec_recipe_1_HOM,0.30608553,0.31017327,0.36933067,0.28566414,0.3896761,0.27754518
soil,H,word2vec_recipe_1_HOM,0.2716438,0.32867348,0.34309405,0.36032948,0.37493682,0.3801892
finesse,P,word2vec_recipe_1_HOM,0.11161766,0.11307937,0.13210306,0.13333634,0.14197923,0.14690378
near,P,word2vec_recipe_1_HOM,0.35804364,0.24367477,0.43630734,0.35487208,0.47040284,0.40578583
manly,M,word2vec_recipe_1_HOM,0.20023796,0.1951114,0.23211338,0.20771699,0.24493837,0.21733151
fling,P,word2vec_recipe_1_HOM,0.32868975,0.2556131,0.37327245,0.30590507,0.39080498,0.32184902
tolerate,P,word2vec_recipe_1_HOM,0.18192577,0.14992082,0.2107685,0.17966011,0.2230378,0.18757202
mechanism,P,word2vec_recipe_1_HOM,0.35193375,0.40571594,0.40734282,0.4211008,0.4293639,0.43730995
likeness,P,word2vec_recipe_1_HOM,0.2777961,0.30309454,0.36845458,0.37253252,0.3939234,0.3724957
magical,P,word2vec_recipe_1_HOM,0.25148162,0.26274407,0.28767702,0.27344945,0.30159238,0.29552287
strip,H,word2vec_recipe_1_HOM,0.29652056,0.34814322,0.3448402,0.33749828,0.36637214,0.34098038
squeeze,P,word2vec_recipe_1_HOM,0.35068417,0.3988415,0.46202278,0.44892812,0.49129027,0.45706573
gap,P,word2vec_recipe_1_HOM,0.31782442,0.38814345,0.38568917,0.36778465,0.40580726,0.35816598
tiny,M,word2vec_recipe_1_HOM,0.34230953,0.39700675,0.41927615,0.40280157,0.44571048,0.41642797
hockey,P,word2vec_recipe_1_HOM,0.23318379,0.28167474,0.28498334,0.29232135,0.30493248,0.30631825
label,P,word2vec_recipe_1_HOM,0.3585344,0.36979598,0.45378837,0.50018567,0.48936176,0.5136202
deserve,P,word2vec_recipe_1_HOM,0.15252212,0.14885223,0.17455345,0.15974048,0.18499526,0.17187373
prior,H,word2vec_recipe_1_HOM,0.3886177,0.33611912,0.4825512,0.4112139,0.50764894,0.41960108
salesman,M,word2vec_recipe_1_HOM,0.23612075,0.22464393,0.2712996,0.22957827,0.2839576,0.23937744
uncover,P,word2vec_recipe_1_HOM,0.37913567,0.3324866,0.4477152,0.3558986,0.4686589,0.3799228
flood,P,word2vec_recipe_1_HOM,0.26951775,0.232093,0.32339546,0.289412,0.34865162,0.3219479
design,P,word2vec_recipe_1_HOM,0.23757192,0.30709285,0.3048247,0.3163275,0.33056977,0.32587138
pottery,P,word2vec_recipe_1_HOM,0.29351783,0.36746117,0.3752569,0.45029366,0.4090588,0.48319444
lace,P,word2vec_recipe_1_HOM,0.34459212,0.29629043,0.39018294,0.3532672,0.4072728,0.3542608
bathtub,M,word2vec_recipe_1_HOM,0.31732017,0.28948933,0.36516717,0.30881456,0.38371852,0.3252562
plot,H,word2vec_recipe_1_HOM,0.14780836,0.15968393,0.17266987,0.18058008,0.18391035,0.18670279
benefit,P,word2vec_recipe_1_HOM,0.2548753,0.23127067,0.297861,0.23865908,0.31205598,0.24246226
curtain,P,word2vec_recipe_1_HOM,0.21842694,0.2514092,0.2582387,0.3000343,0.27545863,0.30730405
chair,P,word2vec_recipe_1_HOM,0.2361969,0.26328248,0.28289193,0.31123698,0.3053392,0.32202044
skillet,M,word2vec_recipe_1_HOM,0.30624306,0.39104095,0.39913818,0.3869885,0.43835405,0.41200927
barber,P,word2vec_recipe_1_HOM,0.2272917,0.2773292,0.2749724,0.3258569,0.29410875,0.3451681
glory,P,word2vec_recipe_1_HOM,0.30510652,0.2657273,0.35715476,0.27347308,0.37775666,0.29538032
proprietor,P,word2vec_recipe_1_HOM,0.09853367,0.11488022,0.1191471,0.14854118,0.12891667,0.16407672
input,P,word2vec_recipe_1_HOM,0.16912617,0.13511665,0.19015892,0.15389606,0.19998612,0.16289514
pure,P,word2vec_recipe_1_HOM,0.32527643,0.34312287,0.37835205,0.39334577,0.40035325,0.41841856
imitation,P,word2vec_recipe_1_HOM,0.3724864,0.40451035,0.4461734,0.4372605,0.4682879,0.4308035
adjacent,M,word2vec_recipe_1_HOM,0.29961216,0.2798807,0.3565465,0.3150073,0.37852463,0.3298947
mutant,M,word2vec_recipe_1_HOM,0.15569322,0.14850894,0.18351328,0.17785266,0.19425468,0.18533657
cable,P,word2vec_recipe_1_HOM,0.20877817,0.24733324,0.24969488,0.27164838,0.2656601,0.28343666
virtual,M,word2vec_recipe_1_HOM,0.092578724,0.11926361,0.11201611,0.14243606,0.12127286,0.1597773
basement,M,word2vec_recipe_1_HOM,0.18906312,0.26048616,0.25166655,0.2874472,0.27352485,0.29663932
keeper,P,word2vec_recipe_1_HOM,0.3213794,0.34328124,0.38066864,0.3774434,0.4041617,0.39071617
timely,P,word2vec_recipe_1_HOM,0.15566114,0.123474404,0.1753592,0.14282115,0.18469155,0.15740527
correct,P,word2vec_recipe_1_HOM,0.30933994,0.3413861,0.37444115,0.36286932,0.4025469,0.38138086
failure,P,word2vec_recipe_1_HOM,0.17222594,0.14448443,0.19721235,0.16674477,0.20872144,0.17697898
dress,P,word2vec_recipe_1_HOM,0.2995821,0.29406342,0.3582612,0.348808,0.3854821,0.37359324
thinker,P,word2vec_recipe_1_HOM,0.17448065,0.18199398,0.20174693,0.20235835,0.2138945,0.21820891
observe,P,word2vec_recipe_1_HOM,0.25703806,0.23419674,0.2915815,0.2562199,0.30611324,0.25875372
muffin,M,word2vec_recipe_1_HOM,0.21840298,0.25131056,0.33413944,0.34044302,0.3966804,0.42698476
trunk,P,word2vec_recipe_1_HOM,0.24572489,0.23565468,0.30081677,0.28127447,0.32387698,0.30867973
sixth,P,word2vec_recipe_1_HOM,0.3333057,0.4105775,0.42940265,0.44176182,0.45669258,0.42946777
creamy,P,word2vec_recipe_1_HOM,0.34353784,0.402547,0.43497124,0.4865415,0.46685597,0.50086784
glue,P,word2vec_recipe_1_HOM,0.2599369,0.18868656,0.3037082,0.24946728,0.32473198,0.2872617
itchy,P,word2vec_recipe_1_HOM,0.118276514,0.14044617,0.14826933,0.1781645,0.16316858,0.19167665
trick,P,word2vec_recipe_1_HOM,0.24128619,0.19505686,0.27165687,0.18736199,0.28361923,0.18866846
tummy,M,word2vec_recipe_1_HOM,0.24394521,0.21785204,0.2796501,0.24456237,0.2950495,0.25291342
hug,P,word2vec_recipe_1_HOM,0.27457076,0.2775899,0.32343772,0.31407928,0.34163055,0.32360172
midget,P,word2vec_recipe_1_HOM,0.3405614,0.29918334,0.4067336,0.3837639,0.4329369,0.4230789
guarantee,P,word2vec_recipe_1_HOM,0.17955874,0.13980804,0.20260184,0.1524166,0.21250309,0.16362995
legal,P,word2vec_recipe_1_HOM,0.17609192,0.16616622,0.197376,0.19050649,0.20698144,0.19710667
honeymoon,P,word2vec_recipe_1_HOM,0.12290537,0.13213399,0.14680444,0.15255113,0.15635133,0.1653847
technique,P,word2vec_recipe_1_HOM,0.26535457,0.26324457,0.30225068,0.24699248,0.31451857,0.2374751
wander,P,word2vec_recipe_1_HOM,0.1328035,0.13687938,0.1589703,0.14744553,0.17123747,0.15840597
fragment,P,word2vec_recipe_1_HOM,0.20278907,0.23588601,0.24096194,0.28994069,0.25697798,0.30565128
pasta,P,word2vec_recipe_1_HOM,0.1467965,0.19079895,0.27180392,0.34676307,0.32470816,0.3699889
rugged,P,word2vec_recipe_1_HOM,0.20696405,0.17956658,0.2448079,0.21622749,0.25700834,0.2238875
rim,P,word2vec_recipe_1_HOM,0.33926526,0.42400348,0.43035334,0.4370021,0.45881107,0.452358
lowly,P,word2vec_recipe_1_HOM,0.20473297,0.20553356,0.23362894,0.21750164,0.24580507,0.22644956
livery,P,word2vec_recipe_1_HOM,0.18658094,0.22667345,0.22524418,0.27380678,0.24002609,0.2872707
salami,M,word2vec_recipe_1_HOM,0.21018012,0.25520524,0.3208209,0.3704323,0.359678,0.4045228
occur,P,word2vec_recipe_1_HOM,0.29907665,0.31025735,0.34515616,0.30487412,0.36385795,0.31281486
aquarium,P,word2vec_recipe_1_HOM,0.24038228,0.22884989,0.2906381,0.28907114,0.31230286,0.31114495
snap,P,word2vec_recipe_1_HOM,0.37746882,0.40083894,0.4636668,0.45312905,0.49533585,0.4630599
bony,P,word2vec_recipe_1_HOM,0.22358187,0.20516717,0.28384227,0.31079516,0.316893,0.34929678
spiral,P,word2vec_recipe_1_HOM,0.28992382,0.325539,0.35382366,0.38181564,0.37732014,0.3824241
nanny,M,word2vec_recipe_1_HOM,0.15439124,0.17455225,0.18450518,0.21209958,0.19775459,0.22633047
holder,P,word2vec_recipe_1_HOM,0.4003603,0.4240172,0.45518968,0.46991515,0.47873387,0.477198
guidance,P,word2vec_recipe_1_HOM,0.26639256,0.2805657,0.3238739,0.3248083,0.34644544,0.33888587
severe,P,word2vec_recipe_1_HOM,0.26083747,0.17590061,0.29060203,0.19316813,0.30387035,0.20697774
burn,P,word2vec_recipe_1_HOM,0.29003355,0.35620952,0.3707786,0.35994798,0.398972,0.36780587
season,P,word2vec_recipe_1_HOM,0.23025826,0.22243515,0.29429018,0.2665697,0.32294205,0.28303996
jingle,P,word2vec_recipe_1_HOM,0.23133874,0.20890857,0.26446933,0.23632978,0.27675855,0.23594014
flap,P,word2vec_recipe_1_HOM,0.26695272,0.28074372,0.31669196,0.3520589,0.34374923,0.36549842
clever,P,word2vec_recipe_1_HOM,0.20576146,0.18450268,0.22927018,0.18513665,0.23919037,0.18885824
complexion,P,word2vec_recipe_1_HOM,0.18743052,0.17727414,0.21576962,0.20136602,0.22863361,0.20785533
travel,P,word2vec_recipe_1_HOM,0.27046177,0.29490373,0.3238138,0.3416022,0.3405845,0.3241019
silver,P,word2vec_recipe_1_HOM,0.42396274,0.38514167,0.48612106,0.44760767,0.50742203,0.45514178
brilliant,P,word2vec_recipe_1_HOM,0.24336848,0.27048406,0.3035083,0.30865744,0.3247027,0.31359532
passenger,P,word2vec_recipe_1_HOM,0.151089,0.16995777,0.18512033,0.2154494,0.20350638,0.24620603
ignition,P,word2vec_recipe_1_HOM,0.16713007,0.17853627,0.19689858,0.2015294,0.20761615,0.21464683
apartment,M,word2vec_recipe_1_HOM,0.13917983,0.1288641,0.16084772,0.14775972,0.17096017,0.15714541
prospect,P,word2vec_recipe_1_HOM,0.110489964,0.11875956,0.12939234,0.1404147,0.13904905,0.15820913
geisha,M,word2vec_recipe_1_HOM,0.15722595,0.17240101,0.1823877,0.20195328,0.1943318,0.2254882
basketball,P,word2vec_recipe_1_HOM,0.18780494,0.18744698,0.22406839,0.2305666,0.23973294,0.2550838
silence,P,word2vec_recipe_1_HOM,0.11033621,0.111399956,0.130171,0.13721156,0.1391425,0.14963733
bother,P,word2vec_recipe_1_HOM,0.30000526,0.3153633,0.35321286,0.2828941,0.37206382,0.26896736
goldfish,M,word2vec_recipe_1_HOM,0.2842504,0.3108362,0.35909894,0.4332912,0.39185214,0.45491007
timetable,M,word2vec_recipe_1_HOM,0.20371088,0.2228183,0.24749982,0.24955611,0.2645228,0.25507382
trip,P,word2vec_recipe_1_HOM,0.244916,0.18291253,0.2769451,0.20883296,0.2891399,0.21826735
likely,P,word2vec_recipe_1_HOM,0.26581204,0.2800916,0.31170315,0.23741376,0.3270516,0.23214561
celestial,P,word2vec_recipe_1_HOM,0.23676884,0.23049088,0.27303728,0.2329135,0.28618294,0.23223762
intuition,P,word2vec_recipe_1_HOM,0.12422137,0.10784613,0.14774273,0.14004229,0.15775384,0.14914204
wand,P,word2vec_recipe_1_HOM,0.28405732,0.27476984,0.36931396,0.38531494,0.4089312,0.4512411
housewife,M,word2vec_recipe_1_HOM,0.11833867,0.13869758,0.14234383,0.1550877,0.15239516,0.16766335
beep,P,word2vec_recipe_1_HOM,0.32896695,0.33060452,0.44766274,0.4298206,0.4925585,0.4629046
rinse,P,word2vec_recipe_1_HOM,0.3261415,0.41966572,0.4235779,0.45629624,0.4530066,0.450694
outward,P,word2vec_recipe_1_HOM,0.27761063,0.31739548,0.35906753,0.36890742,0.38687804,0.37479395
radiator,P,word2vec_recipe_1_HOM,0.20883703,0.23148815,0.25468037,0.25149107,0.27050948,0.25256065
hill,P,word2vec_recipe_1_HOM,0.22960255,0.26089758,0.26879582,0.2673105,0.2851861,0.26953888
kettle,P,word2vec_recipe_1_HOM,0.3029733,0.3695747,0.410935,0.4273407,0.44828546,0.44119745
hula,M,word2vec_recipe_1_HOM,0.212851,0.22133788,0.24430913,0.24170893,0.25598326,0.24809526
pouch,P,word2vec_recipe_1_HOM,0.36078256,0.4114389,0.4502329,0.4569956,0.47775924,0.4527871
admire,P,word2vec_recipe_1_HOM,0.26055932,0.2548315,0.3034209,0.24739017,0.32001227,0.2505957
joyous,M,word2vec_recipe_1_HOM,0.1324471,0.15049635,0.15592057,0.18289888,0.16740042,0.19876565
helpful,M,word2vec_recipe_1_HOM,0.29438424,0.26189715,0.33398637,0.24092431,0.34853095,0.23280266
bronze,P,word2vec_recipe_1_HOM,0.27244544,0.3081658,0.33011845,0.36418325,0.35641646,0.3818809
recite,P,word2vec_recipe_1_HOM,0.13693956,0.12136206,0.15706319,0.14087926,0.16559313,0.15283367
elastic,P,word2vec_recipe_1_HOM,0.2801218,0.30652705,0.42967716,0.4459552,0.4819471,0.47052798
dreary,P,word2vec_recipe_1_HOM,0.16978815,0.20801228,0.20457895,0.21171555,0.21707141,0.21509641
garage,P,word2vec_recipe_1_HOM,0.22707677,0.2519926,0.28570113,0.2859363,0.30529258,0.27396932
chamber,P,word2vec_recipe_1_HOM,0.37869468,0.37082714,0.43458623,0.44487464,0.4599761,0.46694487
electronic,P,word2vec_recipe_1_HOM,0.29691094,0.34750956,0.35860884,0.4322474,0.3871687,0.45569405
trace,H,word2vec_recipe_1_HOM,0.36865276,0.35652527,0.4291078,0.41683602,0.44609097,0.40063056
doorbell,M,word2vec_recipe_1_HOM,0.22117834,0.22864346,0.28190035,0.2573183,0.3006777,0.26707432
scale,H,word2vec_recipe_1_HOM,0.37538856,0.42592788,0.43293515,0.39450276,0.45138794,0.38380012
solution,P,word2vec_recipe_1_HOM,0.32814413,0.39435104,0.3943306,0.4455802,0.4247882,0.45853248
public,P,word2vec_recipe_1_HOM,0.111003816,0.10717442,0.13083825,0.13949057,0.14121813,0.15688717
column,P,word2vec_recipe_1_HOM,0.27281874,0.26188928,0.31736386,0.3118418,0.333331,0.31458
battery,P,word2vec_recipe_1_HOM,0.26892078,0.24335164,0.3099052,0.27787098,0.3251603,0.29254824
laboratory,P,word2vec_recipe_1_HOM,0.09076722,0.1092062,0.110942386,0.13794872,0.11996756,0.15279295
crop,P,word2vec_recipe_1_HOM,0.27613407,0.19437161,0.3143475,0.22767559,0.32766107,0.22528929
devotion,P,word2vec_recipe_1_HOM,0.40016755,0.4559208,0.4754308,0.47162372,0.49796173,0.47097245
regional,P,word2vec_recipe_1_HOM,0.19727439,0.18327147,0.22562161,0.2017659,0.2372514,0.2053084
parcel,P,word2vec_recipe_1_HOM,0.31742665,0.3577138,0.39143357,0.39732292,0.42164758,0.4119209
seal,H,word2vec_recipe_1_HOM,0.33061174,0.4000788,0.40251637,0.44076285,0.43656713,0.4600922
insulin,P,word2vec_recipe_1_HOM,0.094076514,0.11923304,0.12417865,0.15303214,0.13824247,0.16923787
split,P,word2vec_recipe_1_HOM,0.42233333,0.46916333,0.51067746,0.5042124,0.5368638,0.47714365
overload,P,word2vec_recipe_1_HOM,0.36425596,0.3221487,0.4133163,0.36687896,0.43066323,0.35698217
eyebrow,P,word2vec_recipe_1_HOM,0.13691902,0.16460548,0.17203343,0.21577527,0.19468659,0.2467967
magic,P,word2vec_recipe_1_HOM,0.3415373,0.27238578,0.379362,0.29957548,0.39372703,0.3047642
keyhole,M,word2vec_recipe_1_HOM,0.16159269,0.189301,0.19375338,0.22638403,0.20742908,0.24194029
dispose,P,word2vec_recipe_1_HOM,0.33261555,0.30762553,0.38732558,0.34529004,0.41001773,0.37177324
jelly,P,word2vec_recipe_1_HOM,0.41062656,0.46922743,0.4873522,0.48825112,0.5145713,0.49398878
legend,P,word2vec_recipe_1_HOM,0.16853835,0.15734048,0.19451617,0.17104916,0.20694692,0.18370384
sideways,P,word2vec_recipe_1_HOM,0.29825872,0.29621336,0.34682143,0.3102251,0.36436465,0.3208104
werewolf,M,word2vec_recipe_1_HOM,0.15379727,0.18947406,0.18735124,0.21616518,0.20039958,0.22329517
clash,P,word2vec_recipe_1_HOM,0.121909775,0.13845478,0.14651996,0.1732444,0.15731822,0.18476328
boiler,P,word2vec_recipe_1_HOM,0.3410473,0.37453103,0.45771983,0.43200776,0.49701485,0.4436585
slime,P,word2vec_recipe_1_HOM,0.34878987,0.3186525,0.4005724,0.3829794,0.42116868,0.4015948
recognize,P,word2vec_recipe_1_HOM,0.19928972,0.17554256,0.22648354,0.19565862,0.23891005,0.20236248
nude,P,word2vec_recipe_1_HOM,0.20211506,0.21150985,0.23203039,0.23750572,0.24444194,0.24769764
insulation,P,word2vec_recipe_1_HOM,0.27475682,0.26818752,0.31458628,0.3022641,0.33047584,0.3126473
overlook,P,word2vec_recipe_1_HOM,0.08867676,0.10192854,0.10871467,0.12861045,0.11889395,0.13902791
straw,P,word2vec_recipe_1_HOM,0.36807042,0.44802988,0.43718365,0.44466442,0.46173045,0.4510368
culture,P,word2vec_recipe_1_HOM,0.29295182,0.34184438,0.3732503,0.39652532,0.40171164,0.39434004
search,P,word2vec_recipe_1_HOM,0.20409155,0.16660504,0.236404,0.20651741,0.24851683,0.20833139
consider,P,word2vec_recipe_1_HOM,0.284213,0.31339705,0.33293816,0.29527792,0.3479306,0.2719036
cosmetic,P,word2vec_recipe_1_HOM,0.1054111,0.117341615,0.12345732,0.13469367,0.13192308,0.14140263
poetic,P,word2vec_recipe_1_HOM,0.09031348,0.10424247,0.10833696,0.13105993,0.11750864,0.14470842
furious,P,word2vec_recipe_1_HOM,0.26439056,0.27485368,0.3216543,0.31393793,0.34113747,0.33225843
amuse,P,word2vec_recipe_1_HOM,0.19413346,0.1832874,0.22288738,0.21561968,0.23403783,0.22094123
stimulate,P,word2vec_recipe_1_HOM,0.13591537,0.1459875,0.15775977,0.16680731,0.16865043,0.17739001
battleship,M,word2vec_recipe_1_HOM,0.15158673,0.17767961,0.19800824,0.26689205,0.21743992,0.2886833
odor,P,word2vec_recipe_1_HOM,0.28088623,0.2816459,0.3273449,0.29599634,0.34635967,0.30556
visual,P,word2vec_recipe_1_HOM,0.25659996,0.26227403,0.2960015,0.26529023,0.31036603,0.25724602
beak,P,word2vec_recipe_1_HOM,0.21966544,0.24870647,0.2939386,0.31058526,0.32607347,0.33759838
infamous,P,word2vec_recipe_1_HOM,0.14944802,0.15430789,0.17341074,0.17290871,0.1833389,0.17729555
bleach,P,word2vec_recipe_1_HOM,0.20741448,0.2564308,0.2810291,0.34634393,0.31163272,0.36113924
kerosene,M,word2vec_recipe_1_HOM,0.46311617,0.49686253,0.52782965,0.5147244,0.5488127,0.52960217
spark,P,word2vec_recipe_1_HOM,0.18259408,0.18406573,0.21043994,0.20243311,0.22275357,0.21130481
consensus,P,word2vec_recipe_1_HOM,0.08147474,0.09494505,0.098935455,0.118571445,0.107128896,0.13252158
apart,P,word2vec_recipe_1_HOM,0.35536376,0.29261586,0.43679705,0.36030605,0.46732506,0.38580307
diet,H,word2vec_recipe_1_HOM,0.3196714,0.34816647,0.3747959,0.36527857,0.39281952,0.3586266
scoot,P,word2vec_recipe_1_HOM,0.350145,0.32536614,0.39843422,0.342389,0.4186698,0.36033598
bouncy,P,word2vec_recipe_1_HOM,0.27275792,0.31264588,0.3324382,0.33951464,0.35796782,0.35162526
invest,P,word2vec_recipe_1_HOM,0.19449528,0.15906525,0.22587843,0.17392083,0.23861988,0.17910923
tease,P,word2vec_recipe_1_HOM,0.2760396,0.2698487,0.320028,0.3007739,0.33833408,0.31580856
lean,H,word2vec_recipe_1_HOM,0.3637715,0.3528568,0.43778184,0.41094908,0.458009,0.38469034
stab,P,word2vec_recipe_1_HOM,0.3012967,0.33235076,0.4110821,0.461806,0.45004848,0.50082177
spooky,M,word2vec_recipe_1_HOM,0.22688773,0.25024098,0.28196096,0.28004503,0.3064532,0.30693084
unborn,P,word2vec_recipe_1_HOM,0.154278,0.14228469,0.17806078,0.16425833,0.18746823,0.17971985
review,P,word2vec_recipe_1_HOM,0.2527941,0.20962475,0.29107818,0.23020782,0.30570292,0.2330401
lantern,P,word2vec_recipe_1_HOM,0.25427306,0.24387605,0.29864624,0.27234367,0.31531274,0.2864207
cuff,H,word2vec_recipe_1_HOM,0.2139759,0.23905091,0.24970059,0.2756479,0.26772794,0.29331234
rural,P,word2vec_recipe_1_HOM,0.11834584,0.12103402,0.13951851,0.15037563,0.15026133,0.16493034
weave,P,word2vec_recipe_1_HOM,0.32335776,0.34607482,0.38000152,0.33413076,0.40232658,0.34284303
soda,P,word2vec_recipe_1_HOM,0.30246356,0.32630843,0.36763036,0.34978807,0.39900738,0.37326798
heavy,P,word2vec_recipe_1_HOM,0.34026045,0.37665424,0.43368885,0.45529306,0.46737495,0.48134542
port,H,word2vec_recipe_1_HOM,0.2303339,0.33498687,0.34151036,0.4532898,0.3862706,0.46913135
shack,M,word2vec_recipe_1_HOM,0.25789562,0.20451213,0.29661697,0.23347092,0.31133378,0.23978877
final,P,word2vec_recipe_1_HOM,0.37831503,0.45311216,0.43583947,0.40287355,0.45752522,0.3837863
compass,P,word2vec_recipe_1_HOM,0.18760547,0.1844553,0.22391911,0.24196662,0.23983419,0.27180645
downward,P,word2vec_recipe_1_HOM,0.26808864,0.29280677,0.32494536,0.33412018,0.34716412,0.34553424
hull,H,word2vec_recipe_1_HOM,0.32668072,0.38585925,0.4095517,0.45316532,0.44285443,0.46491548
patch,P,word2vec_recipe_1_HOM,0.42626348,0.40900257,0.4941113,0.43716377,0.5139534,0.44511166
depart,P,word2vec_recipe_1_HOM,0.14948139,0.15576534,0.17423874,0.17553951,0.18491733,0.18567358
peaceful,P,word2vec_recipe_1_HOM,0.1317832,0.12397769,0.15502618,0.15305369,0.16393423,0.16277431
stud,H,word2vec_recipe_1_HOM,0.41024977,0.40477368,0.4746565,0.4425351,0.49608657,0.45664093
warmth,P,word2vec_recipe_1_HOM,0.34155965,0.33906418,0.39375362,0.33951542,0.41449562,0.33206576
grad,M,word2vec_recipe_1_HOM,0.19669545,0.16252334,0.2224917,0.18556628,0.2334426,0.19921112
circuit,P,word2vec_recipe_1_HOM,0.12727852,0.12885328,0.14880395,0.1431661,0.15810196,0.15690422
colonial,P,word2vec_recipe_1_HOM,0.17871232,0.14926645,0.20783871,0.17996049,0.22159638,0.18609656
customer,P,word2vec_recipe_1_HOM,0.089974895,0.09424322,0.10831055,0.12095778,0.117935754,0.13828133
store,P,word2vec_recipe_1_HOM,0.3168469,0.36507988,0.44246227,0.43822676,0.4840556,0.46038565
socket,P,word2vec_recipe_1_HOM,0.27087718,0.23676918,0.33383137,0.31218624,0.3597406,0.34409043
song,P,word2vec_recipe_1_HOM,0.17734165,0.18603502,0.20825872,0.20007166,0.22088574,0.20724194
glow,P,word2vec_recipe_1_HOM,0.39237514,0.46252555,0.4568833,0.49501088,0.4796103,0.50337625
descend,P,word2vec_recipe_1_HOM,0.14336717,0.15430388,0.16558218,0.16647011,0.17619434,0.18097343
rocket,H,word2vec_recipe_1_HOM,0.26819083,0.3029092,0.34920785,0.40820792,0.3802896,0.41655406
spray,H,word2vec_recipe_1_HOM,0.22285362,0.26775077,0.33914036,0.33540517,0.38931605,0.38772348
dawn,P,word2vec_recipe_1_HOM,0.21871516,0.20320503,0.2534544,0.21456172,0.2667858,0.21915142
entry,P,word2vec_recipe_1_HOM,0.23136091,0.181833,0.2556675,0.18794093,0.26655445,0.20304401
snuggle,P,word2vec_recipe_1_HOM,0.29693416,0.28295434,0.34162906,0.3461804,0.35848382,0.35477847
removal,P,word2vec_recipe_1_HOM,0.402842,0.37941223,0.46282604,0.42881933,0.48305282,0.43594423
fierce,P,word2vec_recipe_1_HOM,0.2895134,0.3202259,0.3432925,0.3741269,0.36114922,0.39305067
mushroom,P,word2vec_recipe_1_HOM,0.30012617,0.3581916,0.3889577,0.43069467,0.41808718,0.43035156
lug,H,word2vec_recipe_1_HOM,0.25015554,0.30957574,0.36497706,0.40188378,0.4006491,0.4367456
debris,P,word2vec_recipe_1_HOM,0.25774446,0.32323897,0.34913006,0.40343308,0.38888022,0.43818536
commercial,P,word2vec_recipe_1_HOM,0.2887547,0.3307862,0.34556115,0.36539912,0.36592674,0.3614887
scary,M,word2vec_recipe_1_HOM,0.23014931,0.25136694,0.27333105,0.27965,0.28896162,0.2859899
boardwalk,M,word2vec_recipe_1_HOM,0.16285963,0.14709964,0.18377279,0.17018954,0.19275394,0.17874315
skin,P,word2vec_recipe_1_HOM,0.33446467,0.4401062,0.39781818,0.4225216,0.4255341,0.43581674
unfinished,P,word2vec_recipe_1_HOM,0.18860142,0.17856598,0.21564263,0.20134534,0.22676067,0.20942383
medication,P,word2vec_recipe_1_HOM,0.118299365,0.12602535,0.13908215,0.15219,0.14957395,0.16597357
stepped,P,word2vec_recipe_1_HOM,0.113046564,0.11009298,0.13344331,0.13166326,0.14247657,0.14594276
affair,P,word2vec_recipe_1_HOM,0.17833254,0.13463826,0.20305768,0.15238772,0.21420743,0.16612558
sticky,P,word2vec_recipe_1_HOM,0.2960034,0.31888038,0.38991225,0.3798476,0.42974526,0.4012723
wipe,P,word2vec_recipe_1_HOM,0.40482172,0.4618792,0.46753204,0.48272225,0.4935461,0.49556327
barbarian,P,word2vec_recipe_1_HOM,0.16158938,0.18710418,0.18453369,0.21159902,0.19472383,0.22676204
beauty,P,word2vec_recipe_1_HOM,0.2316798,0.19811982,0.26988202,0.22442447,0.28285798,0.22929211
crybaby,M,word2vec_recipe_1_HOM,0.089237444,0.11865997,0.117145054,0.14648817,0.13400954,0.16754338
variation,P,word2vec_recipe_1_HOM,0.26479793,0.34017274,0.36726356,0.4236692,0.39612678,0.43183252
freezer,M,word2vec_recipe_1_HOM,0.28719229,0.36784378,0.3875018,0.41467386,0.42571446,0.44024098
abroad,P,word2vec_recipe_1_HOM,0.13965598,0.14957948,0.17091246,0.17739873,0.18247074,0.19176431
pork,P,word2vec_recipe_1_HOM,0.24380632,0.33036754,0.33737892,0.3963374,0.3690568,0.3683161
dioxide,M,word2vec_recipe_1_HOM,0.2014912,0.25609502,0.2579297,0.28474343,0.28180423,0.29147655
glide,P,word2vec_recipe_1_HOM,0.24133825,0.28761235,0.28987893,0.29923248,0.31203172,0.3229174
extend,P,word2vec_recipe_1_HOM,0.3362153,0.3862096,0.4314462,0.40134916,0.45925927,0.39942497
energy,P,word2vec_recipe_1_HOM,0.33720717,0.3236159,0.39378652,0.36358216,0.41478184,0.3789344
sport,P,word2vec_recipe_1_HOM,0.26800483,0.29347676,0.33168972,0.36062172,0.3556143,0.3846785
cheer,P,word2vec_recipe_1_HOM,0.23401423,0.23874404,0.27862376,0.28319016,0.2959617,0.29910675
confirm,P,word2vec_recipe_1_HOM,0.21693392,0.22417732,0.2725237,0.25924453,0.29081765,0.26532936
desire,P,word2vec_recipe_1_HOM,0.26063728,0.3187096,0.34801728,0.3247272,0.37729827,0.32421792
conceal,P,word2vec_recipe_1_HOM,0.1698493,0.19702666,0.2097007,0.24368025,0.22915457,0.26799923
shadow,P,word2vec_recipe_1_HOM,0.27813882,0.25251895,0.3123554,0.27759686,0.32533008,0.2952942
jump,P,word2vec_recipe_1_HOM,0.31178835,0.34885868,0.365929,0.3870082,0.3864786,0.3734667
standby,P,word2vec_recipe_1_HOM,0.27274567,0.21237586,0.30481327,0.22939615,0.3157128,0.23593779
carcass,P,word2vec_recipe_1_HOM,0.2796517,0.36689603,0.36437508,0.43878666,0.4023191,0.46563965
loud,P,word2vec_recipe_1_HOM,0.18841846,0.20783058,0.23187289,0.22363433,0.24768515,0.22643588
napkin,P,word2vec_recipe_1_HOM,0.27459693,0.30232182,0.3662329,0.40610316,0.40571108,0.43886504
fridge,M,word2vec_recipe_1_HOM,0.24974188,0.29875207,0.3874034,0.41010118,0.430457,0.420263
ambush,P,word2vec_recipe_1_HOM,0.14109544,0.15864773,0.16230507,0.18312691,0.17135203,0.19112879
sublime,P,word2vec_recipe_1_HOM,0.23151723,0.2611907,0.2751528,0.30337796,0.29361656,0.31530944
kindness,P,word2vec_recipe_1_HOM,0.24367031,0.2629112,0.40424797,0.38241556,0.46204445,0.40929532
ginger,P,word2vec_recipe_1_HOM,0.29430503,0.33878213,0.36389428,0.36588854,0.39216208,0.3965977
curious,P,word2vec_recipe_1_HOM,0.13698378,0.12288989,0.158006,0.14471431,0.16724834,0.15544741
boyfriend,P,word2vec_recipe_1_HOM,0.1657337,0.15200995,0.19821398,0.17767088,0.21223427,0.19231446
install,P,word2vec_recipe_1_HOM,0.27104282,0.31000686,0.33925372,0.41046205,0.36950958,0.45316043
saline,P,word2vec_recipe_1_HOM,0.2506712,0.29601073,0.2978818,0.31774458,0.3167908,0.3261855
jolly,P,word2vec_recipe_1_HOM,0.2580184,0.2247962,0.30400166,0.2982137,0.32215008,0.30647045
stick,H,word2vec_recipe_1_HOM,0.4415966,0.42368183,0.51354605,0.47292095,0.53739214,0.47875258
ledge,P,word2vec_recipe_1_HOM,0.21550997,0.20688248,0.25645226,0.2546104,0.27443534,0.27664736
explorer,P,word2vec_recipe_1_HOM,0.14975455,0.15620285,0.1731145,0.19219539,0.18280476,0.2044444
disrupt,P,word2vec_recipe_1_HOM,0.2392271,0.24040926,0.28154668,0.23587227,0.29949054,0.25042617
spoon,P,word2vec_recipe_1_HOM,0.39590898,0.46475503,0.47191384,0.42408764,0.49540627,0.42694315
useful,M,word2vec_recipe_1_HOM,0.28172037,0.32096505,0.3306821,0.28570977,0.3475406,0.27724618
recipe,P,word2vec_recipe_1_HOM,0.28276715,0.32024926,0.33007815,0.32565293,0.3490945,0.33753896
gratitude,M,word2vec_recipe_1_HOM,0.17324737,0.16483396,0.20623247,0.18836445,0.218087,0.1948882
culinary,M,word2vec_recipe_1_HOM,0.30702844,0.2438553,0.3479436,0.22720142,0.3630941,0.23870772
pursuit,P,word2vec_recipe_1_HOM,0.09338571,0.10362465,0.110855535,0.12530565,0.120549716,0.14397858
culprit,M,word2vec_recipe_1_HOM,0.13697417,0.13701253,0.15524548,0.14807391,0.16411495,0.15716782
legendary,M,word2vec_recipe_1_HOM,0.14825988,0.16136526,0.17445841,0.18986626,0.18554401,0.20821416
litter,P,word2vec_recipe_1_HOM,0.27102634,0.22756916,0.31829515,0.2718787,0.3380752,0.2990156
jam,H,word2vec_recipe_1_HOM,0.30394116,0.3646432,0.39106646,0.4522826,0.42375717,0.4650875
endurance,P,word2vec_recipe_1_HOM,0.14720616,0.12583894,0.1681142,0.15817901,0.17748065,0.16326308
canine,P,word2vec_recipe_1_HOM,0.16235867,0.15931919,0.19148001,0.17894275,0.20290193,0.19690558
bartender,M,word2vec_recipe_1_HOM,0.11203389,0.11370752,0.13047695,0.14212017,0.1397374,0.15782742
prestige,P,word2vec_recipe_1_HOM,0.114934705,0.100715876,0.1396301,0.14851387,0.15246662,0.17088398
feedback,P,word2vec_recipe_1_HOM,0.1114583,0.10655739,0.13323216,0.13234517,0.14295548,0.14581904
backyard,M,word2vec_recipe_1_HOM,0.23637643,0.26766154,0.2789545,0.29784864,0.29493663,0.29922023
luncheon,M,word2vec_recipe_1_HOM,0.3445546,0.34572262,0.41384345,0.39579794,0.4412801,0.40035215
cologne,M,word2vec_recipe_1_HOM,0.17065635,0.16127425,0.19453879,0.18919322,0.20613022,0.20537136
tool,P,word2vec_recipe_1_HOM,0.28626123,0.3291478,0.36137557,0.37010154,0.38624588,0.38011378
conjure,P,word2vec_recipe_1_HOM,0.0936226,0.10776796,0.111885846,0.13039076,0.12142937,0.1452154
dependable,M,word2vec_recipe_1_HOM,0.3171771,0.31153357,0.36492392,0.3323,0.38324556,0.33222637
stink,P,word2vec_recipe_1_HOM,0.16827008,0.14194678,0.19024329,0.16657458,0.19972438,0.16852811
goddess,P,word2vec_recipe_1_HOM,0.29732364,0.26383424,0.3504699,0.30190557,0.37046546,0.3054167
gender,P,word2vec_recipe_1_HOM,0.20764157,0.2027808,0.23626132,0.23055759,0.2476994,0.24550864
spare,P,word2vec_recipe_1_HOM,0.3224175,0.32298493,0.3951217,0.3536805,0.4206115,0.34988344
impatient,P,word2vec_recipe_1_HOM,0.23854144,0.15194412,0.2700382,0.16990206,0.2845708,0.18391253
cock,H,word2vec_recipe_1_HOM,0.26666293,0.18499619,0.30590636,0.20872612,0.3187633,0.2134542
vital,P,word2vec_recipe_1_HOM,0.29883376,0.33669773,0.36221406,0.41095048,0.38767368,0.4117151
toothbrush,M,word2vec_recipe_1_HOM,0.21743815,0.26888025,0.27785885,0.32724226,0.30382317,0.34625885
booster,P,word2vec_recipe_1_HOM,0.28528264,0.24833256,0.3279543,0.26661703,0.34463674,0.2783138
dull,P,word2vec_recipe_1_HOM,0.4184659,0.42301956,0.47307986,0.44674486,0.49320075,0.45622686
pod,H,word2vec_recipe_1_HOM,0.34905437,0.42148578,0.45857304,0.51442254,0.4915672,0.53041756
thrill,P,word2vec_recipe_1_HOM,0.1427316,0.13734189,0.16324225,0.15265326,0.17254643,0.16112468
patriotic,M,word2vec_recipe_1_HOM,0.22801495,0.22602047,0.2679139,0.27128154,0.28646168,0.28207397
asbestos,P,word2vec_recipe_1_HOM,0.24618208,0.18960974,0.28161335,0.22217704,0.29542089,0.23621783
charge,P,word2vec_recipe_1_HOM,0.22600698,0.25463662,0.3477113,0.3645813,0.38379288,0.3939427
lullaby,P,word2vec_recipe_1_HOM,0.12233448,0.14562984,0.14280859,0.17775586,0.15319191,0.19070694
gruesome,M,word2vec_recipe_1_HOM,0.12311439,0.11988217,0.14225036,0.13484755,0.15122224,0.14693584
puke,P,word2vec_recipe_1_HOM,0.08777781,0.09771143,0.10250196,0.11830581,0.11109789,0.13301478
razor,P,word2vec_recipe_1_HOM,0.3614995,0.37154007,0.45039868,0.44420746,0.48122185,0.48324165
wall,P,word2vec_recipe_1_HOM,0.3087934,0.30842042,0.36059153,0.33734217,0.37914085,0.34440088
rowboat,M,word2vec_recipe_1_HOM,0.17641713,0.18534954,0.2058703,0.22284414,0.21695028,0.23317598
apparatus,P,word2vec_recipe_1_HOM,0.2570757,0.2697638,0.30205572,0.31819046,0.32053676,0.3169513
guitar,P,word2vec_recipe_1_HOM,0.17374726,0.16857456,0.20835651,0.22008811,0.22556137,0.24985035
wealth,P,word2vec_recipe_1_HOM,0.13027006,0.1356064,0.1511853,0.15792117,0.16048817,0.17274061
chip,H,word2vec_recipe_1_HOM,0.25723523,0.1842056,0.3063873,0.2128268,0.3266588,0.23247504
cocoa,P,word2vec_recipe_1_HOM,0.29459947,0.39637446,0.35192245,0.40985644,0.3772355,0.41231352
vote,P,word2vec_recipe_1_HOM,0.103397444,0.10942009,0.121131785,0.1313466,0.12943712,0.14452936
abandon,P,word2vec_recipe_1_HOM,0.17133033,0.12058559,0.19767672,0.15045244,0.2092063,0.16126856
overnight,P,word2vec_recipe_1_HOM,0.30869836,0.3721391,0.4040392,0.4073835,0.44703957,0.4368993
urban,P,word2vec_recipe_1_HOM,0.14455135,0.13514319,0.16918245,0.16862944,0.17897949,0.17868644
sorrow,P,word2vec_recipe_1_HOM,0.29661435,0.2843924,0.39384624,0.3389985,0.4274299,0.32809296
enlist,P,word2vec_recipe_1_HOM,0.12628487,0.11790835,0.15155572,0.14395598,0.16327065,0.1579553
stress,P,word2vec_recipe_1_HOM,0.2459102,0.16989383,0.27552912,0.16837147,0.28674018,0.18811636
runny,P,word2vec_recipe_1_HOM,0.28040054,0.2793031,0.34198895,0.31740037,0.36751336,0.32996038
pine,H,word2vec_recipe_1_HOM,0.30982545,0.38162202,0.3840343,0.43826455,0.41538915,0.45041576
covert,P,word2vec_recipe_1_HOM,0.2087282,0.2214878,0.24084654,0.25913778,0.25392586,0.27362403
knockout,P,word2vec_recipe_1_HOM,0.19443285,0.20422465,0.2230128,0.24107598,0.23435089,0.2475604
sunset,P,word2vec_recipe_1_HOM,0.28238362,0.2575763,0.32169932,0.27215648,0.33811906,0.29194763
salty,P,word2vec_recipe_1_HOM,0.30824926,0.26432207,0.35832348,0.2834207,0.37696588,0.2854
renowned,M,word2vec_recipe_1_HOM,0.1130956,0.12971878,0.13750602,0.1552271,0.14837101,0.16846102
hazard,P,word2vec_recipe_1_HOM,0.1589714,0.16359787,0.19169708,0.17633481,0.20378353,0.18095842
vertical,P,word2vec_recipe_1_HOM,0.23198538,0.29428717,0.29005066,0.3229053,0.31332234,0.33964872
glimpse,P,word2vec_recipe_1_HOM,0.11531544,0.12173391,0.13081935,0.13673021,0.13833167,0.14407712
membrane,P,word2vec_recipe_1_HOM,0.27834025,0.33125454,0.36331904,0.38470107,0.3945991,0.39833587
structural,P,word2vec_recipe_1_HOM,0.18253173,0.17893921,0.21553051,0.20376457,0.22920167,0.2103974
foam,P,word2vec_recipe_1_HOM,0.3425626,0.43405727,0.42733288,0.46219063,0.45845422,0.46638662
sensor,M,word2vec_recipe_1_HOM,0.14714302,0.16416994,0.17052145,0.18429318,0.18110992,0.18615633
temporary,P,word2vec_recipe_1_HOM,0.14514782,0.1308629,0.16657872,0.14547653,0.17535034,0.15514548
preacher,M,word2vec_recipe_1_HOM,0.17440152,0.16024624,0.20676489,0.18918341,0.22161774,0.19557923
blush,P,word2vec_recipe_1_HOM,0.31834283,0.33453503,0.3724601,0.39122626,0.39251935,0.38393486
mend,P,word2vec_recipe_1_HOM,0.20963793,0.21992913,0.24642746,0.24437988,0.26211274,0.25931275
kick,P,word2vec_recipe_1_HOM,0.30019587,0.372397,0.36270443,0.3690607,0.3827985,0.36163765
tough,P,word2vec_recipe_1_HOM,0.30142015,0.30871537,0.39894912,0.36651212,0.4386602,0.41465825
local,P,word2vec_recipe_1_HOM,0.23624174,0.28761947,0.2998763,0.3218835,0.3272469,0.32197672
spy,P,word2vec_recipe_1_HOM,0.19086234,0.22651984,0.23755728,0.22886582,0.25486872,0.2342564
moist,P,word2vec_recipe_1_HOM,0.38831195,0.39788148,0.45393145,0.42175752,0.48255128,0.44185644
coat,P,word2vec_recipe_1_HOM,0.4008976,0.37938473,0.46666077,0.4076183,0.48946097,0.41226083
penicillin,M,word2vec_recipe_1_HOM,0.17457594,0.15217741,0.20216937,0.18055019,0.21452317,0.19766057
broom,P,word2vec_recipe_1_HOM,0.25412002,0.2794997,0.30179015,0.27709243,0.32400635,0.2972687
scar,P,word2vec_recipe_1_HOM,0.1816572,0.19998954,0.2180763,0.26080352,0.2346038,0.28182688
surgical,P,word2vec_recipe_1_HOM,0.17863533,0.24204247,0.22834146,0.25379512,0.24633946,0.25806135
alcoholic,P,word2vec_recipe_1_HOM,0.22849178,0.20902447,0.27291334,0.24813657,0.2934469,0.26824763
britches,M,word2vec_recipe_1_HOM,0.19948313,0.21051058,0.22948521,0.22492607,0.24130413,0.23609649
execution,P,word2vec_recipe_1_HOM,0.08063903,0.089514315,0.09699536,0.11737133,0.10520754,0.13074629
pound,H,word2vec_recipe_1_HOM,0.43077213,0.45402512,0.5107682,0.48339257,0.5359595,0.45756865
tobacco,P,word2vec_recipe_1_HOM,0.29371795,0.31254047,0.35264337,0.3827748,0.3753418,0.41367558
unicorn,M,word2vec_recipe_1_HOM,0.15671274,0.18205133,0.19872208,0.2541407,0.2202663,0.2827398
tidy,P,word2vec_recipe_1_HOM,0.24545082,0.22784132,0.29096118,0.28074765,0.31106412,0.30339885
metallic,P,word2vec_recipe_1_HOM,0.38352326,0.4328518,0.45179555,0.45524526,0.47243622,0.4416666
appeal,P,word2vec_recipe_1_HOM,0.24784009,0.25763318,0.28907874,0.26286176,0.3069093,0.2740049
assurance,P,word2vec_recipe_1_HOM,0.29575506,0.2828519,0.3479799,0.32146645,0.36588508,0.33450633
declare,P,word2vec_recipe_1_HOM,0.09086034,0.09546897,0.10388968,0.1215385,0.1114257,0.13376929
wild,P,word2vec_recipe_1_HOM,0.31980854,0.36286694,0.3768792,0.3638405,0.39895877,0.37776124
detect,P,word2vec_recipe_1_HOM,0.1971505,0.19770534,0.22657229,0.21554282,0.24062057,0.22917672
popcorn,P,word2vec_recipe_1_HOM,0.32270557,0.36985776,0.4473652,0.45049766,0.48545635,0.45746997
chicken,P,word2vec_recipe_1_HOM,0.25995657,0.35024333,0.36888003,0.4535995,0.40929428,0.44207305
cloud,P,word2vec_recipe_1_HOM,0.35032988,0.2901794,0.39671838,0.34098175,0.4139343,0.32717815
saucer,M,word2vec_recipe_1_HOM,0.4000887,0.39045334,0.46653107,0.43469706,0.4920237,0.4613418
notch,P,word2vec_recipe_1_HOM,0.37784785,0.35926408,0.4288329,0.3535427,0.44752938,0.35972202
nipple,P,word2vec_recipe_1_HOM,0.17754403,0.1966527,0.20818765,0.24066098,0.2213296,0.2501496
reborn,P,word2vec_recipe_1_HOM,0.13983305,0.1689883,0.16344507,0.19564573,0.17422703,0.20524654
immigrant,P,word2vec_recipe_1_HOM,0.13974933,0.14714159,0.15908301,0.17116335,0.16737603,0.17809813
madness,P,word2vec_recipe_1_HOM,0.21054497,0.20253173,0.2457885,0.23395671,0.2596174,0.23889898
plate,P,word2vec_recipe_1_HOM,0.34883314,0.3773796,0.45709515,0.42482343,0.4875985,0.43441185
silly,P,word2vec_recipe_1_HOM,0.21404615,0.2022682,0.2432261,0.20638357,0.25607404,0.21414863
tumble,P,word2vec_recipe_1_HOM,0.4049514,0.48072717,0.47085136,0.50582665,0.49586707,0.5060579
raisin,M,word2vec_recipe_1_HOM,0.26053953,0.34428567,0.3340395,0.3253401,0.36030623,0.3204611
customary,P,word2vec_recipe_1_HOM,0.20290151,0.15965948,0.23079151,0.17308433,0.24123771,0.17610961
trumpet,P,word2vec_recipe_1_HOM,0.26771343,0.30441472,0.33962852,0.39140102,0.37176567,0.40424892
squirrel,P,word2vec_recipe_1_HOM,0.31113774,0.390335,0.39768142,0.44400683,0.4308731,0.448313
suspend,P,word2vec_recipe_1_HOM,0.349403,0.3642134,0.41916287,0.42957577,0.448481,0.45252943
exchange,P,word2vec_recipe_1_HOM,0.29082045,0.24608995,0.38185695,0.20300971,0.40465793,0.17485127
flavor,P,word2vec_recipe_1_HOM,0.22541484,0.2371491,0.28405663,0.28579453,0.310839,0.29663688
glass,P,word2vec_recipe_1_HOM,0.27679455,0.26301953,0.35654807,0.36552778,0.38705558,0.37601775
bunch,P,word2vec_recipe_1_HOM,0.33721885,0.38553685,0.40609798,0.4306867,0.43309402,0.44451073
inspect,P,word2vec_recipe_1_HOM,0.37047005,0.43672907,0.42909962,0.44835338,0.4525247,0.46194696
bum,P,word2vec_recipe_1_HOM,0.23388377,0.2292745,0.30159816,0.32824105,0.32985002,0.35819393
large,P,word2vec_recipe_1_HOM,0.28622088,0.39241168,0.41777423,0.48293403,0.4604119,0.48714447
variety,P,word2vec_recipe_1_HOM,0.26062137,0.34936392,0.33261082,0.379395,0.35756293,0.36913678
meantime,P,word2vec_recipe_1_HOM,0.43668073,0.44249055,0.5075221,0.4549926,0.5279279,0.44941914
princess,P,word2vec_recipe_1_HOM,0.22024515,0.22887477,0.25289586,0.24932277,0.26462734,0.24834871
suitable,M,word2vec_recipe_1_HOM,0.4002807,0.43952477,0.45952424,0.45105952,0.4791733,0.45338312
default,P,word2vec_recipe_1_HOM,0.17259917,0.16237976,0.20123626,0.1933456,0.21387197,0.19922553
shield,P,word2vec_recipe_1_HOM,0.36476535,0.41367584,0.45108062,0.41519952,0.47976914,0.43338734
propose,P,word2vec_recipe_1_HOM,0.10188297,0.102352105,0.11920577,0.13228449,0.12733471,0.14361914
rod,P,word2vec_recipe_1_HOM,0.32306156,0.32473642,0.3849855,0.34728166,0.40798458,0.37046483
gutter,P,word2vec_recipe_1_HOM,0.14249583,0.17699863,0.16569778,0.20529312,0.17700978,0.21987864
grapefruit,P,word2vec_recipe_1_HOM,0.21776858,0.28394428,0.31100827,0.38461405,0.3496035,0.39817756
chaos,P,word2vec_recipe_1_HOM,0.12941588,0.13147579,0.15029182,0.14989069,0.15930423,0.1591629
bus,H,word2vec_recipe_1_HOM,0.17946436,0.20311758,0.22272967,0.2545978,0.23853621,0.26928997
scooter,P,word2vec_recipe_1_HOM,0.17952529,0.18997353,0.209635,0.22208914,0.22120258,0.23874012
rink,P,word2vec_recipe_1_HOM,0.16570859,0.17537694,0.20472206,0.24008684,0.2242564,0.26006424
round,P,word2vec_recipe_1_HOM,0.28318477,0.29429212,0.3282426,0.3067431,0.34801632,0.3083355
hamper,H,word2vec_recipe_1_HOM,0.16754696,0.17454617,0.193402,0.17893174,0.20301579,0.19404328
pressure,P,word2vec_recipe_1_HOM,0.31673265,0.37107682,0.41621482,0.4378953,0.46391922,0.48641798
wacky,M,word2vec_recipe_1_HOM,0.21901718,0.16702023,0.2725549,0.2090367,0.29190487,0.21314856
allow,P,word2vec_recipe_1_HOM,0.38436034,0.42923546,0.4713708,0.36855596,0.49562493,0.36126167
withhold,P,word2vec_recipe_1_HOM,0.23549207,0.23302186,0.27090812,0.27723175,0.28449565,0.28574428
colony,P,word2vec_recipe_1_HOM,0.13088802,0.13543583,0.1506528,0.15555945,0.15989308,0.16647486
squeak,P,word2vec_recipe_1_HOM,0.38282168,0.41627502,0.43237492,0.40887663,0.4501687,0.389598
halfway,P,word2vec_recipe_1_HOM,0.40568691,0.42324546,0.5060936,0.45741445,0.5323014,0.44605088
forward,P,word2vec_recipe_1_HOM,0.3127054,0.32996446,0.3729793,0.3655795,0.39628905,0.37668163
assess,P,word2vec_recipe_1_HOM,0.23427825,0.19641285,0.26857346,0.23941548,0.28294936,0.24931572
metal,P,word2vec_recipe_1_HOM,0.40984207,0.46140826,0.4644852,0.5053379,0.48815712,0.5145547
drummer,P,word2vec_recipe_1_HOM,0.16910845,0.20035636,0.19626303,0.24649312,0.20635319,0.26112783
strategy,P,word2vec_recipe_1_HOM,0.10252962,0.102864735,0.12017658,0.12963359,0.12775856,0.13935807
hippie,M,word2vec_recipe_1_HOM,0.16537516,0.15158114,0.19196291,0.18658301,0.2008749,0.19528203
farewell,P,word2vec_recipe_1_HOM,0.12806861,0.13637024,0.14662294,0.16202971,0.15566334,0.1738033
fly,H,word2vec_recipe_1_HOM,0.3572591,0.39938152,0.4151963,0.37028033,0.4335666,0.35694063
scroll,P,word2vec_recipe_1_HOM,0.20875815,0.19850731,0.24264501,0.24518865,0.26025665,0.26826248
bowl,H,word2vec_recipe_1_HOM,0.41491875,0.4236184,0.49603453,0.47947583,0.5227155,0.47194707
lounge,P,word2vec_recipe_1_HOM,0.16524129,0.19225429,0.19289863,0.20537454,0.2039227,0.22028942
meatball,P,word2vec_recipe_1_HOM,0.3559869,0.4190921,0.4283015,0.464506,0.45421386,0.46728414
emperor,M,word2vec_recipe_1_HOM,0.13699464,0.16179214,0.19666463,0.24773853,0.22486986,0.28288302
sketch,P,word2vec_recipe_1_HOM,0.16312255,0.18995567,0.19881971,0.23748577,0.21334417,0.25713715
network,P,word2vec_recipe_1_HOM,0.3107491,0.35954875,0.43131295,0.37302762,0.4631921,0.33967733
throttle,P,word2vec_recipe_1_HOM,0.20330496,0.21193999,0.23212418,0.21184099,0.24311562,0.21200588
pregnancy,M,word2vec_recipe_1_HOM,0.15821023,0.18174763,0.19088282,0.2061792,0.20423052,0.21772622
breed,P,word2vec_recipe_1_HOM,0.16503656,0.17089774,0.18656382,0.1804032,0.19651534,0.187709
flexible,P,word2vec_recipe_1_HOM,0.36327505,0.34484893,0.43374085,0.4030858,0.4570089,0.40833536
pillar,P,word2vec_recipe_1_HOM,0.23071876,0.22004311,0.25807622,0.25707987,0.26914772,0.26534128
continuous,M,word2vec_recipe_1_HOM,0.36594644,0.42851943,0.4442759,0.47984308,0.4723922,0.46818578
barn,M,word2vec_recipe_1_HOM,0.24979612,0.21251579,0.291675,0.25298065,0.31362116,0.28511825
dinnertime,M,word2vec_recipe_1_HOM,0.3127368,0.3042101,0.36499923,0.30500853,0.3821086,0.30955714
latch,P,word2vec_recipe_1_HOM,0.2589874,0.32245618,0.3381138,0.373172,0.36675972,0.39865348
bride,H,word2vec_recipe_1_HOM,0.21781842,0.21551336,0.24637337,0.22627637,0.25847226,0.23149072
announce,P,word2vec_recipe_1_HOM,0.13746345,0.13130547,0.15600777,0.14968808,0.16507412,0.15837124
appear,P,word2vec_recipe_1_HOM,0.3949325,0.45834878,0.463963,0.45408115,0.4903292,0.4611952
complete,P,word2vec_recipe_1_HOM,0.34585944,0.30921137,0.41570163,0.3442936,0.43830612,0.357549
delightful,M,word2vec_recipe_1_HOM,0.20461583,0.25917283,0.28315124,0.35085553,0.31686106,0.375618
coronary,P,word2vec_recipe_1_HOM,0.12557986,0.12795368,0.14636327,0.16448459,0.15531592,0.17676547
epiphany,P,word2vec_recipe_1_HOM,0.11326158,0.122154236,0.13588247,0.15166721,0.14588875,0.16596565
accordion,P,word2vec_recipe_1_HOM,0.28686786,0.2786106,0.35341072,0.32064068,0.3771415,0.34770033
plaque,P,word2vec_recipe_1_HOM,0.2122964,0.21675938,0.25598902,0.26084554,0.27550483,0.2797231
replica,P,word2vec_recipe_1_HOM,0.13312574,0.1307032,0.15357286,0.16318698,0.16276449,0.17463994
cowboy,P,word2vec_recipe_1_HOM,0.27522138,0.2866527,0.31686398,0.26263043,0.33474422,0.25212786
crust,P,word2vec_recipe_1_HOM,0.29444844,0.37109348,0.38927573,0.43208158,0.42462862,0.44297636
tequila,M,word2vec_recipe_1_HOM,0.21055047,0.19879504,0.27177465,0.24507914,0.3018819,0.27648056
bag,P,word2vec_recipe_1_HOM,0.17859079,0.18886764,0.2977328,0.31000584,0.37440118,0.39683878
scarce,P,word2vec_recipe_1_HOM,0.15913974,0.14002381,0.1818606,0.15632677,0.19217601,0.16832423
brewery,M,word2vec_recipe_1_HOM,0.1702806,0.15864433,0.1974337,0.18108884,0.20845602,0.18989824
ornament,P,word2vec_recipe_1_HOM,0.2772646,0.2831461,0.33148998,0.2954665,0.35385796,0.32035363
fancy,P,word2vec_recipe_1_HOM,0.273354,0.3156266,0.3259801,0.32018587,0.34701997,0.3290419
likelihood,P,word2vec_recipe_1_HOM,0.18056273,0.17780577,0.21224211,0.20395292,0.22718164,0.20490354
bind,P,word2vec_recipe_1_HOM,0.42448187,0.5312054,0.49514857,0.51585597,0.5170256,0.47975966
dorm,M,word2vec_recipe_1_HOM,0.20102516,0.178574,0.23155831,0.20837031,0.24346451,0.21676606
cranky,P,word2vec_recipe_1_HOM,0.101254,0.11540823,0.119232744,0.13964318,0.12718129,0.15005371
diploma,M,word2vec_recipe_1_HOM,0.18859318,0.23553705,0.22502702,0.28740606,0.23922162,0.30710778
rhythmic,M,word2vec_recipe_1_HOM,0.20417634,0.25166002,0.24512237,0.27103263,0.2631878,0.27911362
forecast,P,word2vec_recipe_1_HOM,0.15622094,0.15789102,0.17889225,0.18809296,0.18832386,0.19913086
mambo,P,word2vec_recipe_1_HOM,0.10953879,0.1389695,0.1299553,0.16663662,0.13852903,0.17926866
complicate,P,word2vec_recipe_1_HOM,0.1092121,0.11207212,0.1251965,0.13257083,0.13315515,0.1466193
stroll,P,word2vec_recipe_1_HOM,0.110732295,0.10887169,0.12949295,0.13151737,0.13820711,0.14838561
comet,M,word2vec_recipe_1_HOM,0.20594494,0.21326919,0.24077147,0.23415017,0.2523309,0.24633808
mocha,P,word2vec_recipe_1_HOM,0.22774962,0.2548644,0.2892858,0.31969503,0.31465617,0.32476103
situation,P,word2vec_recipe_1_HOM,0.18814966,0.15674332,0.21008779,0.17317922,0.22029896,0.18072647
missionary,P,word2vec_recipe_1_HOM,0.18501112,0.22624028,0.21352735,0.25077897,0.22590156,0.25856012
glucose,P,word2vec_recipe_1_HOM,0.38119516,0.44104484,0.43318245,0.46884653,0.45496544,0.47695053
paste,H,word2vec_recipe_1_HOM,0.2977902,0.2630566,0.36359814,0.29985094,0.39265767,0.34068516
drawer,P,word2vec_recipe_1_HOM,0.3190927,0.29129446,0.36782074,0.32512003,0.38635236,0.33896622
skill,P,word2vec_recipe_1_HOM,0.31995142,0.2055008,0.35383347,0.20679583,0.36646172,0.21468247
dominate,P,word2vec_recipe_1_HOM,0.15874939,0.17356132,0.19233806,0.20490956,0.20765099,0.21462473
join,P,word2vec_recipe_1_HOM,0.29346043,0.30230588,0.35571826,0.34736067,0.3782603,0.35537633
tout,P,word2vec_recipe_1_HOM,0.24265802,0.2590111,0.29598016,0.28751904,0.31492886,0.29945117
sequence,P,word2vec_recipe_1_HOM,0.3302705,0.3985107,0.41009888,0.45380288,0.43679115,0.45588773
deliver,P,word2vec_recipe_1_HOM,0.21359238,0.19733799,0.24633004,0.21079569,0.25906232,0.21537031
succeed,P,word2vec_recipe_1_HOM,0.09765621,0.10088631,0.11848521,0.12337634,0.12872532,0.13853413
snip,P,word2vec_recipe_1_HOM,0.36148977,0.3849672,0.43990216,0.44692647,0.46683198,0.45043993
vegetable,P,word2vec_recipe_1_HOM,0.34279552,0.3763198,0.4150057,0.3487955,0.43737143,0.33757013
worthy,P,word2vec_recipe_1_HOM,0.17172852,0.17838043,0.20166881,0.20130119,0.21361507,0.20581909
pillow,P,word2vec_recipe_1_HOM,0.29664055,0.29918304,0.34463197,0.32961768,0.36355963,0.3485195
lap,H,word2vec_recipe_1_HOM,0.33308008,0.31028903,0.3935488,0.34928897,0.41587737,0.367986
corn,H,word2vec_recipe_1_HOM,0.32743567,0.390524,0.40866214,0.42387798,0.44043332,0.4124037
farmer,M,word2vec_recipe_1_HOM,0.3286726,0.30010527,0.37180004,0.29890987,0.38580808,0.2821356
sleeve,P,word2vec_recipe_1_HOM,0.3866271,0.4138037,0.45921165,0.47623134,0.48434553,0.48296767
wad,P,word2vec_recipe_1_HOM,0.33520788,0.34828907,0.4176325,0.41205895,0.44940332,0.4402939
addiction,M,word2vec_recipe_1_HOM,0.21430759,0.21260917,0.27217025,0.23453061,0.29447547,0.23749627
cosmic,P,word2vec_recipe_1_HOM,0.117779896,0.12612727,0.1432615,0.15416643,0.15360479,0.17054604
chunky,P,word2vec_recipe_1_HOM,0.33229294,0.3447871,0.41819057,0.43498838,0.4483491,0.46953973
funky,H,word2vec_recipe_1_HOM,0.2703898,0.2662936,0.31400117,0.3156783,0.3302343,0.32163912
pet,H,word2vec_recipe_1_HOM,0.33564717,0.37490317,0.42331353,0.4136611,0.45021093,0.44510636
confuse,P,word2vec_recipe_1_HOM,0.22560923,0.20003918,0.25477606,0.17935108,0.26706707,0.19313458
persuasion,P,word2vec_recipe_1_HOM,0.113877654,0.11609037,0.1309359,0.1362595,0.13890956,0.14618777
innocent,P,word2vec_recipe_1_HOM,0.13619976,0.14067078,0.16054678,0.16308583,0.17143267,0.17662862
tragic,P,word2vec_recipe_1_HOM,0.103656545,0.10905303,0.12265455,0.13826044,0.13334286,0.15208432
register,P,word2vec_recipe_1_HOM,0.24656376,0.2550563,0.30373758,0.2497112,0.34664404,0.29661325
slump,P,word2vec_recipe_1_HOM,0.3620904,0.39585608,0.4379007,0.4445644,0.4626149,0.44661343
scarf,H,word2vec_recipe_1_HOM,0.19919553,0.19935596,0.24767849,0.2528492,0.27579126,0.28514725
marmalade,M,word2vec_recipe_1_HOM,0.3235073,0.40183297,0.3928728,0.42182982,0.41603166,0.42812252
consume,P,word2vec_recipe_1_HOM,0.3155558,0.27645722,0.34621567,0.25133803,0.35848793,0.24992578
rice,P,word2vec_recipe_1_HOM,0.29124966,0.34984848,0.37260535,0.40923053,0.4047063,0.4105724
pitcher,H,word2vec_recipe_1_HOM,0.24106708,0.28260309,0.30520424,0.33642212,0.3347838,0.3478644
sterile,P,word2vec_recipe_1_HOM,0.20813456,0.26484403,0.35647717,0.3932607,0.42331904,0.4613717
suffer,P,word2vec_recipe_1_HOM,0.16525546,0.14540024,0.19144253,0.17052317,0.2037581,0.17886588
logic,P,word2vec_recipe_1_HOM,0.21024342,0.21052155,0.24106388,0.22840852,0.2530707,0.23606727
sling,H,word2vec_recipe_1_HOM,0.4338982,0.45787635,0.4787352,0.46077412,0.49373612,0.47850132
intensive,P,word2vec_recipe_1_HOM,0.12929139,0.12956344,0.15962726,0.14767085,0.17157307,0.15388447
diabetic,P,word2vec_recipe_1_HOM,0.2884611,0.34920722,0.33574677,0.34927845,0.35267517,0.32722318
lobby,P,word2vec_recipe_1_HOM,0.10130767,0.118489705,0.1222107,0.13981521,0.1307445,0.15334632
furniture,M,word2vec_recipe_1_HOM,0.19394928,0.22381406,0.248046,0.27711344,0.27226985,0.29395062
standard,P,word2vec_recipe_1_HOM,0.2925164,0.25015914,0.3831778,0.3420758,0.4222333,0.40417063
lash,H,word2vec_recipe_1_HOM,0.20592126,0.24199985,0.2301647,0.26610607,0.24044743,0.28391644
destroy,P,word2vec_recipe_1_HOM,0.26016098,0.2351633,0.30149624,0.2597312,0.31879222,0.25551823
jug,P,word2vec_recipe_1_HOM,0.31763396,0.34381568,0.38646212,0.41552246,0.41461825,0.4531702
champion,P,word2vec_recipe_1_HOM,0.19620273,0.1880145,0.22554766,0.2108731,0.2395758,0.2240819
guide,P,word2vec_recipe_1_HOM,0.31913048,0.2631239,0.3805476,0.34126952,0.4013285,0.34628257
plank,P,word2vec_recipe_1_HOM,0.31171003,0.39564118,0.40603095,0.46381846,0.43746018,0.47516343
compatible,P,word2vec_recipe_1_HOM,0.16176847,0.16498967,0.18774062,0.17615032,0.19926924,0.18701704
plug,P,word2vec_recipe_1_HOM,0.35753152,0.38935384,0.42408305,0.4412582,0.4466861,0.45950586
volunteer,P,word2vec_recipe_1_HOM,0.116411924,0.12073777,0.13800055,0.14543606,0.14907968,0.16082457
hearty,P,word2vec_recipe_1_HOM,0.2776417,0.34846574,0.34089142,0.40193385,0.3660904,0.40118775
wool,P,word2vec_recipe_1_HOM,0.24318972,0.24403411,0.284048,0.28100595,0.30189514,0.29223308
divine,P,word2vec_recipe_1_HOM,0.24818163,0.268208,0.32395607,0.3419452,0.3531628,0.36973828
ideal,P,word2vec_recipe_1_HOM,0.30838448,0.3296236,0.35310078,0.31695327,0.37075233,0.30623552
mystical,P,word2vec_recipe_1_HOM,0.13878635,0.15710641,0.15966363,0.18714327,0.16888657,0.19118243
swordfish,M,word2vec_recipe_1_HOM,0.21884003,0.2691025,0.3082077,0.3765038,0.3404694,0.3829676
fatigue,P,word2vec_recipe_1_HOM,0.16474126,0.16368267,0.20203017,0.20081374,0.22104912,0.21306187
exception,P,word2vec_recipe_1_HOM,0.41300792,0.38627097,0.48331818,0.46789098,0.50666434,0.48093495
department,P,word2vec_recipe_1_HOM,0.22069676,0.2249202,0.2742478,0.26185396,0.2987545,0.27591568
chaser,P,word2vec_recipe_1_HOM,0.20412067,0.20084244,0.24246956,0.24375391,0.25942916,0.2641453
coherent,P,word2vec_recipe_1_HOM,0.15146577,0.16748326,0.20993273,0.2481634,0.24190372,0.27921686
corny,P,word2vec_recipe_1_HOM,0.23768906,0.206803,0.27286267,0.22796325,0.28805864,0.23589996
formation,P,word2vec_recipe_1_HOM,0.37696213,0.39888653,0.4430503,0.4077264,0.46467122,0.4065683
planner,P,word2vec_recipe_1_HOM,0.13665071,0.13395962,0.15841976,0.15605384,0.16900425,0.17201887
marker,P,word2vec_recipe_1_HOM,0.23974113,0.23639208,0.29541108,0.2658681,0.31819293,0.28966987
prune,H,word2vec_recipe_1_HOM,0.3093924,0.3743842,0.39730054,0.41217446,0.42576972,0.39658222
patriot,M,word2vec_recipe_1_HOM,0.1336635,0.15918855,0.15609713,0.18475996,0.16566624,0.19378324
gain,P,word2vec_recipe_1_HOM,0.3286162,0.30241582,0.37587723,0.3212121,0.39343753,0.31800213
scalp,P,word2vec_recipe_1_HOM,0.20504165,0.24032114,0.25936988,0.27141097,0.28386125,0.28626898
bottle,P,word2vec_recipe_1_HOM,0.28585973,0.29530436,0.36525413,0.38409337,0.39677393,0.41783994
mention,P,word2vec_recipe_1_HOM,0.19268495,0.1766533,0.22093017,0.17636758,0.23311447,0.18347143
glee,P,word2vec_recipe_1_HOM,0.16953099,0.20971073,0.19608074,0.22457305,0.20735033,0.24115144
childhood,M,word2vec_recipe_1_HOM,0.17492707,0.17563167,0.2103508,0.18833761,0.22412877,0.19773382
shake,P,word2vec_recipe_1_HOM,0.36546355,0.40509492,0.43439078,0.43901342,0.4635977,0.47215465
limb,H,word2vec_recipe_1_HOM,0.1610487,0.18090262,0.18888637,0.21468,0.20214802,0.22880337
qualify,P,word2vec_recipe_1_HOM,0.11586742,0.11368536,0.13365185,0.12710403,0.14211275,0.13778928
voodoo,P,word2vec_recipe_1_HOM,0.21082155,0.19794412,0.24642813,0.22866577,0.25995538,0.23848335
monthly,P,word2vec_recipe_1_HOM,0.11826483,0.123557694,0.13863756,0.14111075,0.14931263,0.15661609
property,P,word2vec_recipe_1_HOM,0.22634837,0.20995404,0.27863783,0.22326304,0.29528245,0.22483301
sundae,M,word2vec_recipe_1_HOM,0.2873278,0.34380704,0.35403296,0.33278623,0.37781173,0.34063697
fashion,P,word2vec_recipe_1_HOM,0.36308116,0.37354827,0.4217016,0.386421,0.44563043,0.38756338
copper,P,word2vec_recipe_1_HOM,0.40766174,0.4383187,0.49086258,0.4836502,0.5169982,0.4706096
hammer,P,word2vec_recipe_1_HOM,0.30654913,0.38110137,0.4316705,0.48173282,0.47331226,0.5042698
bumper,P,word2vec_recipe_1_HOM,0.24150817,0.24482201,0.27675727,0.2650156,0.2899912,0.2651398
unknown,P,word2vec_recipe_1_HOM,0.20590086,0.16961153,0.23435165,0.19868468,0.24696584,0.20895302
press,H,word2vec_recipe_1_HOM,0.35313565,0.41818854,0.4473633,0.4662312,0.47568902,0.46407723
smoker,P,word2vec_recipe_1_HOM,0.30248994,0.34207916,0.38558778,0.405072,0.4290844,0.45154247
formula,P,word2vec_recipe_1_HOM,0.30681282,0.27373803,0.34635192,0.28536522,0.36052948,0.29577568
conversion,P,word2vec_recipe_1_HOM,0.18408678,0.19158399,0.22154216,0.20805895,0.23683482,0.21961167
aviation,M,word2vec_recipe_1_HOM,0.100344025,0.1252451,0.13703309,0.18360224,0.1596945,0.21752352
chase,H,word2vec_recipe_1_HOM,0.23071627,0.21572953,0.26448765,0.22589107,0.27732205,0.24563205
user,P,word2vec_recipe_1_HOM,0.26465994,0.26158723,0.3111681,0.25942832,0.32830253,0.2755131
insect,P,word2vec_recipe_1_HOM,0.15988198,0.15044628,0.19772087,0.19519809,0.21293066,0.21907559
escape,P,word2vec_recipe_1_HOM,0.35876754,0.4470876,0.46354103,0.482088,0.49773192,0.48281378
gag,H,word2vec_recipe_1_HOM,0.09031881,0.106228516,0.10753366,0.12974656,0.11587433,0.1399842
lifeless,P,word2vec_recipe_1_HOM,0.104386434,0.112605445,0.12355126,0.14247185,0.13265517,0.15362224
hubby,M,word2vec_recipe_1_HOM,0.18845133,0.19861168,0.2379435,0.22637436,0.25637302,0.2207133
sunrise,P,word2vec_recipe_1_HOM,0.261203,0.21740422,0.3054235,0.25459766,0.32324898,0.27096146
refresh,P,word2vec_recipe_1_HOM,0.3049739,0.38314912,0.41248313,0.4542374,0.4535516,0.46659777
troll,H,word2vec_recipe_1_HOM,0.15693972,0.15808718,0.18227112,0.19264133,0.19228338,0.19868305
snowy,P,word2vec_recipe_1_HOM,0.40702146,0.4336886,0.45622912,0.44449258,0.47506166,0.43805423
breath,P,word2vec_recipe_1_HOM,0.29181233,0.28340104,0.3397109,0.2793204,0.35877225,0.28765413
straighten,P,word2vec_recipe_1_HOM,0.28925967,0.28823403,0.3308074,0.30127275,0.34831664,0.3181026
organism,P,word2vec_recipe_1_HOM,0.13199791,0.123876326,0.15514077,0.15069835,0.16482495,0.15826245
delay,P,word2vec_recipe_1_HOM,0.3453449,0.31988448,0.40548435,0.34369946,0.42604375,0.33978274
exterior,P,word2vec_recipe_1_HOM,0.35427076,0.45278332,0.42262703,0.44651172,0.445624,0.43777904
cockpit,P,word2vec_recipe_1_HOM,0.20816526,0.21890472,0.24163973,0.2542905,0.25481322,0.2807102
thoughtful,P,word2vec_recipe_1_HOM,0.10926485,0.11141123,0.12655844,0.13458681,0.13601391,0.14574733
sage,H,word2vec_recipe_1_HOM,0.2755941,0.30851483,0.36338347,0.38534835,0.39303905,0.39939776
twig,M,word2vec_recipe_1_HOM,0.28467208,0.32639876,0.3576817,0.41165298,0.38400298,0.43325084
shrine,P,word2vec_recipe_1_HOM,0.16963948,0.21175529,0.19981152,0.24638753,0.21308216,0.25923094
creepy,P,word2vec_recipe_1_HOM,0.21854767,0.25037307,0.26314038,0.2863393,0.28492492,0.30387378
cinch,P,word2vec_recipe_1_HOM,0.27233964,0.2351936,0.30700892,0.24312651,0.3203027,0.2551453
garbage,P,word2vec_recipe_1_HOM,0.31351185,0.35243133,0.37572387,0.38612407,0.39655808,0.38900757
alphabet,P,word2vec_recipe_1_HOM,0.38545448,0.3200891,0.43279427,0.3626736,0.4486927,0.36064783
cannon,P,word2vec_recipe_1_HOM,0.22870283,0.20231056,0.2541038,0.2242198,0.26540664,0.2380739
collect,P,word2vec_recipe_1_HOM,0.32433343,0.40251243,0.40635106,0.39036107,0.43174753,0.39743483
bench,P,word2vec_recipe_1_HOM,0.29435828,0.34150657,0.3720278,0.40261778,0.40132907,0.4108786
stiff,P,word2vec_recipe_1_HOM,0.25815302,0.31081405,0.35686803,0.35358313,0.39207208,0.3787605
meadow,P,word2vec_recipe_1_HOM,0.16403618,0.18138924,0.19136815,0.20820196,0.20340443,0.2225862
dishwasher,P,word2vec_recipe_1_HOM,0.28740606,0.29442728,0.35488546,0.37109545,0.37956628,0.38600492
cycle,P,word2vec_recipe_1_HOM,0.28652677,0.32054693,0.39866722,0.42054576,0.4501484,0.46352318
player,P,word2vec_recipe_1_HOM,0.14264613,0.16825484,0.17815243,0.21965142,0.1933958,0.23526302
bull,H,word2vec_recipe_1_HOM,0.25407854,0.23726502,0.29413417,0.2781095,0.3136555,0.2955606
brave,P,word2vec_recipe_1_HOM,0.22186852,0.20078498,0.26371032,0.21302485,0.279576,0.22641987
nip,H,word2vec_recipe_1_HOM,0.2680156,0.26988176,0.3056769,0.2948317,0.32140952,0.31224546
format,P,word2vec_recipe_1_HOM,0.17639112,0.1512466,0.20271172,0.16599777,0.2140448,0.1756402
dish,P,word2vec_recipe_1_HOM,0.31834975,0.33086318,0.38208145,0.3634395,0.41244292,0.39216837
clerk,P,word2vec_recipe_1_HOM,0.10888553,0.11086197,0.12777211,0.12874466,0.13608666,0.14142829
tuck,P,word2vec_recipe_1_HOM,0.30047667,0.33828935,0.37043628,0.38814926,0.3977259,0.39402285
railroad,P,word2vec_recipe_1_HOM,0.19242267,0.15797329,0.21889696,0.1831789,0.22861834,0.18551667
circus,P,word2vec_recipe_1_HOM,0.28053385,0.24314487,0.32827258,0.3101231,0.3495325,0.32821187
stool,P,word2vec_recipe_1_HOM,0.20488563,0.22241414,0.23301303,0.23749705,0.2454564,0.25436628
dung,P,word2vec_recipe_1_HOM,0.051485218,0.0718083,0.1086814,0.15413158,0.1363821,0.18720789
flake,P,word2vec_recipe_1_HOM,0.42806768,0.4854967,0.51340705,0.50279504,0.5416222,0.5137468
stretcher,P,word2vec_recipe_1_HOM,0.20293598,0.17922951,0.22698194,0.20720123,0.23748553,0.22042154
tread,P,word2vec_recipe_1_HOM,0.29947627,0.33330864,0.34885147,0.36652535,0.3675502,0.37082303
wrestle,P,word2vec_recipe_1_HOM,0.15519774,0.15559621,0.17744023,0.18158711,0.18739338,0.19477592
certain,P,word2vec_recipe_1_HOM,0.32108936,0.32274583,0.3770884,0.29875138,0.39490464,0.28043404
tendency,P,word2vec_recipe_1_HOM,0.34265432,0.35759968,0.41720688,0.37368882,0.44095737,0.35168126
beginner,M,word2vec_recipe_1_HOM,0.18122666,0.1436045,0.20700684,0.15363011,0.21752399,0.16370016
spree,P,word2vec_recipe_1_HOM,0.19654043,0.20562401,0.23362236,0.26446322,0.24960682,0.27860364
marrow,P,word2vec_recipe_1_HOM,0.30373207,0.3638173,0.37819663,0.43911088,0.4066278,0.45438072
clam,P,word2vec_recipe_1_HOM,0.3035205,0.30311382,0.3970519,0.4041414,0.43399715,0.4226582
spread,P,word2vec_recipe_1_HOM,0.35834157,0.4244048,0.43730137,0.40275246,0.46288365,0.40274096
howl,P,word2vec_recipe_1_HOM,0.22785786,0.19724186,0.30931747,0.362987,0.34231544,0.40109417
snail,P,word2vec_recipe_1_HOM,0.37436932,0.41695023,0.4421967,0.4397264,0.4651986,0.44732255
mouse,P,word2vec_recipe_1_HOM,0.2769294,0.21715064,0.32799542,0.2909741,0.3515594,0.32298717
unpleasant,M,word2vec_recipe_1_HOM,0.23098914,0.252906,0.28912684,0.3005769,0.3096668,0.31019384
score,P,word2vec_recipe_1_HOM,0.30005866,0.35887468,0.37879544,0.3861132,0.41384515,0.3909971
nature,P,word2vec_recipe_1_HOM,0.28255692,0.24734785,0.32035106,0.25311258,0.33438888,0.26369852
cupcake,M,word2vec_recipe_1_HOM,0.24866585,0.29091498,0.33883944,0.34858212,0.3778443,0.42264843
splendor,P,word2vec_recipe_1_HOM,0.15583995,0.1458953,0.18267877,0.17849863,0.19344719,0.1899875
femme,P,word2vec_recipe_1_HOM,0.15454707,0.17487793,0.18867812,0.20320578,0.20579495,0.21689512
caffeine,M,word2vec_recipe_1_HOM,0.18758711,0.20940161,0.22112247,0.21804462,0.2351004,0.22247681
wallpaper,P,word2vec_recipe_1_HOM,0.2978877,0.27362046,0.3403265,0.29506704,0.35588413,0.3030966
apocalypse,P,word2vec_recipe_1_HOM,0.16020033,0.16563506,0.18183088,0.19637798,0.19243893,0.21069776
trim,P,word2vec_recipe_1_HOM,0.35077226,0.37451088,0.43369877,0.42866957,0.463853,0.4557377
lime,H,word2vec_recipe_1_HOM,0.26901302,0.34697732,0.33684146,0.3719641,0.36533797,0.39843932
chimney,P,word2vec_recipe_1_HOM,0.32320863,0.33505878,0.4067558,0.4350349,0.43605173,0.45559746
assistance,P,word2vec_recipe_1_HOM,0.22344813,0.17643526,0.2556453,0.21424079,0.26959696,0.22511314
active,P,word2vec_recipe_1_HOM,0.37421256,0.3374955,0.46113288,0.4256294,0.4899659,0.4616184
incredible,P,word2vec_recipe_1_HOM,0.20005998,0.2491938,0.26246953,0.32292807,0.28830004,0.33528438
disengage,P,word2vec_recipe_1_HOM,0.13872501,0.15938507,0.15931691,0.19461067,0.17051205,0.2062599
cake,P,word2vec_recipe_1_HOM,0.3091813,0.40605927,0.38921243,0.43077704,0.4170617,0.44019917
lightning,P,word2vec_recipe_1_HOM,0.2467277,0.22311908,0.2816154,0.24753508,0.29369244,0.25567493
saliva,M,word2vec_recipe_1_HOM,0.14241228,0.12813096,0.16306508,0.1422669,0.17198193,0.15207808
unite,P,word2vec_recipe_1_HOM,0.31818154,0.30458197,0.36170423,0.33187133,0.3768271,0.34789634
damp,P,word2vec_recipe_1_HOM,0.26501337,0.2715484,0.4023362,0.4064907,0.4474618,0.43814984
diplomatic,P,word2vec_recipe_1_HOM,0.11404748,0.14134091,0.13615803,0.171349,0.14538474,0.1791323
hopeless,P,word2vec_recipe_1_HOM,0.11595454,0.10426784,0.13667834,0.1292059,0.14710316,0.1426346
lazy,P,word2vec_recipe_1_HOM,0.3023345,0.30095974,0.35835853,0.34050986,0.3761072,0.34981507
supervise,M,word2vec_recipe_1_HOM,0.11810459,0.12920931,0.14207608,0.14445588,0.15287906,0.15786351
mandatory,P,word2vec_recipe_1_HOM,0.2560585,0.17805733,0.29230136,0.1927076,0.3076711,0.20069318
confusion,P,word2vec_recipe_1_HOM,0.13908726,0.13282897,0.16063704,0.15056704,0.17158104,0.16031916
hick,M,word2vec_recipe_1_HOM,0.14124493,0.12033211,0.16993153,0.1554911,0.18693271,0.18245427
cuisine,M,word2vec_recipe_1_HOM,0.23917517,0.22783491,0.28309286,0.25936526,0.30032742,0.25706863
breathe,P,word2vec_recipe_1_HOM,0.2822877,0.26361215,0.32557356,0.26503965,0.3401831,0.26150754
overrun,P,word2vec_recipe_1_HOM,0.13269296,0.13474914,0.15059912,0.14621136,0.15909973,0.16012894
highway,P,word2vec_recipe_1_HOM,0.2106059,0.23423603,0.24300323,0.23969717,0.25531104,0.25108072
calculator,P,word2vec_recipe_1_HOM,0.12546021,0.13505585,0.15075427,0.1621643,0.16040121,0.17362078
pry,H,word2vec_recipe_1_HOM,0.32761452,0.34497085,0.39776596,0.3985482,0.42630827,0.40813822
knack,P,word2vec_recipe_1_HOM,0.14413898,0.11883066,0.16409704,0.13421716,0.17470965,0.1489733
molten,P,word2vec_recipe_1_HOM,0.31563607,0.3384995,0.38685217,0.34159794,0.41120067,0.3566369
fungus,P,word2vec_recipe_1_HOM,0.2977071,0.31637496,0.3872494,0.3939267,0.419474,0.42296967
rebound,P,word2vec_recipe_1_HOM,0.11107925,0.15128553,0.13421094,0.17926201,0.14466338,0.1914009
explore,P,word2vec_recipe_1_HOM,0.22959009,0.20723201,0.26275808,0.2145998,0.2751541,0.21338601
spicy,P,word2vec_recipe_1_HOM,0.23012972,0.30894315,0.29952422,0.35125265,0.32106915,0.34794697
loaf,H,word2vec_recipe_1_HOM,0.28910604,0.29185066,0.39437973,0.36821502,0.43885908,0.41231415
graveyard,M,word2vec_recipe_1_HOM,0.22328043,0.21587616,0.27178565,0.27690816,0.29549506,0.31260064
puppy,P,word2vec_recipe_1_HOM,0.33211932,0.29789516,0.3946997,0.35743195,0.4159941,0.3356687
tempt,P,word2vec_recipe_1_HOM,0.13630089,0.12144331,0.1568053,0.13628107,0.16699436,0.1506564
hasty,P,word2vec_recipe_1_HOM,0.20250162,0.14894553,0.23218338,0.1750305,0.24408905,0.1874662
muster,P,word2vec_recipe_1_HOM,0.18772903,0.12508604,0.2113969,0.15429622,0.22242348,0.16386655
anticipate,P,word2vec_recipe_1_HOM,0.099035576,0.109431446,0.11554122,0.12409958,0.124621496,0.1353313
bunker,P,word2vec_recipe_1_HOM,0.14067936,0.15244938,0.16013902,0.17152761,0.16985205,0.17759648
nine,P,word2vec_recipe_1_HOM,0.35646787,0.43676528,0.47584802,0.47195068,0.5042065,0.46903446
northwest,P,word2vec_recipe_1_HOM,0.19891831,0.23909466,0.24236402,0.2732643,0.25918332,0.27471328
frame,P,word2vec_recipe_1_HOM,0.28988495,0.23487513,0.3320466,0.26010484,0.34914684,0.29180235
enzyme,M,word2vec_recipe_1_HOM,0.20151003,0.19885947,0.25255007,0.2341542,0.27748725,0.25353017
kitten,P,word2vec_recipe_1_HOM,0.15912549,0.15980984,0.19797377,0.21282881,0.22046295,0.2472499
jab,P,word2vec_recipe_1_HOM,0.2704032,0.3084532,0.34357694,0.38565132,0.37089035,0.3832133
lust,P,word2vec_recipe_1_HOM,0.17518327,0.18312582,0.20685878,0.20822442,0.2199451,0.21923225
posh,M,word2vec_recipe_1_HOM,0.24661922,0.2336216,0.28606316,0.26059017,0.30016246,0.26777157
alert,P,word2vec_recipe_1_HOM,0.2367857,0.20537391,0.26507512,0.21689528,0.27720556,0.2175312
vinegar,M,word2vec_recipe_1_HOM,0.2613527,0.28922567,0.32996628,0.33379346,0.35709,0.34300604
bonnet,P,word2vec_recipe_1_HOM,0.3325496,0.327761,0.4119787,0.34107104,0.44130048,0.36385986
duration,P,word2vec_recipe_1_HOM,0.33584648,0.33956254,0.38893673,0.38958237,0.4089255,0.39033872
conductor,P,word2vec_recipe_1_HOM,0.155768,0.14515473,0.17881209,0.15782931,0.18835339,0.16732538
bubble,P,word2vec_recipe_1_HOM,0.35149807,0.41804287,0.42945626,0.47991517,0.4611834,0.48362544
garlic,P,word2vec_recipe_1_HOM,0.27450258,0.31601468,0.33788145,0.3148657,0.36094108,0.33448556
crossword,M,word2vec_recipe_1_HOM,0.15967318,0.18744385,0.18514259,0.2177892,0.19567518,0.23719764
settlement,P,word2vec_recipe_1_HOM,0.12839186,0.14360723,0.1481245,0.15979168,0.15878037,0.1736281
vet,H,word2vec_recipe_1_HOM,0.1278702,0.12368584,0.15071139,0.15593317,0.16081274,0.16909303
sacrifice,P,word2vec_recipe_1_HOM,0.15989521,0.13190573,0.18290971,0.14558917,0.19221373,0.1552991
aware,M,word2vec_recipe_1_HOM,0.2479258,0.20875964,0.2793495,0.21362615,0.29194236,0.21160169
separation,P,word2vec_recipe_1_HOM,0.30569217,0.287232,0.35413715,0.32249382,0.37492356,0.32537758
flute,P,word2vec_recipe_1_HOM,0.3564484,0.42621002,0.44207966,0.4909,0.47648266,0.5002882
stripper,P,word2vec_recipe_1_HOM,0.25299186,0.26662642,0.30372918,0.34187675,0.33008334,0.38041207
handbook,M,word2vec_recipe_1_HOM,0.134475,0.14504278,0.15702869,0.16427663,0.16694954,0.17418377
trigger,P,word2vec_recipe_1_HOM,0.19958481,0.18554832,0.22725849,0.20432432,0.23859087,0.202322
malt,P,word2vec_recipe_1_HOM,0.38382405,0.44601744,0.450793,0.47196504,0.47208992,0.46789673
fury,P,word2vec_recipe_1_HOM,0.19457611,0.19343619,0.22535299,0.22555694,0.23749538,0.2332153
external,P,word2vec_recipe_1_HOM,0.21108854,0.22759971,0.27131614,0.29803756,0.30042976,0.3337685
endeavor,P,word2vec_recipe_1_HOM,0.15101454,0.12025222,0.17370337,0.13961346,0.18256746,0.15382138
lava,P,word2vec_recipe_1_HOM,0.36756435,0.3819647,0.4298784,0.3922575,0.44860443,0.39112645
doodle,P,word2vec_recipe_1_HOM,0.16837834,0.1380434,0.19041751,0.14979897,0.20259532,0.16620383
mysterious,P,word2vec_recipe_1_HOM,0.1525974,0.15001799,0.17985578,0.18185842,0.18997487,0.19090734
absurd,P,word2vec_recipe_1_HOM,0.13640296,0.13041143,0.1546788,0.1506009,0.16415873,0.15797886
static,P,word2vec_recipe_1_HOM,0.20442824,0.20255245,0.2504917,0.24431728,0.27135387,0.2602875
brush,H,word2vec_recipe_1_HOM,0.3487875,0.37953576,0.4337041,0.42903048,0.46148863,0.43003812
memorable,P,word2vec_recipe_1_HOM,0.1788531,0.19397263,0.2093505,0.22635561,0.22346124,0.23241836
shorten,P,word2vec_recipe_1_HOM,0.34066194,0.33889684,0.39789897,0.36198896,0.42001107,0.34290323
purge,P,word2vec_recipe_1_HOM,0.27938962,0.26537618,0.36585045,0.38067734,0.39516082,0.3914677
timid,P,word2vec_recipe_1_HOM,0.1310241,0.11033045,0.15603033,0.13944985,0.16786519,0.15765807
lovely,P,word2vec_recipe_1_HOM,0.2348139,0.30320957,0.31618366,0.35222504,0.34503633,0.35309377
vodka,M,word2vec_recipe_1_HOM,0.19618146,0.17909522,0.25417,0.24221252,0.2845371,0.27178374
lunar,P,word2vec_recipe_1_HOM,0.1627352,0.16203555,0.19383474,0.17829783,0.20675065,0.19771634
infinite,P,word2vec_recipe_1_HOM,0.15807876,0.13449629,0.18174565,0.14825313,0.19341709,0.15814362
medallion,P,word2vec_recipe_1_HOM,0.29919785,0.3743119,0.38532794,0.46552753,0.41971493,0.46977466
upholstery,P,word2vec_recipe_1_HOM,0.17741293,0.21936361,0.21949625,0.25949112,0.2381671,0.27740842
haystack,M,word2vec_recipe_1_HOM,0.3126849,0.29085687,0.3639469,0.3377211,0.3822512,0.34089422
coast,P,word2vec_recipe_1_HOM,0.2954938,0.23868126,0.33512652,0.25932723,0.35000333,0.26988748
sauna,P,word2vec_recipe_1_HOM,0.17874886,0.17850636,0.20385148,0.20233479,0.21368259,0.21725652
amaze,M,word2vec_recipe_1_HOM,0.104975246,0.1073185,0.13143273,0.14390112,0.14343743,0.158107
operation,P,word2vec_recipe_1_HOM,0.30259934,0.3089089,0.35070992,0.2957811,0.36750874,0.2816191
survival,P,word2vec_recipe_1_HOM,0.13603935,0.15682366,0.16148463,0.17850679,0.17283115,0.19400798
perimeter,P,word2vec_recipe_1_HOM,0.3030464,0.31976247,0.37034225,0.3409348,0.39463082,0.35578653
dolphin,P,word2vec_recipe_1_HOM,0.21288185,0.2073705,0.24494019,0.21204382,0.25735992,0.22204417
feast,P,word2vec_recipe_1_HOM,0.24118555,0.19450928,0.27036637,0.22401299,0.2815202,0.22758076
brook,H,word2vec_recipe_1_HOM,0.46012282,0.45807102,0.5175827,0.4538641,0.5355018,0.44544747
poker,H,word2vec_recipe_1_HOM,0.22975965,0.17330572,0.2613059,0.18378572,0.2729943,0.18528192
teenage,M,word2vec_recipe_1_HOM,0.1501472,0.15947801,0.18467365,0.16705957,0.19955014,0.18244451
item,P,word2vec_recipe_1_HOM,0.34773988,0.28276607,0.38375732,0.26236698,0.39744884,0.2688879
rhubarb,M,word2vec_recipe_1_HOM,0.27180764,0.32592782,0.36065456,0.3612992,0.3974376,0.37369367
hometown,M,word2vec_recipe_1_HOM,0.10914485,0.1275634,0.13210434,0.1573924,0.14247933,0.16569561
hop,H,word2vec_recipe_1_HOM,0.274726,0.2921489,0.3169605,0.32754275,0.33677542,0.34717387
mountain,P,word2vec_recipe_1_HOM,0.31834346,0.3117896,0.35600674,0.28527203,0.3695978,0.2736987
vague,P,word2vec_recipe_1_HOM,0.11530665,0.12152815,0.13725843,0.1342588,0.14765823,0.14855838
parent,P,word2vec_recipe_1_HOM,0.18056297,0.1538685,0.2070002,0.16990949,0.21791534,0.18027514
roof,P,word2vec_recipe_1_HOM,0.20902619,0.19810581,0.27374768,0.23850039,0.30359662,0.26844695
disperse,P,word2vec_recipe_1_HOM,0.36147058,0.45893013,0.45987758,0.49089047,0.48934838,0.50088674
cordial,P,word2vec_recipe_1_HOM,0.23881921,0.23991758,0.28455746,0.28587982,0.30814552,0.30208507
joyful,M,word2vec_recipe_1_HOM,0.1370082,0.14779373,0.15996142,0.1708232,0.17048658,0.18446785
pot,H,word2vec_recipe_1_HOM,0.30761307,0.37067613,0.40361783,0.4186331,0.43669373,0.42656553
trench,P,word2vec_recipe_1_HOM,0.29683495,0.35061345,0.3588671,0.3616926,0.3815985,0.3567442
track,P,word2vec_recipe_1_HOM,0.29420647,0.26112407,0.32703716,0.2583227,0.34032607,0.2613433
sparkle,P,word2vec_recipe_1_HOM,0.31940103,0.36762223,0.37551332,0.39682972,0.39785266,0.41255367
sly,P,word2vec_recipe_1_HOM,0.096705996,0.11701872,0.114526235,0.14163928,0.122169346,0.1518491
deception,P,word2vec_recipe_1_HOM,0.14394455,0.16008903,0.16409129,0.18635982,0.17348208,0.19559602
fiesta,M,word2vec_recipe_1_HOM,0.20625544,0.2774151,0.30775204,0.32704917,0.33692077,0.33464825
attraction,P,word2vec_recipe_1_HOM,0.10811184,0.114662744,0.1297895,0.1359811,0.13929658,0.14614043
rotate,P,word2vec_recipe_1_HOM,0.36233056,0.4325842,0.44418362,0.45071602,0.46718675,0.43204525
firm,H,word2vec_recipe_1_HOM,0.37353545,0.35514277,0.44514197,0.39770478,0.46831992,0.40872636
sufficient,M,word2vec_recipe_1_HOM,0.4437519,0.5300852,0.5277063,0.5103258,0.55015737,0.49580547
haste,P,word2vec_recipe_1_HOM,0.12841189,0.1165999,0.15073195,0.13563576,0.16190128,0.14804833
rotten,P,word2vec_recipe_1_HOM,0.27506614,0.31248334,0.32883823,0.35061806,0.3508607,0.35449997
yield,P,word2vec_recipe_1_HOM,0.32796186,0.35169822,0.44175348,0.39249554,0.4826355,0.4247275
ammonia,P,word2vec_recipe_1_HOM,0.27744088,0.32616195,0.36535305,0.41321704,0.39737236,0.43758428
optimism,P,word2vec_recipe_1_HOM,0.14364861,0.14613676,0.16518196,0.15813257,0.17519413,0.1688601
scrub,H,word2vec_recipe_1_HOM,0.35068592,0.4333879,0.4218807,0.42007568,0.45103702,0.41506407
define,P,word2vec_recipe_1_HOM,0.1842702,0.19404998,0.21739124,0.23682581,0.23365642,0.25582814
include,P,word2vec_recipe_1_HOM,0.36005965,0.39817315,0.4417567,0.4072293,0.46680352,0.3890108
cocktail,H,word2vec_recipe_1_HOM,0.24069624,0.23952168,0.29252872,0.2618373,0.3205707,0.28241378
envelope,P,word2vec_recipe_1_HOM,0.43166846,0.5323026,0.5216802,0.54480857,0.54478025,0.52820605
commitment,P,word2vec_recipe_1_HOM,0.09434501,0.100464135,0.11009155,0.12315554,0.11740548,0.13496459
ban,H,word2vec_recipe_1_HOM,0.3390627,0.14539641,0.39630195,0.30396914,0.4190459,0.38204408
trough,P,word2vec_recipe_1_HOM,0.3945853,0.4438275,0.45053688,0.40492767,0.47037154,0.407249
presume,P,word2vec_recipe_1_HOM,0.08789179,0.08938654,0.109101266,0.11803285,0.11945511,0.1319381
matrimony,P,word2vec_recipe_1_HOM,0.12846674,0.13806206,0.15291706,0.1628916,0.16504006,0.17773418
adjustment,P,word2vec_recipe_1_HOM,0.31973666,0.2938839,0.3688529,0.30780038,0.3880794,0.31104022
leather,P,word2vec_recipe_1_HOM,0.42668995,0.3876886,0.4699793,0.3757576,0.48633164,0.38775763
desk,P,word2vec_recipe_1_HOM,0.14946647,0.14491482,0.17465988,0.16653413,0.18688756,0.17916887
actress,M,word2vec_recipe_1_HOM,0.1162045,0.12065688,0.13768771,0.15492217,0.14703703,0.16430812
disco,P,word2vec_recipe_1_HOM,0.2607036,0.28291073,0.29699475,0.29005736,0.31291336,0.31635132
dome,P,word2vec_recipe_1_HOM,0.3525511,0.36406615,0.40073222,0.35735333,0.41807052,0.366004
exclusive,P,word2vec_recipe_1_HOM,0.2323409,0.18551506,0.26097792,0.21744436,0.27273864,0.2255646
nursery,P,word2vec_recipe_1_HOM,0.12589487,0.13287789,0.14578728,0.16001438,0.15496624,0.17209628
squat,P,word2vec_recipe_1_HOM,0.23978607,0.23200196,0.27862832,0.281971,0.29401723,0.29398414
comb,P,word2vec_recipe_1_HOM,0.31873617,0.31129164,0.3659077,0.3295151,0.3847449,0.33442706
trader,P,word2vec_recipe_1_HOM,0.27416867,0.2773876,0.3328,0.3383887,0.36045793,0.3447274
elusive,P,word2vec_recipe_1_HOM,0.1433702,0.1413333,0.16615315,0.15976988,0.17682354,0.17259358
grateful,P,word2vec_recipe_1_HOM,0.14260721,0.13015276,0.16600569,0.1431087,0.17707863,0.16113143
springtime,P,word2vec_recipe_1_HOM,0.2670886,0.31204757,0.3126062,0.32601812,0.3297269,0.32458305
lion,P,word2vec_recipe_1_HOM,0.24990885,0.23921001,0.28368658,0.2547414,0.29656988,0.2618459
pineapple,P,word2vec_recipe_1_HOM,0.27403522,0.35252082,0.37253568,0.42004418,0.40530133,0.43700454
induce,P,word2vec_recipe_1_HOM,0.15608807,0.13805227,0.17707023,0.16113997,0.18585582,0.16677818
fan,H,word2vec_recipe_1_HOM,0.32024866,0.19248137,0.3974401,0.24951646,0.4326906,0.29265818
pellet,P,word2vec_recipe_1_HOM,0.2570924,0.3008731,0.305381,0.36552072,0.32638696,0.38471025
river,P,word2vec_recipe_1_HOM,0.25264817,0.2571547,0.29789746,0.26687062,0.31296986,0.26413605
rogue,P,word2vec_recipe_1_HOM,0.23616895,0.21089017,0.26553166,0.23021823,0.27859154,0.23973979
beacon,P,word2vec_recipe_1_HOM,0.30659878,0.21401101,0.34316203,0.24135141,0.35636768,0.2524267
hazardous,P,word2vec_recipe_1_HOM,0.10930194,0.11519054,0.13226618,0.14011714,0.1412658,0.15224387
cute,P,word2vec_recipe_1_HOM,0.27798486,0.26931176,0.33596948,0.32974535,0.3590635,0.33451
definitive,P,word2vec_recipe_1_HOM,0.12758982,0.1229901,0.14964934,0.15158911,0.16036454,0.17011295
crisis,P,word2vec_recipe_1_HOM,0.17876081,0.17102453,0.20064676,0.18292278,0.2094564,0.1925941
obsessive,M,word2vec_recipe_1_HOM,0.12952437,0.11675323,0.1517484,0.13756585,0.16158825,0.1473497
tip,H,word2vec_recipe_1_HOM,0.22979197,0.17493938,0.3202742,0.33120087,0.35574472,0.35644993
groom,P,word2vec_recipe_1_HOM,0.20635112,0.2177917,0.24614929,0.2595587,0.26093355,0.28420186
assist,P,word2vec_recipe_1_HOM,0.3355126,0.3902315,0.40912974,0.4101983,0.43280685,0.39786118
adopt,P,word2vec_recipe_1_HOM,0.083272,0.09587139,0.09918789,0.121329956,0.10663403,0.13274702
fellowship,P,word2vec_recipe_1_HOM,0.14235659,0.15673994,0.16820446,0.1850585,0.17853355,0.19785468
rubber,H,word2vec_recipe_1_HOM,0.30900523,0.32103705,0.4400018,0.480812,0.48176312,0.5085268
substitute,P,word2vec_recipe_1_HOM,0.27329865,0.33697212,0.3793671,0.44978565,0.41309226,0.45243788
freestyle,P,word2vec_recipe_1_HOM,0.2397023,0.25745827,0.27315435,0.27105775,0.28821477,0.28639638
poison,P,word2vec_recipe_1_HOM,0.18315518,0.18547966,0.21564533,0.21943276,0.23034793,0.22934923
assembly,P,word2vec_recipe_1_HOM,0.40998593,0.40887725,0.48356152,0.3879587,0.5039567,0.39318696
pulse,H,word2vec_recipe_1_HOM,0.24970993,0.30994213,0.3675423,0.38365424,0.42410198,0.41713047
sorority,M,word2vec_recipe_1_HOM,0.12832454,0.14319734,0.1547029,0.18587849,0.16674328,0.19928555
snake,P,word2vec_recipe_1_HOM,0.25747627,0.29675904,0.329373,0.35418463,0.35436913,0.3624305
lad,P,word2vec_recipe_1_HOM,0.200731,0.21639282,0.23032452,0.2506337,0.24204737,0.26841924
sober,P,word2vec_recipe_1_HOM,0.1282907,0.13817288,0.14874491,0.16280119,0.15814064,0.1783477
trot,P,word2vec_recipe_1_HOM,0.13150685,0.13591485,0.15277433,0.16157015,0.16136694,0.17430478
frontier,P,word2vec_recipe_1_HOM,0.15220466,0.17521359,0.17561777,0.19142759,0.18679594,0.20107159
soothe,P,word2vec_recipe_1_HOM,0.14135712,0.1506566,0.17494665,0.1942832,0.19173759,0.21820389
drinker,P,word2vec_recipe_1_HOM,0.19590883,0.24157904,0.22421825,0.23316321,0.23684245,0.23775806
terrace,P,word2vec_recipe_1_HOM,0.1550742,0.16210495,0.17911892,0.18893392,0.1895098,0.19614907
host,H,word2vec_recipe_1_HOM,0.13082904,0.13571946,0.15538967,0.14822762,0.16698232,0.15906438
feed,P,word2vec_recipe_1_HOM,0.37741017,0.4279316,0.48922244,0.49158978,0.51967216,0.5017782
classic,P,word2vec_recipe_1_HOM,0.24041,0.28398788,0.28458068,0.32924926,0.30240893,0.32382262
kimono,P,word2vec_recipe_1_HOM,0.14483085,0.1805877,0.18969305,0.2439111,0.21330665,0.268339
incision,P,word2vec_recipe_1_HOM,0.30250552,0.34932366,0.37371674,0.39819083,0.4008053,0.41387054
overall,P,word2vec_recipe_1_HOM,0.32688683,0.27859268,0.36863387,0.31424028,0.3856989,0.30621022
tree,P,word2vec_recipe_1_HOM,0.21294609,0.25440484,0.25840518,0.26907483,0.28067026,0.29705074
disastrous,M,word2vec_recipe_1_HOM,0.08846732,0.10305895,0.10510257,0.123305954,0.11412937,0.13874707
visible,P,word2vec_recipe_1_HOM,0.34332252,0.3816887,0.42277554,0.43090034,0.4553962,0.43879414
crunch,P,word2vec_recipe_1_HOM,0.3352593,0.36980072,0.39611068,0.39071885,0.41816932,0.38115847
cracker,P,word2vec_recipe_1_HOM,0.2461844,0.3306736,0.34731317,0.41083407,0.388737,0.425204
workshop,P,word2vec_recipe_1_HOM,0.16734435,0.18588243,0.21056092,0.22389582,0.2359991,0.2507306
native,P,word2vec_recipe_1_HOM,0.22059259,0.20856571,0.2582359,0.2599017,0.27261412,0.2647142
raid,P,word2vec_recipe_1_HOM,0.1568888,0.14482166,0.18482612,0.16641624,0.19538285,0.17172945
trout,P,word2vec_recipe_1_HOM,0.19293498,0.2218702,0.30695403,0.35797516,0.36126107,0.3860602
reef,H,word2vec_recipe_1_HOM,0.12649448,0.14910111,0.14800344,0.17518234,0.15906765,0.18848777
noise,P,word2vec_recipe_1_HOM,0.27396816,0.2961122,0.36724904,0.33998755,0.39585522,0.34541324
region,P,word2vec_recipe_1_HOM,0.15216176,0.13469844,0.20306984,0.17284009,0.22725172,0.19174056
furnace,P,word2vec_recipe_1_HOM,0.10256462,0.12265189,0.12151668,0.15058477,0.13042456,0.16086859
motto,P,word2vec_recipe_1_HOM,0.08536764,0.0907497,0.10349571,0.11751404,0.11305727,0.132754
channel,P,word2vec_recipe_1_HOM,0.28165638,0.29411823,0.33125648,0.33983228,0.35009244,0.34111193
irony,P,word2vec_recipe_1_HOM,0.09026714,0.10020683,0.11020043,0.12552434,0.11921824,0.14089166
dread,P,word2vec_recipe_1_HOM,0.15988655,0.19820862,0.1852193,0.233763,0.19485301,0.24843742
protein,M,word2vec_recipe_1_HOM,0.20750788,0.20991607,0.26015925,0.15258981,0.28034186,0.13254544
heed,P,word2vec_recipe_1_HOM,0.089525394,0.09396401,0.10724292,0.12412543,0.11641992,0.13189408
area,P,word2vec_recipe_1_HOM,0.34573105,0.36702928,0.42898127,0.45306674,0.456595,0.45545453
fruit,P,word2vec_recipe_1_HOM,0.2757296,0.34154475,0.36544243,0.41642013,0.39803764,0.4230889
classical,P,word2vec_recipe_1_HOM,0.18850107,0.18431967,0.21411406,0.20580545,0.22551304,0.21501958
ranch,P,word2vec_recipe_1_HOM,0.28778785,0.36301324,0.36451247,0.39519522,0.39169294,0.4014013
security,P,word2vec_recipe_1_HOM,0.20522694,0.17012945,0.23880012,0.19349802,0.25056309,0.20084015
sidewalk,M,word2vec_recipe_1_HOM,0.1434948,0.18311006,0.17141518,0.21595444,0.18341991,0.22615115
pronounce,P,word2vec_recipe_1_HOM,0.10127745,0.10824138,0.117025964,0.12660353,0.1254435,0.1370516
fusion,P,word2vec_recipe_1_HOM,0.2546567,0.25511688,0.28716096,0.2947035,0.29954326,0.30068383
privacy,P,word2vec_recipe_1_HOM,0.11419536,0.14497013,0.1577202,0.17782569,0.1761136,0.19457704
buggy,H,word2vec_recipe_1_HOM,0.18512274,0.2078162,0.22560725,0.24908552,0.24313512,0.27820218
tramp,P,word2vec_recipe_1_HOM,0.14173874,0.16634662,0.16232102,0.20233971,0.17103359,0.21428335
serenity,M,word2vec_recipe_1_HOM,0.10888519,0.11645777,0.13221183,0.1514992,0.141474,0.16498663
royal,P,word2vec_recipe_1_HOM,0.2878987,0.25940448,0.3348588,0.31242782,0.35837668,0.32809103
spill,H,word2vec_recipe_1_HOM,0.3544963,0.40721047,0.4195061,0.3874693,0.44092217,0.3705603
seventh,P,word2vec_recipe_1_HOM,0.28350627,0.3641349,0.4149122,0.44343817,0.44781196,0.4350157
dormant,P,word2vec_recipe_1_HOM,0.15171716,0.17936501,0.17581111,0.20173186,0.18604034,0.20915127
choose,P,word2vec_recipe_1_HOM,0.29869315,0.30606765,0.35116172,0.3020015,0.3701989,0.28998944
vast,P,word2vec_recipe_1_HOM,0.12460383,0.114851534,0.14500532,0.13910604,0.1542016,0.15062806
unlike,P,word2vec_recipe_1_HOM,0.30393076,0.30399972,0.34265122,0.2949235,0.35699758,0.28520626
tense,H,word2vec_recipe_1_HOM,0.0891466,0.11221865,0.102270775,0.1302453,0.10890589,0.1391295
origin,P,word2vec_recipe_1_HOM,0.14929773,0.14143047,0.17384166,0.1668333,0.18454625,0.18220758
coma,H,word2vec_recipe_1_HOM,0.14839035,0.1337101,0.1699024,0.14323674,0.1795727,0.16008605
apologize,P,word2vec_recipe_1_HOM,0.12078637,0.11486557,0.14177199,0.13915113,0.15237133,0.14769958
greenhouse,M,word2vec_recipe_1_HOM,0.17370272,0.2049541,0.20380995,0.23278989,0.2153143,0.24744345
sniff,P,word2vec_recipe_1_HOM,0.23303802,0.18932474,0.2624676,0.21679631,0.2746496,0.22161303
reader,P,word2vec_recipe_1_HOM,0.111261345,0.10167952,0.13211824,0.12772076,0.14243257,0.14761284
residue,P,word2vec_recipe_1_HOM,0.34512863,0.36425063,0.42269596,0.41598228,0.45195472,0.42310792
spinal,P,word2vec_recipe_1_HOM,0.15032747,0.1878559,0.20254876,0.27420563,0.23135513,0.31076562
horrid,P,word2vec_recipe_1_HOM,0.10297668,0.10834602,0.123186074,0.13599679,0.13204974,0.14714871
crease,P,word2vec_recipe_1_HOM,0.27172226,0.28106427,0.33433738,0.35456702,0.36064664,0.3651011
botanical,P,word2vec_recipe_1_HOM,0.1305153,0.15794379,0.15378568,0.18875961,0.16363105,0.20000741
wrist,P,word2vec_recipe_1_HOM,0.31652206,0.32969838,0.37509197,0.39767867,0.3975597,0.39223337
superstar,M,word2vec_recipe_1_HOM,0.14989345,0.12034393,0.17252173,0.15006022,0.18277031,0.16243194
resolution,P,word2vec_recipe_1_HOM,0.15046898,0.18471198,0.17479987,0.20308606,0.18509853,0.21504143
saucy,P,word2vec_recipe_1_HOM,0.34054506,0.40156007,0.42296782,0.4623134,0.44854957,0.43513438
helmet,M,word2vec_recipe_1_HOM,0.14075184,0.18063039,0.17520475,0.22970133,0.19342068,0.2551739
miracle,P,word2vec_recipe_1_HOM,0.3049991,0.3715793,0.40649354,0.43692902,0.438415,0.4415543
obsession,P,word2vec_recipe_1_HOM,0.15446487,0.16121465,0.17796856,0.19218299,0.18816745,0.20485708
swap,P,word2vec_recipe_1_HOM,0.40083322,0.39670968,0.47115105,0.4217477,0.49196357,0.39753056
tuning,P,word2vec_recipe_1_HOM,0.26063645,0.26295453,0.3093731,0.29523996,0.3289277,0.31067944
injure,P,word2vec_recipe_1_HOM,0.109986804,0.11885729,0.13051742,0.14034124,0.13986649,0.15314649
skeleton,P,word2vec_recipe_1_HOM,0.26610988,0.26140836,0.31633133,0.3234872,0.33975562,0.34891286
lake,M,word2vec_recipe_1_HOM,0.23912196,0.2807888,0.28593025,0.29674718,0.3035026,0.29086548
tank,P,word2vec_recipe_1_HOM,0.23174223,0.25880948,0.26898748,0.29334015,0.28511965,0.29994893
freaky,P,word2vec_recipe_1_HOM,0.19193296,0.1888617,0.21981178,0.2247165,0.23206726,0.23202133
sugar,P,word2vec_recipe_1_HOM,0.30691835,0.3699111,0.3928029,0.3821313,0.42147836,0.38078368
draft,P,word2vec_recipe_1_HOM,0.2708431,0.30434585,0.43259203,0.42737174,0.48573408,0.4838129
connection,P,word2vec_recipe_1_HOM,0.20811066,0.23398665,0.23890674,0.25621554,0.25353566,0.2630167
pretend,P,word2vec_recipe_1_HOM,0.22625104,0.1853301,0.25834844,0.19342802,0.27005142,0.20986442
winter,P,word2vec_recipe_1_HOM,0.30419627,0.3468293,0.37950894,0.37865922,0.40209752,0.38832358
breach,P,word2vec_recipe_1_HOM,0.22325423,0.20142156,0.2525543,0.22551489,0.2655159,0.23958828
intricate,M,word2vec_recipe_1_HOM,0.16697744,0.19206536,0.2026325,0.23233064,0.217718,0.24790442
stealth,M,word2vec_recipe_1_HOM,0.14873016,0.1767227,0.17185003,0.20473386,0.18101487,0.21563582
backside,P,word2vec_recipe_1_HOM,0.29987225,0.24387273,0.34974223,0.3255963,0.36889407,0.34065196
rupture,P,word2vec_recipe_1_HOM,0.15487055,0.17558423,0.18751872,0.19743443,0.20270166,0.20944433
incomplete,P,word2vec_recipe_1_HOM,0.121529266,0.118103325,0.14145686,0.14168222,0.15031233,0.15219793
drag,P,word2vec_recipe_1_HOM,0.30893645,0.38522765,0.38394246,0.39983776,0.4108985,0.41830707
institute,P,word2vec_recipe_1_HOM,0.121627495,0.12724186,0.1498261,0.15620148,0.16280787,0.17488691
exceed,P,word2vec_recipe_1_HOM,0.3029677,0.25760585,0.36523777,0.31273195,0.39098376,0.35242045
card,H,word2vec_recipe_1_HOM,0.28581992,0.27312344,0.3345851,0.27515587,0.3544252,0.29266983
artillery,P,word2vec_recipe_1_HOM,0.15356219,0.1713253,0.1936134,0.2134686,0.21007477,0.22492133
ghetto,P,word2vec_recipe_1_HOM,0.18404663,0.16188586,0.20749043,0.17572825,0.21728238,0.18800066
blueprint,P,word2vec_recipe_1_HOM,0.2098325,0.2045419,0.24477488,0.23699068,0.25718427,0.2525758
dirty,P,word2vec_recipe_1_HOM,0.37648636,0.32724178,0.42072564,0.3359905,0.4351187,0.333943
gang,H,word2vec_recipe_1_HOM,0.19748858,0.17848715,0.22250995,0.21074463,0.23301533,0.21918681
hurl,P,word2vec_recipe_1_HOM,0.19983491,0.22932214,0.2234338,0.2580253,0.23425885,0.2681028
pathway,M,word2vec_recipe_1_HOM,0.16158816,0.17982107,0.19429635,0.23276277,0.20952547,0.2509271
chop,H,word2vec_recipe_1_HOM,0.2918792,0.34676015,0.38609582,0.39848027,0.41901654,0.40499374
beef,P,word2vec_recipe_1_HOM,0.24596587,0.33626023,0.35475856,0.3942839,0.39222145,0.3864794
maiden,P,word2vec_recipe_1_HOM,0.124375984,0.13797331,0.14628258,0.16771266,0.15611887,0.18279502
wondrous,M,word2vec_recipe_1_HOM,0.12547536,0.1312661,0.14708905,0.15631352,0.1562774,0.16904068
realm,P,word2vec_recipe_1_HOM,0.13852833,0.14028394,0.16149889,0.16947702,0.1711409,0.17591685
ruse,M,word2vec_recipe_1_HOM,0.1574508,0.19814293,0.18424095,0.2346677,0.19722933,0.2470879
misery,P,word2vec_recipe_1_HOM,0.20503917,0.1751865,0.2330099,0.19716771,0.24335589,0.19801651
jealousy,P,word2vec_recipe_1_HOM,0.22912583,0.22570507,0.26506364,0.2143341,0.27789932,0.21656324
darkness,P,word2vec_recipe_1_HOM,0.330185,0.3933806,0.40321204,0.38309437,0.4267002,0.3861607
helper,M,word2vec_recipe_1_HOM,0.32763684,0.32114983,0.37565207,0.32952696,0.39349675,0.34268758
chum,H,word2vec_recipe_1_HOM,0.25903693,0.21674435,0.28941363,0.2511372,0.30109736,0.25509366
turban,P,word2vec_recipe_1_HOM,0.29798442,0.3313092,0.3471817,0.37644786,0.36669195,0.39250514
implement,P,word2vec_recipe_1_HOM,0.2882998,0.3360469,0.3575415,0.36681604,0.383012,0.38884482
pointless,P,word2vec_recipe_1_HOM,0.08110003,0.09721023,0.097979754,0.12186797,0.1064805,0.13531107
pony,P,word2vec_recipe_1_HOM,0.22492047,0.22297508,0.2657553,0.2827583,0.28477153,0.31882817
pit,H,word2vec_recipe_1_HOM,0.29806048,0.3684135,0.3956768,0.441692,0.4295,0.4734622
farm,P,word2vec_recipe_1_HOM,0.32607013,0.3594227,0.39609513,0.3446671,0.41794726,0.3416251
subway,P,word2vec_recipe_1_HOM,0.21277228,0.22073792,0.24427958,0.25640345,0.25800756,0.26759252
honorable,P,word2vec_recipe_1_HOM,0.12811951,0.12289782,0.1557096,0.16070762,0.16701746,0.17410366
doubt,P,word2vec_recipe_1_HOM,0.2515561,0.17709802,0.28324288,0.17526257,0.2957869,0.18493731
occasion,P,word2vec_recipe_1_HOM,0.36466187,0.27418655,0.41288984,0.27336422,0.42864755,0.27607965
mild,P,word2vec_recipe_1_HOM,0.31858805,0.32650998,0.36811736,0.3515582,0.38746926,0.36162937
drunken,P,word2vec_recipe_1_HOM,0.28512806,0.30813187,0.32448065,0.31325883,0.33743516,0.3156128
gear,P,word2vec_recipe_1_HOM,0.23999262,0.23033014,0.27352905,0.2426191,0.28752685,0.2553846
dark,P,word2vec_recipe_1_HOM,0.38651234,0.4096125,0.4537822,0.47741875,0.4795354,0.48344442
potent,P,word2vec_recipe_1_HOM,0.22218171,0.21748112,0.27481797,0.26767603,0.29592216,0.28642064
trademark,P,word2vec_recipe_1_HOM,0.17376566,0.1446533,0.21007791,0.1802255,0.22644262,0.19684042
oxide,M,word2vec_recipe_1_HOM,0.189164,0.27217004,0.23482269,0.296097,0.2530068,0.29661217
pleasure,P,word2vec_recipe_1_HOM,0.2264075,0.20129408,0.25756916,0.20812437,0.26948056,0.2173311
definite,P,word2vec_recipe_1_HOM,0.439046,0.49424493,0.50361425,0.4213709,0.5231143,0.3971001
snowball,P,word2vec_recipe_1_HOM,0.30798575,0.23544371,0.34796447,0.2650195,0.36246437,0.26687735
movement,P,word2vec_recipe_1_HOM,0.2753917,0.3048603,0.34748226,0.37147596,0.37322605,0.36881635
strengthen,P,word2vec_recipe_1_HOM,0.3666521,0.32718685,0.41397944,0.34039882,0.43210152,0.36322442
sesame,P,word2vec_recipe_1_HOM,0.26907533,0.32403663,0.34159553,0.37738252,0.3746341,0.3916641
summertime,M,word2vec_recipe_1_HOM,0.26249593,0.32572442,0.31616378,0.36595416,0.33597755,0.36852142
attitude,P,word2vec_recipe_1_HOM,0.21016555,0.1982968,0.2372013,0.2111159,0.24742322,0.22601074
homework,M,word2vec_recipe_1_HOM,0.086821064,0.104367234,0.10557394,0.12518694,0.11443451,0.13818012
careless,P,word2vec_recipe_1_HOM,0.087098256,0.100428216,0.10829486,0.12390473,0.1183866,0.13639717
delivery,P,word2vec_recipe_1_HOM,0.17440493,0.14573422,0.20423049,0.1637367,0.21606846,0.17324069
smoke,P,word2vec_recipe_1_HOM,0.38633883,0.32367423,0.44866058,0.4467863,0.47307405,0.4674666
hook,P,word2vec_recipe_1_HOM,0.31090844,0.41220102,0.42993408,0.5073141,0.4746674,0.53759766
tit,H,word2vec_recipe_1_HOM,0.18605702,0.16376114,0.21077843,0.17011939,0.2208541,0.18064311
brochure,M,word2vec_recipe_1_HOM,0.179933,0.19340043,0.2075449,0.23500542,0.22110821,0.25645688
account,P,word2vec_recipe_1_HOM,0.3266158,0.2884769,0.36861625,0.29382417,0.3840385,0.2951642
prick,P,word2vec_recipe_1_HOM,0.31015736,0.36560073,0.43752548,0.4818955,0.4793081,0.48516798
gather,P,word2vec_recipe_1_HOM,0.37086874,0.42223144,0.43108857,0.44671953,0.45326197,0.43141225
cocoon,P,word2vec_recipe_1_HOM,0.21677808,0.21453154,0.26334417,0.28360215,0.28329757,0.3101347
sheep,P,word2vec_recipe_1_HOM,0.35239226,0.37548387,0.3955232,0.3713019,0.41128817,0.36564463
lettuce,P,word2vec_recipe_1_HOM,0.25998873,0.30612764,0.36734688,0.4036955,0.4071563,0.40739787
fool,P,word2vec_recipe_1_HOM,0.33622158,0.3652212,0.3916739,0.38063496,0.41445702,0.3981522
rave,P,word2vec_recipe_1_HOM,0.26777712,0.250458,0.3118334,0.2391564,0.3269446,0.24620044
stream,P,word2vec_recipe_1_HOM,0.31192154,0.39384866,0.44135737,0.48739508,0.4880308,0.49598294
tricky,P,word2vec_recipe_1_HOM,0.251661,0.18450214,0.2873892,0.18327495,0.30222473,0.18835758
decisive,P,word2vec_recipe_1_HOM,0.23250052,0.27873814,0.270618,0.2963791,0.28753087,0.31106767
intake,P,word2vec_recipe_1_HOM,0.2882002,0.21090522,0.34120724,0.28882334,0.35870862,0.30523023
mess,P,word2vec_recipe_1_HOM,0.29266632,0.2484869,0.3324913,0.23115712,0.34696984,0.23266807
describe,P,word2vec_recipe_1_HOM,0.18926784,0.162414,0.2135434,0.15651537,0.22314046,0.15930301
flock,H,word2vec_recipe_1_HOM,0.15884884,0.1680569,0.1879092,0.18598947,0.19931959,0.19779783
grab,P,word2vec_recipe_1_HOM,0.36930233,0.30308944,0.4148074,0.3288706,0.43111187,0.34009975
sucker,P,word2vec_recipe_1_HOM,0.288131,0.29461372,0.33444512,0.34781575,0.3542033,0.35363492
den,P,word2vec_recipe_1_HOM,0.23631677,0.24265921,0.26768944,0.26308692,0.28099766,0.2731308
encore,P,word2vec_recipe_1_HOM,0.1300017,0.12520261,0.1496955,0.15227358,0.158117,0.16278832
ambition,P,word2vec_recipe_1_HOM,0.15100674,0.17764835,0.17765528,0.18575595,0.1879489,0.1866255
middle,P,word2vec_recipe_1_HOM,0.35905442,0.40065223,0.4478438,0.41809428,0.47402397,0.41987705
feather,P,word2vec_recipe_1_HOM,0.37380433,0.33925423,0.4259443,0.36874086,0.4439041,0.38115552
motel,M,word2vec_recipe_1_HOM,0.1236516,0.13841806,0.14449292,0.16799124,0.1532955,0.1815402
drastic,P,word2vec_recipe_1_HOM,0.1077009,0.1133337,0.12897126,0.13919058,0.13857822,0.15408126
nail,P,word2vec_recipe_1_HOM,0.28828079,0.2876926,0.33066073,0.31227106,0.3476017,0.33507362
knit,P,word2vec_recipe_1_HOM,0.18818381,0.21272096,0.21878494,0.22942774,0.23372547,0.24800412
confession,P,word2vec_recipe_1_HOM,0.1507943,0.114029646,0.17538607,0.14275753,0.18639274,0.15311106
vicious,P,word2vec_recipe_1_HOM,0.21533895,0.18355712,0.24595453,0.20854546,0.25722477,0.22434515
nest,P,word2vec_recipe_1_HOM,0.37279055,0.44114608,0.44592553,0.4556903,0.47170213,0.46221876
dreamy,P,word2vec_recipe_1_HOM,0.29072332,0.26241505,0.33006862,0.29835597,0.34597737,0.29889786
hut,P,word2vec_recipe_1_HOM,0.25327307,0.27055305,0.31115425,0.29723105,0.33101583,0.29910415
rhythm,P,word2vec_recipe_1_HOM,0.2060692,0.19741377,0.23308605,0.19443704,0.24455696,0.199891
instruct,P,word2vec_recipe_1_HOM,0.27472454,0.2381703,0.3142137,0.24054039,0.3295407,0.24720879
perform,P,word2vec_recipe_1_HOM,0.312923,0.2797481,0.35887012,0.29549485,0.3772792,0.28869858
upstate,P,word2vec_recipe_1_HOM,0.15078267,0.15756835,0.17351484,0.1811391,0.18341377,0.1949957
kit,P,word2vec_recipe_1_HOM,0.38397363,0.38418397,0.43466836,0.37492797,0.4538369,0.37624335
producer,P,word2vec_recipe_1_HOM,0.095981866,0.12021637,0.11821642,0.15005821,0.12990856,0.16491441
monster,P,word2vec_recipe_1_HOM,0.27399945,0.25799027,0.32183033,0.30232084,0.3404153,0.31659585
goofy,M,word2vec_recipe_1_HOM,0.15589836,0.14554138,0.18348221,0.17546414,0.19444007,0.18591006
perk,H,word2vec_recipe_1_HOM,0.35171157,0.3836487,0.46602055,0.47965914,0.5033364,0.50267166
shaft,P,word2vec_recipe_1_HOM,0.29062507,0.32223693,0.34699672,0.37905747,0.3716233,0.3950713
suck,P,word2vec_recipe_1_HOM,0.2843769,0.27535823,0.33153033,0.28150332,0.3471963,0.28752288
primal,P,word2vec_recipe_1_HOM,0.25818652,0.21653712,0.2942497,0.23241806,0.30692592,0.24950278
invasion,P,word2vec_recipe_1_HOM,0.14008965,0.16434364,0.16273408,0.1912271,0.17147663,0.20554355
visa,P,word2vec_recipe_1_HOM,0.17811371,0.14015242,0.20291811,0.15189004,0.21186379,0.16098405
differ,P,word2vec_recipe_1_HOM,0.24406464,0.3012208,0.3137649,0.30158496,0.33961993,0.29500738
margin,P,word2vec_recipe_1_HOM,0.32785898,0.34173393,0.41851127,0.32679686,0.44418085,0.33205962
explosion,P,word2vec_recipe_1_HOM,0.34456745,0.34713295,0.3932381,0.34418952,0.4099884,0.34505
disregard,P,word2vec_recipe_1_HOM,0.3557004,0.27957416,0.40165633,0.27224597,0.4167614,0.2764686
rear,H,word2vec_recipe_1_HOM,0.2522335,0.2221382,0.30652854,0.3188348,0.33330834,0.35748026
counter,H,word2vec_recipe_1_HOM,0.30609253,0.3246084,0.39150012,0.38145283,0.42462385,0.40584382
redneck,P,word2vec_recipe_1_HOM,0.20242591,0.17023236,0.22924776,0.19095689,0.2400175,0.20339085
familiar,P,word2vec_recipe_1_HOM,0.258259,0.2342049,0.29070458,0.21708518,0.3025107,0.2174794
outfit,P,word2vec_recipe_1_HOM,0.26984864,0.2954307,0.32773927,0.37327164,0.35289332,0.3997088
hunt,P,word2vec_recipe_1_HOM,0.17776327,0.13048011,0.20398149,0.17154948,0.21502924,0.18960796
video,P,word2vec_recipe_1_HOM,0.21723588,0.24970204,0.28373006,0.26679936,0.30737028,0.26664355
trash,P,word2vec_recipe_1_HOM,0.35447103,0.40027592,0.425402,0.41859326,0.44836885,0.43161055
meter,H,word2vec_recipe_1_HOM,0.27473867,0.29683933,0.3139165,0.3307126,0.32981482,0.35033706
chopper,P,word2vec_recipe_1_HOM,0.31437525,0.32194754,0.40910313,0.40756842,0.45251352,0.44488564
orchard,P,word2vec_recipe_1_HOM,0.23092124,0.21974228,0.26539192,0.26022685,0.2794774,0.2621227
scatter,P,word2vec_recipe_1_HOM,0.32768285,0.42634,0.42333627,0.44788828,0.45246887,0.44129086
winner,M,word2vec_recipe_1_HOM,0.25143903,0.2521892,0.29003283,0.2769618,0.30525675,0.27087086
mush,H,word2vec_recipe_1_HOM,0.37427753,0.390308,0.42749995,0.35545203,0.44660142,0.35704696
utility,P,word2vec_recipe_1_HOM,0.413683,0.43671182,0.47587317,0.4810515,0.49957326,0.4923123
action,P,word2vec_recipe_1_HOM,0.34907094,0.3868756,0.41147953,0.42266104,0.43466797,0.4347993
rut,H,word2vec_recipe_1_HOM,0.13712505,0.112796955,0.15802747,0.1380314,0.16713932,0.1494543
melody,P,word2vec_recipe_1_HOM,0.20061603,0.19305159,0.22690149,0.21934463,0.23771189,0.23017558
television,P,word2vec_recipe_1_HOM,0.16322622,0.14673193,0.19304222,0.18069725,0.20716599,0.19196987
borrow,P,word2vec_recipe_1_HOM,0.1474271,0.12320095,0.16746782,0.14027981,0.17859386,0.15680979
danger,P,word2vec_recipe_1_HOM,0.2837034,0.25032625,0.33223984,0.2817354,0.35109973,0.2760473
script,P,word2vec_recipe_1_HOM,0.13053545,0.11273142,0.15342766,0.1412402,0.16279171,0.15368213
curb,P,word2vec_recipe_1_HOM,0.11717975,0.12595375,0.13940035,0.14154002,0.14799051,0.15187217
tile,P,word2vec_recipe_1_HOM,0.31939626,0.35978478,0.38093603,0.39435825,0.4023297,0.4016068
strategic,P,word2vec_recipe_1_HOM,0.2329103,0.2177118,0.26096877,0.23502888,0.2730972,0.2479539
normal,P,word2vec_recipe_1_HOM,0.26929584,0.23095739,0.3055303,0.21559247,0.31956697,0.22284216
diabetes,M,word2vec_recipe_1_HOM,0.16593309,0.16595738,0.18883394,0.17571168,0.20025249,0.18174566
partial,P,word2vec_recipe_1_HOM,0.30785617,0.17292185,0.33957368,0.17576191,0.35102,0.2085727
mitt,P,word2vec_recipe_1_HOM,0.34894022,0.3957424,0.4378083,0.4300918,0.46551293,0.43721256
fence,P,word2vec_recipe_1_HOM,0.16565308,0.18203948,0.20251574,0.22162259,0.22388314,0.25362584
fork,P,word2vec_recipe_1_HOM,0.36459038,0.4158415,0.46698582,0.51689553,0.51313484,0.5218068
lick,P,word2vec_recipe_1_HOM,0.31987888,0.23260623,0.36190754,0.26036376,0.37804496,0.26903203
overcome,P,word2vec_recipe_1_HOM,0.12131139,0.12313663,0.14346777,0.1551009,0.15310113,0.16351612
steer,H,word2vec_recipe_1_HOM,0.3226201,0.25093144,0.35684064,0.25074282,0.36920905,0.25616276
hallway,P,word2vec_recipe_1_HOM,0.17187534,0.2137437,0.20499064,0.25383446,0.21880604,0.27250287
cheat,P,word2vec_recipe_1_HOM,0.31561127,0.2795879,0.3548694,0.25918487,0.3689737,0.24794374
single,P,word2vec_recipe_1_HOM,0.38956022,0.46073315,0.47929576,0.49695337,0.51040477,0.48389772
shirt,M,word2vec_recipe_1_HOM,0.18758813,0.20221329,0.22682308,0.24216802,0.24764247,0.27049145
flight,H,word2vec_recipe_1_HOM,0.1565226,0.15781845,0.18113565,0.19447526,0.19275749,0.20606165
mixer,P,word2vec_recipe_1_HOM,0.24978907,0.35341674,0.3844528,0.40505108,0.44089162,0.44356245
thankful,M,word2vec_recipe_1_HOM,0.13058932,0.11531819,0.15285689,0.13678561,0.1641189,0.14776047
muscle,P,word2vec_recipe_1_HOM,0.28800952,0.26339993,0.35676497,0.34353706,0.38960588,0.37264127
behave,P,word2vec_recipe_1_HOM,0.15461786,0.12462589,0.17942177,0.14789163,0.19012368,0.15882717
suitcase,M,word2vec_recipe_1_HOM,0.13202927,0.14048138,0.15290855,0.15748157,0.16233838,0.1664996
price,P,word2vec_recipe_1_HOM,0.23521963,0.22184151,0.27382872,0.23999108,0.2898347,0.24896607
glamorous,M,word2vec_recipe_1_HOM,0.1303997,0.12557614,0.15261316,0.15177515,0.1612149,0.16519685
bowel,P,word2vec_recipe_1_HOM,0.39070153,0.41828835,0.47125214,0.47341278,0.4980265,0.46646923
advance,P,word2vec_recipe_1_HOM,0.30092582,0.37400445,0.4253054,0.4375813,0.47030717,0.4643807
curl,P,word2vec_recipe_1_HOM,0.43188763,0.49230987,0.48562932,0.46461305,0.50598586,0.46395645
delete,M,word2vec_recipe_1_HOM,0.27751598,0.3466494,0.33144382,0.3894453,0.35289055,0.3845865
cannibal,P,word2vec_recipe_1_HOM,0.117854,0.14123285,0.13956164,0.17231517,0.14957646,0.1852266
rendezvous,P,word2vec_recipe_1_HOM,0.15069392,0.17109996,0.18229751,0.20490167,0.19539434,0.2130425
snow,P,word2vec_recipe_1_HOM,0.32665154,0.33793762,0.4253548,0.43698755,0.4563424,0.4336781
issue,P,word2vec_recipe_1_HOM,0.23941176,0.22305313,0.27961904,0.22082733,0.29405943,0.22524773
gorgeous,M,word2vec_recipe_1_HOM,0.24683651,0.30629718,0.3128765,0.3490045,0.33717996,0.34955046
lump,P,word2vec_recipe_1_HOM,0.46204677,0.47316253,0.51712275,0.4443445,0.5347398,0.4357286
cloth,P,word2vec_recipe_1_HOM,0.2555545,0.2971693,0.38739023,0.41845024,0.43893635,0.46325284
faith,P,word2vec_recipe_1_HOM,0.2755951,0.26913777,0.42254555,0.35593134,0.4665876,0.3584469
doubtful,P,word2vec_recipe_1_HOM,0.08871676,0.095336325,0.109314725,0.12021876,0.119648114,0.13774806
salute,P,word2vec_recipe_1_HOM,0.29980642,0.26191026,0.35432464,0.320677,0.37222812,0.34044117
sulfur,P,word2vec_recipe_1_HOM,0.1746209,0.18810436,0.20923525,0.2111177,0.22441478,0.22160755
deed,P,word2vec_recipe_1_HOM,0.10953753,0.10583704,0.12737802,0.12428109,0.13607305,0.13887312
heat,P,word2vec_recipe_1_HOM,0.33397526,0.31486034,0.3900597,0.33150473,0.41379562,0.36066246
unbearable,M,word2vec_recipe_1_HOM,0.11741908,0.13324596,0.14104034,0.14902426,0.15119529,0.15573221
ambitious,P,word2vec_recipe_1_HOM,0.18692717,0.16345356,0.21589927,0.16497672,0.22777161,0.17463209
noble,P,word2vec_recipe_1_HOM,0.14628783,0.1579874,0.1714304,0.17967424,0.18168007,0.19347663
crystal,P,word2vec_recipe_1_HOM,0.37233925,0.35859996,0.43429038,0.3837667,0.45545384,0.39668754
underwater,P,word2vec_recipe_1_HOM,0.3782322,0.3975201,0.43868437,0.41434297,0.45946908,0.42065185
spaghetti,P,word2vec_recipe_1_HOM,0.2171689,0.2543732,0.31488654,0.3621938,0.35202706,0.39066207
pocket,P,word2vec_recipe_1_HOM,0.3736925,0.40536645,0.43447036,0.45240107,0.4590229,0.46099365
mental,P,word2vec_recipe_1_HOM,0.18642329,0.14577393,0.21471481,0.17635012,0.2262794,0.18497258
clipper,P,word2vec_recipe_1_HOM,0.14316875,0.15373465,0.1677488,0.17271279,0.17762536,0.18078402
jar,H,word2vec_recipe_1_HOM,0.2620341,0.33711532,0.3512207,0.39920428,0.398324,0.44613516
minimal,M,word2vec_recipe_1_HOM,0.3488943,0.30220574,0.39220282,0.28828967,0.40728778,0.2800008
coin,P,word2vec_recipe_1_HOM,0.31384763,0.29184228,0.368992,0.3238829,0.3927691,0.35087377
rejoice,P,word2vec_recipe_1_HOM,0.15137129,0.13285069,0.1723034,0.14985275,0.18165246,0.16053142
giraffe,M,word2vec_recipe_1_HOM,0.16982806,0.1780011,0.19804595,0.21009253,0.20943013,0.22669177
informal,P,word2vec_recipe_1_HOM,0.18780458,0.18570262,0.22303055,0.2195466,0.23750667,0.21994805
inner,P,word2vec_recipe_1_HOM,0.309815,0.3147236,0.37706402,0.3480201,0.4025832,0.368041
attendance,P,word2vec_recipe_1_HOM,0.115628734,0.116416015,0.13386366,0.13959143,0.14179394,0.14554586
utter,H,word2vec_recipe_1_HOM,0.2956328,0.26028386,0.33133027,0.2902664,0.34511414,0.29560503
mankind,P,word2vec_recipe_1_HOM,0.09777881,0.11401521,0.115016535,0.13026085,0.12263442,0.14205344
blob,P,word2vec_recipe_1_HOM,0.3105736,0.38852748,0.41419783,0.5008738,0.44784126,0.510768
discard,P,word2vec_recipe_1_HOM,0.335913,0.36559772,0.4190937,0.42419794,0.44879478,0.44238815
beetle,H,word2vec_recipe_1_HOM,0.19175504,0.20562336,0.23066074,0.2511095,0.24907482,0.27957183
pimple,M,word2vec_recipe_1_HOM,0.17575593,0.1663369,0.20010275,0.18745567,0.20967764,0.19900893
effort,P,word2vec_recipe_1_HOM,0.25203586,0.24999408,0.29405728,0.20868772,0.30927327,0.20318843
fish,P,word2vec_recipe_1_HOM,0.2074568,0.22774476,0.32751933,0.38032296,0.38083625,0.41755542
dust,P,word2vec_recipe_1_HOM,0.37981334,0.43168867,0.46541497,0.44860557,0.49101105,0.44745108
shortcut,P,word2vec_recipe_1_HOM,0.3108619,0.36227775,0.35452774,0.3472694,0.37265828,0.35939005
lift,P,word2vec_recipe_1_HOM,0.3239624,0.389886,0.39419094,0.39036104,0.41733432,0.39460948
pig,P,word2vec_recipe_1_HOM,0.31351638,0.38801843,0.37019196,0.41114274,0.39227813,0.41878012
molasses,M,word2vec_recipe_1_HOM,0.3479659,0.41811615,0.42184266,0.45393717,0.4469339,0.43401924
belt,P,word2vec_recipe_1_HOM,0.18721755,0.18966728,0.23249938,0.24720639,0.25387955,0.27177
uniform,P,word2vec_recipe_1_HOM,0.33686587,0.3850421,0.4041161,0.42511475,0.43058106,0.44302055
homestead,P,word2vec_recipe_1_HOM,0.12572868,0.13144541,0.14532153,0.15573017,0.15497725,0.16460142
apparent,P,word2vec_recipe_1_HOM,0.27828217,0.29231688,0.3341094,0.34110084,0.35437804,0.34570903
arrest,P,word2vec_recipe_1_HOM,0.274317,0.35328215,0.34645298,0.40697917,0.37662885,0.4186315
link,P,word2vec_recipe_1_HOM,0.3201109,0.2823583,0.38739526,0.34920257,0.41206837,0.3619361
solo,P,word2vec_recipe_1_HOM,0.39139038,0.3102983,0.43767777,0.35884887,0.45256168,0.36950362
adore,P,word2vec_recipe_1_HOM,0.11941967,0.11362927,0.13952123,0.1378034,0.14981498,0.14634016
floss,P,word2vec_recipe_1_HOM,0.34602857,0.3205791,0.41107637,0.361956,0.43286088,0.36768594
lawn,H,word2vec_recipe_1_HOM,0.18561979,0.21743555,0.22591569,0.25537696,0.24217843,0.27059335
commodity,P,word2vec_recipe_1_HOM,0.11121354,0.11714768,0.12891608,0.14064968,0.1374737,0.15181139
righteous,P,word2vec_recipe_1_HOM,0.15332422,0.15627955,0.17408128,0.18599956,0.18264136,0.19873157
wagon,P,word2vec_recipe_1_HOM,0.34300226,0.33264607,0.38533795,0.27823004,0.40094352,0.2700408
allowance,P,word2vec_recipe_1_HOM,0.21031651,0.21981426,0.24614988,0.25639722,0.26074174,0.2828747
decorate,P,word2vec_recipe_1_HOM,0.27207735,0.31180868,0.35374779,0.36320987,0.38482997,0.38482603
smack,H,word2vec_recipe_1_HOM,0.28685337,0.3756197,0.3751505,0.4437057,0.41063568,0.4518626
chapel,P,word2vec_recipe_1_HOM,0.1197413,0.1288811,0.14294498,0.16113776,0.15201959,0.17214964
marvel,P,word2vec_recipe_1_HOM,0.2840803,0.24556608,0.31906685,0.25251344,0.33278388,0.26235506
furry,P,word2vec_recipe_1_HOM,0.22736971,0.24467689,0.3272796,0.34273916,0.3643476,0.3628202
stag,P,word2vec_recipe_1_HOM,0.12098799,0.12623556,0.1419232,0.1574097,0.14992115,0.17148371
assemble,P,word2vec_recipe_1_HOM,0.42301598,0.45936054,0.52129745,0.45590028,0.5447403,0.442885
box,H,word2vec_recipe_1_HOM,0.29402953,0.29735413,0.40348008,0.41286704,0.45037246,0.4505729
orbit,P,word2vec_recipe_1_HOM,0.10221316,0.117839366,0.12781288,0.15486324,0.14235422,0.170131
laundry,P,word2vec_recipe_1_HOM,0.24753602,0.2520193,0.2982202,0.29585764,0.32050171,0.30324185
commit,P,word2vec_recipe_1_HOM,0.11405899,0.12028969,0.13106185,0.13711709,0.13930376,0.14881656
net,H,word2vec_recipe_1_HOM,0.28408775,0.21073306,0.31942746,0.14387809,0.33046097,0.12933646
hike,P,word2vec_recipe_1_HOM,0.23920445,0.20649774,0.27002224,0.21711004,0.28303477,0.2203044
slipper,M,word2vec_recipe_1_HOM,0.24807711,0.24509853,0.28614444,0.28441668,0.30299634,0.30499536
civil,P,word2vec_recipe_1_HOM,0.13786945,0.13491167,0.16408628,0.16176663,0.17675728,0.17572474
author,P,word2vec_recipe_1_HOM,0.17723459,0.17644091,0.20821352,0.21136333,0.22393994,0.22076519
meaningful,M,word2vec_recipe_1_HOM,0.17958306,0.1819857,0.21086368,0.20891587,0.22347932,0.21361086
importance,P,word2vec_recipe_1_HOM,0.14185306,0.11509523,0.16661121,0.14282264,0.17730092,0.15423748
venture,P,word2vec_recipe_1_HOM,0.11987726,0.11128769,0.1393959,0.13188228,0.1482434,0.14422084
shovel,P,word2vec_recipe_1_HOM,0.34191018,0.3701947,0.41268352,0.39645663,0.43558392,0.40458286
finish,P,word2vec_recipe_1_HOM,0.39106804,0.3574051,0.43951267,0.3515219,0.4556599,0.35533178
discomfort,P,word2vec_recipe_1_HOM,0.16047831,0.1552314,0.18937236,0.17881517,0.20230901,0.1899432
tire,H,word2vec_recipe_1_HOM,0.18726102,0.19274774,0.22249506,0.23798667,0.23643063,0.25960416
garden,P,word2vec_recipe_1_HOM,0.29261228,0.31841165,0.34210557,0.3348856,0.36031452,0.3385065
rearrange,P,word2vec_recipe_1_HOM,0.4304042,0.42624664,0.49609593,0.42288995,0.51698565,0.4332085
deluxe,P,word2vec_recipe_1_HOM,0.19674675,0.1713072,0.23338741,0.18091497,0.24936143,0.1912628
patron,P,word2vec_recipe_1_HOM,0.13308476,0.14893003,0.17376289,0.19544758,0.19494662,0.23057342
goody,P,word2vec_recipe_1_HOM,0.16506454,0.16472076,0.19499423,0.18637171,0.20956086,0.19508852
previous,P,word2vec_recipe_1_HOM,0.37663403,0.41016868,0.43321377,0.38413632,0.45358604,0.383295
outlet,P,word2vec_recipe_1_HOM,0.20230222,0.2297743,0.24170516,0.27041307,0.25817943,0.29067203
comparison,P,word2vec_recipe_1_HOM,0.14899987,0.14312698,0.17211743,0.14794388,0.18231666,0.16213372
electric,P,word2vec_recipe_1_HOM,0.2813179,0.29683504,0.40140954,0.40008384,0.45611274,0.44636866
bathroom,P,word2vec_recipe_1_HOM,0.2586297,0.26193124,0.30599168,0.31417593,0.3245389,0.31708157
sheer,H,word2vec_recipe_1_HOM,0.24090323,0.19337635,0.2720846,0.19920102,0.28518623,0.206807
insist,P,word2vec_recipe_1_HOM,0.28989428,0.22917739,0.3365135,0.21833117,0.35149303,0.21769026
original,P,word2vec_recipe_1_HOM,0.36094213,0.2904152,0.4063219,0.27107877,0.42028916,0.26727438
cheesecake,P,word2vec_recipe_1_HOM,0.28743395,0.38025033,0.37618402,0.43636066,0.40609384,0.43695825
unprepared,P,word2vec_recipe_1_HOM,0.29873076,0.1933886,0.37834314,0.33107826,0.41823143,0.37336642
ignite,P,word2vec_recipe_1_HOM,0.28936538,0.33385438,0.42766726,0.49464825,0.469787,0.5202884
spotlight,P,word2vec_recipe_1_HOM,0.17131415,0.16872407,0.19588776,0.20433173,0.20621677,0.21717754
stage,P,word2vec_recipe_1_HOM,0.26313353,0.19724968,0.36475545,0.3367783,0.43594047,0.4398181
multiple,P,word2vec_recipe_1_HOM,0.3503455,0.34639198,0.40080112,0.3198112,0.41782868,0.3264249
protector,P,word2vec_recipe_1_HOM,0.37415406,0.38306603,0.43683007,0.4579999,0.4600421,0.46158013
creep,P,word2vec_recipe_1_HOM,0.21817443,0.1934529,0.24946949,0.21274959,0.2620118,0.21817368
sharpen,M,word2vec_recipe_1_HOM,0.35982424,0.3751718,0.40642777,0.38556522,0.42460412,0.39741483
nonsense,P,word2vec_recipe_1_HOM,0.14487207,0.12334432,0.16566592,0.14136606,0.17578444,0.15134653
absolute,P,word2vec_recipe_1_HOM,0.26930815,0.23322067,0.30547333,0.26395503,0.31928203,0.26168412
nasty,P,word2vec_recipe_1_HOM,0.23949592,0.2495622,0.28599715,0.27623588,0.3049572,0.29082122
mermaid,M,word2vec_recipe_1_HOM,0.21325664,0.2463077,0.25931937,0.29117638,0.27686253,0.3036634
flash,P,word2vec_recipe_1_HOM,0.4689629,0.48474595,0.5182431,0.4442896,0.53388333,0.44234508
piggyback,P,word2vec_recipe_1_HOM,0.16268703,0.19522305,0.18789455,0.22665738,0.19896907,0.24117339
blind,P,word2vec_recipe_1_HOM,0.3831887,0.4490933,0.48202062,0.5015075,0.512125,0.50810456
billion,P,word2vec_recipe_1_HOM,0.21710531,0.1869861,0.24435373,0.19189577,0.25484797,0.19432129
stock,P,word2vec_recipe_1_HOM,0.252151,0.2925861,0.35996905,0.40424144,0.3928605,0.41199204
messy,P,word2vec_recipe_1_HOM,0.25840876,0.26257285,0.29685268,0.22443609,0.3114813,0.23122971
doorway,M,word2vec_recipe_1_HOM,0.14098985,0.1629895,0.17703731,0.21801245,0.19676638,0.24570915
farmers,M,word2vec_recipe_1_HOM,0.32119614,0.33419338,0.37709442,0.3280612,0.39529145,0.33889014
suit,P,word2vec_recipe_1_HOM,0.26095206,0.29052773,0.35921657,0.38146985,0.39566043,0.39442828
seaweed,P,word2vec_recipe_1_HOM,0.23150611,0.31254554,0.30212733,0.36057168,0.3381844,0.3865605
heartbreak,M,word2vec_recipe_1_HOM,0.10841711,0.14315005,0.13165319,0.16744414,0.1411935,0.18171169
fountain,P,word2vec_recipe_1_HOM,0.27590805,0.2571696,0.31860498,0.3077771,0.33912507,0.3356041
planet,P,word2vec_recipe_1_HOM,0.20591278,0.17539318,0.23441452,0.20494592,0.24587306,0.20917295
vacation,P,word2vec_recipe_1_HOM,0.14885479,0.14935003,0.17447841,0.17422187,0.18486246,0.19080444
necessary,P,word2vec_recipe_1_HOM,0.28457037,0.24251942,0.3999384,0.32217607,0.437574,0.3450768
ninth,P,word2vec_recipe_1_HOM,0.21663296,0.28989184,0.3026183,0.30183417,0.32633132,0.29588407
blame,P,word2vec_recipe_1_HOM,0.11616693,0.113403186,0.1386962,0.13833696,0.15089436,0.15515302
doorknob,M,word2vec_recipe_1_HOM,0.1491791,0.18062893,0.19012299,0.22178845,0.21200308,0.2617048
mutt,M,word2vec_recipe_1_HOM,0.090367936,0.10418255,0.11925146,0.14412944,0.1329106,0.16523188
height,P,word2vec_recipe_1_HOM,0.35899335,0.40032348,0.41890824,0.37286702,0.4387308,0.37471005
sensual,P,word2vec_recipe_1_HOM,0.16848932,0.15203021,0.1909835,0.17760144,0.20063671,0.18541205
contestant,P,word2vec_recipe_1_HOM,0.30595875,0.28754023,0.35898548,0.27263325,0.3801902,0.2962946
jig,H,word2vec_recipe_1_HOM,0.14647289,0.18150872,0.17786162,0.22465342,0.1914447,0.24055378
screwball,P,word2vec_recipe_1_HOM,0.10350396,0.12400671,0.13634196,0.16160087,0.15408084,0.17562278
cartoon,P,word2vec_recipe_1_HOM,0.21403718,0.21089248,0.2433022,0.22439507,0.2564953,0.23463589
tunnel,P,word2vec_recipe_1_HOM,0.35680935,0.37429062,0.4103266,0.40114883,0.4303904,0.40613076
vessel,P,word2vec_recipe_1_HOM,0.39639512,0.43129978,0.44799164,0.4774771,0.46799847,0.48172823
weapon,P,word2vec_recipe_1_HOM,0.23727047,0.17134884,0.26654124,0.19464958,0.27858177,0.19086872
peroxide,P,word2vec_recipe_1_HOM,0.20837831,0.24169481,0.2782365,0.30901352,0.305077,0.3363559
contact,P,word2vec_recipe_1_HOM,0.41654715,0.40751085,0.47715083,0.43812388,0.5020222,0.44413817
neutralize,P,word2vec_recipe_1_HOM,0.19051664,0.20359123,0.23762076,0.2484415,0.25870478,0.27186295
slight,P,word2vec_recipe_1_HOM,0.40170366,0.38007623,0.45128644,0.40206456,0.47320542,0.40120235
stubborn,P,word2vec_recipe_1_HOM,0.27063388,0.27319726,0.31903842,0.31181574,0.33886224,0.3227676
ruler,P,word2vec_recipe_1_HOM,0.2680509,0.28792742,0.32994443,0.31966934,0.35256517,0.3265526
maximum,P,word2vec_recipe_1_HOM,0.38545084,0.41576004,0.4437279,0.37674215,0.46227118,0.3850802
signal,P,word2vec_recipe_1_HOM,0.34820312,0.33143136,0.46423545,0.4222507,0.50435185,0.46218306
ramp,P,word2vec_recipe_1_HOM,0.32836813,0.39560017,0.40430653,0.44259638,0.4308647,0.44855884
wrapped,P,word2vec_recipe_1_HOM,0.36332557,0.4496667,0.45613825,0.49893144,0.48696342,0.5087611
custard,M,word2vec_recipe_1_HOM,0.33534747,0.44202173,0.41059312,0.48760137,0.43921608,0.4873889
component,P,word2vec_recipe_1_HOM,0.29539412,0.22906996,0.33009416,0.24360569,0.34288275,0.25289452
suspension,P,word2vec_recipe_1_HOM,0.23193708,0.23041339,0.26734978,0.27403352,0.28303152,0.28009984
code,P,word2vec_recipe_1_HOM,0.19853166,0.16388805,0.22576188,0.16604276,0.2374441,0.18195291
loosen,P,word2vec_recipe_1_HOM,0.36975428,0.41479146,0.4665146,0.45305526,0.49918106,0.46598363
generous,P,word2vec_recipe_1_HOM,0.35385424,0.45343903,0.4401735,0.50364864,0.46986213,0.48716748
ham,H,word2vec_recipe_1_HOM,0.33615527,0.4447945,0.39580697,0.4470201,0.42143118,0.4315464
exist,P,word2vec_recipe_1_HOM,0.1998327,0.18409686,0.23687471,0.19514441,0.25186208,0.20681672
shout,P,word2vec_recipe_1_HOM,0.16811231,0.1521192,0.19463748,0.16468816,0.2058273,0.18059851
bold,P,word2vec_recipe_1_HOM,0.22788677,0.21111488,0.271884,0.24336286,0.29503724,0.27643585
torture,P,word2vec_recipe_1_HOM,0.12026308,0.11158969,0.14366323,0.13614342,0.15454225,0.14636955
wrecking,P,word2vec_recipe_1_HOM,0.12049279,0.14164783,0.14095247,0.16501226,0.15026806,0.17720056
shampoo,P,word2vec_recipe_1_HOM,0.25952536,0.25559825,0.34280398,0.33186823,0.37828612,0.36485255
mare,H,word2vec_recipe_1_HOM,0.12728602,0.12273008,0.16633858,0.17530257,0.18924958,0.19963354
bundle,P,word2vec_recipe_1_HOM,0.3182885,0.40667436,0.40017486,0.45911112,0.43211097,0.47665346
snag,P,word2vec_recipe_1_HOM,0.13116519,0.13147433,0.15726079,0.16021529,0.16908711,0.1764953
method,P,word2vec_recipe_1_HOM,0.29036838,0.29137683,0.35089535,0.33502594,0.37340808,0.33707476
blazer,M,word2vec_recipe_1_HOM,0.2918495,0.2582792,0.33758882,0.29127645,0.353666,0.2859973
approach,P,word2vec_recipe_1_HOM,0.22184078,0.15261285,0.24828035,0.15901108,0.25830218,0.17103902
anchor,P,word2vec_recipe_1_HOM,0.3129947,0.30576336,0.35342404,0.31267583,0.36942405,0.32841277
rattle,P,word2vec_recipe_1_HOM,0.2268105,0.21216503,0.26569498,0.2632116,0.2808937,0.26932558
espresso,M,word2vec_recipe_1_HOM,0.25221074,0.31083527,0.35179546,0.39914298,0.3902674,0.4309524
quit,P,word2vec_recipe_1_HOM,0.2441357,0.22501816,0.28031203,0.23098794,0.29564232,0.23174877
slate,P,word2vec_recipe_1_HOM,0.28698707,0.30877116,0.3351521,0.3487579,0.3556327,0.35772124
repair,H,word2vec_recipe_1_HOM,0.25432968,0.27420318,0.32023135,0.31226572,0.34175438,0.3164559
create,P,word2vec_recipe_1_HOM,0.3580535,0.47829306,0.43051374,0.40657482,0.45601422,0.3832195
foil,H,word2vec_recipe_1_HOM,0.23845229,0.2756806,0.35584274,0.36057183,0.39832577,0.38157174
physician,P,word2vec_recipe_1_HOM,0.11159225,0.12309404,0.13503689,0.14626281,0.14536077,0.15966947
leaky,P,word2vec_recipe_1_HOM,0.1692822,0.15245491,0.2007484,0.18751384,0.2117181,0.19806121
rough,P,word2vec_recipe_1_HOM,0.34481126,0.38693795,0.40715215,0.44614235,0.4337237,0.4666978
month,P,word2vec_recipe_1_HOM,0.27997702,0.33976135,0.4088488,0.40214702,0.44953406,0.4209864
indicate,P,word2vec_recipe_1_HOM,0.28132796,0.30017754,0.33711934,0.30976918,0.35602257,0.30716577
dispatch,P,word2vec_recipe_1_HOM,0.23317604,0.26348928,0.26608044,0.29645693,0.2788395,0.29442236
jazz,M,word2vec_recipe_1_HOM,0.29885003,0.31039885,0.35176226,0.28700048,0.37033966,0.29470596
incorrect,P,word2vec_recipe_1_HOM,0.13339384,0.14198889,0.15971524,0.16703416,0.16948,0.18082805
watermelon,P,word2vec_recipe_1_HOM,0.24951151,0.2973436,0.33627227,0.3491185,0.36962622,0.3711183
ritual,P,word2vec_recipe_1_HOM,0.14519975,0.13323486,0.1676955,0.15392935,0.17716032,0.16252896
interior,P,word2vec_recipe_1_HOM,0.36346892,0.4366598,0.45918328,0.4400885,0.48684174,0.456796
porch,P,word2vec_recipe_1_HOM,0.2765603,0.25427336,0.3324936,0.32488233,0.35331962,0.3391915
unload,P,word2vec_recipe_1_HOM,0.14600551,0.17294334,0.17044015,0.20249042,0.18044902,0.21913184
radius,P,word2vec_recipe_1_HOM,0.21079502,0.19921093,0.250079,0.24940605,0.26561308,0.26198146
camp,H,word2vec_recipe_1_HOM,0.31455326,0.32077914,0.3720902,0.3205578,0.38940048,0.3162646
college,P,word2vec_recipe_1_HOM,0.18731274,0.18671593,0.2185362,0.21150815,0.23065102,0.22682478
stalk,H,word2vec_recipe_1_HOM,0.26223442,0.31456414,0.34784472,0.3887574,0.3824921,0.4174608
accord,P,word2vec_recipe_1_HOM,0.33457473,0.32717893,0.39565426,0.3498249,0.41662636,0.35454226
unreal,P,word2vec_recipe_1_HOM,0.10860143,0.1288675,0.12757882,0.15634504,0.13611782,0.17536947
spider,M,word2vec_recipe_1_HOM,0.38818035,0.40662795,0.44593686,0.37382486,0.4670684,0.39341754
sweetheart,P,word2vec_recipe_1_HOM,0.19651277,0.19927712,0.23230115,0.2200624,0.24830247,0.23771678
torso,P,word2vec_recipe_1_HOM,0.17171703,0.19416,0.2169955,0.24782798,0.23999062,0.27956012
animal,P,word2vec_recipe_1_HOM,0.34511486,0.36321625,0.3848362,0.3476896,0.40129498,0.34140947
climb,P,word2vec_recipe_1_HOM,0.35478756,0.3766945,0.42053586,0.40697104,0.4447129,0.41800112
detergent,P,word2vec_recipe_1_HOM,0.22663493,0.2568143,0.31349856,0.33682397,0.3472184,0.3551383
slope,P,word2vec_recipe_1_HOM,0.26421818,0.2717515,0.3073925,0.31007555,0.32401955,0.31756303
test,H,word2vec_recipe_1_HOM,0.37150738,0.44516373,0.45591938,0.45626932,0.48177093,0.44293022
dedicate,P,word2vec_recipe_1_HOM,0.1482807,0.113454014,0.17129014,0.14443438,0.1807631,0.15382247
weary,P,word2vec_recipe_1_HOM,0.087179534,0.10145996,0.107835315,0.12751247,0.11640904,0.1429325
pace,H,word2vec_recipe_1_HOM,0.38373443,0.34017307,0.44628793,0.38807198,0.46980226,0.41107398
painless,P,word2vec_recipe_1_HOM,0.15770191,0.15990862,0.18664859,0.19014125,0.19743165,0.20363182
hardware,P,word2vec_recipe_1_HOM,0.19299181,0.18909052,0.26186955,0.26106092,0.28707275,0.2991129
snappy,P,word2vec_recipe_1_HOM,0.3014827,0.3281407,0.35795686,0.35362542,0.37662178,0.36024386
ordinary,P,word2vec_recipe_1_HOM,0.32829237,0.30511576,0.36288154,0.27690428,0.3752059,0.26840243
marvelous,P,word2vec_recipe_1_HOM,0.23944223,0.26833558,0.29251844,0.31421608,0.31200942,0.32442495
gravel,P,word2vec_recipe_1_HOM,0.31012136,0.37274733,0.41257054,0.47460675,0.44880784,0.49861348
thermal,P,word2vec_recipe_1_HOM,0.2645224,0.28227207,0.31351042,0.36116305,0.33504426,0.37968487
spaceship,M,word2vec_recipe_1_HOM,0.20182562,0.20947206,0.2389769,0.25978905,0.25395924,0.28485474
layer,P,word2vec_recipe_1_HOM,0.38883078,0.44332036,0.46352357,0.42407188,0.4878073,0.43853945
disaster,P,word2vec_recipe_1_HOM,0.14872012,0.14298508,0.17348228,0.15519996,0.18409987,0.15872009
mile,P,word2vec_recipe_1_HOM,0.43211165,0.30540383,0.47814065,0.3110549,0.4917115,0.31088737
suggestion,P,word2vec_recipe_1_HOM,0.29739204,0.3493615,0.36218762,0.35491547,0.38481534,0.35680184
devour,P,word2vec_recipe_1_HOM,0.3424606,0.38867933,0.42975852,0.40225026,0.45574504,0.38481808
shiny,P,word2vec_recipe_1_HOM,0.32591,0.35463446,0.39882365,0.40419498,0.42928475,0.414324
puffy,P,word2vec_recipe_1_HOM,0.34772706,0.41063377,0.42522904,0.48000303,0.4535566,0.48253393
sanity,P,word2vec_recipe_1_HOM,0.11044095,0.107535705,0.13011608,0.13278599,0.13961472,0.14513706
tend,H,word2vec_recipe_1_HOM,0.28888455,0.33774802,0.36361343,0.29889116,0.3847306,0.2724444
philosophy,P,word2vec_recipe_1_HOM,0.075124934,0.09866162,0.089961424,0.12002738,0.09892685,0.13433638
bite,P,word2vec_recipe_1_HOM,0.38182598,0.34580463,0.45852923,0.44263437,0.49185073,0.45825288
resident,P,word2vec_recipe_1_HOM,0.10893814,0.11595917,0.13182802,0.14748193,0.1433729,0.16456372
globe,P,word2vec_recipe_1_HOM,0.25989166,0.2416914,0.32711175,0.34906968,0.35688102,0.39105475
sled,P,word2vec_recipe_1_HOM,0.15664653,0.17327622,0.1902794,0.22115795,0.20897873,0.24670415
hat,P,word2vec_recipe_1_HOM,0.20501716,0.20467018,0.25437617,0.25058228,0.27931994,0.2822596
alley,H,word2vec_recipe_1_HOM,0.14682437,0.14972514,0.17307185,0.17564632,0.18405513,0.19225343
uptown,P,word2vec_recipe_1_HOM,0.13868198,0.15003036,0.16172327,0.175957,0.171807,0.1866302
eerie,M,word2vec_recipe_1_HOM,0.1961422,0.20499755,0.23579456,0.19307931,0.24894123,0.20306145
canoe,P,word2vec_recipe_1_HOM,0.31838664,0.39899045,0.3802296,0.3897786,0.40076008,0.40586025
boost,P,word2vec_recipe_1_HOM,0.29314715,0.25421894,0.34070203,0.29596525,0.35909432,0.30025318
soap,P,word2vec_recipe_1_HOM,0.27563697,0.28702113,0.35346308,0.34606385,0.38571206,0.3593054
choke,P,word2vec_recipe_1_HOM,0.24595042,0.26099986,0.3675928,0.3815138,0.40951774,0.4074083
apron,P,word2vec_recipe_1_HOM,0.24737036,0.25419644,0.29846513,0.30959702,0.32019055,0.32547745
homey,M,word2vec_recipe_1_HOM,0.21151038,0.22382134,0.2470767,0.25432307,0.2606379,0.25945443
liquor,P,word2vec_recipe_1_HOM,0.3313162,0.33763146,0.39387769,0.35626793,0.41965684,0.3772936
discipline,P,word2vec_recipe_1_HOM,0.18753615,0.20564796,0.23323277,0.22251895,0.24877486,0.21308535
dominant,P,word2vec_recipe_1_HOM,0.3037868,0.31823707,0.35967264,0.34525174,0.38129628,0.37630403
heavenly,P,word2vec_recipe_1_HOM,0.26286525,0.23113064,0.3114159,0.24602087,0.33251274,0.2638388
charger,P,word2vec_recipe_1_HOM,0.27082536,0.27570155,0.38196027,0.36295795,0.41733447,0.3990644
canteen,P,word2vec_recipe_1_HOM,0.14474963,0.17402385,0.16846284,0.2065052,0.17985725,0.21636458
switch,P,word2vec_recipe_1_HOM,0.40896234,0.4939699,0.4662303,0.49670586,0.48808265,0.4875459
driveway,M,word2vec_recipe_1_HOM,0.15013878,0.14983478,0.17268814,0.16295712,0.18281159,0.17946436
trivial,M,word2vec_recipe_1_HOM,0.0909906,0.10135132,0.10726163,0.12038531,0.1154736,0.133432
sad,P,word2vec_recipe_1_HOM,0.2638844,0.24889714,0.31112242,0.26602584,0.3296834,0.26974016
smelly,M,word2vec_recipe_1_HOM,0.16838269,0.16107582,0.19869901,0.18464503,0.21112281,0.19738294
dislike,P,word2vec_recipe_1_HOM,0.19327411,0.16861549,0.2240637,0.18681154,0.23686881,0.2008954
ridiculous,M,word2vec_recipe_1_HOM,0.1429739,0.15273999,0.17216459,0.17066534,0.18446484,0.1771581
dubious,P,word2vec_recipe_1_HOM,0.103355765,0.105509065,0.12292583,0.124104075,0.13281468,0.13843496
spotless,P,word2vec_recipe_1_HOM,0.187694,0.18571715,0.21555881,0.2054817,0.2271543,0.21519883
bikini,M,word2vec_recipe_1_HOM,0.22653428,0.19780752,0.2659997,0.23668535,0.28264165,0.2611003
viable,P,word2vec_recipe_1_HOM,0.10144315,0.10716888,0.12277396,0.13421799,0.13449487,0.15354241
triangle,P,word2vec_recipe_1_HOM,0.24134779,0.2941141,0.30625147,0.34875265,0.334069,0.35824394
scorpion,P,word2vec_recipe_1_HOM,0.21350989,0.20912655,0.25186414,0.25599793,0.26871583,0.2641315
catalog,P,word2vec_recipe_1_HOM,0.12788332,0.13505083,0.15329437,0.15996234,0.1639318,0.17667912
chef,M,word2vec_recipe_1_HOM,0.25520763,0.26727048,0.29803905,0.24227351,0.31298363,0.24438405
pout,H,word2vec_recipe_1_HOM,0.35368955,0.39036134,0.42178208,0.36417902,0.44234735,0.3777809
symbolic,P,word2vec_recipe_1_HOM,0.10680242,0.10737837,0.12383578,0.12513895,0.13273385,0.13965857
celebrity,P,word2vec_recipe_1_HOM,0.12314715,0.13630728,0.14477104,0.1599459,0.15367608,0.17041562
agree,P,word2vec_recipe_1_HOM,0.12266655,0.106324695,0.14277884,0.13491414,0.15328151,0.14558554
cry,P,word2vec_recipe_1_HOM,0.2613956,0.20466715,0.3001684,0.22883289,0.31519765,0.24021846
expensive,P,word2vec_recipe_1_HOM,0.2395742,0.27952287,0.2914196,0.2910281,0.31061476,0.29014823
pamphlet,M,word2vec_recipe_1_HOM,0.12844476,0.11729666,0.15093446,0.14570506,0.16047074,0.16278924
renegade,P,word2vec_recipe_1_HOM,0.13814582,0.14274596,0.15847969,0.16355151,0.16813345,0.17501065
bop,H,word2vec_recipe_1_HOM,0.1449881,0.16281834,0.1671573,0.18044402,0.17650469,0.19358453
stray,P,word2vec_recipe_1_HOM,0.27967355,0.29565415,0.36595574,0.3606632,0.39950812,0.4018026
concept,P,word2vec_recipe_1_HOM,0.13465336,0.12515369,0.16085523,0.15494177,0.17141792,0.16550994
absorb,P,word2vec_recipe_1_HOM,0.3670297,0.44895756,0.45809865,0.46208104,0.4858522,0.440149
laughter,P,word2vec_recipe_1_HOM,0.23487398,0.27251574,0.36354962,0.34846967,0.41454434,0.35756886
referee,P,word2vec_recipe_1_HOM,0.16911262,0.1738634,0.20901416,0.23765804,0.22693908,0.26653296
available,P,word2vec_recipe_1_HOM,0.21507517,0.24380745,0.3097865,0.29021963,0.35115448,0.31621042
upside,P,word2vec_recipe_1_HOM,0.38499603,0.4450719,0.46780032,0.4499773,0.4946508,0.47432217
load,P,word2vec_recipe_1_HOM,0.37855643,0.332331,0.42533034,0.37502626,0.44196847,0.38522777
factory,M,word2vec_recipe_1_HOM,0.2679308,0.2841117,0.3104536,0.2993956,0.3254852,0.3022089
moonlight,P,word2vec_recipe_1_HOM,0.18879104,0.18743233,0.21618582,0.21033569,0.22784615,0.22177972
lighten,H,word2vec_recipe_1_HOM,0.39029667,0.36443293,0.45106065,0.41766417,0.48184493,0.42990917
rebuild,P,word2vec_recipe_1_HOM,0.21358427,0.21161221,0.2418973,0.2074936,0.25340784,0.21350747
moron,P,word2vec_recipe_1_HOM,0.15044248,0.16756828,0.17312282,0.19497593,0.18254963,0.2015386
trashy,M,word2vec_recipe_1_HOM,0.13179539,0.119395755,0.15254469,0.14084247,0.16191326,0.1541021
forehead,P,word2vec_recipe_1_HOM,0.14026102,0.18193154,0.17557582,0.22694646,0.19543694,0.26088986
overalls,P,word2vec_recipe_1_HOM,0.14512616,0.17503212,0.17755783,0.22597595,0.19142245,0.24292715
extraction,P,word2vec_recipe_1_HOM,0.29443464,0.28735512,0.33209556,0.29134718,0.3484192,0.30899853
alcohol,P,word2vec_recipe_1_HOM,0.31400767,0.37550178,0.3842151,0.43545341,0.41123456,0.44118366
completion,P,word2vec_recipe_1_HOM,0.3536156,0.32937387,0.41132015,0.38102415,0.4333506,0.37914687
remake,P,word2vec_recipe_1_HOM,0.3117872,0.2422352,0.34976915,0.26061782,0.36345154,0.26551002
server,P,word2vec_recipe_1_HOM,0.34047398,0.35613674,0.43791157,0.43022725,0.4723809,0.43683335
bulb,P,word2vec_recipe_1_HOM,0.32645625,0.3652879,0.39759713,0.37985292,0.42573,0.4002067
passport,P,word2vec_recipe_1_HOM,0.11227192,0.11464392,0.13347527,0.15377791,0.14319901,0.16883604
maroon,H,word2vec_recipe_1_HOM,0.24544589,0.26937908,0.3002664,0.3330929,0.3239109,0.35758588
shaky,P,word2vec_recipe_1_HOM,0.22965267,0.23460019,0.330563,0.32522875,0.3660349,0.3237574
jumper,H,word2vec_recipe_1_HOM,0.14412367,0.14483465,0.1686078,0.16509165,0.17892574,0.1761701
expert,P,word2vec_recipe_1_HOM,0.20715186,0.18523815,0.23448439,0.19076179,0.24514057,0.20109689
disease,P,word2vec_recipe_1_HOM,0.15476625,0.13705496,0.19656645,0.17484124,0.2151302,0.19270618
motivation,P,word2vec_recipe_1_HOM,0.10284151,0.10597983,0.11885634,0.13222446,0.12678683,0.13986905
wise,H,word2vec_recipe_1_HOM,0.2386233,0.23556189,0.34863678,0.31949082,0.38658533,0.35408026
historical,P,word2vec_recipe_1_HOM,0.10523562,0.11941835,0.12567218,0.15066625,0.135498,0.16420397
parallel,P,word2vec_recipe_1_HOM,0.27751085,0.30978,0.34803894,0.35885486,0.3737104,0.3687198
drown,P,word2vec_recipe_1_HOM,0.2999826,0.29261452,0.3576857,0.27091852,0.37805116,0.28559098
foolproof,P,word2vec_recipe_1_HOM,0.30146182,0.31327793,0.36320484,0.34041035,0.38426858,0.33421674
clover,P,word2vec_recipe_1_HOM,0.34105748,0.3746965,0.417548,0.44263363,0.4431148,0.45263597
committee,M,word2vec_recipe_1_HOM,0.10798091,0.12767605,0.12700704,0.15230662,0.13572517,0.16441418
crap,M,word2vec_recipe_1_HOM,0.27289605,0.2722633,0.32115415,0.24108496,0.33761832,0.24286929
raccoon,P,word2vec_recipe_1_HOM,0.2906481,0.3475132,0.34439397,0.36159357,0.3640097,0.35046217
pearly,P,word2vec_recipe_1_HOM,0.2701947,0.27133638,0.320359,0.32670557,0.3395254,0.33409053
pointer,P,word2vec_recipe_1_HOM,0.20312186,0.25850454,0.26779282,0.31449285,0.29136172,0.3288725
cab,H,word2vec_recipe_1_HOM,0.18945086,0.18658113,0.22203942,0.23595412,0.24044137,0.26112768
swipe,P,word2vec_recipe_1_HOM,0.37813598,0.40744567,0.42084163,0.41727462,0.43821523,0.42739433
analogy,P,word2vec_recipe_1_HOM,0.08439066,0.09071657,0.10179798,0.11788611,0.11059448,0.1309632
shame,P,word2vec_recipe_1_HOM,0.13277733,0.12658814,0.15447281,0.14804657,0.16495888,0.15878502
list,H,word2vec_recipe_1_HOM,0.29186958,0.28683284,0.3586945,0.30264843,0.37966186,0.28885984
curve,P,word2vec_recipe_1_HOM,0.32068458,0.34230262,0.39672196,0.385478,0.42307106,0.39560992
twirl,P,word2vec_recipe_1_HOM,0.37452167,0.4223957,0.43605152,0.46287057,0.46113664,0.4747962
frantic,P,word2vec_recipe_1_HOM,0.1695899,0.14898893,0.19464497,0.15493488,0.20443413,0.1639469
slice,P,word2vec_recipe_1_HOM,0.3088861,0.3423497,0.37739387,0.35358214,0.40557382,0.36221954
function,P,word2vec_recipe_1_HOM,0.33621544,0.35630432,0.42616045,0.43571964,0.4633014,0.46796778
spin,P,word2vec_recipe_1_HOM,0.43402785,0.46529564,0.5051735,0.50695604,0.52763635,0.53070265
graceful,M,word2vec_recipe_1_HOM,0.11403348,0.10873607,0.13293351,0.13194609,0.14226013,0.15042852
drought,P,word2vec_recipe_1_HOM,0.21412936,0.20051616,0.24152905,0.22145808,0.2525518,0.23567197
downtown,P,word2vec_recipe_1_HOM,0.12500584,0.13949388,0.15396903,0.16246286,0.16609423,0.17200866
expression,P,word2vec_recipe_1_HOM,0.14117885,0.18143131,0.1738777,0.2166059,0.18786602,0.23661739
sheet,H,word2vec_recipe_1_HOM,0.2510311,0.25516498,0.32066834,0.28535238,0.35615116,0.3082547
icy,P,word2vec_recipe_1_HOM,0.35228235,0.40115508,0.4335388,0.4225545,0.46116143,0.43854004
surgery,P,word2vec_recipe_1_HOM,0.13823155,0.13114154,0.16294113,0.15993267,0.17432077,0.17693175
risk,P,word2vec_recipe_1_HOM,0.34650263,0.38087025,0.4411543,0.34653154,0.46641162,0.34161636
shallow,P,word2vec_recipe_1_HOM,0.3662896,0.38541844,0.41990253,0.45579526,0.44787744,0.4831153
bandage,P,word2vec_recipe_1_HOM,0.17405231,0.19235292,0.207472,0.23129539,0.22285908,0.25540853
mast,H,word2vec_recipe_1_HOM,0.28757772,0.30530748,0.33043918,0.36135235,0.34733143,0.3734772
crest,P,word2vec_recipe_1_HOM,0.25125378,0.24233702,0.2837111,0.26373315,0.29683888,0.272837
decline,P,word2vec_recipe_1_HOM,0.08349738,0.108625405,0.10316443,0.12698284,0.11321196,0.14261506
peck,H,word2vec_recipe_1_HOM,0.27296105,0.31210354,0.32422507,0.32002932,0.34041855,0.31716928
legacy,P,word2vec_recipe_1_HOM,0.13298848,0.13268298,0.15312506,0.1617307,0.16087687,0.17365037
carton,P,word2vec_recipe_1_HOM,0.38826412,0.38380146,0.45885617,0.44968882,0.48397627,0.46019804
achieve,P,word2vec_recipe_1_HOM,0.3083281,0.303612,0.39821583,0.34550983,0.43514755,0.37489
gem,P,word2vec_recipe_1_HOM,0.42274252,0.38746452,0.4716439,0.45087597,0.48968795,0.4644624
habit,P,word2vec_recipe_1_HOM,0.14765234,0.12153425,0.16720861,0.13594349,0.17639026,0.14643513
speedy,M,word2vec_recipe_1_HOM,0.22163136,0.16392754,0.26257727,0.20333523,0.28295302,0.22038421
ponder,P,word2vec_recipe_1_HOM,0.13770401,0.12124781,0.1597859,0.13845761,0.16841927,0.14898118
germ,P,word2vec_recipe_1_HOM,0.28436726,0.356492,0.38117936,0.45601007,0.4181391,0.47388795
favor,P,word2vec_recipe_1_HOM,0.25543374,0.1609008,0.2826221,0.18671758,0.29301798,0.1932077
swim,P,word2vec_recipe_1_HOM,0.32364997,0.22485653,0.36024693,0.26200658,0.3735839,0.27503744
weed,H,word2vec_recipe_1_HOM,0.30127078,0.3392563,0.3715518,0.36213607,0.39904663,0.37176
mobile,P,word2vec_recipe_1_HOM,0.16377974,0.1667588,0.18838993,0.18581288,0.19836989,0.19766986
rudder,P,word2vec_recipe_1_HOM,0.14889257,0.1684417,0.18146826,0.18406993,0.19318081,0.1915836
membership,P,word2vec_recipe_1_HOM,0.06853883,0.09039644,0.0836781,0.11474816,0.092229575,0.13046707
masquerade,P,word2vec_recipe_1_HOM,0.15356264,0.16647327,0.17864111,0.20113927,0.18971688,0.2050003
runaway,P,word2vec_recipe_1_HOM,0.15073617,0.16262776,0.17572738,0.18123382,0.18618175,0.19335042
ceramic,P,word2vec_recipe_1_HOM,0.3170952,0.38788143,0.3966209,0.46097583,0.43273228,0.48118496
tragedy,P,word2vec_recipe_1_HOM,0.11216991,0.11231334,0.131602,0.13817269,0.14104037,0.15087098
commentary,P,word2vec_recipe_1_HOM,0.14751165,0.16844591,0.18530478,0.20352459,0.20073074,0.20881596
argument,P,word2vec_recipe_1_HOM,0.14177832,0.12203457,0.16372333,0.14072205,0.17335789,0.15453194
stable,H,word2vec_recipe_1_HOM,0.35696405,0.29475337,0.3947055,0.30603227,0.40986854,0.31623217
suction,P,word2vec_recipe_1_HOM,0.26494998,0.25005895,0.30349013,0.29349962,0.31730172,0.29938146
dense,P,word2vec_recipe_1_HOM,0.30572906,0.34089568,0.35214916,0.36980298,0.37271082,0.365441
fund,P,word2vec_recipe_1_HOM,0.13743468,0.11131021,0.16117625,0.14403835,0.17091408,0.16022207
wholesome,P,word2vec_recipe_1_HOM,0.23920754,0.27216518,0.29500103,0.33520845,0.3167833,0.3493314
summon,P,word2vec_recipe_1_HOM,0.11135205,0.12079642,0.1261477,0.13801241,0.13403775,0.14497861
modern,P,word2vec_recipe_1_HOM,0.23467684,0.23126574,0.26352918,0.23817822,0.27493447,0.23764229
tempo,P,word2vec_recipe_1_HOM,0.19255066,0.18734905,0.21599613,0.19773349,0.22553177,0.2048541
crusty,P,word2vec_recipe_1_HOM,0.368021,0.37755,0.44715843,0.46456084,0.47495818,0.49506763
patience,P,word2vec_recipe_1_HOM,0.28629854,0.2270758,0.35106876,0.2791756,0.37283948,0.27234355
brood,P,word2vec_recipe_1_HOM,0.2185553,0.22456475,0.24926092,0.25592604,0.26144943,0.26226428
vanilla,P,word2vec_recipe_1_HOM,0.277818,0.30940372,0.34756202,0.32463098,0.3755546,0.34418407
scare,P,word2vec_recipe_1_HOM,0.17677137,0.12771973,0.20258588,0.15156966,0.21226154,0.15947457
thread,P,word2vec_recipe_1_HOM,0.3808989,0.3701391,0.49753302,0.474892,0.5335258,0.47658047
airline,P,word2vec_recipe_1_HOM,0.16220129,0.17242962,0.19853674,0.20665666,0.21418986,0.22706956
neck,P,word2vec_recipe_1_HOM,0.264211,0.34189856,0.35045087,0.4071734,0.38760734,0.42936513
rob,P,word2vec_recipe_1_HOM,0.16330102,0.18312345,0.19157094,0.20267256,0.20469461,0.2172907
vine,P,word2vec_recipe_1_HOM,0.33111408,0.40049812,0.38936436,0.4261577,0.4144047,0.4402199
toxic,P,word2vec_recipe_1_HOM,0.17516258,0.18462665,0.20893104,0.20821613,0.22352189,0.2211539
imagine,P,word2vec_recipe_1_HOM,0.2252188,0.15914072,0.25006837,0.17416796,0.26017267,0.17942065
display,P,word2vec_recipe_1_HOM,0.34517896,0.32603997,0.38947907,0.33879218,0.40690935,0.347728
discourage,P,word2vec_recipe_1_HOM,0.2597298,0.30872285,0.3211923,0.34435025,0.3459752,0.34682736
member,P,word2vec_recipe_1_HOM,0.26674026,0.20746982,0.2996871,0.23041609,0.31348237,0.2280579
artery,P,word2vec_recipe_1_HOM,0.11629651,0.11910128,0.1356731,0.14111626,0.14387764,0.15511441
trusty,P,word2vec_recipe_1_HOM,0.287469,0.3349402,0.34968567,0.36615855,0.37441555,0.37696582
smear,P,word2vec_recipe_1_HOM,0.3710963,0.46415338,0.47349557,0.46181676,0.5013787,0.46807694
acre,P,word2vec_recipe_1_HOM,0.20039594,0.1897291,0.22842422,0.2118879,0.23958561,0.2144445
wedge,P,word2vec_recipe_1_HOM,0.3348071,0.3916652,0.4065835,0.43373677,0.43535638,0.45490864
sticker,P,word2vec_recipe_1_HOM,0.30553755,0.36714843,0.38767475,0.4440758,0.41790146,0.4523184
rig,P,word2vec_recipe_1_HOM,0.25734767,0.2630597,0.29831454,0.27875823,0.3133315,0.2841703
occupy,P,word2vec_recipe_1_HOM,0.13617614,0.14466707,0.15770212,0.15369834,0.16633476,0.1661378
joint,P,word2vec_recipe_1_HOM,0.2482981,0.286906,0.34512764,0.36863714,0.38775367,0.4096417
teach,P,word2vec_recipe_1_HOM,0.11197772,0.10382574,0.1375529,0.13556018,0.1482578,0.148901
warm,P,word2vec_recipe_1_HOM,0.39677486,0.4357473,0.46876842,0.4274539,0.49219885,0.41916767
decadent,P,word2vec_recipe_1_HOM,0.24801254,0.3185752,0.31938994,0.36421806,0.35162422,0.3829324
pond,M,word2vec_recipe_1_HOM,0.29804343,0.29138255,0.33650544,0.3134487,0.35323605,0.32436317
wars,P,word2vec_recipe_1_HOM,0.18278141,0.18377413,0.21423694,0.20583957,0.22499001,0.21649863
skate,H,word2vec_recipe_1_HOM,0.30920297,0.30167875,0.37438294,0.41294423,0.40690005,0.43326256
pluck,P,word2vec_recipe_1_HOM,0.33723006,0.30401048,0.38946205,0.36988747,0.41173935,0.39915025
stroke,P,word2vec_recipe_1_HOM,0.29962808,0.3020244,0.3540238,0.34594107,0.3743259,0.35922372
booth,P,word2vec_recipe_1_HOM,0.23017716,0.21815503,0.2652648,0.23731104,0.27778178,0.25137344
offend,P,word2vec_recipe_1_HOM,0.094089985,0.102821216,0.1106583,0.12889531,0.11963298,0.13618816
vacuum,P,word2vec_recipe_1_HOM,0.29788283,0.29639682,0.36058208,0.36157298,0.38531312,0.393428
hostess,P,word2vec_recipe_1_HOM,0.25760385,0.26915887,0.298581,0.30103397,0.31404924,0.30674928
above,P,word2vec_recipe_1_HOM,0.3518149,0.38433838,0.43876773,0.40703085,0.46667498,0.41054696
fussy,P,word2vec_recipe_1_HOM,0.19595662,0.14938861,0.23002563,0.16832282,0.24550956,0.18340659
pest,P,word2vec_recipe_1_HOM,0.27449825,0.30281,0.31737617,0.3386666,0.33448806,0.35091713
juggle,P,word2vec_recipe_1_HOM,0.16460833,0.13578795,0.19230902,0.17301221,0.20370449,0.1815448
convention,P,word2vec_recipe_1_HOM,0.2356575,0.26536122,0.28591448,0.34176403,0.30455533,0.35518932
doom,P,word2vec_recipe_1_HOM,0.15313897,0.1498198,0.1762319,0.18047327,0.18623665,0.19184142
hump,P,word2vec_recipe_1_HOM,0.25589433,0.2439565,0.29595554,0.27497363,0.31164828,0.29285827
onion,P,word2vec_recipe_1_HOM,0.27634457,0.2710723,0.3457482,0.30187207,0.37294984,0.32281718
source,P,word2vec_recipe_1_HOM,0.4047181,0.46896276,0.47141853,0.48444423,0.49395153,0.4725048
stead,M,word2vec_recipe_1_HOM,0.4038678,0.44512588,0.45540622,0.4254526,0.4732839,0.4275581
fake,P,word2vec_recipe_1_HOM,0.30429578,0.25726146,0.33935958,0.31957498,0.3529319,0.32186806
journey,P,word2vec_recipe_1_HOM,0.14688429,0.11226992,0.1688591,0.13364016,0.18028194,0.1469943
develop,P,word2vec_recipe_1_HOM,0.33278775,0.38558045,0.40752706,0.4053705,0.43616313,0.41146323
snitch,M,word2vec_recipe_1_HOM,0.11744336,0.12655176,0.13871984,0.14969808,0.14897048,0.15851252
profile,P,word2vec_recipe_1_HOM,0.23110524,0.21036488,0.2695234,0.24075454,0.283577,0.23788509
zap,P,word2vec_recipe_1_HOM,0.27981278,0.28836882,0.38518915,0.4093172,0.44477367,0.48576435
ugly,P,word2vec_recipe_1_HOM,0.3181628,0.3119042,0.37134188,0.35086966,0.3900003,0.3458517
intact,M,word2vec_recipe_1_HOM,0.33629456,0.34736335,0.39502794,0.36922145,0.41821548,0.3932558
laugh,P,word2vec_recipe_1_HOM,0.19456902,0.17817938,0.22809128,0.1861606,0.24207284,0.19355547
boat,P,word2vec_recipe_1_HOM,0.4301564,0.5167658,0.49293986,0.4908936,0.51252145,0.4799497
consult,P,word2vec_recipe_1_HOM,0.21065624,0.24568829,0.2683085,0.3050667,0.29276514,0.31011686
equivalent,P,word2vec_recipe_1_HOM,0.37383956,0.44335458,0.42068663,0.46903583,0.44039145,0.4737298
upstanding,P,word2vec_recipe_1_HOM,0.26630133,0.301581,0.32141444,0.32814574,0.34350562,0.33788013
century,P,word2vec_recipe_1_HOM,0.2639972,0.20802891,0.303953,0.22610974,0.32044667,0.23405947
scum,P,word2vec_recipe_1_HOM,0.3004614,0.35332915,0.41309223,0.40178266,0.44666862,0.4158294
neurotic,P,word2vec_recipe_1_HOM,0.08263356,0.09606902,0.10369869,0.12712689,0.11435621,0.14445673
dealer,P,word2vec_recipe_1_HOM,0.13965829,0.18726848,0.1644866,0.18716782,0.1745372,0.18674499
chain,P,word2vec_recipe_1_HOM,0.22606926,0.16153215,0.25850147,0.19947265,0.27091244,0.21478584
classy,M,word2vec_recipe_1_HOM,0.2711218,0.233396,0.3040404,0.24627356,0.31512043,0.25056005
poisonous,P,word2vec_recipe_1_HOM,0.16994648,0.16845152,0.19475165,0.17509012,0.2071551,0.18303491
sweep,P,word2vec_recipe_1_HOM,0.34679818,0.34826276,0.40048528,0.38868088,0.4217518,0.4030645
brazen,P,word2vec_recipe_1_HOM,0.1843669,0.20675237,0.21096773,0.25275096,0.22241898,0.26048592
relish,P,word2vec_recipe_1_HOM,0.3049411,0.38657174,0.3875115,0.39873257,0.41388795,0.38143983
revenge,P,word2vec_recipe_1_HOM,0.13718536,0.1369891,0.1592665,0.16985835,0.16944273,0.18320332
airspace,P,word2vec_recipe_1_HOM,0.24899343,0.2768194,0.3003766,0.32829034,0.3206256,0.34842154
upcoming,M,word2vec_recipe_1_HOM,0.13037655,0.12251326,0.15465732,0.13629268,0.1650835,0.15024137
arch,H,word2vec_recipe_1_HOM,0.1926923,0.20126079,0.22537374,0.23906305,0.24126287,0.2597226
visualize,P,word2vec_recipe_1_HOM,0.13275723,0.1336681,0.1565706,0.147398,0.16663872,0.15811776
crispy,P,word2vec_recipe_1_HOM,0.33298793,0.42950505,0.43825254,0.50670767,0.46917197,0.51260257
useless,P,word2vec_recipe_1_HOM,0.18854146,0.1575695,0.21412884,0.17613098,0.22568886,0.17978285
nut,P,word2vec_recipe_1_HOM,0.28622025,0.35208514,0.35534957,0.34217045,0.379479,0.33195388
fasten,P,word2vec_recipe_1_HOM,0.28464943,0.350028,0.39160576,0.42076427,0.42953336,0.43280527
spatula,M,word2vec_recipe_1_HOM,0.2630173,0.3419905,0.39645022,0.43500468,0.44402543,0.4559385
shuttle,P,word2vec_recipe_1_HOM,0.18047377,0.17638028,0.20424503,0.19641472,0.2140751,0.21062757
nitrogen,P,word2vec_recipe_1_HOM,0.27150056,0.3124826,0.3231782,0.34376907,0.34423855,0.36279508
sofa,M,word2vec_recipe_1_HOM,0.24485067,0.2238157,0.27741843,0.2359971,0.28989616,0.23721536
prairie,M,word2vec_recipe_1_HOM,0.18592523,0.17700168,0.2152522,0.20142409,0.22796543,0.20565417
afford,P,word2vec_recipe_1_HOM,0.1701904,0.1272271,0.19821848,0.14782286,0.2088732,0.15590583
shank,P,word2vec_recipe_1_HOM,0.2726795,0.3598896,0.36391914,0.44020277,0.4013913,0.45332277
closet,P,word2vec_recipe_1_HOM,0.23542199,0.26863945,0.2778118,0.28965512,0.2954088,0.29846814
butler,M,word2vec_recipe_1_HOM,0.17305997,0.18692008,0.2074713,0.23454262,0.22385257,0.26149067
cop,H,word2vec_recipe_1_HOM,0.2799898,0.2711521,0.31669715,0.31013462,0.33061546,0.3264374
thud,P,word2vec_recipe_1_HOM,0.17053287,0.20728263,0.20702796,0.23445217,0.2217173,0.23874915
asset,P,word2vec_recipe_1_HOM,0.18635648,0.21962509,0.21622986,0.23301345,0.22741674,0.22955376
penetrate,P,word2vec_recipe_1_HOM,0.35726157,0.42868644,0.44248077,0.45921454,0.47011903,0.45777607
volcanic,P,word2vec_recipe_1_HOM,0.23907109,0.20350346,0.26882938,0.21820049,0.28043774,0.23111653
gravy,P,word2vec_recipe_1_HOM,0.35272437,0.42169595,0.44127667,0.4776381,0.47047317,0.4829916
casino,P,word2vec_recipe_1_HOM,0.24094868,0.25276515,0.30132312,0.2802357,0.325226,0.2928323
floppy,P,word2vec_recipe_1_HOM,0.27240387,0.30725116,0.3227633,0.32770023,0.34630984,0.32401115
dare,P,word2vec_recipe_1_HOM,0.26799494,0.27250737,0.31872746,0.26440254,0.33937076,0.26398692
mix,P,word2vec_recipe_1_HOM,0.3299187,0.39853603,0.39533925,0.4084838,0.41645706,0.4038106
dynamite,P,word2vec_recipe_1_HOM,0.21237817,0.2295853,0.24629706,0.23954907,0.25951526,0.24752676
pizza,M,word2vec_recipe_1_HOM,0.31747538,0.35604775,0.40724957,0.42371118,0.44230968,0.43607002
arrogant,P,word2vec_recipe_1_HOM,0.17408338,0.17994389,0.20172521,0.215548,0.21288314,0.22634785
canopy,P,word2vec_recipe_1_HOM,0.14819476,0.17341228,0.18073711,0.22618796,0.19505939,0.24619646
crater,P,word2vec_recipe_1_HOM,0.34061402,0.3918505,0.43483788,0.48591945,0.46670738,0.49611408
thermos,P,word2vec_recipe_1_HOM,0.32240987,0.32595986,0.38480446,0.42590883,0.4134249,0.4438966
palace,P,word2vec_recipe_1_HOM,0.15877186,0.17285553,0.18656044,0.18901215,0.19895096,0.19887337
nuclear,P,word2vec_recipe_1_HOM,0.17721796,0.2017389,0.2046794,0.21969926,0.21646479,0.22913998
page,H,word2vec_recipe_1_HOM,0.32085323,0.18583347,0.38333413,0.2337472,0.4111338,0.26892304
wilt,P,word2vec_recipe_1_HOM,0.33209556,0.42365155,0.41522846,0.4449079,0.44506603,0.4440902
writer,P,word2vec_recipe_1_HOM,0.15464567,0.13809852,0.18325089,0.16714086,0.19538306,0.18100667
souvenir,M,word2vec_recipe_1_HOM,0.14245252,0.14830321,0.16480598,0.17034782,0.17444073,0.17686231
unhealthy,P,word2vec_recipe_1_HOM,0.12113626,0.11659871,0.14047974,0.14150286,0.15034704,0.15166166
tart,H,word2vec_recipe_1_HOM,0.25691846,0.35329455,0.38546455,0.49129286,0.4299376,0.5158767
overtime,P,word2vec_recipe_1_HOM,0.13923223,0.17228527,0.16109125,0.19573808,0.17051905,0.20302764
sire,P,word2vec_recipe_1_HOM,0.21926086,0.24353509,0.256433,0.2799264,0.27213946,0.2915701
summer,P,word2vec_recipe_1_HOM,0.267448,0.31645042,0.33881122,0.3549058,0.36060005,0.35424057
coleslaw,M,word2vec_recipe_1_HOM,0.28898993,0.38867256,0.38295355,0.42426395,0.41486603,0.41700414
mortar,H,word2vec_recipe_1_HOM,0.24728552,0.2899617,0.3722891,0.4013556,0.41659987,0.426925
insomnia,M,word2vec_recipe_1_HOM,0.13016964,0.1760125,0.15809214,0.19155215,0.16865449,0.20317827
spend,P,word2vec_recipe_1_HOM,0.29948315,0.24808148,0.33998597,0.2298693,0.353199,0.22639795
concession,P,word2vec_recipe_1_HOM,0.119013235,0.108096965,0.13948175,0.12833993,0.14876807,0.14077514
screw,P,word2vec_recipe_1_HOM,0.29592985,0.32072267,0.41750786,0.40732437,0.46724877,0.4554031
guru,P,word2vec_recipe_1_HOM,0.11342271,0.13334878,0.1345274,0.15577666,0.14510065,0.1694605
recital,P,word2vec_recipe_1_HOM,0.14090748,0.1587264,0.16155276,0.18278801,0.17095219,0.19006748
sentence,P,word2vec_recipe_1_HOM,0.11758806,0.10235861,0.13927346,0.12772427,0.15013188,0.14488445
blossom,P,word2vec_recipe_1_HOM,0.37737852,0.39178425,0.4393083,0.4621354,0.46135834,0.47436783
amount,P,word2vec_recipe_1_HOM,0.38368568,0.43693238,0.48449075,0.4870333,0.5097332,0.46767807
comment,P,word2vec_recipe_1_HOM,0.24820736,0.20276906,0.27702478,0.19741936,0.28918868,0.21176556
await,P,word2vec_recipe_1_HOM,0.23296818,0.18736595,0.26992667,0.20581341,0.28417438,0.21296446
stuffy,P,word2vec_recipe_1_HOM,0.1627461,0.20078225,0.1865097,0.23566526,0.19721115,0.24869187
dime,M,word2vec_recipe_1_HOM,0.27375025,0.28289315,0.37306032,0.38619986,0.40744695,0.4030026
impressive,M,word2vec_recipe_1_HOM,0.23345606,0.26325056,0.29047418,0.31253412,0.312846,0.31866658
settle,H,word2vec_recipe_1_HOM,0.3516344,0.43399575,0.42046383,0.44196558,0.44094917,0.4159354
decoration,P,word2vec_recipe_1_HOM,0.31977457,0.32549697,0.38479045,0.37756115,0.40723118,0.389276
digestion,P,word2vec_recipe_1_HOM,0.1946742,0.16876651,0.23893996,0.20067957,0.2572075,0.21423979
relaxation,P,word2vec_recipe_1_HOM,0.1431526,0.14981459,0.16344386,0.15707476,0.17265049,0.16855276
budget,P,word2vec_recipe_1_HOM,0.2641853,0.24799192,0.29889357,0.27107546,0.31264627,0.27907714
sloppy,P,word2vec_recipe_1_HOM,0.29224512,0.3492079,0.36887226,0.30765396,0.39459637,0.3164938
grain,P,word2vec_recipe_1_HOM,0.41594562,0.4631632,0.49629092,0.5104971,0.522311,0.50505793
disconnect,P,word2vec_recipe_1_HOM,0.16361266,0.18431099,0.19848461,0.24444388,0.2177821,0.26516828
bypass,P,word2vec_recipe_1_HOM,0.1772969,0.1466534,0.20324546,0.15176423,0.21386726,0.16193926
swear,P,word2vec_recipe_1_HOM,0.13919792,0.12434992,0.1666737,0.14470556,0.17804945,0.15418307
junk,H,word2vec_recipe_1_HOM,0.29469067,0.3025277,0.32898477,0.28805158,0.3420884,0.29677284
poster,M,word2vec_recipe_1_HOM,0.24483986,0.235173,0.28994325,0.26205093,0.3095207,0.29002935
sickness,P,word2vec_recipe_1_HOM,0.14003305,0.1327617,0.16335554,0.15655172,0.17402159,0.16911149
exercise,P,word2vec_recipe_1_HOM,0.20160207,0.15601636,0.22933905,0.17651659,0.2406686,0.18606889
widow,P,word2vec_recipe_1_HOM,0.1888144,0.19565336,0.22068793,0.2303561,0.23353286,0.2361604
seafood,M,word2vec_recipe_1_HOM,0.27259117,0.3501976,0.34740818,0.39442524,0.36952102,0.38210058
breakfast,P,word2vec_recipe_1_HOM,0.31860262,0.33110186,0.37635928,0.37776074,0.39513764,0.37325153
snob,P,word2vec_recipe_1_HOM,0.13393557,0.13172168,0.15310638,0.15117879,0.16157337,0.16458145
capture,P,word2vec_recipe_1_HOM,0.32491803,0.38372573,0.3957405,0.38618815,0.42011136,0.39559513
assign,P,word2vec_recipe_1_HOM,0.117672205,0.119795054,0.14080597,0.13928126,0.1512525,0.15273465
horseshoe,P,word2vec_recipe_1_HOM,0.26306012,0.25817132,0.3126591,0.31218815,0.33381602,0.34445712
calf,H,word2vec_recipe_1_HOM,0.24695489,0.2519463,0.2982303,0.26017463,0.31564754,0.27055556
hunk,P,word2vec_recipe_1_HOM,0.38984996,0.45635018,0.4530357,0.43314824,0.47382534,0.4294845
provide,P,word2vec_recipe_1_HOM,0.31221575,0.3348864,0.37120876,0.32920322,0.39218795,0.32455903
pill,P,word2vec_recipe_1_HOM,0.25632167,0.26251167,0.29169843,0.31379566,0.305768,0.32711083
bottom,P,word2vec_recipe_1_HOM,0.3739746,0.34125406,0.45005265,0.3492518,0.47397193,0.36858484
quadrant,P,word2vec_recipe_1_HOM,0.28520793,0.2680089,0.33646077,0.31896734,0.35882264,0.34014842
sod,P,word2vec_recipe_1_HOM,0.08617563,0.039350916,0.10021127,0.036238074,0.10855299,0.04599344
smell,P,word2vec_recipe_1_HOM,0.26181984,0.30015504,0.3581976,0.42578492,0.3894593,0.407683
sneeze,P,word2vec_recipe_1_HOM,0.110622205,0.12614241,0.12835473,0.14208508,0.13672538,0.152134
tango,P,word2vec_recipe_1_HOM,0.19320738,0.20864384,0.24023163,0.2656708,0.25983325,0.28858706
burst,P,word2vec_recipe_1_HOM,0.39062363,0.4560273,0.48719478,0.55219764,0.5158482,0.5441681
literal,P,word2vec_recipe_1_HOM,0.20397162,0.20614044,0.22951812,0.22025317,0.2397627,0.2352395
dame,P,word2vec_recipe_1_HOM,0.14138126,0.13609986,0.16282186,0.16613016,0.17224409,0.17591666
fellow,P,word2vec_recipe_1_HOM,0.12493424,0.11244187,0.14614551,0.13781387,0.15634894,0.15145946
gauze,P,word2vec_recipe_1_HOM,0.26951098,0.30408537,0.35316032,0.40786642,0.3910758,0.43779776
moisture,M,word2vec_recipe_1_HOM,0.35914436,0.3958546,0.42951748,0.4147237,0.4554453,0.3971436
shape,P,word2vec_recipe_1_HOM,0.334806,0.3875478,0.40833908,0.383229,0.44138163,0.3970057
pretzel,P,word2vec_recipe_1_HOM,0.33078083,0.37686113,0.40328085,0.43138096,0.4299735,0.43763214
brunette,P,word2vec_recipe_1_HOM,0.17703608,0.18194227,0.20201144,0.2040276,0.21164972,0.21530709
temper,P,word2vec_recipe_1_HOM,0.36299863,0.42791295,0.44120407,0.45463032,0.4702865,0.45578495
frown,P,word2vec_recipe_1_HOM,0.17478542,0.18996322,0.20651393,0.22833957,0.2221561,0.24639148
category,M,word2vec_recipe_1_HOM,0.24146676,0.20546708,0.27722135,0.204672,0.29054064,0.21816719
bonus,P,word2vec_recipe_1_HOM,0.27076426,0.24767853,0.3020227,0.2900682,0.31507066,0.30198276
harmful,M,word2vec_recipe_1_HOM,0.15039155,0.1699893,0.17953199,0.20127827,0.19381294,0.20610793
dab,H,word2vec_recipe_1_HOM,0.356968,0.4406568,0.44072273,0.4678292,0.4669564,0.46355966
attend,P,word2vec_recipe_1_HOM,0.16102555,0.12853853,0.18770689,0.15486504,0.199239,0.16287178
hatchet,P,word2vec_recipe_1_HOM,0.17856649,0.22759858,0.21447834,0.25998107,0.23223698,0.27901533
bedroom,M,word2vec_recipe_1_HOM,0.11265002,0.12634741,0.13320526,0.14562647,0.14376153,0.15894164
field,P,word2vec_recipe_1_HOM,0.42315236,0.4552029,0.4765678,0.44336787,0.49482805,0.4508732
basin,P,word2vec_recipe_1_HOM,0.38863713,0.44811904,0.46287432,0.514366,0.486752,0.53509414
intense,P,word2vec_recipe_1_HOM,0.23228276,0.24957009,0.29153138,0.28702208,0.32049462,0.30322814
weirdo,M,word2vec_recipe_1_HOM,0.09173105,0.10242674,0.11063378,0.1282326,0.12015785,0.14247473
cloudy,P,word2vec_recipe_1_HOM,0.31913918,0.31693703,0.37975624,0.35538936,0.40035477,0.36557886
maple,P,word2vec_recipe_1_HOM,0.29015955,0.35377812,0.3807827,0.42152104,0.41445673,0.4517924
distract,P,word2vec_recipe_1_HOM,0.10882757,0.11977227,0.1280061,0.13195632,0.13829124,0.1467644
nod,P,word2vec_recipe_1_HOM,0.15382187,0.12987383,0.17319289,0.15658441,0.1829401,0.16690351
horrible,P,word2vec_recipe_1_HOM,0.16654542,0.14369182,0.19194366,0.16260558,0.20223972,0.17195237
orchid,P,word2vec_recipe_1_HOM,0.19965109,0.24315216,0.25224403,0.28114107,0.27844787,0.29405275
fret,H,word2vec_recipe_1_HOM,0.24109694,0.21472421,0.286249,0.22063999,0.3029994,0.22938871
element,P,word2vec_recipe_1_HOM,0.3520151,0.38236305,0.43698505,0.43394166,0.46534714,0.45646214
liable,P,word2vec_recipe_1_HOM,0.13402739,0.14048651,0.1611121,0.15628193,0.17301558,0.16804406
overcoat,M,word2vec_recipe_1_HOM,0.17244498,0.18463005,0.20357627,0.18425114,0.21661463,0.19178985
cavity,M,word2vec_recipe_1_HOM,0.31624487,0.38637063,0.41590673,0.4564408,0.4530281,0.47069794
impression,P,word2vec_recipe_1_HOM,0.38677824,0.45980683,0.48215544,0.47455853,0.50865394,0.46511713
vent,P,word2vec_recipe_1_HOM,0.33312404,0.40487972,0.43910652,0.46649393,0.47224975,0.4590247
walnut,P,word2vec_recipe_1_HOM,0.35724697,0.3905366,0.42603263,0.38113877,0.44759667,0.35991398
tribute,P,word2vec_recipe_1_HOM,0.1334672,0.13445374,0.1560778,0.15427986,0.1660407,0.16960676
wager,P,word2vec_recipe_1_HOM,0.10733299,0.10162654,0.1282629,0.12854485,0.13811818,0.14226313
inventory,P,word2vec_recipe_1_HOM,0.132211,0.13864659,0.15317704,0.15098213,0.1622076,0.16360451
wiggle,P,word2vec_recipe_1_HOM,0.33726978,0.37164485,0.40076637,0.39195615,0.42220184,0.4022203
aggressive,P,word2vec_recipe_1_HOM,0.22091195,0.22781332,0.26217782,0.25808856,0.28273636,0.27159983
bamboo,P,word2vec_recipe_1_HOM,0.3456521,0.40531522,0.4328857,0.48176953,0.4653105,0.47704962
clown,P,word2vec_recipe_1_HOM,0.15195103,0.1808555,0.19222493,0.23703091,0.21302769,0.26462454
hassle,P,word2vec_recipe_1_HOM,0.22129376,0.17425667,0.24845095,0.17796968,0.2601982,0.18069556
sauerkraut,M,word2vec_recipe_1_HOM,0.33445007,0.38071015,0.4230241,0.3915605,0.4508115,0.3909501
hydraulic,P,word2vec_recipe_1_HOM,0.2783937,0.3171801,0.32444274,0.34033266,0.34083366,0.356156
chocolate,P,word2vec_recipe_1_HOM,0.19603276,0.28501338,0.29247653,0.38069415,0.33394277,0.39178598
volume,P,word2vec_recipe_1_HOM,0.31698486,0.35359395,0.4290683,0.45494452,0.46927696,0.48292089
plantation,P,word2vec_recipe_1_HOM,0.21061757,0.16830732,0.23931822,0.1938526,0.25334686,0.19951367
lamp,P,word2vec_recipe_1_HOM,0.34201556,0.30326355,0.38456088,0.35328382,0.39986256,0.36772844
shelter,P,word2vec_recipe_1_HOM,0.1562864,0.18348598,0.18069655,0.21794575,0.19213583,0.22936252
salary,M,word2vec_recipe_1_HOM,0.21397638,0.25065196,0.24599169,0.2886344,0.26033247,0.30645064
vanish,P,word2vec_recipe_1_HOM,0.1794342,0.14581527,0.20540968,0.16872053,0.21617126,0.17597635
fanatic,P,word2vec_recipe_1_HOM,0.13022012,0.110343546,0.15203252,0.14329666,0.16141184,0.15350752
leech,P,word2vec_recipe_1_HOM,0.18499312,0.16459486,0.21081582,0.19480577,0.22233465,0.20267402
notebook,M,word2vec_recipe_1_HOM,0.21996422,0.22630562,0.25482905,0.25978464,0.26842508,0.2716806
driver,P,word2vec_recipe_1_HOM,0.23500066,0.24231508,0.2763672,0.31087175,0.29745406,0.32959503
sympathy,P,word2vec_recipe_1_HOM,0.2731382,0.28035408,0.40583432,0.36413714,0.45769325,0.36319584
priest,P,word2vec_recipe_1_HOM,0.13379332,0.14385659,0.15873899,0.16226192,0.16934468,0.17691772
reap,P,word2vec_recipe_1_HOM,0.13158475,0.12644954,0.15044682,0.14465821,0.1593059,0.15163393
communion,P,word2vec_recipe_1_HOM,0.18358178,0.1919792,0.23300646,0.2297097,0.25324315,0.24340737
ladder,P,word2vec_recipe_1_HOM,0.24654153,0.24530628,0.2828337,0.28981486,0.29822168,0.30946767
defeat,P,word2vec_recipe_1_HOM,0.1442177,0.12447443,0.16477825,0.13744292,0.17375708,0.14938997
bitter,P,word2vec_recipe_1_HOM,0.31541196,0.28813237,0.36743888,0.31671846,0.38943988,0.33274645
maintain,P,word2vec_recipe_1_HOM,0.36548105,0.46805587,0.45957428,0.5217784,0.49188873,0.49603736
dainty,P,word2vec_recipe_1_HOM,0.33443657,0.3156876,0.3840595,0.36367854,0.40145624,0.36834982
fuzz,M,word2vec_recipe_1_HOM,0.2582887,0.26168057,0.31878597,0.35094213,0.34866455,0.38966066
medium,P,word2vec_recipe_1_HOM,0.28503996,0.3644964,0.4140364,0.41676572,0.4567041,0.42137232
tact,M,word2vec_recipe_1_HOM,0.33014143,0.3303705,0.38260633,0.36717314,0.40612733,0.37722662
former,H,word2vec_recipe_1_HOM,0.22025211,0.15949714,0.24840751,0.17688812,0.26053745,0.18788992
doll,P,word2vec_recipe_1_HOM,0.2088124,0.20494637,0.26451406,0.2621128,0.2906947,0.2897884
rail,H,word2vec_recipe_1_HOM,0.18994024,0.206078,0.21415071,0.22519208,0.22428758,0.23595405
slab,P,word2vec_recipe_1_HOM,0.42173082,0.3842884,0.4759446,0.3904932,0.4932417,0.38354674
potion,M,word2vec_recipe_1_HOM,0.2538457,0.20565271,0.2880815,0.2533238,0.30360577,0.27656415
musical,P,word2vec_recipe_1_HOM,0.15609089,0.17703377,0.19410644,0.23130576,0.21209027,0.25505856
turnout,P,word2vec_recipe_1_HOM,0.22220953,0.23200798,0.26480943,0.2792798,0.2826883,0.2962578
guilty,P,word2vec_recipe_1_HOM,0.1799207,0.15222175,0.20558025,0.18056467,0.21721669,0.18557388
divide,P,word2vec_recipe_1_HOM,0.34657598,0.38396004,0.48502442,0.47378525,0.52202946,0.48754102
landmark,P,word2vec_recipe_1_HOM,0.12551951,0.13794968,0.14340688,0.16865666,0.15170664,0.17823404
blade,P,word2vec_recipe_1_HOM,0.31038702,0.3703025,0.39413795,0.4463371,0.43465883,0.50154465
buttermilk,P,word2vec_recipe_1_HOM,0.3426622,0.3132484,0.39901584,0.32944745,0.42472336,0.34736145
comfort,P,word2vec_recipe_1_HOM,0.32406956,0.3115741,0.36108926,0.3236732,0.37633994,0.324349
blueberry,P,word2vec_recipe_1_HOM,0.23050766,0.27556267,0.30778125,0.311246,0.33700797,0.3214671
rise,P,word2vec_recipe_1_HOM,0.2857016,0.32054275,0.40875566,0.43887866,0.45761558,0.48011163
ocean,P,word2vec_recipe_1_HOM,0.33316854,0.30127084,0.38281375,0.31862476,0.39893782,0.31532627
dribble,P,word2vec_recipe_1_HOM,0.39059305,0.47104213,0.4728448,0.45017728,0.49764574,0.4214566
nurse,P,word2vec_recipe_1_HOM,0.12965171,0.14354411,0.15308647,0.171212,0.16338745,0.18130937
bedtime,M,word2vec_recipe_1_HOM,0.27269456,0.3084331,0.32522973,0.3261166,0.34568346,0.33138236
starch,P,word2vec_recipe_1_HOM,0.35599583,0.39603165,0.44143918,0.46181715,0.4702357,0.47515768
spank,H,word2vec_recipe_1_HOM,0.24551292,0.20014368,0.28611317,0.25562665,0.3021387,0.258152
downright,P,word2vec_recipe_1_HOM,0.1322453,0.13527128,0.15696973,0.15313224,0.1688312,0.16563156
undo,P,word2vec_recipe_1_HOM,0.25768667,0.25946793,0.30606058,0.2876771,0.32580018,0.30602977
unstable,P,word2vec_recipe_1_HOM,0.15192902,0.1478542,0.17511055,0.15902403,0.18712883,0.1737128
strive,P,word2vec_recipe_1_HOM,0.13974494,0.11370506,0.16392994,0.13854149,0.17433302,0.1543579
stew,P,word2vec_recipe_1_HOM,0.28715003,0.40099862,0.37028134,0.41211826,0.39866886,0.3994195
flat,H,word2vec_recipe_1_HOM,0.34916532,0.32848662,0.39470145,0.3503779,0.41383895,0.35296798
cube,H,word2vec_recipe_1_HOM,0.41834623,0.4373852,0.4966296,0.4607184,0.51921356,0.44958436
mango,M,word2vec_recipe_1_HOM,0.23701572,0.32946777,0.31443512,0.3661123,0.34656033,0.37016806
submit,P,word2vec_recipe_1_HOM,0.1068501,0.10292267,0.13040234,0.13181777,0.14144348,0.14743654
nowadays,P,word2vec_recipe_1_HOM,0.13348067,0.12895264,0.15631111,0.1537374,0.16675355,0.16229787
mound,P,word2vec_recipe_1_HOM,0.37422168,0.48575562,0.46002173,0.49941817,0.4883987,0.4884893
leap,P,word2vec_recipe_1_HOM,0.15563408,0.111472204,0.19176506,0.16324626,0.20691033,0.19107012
inhale,P,word2vec_recipe_1_HOM,0.26598206,0.260097,0.30716127,0.26141822,0.32486865,0.26362312
bayou,M,word2vec_recipe_1_HOM,0.31674114,0.30586392,0.36688206,0.32689273,0.38515082,0.31331456
redo,P,word2vec_recipe_1_HOM,0.22694826,0.16559075,0.2567408,0.18679768,0.26795977,0.1887079
sponge,P,word2vec_recipe_1_HOM,0.3193981,0.41359898,0.38588113,0.42353696,0.4094335,0.42388302
spell,H,word2vec_recipe_1_HOM,0.17382416,0.16998218,0.20302786,0.18876678,0.2150129,0.20065649
successful,P,word2vec_recipe_1_HOM,0.2238014,0.16576542,0.25440526,0.1973859,0.26699126,0.20157571
charcoal,P,word2vec_recipe_1_HOM,0.24073382,0.31695303,0.3425992,0.38830376,0.40237436,0.4288813
attachment,P,word2vec_recipe_1_HOM,0.2771634,0.32660076,0.42611024,0.44180703,0.48180664,0.48475844
teeny,M,word2vec_recipe_1_HOM,0.36982235,0.3877475,0.4415641,0.40008965,0.46093902,0.40579703
resource,P,word2vec_recipe_1_HOM,0.11304629,0.113853514,0.13479838,0.14232245,0.14449407,0.15247081
invite,P,word2vec_recipe_1_HOM,0.25465906,0.24719742,0.3113865,0.26556784,0.3330262,0.2825277
threaten,P,word2vec_recipe_1_HOM,0.3375508,0.31528908,0.38832995,0.35163033,0.40751198,0.3563523
girdle,P,word2vec_recipe_1_HOM,0.2644824,0.18933494,0.2974313,0.23257545,0.30908403,0.23768616
rookie,P,word2vec_recipe_1_HOM,0.15699239,0.16144592,0.18460959,0.1971244,0.19641086,0.21311516
snack,P,word2vec_recipe_1_HOM,0.2944259,0.34087348,0.35992268,0.41058204,0.38636345,0.4211474
clock,H,word2vec_recipe_1_HOM,0.3803581,0.35606477,0.42254663,0.34827536,0.4370579,0.34079552
terrible,P,word2vec_recipe_1_HOM,0.1692314,0.14373264,0.19862476,0.18321468,0.21148843,0.18722576
film,P,word2vec_recipe_1_HOM,0.32039726,0.29102626,0.4306932,0.39123097,0.4644267,0.42236826
ribbon,P,word2vec_recipe_1_HOM,0.36933428,0.4170002,0.4318709,0.40271807,0.45410597,0.3848128
mint,H,word2vec_recipe_1_HOM,0.2770587,0.31981382,0.34324718,0.38222247,0.37106723,0.4187574
dizzy,P,word2vec_recipe_1_HOM,0.15438183,0.14783877,0.18130219,0.18793477,0.19103746,0.20192182
smooth,P,word2vec_recipe_1_HOM,0.25966007,0.3272499,0.36478364,0.399195,0.40056634,0.40310118
spice,P,word2vec_recipe_1_HOM,0.36368746,0.35900208,0.43265352,0.40261877,0.45861083,0.44351202
awaken,P,word2vec_recipe_1_HOM,0.25203222,0.2458357,0.2969491,0.2649904,0.31301075,0.27730897
minimum,P,word2vec_recipe_1_HOM,0.36886045,0.34487206,0.4465569,0.36935595,0.47863337,0.40354317
excitement,P,word2vec_recipe_1_HOM,0.12308023,0.13395907,0.14177288,0.13895738,0.151184,0.14835972
ghastly,P,word2vec_recipe_1_HOM,0.18210518,0.20963001,0.21142417,0.24607669,0.2241397,0.25506458
wallet,M,word2vec_recipe_1_HOM,0.14610744,0.12131961,0.17163558,0.14778513,0.1822847,0.15906325
nephew,M,word2vec_recipe_1_HOM,0.08795783,0.09998844,0.10962644,0.12749729,0.12088795,0.14486961
waffle,H,word2vec_recipe_1_HOM,0.32641906,0.4102394,0.45736355,0.52425945,0.5025172,0.5261849
fighter,P,word2vec_recipe_1_HOM,0.17903253,0.17106594,0.20657146,0.20625852,0.2167521,0.22025262
clap,P,word2vec_recipe_1_HOM,0.33904433,0.38088104,0.4002698,0.42690673,0.42179215,0.445508
imply,P,word2vec_recipe_1_HOM,0.12154844,0.12415989,0.14365147,0.13300039,0.15308899,0.14774933
fit,H,word2vec_recipe_1_HOM,0.38412312,0.44758105,0.44325396,0.3859272,0.46340674,0.3587538
parrot,P,word2vec_recipe_1_HOM,0.21023941,0.22970529,0.24439877,0.25092053,0.25714785,0.25675985
diarrhea,M,word2vec_recipe_1_HOM,0.11231861,0.12262464,0.13381666,0.15456437,0.14463781,0.1656172
applause,P,word2vec_recipe_1_HOM,0.19099006,0.16650471,0.22889476,0.19851874,0.24489875,0.20562397
grinder,P,word2vec_recipe_1_HOM,0.2809351,0.32096615,0.3976468,0.39454144,0.4485008,0.4520294
breast,P,word2vec_recipe_1_HOM,0.2554388,0.36029395,0.3386146,0.44448447,0.37812537,0.45948046
ego,P,word2vec_recipe_1_HOM,0.079231285,0.09111824,0.09552506,0.11575195,0.10332849,0.12839316
policy,H,word2vec_recipe_1_HOM,0.13342121,0.13290955,0.15568416,0.1461984,0.16664763,0.15701957
private,P,word2vec_recipe_1_HOM,0.13257146,0.13729796,0.16049881,0.16148043,0.17306507,0.17322515
mystery,P,word2vec_recipe_1_HOM,0.20402424,0.12343895,0.23298319,0.16531847,0.2476566,0.1784761
hose,P,word2vec_recipe_1_HOM,0.19831556,0.25970224,0.24864638,0.32198712,0.27219966,0.34141764
boa,P,word2vec_recipe_1_HOM,0.17379178,0.16127235,0.20848791,0.21179314,0.22398858,0.23070873
clearance,P,word2vec_recipe_1_HOM,0.32057324,0.33076087,0.374521,0.35762924,0.39504096,0.35550717
genius,P,word2vec_recipe_1_HOM,0.1617491,0.14356497,0.18499722,0.16265513,0.19671635,0.17498142
boil,H,word2vec_recipe_1_HOM,0.33488125,0.35219634,0.42245004,0.3668815,0.4564043,0.38114008
idiot,P,word2vec_recipe_1_HOM,0.23762432,0.21539737,0.26906863,0.23538281,0.281541,0.2528477
meal,H,word2vec_recipe_1_HOM,0.40587848,0.4854866,0.47459325,0.5017919,0.49997824,0.5098045
neat,P,word2vec_recipe_1_HOM,0.25619665,0.27038947,0.30994213,0.2890881,0.33140236,0.29897928
cupboard,M,word2vec_recipe_1_HOM,0.26954776,0.32064357,0.34987548,0.37142256,0.37606338,0.3816041
folk,P,word2vec_recipe_1_HOM,0.4049545,0.46680406,0.45623928,0.42408434,0.47355962,0.40736854
suggest,P,word2vec_recipe_1_HOM,0.30495927,0.29938447,0.36738163,0.26669225,0.38448063,0.25270557
extensive,P,word2vec_recipe_1_HOM,0.12813929,0.114352725,0.14701234,0.13941802,0.15491876,0.1512878
mushy,P,word2vec_recipe_1_HOM,0.29654902,0.33487153,0.36534172,0.3887566,0.39381173,0.3840538
vomit,P,word2vec_recipe_1_HOM,0.1515483,0.19583866,0.17778149,0.21976556,0.19039184,0.23657426
daytime,M,word2vec_recipe_1_HOM,0.16698527,0.18095638,0.19950055,0.2112396,0.21397263,0.21205552
prostate,P,word2vec_recipe_1_HOM,0.10131951,0.11827141,0.12130137,0.14101948,0.13137889,0.15403204
horizontal,M,word2vec_recipe_1_HOM,0.2577908,0.30124667,0.32321328,0.34101805,0.34920174,0.33940586
fuss,P,word2vec_recipe_1_HOM,0.31273368,0.27759773,0.35451546,0.27554262,0.37000945,0.28666854
fiber,P,word2vec_recipe_1_HOM,0.1832629,0.18635574,0.25543666,0.16131473,0.27699703,0.12265064
fame,P,word2vec_recipe_1_HOM,0.14493416,0.13203837,0.16604532,0.15061165,0.17687407,0.16565458
mule,H,word2vec_recipe_1_HOM,0.1253366,0.13898459,0.17245196,0.19679764,0.19585598,0.22595745
lagoon,P,word2vec_recipe_1_HOM,0.18734236,0.156069,0.2309881,0.21732798,0.2519958,0.24908416
crank,P,word2vec_recipe_1_HOM,0.41026062,0.47262654,0.47727418,0.46052378,0.50044364,0.45731264
immediate,P,word2vec_recipe_1_HOM,0.3393992,0.34596455,0.39663872,0.33719918,0.41726458,0.34854093
letter,P,word2vec_recipe_1_HOM,0.3653611,0.3783658,0.4343911,0.4053064,0.4584386,0.3996357
distant,P,word2vec_recipe_1_HOM,0.11391785,0.11269753,0.13531101,0.1428067,0.14522463,0.15432939
shrink,P,word2vec_recipe_1_HOM,0.34921736,0.43161213,0.41936225,0.3894893,0.44301337,0.3672226
upward,P,word2vec_recipe_1_HOM,0.24530847,0.28201234,0.31159794,0.3151528,0.33501107,0.3307375
dip,P,word2vec_recipe_1_HOM,0.42340833,0.46947291,0.49076167,0.45407793,0.51146036,0.44958565
functional,P,word2vec_recipe_1_HOM,0.09154751,0.11079648,0.10960048,0.13526459,0.1192234,0.14731947
chest,P,word2vec_recipe_1_HOM,0.31479225,0.30649033,0.35647947,0.34119233,0.37590706,0.36054203
carefree,M,word2vec_recipe_1_HOM,0.19289319,0.17865333,0.21634233,0.1991592,0.226602,0.20322913
slot,P,word2vec_recipe_1_HOM,0.36021513,0.41517287,0.42360976,0.4259789,0.44626313,0.4295786
campfire,P,word2vec_recipe_1_HOM,0.36086413,0.38579667,0.44045886,0.4488872,0.46982014,0.456028
intestine,P,word2vec_recipe_1_HOM,0.19194545,0.2016296,0.2674719,0.3064745,0.30145356,0.35082746
linen,P,word2vec_recipe_1_HOM,0.24610038,0.2814872,0.37447068,0.40289524,0.42887792,0.44256783
value,P,word2vec_recipe_1_HOM,0.21965356,0.18706344,0.26694188,0.24123818,0.28962144,0.24253991
beg,P,word2vec_recipe_1_HOM,0.13353491,0.11557037,0.15642023,0.14860266,0.16707997,0.16070266
shoulder,P,word2vec_recipe_1_HOM,0.21298134,0.30626893,0.31279418,0.3869969,0.34901088,0.38657784
cheerful,P,word2vec_recipe_1_HOM,0.15572408,0.12731428,0.17968267,0.15763879,0.18925948,0.16963704
jury,P,word2vec_recipe_1_HOM,0.11323722,0.120088466,0.134,0.14199562,0.14406452,0.1557733
roast,P,word2vec_recipe_1_HOM,0.2998879,0.35275137,0.3827682,0.4184425,0.41714928,0.416876
restore,P,word2vec_recipe_1_HOM,0.38967997,0.36880913,0.4539898,0.3959234,0.47464007,0.41093495
classroom,M,word2vec_recipe_1_HOM,0.16881058,0.18569286,0.20491296,0.23157568,0.22060265,0.24219106
millimeter,M,word2vec_recipe_1_HOM,0.21781102,0.22609894,0.2714734,0.25163183,0.29439977,0.26762477
defective,P,word2vec_recipe_1_HOM,0.2902808,0.3454499,0.3471391,0.3930265,0.37200043,0.41104913
humidity,P,word2vec_recipe_1_HOM,0.28397977,0.3074316,0.35783044,0.32941636,0.3833464,0.3346481
dwarf,P,word2vec_recipe_1_HOM,0.19374727,0.23864421,0.22425881,0.2759262,0.23541436,0.28940266
cheek,P,word2vec_recipe_1_HOM,0.32684803,0.33291817,0.37402388,0.38735846,0.3916137,0.39470536
appetite,P,word2vec_recipe_1_HOM,0.26904553,0.28941002,0.32037294,0.31317425,0.34041518,0.31206602
recommend,P,word2vec_recipe_1_HOM,0.26115304,0.27517805,0.34682673,0.292592,0.3700604,0.28601137
powerful,P,word2vec_recipe_1_HOM,0.28895077,0.26710507,0.3494878,0.38782626,0.37134454,0.3884977
consistent,P,word2vec_recipe_1_HOM,0.34471938,0.35944533,0.41239417,0.39512575,0.43884155,0.41045108
squeaky,M,word2vec_recipe_1_HOM,0.2768691,0.3008329,0.32459092,0.31854373,0.34293464,0.3134641
wreath,P,word2vec_recipe_1_HOM,0.27026254,0.3201847,0.3399601,0.37756202,0.36736405,0.38231277
worldwide,P,word2vec_recipe_1_HOM,0.14218764,0.13626318,0.16366298,0.1562157,0.1729098,0.17172273
teacher,M,word2vec_recipe_1_HOM,0.10435276,0.1040243,0.12772626,0.13808975,0.14075783,0.1551939
improper,P,word2vec_recipe_1_HOM,0.13589007,0.15376174,0.15888424,0.1781269,0.1696665,0.19040999
puddle,P,word2vec_recipe_1_HOM,0.37889218,0.41953772,0.44670394,0.4392062,0.4653579,0.4505147
despair,P,word2vec_recipe_1_HOM,0.17967635,0.15626618,0.21302775,0.18577422,0.22856411,0.1999053
purgatory,P,word2vec_recipe_1_HOM,0.24896245,0.24627429,0.3015546,0.24379858,0.3196942,0.24298123
dirt,P,word2vec_recipe_1_HOM,0.34570476,0.36681056,0.438681,0.452208,0.4697407,0.4639071
pupil,H,word2vec_recipe_1_HOM,0.22148335,0.21280643,0.28695524,0.2630513,0.32091245,0.30149248
spatter,P,word2vec_recipe_1_HOM,0.2888679,0.35481453,0.3965025,0.43123627,0.43140224,0.44918892
oasis,P,word2vec_recipe_1_HOM,0.19128688,0.20762336,0.22635596,0.25022644,0.24104841,0.27531576
serum,P,word2vec_recipe_1_HOM,0.1639863,0.18211208,0.19197054,0.2065694,0.20337543,0.20996541
silk,P,word2vec_recipe_1_HOM,0.40679893,0.4361734,0.48525918,0.50325686,0.509948,0.49681026
pooch,M,word2vec_recipe_1_HOM,0.19612396,0.18715619,0.22919586,0.20734267,0.24340798,0.2213949
smash,P,word2vec_recipe_1_HOM,0.29521263,0.41499808,0.42467225,0.5052359,0.4677307,0.5231715
handsome,P,word2vec_recipe_1_HOM,0.28105,0.2940937,0.32078752,0.29131702,0.33681703,0.30180615
criticism,P,word2vec_recipe_1_HOM,0.2206227,0.17258923,0.25725377,0.19506536,0.27006885,0.19873482
telegram,M,word2vec_recipe_1_HOM,0.11845739,0.1364562,0.14017591,0.15870479,0.15019396,0.1707396
accelerate,P,word2vec_recipe_1_HOM,0.24486153,0.27921912,0.29539126,0.28050348,0.31464827,0.29041767
trifle,P,word2vec_recipe_1_HOM,0.34503052,0.41368306,0.42735246,0.4471397,0.4533773,0.44383007
drift,P,word2vec_recipe_1_HOM,0.20528331,0.16955155,0.23418976,0.1759489,0.24542423,0.1855214
slit,P,word2vec_recipe_1_HOM,0.32268146,0.35229605,0.40453103,0.40567642,0.43571958,0.40860155
intend,P,word2vec_recipe_1_HOM,0.339607,0.36816812,0.41480213,0.31812608,0.43517467,0.30667192
obvious,P,word2vec_recipe_1_HOM,0.24985631,0.26247847,0.29266915,0.26705137,0.30914506,0.27586752
bran,M,word2vec_recipe_1_HOM,0.2840408,0.34029672,0.3869072,0.4084771,0.4248127,0.42963427
candle,P,word2vec_recipe_1_HOM,0.362713,0.40518844,0.4381221,0.4797048,0.46242288,0.47418678
chore,P,word2vec_recipe_1_HOM,0.10611957,0.110155046,0.12455936,0.1282692,0.1333251,0.13783664
ignore,M,word2vec_recipe_1_HOM,0.27095646,0.19583303,0.30504876,0.18465728,0.31756935,0.1962218
regal,P,word2vec_recipe_1_HOM,0.21703096,0.17689812,0.24415481,0.19879249,0.2548463,0.20525874
initial,P,word2vec_recipe_1_HOM,0.28723675,0.26807383,0.32992828,0.2803803,0.34784958,0.29184738
hunger,P,word2vec_recipe_1_HOM,0.16402161,0.14924097,0.19491586,0.17485224,0.20938279,0.18109599
liberate,P,word2vec_recipe_1_HOM,0.17241399,0.1937946,0.19843465,0.21870013,0.20838451,0.22335942
caramel,P,word2vec_recipe_1_HOM,0.2893181,0.3307821,0.36686888,0.41050625,0.39813504,0.4125375
windmill,P,word2vec_recipe_1_HOM,0.21200857,0.21646166,0.24672738,0.22644582,0.26262274,0.24267031
roller,P,word2vec_recipe_1_HOM,0.32534546,0.37268692,0.42252693,0.4539917,0.45648748,0.46654457
darn,H,word2vec_recipe_1_HOM,0.20667164,0.21805377,0.25232604,0.2540249,0.27101547,0.24916919
manger,M,word2vec_recipe_1_HOM,0.13846417,0.15264496,0.15870287,0.170025,0.16765048,0.1805034
outdoor,M,word2vec_recipe_1_HOM,0.3151365,0.32720459,0.4277139,0.43306193,0.46724075,0.43793017
raft,H,word2vec_recipe_1_HOM,0.36705965,0.3492305,0.40673456,0.3754279,0.42588454,0.39658564
ketchup,M,word2vec_recipe_1_HOM,0.2630618,0.2878606,0.35498202,0.35711408,0.39424586,0.3855913
equation,P,word2vec_recipe_1_HOM,0.12025273,0.117932245,0.13991,0.15052193,0.1486195,0.16186386
novel,H,word2vec_recipe_1_HOM,0.117947504,0.109393924,0.13844134,0.13548432,0.14978918,0.15022281
salad,P,word2vec_recipe_1_HOM,0.30194458,0.37355816,0.36439967,0.34026343,0.3877861,0.34273988
newspaper,P,word2vec_recipe_1_HOM,0.3356379,0.36942872,0.40644073,0.40488777,0.43182236,0.41914052
flask,P,word2vec_recipe_1_HOM,0.2499197,0.28870955,0.29600963,0.34096417,0.31511012,0.35420084
toothpaste,M,word2vec_recipe_1_HOM,0.32295412,0.33580577,0.374129,0.37434682,0.39295715,0.37016457
nuisance,M,word2vec_recipe_1_HOM,0.1880806,0.14638099,0.21270226,0.15980732,0.22244453,0.1683462
disagree,P,word2vec_recipe_1_HOM,0.06901951,0.093496606,0.08665796,0.11718673,0.096098095,0.13046306
station,P,word2vec_recipe_1_HOM,0.42564812,0.49142024,0.51812166,0.50959647,0.5398317,0.49986854
entrance,H,word2vec_recipe_1_HOM,0.19223341,0.2011983,0.23003475,0.24898018,0.24825472,0.27689403
signature,P,word2vec_recipe_1_HOM,0.2801225,0.2824173,0.32073417,0.29945523,0.33420444,0.30328983
ridge,P,word2vec_recipe_1_HOM,0.3255338,0.3467905,0.38099617,0.38750407,0.40244848,0.38789916
bless,P,word2vec_recipe_1_HOM,0.13863984,0.117682196,0.16386944,0.14450583,0.17569332,0.15608926
hatch,H,word2vec_recipe_1_HOM,0.34579778,0.31837758,0.39687043,0.36129323,0.4150523,0.39066783
iodine,P,word2vec_recipe_1_HOM,0.1117764,0.09369713,0.18868665,0.13557951,0.21258074,0.14908272
manual,P,word2vec_recipe_1_HOM,0.29402572,0.32009137,0.38828593,0.4252704,0.4319654,0.46882993
hangover,M,word2vec_recipe_1_HOM,0.2893108,0.24353673,0.32342872,0.25541517,0.33559892,0.2646122
session,P,word2vec_recipe_1_HOM,0.29122928,0.29292592,0.3368964,0.2874655,0.35333535,0.2802506
freak,H,word2vec_recipe_1_HOM,0.23292232,0.16504213,0.2694526,0.19483443,0.2825349,0.20641094
gum,H,word2vec_recipe_1_HOM,0.29959163,0.2938495,0.39058384,0.39102003,0.42611146,0.42807674
invoke,P,word2vec_recipe_1_HOM,0.1355733,0.1457582,0.16028337,0.15961142,0.17172833,0.17334749
curse,P,word2vec_recipe_1_HOM,0.08496465,0.10406803,0.105197474,0.12539458,0.11365793,0.1365289
allergy,M,word2vec_recipe_1_HOM,0.21116546,0.2309468,0.26380566,0.2685094,0.28238824,0.2611523
prompt,P,word2vec_recipe_1_HOM,0.123683594,0.11353235,0.14493029,0.13608752,0.15310629,0.14791572
groove,P,word2vec_recipe_1_HOM,0.28274125,0.33980533,0.34059444,0.3415106,0.36334255,0.35501853
brag,P,word2vec_recipe_1_HOM,0.1702476,0.15397568,0.19658747,0.17713444,0.20871578,0.19385989
theme,P,word2vec_recipe_1_HOM,0.2508727,0.22997747,0.28244635,0.27786088,0.29599336,0.2743293
election,P,word2vec_recipe_1_HOM,0.17099035,0.1629587,0.198264,0.1815702,0.21019065,0.1899816
karate,M,word2vec_recipe_1_HOM,0.16049047,0.13706356,0.18436119,0.16731928,0.19408832,0.18126902
extension,P,word2vec_recipe_1_HOM,0.18722972,0.15724212,0.21929008,0.18095364,0.23321538,0.19097911
sky,P,word2vec_recipe_1_HOM,0.44150582,0.34453845,0.48979613,0.3797756,0.50702477,0.38643315
yen,H,word2vec_recipe_1_HOM,0.29866475,0.27438653,0.34793273,0.32566193,0.3668724,0.3204965
cathedral,P,word2vec_recipe_1_HOM,0.1641366,0.16825828,0.20629534,0.20370212,0.22505848,0.21952215
lateral,P,word2vec_recipe_1_HOM,0.17423055,0.20847367,0.20971681,0.2682458,0.22781265,0.27980304
cardboard,M,word2vec_recipe_1_HOM,0.29802212,0.28454086,0.3532431,0.3344781,0.37189347,0.35573268
discover,P,word2vec_recipe_1_HOM,0.14413455,0.117599495,0.16576064,0.14098531,0.17462154,0.15274641
zip,H,word2vec_recipe_1_HOM,0.17797613,0.1978606,0.32849336,0.3036975,0.40583763,0.40178952
alligator,M,word2vec_recipe_1_HOM,0.33991778,0.40420684,0.38741267,0.40133765,0.406277,0.37310636
dedication,P,word2vec_recipe_1_HOM,0.16345628,0.17957544,0.18645027,0.19828257,0.19557394,0.20854314
crutch,P,word2vec_recipe_1_HOM,0.1887928,0.14606352,0.21876791,0.18024443,0.22998863,0.18483253
gross,P,word2vec_recipe_1_HOM,0.20941396,0.22628498,0.2608325,0.2285707,0.2772943,0.23766452
behalf,P,word2vec_recipe_1_HOM,0.18225668,0.15219118,0.21147019,0.18119006,0.22398132,0.19730304
fist,P,word2vec_recipe_1_HOM,0.32272124,0.3497357,0.4109271,0.44820997,0.44537294,0.44714922
clubhouse,M,word2vec_recipe_1_HOM,0.17301986,0.1665213,0.20173405,0.19672948,0.2135994,0.20909229
coil,H,word2vec_recipe_1_HOM,0.22936411,0.2694813,0.29963577,0.32629716,0.3290593,0.33771434
bait,P,word2vec_recipe_1_HOM,0.2579262,0.22135088,0.29178208,0.23067154,0.30469418,0.23331206
activate,P,word2vec_recipe_1_HOM,0.29990804,0.36755997,0.39494908,0.44919926,0.4334627,0.48503056
difficult,P,word2vec_recipe_1_HOM,0.30167982,0.26472348,0.34550324,0.24542287,0.36105588,0.2405482
tiara,P,word2vec_recipe_1_HOM,0.20163283,0.22101791,0.23900762,0.27226537,0.2560731,0.29290634
slack,H,word2vec_recipe_1_HOM,0.22887234,0.18860668,0.2885232,0.27105775,0.3161021,0.29365075
bleed,P,word2vec_recipe_1_HOM,0.34896094,0.33677617,0.39373362,0.31652704,0.41086432,0.29306906
valve,P,word2vec_recipe_1_HOM,0.33700386,0.33436525,0.44053632,0.45519882,0.4798449,0.497942
express,P,word2vec_recipe_1_HOM,0.41000795,0.27274415,0.4508384,0.29536948,0.46531677,0.3070994
midnight,P,word2vec_recipe_1_HOM,0.27663904,0.2657279,0.31538886,0.28743735,0.3298763,0.28810707
volatile,P,word2vec_recipe_1_HOM,0.21009561,0.23208079,0.2555433,0.24398926,0.2740128,0.25918353
sudden,P,word2vec_recipe_1_HOM,0.2836885,0.22888142,0.3252612,0.23018938,0.33934358,0.23271546
taste,P,word2vec_recipe_1_HOM,0.21976113,0.2121309,0.28966466,0.2751891,0.3210371,0.29771006
tub,P,word2vec_recipe_1_HOM,0.358963,0.41938302,0.43185547,0.45907745,0.45771745,0.45997393
pencil,P,word2vec_recipe_1_HOM,0.26421005,0.27752683,0.3123669,0.30104548,0.3319243,0.31572238
blend,P,word2vec_recipe_1_HOM,0.3251152,0.39215663,0.39319077,0.42978573,0.41639352,0.43593758
survive,P,word2vec_recipe_1_HOM,0.12304082,0.114370376,0.14993972,0.14086936,0.1617031,0.15810378
riot,P,word2vec_recipe_1_HOM,0.17295161,0.16427839,0.19762741,0.19728018,0.20767014,0.21264438
tent,P,word2vec_recipe_1_HOM,0.34603113,0.3800908,0.4357642,0.38508072,0.46478713,0.3976434
polite,P,word2vec_recipe_1_HOM,0.20827794,0.2737717,0.2528883,0.24625759,0.27015206,0.25504982
shower,H,word2vec_recipe_1_HOM,0.41793293,0.42895967,0.46692094,0.41945654,0.48442686,0.4258106
scold,P,word2vec_recipe_1_HOM,0.1340936,0.1443275,0.15664557,0.1601942,0.16681346,0.17356774
ruthless,M,word2vec_recipe_1_HOM,0.14295098,0.17836052,0.1705849,0.19994149,0.18116578,0.21614653
historic,P,word2vec_recipe_1_HOM,0.11724386,0.12569232,0.14115234,0.15057679,0.15235902,0.16876875
convenient,P,word2vec_recipe_1_HOM,0.2991598,0.27257794,0.33257335,0.23638839,0.34434465,0.24493767
tolerant,P,word2vec_recipe_1_HOM,0.14538236,0.13355134,0.16579519,0.1482619,0.17504536,0.15375249
pool,H,word2vec_recipe_1_HOM,0.40106615,0.47218436,0.46950343,0.47775865,0.49020347,0.48216903
icebox,P,word2vec_recipe_1_HOM,0.37003523,0.31043845,0.40633827,0.2760243,0.42072797,0.27928028
belief,P,word2vec_recipe_1_HOM,0.13838913,0.12926938,0.1593779,0.14346877,0.16833812,0.15556633
polar,P,word2vec_recipe_1_HOM,0.210637,0.24734488,0.25479245,0.28043392,0.2717857,0.30367628
handful,P,word2vec_recipe_1_HOM,0.37300768,0.44105163,0.47673142,0.5002409,0.50650734,0.4938516
picky,M,word2vec_recipe_1_HOM,0.20101571,0.21661465,0.23697777,0.21123105,0.25331318,0.22186919
sunglasses,M,word2vec_recipe_1_HOM,0.18105796,0.18061088,0.21518044,0.23284988,0.22928162,0.24811694
rumble,P,word2vec_recipe_1_HOM,0.2598827,0.19796377,0.28942016,0.22466889,0.3003887,0.22921748
tofu,M,word2vec_recipe_1_HOM,0.30985463,0.34071314,0.38710093,0.41379395,0.41356063,0.4118459
scream,P,word2vec_recipe_1_HOM,0.2812584,0.23411721,0.32318187,0.2636042,0.3389365,0.27377686
coaster,P,word2vec_recipe_1_HOM,0.20787592,0.21273461,0.24299617,0.2508285,0.25736886,0.2689176
cash,P,word2vec_recipe_1_HOM,0.12066392,0.106713325,0.14349067,0.13594078,0.15388928,0.15430583
mode,H,word2vec_recipe_1_HOM,0.38356656,0.37372953,0.47491467,0.47265136,0.50948757,0.5089379
forum,P,word2vec_recipe_1_HOM,0.1461757,0.13690205,0.17345299,0.16459218,0.18499069,0.17344609
posse,P,word2vec_recipe_1_HOM,0.141943,0.14807661,0.17313755,0.19004565,0.1883363,0.20678714
swarm,H,word2vec_recipe_1_HOM,0.13277407,0.16023901,0.15478355,0.19120283,0.164598,0.19997156
compete,P,word2vec_recipe_1_HOM,0.17919278,0.16214441,0.20678364,0.17840767,0.217277,0.1839978
swell,P,word2vec_recipe_1_HOM,0.3694026,0.45957154,0.4474035,0.45985615,0.47328067,0.45480722
memo,M,word2vec_recipe_1_HOM,0.14314215,0.15752484,0.16499262,0.1765111,0.17587681,0.18451501
motor,P,word2vec_recipe_1_HOM,0.3100785,0.3894542,0.42569238,0.44156212,0.47431076,0.47020882
print,P,word2vec_recipe_1_HOM,0.26564467,0.25930485,0.31730995,0.2683036,0.33717293,0.30243427
patio,P,word2vec_recipe_1_HOM,0.25676587,0.25519443,0.29465196,0.28219596,0.31048745,0.2837924
stump,P,word2vec_recipe_1_HOM,0.23558636,0.21146363,0.27450585,0.259775,0.2941356,0.29141662
demo,P,word2vec_recipe_1_HOM,0.1065564,0.12629606,0.13232344,0.14409329,0.14354011,0.15542962
lunchtime,M,word2vec_recipe_1_HOM,0.2746967,0.25902355,0.31586772,0.27794075,0.3344579,0.27565348
bird,P,word2vec_recipe_1_HOM,0.23811321,0.31218982,0.3478123,0.42030585,0.39169323,0.45305294
tortoise,P,word2vec_recipe_1_HOM,0.19682357,0.21992359,0.22396564,0.2543638,0.23730236,0.27645797
tomb,P,word2vec_recipe_1_HOM,0.18804786,0.21149929,0.22186561,0.21591197,0.23540257,0.23738018
scarecrow,P,word2vec_recipe_1_HOM,0.20970884,0.20617357,0.25890598,0.2646828,0.28359932,0.30301416
phase,P,word2vec_recipe_1_HOM,0.4056785,0.3693985,0.4602622,0.36865503,0.47804034,0.34910965
flop,P,word2vec_recipe_1_HOM,0.3658206,0.3370031,0.42585063,0.40404582,0.44543433,0.4057927
rooster,M,word2vec_recipe_1_HOM,0.26449126,0.26446116,0.30681363,0.29348987,0.32485008,0.31302482
horror,P,word2vec_recipe_1_HOM,0.07644708,0.09275014,0.09496065,0.1201048,0.104259364,0.13716277
compassion,M,word2vec_recipe_1_HOM,0.16523632,0.19547157,0.21116687,0.21350762,0.22757873,0.20951597
confess,P,word2vec_recipe_1_HOM,0.10137663,0.094677925,0.124289535,0.12758921,0.13480432,0.14109093
unleash,M,word2vec_recipe_1_HOM,0.15897849,0.16611677,0.18288034,0.17211722,0.19206354,0.17866397
deodorant,P,word2vec_recipe_1_HOM,0.1729872,0.17392682,0.20717901,0.20482571,0.22025356,0.20876789
tension,P,word2vec_recipe_1_HOM,0.23214357,0.23108801,0.27357125,0.2909903,0.29167444,0.30334917
homesick,M,word2vec_recipe_1_HOM,0.1243515,0.1424294,0.14914754,0.15982692,0.15982199,0.17043257
football,P,word2vec_recipe_1_HOM,0.31384435,0.30353236,0.36068362,0.29532596,0.3824925,0.3195191
thong,P,word2vec_recipe_1_HOM,0.1545204,0.16926296,0.18338904,0.19211365,0.19472748,0.2052685
poodle,M,word2vec_recipe_1_HOM,0.18626888,0.20886238,0.21677554,0.20785962,0.22901589,0.21502285
dangerous,M,word2vec_recipe_1_HOM,0.230943,0.19020249,0.2731139,0.2155824,0.28683263,0.22632757
study,P,word2vec_recipe_1_HOM,0.14367929,0.12792137,0.1712391,0.14485516,0.18277507,0.16416374
pioneer,P,word2vec_recipe_1_HOM,0.22226855,0.26578683,0.27548105,0.31573027,0.29630962,0.31855053
explode,P,word2vec_recipe_1_HOM,0.33581167,0.31919885,0.38664925,0.30729052,0.40332595,0.30421636
distinct,P,word2vec_recipe_1_HOM,0.3326015,0.31148073,0.38207477,0.33847526,0.4018939,0.36325267
crummy,P,word2vec_recipe_1_HOM,0.19725485,0.17594597,0.22917323,0.22138013,0.24345905,0.23235781
choice,P,word2vec_recipe_1_HOM,0.2863195,0.36700797,0.38865554,0.4220563,0.4280243,0.43585625
residual,P,word2vec_recipe_1_HOM,0.37717122,0.37444168,0.4223135,0.37321645,0.44025382,0.36577106
carnival,P,word2vec_recipe_1_HOM,0.22715168,0.19437656,0.2564895,0.20082885,0.26734143,0.20745578
slop,P,word2vec_recipe_1_HOM,0.31158417,0.27741927,0.3489455,0.28689933,0.36449665,0.30021784
thump,P,word2vec_recipe_1_HOM,0.24538116,0.31120476,0.3256941,0.3434225,0.35159072,0.33435133
vest,P,word2vec_recipe_1_HOM,0.22673523,0.2364444,0.26158205,0.27609244,0.27489913,0.29019272
fireplace,P,word2vec_recipe_1_HOM,0.25609443,0.29724967,0.3173571,0.39732686,0.34571752,0.41349354
measure,P,word2vec_recipe_1_HOM,0.40777293,0.36118796,0.46712762,0.42264205,0.48819464,0.44351578
pyramid,P,word2vec_recipe_1_HOM,0.37523612,0.35159624,0.42726952,0.39682284,0.44850975,0.41367745
duck,H,word2vec_recipe_1_HOM,0.23745179,0.31190267,0.33716428,0.4346155,0.37573874,0.44883975
foot,P,word2vec_recipe_1_HOM,0.31958133,0.34342125,0.37246132,0.36761016,0.3923024,0.3940917
dictionary,P,word2vec_recipe_1_HOM,0.091032796,0.107340336,0.10836192,0.13699748,0.11864839,0.15211447
disguise,P,word2vec_recipe_1_HOM,0.2071195,0.16012707,0.23825878,0.16830546,0.2499865,0.1727876
mosquito,M,word2vec_recipe_1_HOM,0.16201718,0.17787366,0.19026475,0.21478546,0.20114659,0.2279833
butter,P,word2vec_recipe_1_HOM,0.26931208,0.30781797,0.397626,0.3798429,0.43197155,0.37877318
horizon,P,word2vec_recipe_1_HOM,0.241324,0.24545006,0.27535605,0.2724167,0.2893799,0.27559265
blaze,H,word2vec_recipe_1_HOM,0.25553852,0.29224855,0.34229305,0.37709245,0.37194604,0.3935459
student,P,word2vec_recipe_1_HOM,0.16743334,0.17703164,0.192516,0.1954173,0.20448536,0.20459087
sinful,P,word2vec_recipe_1_HOM,0.2490472,0.28383937,0.30389696,0.32493716,0.32515168,0.3365704
build,P,word2vec_recipe_1_HOM,0.4072156,0.42434853,0.478746,0.45272696,0.50272685,0.45693794
incident,P,word2vec_recipe_1_HOM,0.14715092,0.14781725,0.1680001,0.18252367,0.17777073,0.19472337
aside,P,word2vec_recipe_1_HOM,0.40871224,0.44039267,0.4979097,0.4240565,0.52320707,0.43284404
unlikely,P,word2vec_recipe_1_HOM,0.30782932,0.20279367,0.35193598,0.23641925,0.36761975,0.24501365
picnic,P,word2vec_recipe_1_HOM,0.28597438,0.33281493,0.34881935,0.36606163,0.37351808,0.37309772
pasture,P,word2vec_recipe_1_HOM,0.13654757,0.11165617,0.15693422,0.13361242,0.16647695,0.15090121
group,P,word2vec_recipe_1_HOM,0.36573887,0.29340944,0.41303024,0.30030546,0.43000925,0.29382008
precious,P,word2vec_recipe_1_HOM,0.25979313,0.21519701,0.29415914,0.23493575,0.30776885,0.24459785
depot,P,word2vec_recipe_1_HOM,0.14232571,0.132699,0.16885714,0.15367302,0.18124275,0.16850041
portal,P,word2vec_recipe_1_HOM,0.100725845,0.12870319,0.12028953,0.15832601,0.12920998,0.17121142
outdoors,P,word2vec_recipe_1_HOM,0.26971206,0.29033536,0.33253998,0.3680977,0.35957488,0.39906728
toil,H,word2vec_recipe_1_HOM,0.25444356,0.22304931,0.28532025,0.24308708,0.29749298,0.25558007
monitor,P,word2vec_recipe_1_HOM,0.30771148,0.39043826,0.36255077,0.391546,0.38589466,0.4010283
dilemma,P,word2vec_recipe_1_HOM,0.14253458,0.14733487,0.16460602,0.16073072,0.17388241,0.17502362
gadget,M,word2vec_recipe_1_HOM,0.20966105,0.20125741,0.24408127,0.20054844,0.2571109,0.21686274
sample,P,word2vec_recipe_1_HOM,0.3496217,0.3704679,0.41867787,0.35836676,0.43746018,0.3586757
staple,H,word2vec_recipe_1_HOM,0.32353216,0.31108367,0.36325276,0.3107415,0.37966716,0.3122528
drain,P,word2vec_recipe_1_HOM,0.37093726,0.38269508,0.44590342,0.39096096,0.47218475,0.38172647
buffer,H,word2vec_recipe_1_HOM,0.17578134,0.19977182,0.20476703,0.22540532,0.21757588,0.23572695
success,P,word2vec_recipe_1_HOM,0.24742118,0.16726944,0.27869385,0.18026952,0.2902709,0.19209965
witness,P,word2vec_recipe_1_HOM,0.109396435,0.111660436,0.12572879,0.12877786,0.13367864,0.1423302
thumb,P,word2vec_recipe_1_HOM,0.25593564,0.3582454,0.37238896,0.4555459,0.4126276,0.44420123
velvet,P,word2vec_recipe_1_HOM,0.2956179,0.24972849,0.35580447,0.27561566,0.37759158,0.28397495
stingy,P,word2vec_recipe_1_HOM,0.30101234,0.26270747,0.3540132,0.24187136,0.37293434,0.23796158
parade,P,word2vec_recipe_1_HOM,0.15973154,0.15560403,0.18369901,0.17617069,0.1939004,0.19244508
necklace,M,word2vec_recipe_1_HOM,0.20701718,0.23198462,0.25215277,0.25412026,0.2713396,0.28570336
arise,P,word2vec_recipe_1_HOM,0.2059929,0.17986698,0.2417254,0.21311954,0.2559324,0.22729985
anal,P,word2vec_recipe_1_HOM,0.14257114,0.16200289,0.1676678,0.18259981,0.17955731,0.19443174
cook,P,word2vec_recipe_1_HOM,0.3721903,0.40766525,0.44654778,0.39999837,0.47039247,0.39233443
carpet,P,word2vec_recipe_1_HOM,0.2310727,0.22941774,0.27648515,0.27087265,0.29630753,0.2947406
highlight,P,word2vec_recipe_1_HOM,0.20046008,0.18874504,0.25125617,0.24258587,0.2739314,0.26596162
grizzly,P,word2vec_recipe_1_HOM,0.16373762,0.18291911,0.1868738,0.20668763,0.19589445,0.2111363
blank,P,word2vec_recipe_1_HOM,0.2359569,0.21776961,0.275787,0.26508096,0.2919067,0.27926472
funk,H,word2vec_recipe_1_HOM,0.1562046,0.20470409,0.18379258,0.24169946,0.19545643,0.25703624
enhance,M,word2vec_recipe_1_HOM,0.23557346,0.28039375,0.30158287,0.31748554,0.32976332,0.32335913
shaker,P,word2vec_recipe_1_HOM,0.228032,0.23231709,0.3018738,0.26415548,0.33812848,0.29718912
phrase,P,word2vec_recipe_1_HOM,0.11301829,0.10422945,0.13554974,0.13114394,0.14521784,0.14496382
perfection,P,word2vec_recipe_1_HOM,0.28850457,0.22904705,0.32787988,0.24630103,0.3410965,0.24709858
scripture,P,word2vec_recipe_1_HOM,0.18834963,0.17223622,0.2310142,0.20905547,0.24958488,0.22044793
sociable,P,word2vec_recipe_1_HOM,0.17325528,0.23769842,0.25568718,0.3281059,0.2849239,0.3410808
knuckle,P,word2vec_recipe_1_HOM,0.3261947,0.34283173,0.39196017,0.40443277,0.4176049,0.4140044
shatter,P,word2vec_recipe_1_HOM,0.22383313,0.19318245,0.2571345,0.21294053,0.27151126,0.2203244
dummy,P,word2vec_recipe_1_HOM,0.17039354,0.1939646,0.19771731,0.23442265,0.2093208,0.24660873
bridge,H,word2vec_recipe_1_HOM,0.2436899,0.21532398,0.28532085,0.24857046,0.30100322,0.27120435
grind,P,word2vec_recipe_1_HOM,0.30979064,0.37190428,0.39695808,0.4139714,0.4359502,0.43828872
puzzle,P,word2vec_recipe_1_HOM,0.23852928,0.23918547,0.28210267,0.27493656,0.29990464,0.29855192
skunk,P,word2vec_recipe_1_HOM,0.13468072,0.15214716,0.16454081,0.17582953,0.17643607,0.18544118
viewer,P,word2vec_recipe_1_HOM,0.44232005,0.507127,0.5186827,0.5116295,0.54251677,0.50133914
jest,P,word2vec_recipe_1_HOM,0.19841175,0.23574142,0.24751736,0.29778668,0.27591187,0.32876387
compliment,P,word2vec_recipe_1_HOM,0.24824886,0.31078684,0.3037806,0.33943072,0.32754445,0.34378618
hoot,P,word2vec_recipe_1_HOM,0.15977776,0.14003435,0.18667105,0.1682541,0.19915187,0.18099849
formal,P,word2vec_recipe_1_HOM,0.24478057,0.2461844,0.2870044,0.26389554,0.3035189,0.26276833
pilot,P,word2vec_recipe_1_HOM,0.36821732,0.3869476,0.43731037,0.44979706,0.46136436,0.46699658
harsh,P,word2vec_recipe_1_HOM,0.22669244,0.2635818,0.26890418,0.26795864,0.28729877,0.27132818
simple,P,word2vec_recipe_1_HOM,0.32535744,0.34023675,0.37192672,0.35733077,0.38789845,0.36360922
bastard,P,word2vec_recipe_1_HOM,0.14907905,0.15350945,0.17552184,0.18067157,0.18720806,0.19327481
gel,P,word2vec_recipe_1_HOM,0.3227747,0.32531276,0.4036689,0.42724067,0.4325944,0.4498024
monastery,M,word2vec_recipe_1_HOM,0.16880223,0.18736519,0.19128372,0.19827792,0.2015464,0.2075461
belly,P,word2vec_recipe_1_HOM,0.28437322,0.3408452,0.35666892,0.38842282,0.37902108,0.40255693
traffic,P,word2vec_recipe_1_HOM,0.20986816,0.2039035,0.24151626,0.23509659,0.2541803,0.24160169
kinky,P,word2vec_recipe_1_HOM,0.21099785,0.23940724,0.24115567,0.28019422,0.2531678,0.2859814
rash,H,word2vec_recipe_1_HOM,0.14051382,0.15212655,0.18481171,0.20536605,0.20267801,0.22595103
assault,P,word2vec_recipe_1_HOM,0.17696507,0.20201042,0.20258509,0.22174023,0.21384677,0.23526861
cross,P,word2vec_recipe_1_HOM,0.26035383,0.28771368,0.32680145,0.32821694,0.35232413,0.34252802
style,P,word2vec_recipe_1_HOM,0.33069813,0.27877754,0.37284866,0.26828125,0.3879459,0.275968
pad,H,word2vec_recipe_1_HOM,0.32101312,0.22207528,0.37927562,0.2770374,0.40528858,0.29866925
oatmeal,P,word2vec_recipe_1_HOM,0.28445557,0.38478833,0.34977353,0.33646253,0.37231123,0.3331625
facial,P,word2vec_recipe_1_HOM,0.26851124,0.30880067,0.32233596,0.32048047,0.34874135,0.34742293
delight,P,word2vec_recipe_1_HOM,0.24498996,0.27219343,0.29382858,0.2352061,0.30963624,0.2323866
ether,P,word2vec_recipe_1_HOM,0.15167621,0.1847991,0.17557622,0.22465324,0.18663174,0.24326475
stomach,P,word2vec_recipe_1_HOM,0.22645454,0.24173565,0.29709983,0.3260169,0.3248826,0.34991977
diaper,P,word2vec_recipe_1_HOM,0.2670601,0.29724938,0.31553122,0.32727414,0.33429,0.34263888
syndrome,P,word2vec_recipe_1_HOM,0.12496841,0.13181695,0.14318542,0.15030728,0.15345538,0.15838876
expertise,M,word2vec_recipe_1_HOM,0.10287778,0.1030727,0.12411748,0.1272669,0.1324539,0.14153683
army,P,word2vec_recipe_1_HOM,0.29925555,0.2479649,0.33705348,0.23513213,0.35003808,0.23612459
roadside,P,word2vec_recipe_1_HOM,0.19888313,0.17554115,0.22592467,0.21521865,0.23813045,0.21731415
appetizer,M,word2vec_recipe_1_HOM,0.2753888,0.34972164,0.4101772,0.45649254,0.44669646,0.44903842
opinion,P,word2vec_recipe_1_HOM,0.2665423,0.21760735,0.3031958,0.22546256,0.3167714,0.22804594
float,P,word2vec_recipe_1_HOM,0.43308187,0.3971139,0.50854677,0.47226778,0.53135675,0.46515548
challenge,P,word2vec_recipe_1_HOM,0.21556564,0.1874541,0.24333817,0.19916973,0.25511062,0.20375542
lonely,P,word2vec_recipe_1_HOM,0.14453599,0.14264092,0.16436058,0.158091,0.17403835,0.17298652
bliss,P,word2vec_recipe_1_HOM,0.29699463,0.25387067,0.33194733,0.27305758,0.34577438,0.28324208
sauce,P,word2vec_recipe_1_HOM,0.2737641,0.30582178,0.34835628,0.31168953,0.38303742,0.3381134
commence,M,word2vec_recipe_1_HOM,0.20908776,0.19538566,0.23631172,0.198538,0.24811146,0.2052075
goof,P,word2vec_recipe_1_HOM,0.20432934,0.17745382,0.23442431,0.19899693,0.24629146,0.20568979
galley,P,word2vec_recipe_1_HOM,0.10803251,0.123921946,0.12885794,0.15292555,0.1392016,0.16448648
tradition,P,word2vec_recipe_1_HOM,0.21262428,0.18320915,0.24432488,0.2142921,0.2576545,0.22905707
cheap,P,word2vec_recipe_1_HOM,0.24387732,0.25951424,0.2861973,0.27398583,0.30082706,0.27620894
fantastic,P,word2vec_recipe_1_HOM,0.16513555,0.23700428,0.25759605,0.3262311,0.28976047,0.3430207
delicious,P,word2vec_recipe_1_HOM,0.18343356,0.24476528,0.2811309,0.34003678,0.31906408,0.3579546
frail,H,word2vec_recipe_1_HOM,0.1069262,0.117703326,0.12522607,0.144176,0.13341755,0.15217553
funnel,P,word2vec_recipe_1_HOM,0.37637085,0.35676,0.44734398,0.46377984,0.47334495,0.47301045
hedge,P,word2vec_recipe_1_HOM,0.13626824,0.13973098,0.15851375,0.16689418,0.16741785,0.18244609
uncertain,P,word2vec_recipe_1_HOM,0.15039952,0.13940752,0.17195852,0.15566406,0.18173693,0.16076663
depression,P,word2vec_recipe_1_HOM,0.27707165,0.34188446,0.41742405,0.4765271,0.4619233,0.48223963
temptation,P,word2vec_recipe_1_HOM,0.35246807,0.3460573,0.4071182,0.3190918,0.4236537,0.32181457
jail,P,word2vec_recipe_1_HOM,0.14567204,0.1587,0.17356448,0.17015772,0.18520539,0.18038964
depend,P,word2vec_recipe_1_HOM,0.27989253,0.36201942,0.40019622,0.39977783,0.4422061,0.39447835
diner,P,word2vec_recipe_1_HOM,0.3698766,0.34477967,0.44296846,0.37825817,0.463118,0.37883326
quail,H,word2vec_recipe_1_HOM,0.27913404,0.29430997,0.3818505,0.44146085,0.41838387,0.47102764
space,P,word2vec_recipe_1_HOM,0.35327956,0.4428548,0.42857036,0.39271662,0.4518505,0.3700459
slum,P,word2vec_recipe_1_HOM,0.12494393,0.14925861,0.148955,0.16761085,0.15869683,0.17652376
hip,H,word2vec_recipe_1_HOM,0.31106013,0.3129729,0.37199718,0.385327,0.3961644,0.40290463
fix,P,word2vec_recipe_1_HOM,0.34668916,0.27641267,0.3884638,0.30502486,0.40342385,0.31022826
persist,P,word2vec_recipe_1_HOM,0.09947699,0.11501635,0.119563244,0.13639395,0.12830071,0.15067592
serve,P,word2vec_recipe_1_HOM,0.29209742,0.36032626,0.42403388,0.4305266,0.4685489,0.42056334
range,P,word2vec_recipe_1_HOM,0.35673943,0.37382257,0.41951522,0.38672677,0.4416508,0.3985353
foolish,P,word2vec_recipe_1_HOM,0.11460726,0.10984816,0.13557287,0.13284686,0.14500661,0.14430286
explosive,P,word2vec_recipe_1_HOM,0.15570009,0.14183952,0.17856579,0.1662398,0.18874405,0.17930931
immune,P,word2vec_recipe_1_HOM,0.13743873,0.1493716,0.17460324,0.18978825,0.19407353,0.20856997
thrive,P,word2vec_recipe_1_HOM,0.13073437,0.14282349,0.15464005,0.1606238,0.16629349,0.172253
synthetic,P,word2vec_recipe_1_HOM,0.20761812,0.2310252,0.23913206,0.26910356,0.25301033,0.27618226
blah,P,word2vec_recipe_1_HOM,0.13583636,0.12711807,0.1575872,0.15249404,0.16811247,0.1625458
compromise,P,word2vec_recipe_1_HOM,0.15381318,0.13982601,0.17901531,0.16563277,0.18899946,0.17171349
cucumber,P,word2vec_recipe_1_HOM,0.2418276,0.29508007,0.32437932,0.36435127,0.3561091,0.38801676
illness,P,word2vec_recipe_1_HOM,0.36027193,0.35936394,0.44668514,0.3237352,0.4675826,0.3014124
sketchy,P,word2vec_recipe_1_HOM,0.073921286,0.09361512,0.08997212,0.1172827,0.09936209,0.13255121
calcium,P,word2vec_recipe_1_HOM,0.1882193,0.16357933,0.2556182,0.17818724,0.2854507,0.15068877
bulk,P,word2vec_recipe_1_HOM,0.34272948,0.30502784,0.47539252,0.48423564,0.5234318,0.5114383
iceberg,P,word2vec_recipe_1_HOM,0.26530814,0.30315018,0.3704034,0.40382203,0.40701306,0.4059613
arm,H,word2vec_recipe_1_HOM,0.33667314,0.30329952,0.3857779,0.3365459,0.40490058,0.3308059
vanishing,P,word2vec_recipe_1_HOM,0.12710476,0.1240484,0.15838224,0.15963252,0.17330593,0.17728785
cease,P,word2vec_recipe_1_HOM,0.2627131,0.27607363,0.3127927,0.32709613,0.33389163,0.33814964
faucet,M,word2vec_recipe_1_HOM,0.356455,0.40666717,0.41596544,0.440335,0.44198802,0.46040577
shudder,P,word2vec_recipe_1_HOM,0.098275766,0.0893753,0.11777783,0.12075108,0.12690932,0.13509089
mission,P,word2vec_recipe_1_HOM,0.3176354,0.3192904,0.3580671,0.32880074,0.37349984,0.34011778
campaign,P,word2vec_recipe_1_HOM,0.11374611,0.11480917,0.1338792,0.14479895,0.14511028,0.1596708
secondary,P,word2vec_recipe_1_HOM,0.2530837,0.27614433,0.3229588,0.34609184,0.34745872,0.35913906
uneasy,P,word2vec_recipe_1_HOM,0.09952699,0.11632641,0.12101806,0.14251329,0.13133608,0.15671228
anxiety,P,word2vec_recipe_1_HOM,0.16902956,0.13751067,0.1953332,0.16967614,0.20714222,0.17945376
savior,P,word2vec_recipe_1_HOM,0.123645976,0.16823666,0.14712314,0.19516808,0.1570725,0.20810662
clarify,P,word2vec_recipe_1_HOM,0.41035134,0.41333726,0.46497947,0.42216817,0.48160827,0.4006711
acute,P,word2vec_recipe_1_HOM,0.21958129,0.24443714,0.26339602,0.26957607,0.28189942,0.29096547
patent,P,word2vec_recipe_1_HOM,0.21248706,0.22488357,0.2497279,0.25354165,0.2634088,0.25518373
muddy,P,word2vec_recipe_1_HOM,0.3317538,0.38514057,0.37859794,0.39952338,0.39822006,0.40657753
thunder,P,word2vec_recipe_1_HOM,0.18493453,0.16778068,0.21010788,0.19005021,0.22026947,0.19680296
pose,H,word2vec_recipe_1_HOM,0.15283099,0.15369403,0.17599459,0.17201132,0.18530768,0.17775185
bounce,P,word2vec_recipe_1_HOM,0.37199858,0.39963815,0.4497151,0.43837157,0.47525024,0.43214765
total,P,word2vec_recipe_1_HOM,0.27656645,0.1068438,0.30846927,0.10044846,0.32006687,0.106404394
lesson,P,word2vec_recipe_1_HOM,0.10205593,0.1018376,0.123419456,0.1267525,0.13527119,0.14242569
judge,P,word2vec_recipe_1_HOM,0.25398475,0.2389238,0.29389808,0.21313725,0.30745116,0.2131917
female,P,word2vec_recipe_1_HOM,0.1927438,0.21278462,0.23007038,0.2381029,0.24440314,0.23977551
scenario,P,word2vec_recipe_1_HOM,0.108828306,0.10957152,0.13237262,0.12919816,0.14235674,0.14141572
pistol,P,word2vec_recipe_1_HOM,0.15588793,0.15771878,0.18320861,0.19472288,0.19465637,0.20320487
dissolve,P,word2vec_recipe_1_HOM,0.33194485,0.3531002,0.43389064,0.42313683,0.47097352,0.44053409
chick,P,word2vec_recipe_1_HOM,0.2910266,0.3082337,0.38388893,0.37476388,0.42098945,0.3975117
squash,H,word2vec_recipe_1_HOM,0.2744252,0.34927985,0.38572493,0.43576866,0.4272195,0.4382586
gazelle,M,word2vec_recipe_1_HOM,0.15663409,0.17552072,0.18292207,0.2083538,0.19396828,0.21320796
veal,P,word2vec_recipe_1_HOM,0.26216912,0.34804073,0.35447472,0.42562616,0.39315563,0.4392077
pile,H,word2vec_recipe_1_HOM,0.35307458,0.4506752,0.4444342,0.44532296,0.4731569,0.4446613
loser,P,word2vec_recipe_1_HOM,0.17823185,0.1390905,0.21144558,0.1753405,0.2237431,0.19247597
boast,P,word2vec_recipe_1_HOM,0.16225639,0.17467248,0.19371702,0.21229531,0.20647445,0.2243985
clasp,P,word2vec_recipe_1_HOM,0.23778296,0.27819276,0.2984984,0.31986392,0.3247949,0.3366943
proximity,M,word2vec_recipe_1_HOM,0.18014148,0.18762171,0.20763634,0.20606573,0.21878059,0.21564478
sensory,P,word2vec_recipe_1_HOM,0.13492087,0.1340992,0.15485138,0.15556261,0.16352206,0.16305937
permission,P,word2vec_recipe_1_HOM,0.1963314,0.1759858,0.24465649,0.2169539,0.26414827,0.22667271
lover,P,word2vec_recipe_1_HOM,0.27796498,0.25910422,0.32374218,0.2580852,0.33998567,0.2623173
starter,P,word2vec_recipe_1_HOM,0.29818934,0.37876183,0.38749313,0.43335184,0.4206268,0.44444287
pro,H,word2vec_recipe_1_HOM,0.3317709,0.21048135,0.3706883,0.19829328,0.38435495,0.18549292
poverty,P,word2vec_recipe_1_HOM,0.12558162,0.13160501,0.14309683,0.1484503,0.1525236,0.16121902
random,P,word2vec_recipe_1_HOM,0.3416966,0.35218135,0.39205787,0.34510326,0.41240066,0.34922037
lethal,M,word2vec_recipe_1_HOM,0.14702721,0.16272566,0.17114162,0.18074876,0.18183176,0.19530898
indoor,M,word2vec_recipe_1_HOM,0.2888952,0.32991982,0.3936995,0.40121087,0.4358789,0.43397388
staff,H,word2vec_recipe_1_HOM,0.22522907,0.170274,0.24790616,0.18056983,0.25820518,0.19233671
unattended,M,word2vec_recipe_1_HOM,0.3091574,0.1901921,0.34395114,0.22273059,0.35885775,0.24161635
torch,P,word2vec_recipe_1_HOM,0.35352534,0.4496521,0.47590542,0.5098537,0.50707173,0.50477254
official,P,word2vec_recipe_1_HOM,0.22676396,0.19092648,0.25298157,0.21898459,0.26442605,0.22283737
obtain,P,word2vec_recipe_1_HOM,0.35469192,0.38039994,0.42855495,0.3841164,0.4599176,0.4063041
gown,P,word2vec_recipe_1_HOM,0.13618067,0.1686564,0.16529602,0.21372393,0.18221894,0.24275859
blackjack,P,word2vec_recipe_1_HOM,0.13570522,0.16724877,0.1656436,0.19498858,0.17847425,0.20617011
sodium,M,word2vec_recipe_1_HOM,0.18538699,0.17701206,0.23323323,0.12821274,0.24834362,0.097310364
outrageous,P,word2vec_recipe_1_HOM,0.1891191,0.20055756,0.22010149,0.22134234,0.2327847,0.23516425
plunge,P,word2vec_recipe_1_HOM,0.32899114,0.3791662,0.46068108,0.463657,0.5019215,0.4899375
coach,P,word2vec_recipe_1_HOM,0.14404461,0.15406068,0.17152466,0.16474292,0.18368572,0.17702225
rude,P,word2vec_recipe_1_HOM,0.084556445,0.09635359,0.10036644,0.11904555,0.108192116,0.13275775
church,P,word2vec_recipe_1_HOM,0.26667958,0.28152683,0.3079546,0.28862333,0.32546985,0.2874648
rock,H,word2vec_recipe_1_HOM,0.46443015,0.4175844,0.5078687,0.46896806,0.52297175,0.47209913
offensive,P,word2vec_recipe_1_HOM,0.09701616,0.13111752,0.11317238,0.1447145,0.12195256,0.15302655
strawberry,P,word2vec_recipe_1_HOM,0.22737479,0.29779458,0.3114025,0.34071735,0.34163827,0.33714113
invitation,P,word2vec_recipe_1_HOM,0.14047101,0.15598042,0.1640395,0.17149903,0.1746821,0.17882636
gloss,H,word2vec_recipe_1_HOM,0.38763526,0.41981384,0.48243973,0.47058013,0.51101434,0.4889837
mistletoe,P,word2vec_recipe_1_HOM,0.16888827,0.18641193,0.2059929,0.22726619,0.2226668,0.24644043
rot,P,word2vec_recipe_1_HOM,0.22797365,0.21655832,0.25678664,0.2500453,0.27085322,0.25151864
possess,P,word2vec_recipe_1_HOM,0.13500428,0.123512775,0.15505105,0.14472355,0.16473049,0.15737167
lottery,P,word2vec_recipe_1_HOM,0.19404468,0.20748974,0.22281751,0.2299114,0.23422362,0.23951519
invaluable,M,word2vec_recipe_1_HOM,0.11902461,0.11170593,0.13603477,0.13441019,0.14459713,0.14760715
jiffy,M,word2vec_recipe_1_HOM,0.36003706,0.29981384,0.3997814,0.28535196,0.4143602,0.283823
hermit,P,word2vec_recipe_1_HOM,0.0948724,0.11272696,0.12827538,0.15199126,0.14543246,0.16963497
token,P,word2vec_recipe_1_HOM,0.14892766,0.13215737,0.17106506,0.15317155,0.18057823,0.16546997
telephone,P,word2vec_recipe_1_HOM,0.24720009,0.23937784,0.29148656,0.22224492,0.3063149,0.23000239
complain,P,word2vec_recipe_1_HOM,0.11453601,0.10622509,0.13881658,0.12885495,0.15026605,0.14254978
atop,P,word2vec_recipe_1_HOM,0.35294682,0.41541603,0.4266595,0.44175404,0.45212936,0.44491777
horsepower,P,word2vec_recipe_1_HOM,0.25232926,0.23652172,0.30477178,0.27458078,0.32491517,0.28264645
harp,P,word2vec_recipe_1_HOM,0.18418744,0.20798492,0.2200667,0.26706386,0.23627163,0.2838395
joke,P,word2vec_recipe_1_HOM,0.14695022,0.11951834,0.17050254,0.15635553,0.18058918,0.16180706
bald,P,word2vec_recipe_1_HOM,0.29188353,0.25515968,0.33444852,0.27030843,0.35101607,0.26518136
fuzzy,P,word2vec_recipe_1_HOM,0.2621971,0.26672375,0.37638867,0.38047987,0.4158441,0.4188949
turf,P,word2vec_recipe_1_HOM,0.22985467,0.19002987,0.2698832,0.23580466,0.28627083,0.2484036
sword,P,word2vec_recipe_1_HOM,0.30134958,0.3453383,0.34092176,0.37405166,0.3581182,0.3838199
library,P,word2vec_recipe_1_HOM,0.142899,0.122458465,0.1679953,0.14441572,0.17948085,0.16002303
third,P,word2vec_recipe_1_HOM,0.38872713,0.50239784,0.47954938,0.49205887,0.5095702,0.4670057
thermostat,M,word2vec_recipe_1_HOM,0.24053137,0.27002317,0.2823571,0.29386213,0.30257747,0.30780682
sprinkle,P,word2vec_recipe_1_HOM,0.26597413,0.32513827,0.38513955,0.38939977,0.41952872,0.38246512
obscure,P,word2vec_recipe_1_HOM,0.105443835,0.11502678,0.12567155,0.14304121,0.13515495,0.15214692
unfamiliar,P,word2vec_recipe_1_HOM,0.16047272,0.15413338,0.18428837,0.15605156,0.19540645,0.16412246
ferret,P,word2vec_recipe_1_HOM,0.15373443,0.18581577,0.17588261,0.20563497,0.18510126,0.21033354
complaint,P,word2vec_recipe_1_HOM,0.08673233,0.09935655,0.10286031,0.11948718,0.11146345,0.13381545
inch,P,word2vec_recipe_1_HOM,0.23642309,0.26175725,0.328928,0.35252497,0.3670702,0.35559458
convince,M,word2vec_recipe_1_HOM,0.085980676,0.09681541,0.10448213,0.12223141,0.11328053,0.13461186
peasant,P,word2vec_recipe_1_HOM,0.28692698,0.33184883,0.3417288,0.3704614,0.36293647,0.37329122
fiery,P,word2vec_recipe_1_HOM,0.27312002,0.30679148,0.32057887,0.32895795,0.33847946,0.32771125
entire,P,word2vec_recipe_1_HOM,0.4124846,0.32300842,0.46024823,0.376506,0.47616535,0.37252373
rump,P,word2vec_recipe_1_HOM,0.2727861,0.33679062,0.34898746,0.38793385,0.37991494,0.39209336
file,H,word2vec_recipe_1_HOM,0.37770724,0.37900308,0.4403004,0.40839636,0.46159416,0.4143181
awake,P,word2vec_recipe_1_HOM,0.26302275,0.258771,0.30060953,0.29807168,0.31734902,0.30350006
toast,H,word2vec_recipe_1_HOM,0.3616642,0.3962984,0.44316337,0.43814823,0.4762816,0.45703745
reaction,P,word2vec_recipe_1_HOM,0.24213758,0.25278342,0.28723535,0.26528287,0.30811948,0.26465425
quest,P,word2vec_recipe_1_HOM,0.17747061,0.15214686,0.20320952,0.17027326,0.2132719,0.18486656
yogurt,M,word2vec_recipe_1_HOM,0.30987024,0.40252084,0.39692456,0.4566014,0.42842767,0.4768737
common,P,word2vec_recipe_1_HOM,0.25331643,0.29345772,0.29562557,0.286258,0.3122591,0.28218684
fluff,P,word2vec_recipe_1_HOM,0.45978937,0.49343944,0.555935,0.5677516,0.5882515,0.55711466
rich,P,word2vec_recipe_1_HOM,0.29940242,0.3196546,0.36092445,0.40013844,0.39186737,0.4160982
mistress,P,word2vec_recipe_1_HOM,0.12708732,0.14188136,0.15017101,0.18339026,0.15932755,0.19606906
reload,M,word2vec_recipe_1_HOM,0.17310569,0.19526242,0.20774426,0.22815993,0.22160919,0.24472035
aroma,P,word2vec_recipe_1_HOM,0.2580772,0.31291118,0.36936638,0.4146333,0.40702355,0.4455526
model,P,word2vec_recipe_1_HOM,0.2796498,0.29920265,0.34176978,0.353111,0.36701062,0.3634295
social,P,word2vec_recipe_1_HOM,0.17152229,0.16554569,0.2031888,0.19181868,0.21533939,0.202579
pregnant,P,word2vec_recipe_1_HOM,0.19010472,0.17723621,0.22516726,0.19132641,0.23805462,0.19333062
disturb,P,word2vec_recipe_1_HOM,0.35606128,0.37620136,0.43953377,0.43590468,0.47148088,0.42779115
peel,H,word2vec_recipe_1_HOM,0.30830526,0.35841027,0.40566143,0.4290715,0.4386729,0.4499522
cleanse,P,word2vec_recipe_1_HOM,0.1990712,0.2132652,0.24713047,0.26048863,0.26813957,0.2735395
puff,P,word2vec_recipe_1_HOM,0.3367245,0.40135142,0.41147545,0.43708512,0.43668973,0.43935058
overdose,P,word2vec_recipe_1_HOM,0.14730439,0.1830671,0.17582226,0.21489336,0.18696079,0.22330117
brain,P,word2vec_recipe_1_HOM,0.289751,0.2733197,0.33487672,0.30489638,0.35105455,0.31054348
cigarette,M,word2vec_recipe_1_HOM,0.23932461,0.23697896,0.27533966,0.27900308,0.29382628,0.2928551
grief,P,word2vec_recipe_1_HOM,0.11537011,0.11818375,0.13501802,0.13509293,0.14428976,0.14221519
bungalow,M,word2vec_recipe_1_HOM,0.14046259,0.15421616,0.16771255,0.1798417,0.17814846,0.18891823
heresy,P,word2vec_recipe_1_HOM,0.07398257,0.08920967,0.091561764,0.1170719,0.09960966,0.12807727
union,P,word2vec_recipe_1_HOM,0.30983487,0.25452614,0.3443839,0.2396582,0.35762691,0.24877803
wartime,M,word2vec_recipe_1_HOM,0.14928076,0.1515717,0.17328392,0.1720339,0.1829248,0.18632393
bathe,P,word2vec_recipe_1_HOM,0.37683144,0.46668166,0.43537918,0.44535166,0.45553738,0.43432242
avoid,P,word2vec_recipe_1_HOM,0.29953846,0.3794859,0.39822757,0.45980966,0.43700653,0.45604947
sweetie,M,word2vec_recipe_1_HOM,0.18988548,0.20168617,0.22009005,0.22937684,0.23191772,0.24031955
greed,M,word2vec_recipe_1_HOM,0.26212937,0.24815203,0.29330537,0.29966128,0.30725828,0.3077005
short,P,word2vec_recipe_1_HOM,0.40265355,0.45983326,0.47436547,0.47977197,0.49886775,0.46636444
trailer,P,word2vec_recipe_1_HOM,0.16406639,0.15217572,0.19090074,0.17632923,0.20176506,0.18552017
booze,P,word2vec_recipe_1_HOM,0.24959953,0.28105623,0.3021635,0.31014943,0.32534763,0.3304048
lobe,P,word2vec_recipe_1_HOM,0.33530983,0.3094626,0.3748711,0.35781306,0.39118966,0.36160356
negative,P,word2vec_recipe_1_HOM,0.17751774,0.14225946,0.19991419,0.17122135,0.21061102,0.173174
bicycle,P,word2vec_recipe_1_HOM,0.21012971,0.21869498,0.2536257,0.26499906,0.27209327,0.28202525
circular,P,word2vec_recipe_1_HOM,0.30999556,0.3659011,0.3676732,0.36093006,0.38752997,0.36550137
creature,P,word2vec_recipe_1_HOM,0.1909519,0.18228978,0.22296871,0.23415789,0.23757549,0.25896645
farmhouse,M,word2vec_recipe_1_HOM,0.25080323,0.25416943,0.2849467,0.28084606,0.30083045,0.28428042
heaven,P,word2vec_recipe_1_HOM,0.27550086,0.28224814,0.31907222,0.32243016,0.3366107,0.3347643
persistent,P,word2vec_recipe_1_HOM,0.11015041,0.11534955,0.12911981,0.14190303,0.13971086,0.1550375
chap,H,word2vec_recipe_1_HOM,0.13637222,0.13575476,0.17136103,0.16919641,0.18969516,0.19514349
avocado,P,word2vec_recipe_1_HOM,0.2402949,0.3326555,0.33086368,0.384184,0.3623535,0.37983948
sneak,P,word2vec_recipe_1_HOM,0.2542018,0.21245301,0.28908712,0.21906286,0.30340952,0.21586916
swine,P,word2vec_recipe_1_HOM,0.123406135,0.143222,0.14224121,0.16774285,0.15089922,0.17617862
organ,P,word2vec_recipe_1_HOM,0.203391,0.22693199,0.26120663,0.29211095,0.2833475,0.30337217
nifty,M,word2vec_recipe_1_HOM,0.19273904,0.17327529,0.22085355,0.18050437,0.23262614,0.19084404
imminent,M,word2vec_recipe_1_HOM,0.18819904,0.17607163,0.21377178,0.21139067,0.22588901,0.21533848
voice,P,word2vec_recipe_1_HOM,0.12087639,0.12469943,0.1402443,0.14450037,0.1496707,0.15697087
memory,P,word2vec_recipe_1_HOM,0.15802065,0.16739096,0.18963727,0.17625615,0.20291452,0.18911612
lumber,H,word2vec_recipe_1_HOM,0.14032298,0.14512944,0.16087359,0.16283377,0.17079075,0.17020361
broadcast,P,word2vec_recipe_1_HOM,0.1329786,0.1357343,0.15753196,0.16344565,0.16779132,0.17322609
famous,P,word2vec_recipe_1_HOM,0.16543141,0.1684607,0.19779539,0.19444904,0.21204227,0.2054544
speck,P,word2vec_recipe_1_HOM,0.33772457,0.37715256,0.41810432,0.45249683,0.44582778,0.46449688
pickle,P,word2vec_recipe_1_HOM,0.27458724,0.35434905,0.3670966,0.4091408,0.4047208,0.43030113
unhappy,P,word2vec_recipe_1_HOM,0.10596019,0.10642669,0.12475192,0.12820764,0.13348436,0.14015318
lid,P,word2vec_recipe_1_HOM,0.33548975,0.38016328,0.41658825,0.46389467,0.45042756,0.47337422
tropical,P,word2vec_recipe_1_HOM,0.26344568,0.3153536,0.31809482,0.3298895,0.3404356,0.33722776
loyal,M,word2vec_recipe_1_HOM,0.09239676,0.09818134,0.11241539,0.12720037,0.12199297,0.13975312
comfy,M,word2vec_recipe_1_HOM,0.197062,0.18620633,0.22597069,0.20171541,0.23760566,0.20801596
retract,P,word2vec_recipe_1_HOM,0.15112287,0.18169513,0.18471806,0.21777666,0.2009701,0.22948489
balcony,P,word2vec_recipe_1_HOM,0.1612936,0.18373053,0.1916824,0.18443653,0.20323357,0.19692937
combo,P,word2vec_recipe_1_HOM,0.31336647,0.3050629,0.36791062,0.337136,0.3844326,0.33255935
friction,P,word2vec_recipe_1_HOM,0.22301467,0.2152084,0.26369584,0.26391497,0.2812095,0.27160728
canvas,P,word2vec_recipe_1_HOM,0.25844195,0.2725193,0.32170436,0.3428629,0.34631622,0.3605057
domain,P,word2vec_recipe_1_HOM,0.14355758,0.14405742,0.17187655,0.17469147,0.18758194,0.19565485
baseball,P,word2vec_recipe_1_HOM,0.2743141,0.31615382,0.3328976,0.3619859,0.35297787,0.35965943
growth,P,word2vec_recipe_1_HOM,0.21781889,0.21658753,0.26795518,0.2504878,0.28882667,0.26673698
putter,H,word2vec_recipe_1_HOM,0.30442277,0.24511072,0.35408106,0.28977504,0.37377465,0.32733217
thirst,P,word2vec_recipe_1_HOM,0.1785707,0.22550744,0.22495371,0.26867223,0.24394397,0.29324457
instant,P,word2vec_recipe_1_HOM,0.41930524,0.39618933,0.47999322,0.4358864,0.5026525,0.45608637
crown,P,word2vec_recipe_1_HOM,0.3781463,0.31971198,0.4241885,0.3748783,0.44221768,0.41133
gold,P,word2vec_recipe_1_HOM,0.4101313,0.49342316,0.4870878,0.5168581,0.510751,0.5042604
insurance,P,word2vec_recipe_1_HOM,0.26661146,0.2378711,0.311043,0.22691621,0.32644966,0.2290968
merchant,P,word2vec_recipe_1_HOM,0.115654744,0.15327458,0.13604245,0.17266633,0.14468655,0.1830785
cavern,P,word2vec_recipe_1_HOM,0.22160241,0.26652393,0.25578225,0.29473042,0.2694415,0.30942294
satin,P,word2vec_recipe_1_HOM,0.36743495,0.37844712,0.41946232,0.3919938,0.43863323,0.39579603
riddle,H,word2vec_recipe_1_HOM,0.21740396,0.2166412,0.25574985,0.2932056,0.27188802,0.3108116
structure,P,word2vec_recipe_1_HOM,0.35154575,0.32775348,0.40613696,0.32454818,0.42665043,0.33551604
double,P,word2vec_recipe_1_HOM,0.36923507,0.39280593,0.47375473,0.43958125,0.5101498,0.43527934
copy,P,word2vec_recipe_1_HOM,0.26428884,0.26954073,0.3039257,0.2801255,0.31935462,0.28670388
error,P,word2vec_recipe_1_HOM,0.2812337,0.17197396,0.30765516,0.18093093,0.31982574,0.19415076
crab,H,word2vec_recipe_1_HOM,0.2886166,0.3702195,0.38749462,0.4077349,0.42045528,0.41532296
deduct,P,word2vec_recipe_1_HOM,0.19476478,0.24435967,0.22574668,0.25836912,0.2402049,0.26503432
ghost,P,word2vec_recipe_1_HOM,0.27309713,0.2539289,0.32232517,0.28281617,0.34901372,0.30655387
assumption,P,word2vec_recipe_1_HOM,0.08572644,0.08552833,0.10243157,0.11879803,0.11111918,0.13179144
filter,P,word2vec_recipe_1_HOM,0.2590701,0.35104835,0.36501363,0.4407201,0.41324484,0.48453975
gasp,P,word2vec_recipe_1_HOM,0.18350275,0.15523888,0.20687251,0.15720691,0.21725799,0.16429855
festive,P,word2vec_recipe_1_HOM,0.29287264,0.38879246,0.3680442,0.44095743,0.3975938,0.4548336
faithful,P,word2vec_recipe_1_HOM,0.122997716,0.120214894,0.14561816,0.1513167,0.15729707,0.1675518
upper,P,word2vec_recipe_1_HOM,0.32423523,0.31147027,0.43029445,0.4226665,0.46658042,0.43266636
slip,H,word2vec_recipe_1_HOM,0.36756468,0.44517785,0.45431504,0.47066543,0.48103675,0.45809907
milk,P,word2vec_recipe_1_HOM,0.29694387,0.37901798,0.3781205,0.3802488,0.4075268,0.3726718
album,P,word2vec_recipe_1_HOM,0.16244967,0.19135678,0.191404,0.21608393,0.20238149,0.2252823
lingo,M,word2vec_recipe_1_HOM,0.1607497,0.1551502,0.18664074,0.18656959,0.196787,0.19602163
tingle,P,word2vec_recipe_1_HOM,0.16456778,0.1681229,0.19488643,0.19694677,0.20679878,0.20261365
cheese,P,word2vec_recipe_1_HOM,0.23762932,0.27115396,0.3159049,0.32419825,0.34898537,0.35616034
vampire,P,word2vec_recipe_1_HOM,0.20824318,0.24092723,0.2546233,0.28503993,0.27293447,0.30337057
autumn,M,word2vec_recipe_1_HOM,0.2706141,0.3561241,0.32847843,0.36634517,0.347744,0.36587402
noisy,P,word2vec_recipe_1_HOM,0.15357395,0.14862621,0.17959082,0.17273475,0.19139294,0.17591682
tower,H,word2vec_recipe_1_HOM,0.42259198,0.40605256,0.47465178,0.4455852,0.4933367,0.4579879
fingernail,M,word2vec_recipe_1_HOM,0.26983833,0.2846205,0.31840634,0.33143497,0.33690292,0.3440439
humility,M,word2vec_recipe_1_HOM,0.18567671,0.22074609,0.22056454,0.21540876,0.23238106,0.22701406
cave,P,word2vec_recipe_1_HOM,0.19241683,0.16150643,0.22278456,0.1902837,0.23532677,0.19980858
magazine,P,word2vec_recipe_1_HOM,0.21368249,0.25628135,0.27344552,0.276239,0.3000436,0.28643683
brat,M,word2vec_recipe_1_HOM,0.28231215,0.36338112,0.36307916,0.4097241,0.3943135,0.39792025
crush,P,word2vec_recipe_1_HOM,0.3608994,0.45024097,0.4601054,0.5337422,0.4964894,0.5282729
fatal,P,word2vec_recipe_1_HOM,0.14374974,0.13691938,0.16853903,0.16191685,0.178662,0.17596
aggression,P,word2vec_recipe_1_HOM,0.2641745,0.26782227,0.30906278,0.2848293,0.3248799,0.29458496
gallon,P,word2vec_recipe_1_HOM,0.29197812,0.35140896,0.3857297,0.42369464,0.42157054,0.45348173
leg,P,word2vec_recipe_1_HOM,0.25672066,0.34702727,0.33681762,0.42419922,0.37193885,0.44754994
attentive,P,word2vec_recipe_1_HOM,0.14223062,0.13380937,0.16511698,0.16288947,0.17638743,0.17223005
trail,P,word2vec_recipe_1_HOM,0.4423573,0.53835434,0.52984166,0.49463585,0.5515754,0.47429663
ferocious,P,word2vec_recipe_1_HOM,0.14767346,0.1614376,0.16868716,0.18556589,0.17883922,0.1996405
silverware,P,word2vec_recipe_1_HOM,0.23743844,0.21763167,0.26451436,0.24279702,0.27714902,0.2509524
sinner,M,word2vec_recipe_1_HOM,0.17372623,0.1679319,0.19594118,0.18817462,0.20650963,0.2044812
oven,M,word2vec_recipe_1_HOM,0.3500958,0.30447116,0.41121492,0.3270394,0.4320166,0.34258842
unwind,P,word2vec_recipe_1_HOM,0.23104008,0.22332872,0.27306908,0.25412244,0.2895609,0.27702865
coronation,M,word2vec_recipe_1_HOM,0.16075759,0.16717064,0.18633518,0.19775248,0.19727167,0.21136609
barge,P,word2vec_recipe_1_HOM,0.12897559,0.15817599,0.15216827,0.1937593,0.16261654,0.2088395
sand,P,word2vec_recipe_1_HOM,0.34743616,0.42675534,0.4502097,0.48423174,0.48101798,0.4996221
purchase,P,word2vec_recipe_1_HOM,0.26103976,0.28910688,0.35281593,0.34538105,0.38248435,0.35273236
tan,P,word2vec_recipe_1_HOM,0.30117136,0.35369438,0.38827962,0.42637002,0.43200386,0.4514119
tangle,P,word2vec_recipe_1_HOM,0.323591,0.31762406,0.3682896,0.3589265,0.3854106,0.3825461
hover,P,word2vec_recipe_1_HOM,0.20870212,0.18372136,0.2427674,0.19580695,0.25672862,0.20256177
tumor,P,word2vec_recipe_1_HOM,0.09104447,0.11778248,0.11733875,0.15148364,0.13005018,0.16469997
slam,H,word2vec_recipe_1_HOM,0.33508044,0.33670115,0.39806408,0.4018362,0.42056346,0.40202737
moral,P,word2vec_recipe_1_HOM,0.16069712,0.15176712,0.1960315,0.15517183,0.20766945,0.16180895
ditch,P,word2vec_recipe_1_HOM,0.3484012,0.33257923,0.39708644,0.3746178,0.4155668,0.3852041
flesh,P,word2vec_recipe_1_HOM,0.3484551,0.3995402,0.43050912,0.4554167,0.46153748,0.47343317
dim,P,word2vec_recipe_1_HOM,0.24575368,0.27666262,0.32045856,0.32490706,0.3498767,0.33958885
instinct,P,word2vec_recipe_1_HOM,0.09985826,0.11308613,0.12148398,0.13504077,0.13179778,0.14647354
demand,P,word2vec_recipe_1_HOM,0.1682758,0.16795202,0.19434685,0.1969941,0.20602283,0.20341258
royalty,P,word2vec_recipe_1_HOM,0.16627736,0.18477398,0.1909675,0.19467396,0.20105861,0.19993085
irregular,P,word2vec_recipe_1_HOM,0.32727408,0.3149621,0.38847673,0.35120714,0.4094319,0.36611676
pub,M,word2vec_recipe_1_HOM,0.25793457,0.23916076,0.29304513,0.2611552,0.3079276,0.26316503
crumb,P,word2vec_recipe_1_HOM,0.2972187,0.3528036,0.3758493,0.40416867,0.40905657,0.42236465
extent,P,word2vec_recipe_1_HOM,0.16694053,0.14724407,0.19257268,0.1799656,0.20410958,0.19449131
deploy,P,word2vec_recipe_1_HOM,0.1625337,0.17176571,0.18670292,0.1974793,0.19674978,0.21186548
lunatic,P,word2vec_recipe_1_HOM,0.10034716,0.101380855,0.121382035,0.1253767,0.1305807,0.13761052
barbecue,P,word2vec_recipe_1_HOM,0.25398335,0.25981426,0.33710507,0.3192833,0.36638686,0.34121752
orderly,P,word2vec_recipe_1_HOM,0.24730952,0.2530441,0.29190767,0.28605902,0.30924904,0.30538464
index,P,word2vec_recipe_1_HOM,0.27370584,0.30465266,0.37686297,0.39972645,0.4114662,0.4106397
cuddle,P,word2vec_recipe_1_HOM,0.17382632,0.19939843,0.20271792,0.22751358,0.21326637,0.24090351
dangle,P,word2vec_recipe_1_HOM,0.20198035,0.21956158,0.24215023,0.2535024,0.25929135,0.2697091
grave,H,word2vec_recipe_1_HOM,0.21753296,0.18960528,0.24941097,0.20290647,0.2604215,0.21561606
payday,M,word2vec_recipe_1_HOM,0.19426362,0.18741384,0.22912024,0.19450921,0.24559478,0.20368922
dent,H,word2vec_recipe_1_HOM,0.28430432,0.3593788,0.41137382,0.44589907,0.45252877,0.4670092
buckle,P,word2vec_recipe_1_HOM,0.29161075,0.33583984,0.3642308,0.36958057,0.3890528,0.3590752
orgy,P,word2vec_recipe_1_HOM,0.14022526,0.16544633,0.16334555,0.19550219,0.17294067,0.21236043
render,P,word2vec_recipe_1_HOM,0.34562975,0.42071408,0.4514803,0.46963975,0.48185912,0.47866538
beer,P,word2vec_recipe_1_HOM,0.34098607,0.38814744,0.4342368,0.4440687,0.46205688,0.44784552
oyster,P,word2vec_recipe_1_HOM,0.40597755,0.4340728,0.4517484,0.42978302,0.47033826,0.4393232
cousin,P,word2vec_recipe_1_HOM,0.19599685,0.22200741,0.22778901,0.22485195,0.24081162,0.23554106
jolt,P,word2vec_recipe_1_HOM,0.2369206,0.21122679,0.2706247,0.22888955,0.28153265,0.22960918
retail,P,word2vec_recipe_1_HOM,0.23379609,0.2759266,0.2930077,0.27501035,0.3128873,0.264737
guard,P,word2vec_recipe_1_HOM,0.3405607,0.36086178,0.39389473,0.3922419,0.41494283,0.38816804
bolt,H,word2vec_recipe_1_HOM,0.18128225,0.18965873,0.21409272,0.23663174,0.2297565,0.2594103
mortal,P,word2vec_recipe_1_HOM,0.21516755,0.24317434,0.31037837,0.37485024,0.34448746,0.41340992
omelet,M,word2vec_recipe_1_HOM,0.3048244,0.42915574,0.45224708,0.5492574,0.49549827,0.558864
phenomenal,P,word2vec_recipe_1_HOM,0.16642198,0.18416446,0.19786999,0.20857908,0.21035561,0.20555867
envy,P,word2vec_recipe_1_HOM,0.20229919,0.22450167,0.2348807,0.23638919,0.24821426,0.25214422
knob,P,word2vec_recipe_1_HOM,0.44646698,0.5337545,0.51391596,0.5271889,0.5340841,0.5063824
zing,P,word2vec_recipe_1_HOM,0.26415288,0.31645873,0.32529604,0.33037052,0.34752378,0.3361662
meditation,P,word2vec_recipe_1_HOM,0.18267481,0.17422868,0.21044849,0.20317003,0.2203485,0.20833401
afloat,P,word2vec_recipe_1_HOM,0.25357997,0.21631062,0.28485048,0.24564952,0.29716256,0.2623906
chart,P,word2vec_recipe_1_HOM,0.3072264,0.33436516,0.37084562,0.37053105,0.39441016,0.38279313
dry,P,word2vec_recipe_1_HOM,0.4010302,0.30219138,0.46949548,0.3699519,0.49514556,0.4008455
ample,M,word2vec_recipe_1_HOM,0.42241034,0.47340667,0.49663043,0.44045123,0.5185673,0.43152025
evidence,P,word2vec_recipe_1_HOM,0.1616246,0.16502652,0.19248697,0.18930463,0.20584202,0.20740303
crack,P,word2vec_recipe_1_HOM,0.42102057,0.48539475,0.49034292,0.47426602,0.5116333,0.47736493
exhaustion,P,word2vec_recipe_1_HOM,0.11755377,0.11326769,0.13642296,0.14353168,0.14553612,0.15717983
juice,P,word2vec_recipe_1_HOM,0.23814973,0.24547268,0.30913132,0.32920966,0.3435632,0.35248476
couch,P,word2vec_recipe_1_HOM,0.19263993,0.1712,0.22616404,0.18576531,0.23945978,0.20339476
industry,P,word2vec_recipe_1_HOM,0.16169325,0.1385896,0.18433134,0.16052587,0.19561394,0.17543449
prodigy,P,word2vec_recipe_1_HOM,0.16115083,0.15634678,0.190457,0.17062272,0.20340915,0.18333134
freedom,P,word2vec_recipe_1_HOM,0.20048586,0.2012085,0.22903484,0.23092419,0.24078837,0.23375688
stripe,H,word2vec_recipe_1_HOM,0.31458646,0.30406272,0.37001893,0.3147918,0.39158824,0.33137655
butcher,P,word2vec_recipe_1_HOM,0.3234226,0.34636265,0.38518083,0.39107785,0.40658227,0.39756092
inspection,P,word2vec_recipe_1_HOM,0.12432327,0.1262526,0.14228135,0.1503286,0.15156788,0.15804227
beast,P,word2vec_recipe_1_HOM,0.272393,0.2579993,0.31299964,0.2776799,0.32726884,0.28430998
confidence,P,word2vec_recipe_1_HOM,0.17135377,0.13249105,0.19446915,0.14624225,0.20529094,0.16003536
eggplant,M,word2vec_recipe_1_HOM,0.28874725,0.3510929,0.38249093,0.4498597,0.41497758,0.447554
horse,P,word2vec_recipe_1_HOM,0.30347997,0.27772802,0.34635335,0.3243132,0.36425316,0.3289596
agreeable,P,word2vec_recipe_1_HOM,0.15548535,0.16160585,0.18484268,0.18616086,0.19673531,0.19460647
exclude,P,word2vec_recipe_1_HOM,0.30487758,0.25486296,0.34741467,0.26249766,0.36394975,0.2785389
supper,P,word2vec_recipe_1_HOM,0.26800448,0.33798295,0.33065316,0.34858993,0.35367492,0.34549436
purple,P,word2vec_recipe_1_HOM,0.35713118,0.38634506,0.4213153,0.47117648,0.44690675,0.47599092
anatomy,P,word2vec_recipe_1_HOM,0.18353793,0.21676771,0.20950337,0.25126532,0.22168998,0.26798737
hum,P,word2vec_recipe_1_HOM,0.14542761,0.1524799,0.17093624,0.18789281,0.18216635,0.19738027
fifty,P,word2vec_recipe_1_HOM,0.37573963,0.43178368,0.4412626,0.4321221,0.46216014,0.43610528
secure,P,word2vec_recipe_1_HOM,0.2837715,0.35376695,0.38265422,0.4185218,0.41853812,0.42486376
dismiss,P,word2vec_recipe_1_HOM,0.09861336,0.1056122,0.11741779,0.13658938,0.12636933,0.15080568
view,P,word2vec_recipe_1_HOM,0.29076815,0.26947922,0.34149173,0.30047494,0.3611853,0.2902479
chapter,P,word2vec_recipe_1_HOM,0.18743137,0.16848361,0.22058716,0.19230442,0.23275974,0.20056546
sweater,P,word2vec_recipe_1_HOM,0.19031183,0.20667648,0.22343023,0.23709643,0.23737465,0.2477892
loss,P,word2vec_recipe_1_HOM,0.26316652,0.21496096,0.3023703,0.2637675,0.3204254,0.27292743
inflation,P,word2vec_recipe_1_HOM,0.18265219,0.21740101,0.20850962,0.24767429,0.21980983,0.26496938
fiddle,P,word2vec_recipe_1_HOM,0.21587396,0.1506674,0.24670324,0.16556433,0.2579809,0.17097662
shine,P,word2vec_recipe_1_HOM,0.3482554,0.38868254,0.4123444,0.35543534,0.4348864,0.35071254
foul,P,word2vec_recipe_1_HOM,0.24552119,0.21933086,0.28095004,0.25310153,0.29365692,0.26386917
drama,P,word2vec_recipe_1_HOM,0.16371748,0.14803797,0.18940419,0.16771,0.20035759,0.17487162
soldier,P,word2vec_recipe_1_HOM,0.23511033,0.23814732,0.26654056,0.26881117,0.27985036,0.27324617
beam,P,word2vec_recipe_1_HOM,0.21609232,0.1895777,0.26143262,0.24987175,0.27889997,0.27487534
plant,P,word2vec_recipe_1_HOM,0.33754295,0.32326517,0.38643372,0.34716228,0.40334797,0.35740033
deny,P,word2vec_recipe_1_HOM,0.092016295,0.09953557,0.10975285,0.12281317,0.11859634,0.13504307
peach,P,word2vec_recipe_1_HOM,0.22581553,0.302253,0.3162629,0.34784496,0.3500848,0.36115414
bluff,H,word2vec_recipe_1_HOM,0.12602767,0.13243362,0.14834087,0.1574657,0.1586189,0.16769865
mall,P,word2vec_recipe_1_HOM,0.20332155,0.18789242,0.23630941,0.20769624,0.2490866,0.21709682
manicure,P,word2vec_recipe_1_HOM,0.09138469,0.1044712,0.1098716,0.13219814,0.11836281,0.14364223
spectrum,P,word2vec_recipe_1_HOM,0.27815673,0.2623472,0.32564488,0.2664647,0.34084633,0.2598439
sip,P,word2vec_recipe_1_HOM,0.28430468,0.32130218,0.35498825,0.39016515,0.38277772,0.4074509
consent,P,word2vec_recipe_1_HOM,0.1127614,0.12517634,0.1397358,0.14746806,0.15151325,0.16085844
proverbial,P,word2vec_recipe_1_HOM,0.16052341,0.16922562,0.18184575,0.17491932,0.19120106,0.18479693
influence,P,word2vec_recipe_1_HOM,0.14366974,0.14396301,0.17367043,0.16628332,0.18632284,0.17704082
league,H,word2vec_recipe_1_HOM,0.24002416,0.24228397,0.27146682,0.2322727,0.28412503,0.23809439
loft,P,word2vec_recipe_1_HOM,0.19138272,0.2239452,0.22046345,0.24370512,0.23178133,0.25321397
shove,P,word2vec_recipe_1_HOM,0.3591369,0.41390678,0.41735703,0.42553174,0.4381292,0.41706148
luscious,P,word2vec_recipe_1_HOM,0.30271667,0.3288126,0.35723737,0.39456427,0.38063347,0.39110202
passion,P,word2vec_recipe_1_HOM,0.2883119,0.33007106,0.34572506,0.36359864,0.36711866,0.3651013
pep,P,word2vec_recipe_1_HOM,0.23887363,0.22421686,0.27894095,0.2730276,0.29911187,0.2968667
cockeyed,P,word2vec_recipe_1_HOM,0.106959626,0.12151123,0.14691721,0.16780442,0.16389643,0.1819881
instance,P,word2vec_recipe_1_HOM,0.28270897,0.29342175,0.32321107,0.29717678,0.3376115,0.2899123
prolong,P,word2vec_recipe_1_HOM,0.19004323,0.18735985,0.22843747,0.21677852,0.24426617,0.23932776
slave,P,word2vec_recipe_1_HOM,0.09851146,0.10233712,0.11678645,0.12611666,0.12690522,0.14037514
imitate,P,word2vec_recipe_1_HOM,0.19799879,0.1962999,0.23491813,0.23723567,0.2509621,0.2644885
raspberry,P,word2vec_recipe_1_HOM,0.22830017,0.31350452,0.31861258,0.36153102,0.3502707,0.36142397
luxurious,P,word2vec_recipe_1_HOM,0.2516761,0.27994913,0.3013056,0.2959081,0.32019624,0.30996978
humane,P,word2vec_recipe_1_HOM,0.09736128,0.10390128,0.11432798,0.13074382,0.12336329,0.14357169
nitrate,P,word2vec_recipe_1_HOM,0.17531124,0.18359205,0.21074246,0.19540574,0.22379868,0.17136471
redhead,P,word2vec_recipe_1_HOM,0.11574946,0.14205122,0.13606407,0.16366746,0.14516464,0.17551966
cautious,M,word2vec_recipe_1_HOM,0.29278204,0.30672953,0.34753743,0.30182087,0.3672653,0.3017087
streak,P,word2vec_recipe_1_HOM,0.35108727,0.27961537,0.39306304,0.3263044,0.4108245,0.3468336
savvy,P,word2vec_recipe_1_HOM,0.20483887,0.16782412,0.23389767,0.19497803,0.24523182,0.19769612
inland,P,word2vec_recipe_1_HOM,0.10851308,0.12515822,0.12839657,0.157277,0.13815258,0.17074956
solve,P,word2vec_recipe_1_HOM,0.18818608,0.15454839,0.21767311,0.1766186,0.23025432,0.19141023
honest,P,word2vec_recipe_1_HOM,0.17362203,0.14317015,0.20219137,0.16675547,0.21502109,0.17752518
strict,P,word2vec_recipe_1_HOM,0.16025312,0.16027825,0.18802996,0.16366999,0.20021345,0.17342277
rack,H,word2vec_recipe_1_HOM,0.32998443,0.33199653,0.41918498,0.35507813,0.4477036,0.37502438
mood,H,word2vec_recipe_1_HOM,0.26524085,0.22202477,0.29814836,0.22440779,0.31134734,0.22842194
queen,P,word2vec_recipe_1_HOM,0.27515483,0.2289306,0.30785406,0.2536333,0.3200643,0.25463876
shop,P,word2vec_recipe_1_HOM,0.2725901,0.28108522,0.32309517,0.29764274,0.34580708,0.3082273
nook,M,word2vec_recipe_1_HOM,0.37811714,0.39983323,0.4399129,0.40354994,0.45945525,0.41011053
executive,P,word2vec_recipe_1_HOM,0.11273692,0.124676816,0.13466573,0.15339485,0.14697023,0.17063285
fabric,P,word2vec_recipe_1_HOM,0.2510135,0.26846904,0.3052813,0.31611356,0.32863608,0.33491084
fraction,P,word2vec_recipe_1_HOM,0.30368,0.2578124,0.3403249,0.26531145,0.354011,0.25897774
stain,P,word2vec_recipe_1_HOM,0.31592727,0.2955409,0.3672284,0.33789852,0.3877378,0.3466683
withstand,P,word2vec_recipe_1_HOM,0.25391865,0.20422792,0.29072475,0.20643288,0.30559367,0.21087697
jellyfish,P,word2vec_recipe_1_HOM,0.30672747,0.3393198,0.36143535,0.39496446,0.38158134,0.3984616
select,P,word2vec_recipe_1_HOM,0.32791346,0.3329766,0.43668693,0.43182617,0.48394376,0.47432613
peninsula,M,word2vec_recipe_1_HOM,0.18345587,0.15782729,0.20954801,0.17900544,0.21860588,0.1892159
dude,P,word2vec_recipe_1_HOM,0.13510123,0.15089603,0.15923198,0.17627855,0.17023864,0.18992354
soot,P,word2vec_recipe_1_HOM,0.24039221,0.24355404,0.2887227,0.2875943,0.30724013,0.3059804
jungle,P,word2vec_recipe_1_HOM,0.22650142,0.24127026,0.2645257,0.27298105,0.2794717,0.28459498
hereafter,P,word2vec_recipe_1_HOM,0.16167958,0.1442153,0.18213676,0.1657625,0.19122404,0.17249988
revelation,P,word2vec_recipe_1_HOM,0.10325116,0.11476796,0.11963082,0.13060221,0.12880102,0.1457512
railway,P,word2vec_recipe_1_HOM,0.13542649,0.14246614,0.15816635,0.16655186,0.1685438,0.18304618
potato,P,word2vec_recipe_1_HOM,0.27642235,0.33059284,0.35001546,0.3635982,0.38543165,0.3671096
multiply,H,word2vec_recipe_1_HOM,0.27243748,0.26686713,0.3180656,0.27852944,0.33598775,0.27824283
crucial,M,word2vec_recipe_1_HOM,0.24282484,0.24808693,0.29294997,0.23138398,0.31058815,0.23040289
collection,P,word2vec_recipe_1_HOM,0.2210708,0.19830929,0.25515294,0.20918733,0.27059165,0.21985325
unfold,P,word2vec_recipe_1_HOM,0.34586135,0.40618035,0.43151477,0.4322414,0.4575728,0.42225736
island,P,word2vec_recipe_1_HOM,0.3182102,0.3354703,0.3565226,0.30796537,0.37263435,0.30931076
steamer,P,word2vec_recipe_1_HOM,0.36175632,0.41048667,0.47471902,0.52849245,0.50735086,0.54605204
virgin,P,word2vec_recipe_1_HOM,0.29452652,0.33615744,0.39656943,0.41133505,0.43002596,0.4247355
gate,P,word2vec_recipe_1_HOM,0.26724428,0.25796527,0.30627996,0.2867,0.32122472,0.30339882
liege,P,word2vec_recipe_1_HOM,0.21740535,0.2402616,0.2684556,0.2505321,0.28396788,0.24833305
bouquet,P,word2vec_recipe_1_HOM,0.3060738,0.37858567,0.42031348,0.46674678,0.45289326,0.48212
confident,P,word2vec_recipe_1_HOM,0.21429034,0.17751846,0.24892884,0.18808672,0.26272523,0.19014703
delicate,P,word2vec_recipe_1_HOM,0.31089133,0.3303874,0.36011317,0.31631342,0.3800882,0.32099792
bid,P,word2vec_recipe_1_HOM,0.1375289,0.13827142,0.1582846,0.16288504,0.16816963,0.17229836
marriage,P,word2vec_recipe_1_HOM,0.2353284,0.22717965,0.268823,0.21995361,0.28184292,0.2199847
attention,P,word2vec_recipe_1_HOM,0.30572605,0.2645906,0.35638392,0.23749273,0.37044686,0.24511267
uncommon,P,word2vec_recipe_1_HOM,0.14174409,0.14630695,0.16540822,0.1639385,0.17593268,0.17019477
massage,P,word2vec_recipe_1_HOM,0.37808165,0.4756659,0.4632002,0.49544308,0.48948348,0.51040554
fever,P,word2vec_recipe_1_HOM,0.16854271,0.1701622,0.19280958,0.19895947,0.20413113,0.2126425
brick,P,word2vec_recipe_1_HOM,0.42743778,0.3856079,0.4776665,0.41138905,0.49426383,0.4294002
span,H,word2vec_recipe_1_HOM,0.27404514,0.24104151,0.30950785,0.23792425,0.32278526,0.2413644
stabilize,P,word2vec_recipe_1_HOM,0.38944355,0.4044537,0.46356982,0.4378497,0.4881874,0.45506147
saddle,P,word2vec_recipe_1_HOM,0.25094977,0.30500528,0.3122721,0.38835177,0.3396154,0.4140576
blink,P,word2vec_recipe_1_HOM,0.25314504,0.20272778,0.28690493,0.20504244,0.3005366,0.21031132
grip,P,word2vec_recipe_1_HOM,0.28702694,0.31137735,0.341042,0.3375771,0.35978547,0.34794086
prudent,P,word2vec_recipe_1_HOM,0.12190475,0.11542118,0.14576456,0.14470866,0.1575635,0.15885642
diameter,P,word2vec_recipe_1_HOM,0.27638093,0.3281243,0.32995188,0.3392656,0.3517211,0.33273536
career,P,word2vec_recipe_1_HOM,0.084855504,0.101035215,0.10255048,0.12429184,0.113981284,0.14063649
discussion,M,word2vec_recipe_1_HOM,0.103107646,0.09954213,0.12313242,0.12952839,0.13298559,0.14240903
notorious,M,word2vec_recipe_1_HOM,0.1811599,0.16296469,0.20986998,0.17054711,0.22105263,0.17891431
funeral,P,word2vec_recipe_1_HOM,0.16501105,0.14641917,0.19316985,0.1654718,0.20589302,0.17996936
aspect,P,word2vec_recipe_1_HOM,0.16360253,0.15425365,0.19069088,0.17334455,0.20116909,0.18289244
chess,H,word2vec_recipe_1_HOM,0.31617573,0.22075106,0.36001828,0.24396592,0.37633815,0.24580532
surplus,P,word2vec_recipe_1_HOM,0.3636882,0.30199578,0.43080613,0.37852985,0.45640495,0.3956105
rush,H,word2vec_recipe_1_HOM,0.30230457,0.2253384,0.33881482,0.21300776,0.35365885,0.22388981
cattle,M,word2vec_recipe_1_HOM,0.1602519,0.15887213,0.18716419,0.18074629,0.19964565,0.19522443
fresh,P,word2vec_recipe_1_HOM,0.31305128,0.3054973,0.3694282,0.37150374,0.39284378,0.39218676
tiger,P,word2vec_recipe_1_HOM,0.33269578,0.28950417,0.37614268,0.31240743,0.39212435,0.3331701
invisible,P,word2vec_recipe_1_HOM,0.19161844,0.16578254,0.21923234,0.19553052,0.23135254,0.20686573
probe,P,word2vec_recipe_1_HOM,0.2631099,0.23900418,0.3213761,0.2881657,0.3574745,0.33931813
saloon,P,word2vec_recipe_1_HOM,0.14271057,0.160094,0.1644287,0.17527485,0.17385367,0.18865936
sandbox,M,word2vec_recipe_1_HOM,0.13996065,0.1685041,0.16493472,0.20537551,0.17570198,0.22211485
nasal,P,word2vec_recipe_1_HOM,0.11808853,0.15665998,0.14742535,0.17911229,0.16101286,0.18773203
relation,P,word2vec_recipe_1_HOM,0.12191848,0.11757242,0.14142762,0.13414004,0.14973731,0.14576602
storm,P,word2vec_recipe_1_HOM,0.20922737,0.22173323,0.24065027,0.25512242,0.25534934,0.26737553
attempt,P,word2vec_recipe_1_HOM,0.28066695,0.18505615,0.31636968,0.20655772,0.33031029,0.21619263
exquisite,P,word2vec_recipe_1_HOM,0.23231833,0.26639625,0.28163537,0.30496255,0.30390626,0.33022857
shotgun,M,word2vec_recipe_1_HOM,0.14314365,0.14536466,0.16655155,0.17335117,0.17619656,0.18423562
alarm,P,word2vec_recipe_1_HOM,0.3691932,0.3202649,0.41921684,0.3486978,0.43787774,0.36656547
traction,P,word2vec_recipe_1_HOM,0.14863606,0.16858296,0.18069033,0.2003087,0.19363278,0.21330205
blunt,P,word2vec_recipe_1_HOM,0.28437477,0.26868552,0.3321964,0.3410565,0.3573196,0.36687848
sidekick,P,word2vec_recipe_1_HOM,0.123303995,0.1439776,0.1481195,0.17454755,0.15863927,0.18929511
rainbow,P,word2vec_recipe_1_HOM,0.3311026,0.37672943,0.39237788,0.39861128,0.41115558,0.39775565
fireworks,P,word2vec_recipe_1_HOM,0.23318477,0.24022567,0.26781058,0.29151803,0.28278342,0.30227762
macaroni,M,word2vec_recipe_1_HOM,0.2246408,0.28928888,0.31651488,0.3465649,0.35041943,0.36097285
hairline,P,word2vec_recipe_1_HOM,0.16466816,0.18909828,0.20005895,0.24063303,0.21663898,0.26095057
ponytail,M,word2vec_recipe_1_HOM,0.15280709,0.18093802,0.1885397,0.24158445,0.20425448,0.26379767
birth,P,word2vec_recipe_1_HOM,0.09173538,0.10904288,0.11234661,0.13667138,0.12192423,0.14780605
involve,P,word2vec_recipe_1_HOM,0.23682246,0.20581035,0.26607305,0.1895967,0.27776217,0.19379584
bruise,P,word2vec_recipe_1_HOM,0.3714542,0.43468705,0.458451,0.51504433,0.48912942,0.5173895
sermon,P,word2vec_recipe_1_HOM,0.2047143,0.2290328,0.23238756,0.2600494,0.24500713,0.27481657
suffocate,P,word2vec_recipe_1_HOM,0.15732667,0.20693001,0.20405245,0.24985024,0.2229092,0.2653791
panda,P,word2vec_recipe_1_HOM,0.23029944,0.20413834,0.276194,0.28222045,0.29465273,0.305235
info,M,word2vec_recipe_1_HOM,0.23801383,0.19772099,0.2846669,0.15860471,0.3053819,0.16295613
breather,P,word2vec_recipe_1_HOM,0.1183279,0.13795371,0.13589494,0.15292382,0.14561795,0.16513345
routine,P,word2vec_recipe_1_HOM,0.18734637,0.13260493,0.21461563,0.16690281,0.22619466,0.17244954
unsafe,P,word2vec_recipe_1_HOM,0.11277051,0.12611717,0.13222317,0.14504252,0.14123206,0.15396218
realistic,P,word2vec_recipe_1_HOM,0.2160976,0.2518632,0.25328487,0.25457746,0.26869202,0.2620747
canary,P,word2vec_recipe_1_HOM,0.18713872,0.18457343,0.21550444,0.21804668,0.22730424,0.23154898
paddle,P,word2vec_recipe_1_HOM,0.2686972,0.32031485,0.4154416,0.42493507,0.47354957,0.49017924
celebrate,P,word2vec_recipe_1_HOM,0.17743692,0.1656873,0.20280701,0.17074953,0.21422118,0.18361945
corpus,P,word2vec_recipe_1_HOM,0.19217701,0.23180276,0.22496481,0.2679037,0.2376903,0.28512296
twist,P,word2vec_recipe_1_HOM,0.3120107,0.37631294,0.385247,0.42440304,0.41216376,0.41860646
apply,P,word2vec_recipe_1_HOM,0.36906734,0.42757976,0.450573,0.41552848,0.47602594,0.42855963
prepare,P,word2vec_recipe_1_HOM,0.38489708,0.45924392,0.4575718,0.4419583,0.4813201,0.43726885
priceless,P,word2vec_recipe_1_HOM,0.17423484,0.15125467,0.19634862,0.191495,0.20645326,0.20285864
juicy,P,word2vec_recipe_1_HOM,0.3483016,0.4127441,0.42077863,0.40905094,0.44482315,0.40682474
jiggle,P,word2vec_recipe_1_HOM,0.2613633,0.28399396,0.39229518,0.39038575,0.4302649,0.39044163
sushi,M,word2vec_recipe_1_HOM,0.26388234,0.27341136,0.35520568,0.35472903,0.39573592,0.39388117
incubator,P,word2vec_recipe_1_HOM,0.14454694,0.17345257,0.17897736,0.21754034,0.19299881,0.23678403
unique,P,word2vec_recipe_1_HOM,0.20682888,0.26062697,0.2574532,0.2951526,0.27951646,0.30047292
wrinkle,H,word2vec_recipe_1_HOM,0.37481844,0.4120684,0.45740032,0.45447412,0.48200515,0.44558066
excellent,M,word2vec_recipe_1_HOM,0.2591607,0.3236889,0.34918168,0.39386222,0.38334846,0.40165317
madman,M,word2vec_recipe_1_HOM,0.11983769,0.10771414,0.14182866,0.1277054,0.15196341,0.14012936
compare,P,word2vec_recipe_1_HOM,0.19520864,0.15686908,0.22061838,0.17513162,0.23168439,0.17925937
spine,P,word2vec_recipe_1_HOM,0.20937231,0.22905533,0.281762,0.30622935,0.3140381,0.34517545
lively,P,word2vec_recipe_1_HOM,0.37553912,0.3346785,0.4345872,0.27144793,0.45773265,0.2870312
happiness,P,word2vec_recipe_1_HOM,0.25183865,0.26726136,0.31988543,0.31992993,0.34246442,0.31054723
sundown,M,word2vec_recipe_1_HOM,0.19815464,0.19937557,0.22378054,0.2283415,0.2338034,0.2321227
crash,H,word2vec_recipe_1_HOM,0.33475396,0.34926125,0.38936937,0.35911092,0.40587285,0.36157918
cover,P,word2vec_recipe_1_HOM,0.3975605,0.4465892,0.47698358,0.40782595,0.50290847,0.38847017
steep,H,word2vec_recipe_1_HOM,0.3059315,0.37144357,0.43323764,0.44273502,0.47271347,0.47105685
primary,P,word2vec_recipe_1_HOM,0.3236475,0.33392188,0.3748104,0.3588506,0.39352828,0.37666464
kamikaze,M,word2vec_recipe_1_HOM,0.11428823,0.12707926,0.15099676,0.18995124,0.17245774,0.22273372
reunion,P,word2vec_recipe_1_HOM,0.20584297,0.19836807,0.23930903,0.227442,0.25353408,0.2366157
companion,P,word2vec_recipe_1_HOM,0.21231434,0.24136044,0.25022995,0.2799413,0.26639035,0.28852257
catcher,P,word2vec_recipe_1_HOM,0.22873314,0.23326711,0.26949194,0.26769677,0.28477725,0.2833181
occasional,P,word2vec_recipe_1_HOM,0.3969585,0.4126736,0.46765694,0.4522145,0.48915803,0.4445553
motorcycle,P,word2vec_recipe_1_HOM,0.17555846,0.1989795,0.21342821,0.25834104,0.23007712,0.28750595
wallow,P,word2vec_recipe_1_HOM,0.1689407,0.19352745,0.2001844,0.23210707,0.21087603,0.24519742
spit,H,word2vec_recipe_1_HOM,0.36657447,0.3989843,0.421946,0.41534796,0.4439472,0.42862198
tuxedo,P,word2vec_recipe_1_HOM,0.27085057,0.2416801,0.31268656,0.28215256,0.33054924,0.30080023
belong,P,word2vec_recipe_1_HOM,0.119919024,0.10294713,0.14000508,0.1252415,0.14930703,0.14292884
pup,P,word2vec_recipe_1_HOM,0.21875307,0.223328,0.25127316,0.23104322,0.26522213,0.23924126
liner,H,word2vec_recipe_1_HOM,0.3642276,0.35942525,0.43817627,0.40384215,0.46947196,0.44095033
ecstasy,P,word2vec_recipe_1_HOM,0.16912247,0.16862835,0.19423759,0.19999781,0.20539652,0.21417144
hack,H,word2vec_recipe_1_HOM,0.255478,0.21852928,0.30620414,0.30252782,0.3288539,0.33839273
hound,P,word2vec_recipe_1_HOM,0.16660485,0.17546576,0.19326678,0.20030953,0.20372221,0.2053106
begin,P,word2vec_recipe_1_HOM,0.3630528,0.46723253,0.47914502,0.50958556,0.5181115,0.5100551
afternoon,P,word2vec_recipe_1_HOM,0.28234363,0.31980088,0.35672504,0.35346952,0.386385,0.3718016
fruitcake,P,word2vec_recipe_1_HOM,0.32612523,0.26102266,0.36473033,0.27570802,0.3806958,0.2721546
decision,P,word2vec_recipe_1_HOM,0.16185029,0.14034563,0.18318777,0.14349706,0.19312423,0.15402828
statement,P,word2vec_recipe_1_HOM,0.1332992,0.12228584,0.15710813,0.13879563,0.16691956,0.15039228
moat,M,word2vec_recipe_1_HOM,0.26503533,0.2431758,0.3025551,0.28532565,0.31944862,0.29100463
expel,P,word2vec_recipe_1_HOM,0.37253913,0.42090964,0.45209572,0.49427074,0.48031563,0.5027851
zoom,P,word2vec_recipe_1_HOM,0.23842442,0.2452744,0.2788638,0.30880088,0.2952169,0.3274932
lifetime,P,word2vec_recipe_1_HOM,0.23211344,0.18850774,0.26859158,0.19844979,0.28268006,0.20004384
snowman,M,word2vec_recipe_1_HOM,0.20819947,0.24337456,0.25839618,0.28755352,0.28481603,0.3085687
accuracy,M,word2vec_recipe_1_HOM,0.3661852,0.37205082,0.4346867,0.36917675,0.4549414,0.37626773
pebble,P,word2vec_recipe_1_HOM,0.36202905,0.382743,0.4109608,0.40898392,0.4287488,0.40929225
refrain,H,word2vec_recipe_1_HOM,0.27429104,0.20214522,0.3077735,0.22522905,0.32240674,0.22931229
surf,P,word2vec_recipe_1_HOM,0.23264173,0.21536659,0.27886736,0.25365254,0.29480353,0.25901532
tone,P,word2vec_recipe_1_HOM,0.33883297,0.2759342,0.38604385,0.32144684,0.40313187,0.32779855
hamburger,M,word2vec_recipe_1_HOM,0.24976473,0.31515053,0.32788536,0.32645014,0.36251745,0.35186556
naughty,P,word2vec_recipe_1_HOM,0.24765053,0.26272178,0.29049566,0.27521506,0.30686566,0.28258756
presence,P,word2vec_recipe_1_HOM,0.1746585,0.14179692,0.20460872,0.18760864,0.21720247,0.19860788
gorge,P,word2vec_recipe_1_HOM,0.12277496,0.12054201,0.14315076,0.13602147,0.15293713,0.15026595
sailor,P,word2vec_recipe_1_HOM,0.1491218,0.15349124,0.17248267,0.17419025,0.18208742,0.18345731
decide,P,word2vec_recipe_1_HOM,0.2479259,0.25908074,0.28846154,0.24647029,0.30241376,0.23251037
fail,P,word2vec_recipe_1_HOM,0.34278458,0.31346998,0.42344588,0.3331487,0.44879273,0.3184586
banquet,P,word2vec_recipe_1_HOM,0.20825723,0.19912022,0.2376933,0.21746573,0.2502988,0.22415046
domestic,P,word2vec_recipe_1_HOM,0.38022956,0.36970702,0.4296661,0.34176582,0.4468245,0.3282304
tug,P,word2vec_recipe_1_HOM,0.2535957,0.2756809,0.29969245,0.31106758,0.32034823,0.32749745
authority,P,word2vec_recipe_1_HOM,0.09081853,0.10273204,0.10873402,0.12774418,0.1176153,0.13916057
brunch,P,word2vec_recipe_1_HOM,0.31391424,0.3216731,0.38955972,0.39055866,0.41184616,0.37959012
abide,P,word2vec_recipe_1_HOM,0.09802519,0.10786659,0.11650028,0.12803994,0.12652434,0.14541575
elbow,P,word2vec_recipe_1_HOM,0.30657065,0.2911638,0.3806389,0.34541768,0.41500404,0.3720649
land,P,word2vec_recipe_1_HOM,0.26924777,0.22707024,0.31316802,0.2062157,0.3269291,0.21440752
pun,P,word2vec_recipe_1_HOM,0.19942573,0.14915437,0.22360443,0.16060549,0.23359519,0.16337413
sunlight,M,word2vec_recipe_1_HOM,0.33295423,0.34524128,0.40023744,0.3970454,0.423271,0.41093028
tedious,M,word2vec_recipe_1_HOM,0.21163705,0.17638107,0.25995865,0.19311501,0.27831313,0.1984602
amigo,M,word2vec_recipe_1_HOM,0.16519064,0.16138968,0.18941414,0.19128191,0.20129101,0.20187035
sock,H,word2vec_recipe_1_HOM,0.37535137,0.34735036,0.41811946,0.34422836,0.4328489,0.34861627
experience,P,word2vec_recipe_1_HOM,0.17405051,0.1497203,0.20123938,0.16940248,0.21258843,0.17112085
acid,P,word2vec_recipe_1_HOM,0.25499552,0.29880807,0.33344,0.34725305,0.36518517,0.36310208
relocate,P,word2vec_recipe_1_HOM,0.18023959,0.21041408,0.21075901,0.22872436,0.22233002,0.23773223
fluke,H,word2vec_recipe_1_HOM,0.23295803,0.2752296,0.28921396,0.32055238,0.31574315,0.35481432
vinyl,M,word2vec_recipe_1_HOM,0.23724487,0.29108295,0.29573306,0.35505834,0.32099456,0.3743024
purse,P,word2vec_recipe_1_HOM,0.28425148,0.35378724,0.3589283,0.39190882,0.38845563,0.4043294
airplane,M,word2vec_recipe_1_HOM,0.14707479,0.17611934,0.17271158,0.21434902,0.18517339,0.23005025
symbol,P,word2vec_recipe_1_HOM,0.18779515,0.20256613,0.220332,0.22969446,0.23527546,0.24901995
certainty,P,word2vec_recipe_1_HOM,0.11063765,0.11014328,0.13098326,0.13788654,0.14040428,0.15041938
lavender,P,word2vec_recipe_1_HOM,0.24832587,0.29194844,0.34316364,0.3842592,0.37538826,0.39875504
distress,P,word2vec_recipe_1_HOM,0.10367193,0.12125784,0.12608188,0.14513664,0.13556236,0.16027714
suspicious,P,word2vec_recipe_1_HOM,0.09227618,0.104212016,0.111079045,0.12689602,0.11995533,0.13919291
deep,P,word2vec_recipe_1_HOM,0.35919416,0.44126266,0.44898155,0.5081503,0.47911674,0.50209975
stow,P,word2vec_recipe_1_HOM,0.17700726,0.21702842,0.22289452,0.28203887,0.24547563,0.30779257
slug,H,word2vec_recipe_1_HOM,0.2901489,0.33690727,0.3468421,0.37918326,0.3671266,0.39203382
ethnic,P,word2vec_recipe_1_HOM,0.15965772,0.19425589,0.23226482,0.25851783,0.2738036,0.2866338
scoop,P,word2vec_recipe_1_HOM,0.34198084,0.39128792,0.45853788,0.52289766,0.5030913,0.5368874
corkscrew,P,word2vec_recipe_1_HOM,0.32963836,0.39873558,0.3985661,0.41014975,0.42270306,0.4227828
access,P,word2vec_recipe_1_HOM,0.3635482,0.44049844,0.47390938,0.41246963,0.49816388,0.37461048
condition,P,word2vec_recipe_1_HOM,0.26108962,0.20396179,0.29830113,0.24305479,0.31275532,0.25218102
ton,P,word2vec_recipe_1_HOM,0.2969083,0.34145558,0.4441111,0.47783712,0.48035523,0.48918524
assume,P,word2vec_recipe_1_HOM,0.16233225,0.13296005,0.1850993,0.14837687,0.19585541,0.15966111
slimy,P,word2vec_recipe_1_HOM,0.27066317,0.28878552,0.32562122,0.32965323,0.3498954,0.34207925
dunk,P,word2vec_recipe_1_HOM,0.42040807,0.53632957,0.5046392,0.5259291,0.5269374,0.5099158
verify,M,word2vec_recipe_1_HOM,0.26338676,0.25959253,0.31589353,0.312242,0.33981103,0.3472535
stir,H,word2vec_recipe_1_HOM,0.27751428,0.34699595,0.3729414,0.36987188,0.40005028,0.37621891
grumpy,M,word2vec_recipe_1_HOM,0.14880626,0.16762345,0.17656007,0.2109432,0.18798703,0.22479649
accessory,P,word2vec_recipe_1_HOM,0.28001094,0.32026032,0.3493409,0.40114233,0.38243285,0.43371588
locate,P,word2vec_recipe_1_HOM,0.28348064,0.2692041,0.32237443,0.28202233,0.33929512,0.29085422
stamp,P,word2vec_recipe_1_HOM,0.27292317,0.24586451,0.33800736,0.28625643,0.3753485,0.32726642
goat,P,word2vec_recipe_1_HOM,0.21578923,0.3009022,0.32157862,0.38589618,0.36379436,0.4098643
relevant,P,word2vec_recipe_1_HOM,0.118213035,0.12164963,0.14025255,0.14319341,0.1502744,0.15734255
race,H,word2vec_recipe_1_HOM,0.24199942,0.24055119,0.27982438,0.27833965,0.2955544,0.28722483
decent,P,word2vec_recipe_1_HOM,0.34404686,0.4125808,0.41623402,0.36313722,0.4352726,0.3326322
diagram,P,word2vec_recipe_1_HOM,0.2725833,0.25102082,0.32760924,0.28079787,0.35372025,0.3115705
piggy,P,word2vec_recipe_1_HOM,0.22621045,0.211765,0.255162,0.25112748,0.2669318,0.2527238
indigenous,M,word2vec_recipe_1_HOM,0.09943309,0.12393659,0.11956507,0.14801905,0.13003515,0.1619945
pollen,M,word2vec_recipe_1_HOM,0.28972247,0.3031727,0.3556871,0.41299644,0.3841882,0.4252952
badger,P,word2vec_recipe_1_HOM,0.11431446,0.13955541,0.13361473,0.16291925,0.14279845,0.17377108
lens,P,word2vec_recipe_1_HOM,0.17268482,0.17513359,0.20113152,0.2073432,0.2124992,0.22399864
dump,P,word2vec_recipe_1_HOM,0.43616933,0.45021638,0.4877608,0.3834626,0.504855,0.39990678
tonic,P,word2vec_recipe_1_HOM,0.19094643,0.24127522,0.25299224,0.29007417,0.28177565,0.30309585
ripe,P,word2vec_recipe_1_HOM,0.3311196,0.3710264,0.41644222,0.46549815,0.44842336,0.47118253
penguin,M,word2vec_recipe_1_HOM,0.17379108,0.19038975,0.21685368,0.23828916,0.23951897,0.2691954
horny,P,word2vec_recipe_1_HOM,0.10771658,0.14410256,0.12612164,0.16403903,0.13364916,0.17334597
bloody,P,word2vec_recipe_1_HOM,0.29615158,0.2773222,0.35706684,0.31046173,0.38107696,0.32158783
rival,P,word2vec_recipe_1_HOM,0.2439311,0.23160793,0.27417934,0.23490308,0.28646207,0.22905996
attractive,P,word2vec_recipe_1_HOM,0.30262527,0.32823914,0.39247775,0.40966466,0.42511284,0.41743106
alien,P,word2vec_recipe_1_HOM,0.16350944,0.20196451,0.197375,0.2462959,0.21554653,0.27186927
lobster,P,word2vec_recipe_1_HOM,0.25770706,0.3462049,0.36065206,0.42275465,0.39721397,0.43230504
fanfare,P,word2vec_recipe_1_HOM,0.17441568,0.18555157,0.19988346,0.21321978,0.2102378,0.22586243
behavior,P,word2vec_recipe_1_HOM,0.14798287,0.12393549,0.16772507,0.1512514,0.17796955,0.16171086
breeze,P,word2vec_recipe_1_HOM,0.34861714,0.2310279,0.39197314,0.28052086,0.40837228,0.3050821
numb,P,word2vec_recipe_1_HOM,0.16877839,0.14405501,0.19854179,0.17934705,0.2101239,0.18632197
accessible,P,word2vec_recipe_1_HOM,0.2196224,0.15766546,0.2474045,0.1815153,0.25821915,0.1865488
texture,P,word2vec_recipe_1_HOM,0.25235945,0.318169,0.31803265,0.37122983,0.3460553,0.38263813
upstairs,P,word2vec_recipe_1_HOM,0.20176832,0.17144299,0.2379924,0.17445423,0.25024635,0.18775612
deck,P,word2vec_recipe_1_HOM,0.23379219,0.22018555,0.2738408,0.25708157,0.2891004,0.27001715
fold,H,word2vec_recipe_1_HOM,0.40076828,0.2993862,0.46697462,0.33992222,0.49159652,0.36781886
trailing,P,word2vec_recipe_1_HOM,0.16836445,0.20138516,0.21894705,0.25974363,0.24068928,0.28600818
motion,P,word2vec_recipe_1_HOM,0.26664704,0.34328118,0.3716487,0.4104123,0.41416723,0.43152246
bush,H,word2vec_recipe_1_HOM,0.38642257,0.361563,0.42369214,0.371184,0.43771797,0.38150206
compose,P,word2vec_recipe_1_HOM,0.3333651,0.3386589,0.383394,0.3601013,0.4047033,0.39030004
spouse,M,word2vec_recipe_1_HOM,0.12408479,0.11868549,0.14913918,0.14714223,0.16042408,0.15566878
devil,P,word2vec_recipe_1_HOM,0.32620415,0.34605065,0.37394705,0.32622203,0.39005774,0.30931783
sleepy,P,word2vec_recipe_1_HOM,0.19774519,0.20170128,0.22781964,0.23949404,0.24050216,0.25100607
void,P,word2vec_recipe_1_HOM,0.31339413,0.31521285,0.36789578,0.3666736,0.38981164,0.37887418
closure,P,word2vec_recipe_1_HOM,0.2035751,0.17195961,0.27500147,0.2979172,0.31585324,0.3744846
pelvic,M,word2vec_recipe_1_HOM,0.11521351,0.17198385,0.17115696,0.25615034,0.2008083,0.29302222
cultural,M,word2vec_recipe_1_HOM,0.10211251,0.11545325,0.12213939,0.1400319,0.13102813,0.15512146
distribute,P,word2vec_recipe_1_HOM,0.34663185,0.47033393,0.46036288,0.45397368,0.4903951,0.44668952
merge,P,word2vec_recipe_1_HOM,0.31050685,0.33329076,0.39994815,0.40354484,0.42832184,0.38394096
bright,P,word2vec_recipe_1_HOM,0.3249705,0.30346534,0.43628648,0.48315313,0.4767369,0.5322864
kidney,P,word2vec_recipe_1_HOM,0.23591939,0.30187953,0.3252332,0.37016645,0.36113176,0.38734463
stall,H,word2vec_recipe_1_HOM,0.1560563,0.1152173,0.17887312,0.14652623,0.1884493,0.15733644
altitude,P,word2vec_recipe_1_HOM,0.30660516,0.30902505,0.4229856,0.41634896,0.4616894,0.42689112
cigar,M,word2vec_recipe_1_HOM,0.29914892,0.31101286,0.37176707,0.34058717,0.39707202,0.3564978
flip,H,word2vec_recipe_1_HOM,0.35932547,0.40091845,0.43821755,0.43293345,0.4667414,0.42881534
pancake,P,word2vec_recipe_1_HOM,0.29725236,0.40303943,0.4143734,0.5070238,0.4598882,0.5272248
gourmet,P,word2vec_recipe_1_HOM,0.26442853,0.27421725,0.3004222,0.30719146,0.3139993,0.30238473
wholesale,P,word2vec_recipe_1_HOM,0.14919864,0.160742,0.18227102,0.19780606,0.19598253,0.20517144
gallery,P,word2vec_recipe_1_HOM,0.16982853,0.1805975,0.20073725,0.20320252,0.21343754,0.21497156
disposable,P,word2vec_recipe_1_HOM,0.37456656,0.38731617,0.43819362,0.45460463,0.46030265,0.4664702
pipe,H,word2vec_recipe_1_HOM,0.25963837,0.2535477,0.329766,0.3210094,0.36865374,0.35917896
triumph,P,word2vec_recipe_1_HOM,0.15181622,0.18917607,0.1779732,0.21252182,0.18934004,0.225965
monk,M,word2vec_recipe_1_HOM,0.2950235,0.30666485,0.3393681,0.31114662,0.35423043,0.30866915
salon,P,word2vec_recipe_1_HOM,0.19231704,0.20702392,0.22160068,0.25760913,0.23621935,0.2798036
sinus,P,word2vec_recipe_1_HOM,0.13679567,0.1505841,0.17986092,0.21791269,0.19884281,0.23578684
mechanical,P,word2vec_recipe_1_HOM,0.24121813,0.28272697,0.29399958,0.32239032,0.31327865,0.32618663
thin,P,word2vec_recipe_1_HOM,0.34044236,0.34406212,0.4098219,0.3453814,0.43828124,0.3686499
wicked,P,word2vec_recipe_1_HOM,0.22340152,0.2583745,0.26297605,0.28283522,0.28053787,0.3000966
iron,P,word2vec_recipe_1_HOM,0.33276254,0.39652672,0.4413525,0.47421548,0.47655892,0.50551134
nugget,P,word2vec_recipe_1_HOM,0.3885871,0.48438108,0.4515982,0.4974473,0.47216547,0.4740828
cage,P,word2vec_recipe_1_HOM,0.21663575,0.20007876,0.28505772,0.29417846,0.31467196,0.3285191
vitamin,M,word2vec_recipe_1_HOM,0.207918,0.15181357,0.29385224,0.19911121,0.33035263,0.1664886
asthma,M,word2vec_recipe_1_HOM,0.10548606,0.12341922,0.13748048,0.17207497,0.1517804,0.18408991
nickel,P,word2vec_recipe_1_HOM,0.23298708,0.26166153,0.32551342,0.32487458,0.3553283,0.33492413
atomic,P,word2vec_recipe_1_HOM,0.16406381,0.1744684,0.19411963,0.20424505,0.20727752,0.2182247
blitz,P,word2vec_recipe_1_HOM,0.23791094,0.27577525,0.3597008,0.34901708,0.4116391,0.38509881
mouthful,P,word2vec_recipe_1_HOM,0.27246767,0.20628765,0.30382514,0.20625561,0.31508473,0.20584355
orgasm,M,word2vec_recipe_1_HOM,0.13956663,0.15483794,0.1616471,0.17949046,0.17062888,0.18483537
toss,P,word2vec_recipe_1_HOM,0.32247218,0.344936,0.39483893,0.3558962,0.4199261,0.36426234
keel,P,word2vec_recipe_1_HOM,0.15352468,0.18356107,0.21889168,0.26869097,0.24836542,0.29849175
charity,P,word2vec_recipe_1_HOM,0.34544873,0.35106805,0.43564743,0.35848218,0.46354824,0.35226095
match,H,word2vec_recipe_1_HOM,0.3554948,0.3654876,0.4190213,0.3617175,0.439981,0.36752817
buff,H,word2vec_recipe_1_HOM,0.2723461,0.27741054,0.3090132,0.31406265,0.32463646,0.3166346
larger,P,word2vec_recipe_1_HOM,0.35747683,0.36595213,0.4339179,0.40191695,0.4549793,0.4067615
serpent,M,word2vec_recipe_1_HOM,0.21815372,0.19613071,0.25734815,0.25510767,0.27701432,0.28714907
petroleum,M,word2vec_recipe_1_HOM,0.20350476,0.1767017,0.22927536,0.19741355,0.23938644,0.21440823
collapse,P,word2vec_recipe_1_HOM,0.32880965,0.41520777,0.40927818,0.41634429,0.43500206,0.38963544
reproduce,P,word2vec_recipe_1_HOM,0.12405751,0.10783537,0.14708926,0.13454981,0.15663975,0.14424685
giggle,P,word2vec_recipe_1_HOM,0.2219203,0.18245047,0.2549503,0.21427475,0.26878706,0.22612607
nylon,P,word2vec_recipe_1_HOM,0.37545905,0.365781,0.43949124,0.44920126,0.46614793,0.46752232
inject,P,word2vec_recipe_1_HOM,0.34074634,0.40902066,0.4475515,0.47106606,0.47660783,0.4842294
window,P,word2vec_recipe_1_HOM,0.28292736,0.25668606,0.32869852,0.30949232,0.3492763,0.3159823
prison,P,word2vec_recipe_1_HOM,0.15174413,0.15746112,0.17793497,0.18312219,0.18917562,0.18933335
throat,P,word2vec_recipe_1_HOM,0.19651453,0.19353485,0.25518367,0.26610917,0.27716902,0.2787559
hint,P,word2vec_recipe_1_HOM,0.30491465,0.2581037,0.3417959,0.2453263,0.35569915,0.24624568
topless,P,word2vec_recipe_1_HOM,0.18630783,0.19651197,0.21546951,0.22028176,0.22635342,0.2307051
pantry,P,word2vec_recipe_1_HOM,0.31659052,0.367442,0.371876,0.36462882,0.39149955,0.36193836
blur,P,word2vec_recipe_1_HOM,0.21406099,0.15609318,0.24673958,0.19331345,0.2601921,0.20489763
golden,P,word2vec_recipe_1_HOM,0.3316852,0.3895136,0.43565455,0.43139273,0.46934578,0.44276974
battle,P,word2vec_recipe_1_HOM,0.20061903,0.16417265,0.22900076,0.19140446,0.23980936,0.19808187
groovy,M,word2vec_recipe_1_HOM,0.19670454,0.2097644,0.22742297,0.24145825,0.24019793,0.24886748
testament,P,word2vec_recipe_1_HOM,0.13726011,0.13379255,0.16433135,0.16602078,0.17584111,0.18070501
salvation,P,word2vec_recipe_1_HOM,0.11554085,0.12290903,0.13867447,0.15144579,0.14971204,0.16707961
ensemble,P,word2vec_recipe_1_HOM,0.2634291,0.26755953,0.29898214,0.29400024,0.3133906,0.3176182
meticulous,M,word2vec_recipe_1_HOM,0.121729806,0.12875882,0.14595501,0.15821736,0.1587084,0.17104802
orchestra,P,word2vec_recipe_1_HOM,0.099186316,0.11357097,0.11713984,0.1420054,0.12620702,0.15821593
spear,H,word2vec_recipe_1_HOM,0.35670334,0.44058487,0.43244112,0.4479283,0.45853394,0.4578628
twilight,P,word2vec_recipe_1_HOM,0.20299721,0.2220356,0.23594141,0.2410398,0.24930081,0.24901098
rare,H,word2vec_recipe_1_HOM,0.25438094,0.24120231,0.39379394,0.34995583,0.44055778,0.3939116
aversion,P,word2vec_recipe_1_HOM,0.1642604,0.14106667,0.18875763,0.1496496,0.19938982,0.16301621
spinach,M,word2vec_recipe_1_HOM,0.2863192,0.3951866,0.36154607,0.4228869,0.38862664,0.42327973
scientific,P,word2vec_recipe_1_HOM,0.10121234,0.11733541,0.12040754,0.13944383,0.13026969,0.15075423
gunpowder,M,word2vec_recipe_1_HOM,0.18509588,0.2633651,0.22716752,0.29852688,0.24448508,0.3137926
greet,P,word2vec_recipe_1_HOM,0.17381975,0.15426521,0.20100378,0.16633144,0.21318424,0.18208754
improve,P,word2vec_recipe_1_HOM,0.2752187,0.30553818,0.33678353,0.31391454,0.3583769,0.30891034
imperial,H,word2vec_recipe_1_HOM,0.28735816,0.2658965,0.3364849,0.26211363,0.35406306,0.2671209
inform,P,word2vec_recipe_1_HOM,0.090589546,0.09925021,0.10964046,0.12666027,0.11887226,0.13673857
daily,P,word2vec_recipe_1_HOM,0.36785945,0.28317237,0.4162933,0.36504042,0.4384742,0.39853302
trio,P,word2vec_recipe_1_HOM,0.3326777,0.30987975,0.3730461,0.32580236,0.38834736,0.33365408
rid,M,word2vec_recipe_1_HOM,0.38619235,0.366321,0.4517275,0.437821,0.4767888,0.44646466
master,P,word2vec_recipe_1_HOM,0.36823827,0.33293328,0.42113954,0.34640363,0.4373185,0.3609954
sultan,P,word2vec_recipe_1_HOM,0.15817118,0.17515591,0.1864585,0.20887114,0.19713803,0.21385732
crude,P,word2vec_recipe_1_HOM,0.17997491,0.13957003,0.20367478,0.16445173,0.21343952,0.18204568
vintage,P,word2vec_recipe_1_HOM,0.22229254,0.15026821,0.25139138,0.17467141,0.26481128,0.19404009
slap,P,word2vec_recipe_1_HOM,0.35502136,0.38786736,0.43968156,0.45028856,0.4653021,0.45205897
contain,P,word2vec_recipe_1_HOM,0.3453802,0.27242166,0.3914843,0.2866285,0.4095108,0.280764
facility,P,word2vec_recipe_1_HOM,0.12880094,0.12104267,0.15610333,0.15268606,0.16716397,0.16116208
soccer,M,word2vec_recipe_1_HOM,0.19967242,0.19469498,0.23949072,0.24947846,0.25997597,0.2826714
reckless,P,word2vec_recipe_1_HOM,0.12516539,0.114437535,0.14473248,0.13940568,0.15335794,0.14975424
selection,P,word2vec_recipe_1_HOM,0.3585759,0.36690772,0.420024,0.40713784,0.44049484,0.41279966
title,P,word2vec_recipe_1_HOM,0.23427281,0.15280303,0.27711055,0.177612,0.30364585,0.19639668
knife,P,word2vec_recipe_1_HOM,0.2721473,0.27574334,0.3868382,0.3648664,0.42872673,0.40967545
organize,P,word2vec_recipe_1_HOM,0.33808976,0.30139142,0.37764782,0.3225941,0.39221504,0.33268854
swab,P,word2vec_recipe_1_HOM,0.286218,0.31166485,0.34550774,0.3619862,0.3722132,0.37448046
persuade,P,word2vec_recipe_1_HOM,0.10881944,0.11729045,0.1273664,0.13410014,0.13665913,0.14666587
tolerance,P,word2vec_recipe_1_HOM,0.2662401,0.29881442,0.35398787,0.3764823,0.3849327,0.3872476
burglar,M,word2vec_recipe_1_HOM,0.23094437,0.2549096,0.26296094,0.29365465,0.27629888,0.30967322
atmosphere,P,word2vec_recipe_1_HOM,0.23296133,0.20694774,0.27765414,0.19969243,0.2912843,0.21008794
hectic,P,word2vec_recipe_1_HOM,0.08761193,0.096303195,0.10668705,0.123554796,0.115209825,0.13473059
youth,P,word2vec_recipe_1_HOM,0.17815652,0.15912028,0.20435436,0.18993928,0.21755634,0.19950584
rub,P,word2vec_recipe_1_HOM,0.35943598,0.45063087,0.43004566,0.3992881,0.45425743,0.4138572
faint,P,word2vec_recipe_1_HOM,0.3218478,0.31857833,0.3706379,0.3555274,0.3919048,0.3641199
dancer,M,word2vec_recipe_1_HOM,0.1543436,0.15873516,0.1754653,0.17446382,0.18464336,0.18474445
reckon,P,word2vec_recipe_1_HOM,0.10585477,0.105781294,0.12678836,0.13029881,0.13755466,0.14393272
trap,H,word2vec_recipe_1_HOM,0.3352146,0.3380796,0.39407936,0.38368788,0.4182043,0.39687207
circle,P,word2vec_recipe_1_HOM,0.25377744,0.19320786,0.30080268,0.22848228,0.3199603,0.24151054
flatten,P,word2vec_recipe_1_HOM,0.31758085,0.3626618,0.39019862,0.40335685,0.4170422,0.4014147
intention,P,word2vec_recipe_1_HOM,0.15645793,0.12986296,0.18113752,0.14365251,0.19300413,0.1556751
boot,P,word2vec_recipe_1_HOM,0.22821064,0.19892246,0.26695746,0.23854282,0.28390414,0.26368856
canal,P,word2vec_recipe_1_HOM,0.28817666,0.29097262,0.33071038,0.31915507,0.3476532,0.32851964
spot,P,word2vec_recipe_1_HOM,0.29057336,0.3172022,0.41984138,0.4420229,0.46856734,0.46592394
proud,P,word2vec_recipe_1_HOM,0.15194282,0.11425562,0.1732312,0.14242084,0.1829688,0.1599374
faulty,M,word2vec_recipe_1_HOM,0.17600015,0.2209867,0.21006304,0.25148007,0.22436965,0.26114026
artificial,P,word2vec_recipe_1_HOM,0.37364915,0.4432068,0.43698797,0.46330485,0.46237725,0.4605738
quart,P,word2vec_recipe_1_HOM,0.25254914,0.32127914,0.39040035,0.49005494,0.43685502,0.5253713
corner,P,word2vec_recipe_1_HOM,0.33395642,0.35144287,0.3951096,0.3583627,0.4171551,0.35923046
harmless,M,word2vec_recipe_1_HOM,0.16684389,0.17195627,0.1991078,0.21228157,0.21281461,0.2257949
yawn,P,word2vec_recipe_1_HOM,0.14479677,0.14826317,0.16806488,0.17041902,0.1770252,0.17981471
tape,P,word2vec_recipe_1_HOM,0.2653621,0.28519458,0.3327949,0.34340054,0.3583778,0.3657465
bland,P,word2vec_recipe_1_HOM,0.26267797,0.24407442,0.30120847,0.26293504,0.31624812,0.26587096
objective,P,word2vec_recipe_1_HOM,0.23066378,0.18278785,0.263201,0.20987535,0.27658582,0.22145107
tin,P,word2vec_recipe_1_HOM,0.28203973,0.29081422,0.3421159,0.326703,0.37478212,0.35817486
handy,P,word2vec_recipe_1_HOM,0.3216619,0.3397804,0.3699717,0.30631056,0.38786668,0.29249117
gardener,P,word2vec_recipe_1_HOM,0.132743,0.16339718,0.15272564,0.1889035,0.16201931,0.19951518
enemy,P,word2vec_recipe_1_HOM,0.21737687,0.17877096,0.24548809,0.18762618,0.25601137,0.198099
finger,P,word2vec_recipe_1_HOM,0.3205501,0.37112233,0.41176552,0.4495601,0.44271287,0.4385875
rape,H,word2vec_recipe_1_HOM,0.25624937,0.31454834,0.32882488,0.3202936,0.35686025,0.37149337
hustle,P,word2vec_recipe_1_HOM,0.20322153,0.21972829,0.23331232,0.23659417,0.24537972,0.25534075
caress,P,word2vec_recipe_1_HOM,0.18294562,0.19584674,0.21368103,0.24150151,0.22676568,0.26089227
bomber,P,word2vec_recipe_1_HOM,0.14515692,0.14355403,0.16774504,0.1652987,0.17776379,0.17808948
capsule,P,word2vec_recipe_1_HOM,0.30594283,0.33480355,0.3544217,0.36390147,0.37235847,0.38174245
balance,P,word2vec_recipe_1_HOM,0.32759666,0.30612195,0.3858464,0.32899496,0.41087523,0.33950812
conquer,P,word2vec_recipe_1_HOM,0.12397678,0.10822405,0.14252432,0.13188899,0.15168755,0.1411544
commission,P,word2vec_recipe_1_HOM,0.17615585,0.17414747,0.21249467,0.17568319,0.22650784,0.18611573
rib,H,word2vec_recipe_1_HOM,0.27141944,0.31998405,0.35150918,0.39086655,0.38146156,0.3992082
fertilizer,P,word2vec_recipe_1_HOM,0.15561907,0.16415371,0.18094188,0.18158491,0.1915707,0.1950668
crime,P,word2vec_recipe_1_HOM,0.20334625,0.17856269,0.22865641,0.18554623,0.23857014,0.19670984
twinkle,P,word2vec_recipe_1_HOM,0.1585331,0.17501988,0.19032457,0.22114891,0.20391667,0.22848882
rat,P,word2vec_recipe_1_HOM,0.24679296,0.23983303,0.28157827,0.27659857,0.2998464,0.3011159
shade,P,word2vec_recipe_1_HOM,0.31881037,0.40031964,0.42260432,0.45746896,0.465029,0.49360746
risky,M,word2vec_recipe_1_HOM,0.113695726,0.104308955,0.13200584,0.13124976,0.14024529,0.14430207
cider,M,word2vec_recipe_1_HOM,0.30138823,0.3901038,0.38174197,0.4312497,0.41438538,0.440497
cinnamon,P,word2vec_recipe_1_HOM,0.24156637,0.28727725,0.35803536,0.38635668,0.3962471,0.42541537
heartfelt,M,word2vec_recipe_1_HOM,0.23007011,0.2628142,0.28575668,0.24838597,0.30383247,0.2369337
jive,P,word2vec_recipe_1_HOM,0.15746595,0.17599094,0.18113585,0.19650988,0.19173913,0.20944838
painful,P,word2vec_recipe_1_HOM,0.15234706,0.15687951,0.17976461,0.18035556,0.19265038,0.18668403
drape,P,word2vec_recipe_1_HOM,0.3542004,0.35332695,0.40715447,0.332285,0.42559546,0.3374285
chronic,P,word2vec_recipe_1_HOM,0.11280493,0.13159457,0.13551211,0.15380208,0.14671999,0.16514905
illusion,P,word2vec_recipe_1_HOM,0.13713908,0.13436307,0.1586312,0.1584925,0.1690731,0.16458626
stem,H,word2vec_recipe_1_HOM,0.26397145,0.30907887,0.34400073,0.37162966,0.38161567,0.4135385
nightmare,P,word2vec_recipe_1_HOM,0.1483774,0.11869271,0.17202418,0.14834686,0.18164162,0.15866414
yell,P,word2vec_recipe_1_HOM,0.12997594,0.13354385,0.1519937,0.15482667,0.16273235,0.159662
tilt,P,word2vec_recipe_1_HOM,0.37804773,0.4721533,0.4590792,0.44484863,0.48429665,0.44930264
lodge,P,word2vec_recipe_1_HOM,0.26367587,0.19913065,0.29235625,0.20868172,0.30319133,0.21142238
excite,P,word2vec_recipe_1_HOM,0.114967845,0.11614783,0.14013903,0.144256,0.15112099,0.15760948
spruce,H,word2vec_recipe_1_HOM,0.31981733,0.28766716,0.3625766,0.350389,0.37932128,0.36034483
butterfly,P,word2vec_recipe_1_HOM,0.35657656,0.36982995,0.42227128,0.42085692,0.44304833,0.41247022
puny,M,word2vec_recipe_1_HOM,0.13257113,0.1276827,0.15389152,0.15440503,0.16307843,0.16652143
pal,P,word2vec_recipe_1_HOM,0.21669455,0.16210622,0.24827969,0.19004534,0.26036286,0.20843954
cork,P,word2vec_recipe_1_HOM,0.26865447,0.27217615,0.35232696,0.3846638,0.38631588,0.42114818
snuff,H,word2vec_recipe_1_HOM,0.18469772,0.18418829,0.20892641,0.21014355,0.21929502,0.2165917
ogre,P,word2vec_recipe_1_HOM,0.21239483,0.22611572,0.26410037,0.26751268,0.28211623,0.27925926
underneath,P,word2vec_recipe_1_HOM,0.33902967,0.329425,0.38690284,0.32718638,0.4050747,0.3282405
appearance,P,word2vec_recipe_1_HOM,0.29244047,0.34055325,0.35566872,0.38003826,0.38097313,0.3871109
cushion,P,word2vec_recipe_1_HOM,0.28627136,0.27383488,0.32426387,0.29814646,0.34018525,0.31254396
platform,P,word2vec_recipe_1_HOM,0.24986215,0.23737183,0.28920993,0.29402944,0.3068355,0.30712247
foggy,P,word2vec_recipe_1_HOM,0.14901796,0.15466179,0.17214973,0.17579809,0.18160099,0.19099584
hen,M,word2vec_recipe_1_HOM,0.2534273,0.27377364,0.3736113,0.43698925,0.4270729,0.45655224
skirt,P,word2vec_recipe_1_HOM,0.24616913,0.25090945,0.34105045,0.30758417,0.37469855,0.325631
allergic,P,word2vec_recipe_1_HOM,0.22756939,0.22637692,0.2713648,0.22856441,0.28852558,0.22407436
limp,H,word2vec_recipe_1_HOM,0.27558523,0.31912038,0.36093006,0.3453469,0.39401644,0.36602706
splash,P,word2vec_recipe_1_HOM,0.35091165,0.42829087,0.43082947,0.4680893,0.45757607,0.47091544
note,P,word2vec_recipe_1_HOM,0.25777835,0.33988702,0.32488433,0.33667237,0.34513634,0.31669042
sensible,P,word2vec_recipe_1_HOM,0.29921263,0.26589438,0.36134475,0.3776516,0.3852472,0.39317846
headless,P,word2vec_recipe_1_HOM,0.17033894,0.22217357,0.21104586,0.2570927,0.22659221,0.24589539
rescue,P,word2vec_recipe_1_HOM,0.23364599,0.17934804,0.26413226,0.19322461,0.2749404,0.2063189
paradise,P,word2vec_recipe_1_HOM,0.34001237,0.3140906,0.37805682,0.31311122,0.39178577,0.30772406
verse,H,word2vec_recipe_1_HOM,0.12023951,0.11915929,0.13909382,0.14152034,0.14912333,0.157962
melt,P,word2vec_recipe_1_HOM,0.3735961,0.32359695,0.43781698,0.35687333,0.462835,0.37207165
brand,P,word2vec_recipe_1_HOM,0.33548835,0.37597716,0.41017285,0.44908994,0.43751252,0.44529122
punishment,P,word2vec_recipe_1_HOM,0.14009652,0.135353,0.16211137,0.16832095,0.1715847,0.18059374
owner,M,word2vec_recipe_1_HOM,0.13911417,0.13315459,0.16534214,0.16809079,0.17910828,0.1854062
migraine,M,word2vec_recipe_1_HOM,0.12481934,0.12839328,0.14778681,0.15522034,0.15792042,0.16394226
unmarked,M,word2vec_recipe_1_HOM,0.17470582,0.1964853,0.20086586,0.23313887,0.21420841,0.24955042
strain,H,word2vec_recipe_1_HOM,0.29567793,0.32268316,0.39442366,0.44520923,0.43252417,0.465485
magnetic,P,word2vec_recipe_1_HOM,0.23002267,0.31141764,0.2914483,0.3825724,0.3190939,0.40615308
candy,P,word2vec_recipe_1_HOM,0.29843882,0.3772302,0.36824706,0.4861704,0.39716914,0.48517656
castle,P,word2vec_recipe_1_HOM,0.27149066,0.23309727,0.3135755,0.266684,0.3310274,0.290034
sin,H,word2vec_recipe_1_HOM,0.2961257,0.26175916,0.32844928,0.23735112,0.34055263,0.24453923
oral,P,word2vec_recipe_1_HOM,0.11433949,0.12061592,0.13570249,0.15095153,0.14655226,0.16172045
poultry,M,word2vec_recipe_1_HOM,0.32312682,0.26562843,0.390863,0.39283314,0.41924855,0.4114187
transition,M,word2vec_recipe_1_HOM,0.18273628,0.15552483,0.20565584,0.1635043,0.21698879,0.17644824
quartet,P,word2vec_recipe_1_HOM,0.16116694,0.15536663,0.18825279,0.17491964,0.1975849,0.18580003
washed,P,word2vec_recipe_1_HOM,0.34529138,0.4462967,0.42785087,0.47130653,0.45655397,0.47252592
maneuver,P,word2vec_recipe_1_HOM,0.19753754,0.18581527,0.22591181,0.19955046,0.23865768,0.21354641
pastry,P,word2vec_recipe_1_HOM,0.32756725,0.40238658,0.40278512,0.44862837,0.42906338,0.44662791
snot,P,word2vec_recipe_1_HOM,0.13783154,0.13100645,0.16245079,0.16231705,0.17273849,0.16962346
recent,P,word2vec_recipe_1_HOM,0.15918013,0.14254706,0.1868053,0.16888769,0.19951826,0.19098099
magnet,P,word2vec_recipe_1_HOM,0.18550889,0.22273177,0.22770357,0.29088175,0.24629554,0.30688483
example,P,word2vec_recipe_1_HOM,0.29364538,0.37233508,0.35211575,0.38070348,0.3714999,0.3630604
femur,P,word2vec_recipe_1_HOM,0.15854304,0.19326474,0.19965895,0.25371215,0.21709281,0.275114
plump,H,word2vec_recipe_1_HOM,0.41853586,0.52193755,0.5039925,0.55667967,0.5301172,0.5505282
demon,P,word2vec_recipe_1_HOM,0.13862863,0.15484832,0.1558517,0.16987248,0.16249652,0.1795654
zipper,P,word2vec_recipe_1_HOM,0.1413861,0.1867926,0.29038116,0.3059996,0.3774256,0.39499527
stormy,P,word2vec_recipe_1_HOM,0.1982692,0.17141569,0.23442148,0.2125344,0.25337186,0.24402483
initiate,P,word2vec_recipe_1_HOM,0.17740154,0.19851345,0.20666756,0.22464678,0.21814767,0.23478755
intent,H,word2vec_recipe_1_HOM,0.13198288,0.12044832,0.15271048,0.13960847,0.16389029,0.15278623
kingdom,P,word2vec_recipe_1_HOM,0.09303893,0.11679121,0.11216584,0.14317797,0.122321375,0.15832971
tidal,P,word2vec_recipe_1_HOM,0.1902693,0.21691008,0.22064999,0.25543585,0.23254055,0.26643124
ceremony,P,word2vec_recipe_1_HOM,0.09828115,0.10374579,0.119460866,0.12813422,0.12838784,0.13996157
leader,P,word2vec_recipe_1_HOM,0.10985432,0.10104955,0.1333318,0.13543333,0.14420432,0.15022822
eliminate,P,word2vec_recipe_1_HOM,0.37045768,0.40001732,0.4406911,0.41717988,0.46582288,0.41973764
kindly,P,word2vec_recipe_1_HOM,0.2668844,0.26752892,0.32547933,0.25687924,0.34408867,0.24667236
roulette,P,word2vec_recipe_1_HOM,0.12589327,0.15554552,0.14611301,0.1837561,0.15652418,0.19720888
brief,P,word2vec_recipe_1_HOM,0.39236146,0.46981603,0.44834358,0.43972343,0.467008,0.4295551
unpack,P,word2vec_recipe_1_HOM,0.3022142,0.28046602,0.34432477,0.33570397,0.3604544,0.3449311
mansion,P,word2vec_recipe_1_HOM,0.15612154,0.15979981,0.18858173,0.17549066,0.20085445,0.18913165
bun,P,word2vec_recipe_1_HOM,0.30110162,0.37698823,0.39537862,0.42539054,0.432917,0.43510213
possession,P,word2vec_recipe_1_HOM,0.110091664,0.11429932,0.12929428,0.1364806,0.13822134,0.14868677
teenager,M,word2vec_recipe_1_HOM,0.08921157,0.10285435,0.10805415,0.1278404,0.11688181,0.13863939
broad,P,word2vec_recipe_1_HOM,0.42331943,0.39499015,0.4807914,0.40709728,0.49998704,0.43372276
thick,P,word2vec_recipe_1_HOM,0.37149954,0.42470032,0.4516603,0.46377623,0.48155785,0.48536777
brute,P,word2vec_recipe_1_HOM,0.15859596,0.13845633,0.1837398,0.15380794,0.19483088,0.16280949
ploy,M,word2vec_recipe_1_HOM,0.21763687,0.2356625,0.26770392,0.29029262,0.28288665,0.31431136
mackerel,P,word2vec_recipe_1_HOM,0.21769604,0.27405763,0.30574024,0.3689599,0.34716782,0.4011196
lizard,P,word2vec_recipe_1_HOM,0.18671046,0.18513168,0.21629243,0.2127645,0.22750798,0.22019407
pap,P,word2vec_recipe_1_HOM,0.28497118,0.25761792,0.32531106,0.27891967,0.34089798,0.29659238
clone,P,word2vec_recipe_1_HOM,0.25294122,0.2379555,0.2880641,0.24493508,0.30216166,0.25170586
section,P,word2vec_recipe_1_HOM,0.35212308,0.4551565,0.4148668,0.44498375,0.4355548,0.4378451
muck,P,word2vec_recipe_1_HOM,0.17531648,0.15246911,0.20084381,0.17734514,0.21145104,0.18562695
wooden,P,word2vec_recipe_1_HOM,0.40083632,0.46581087,0.50560683,0.5237066,0.54623795,0.54987866
heartbeat,M,word2vec_recipe_1_HOM,0.10098089,0.10230276,0.122437306,0.12757221,0.13252857,0.14190288
sturdy,P,word2vec_recipe_1_HOM,0.36836702,0.37150994,0.42738563,0.43936083,0.44644287,0.45646986
output,P,word2vec_recipe_1_HOM,0.21929026,0.24740963,0.26155674,0.25624496,0.27828535,0.26996186
dive,P,word2vec_recipe_1_HOM,0.37571487,0.31870234,0.4300127,0.33240005,0.4487365,0.32770377
smile,P,word2vec_recipe_1_HOM,0.3046495,0.30824062,0.35341606,0.342176,0.37495664,0.35668978
shelf,P,word2vec_recipe_1_HOM,0.37179482,0.39844468,0.4412903,0.4050485,0.4646676,0.41268438
product,P,word2vec_recipe_1_HOM,0.42132562,0.37017104,0.47093156,0.33532816,0.48679498,0.3415691
frighten,P,word2vec_recipe_1_HOM,0.085744515,0.1028075,0.10254936,0.12550086,0.111782245,0.14023791
worm,P,word2vec_recipe_1_HOM,0.26199228,0.292365,0.32419,0.31526446,0.34908754,0.3347078
eldest,M,word2vec_recipe_1_HOM,0.08023315,0.09143606,0.0979984,0.11892226,0.10891577,0.13647044
ointment,M,word2vec_recipe_1_HOM,0.18021178,0.19992186,0.20358829,0.21220464,0.21341442,0.22011472
chunk,P,word2vec_recipe_1_HOM,0.40118688,0.4535967,0.46009558,0.45227534,0.47973716,0.43340346
glance,P,word2vec_recipe_1_HOM,0.13260442,0.12244474,0.1540693,0.13785279,0.16385809,0.14776972
collar,P,word2vec_recipe_1_HOM,0.34493917,0.36569273,0.39900237,0.37625864,0.41836303,0.40142116
toothpick,M,word2vec_recipe_1_HOM,0.3334599,0.377127,0.43175414,0.37975654,0.46990776,0.41960907
martini,M,word2vec_recipe_1_HOM,0.20536569,0.26480702,0.28749478,0.29459366,0.32548845,0.31289968
physical,P,word2vec_recipe_1_HOM,0.09793307,0.11944085,0.122250445,0.14947267,0.13320446,0.16237214
windshield,P,word2vec_recipe_1_HOM,0.18177561,0.17423292,0.22625843,0.22686978,0.25177926,0.26570138
filthy,P,word2vec_recipe_1_HOM,0.15329662,0.17420693,0.18838492,0.22073394,0.20548816,0.238668
rubble,P,word2vec_recipe_1_HOM,0.32681972,0.39328232,0.38412294,0.43183947,0.40510818,0.44655278
neon,P,word2vec_recipe_1_HOM,0.2572043,0.29201865,0.34193558,0.36706886,0.37889984,0.38206238
publish,P,word2vec_recipe_1_HOM,0.08373959,0.09643146,0.099453904,0.11643009,0.10834467,0.13342072
angry,P,word2vec_recipe_1_HOM,0.26742145,0.2707178,0.2986052,0.29466188,0.31116578,0.29831636
jerky,H,word2vec_recipe_1_HOM,0.37939498,0.390157,0.44016084,0.39894733,0.46157387,0.39821395
cobbler,P,word2vec_recipe_1_HOM,0.298946,0.29356614,0.38373643,0.32746756,0.41323897,0.3231164
depth,P,word2vec_recipe_1_HOM,0.45225868,0.5458278,0.5254246,0.5745194,0.5512413,0.5567232
screen,P,word2vec_recipe_1_HOM,0.4003284,0.40044525,0.4588545,0.4625252,0.4801756,0.46867505
arrange,P,word2vec_recipe_1_HOM,0.31920385,0.40694305,0.42468765,0.4454503,0.45435774,0.44313663
penny,P,word2vec_recipe_1_HOM,0.41622296,0.3841549,0.48867577,0.40010518,0.507888,0.3807317
acquire,P,word2vec_recipe_1_HOM,0.28428507,0.2922606,0.3304908,0.32137933,0.3502203,0.3375944
herring,P,word2vec_recipe_1_HOM,0.32524592,0.40938056,0.40160018,0.4457214,0.42898414,0.44026944
cactus,M,word2vec_recipe_1_HOM,0.3583465,0.33524653,0.42561424,0.3703625,0.4485814,0.379263
ratio,P,word2vec_recipe_1_HOM,0.33052012,0.34309196,0.39298856,0.3813563,0.41265994,0.40189403
borderline,P,word2vec_recipe_1_HOM,0.19042534,0.15195954,0.2188938,0.16296834,0.22992195,0.16966851
bend,P,word2vec_recipe_1_HOM,0.32240763,0.33518434,0.39377484,0.39073437,0.42063582,0.39889395
cancel,P,word2vec_recipe_1_HOM,0.37790686,0.36034465,0.47250953,0.46337593,0.5149126,0.5091019
squirt,P,word2vec_recipe_1_HOM,0.38261634,0.4209175,0.43489563,0.42076835,0.45468032,0.4320729
mayonnaise,M,word2vec_recipe_1_HOM,0.25477153,0.324945,0.35601437,0.40991715,0.39249215,0.4162554
chat,P,word2vec_recipe_1_HOM,0.26307517,0.23242997,0.32404342,0.30496904,0.35132858,0.3571111
renew,P,word2vec_recipe_1_HOM,0.20142701,0.21884273,0.23730992,0.25135332,0.2526194,0.2608617
promote,P,word2vec_recipe_1_HOM,0.35297218,0.4149508,0.43125793,0.45430097,0.46167755,0.45033672
liberty,P,word2vec_recipe_1_HOM,0.14652714,0.17780861,0.1721449,0.1890989,0.18222263,0.19652957
vibrant,P,word2vec_recipe_1_HOM,0.25070912,0.29190177,0.34683335,0.3605307,0.3818058,0.3804591
term,P,word2vec_recipe_1_HOM,0.3056495,0.2551306,0.34241387,0.22847234,0.35542306,0.23976792
tar,H,word2vec_recipe_1_HOM,0.36680847,0.31818005,0.4097463,0.34642792,0.42429912,0.34426135
cup,P,word2vec_recipe_1_HOM,0.33754164,0.39404824,0.4097069,0.41757628,0.44073945,0.4308965
dynamic,P,word2vec_recipe_1_HOM,0.16354935,0.17200527,0.19208936,0.19504337,0.20324913,0.20457478
spa,P,word2vec_recipe_1_HOM,0.19345857,0.22438487,0.22768204,0.24682032,0.24177524,0.2577142
drugstore,M,word2vec_recipe_1_HOM,0.2839081,0.28498018,0.33504096,0.35846668,0.35664222,0.36028144
transit,P,word2vec_recipe_1_HOM,0.14908303,0.13111907,0.17270738,0.16355066,0.18313117,0.17802554
shuffle,P,word2vec_recipe_1_HOM,0.30117494,0.2927187,0.34213874,0.30749175,0.35883582,0.31579408
rust,P,word2vec_recipe_1_HOM,0.3636376,0.34463206,0.42915234,0.39321944,0.45215377,0.41531447
bone,P,word2vec_recipe_1_HOM,0.26858374,0.3101647,0.34899703,0.3893733,0.38469985,0.4269627
indication,P,word2vec_recipe_1_HOM,0.24262722,0.23098232,0.2813982,0.2529138,0.2980751,0.24409011
huddle,P,word2vec_recipe_1_HOM,0.12457355,0.14289214,0.14651369,0.16165729,0.15654303,0.16984172
coffin,M,word2vec_recipe_1_HOM,0.24486509,0.20013115,0.2876996,0.25235948,0.3115073,0.28308976
annual,P,word2vec_recipe_1_HOM,0.12474166,0.13990308,0.14802115,0.15450905,0.1594612,0.17093885
poop,H,word2vec_recipe_1_HOM,0.1995481,0.21605591,0.24201103,0.25697392,0.26252073,0.28324583
carbon,P,word2vec_recipe_1_HOM,0.35966235,0.37224215,0.42091233,0.42041093,0.4395099,0.41673735
tiresome,P,word2vec_recipe_1_HOM,0.079801805,0.096904375,0.0971649,0.12192511,0.10720806,0.13562506
octopus,P,word2vec_recipe_1_HOM,0.3034218,0.3778289,0.38088742,0.4492004,0.40736854,0.45511323
spout,P,word2vec_recipe_1_HOM,0.33770642,0.3534967,0.41264915,0.4386928,0.44296387,0.45406967
dibs,P,word2vec_recipe_1_HOM,0.20181565,0.18854012,0.22986911,0.2108479,0.24006341,0.21574551
illegal,P,word2vec_recipe_1_HOM,0.09189205,0.11461169,0.111129455,0.13358061,0.11957098,0.146178
map,P,word2vec_recipe_1_HOM,0.1365536,0.12020248,0.20353107,0.20394038,0.22626081,0.21595034
roommate,M,word2vec_recipe_1_HOM,0.082410894,0.0930502,0.10357154,0.12057847,0.11315651,0.1359012
nearby,P,word2vec_recipe_1_HOM,0.38051707,0.36355796,0.43660384,0.39186752,0.45379746,0.37750575
universal,P,word2vec_recipe_1_HOM,0.23747447,0.19303396,0.2773143,0.20805313,0.29123673,0.2232988
precision,P,word2vec_recipe_1_HOM,0.33581552,0.33283737,0.38272396,0.33915254,0.4016354,0.35344934
everyday,P,word2vec_recipe_1_HOM,0.29176536,0.26157758,0.32760677,0.2894535,0.34050742,0.2962215
bake,P,word2vec_recipe_1_HOM,0.39639798,0.28778,0.47623116,0.3861078,0.50358516,0.40757972
disappoint,P,word2vec_recipe_1_HOM,0.078119956,0.0957118,0.09947648,0.12322868,0.10973972,0.1355325
ingenious,P,word2vec_recipe_1_HOM,0.13341753,0.13891417,0.15369907,0.14751333,0.16226946,0.15543999
pride,P,word2vec_recipe_1_HOM,0.2512106,0.20805892,0.28640294,0.23299903,0.2996273,0.24355437
bat,H,word2vec_recipe_1_HOM,0.29510963,0.23780707,0.33875763,0.26139557,0.36065826,0.29907098
passive,P,word2vec_recipe_1_HOM,0.21820784,0.2343658,0.28249034,0.2571189,0.30435216,0.25043055
version,P,word2vec_recipe_1_HOM,0.25936356,0.26281914,0.30151218,0.2922047,0.31778282,0.2901122
thirsty,P,word2vec_recipe_1_HOM,0.21064273,0.16506945,0.23468077,0.17946498,0.24536023,0.1879227
equipment,P,word2vec_recipe_1_HOM,0.4252048,0.40955138,0.48260146,0.43097198,0.5014078,0.43169233
organic,P,word2vec_recipe_1_HOM,0.31876585,0.3659641,0.36618242,0.3799849,0.38573378,0.37823966
launch,H,word2vec_recipe_1_HOM,0.2095102,0.22897153,0.24680862,0.26683462,0.26258758,0.27660477
latex,P,word2vec_recipe_1_HOM,0.23102188,0.285075,0.34271538,0.3490344,0.3730344,0.3511771
clue,P,word2vec_recipe_1_HOM,0.1290066,0.1169516,0.15645245,0.14423293,0.1676022,0.15092558
modest,P,word2vec_recipe_1_HOM,0.30504873,0.29237595,0.35474092,0.30896088,0.37162235,0.29905653
beige,M,word2vec_recipe_1_HOM,0.24132553,0.3062452,0.32689342,0.38570035,0.3696083,0.42673808
tap,H,word2vec_recipe_1_HOM,0.37804216,0.47503316,0.46500283,0.51261795,0.49212077,0.5052315
bounty,P,word2vec_recipe_1_HOM,0.3156146,0.25054166,0.35302064,0.27189124,0.36604613,0.27014107
nerve,P,word2vec_recipe_1_HOM,0.1438376,0.1848968,0.1820148,0.25135946,0.20001277,0.2696334
brew,P,word2vec_recipe_1_HOM,0.26626712,0.34653673,0.35576403,0.40337265,0.39097327,0.40799862
balloon,P,word2vec_recipe_1_HOM,0.34860915,0.43931937,0.42385867,0.4577645,0.44738746,0.4681164
hillbilly,P,word2vec_recipe_1_HOM,0.15196496,0.13861804,0.18763801,0.16825648,0.2022169,0.184171
neighbor,P,word2vec_recipe_1_HOM,0.14884715,0.14244182,0.17286614,0.16419221,0.18536621,0.18259385
pepperoni,M,word2vec_recipe_1_HOM,0.2656843,0.27242085,0.34928536,0.38701913,0.38248473,0.43011743
volcano,P,word2vec_recipe_1_HOM,0.3638126,0.37128255,0.4230358,0.37156224,0.4400511,0.37529117
worthwhile,M,word2vec_recipe_1_HOM,0.10588672,0.11301953,0.12328317,0.12984402,0.13156605,0.14329517
photograph,P,word2vec_recipe_1_HOM,0.2268186,0.13686836,0.35604465,0.2866724,0.42385924,0.3170207
safari,P,word2vec_recipe_1_HOM,0.13302584,0.13438997,0.15743765,0.16799091,0.16723062,0.18194847
unwanted,M,word2vec_recipe_1_HOM,0.23456955,0.26492122,0.300628,0.3325831,0.33096182,0.36048386
flick,P,word2vec_recipe_1_HOM,0.33257484,0.39946806,0.41398877,0.4543645,0.44226086,0.45669883
sculpture,P,word2vec_recipe_1_HOM,0.19369218,0.20626377,0.22389603,0.24707697,0.23853306,0.2587207
burden,H,word2vec_recipe_1_HOM,0.089892134,0.11485222,0.107452765,0.1291614,0.11570461,0.1395409
dependent,P,word2vec_recipe_1_HOM,0.2614564,0.31974137,0.342895,0.349204,0.37356392,0.34710225
enjoyable,M,word2vec_recipe_1_HOM,0.1886438,0.16347526,0.21653566,0.18223836,0.22831479,0.18827106
bandit,P,word2vec_recipe_1_HOM,0.13647811,0.15512204,0.16105579,0.18840633,0.17095177,0.19628319
commotion,P,word2vec_recipe_1_HOM,0.181465,0.20989504,0.21215925,0.2501856,0.22709027,0.2575845
nausea,P,word2vec_recipe_1_HOM,0.10812916,0.11955807,0.13853659,0.1568152,0.15136452,0.16973431
rum,M,word2vec_recipe_1_HOM,0.19711906,0.24352033,0.2796803,0.3049812,0.31623927,0.3341451
internal,P,word2vec_recipe_1_HOM,0.26635993,0.22561014,0.32196766,0.2656364,0.36334637,0.3125258
conclusion,P,word2vec_recipe_1_HOM,0.13936111,0.12889585,0.16016209,0.14158794,0.16944374,0.15517813
shock,H,word2vec_recipe_1_HOM,0.29749396,0.38801125,0.42337468,0.4578211,0.4680336,0.4786229
horde,P,word2vec_recipe_1_HOM,0.16980603,0.15508604,0.19544311,0.18682952,0.20589623,0.19654678
menu,P,word2vec_recipe_1_HOM,0.25387102,0.29011852,0.30035436,0.3076786,0.3179297,0.31288108
citation,P,word2vec_recipe_1_HOM,0.1849459,0.16751897,0.21094546,0.19281141,0.22183344,0.20642647
factor,P,word2vec_recipe_1_HOM,0.24413124,0.2031649,0.27640706,0.23370674,0.2908756,0.23033772
technology,P,word2vec_recipe_1_HOM,0.13155968,0.12919562,0.15093556,0.14306556,0.16062953,0.1541207
arrival,P,word2vec_recipe_1_HOM,0.15877508,0.13451806,0.18595655,0.15586013,0.19704337,0.16055843
weakness,P,word2vec_recipe_1_HOM,0.102587864,0.10490939,0.12166724,0.12983428,0.13038644,0.14564349
distortion,P,word2vec_recipe_1_HOM,0.1571657,0.18464792,0.18940052,0.23149407,0.20365162,0.24759792
claim,P,word2vec_recipe_1_HOM,0.20058349,0.15825392,0.2346889,0.18597625,0.24767461,0.1965525
dusk,M,word2vec_recipe_1_HOM,0.22278018,0.2420402,0.25416365,0.26506168,0.26799983,0.27445567
miraculous,P,word2vec_recipe_1_HOM,0.15329877,0.14314146,0.17783771,0.16777149,0.18773183,0.17518504
fragrance,P,word2vec_recipe_1_HOM,0.27406487,0.32440707,0.36899483,0.40377924,0.39848998,0.41976774
wilderness,P,word2vec_recipe_1_HOM,0.20166664,0.19869888,0.2329524,0.2152611,0.24551117,0.2233195
bra,M,word2vec_recipe_1_HOM,0.17351332,0.19215836,0.20260762,0.23431244,0.21338654,0.24908505
swing,P,word2vec_recipe_1_HOM,0.19455636,0.2289593,0.23084527,0.26490223,0.24780564,0.28532323
rodeo,M,word2vec_recipe_1_HOM,0.110392496,0.12992378,0.13305408,0.15765212,0.14441688,0.16882347
turnip,P,word2vec_recipe_1_HOM,0.24918881,0.30307502,0.33475825,0.39400074,0.36692497,0.40490407
bash,P,word2vec_recipe_1_HOM,0.3131613,0.3677549,0.4158844,0.49855158,0.45572305,0.511529
energetic,P,word2vec_recipe_1_HOM,0.21929395,0.15503292,0.24385594,0.1731168,0.2550315,0.18365449
resolve,P,word2vec_recipe_1_HOM,0.092379645,0.11201995,0.11060935,0.13124986,0.11879893,0.1432725
string,P,word2vec_recipe_1_HOM,0.2860144,0.3242855,0.36799076,0.386217,0.40439475,0.409756
attract,P,word2vec_recipe_1_HOM,0.1280806,0.14444387,0.15152645,0.16348365,0.16277915,0.17234808
hemisphere,P,word2vec_recipe_1_HOM,0.20960173,0.21911201,0.2438206,0.25899848,0.25977752,0.2778626
colossal,M,word2vec_recipe_1_HOM,0.271773,0.22550556,0.30744115,0.2477386,0.32078815,0.2518691
luxury,P,word2vec_recipe_1_HOM,0.2328548,0.25667235,0.26606503,0.27962467,0.2807595,0.28141832
glove,P,word2vec_recipe_1_HOM,0.31202045,0.31145018,0.3784212,0.38333762,0.40374193,0.39033353
personal,P,word2vec_recipe_1_HOM,0.20565684,0.2363897,0.30304438,0.320963,0.33727616,0.3350313
claw,P,word2vec_recipe_1_HOM,0.26813897,0.30506217,0.37773347,0.3855147,0.41833252,0.42263258
nudge,P,word2vec_recipe_1_HOM,0.31283194,0.32302275,0.37186486,0.3967839,0.39365909,0.41098437
rally,H,word2vec_recipe_1_HOM,0.17875496,0.17411484,0.20332725,0.18955767,0.21418358,0.19934908
estate,P,word2vec_recipe_1_HOM,0.09734054,0.0931747,0.12263761,0.12789495,0.13827144,0.15333171
stomp,P,word2vec_recipe_1_HOM,0.23097332,0.21175784,0.26165673,0.23636651,0.27285057,0.24908794
cellular,P,word2vec_recipe_1_HOM,0.16002741,0.18165752,0.1849631,0.20345952,0.19645813,0.21355039
safety,P,word2vec_recipe_1_HOM,0.28193146,0.2943026,0.3320808,0.32282424,0.35241967,0.32456264
bias,P,word2vec_recipe_1_HOM,0.30144185,0.33205608,0.37795666,0.34322944,0.40777215,0.34502742
clip,H,word2vec_recipe_1_HOM,0.3835029,0.38586587,0.44251773,0.41734356,0.46506047,0.42168468
mayor,M,word2vec_recipe_1_HOM,0.093559474,0.12196327,0.11376225,0.14595298,0.12326145,0.16239172
foremost,M,word2vec_recipe_1_HOM,0.21211955,0.20882994,0.24670263,0.22855605,0.25996545,0.23905398
machine,P,word2vec_recipe_1_HOM,0.32394394,0.37544343,0.41555074,0.4706118,0.45818385,0.51520264
honesty,P,word2vec_recipe_1_HOM,0.13932785,0.11752281,0.15977442,0.13605393,0.16888149,0.14500284
proportion,P,word2vec_recipe_1_HOM,0.29792178,0.35204807,0.36251232,0.3601328,0.38509995,0.36406055
genie,M,word2vec_recipe_1_HOM,0.115419604,0.15401171,0.13808545,0.18814741,0.14772774,0.20019099
sharp,P,word2vec_recipe_1_HOM,0.27054334,0.28879258,0.3710521,0.36808413,0.41353104,0.39725158
plaid,P,word2vec_recipe_1_HOM,0.13092685,0.17214276,0.15847376,0.21920899,0.17184903,0.23696221
smother,P,word2vec_recipe_1_HOM,0.38181219,0.40428573,0.4356657,0.38004965,0.45424724,0.38061744
airport,M,word2vec_recipe_1_HOM,0.114538744,0.12678385,0.13545616,0.15437324,0.14479025,0.16800055
liter,M,word2vec_recipe_1_HOM,0.28655583,0.3617112,0.36618283,0.42421797,0.40299058,0.44692168
rate,H,word2vec_recipe_1_HOM,0.3947966,0.27996612,0.4392045,0.28902316,0.45415947,0.28998956
bonfire,M,word2vec_recipe_1_HOM,0.25832343,0.23459749,0.2957568,0.26601207,0.30997053,0.26814866
yoga,P,word2vec_recipe_1_HOM,0.20407847,0.15619116,0.23247133,0.17644525,0.24339195,0.18999314
tablet,P,word2vec_recipe_1_HOM,0.308734,0.34587875,0.37946537,0.40070644,0.40480536,0.42320737
prone,P,word2vec_recipe_1_HOM,0.2551422,0.22509491,0.2972806,0.25679162,0.31276143,0.25568467
calendar,P,word2vec_recipe_1_HOM,0.1922253,0.17399436,0.22113127,0.18318747,0.23113586,0.19404234
background,P,word2vec_recipe_1_HOM,0.22802019,0.2315351,0.26474336,0.2696355,0.27871475,0.2700178
endless,P,word2vec_recipe_1_HOM,0.24556646,0.26615876,0.30763453,0.28216943,0.32814813,0.2928106
tag,H,word2vec_recipe_1_HOM,0.35202676,0.3319392,0.41457477,0.32314017,0.43494415,0.34933716
backbone,P,word2vec_recipe_1_HOM,0.23438819,0.24562047,0.31703874,0.35879347,0.3561925,0.3973509
division,P,word2vec_recipe_1_HOM,0.21252258,0.23763351,0.255845,0.27356392,0.27287385,0.29454696
needle,P,word2vec_recipe_1_HOM,0.2929905,0.36450943,0.37504005,0.42516562,0.40718156,0.44643334
hobo,P,word2vec_recipe_1_HOM,0.37598905,0.34861174,0.42613083,0.30277294,0.44296294,0.29977846
roach,H,word2vec_recipe_1_HOM,0.117967054,0.13514628,0.13588938,0.1535428,0.14479671,0.16401555
attach,P,word2vec_recipe_1_HOM,0.31422254,0.22184962,0.37429237,0.27560323,0.39997208,0.3177523
catfish,M,word2vec_recipe_1_HOM,0.2435843,0.2378928,0.35870343,0.39579538,0.40405786,0.40188003
slick,H,word2vec_recipe_1_HOM,0.37624514,0.42261806,0.4274728,0.41994926,0.44599885,0.39521402
mystic,P,word2vec_recipe_1_HOM,0.1438369,0.16189532,0.16336408,0.183965,0.17236507,0.19166762
majority,P,word2vec_recipe_1_HOM,0.36053357,0.3363269,0.4192265,0.36517626,0.43838653,0.35866073
seat,P,word2vec_recipe_1_HOM,0.33813852,0.27662247,0.38654733,0.33223316,0.40527195,0.35750857
yarn,P,word2vec_recipe_1_HOM,0.20207739,0.2380407,0.25496718,0.26594618,0.27844098,0.28974503
diamond,P,word2vec_recipe_1_HOM,0.29145464,0.2995783,0.36816847,0.34725302,0.39749175,0.34859297
lipstick,M,word2vec_recipe_1_HOM,0.1865984,0.19587958,0.21194237,0.22369497,0.2222089,0.22974333
bead,P,word2vec_recipe_1_HOM,0.4312408,0.45157516,0.5383889,0.5040355,0.56673807,0.53553987
enlighten,M,word2vec_recipe_1_HOM,0.13738707,0.16800056,0.1627211,0.19053234,0.1723833,0.1992033
medicine,P,word2vec_recipe_1_HOM,0.17718989,0.17388432,0.20896843,0.19725427,0.22240688,0.20803367
penalty,P,word2vec_recipe_1_HOM,0.16041219,0.15712065,0.18467422,0.17501597,0.19495596,0.19110422
oblivion,P,word2vec_recipe_1_HOM,0.29055002,0.31180888,0.32969335,0.31208423,0.34466362,0.31239024
district,P,word2vec_recipe_1_HOM,0.12632896,0.105495624,0.15911768,0.14581208,0.17462568,0.16941655
holler,P,word2vec_recipe_1_HOM,0.1868344,0.18047012,0.21595623,0.2000007,0.22743717,0.21421245
nap,H,word2vec_recipe_1_HOM,0.39492404,0.39190522,0.44538757,0.410388,0.46335334,0.41494435
pattern,P,word2vec_recipe_1_HOM,0.23610437,0.2933359,0.3115154,0.3379728,0.34355026,0.35157827
warehouse,P,word2vec_recipe_1_HOM,0.13790256,0.15316276,0.18221432,0.20158997,0.20605849,0.22186306
exotic,P,word2vec_recipe_1_HOM,0.2606929,0.28934002,0.30856353,0.31401372,0.330231,0.33338743
edit,P,word2vec_recipe_1_HOM,0.14858954,0.12059415,0.17729065,0.14511564,0.18915124,0.15474354
dodo,P,word2vec_recipe_1_HOM,0.17580405,0.21107993,0.21008769,0.22873414,0.22201918,0.24141635
sap,H,word2vec_recipe_1_HOM,0.246115,0.2531126,0.28025857,0.2793181,0.29460284,0.28793815
elegant,P,word2vec_recipe_1_HOM,0.27867422,0.27642384,0.3545636,0.38205835,0.38966882,0.41589838
speed,P,word2vec_recipe_1_HOM,0.29506645,0.34990227,0.40597135,0.38402683,0.44714385,0.4012878
molecular,M,word2vec_recipe_1_HOM,0.12506707,0.11697256,0.14534259,0.13598488,0.15407386,0.15209788
wax,H,word2vec_recipe_1_HOM,0.3006901,0.29961562,0.39289838,0.3628245,0.42426652,0.38799158
sapphire,P,word2vec_recipe_1_HOM,0.12523353,0.13300972,0.15799525,0.18687104,0.17837784,0.21791267
camel,M,word2vec_recipe_1_HOM,0.29420525,0.3309201,0.34249592,0.3713418,0.3636544,0.38722363
system,P,word2vec_recipe_1_HOM,0.23997459,0.20264852,0.27745417,0.2253698,0.29195884,0.23467822
freshen,P,word2vec_recipe_1_HOM,0.3560648,0.34552112,0.39505383,0.34061766,0.4108566,0.3568435
silent,P,word2vec_recipe_1_HOM,0.20359655,0.17760174,0.23200381,0.18232635,0.24457446,0.19366968
weaken,P,word2vec_recipe_1_HOM,0.20040531,0.18814255,0.23643018,0.20448816,0.25132027,0.21560962
specialize,P,word2vec_recipe_1_HOM,0.1325473,0.14242192,0.15256283,0.16337314,0.1631187,0.17334548
approval,P,word2vec_recipe_1_HOM,0.14413123,0.12832975,0.16654927,0.14253245,0.17637582,0.15497082
blow,H,word2vec_recipe_1_HOM,0.33667484,0.4019474,0.39932618,0.37585762,0.42154816,0.3757917
ripple,P,word2vec_recipe_1_HOM,0.3782075,0.3676914,0.4317758,0.36853182,0.45061752,0.36826152
brig,P,word2vec_recipe_1_HOM,0.17256102,0.19126754,0.21901561,0.27698797,0.24065524,0.3103976
kangaroo,M,word2vec_recipe_1_HOM,0.2795828,0.22033244,0.32312053,0.2747632,0.34088144,0.28025886
empire,P,word2vec_recipe_1_HOM,0.20897594,0.22631142,0.24641976,0.23799956,0.2604077,0.23705474
suede,M,word2vec_recipe_1_HOM,0.1614452,0.19481678,0.1964866,0.23633513,0.21216232,0.25581354
overseas,P,word2vec_recipe_1_HOM,0.16128659,0.14693715,0.18705702,0.16737355,0.19818114,0.18404602
tickle,P,word2vec_recipe_1_HOM,0.1293185,0.1331858,0.16010596,0.16908862,0.17347999,0.17901583
hormone,P,word2vec_recipe_1_HOM,0.13692641,0.14631183,0.17146732,0.18161318,0.18445367,0.19510041
spook,P,word2vec_recipe_1_HOM,0.34387106,0.2883499,0.3821075,0.28988618,0.3950621,0.31092227
material,P,word2vec_recipe_1_HOM,0.28481978,0.267069,0.3400379,0.33013952,0.3627593,0.35006642
celery,M,word2vec_recipe_1_HOM,0.2598721,0.2451264,0.3190187,0.2859144,0.34992546,0.32089478
trade,P,word2vec_recipe_1_HOM,0.19820006,0.1585121,0.2240122,0.18122691,0.23415704,0.19012554
chill,P,word2vec_recipe_1_HOM,0.2769827,0.36106908,0.4188283,0.43864995,0.46658418,0.44233242
myth,P,word2vec_recipe_1_HOM,0.08139032,0.09364481,0.09806106,0.11805001,0.10671438,0.13067561
award,P,word2vec_recipe_1_HOM,0.17785592,0.18966244,0.21017905,0.20104617,0.22315177,0.20447017
waterfall,M,word2vec_recipe_1_HOM,0.19821271,0.22078696,0.22764903,0.24916582,0.23993038,0.25990266
nightly,P,word2vec_recipe_1_HOM,0.13647108,0.13329242,0.15853183,0.15440089,0.16721012,0.16206464
reindeer,M,word2vec_recipe_1_HOM,0.21339974,0.23489541,0.25927445,0.27555797,0.285424,0.29829726
force,P,word2vec_recipe_1_HOM,0.36063844,0.35860032,0.45718127,0.5009116,0.49264503,0.5144522
extreme,P,word2vec_recipe_1_HOM,0.34994388,0.3504383,0.39263615,0.33519316,0.40857375,0.32907486
shiver,H,word2vec_recipe_1_HOM,0.20702405,0.19817722,0.23638444,0.23394944,0.24720664,0.25335443
portion,P,word2vec_recipe_1_HOM,0.35873085,0.28814888,0.42692673,0.2844681,0.4523912,0.32029176
sexy,P,word2vec_recipe_1_HOM,0.2506206,0.264336,0.290583,0.30236712,0.3075048,0.31556293
gut,P,word2vec_recipe_1_HOM,0.25600043,0.27058417,0.3340598,0.36214596,0.36252815,0.38920856
crawl,P,word2vec_recipe_1_HOM,0.21712443,0.20815702,0.2545117,0.22731853,0.26822317,0.23083848
nationwide,M,word2vec_recipe_1_HOM,0.106888615,0.13385999,0.14937165,0.19830304,0.17407994,0.21531875
verb,M,word2vec_recipe_1_HOM,0.12969859,0.124066636,0.15442573,0.15342173,0.16558498,0.17198437
treatment,P,word2vec_recipe_1_HOM,0.21324432,0.19759521,0.26104587,0.22719286,0.27828646,0.23424715
alias,P,word2vec_recipe_1_HOM,0.12014619,0.1367379,0.13919644,0.16022475,0.14710848,0.17014845
sustain,P,word2vec_recipe_1_HOM,0.26892084,0.33036152,0.310879,0.31756666,0.32846653,0.31995976
anonymous,M,word2vec_recipe_1_HOM,0.09259405,0.1048477,0.111838534,0.13572453,0.12096377,0.15247998
dairy,P,word2vec_recipe_1_HOM,0.31881434,0.3667447,0.39084294,0.40446994,0.42047435,0.4146008
carve,P,word2vec_recipe_1_HOM,0.35636017,0.4364553,0.43551305,0.4271472,0.46142113,0.43084976
colorful,P,word2vec_recipe_1_HOM,0.3171638,0.39069396,0.37379065,0.41452777,0.39910775,0.43147755
petite,P,word2vec_recipe_1_HOM,0.40397605,0.4407819,0.4562551,0.4780294,0.47569025,0.46114048
struggle,P,word2vec_recipe_1_HOM,0.13784024,0.13916154,0.16034183,0.14325513,0.17081612,0.15713495
cluster,P,word2vec_recipe_1_HOM,0.3437212,0.337492,0.41129687,0.39141548,0.44012251,0.4219959
exam,M,word2vec_recipe_1_HOM,0.18098891,0.15365592,0.21518524,0.18560594,0.23174553,0.20602903
wizard,P,word2vec_recipe_1_HOM,0.19117294,0.18147777,0.21683732,0.20543692,0.22799458,0.21454683
erect,P,word2vec_recipe_1_HOM,0.1675597,0.17384897,0.1975229,0.20466094,0.210279,0.21990891
comeback,P,word2vec_recipe_1_HOM,0.19589965,0.1845017,0.2239094,0.20708804,0.23553066,0.21418078
math,M,word2vec_recipe_1_HOM,0.14815271,0.118732855,0.17136,0.14342612,0.18232132,0.15381889
creator,P,word2vec_recipe_1_HOM,0.09575805,0.110135995,0.11542701,0.13787565,0.12541394,0.15571146
bump,P,word2vec_recipe_1_HOM,0.35572985,0.26181373,0.4014805,0.27651668,0.41670007,0.2828036
greasy,P,word2vec_recipe_1_HOM,0.26836967,0.27831155,0.31094894,0.24470699,0.3297599,0.24416995
buzzer,M,word2vec_recipe_1_HOM,0.21946728,0.21489313,0.2650324,0.23628306,0.28179926,0.2439124
zombie,P,word2vec_recipe_1_HOM,0.22411647,0.25415334,0.28207102,0.32130063,0.3055736,0.33707327
virtuous,P,word2vec_recipe_1_HOM,0.2040981,0.1951582,0.23903483,0.22221978,0.25204858,0.2379184
almond,P,word2vec_recipe_1_HOM,0.30440497,0.35982904,0.36456344,0.40841806,0.38698044,0.41924506
cling,P,word2vec_recipe_1_HOM,0.3179257,0.31321242,0.42517814,0.40425122,0.46101707,0.41814423
grin,P,word2vec_recipe_1_HOM,0.12915412,0.1261512,0.14989938,0.14262493,0.1599311,0.15730958
terrific,P,word2vec_recipe_1_HOM,0.2305794,0.2654246,0.32232133,0.3671582,0.35180914,0.38110176
absence,P,word2vec_recipe_1_HOM,0.17418388,0.15758023,0.20279028,0.18480486,0.21639965,0.19781022
examine,P,word2vec_recipe_1_HOM,0.34126183,0.29749024,0.3814588,0.32350945,0.39619538,0.3349368
unlucky,P,word2vec_recipe_1_HOM,0.08380371,0.099723145,0.099458955,0.121991664,0.10728241,0.13384491
creative,P,word2vec_recipe_1_HOM,0.26727006,0.26546502,0.30886552,0.25892136,0.32369828,0.24733804
rake,H,word2vec_recipe_1_HOM,0.42522693,0.44080102,0.48161003,0.43869904,0.50216466,0.44173324
container,P,word2vec_recipe_1_HOM,0.26087046,0.30697736,0.3565139,0.3790555,0.3992357,0.4173374
text,P,word2vec_recipe_1_HOM,0.18515544,0.19122376,0.21601157,0.22615185,0.23020017,0.23637746
prowl,P,word2vec_recipe_1_HOM,0.23407006,0.26015788,0.26787373,0.30128485,0.28029326,0.3087943
bully,H,word2vec_recipe_1_HOM,0.19350103,0.18367727,0.21879143,0.21062571,0.23033522,0.221966
cherry,P,word2vec_recipe_1_HOM,0.32073268,0.3845974,0.40084386,0.39320406,0.42719892,0.38118708
inferior,P,word2vec_recipe_1_HOM,0.20054631,0.16850983,0.22447948,0.16974519,0.23508802,0.17631523
waiter,P,word2vec_recipe_1_HOM,0.0991365,0.10601448,0.11905793,0.12701061,0.12903923,0.14406556
bridal,P,word2vec_recipe_1_HOM,0.22401659,0.25623363,0.26923248,0.2825134,0.28784934,0.28850022
fate,P,word2vec_recipe_1_HOM,0.17681268,0.13639134,0.20113906,0.16453569,0.21114868,0.17146292
wart,P,word2vec_recipe_1_HOM,0.16283661,0.19603902,0.19685239,0.23316783,0.21231101,0.25211757
absent,P,word2vec_recipe_1_HOM,0.16563103,0.18869409,0.19523428,0.21859752,0.20825905,0.23291834
invent,P,word2vec_recipe_1_HOM,0.14051732,0.1177498,0.16540995,0.14400862,0.17719096,0.15716048
knock,P,word2vec_recipe_1_HOM,0.3510459,0.43121728,0.42251995,0.42611212,0.44839013,0.4292113
sometime,P,word2vec_recipe_1_HOM,0.308972,0.25206748,0.3479053,0.24819013,0.3620446,0.24693711
playful,P,word2vec_recipe_1_HOM,0.17012233,0.20002651,0.20665945,0.24154954,0.2233411,0.26771823
crumble,P,word2vec_recipe_1_HOM,0.40067393,0.38563508,0.47139668,0.40237767,0.49482268,0.40463364
slide,P,word2vec_recipe_1_HOM,0.33521637,0.40645993,0.419095,0.4019875,0.44390556,0.40418682
muzzle,P,word2vec_recipe_1_HOM,0.1286,0.15735346,0.16729572,0.21651915,0.19235146,0.2562071
unclear,M,word2vec_recipe_1_HOM,0.102676176,0.104720555,0.11979077,0.12237709,0.12947167,0.13557671
noodle,H,word2vec_recipe_1_HOM,0.30018514,0.31395936,0.36081657,0.34363165,0.3863998,0.35730577
kite,P,word2vec_recipe_1_HOM,0.16886665,0.18514721,0.20412971,0.22526397,0.22297262,0.2570112
shark,H,word2vec_recipe_1_HOM,0.28925687,0.28813073,0.34628785,0.34946176,0.37472564,0.3597864
seek,P,word2vec_recipe_1_HOM,0.1548287,0.12529685,0.17744625,0.15475632,0.1876808,0.16512059
asleep,P,word2vec_recipe_1_HOM,0.1307474,0.11832405,0.15272139,0.14568062,0.16340896,0.1579186
regardless,P,word2vec_recipe_1_HOM,0.24348061,0.18467762,0.27509105,0.18807839,0.28739578,0.19145466
carousel,P,word2vec_recipe_1_HOM,0.35851085,0.335569,0.43714005,0.45940503,0.4635295,0.46970958
wink,P,word2vec_recipe_1_HOM,0.23271409,0.24393137,0.27053735,0.28173015,0.28573182,0.29088393
departure,P,word2vec_recipe_1_HOM,0.11261535,0.104996145,0.12776381,0.12778471,0.13553482,0.13994355
injection,P,word2vec_recipe_1_HOM,0.30498782,0.3594287,0.38861972,0.41338843,0.4146846,0.4078002
support,P,word2vec_recipe_1_HOM,0.27868876,0.26118895,0.3229967,0.30051395,0.34105065,0.3079498
craze,P,word2vec_recipe_1_HOM,0.19914067,0.1952154,0.23048852,0.22515996,0.2423952,0.24371968
wisdom,P,word2vec_recipe_1_HOM,0.16825226,0.14375839,0.19491531,0.16598655,0.20563546,0.17996302
argue,P,word2vec_recipe_1_HOM,0.10474374,0.11061838,0.12588428,0.13317245,0.13473544,0.14339687
engagement,P,word2vec_recipe_1_HOM,0.16937377,0.166958,0.19537129,0.18342115,0.2061309,0.19466686
unlock,P,word2vec_recipe_1_HOM,0.35133356,0.30944067,0.46177533,0.46325624,0.501541,0.5077356
quality,P,word2vec_recipe_1_HOM,0.32457715,0.31467238,0.37164184,0.29239592,0.3875603,0.2866102
maniac,P,word2vec_recipe_1_HOM,0.13970625,0.16474177,0.16435161,0.18997681,0.17512947,0.19843757
warp,P,word2vec_recipe_1_HOM,0.2791726,0.22155246,0.35690707,0.33713984,0.3874371,0.37580103
finale,P,word2vec_recipe_1_HOM,0.28421298,0.2439888,0.32173413,0.27927506,0.33492938,0.2864615
putt,P,word2vec_recipe_1_HOM,0.29945487,0.2627224,0.33268112,0.29483747,0.34377754,0.3088265
founder,H,word2vec_recipe_1_HOM,0.08370995,0.10631286,0.105316505,0.14100575,0.11665182,0.16096714
exposure,P,word2vec_recipe_1_HOM,0.24165253,0.25397536,0.2904517,0.2627051,0.30998942,0.27624074
popular,P,word2vec_recipe_1_HOM,0.2438926,0.28062427,0.29610106,0.33000007,0.3177717,0.3213843
lard,P,word2vec_recipe_1_HOM,0.38492402,0.46155408,0.4799179,0.501704,0.50648415,0.49508286
excellence,P,word2vec_recipe_1_HOM,0.16872773,0.1718,0.19045232,0.17685089,0.20058584,0.19226392
hesitation,M,word2vec_recipe_1_HOM,0.23436232,0.18946384,0.26042035,0.20616858,0.27131784,0.20312834
vineyard,M,word2vec_recipe_1_HOM,0.13596204,0.10777411,0.16863796,0.143207,0.1870507,0.16750331
remedy,P,word2vec_recipe_1_HOM,0.23376179,0.21054117,0.2807464,0.2530792,0.3013935,0.267746
prime,P,word2vec_recipe_1_HOM,0.27964908,0.3118403,0.3481422,0.34456846,0.37713233,0.35974357
charm,P,word2vec_recipe_1_HOM,0.23331288,0.16264583,0.26002192,0.16632943,0.27154073,0.18274458
crate,P,word2vec_recipe_1_HOM,0.21502559,0.20846297,0.24600787,0.25392404,0.2605618,0.27378583
twin,P,word2vec_recipe_1_HOM,0.34429115,0.3270828,0.39456096,0.3907857,0.4168213,0.3906385
statue,M,word2vec_recipe_1_HOM,0.15661106,0.18975423,0.18530199,0.2327383,0.20241971,0.26051566
post,H,word2vec_recipe_1_HOM,0.22301702,0.22153637,0.2718249,0.24703877,0.2902502,0.24629585
descent,P,word2vec_recipe_1_HOM,0.1127985,0.12087723,0.134394,0.1440724,0.14536218,0.15998997
handbag,P,word2vec_recipe_1_HOM,0.18017456,0.20612885,0.2152449,0.24746709,0.23187834,0.26999962
chant,P,word2vec_recipe_1_HOM,0.14858398,0.13723642,0.17180929,0.1535393,0.18244873,0.1649907
lint,P,word2vec_recipe_1_HOM,0.23880546,0.28791583,0.29526088,0.3404254,0.32181022,0.3536549
preview,P,word2vec_recipe_1_HOM,0.12893054,0.14991045,0.162396,0.16928813,0.17512167,0.1826708
lush,P,word2vec_recipe_1_HOM,0.3580406,0.3139583,0.41205728,0.31235456,0.42939004,0.31461564
accordance,P,word2vec_recipe_1_HOM,0.26644534,0.24534778,0.34373885,0.3688438,0.3824024,0.40688068
neutral,P,word2vec_recipe_1_HOM,0.33643657,0.39095938,0.43375584,0.49689293,0.46278107,0.49233204
fond,P,word2vec_recipe_1_HOM,0.33638757,0.39758983,0.431507,0.4496069,0.46122944,0.42558095
grape,P,word2vec_recipe_1_HOM,0.33493516,0.42054948,0.39752403,0.4122001,0.42048484,0.4171661
treasure,P,word2vec_recipe_1_HOM,0.3065093,0.25336403,0.34033054,0.25964245,0.35278106,0.2605991
bladder,P,word2vec_recipe_1_HOM,0.14922677,0.15079802,0.18596406,0.19366413,0.20166716,0.20766616
dozen,P,word2vec_recipe_1_HOM,0.30885014,0.3635625,0.40610895,0.420355,0.4455772,0.44973466
cleaver,M,word2vec_recipe_1_HOM,0.3029276,0.35875076,0.40815446,0.4500686,0.4449586,0.4765502
tab,P,word2vec_recipe_1_HOM,0.42070094,0.4444573,0.48828414,0.50715095,0.5105563,0.5209362
harm,P,word2vec_recipe_1_HOM,0.17930229,0.1647449,0.21717155,0.19606608,0.23243707,0.1959205
stadium,M,word2vec_recipe_1_HOM,0.25209475,0.27704322,0.29584897,0.3168874,0.31339365,0.32811633
permanent,P,word2vec_recipe_1_HOM,0.21224432,0.24557023,0.26171297,0.27216348,0.27920467,0.29620597
outcome,M,word2vec_recipe_1_HOM,0.24168578,0.19980465,0.28160265,0.21735047,0.29662532,0.22326508
melon,M,word2vec_recipe_1_HOM,0.25658408,0.32029545,0.3714043,0.39493114,0.40888077,0.42570323
warming,P,word2vec_recipe_1_HOM,0.37692246,0.4530358,0.4394749,0.43013954,0.46023917,0.4270324
artistic,P,word2vec_recipe_1_HOM,0.19474867,0.20311657,0.23411307,0.2426374,0.2503316,0.25144204
dinosaur,P,word2vec_recipe_1_HOM,0.2765113,0.2616392,0.32305756,0.31774956,0.3417816,0.33895576
cranberry,P,word2vec_recipe_1_HOM,0.24257548,0.2833426,0.33226585,0.3568484,0.36526263,0.3717301
generate,P,word2vec_recipe_1_HOM,0.26692683,0.24282394,0.30980182,0.26425016,0.32566375,0.27403224
prove,P,word2vec_recipe_1_HOM,0.26928166,0.3345423,0.37930745,0.4351922,0.42468694,0.47443813
threat,P,word2vec_recipe_1_HOM,0.23662834,0.2300956,0.2704691,0.25266558,0.28219366,0.25656986
downfall,P,word2vec_recipe_1_HOM,0.13314167,0.13139346,0.15533854,0.17063828,0.16573232,0.18656188
admit,P,word2vec_recipe_1_HOM,0.15909639,0.13375612,0.1860236,0.15747678,0.19939083,0.16977175
position,P,word2vec_recipe_1_HOM,0.30571944,0.27117583,0.4296352,0.4121955,0.46573335,0.41066855
alike,P,word2vec_recipe_1_HOM,0.17223592,0.14169087,0.19429092,0.15843526,0.20447011,0.17097786
laser,M,word2vec_recipe_1_HOM,0.17531067,0.21585567,0.24895655,0.3189872,0.27164203,0.334309
bust,H,word2vec_recipe_1_HOM,0.24017575,0.24141099,0.27688578,0.24441211,0.29229346,0.24816872
tour,P,word2vec_recipe_1_HOM,0.17042407,0.1607779,0.19733769,0.18294506,0.20760277,0.18786459
pepper,P,word2vec_recipe_1_HOM,0.22812493,0.21247204,0.2916454,0.261429,0.3174226,0.28646332
symphony,P,word2vec_recipe_1_HOM,0.21143599,0.19622642,0.24416268,0.2186337,0.25812912,0.23064952
fudge,H,word2vec_recipe_1_HOM,0.2957575,0.35631177,0.38061106,0.38853458,0.40720382,0.3781824
stallion,M,word2vec_recipe_1_HOM,0.14896062,0.14176185,0.17052108,0.16922072,0.18060909,0.17976843
eyeball,P,word2vec_recipe_1_HOM,0.37554958,0.28195944,0.42063913,0.3065497,0.43738747,0.30290025
perpetual,P,word2vec_recipe_1_HOM,0.15702562,0.16518322,0.18858977,0.19775525,0.19990326,0.20707583
villa,M,word2vec_recipe_1_HOM,0.13104983,0.119640484,0.15743448,0.15735705,0.17158093,0.17856683
chimpanzee,M,word2vec_recipe_1_HOM,0.14140578,0.15641674,0.16196726,0.17447698,0.17040934,0.18748106
naked,P,word2vec_recipe_1_HOM,0.31761056,0.29958144,0.35619104,0.30864438,0.36935562,0.32229644
propeller,M,word2vec_recipe_1_HOM,0.22001477,0.27728978,0.26204932,0.3141233,0.279718,0.3356686
lollipop,M,word2vec_recipe_1_HOM,0.28494954,0.34066993,0.3534826,0.34449506,0.38276976,0.36577323
poem,P,word2vec_recipe_1_HOM,0.16139157,0.18948168,0.19271868,0.2083344,0.2059269,0.21769165
decorator,M,word2vec_recipe_1_HOM,0.22911394,0.27945614,0.30777192,0.32405064,0.3425914,0.35692868
flashy,P,word2vec_recipe_1_HOM,0.09586106,0.09963736,0.11457056,0.12532891,0.12314275,0.1393418
heap,P,word2vec_recipe_1_HOM,0.39115065,0.49807036,0.4760027,0.47989208,0.5030084,0.47206074
rumor,P,word2vec_recipe_1_HOM,0.16566093,0.14825664,0.18939134,0.16223529,0.19908242,0.165534
potassium,M,word2vec_recipe_1_HOM,0.16338044,0.20200941,0.22431313,0.1874797,0.24930714,0.15944703
gland,P,word2vec_recipe_1_HOM,0.19830965,0.20059073,0.23360305,0.22919646,0.24837376,0.24289484
washer,P,word2vec_recipe_1_HOM,0.22807994,0.28092602,0.27669188,0.296806,0.29604575,0.3073364
summary,P,word2vec_recipe_1_HOM,0.18706761,0.15265246,0.2153792,0.16913894,0.227176,0.1793445
expiration,P,word2vec_recipe_1_HOM,0.23593931,0.21097031,0.28085262,0.2142627,0.29617098,0.22106528
governor,P,word2vec_recipe_1_HOM,0.0985787,0.1272525,0.11873135,0.15048902,0.12751679,0.1637735
glorious,P,word2vec_recipe_1_HOM,0.3037822,0.29516122,0.35283688,0.32799435,0.37210113,0.3360015
cubicle,M,word2vec_recipe_1_HOM,0.12170233,0.12697808,0.14178775,0.15205482,0.15081964,0.1611267
precaution,P,word2vec_recipe_1_HOM,0.22347054,0.22054331,0.25919187,0.24277812,0.27311778,0.24345198
approve,P,word2vec_recipe_1_HOM,0.075845614,0.08913467,0.09339708,0.11999109,0.10305639,0.13310394
weekly,P,word2vec_recipe_1_HOM,0.23131976,0.1811869,0.26705799,0.21755698,0.2816492,0.22192696
blizzard,P,word2vec_recipe_1_HOM,0.22657278,0.23841025,0.2704242,0.27689347,0.2863079,0.28348
border,P,word2vec_recipe_1_HOM,0.32811794,0.34408274,0.42267203,0.3680986,0.44983223,0.3650604
nighttime,M,word2vec_recipe_1_HOM,0.15629451,0.17833793,0.1833796,0.20408471,0.19520937,0.22270976
dandy,P,word2vec_recipe_1_HOM,0.32073146,0.29821733,0.35798204,0.29543403,0.37222028,0.29884985
suspicion,P,word2vec_recipe_1_HOM,0.09504325,0.098083906,0.111463144,0.12172349,0.12000582,0.13431862
science,P,word2vec_recipe_1_HOM,0.24332586,0.19626309,0.27384818,0.20437048,0.2862234,0.21262942
universe,P,word2vec_recipe_1_HOM,0.16194104,0.13647081,0.18701753,0.17076696,0.19802886,0.175778
papaya,M,word2vec_recipe_1_HOM,0.24504094,0.33326697,0.33440268,0.37730685,0.36402404,0.38919815
superb,P,word2vec_recipe_1_HOM,0.21937227,0.25506133,0.278139,0.32826135,0.29854295,0.3400498
spite,P,word2vec_recipe_1_HOM,0.13178551,0.12606299,0.15242687,0.1361822,0.16181265,0.14689314
finder,P,word2vec_recipe_1_HOM,0.1855245,0.17141885,0.21446297,0.1880443,0.22736992,0.20441973
affection,P,word2vec_recipe_1_HOM,0.1552028,0.14195253,0.17682518,0.14955851,0.18741108,0.16099553
liver,H,word2vec_recipe_1_HOM,0.29478803,0.38119838,0.3992363,0.45867008,0.43071,0.45258257
discreet,P,word2vec_recipe_1_HOM,0.15625533,0.13034907,0.17636573,0.15943925,0.18495429,0.17045031
elect,P,word2vec_recipe_1_HOM,0.23971763,0.17832111,0.26752353,0.19181593,0.27907598,0.19650826
offshore,P,word2vec_recipe_1_HOM,0.10477501,0.126852,0.12303721,0.15543668,0.13203251,0.17022341
creation,P,word2vec_recipe_1_HOM,0.23542611,0.17547566,0.27012816,0.21525179,0.28383577,0.22056206
ounce,H,word2vec_recipe_1_HOM,0.23938647,0.32371715,0.35829273,0.42915517,0.40853408,0.4592854
nonstop,M,word2vec_recipe_1_HOM,0.30400854,0.2934707,0.37719622,0.3677747,0.40749732,0.40453595
leaf,P,word2vec_recipe_1_HOM,0.31226715,0.33748454,0.3960524,0.3558854,0.43059775,0.3774612
despite,P,word2vec_recipe_1_HOM,0.16583967,0.15428048,0.19159414,0.17138627,0.20196863,0.18228684
reputation,P,word2vec_recipe_1_HOM,0.11714693,0.12567636,0.13698307,0.1406043,0.14790034,0.15382713
portrait,P,word2vec_recipe_1_HOM,0.16288027,0.18445615,0.1879697,0.2017894,0.19895478,0.21338211
tame,P,word2vec_recipe_1_HOM,0.2377949,0.2174348,0.28058693,0.2555909,0.2986825,0.27234012
batter,H,word2vec_recipe_1_HOM,0.35166812,0.3562023,0.41516417,0.3605754,0.43810058,0.37964976
mop,P,word2vec_recipe_1_HOM,0.3700699,0.42222497,0.46227467,0.43051347,0.48874223,0.43181273
warmquake,HOM*,word2vec_recipe_1_HOM,0.40789023,0.40506592,0.4682497,0.39524117,0.48867685,0.3878354
