word,ambiguity_type,model,nbhd_dist_20,nbhd_pairdist_20,nbhd_dist_100,nbhd_pairdist_100,nbhd_dist_200,nbhd_pairdist_200
lifelong,M,word2vec_tiny_1_HOM_HALF,0.32898465,0.34063095,0.3791699,0.38267612,0.39855674,0.39892334
pirate,P,word2vec_tiny_1_HOM_HALF,0.31661576,0.43020982,0.43535,0.58553964,0.48831135,0.6406778
gasoline,M,word2vec_tiny_1_HOM_HALF,0.29874796,0.3890686,0.35686532,0.45413852,0.38776007,0.48546368
gopher,P,word2vec_tiny_1_HOM_HALF,0.2779333,0.34000632,0.32439393,0.38597885,0.34363416,0.40991554
substance,P,word2vec_tiny_1_HOM_HALF,0.26545617,0.33457237,0.33107468,0.43856168,0.36078578,0.47593442
strap,P,word2vec_tiny_1_HOM_HALF,0.34745008,0.42456123,0.44229758,0.5569826,0.4830412,0.6039891
pitch,H,word2vec_tiny_1_HOM_HALF,0.34928542,0.4571634,0.46405697,0.6358572,0.5090324,0.67404735
countdown,P,word2vec_tiny_1_HOM_HALF,0.23417321,0.2742599,0.30718246,0.29569417,0.34199494,0.37254572
pink,H,word2vec_tiny_1_HOM_HALF,0.30500585,0.4156242,0.44769746,0.58600354,0.5013717,0.6308928
perky,M,word2vec_tiny_1_HOM_HALF,0.32479143,0.3757061,0.37531772,0.4306552,0.39534056,0.44129086
fearless,M,word2vec_tiny_1_HOM_HALF,0.28704566,0.38001466,0.35360986,0.44873673,0.38279667,0.47047022
lotion,P,word2vec_tiny_1_HOM_HALF,0.3413896,0.43827066,0.45211747,0.60355157,0.49454948,0.64502287
annoy,P,word2vec_tiny_1_HOM_HALF,0.3131967,0.37215695,0.3741568,0.4284121,0.40250427,0.4449986
hoop,P,word2vec_tiny_1_HOM_HALF,0.31233826,0.43283227,0.43716812,0.5883628,0.4842325,0.6404885
doorman,M,word2vec_tiny_1_HOM_HALF,0.23479824,0.23493236,0.26852977,0.26108032,0.28355864,0.2713945
cookie,P,word2vec_tiny_1_HOM_HALF,0.2671159,0.32445186,0.3749147,0.47588292,0.42510977,0.50959504
romantic,P,word2vec_tiny_1_HOM_HALF,0.2110978,0.21217358,0.24303538,0.22906452,0.2574728,0.23774238
square,P,word2vec_tiny_1_HOM_HALF,0.3341846,0.46777993,0.46876973,0.6289561,0.5127794,0.6664643
vibration,P,word2vec_tiny_1_HOM_HALF,0.24275425,0.29623806,0.31313285,0.39162642,0.3455553,0.44163164
spacious,P,word2vec_tiny_1_HOM_HALF,0.31884047,0.3968457,0.3664712,0.43621552,0.38837042,0.45603022
toilet,P,word2vec_tiny_1_HOM_HALF,0.34306434,0.4766884,0.46368256,0.60562825,0.5086654,0.65829587
accompany,P,word2vec_tiny_1_HOM_HALF,0.24784127,0.27834034,0.29190555,0.3372043,0.30916497,0.35788044
wildlife,M,word2vec_tiny_1_HOM_HALF,0.29239532,0.38460335,0.35321343,0.4480667,0.38293064,0.49160445
speech,P,word2vec_tiny_1_HOM_HALF,0.32205755,0.34389877,0.37695977,0.4202035,0.4025004,0.444302
household,P,word2vec_tiny_1_HOM_HALF,0.24452409,0.21284664,0.2890721,0.27228466,0.30654562,0.2820152
lend,P,word2vec_tiny_1_HOM_HALF,0.3821855,0.5059594,0.5198905,0.65903157,0.5734083,0.68869597
attack,P,word2vec_tiny_1_HOM_HALF,0.34617686,0.39313522,0.43637577,0.46419796,0.4711364,0.5050133
cone,P,word2vec_tiny_1_HOM_HALF,0.29462233,0.37556863,0.44378203,0.5506704,0.49562806,0.6105052
rope,P,word2vec_tiny_1_HOM_HALF,0.28848228,0.4238369,0.4241273,0.5887212,0.47631568,0.6353591
agreement,P,word2vec_tiny_1_HOM_HALF,0.3806253,0.42377266,0.4517413,0.4612384,0.47568733,0.466702
unable,M,word2vec_tiny_1_HOM_HALF,0.3334832,0.39760238,0.4178439,0.46899033,0.45349813,0.49012676
rainy,M,word2vec_tiny_1_HOM_HALF,0.34143394,0.4607801,0.5054445,0.6427493,0.56213254,0.69137615
gracious,P,word2vec_tiny_1_HOM_HALF,0.20837279,0.2393591,0.25683835,0.30017352,0.27788544,0.3266583
hind,H,word2vec_tiny_1_HOM_HALF,0.37548333,0.47421303,0.45596206,0.5538157,0.4873755,0.5708282
park,P,word2vec_tiny_1_HOM_HALF,0.39018074,0.5301505,0.5179977,0.65227413,0.5680217,0.6987955
detector,P,word2vec_tiny_1_HOM_HALF,0.29238918,0.35227463,0.35619694,0.43719453,0.38637185,0.47049478
distance,P,word2vec_tiny_1_HOM_HALF,0.37827307,0.46572745,0.43978527,0.4779583,0.46562064,0.50098073
eager,M,word2vec_tiny_1_HOM_HALF,0.39371234,0.52362734,0.53899854,0.6567641,0.5846172,0.6675902
drum,P,word2vec_tiny_1_HOM_HALF,0.23916471,0.3227566,0.39233714,0.5311419,0.45587543,0.5877333
accident,P,word2vec_tiny_1_HOM_HALF,0.47117633,0.5661752,0.56169105,0.66069776,0.5938311,0.66287524
moon,P,word2vec_tiny_1_HOM_HALF,0.29617047,0.4068887,0.4314544,0.5720874,0.4863362,0.61832386
restless,P,word2vec_tiny_1_HOM_HALF,0.3067528,0.40606812,0.4555332,0.57054543,0.5293361,0.6583751
reality,P,word2vec_tiny_1_HOM_HALF,0.29499435,0.33724794,0.36034167,0.38343024,0.38740182,0.41393775
equal,P,word2vec_tiny_1_HOM_HALF,0.34153667,0.43156654,0.42332757,0.49424097,0.4504922,0.51299053
buoy,P,word2vec_tiny_1_HOM_HALF,0.28595293,0.29334924,0.35184625,0.41449472,0.38152608,0.4582248
regain,P,word2vec_tiny_1_HOM_HALF,0.24534664,0.2636249,0.28733978,0.32622358,0.30644503,0.34056517
pudding,P,word2vec_tiny_1_HOM_HALF,0.21048138,0.2594475,0.2646121,0.32331178,0.29502758,0.3640855
wing,P,word2vec_tiny_1_HOM_HALF,0.3908722,0.5212032,0.4945465,0.62005764,0.5383067,0.65040994
greedy,P,word2vec_tiny_1_HOM_HALF,0.33773214,0.41202843,0.4791023,0.56735975,0.52139616,0.58809465
hoof,P,word2vec_tiny_1_HOM_HALF,0.38200754,0.45216423,0.46109378,0.5359328,0.49055022,0.5641055
poorly,P,word2vec_tiny_1_HOM_HALF,0.32272607,0.35696796,0.38370898,0.42683944,0.40935153,0.44370523
mink,P,word2vec_tiny_1_HOM_HALF,0.29795027,0.34902573,0.3369305,0.39304766,0.3554712,0.40898302
plumber,P,word2vec_tiny_1_HOM_HALF,0.3602174,0.3978079,0.46033436,0.51948303,0.49011552,0.55060244
toaster,H,word2vec_tiny_1_HOM_HALF,0.34444183,0.419114,0.44665745,0.5252814,0.4839057,0.57479143
disposal,P,word2vec_tiny_1_HOM_HALF,0.19672962,0.2179578,0.22433168,0.23773852,0.23695797,0.24383587
pounce,P,word2vec_tiny_1_HOM_HALF,0.4335959,0.46855286,0.50831556,0.5380037,0.5364448,0.5501059
pleasant,P,word2vec_tiny_1_HOM_HALF,0.34543255,0.35687056,0.41401374,0.46160814,0.43779975,0.479286
janitor,M,word2vec_tiny_1_HOM_HALF,0.31904396,0.36446637,0.37753096,0.43802926,0.40164796,0.452037
selfish,P,word2vec_tiny_1_HOM_HALF,0.32115346,0.44047883,0.46160156,0.62608415,0.51735955,0.6545869
cloak,P,word2vec_tiny_1_HOM_HALF,0.33710355,0.45470157,0.4293173,0.546121,0.4677452,0.58767027
honor,P,word2vec_tiny_1_HOM_HALF,0.27228028,0.31940898,0.33311898,0.39927852,0.36041495,0.43113148
continue,P,word2vec_tiny_1_HOM_HALF,0.43977594,0.48524392,0.4941662,0.48995614,0.5121958,0.4793945
fright,P,word2vec_tiny_1_HOM_HALF,0.24733266,0.27388543,0.31646526,0.37569204,0.34575024,0.40873104
panic,P,word2vec_tiny_1_HOM_HALF,0.3806111,0.4837799,0.51922673,0.6551899,0.5659416,0.6799446
joker,P,word2vec_tiny_1_HOM_HALF,0.31939533,0.41681123,0.3862355,0.50675285,0.41445056,0.52249104
bug,P,word2vec_tiny_1_HOM_HALF,0.27799088,0.34248948,0.41529667,0.55410564,0.47474626,0.6107363
plaster,P,word2vec_tiny_1_HOM_HALF,0.26082057,0.34760505,0.35064033,0.44336563,0.39031038,0.49108487
poise,P,word2vec_tiny_1_HOM_HALF,0.2047948,0.23805998,0.23316757,0.26852575,0.24729252,0.28047046
territory,P,word2vec_tiny_1_HOM_HALF,0.30313954,0.3353334,0.36070356,0.4129341,0.3858181,0.43744224
infection,P,word2vec_tiny_1_HOM_HALF,0.27553448,0.33333614,0.38757774,0.4675673,0.43284637,0.50668126
selective,P,word2vec_tiny_1_HOM_HALF,0.12626745,0.14254715,0.1583841,0.18746482,0.17373352,0.2050302
heater,P,word2vec_tiny_1_HOM_HALF,0.39719924,0.4710768,0.48032665,0.5760977,0.5162173,0.6131268
tailor,P,word2vec_tiny_1_HOM_HALF,0.3204859,0.40854362,0.38504726,0.4589788,0.4103355,0.47419086
confront,P,word2vec_tiny_1_HOM_HALF,0.26602423,0.32937893,0.33116895,0.3994189,0.36090133,0.4223404
folder,P,word2vec_tiny_1_HOM_HALF,0.2431236,0.32228234,0.38276213,0.5275973,0.45218742,0.6095573
various,P,word2vec_tiny_1_HOM_HALF,0.2952084,0.40775716,0.3701157,0.5036769,0.40254852,0.53827286
green,P,word2vec_tiny_1_HOM_HALF,0.36198217,0.4323266,0.48480785,0.64276105,0.53271365,0.6898121
sweaty,P,word2vec_tiny_1_HOM_HALF,0.41467565,0.5140019,0.5233191,0.62011355,0.5599888,0.64606583
drip,P,word2vec_tiny_1_HOM_HALF,0.35128155,0.38784462,0.4396552,0.51901025,0.47240975,0.5430993
horseback,P,word2vec_tiny_1_HOM_HALF,0.2813509,0.35416165,0.33108294,0.40205765,0.35140786,0.4219817
angle,H,word2vec_tiny_1_HOM_HALF,0.34714332,0.41091323,0.41280743,0.47973326,0.4371001,0.5068755
burp,P,word2vec_tiny_1_HOM_HALF,0.3174718,0.36387298,0.3831994,0.4493372,0.41623962,0.47641915
crook,P,word2vec_tiny_1_HOM_HALF,0.26197174,0.32816234,0.30197006,0.3648421,0.32090282,0.38200063
rosary,P,word2vec_tiny_1_HOM_HALF,0.18238164,0.18050021,0.21832412,0.21624327,0.23355176,0.2327497
newborn,P,word2vec_tiny_1_HOM_HALF,0.22363055,0.25843754,0.25849253,0.27527466,0.27295327,0.28672537
grenade,P,word2vec_tiny_1_HOM_HALF,0.33207592,0.38999936,0.37395164,0.41945928,0.38933197,0.43950546
frisky,M,word2vec_tiny_1_HOM_HALF,0.2550347,0.3154746,0.32455844,0.395287,0.3539722,0.41323012
goose,P,word2vec_tiny_1_HOM_HALF,0.2426759,0.33580458,0.3871254,0.5252493,0.4568281,0.604132
lag,P,word2vec_tiny_1_HOM_HALF,0.1980433,0.19518284,0.22793587,0.22388555,0.23973233,0.234348
anger,P,word2vec_tiny_1_HOM_HALF,0.28681833,0.3313288,0.36636323,0.41574985,0.39886582,0.4360268
burner,P,word2vec_tiny_1_HOM_HALF,0.26123083,0.30885524,0.3355109,0.4377658,0.3745935,0.47531846
terrain,M,word2vec_tiny_1_HOM_HALF,0.27473047,0.35241127,0.34680966,0.42864618,0.37866965,0.46131203
mercy,P,word2vec_tiny_1_HOM_HALF,0.33613867,0.3848205,0.39850062,0.43049634,0.42434213,0.45315522
shrimp,P,word2vec_tiny_1_HOM_HALF,0.19744489,0.26760423,0.33589524,0.44549385,0.4072298,0.54541725
ski,P,word2vec_tiny_1_HOM_HALF,0.33173501,0.44462812,0.3937276,0.4979377,0.42116737,0.50519335
stack,P,word2vec_tiny_1_HOM_HALF,0.32622233,0.4332361,0.46900368,0.61717176,0.5190778,0.6585322
definition,P,word2vec_tiny_1_HOM_HALF,0.2541395,0.30807275,0.33229172,0.40695685,0.36074698,0.4354898
elephant,M,word2vec_tiny_1_HOM_HALF,0.23746903,0.3201829,0.36282337,0.4748564,0.42733863,0.5578493
injury,P,word2vec_tiny_1_HOM_HALF,0.20698659,0.2933044,0.293753,0.3867587,0.33003116,0.41792148
computer,P,word2vec_tiny_1_HOM_HALF,0.2946273,0.4292468,0.40844396,0.5703937,0.46404916,0.6354777
misty,P,word2vec_tiny_1_HOM_HALF,0.36608082,0.46391743,0.4277409,0.4487181,0.44952103,0.4560002
electrical,M,word2vec_tiny_1_HOM_HALF,0.24561453,0.3003125,0.28625458,0.3506075,0.30236134,0.37006104
birthday,M,word2vec_tiny_1_HOM_HALF,0.36059427,0.4804268,0.4905686,0.6197009,0.53783727,0.64353436
haunt,P,word2vec_tiny_1_HOM_HALF,0.26351526,0.23055334,0.30184487,0.2732993,0.31833115,0.27907938
pavement,P,word2vec_tiny_1_HOM_HALF,0.3875316,0.4844133,0.46670923,0.557897,0.49609292,0.5954353
airfield,M,word2vec_tiny_1_HOM_HALF,0.27380186,0.3431379,0.33652118,0.36450443,0.35755318,0.37070107
unsure,P,word2vec_tiny_1_HOM_HALF,0.3527224,0.4123056,0.44912624,0.48952538,0.47905582,0.5001198
monkey,P,word2vec_tiny_1_HOM_HALF,0.24579604,0.32437393,0.38934845,0.50125366,0.45529804,0.586338
brisk,P,word2vec_tiny_1_HOM_HALF,0.20194459,0.22206299,0.23687948,0.25351995,0.24948677,0.2694128
clumsy,P,word2vec_tiny_1_HOM_HALF,0.35912752,0.39883208,0.4852971,0.5854885,0.5475619,0.65131617
beard,P,word2vec_tiny_1_HOM_HALF,0.39156556,0.51307666,0.5216972,0.6529155,0.56470823,0.68655086
hateful,P,word2vec_tiny_1_HOM_HALF,0.15507141,0.16389228,0.19598176,0.21314138,0.21318802,0.22676373
profound,P,word2vec_tiny_1_HOM_HALF,0.16106099,0.18757732,0.19390722,0.22150728,0.20898464,0.24372002
frightful,P,word2vec_tiny_1_HOM_HALF,0.19116244,0.2778043,0.2402157,0.33972183,0.26065862,0.35952723
outsider,P,word2vec_tiny_1_HOM_HALF,0.18149969,0.19415817,0.20998439,0.21105036,0.22196029,0.22387733
sweat,P,word2vec_tiny_1_HOM_HALF,0.36045387,0.44892287,0.43633202,0.5027879,0.4652333,0.52114844
stability,M,word2vec_tiny_1_HOM_HALF,0.22621377,0.27837697,0.2687482,0.30287382,0.28566298,0.31280488
strong,P,word2vec_tiny_1_HOM_HALF,0.3900497,0.5379092,0.51722723,0.6479913,0.5580724,0.65964365
singer,P,word2vec_tiny_1_HOM_HALF,0.31427708,0.42931014,0.42298687,0.5372484,0.46918437,0.5674011
platter,P,word2vec_tiny_1_HOM_HALF,0.24814062,0.25794044,0.3087662,0.3333467,0.3385508,0.38141358
horn,P,word2vec_tiny_1_HOM_HALF,0.35496062,0.48008782,0.45190677,0.5704038,0.4948027,0.6117251
sting,P,word2vec_tiny_1_HOM_HALF,0.33202377,0.40483344,0.43409625,0.5245104,0.47588077,0.55538666
health,P,word2vec_tiny_1_HOM_HALF,0.34378105,0.3934385,0.39696708,0.44039297,0.42088622,0.44777247
dazzle,P,word2vec_tiny_1_HOM_HALF,0.30314428,0.36518386,0.35245088,0.43531504,0.37040007,0.44283384
headache,P,word2vec_tiny_1_HOM_HALF,0.34200037,0.38117072,0.45532972,0.51824075,0.499338,0.56400526
infant,P,word2vec_tiny_1_HOM_HALF,0.40457234,0.5353579,0.51626027,0.63651884,0.5510943,0.6414383
kitchen,M,word2vec_tiny_1_HOM_HALF,0.35535416,0.46237582,0.4630342,0.5853299,0.51267684,0.6069778
maker,P,word2vec_tiny_1_HOM_HALF,0.410201,0.48877916,0.48960263,0.5062441,0.5187121,0.5285763
limit,P,word2vec_tiny_1_HOM_HALF,0.36185622,0.4084034,0.41523242,0.46063104,0.4351012,0.47837076
yard,H,word2vec_tiny_1_HOM_HALF,0.40137258,0.54504174,0.5286393,0.67193985,0.57429314,0.7061468
expense,P,word2vec_tiny_1_HOM_HALF,0.20582977,0.18988697,0.25269797,0.2303141,0.27711785,0.260058
snug,P,word2vec_tiny_1_HOM_HALF,0.3235672,0.44965255,0.43300807,0.50660163,0.46680507,0.5135046
branch,P,word2vec_tiny_1_HOM_HALF,0.34340808,0.46283746,0.4596445,0.6208175,0.50871253,0.6726492
button,P,word2vec_tiny_1_HOM_HALF,0.3308472,0.4512571,0.45525065,0.5861368,0.5026157,0.6311002
hesitate,P,word2vec_tiny_1_HOM_HALF,0.3365715,0.3702286,0.38215342,0.41402248,0.4017878,0.4217676
jackpot,P,word2vec_tiny_1_HOM_HALF,0.20591894,0.20337658,0.23190169,0.21934512,0.24231409,0.2312848
reach,P,word2vec_tiny_1_HOM_HALF,0.42404562,0.56160945,0.53850776,0.6817958,0.5862104,0.71757424
virus,P,word2vec_tiny_1_HOM_HALF,0.31155002,0.34577066,0.38371772,0.44071504,0.4146538,0.47870284
workers,P,word2vec_tiny_1_HOM_HALF,0.3581066,0.5005027,0.44559884,0.58190614,0.48609704,0.61624783
block,P,word2vec_tiny_1_HOM_HALF,0.38709253,0.48985738,0.49062812,0.61203283,0.52539533,0.63225925
cradle,P,word2vec_tiny_1_HOM_HALF,0.3155584,0.31179667,0.3667524,0.37238628,0.38581285,0.3679934
peppermint,P,word2vec_tiny_1_HOM_HALF,0.24885197,0.2809936,0.28823826,0.34711567,0.30625412,0.37244052
punk,P,word2vec_tiny_1_HOM_HALF,0.20354557,0.1976425,0.23049264,0.22550991,0.24128272,0.2330188
solid,P,word2vec_tiny_1_HOM_HALF,0.3442679,0.4276539,0.4127207,0.50294006,0.44129485,0.5129096
morality,P,word2vec_tiny_1_HOM_HALF,0.14972237,0.16256112,0.17919989,0.19628893,0.19417448,0.21538492
tackle,P,word2vec_tiny_1_HOM_HALF,0.32348084,0.32858005,0.38764244,0.39414278,0.4139892,0.43066332
mural,P,word2vec_tiny_1_HOM_HALF,0.27906904,0.37047797,0.36712417,0.45778832,0.40812093,0.50181717
bakery,M,word2vec_tiny_1_HOM_HALF,0.3175673,0.44246247,0.44168824,0.5816073,0.48172662,0.5992822
dramatic,P,word2vec_tiny_1_HOM_HALF,0.2775516,0.28942752,0.32365462,0.34991947,0.34089226,0.36703557
grasp,P,word2vec_tiny_1_HOM_HALF,0.26375127,0.33725107,0.3118162,0.39611095,0.33566445,0.41645294
frog,H,word2vec_tiny_1_HOM_HALF,0.30911735,0.40388694,0.43284208,0.5558648,0.48490018,0.6164852
dig,P,word2vec_tiny_1_HOM_HALF,0.34901288,0.4764937,0.49441338,0.63432646,0.5447309,0.6660433
continent,P,word2vec_tiny_1_HOM_HALF,0.24747975,0.3040995,0.32626653,0.42016757,0.35636872,0.44750732
destiny,P,word2vec_tiny_1_HOM_HALF,0.24890952,0.3083654,0.3027981,0.36146998,0.32768416,0.39094082
tune,P,word2vec_tiny_1_HOM_HALF,0.29876006,0.387301,0.42615643,0.48958135,0.48008576,0.53602135
vision,P,word2vec_tiny_1_HOM_HALF,0.2868052,0.3382684,0.337389,0.4064672,0.357139,0.42444435
shave,P,word2vec_tiny_1_HOM_HALF,0.4219412,0.4621699,0.5118188,0.5887279,0.54293215,0.598941
scan,P,word2vec_tiny_1_HOM_HALF,0.26733923,0.3262965,0.33932817,0.42844126,0.3708971,0.4736211
sitter,P,word2vec_tiny_1_HOM_HALF,0.29303116,0.32381266,0.3366736,0.35294896,0.35280663,0.3638525
steam,P,word2vec_tiny_1_HOM_HALF,0.3730196,0.49280778,0.46022338,0.5707379,0.49897328,0.60045135
keen,H,word2vec_tiny_1_HOM_HALF,0.35205227,0.4267055,0.40509322,0.4319566,0.42331514,0.4220624
rejoin,H,word2vec_tiny_1_HOM_HALF,0.1865605,0.20301838,0.215744,0.22686821,0.22613718,0.23513909
autograph,P,word2vec_tiny_1_HOM_HALF,0.27994058,0.3639754,0.33617184,0.42921674,0.3612352,0.44814888
steward,P,word2vec_tiny_1_HOM_HALF,0.21178503,0.22519141,0.2518257,0.25613478,0.26756936,0.26554245
partner,P,word2vec_tiny_1_HOM_HALF,0.3451241,0.41262686,0.40538952,0.47602475,0.433779,0.49951026
cast,P,word2vec_tiny_1_HOM_HALF,0.4072879,0.48251992,0.4891611,0.57284385,0.5180506,0.6068935
vengeful,M,word2vec_tiny_1_HOM_HALF,0.17535022,0.20713753,0.20451108,0.23647632,0.21808247,0.24711694
brilliance,P,word2vec_tiny_1_HOM_HALF,0.2424582,0.31275207,0.2985377,0.40274715,0.3266321,0.43088803
cockroach,M,word2vec_tiny_1_HOM_HALF,0.2899362,0.35603997,0.3364634,0.3598079,0.35610917,0.3775581
similar,M,word2vec_tiny_1_HOM_HALF,0.35350603,0.45619226,0.4151516,0.47850382,0.43927735,0.5044621
countless,M,word2vec_tiny_1_HOM_HALF,0.31665865,0.4013477,0.38522166,0.46667665,0.40871897,0.4850628
scramble,P,word2vec_tiny_1_HOM_HALF,0.25765434,0.304321,0.3056023,0.38554052,0.32465687,0.4062857
antique,P,word2vec_tiny_1_HOM_HALF,0.26551998,0.2972009,0.31034276,0.3155257,0.3276626,0.3382261
skip,P,word2vec_tiny_1_HOM_HALF,0.38560036,0.52973175,0.51429796,0.6636452,0.5504982,0.66998124
generation,P,word2vec_tiny_1_HOM_HALF,0.35854137,0.3894712,0.40589237,0.4215059,0.42580578,0.43651244
treat,P,word2vec_tiny_1_HOM_HALF,0.3100533,0.3908912,0.42063576,0.49500376,0.46096408,0.5095998
gobble,H,word2vec_tiny_1_HOM_HALF,0.3141709,0.35159633,0.40324003,0.43172032,0.4415941,0.47718334
athlete,P,word2vec_tiny_1_HOM_HALF,0.26805425,0.3517821,0.31795958,0.39540982,0.3461437,0.42750752
rug,P,word2vec_tiny_1_HOM_HALF,0.2675838,0.38628826,0.41602653,0.5790226,0.47549492,0.6376299
paint,P,word2vec_tiny_1_HOM_HALF,0.28400847,0.3937926,0.4134844,0.5272599,0.47338718,0.5859713
passionate,P,word2vec_tiny_1_HOM_HALF,0.28798312,0.35912788,0.35262027,0.39791948,0.3788729,0.4289098
push,P,word2vec_tiny_1_HOM_HALF,0.3552435,0.5080442,0.4842608,0.66028,0.5345157,0.68373483
liar,M,word2vec_tiny_1_HOM_HALF,0.2837822,0.35081956,0.39709842,0.50205785,0.4398249,0.5108381
password,M,word2vec_tiny_1_HOM_HALF,0.32583207,0.40655854,0.39576295,0.44205692,0.42632294,0.47537783
buzzard,P,word2vec_tiny_1_HOM_HALF,0.32153007,0.34007317,0.36669758,0.35816422,0.38303626,0.3881336
deadly,P,word2vec_tiny_1_HOM_HALF,0.28547353,0.35444683,0.33776397,0.4039295,0.36290222,0.4331987
thorough,P,word2vec_tiny_1_HOM_HALF,0.26228374,0.31799182,0.32357216,0.36146793,0.34701318,0.38144583
level,P,word2vec_tiny_1_HOM_HALF,0.39651045,0.43652007,0.44927382,0.51564544,0.47285607,0.52590823
offer,P,word2vec_tiny_1_HOM_HALF,0.39157277,0.4756819,0.45516717,0.47437948,0.47748306,0.47929677
jerk,H,word2vec_tiny_1_HOM_HALF,0.27976233,0.31273574,0.32478896,0.35494724,0.3427553,0.3711473
accurate,P,word2vec_tiny_1_HOM_HALF,0.25201344,0.30302358,0.31105182,0.36352035,0.33926696,0.3878529
train,P,word2vec_tiny_1_HOM_HALF,0.2690633,0.37735558,0.40064195,0.54434204,0.45495242,0.5877674
dart,P,word2vec_tiny_1_HOM_HALF,0.328649,0.4069567,0.4086302,0.48273998,0.43902588,0.5204196
insecure,P,word2vec_tiny_1_HOM_HALF,0.13703315,0.14440516,0.16376664,0.18312643,0.17767258,0.20063117
nibble,P,word2vec_tiny_1_HOM_HALF,0.35033858,0.45003292,0.44811702,0.50732267,0.4778453,0.5386791
bacon,M,word2vec_tiny_1_HOM_HALF,0.24611017,0.23895352,0.30945182,0.3422249,0.34392592,0.38245562
cope,H,word2vec_tiny_1_HOM_HALF,0.23345304,0.25893372,0.28280744,0.30702543,0.30494747,0.34253132
ballet,P,word2vec_tiny_1_HOM_HALF,0.34181798,0.4387663,0.432301,0.52601767,0.4655324,0.56501347
soak,P,word2vec_tiny_1_HOM_HALF,0.35429364,0.45540252,0.47398925,0.5834991,0.51794994,0.61385167
steady,P,word2vec_tiny_1_HOM_HALF,0.42309117,0.52421284,0.5229199,0.60297394,0.5575046,0.6151381
perfume,P,word2vec_tiny_1_HOM_HALF,0.33863553,0.4694632,0.46096012,0.6084274,0.50621027,0.65135455
patient,P,word2vec_tiny_1_HOM_HALF,0.3873347,0.44948396,0.4967134,0.5651172,0.534271,0.53328574
barefoot,M,word2vec_tiny_1_HOM_HALF,0.30236822,0.35992345,0.35340443,0.42646572,0.3743907,0.4406628
stale,P,word2vec_tiny_1_HOM_HALF,0.22670028,0.24945287,0.27521515,0.32072702,0.30251274,0.36366948
invade,P,word2vec_tiny_1_HOM_HALF,0.12880996,0.13522513,0.15758263,0.18104558,0.17052984,0.19870265
fry,H,word2vec_tiny_1_HOM_HALF,0.19723935,0.24119212,0.2651713,0.32189727,0.30639255,0.3670214
fetch,P,word2vec_tiny_1_HOM_HALF,0.40579528,0.50950515,0.50592005,0.6435525,0.55058193,0.66973025
stressful,M,word2vec_tiny_1_HOM_HALF,0.17491452,0.16528888,0.20688958,0.1963088,0.22044174,0.21684456
fabulous,P,word2vec_tiny_1_HOM_HALF,0.2780577,0.35457096,0.3597953,0.43951017,0.38569754,0.4606815
cabin,P,word2vec_tiny_1_HOM_HALF,0.3130427,0.43586892,0.46562907,0.6247214,0.5207135,0.6666532
lonesome,P,word2vec_tiny_1_HOM_HALF,0.23937254,0.2664855,0.27878058,0.30473265,0.2951918,0.32575014
jester,P,word2vec_tiny_1_HOM_HALF,0.37251863,0.43306634,0.43181607,0.49676087,0.45654517,0.51255924
morale,M,word2vec_tiny_1_HOM_HALF,0.14426854,0.15781234,0.17680377,0.1978573,0.1930173,0.218818
assistant,P,word2vec_tiny_1_HOM_HALF,0.29943532,0.3547291,0.35386655,0.41612315,0.37960544,0.44752422
fat,P,word2vec_tiny_1_HOM_HALF,0.31477767,0.41016632,0.46622553,0.5912595,0.5303035,0.6647749
contribute,P,word2vec_tiny_1_HOM_HALF,0.2159814,0.21950702,0.26700935,0.2834374,0.2909049,0.30983388
trend,P,word2vec_tiny_1_HOM_HALF,0.27353233,0.332084,0.31426084,0.3883577,0.33082488,0.40245146
exhaust,P,word2vec_tiny_1_HOM_HALF,0.24324474,0.3083551,0.29270557,0.36218688,0.31215537,0.3739353
jealous,P,word2vec_tiny_1_HOM_HALF,0.41317806,0.44646287,0.54256856,0.66292405,0.58558387,0.65723497
blouse,P,word2vec_tiny_1_HOM_HALF,0.24571332,0.34948716,0.38152888,0.51601833,0.44334117,0.58609474
squid,M,word2vec_tiny_1_HOM_HALF,0.31551546,0.35960686,0.38235703,0.4641103,0.41557485,0.50443244
fragile,P,word2vec_tiny_1_HOM_HALF,0.40230504,0.5305537,0.53324103,0.65370446,0.57787395,0.6788446
worthless,P,word2vec_tiny_1_HOM_HALF,0.35113242,0.47319663,0.4107674,0.49172413,0.43216884,0.4682042
clinic,P,word2vec_tiny_1_HOM_HALF,0.32342306,0.377211,0.45092994,0.5419868,0.4981187,0.58541703
hefty,P,word2vec_tiny_1_HOM_HALF,0.21217749,0.21190768,0.2433978,0.24849707,0.25481465,0.2539418
humor,P,word2vec_tiny_1_HOM_HALF,0.27468684,0.27797613,0.32088414,0.32000238,0.34380195,0.34880874
ultimate,P,word2vec_tiny_1_HOM_HALF,0.266343,0.28416958,0.32550153,0.35941607,0.34633023,0.38085583
fruity,P,word2vec_tiny_1_HOM_HALF,0.26885432,0.2635619,0.34169796,0.36082387,0.37989753,0.39906052
rowdy,P,word2vec_tiny_1_HOM_HALF,0.276362,0.29168203,0.31661963,0.3589205,0.33180818,0.36513725
zone,P,word2vec_tiny_1_HOM_HALF,0.4199224,0.3834024,0.4784517,0.4310926,0.5040332,0.4460766
appreciate,P,word2vec_tiny_1_HOM_HALF,0.3585232,0.40559125,0.42020795,0.4242068,0.44297126,0.42385542
walrus,M,word2vec_tiny_1_HOM_HALF,0.32516012,0.37424472,0.37924013,0.42326587,0.40122306,0.44644496
instrument,P,word2vec_tiny_1_HOM_HALF,0.2945799,0.35372418,0.39929608,0.4884508,0.4477558,0.5380553
vial,M,word2vec_tiny_1_HOM_HALF,0.16341273,0.17890519,0.19384725,0.21535353,0.20733657,0.22833735
microwave,P,word2vec_tiny_1_HOM_HALF,0.3106635,0.40548933,0.4148073,0.52814806,0.45569205,0.56444806
mustard,P,word2vec_tiny_1_HOM_HALF,0.20770633,0.24230385,0.28788134,0.3384249,0.32624412,0.38839364
camper,P,word2vec_tiny_1_HOM_HALF,0.26871228,0.28185228,0.3011913,0.30332655,0.31537297,0.31449008
wealthy,M,word2vec_tiny_1_HOM_HALF,0.33107153,0.446873,0.4632131,0.5970598,0.5067431,0.6082052
robbery,M,word2vec_tiny_1_HOM_HALF,0.27413374,0.32467735,0.34389782,0.42793086,0.36927646,0.44549444
epic,P,word2vec_tiny_1_HOM_HALF,0.25045374,0.30848005,0.3033013,0.37892395,0.32691914,0.4026488
lighthouse,M,word2vec_tiny_1_HOM_HALF,0.33452794,0.3917807,0.4010399,0.4551627,0.4296711,0.48464063
agony,P,word2vec_tiny_1_HOM_HALF,0.2163138,0.31233537,0.26602966,0.38297725,0.29035324,0.40624532
bike,P,word2vec_tiny_1_HOM_HALF,0.23468217,0.3439695,0.39330608,0.54185325,0.45423743,0.5977075
thrust,P,word2vec_tiny_1_HOM_HALF,0.24526134,0.32024884,0.30813992,0.39123726,0.33065873,0.41964972
basket,P,word2vec_tiny_1_HOM_HALF,0.37621266,0.5194252,0.48626262,0.6019047,0.5243479,0.60357314
capable,P,word2vec_tiny_1_HOM_HALF,0.2642297,0.28564778,0.3234565,0.3663687,0.35292098,0.39003456
edible,P,word2vec_tiny_1_HOM_HALF,0.26616177,0.33009362,0.31997073,0.37086427,0.34246245,0.39254123
series,P,word2vec_tiny_1_HOM_HALF,0.285927,0.32909834,0.3502189,0.40391168,0.37529716,0.4328545
backpack,P,word2vec_tiny_1_HOM_HALF,0.39390826,0.5093256,0.49961644,0.6226727,0.5373186,0.651531
fear,P,word2vec_tiny_1_HOM_HALF,0.30168998,0.3826351,0.3718702,0.4195783,0.40166673,0.44205827
gift,P,word2vec_tiny_1_HOM_HALF,0.36916748,0.4832125,0.48181617,0.5724135,0.5205552,0.5873886
giant,P,word2vec_tiny_1_HOM_HALF,0.37161773,0.490046,0.46024978,0.5939591,0.49978387,0.61027414
timer,P,word2vec_tiny_1_HOM_HALF,0.3850889,0.5066034,0.4955564,0.60790545,0.5356545,0.6369984
hobby,H,word2vec_tiny_1_HOM_HALF,0.34204462,0.40243012,0.4059297,0.43957275,0.4302485,0.4489831
scrape,P,word2vec_tiny_1_HOM_HALF,0.27725285,0.35658967,0.36917302,0.47708046,0.41140375,0.521633
pussycat,M,word2vec_tiny_1_HOM_HALF,0.27080184,0.2966768,0.30537602,0.33379084,0.32107553,0.34800616
location,P,word2vec_tiny_1_HOM_HALF,0.33262092,0.4125881,0.38171828,0.46668163,0.40344322,0.4803999
wolf,P,word2vec_tiny_1_HOM_HALF,0.2951885,0.37938675,0.4119496,0.54650986,0.46237892,0.57973224
solar,P,word2vec_tiny_1_HOM_HALF,0.2928344,0.34873378,0.3804184,0.47129464,0.41677243,0.51013243
elevator,P,word2vec_tiny_1_HOM_HALF,0.3690068,0.44983453,0.4693564,0.5960384,0.51119906,0.64225775
evident,M,word2vec_tiny_1_HOM_HALF,0.13865241,0.16535543,0.16461176,0.20143023,0.17653541,0.22106235
flashlight,M,word2vec_tiny_1_HOM_HALF,0.35422137,0.4629455,0.47071278,0.62356883,0.51244444,0.65685344
exact,P,word2vec_tiny_1_HOM_HALF,0.3444339,0.43880135,0.41526848,0.49490225,0.4412977,0.51310706
debate,P,word2vec_tiny_1_HOM_HALF,0.22914878,0.27717483,0.28190908,0.28506938,0.29929918,0.292877
pump,H,word2vec_tiny_1_HOM_HALF,0.40000218,0.4858509,0.48589158,0.56927794,0.5192698,0.6025859
healthy,P,word2vec_tiny_1_HOM_HALF,0.44072813,0.5793039,0.5211765,0.6370793,0.5525139,0.6284788
therapy,P,word2vec_tiny_1_HOM_HALF,0.29325467,0.33385956,0.3529136,0.35309565,0.3766095,0.3742994
crafty,M,word2vec_tiny_1_HOM_HALF,0.2979875,0.3608183,0.34279865,0.40574,0.36119694,0.42554405
wandering,P,word2vec_tiny_1_HOM_HALF,0.32888398,0.44382706,0.4570479,0.565179,0.49980316,0.5809371
club,P,word2vec_tiny_1_HOM_HALF,0.36456805,0.47021577,0.46800968,0.6308519,0.5095051,0.67216134
racetrack,M,word2vec_tiny_1_HOM_HALF,0.23982915,0.25854042,0.27335712,0.29512462,0.28736007,0.3002096
orb,P,word2vec_tiny_1_HOM_HALF,0.30436063,0.33676553,0.3627277,0.4239973,0.3890531,0.45044073
girlfriend,P,word2vec_tiny_1_HOM_HALF,0.25963557,0.27845153,0.30278507,0.31348056,0.3189215,0.31956214
dispenser,M,word2vec_tiny_1_HOM_HALF,0.22133751,0.27070913,0.28342628,0.3424188,0.30564824,0.3580732
conscience,P,word2vec_tiny_1_HOM_HALF,0.20119505,0.22258247,0.25676194,0.2776534,0.28133464,0.29213688
connect,P,word2vec_tiny_1_HOM_HALF,0.3257821,0.43423057,0.42102703,0.5079609,0.45332363,0.54035085
truck,H,word2vec_tiny_1_HOM_HALF,0.29394293,0.35530722,0.41494903,0.5453503,0.4607533,0.5830817
banana,P,word2vec_tiny_1_HOM_HALF,0.2860095,0.33871925,0.4082425,0.4859645,0.4640665,0.5733488
weep,P,word2vec_tiny_1_HOM_HALF,0.35388765,0.47350112,0.5047062,0.6443955,0.55735,0.6802667
goal,P,word2vec_tiny_1_HOM_HALF,0.3453998,0.43852666,0.46678028,0.56780916,0.5089219,0.55027634
purpose,P,word2vec_tiny_1_HOM_HALF,0.4542294,0.4706323,0.5101105,0.50884444,0.5287776,0.51695657
nation,P,word2vec_tiny_1_HOM_HALF,0.32256657,0.44694224,0.46578225,0.61569774,0.5137115,0.6530019
slingshot,M,word2vec_tiny_1_HOM_HALF,0.3428129,0.3761094,0.42296427,0.5078112,0.45698938,0.5408655
proper,P,word2vec_tiny_1_HOM_HALF,0.38195223,0.41984856,0.43279365,0.46305558,0.45291495,0.47721127
noon,M,word2vec_tiny_1_HOM_HALF,0.41597646,0.53036463,0.52801424,0.6691922,0.56961656,0.7025419
calculate,P,word2vec_tiny_1_HOM_HALF,0.21126206,0.26579925,0.2524522,0.30447343,0.26770633,0.32262313
salmon,P,word2vec_tiny_1_HOM_HALF,0.30672106,0.4032279,0.3651415,0.4431846,0.38872364,0.4685211
overhead,P,word2vec_tiny_1_HOM_HALF,0.31569025,0.35850006,0.3909979,0.46718243,0.42530686,0.5006835
mighty,P,word2vec_tiny_1_HOM_HALF,0.30400786,0.42334732,0.43743464,0.58198476,0.49337438,0.6253561
galaxy,P,word2vec_tiny_1_HOM_HALF,0.3120814,0.39703202,0.38380873,0.5017246,0.41503182,0.52996844
mirror,P,word2vec_tiny_1_HOM_HALF,0.40374026,0.5169889,0.4822016,0.59752804,0.5156228,0.63431346
crowd,P,word2vec_tiny_1_HOM_HALF,0.33429533,0.41690072,0.42254478,0.5232832,0.4590172,0.5649961
bullet,P,word2vec_tiny_1_HOM_HALF,0.30409625,0.40427208,0.37810203,0.49080557,0.41125798,0.5119381
fishy,P,word2vec_tiny_1_HOM_HALF,0.22642832,0.2655621,0.33147132,0.4333614,0.3902222,0.5142673
strike,P,word2vec_tiny_1_HOM_HALF,0.35913426,0.50038683,0.49500573,0.66997683,0.5476899,0.7028718
havoc,P,word2vec_tiny_1_HOM_HALF,0.24832451,0.33659047,0.30217972,0.4049877,0.32385528,0.42760292
prosperous,P,word2vec_tiny_1_HOM_HALF,0.22744319,0.24802387,0.2658362,0.26698336,0.2816574,0.2791969
puck,M,word2vec_tiny_1_HOM_HALF,0.34121016,0.4434568,0.45348182,0.588772,0.5007202,0.6421265
stairway,M,word2vec_tiny_1_HOM_HALF,0.31604293,0.36811423,0.3783756,0.4265124,0.4005312,0.43823066
indulge,P,word2vec_tiny_1_HOM_HALF,0.19340089,0.22577697,0.22230542,0.2418962,0.23447773,0.2563202
lure,P,word2vec_tiny_1_HOM_HALF,0.34909278,0.4137753,0.41156214,0.47482133,0.4355879,0.51019084
jet,H,word2vec_tiny_1_HOM_HALF,0.24465632,0.3730813,0.42395124,0.600922,0.4842344,0.65355134
efficient,P,word2vec_tiny_1_HOM_HALF,0.27915907,0.3278273,0.33334255,0.41048163,0.35440263,0.41674668
surround,P,word2vec_tiny_1_HOM_HALF,0.3063882,0.33977458,0.36400527,0.4032515,0.3884741,0.4420507
impolite,M,word2vec_tiny_1_HOM_HALF,0.16711111,0.1817648,0.2014864,0.21570414,0.22058928,0.2272356
rocker,P,word2vec_tiny_1_HOM_HALF,0.34482813,0.39081848,0.39574873,0.44193646,0.41533935,0.4569653
topic,P,word2vec_tiny_1_HOM_HALF,0.30922198,0.3346964,0.38029593,0.4344063,0.41210502,0.47409308
sunshine,P,word2vec_tiny_1_HOM_HALF,0.32563293,0.39611635,0.41070357,0.5050104,0.44777164,0.52755904
subtle,P,word2vec_tiny_1_HOM_HALF,0.23656301,0.2860961,0.28349555,0.34279653,0.30205724,0.37055704
warmed,P,word2vec_tiny_1_HOM_HALF,0.37344396,0.4304797,0.45279258,0.51278085,0.4816687,0.5305566
hatred,M,word2vec_tiny_1_HOM_HALF,0.18865418,0.23567307,0.22997922,0.28819686,0.24938667,0.30515486
antenna,P,word2vec_tiny_1_HOM_HALF,0.30979854,0.40161884,0.3976154,0.5023765,0.43397123,0.54746443
elderly,M,word2vec_tiny_1_HOM_HALF,0.3595466,0.47743392,0.4837003,0.6138674,0.5235056,0.5948025
talent,P,word2vec_tiny_1_HOM_HALF,0.32005143,0.3655099,0.4020827,0.44047093,0.43286026,0.470418
tooth,P,word2vec_tiny_1_HOM_HALF,0.4142762,0.52723277,0.4910802,0.6152059,0.523973,0.6475717
modesty,P,word2vec_tiny_1_HOM_HALF,0.21503639,0.23511466,0.26485255,0.30096698,0.2908583,0.3361631
mute,P,word2vec_tiny_1_HOM_HALF,0.20501617,0.22131954,0.25344172,0.26673293,0.27010548,0.28201583
prosperity,M,word2vec_tiny_1_HOM_HALF,0.15211368,0.18174785,0.18480162,0.21517791,0.201729,0.24008924
chowder,M,word2vec_tiny_1_HOM_HALF,0.22367354,0.25311995,0.26769158,0.2959057,0.28545868,0.31619662
starve,P,word2vec_tiny_1_HOM_HALF,0.18493494,0.1871989,0.21247189,0.21677852,0.2253258,0.22665708
moth,P,word2vec_tiny_1_HOM_HALF,0.39298916,0.42900535,0.44853905,0.5062655,0.46973497,0.5192714
mug,P,word2vec_tiny_1_HOM_HALF,0.29340982,0.42805976,0.40934673,0.5617381,0.46266893,0.61868614
panel,P,word2vec_tiny_1_HOM_HALF,0.27441984,0.3598434,0.35784444,0.46712935,0.392901,0.51235646
tender,H,word2vec_tiny_1_HOM_HALF,0.26890475,0.25796518,0.32345966,0.324926,0.35299385,0.38358495
robe,P,word2vec_tiny_1_HOM_HALF,0.36509636,0.4559709,0.484989,0.6109599,0.52903694,0.6481516
expand,P,word2vec_tiny_1_HOM_HALF,0.2854538,0.35451448,0.34350535,0.40869963,0.3673266,0.442625
flame,P,word2vec_tiny_1_HOM_HALF,0.33938688,0.4626233,0.4589364,0.5968769,0.5047551,0.6274408
positive,P,word2vec_tiny_1_HOM_HALF,0.26778907,0.29716364,0.32566154,0.35327494,0.3542903,0.38049015
hungry,P,word2vec_tiny_1_HOM_HALF,0.41986662,0.57323545,0.5151582,0.65206206,0.55494255,0.6670155
bank,H,word2vec_tiny_1_HOM_HALF,0.43022162,0.57101005,0.52899516,0.6359134,0.55730546,0.64227265
bark,H,word2vec_tiny_1_HOM_HALF,0.37384328,0.48842826,0.47756878,0.5885553,0.5186847,0.6191942
posture,P,word2vec_tiny_1_HOM_HALF,0.17935419,0.21822582,0.20598298,0.24237734,0.21775459,0.25176045
tangible,P,word2vec_tiny_1_HOM_HALF,0.11801459,0.14131398,0.14284065,0.18187463,0.15512976,0.19951019
harvest,P,word2vec_tiny_1_HOM_HALF,0.28067958,0.3089753,0.39805195,0.47194198,0.4441928,0.5219965
powder,P,word2vec_tiny_1_HOM_HALF,0.35018495,0.45251107,0.45615956,0.5978216,0.4973773,0.63305914
sensation,P,word2vec_tiny_1_HOM_HALF,0.2877554,0.37444282,0.39256942,0.46756777,0.42925015,0.5041395
gloom,P,word2vec_tiny_1_HOM_HALF,0.23412459,0.2995673,0.31024677,0.3880412,0.34215233,0.41750923
climax,P,word2vec_tiny_1_HOM_HALF,0.2028631,0.22696817,0.23386362,0.2636779,0.24722578,0.27913257
selfless,M,word2vec_tiny_1_HOM_HALF,0.18505451,0.23990864,0.23911679,0.2936605,0.262385,0.312934
brandy,P,word2vec_tiny_1_HOM_HALF,0.2161645,0.20648354,0.25194418,0.22413921,0.27028555,0.2463551
simmer,P,word2vec_tiny_1_HOM_HALF,0.19149134,0.21019913,0.2308106,0.26520315,0.2496413,0.28169522
ashamed,P,word2vec_tiny_1_HOM_HALF,0.35522828,0.47894096,0.48312667,0.63696074,0.53593326,0.647003
stinky,M,word2vec_tiny_1_HOM_HALF,0.32196593,0.3956092,0.4431674,0.50604695,0.48803777,0.5500198
grunt,P,word2vec_tiny_1_HOM_HALF,0.25578672,0.32478797,0.33748406,0.43182528,0.37176624,0.4645454
flush,H,word2vec_tiny_1_HOM_HALF,0.32949612,0.4339389,0.42641363,0.50724745,0.45907786,0.5354664
pulp,P,word2vec_tiny_1_HOM_HALF,0.24330878,0.32674515,0.31559178,0.39101166,0.34954625,0.4341353
slumber,P,word2vec_tiny_1_HOM_HALF,0.2566879,0.33014885,0.3189007,0.37274173,0.34182674,0.39172482
empathy,P,word2vec_tiny_1_HOM_HALF,0.17128839,0.18451387,0.21339817,0.22877486,0.23497286,0.25328583
pedestal,P,word2vec_tiny_1_HOM_HALF,0.25347632,0.25630352,0.28828973,0.29465333,0.30007303,0.2968528
stylish,M,word2vec_tiny_1_HOM_HALF,0.312199,0.38660952,0.39771813,0.47444898,0.43695503,0.5242596
pity,P,word2vec_tiny_1_HOM_HALF,0.3202278,0.34445107,0.37823418,0.4137269,0.40144348,0.42553473
defend,P,word2vec_tiny_1_HOM_HALF,0.30141053,0.32018012,0.38903418,0.43095,0.42622867,0.47243857
skilled,P,word2vec_tiny_1_HOM_HALF,0.29042438,0.35930312,0.36905634,0.431872,0.40383255,0.46338776
fulfill,P,word2vec_tiny_1_HOM_HALF,0.2382148,0.29037437,0.32121623,0.37098765,0.35248363,0.38853335
skid,P,word2vec_tiny_1_HOM_HALF,0.23391218,0.3074454,0.32087854,0.43935597,0.36011297,0.4863259
navigate,P,word2vec_tiny_1_HOM_HALF,0.30078757,0.3780613,0.35832268,0.456467,0.3815797,0.46540976
crocodile,P,word2vec_tiny_1_HOM_HALF,0.22181174,0.31968132,0.35598946,0.5054018,0.42290366,0.57292795
tenth,P,word2vec_tiny_1_HOM_HALF,0.34660706,0.37026954,0.44354722,0.40433598,0.48723885,0.4850922
ingredient,P,word2vec_tiny_1_HOM_HALF,0.338628,0.35243356,0.41076759,0.42402783,0.43916783,0.45940673
gull,H,word2vec_tiny_1_HOM_HALF,0.21315189,0.2062937,0.24016203,0.24725486,0.25203252,0.25466394
toot,P,word2vec_tiny_1_HOM_HALF,0.3151938,0.37097436,0.41535148,0.5509122,0.46139213,0.6042037
draw,P,word2vec_tiny_1_HOM_HALF,0.2779007,0.36647704,0.39900148,0.5001111,0.4596718,0.56399703
drill,H,word2vec_tiny_1_HOM_HALF,0.29291052,0.36574855,0.3802993,0.49370238,0.4197769,0.5400175
elegance,P,word2vec_tiny_1_HOM_HALF,0.21949017,0.28823623,0.26921433,0.35207185,0.2890544,0.37604055
mischief,P,word2vec_tiny_1_HOM_HALF,0.39151597,0.46028495,0.45809963,0.48023906,0.4805187,0.494599
mirage,P,word2vec_tiny_1_HOM_HALF,0.37870327,0.44072095,0.43033627,0.5061329,0.4525943,0.5181792
rule,P,word2vec_tiny_1_HOM_HALF,0.41782418,0.4828322,0.49173823,0.52074194,0.5175748,0.5122626
tornado,M,word2vec_tiny_1_HOM_HALF,0.3495409,0.46144998,0.47075948,0.59797704,0.5129749,0.6313698
monstrous,P,word2vec_tiny_1_HOM_HALF,0.22277682,0.2832567,0.27912188,0.3717115,0.30469337,0.40452242
mellow,P,word2vec_tiny_1_HOM_HALF,0.29241258,0.30741212,0.34616357,0.40234375,0.36820382,0.4281169
watering,P,word2vec_tiny_1_HOM_HALF,0.35111812,0.4154775,0.4574168,0.5338268,0.5048774,0.58530295
musician,P,word2vec_tiny_1_HOM_HALF,0.32273462,0.3985766,0.4408073,0.56917626,0.49055,0.62148654
ignorance,M,word2vec_tiny_1_HOM_HALF,0.21596985,0.2712665,0.27678314,0.3413002,0.303265,0.3746389
scratch,P,word2vec_tiny_1_HOM_HALF,0.36146826,0.43509147,0.4498519,0.54141825,0.4884387,0.560391
slow,P,word2vec_tiny_1_HOM_HALF,0.39015454,0.50744075,0.4944857,0.58335334,0.53431183,0.6245694
beach,P,word2vec_tiny_1_HOM_HALF,0.31595322,0.40171558,0.4378585,0.5288372,0.493383,0.61035645
pesky,M,word2vec_tiny_1_HOM_HALF,0.2990586,0.35732967,0.36576042,0.43685448,0.39410812,0.4590104
lemon,P,word2vec_tiny_1_HOM_HALF,0.27315012,0.33550203,0.41822183,0.48374823,0.47373497,0.5391834
backward,P,word2vec_tiny_1_HOM_HALF,0.39883804,0.4843997,0.51581407,0.5728217,0.55785334,0.6188788
groundhog,M,word2vec_tiny_1_HOM_HALF,0.22309394,0.2942025,0.27082548,0.35724643,0.29124725,0.3821991
brow,P,word2vec_tiny_1_HOM_HALF,0.24741915,0.338507,0.3055116,0.400005,0.32818806,0.416081
flag,H,word2vec_tiny_1_HOM_HALF,0.3804295,0.52410346,0.4662991,0.63366526,0.5020187,0.66376185
studio,P,word2vec_tiny_1_HOM_HALF,0.34877056,0.42220956,0.43062913,0.51451147,0.4609043,0.53576136
wet,P,word2vec_tiny_1_HOM_HALF,0.3153538,0.46838355,0.46366718,0.61943793,0.51293474,0.6445343
keyboard,P,word2vec_tiny_1_HOM_HALF,0.30129823,0.41052413,0.389542,0.5181126,0.43192062,0.5602403
lung,M,word2vec_tiny_1_HOM_HALF,0.3950305,0.5415742,0.49186963,0.64976406,0.5304679,0.6836321
surface,P,word2vec_tiny_1_HOM_HALF,0.33795866,0.4147441,0.4186944,0.5125069,0.45460942,0.53925186
arrive,P,word2vec_tiny_1_HOM_HALF,0.41793656,0.547927,0.5056068,0.6343615,0.54267997,0.6497218
strut,H,word2vec_tiny_1_HOM_HALF,0.27771795,0.34463212,0.36235467,0.43490708,0.3879129,0.45486176
tactic,M,word2vec_tiny_1_HOM_HALF,0.28749102,0.30804712,0.32336468,0.32937998,0.33945015,0.34452203
skinny,P,word2vec_tiny_1_HOM_HALF,0.39645758,0.49587485,0.4686221,0.5557353,0.49508765,0.5782236
tasty,M,word2vec_tiny_1_HOM_HALF,0.28271958,0.3951529,0.387982,0.47096312,0.42851546,0.49412924
remind,P,word2vec_tiny_1_HOM_HALF,0.41591874,0.55985403,0.5085259,0.5749327,0.5387795,0.5337256
blindfold,P,word2vec_tiny_1_HOM_HALF,0.2895822,0.3316931,0.34828103,0.39317957,0.3700737,0.399142
drool,P,word2vec_tiny_1_HOM_HALF,0.2848614,0.3440531,0.36139056,0.442711,0.3888131,0.4794954
swoop,P,word2vec_tiny_1_HOM_HALF,0.3569193,0.43244308,0.42896464,0.5064546,0.45949978,0.54377246
gas,P,word2vec_tiny_1_HOM_HALF,0.344773,0.48018143,0.44329613,0.55250305,0.48134217,0.5853172
ankle,M,word2vec_tiny_1_HOM_HALF,0.27998805,0.3655214,0.37265787,0.48838827,0.40964362,0.51058245
reporter,P,word2vec_tiny_1_HOM_HALF,0.32969487,0.37346196,0.40517148,0.4678595,0.43773,0.4991856
scheme,P,word2vec_tiny_1_HOM_HALF,0.20314279,0.21635804,0.23395813,0.24646933,0.24649635,0.2569512
accomplish,P,word2vec_tiny_1_HOM_HALF,0.25233933,0.29118812,0.34132564,0.3518686,0.37873253,0.37787953
adapt,P,word2vec_tiny_1_HOM_HALF,0.21704344,0.24630272,0.2697818,0.2937155,0.29716182,0.31119525
massive,P,word2vec_tiny_1_HOM_HALF,0.26903123,0.34937277,0.3405649,0.42117247,0.36515075,0.44849315
proposal,P,word2vec_tiny_1_HOM_HALF,0.2319242,0.31759724,0.2735559,0.36003292,0.29176927,0.38422397
count,H,word2vec_tiny_1_HOM_HALF,0.39891267,0.43885672,0.526728,0.61419153,0.5690992,0.6541433
minus,P,word2vec_tiny_1_HOM_HALF,0.17481175,0.17617798,0.25125727,0.31819934,0.3036079,0.4078883
bath,P,word2vec_tiny_1_HOM_HALF,0.3470356,0.42550537,0.46846253,0.53031385,0.5164196,0.5660365
limousine,P,word2vec_tiny_1_HOM_HALF,0.31526056,0.3349564,0.36988255,0.37574768,0.39234748,0.39740416
glitter,P,word2vec_tiny_1_HOM_HALF,0.2994498,0.4042386,0.39675835,0.5191576,0.4326544,0.5575776
soup,P,word2vec_tiny_1_HOM_HALF,0.22809859,0.33854106,0.31832302,0.44267482,0.3575224,0.46090367
portable,P,word2vec_tiny_1_HOM_HALF,0.30939585,0.36804235,0.3633902,0.42667988,0.38230157,0.43580946
helicopter,M,word2vec_tiny_1_HOM_HALF,0.27640018,0.3872986,0.4348,0.604409,0.4935781,0.6563485
skull,P,word2vec_tiny_1_HOM_HALF,0.31767827,0.39305905,0.43056023,0.5601223,0.48156288,0.634801
yacht,P,word2vec_tiny_1_HOM_HALF,0.2293886,0.28995618,0.37879667,0.5248048,0.44581023,0.6026067
jog,H,word2vec_tiny_1_HOM_HALF,0.3930797,0.5345514,0.5248857,0.6785971,0.56971896,0.7171481
inspire,P,word2vec_tiny_1_HOM_HALF,0.20175858,0.24565987,0.25123283,0.2965858,0.28235206,0.34065562
chin,P,word2vec_tiny_1_HOM_HALF,0.36329722,0.47795114,0.44235465,0.5278171,0.47083053,0.555973
casserole,P,word2vec_tiny_1_HOM_HALF,0.19338149,0.20285481,0.23821992,0.2565313,0.2601105,0.28612423
nervous,P,word2vec_tiny_1_HOM_HALF,0.31026918,0.3958668,0.4886571,0.64182276,0.54983896,0.68401194
clamp,P,word2vec_tiny_1_HOM_HALF,0.23751347,0.28114834,0.27884609,0.29054052,0.29579103,0.2922057
relative,P,word2vec_tiny_1_HOM_HALF,0.31455573,0.3954069,0.3705374,0.4462733,0.3947506,0.47529286
batch,P,word2vec_tiny_1_HOM_HALF,0.3190812,0.28384686,0.3768138,0.39113414,0.40711915,0.42920557
loyalty,P,word2vec_tiny_1_HOM_HALF,0.21710157,0.27096978,0.29607812,0.3445481,0.33053797,0.3714625
brittle,P,word2vec_tiny_1_HOM_HALF,0.32088223,0.40496376,0.39068866,0.46365082,0.41645333,0.48024318
click,P,word2vec_tiny_1_HOM_HALF,0.33644396,0.4536862,0.43303508,0.55476516,0.47700524,0.59010535
population,P,word2vec_tiny_1_HOM_HALF,0.18876815,0.18024388,0.21889015,0.21022505,0.23153916,0.22587028
outline,P,word2vec_tiny_1_HOM_HALF,0.28302202,0.3443371,0.37116936,0.4835515,0.40223736,0.522375
peep,H,word2vec_tiny_1_HOM_HALF,0.282476,0.33598936,0.36285496,0.46382964,0.40715432,0.53124446
birthmark,M,word2vec_tiny_1_HOM_HALF,0.16621383,0.20672607,0.20040694,0.23738573,0.21447472,0.25451666
task,P,word2vec_tiny_1_HOM_HALF,0.37801686,0.45942605,0.46040925,0.4923873,0.49273628,0.515014
coconut,P,word2vec_tiny_1_HOM_HALF,0.369059,0.43501732,0.44582978,0.5217943,0.47742712,0.5602764
decipher,P,word2vec_tiny_1_HOM_HALF,0.14994177,0.17428751,0.17666565,0.20730408,0.18840092,0.22096685
guardian,P,word2vec_tiny_1_HOM_HALF,0.34269843,0.3778643,0.40105438,0.4399651,0.42426386,0.4542966
runner,P,word2vec_tiny_1_HOM_HALF,0.34659183,0.46309975,0.46000916,0.5824116,0.50383925,0.60075986
moody,P,word2vec_tiny_1_HOM_HALF,0.14496586,0.16013192,0.16958266,0.190072,0.18242845,0.20447369
diver,P,word2vec_tiny_1_HOM_HALF,0.34370238,0.42239007,0.44286266,0.57587355,0.48281163,0.61711955
punish,P,word2vec_tiny_1_HOM_HALF,0.38653746,0.52115214,0.48441315,0.6212959,0.5294757,0.64477086
constant,P,word2vec_tiny_1_HOM_HALF,0.2404714,0.27503937,0.2799658,0.32985225,0.30116636,0.3484959
cowgirl,P,word2vec_tiny_1_HOM_HALF,0.34895843,0.44828656,0.43256024,0.54467785,0.46406832,0.55438805
concern,P,word2vec_tiny_1_HOM_HALF,0.28972802,0.318762,0.35061806,0.38787413,0.37517753,0.40764844
remove,P,word2vec_tiny_1_HOM_HALF,0.3892787,0.52823687,0.5019339,0.65941095,0.54964477,0.69888985
shift,P,word2vec_tiny_1_HOM_HALF,0.25958657,0.32127345,0.31574038,0.40137997,0.33847642,0.43653223
pinch,P,word2vec_tiny_1_HOM_HALF,0.37885112,0.53619087,0.49866822,0.6363202,0.5365205,0.64112186
adorable,P,word2vec_tiny_1_HOM_HALF,0.32700378,0.4069503,0.4645715,0.5656802,0.53287035,0.64631
zebra,M,word2vec_tiny_1_HOM_HALF,0.22500344,0.3158575,0.37359604,0.5129285,0.44150135,0.5806166
stash,P,word2vec_tiny_1_HOM_HALF,0.40422115,0.46740592,0.4677177,0.51977235,0.49155095,0.5365447
rage,P,word2vec_tiny_1_HOM_HALF,0.27384025,0.3256904,0.33342612,0.40007648,0.36159137,0.4341041
raincoat,M,word2vec_tiny_1_HOM_HALF,0.32667583,0.3537113,0.47276384,0.5668619,0.534964,0.63781786
crisp,P,word2vec_tiny_1_HOM_HALF,0.2924158,0.31713298,0.3555918,0.40892234,0.38682732,0.44629264
grow,P,word2vec_tiny_1_HOM_HALF,0.33675617,0.47746834,0.47739637,0.581868,0.5302085,0.62945
lair,P,word2vec_tiny_1_HOM_HALF,0.2481726,0.30523822,0.31792536,0.37904045,0.3511155,0.43204698
smudge,P,word2vec_tiny_1_HOM_HALF,0.3234909,0.38144204,0.40499523,0.47599903,0.44191116,0.527738
virtue,P,word2vec_tiny_1_HOM_HALF,0.23644462,0.2307766,0.29408264,0.30150717,0.3216316,0.32829386
tremble,P,word2vec_tiny_1_HOM_HALF,0.35784873,0.4966826,0.4925543,0.649011,0.5387757,0.65856344
numerous,P,word2vec_tiny_1_HOM_HALF,0.25228536,0.29532197,0.29190317,0.34417734,0.30946013,0.36609498
spoil,P,word2vec_tiny_1_HOM_HALF,0.42423606,0.5406192,0.5400767,0.6795527,0.58022374,0.67702234
strand,H,word2vec_tiny_1_HOM_HALF,0.29094762,0.3405195,0.3604306,0.46614364,0.389189,0.49645215
shady,P,word2vec_tiny_1_HOM_HALF,0.4189423,0.5195594,0.5371553,0.6697732,0.5816031,0.70709753
porcelain,P,word2vec_tiny_1_HOM_HALF,0.29397196,0.34173146,0.33777392,0.39011112,0.35686395,0.40409172
leak,P,word2vec_tiny_1_HOM_HALF,0.39210147,0.50038445,0.4992317,0.6232793,0.5387732,0.6411745
untouched,P,word2vec_tiny_1_HOM_HALF,0.33958405,0.40499416,0.39153072,0.44242504,0.41406918,0.4684706
cluck,P,word2vec_tiny_1_HOM_HALF,0.25770432,0.3419593,0.38599393,0.48677462,0.4382769,0.54610443
badge,P,word2vec_tiny_1_HOM_HALF,0.36084446,0.48703942,0.476889,0.60944307,0.52069736,0.6412998
fateful,P,word2vec_tiny_1_HOM_HALF,0.27603215,0.28209144,0.31113654,0.36692312,0.3279142,0.38258868
rag,H,word2vec_tiny_1_HOM_HALF,0.31163254,0.40308273,0.40230265,0.52682537,0.45558953,0.5958154
agency,P,word2vec_tiny_1_HOM_HALF,0.23279881,0.25566924,0.26380837,0.2659387,0.2769611,0.2716909
kicker,P,word2vec_tiny_1_HOM_HALF,0.2890995,0.37565205,0.38254818,0.47462246,0.4189946,0.47557583
impossible,P,word2vec_tiny_1_HOM_HALF,0.34703755,0.40758216,0.4153062,0.4683434,0.44161958,0.4785413
splinter,P,word2vec_tiny_1_HOM_HALF,0.2909739,0.37162927,0.36906666,0.46813872,0.40259066,0.49886915
brighten,P,word2vec_tiny_1_HOM_HALF,0.35679057,0.36594278,0.41894114,0.3884997,0.44793373,0.4127458
character,P,word2vec_tiny_1_HOM_HALF,0.3923426,0.46137473,0.47381833,0.54026794,0.49987495,0.53029096
conscious,P,word2vec_tiny_1_HOM_HALF,0.164329,0.19399446,0.1937155,0.22816001,0.2129072,0.2508895
cello,M,word2vec_tiny_1_HOM_HALF,0.2443914,0.31270257,0.32154393,0.40756008,0.35415116,0.43940187
device,P,word2vec_tiny_1_HOM_HALF,0.3412996,0.42660654,0.4251664,0.5281083,0.45750904,0.5724035
seed,P,word2vec_tiny_1_HOM_HALF,0.3120512,0.4007834,0.45465222,0.5468901,0.504895,0.59839284
feature,P,word2vec_tiny_1_HOM_HALF,0.30789644,0.3576046,0.35796058,0.40136334,0.37698668,0.43017378
hammock,M,word2vec_tiny_1_HOM_HALF,0.3432734,0.40289336,0.40452617,0.45085424,0.42920288,0.4835584
stride,P,word2vec_tiny_1_HOM_HALF,0.19059338,0.20220225,0.22249694,0.2429083,0.23588364,0.26244769
patrol,P,word2vec_tiny_1_HOM_HALF,0.3267212,0.3692713,0.37830764,0.44022638,0.4009886,0.45707047
boom,H,word2vec_tiny_1_HOM_HALF,0.33895656,0.44974637,0.4357892,0.53228366,0.47751823,0.56595117
tall,P,word2vec_tiny_1_HOM_HALF,0.4024623,0.5255187,0.4950271,0.6475215,0.53765416,0.67652404
scrap,H,word2vec_tiny_1_HOM_HALF,0.24304518,0.32468355,0.3101985,0.42572588,0.34565684,0.47158438
outer,M,word2vec_tiny_1_HOM_HALF,0.35023543,0.44236115,0.4241501,0.5077083,0.46083876,0.5277993
journal,P,word2vec_tiny_1_HOM_HALF,0.2314978,0.311422,0.3911608,0.5330431,0.45757017,0.60539687
humble,P,word2vec_tiny_1_HOM_HALF,0.25218904,0.33405182,0.4079503,0.55435956,0.4762175,0.602819
lemonade,M,word2vec_tiny_1_HOM_HALF,0.32405984,0.38664323,0.41940013,0.46192104,0.45826444,0.47798446
mixture,P,word2vec_tiny_1_HOM_HALF,0.26152438,0.32773703,0.3420868,0.4176436,0.3792061,0.46137547
jumbo,P,word2vec_tiny_1_HOM_HALF,0.33396176,0.38109338,0.3927952,0.46292144,0.41845345,0.48460186
mattress,P,word2vec_tiny_1_HOM_HALF,0.2862975,0.38178748,0.44824412,0.6058979,0.50192857,0.660884
sway,P,word2vec_tiny_1_HOM_HALF,0.37153196,0.48123056,0.4653907,0.56017834,0.4973488,0.5663754
adjust,P,word2vec_tiny_1_HOM_HALF,0.30222815,0.4044642,0.38170755,0.4746054,0.4137745,0.5062979
hippo,M,word2vec_tiny_1_HOM_HALF,0.20825875,0.3174488,0.33955678,0.48694068,0.40480268,0.5613172
pharmacy,P,word2vec_tiny_1_HOM_HALF,0.31889698,0.34949532,0.39274648,0.4495198,0.4225116,0.47148818
guilt,P,word2vec_tiny_1_HOM_HALF,0.24540599,0.31273946,0.32838577,0.39016947,0.3581377,0.4139128
yellow,P,word2vec_tiny_1_HOM_HALF,0.28592598,0.3884674,0.46748006,0.61445045,0.52580553,0.6612297
stretch,P,word2vec_tiny_1_HOM_HALF,0.38603833,0.5547916,0.50441086,0.68733305,0.54955274,0.7165253
untie,P,word2vec_tiny_1_HOM_HALF,0.32292944,0.42477477,0.46555507,0.59869957,0.5216415,0.63786614
invention,P,word2vec_tiny_1_HOM_HALF,0.29343525,0.3438784,0.361039,0.41474268,0.3907956,0.4489828
sailboat,M,word2vec_tiny_1_HOM_HALF,0.27068388,0.31276172,0.38396478,0.4806149,0.43676817,0.54662776
degree,P,word2vec_tiny_1_HOM_HALF,0.19487678,0.20298547,0.22796874,0.24040903,0.24172941,0.25015688
strange,P,word2vec_tiny_1_HOM_HALF,0.38624072,0.5205408,0.49538308,0.62000096,0.53239274,0.6136563
threshold,P,word2vec_tiny_1_HOM_HALF,0.22904244,0.27862245,0.27006283,0.33614627,0.28681841,0.3513981
nutty,P,word2vec_tiny_1_HOM_HALF,0.25687242,0.24409364,0.37856025,0.44653863,0.43387076,0.52665305
evil,P,word2vec_tiny_1_HOM_HALF,0.29481706,0.3440647,0.37326103,0.43825707,0.4069273,0.46398583
grid,P,word2vec_tiny_1_HOM_HALF,0.28607124,0.34920138,0.35841858,0.43593153,0.40051278,0.48742935
cheeky,M,word2vec_tiny_1_HOM_HALF,0.29853418,0.30044883,0.34614408,0.35352117,0.36738735,0.37334257
setback,P,word2vec_tiny_1_HOM_HALF,0.1678339,0.22009793,0.20622072,0.2819559,0.22371952,0.3032104
smart,P,word2vec_tiny_1_HOM_HALF,0.31713924,0.36336604,0.46761474,0.5984939,0.5225381,0.62882984
powerless,P,word2vec_tiny_1_HOM_HALF,0.26976115,0.32547295,0.31283256,0.3809012,0.33419076,0.40481952
drug,P,word2vec_tiny_1_HOM_HALF,0.16952474,0.19945592,0.19655165,0.22172187,0.20947798,0.23231348
bowler,H,word2vec_tiny_1_HOM_HALF,0.22582717,0.24030271,0.25980306,0.25586486,0.2736822,0.2692885
personnel,P,word2vec_tiny_1_HOM_HALF,0.22983642,0.26187322,0.26366866,0.29155448,0.276707,0.29315582
enforce,P,word2vec_tiny_1_HOM_HALF,0.20141883,0.2123454,0.2438181,0.24499075,0.25942653,0.25370613
scientist,M,word2vec_tiny_1_HOM_HALF,0.4030215,0.49552163,0.48202637,0.5590165,0.508145,0.5725326
toll,H,word2vec_tiny_1_HOM_HALF,0.3126912,0.34068885,0.3766595,0.41783175,0.40317178,0.44366947
soil,H,word2vec_tiny_1_HOM_HALF,0.33516636,0.4915792,0.42255902,0.5731584,0.46564347,0.61000055
near,P,word2vec_tiny_1_HOM_HALF,0.48521122,0.61569285,0.57244414,0.6929461,0.60650057,0.70372736
fling,P,word2vec_tiny_1_HOM_HALF,0.21858716,0.26663932,0.2699817,0.33569568,0.29454985,0.36936253
tolerate,P,word2vec_tiny_1_HOM_HALF,0.16512635,0.1954168,0.19238041,0.22198008,0.20636967,0.23637183
suspense,P,word2vec_tiny_1_HOM_HALF,0.22140594,0.29409844,0.2617194,0.34110558,0.28014565,0.37544355
mechanism,P,word2vec_tiny_1_HOM_HALF,0.28227052,0.34399277,0.3344782,0.4293326,0.35211793,0.44705543
magical,P,word2vec_tiny_1_HOM_HALF,0.32942468,0.44547853,0.41422775,0.49226835,0.44641572,0.5021842
strip,H,word2vec_tiny_1_HOM_HALF,0.3660728,0.44459832,0.46231744,0.5872622,0.5044927,0.63386923
squeeze,P,word2vec_tiny_1_HOM_HALF,0.39728516,0.52173173,0.5148924,0.6575952,0.5496846,0.66261613
gap,P,word2vec_tiny_1_HOM_HALF,0.4314484,0.5840953,0.50926137,0.61527723,0.5372835,0.63835955
tiny,M,word2vec_tiny_1_HOM_HALF,0.41684598,0.55582327,0.5003164,0.6074858,0.5348262,0.63463545
hockey,P,word2vec_tiny_1_HOM_HALF,0.30720457,0.39860138,0.45978162,0.6078719,0.5136217,0.6543517
label,P,word2vec_tiny_1_HOM_HALF,0.40276843,0.4953086,0.51465464,0.63302237,0.556044,0.67234164
deserve,P,word2vec_tiny_1_HOM_HALF,0.41371098,0.4807251,0.49430382,0.5336526,0.5199241,0.5380733
briefcase,M,word2vec_tiny_1_HOM_HALF,0.32596272,0.421883,0.42193136,0.53994435,0.4571338,0.56897616
betray,P,word2vec_tiny_1_HOM_HALF,0.14693733,0.17311282,0.17622906,0.19286425,0.18900417,0.21245018
salesman,M,word2vec_tiny_1_HOM_HALF,0.28019994,0.32538265,0.33247626,0.4085134,0.35320014,0.42360908
uncover,P,word2vec_tiny_1_HOM_HALF,0.36370605,0.42273274,0.43447798,0.49837494,0.46243393,0.5046177
flood,P,word2vec_tiny_1_HOM_HALF,0.36728686,0.5051615,0.47175324,0.60543513,0.5130218,0.62589633
design,P,word2vec_tiny_1_HOM_HALF,0.31897193,0.46286437,0.4575446,0.6150615,0.5059355,0.6504016
pottery,P,word2vec_tiny_1_HOM_HALF,0.2994431,0.38908997,0.3584104,0.48045683,0.3808027,0.5010046
lace,P,word2vec_tiny_1_HOM_HALF,0.33172932,0.41452998,0.4180565,0.49863613,0.45823175,0.54427946
gullible,M,word2vec_tiny_1_HOM_HALF,0.13716118,0.14520063,0.16114599,0.18008412,0.17519173,0.2000909
bathtub,M,word2vec_tiny_1_HOM_HALF,0.32013768,0.4528286,0.42675927,0.5824042,0.47930977,0.6282537
plot,H,word2vec_tiny_1_HOM_HALF,0.4995761,0.61498326,0.59814477,0.70090646,0.628888,0.68427706
benefit,P,word2vec_tiny_1_HOM_HALF,0.24990937,0.26623133,0.31810832,0.3186076,0.3476847,0.3588023
curtain,P,word2vec_tiny_1_HOM_HALF,0.34911758,0.44984686,0.44759503,0.5836971,0.49947318,0.648993
chair,P,word2vec_tiny_1_HOM_HALF,0.3032496,0.39504555,0.44807243,0.59247726,0.50713974,0.66176504
trombone,M,word2vec_tiny_1_HOM_HALF,0.2700479,0.2916788,0.32018706,0.31766406,0.3411023,0.33594394
barber,P,word2vec_tiny_1_HOM_HALF,0.3314773,0.48195115,0.46068332,0.60580254,0.5047698,0.61315703
glory,P,word2vec_tiny_1_HOM_HALF,0.28528583,0.332698,0.35771966,0.40578687,0.38466913,0.4377982
wrench,P,word2vec_tiny_1_HOM_HALF,0.3021484,0.3849744,0.4265609,0.5292508,0.4671763,0.5764456
pure,P,word2vec_tiny_1_HOM_HALF,0.27302328,0.34544784,0.32881534,0.4161433,0.35369673,0.44254917
cable,P,word2vec_tiny_1_HOM_HALF,0.26977795,0.37392563,0.4026231,0.5468512,0.46537206,0.6190336
basement,M,word2vec_tiny_1_HOM_HALF,0.37874165,0.42707255,0.49589345,0.6375206,0.542001,0.6858399
keeper,P,word2vec_tiny_1_HOM_HALF,0.34823948,0.4628703,0.4583342,0.53825,0.49731252,0.557374
cassette,M,word2vec_tiny_1_HOM_HALF,0.17729947,0.18289131,0.20770459,0.20667154,0.22078349,0.22009404
correct,P,word2vec_tiny_1_HOM_HALF,0.3207485,0.36595398,0.38572177,0.4516825,0.41053474,0.4785333
failure,P,word2vec_tiny_1_HOM_HALF,0.23232463,0.2672087,0.29895806,0.35320002,0.3283362,0.38985005
dress,P,word2vec_tiny_1_HOM_HALF,0.2580819,0.36450064,0.37603763,0.50802267,0.43651012,0.5686052
underwear,M,word2vec_tiny_1_HOM_HALF,0.312894,0.39872268,0.3877884,0.46803358,0.43039522,0.526885
thinker,P,word2vec_tiny_1_HOM_HALF,0.30925256,0.34096158,0.37324008,0.41049322,0.40036523,0.43925512
observe,P,word2vec_tiny_1_HOM_HALF,0.3763631,0.5410679,0.52292025,0.68831277,0.5681634,0.71039677
upstream,P,word2vec_tiny_1_HOM_HALF,0.23529291,0.31263316,0.30722582,0.41491356,0.34181932,0.45470932
muffin,M,word2vec_tiny_1_HOM_HALF,0.22788782,0.31135386,0.35550332,0.46654755,0.4127304,0.51043636
showdown,P,word2vec_tiny_1_HOM_HALF,0.19295032,0.22039017,0.21910349,0.24605092,0.22964996,0.25237748
trunk,P,word2vec_tiny_1_HOM_HALF,0.39969903,0.5279301,0.5034536,0.65226585,0.5394969,0.6792584
sixth,P,word2vec_tiny_1_HOM_HALF,0.29255158,0.3131296,0.38360476,0.35867724,0.4301406,0.45330015
vulnerable,P,word2vec_tiny_1_HOM_HALF,0.25782582,0.33079475,0.30271536,0.3904269,0.3222805,0.41214693
creamy,P,word2vec_tiny_1_HOM_HALF,0.24820133,0.2983059,0.33189854,0.39074647,0.36939916,0.42166942
glue,P,word2vec_tiny_1_HOM_HALF,0.31725293,0.43540493,0.4208582,0.5623007,0.4623442,0.5943651
itchy,P,word2vec_tiny_1_HOM_HALF,0.35181344,0.46449852,0.44173053,0.53604156,0.48205176,0.58212554
trick,P,word2vec_tiny_1_HOM_HALF,0.46068177,0.57044977,0.5526665,0.64399636,0.5824614,0.64861375
tummy,M,word2vec_tiny_1_HOM_HALF,0.3243565,0.42227456,0.45546576,0.52377653,0.5030905,0.55066633
hug,P,word2vec_tiny_1_HOM_HALF,0.39437038,0.51143456,0.5057518,0.51909065,0.5352809,0.48593214
misfortune,P,word2vec_tiny_1_HOM_HALF,0.21939595,0.2731657,0.26039994,0.33240238,0.279002,0.3578523
guarantee,P,word2vec_tiny_1_HOM_HALF,0.23024786,0.2250591,0.26658893,0.24042861,0.28212342,0.2599128
legal,P,word2vec_tiny_1_HOM_HALF,0.230305,0.2881233,0.2947697,0.3793912,0.3221901,0.4144732
honeymoon,P,word2vec_tiny_1_HOM_HALF,0.30082458,0.2716447,0.35623977,0.31372878,0.37632987,0.31837493
squeal,P,word2vec_tiny_1_HOM_HALF,0.3335899,0.40577567,0.40948978,0.46512392,0.43716973,0.4880287
technique,P,word2vec_tiny_1_HOM_HALF,0.24434224,0.301513,0.322584,0.39226425,0.3538595,0.4271899
wander,P,word2vec_tiny_1_HOM_HALF,0.39354652,0.53483117,0.5213343,0.67189217,0.5623265,0.6867809
pasta,P,word2vec_tiny_1_HOM_HALF,0.20349956,0.2951734,0.32103828,0.44504052,0.38141152,0.49061972
rugged,P,word2vec_tiny_1_HOM_HALF,0.20907772,0.24814565,0.24161515,0.2573702,0.25520584,0.2714229
rim,P,word2vec_tiny_1_HOM_HALF,0.3116638,0.40530628,0.37901932,0.47370967,0.4055091,0.4999997
abyss,P,word2vec_tiny_1_HOM_HALF,0.2862118,0.33129272,0.33630154,0.38214332,0.35688928,0.39484528
disgrace,P,word2vec_tiny_1_HOM_HALF,0.14684136,0.16565812,0.17029795,0.19463325,0.18160406,0.2071701
holster,M,word2vec_tiny_1_HOM_HALF,0.27737454,0.33381057,0.33195877,0.37912247,0.35252598,0.38874298
spacecraft,M,word2vec_tiny_1_HOM_HALF,0.27248397,0.35709748,0.31935132,0.4150733,0.33919472,0.4359183
salami,M,word2vec_tiny_1_HOM_HALF,0.16901444,0.20035797,0.2146535,0.25470456,0.23985747,0.29093292
occur,P,word2vec_tiny_1_HOM_HALF,0.21848316,0.20840882,0.2503578,0.23740384,0.26393378,0.25576088
aquarium,P,word2vec_tiny_1_HOM_HALF,0.386544,0.44416103,0.46002474,0.5515902,0.4917696,0.5812933
snap,P,word2vec_tiny_1_HOM_HALF,0.4129436,0.55881745,0.4970315,0.6478848,0.52996755,0.6651992
bony,P,word2vec_tiny_1_HOM_HALF,0.30604124,0.35746232,0.3824353,0.4450477,0.41196075,0.47682118
spiral,P,word2vec_tiny_1_HOM_HALF,0.31786543,0.40625626,0.3836745,0.48168722,0.41516885,0.51328367
nanny,M,word2vec_tiny_1_HOM_HALF,0.36586186,0.44839332,0.43598378,0.52214265,0.4611669,0.52174777
holder,P,word2vec_tiny_1_HOM_HALF,0.33029976,0.41116846,0.39742017,0.48952505,0.42636803,0.52563787
guidance,P,word2vec_tiny_1_HOM_HALF,0.2982171,0.35223526,0.35563663,0.39264208,0.37967598,0.4017688
severe,P,word2vec_tiny_1_HOM_HALF,0.2177908,0.28889877,0.29382187,0.3805783,0.32613716,0.41021103
burn,P,word2vec_tiny_1_HOM_HALF,0.38598496,0.5245253,0.50979114,0.6305722,0.550498,0.65188223
sinister,P,word2vec_tiny_1_HOM_HALF,0.23992291,0.30399337,0.29703423,0.38352627,0.3207036,0.40784743
season,P,word2vec_tiny_1_HOM_HALF,0.3642674,0.4618563,0.50288826,0.61490655,0.542956,0.64708674
jingle,P,word2vec_tiny_1_HOM_HALF,0.31609803,0.39471802,0.43891332,0.4938685,0.4832683,0.535208
flap,P,word2vec_tiny_1_HOM_HALF,0.4196128,0.54101264,0.52015877,0.6519485,0.5530919,0.6666339
clever,P,word2vec_tiny_1_HOM_HALF,0.30085045,0.3553904,0.457401,0.58179116,0.51934874,0.61173403
travel,P,word2vec_tiny_1_HOM_HALF,0.41875753,0.5456546,0.51113695,0.65920126,0.55506265,0.6858839
silver,P,word2vec_tiny_1_HOM_HALF,0.33008564,0.4172867,0.45064268,0.6001865,0.49636632,0.6447458
brilliant,P,word2vec_tiny_1_HOM_HALF,0.306794,0.37558204,0.43766743,0.58380526,0.5051028,0.640298
passenger,P,word2vec_tiny_1_HOM_HALF,0.37167722,0.48438272,0.46914116,0.55478,0.50509036,0.58713967
bouncer,P,word2vec_tiny_1_HOM_HALF,0.34787565,0.4092031,0.43822333,0.5150143,0.47264862,0.5416695
ignition,P,word2vec_tiny_1_HOM_HALF,0.3260738,0.4010398,0.41157508,0.48770064,0.4507523,0.53098255
apartment,M,word2vec_tiny_1_HOM_HALF,0.46528655,0.54557747,0.53281194,0.5829073,0.5597073,0.59304595
prospect,P,word2vec_tiny_1_HOM_HALF,0.33928967,0.40338996,0.38177314,0.43158126,0.39996207,0.44427422
basketball,P,word2vec_tiny_1_HOM_HALF,0.28363165,0.41242516,0.4271525,0.59202516,0.48560008,0.64301085
silence,P,word2vec_tiny_1_HOM_HALF,0.4293081,0.48073024,0.51927906,0.5752889,0.54903,0.58514774
bother,P,word2vec_tiny_1_HOM_HALF,0.39211875,0.4843789,0.5142489,0.58555984,0.5483268,0.56367904
doorstep,M,word2vec_tiny_1_HOM_HALF,0.42978922,0.5510076,0.50333494,0.60129327,0.5336458,0.624608
meditate,P,word2vec_tiny_1_HOM_HALF,0.31294647,0.36397874,0.3757847,0.3671751,0.39775026,0.38982114
goldfish,M,word2vec_tiny_1_HOM_HALF,0.35577172,0.42225084,0.42935735,0.5076606,0.45639062,0.5138246
trip,P,word2vec_tiny_1_HOM_HALF,0.30843785,0.43637466,0.4607321,0.59870684,0.5199409,0.65343136
likely,P,word2vec_tiny_1_HOM_HALF,0.29630855,0.3197645,0.36146557,0.39344373,0.3862577,0.41984233
intuition,P,word2vec_tiny_1_HOM_HALF,0.16824932,0.25260955,0.22249623,0.28408426,0.24761719,0.3078668
wand,P,word2vec_tiny_1_HOM_HALF,0.3741257,0.49505943,0.4894153,0.61885154,0.5306079,0.62492734
pew,P,word2vec_tiny_1_HOM_HALF,0.32130358,0.35967797,0.4157536,0.48052177,0.45510283,0.5319155
beep,P,word2vec_tiny_1_HOM_HALF,0.28036377,0.35430646,0.3872275,0.48778754,0.43276694,0.53819716
rinse,P,word2vec_tiny_1_HOM_HALF,0.31538436,0.36304954,0.42766908,0.49377084,0.4690928,0.5364966
concussion,P,word2vec_tiny_1_HOM_HALF,0.24713819,0.31368175,0.33031487,0.43856803,0.36834937,0.47808576
outward,P,word2vec_tiny_1_HOM_HALF,0.21835375,0.21605466,0.25672758,0.2555667,0.2741133,0.2686857
radiator,P,word2vec_tiny_1_HOM_HALF,0.2057133,0.21852966,0.23722798,0.24356867,0.2501742,0.25036898
hill,P,word2vec_tiny_1_HOM_HALF,0.35487786,0.47828257,0.48388046,0.6384176,0.5313946,0.67057157
getaway,P,word2vec_tiny_1_HOM_HALF,0.17905618,0.21415871,0.2113917,0.24084063,0.22475463,0.2542454
kettle,P,word2vec_tiny_1_HOM_HALF,0.3364187,0.4101522,0.4172372,0.50244534,0.45620987,0.5415916
hula,M,word2vec_tiny_1_HOM_HALF,0.39241666,0.49503723,0.47232473,0.58299094,0.5023292,0.58967507
pouch,P,word2vec_tiny_1_HOM_HALF,0.43852678,0.5594701,0.4949959,0.60683936,0.5196454,0.61103284
admire,P,word2vec_tiny_1_HOM_HALF,0.4097375,0.4730265,0.50083834,0.54527104,0.53169066,0.5692769
joyous,M,word2vec_tiny_1_HOM_HALF,0.29241845,0.40068808,0.357864,0.44795516,0.38509312,0.470337
helpful,M,word2vec_tiny_1_HOM_HALF,0.25871623,0.3537447,0.42216575,0.5782696,0.48806134,0.59518814
classmate,M,word2vec_tiny_1_HOM_HALF,0.30602854,0.33993876,0.35195884,0.397704,0.37050286,0.41718867
muscular,P,word2vec_tiny_1_HOM_HALF,0.24816945,0.27202654,0.28452045,0.28888768,0.29816654,0.3075865
bronze,P,word2vec_tiny_1_HOM_HALF,0.27866375,0.34891093,0.3670337,0.48100328,0.4011183,0.50675184
recite,P,word2vec_tiny_1_HOM_HALF,0.2585279,0.34942058,0.34258884,0.42368618,0.37172028,0.45469725
elastic,P,word2vec_tiny_1_HOM_HALF,0.33136806,0.36628243,0.38781044,0.46240726,0.4113289,0.4804846
magician,P,word2vec_tiny_1_HOM_HALF,0.38087234,0.5339636,0.4732967,0.6224072,0.50494975,0.623869
dreary,P,word2vec_tiny_1_HOM_HALF,0.27196774,0.32613128,0.32843152,0.3883941,0.3556522,0.4183807
garage,P,word2vec_tiny_1_HOM_HALF,0.35561016,0.45737228,0.46948406,0.6222307,0.51876205,0.66115415
chamber,P,word2vec_tiny_1_HOM_HALF,0.31155974,0.43759057,0.44226003,0.60358644,0.49896783,0.66602683
electronic,P,word2vec_tiny_1_HOM_HALF,0.22643976,0.29645282,0.2644643,0.32622197,0.28200296,0.33047935
trace,H,word2vec_tiny_1_HOM_HALF,0.35882407,0.42113912,0.42984718,0.5062384,0.454381,0.5206019
beggar,P,word2vec_tiny_1_HOM_HALF,0.26474208,0.3362101,0.31133178,0.3882592,0.33158588,0.40946588
breathless,P,word2vec_tiny_1_HOM_HALF,0.26334387,0.3147267,0.31909224,0.40668684,0.3427821,0.42260307
doorbell,M,word2vec_tiny_1_HOM_HALF,0.4339941,0.5547155,0.53230983,0.64399695,0.5668432,0.6533038
scale,H,word2vec_tiny_1_HOM_HALF,0.41165552,0.5532621,0.5096851,0.64769393,0.54962504,0.6953149
nickname,P,word2vec_tiny_1_HOM_HALF,0.30215502,0.31571695,0.3369307,0.34081885,0.35186142,0.35506776
solution,P,word2vec_tiny_1_HOM_HALF,0.39666256,0.4364988,0.4623703,0.47100478,0.48616925,0.48489034
public,P,word2vec_tiny_1_HOM_HALF,0.35605735,0.39209878,0.42046735,0.4298523,0.44286758,0.4427803
column,P,word2vec_tiny_1_HOM_HALF,0.2800711,0.28748763,0.33798254,0.40856987,0.36672074,0.44770777
battery,P,word2vec_tiny_1_HOM_HALF,0.3429214,0.46311027,0.45858094,0.58243203,0.50243807,0.62602264
fleece,P,word2vec_tiny_1_HOM_HALF,0.27103844,0.338284,0.31597883,0.39234775,0.33454254,0.3922193
laboratory,P,word2vec_tiny_1_HOM_HALF,0.29040498,0.37445503,0.34520355,0.42567217,0.366645,0.4490104
crop,P,word2vec_tiny_1_HOM_HALF,0.2583832,0.29410377,0.36531037,0.46152744,0.4097759,0.5042763
devotion,P,word2vec_tiny_1_HOM_HALF,0.17035897,0.20869024,0.21183842,0.2580952,0.23055458,0.2794203
parcel,P,word2vec_tiny_1_HOM_HALF,0.32521367,0.39790285,0.4082323,0.50887996,0.43879128,0.51466095
semester,M,word2vec_tiny_1_HOM_HALF,0.1598367,0.17649548,0.19870296,0.22050771,0.21224758,0.23154417
seal,H,word2vec_tiny_1_HOM_HALF,0.22577377,0.28562802,0.36352834,0.48383182,0.43280017,0.5723147
split,P,word2vec_tiny_1_HOM_HALF,0.43180007,0.5766537,0.535192,0.6848849,0.56989044,0.67691666
overload,P,word2vec_tiny_1_HOM_HALF,0.20667617,0.22974868,0.23784319,0.2610739,0.25082067,0.26235119
unseen,P,word2vec_tiny_1_HOM_HALF,0.24748866,0.32027847,0.29045367,0.3791456,0.3096359,0.39991605
eyebrow,P,word2vec_tiny_1_HOM_HALF,0.33018953,0.40353215,0.3817371,0.44231504,0.40009317,0.4564683
magic,P,word2vec_tiny_1_HOM_HALF,0.40555668,0.55452704,0.50993365,0.62449443,0.5492749,0.61776173
keyhole,M,word2vec_tiny_1_HOM_HALF,0.3349421,0.4220153,0.45129365,0.59381735,0.49161178,0.6248089
dispose,P,word2vec_tiny_1_HOM_HALF,0.20890434,0.19978523,0.24485362,0.23213306,0.2592705,0.25426343
jelly,P,word2vec_tiny_1_HOM_HALF,0.22616525,0.29397136,0.3342925,0.44292372,0.3897912,0.4958074
legend,P,word2vec_tiny_1_HOM_HALF,0.29916382,0.3509642,0.347668,0.40867454,0.3697928,0.4293872
sideways,P,word2vec_tiny_1_HOM_HALF,0.4284637,0.4670289,0.49252507,0.5706043,0.5191159,0.59726924
clash,P,word2vec_tiny_1_HOM_HALF,0.23074484,0.31965247,0.303565,0.40067998,0.33885738,0.4481102
slime,P,word2vec_tiny_1_HOM_HALF,0.32837898,0.39381805,0.42034984,0.4984836,0.4567814,0.5316077
recognize,P,word2vec_tiny_1_HOM_HALF,0.43766242,0.5747023,0.54056835,0.682966,0.573791,0.6787587
overlook,P,word2vec_tiny_1_HOM_HALF,0.12045336,0.14673083,0.14921966,0.17899182,0.16379268,0.19929363
straw,P,word2vec_tiny_1_HOM_HALF,0.44147968,0.5473252,0.50270826,0.5606419,0.52511096,0.5599156
culture,P,word2vec_tiny_1_HOM_HALF,0.24020699,0.32502937,0.32955146,0.42856187,0.36552125,0.46006152
search,P,word2vec_tiny_1_HOM_HALF,0.43717203,0.57081336,0.5563193,0.67532474,0.5941042,0.6821055
consider,P,word2vec_tiny_1_HOM_HALF,0.22640172,0.26206222,0.28488913,0.3384607,0.3156158,0.35837457
astronaut,M,word2vec_tiny_1_HOM_HALF,0.37342164,0.50833917,0.47830904,0.6174685,0.52675456,0.64710647
furious,P,word2vec_tiny_1_HOM_HALF,0.31926686,0.3878672,0.3879639,0.46480304,0.41823617,0.49392587
amuse,P,word2vec_tiny_1_HOM_HALF,0.17509854,0.18405919,0.20214659,0.21294329,0.2143351,0.22172986
odor,P,word2vec_tiny_1_HOM_HALF,0.25791663,0.33935243,0.33605054,0.43861163,0.3675886,0.46994746
beak,P,word2vec_tiny_1_HOM_HALF,0.40786138,0.5457707,0.52496576,0.6585163,0.56688,0.68238187
quack,H,word2vec_tiny_1_HOM_HALF,0.31568235,0.45351997,0.43214348,0.5770972,0.47817528,0.61158437
storeroom,M,word2vec_tiny_1_HOM_HALF,0.26241103,0.27672222,0.30116248,0.3078666,0.3155531,0.31902945
bleach,P,word2vec_tiny_1_HOM_HALF,0.30674854,0.36544612,0.36673537,0.4220002,0.3948842,0.44795477
spark,P,word2vec_tiny_1_HOM_HALF,0.31190318,0.44406646,0.42477047,0.5663037,0.46451545,0.5980113
eyesight,P,word2vec_tiny_1_HOM_HALF,0.22435153,0.26429373,0.25863203,0.30488575,0.27330056,0.31991586
apart,P,word2vec_tiny_1_HOM_HALF,0.45188245,0.5548256,0.5391668,0.6410971,0.56976295,0.64562434
diet,H,word2vec_tiny_1_HOM_HALF,0.37123054,0.41188115,0.43824688,0.47591627,0.46263018,0.5045907
scoot,P,word2vec_tiny_1_HOM_HALF,0.3582366,0.36785278,0.41627124,0.4624019,0.44073966,0.4903332
bouncy,P,word2vec_tiny_1_HOM_HALF,0.3728449,0.48203042,0.4962751,0.6424238,0.54077566,0.67904866
invest,P,word2vec_tiny_1_HOM_HALF,0.12946749,0.14416592,0.15541855,0.18529001,0.16936041,0.20597331
tease,P,word2vec_tiny_1_HOM_HALF,0.3776386,0.5077782,0.50283766,0.66917026,0.5534414,0.700583
lean,H,word2vec_tiny_1_HOM_HALF,0.3963507,0.547357,0.5185715,0.6804849,0.5630897,0.71011984
stab,P,word2vec_tiny_1_HOM_HALF,0.25693193,0.36810052,0.35000315,0.4743233,0.38291085,0.50564295
spooky,M,word2vec_tiny_1_HOM_HALF,0.3983841,0.4917385,0.49181855,0.5596989,0.5263871,0.5778154
review,P,word2vec_tiny_1_HOM_HALF,0.15681848,0.16647047,0.18489707,0.19514416,0.19610615,0.21013834
lantern,P,word2vec_tiny_1_HOM_HALF,0.38551074,0.48403984,0.4626247,0.54329467,0.49090722,0.57318485
cuff,H,word2vec_tiny_1_HOM_HALF,0.20512709,0.24125122,0.24497904,0.266325,0.2604997,0.2827229
rural,P,word2vec_tiny_1_HOM_HALF,0.2706249,0.24070588,0.30556333,0.26088938,0.3188137,0.26562595
weave,P,word2vec_tiny_1_HOM_HALF,0.27980402,0.3332627,0.36415872,0.44904193,0.40362683,0.49897432
soda,P,word2vec_tiny_1_HOM_HALF,0.3106898,0.35546032,0.3916059,0.44006434,0.42529437,0.4628943
disorder,P,word2vec_tiny_1_HOM_HALF,0.2248815,0.24253246,0.25449285,0.27124414,0.26752558,0.27708393
heavy,P,word2vec_tiny_1_HOM_HALF,0.39024168,0.5175113,0.53134364,0.68155193,0.57875615,0.7191539
port,H,word2vec_tiny_1_HOM_HALF,0.25149637,0.30497637,0.38322434,0.524607,0.4421579,0.5961529
shack,M,word2vec_tiny_1_HOM_HALF,0.28649467,0.35270318,0.35352436,0.42029896,0.37605503,0.437485
final,P,word2vec_tiny_1_HOM_HALF,0.4084019,0.46436232,0.4657873,0.4827709,0.48616982,0.48931977
compass,P,word2vec_tiny_1_HOM_HALF,0.334588,0.43747163,0.4433007,0.5572412,0.4822913,0.5891825
downward,P,word2vec_tiny_1_HOM_HALF,0.29838362,0.33438843,0.3436396,0.36783463,0.3608422,0.39124805
hull,H,word2vec_tiny_1_HOM_HALF,0.31501895,0.42071673,0.40466926,0.5252901,0.43976402,0.5605878
patch,P,word2vec_tiny_1_HOM_HALF,0.38006577,0.50150955,0.46229666,0.5677443,0.49064788,0.5786036
camouflage,P,word2vec_tiny_1_HOM_HALF,0.1809725,0.17936432,0.20674013,0.21189803,0.21847,0.22207083
depart,P,word2vec_tiny_1_HOM_HALF,0.21002159,0.21436405,0.2500965,0.25442618,0.265728,0.26666123
peaceful,P,word2vec_tiny_1_HOM_HALF,0.34752896,0.49763682,0.46181512,0.59472126,0.5014874,0.5889343
ballerina,P,word2vec_tiny_1_HOM_HALF,0.41652197,0.49069703,0.49052656,0.5979977,0.5209986,0.62372243
eject,P,word2vec_tiny_1_HOM_HALF,0.22870727,0.25540718,0.27343917,0.30223215,0.29284057,0.31558233
warmth,P,word2vec_tiny_1_HOM_HALF,0.30826518,0.3560778,0.39353803,0.46254137,0.4303777,0.4889046
circuit,P,word2vec_tiny_1_HOM_HALF,0.2894267,0.320922,0.34409037,0.39371043,0.3661872,0.4151932
envious,M,word2vec_tiny_1_HOM_HALF,0.441011,0.43885258,0.5635491,0.67920184,0.60554045,0.68076056
customer,P,word2vec_tiny_1_HOM_HALF,0.35220367,0.474123,0.43308234,0.51998097,0.46267846,0.5301485
store,P,word2vec_tiny_1_HOM_HALF,0.2847905,0.38372162,0.44024152,0.56540823,0.4995625,0.6001662
socket,P,word2vec_tiny_1_HOM_HALF,0.27052313,0.36534813,0.3650344,0.47204483,0.40401244,0.51687384
sewer,H,word2vec_tiny_1_HOM_HALF,0.2161252,0.21859848,0.26722166,0.25539672,0.2879209,0.2646685
song,P,word2vec_tiny_1_HOM_HALF,0.3005219,0.38864818,0.44274455,0.52720135,0.49961394,0.5745867
clockwork,M,word2vec_tiny_1_HOM_HALF,0.22341517,0.22749232,0.25434074,0.25622526,0.26591945,0.26271376
glow,P,word2vec_tiny_1_HOM_HALF,0.33587542,0.4685753,0.46997312,0.6068242,0.51510054,0.6256192
descend,P,word2vec_tiny_1_HOM_HALF,0.239413,0.32486022,0.31444794,0.40730646,0.34382647,0.43832916
rocket,H,word2vec_tiny_1_HOM_HALF,0.28491434,0.39149582,0.43261492,0.60394835,0.4882426,0.6523123
spray,H,word2vec_tiny_1_HOM_HALF,0.366194,0.47057003,0.49095327,0.6033691,0.5335558,0.6301894
dawn,P,word2vec_tiny_1_HOM_HALF,0.27545503,0.23000985,0.3166937,0.23692463,0.33628806,0.27397272
entry,P,word2vec_tiny_1_HOM_HALF,0.37309673,0.44728008,0.43829575,0.48829186,0.46370462,0.50743425
snuggle,P,word2vec_tiny_1_HOM_HALF,0.35704607,0.4587593,0.47723183,0.58158123,0.52311844,0.6131287
removal,P,word2vec_tiny_1_HOM_HALF,0.22258015,0.24603222,0.2512965,0.25082535,0.26381484,0.26079613
fierce,P,word2vec_tiny_1_HOM_HALF,0.33511263,0.4949846,0.4569306,0.62150985,0.5046609,0.6498425
mushroom,P,word2vec_tiny_1_HOM_HALF,0.2653993,0.35010573,0.37585643,0.53024817,0.43494835,0.59864336
terminal,P,word2vec_tiny_1_HOM_HALF,0.30345324,0.39649191,0.38497406,0.4821931,0.4197516,0.51035553
debris,P,word2vec_tiny_1_HOM_HALF,0.2765059,0.39055347,0.34163323,0.47188973,0.37150633,0.4938583
commercial,P,word2vec_tiny_1_HOM_HALF,0.20884435,0.2398143,0.23548697,0.2466252,0.2479359,0.2586268
scary,M,word2vec_tiny_1_HOM_HALF,0.36308846,0.50922424,0.48177987,0.637317,0.52794355,0.6498837
boardwalk,M,word2vec_tiny_1_HOM_HALF,0.22687583,0.21598244,0.25457343,0.24956648,0.26591837,0.25493404
skin,P,word2vec_tiny_1_HOM_HALF,0.34707028,0.44953248,0.43517724,0.55422306,0.4741118,0.58104783
unfinished,P,word2vec_tiny_1_HOM_HALF,0.3525641,0.4018943,0.42416155,0.46456456,0.45290375,0.4758046
medication,P,word2vec_tiny_1_HOM_HALF,0.20214415,0.28110957,0.23921709,0.29091197,0.25681144,0.3029719
stepped,P,word2vec_tiny_1_HOM_HALF,0.36034638,0.42875993,0.44068733,0.5117478,0.46951964,0.5153513
sticky,P,word2vec_tiny_1_HOM_HALF,0.32349122,0.38073716,0.43256423,0.53639424,0.47159687,0.5528736
prank,M,word2vec_tiny_1_HOM_HALF,0.42480317,0.520582,0.4901768,0.5923733,0.5151077,0.5741853
wipe,P,word2vec_tiny_1_HOM_HALF,0.3446718,0.44570923,0.46547714,0.5682281,0.5101253,0.59099174
beauty,P,word2vec_tiny_1_HOM_HALF,0.27128956,0.3351052,0.3412656,0.42027906,0.37652427,0.46238667
crybaby,M,word2vec_tiny_1_HOM_HALF,0.25661343,0.33289975,0.35211223,0.4155308,0.3836203,0.42645067
donate,P,word2vec_tiny_1_HOM_HALF,0.30974504,0.36508,0.39669567,0.44965538,0.42846078,0.49177033
freezer,M,word2vec_tiny_1_HOM_HALF,0.35840482,0.46724188,0.47913447,0.62614423,0.52716273,0.66421497
flux,P,word2vec_tiny_1_HOM_HALF,0.19127946,0.20738794,0.22471716,0.2303052,0.23897408,0.24410862
librarian,M,word2vec_tiny_1_HOM_HALF,0.37548357,0.49159995,0.46707126,0.55354095,0.49981987,0.56782246
checkpoint,M,word2vec_tiny_1_HOM_HALF,0.2713592,0.3290792,0.3122795,0.36426836,0.3308739,0.36643207
abroad,P,word2vec_tiny_1_HOM_HALF,0.23346877,0.28611484,0.27904117,0.29650027,0.2973129,0.31320074
pork,P,word2vec_tiny_1_HOM_HALF,0.21364114,0.24408211,0.2916083,0.31033534,0.32452023,0.3562534
dioxide,M,word2vec_tiny_1_HOM_HALF,0.21822786,0.05463791,0.273823,0.18604445,0.3228286,0.34261304
glide,P,word2vec_tiny_1_HOM_HALF,0.34955648,0.44901076,0.4421847,0.5674087,0.4751605,0.59240943
extend,P,word2vec_tiny_1_HOM_HALF,0.18422927,0.18528332,0.21245307,0.21677297,0.22393213,0.22708994
snore,P,word2vec_tiny_1_HOM_HALF,0.3211189,0.4255191,0.4124305,0.5056472,0.4505238,0.5372506
energy,P,word2vec_tiny_1_HOM_HALF,0.39456287,0.45549956,0.46538976,0.47487387,0.4906253,0.49743292
sport,P,word2vec_tiny_1_HOM_HALF,0.3176978,0.40500543,0.47997883,0.6382801,0.5362383,0.6774131
cheer,P,word2vec_tiny_1_HOM_HALF,0.43911427,0.53360367,0.54204386,0.64848447,0.57531416,0.6515884
confirm,P,word2vec_tiny_1_HOM_HALF,0.22491929,0.24919668,0.25193402,0.27356777,0.26569077,0.2778916
desire,P,word2vec_tiny_1_HOM_HALF,0.2531399,0.29531062,0.3090874,0.35484508,0.33679473,0.38830343
shadow,P,word2vec_tiny_1_HOM_HALF,0.42712775,0.54833245,0.51338756,0.64590657,0.5452189,0.658902
jump,P,word2vec_tiny_1_HOM_HALF,0.37354967,0.5184497,0.5053224,0.67662156,0.5568061,0.7107429
loud,P,word2vec_tiny_1_HOM_HALF,0.33052388,0.4440931,0.4364921,0.50676227,0.4762824,0.5335781
napkin,P,word2vec_tiny_1_HOM_HALF,0.33851442,0.46402374,0.4314809,0.56285936,0.4820366,0.62844276
fridge,M,word2vec_tiny_1_HOM_HALF,0.31064272,0.4154062,0.455382,0.5820282,0.5093171,0.6357485
kindness,P,word2vec_tiny_1_HOM_HALF,0.26220793,0.3032917,0.35389477,0.37200516,0.38593543,0.3951784
ginger,P,word2vec_tiny_1_HOM_HALF,0.30232647,0.30042607,0.35182697,0.3273113,0.37149444,0.3570536
curious,P,word2vec_tiny_1_HOM_HALF,0.44267407,0.5699782,0.54367566,0.6732803,0.5845665,0.69370997
terror,P,word2vec_tiny_1_HOM_HALF,0.21011534,0.26188716,0.27987444,0.36534062,0.30975705,0.40062472
boyfriend,P,word2vec_tiny_1_HOM_HALF,0.22219786,0.22545159,0.26554185,0.2444136,0.28376248,0.25851768
install,P,word2vec_tiny_1_HOM_HALF,0.27246708,0.34460336,0.33140174,0.39006728,0.35394597,0.39251226
jolly,P,word2vec_tiny_1_HOM_HALF,0.2771997,0.3652303,0.42819768,0.557476,0.49429992,0.6045895
stick,H,word2vec_tiny_1_HOM_HALF,0.36500418,0.41944024,0.46728852,0.60833234,0.51400244,0.6571667
ledge,P,word2vec_tiny_1_HOM_HALF,0.29892337,0.36985198,0.36429024,0.43544653,0.39265832,0.4655917
explorer,P,word2vec_tiny_1_HOM_HALF,0.32556027,0.44787177,0.43509814,0.5746899,0.473316,0.58844143
disrupt,P,word2vec_tiny_1_HOM_HALF,0.20646958,0.24210003,0.24318947,0.26831695,0.25862396,0.281575
spoon,P,word2vec_tiny_1_HOM_HALF,0.26274514,0.37230146,0.3730346,0.4779881,0.4167629,0.510583
useful,M,word2vec_tiny_1_HOM_HALF,0.3395815,0.4174391,0.4643196,0.6074095,0.52190506,0.63994646
downhill,P,word2vec_tiny_1_HOM_HALF,0.2414043,0.30552414,0.3208936,0.41264546,0.36082256,0.45643649
recipe,P,word2vec_tiny_1_HOM_HALF,0.40578932,0.49458513,0.49666873,0.5847392,0.5239603,0.59126085
gratitude,M,word2vec_tiny_1_HOM_HALF,0.2745,0.30892998,0.36899972,0.39041027,0.40373936,0.41894838
pursuit,P,word2vec_tiny_1_HOM_HALF,0.28295788,0.33203933,0.3207936,0.37221956,0.33776402,0.40259472
culprit,M,word2vec_tiny_1_HOM_HALF,0.28966406,0.34376296,0.33733383,0.39068472,0.3589136,0.41621748
legendary,M,word2vec_tiny_1_HOM_HALF,0.19776155,0.22762004,0.22967003,0.2500427,0.24301292,0.26095492
litter,P,word2vec_tiny_1_HOM_HALF,0.3534092,0.4480066,0.4326785,0.53118724,0.46322763,0.5482912
jam,H,word2vec_tiny_1_HOM_HALF,0.22404261,0.28566873,0.33527806,0.43906987,0.38966238,0.4856634
obedient,M,word2vec_tiny_1_HOM_HALF,0.34239084,0.3699757,0.49713337,0.60912,0.55212504,0.6250558
canine,P,word2vec_tiny_1_HOM_HALF,0.25040716,0.26680678,0.28346676,0.29771373,0.2976898,0.30941275
feedback,P,word2vec_tiny_1_HOM_HALF,0.27500823,0.3059362,0.33897504,0.38914144,0.36719352,0.42895767
backyard,M,word2vec_tiny_1_HOM_HALF,0.39116114,0.512777,0.52834946,0.6736622,0.57147086,0.68262774
cashier,H,word2vec_tiny_1_HOM_HALF,0.29825145,0.3786666,0.4335484,0.5138372,0.48572266,0.5388601
tool,P,word2vec_tiny_1_HOM_HALF,0.29755408,0.40464124,0.4213997,0.56652164,0.469011,0.6167769
dependable,M,word2vec_tiny_1_HOM_HALF,0.27575153,0.3506519,0.44900548,0.56909883,0.50752485,0.6002085
stink,P,word2vec_tiny_1_HOM_HALF,0.2995246,0.3418207,0.36942878,0.441355,0.39718428,0.48162416
goddess,P,word2vec_tiny_1_HOM_HALF,0.2277855,0.2503161,0.26372498,0.27018994,0.2775124,0.29399332
gender,P,word2vec_tiny_1_HOM_HALF,0.13720593,0.16801472,0.17389508,0.20324844,0.19121994,0.22307685
stewardess,M,word2vec_tiny_1_HOM_HALF,0.280003,0.32722703,0.31972134,0.33521685,0.33466107,0.32076398
unclean,P,word2vec_tiny_1_HOM_HALF,0.18213394,0.1592978,0.21278076,0.20802608,0.22350869,0.21702148
ashtray,M,word2vec_tiny_1_HOM_HALF,0.32953072,0.41153827,0.43201083,0.54980916,0.48536545,0.6172236
spare,P,word2vec_tiny_1_HOM_HALF,0.4057548,0.46939397,0.4658453,0.50353116,0.48612526,0.50045377
impatient,P,word2vec_tiny_1_HOM_HALF,0.3353246,0.4411383,0.49854943,0.6216805,0.5618134,0.6858881
vital,P,word2vec_tiny_1_HOM_HALF,0.20741102,0.20827627,0.24106607,0.26425728,0.25904143,0.28687057
petition,P,word2vec_tiny_1_HOM_HALF,0.23994787,0.27389973,0.27220988,0.305733,0.2872187,0.32538357
toothbrush,M,word2vec_tiny_1_HOM_HALF,0.38323325,0.48390114,0.47474685,0.5947499,0.51057374,0.6177639
booster,P,word2vec_tiny_1_HOM_HALF,0.24807024,0.229772,0.28139684,0.24966036,0.2948856,0.25450167
dull,P,word2vec_tiny_1_HOM_HALF,0.32462507,0.45571968,0.4459332,0.5874787,0.51176476,0.6741238
pod,H,word2vec_tiny_1_HOM_HALF,0.32951587,0.3496248,0.40940082,0.45329818,0.4414686,0.4872244
thrill,P,word2vec_tiny_1_HOM_HALF,0.36452556,0.44605872,0.44670776,0.5105295,0.48301834,0.53757036
charge,P,word2vec_tiny_1_HOM_HALF,0.43689203,0.49847642,0.5045245,0.51935863,0.5310967,0.54233557
airborne,P,word2vec_tiny_1_HOM_HALF,0.23032475,0.29319873,0.26807326,0.32225165,0.28611377,0.33771494
lullaby,P,word2vec_tiny_1_HOM_HALF,0.36883113,0.47096714,0.45093405,0.57051325,0.48339435,0.57313424
uproar,P,word2vec_tiny_1_HOM_HALF,0.16064246,0.19384709,0.18865699,0.22013587,0.20159394,0.2277083
razor,P,word2vec_tiny_1_HOM_HALF,0.294974,0.3613879,0.43231952,0.555675,0.4861032,0.6197683
wall,P,word2vec_tiny_1_HOM_HALF,0.3483203,0.46412063,0.45902434,0.61052155,0.50230616,0.6534828
lifeboat,M,word2vec_tiny_1_HOM_HALF,0.18077509,0.23274143,0.21789287,0.26725316,0.23308714,0.2721832
rowboat,M,word2vec_tiny_1_HOM_HALF,0.29545182,0.3359932,0.37273377,0.44788402,0.4070375,0.48544142
guitar,P,word2vec_tiny_1_HOM_HALF,0.22019422,0.32217035,0.39515287,0.5447838,0.45839542,0.6095385
wealth,P,word2vec_tiny_1_HOM_HALF,0.26080647,0.33610356,0.32898465,0.37987554,0.35449204,0.3984275
chip,H,word2vec_tiny_1_HOM_HALF,0.37920633,0.3610668,0.43579066,0.41122568,0.46228,0.44060478
cocoa,P,word2vec_tiny_1_HOM_HALF,0.28786343,0.3633637,0.3844711,0.465221,0.43131396,0.5029317
vote,P,word2vec_tiny_1_HOM_HALF,0.25509834,0.30647144,0.32579494,0.41022235,0.35476014,0.44959933
abandon,P,word2vec_tiny_1_HOM_HALF,0.2830006,0.35330352,0.3318712,0.41996852,0.3527181,0.44013062
overnight,P,word2vec_tiny_1_HOM_HALF,0.33692813,0.4329525,0.40917397,0.46168178,0.43700287,0.48288998
equality,M,word2vec_tiny_1_HOM_HALF,0.17524281,0.20360179,0.21333842,0.2649198,0.23603626,0.29794982
sorrow,P,word2vec_tiny_1_HOM_HALF,0.22563331,0.29343674,0.3015362,0.3699316,0.33599064,0.3999529
possessive,P,word2vec_tiny_1_HOM_HALF,0.10700778,0.12742534,0.13370043,0.17266437,0.14569086,0.18957973
stress,P,word2vec_tiny_1_HOM_HALF,0.22115007,0.2664775,0.28372648,0.35877687,0.3108225,0.38497663
runny,P,word2vec_tiny_1_HOM_HALF,0.35343936,0.38645646,0.43844464,0.5033603,0.47569454,0.5370897
pine,H,word2vec_tiny_1_HOM_HALF,0.32920983,0.44110784,0.4462305,0.58261764,0.49017915,0.6250892
stance,P,word2vec_tiny_1_HOM_HALF,0.16463965,0.20232472,0.19262674,0.23498267,0.20489986,0.24967141
sunset,P,word2vec_tiny_1_HOM_HALF,0.3557499,0.458687,0.4705582,0.57430774,0.509397,0.581217
huff,P,word2vec_tiny_1_HOM_HALF,0.31627306,0.32247254,0.3706932,0.39312568,0.3945246,0.41946152
salty,P,word2vec_tiny_1_HOM_HALF,0.32403174,0.35625598,0.39136904,0.39443517,0.4221637,0.418608
hunch,P,word2vec_tiny_1_HOM_HALF,0.18502966,0.18441576,0.21383293,0.21415561,0.22597004,0.22903419
disruption,M,word2vec_tiny_1_HOM_HALF,0.22036238,0.22712353,0.25542998,0.25882238,0.27027878,0.27259028
hazard,P,word2vec_tiny_1_HOM_HALF,0.20393693,0.21020176,0.24085595,0.24566069,0.25491214,0.25229642
needy,M,word2vec_tiny_1_HOM_HALF,0.22958264,0.19351864,0.25984275,0.24108684,0.27313393,0.25705773
glimpse,P,word2vec_tiny_1_HOM_HALF,0.3561704,0.39207646,0.4249405,0.46375751,0.45030895,0.47814912
foam,P,word2vec_tiny_1_HOM_HALF,0.38842514,0.4684929,0.4524299,0.54802823,0.4813216,0.5786013
billboard,M,word2vec_tiny_1_HOM_HALF,0.4076759,0.5471804,0.494711,0.6274572,0.5369969,0.6788731
sensor,M,word2vec_tiny_1_HOM_HALF,0.1942524,0.21662998,0.22410946,0.24345364,0.23740585,0.25834054
temporary,P,word2vec_tiny_1_HOM_HALF,0.23826036,0.2860862,0.27770346,0.3294784,0.29459044,0.3489795
preacher,M,word2vec_tiny_1_HOM_HALF,0.21918833,0.2396469,0.24945448,0.25654954,0.26328054,0.26457718
blush,P,word2vec_tiny_1_HOM_HALF,0.3019356,0.35568658,0.42425606,0.49138623,0.46753585,0.5453231
mend,P,word2vec_tiny_1_HOM_HALF,0.3198768,0.4206841,0.4054838,0.50750923,0.44313985,0.53748053
kick,P,word2vec_tiny_1_HOM_HALF,0.3329752,0.475203,0.47759372,0.64079547,0.5418383,0.6894458
tough,P,word2vec_tiny_1_HOM_HALF,0.31878445,0.45411113,0.44497812,0.5983966,0.4916981,0.6133167
local,P,word2vec_tiny_1_HOM_HALF,0.34303778,0.42731345,0.3991718,0.4960873,0.4261048,0.51330084
pushy,M,word2vec_tiny_1_HOM_HALF,0.35781905,0.3606021,0.4066679,0.41350996,0.42831323,0.4191659
spy,P,word2vec_tiny_1_HOM_HALF,0.36753285,0.4374041,0.46432078,0.5496997,0.5042367,0.5816164
moist,P,word2vec_tiny_1_HOM_HALF,0.24813032,0.30885556,0.33208072,0.3585098,0.36707458,0.39971617
coat,P,word2vec_tiny_1_HOM_HALF,0.2438604,0.32722723,0.39449868,0.5254342,0.46184856,0.6115368
broom,P,word2vec_tiny_1_HOM_HALF,0.4230393,0.49675244,0.53133273,0.6589686,0.56569296,0.66933465
scar,P,word2vec_tiny_1_HOM_HALF,0.36089945,0.41708443,0.43728587,0.50146985,0.46894112,0.5459121
hoist,P,word2vec_tiny_1_HOM_HALF,0.26075175,0.2982625,0.32125625,0.37784994,0.34564695,0.38938528
pound,H,word2vec_tiny_1_HOM_HALF,0.31316805,0.22871742,0.38335896,0.38708982,0.41779488,0.47104585
tobacco,P,word2vec_tiny_1_HOM_HALF,0.24604967,0.28010094,0.287497,0.31198534,0.3029145,0.319243
unicorn,M,word2vec_tiny_1_HOM_HALF,0.40087193,0.53823,0.5004511,0.64329845,0.53390574,0.6262668
tidy,P,word2vec_tiny_1_HOM_HALF,0.36177492,0.5208971,0.49544224,0.61758536,0.53733945,0.62587297
metallic,P,word2vec_tiny_1_HOM_HALF,0.27884334,0.33951095,0.35385364,0.4503329,0.3840797,0.47803363
appeal,P,word2vec_tiny_1_HOM_HALF,0.20860663,0.16804925,0.2464018,0.21172783,0.27880687,0.34693158
assurance,P,word2vec_tiny_1_HOM_HALF,0.14072107,0.18594347,0.16551052,0.21143542,0.1776971,0.22428767
destroyer,P,word2vec_tiny_1_HOM_HALF,0.34809005,0.3860295,0.38908482,0.42089546,0.4045591,0.4233439
declare,P,word2vec_tiny_1_HOM_HALF,0.25790697,0.32295555,0.30297613,0.3869196,0.3228139,0.39331508
wild,P,word2vec_tiny_1_HOM_HALF,0.37301064,0.4579133,0.47778502,0.62319905,0.5144312,0.6367668
popcorn,P,word2vec_tiny_1_HOM_HALF,0.28925595,0.32992518,0.38000464,0.45018712,0.43893695,0.5179369
chicken,P,word2vec_tiny_1_HOM_HALF,0.25379378,0.2823489,0.3925829,0.5343198,0.45767725,0.6034982
cloud,P,word2vec_tiny_1_HOM_HALF,0.33319625,0.4439777,0.4488186,0.57952255,0.4951034,0.60960525
saucer,M,word2vec_tiny_1_HOM_HALF,0.41107997,0.49749637,0.4729906,0.5148524,0.5000348,0.5528967
hyena,M,word2vec_tiny_1_HOM_HALF,0.28558227,0.3566604,0.3627208,0.45243534,0.39619216,0.47077006
controller,P,word2vec_tiny_1_HOM_HALF,0.28021073,0.34490243,0.3511551,0.44905478,0.38903743,0.49156782
bunk,H,word2vec_tiny_1_HOM_HALF,0.33800608,0.39210048,0.41243675,0.43995035,0.43741173,0.432204
plate,P,word2vec_tiny_1_HOM_HALF,0.28084683,0.36587775,0.38214928,0.49308735,0.43212926,0.5430448
silly,P,word2vec_tiny_1_HOM_HALF,0.3614427,0.4779579,0.49379906,0.6379122,0.540522,0.64682174
tumble,P,word2vec_tiny_1_HOM_HALF,0.30566806,0.38123953,0.3954095,0.49190405,0.43289542,0.5260808
raisin,M,word2vec_tiny_1_HOM_HALF,0.22847648,0.2549298,0.30076173,0.33616287,0.33403412,0.3755252
trumpet,P,word2vec_tiny_1_HOM_HALF,0.26237953,0.34868407,0.42130253,0.55863005,0.47842157,0.6163362
squirrel,P,word2vec_tiny_1_HOM_HALF,0.32412043,0.43526155,0.42996028,0.5379165,0.4761133,0.5854807
exchange,P,word2vec_tiny_1_HOM_HALF,0.36958534,0.40176713,0.43169352,0.46065083,0.4572886,0.48071137
flavor,P,word2vec_tiny_1_HOM_HALF,0.30206436,0.34683093,0.38627613,0.41438013,0.4233477,0.43624213
glass,P,word2vec_tiny_1_HOM_HALF,0.34031373,0.40707698,0.46110386,0.58975935,0.5043634,0.63621056
bunch,P,word2vec_tiny_1_HOM_HALF,0.41047496,0.5138954,0.5037606,0.60710686,0.54173106,0.6325278
inspect,P,word2vec_tiny_1_HOM_HALF,0.3116178,0.34955308,0.38799036,0.43616372,0.4148521,0.45739013
bum,P,word2vec_tiny_1_HOM_HALF,0.27924109,0.32825264,0.37176257,0.45883024,0.4081169,0.49530926
telescope,P,word2vec_tiny_1_HOM_HALF,0.3695292,0.4948759,0.46619043,0.5911432,0.50210726,0.61747795
large,P,word2vec_tiny_1_HOM_HALF,0.34072843,0.4307759,0.46556735,0.5888663,0.5142679,0.6310198
variety,P,word2vec_tiny_1_HOM_HALF,0.32138366,0.41867456,0.40229264,0.51540124,0.43397388,0.53987825
meantime,P,word2vec_tiny_1_HOM_HALF,0.38649356,0.37999564,0.4390887,0.4034512,0.45679083,0.42145196
overhear,M,word2vec_tiny_1_HOM_HALF,0.1680897,0.17714348,0.19511075,0.20844556,0.20677176,0.22312422
princess,P,word2vec_tiny_1_HOM_HALF,0.30639738,0.44155982,0.44196698,0.5941601,0.49443412,0.62391174
sanctuary,P,word2vec_tiny_1_HOM_HALF,0.34082055,0.38872772,0.39396113,0.42376283,0.41646096,0.44172037
astray,P,word2vec_tiny_1_HOM_HALF,0.18946627,0.20008332,0.22650042,0.24121304,0.24485867,0.2560386
suitable,M,word2vec_tiny_1_HOM_HALF,0.36342025,0.41562164,0.42765152,0.47884893,0.45678937,0.49827167
shield,P,word2vec_tiny_1_HOM_HALF,0.30725232,0.42466256,0.41875976,0.5811673,0.46913147,0.6325794
rod,P,word2vec_tiny_1_HOM_HALF,0.29953808,0.40329963,0.40688926,0.5677084,0.46083394,0.625341
gutter,P,word2vec_tiny_1_HOM_HALF,0.32138658,0.37494478,0.37693638,0.44897002,0.4017833,0.47530186
grapefruit,P,word2vec_tiny_1_HOM_HALF,0.20416395,0.2604065,0.26998252,0.33223224,0.30556676,0.3746722
chaos,P,word2vec_tiny_1_HOM_HALF,0.38133842,0.48336557,0.45008084,0.5332175,0.47806585,0.5509083
bus,H,word2vec_tiny_1_HOM_HALF,0.28764656,0.34866512,0.41912484,0.560634,0.4689029,0.61020696
scooter,P,word2vec_tiny_1_HOM_HALF,0.23635802,0.3351667,0.40473557,0.5701106,0.46790686,0.62630427
rink,P,word2vec_tiny_1_HOM_HALF,0.3744287,0.50229454,0.49099597,0.6234934,0.530814,0.62955654
round,P,word2vec_tiny_1_HOM_HALF,0.40179378,0.5253745,0.50818545,0.65441376,0.55063665,0.69986093
hamper,H,word2vec_tiny_1_HOM_HALF,0.3319633,0.44884342,0.41122827,0.5231021,0.44438335,0.545553
pressure,P,word2vec_tiny_1_HOM_HALF,0.31609172,0.3744004,0.37863585,0.4766787,0.40229216,0.49998388
wacky,M,word2vec_tiny_1_HOM_HALF,0.39006066,0.4523738,0.45601997,0.5227737,0.48624083,0.5710279
allow,P,word2vec_tiny_1_HOM_HALF,0.39250472,0.52303237,0.5382265,0.64761174,0.58219546,0.6417239
colony,P,word2vec_tiny_1_HOM_HALF,0.34399328,0.47677875,0.4034413,0.49989474,0.42795736,0.5118215
squeak,P,word2vec_tiny_1_HOM_HALF,0.34992808,0.41691247,0.4237661,0.48014355,0.4586622,0.51822793
halfway,P,word2vec_tiny_1_HOM_HALF,0.4171316,0.5112498,0.48155364,0.54288816,0.5116586,0.5635255
forward,P,word2vec_tiny_1_HOM_HALF,0.45486814,0.45782676,0.51237047,0.45292062,0.52892816,0.4662985
assess,P,word2vec_tiny_1_HOM_HALF,0.15802915,0.1848259,0.18005268,0.20482588,0.19068287,0.21796626
metal,P,word2vec_tiny_1_HOM_HALF,0.3432333,0.45513168,0.4507651,0.58947045,0.49309474,0.63519496
drummer,P,word2vec_tiny_1_HOM_HALF,0.32530826,0.416184,0.41216674,0.52086437,0.4495282,0.5524288
strategy,P,word2vec_tiny_1_HOM_HALF,0.20737045,0.27618995,0.265211,0.34805495,0.29225504,0.3792123
farewell,P,word2vec_tiny_1_HOM_HALF,0.27417776,0.36062825,0.34881568,0.4289252,0.37711266,0.4476521
fly,H,word2vec_tiny_1_HOM_HALF,0.3415063,0.42412102,0.47129345,0.62263066,0.5202193,0.6551761
scroll,P,word2vec_tiny_1_HOM_HALF,0.35741514,0.4466265,0.41304013,0.48930395,0.43564758,0.5015111
bowl,H,word2vec_tiny_1_HOM_HALF,0.27863917,0.3717427,0.37639818,0.49727118,0.41972724,0.52194417
lounge,P,word2vec_tiny_1_HOM_HALF,0.3495686,0.39731658,0.41524222,0.46431544,0.4387469,0.4813289
meatball,P,word2vec_tiny_1_HOM_HALF,0.21265526,0.22838634,0.26724565,0.2847257,0.29367793,0.32724005
headline,P,word2vec_tiny_1_HOM_HALF,0.28284195,0.3307855,0.35494745,0.41572666,0.38266104,0.44403276
sketch,P,word2vec_tiny_1_HOM_HALF,0.24172442,0.31079888,0.30191284,0.38127646,0.3246679,0.3938707
network,P,word2vec_tiny_1_HOM_HALF,0.42859632,0.55699396,0.49441102,0.63824314,0.526705,0.67180544
throttle,P,word2vec_tiny_1_HOM_HALF,0.22836332,0.25304955,0.27377945,0.29927278,0.29132664,0.29881588
pledge,P,word2vec_tiny_1_HOM_HALF,0.14090303,0.15451272,0.1661811,0.19010657,0.17811659,0.20556644
breed,P,word2vec_tiny_1_HOM_HALF,0.28587073,0.2925514,0.33398652,0.34885004,0.35257608,0.3572337
flexible,P,word2vec_tiny_1_HOM_HALF,0.36954802,0.5159465,0.49759933,0.6544058,0.54773706,0.7031017
pillar,P,word2vec_tiny_1_HOM_HALF,0.24308506,0.23632722,0.28203812,0.27737662,0.2967839,0.28955898
continuous,M,word2vec_tiny_1_HOM_HALF,0.15513599,0.16886026,0.18711555,0.19186722,0.20006886,0.20807312
barn,M,word2vec_tiny_1_HOM_HALF,0.2871266,0.3345739,0.43278575,0.57705206,0.49853137,0.6545454
dinnertime,M,word2vec_tiny_1_HOM_HALF,0.3127995,0.34351256,0.3521979,0.37579724,0.36894596,0.39688385
latch,P,word2vec_tiny_1_HOM_HALF,0.27422243,0.36537796,0.37761366,0.49424472,0.41807038,0.518056
bride,H,word2vec_tiny_1_HOM_HALF,0.35892877,0.4673395,0.45627135,0.5811766,0.5001305,0.6141148
announce,P,word2vec_tiny_1_HOM_HALF,0.3223303,0.3979306,0.38500637,0.46349174,0.41310066,0.48485586
appear,P,word2vec_tiny_1_HOM_HALF,0.40735334,0.4975244,0.53522646,0.63020444,0.5708094,0.6422297
complete,P,word2vec_tiny_1_HOM_HALF,0.3752839,0.523835,0.48156852,0.57477987,0.5180318,0.5691836
delightful,M,word2vec_tiny_1_HOM_HALF,0.30744925,0.3720894,0.37078616,0.46711266,0.39842713,0.48996055
accordion,P,word2vec_tiny_1_HOM_HALF,0.2396429,0.24901935,0.27381212,0.27770546,0.28853393,0.27920765
plaque,P,word2vec_tiny_1_HOM_HALF,0.31756702,0.38901246,0.3611599,0.44889015,0.37895158,0.4626729
replica,P,word2vec_tiny_1_HOM_HALF,0.17442788,0.18308027,0.19959112,0.20622128,0.21119152,0.22061776
cowboy,P,word2vec_tiny_1_HOM_HALF,0.33587408,0.41842955,0.45708632,0.57311773,0.51209337,0.6186428
turbulence,P,word2vec_tiny_1_HOM_HALF,0.28890792,0.32407993,0.32677162,0.34859318,0.34205794,0.3549319
crust,P,word2vec_tiny_1_HOM_HALF,0.26137725,0.30919123,0.3228506,0.3872133,0.35538772,0.42291117
bag,P,word2vec_tiny_1_HOM_HALF,0.3472163,0.49067548,0.4816547,0.6263051,0.5284102,0.6445332
scarce,P,word2vec_tiny_1_HOM_HALF,0.17599472,0.17508984,0.2154769,0.22371495,0.23407254,0.24070081
apology,P,word2vec_tiny_1_HOM_HALF,0.3687845,0.4067929,0.42017198,0.46043432,0.44063142,0.45888793
ornament,P,word2vec_tiny_1_HOM_HALF,0.29442978,0.3832703,0.41228884,0.546389,0.46554133,0.610451
fancy,P,word2vec_tiny_1_HOM_HALF,0.316209,0.38449088,0.44104192,0.60242665,0.49345884,0.65148395
bind,P,word2vec_tiny_1_HOM_HALF,0.25576192,0.32593894,0.30185908,0.40158272,0.32116416,0.41455567
cranky,P,word2vec_tiny_1_HOM_HALF,0.39944133,0.46645844,0.4802452,0.5456959,0.5109859,0.5434645
rhythmic,M,word2vec_tiny_1_HOM_HALF,0.21005479,0.29527637,0.27592838,0.3956171,0.30879056,0.4320483
malicious,M,word2vec_tiny_1_HOM_HALF,0.20161223,0.22590119,0.22895052,0.26907146,0.2415311,0.27984554
forecast,P,word2vec_tiny_1_HOM_HALF,0.28473848,0.2988366,0.33733666,0.339829,0.3588463,0.3518826
stroll,P,word2vec_tiny_1_HOM_HALF,0.36843753,0.46792352,0.4658185,0.55063486,0.49747467,0.56420827
comet,M,word2vec_tiny_1_HOM_HALF,0.30254292,0.429179,0.42584553,0.57408017,0.4773396,0.62353384
mocha,P,word2vec_tiny_1_HOM_HALF,0.24711077,0.22079355,0.2756487,0.26446185,0.2870265,0.27045798
situation,P,word2vec_tiny_1_HOM_HALF,0.31815708,0.36177972,0.37448975,0.4065488,0.3995002,0.435204
copilot,M,word2vec_tiny_1_HOM_HALF,0.38862318,0.5012608,0.48789892,0.5769877,0.52430785,0.61419505
paste,H,word2vec_tiny_1_HOM_HALF,0.29455858,0.37748694,0.3541268,0.44934332,0.38277167,0.48333558
drawer,P,word2vec_tiny_1_HOM_HALF,0.31630865,0.42034793,0.4476486,0.6070717,0.5025605,0.6540918
skill,P,word2vec_tiny_1_HOM_HALF,0.2886066,0.30341664,0.37294373,0.39450666,0.40794152,0.42621142
fossil,P,word2vec_tiny_1_HOM_HALF,0.36764625,0.44563004,0.44674543,0.539378,0.47703606,0.55578536
join,P,word2vec_tiny_1_HOM_HALF,0.47025615,0.5786211,0.56780934,0.67463505,0.601366,0.68347627
sequence,P,word2vec_tiny_1_HOM_HALF,0.2425704,0.2501714,0.31530643,0.32149413,0.34377334,0.36869058
deliver,P,word2vec_tiny_1_HOM_HALF,0.35118347,0.48817787,0.4941939,0.6459265,0.5428237,0.66920525
succeed,P,word2vec_tiny_1_HOM_HALF,0.40380043,0.5403974,0.5043272,0.58596504,0.5373875,0.5507197
snip,P,word2vec_tiny_1_HOM_HALF,0.32870913,0.38347426,0.42727116,0.49020094,0.46688294,0.54007226
potty,P,word2vec_tiny_1_HOM_HALF,0.3981972,0.5215584,0.49720043,0.607288,0.52999777,0.6346502
vegetable,P,word2vec_tiny_1_HOM_HALF,0.2152082,0.26943585,0.35017654,0.44873565,0.41276512,0.5070662
worthy,P,word2vec_tiny_1_HOM_HALF,0.21995862,0.23507445,0.26799816,0.3134253,0.292363,0.350772
victorious,P,word2vec_tiny_1_HOM_HALF,0.24183603,0.3357009,0.3173315,0.40400323,0.3516904,0.4321394
pillow,P,word2vec_tiny_1_HOM_HALF,0.307769,0.4203672,0.44676727,0.60673475,0.49215308,0.6440627
phenomenon,P,word2vec_tiny_1_HOM_HALF,0.15922615,0.1760519,0.18350743,0.20786819,0.19525875,0.22209795
lap,H,word2vec_tiny_1_HOM_HALF,0.39706582,0.4798288,0.48163852,0.58272326,0.5139761,0.61062074
corn,H,word2vec_tiny_1_HOM_HALF,0.23526701,0.3199513,0.3501444,0.4933189,0.41045418,0.56959826
farmer,M,word2vec_tiny_1_HOM_HALF,0.27133328,0.31168273,0.40725043,0.5512053,0.46843064,0.6140158
sleeve,P,word2vec_tiny_1_HOM_HALF,0.33709127,0.44393325,0.41601506,0.51732284,0.4441152,0.54355615
chunky,P,word2vec_tiny_1_HOM_HALF,0.33876473,0.43284997,0.3904335,0.4962448,0.41260442,0.52528185
funky,H,word2vec_tiny_1_HOM_HALF,0.26999968,0.3080777,0.31610608,0.3726461,0.3319778,0.38789707
pet,H,word2vec_tiny_1_HOM_HALF,0.41882104,0.5098758,0.5193369,0.6044491,0.5531482,0.61016566
ringer,H,word2vec_tiny_1_HOM_HALF,0.37102953,0.47472477,0.4390663,0.51204574,0.46446192,0.50927925
confuse,P,word2vec_tiny_1_HOM_HALF,0.3186406,0.38710704,0.37825325,0.46206957,0.40327743,0.49297574
persuasion,P,word2vec_tiny_1_HOM_HALF,0.21975581,0.2872711,0.2860799,0.34972477,0.30878276,0.37388918
innocent,P,word2vec_tiny_1_HOM_HALF,0.39070934,0.48221108,0.44892108,0.51746625,0.47160745,0.5261575
tragic,P,word2vec_tiny_1_HOM_HALF,0.19575553,0.24986851,0.26674512,0.3401334,0.3001077,0.3763369
register,P,word2vec_tiny_1_HOM_HALF,0.2584692,0.3482011,0.36196053,0.45999882,0.40630105,0.50118643
scarf,H,word2vec_tiny_1_HOM_HALF,0.28835166,0.4066387,0.39260784,0.53009254,0.4470306,0.5827013
marmalade,M,word2vec_tiny_1_HOM_HALF,0.33822364,0.39697835,0.381612,0.4582127,0.40184078,0.476723
consume,P,word2vec_tiny_1_HOM_HALF,0.14948459,0.14310248,0.1772788,0.1836318,0.189944,0.19975688
rice,P,word2vec_tiny_1_HOM_HALF,0.2100379,0.29718226,0.3308652,0.44765607,0.39535034,0.4998163
pitcher,H,word2vec_tiny_1_HOM_HALF,0.3153719,0.3997404,0.39365655,0.46122724,0.43042043,0.4939271
suffer,P,word2vec_tiny_1_HOM_HALF,0.36550173,0.5023943,0.48128232,0.596557,0.52062285,0.60499334
logic,P,word2vec_tiny_1_HOM_HALF,0.20563002,0.26876867,0.26047736,0.33998147,0.28463545,0.3777259
sling,H,word2vec_tiny_1_HOM_HALF,0.31065816,0.34970397,0.38597187,0.3986076,0.41355497,0.42152563
unheard,P,word2vec_tiny_1_HOM_HALF,0.18081336,0.21257037,0.2124091,0.24428867,0.22602761,0.25737518
raffle,P,word2vec_tiny_1_HOM_HALF,0.2227941,0.2282716,0.2529987,0.24291973,0.2659469,0.2481417
lobby,P,word2vec_tiny_1_HOM_HALF,0.38122422,0.4886954,0.47059813,0.5982581,0.50930893,0.6348357
furniture,M,word2vec_tiny_1_HOM_HALF,0.31039467,0.41207832,0.42648792,0.57433414,0.47873834,0.6375624
lovable,M,word2vec_tiny_1_HOM_HALF,0.30965915,0.38406944,0.37190673,0.4280947,0.3941964,0.45527124
destroy,P,word2vec_tiny_1_HOM_HALF,0.40289015,0.56917125,0.52748024,0.6856087,0.5710346,0.6908917
cowardly,P,word2vec_tiny_1_HOM_HALF,0.26984134,0.34038976,0.33422458,0.39091483,0.35958192,0.4047898
jug,P,word2vec_tiny_1_HOM_HALF,0.30448437,0.4280818,0.4328192,0.5831118,0.48322433,0.6336552
champion,P,word2vec_tiny_1_HOM_HALF,0.3251029,0.38685074,0.3859384,0.48968926,0.4163968,0.49669307
guide,P,word2vec_tiny_1_HOM_HALF,0.39929307,0.5085759,0.4775411,0.5525649,0.50098205,0.547353
ballroom,M,word2vec_tiny_1_HOM_HALF,0.3539651,0.44490826,0.43710122,0.52295715,0.4690503,0.5593679
optimistic,P,word2vec_tiny_1_HOM_HALF,0.2529493,0.27715638,0.30285987,0.33709058,0.326439,0.37000477
captive,P,word2vec_tiny_1_HOM_HALF,0.17146274,0.19597271,0.19902872,0.22450164,0.21103846,0.23587129
plank,P,word2vec_tiny_1_HOM_HALF,0.43678316,0.51195604,0.49356738,0.5742639,0.51832986,0.58530056
plug,P,word2vec_tiny_1_HOM_HALF,0.32446066,0.39120415,0.42886275,0.5273107,0.47123122,0.5640521
volunteer,P,word2vec_tiny_1_HOM_HALF,0.36323342,0.40659606,0.42960018,0.48609945,0.45702162,0.5070324
hearty,P,word2vec_tiny_1_HOM_HALF,0.30795154,0.2997199,0.3587453,0.37885585,0.37994584,0.39851236
wool,P,word2vec_tiny_1_HOM_HALF,0.3423519,0.46383017,0.4669395,0.61728173,0.51014656,0.64981455
divine,P,word2vec_tiny_1_HOM_HALF,0.21364054,0.22293903,0.26704335,0.313093,0.290688,0.34929982
ideal,P,word2vec_tiny_1_HOM_HALF,0.29222637,0.28675532,0.3339936,0.34192675,0.3501925,0.34656617
mystical,P,word2vec_tiny_1_HOM_HALF,0.23854804,0.3208185,0.30494818,0.4113622,0.3304363,0.4314146
swordfish,M,word2vec_tiny_1_HOM_HALF,0.31912893,0.3898757,0.3986638,0.50576186,0.43656257,0.5483571
fatigue,P,word2vec_tiny_1_HOM_HALF,0.197141,0.23263516,0.23812383,0.29202607,0.25416973,0.3122934
exception,P,word2vec_tiny_1_HOM_HALF,0.32903638,0.32999772,0.37942204,0.3754324,0.3970428,0.39292777
department,P,word2vec_tiny_1_HOM_HALF,0.2691353,0.38622007,0.39216596,0.50524485,0.4352397,0.5286504
chaser,P,word2vec_tiny_1_HOM_HALF,0.13530631,0.14052695,0.15971965,0.18322055,0.17088851,0.20098487
quicksand,M,word2vec_tiny_1_HOM_HALF,0.295675,0.3566314,0.35257488,0.40791678,0.37605506,0.43177763
parental,M,word2vec_tiny_1_HOM_HALF,0.13729185,0.1678449,0.17129031,0.20552817,0.18778974,0.22596338
corny,P,word2vec_tiny_1_HOM_HALF,0.34214526,0.39335662,0.4254882,0.54218054,0.46404415,0.58842766
formation,P,word2vec_tiny_1_HOM_HALF,0.26990125,0.32444468,0.33497143,0.4098969,0.36331746,0.44809082
planner,P,word2vec_tiny_1_HOM_HALF,0.2579184,0.2496643,0.3110906,0.28324145,0.33080643,0.2897417
marker,P,word2vec_tiny_1_HOM_HALF,0.28393596,0.33391517,0.39685464,0.48683575,0.44810286,0.5576773
prune,H,word2vec_tiny_1_HOM_HALF,0.22859748,0.28061128,0.35651246,0.47813022,0.42342186,0.55764
gain,P,word2vec_tiny_1_HOM_HALF,0.4289178,0.5530872,0.5247516,0.6094321,0.55275637,0.5679011
scalp,P,word2vec_tiny_1_HOM_HALF,0.25587612,0.3474202,0.31449535,0.42577934,0.34434596,0.4673253
bottle,P,word2vec_tiny_1_HOM_HALF,0.32452103,0.44080845,0.45048237,0.60152155,0.4966104,0.64032274
mention,P,word2vec_tiny_1_HOM_HALF,0.44110766,0.59050936,0.52464175,0.61703193,0.55167717,0.59534
glee,P,word2vec_tiny_1_HOM_HALF,0.2678595,0.3690936,0.38721412,0.46816862,0.42577976,0.47848463
errand,P,word2vec_tiny_1_HOM_HALF,0.2847839,0.33053434,0.32852614,0.3696386,0.34570146,0.3860193
childhood,M,word2vec_tiny_1_HOM_HALF,0.32778358,0.38727778,0.3921821,0.43830845,0.41550705,0.44047353
shake,P,word2vec_tiny_1_HOM_HALF,0.40352854,0.55023926,0.5171337,0.66428506,0.56020784,0.6992592
reverence,P,word2vec_tiny_1_HOM_HALF,0.13751844,0.15004088,0.16025633,0.17931314,0.17065114,0.19962607
limb,H,word2vec_tiny_1_HOM_HALF,0.28728363,0.340325,0.35336408,0.43638134,0.3778542,0.4498897
coward,P,word2vec_tiny_1_HOM_HALF,0.25626618,0.3412081,0.36190292,0.44654948,0.39390552,0.47430995
property,P,word2vec_tiny_1_HOM_HALF,0.32257915,0.40041137,0.3954112,0.43573892,0.42804953,0.45884955
sundae,M,word2vec_tiny_1_HOM_HALF,0.26238665,0.2879971,0.34925178,0.38291925,0.39142624,0.4214644
fashion,P,word2vec_tiny_1_HOM_HALF,0.30037466,0.36917096,0.42870903,0.5404055,0.47776932,0.6191722
ecstatic,P,word2vec_tiny_1_HOM_HALF,0.27233168,0.3918383,0.33903283,0.42832842,0.3604802,0.43512416
copper,P,word2vec_tiny_1_HOM_HALF,0.31810504,0.3602652,0.45231482,0.5886591,0.5010886,0.6198118
hammer,P,word2vec_tiny_1_HOM_HALF,0.27827126,0.40043938,0.4048187,0.57063776,0.45791894,0.62403995
bumper,P,word2vec_tiny_1_HOM_HALF,0.2848511,0.34698668,0.39011237,0.4774667,0.433929,0.5365397
unknown,P,word2vec_tiny_1_HOM_HALF,0.38430348,0.45096436,0.50949574,0.63544667,0.5498831,0.64049864
press,H,word2vec_tiny_1_HOM_HALF,0.34180775,0.4096263,0.46475455,0.5704635,0.50889415,0.6148904
smoker,P,word2vec_tiny_1_HOM_HALF,0.15572727,0.17595327,0.18018037,0.19103684,0.19075489,0.20608525
innocence,P,word2vec_tiny_1_HOM_HALF,0.22035556,0.27887785,0.26538152,0.34693035,0.28529176,0.3694097
rascal,P,word2vec_tiny_1_HOM_HALF,0.28078082,0.3385756,0.3248412,0.38578463,0.34303233,0.4064224
venue,P,word2vec_tiny_1_HOM_HALF,0.18460973,0.17824642,0.21586151,0.22269835,0.228014,0.22919719
chase,H,word2vec_tiny_1_HOM_HALF,0.38735262,0.53823084,0.51254976,0.6460629,0.5485968,0.6475374
user,P,word2vec_tiny_1_HOM_HALF,0.2516132,0.2955488,0.28801525,0.32745525,0.303645,0.33149996
insect,P,word2vec_tiny_1_HOM_HALF,0.23429532,0.33482915,0.38717616,0.53452635,0.45125797,0.5977275
escape,P,word2vec_tiny_1_HOM_HALF,0.42561936,0.57835495,0.5095272,0.5727843,0.5367682,0.55390984
gag,H,word2vec_tiny_1_HOM_HALF,0.23360269,0.28349602,0.32431018,0.4193556,0.36111405,0.4487147
lifeless,P,word2vec_tiny_1_HOM_HALF,0.27607685,0.35955584,0.33046037,0.41619897,0.3531649,0.4479373
sunrise,P,word2vec_tiny_1_HOM_HALF,0.3813445,0.48987663,0.49815112,0.6293462,0.5365084,0.65130156
refresh,P,word2vec_tiny_1_HOM_HALF,0.15750206,0.17848766,0.18544069,0.21515274,0.19805717,0.23331475
meek,P,word2vec_tiny_1_HOM_HALF,0.30355647,0.32324734,0.34783095,0.3828485,0.36587808,0.39426234
troll,H,word2vec_tiny_1_HOM_HALF,0.33786154,0.37190652,0.42282715,0.45158756,0.45040908,0.4707325
snowy,P,word2vec_tiny_1_HOM_HALF,0.3516838,0.4818491,0.4583638,0.6081042,0.49991667,0.6362888
breath,P,word2vec_tiny_1_HOM_HALF,0.46069488,0.5937543,0.5633105,0.66030324,0.59246886,0.6534542
straighten,P,word2vec_tiny_1_HOM_HALF,0.2830687,0.33299476,0.35473278,0.46398407,0.38509753,0.5036309
plight,H,word2vec_tiny_1_HOM_HALF,0.2568434,0.3198493,0.3249055,0.3792225,0.3503719,0.41426748
delay,P,word2vec_tiny_1_HOM_HALF,0.42229453,0.55940026,0.5443526,0.66499555,0.58091694,0.63089347
exterior,P,word2vec_tiny_1_HOM_HALF,0.2501332,0.23785263,0.29289377,0.28925404,0.3076819,0.29835984
cockpit,P,word2vec_tiny_1_HOM_HALF,0.35484853,0.43721372,0.4387977,0.55162674,0.4749316,0.5880341
thoughtful,P,word2vec_tiny_1_HOM_HALF,0.23897998,0.32897884,0.41973317,0.5712615,0.49116582,0.62073153
sage,H,word2vec_tiny_1_HOM_HALF,0.29695788,0.34497154,0.34519306,0.40409952,0.36354965,0.42290294
twig,M,word2vec_tiny_1_HOM_HALF,0.3090625,0.4357476,0.42683446,0.58169055,0.47475982,0.6392589
creepy,P,word2vec_tiny_1_HOM_HALF,0.35492805,0.47322816,0.4431063,0.5407201,0.4749359,0.55723983
unpopular,P,word2vec_tiny_1_HOM_HALF,0.120884314,0.14402705,0.1435047,0.1798302,0.15557985,0.19557232
garbage,P,word2vec_tiny_1_HOM_HALF,0.3244717,0.45745194,0.43412754,0.5395313,0.47493538,0.57549757
alphabet,P,word2vec_tiny_1_HOM_HALF,0.26855835,0.31953597,0.3543376,0.4317959,0.39383835,0.47499034
cannon,P,word2vec_tiny_1_HOM_HALF,0.31745663,0.4431569,0.39851654,0.52863127,0.43232375,0.55482507
collect,P,word2vec_tiny_1_HOM_HALF,0.36635667,0.5084093,0.50130045,0.6706844,0.5524087,0.7067473
bench,P,word2vec_tiny_1_HOM_HALF,0.4326257,0.55716807,0.5326844,0.68755794,0.57144845,0.7065293
stiff,P,word2vec_tiny_1_HOM_HALF,0.36355826,0.4768546,0.45213348,0.5517385,0.48550633,0.5746344
meadow,P,word2vec_tiny_1_HOM_HALF,0.2984841,0.42154786,0.40055603,0.47983646,0.43340075,0.51874274
dishwasher,P,word2vec_tiny_1_HOM_HALF,0.31986713,0.43076786,0.45175788,0.5980704,0.5079668,0.6559185
cycle,P,word2vec_tiny_1_HOM_HALF,0.34134516,0.39754876,0.38995373,0.43185386,0.41258025,0.44406083
player,P,word2vec_tiny_1_HOM_HALF,0.39786154,0.5092672,0.4835249,0.5866217,0.5192382,0.602752
bull,H,word2vec_tiny_1_HOM_HALF,0.24719374,0.33012086,0.38471985,0.52497256,0.4576483,0.6164127
brave,P,word2vec_tiny_1_HOM_HALF,0.37389347,0.47412473,0.47622758,0.609159,0.51460034,0.6100455
aircraft,M,word2vec_tiny_1_HOM_HALF,0.2894196,0.3610655,0.33850768,0.390436,0.35806572,0.4005562
nip,H,word2vec_tiny_1_HOM_HALF,0.291612,0.31856903,0.35433623,0.4004489,0.37902415,0.4271045
amulet,M,word2vec_tiny_1_HOM_HALF,0.26623264,0.3596324,0.32640073,0.42744693,0.35188666,0.4484525
cherish,P,word2vec_tiny_1_HOM_HALF,0.30353546,0.33200425,0.36212966,0.361681,0.38773513,0.39292765
dish,P,word2vec_tiny_1_HOM_HALF,0.26103014,0.34069023,0.38651267,0.5224157,0.4436752,0.5738643
clerk,P,word2vec_tiny_1_HOM_HALF,0.25219816,0.3295743,0.36487874,0.45858896,0.4001818,0.47965196
tuck,P,word2vec_tiny_1_HOM_HALF,0.5080613,0.61034423,0.5775372,0.6422263,0.6021702,0.66269255
railroad,P,word2vec_tiny_1_HOM_HALF,0.20640242,0.21808213,0.2419128,0.2501317,0.2555133,0.26174363
circus,P,word2vec_tiny_1_HOM_HALF,0.33213124,0.4437028,0.45246086,0.59962296,0.500457,0.6339758
stool,P,word2vec_tiny_1_HOM_HALF,0.40094107,0.516472,0.5092385,0.66270787,0.5488842,0.69681257
flake,P,word2vec_tiny_1_HOM_HALF,0.25388008,0.2942254,0.29677016,0.36052936,0.3140068,0.37279227
stretcher,P,word2vec_tiny_1_HOM_HALF,0.36506152,0.45349953,0.46589756,0.57578194,0.5062315,0.6064546
tread,P,word2vec_tiny_1_HOM_HALF,0.16862042,0.16136353,0.19516794,0.2081077,0.20738406,0.22095059
wrestle,P,word2vec_tiny_1_HOM_HALF,0.2966655,0.38443467,0.37097007,0.47995088,0.4006115,0.5034916
certain,P,word2vec_tiny_1_HOM_HALF,0.3307261,0.38591713,0.38056484,0.44592834,0.39781663,0.44926846
tendency,P,word2vec_tiny_1_HOM_HALF,0.15391655,0.16631107,0.1796867,0.19504915,0.19000313,0.20857473
beginner,M,word2vec_tiny_1_HOM_HALF,0.15603915,0.15663202,0.17923458,0.18719345,0.18978202,0.20696689
microphone,M,word2vec_tiny_1_HOM_HALF,0.2840707,0.3514677,0.4210681,0.5646229,0.4691351,0.62063664
spree,P,word2vec_tiny_1_HOM_HALF,0.1472005,0.1509279,0.17345688,0.17642201,0.18593395,0.19728945
roar,P,word2vec_tiny_1_HOM_HALF,0.3275,0.4294455,0.42907616,0.52838093,0.47073102,0.55133694
haircut,P,word2vec_tiny_1_HOM_HALF,0.35830554,0.44296923,0.4892443,0.6061895,0.5342231,0.6227955
momentum,P,word2vec_tiny_1_HOM_HALF,0.23321533,0.277388,0.27585116,0.30446956,0.29306546,0.3070482
clam,P,word2vec_tiny_1_HOM_HALF,0.31274566,0.34429267,0.400289,0.48019785,0.44107968,0.53584045
spread,P,word2vec_tiny_1_HOM_HALF,0.462948,0.5767785,0.5394871,0.5963488,0.56358427,0.6064125
howl,P,word2vec_tiny_1_HOM_HALF,0.29731435,0.36829245,0.37735665,0.44096768,0.410243,0.47682056
snail,P,word2vec_tiny_1_HOM_HALF,0.33145672,0.42196488,0.45234454,0.5514596,0.5030371,0.6008507
embarrass,P,word2vec_tiny_1_HOM_HALF,0.41236478,0.46890786,0.5311146,0.65517175,0.5780003,0.701495
mouse,P,word2vec_tiny_1_HOM_HALF,0.3515744,0.4742173,0.47404018,0.6021073,0.5156828,0.61678517
unpleasant,M,word2vec_tiny_1_HOM_HALF,0.27215412,0.33546254,0.33667853,0.39473844,0.36567342,0.41754892
score,P,word2vec_tiny_1_HOM_HALF,0.30409473,0.4389293,0.4417458,0.5680231,0.49081963,0.594171
nature,P,word2vec_tiny_1_HOM_HALF,0.37332943,0.4706733,0.44999564,0.5181656,0.4770414,0.53270024
cupcake,M,word2vec_tiny_1_HOM_HALF,0.28524056,0.33679694,0.3564163,0.40124765,0.39381707,0.43637323
splendor,P,word2vec_tiny_1_HOM_HALF,0.19954488,0.26210347,0.24196324,0.29734865,0.25837818,0.30686566
caffeine,M,word2vec_tiny_1_HOM_HALF,0.20528612,0.23370308,0.24923119,0.27415776,0.26434463,0.28586847
wallpaper,P,word2vec_tiny_1_HOM_HALF,0.26680607,0.36100987,0.33035386,0.44829375,0.36145064,0.4818711
trim,P,word2vec_tiny_1_HOM_HALF,0.30408484,0.35048497,0.41107696,0.48092496,0.44994405,0.51655257
lime,H,word2vec_tiny_1_HOM_HALF,0.2238564,0.2749309,0.3807519,0.49763632,0.44449455,0.57234913
chimney,P,word2vec_tiny_1_HOM_HALF,0.34768328,0.48528945,0.46426755,0.61517185,0.516555,0.67108184
assistance,P,word2vec_tiny_1_HOM_HALF,0.28349882,0.3491783,0.3446192,0.40084466,0.36774525,0.41865712
active,P,word2vec_tiny_1_HOM_HALF,0.38269883,0.50444686,0.46706757,0.5644374,0.4975219,0.5650503
incredible,P,word2vec_tiny_1_HOM_HALF,0.2688549,0.36699226,0.45288056,0.59746057,0.51218164,0.6307978
cake,P,word2vec_tiny_1_HOM_HALF,0.26577592,0.34570676,0.37214538,0.46987745,0.42982835,0.5304482
lightning,P,word2vec_tiny_1_HOM_HALF,0.29936227,0.42082673,0.40816143,0.5074785,0.4563066,0.55022264
burial,M,word2vec_tiny_1_HOM_HALF,0.2993285,0.32955915,0.3495468,0.39993528,0.3692258,0.42078155
handshake,M,word2vec_tiny_1_HOM_HALF,0.2969589,0.39275414,0.3584547,0.42681763,0.385525,0.44634864
typewriter,M,word2vec_tiny_1_HOM_HALF,0.18920588,0.20815462,0.21486996,0.23695105,0.22589211,0.248812
saliva,M,word2vec_tiny_1_HOM_HALF,0.24987283,0.35425228,0.33255607,0.4447372,0.36655498,0.47026855
unite,P,word2vec_tiny_1_HOM_HALF,0.44186783,0.5288767,0.5318318,0.62280786,0.5622483,0.6068903
damp,P,word2vec_tiny_1_HOM_HALF,0.32989737,0.39655727,0.39907005,0.46585602,0.42884475,0.5024549
hopeless,P,word2vec_tiny_1_HOM_HALF,0.31764323,0.4086386,0.3839607,0.43982613,0.4113095,0.4640798
lazy,P,word2vec_tiny_1_HOM_HALF,0.31507018,0.3887291,0.4705003,0.5795458,0.534343,0.66531765
confusion,P,word2vec_tiny_1_HOM_HALF,0.30787966,0.3848268,0.3828256,0.4382075,0.4104926,0.45691115
python,P,word2vec_tiny_1_HOM_HALF,0.286487,0.35045937,0.3582526,0.440216,0.38751972,0.47905493
breathe,P,word2vec_tiny_1_HOM_HALF,0.41917634,0.5126659,0.51253504,0.60075027,0.54775566,0.6187539
highway,P,word2vec_tiny_1_HOM_HALF,0.2590347,0.3441621,0.3344657,0.44351006,0.37179664,0.48757607
calculator,P,word2vec_tiny_1_HOM_HALF,0.27539498,0.3062619,0.34521917,0.42625448,0.37577602,0.45836958
pry,H,word2vec_tiny_1_HOM_HALF,0.31451777,0.37249488,0.41945484,0.5228564,0.4594188,0.5521844
knack,P,word2vec_tiny_1_HOM_HALF,0.24925399,0.29231608,0.30253106,0.34501478,0.32578644,0.3716396
fungus,P,word2vec_tiny_1_HOM_HALF,0.22158746,0.23967096,0.25753456,0.26233512,0.27172238,0.2785932
homeland,M,word2vec_tiny_1_HOM_HALF,0.16298527,0.18040527,0.1877883,0.20218848,0.19851516,0.2139394
explore,P,word2vec_tiny_1_HOM_HALF,0.3438953,0.46526164,0.44394603,0.5174073,0.47437155,0.5322006
spicy,P,word2vec_tiny_1_HOM_HALF,0.3233479,0.3993022,0.42525214,0.46831855,0.4611364,0.47506744
chaotic,M,word2vec_tiny_1_HOM_HALF,0.3134767,0.33144212,0.3619604,0.38819653,0.38390213,0.41209134
rabies,M,word2vec_tiny_1_HOM_HALF,0.32252437,0.4089877,0.39304268,0.49005702,0.41798478,0.5052105
loaf,H,word2vec_tiny_1_HOM_HALF,0.29481393,0.33207482,0.36159804,0.41518223,0.39503503,0.45530313
courtroom,M,word2vec_tiny_1_HOM_HALF,0.28749266,0.3569758,0.32984015,0.4106161,0.34783188,0.42528224
graveyard,M,word2vec_tiny_1_HOM_HALF,0.26104045,0.31768054,0.30475914,0.3713353,0.3258103,0.38931304
tournament,P,word2vec_tiny_1_HOM_HALF,0.2787457,0.32494652,0.3588005,0.42783436,0.39235494,0.4636311
puppy,P,word2vec_tiny_1_HOM_HALF,0.33486703,0.43499553,0.45059368,0.5301093,0.48687735,0.5395855
choir,P,word2vec_tiny_1_HOM_HALF,0.28806072,0.35191566,0.360111,0.4603257,0.39708862,0.5024578
hasty,P,word2vec_tiny_1_HOM_HALF,0.25896895,0.29953533,0.32118362,0.34111884,0.34697092,0.3532829
muster,P,word2vec_tiny_1_HOM_HALF,0.25656402,0.28286338,0.30051994,0.33233258,0.31906295,0.34989086
bunker,P,word2vec_tiny_1_HOM_HALF,0.17367688,0.19464669,0.20392303,0.2227548,0.21615368,0.23272105
nine,P,word2vec_tiny_1_HOM_HALF,0.22443116,0.29728478,0.3874358,0.4087851,0.45761466,0.49618647
frame,P,word2vec_tiny_1_HOM_HALF,0.30491894,0.43368652,0.40885323,0.5578293,0.459433,0.61555153
honorary,P,word2vec_tiny_1_HOM_HALF,0.29487318,0.37344795,0.3489071,0.43030772,0.37208307,0.45088077
saxophone,M,word2vec_tiny_1_HOM_HALF,0.25887936,0.33426353,0.3964719,0.49115822,0.4643002,0.57093966
kitten,P,word2vec_tiny_1_HOM_HALF,0.40588507,0.51908946,0.51750886,0.619135,0.55545926,0.63593996
diagnose,P,word2vec_tiny_1_HOM_HALF,0.20335284,0.21539544,0.2329077,0.2431448,0.24610405,0.25515065
obstacle,M,word2vec_tiny_1_HOM_HALF,0.29960167,0.30954114,0.37625194,0.39017087,0.40838817,0.42096788
mailman,M,word2vec_tiny_1_HOM_HALF,0.33901963,0.45019922,0.46781433,0.5933713,0.51821107,0.6130124
alert,P,word2vec_tiny_1_HOM_HALF,0.42078733,0.46738166,0.5365456,0.6547127,0.58490163,0.6924298
vinegar,M,word2vec_tiny_1_HOM_HALF,0.28980306,0.35739762,0.36923385,0.41906866,0.40268958,0.45198622
bonnet,P,word2vec_tiny_1_HOM_HALF,0.32151872,0.40212527,0.37471992,0.47365937,0.39704612,0.4940627
conductor,P,word2vec_tiny_1_HOM_HALF,0.3358515,0.45958504,0.41100064,0.5168987,0.44518703,0.542008
bubble,P,word2vec_tiny_1_HOM_HALF,0.40066952,0.549154,0.48233035,0.61329895,0.5167333,0.634715
garlic,P,word2vec_tiny_1_HOM_HALF,0.18313788,0.22493912,0.26091722,0.33696616,0.3040966,0.38145652
crossword,M,word2vec_tiny_1_HOM_HALF,0.18592629,0.22545129,0.22505237,0.2503621,0.24260113,0.25992826
settlement,P,word2vec_tiny_1_HOM_HALF,0.19610472,0.18913773,0.22737563,0.2156895,0.24121006,0.23115417
vet,H,word2vec_tiny_1_HOM_HALF,0.32109004,0.38337716,0.45275635,0.54861444,0.5017253,0.57993823
courteous,M,word2vec_tiny_1_HOM_HALF,0.18954656,0.24337044,0.25213927,0.29034147,0.28111017,0.3108601
sacrifice,P,word2vec_tiny_1_HOM_HALF,0.18298325,0.21227981,0.22185113,0.26882088,0.24202979,0.29818016
aware,M,word2vec_tiny_1_HOM_HALF,0.28984112,0.35156295,0.38924843,0.43053305,0.4249175,0.44941813
dreadful,P,word2vec_tiny_1_HOM_HALF,0.23610863,0.24918872,0.27249566,0.29243562,0.28780162,0.30098996
separation,P,word2vec_tiny_1_HOM_HALF,0.18027444,0.18340851,0.20821197,0.21964973,0.22133133,0.23678485
flute,P,word2vec_tiny_1_HOM_HALF,0.25523147,0.32173976,0.41632733,0.55791396,0.47734734,0.6090461
trigger,P,word2vec_tiny_1_HOM_HALF,0.3766073,0.47144997,0.4716676,0.5732651,0.50716966,0.59183466
fury,P,word2vec_tiny_1_HOM_HALF,0.2306089,0.30448747,0.29381433,0.38278788,0.318969,0.40616348
drone,H,word2vec_tiny_1_HOM_HALF,0.2864751,0.32491687,0.3253829,0.37888384,0.3411685,0.39439332
external,P,word2vec_tiny_1_HOM_HALF,0.13163278,0.17167035,0.16993341,0.21818179,0.19343086,0.24483989
trait,M,word2vec_tiny_1_HOM_HALF,0.15423945,0.18254276,0.19222805,0.23610732,0.21244255,0.25949323
comply,M,word2vec_tiny_1_HOM_HALF,0.19455548,0.19179711,0.22191854,0.22801097,0.2342878,0.23772433
lava,P,word2vec_tiny_1_HOM_HALF,0.33497256,0.39011055,0.43740547,0.5400984,0.477007,0.5731648
doodle,P,word2vec_tiny_1_HOM_HALF,0.291745,0.33629662,0.33509094,0.3535228,0.35271084,0.37747535
mysterious,P,word2vec_tiny_1_HOM_HALF,0.33330315,0.4510102,0.45771724,0.6075092,0.49816516,0.6130146
static,P,word2vec_tiny_1_HOM_HALF,0.2176784,0.21883488,0.2497436,0.25267115,0.26247445,0.25975704
uninvited,M,word2vec_tiny_1_HOM_HALF,0.112774275,0.14212117,0.13509528,0.1732863,0.14629437,0.19126706
brush,H,word2vec_tiny_1_HOM_HALF,0.33816272,0.48364758,0.44923556,0.581648,0.49307692,0.6108214
memorable,P,word2vec_tiny_1_HOM_HALF,0.26544318,0.36710292,0.32158005,0.4073581,0.34959757,0.43866166
timid,P,word2vec_tiny_1_HOM_HALF,0.31361684,0.37374753,0.38376197,0.43571514,0.4082658,0.4588811
lovely,P,word2vec_tiny_1_HOM_HALF,0.32054743,0.41052392,0.45081407,0.57336414,0.49448848,0.58352333
lunar,P,word2vec_tiny_1_HOM_HALF,0.27321306,0.3461084,0.3312616,0.39723828,0.35026672,0.40846035
distraught,P,word2vec_tiny_1_HOM_HALF,0.2137923,0.2651037,0.2526613,0.33134037,0.27023548,0.34844026
infinite,P,word2vec_tiny_1_HOM_HALF,0.21633163,0.21899582,0.25043926,0.24595767,0.2647679,0.2612506
medallion,P,word2vec_tiny_1_HOM_HALF,0.20413122,0.19859718,0.23280148,0.22613408,0.24542163,0.24148437
haystack,M,word2vec_tiny_1_HOM_HALF,0.34842068,0.44272655,0.41852176,0.4833673,0.44561782,0.50373733
coast,P,word2vec_tiny_1_HOM_HALF,0.3363198,0.34778988,0.42136633,0.4797101,0.45518345,0.517821
impulsive,P,word2vec_tiny_1_HOM_HALF,0.16662246,0.19070147,0.20046759,0.22126177,0.21430334,0.24074915
shipment,P,word2vec_tiny_1_HOM_HALF,0.16736618,0.18474497,0.19340542,0.21258862,0.20579407,0.22296079
amaze,M,word2vec_tiny_1_HOM_HALF,0.27840275,0.33849284,0.32882068,0.40109393,0.3509947,0.41818237
operation,P,word2vec_tiny_1_HOM_HALF,0.3760919,0.4512046,0.48365012,0.5644768,0.5237043,0.5887838
survival,P,word2vec_tiny_1_HOM_HALF,0.16040589,0.1575808,0.18562809,0.19301677,0.19738948,0.21355185
perimeter,P,word2vec_tiny_1_HOM_HALF,0.23201616,0.27286628,0.2724492,0.33039623,0.29026023,0.34520286
dolphin,P,word2vec_tiny_1_HOM_HALF,0.21881068,0.2852058,0.35431165,0.4726274,0.42288303,0.54337776
feast,P,word2vec_tiny_1_HOM_HALF,0.40977278,0.50966436,0.5145259,0.60920924,0.54886407,0.6269435
brook,H,word2vec_tiny_1_HOM_HALF,0.26213416,0.32822746,0.32658356,0.42079115,0.3510456,0.4468117
poker,H,word2vec_tiny_1_HOM_HALF,0.30805796,0.37260482,0.3609174,0.3925623,0.38439828,0.40555492
handcuff,P,word2vec_tiny_1_HOM_HALF,0.2677508,0.35562775,0.3239518,0.40218475,0.34601632,0.4144001
teenage,M,word2vec_tiny_1_HOM_HALF,0.18450847,0.1917382,0.21376592,0.2192116,0.22481503,0.22900103
item,P,word2vec_tiny_1_HOM_HALF,0.34092367,0.42162263,0.39750108,0.45280528,0.418652,0.46498007
hometown,M,word2vec_tiny_1_HOM_HALF,0.27576727,0.37113723,0.32922128,0.4236479,0.35203555,0.4425433
fortress,M,word2vec_tiny_1_HOM_HALF,0.27846128,0.35248467,0.32742408,0.41116846,0.3471335,0.4355039
hop,H,word2vec_tiny_1_HOM_HALF,0.33769503,0.4520358,0.4712358,0.5802139,0.5200029,0.61829025
mountain,P,word2vec_tiny_1_HOM_HALF,0.33340806,0.4875228,0.43939498,0.61298305,0.48796517,0.65352553
parent,P,word2vec_tiny_1_HOM_HALF,0.41311446,0.4662434,0.5335817,0.49030274,0.56233996,0.44984862
roof,P,word2vec_tiny_1_HOM_HALF,0.34618306,0.47681153,0.47331807,0.61627007,0.52204406,0.67222
disperse,P,word2vec_tiny_1_HOM_HALF,0.21969521,0.29175922,0.2605392,0.33712465,0.27764297,0.35496014
joyful,M,word2vec_tiny_1_HOM_HALF,0.31391275,0.39723462,0.38919362,0.4754351,0.42211285,0.49672958
pot,H,word2vec_tiny_1_HOM_HALF,0.29467943,0.37711728,0.39528477,0.5274262,0.4379044,0.5594487
trench,P,word2vec_tiny_1_HOM_HALF,0.29188788,0.39166626,0.3651601,0.44320267,0.39361322,0.47060516
track,P,word2vec_tiny_1_HOM_HALF,0.30952138,0.44738892,0.42755386,0.5709157,0.4768532,0.6208188
sparkle,P,word2vec_tiny_1_HOM_HALF,0.27859032,0.32776833,0.37853202,0.4470544,0.42361164,0.5021512
sly,P,word2vec_tiny_1_HOM_HALF,0.37299877,0.45419884,0.45448798,0.54388785,0.4853669,0.5611155
attraction,P,word2vec_tiny_1_HOM_HALF,0.2789753,0.28291056,0.32113346,0.34103134,0.3383147,0.35709143
rotate,P,word2vec_tiny_1_HOM_HALF,0.25391603,0.30533797,0.3053041,0.34537265,0.32564735,0.3614843
firm,H,word2vec_tiny_1_HOM_HALF,0.36439618,0.40068015,0.46109843,0.49312037,0.4965481,0.51224846
haste,P,word2vec_tiny_1_HOM_HALF,0.27390748,0.27654132,0.32842597,0.35759667,0.3506152,0.37145796
rotten,P,word2vec_tiny_1_HOM_HALF,0.3214141,0.4037606,0.4306391,0.50721896,0.47121528,0.53909755
yield,P,word2vec_tiny_1_HOM_HALF,0.4642449,0.5900712,0.54553676,0.6234062,0.57333106,0.6067185
optimism,P,word2vec_tiny_1_HOM_HALF,0.19173938,0.2330861,0.23576939,0.2976406,0.25921908,0.32614207
scrub,H,word2vec_tiny_1_HOM_HALF,0.29978028,0.40439045,0.42458832,0.5205979,0.47132835,0.564874
repay,P,word2vec_tiny_1_HOM_HALF,0.30881217,0.36803064,0.38541353,0.43891543,0.4141658,0.463822
define,P,word2vec_tiny_1_HOM_HALF,0.14211884,0.15612683,0.1759072,0.19906856,0.19264016,0.22174673
include,P,word2vec_tiny_1_HOM_HALF,0.42287272,0.5313207,0.5333874,0.64837337,0.56974727,0.6655444
advertise,P,word2vec_tiny_1_HOM_HALF,0.26073176,0.3221635,0.31051296,0.35990575,0.3294304,0.37400973
envelope,P,word2vec_tiny_1_HOM_HALF,0.27097553,0.3840496,0.41561258,0.57066905,0.47353417,0.6331132
commitment,P,word2vec_tiny_1_HOM_HALF,0.17052636,0.22795078,0.21200332,0.27729937,0.23944637,0.31585228
trough,P,word2vec_tiny_1_HOM_HALF,0.29050407,0.36741763,0.37447426,0.47449967,0.40713206,0.5084119
bossy,H,word2vec_tiny_1_HOM_HALF,0.3097693,0.38319945,0.4583019,0.57818156,0.5226715,0.64829344
leather,P,word2vec_tiny_1_HOM_HALF,0.39201894,0.47205848,0.48370683,0.59096843,0.52683663,0.6513612
desk,P,word2vec_tiny_1_HOM_HALF,0.29586837,0.42365578,0.41289422,0.56942034,0.46970642,0.63279533
actress,M,word2vec_tiny_1_HOM_HALF,0.30617195,0.36194104,0.38152242,0.45495176,0.40761754,0.47383603
replay,P,word2vec_tiny_1_HOM_HALF,0.14237997,0.15347299,0.1680263,0.18878882,0.17920807,0.20672631
disco,P,word2vec_tiny_1_HOM_HALF,0.37591594,0.44146186,0.43954402,0.51451975,0.46219718,0.522454
dome,P,word2vec_tiny_1_HOM_HALF,0.32376546,0.40694785,0.40214053,0.50323457,0.4344537,0.54857105
nursery,P,word2vec_tiny_1_HOM_HALF,0.3511765,0.40697116,0.4300861,0.5206323,0.45772824,0.5318244
comb,P,word2vec_tiny_1_HOM_HALF,0.3014311,0.40913633,0.41022968,0.5474381,0.46225014,0.5983407
trader,P,word2vec_tiny_1_HOM_HALF,0.26946017,0.35298058,0.32405236,0.41791221,0.34762454,0.44455308
elusive,P,word2vec_tiny_1_HOM_HALF,0.22722034,0.25153047,0.26298034,0.27450848,0.27701062,0.28667393
grateful,P,word2vec_tiny_1_HOM_HALF,0.37836844,0.51766855,0.48875347,0.5816975,0.5265395,0.56184113
starvation,P,word2vec_tiny_1_HOM_HALF,0.17904188,0.19013825,0.21355765,0.2215313,0.22883,0.23422009
springtime,P,word2vec_tiny_1_HOM_HALF,0.30664092,0.39364296,0.38967955,0.47503462,0.42331082,0.5100277
lion,P,word2vec_tiny_1_HOM_HALF,0.2619202,0.3675069,0.4017669,0.56037635,0.46040562,0.6105197
pineapple,P,word2vec_tiny_1_HOM_HALF,0.2515164,0.3208874,0.33118072,0.37900347,0.37127972,0.40813917
fan,H,word2vec_tiny_1_HOM_HALF,0.38407174,0.45985302,0.46986324,0.5919236,0.50654745,0.65101504
river,P,word2vec_tiny_1_HOM_HALF,0.27003565,0.3724692,0.4153615,0.5546952,0.46946236,0.61651474
beacon,P,word2vec_tiny_1_HOM_HALF,0.24901967,0.29065594,0.31985635,0.40357333,0.35146677,0.4359953
hazardous,P,word2vec_tiny_1_HOM_HALF,0.20867535,0.2722414,0.24709274,0.30466694,0.26453462,0.3284721
cute,P,word2vec_tiny_1_HOM_HALF,0.36060864,0.45547086,0.49197194,0.62822044,0.54593426,0.6746557
livelihood,M,word2vec_tiny_1_HOM_HALF,0.14175415,0.16005497,0.16972381,0.19263889,0.18061936,0.2103084
crisis,P,word2vec_tiny_1_HOM_HALF,0.16576238,0.17376308,0.19564389,0.21551247,0.2077613,0.22585379
tip,H,word2vec_tiny_1_HOM_HALF,0.42990723,0.5593433,0.51593184,0.6477973,0.5475823,0.6567551
groom,P,word2vec_tiny_1_HOM_HALF,0.379112,0.46260512,0.4792347,0.58918434,0.5201394,0.6251631
assist,P,word2vec_tiny_1_HOM_HALF,0.25520283,0.2774916,0.29068413,0.33925372,0.30480057,0.3565125
adopt,P,word2vec_tiny_1_HOM_HALF,0.41722846,0.5137112,0.48453698,0.52727294,0.50732857,0.5305705
rubber,H,word2vec_tiny_1_HOM_HALF,0.40162817,0.53132886,0.49394307,0.6339006,0.53423226,0.682896
substitute,P,word2vec_tiny_1_HOM_HALF,0.1660371,0.18385477,0.19298518,0.2113444,0.20500717,0.22571088
poison,P,word2vec_tiny_1_HOM_HALF,0.4259704,0.5652597,0.51200336,0.62884724,0.5450295,0.6367775
assembly,P,word2vec_tiny_1_HOM_HALF,0.2665185,0.34103554,0.3121973,0.3965441,0.33354637,0.42261285
pulse,H,word2vec_tiny_1_HOM_HALF,0.31377226,0.38170606,0.3676525,0.44939274,0.3970243,0.49310517
snake,P,word2vec_tiny_1_HOM_HALF,0.35000327,0.5025588,0.4442291,0.6117236,0.49055687,0.65127647
manure,P,word2vec_tiny_1_HOM_HALF,0.2424589,0.27427518,0.29496545,0.33452934,0.31631395,0.35554388
lad,P,word2vec_tiny_1_HOM_HALF,0.27544338,0.31122705,0.32605132,0.32474262,0.3479474,0.34762964
trot,P,word2vec_tiny_1_HOM_HALF,0.28043023,0.32590744,0.37033623,0.45113862,0.40651986,0.48379746
soothe,P,word2vec_tiny_1_HOM_HALF,0.30708835,0.38844678,0.36919475,0.4391081,0.39502624,0.46465024
mishap,M,word2vec_tiny_1_HOM_HALF,0.16192666,0.19392565,0.18807834,0.20958008,0.20048524,0.22286761
host,H,word2vec_tiny_1_HOM_HALF,0.36475343,0.4599796,0.45014563,0.5446159,0.48410356,0.54195076
feed,P,word2vec_tiny_1_HOM_HALF,0.4299466,0.5727704,0.52617246,0.6605377,0.5612021,0.67931414
classic,P,word2vec_tiny_1_HOM_HALF,0.31176955,0.31247893,0.35167983,0.33304837,0.3680638,0.33798912
parachute,P,word2vec_tiny_1_HOM_HALF,0.38137707,0.4383086,0.45026058,0.539081,0.47888276,0.5604109
persuasive,M,word2vec_tiny_1_HOM_HALF,0.22198012,0.29071912,0.27970025,0.36743984,0.30107862,0.38570422
footage,P,word2vec_tiny_1_HOM_HALF,0.14233692,0.15523702,0.16656832,0.18482353,0.17893578,0.20317361
overall,P,word2vec_tiny_1_HOM_HALF,0.2695897,0.33023843,0.31470618,0.3883001,0.332602,0.40505165
tree,P,word2vec_tiny_1_HOM_HALF,0.3472489,0.46260238,0.4744824,0.6167521,0.5220746,0.6571605
disastrous,M,word2vec_tiny_1_HOM_HALF,0.14615797,0.19851665,0.18489362,0.23736386,0.20293918,0.25532213
visible,P,word2vec_tiny_1_HOM_HALF,0.3569054,0.3392347,0.4116679,0.42295626,0.43637317,0.44813418
crunch,P,word2vec_tiny_1_HOM_HALF,0.37587684,0.50663346,0.47028258,0.5784592,0.50207007,0.59182215
cracker,P,word2vec_tiny_1_HOM_HALF,0.36896294,0.4457431,0.4387098,0.51920676,0.46903312,0.5295035
workshop,P,word2vec_tiny_1_HOM_HALF,0.3434977,0.42005917,0.446732,0.5308836,0.4841172,0.5740091
native,P,word2vec_tiny_1_HOM_HALF,0.26338455,0.34588844,0.3101982,0.42156088,0.33026874,0.43893388
trout,P,word2vec_tiny_1_HOM_HALF,0.31233165,0.38759163,0.388667,0.4908351,0.41937107,0.5146719
reef,H,word2vec_tiny_1_HOM_HALF,0.23341706,0.27490968,0.35282472,0.4492829,0.42023677,0.52868533
noise,P,word2vec_tiny_1_HOM_HALF,0.31354433,0.44185805,0.41087547,0.47703505,0.44872025,0.5064299
furnace,P,word2vec_tiny_1_HOM_HALF,0.2673927,0.33736256,0.34138188,0.45481548,0.37537947,0.4883418
motto,P,word2vec_tiny_1_HOM_HALF,0.16009326,0.1636352,0.1896293,0.19276904,0.20355763,0.20994976
channel,P,word2vec_tiny_1_HOM_HALF,0.34443146,0.4098043,0.46901038,0.5621622,0.51482415,0.610202
racer,P,word2vec_tiny_1_HOM_HALF,0.36201066,0.5022442,0.45155078,0.59205544,0.48907012,0.6125183
irony,P,word2vec_tiny_1_HOM_HALF,0.39251158,0.46443245,0.4758023,0.5543641,0.50849444,0.5641245
dread,P,word2vec_tiny_1_HOM_HALF,0.20320436,0.2726049,0.26950908,0.36724624,0.29560664,0.39589933
protein,M,word2vec_tiny_1_HOM_HALF,0.26867825,0.3249563,0.3644103,0.40833867,0.40081587,0.45730016
dignity,P,word2vec_tiny_1_HOM_HALF,0.16323446,0.1611743,0.20774935,0.21767993,0.22787045,0.2416552
heed,P,word2vec_tiny_1_HOM_HALF,0.23207489,0.3096275,0.30785686,0.37244254,0.3402784,0.39671046
area,P,word2vec_tiny_1_HOM_HALF,0.41093946,0.5265863,0.5056541,0.6431165,0.54214907,0.6680073
fruit,P,word2vec_tiny_1_HOM_HALF,0.18679902,0.228587,0.32677823,0.43747675,0.39336547,0.50144744
classical,P,word2vec_tiny_1_HOM_HALF,0.19564778,0.22892518,0.2460526,0.27477273,0.26557034,0.2774417
ranch,P,word2vec_tiny_1_HOM_HALF,0.31975263,0.405586,0.45850402,0.60357857,0.51982576,0.6677839
security,P,word2vec_tiny_1_HOM_HALF,0.31821734,0.40160167,0.3964789,0.49524194,0.4274291,0.52138937
sidewalk,M,word2vec_tiny_1_HOM_HALF,0.39901984,0.5454535,0.5080296,0.64092577,0.5483242,0.6825792
pronounce,P,word2vec_tiny_1_HOM_HALF,0.2992693,0.3146289,0.34756956,0.3454473,0.36630914,0.36254457
privacy,P,word2vec_tiny_1_HOM_HALF,0.2733384,0.31224227,0.35404265,0.37533498,0.387635,0.4021857
buggy,H,word2vec_tiny_1_HOM_HALF,0.22355382,0.31730306,0.32377708,0.45007324,0.37965333,0.51333183
tramp,P,word2vec_tiny_1_HOM_HALF,0.28094023,0.30178642,0.3220557,0.32853863,0.33820575,0.3398366
serenity,M,word2vec_tiny_1_HOM_HALF,0.2357882,0.30392563,0.30505952,0.39145556,0.3316612,0.41874593
royal,P,word2vec_tiny_1_HOM_HALF,0.34055427,0.41521302,0.42898706,0.5263805,0.4667774,0.5426158
spill,H,word2vec_tiny_1_HOM_HALF,0.41539446,0.50910485,0.51186883,0.55832016,0.54563594,0.56141126
seventh,P,word2vec_tiny_1_HOM_HALF,0.32084507,0.40863428,0.40977427,0.4834375,0.43928796,0.5101634
choose,P,word2vec_tiny_1_HOM_HALF,0.44168058,0.5762699,0.5221237,0.6238856,0.5523435,0.615032
vast,P,word2vec_tiny_1_HOM_HALF,0.27844375,0.36096805,0.34414074,0.4398163,0.37619567,0.47065693
unlike,P,word2vec_tiny_1_HOM_HALF,0.38734096,0.43966827,0.4491358,0.5196882,0.47260308,0.5323706
tense,H,word2vec_tiny_1_HOM_HALF,0.25548407,0.30028588,0.30845726,0.36077833,0.3298367,0.38467136
origin,P,word2vec_tiny_1_HOM_HALF,0.20220558,0.24184822,0.23806883,0.2756636,0.25236106,0.28596085
apologize,P,word2vec_tiny_1_HOM_HALF,0.39789996,0.45582908,0.48349652,0.5589439,0.51826596,0.5680943
greenhouse,M,word2vec_tiny_1_HOM_HALF,0.2413666,0.25092307,0.2796116,0.26847792,0.29383674,0.2759356
sniff,P,word2vec_tiny_1_HOM_HALF,0.45127082,0.6019823,0.55383104,0.6949016,0.58994925,0.70135486
reader,P,word2vec_tiny_1_HOM_HALF,0.28060922,0.38819778,0.3910502,0.48178843,0.43192807,0.51148885
horrid,P,word2vec_tiny_1_HOM_HALF,0.15108602,0.19612673,0.18536325,0.24300948,0.20008603,0.24991858
crease,P,word2vec_tiny_1_HOM_HALF,0.26529795,0.3228076,0.31819075,0.40910992,0.34017524,0.4371289
wrist,P,word2vec_tiny_1_HOM_HALF,0.3713405,0.42833877,0.46765134,0.56270105,0.50766176,0.6109556
superstar,M,word2vec_tiny_1_HOM_HALF,0.2628454,0.27043742,0.30123368,0.29603705,0.31724635,0.31423804
earthquake,M,word2vec_tiny_1_HOM_HALF,0.4163704,0.50764006,0.5331304,0.6028546,0.57116395,0.6203823
resolution,P,word2vec_tiny_1_HOM_HALF,0.2013439,0.23454064,0.25037396,0.29711953,0.2734373,0.322129
saucy,P,word2vec_tiny_1_HOM_HALF,0.25372666,0.22739805,0.3139539,0.30675787,0.34415615,0.34344903
helmet,M,word2vec_tiny_1_HOM_HALF,0.25909662,0.33642465,0.39897415,0.55741584,0.4635897,0.62370867
bedside,P,word2vec_tiny_1_HOM_HALF,0.326482,0.4269822,0.42095658,0.48947442,0.4504574,0.50073254
miracle,P,word2vec_tiny_1_HOM_HALF,0.40210375,0.43690673,0.4542856,0.46345645,0.474682,0.48161593
obsession,P,word2vec_tiny_1_HOM_HALF,0.13829151,0.16381548,0.16043429,0.18842432,0.17226017,0.20346963
swap,P,word2vec_tiny_1_HOM_HALF,0.40974697,0.4828428,0.48913586,0.5068881,0.51587725,0.5183633
tuning,P,word2vec_tiny_1_HOM_HALF,0.19015612,0.21560341,0.22573036,0.23436153,0.23929404,0.24457647
injure,P,word2vec_tiny_1_HOM_HALF,0.11828148,0.13759567,0.14050467,0.17158748,0.15196852,0.18995792
skeleton,P,word2vec_tiny_1_HOM_HALF,0.3468794,0.48842758,0.47257492,0.64249617,0.51735693,0.6827753
lake,M,word2vec_tiny_1_HOM_HALF,0.23495567,0.35335168,0.37521213,0.5143502,0.43188384,0.5896124
tank,P,word2vec_tiny_1_HOM_HALF,0.34618324,0.4276313,0.43251595,0.5883628,0.47643894,0.63926905
sugar,P,word2vec_tiny_1_HOM_HALF,0.25308284,0.35048524,0.35666463,0.47239435,0.40000975,0.4893782
connection,P,word2vec_tiny_1_HOM_HALF,0.35521555,0.39691284,0.41665345,0.43037367,0.44159153,0.4405008
pretend,P,word2vec_tiny_1_HOM_HALF,0.3677352,0.4181806,0.5071446,0.5985104,0.5592243,0.63863534
winter,P,word2vec_tiny_1_HOM_HALF,0.37255907,0.47124878,0.4936274,0.6281232,0.5428304,0.6723778
lifeguard,M,word2vec_tiny_1_HOM_HALF,0.40938026,0.53302217,0.48609784,0.6229505,0.5194045,0.6288749
intricate,M,word2vec_tiny_1_HOM_HALF,0.26534802,0.37207463,0.3286256,0.453649,0.36087555,0.49404633
hilarious,P,word2vec_tiny_1_HOM_HALF,0.36073187,0.48145714,0.43559992,0.5090892,0.46115676,0.52981174
backside,P,word2vec_tiny_1_HOM_HALF,0.25434613,0.27941227,0.29609057,0.31101695,0.3117029,0.31246176
incomplete,P,word2vec_tiny_1_HOM_HALF,0.2939713,0.36508414,0.3451606,0.3612463,0.3640717,0.3718833
drag,P,word2vec_tiny_1_HOM_HALF,0.41501546,0.538556,0.50934607,0.6386119,0.543863,0.65879256
card,H,word2vec_tiny_1_HOM_HALF,0.29753515,0.41924748,0.39690164,0.5518563,0.43908423,0.5906484
dirty,P,word2vec_tiny_1_HOM_HALF,0.3331561,0.4816365,0.48391315,0.64476407,0.537878,0.68218535
gang,H,word2vec_tiny_1_HOM_HALF,0.2715011,0.34240437,0.32082555,0.39205685,0.34220752,0.41964784
daylight,P,word2vec_tiny_1_HOM_HALF,0.2418283,0.30303752,0.30702934,0.3878024,0.33780804,0.4321747
pathway,M,word2vec_tiny_1_HOM_HALF,0.27938455,0.35736182,0.3518429,0.42570132,0.38521507,0.46284184
chop,H,word2vec_tiny_1_HOM_HALF,0.37622732,0.46455765,0.50490785,0.60555637,0.54527235,0.6298798
beef,P,word2vec_tiny_1_HOM_HALF,0.24800277,0.3141177,0.37356463,0.48108444,0.4280415,0.54489994
maiden,P,word2vec_tiny_1_HOM_HALF,0.31559235,0.34351882,0.35140267,0.3585472,0.3655545,0.37734663
wondrous,M,word2vec_tiny_1_HOM_HALF,0.24508412,0.33250105,0.32927337,0.4297649,0.365564,0.4644032
realm,P,word2vec_tiny_1_HOM_HALF,0.250944,0.30555952,0.2995545,0.3768817,0.3207119,0.39496705
misery,P,word2vec_tiny_1_HOM_HALF,0.2633752,0.2869673,0.32215348,0.3740404,0.35258836,0.3903444
jealousy,P,word2vec_tiny_1_HOM_HALF,0.26963544,0.30121732,0.3541512,0.3776798,0.38785347,0.39980194
darkness,P,word2vec_tiny_1_HOM_HALF,0.27289137,0.31918725,0.33185348,0.41034064,0.35768685,0.4316704
tanker,M,word2vec_tiny_1_HOM_HALF,0.27798766,0.30617285,0.32066143,0.3755845,0.34023315,0.39221862
helper,M,word2vec_tiny_1_HOM_HALF,0.38541442,0.4835142,0.49986863,0.58839464,0.54024255,0.6024168
turban,P,word2vec_tiny_1_HOM_HALF,0.33017862,0.40536618,0.41120026,0.49372587,0.4421959,0.5058455
adoption,P,word2vec_tiny_1_HOM_HALF,0.3134792,0.35979077,0.3652879,0.41468683,0.3847824,0.43534014
afar,P,word2vec_tiny_1_HOM_HALF,0.38276744,0.38548017,0.4489363,0.4632442,0.47425506,0.49054843
pointless,P,word2vec_tiny_1_HOM_HALF,0.12866476,0.13444343,0.1524134,0.17566063,0.16445294,0.19213352
pony,P,word2vec_tiny_1_HOM_HALF,0.3208734,0.3789242,0.4513265,0.57450324,0.5079248,0.6503916
pit,H,word2vec_tiny_1_HOM_HALF,0.35532564,0.46826553,0.46909356,0.62068766,0.51654553,0.66587436
farm,P,word2vec_tiny_1_HOM_HALF,0.28587192,0.30010498,0.4482807,0.579728,0.5174468,0.6560795
subway,P,word2vec_tiny_1_HOM_HALF,0.2952789,0.41136855,0.41004354,0.5752859,0.46135792,0.6319553
honorable,P,word2vec_tiny_1_HOM_HALF,0.14769104,0.15466008,0.17436294,0.18184912,0.18547983,0.2010346
doubt,P,word2vec_tiny_1_HOM_HALF,0.25085682,0.283873,0.30515003,0.3584964,0.3282344,0.38028687
occasion,P,word2vec_tiny_1_HOM_HALF,0.32977134,0.41213325,0.4027188,0.46177426,0.42906213,0.4796906
mild,P,word2vec_tiny_1_HOM_HALF,0.3758468,0.5144989,0.48132837,0.62718016,0.51968324,0.6279034
bashful,P,word2vec_tiny_1_HOM_HALF,0.2865284,0.29159945,0.3250383,0.33272687,0.3419819,0.35665548
gear,P,word2vec_tiny_1_HOM_HALF,0.31021348,0.4188581,0.40360382,0.554758,0.45838672,0.6227088
dark,P,word2vec_tiny_1_HOM_HALF,0.35449046,0.48347607,0.45934963,0.5911691,0.50439936,0.6046567
prediction,P,word2vec_tiny_1_HOM_HALF,0.181846,0.17563243,0.21224016,0.2020594,0.2248839,0.21496968
pleasure,P,word2vec_tiny_1_HOM_HALF,0.3611463,0.36581695,0.41037086,0.4157438,0.43144476,0.42781293
skateboard,P,word2vec_tiny_1_HOM_HALF,0.3100787,0.38927162,0.4185742,0.53181183,0.46346176,0.5651307
snowball,P,word2vec_tiny_1_HOM_HALF,0.38330615,0.50407565,0.50561595,0.643927,0.5488072,0.6767501
movement,P,word2vec_tiny_1_HOM_HALF,0.32250497,0.38124925,0.36791974,0.44831094,0.38940513,0.46997508
strengthen,P,word2vec_tiny_1_HOM_HALF,0.22406006,0.23614866,0.2866815,0.30693534,0.31480172,0.3367768
sesame,P,word2vec_tiny_1_HOM_HALF,0.33404136,0.39571464,0.41040233,0.50840354,0.4424703,0.52850944
summertime,M,word2vec_tiny_1_HOM_HALF,0.32746285,0.440456,0.40491092,0.45780155,0.4295468,0.46865547
attitude,P,word2vec_tiny_1_HOM_HALF,0.28862834,0.34835565,0.3603987,0.39972666,0.3870026,0.4161877
homework,M,word2vec_tiny_1_HOM_HALF,0.38439363,0.49234626,0.47733733,0.53991336,0.5116016,0.5821671
careless,P,word2vec_tiny_1_HOM_HALF,0.37995005,0.48055795,0.50696903,0.6341772,0.55685997,0.6554988
delivery,P,word2vec_tiny_1_HOM_HALF,0.3514525,0.42979485,0.42309898,0.49649712,0.44886497,0.51946956
smoke,P,word2vec_tiny_1_HOM_HALF,0.3092886,0.40234932,0.40812358,0.5203171,0.45033005,0.5553439
hook,P,word2vec_tiny_1_HOM_HALF,0.3461712,0.45455623,0.4504303,0.60797006,0.4930566,0.65204453
dispute,P,word2vec_tiny_1_HOM_HALF,0.27181306,0.29512122,0.31125388,0.33949122,0.32538918,0.34253585
account,P,word2vec_tiny_1_HOM_HALF,0.24597254,0.28636566,0.29938427,0.32841018,0.32063034,0.35019514
stench,M,word2vec_tiny_1_HOM_HALF,0.24139586,0.32902512,0.29063073,0.38783994,0.3113004,0.40899286
prick,P,word2vec_tiny_1_HOM_HALF,0.26716638,0.35638398,0.35595563,0.46417055,0.39196357,0.4959976
gather,P,word2vec_tiny_1_HOM_HALF,0.35680646,0.4877732,0.5009387,0.6643597,0.5527406,0.7102369
cocoon,P,word2vec_tiny_1_HOM_HALF,0.4250552,0.47056937,0.5123844,0.58328915,0.54186153,0.606837
sheep,P,word2vec_tiny_1_HOM_HALF,0.22369222,0.3136185,0.3636533,0.50339836,0.43467847,0.5769203
helium,M,word2vec_tiny_1_HOM_HALF,0.37665215,0.45931807,0.45238128,0.5438484,0.48187232,0.5576234
lettuce,P,word2vec_tiny_1_HOM_HALF,0.24969392,0.3162789,0.34833798,0.426065,0.39430335,0.4632669
fool,P,word2vec_tiny_1_HOM_HALF,0.30910283,0.36752892,0.39960915,0.49403712,0.43539467,0.517221
rave,P,word2vec_tiny_1_HOM_HALF,0.22612424,0.23568863,0.26119575,0.26557896,0.2777046,0.28576142
stream,P,word2vec_tiny_1_HOM_HALF,0.26897573,0.38524497,0.40157795,0.5536453,0.45348534,0.61005914
necktie,M,word2vec_tiny_1_HOM_HALF,0.15436412,0.14986566,0.18205464,0.1893448,0.19449215,0.20304628
tricky,P,word2vec_tiny_1_HOM_HALF,0.41889253,0.5123876,0.49994645,0.53797936,0.5253377,0.54819024
hurtful,M,word2vec_tiny_1_HOM_HALF,0.29750443,0.34120956,0.40559575,0.4520439,0.43951058,0.4475252
mess,P,word2vec_tiny_1_HOM_HALF,0.4247817,0.5621148,0.5204516,0.6299198,0.5526451,0.6494604
describe,P,word2vec_tiny_1_HOM_HALF,0.29863575,0.3536019,0.36283672,0.43510693,0.38877046,0.44947675
flock,H,word2vec_tiny_1_HOM_HALF,0.351142,0.4356614,0.4195885,0.5060077,0.45025504,0.53046095
grab,P,word2vec_tiny_1_HOM_HALF,0.39864698,0.5502128,0.51842546,0.67476434,0.559189,0.6921937
den,P,word2vec_tiny_1_HOM_HALF,0.35776436,0.46628967,0.44218868,0.49767637,0.4691369,0.5119812
encore,P,word2vec_tiny_1_HOM_HALF,0.29374015,0.3567363,0.3687386,0.4507042,0.3981852,0.48064482
ambition,P,word2vec_tiny_1_HOM_HALF,0.20993297,0.25483552,0.2596511,0.33047104,0.28537726,0.3661697
middle,P,word2vec_tiny_1_HOM_HALF,0.42759418,0.5533775,0.5453729,0.6620515,0.58109003,0.6714593
feather,P,word2vec_tiny_1_HOM_HALF,0.30479705,0.37349305,0.4243557,0.57193005,0.47623193,0.6329193
motel,M,word2vec_tiny_1_HOM_HALF,0.2915613,0.32468635,0.33512425,0.3478033,0.35591653,0.35221055
drastic,P,word2vec_tiny_1_HOM_HALF,0.20373702,0.22421387,0.2351942,0.26506764,0.24785475,0.27305946
fearful,P,word2vec_tiny_1_HOM_HALF,0.30587777,0.42004135,0.4627902,0.59080166,0.5264189,0.6635306
nail,P,word2vec_tiny_1_HOM_HALF,0.28661993,0.39580682,0.39827207,0.55316174,0.45194072,0.61320037
knit,P,word2vec_tiny_1_HOM_HALF,0.39720032,0.4258332,0.50327325,0.55502814,0.53806883,0.60554934
vicious,P,word2vec_tiny_1_HOM_HALF,0.20210311,0.27552024,0.25469595,0.36055565,0.27843207,0.39142978
nest,P,word2vec_tiny_1_HOM_HALF,0.37062305,0.52087474,0.47035846,0.601794,0.51661307,0.63071895
dreamy,P,word2vec_tiny_1_HOM_HALF,0.3589304,0.41816217,0.4178302,0.4715053,0.44206446,0.4949818
hut,P,word2vec_tiny_1_HOM_HALF,0.3204732,0.43865013,0.46336243,0.6206463,0.51717067,0.66330683
mower,M,word2vec_tiny_1_HOM_HALF,0.33745804,0.40409294,0.41884345,0.4798415,0.45149478,0.52214944
rhythm,P,word2vec_tiny_1_HOM_HALF,0.32622284,0.40498748,0.4266885,0.48898384,0.4751823,0.53800666
perform,P,word2vec_tiny_1_HOM_HALF,0.3529849,0.47531378,0.47991505,0.6237414,0.5250588,0.6671123
kit,P,word2vec_tiny_1_HOM_HALF,0.40437746,0.54580045,0.49280876,0.6477167,0.52920914,0.6738683
filly,P,word2vec_tiny_1_HOM_HALF,0.29059836,0.30604133,0.3633123,0.44954687,0.40169767,0.51618665
monster,P,word2vec_tiny_1_HOM_HALF,0.3475092,0.48912665,0.4632241,0.5801206,0.5052386,0.58637995
goofy,M,word2vec_tiny_1_HOM_HALF,0.308531,0.34679672,0.35105518,0.40773657,0.3685432,0.41948375
wildcat,P,word2vec_tiny_1_HOM_HALF,0.26185113,0.3019979,0.29876077,0.36076957,0.31371373,0.37075385
perk,H,word2vec_tiny_1_HOM_HALF,0.37098384,0.42697203,0.4268045,0.48815352,0.44791695,0.49713096
shaft,P,word2vec_tiny_1_HOM_HALF,0.259151,0.30358475,0.29511032,0.33943114,0.30940992,0.3480367
suck,P,word2vec_tiny_1_HOM_HALF,0.40385777,0.49673232,0.49256954,0.54609597,0.5233877,0.57074744
recharge,P,word2vec_tiny_1_HOM_HALF,0.3244449,0.29582924,0.37434956,0.28753018,0.39385396,0.29178485
explosion,P,word2vec_tiny_1_HOM_HALF,0.2776119,0.36197904,0.36094493,0.46054408,0.39759186,0.49369302
rear,H,word2vec_tiny_1_HOM_HALF,0.22097078,0.26394543,0.25888646,0.3183696,0.27612594,0.32916576
counter,H,word2vec_tiny_1_HOM_HALF,0.35252744,0.49213332,0.45353028,0.5844847,0.49513274,0.6099459
familiar,P,word2vec_tiny_1_HOM_HALF,0.37168312,0.45488182,0.44759855,0.48672402,0.47340667,0.49517554
outfit,P,word2vec_tiny_1_HOM_HALF,0.2999072,0.40473253,0.39662522,0.5125945,0.44050896,0.561439
hunt,P,word2vec_tiny_1_HOM_HALF,0.41752315,0.54229224,0.5165796,0.6105631,0.54963714,0.62792796
video,P,word2vec_tiny_1_HOM_HALF,0.2608334,0.3629802,0.43316117,0.58702433,0.48693457,0.6230463
trash,P,word2vec_tiny_1_HOM_HALF,0.37804905,0.47653916,0.50023574,0.6056638,0.54432684,0.6333656
meter,H,word2vec_tiny_1_HOM_HALF,0.3283726,0.4086526,0.39561656,0.49176073,0.42705432,0.5259309
orchard,P,word2vec_tiny_1_HOM_HALF,0.34287673,0.43124092,0.41585782,0.5027356,0.44534433,0.5332016
scatter,P,word2vec_tiny_1_HOM_HALF,0.4426859,0.5715744,0.56003594,0.7038408,0.5988039,0.7331779
winner,M,word2vec_tiny_1_HOM_HALF,0.32638878,0.41967922,0.44823846,0.53556406,0.49759033,0.5636354
mush,H,word2vec_tiny_1_HOM_HALF,0.25304037,0.33151114,0.31739485,0.40746942,0.34660366,0.44089136
undress,P,word2vec_tiny_1_HOM_HALF,0.1984327,0.20933357,0.23176275,0.23688589,0.24519946,0.24318203
action,P,word2vec_tiny_1_HOM_HALF,0.37952834,0.39191046,0.43640682,0.43287396,0.45968735,0.45188358
melody,P,word2vec_tiny_1_HOM_HALF,0.27044144,0.3324698,0.36325416,0.48337054,0.39422944,0.49570644
actor,P,word2vec_tiny_1_HOM_HALF,0.30189544,0.40635315,0.39716494,0.5107377,0.4392861,0.54039496
chandelier,M,word2vec_tiny_1_HOM_HALF,0.30361527,0.37635913,0.3954549,0.5158115,0.43252602,0.543317
television,P,word2vec_tiny_1_HOM_HALF,0.2690509,0.3803624,0.4325624,0.59724563,0.4921898,0.65095526
borrow,P,word2vec_tiny_1_HOM_HALF,0.42447776,0.51068133,0.55119723,0.6571878,0.59559447,0.675077
futile,P,word2vec_tiny_1_HOM_HALF,0.19544521,0.21107455,0.23027422,0.24916956,0.2458546,0.26253217
danger,P,word2vec_tiny_1_HOM_HALF,0.37331268,0.42617986,0.45316285,0.49380362,0.48363233,0.5126127
habitat,P,word2vec_tiny_1_HOM_HALF,0.33592212,0.36777985,0.39127228,0.3984781,0.4136238,0.4107376
script,P,word2vec_tiny_1_HOM_HALF,0.2598087,0.29374877,0.31450006,0.37182593,0.33654535,0.38084605
curb,P,word2vec_tiny_1_HOM_HALF,0.34317642,0.42634,0.4174287,0.50413024,0.4501381,0.5314452
tile,P,word2vec_tiny_1_HOM_HALF,0.31543052,0.40855312,0.37593564,0.4819492,0.40332058,0.5037735
normal,P,word2vec_tiny_1_HOM_HALF,0.39678675,0.40435603,0.5145246,0.5934212,0.5541793,0.5954751
mitt,P,word2vec_tiny_1_HOM_HALF,0.3640754,0.37754214,0.45357963,0.48222193,0.48721087,0.524917
fence,P,word2vec_tiny_1_HOM_HALF,0.3746434,0.5052589,0.4819244,0.638474,0.5257305,0.6794437
fork,P,word2vec_tiny_1_HOM_HALF,0.28795904,0.40034816,0.40419078,0.5468039,0.4574559,0.6073138
lick,P,word2vec_tiny_1_HOM_HALF,0.3718697,0.43997234,0.45799068,0.4779718,0.48786223,0.49644375
hillside,M,word2vec_tiny_1_HOM_HALF,0.27623972,0.324232,0.32434154,0.39120552,0.34714404,0.4198168
overcome,P,word2vec_tiny_1_HOM_HALF,0.25731686,0.3100363,0.34019896,0.3796184,0.37692702,0.3983724
ravine,M,word2vec_tiny_1_HOM_HALF,0.26319146,0.33412948,0.3324892,0.4080553,0.36163843,0.43185908
steer,H,word2vec_tiny_1_HOM_HALF,0.36482382,0.44604886,0.47297555,0.5713805,0.5077845,0.5990151
hallway,P,word2vec_tiny_1_HOM_HALF,0.36816275,0.5198443,0.47508872,0.6141009,0.5093838,0.6206998
cheat,P,word2vec_tiny_1_HOM_HALF,0.37876067,0.4502647,0.479676,0.55403024,0.51404756,0.56127876
single,P,word2vec_tiny_1_HOM_HALF,0.42901716,0.47995204,0.4876544,0.50679237,0.50654185,0.50654346
shirt,M,word2vec_tiny_1_HOM_HALF,0.2176069,0.30689976,0.3753486,0.51697856,0.43628484,0.579175
flight,H,word2vec_tiny_1_HOM_HALF,0.37888676,0.46189222,0.461352,0.5581576,0.49356687,0.5691652
mixer,P,word2vec_tiny_1_HOM_HALF,0.31404483,0.4235358,0.4326989,0.56011,0.485802,0.6198716
thankful,M,word2vec_tiny_1_HOM_HALF,0.38311076,0.49265084,0.4936562,0.577982,0.5302277,0.5640387
muscle,P,word2vec_tiny_1_HOM_HALF,0.3907844,0.510437,0.4986679,0.64519525,0.53512686,0.67746335
behave,P,word2vec_tiny_1_HOM_HALF,0.42021617,0.54529226,0.50132203,0.60819346,0.5289961,0.55153596
suitcase,M,word2vec_tiny_1_HOM_HALF,0.33884475,0.46368206,0.4394519,0.56041396,0.4724883,0.57087475
price,P,word2vec_tiny_1_HOM_HALF,0.38041395,0.41033027,0.50498897,0.55833304,0.55150384,0.5910084
glamorous,M,word2vec_tiny_1_HOM_HALF,0.26235858,0.2958149,0.29820025,0.30808812,0.31544656,0.31370348
advance,P,word2vec_tiny_1_HOM_HALF,0.2543208,0.30943745,0.30029687,0.33803815,0.31958857,0.35378432
curl,P,word2vec_tiny_1_HOM_HALF,0.41040915,0.51594126,0.51576936,0.6335563,0.55404073,0.6579604
income,M,word2vec_tiny_1_HOM_HALF,0.23283327,0.3043807,0.27537468,0.33783326,0.29286468,0.35502645
delete,M,word2vec_tiny_1_HOM_HALF,0.32300818,0.36594832,0.39055374,0.44697437,0.41723403,0.4696916
snow,P,word2vec_tiny_1_HOM_HALF,0.3243446,0.4672609,0.46546543,0.6389784,0.5184958,0.6803693
issue,P,word2vec_tiny_1_HOM_HALF,0.2832839,0.32894143,0.32957855,0.3950168,0.34986827,0.4110139
gorgeous,M,word2vec_tiny_1_HOM_HALF,0.23470816,0.30062005,0.32437396,0.42342603,0.36161804,0.46443617
lump,P,word2vec_tiny_1_HOM_HALF,0.3847789,0.43168792,0.46296847,0.5334822,0.49235156,0.5596704
cloth,P,word2vec_tiny_1_HOM_HALF,0.32710838,0.47734767,0.4364301,0.60802567,0.4748201,0.63212365
faith,P,word2vec_tiny_1_HOM_HALF,0.30408117,0.35468924,0.3560067,0.42752627,0.37569973,0.44496876
doubtful,P,word2vec_tiny_1_HOM_HALF,0.30027238,0.3179354,0.35129222,0.38288766,0.37113217,0.39293003
salute,P,word2vec_tiny_1_HOM_HALF,0.33030975,0.40780967,0.4045783,0.48342443,0.434401,0.51388973
deed,P,word2vec_tiny_1_HOM_HALF,0.3690658,0.37906936,0.43763983,0.44026914,0.46371642,0.45044208
heat,P,word2vec_tiny_1_HOM_HALF,0.36822727,0.47087264,0.452708,0.53003466,0.4887103,0.55251604
unbearable,M,word2vec_tiny_1_HOM_HALF,0.23510304,0.30815667,0.29658002,0.38872007,0.32508233,0.41851982
geography,P,word2vec_tiny_1_HOM_HALF,0.20778148,0.28813925,0.27521312,0.37892675,0.3043718,0.40893623
ambitious,P,word2vec_tiny_1_HOM_HALF,0.30062553,0.36961502,0.3586185,0.4193877,0.3815091,0.43659428
wishful,M,word2vec_tiny_1_HOM_HALF,0.15015224,0.1808909,0.1778843,0.21345852,0.18912452,0.22662506
noble,P,word2vec_tiny_1_HOM_HALF,0.23829822,0.3063391,0.29901257,0.37648392,0.32422432,0.40540364
crystal,P,word2vec_tiny_1_HOM_HALF,0.24219282,0.31690052,0.40929386,0.5646469,0.46910942,0.62383705
underwater,P,word2vec_tiny_1_HOM_HALF,0.35684264,0.3992913,0.41862828,0.5237059,0.45096847,0.5555266
spaghetti,P,word2vec_tiny_1_HOM_HALF,0.20450301,0.28335193,0.3295914,0.44785118,0.3929155,0.49737906
pocket,P,word2vec_tiny_1_HOM_HALF,0.42331806,0.5687231,0.51450735,0.604292,0.5427029,0.60160923
locker,P,word2vec_tiny_1_HOM_HALF,0.34973943,0.45571914,0.41377044,0.52132267,0.44139472,0.5480124
mental,P,word2vec_tiny_1_HOM_HALF,0.32288608,0.36289012,0.37139556,0.3747446,0.3913309,0.38513926
clipper,P,word2vec_tiny_1_HOM_HALF,0.22720608,0.24579087,0.26462117,0.24551895,0.27875718,0.25813136
jar,H,word2vec_tiny_1_HOM_HALF,0.33938575,0.42704415,0.45192116,0.5575594,0.49901673,0.61374444
coin,P,word2vec_tiny_1_HOM_HALF,0.2717873,0.33852348,0.41655812,0.57347375,0.47184274,0.62101555
rejoice,P,word2vec_tiny_1_HOM_HALF,0.17898546,0.2029493,0.21238782,0.22390798,0.22437492,0.23451993
giraffe,M,word2vec_tiny_1_HOM_HALF,0.33064914,0.39741585,0.45917684,0.54717267,0.5154655,0.6186708
inner,P,word2vec_tiny_1_HOM_HALF,0.24138805,0.262383,0.29705128,0.3394408,0.32344973,0.37295097
parakeet,M,word2vec_tiny_1_HOM_HALF,0.25539666,0.2749692,0.2884599,0.28128597,0.30104226,0.29362088
utter,H,word2vec_tiny_1_HOM_HALF,0.15483783,0.1922493,0.17798103,0.21479905,0.18891934,0.22901121
leopard,P,word2vec_tiny_1_HOM_HALF,0.20678583,0.30958548,0.35399792,0.5051325,0.4216925,0.5779558
vulture,P,word2vec_tiny_1_HOM_HALF,0.27428898,0.30618078,0.34449112,0.41117448,0.3768406,0.4583295
blob,P,word2vec_tiny_1_HOM_HALF,0.32468623,0.3907773,0.39311528,0.46348163,0.4273995,0.51083344
beetle,H,word2vec_tiny_1_HOM_HALF,0.22971168,0.3355735,0.3824279,0.53816104,0.4405854,0.59557384
effort,P,word2vec_tiny_1_HOM_HALF,0.30496544,0.30197728,0.38683188,0.3915589,0.41777518,0.4164811
fish,P,word2vec_tiny_1_HOM_HALF,0.19836552,0.2641449,0.31534383,0.44321474,0.38758823,0.52949035
dust,P,word2vec_tiny_1_HOM_HALF,0.386177,0.5249452,0.48533207,0.62876594,0.51900136,0.6372626
shortcut,P,word2vec_tiny_1_HOM_HALF,0.45523137,0.56134367,0.52093333,0.59129953,0.5474549,0.5987953
lift,P,word2vec_tiny_1_HOM_HALF,0.33881474,0.49068776,0.4859536,0.65762305,0.54292524,0.7050277
pig,P,word2vec_tiny_1_HOM_HALF,0.191768,0.2844138,0.35034415,0.4956363,0.42898324,0.580398
violence,P,word2vec_tiny_1_HOM_HALF,0.2168993,0.25966388,0.27905947,0.32128266,0.30686095,0.35353753
belt,P,word2vec_tiny_1_HOM_HALF,0.22965452,0.3199046,0.36367282,0.5318586,0.42801124,0.6028182
uniform,P,word2vec_tiny_1_HOM_HALF,0.25426435,0.30549222,0.39792573,0.5393157,0.46217704,0.6252162
apparent,P,word2vec_tiny_1_HOM_HALF,0.1852438,0.19727463,0.21525437,0.22153111,0.22887065,0.23885761
arrest,P,word2vec_tiny_1_HOM_HALF,0.33641547,0.40402374,0.43369502,0.50472313,0.4734621,0.5341343
loot,P,word2vec_tiny_1_HOM_HALF,0.3014697,0.36585754,0.40000546,0.48957515,0.43626502,0.52627647
link,P,word2vec_tiny_1_HOM_HALF,0.32331118,0.3951423,0.39618504,0.474646,0.42674172,0.5071126
solo,P,word2vec_tiny_1_HOM_HALF,0.25128144,0.3309452,0.30090344,0.3921579,0.32192016,0.4127461
tutor,P,word2vec_tiny_1_HOM_HALF,0.35458386,0.46867666,0.4651577,0.6045261,0.50831485,0.613425
adore,P,word2vec_tiny_1_HOM_HALF,0.107219316,0.13315256,0.13046819,0.17082427,0.1418027,0.1901573
floss,P,word2vec_tiny_1_HOM_HALF,0.27873865,0.25323302,0.3129834,0.27758607,0.32738206,0.2772816
lawn,H,word2vec_tiny_1_HOM_HALF,0.35588405,0.50012416,0.4852303,0.6393612,0.53094244,0.6758769
wagon,P,word2vec_tiny_1_HOM_HALF,0.31718695,0.37097403,0.44575527,0.5879018,0.5026998,0.6467235
allowance,P,word2vec_tiny_1_HOM_HALF,0.3674592,0.40883455,0.4485253,0.45816642,0.47675526,0.4776948
decorate,P,word2vec_tiny_1_HOM_HALF,0.35211417,0.46505016,0.48350883,0.63313985,0.5436631,0.67975974
smack,H,word2vec_tiny_1_HOM_HALF,0.21517408,0.23686329,0.26390645,0.3080276,0.28155366,0.3374991
chapel,P,word2vec_tiny_1_HOM_HALF,0.31600526,0.37986603,0.36714086,0.42163906,0.38724288,0.43402022
marvel,P,word2vec_tiny_1_HOM_HALF,0.300708,0.2973534,0.392298,0.42872944,0.42665443,0.47336513
furry,P,word2vec_tiny_1_HOM_HALF,0.31934524,0.42326248,0.45109057,0.6128532,0.49690315,0.62890077
stag,P,word2vec_tiny_1_HOM_HALF,0.311297,0.34519783,0.3505627,0.3780385,0.36639094,0.39361894
observer,P,word2vec_tiny_1_HOM_HALF,0.25267154,0.21738262,0.2946088,0.26191863,0.31340992,0.28402796
assemble,P,word2vec_tiny_1_HOM_HALF,0.25024566,0.2887162,0.33788016,0.43793,0.37600532,0.4726812
box,H,word2vec_tiny_1_HOM_HALF,0.3171358,0.44259107,0.45024848,0.6156495,0.5052204,0.6683413
orbit,P,word2vec_tiny_1_HOM_HALF,0.25337607,0.3576683,0.31709003,0.4163559,0.33949855,0.41132158
microscope,M,word2vec_tiny_1_HOM_HALF,0.3773764,0.46883476,0.4747697,0.60555226,0.5189515,0.65745646
laundry,P,word2vec_tiny_1_HOM_HALF,0.4093438,0.54952615,0.49531192,0.6409576,0.5383864,0.6815698
talisman,P,word2vec_tiny_1_HOM_HALF,0.15076143,0.17074686,0.17399345,0.1982846,0.18518823,0.21175016
net,H,word2vec_tiny_1_HOM_HALF,0.37907988,0.525629,0.47755238,0.60549873,0.5144092,0.638931
hike,P,word2vec_tiny_1_HOM_HALF,0.33176008,0.42615363,0.4492633,0.5397688,0.48850968,0.5546938
slipper,M,word2vec_tiny_1_HOM_HALF,0.3462941,0.39792043,0.38749748,0.4304168,0.4068339,0.43536142
author,P,word2vec_tiny_1_HOM_HALF,0.27808064,0.3459706,0.35432267,0.4271101,0.3855449,0.46216637
ruckus,M,word2vec_tiny_1_HOM_HALF,0.2326227,0.28518674,0.29613248,0.36821437,0.32685974,0.4095103
meaningful,M,word2vec_tiny_1_HOM_HALF,0.20431635,0.23575062,0.26123023,0.31569687,0.28785354,0.35447714
importance,P,word2vec_tiny_1_HOM_HALF,0.4088459,0.38476726,0.47378543,0.4324584,0.49871194,0.44234878
venture,P,word2vec_tiny_1_HOM_HALF,0.35229653,0.40530455,0.43069375,0.4862254,0.4572661,0.49677247
shovel,P,word2vec_tiny_1_HOM_HALF,0.3432454,0.4401433,0.47249562,0.6004145,0.51905346,0.62446505
finish,P,word2vec_tiny_1_HOM_HALF,0.42177686,0.57094026,0.52826345,0.56814826,0.5593525,0.55811954
discomfort,P,word2vec_tiny_1_HOM_HALF,0.21426944,0.26289487,0.27054864,0.33859572,0.29617196,0.37578803
tire,H,word2vec_tiny_1_HOM_HALF,0.29139462,0.3440857,0.41192943,0.56780535,0.46041682,0.60830194
garden,P,word2vec_tiny_1_HOM_HALF,0.37384412,0.4896579,0.47860554,0.6081408,0.5147905,0.61332476
rearrange,P,word2vec_tiny_1_HOM_HALF,0.29116714,0.3628939,0.3513094,0.41173828,0.37574828,0.4238481
goody,P,word2vec_tiny_1_HOM_HALF,0.21195748,0.20227808,0.24307612,0.22922109,0.25602204,0.23647952
previous,P,word2vec_tiny_1_HOM_HALF,0.2732514,0.30375585,0.3212151,0.35999852,0.34221813,0.3911763
outlet,P,word2vec_tiny_1_HOM_HALF,0.26415926,0.3717243,0.3354043,0.46399024,0.36938977,0.49785545
comparison,P,word2vec_tiny_1_HOM_HALF,0.2646522,0.3232975,0.31063008,0.36580473,0.32850793,0.39032963
electric,P,word2vec_tiny_1_HOM_HALF,0.30478334,0.36126494,0.38123623,0.45647472,0.41483045,0.49610016
smog,M,word2vec_tiny_1_HOM_HALF,0.22202277,0.22697537,0.25375396,0.2623355,0.2668816,0.27479768
bathroom,P,word2vec_tiny_1_HOM_HALF,0.3429783,0.47836137,0.46660516,0.6121577,0.5182805,0.64820236
sheer,H,word2vec_tiny_1_HOM_HALF,0.24795341,0.31414008,0.29901862,0.3780307,0.32352424,0.40859485
insist,P,word2vec_tiny_1_HOM_HALF,0.4485174,0.5185688,0.5492894,0.6265652,0.57892185,0.59545964
original,P,word2vec_tiny_1_HOM_HALF,0.30107874,0.35214984,0.4606203,0.61585635,0.5210755,0.65857154
cheesecake,P,word2vec_tiny_1_HOM_HALF,0.25599316,0.240342,0.28989202,0.28394452,0.30317992,0.28510264
unprepared,P,word2vec_tiny_1_HOM_HALF,0.16909835,0.19645852,0.20146509,0.22265777,0.21531162,0.2359345
ignite,P,word2vec_tiny_1_HOM_HALF,0.24216095,0.30633318,0.2905878,0.36028844,0.30989712,0.36855465
spotlight,P,word2vec_tiny_1_HOM_HALF,0.3443796,0.30657905,0.39300418,0.33096978,0.41036344,0.3312739
satellite,P,word2vec_tiny_1_HOM_HALF,0.3125135,0.4160385,0.38968155,0.50900316,0.42198518,0.54029906
blacksmith,P,word2vec_tiny_1_HOM_HALF,0.29834664,0.38405496,0.3739541,0.434828,0.40130872,0.45329034
stage,P,word2vec_tiny_1_HOM_HALF,0.34072044,0.4247772,0.45624295,0.6089757,0.5055373,0.66507566
multiple,P,word2vec_tiny_1_HOM_HALF,0.35742027,0.4083445,0.418967,0.46559522,0.44046706,0.47337368
protector,P,word2vec_tiny_1_HOM_HALF,0.30176115,0.33865154,0.3649814,0.42152974,0.39208525,0.44940454
creep,P,word2vec_tiny_1_HOM_HALF,0.23217764,0.29167655,0.28838485,0.36124554,0.31230637,0.38856885
debt,P,word2vec_tiny_1_HOM_HALF,0.24717228,0.3007569,0.29416367,0.34988266,0.3132996,0.3648057
sharpen,M,word2vec_tiny_1_HOM_HALF,0.32803544,0.39691338,0.39378795,0.46286333,0.42090377,0.48596826
nonsense,P,word2vec_tiny_1_HOM_HALF,0.301081,0.3614503,0.35339668,0.4069902,0.37515664,0.41537267
absolute,P,word2vec_tiny_1_HOM_HALF,0.29635987,0.36890137,0.33879012,0.40288502,0.35787764,0.41428614
nasty,P,word2vec_tiny_1_HOM_HALF,0.31735706,0.33855292,0.3928065,0.4832194,0.4232334,0.5001435
mermaid,M,word2vec_tiny_1_HOM_HALF,0.3443966,0.42787665,0.43494526,0.520967,0.47361022,0.55220646
flash,P,word2vec_tiny_1_HOM_HALF,0.32210848,0.41686893,0.42567575,0.5109013,0.46818292,0.5517205
piggyback,P,word2vec_tiny_1_HOM_HALF,0.23042841,0.24126963,0.25900912,0.24191058,0.27256194,0.25759438
blind,P,word2vec_tiny_1_HOM_HALF,0.35842717,0.45266005,0.40924513,0.5026974,0.4300134,0.51840454
relic,P,word2vec_tiny_1_HOM_HALF,0.2640285,0.26876298,0.30710456,0.31679562,0.3242185,0.33190593
stock,P,word2vec_tiny_1_HOM_HALF,0.2452236,0.33465648,0.2938698,0.4016665,0.31582066,0.4197949
messy,P,word2vec_tiny_1_HOM_HALF,0.35976058,0.50828195,0.49042922,0.64980274,0.5391761,0.67757815
doorway,M,word2vec_tiny_1_HOM_HALF,0.3720081,0.43583852,0.42142963,0.4680952,0.44280747,0.4927782
farmers,M,word2vec_tiny_1_HOM_HALF,0.35213643,0.44570428,0.42503512,0.54452676,0.4610746,0.57556224
suit,P,word2vec_tiny_1_HOM_HALF,0.25278747,0.31725585,0.41009164,0.530707,0.47565323,0.6082836
seaweed,P,word2vec_tiny_1_HOM_HALF,0.3029353,0.32365155,0.4125573,0.48019913,0.4650022,0.56347895
quake,P,word2vec_tiny_1_HOM_HALF,0.25970143,0.2948498,0.3034426,0.34355074,0.32147247,0.35616007
fountain,P,word2vec_tiny_1_HOM_HALF,0.34571663,0.41809806,0.47152096,0.6045066,0.52008605,0.6388275
planet,P,word2vec_tiny_1_HOM_HALF,0.3518033,0.47675827,0.47408745,0.6241478,0.52172,0.675642
ticklish,P,word2vec_tiny_1_HOM_HALF,0.28464144,0.37083137,0.3810096,0.4752755,0.41739467,0.5034375
vacation,P,word2vec_tiny_1_HOM_HALF,0.31745583,0.43981835,0.46260476,0.6010022,0.5225222,0.6465198
bookie,M,word2vec_tiny_1_HOM_HALF,0.19537875,0.20284484,0.22729778,0.23491767,0.24067424,0.24961768
secretive,M,word2vec_tiny_1_HOM_HALF,0.23845164,0.28136137,0.27419055,0.32128426,0.28932506,0.34306923
necessary,P,word2vec_tiny_1_HOM_HALF,0.32266015,0.38091403,0.36875546,0.43230665,0.39015862,0.44737056
ninth,P,word2vec_tiny_1_HOM_HALF,0.24330147,0.21305726,0.31323528,0.30073556,0.35007918,0.37119555
blame,P,word2vec_tiny_1_HOM_HALF,0.3753025,0.5095119,0.47027862,0.54132175,0.5039939,0.53474236
doorknob,M,word2vec_tiny_1_HOM_HALF,0.3107863,0.41980836,0.3941327,0.48496348,0.42500314,0.50228536
mutt,M,word2vec_tiny_1_HOM_HALF,0.29333416,0.35282132,0.34772882,0.39744985,0.36936486,0.42300048
height,P,word2vec_tiny_1_HOM_HALF,0.36636645,0.42806053,0.43616584,0.5100847,0.46628404,0.5321626
contestant,P,word2vec_tiny_1_HOM_HALF,0.18983524,0.22221795,0.22285019,0.26752028,0.23679946,0.2857998
jig,H,word2vec_tiny_1_HOM_HALF,0.34669262,0.39401788,0.41599983,0.48332334,0.44836456,0.51160103
gamble,P,word2vec_tiny_1_HOM_HALF,0.1786687,0.1739645,0.2097895,0.206752,0.2224873,0.22361016
cartoon,P,word2vec_tiny_1_HOM_HALF,0.27822858,0.36017022,0.46760163,0.6041765,0.5180633,0.6391433
tunnel,P,word2vec_tiny_1_HOM_HALF,0.33715543,0.4886965,0.4697241,0.627649,0.5210682,0.66893494
vessel,P,word2vec_tiny_1_HOM_HALF,0.25672272,0.3022802,0.32467002,0.4107877,0.35560277,0.45850265
weapon,P,word2vec_tiny_1_HOM_HALF,0.25926027,0.36117408,0.40370598,0.5727748,0.45345235,0.6178696
contact,P,word2vec_tiny_1_HOM_HALF,0.27720827,0.3620282,0.3211911,0.40462628,0.34155616,0.42103428
slight,P,word2vec_tiny_1_HOM_HALF,0.22674266,0.2941607,0.286612,0.38202938,0.31477946,0.4163292
architect,P,word2vec_tiny_1_HOM_HALF,0.26729923,0.29511797,0.3089197,0.3571492,0.32537225,0.3636882
stubborn,P,word2vec_tiny_1_HOM_HALF,0.31733394,0.4037767,0.4597037,0.5744395,0.5216656,0.63921005
hideout,M,word2vec_tiny_1_HOM_HALF,0.39332396,0.51362604,0.49482232,0.5973782,0.52741086,0.5983792
ruler,P,word2vec_tiny_1_HOM_HALF,0.3840201,0.5144285,0.47706738,0.536236,0.5110441,0.58817893
maximum,P,word2vec_tiny_1_HOM_HALF,0.2419683,0.26166785,0.29457867,0.37315732,0.3139069,0.39775497
signal,P,word2vec_tiny_1_HOM_HALF,0.4156248,0.47829735,0.49947375,0.60964406,0.5330701,0.64089024
ramp,P,word2vec_tiny_1_HOM_HALF,0.41679445,0.5036193,0.49737877,0.61458033,0.530123,0.63853264
cargo,M,word2vec_tiny_1_HOM_HALF,0.35538945,0.45088643,0.42825195,0.5249629,0.46071708,0.55229706
wrapped,P,word2vec_tiny_1_HOM_HALF,0.3777227,0.5030697,0.48544785,0.57493913,0.52205086,0.6025001
custard,M,word2vec_tiny_1_HOM_HALF,0.1829404,0.23126411,0.22989054,0.28801036,0.25997302,0.3353168
plague,P,word2vec_tiny_1_HOM_HALF,0.19353724,0.18876171,0.22951391,0.23318383,0.24730766,0.24487776
code,P,word2vec_tiny_1_HOM_HALF,0.3436113,0.41199562,0.41854626,0.50704694,0.44917026,0.52507615
loosen,P,word2vec_tiny_1_HOM_HALF,0.2682868,0.38401288,0.37400505,0.4876562,0.41457978,0.5190719
generous,P,word2vec_tiny_1_HOM_HALF,0.28510016,0.3972367,0.44463414,0.5877121,0.50241125,0.624955
ham,H,word2vec_tiny_1_HOM_HALF,0.26275128,0.32575774,0.37678608,0.42494726,0.42810044,0.4720781
exist,P,word2vec_tiny_1_HOM_HALF,0.3566995,0.42353743,0.418314,0.46623817,0.44186807,0.4886782
shout,P,word2vec_tiny_1_HOM_HALF,0.370192,0.5180405,0.49407062,0.6181855,0.54018366,0.62279344
bold,P,word2vec_tiny_1_HOM_HALF,0.37825066,0.4467431,0.4363849,0.4963587,0.456389,0.49877882
wrecking,P,word2vec_tiny_1_HOM_HALF,0.30256844,0.2906768,0.34540072,0.31025118,0.36220413,0.32145214
shampoo,P,word2vec_tiny_1_HOM_HALF,0.32144788,0.47595266,0.43570748,0.5778172,0.48382008,0.6259319
mare,H,word2vec_tiny_1_HOM_HALF,0.26594216,0.29291546,0.30367112,0.32147628,0.31936845,0.32551837
bundle,P,word2vec_tiny_1_HOM_HALF,0.36505333,0.4568319,0.44228032,0.55356723,0.46995273,0.56156766
snag,P,word2vec_tiny_1_HOM_HALF,0.23111582,0.25569975,0.26916936,0.32095513,0.28505954,0.33548886
method,P,word2vec_tiny_1_HOM_HALF,0.23434477,0.26214772,0.27291003,0.2881777,0.28923455,0.3007655
approach,P,word2vec_tiny_1_HOM_HALF,0.35651985,0.4103693,0.42214152,0.48325694,0.44809854,0.5025491
anchor,P,word2vec_tiny_1_HOM_HALF,0.25451046,0.33555892,0.36696613,0.47976515,0.42064124,0.5418347
rattle,P,word2vec_tiny_1_HOM_HALF,0.3517334,0.4045527,0.43239266,0.48568544,0.4664128,0.53437614
artifact,P,word2vec_tiny_1_HOM_HALF,0.23557448,0.28514877,0.2768121,0.3001534,0.29484603,0.31970584
quit,P,word2vec_tiny_1_HOM_HALF,0.39857286,0.52471155,0.5166287,0.6254861,0.5532035,0.59091794
repair,H,word2vec_tiny_1_HOM_HALF,0.3370703,0.4930059,0.474488,0.6259835,0.52412057,0.6363668
reptile,P,word2vec_tiny_1_HOM_HALF,0.34452704,0.41687378,0.39979577,0.42904925,0.4188414,0.43698633
create,P,word2vec_tiny_1_HOM_HALF,0.3449996,0.48583958,0.4794467,0.6300252,0.52870363,0.6462927
foil,H,word2vec_tiny_1_HOM_HALF,0.33008593,0.39086166,0.3994672,0.5012768,0.43029183,0.53091353
leaky,P,word2vec_tiny_1_HOM_HALF,0.36044377,0.39330792,0.42698836,0.46133676,0.45521,0.5034551
rough,P,word2vec_tiny_1_HOM_HALF,0.3714766,0.52055925,0.49052486,0.64573616,0.53788245,0.69085205
month,P,word2vec_tiny_1_HOM_HALF,0.4292547,0.49412605,0.5079266,0.5452859,0.5329707,0.55558145
siren,P,word2vec_tiny_1_HOM_HALF,0.29240638,0.37049377,0.39809462,0.5361092,0.4460836,0.5701368
indicate,P,word2vec_tiny_1_HOM_HALF,0.16238073,0.16965607,0.18645456,0.20882486,0.1983691,0.22599365
jazz,M,word2vec_tiny_1_HOM_HALF,0.3228849,0.344692,0.4428545,0.5626824,0.48986205,0.594075
watermelon,P,word2vec_tiny_1_HOM_HALF,0.31583613,0.33594257,0.40306237,0.46141815,0.444334,0.5004925
ritual,P,word2vec_tiny_1_HOM_HALF,0.25469953,0.34010708,0.31121457,0.38944605,0.33503556,0.39981696
interior,P,word2vec_tiny_1_HOM_HALF,0.23229957,0.25863045,0.26688215,0.28650478,0.28188208,0.29943582
porch,P,word2vec_tiny_1_HOM_HALF,0.3745199,0.49636474,0.49590883,0.6494802,0.5425571,0.6942016
unload,P,word2vec_tiny_1_HOM_HALF,0.3538744,0.4521257,0.45087415,0.55747575,0.48816952,0.5824559
camp,H,word2vec_tiny_1_HOM_HALF,0.33790976,0.41574776,0.45698208,0.60555094,0.5164789,0.678026
college,P,word2vec_tiny_1_HOM_HALF,0.25823593,0.32679245,0.3176699,0.3904831,0.33903182,0.4093224
stalk,H,word2vec_tiny_1_HOM_HALF,0.30831128,0.38482744,0.38805965,0.48166826,0.42447045,0.5196171
accord,P,word2vec_tiny_1_HOM_HALF,0.16104588,0.1736402,0.18666513,0.20697163,0.19806243,0.22183044
kennel,P,word2vec_tiny_1_HOM_HALF,0.31917122,0.37821987,0.38070333,0.4478223,0.4047101,0.46985713
spider,M,word2vec_tiny_1_HOM_HALF,0.28070387,0.38762492,0.42127156,0.55623716,0.47583672,0.619792
sweetheart,P,word2vec_tiny_1_HOM_HALF,0.28496462,0.3565611,0.36516657,0.34067622,0.38972318,0.36048424
animal,P,word2vec_tiny_1_HOM_HALF,0.32526395,0.34526047,0.42069572,0.5324302,0.46211964,0.5924125
climb,P,word2vec_tiny_1_HOM_HALF,0.38368326,0.5367964,0.49574807,0.66871613,0.544139,0.70612705
detergent,P,word2vec_tiny_1_HOM_HALF,0.3121043,0.3989355,0.38161147,0.4778331,0.41134238,0.4973865
slope,P,word2vec_tiny_1_HOM_HALF,0.3096133,0.41100234,0.38953668,0.50429934,0.42521447,0.531305
test,H,word2vec_tiny_1_HOM_HALF,0.38806456,0.45316398,0.4753933,0.5478699,0.5105672,0.5617532
dedicate,P,word2vec_tiny_1_HOM_HALF,0.14248045,0.15927961,0.18021023,0.20005235,0.19804966,0.21726587
weary,P,word2vec_tiny_1_HOM_HALF,0.25865322,0.3238426,0.31243306,0.3915789,0.33400416,0.41991383
pace,H,word2vec_tiny_1_HOM_HALF,0.39484614,0.4796885,0.46159652,0.51939714,0.4861155,0.53245926
painless,P,word2vec_tiny_1_HOM_HALF,0.2060185,0.18336146,0.23462087,0.20785208,0.24786581,0.22218272
quiz,P,word2vec_tiny_1_HOM_HALF,0.33232647,0.47090703,0.4488292,0.58269083,0.49250108,0.62466383
hardware,P,word2vec_tiny_1_HOM_HALF,0.2557264,0.3362275,0.33729964,0.4416058,0.37784708,0.47588345
snappy,P,word2vec_tiny_1_HOM_HALF,0.23296204,0.24947059,0.34232414,0.44749093,0.39266682,0.52238005
ordinary,P,word2vec_tiny_1_HOM_HALF,0.3160948,0.37665445,0.4625408,0.58011425,0.5268783,0.64531595
marvelous,P,word2vec_tiny_1_HOM_HALF,0.23786025,0.3166134,0.31267232,0.42054537,0.34233055,0.44556084
gravel,P,word2vec_tiny_1_HOM_HALF,0.3011512,0.37901863,0.36016437,0.4579167,0.38753483,0.48559648
demeanor,P,word2vec_tiny_1_HOM_HALF,0.22821105,0.21904972,0.2632738,0.2495301,0.27740076,0.26286727
spaceship,M,word2vec_tiny_1_HOM_HALF,0.36232167,0.4481467,0.4779496,0.6057068,0.5210307,0.64364696
runway,P,word2vec_tiny_1_HOM_HALF,0.36429247,0.4771012,0.43306935,0.5446106,0.47174972,0.5847772
layer,P,word2vec_tiny_1_HOM_HALF,0.30411395,0.361569,0.37604213,0.4708775,0.40804854,0.50731623
disaster,P,word2vec_tiny_1_HOM_HALF,0.37674809,0.42782584,0.44278294,0.4860062,0.46832,0.5023994
mile,P,word2vec_tiny_1_HOM_HALF,0.29553515,0.35211456,0.34479806,0.3980547,0.36200818,0.41857246
intrude,P,word2vec_tiny_1_HOM_HALF,0.21450397,0.23279546,0.25903857,0.27320805,0.27561286,0.2851813
suggestion,P,word2vec_tiny_1_HOM_HALF,0.34562957,0.40638405,0.434595,0.47492272,0.46107423,0.4834139
devour,P,word2vec_tiny_1_HOM_HALF,0.21782298,0.28632152,0.2684756,0.357284,0.2896122,0.39315918
shiny,P,word2vec_tiny_1_HOM_HALF,0.3644895,0.48705387,0.47949287,0.62653077,0.5267108,0.67525995
puffy,P,word2vec_tiny_1_HOM_HALF,0.35337272,0.39870018,0.44072697,0.51298183,0.48232117,0.56036824
tend,H,word2vec_tiny_1_HOM_HALF,0.2686805,0.30730045,0.40100265,0.4840293,0.44928262,0.5327558
bite,P,word2vec_tiny_1_HOM_HALF,0.39129,0.46918544,0.4836809,0.5291583,0.5173801,0.5230434
globe,P,word2vec_tiny_1_HOM_HALF,0.43243256,0.5148227,0.50628644,0.5976754,0.5383706,0.61347586
sled,P,word2vec_tiny_1_HOM_HALF,0.38023886,0.51369935,0.4769787,0.62343776,0.517536,0.66092676
hat,P,word2vec_tiny_1_HOM_HALF,0.2673638,0.32788113,0.40502465,0.5423743,0.46867883,0.60100305
alley,H,word2vec_tiny_1_HOM_HALF,0.37899217,0.4439523,0.44797695,0.47286397,0.47456542,0.48042437
tattoo,H,word2vec_tiny_1_HOM_HALF,0.2993688,0.37182653,0.35381627,0.43205312,0.37426704,0.44910425
eerie,M,word2vec_tiny_1_HOM_HALF,0.25193805,0.327543,0.32094643,0.40825924,0.35370144,0.44600582
overweight,P,word2vec_tiny_1_HOM_HALF,0.16135153,0.16302451,0.1869284,0.20909424,0.19765168,0.22523208
canoe,P,word2vec_tiny_1_HOM_HALF,0.3147513,0.3655197,0.39014295,0.45924762,0.42188394,0.4923249
teller,P,word2vec_tiny_1_HOM_HALF,0.318646,0.37983674,0.3754245,0.4204656,0.39928705,0.4257107
boost,P,word2vec_tiny_1_HOM_HALF,0.41218048,0.45961753,0.4669337,0.48964185,0.4873483,0.5022131
soap,P,word2vec_tiny_1_HOM_HALF,0.29400098,0.41299546,0.398497,0.5308717,0.44732487,0.5680121
choke,P,word2vec_tiny_1_HOM_HALF,0.32095903,0.39849463,0.4047966,0.48404786,0.44193816,0.5180369
apron,P,word2vec_tiny_1_HOM_HALF,0.36388117,0.4503192,0.46213377,0.5978688,0.5018152,0.642142
verdict,P,word2vec_tiny_1_HOM_HALF,0.11664281,0.13833353,0.1396285,0.17717376,0.15007353,0.19503826
discipline,P,word2vec_tiny_1_HOM_HALF,0.19467333,0.23485355,0.23218688,0.2829823,0.25192413,0.29731938
heavenly,P,word2vec_tiny_1_HOM_HALF,0.18524191,0.20888369,0.25587434,0.30778643,0.2908823,0.35950106
charger,P,word2vec_tiny_1_HOM_HALF,0.29367143,0.34955436,0.3796794,0.4728568,0.41563419,0.5112436
canteen,P,word2vec_tiny_1_HOM_HALF,0.22200456,0.27175137,0.27690026,0.34686202,0.3044318,0.37043175
newcomer,M,word2vec_tiny_1_HOM_HALF,0.24836895,0.27273658,0.27912372,0.2940163,0.2918872,0.3060991
hygiene,P,word2vec_tiny_1_HOM_HALF,0.17117193,0.22171512,0.22105117,0.26646176,0.2510976,0.3008406
switch,P,word2vec_tiny_1_HOM_HALF,0.33757725,0.45296586,0.44633445,0.5901065,0.49355265,0.6303327
driveway,M,word2vec_tiny_1_HOM_HALF,0.39707932,0.5015137,0.48733327,0.5714218,0.52041036,0.59226817
wig,P,word2vec_tiny_1_HOM_HALF,0.334924,0.42076787,0.43871266,0.5490648,0.48311332,0.5869087
sad,P,word2vec_tiny_1_HOM_HALF,0.34442016,0.40413216,0.49495375,0.62692136,0.56769985,0.6877418
smelly,M,word2vec_tiny_1_HOM_HALF,0.32637814,0.45946833,0.46638948,0.6280652,0.52110803,0.67161494
dislike,P,word2vec_tiny_1_HOM_HALF,0.25676402,0.24687734,0.3033931,0.30521348,0.32025388,0.31317198
ridiculous,M,word2vec_tiny_1_HOM_HALF,0.28824598,0.28180313,0.32491684,0.31805196,0.33970085,0.32694432
dubious,P,word2vec_tiny_1_HOM_HALF,0.14038026,0.16153459,0.16328484,0.19192532,0.17454201,0.20640928
spotless,P,word2vec_tiny_1_HOM_HALF,0.30784538,0.3683318,0.39464054,0.48935908,0.43010086,0.50589544
triangle,P,word2vec_tiny_1_HOM_HALF,0.30847606,0.46121833,0.4426316,0.61955595,0.48937508,0.64966875
scorpion,P,word2vec_tiny_1_HOM_HALF,0.31567985,0.35583892,0.37506202,0.4208871,0.39856854,0.43215558
homeless,P,word2vec_tiny_1_HOM_HALF,0.32176524,0.3834681,0.38428566,0.44992828,0.4138144,0.47636288
catalog,P,word2vec_tiny_1_HOM_HALF,0.28438848,0.3288982,0.3519972,0.4245538,0.38025513,0.45900127
chef,M,word2vec_tiny_1_HOM_HALF,0.36749083,0.49935517,0.4750191,0.62394553,0.5130899,0.6367989
pout,H,word2vec_tiny_1_HOM_HALF,0.3540488,0.45780915,0.46044123,0.557235,0.49444008,0.58263165
celebrity,P,word2vec_tiny_1_HOM_HALF,0.28711897,0.331727,0.3248343,0.36430866,0.3397809,0.38870493
agree,P,word2vec_tiny_1_HOM_HALF,0.46061045,0.57314414,0.5643036,0.57451785,0.5915905,0.5665283
cry,P,word2vec_tiny_1_HOM_HALF,0.35316938,0.50490266,0.46026093,0.60135454,0.5063286,0.6132617
expensive,P,word2vec_tiny_1_HOM_HALF,0.3705056,0.5056896,0.49301586,0.6417768,0.54101866,0.65580505
bop,H,word2vec_tiny_1_HOM_HALF,0.19878238,0.24084151,0.31465065,0.40992764,0.37704635,0.49485698
stray,P,word2vec_tiny_1_HOM_HALF,0.36906442,0.44218773,0.44461724,0.5098417,0.47466087,0.53498137
concept,P,word2vec_tiny_1_HOM_HALF,0.25870594,0.3243637,0.30994686,0.39943582,0.33275214,0.42586964
absorb,P,word2vec_tiny_1_HOM_HALF,0.26362854,0.2691639,0.31318247,0.33042264,0.3316638,0.34183857
laughter,P,word2vec_tiny_1_HOM_HALF,0.3722565,0.43816665,0.45822486,0.4858631,0.48971012,0.50268424
referee,P,word2vec_tiny_1_HOM_HALF,0.36935267,0.44188866,0.45041564,0.54195565,0.484228,0.56183666
available,P,word2vec_tiny_1_HOM_HALF,0.46752223,0.59873825,0.5500133,0.65374064,0.5787421,0.6528584
upside,P,word2vec_tiny_1_HOM_HALF,0.48775917,0.5417974,0.5595604,0.6350433,0.58583176,0.6582648
load,P,word2vec_tiny_1_HOM_HALF,0.3368156,0.48274,0.4782777,0.6468622,0.52861893,0.68619937
factory,M,word2vec_tiny_1_HOM_HALF,0.31362376,0.40277222,0.43892393,0.5880887,0.49828407,0.65363204
moonlight,P,word2vec_tiny_1_HOM_HALF,0.29072103,0.2912377,0.3887068,0.44217783,0.43001392,0.4925824
lighten,H,word2vec_tiny_1_HOM_HALF,0.2761521,0.33553582,0.32966027,0.39230356,0.35282257,0.41755536
rebuild,P,word2vec_tiny_1_HOM_HALF,0.37906408,0.44456565,0.45621032,0.5011601,0.48346737,0.5000544
forehead,P,word2vec_tiny_1_HOM_HALF,0.3417327,0.46065983,0.42113766,0.5279055,0.4487493,0.53201413
overalls,P,word2vec_tiny_1_HOM_HALF,0.27464724,0.31284705,0.37602156,0.45378512,0.4215654,0.518408
alcohol,P,word2vec_tiny_1_HOM_HALF,0.278648,0.28601253,0.3448924,0.37481573,0.37285262,0.41612232
completion,P,word2vec_tiny_1_HOM_HALF,0.24924727,0.31734517,0.2966232,0.37307665,0.31785852,0.38881195
server,P,word2vec_tiny_1_HOM_HALF,0.32013163,0.39061004,0.38780555,0.42926368,0.41885796,0.44921583
chuckle,P,word2vec_tiny_1_HOM_HALF,0.27858055,0.32253274,0.32089892,0.37704366,0.3396995,0.40484804
bulb,P,word2vec_tiny_1_HOM_HALF,0.31729862,0.42040718,0.427784,0.5848286,0.47439682,0.63165665
passport,P,word2vec_tiny_1_HOM_HALF,0.31938383,0.383432,0.44746357,0.5861679,0.49495122,0.6454038
shaky,P,word2vec_tiny_1_HOM_HALF,0.38395625,0.4402954,0.47720855,0.52747,0.5097963,0.5694247
jumper,H,word2vec_tiny_1_HOM_HALF,0.384906,0.47203553,0.49518096,0.63206786,0.53562784,0.63794833
expert,P,word2vec_tiny_1_HOM_HALF,0.3905755,0.42106712,0.46320212,0.48367587,0.4914293,0.5029852
disease,P,word2vec_tiny_1_HOM_HALF,0.24287403,0.31617218,0.33723393,0.43287125,0.37625206,0.4586766
motivation,P,word2vec_tiny_1_HOM_HALF,0.18378326,0.258204,0.23294808,0.31573814,0.26113915,0.35114
wise,H,word2vec_tiny_1_HOM_HALF,0.38175672,0.5192574,0.49271294,0.5969247,0.52849996,0.5953612
petrol,M,word2vec_tiny_1_HOM_HALF,0.2960493,0.38303792,0.36105075,0.47737822,0.38884243,0.4966898
drown,P,word2vec_tiny_1_HOM_HALF,0.35523805,0.39539868,0.443913,0.48944178,0.4750354,0.53365993
clover,P,word2vec_tiny_1_HOM_HALF,0.29436046,0.37252453,0.35498303,0.42301884,0.37943146,0.4462174
crap,M,word2vec_tiny_1_HOM_HALF,0.2100338,0.25660256,0.24666315,0.2869875,0.2625482,0.29493895
raccoon,P,word2vec_tiny_1_HOM_HALF,0.30624273,0.40367982,0.39391935,0.46458516,0.4229274,0.48107612
pearly,P,word2vec_tiny_1_HOM_HALF,0.24804024,0.29287001,0.2908149,0.3510766,0.30723214,0.3556951
pointer,P,word2vec_tiny_1_HOM_HALF,0.35583258,0.43569988,0.42715362,0.54033065,0.46208745,0.55944014
cab,H,word2vec_tiny_1_HOM_HALF,0.29816175,0.3586438,0.364842,0.46382076,0.40228927,0.51390046
swipe,P,word2vec_tiny_1_HOM_HALF,0.3013147,0.33490738,0.37535563,0.43952152,0.40430644,0.46076456
shame,P,word2vec_tiny_1_HOM_HALF,0.32453984,0.35208425,0.39985734,0.42541412,0.4260536,0.4485541
disobey,M,word2vec_tiny_1_HOM_HALF,0.32853886,0.40469575,0.3967968,0.45630878,0.42604423,0.45869488
list,H,word2vec_tiny_1_HOM_HALF,0.483998,0.58195406,0.55931836,0.6673869,0.5858768,0.6686233
curve,P,word2vec_tiny_1_HOM_HALF,0.33062655,0.3993931,0.43208256,0.5395355,0.46844864,0.56846917
twirl,P,word2vec_tiny_1_HOM_HALF,0.36548552,0.46654862,0.48254684,0.607819,0.52118635,0.61968786
trolley,P,word2vec_tiny_1_HOM_HALF,0.3330106,0.42446005,0.3994781,0.50105256,0.42821217,0.52963865
frantic,P,word2vec_tiny_1_HOM_HALF,0.22390516,0.30515203,0.27131444,0.369329,0.28929284,0.39351425
weatherman,M,word2vec_tiny_1_HOM_HALF,0.19450784,0.19476391,0.22316217,0.2178553,0.23570298,0.23056164
slice,P,word2vec_tiny_1_HOM_HALF,0.3156116,0.38800445,0.3946329,0.45371327,0.43308505,0.46749732
function,P,word2vec_tiny_1_HOM_HALF,0.24730942,0.25242373,0.28191626,0.2799759,0.29784372,0.28496885
spin,P,word2vec_tiny_1_HOM_HALF,0.36091897,0.5191367,0.4958188,0.6708138,0.5429845,0.7017008
graceful,M,word2vec_tiny_1_HOM_HALF,0.38092142,0.43776962,0.48920608,0.6193364,0.5379011,0.66839755
albino,M,word2vec_tiny_1_HOM_HALF,0.25155136,0.26112247,0.28790832,0.267327,0.3030459,0.2722512
drought,P,word2vec_tiny_1_HOM_HALF,0.27822366,0.35411942,0.3311532,0.39861104,0.3571448,0.43689376
downtown,P,word2vec_tiny_1_HOM_HALF,0.29359448,0.38077712,0.35346368,0.43720865,0.37949768,0.46124873
expression,P,word2vec_tiny_1_HOM_HALF,0.35444018,0.4031144,0.42963064,0.44073465,0.45337892,0.4515186
sheet,H,word2vec_tiny_1_HOM_HALF,0.31531662,0.4446801,0.42802167,0.5734946,0.47618926,0.6313426
icy,P,word2vec_tiny_1_HOM_HALF,0.38818127,0.5016872,0.5017711,0.65656066,0.55111444,0.69127613
surgery,P,word2vec_tiny_1_HOM_HALF,0.27399412,0.3227278,0.36949527,0.47427046,0.4086634,0.501674
risk,P,word2vec_tiny_1_HOM_HALF,0.34011197,0.41334838,0.41913337,0.46439776,0.44697532,0.47862196
shallow,P,word2vec_tiny_1_HOM_HALF,0.34848586,0.3870237,0.43349257,0.5100844,0.47226065,0.54146075
bandage,P,word2vec_tiny_1_HOM_HALF,0.30398998,0.3867166,0.41548064,0.5335763,0.466801,0.59324014
mast,H,word2vec_tiny_1_HOM_HALF,0.33624855,0.4429537,0.43350625,0.5481424,0.4712079,0.5939986
crest,P,word2vec_tiny_1_HOM_HALF,0.33753127,0.4726889,0.423283,0.549166,0.46382913,0.5831695
decline,P,word2vec_tiny_1_HOM_HALF,0.16888511,0.18350059,0.19340333,0.21359399,0.20442328,0.22590147
peck,H,word2vec_tiny_1_HOM_HALF,0.3851922,0.41915885,0.48525947,0.5635954,0.5216547,0.5950388
legacy,P,word2vec_tiny_1_HOM_HALF,0.22206572,0.22827049,0.25889277,0.26943326,0.2736427,0.2895048
unkind,M,word2vec_tiny_1_HOM_HALF,0.2647712,0.36943275,0.37498966,0.47629887,0.4126028,0.4996498
carton,P,word2vec_tiny_1_HOM_HALF,0.33216164,0.42096946,0.42112252,0.50940824,0.4577804,0.53153104
achieve,P,word2vec_tiny_1_HOM_HALF,0.27077973,0.29357862,0.35982567,0.37120473,0.39971825,0.40694126
gem,P,word2vec_tiny_1_HOM_HALF,0.21367058,0.31156284,0.3996525,0.55886483,0.46527594,0.61784977
habit,P,word2vec_tiny_1_HOM_HALF,0.44076553,0.44659537,0.5050606,0.48994306,0.52819306,0.4977404
speedy,M,word2vec_tiny_1_HOM_HALF,0.22201505,0.2770572,0.34597984,0.46448037,0.40897202,0.55013055
glum,P,word2vec_tiny_1_HOM_HALF,0.23019485,0.2909995,0.27734125,0.36481428,0.2964815,0.38566744
ponder,P,word2vec_tiny_1_HOM_HALF,0.28471598,0.3627574,0.3285442,0.39584935,0.34949052,0.42111441
extinct,P,word2vec_tiny_1_HOM_HALF,0.2591948,0.22858498,0.29617974,0.25008354,0.31171384,0.26001143
germ,P,word2vec_tiny_1_HOM_HALF,0.37639,0.42322972,0.46012196,0.51082903,0.4914605,0.52354753
refuge,P,word2vec_tiny_1_HOM_HALF,0.27093607,0.29279935,0.31023943,0.33005497,0.32455635,0.33592677
favor,P,word2vec_tiny_1_HOM_HALF,0.36178917,0.39665902,0.43471086,0.47474536,0.46152428,0.4863919
swim,P,word2vec_tiny_1_HOM_HALF,0.30697113,0.3559732,0.40320176,0.48375678,0.4562533,0.5619638
weed,H,word2vec_tiny_1_HOM_HALF,0.3348756,0.41617215,0.41861632,0.50396705,0.4537468,0.5255518
mobile,P,word2vec_tiny_1_HOM_HALF,0.33632156,0.36967528,0.41108167,0.50066143,0.43977585,0.5379621
rudder,P,word2vec_tiny_1_HOM_HALF,0.29017043,0.4032005,0.38031307,0.5056711,0.4155481,0.5405591
membership,P,word2vec_tiny_1_HOM_HALF,0.22228536,0.23550461,0.25436756,0.25189716,0.26868054,0.26332757
exhibit,P,word2vec_tiny_1_HOM_HALF,0.39529204,0.48962495,0.48769832,0.6041666,0.52064914,0.63045335
runaway,P,word2vec_tiny_1_HOM_HALF,0.3003541,0.3663697,0.3458399,0.4103493,0.36688846,0.42223784
ceramic,P,word2vec_tiny_1_HOM_HALF,0.26720858,0.35231698,0.31190217,0.42090794,0.33451736,0.4496531
tragedy,P,word2vec_tiny_1_HOM_HALF,0.23223963,0.27184764,0.30223137,0.35896373,0.33517063,0.39972392
argument,P,word2vec_tiny_1_HOM_HALF,0.39949697,0.4805234,0.47990665,0.518709,0.50262326,0.5155601
stable,H,word2vec_tiny_1_HOM_HALF,0.3236088,0.367304,0.44989818,0.5920796,0.50850743,0.6600284
suction,P,word2vec_tiny_1_HOM_HALF,0.23908667,0.27817574,0.28377947,0.31309506,0.301947,0.32858735
demise,P,word2vec_tiny_1_HOM_HALF,0.22055945,0.25588462,0.26039922,0.3175191,0.27679378,0.33358073
dense,P,word2vec_tiny_1_HOM_HALF,0.23397145,0.2936878,0.30534232,0.39110905,0.33584338,0.42217276
crib,P,word2vec_tiny_1_HOM_HALF,0.3712029,0.4806744,0.48534027,0.63875383,0.53568804,0.67829764
summon,P,word2vec_tiny_1_HOM_HALF,0.23620391,0.27548525,0.27495757,0.30757144,0.29232043,0.32636884
modern,P,word2vec_tiny_1_HOM_HALF,0.32370773,0.36009368,0.4629977,0.5998279,0.5188133,0.66444385
crusty,P,word2vec_tiny_1_HOM_HALF,0.1776254,0.21017233,0.32632774,0.42560428,0.3985371,0.51947033
patience,P,word2vec_tiny_1_HOM_HALF,0.24707457,0.27800474,0.32487828,0.35818997,0.3551046,0.39117196
vanilla,P,word2vec_tiny_1_HOM_HALF,0.26702392,0.34291106,0.3607743,0.43730664,0.40187722,0.45883203
scare,P,word2vec_tiny_1_HOM_HALF,0.3641985,0.49044967,0.486016,0.5983577,0.5265793,0.6129426
thread,P,word2vec_tiny_1_HOM_HALF,0.2726063,0.40295002,0.4078752,0.5542908,0.4635888,0.61386067
airline,P,word2vec_tiny_1_HOM_HALF,0.24496138,0.33147386,0.295874,0.37876913,0.31543395,0.39337876
neck,P,word2vec_tiny_1_HOM_HALF,0.3491388,0.48445633,0.45905247,0.6119351,0.50875795,0.6449981
rob,P,word2vec_tiny_1_HOM_HALF,0.34823078,0.4469516,0.43613246,0.4892523,0.47355404,0.51809543
vine,P,word2vec_tiny_1_HOM_HALF,0.32401815,0.43483678,0.43453923,0.5764745,0.48847747,0.6394811
toxic,P,word2vec_tiny_1_HOM_HALF,0.2969389,0.3764563,0.35889575,0.43449023,0.38552967,0.45038104
imagine,P,word2vec_tiny_1_HOM_HALF,0.42338386,0.59619725,0.5306998,0.68510884,0.5697992,0.7113271
display,P,word2vec_tiny_1_HOM_HALF,0.40178123,0.5359137,0.5030455,0.65905476,0.54094976,0.6880577
discourage,P,word2vec_tiny_1_HOM_HALF,0.23195203,0.23354694,0.2745461,0.26372337,0.29632863,0.28952378
member,P,word2vec_tiny_1_HOM_HALF,0.34840173,0.37290183,0.4157406,0.46361318,0.43955785,0.46599424
trusty,P,word2vec_tiny_1_HOM_HALF,0.36443728,0.39193314,0.43639854,0.45073697,0.46066228,0.4620235
smear,P,word2vec_tiny_1_HOM_HALF,0.23504734,0.3331378,0.32772782,0.42774996,0.36764824,0.4703086
wedge,P,word2vec_tiny_1_HOM_HALF,0.2808592,0.353037,0.33021173,0.41775587,0.35103762,0.43575218
sticker,P,word2vec_tiny_1_HOM_HALF,0.39913905,0.5333363,0.47763523,0.5917834,0.50774485,0.60747486
joint,P,word2vec_tiny_1_HOM_HALF,0.22317508,0.19584773,0.25420138,0.24888045,0.26778212,0.26095793
teach,P,word2vec_tiny_1_HOM_HALF,0.41668907,0.5685904,0.5220205,0.6434978,0.5566436,0.6409103
warm,P,word2vec_tiny_1_HOM_HALF,0.34098798,0.48080018,0.46920404,0.5874767,0.5105248,0.6129406
rifle,H,word2vec_tiny_1_HOM_HALF,0.313697,0.35693824,0.37785313,0.42641827,0.40092766,0.4361817
pond,M,word2vec_tiny_1_HOM_HALF,0.25410402,0.3715855,0.39293808,0.5305334,0.45020714,0.59494543
wars,P,word2vec_tiny_1_HOM_HALF,0.33212152,0.45553026,0.39889243,0.5235335,0.42796966,0.52965254
skate,H,word2vec_tiny_1_HOM_HALF,0.36951932,0.47905877,0.4921993,0.602321,0.5321153,0.6352962
pluck,P,word2vec_tiny_1_HOM_HALF,0.33499652,0.3983913,0.41328725,0.49442598,0.44649115,0.53746635
campus,M,word2vec_tiny_1_HOM_HALF,0.2849139,0.37551132,0.33115214,0.43487516,0.35455716,0.46186483
stroke,P,word2vec_tiny_1_HOM_HALF,0.34083858,0.43030614,0.43676624,0.508266,0.47442377,0.54095876
booth,P,word2vec_tiny_1_HOM_HALF,0.35118598,0.44893628,0.4336506,0.5422166,0.47014397,0.5696444
offend,P,word2vec_tiny_1_HOM_HALF,0.15053937,0.1645491,0.17859854,0.19595367,0.19295956,0.21234013
vacuum,P,word2vec_tiny_1_HOM_HALF,0.34577864,0.41567773,0.43708342,0.53166956,0.4743353,0.5566214
disrespect,P,word2vec_tiny_1_HOM_HALF,0.19882138,0.22359657,0.24696256,0.27367848,0.27197456,0.3099546
hostess,P,word2vec_tiny_1_HOM_HALF,0.2954975,0.33854714,0.37053376,0.36951986,0.39590737,0.37977153
above,P,word2vec_tiny_1_HOM_HALF,0.35028017,0.3922107,0.4380346,0.48352194,0.47414696,0.5072603
fussy,P,word2vec_tiny_1_HOM_HALF,0.28059828,0.26329133,0.32506153,0.27781403,0.3418766,0.28865913
pest,P,word2vec_tiny_1_HOM_HALF,0.254559,0.33418244,0.35252294,0.45054093,0.38522843,0.47717652
defy,P,word2vec_tiny_1_HOM_HALF,0.1476892,0.17410825,0.17832844,0.2048333,0.19078025,0.22391152
juggle,P,word2vec_tiny_1_HOM_HALF,0.4058349,0.50200975,0.50750464,0.60145307,0.5411972,0.6289504
comic,P,word2vec_tiny_1_HOM_HALF,0.26717752,0.3172184,0.34150806,0.41381606,0.37672874,0.4531136
doom,P,word2vec_tiny_1_HOM_HALF,0.23592965,0.27706248,0.2859002,0.34664747,0.3064619,0.37981695
hump,P,word2vec_tiny_1_HOM_HALF,0.3824494,0.44233954,0.45415583,0.5193261,0.4829178,0.5351253
onion,P,word2vec_tiny_1_HOM_HALF,0.22328398,0.27624112,0.38217992,0.48745972,0.44621566,0.5715557
bracelet,M,word2vec_tiny_1_HOM_HALF,0.2350328,0.34832817,0.36895183,0.5242996,0.43616045,0.59537137
source,P,word2vec_tiny_1_HOM_HALF,0.39474478,0.42885536,0.4595644,0.48097655,0.48699287,0.50333214
fake,P,word2vec_tiny_1_HOM_HALF,0.37210527,0.46736318,0.5002777,0.6363159,0.5431395,0.6620525
upbeat,P,word2vec_tiny_1_HOM_HALF,0.26421076,0.3280112,0.34391984,0.4330198,0.3775398,0.46987256
insight,P,word2vec_tiny_1_HOM_HALF,0.1583312,0.17509623,0.18494801,0.21045434,0.19752975,0.22707698
journey,P,word2vec_tiny_1_HOM_HALF,0.28835332,0.39739433,0.4252868,0.5357241,0.4763061,0.56328756
develop,P,word2vec_tiny_1_HOM_HALF,0.17666662,0.21975392,0.2269792,0.27342704,0.25633472,0.30825722
vending,P,word2vec_tiny_1_HOM_HALF,0.34673357,0.40229332,0.3979278,0.46295592,0.42065838,0.48536977
zap,P,word2vec_tiny_1_HOM_HALF,0.33685783,0.3986438,0.41694114,0.49968848,0.44879228,0.53173107
ugly,P,word2vec_tiny_1_HOM_HALF,0.36873087,0.44404167,0.48295152,0.6100142,0.5369428,0.67655504
intact,M,word2vec_tiny_1_HOM_HALF,0.31309986,0.37431964,0.36614135,0.43944785,0.38767934,0.45369688
laugh,P,word2vec_tiny_1_HOM_HALF,0.40777215,0.54956645,0.5164586,0.6279002,0.55175173,0.6213559
boat,P,word2vec_tiny_1_HOM_HALF,0.19617556,0.2911218,0.349394,0.48335195,0.41447487,0.5613469
dealer,P,word2vec_tiny_1_HOM_HALF,0.19551273,0.24297008,0.23279423,0.24485423,0.24735792,0.24987043
chain,P,word2vec_tiny_1_HOM_HALF,0.27694288,0.37697038,0.3905448,0.53720593,0.44787937,0.6058027
asteroid,M,word2vec_tiny_1_HOM_HALF,0.2932871,0.40745902,0.36853513,0.4884295,0.39763203,0.51854813
poisonous,P,word2vec_tiny_1_HOM_HALF,0.34964198,0.43346074,0.42652228,0.5135783,0.45877266,0.5354591
sweep,P,word2vec_tiny_1_HOM_HALF,0.3286776,0.41320023,0.4533912,0.549688,0.49581987,0.57711023
tractor,P,word2vec_tiny_1_HOM_HALF,0.34102207,0.46851203,0.43889374,0.60226583,0.48512748,0.63808465
relish,P,word2vec_tiny_1_HOM_HALF,0.15557165,0.20353928,0.21881732,0.27901065,0.25238496,0.32621825
revenge,P,word2vec_tiny_1_HOM_HALF,0.33692527,0.3482215,0.39579377,0.41127598,0.42148742,0.4350157
upcoming,M,word2vec_tiny_1_HOM_HALF,0.28958005,0.348862,0.37573695,0.4477376,0.41175538,0.480091
arch,H,word2vec_tiny_1_HOM_HALF,0.3131861,0.38836876,0.37180945,0.4723122,0.3999852,0.49931157
crispy,P,word2vec_tiny_1_HOM_HALF,0.30352834,0.32188496,0.37979716,0.3969588,0.4132098,0.43419883
useless,P,word2vec_tiny_1_HOM_HALF,0.36377668,0.47383866,0.45384327,0.55465215,0.4873877,0.58484316
nut,P,word2vec_tiny_1_HOM_HALF,0.2835466,0.3767157,0.4165151,0.5488134,0.4748945,0.6235482
fasten,P,word2vec_tiny_1_HOM_HALF,0.3135261,0.37843627,0.419001,0.51798826,0.4559408,0.54408854
spatula,M,word2vec_tiny_1_HOM_HALF,0.29465154,0.31834128,0.3790204,0.43087882,0.41516328,0.4723025
shuttle,P,word2vec_tiny_1_HOM_HALF,0.3407185,0.3976015,0.40621644,0.5042396,0.43190032,0.51375294
sofa,M,word2vec_tiny_1_HOM_HALF,0.3437751,0.44200265,0.47176522,0.6127504,0.52335954,0.6702197
prairie,M,word2vec_tiny_1_HOM_HALF,0.23707207,0.24994148,0.27456132,0.28240278,0.28913254,0.28983006
afford,P,word2vec_tiny_1_HOM_HALF,0.38333416,0.44501603,0.45961154,0.513954,0.48686174,0.5111947
escalator,M,word2vec_tiny_1_HOM_HALF,0.23804481,0.21652815,0.27188584,0.23826103,0.28765664,0.25537208
closet,P,word2vec_tiny_1_HOM_HALF,0.30135995,0.41395187,0.45122975,0.60977256,0.5092825,0.6604883
butler,M,word2vec_tiny_1_HOM_HALF,0.22031467,0.24892938,0.25417754,0.25272784,0.26736194,0.27128
cop,H,word2vec_tiny_1_HOM_HALF,0.3024605,0.42763832,0.4529121,0.6071367,0.50526077,0.6320185
leadership,P,word2vec_tiny_1_HOM_HALF,0.20950131,0.22388984,0.25079754,0.268404,0.2685031,0.2944853
thud,P,word2vec_tiny_1_HOM_HALF,0.38229516,0.4800468,0.47975197,0.5705744,0.5189166,0.6069101
vaccine,P,word2vec_tiny_1_HOM_HALF,0.25021836,0.2553644,0.2913941,0.2735391,0.3073846,0.2901044
chimp,M,word2vec_tiny_1_HOM_HALF,0.280897,0.34325725,0.3234211,0.39620125,0.3418183,0.4150116
harmonica,M,word2vec_tiny_1_HOM_HALF,0.2609762,0.32762092,0.35890597,0.46642172,0.39986813,0.5038163
expedition,P,word2vec_tiny_1_HOM_HALF,0.2832279,0.36862594,0.3427704,0.4334442,0.3662041,0.4505555
gravy,P,word2vec_tiny_1_HOM_HALF,0.17236784,0.2062645,0.23343937,0.30667034,0.26732248,0.3503879
floppy,P,word2vec_tiny_1_HOM_HALF,0.32184958,0.44036162,0.4199096,0.5504787,0.45837775,0.57956916
treaty,P,word2vec_tiny_1_HOM_HALF,0.20958006,0.20321533,0.23841308,0.23906575,0.25175944,0.2511901
dare,P,word2vec_tiny_1_HOM_HALF,0.4744359,0.620598,0.55372834,0.66582906,0.579179,0.63964945
dishonest,P,word2vec_tiny_1_HOM_HALF,0.24416204,0.34242004,0.3795853,0.4697958,0.42065528,0.4823087
mix,P,word2vec_tiny_1_HOM_HALF,0.28166893,0.40705436,0.41517478,0.53004456,0.46299538,0.55233175
croak,P,word2vec_tiny_1_HOM_HALF,0.36742508,0.45470196,0.45174205,0.5491078,0.48443183,0.5597525
pizza,M,word2vec_tiny_1_HOM_HALF,0.23529318,0.32015583,0.3376503,0.4487311,0.38890153,0.4881747
arrogant,P,word2vec_tiny_1_HOM_HALF,0.21429697,0.27031985,0.28113368,0.28906074,0.31252527,0.3277018
comprehend,P,word2vec_tiny_1_HOM_HALF,0.21900335,0.24919228,0.25993624,0.2971271,0.2745172,0.30775952
canopy,P,word2vec_tiny_1_HOM_HALF,0.3346078,0.41925162,0.389458,0.4695253,0.41712892,0.49194786
crater,P,word2vec_tiny_1_HOM_HALF,0.33087113,0.3955999,0.39200813,0.46434742,0.41540024,0.4906668
thermos,P,word2vec_tiny_1_HOM_HALF,0.2548348,0.2616557,0.3188883,0.3539502,0.3525723,0.3895628
deaf,P,word2vec_tiny_1_HOM_HALF,0.41183344,0.45333794,0.5092684,0.5973395,0.55216324,0.61970514
palace,P,word2vec_tiny_1_HOM_HALF,0.31899115,0.45775613,0.45568046,0.62818503,0.5133715,0.6706196
page,H,word2vec_tiny_1_HOM_HALF,0.3096826,0.35152808,0.42683995,0.53023416,0.47624794,0.5687889
wilt,P,word2vec_tiny_1_HOM_HALF,0.3240462,0.3990126,0.42820546,0.5172728,0.46523112,0.5446585
writer,P,word2vec_tiny_1_HOM_HALF,0.29982802,0.39300156,0.42100427,0.50590634,0.46328297,0.5442421
souvenir,M,word2vec_tiny_1_HOM_HALF,0.3994603,0.44180724,0.4643668,0.48762295,0.4878547,0.5072639
unhealthy,P,word2vec_tiny_1_HOM_HALF,0.2873889,0.3340285,0.35610402,0.41599932,0.38191158,0.43575728
ultimatum,M,word2vec_tiny_1_HOM_HALF,0.17402612,0.1899926,0.20130418,0.21620496,0.21356174,0.225897
tart,H,word2vec_tiny_1_HOM_HALF,0.15267187,0.19440106,0.23158237,0.30256867,0.27484533,0.35465243
audition,P,word2vec_tiny_1_HOM_HALF,0.2630714,0.33930954,0.3225707,0.4122511,0.35029927,0.4395457
summer,P,word2vec_tiny_1_HOM_HALF,0.3354328,0.47213006,0.46421868,0.59937674,0.5016411,0.6088018
glare,H,word2vec_tiny_1_HOM_HALF,0.30434364,0.36308816,0.3687897,0.44161832,0.39374867,0.45416334
lecture,P,word2vec_tiny_1_HOM_HALF,0.40653372,0.5031656,0.5012656,0.61218476,0.5357692,0.62704885
spend,P,word2vec_tiny_1_HOM_HALF,0.47763982,0.60992914,0.56585634,0.6577388,0.5923187,0.62205
concession,P,word2vec_tiny_1_HOM_HALF,0.28561985,0.3265305,0.33784306,0.36161986,0.3576087,0.37132388
screw,P,word2vec_tiny_1_HOM_HALF,0.2721562,0.3795092,0.38876188,0.5375334,0.44880354,0.6118573
guru,P,word2vec_tiny_1_HOM_HALF,0.2529617,0.2749012,0.29779467,0.32799336,0.3188169,0.3514166
recital,P,word2vec_tiny_1_HOM_HALF,0.27872068,0.3453495,0.35783526,0.43169552,0.39044335,0.4626314
sentence,P,word2vec_tiny_1_HOM_HALF,0.3176152,0.3650672,0.3958133,0.46360084,0.4286992,0.48662314
blossom,P,word2vec_tiny_1_HOM_HALF,0.27784362,0.35653174,0.3700434,0.47850934,0.4066476,0.5174952
amount,P,word2vec_tiny_1_HOM_HALF,0.3700462,0.36051694,0.43505585,0.44706914,0.46154916,0.47617784
comment,P,word2vec_tiny_1_HOM_HALF,0.35589102,0.38284966,0.41139972,0.4322008,0.43325892,0.4504429
await,P,word2vec_tiny_1_HOM_HALF,0.32468012,0.39299595,0.38396305,0.445329,0.40951347,0.46479952
stuffy,P,word2vec_tiny_1_HOM_HALF,0.33238372,0.377575,0.39696157,0.44040844,0.42436832,0.47304547
dime,M,word2vec_tiny_1_HOM_HALF,0.3162839,0.305046,0.37893945,0.39511105,0.4015021,0.43304032
impressive,M,word2vec_tiny_1_HOM_HALF,0.262832,0.36189806,0.4333743,0.57438964,0.5051892,0.662315
settle,H,word2vec_tiny_1_HOM_HALF,0.3867091,0.49656597,0.5166207,0.61253273,0.5582699,0.61995393
decoration,P,word2vec_tiny_1_HOM_HALF,0.372176,0.4341639,0.43970627,0.51251215,0.4697309,0.5399146
hopeful,P,word2vec_tiny_1_HOM_HALF,0.44246593,0.52250344,0.50329024,0.53504515,0.52423173,0.5210728
relaxation,P,word2vec_tiny_1_HOM_HALF,0.30054057,0.36772788,0.35562634,0.42321175,0.3815294,0.44469061
budget,P,word2vec_tiny_1_HOM_HALF,0.32991976,0.33967426,0.38081604,0.41654634,0.39973244,0.43179092
sloppy,P,word2vec_tiny_1_HOM_HALF,0.2942447,0.32051954,0.34654683,0.3745639,0.36619568,0.37378728
technician,P,word2vec_tiny_1_HOM_HALF,0.28050554,0.34418,0.33742034,0.42334044,0.36005276,0.43871292
grain,P,word2vec_tiny_1_HOM_HALF,0.35466462,0.4828279,0.45249444,0.5700841,0.48959586,0.5869465
swear,P,word2vec_tiny_1_HOM_HALF,0.25063342,0.2711335,0.28671032,0.29560795,0.3026906,0.31096438
junk,H,word2vec_tiny_1_HOM_HALF,0.34189802,0.4960435,0.44984868,0.6196653,0.49509352,0.6631006
poster,M,word2vec_tiny_1_HOM_HALF,0.42263508,0.5389924,0.5068752,0.61498606,0.5418194,0.6376162
sickness,P,word2vec_tiny_1_HOM_HALF,0.2496032,0.29942396,0.33630562,0.4199956,0.37327492,0.45380732
exercise,P,word2vec_tiny_1_HOM_HALF,0.3846576,0.498843,0.50784886,0.639042,0.5457146,0.6610926
seafood,M,word2vec_tiny_1_HOM_HALF,0.24001193,0.28054002,0.2924105,0.35789555,0.31579277,0.38859618
breakfast,P,word2vec_tiny_1_HOM_HALF,0.29973853,0.32041547,0.41989708,0.46028814,0.46558145,0.4995307
snob,P,word2vec_tiny_1_HOM_HALF,0.15924564,0.18652171,0.1913548,0.22824222,0.20720372,0.24411169
capture,P,word2vec_tiny_1_HOM_HALF,0.37712395,0.43648937,0.43863013,0.48841485,0.46320918,0.50899714
horseshoe,P,word2vec_tiny_1_HOM_HALF,0.30565125,0.35924643,0.355879,0.43553844,0.37554485,0.46043178
calf,H,word2vec_tiny_1_HOM_HALF,0.30485559,0.39443517,0.39391378,0.4995483,0.43085155,0.5459332
remorse,M,word2vec_tiny_1_HOM_HALF,0.21960494,0.2809486,0.2779614,0.337793,0.3018722,0.36477196
provide,P,word2vec_tiny_1_HOM_HALF,0.3462513,0.48239267,0.49327207,0.6484925,0.54960984,0.687873
pill,P,word2vec_tiny_1_HOM_HALF,0.4026025,0.5457684,0.48673645,0.63167757,0.5231543,0.64997077
bottom,P,word2vec_tiny_1_HOM_HALF,0.44409347,0.5534065,0.5427254,0.6431284,0.57223547,0.6499095
respectful,M,word2vec_tiny_1_HOM_HALF,0.3368199,0.41048104,0.4478667,0.48502174,0.48952493,0.49119815
accountant,M,word2vec_tiny_1_HOM_HALF,0.2147977,0.21225731,0.24452345,0.24788205,0.25658318,0.26323014
smell,P,word2vec_tiny_1_HOM_HALF,0.34272346,0.39769447,0.45377532,0.4803812,0.49327826,0.49013764
sneeze,P,word2vec_tiny_1_HOM_HALF,0.3601545,0.48972404,0.49786285,0.59175825,0.53582305,0.5945561
tango,P,word2vec_tiny_1_HOM_HALF,0.2691788,0.33539337,0.31065834,0.3777358,0.3273123,0.4010356
burst,P,word2vec_tiny_1_HOM_HALF,0.35435146,0.4645938,0.4329813,0.5199417,0.4602327,0.53808343
fellow,P,word2vec_tiny_1_HOM_HALF,0.30897966,0.3231367,0.36851707,0.3742694,0.39188927,0.4112083
giddy,P,word2vec_tiny_1_HOM_HALF,0.352678,0.3979349,0.43449688,0.48743442,0.4672582,0.51376
quaint,P,word2vec_tiny_1_HOM_HALF,0.2623102,0.30825412,0.30130193,0.33708334,0.31748426,0.34762374
thief,M,word2vec_tiny_1_HOM_HALF,0.40169054,0.5156524,0.48679063,0.5660945,0.5189813,0.55063653
moisture,M,word2vec_tiny_1_HOM_HALF,0.2559613,0.3242446,0.30933756,0.3754926,0.33169165,0.41306874
shape,P,word2vec_tiny_1_HOM_HALF,0.33310843,0.43505692,0.4332323,0.5377542,0.47064826,0.56816316
pretzel,P,word2vec_tiny_1_HOM_HALF,0.33734828,0.33682182,0.40169835,0.40397152,0.430853,0.44599462
temper,P,word2vec_tiny_1_HOM_HALF,0.26053333,0.2830723,0.31218666,0.3658715,0.3384803,0.394761
frown,P,word2vec_tiny_1_HOM_HALF,0.4396494,0.5694856,0.5503181,0.6664386,0.5858778,0.6690582
bonus,P,word2vec_tiny_1_HOM_HALF,0.2588128,0.285917,0.3017338,0.3370454,0.31739226,0.33967224
harmful,M,word2vec_tiny_1_HOM_HALF,0.33204067,0.42031795,0.4079986,0.47414008,0.4417658,0.49481532
dab,H,word2vec_tiny_1_HOM_HALF,0.28463587,0.33361495,0.3524483,0.4450861,0.37831333,0.46948493
attend,P,word2vec_tiny_1_HOM_HALF,0.26365772,0.3283757,0.33769643,0.42729834,0.3692848,0.44915298
hatchet,P,word2vec_tiny_1_HOM_HALF,0.2284601,0.24011822,0.25861478,0.25950986,0.27043465,0.2699339
bedroom,M,word2vec_tiny_1_HOM_HALF,0.3181158,0.39934558,0.44277343,0.6077049,0.49384898,0.6351544
field,P,word2vec_tiny_1_HOM_HALF,0.31571823,0.44806212,0.44299504,0.5956093,0.49891496,0.6452222
basin,P,word2vec_tiny_1_HOM_HALF,0.21669908,0.2688767,0.2945995,0.4005976,0.33423564,0.4524547
intense,P,word2vec_tiny_1_HOM_HALF,0.25835133,0.30592248,0.32205606,0.4100376,0.35109025,0.45159888
weirdo,M,word2vec_tiny_1_HOM_HALF,0.16456112,0.17915632,0.19335102,0.2143082,0.2046483,0.22670366
cloudy,P,word2vec_tiny_1_HOM_HALF,0.31608206,0.43609548,0.4691079,0.59107906,0.5197321,0.6312419
riddance,M,word2vec_tiny_1_HOM_HALF,0.14858575,0.16948013,0.17403501,0.19678515,0.1873193,0.21217082
maple,P,word2vec_tiny_1_HOM_HALF,0.44861412,0.52386826,0.5072714,0.558308,0.5302932,0.5543609
distract,P,word2vec_tiny_1_HOM_HALF,0.36017913,0.4244405,0.42681682,0.4949629,0.45374924,0.5159222
nod,P,word2vec_tiny_1_HOM_HALF,0.42244777,0.48685208,0.51428837,0.5656536,0.5475222,0.5581959
horrible,P,word2vec_tiny_1_HOM_HALF,0.29126835,0.37860885,0.37291458,0.4527545,0.40190753,0.46799517
orchid,P,word2vec_tiny_1_HOM_HALF,0.32020026,0.4292554,0.4055395,0.50045323,0.43907693,0.5235299
scenic,P,word2vec_tiny_1_HOM_HALF,0.28991848,0.33613297,0.33908653,0.4163664,0.3581735,0.42793348
waitress,M,word2vec_tiny_1_HOM_HALF,0.3398119,0.36891624,0.41861987,0.46001464,0.4468402,0.4769077
command,P,word2vec_tiny_1_HOM_HALF,0.41148964,0.40014064,0.47337806,0.42959493,0.49412018,0.4448828
violin,M,word2vec_tiny_1_HOM_HALF,0.2609964,0.350091,0.4188581,0.5713051,0.47192603,0.61745256
fret,H,word2vec_tiny_1_HOM_HALF,0.2185168,0.26871493,0.25117496,0.2927773,0.26454312,0.30883005
element,P,word2vec_tiny_1_HOM_HALF,0.23266658,0.25949052,0.2737813,0.33362183,0.29428822,0.35464528
cavity,M,word2vec_tiny_1_HOM_HALF,0.35420567,0.40478396,0.42309514,0.46988583,0.44958115,0.5018743
impression,P,word2vec_tiny_1_HOM_HALF,0.31819844,0.3614458,0.37459862,0.40023488,0.3981493,0.43076202
vent,P,word2vec_tiny_1_HOM_HALF,0.32343337,0.38813537,0.37156948,0.42357618,0.38853797,0.44641045
stepmother,M,word2vec_tiny_1_HOM_HALF,0.14349934,0.15678045,0.17483473,0.19096433,0.1873436,0.20177867
walnut,P,word2vec_tiny_1_HOM_HALF,0.2996399,0.3860407,0.35015798,0.433577,0.37132424,0.44979805
tribute,P,word2vec_tiny_1_HOM_HALF,0.13503616,0.17083637,0.15815443,0.19203372,0.16914806,0.20989057
wiggle,P,word2vec_tiny_1_HOM_HALF,0.39953703,0.54135877,0.52344656,0.67533135,0.56430316,0.6971653
aggressive,P,word2vec_tiny_1_HOM_HALF,0.27872604,0.3481221,0.32724786,0.38745284,0.35326308,0.4104081
bamboo,P,word2vec_tiny_1_HOM_HALF,0.35711527,0.41787064,0.446602,0.5204796,0.48865983,0.593404
clown,P,word2vec_tiny_1_HOM_HALF,0.4079872,0.5613332,0.5015044,0.6609464,0.5431456,0.6968212
hassle,P,word2vec_tiny_1_HOM_HALF,0.12602195,0.15186703,0.1503312,0.1928143,0.16064952,0.20531392
chocolate,P,word2vec_tiny_1_HOM_HALF,0.23728411,0.33695647,0.33763638,0.44949496,0.3866456,0.47355264
volume,P,word2vec_tiny_1_HOM_HALF,0.38837186,0.4736963,0.4690474,0.5477757,0.50429064,0.57439256
lamp,P,word2vec_tiny_1_HOM_HALF,0.32430744,0.44873092,0.4333037,0.59330434,0.4833442,0.64182717
speaker,P,word2vec_tiny_1_HOM_HALF,0.3263274,0.43598747,0.42497784,0.54885715,0.45897406,0.57714003
shelter,P,word2vec_tiny_1_HOM_HALF,0.3976489,0.5105107,0.498376,0.6356998,0.54012346,0.6795583
vanish,P,word2vec_tiny_1_HOM_HALF,0.36632085,0.503114,0.5143729,0.6484135,0.56001794,0.6359136
eyeliner,M,word2vec_tiny_1_HOM_HALF,0.26877612,0.35345948,0.3399867,0.4431332,0.37259576,0.46403873
scalpel,M,word2vec_tiny_1_HOM_HALF,0.19729719,0.23043844,0.22780982,0.25678912,0.24094902,0.26877072
notebook,M,word2vec_tiny_1_HOM_HALF,0.217688,0.31045598,0.37550843,0.52624756,0.44647786,0.6037409
driver,P,word2vec_tiny_1_HOM_HALF,0.29680616,0.39323452,0.40793297,0.5349363,0.45005786,0.5650059
sympathy,P,word2vec_tiny_1_HOM_HALF,0.2638932,0.29842484,0.3060968,0.33714026,0.3231698,0.34693378
twitch,P,word2vec_tiny_1_HOM_HALF,0.26215237,0.34789947,0.33239597,0.43066114,0.3603298,0.45556337
priest,P,word2vec_tiny_1_HOM_HALF,0.36511528,0.48694143,0.43677112,0.547405,0.46929875,0.55655295
reap,P,word2vec_tiny_1_HOM_HALF,0.17936596,0.2144236,0.22008358,0.26544762,0.24634545,0.3003709
ladder,P,word2vec_tiny_1_HOM_HALF,0.3706903,0.50291234,0.4812416,0.6388222,0.52758646,0.6766867
defeat,P,word2vec_tiny_1_HOM_HALF,0.2550968,0.3238253,0.32629025,0.40668827,0.35628983,0.4374062
bitter,P,word2vec_tiny_1_HOM_HALF,0.345972,0.48825416,0.44817698,0.4930537,0.4847194,0.5145686
maintain,P,word2vec_tiny_1_HOM_HALF,0.198416,0.2337627,0.25909197,0.29205787,0.29039466,0.32953468
dainty,P,word2vec_tiny_1_HOM_HALF,0.2576919,0.33339334,0.31767136,0.4288458,0.34410712,0.46008673
fuzz,M,word2vec_tiny_1_HOM_HALF,0.360943,0.46785966,0.43444347,0.5538543,0.4691741,0.5858421
medium,P,word2vec_tiny_1_HOM_HALF,0.43266743,0.5389995,0.5228016,0.6154081,0.5558914,0.63516814
vibrate,P,word2vec_tiny_1_HOM_HALF,0.2700247,0.3325808,0.35062087,0.4351795,0.38777396,0.4786591
former,H,word2vec_tiny_1_HOM_HALF,0.30025095,0.35336724,0.36642325,0.40821466,0.39266837,0.42734018
doll,P,word2vec_tiny_1_HOM_HALF,0.35868508,0.449364,0.47619113,0.59995806,0.51757663,0.6352147
scuba,P,word2vec_tiny_1_HOM_HALF,0.24886063,0.31984675,0.33084175,0.3662039,0.35734308,0.3956056
rail,H,word2vec_tiny_1_HOM_HALF,0.297983,0.43671593,0.43200928,0.5957538,0.48633683,0.65228057
slab,P,word2vec_tiny_1_HOM_HALF,0.2420923,0.2857328,0.27844864,0.30705985,0.2939336,0.31636867
potion,M,word2vec_tiny_1_HOM_HALF,0.38613605,0.50656486,0.46652022,0.5705257,0.4934236,0.5624859
musical,P,word2vec_tiny_1_HOM_HALF,0.36025298,0.384356,0.4410369,0.5039041,0.47285354,0.5395825
guilty,P,word2vec_tiny_1_HOM_HALF,0.35104376,0.44511467,0.5071549,0.6368455,0.5640902,0.66637844
divide,P,word2vec_tiny_1_HOM_HALF,0.32131857,0.40475875,0.41656885,0.48664004,0.44822526,0.53051096
landmark,P,word2vec_tiny_1_HOM_HALF,0.23367405,0.27894112,0.27861726,0.31288424,0.29546353,0.32037884
residence,P,word2vec_tiny_1_HOM_HALF,0.18623702,0.1873588,0.21381012,0.21511783,0.22582535,0.22431827
blade,P,word2vec_tiny_1_HOM_HALF,0.34904587,0.44869134,0.41799408,0.51136404,0.4477831,0.54199314
comfort,P,word2vec_tiny_1_HOM_HALF,0.43510962,0.5807744,0.52402353,0.5626778,0.55050147,0.5219607
blueberry,P,word2vec_tiny_1_HOM_HALF,0.25390503,0.286311,0.3733869,0.4625609,0.42911035,0.5121255
rise,P,word2vec_tiny_1_HOM_HALF,0.39366883,0.5627461,0.5042717,0.64720076,0.54869276,0.66975105
ocean,P,word2vec_tiny_1_HOM_HALF,0.226142,0.31088498,0.3424707,0.47200015,0.40245637,0.5350767
dribble,P,word2vec_tiny_1_HOM_HALF,0.316828,0.41305718,0.42122093,0.53462905,0.46237507,0.5517882
swimsuit,M,word2vec_tiny_1_HOM_HALF,0.3103879,0.38154453,0.4530751,0.5487292,0.51067406,0.6197166
nurse,P,word2vec_tiny_1_HOM_HALF,0.3511192,0.45169055,0.47289836,0.5862787,0.51428145,0.6039854
bedtime,M,word2vec_tiny_1_HOM_HALF,0.47831935,0.5470941,0.56163424,0.61247617,0.5889394,0.59055537
spank,H,word2vec_tiny_1_HOM_HALF,0.22437063,0.22084801,0.25869235,0.2595875,0.27281773,0.27104545
undo,P,word2vec_tiny_1_HOM_HALF,0.35994142,0.4115346,0.4341732,0.51016545,0.46553567,0.5313502
unstable,P,word2vec_tiny_1_HOM_HALF,0.32229888,0.40007034,0.4091359,0.50141823,0.44635803,0.5356876
strive,P,word2vec_tiny_1_HOM_HALF,0.21341415,0.26576832,0.270163,0.31780258,0.3025986,0.34327295
stew,P,word2vec_tiny_1_HOM_HALF,0.26489627,0.31538203,0.3313245,0.38302544,0.36509764,0.4171954
flat,H,word2vec_tiny_1_HOM_HALF,0.38875875,0.48561105,0.49019757,0.61708546,0.530492,0.6545666
cube,H,word2vec_tiny_1_HOM_HALF,0.37579972,0.52926874,0.4773649,0.6435389,0.52028215,0.67943186
mango,M,word2vec_tiny_1_HOM_HALF,0.26542014,0.27108788,0.3429367,0.38077044,0.38084915,0.4169469
nowadays,P,word2vec_tiny_1_HOM_HALF,0.19170101,0.20832714,0.2234426,0.244706,0.23669414,0.25876465
wrath,P,word2vec_tiny_1_HOM_HALF,0.25653657,0.28474292,0.30925715,0.3764251,0.33330023,0.4051314
mound,P,word2vec_tiny_1_HOM_HALF,0.33646038,0.41212264,0.4332012,0.5261918,0.4675927,0.5482884
leap,P,word2vec_tiny_1_HOM_HALF,0.40335578,0.53212774,0.4955946,0.566942,0.52307475,0.5711219
inhale,P,word2vec_tiny_1_HOM_HALF,0.27317327,0.2733073,0.31606427,0.24284014,0.34616956,0.3901995
redo,P,word2vec_tiny_1_HOM_HALF,0.14042133,0.14549866,0.1679426,0.18622808,0.18235713,0.20524155
sponge,P,word2vec_tiny_1_HOM_HALF,0.3124984,0.40399444,0.4215761,0.53711265,0.4654998,0.57295245
spell,H,word2vec_tiny_1_HOM_HALF,0.41888505,0.50876117,0.5057666,0.5913516,0.53624725,0.597846
successful,P,word2vec_tiny_1_HOM_HALF,0.38851753,0.5164026,0.47522637,0.5911956,0.50950813,0.569709
charcoal,P,word2vec_tiny_1_HOM_HALF,0.2890685,0.31456828,0.35686076,0.4388043,0.38509613,0.48093522
attachment,P,word2vec_tiny_1_HOM_HALF,0.31032452,0.37448883,0.35842514,0.42255297,0.38018814,0.44306844
teeny,M,word2vec_tiny_1_HOM_HALF,0.32137853,0.3791005,0.3720018,0.44383627,0.39176324,0.46168283
resource,P,word2vec_tiny_1_HOM_HALF,0.1658828,0.16790116,0.20526145,0.21083693,0.22299823,0.23341629
invite,P,word2vec_tiny_1_HOM_HALF,0.38534167,0.52862114,0.5211643,0.67483556,0.5687784,0.699904
threaten,P,word2vec_tiny_1_HOM_HALF,0.2928717,0.356425,0.34475192,0.38806686,0.36819366,0.41571337
snatch,P,word2vec_tiny_1_HOM_HALF,0.37824246,0.4731212,0.45038387,0.5343029,0.47708154,0.53592336
snack,P,word2vec_tiny_1_HOM_HALF,0.28812927,0.37666923,0.40018722,0.45715547,0.43900543,0.47693676
clock,H,word2vec_tiny_1_HOM_HALF,0.32172745,0.4514196,0.4424971,0.6025016,0.49683616,0.6526604
terrible,P,word2vec_tiny_1_HOM_HALF,0.36833447,0.5029074,0.490377,0.6287319,0.5309682,0.6223535
film,P,word2vec_tiny_1_HOM_HALF,0.27360314,0.3604219,0.44923988,0.5968269,0.5033367,0.6397448
observant,P,word2vec_tiny_1_HOM_HALF,0.28396362,0.3074048,0.3612886,0.3885481,0.3890078,0.39373115
plead,P,word2vec_tiny_1_HOM_HALF,0.28085396,0.3680641,0.34808162,0.4107914,0.37539643,0.42030233
ribbon,P,word2vec_tiny_1_HOM_HALF,0.289982,0.41466987,0.4017473,0.54224735,0.4543904,0.59936696
mint,H,word2vec_tiny_1_HOM_HALF,0.30273798,0.34805107,0.39887616,0.48076597,0.43707275,0.5286963
dizzy,P,word2vec_tiny_1_HOM_HALF,0.4177242,0.5188372,0.5230507,0.6639551,0.55784875,0.6598815
smooth,P,word2vec_tiny_1_HOM_HALF,0.37688097,0.5178369,0.48939815,0.64291966,0.5360827,0.6929503
spice,P,word2vec_tiny_1_HOM_HALF,0.26556146,0.30733654,0.34533378,0.3753514,0.37849537,0.40439245
awaken,P,word2vec_tiny_1_HOM_HALF,0.21570806,0.2517393,0.25788242,0.30357236,0.27540562,0.32335424
minimum,P,word2vec_tiny_1_HOM_HALF,0.1583242,0.16963081,0.1859157,0.1947792,0.19814596,0.20948406
excitement,P,word2vec_tiny_1_HOM_HALF,0.2972868,0.37635544,0.4139179,0.48105487,0.44783288,0.48089296
wallet,M,word2vec_tiny_1_HOM_HALF,0.32598466,0.42019203,0.4330954,0.56129277,0.4861077,0.6332754
nephew,M,word2vec_tiny_1_HOM_HALF,0.32981944,0.4181405,0.41196728,0.4435083,0.43780494,0.4467066
waffle,H,word2vec_tiny_1_HOM_HALF,0.24474749,0.31084976,0.36657825,0.46046537,0.4217749,0.49289268
fighter,P,word2vec_tiny_1_HOM_HALF,0.34930035,0.44574156,0.41997775,0.534393,0.44880822,0.5529941
clap,P,word2vec_tiny_1_HOM_HALF,0.35638326,0.51536036,0.48456424,0.622549,0.52887446,0.64308846
catchy,P,word2vec_tiny_1_HOM_HALF,0.24318548,0.29931134,0.33077228,0.43643868,0.37606713,0.49099708
fit,H,word2vec_tiny_1_HOM_HALF,0.4507919,0.5883665,0.5420739,0.6770361,0.5733087,0.6609272
parrot,P,word2vec_tiny_1_HOM_HALF,0.3747651,0.4382846,0.48992035,0.6219334,0.5300529,0.6636708
applause,P,word2vec_tiny_1_HOM_HALF,0.3909786,0.43772644,0.46582812,0.53130597,0.4935269,0.5533445
grinder,P,word2vec_tiny_1_HOM_HALF,0.27951184,0.2766081,0.3329758,0.37668282,0.3607333,0.42306566
breast,P,word2vec_tiny_1_HOM_HALF,0.22673264,0.2665309,0.2630227,0.27845696,0.2765328,0.28788224
policy,H,word2vec_tiny_1_HOM_HALF,0.30468553,0.25368667,0.35893014,0.29411834,0.38262808,0.31420934
private,P,word2vec_tiny_1_HOM_HALF,0.3920633,0.4469602,0.4668602,0.50848824,0.49343622,0.52228993
mystery,P,word2vec_tiny_1_HOM_HALF,0.39377683,0.5134544,0.49513528,0.62943596,0.5334411,0.6432248
hose,P,word2vec_tiny_1_HOM_HALF,0.3471358,0.49893272,0.46254855,0.6269379,0.50874734,0.6626455
boa,P,word2vec_tiny_1_HOM_HALF,0.30875415,0.3531502,0.38547325,0.48161876,0.4241646,0.5290747
genius,P,word2vec_tiny_1_HOM_HALF,0.3081348,0.37369737,0.3632216,0.4174518,0.3842327,0.4415944
boil,H,word2vec_tiny_1_HOM_HALF,0.3309861,0.38567674,0.41853034,0.45889008,0.45800987,0.5020945
meal,H,word2vec_tiny_1_HOM_HALF,0.2656768,0.3398632,0.39039028,0.48100108,0.44532302,0.51877874
neat,P,word2vec_tiny_1_HOM_HALF,0.37143221,0.48411503,0.4959236,0.59339714,0.53489715,0.6082268
cupboard,M,word2vec_tiny_1_HOM_HALF,0.26923025,0.41300377,0.41792125,0.5821825,0.4848217,0.6505126
folk,P,word2vec_tiny_1_HOM_HALF,0.30041575,0.36592636,0.3492584,0.42495963,0.36934906,0.4439301
suggest,P,word2vec_tiny_1_HOM_HALF,0.445829,0.5992017,0.556345,0.6886488,0.5963894,0.69368184
mushy,P,word2vec_tiny_1_HOM_HALF,0.2515779,0.35334572,0.36160466,0.45897695,0.40390888,0.49409464
vomit,P,word2vec_tiny_1_HOM_HALF,0.2455148,0.32395583,0.3000927,0.39697433,0.32677,0.42262167
daytime,M,word2vec_tiny_1_HOM_HALF,0.35419434,0.371577,0.43946758,0.47549444,0.47273636,0.51489353
scrawny,M,word2vec_tiny_1_HOM_HALF,0.28783998,0.31409013,0.33199176,0.31597006,0.35117152,0.32121044
fuss,P,word2vec_tiny_1_HOM_HALF,0.40830097,0.4948972,0.48225597,0.5511479,0.51128715,0.5617896
fiber,P,word2vec_tiny_1_HOM_HALF,0.26488733,0.33040383,0.35415116,0.39113334,0.3859066,0.4267495
fame,P,word2vec_tiny_1_HOM_HALF,0.27206215,0.31134534,0.32570025,0.37108096,0.34874684,0.39295614
mule,H,word2vec_tiny_1_HOM_HALF,0.29565817,0.35509858,0.42747438,0.54052305,0.48465234,0.6275696
lagoon,P,word2vec_tiny_1_HOM_HALF,0.23391657,0.30256122,0.2987684,0.398186,0.32552096,0.4293339
crank,P,word2vec_tiny_1_HOM_HALF,0.23654053,0.27241534,0.2772679,0.31260377,0.29222152,0.30642974
immediate,P,word2vec_tiny_1_HOM_HALF,0.23990719,0.26923534,0.28213435,0.34070536,0.3001191,0.3678971
letter,P,word2vec_tiny_1_HOM_HALF,0.27367455,0.4021556,0.43337715,0.55855197,0.4961058,0.61721975
distant,P,word2vec_tiny_1_HOM_HALF,0.4042799,0.5391767,0.4978053,0.60984766,0.5309618,0.63117015
shrink,P,word2vec_tiny_1_HOM_HALF,0.37101287,0.49692428,0.51874554,0.67471135,0.5705345,0.7040593
upward,P,word2vec_tiny_1_HOM_HALF,0.2383649,0.30798444,0.2825574,0.3667347,0.3003624,0.3842499
dip,P,word2vec_tiny_1_HOM_HALF,0.4209632,0.45216542,0.49848,0.4709833,0.5249198,0.4966628
chest,P,word2vec_tiny_1_HOM_HALF,0.39624813,0.5138033,0.49504372,0.6330585,0.533793,0.6688383
carefree,M,word2vec_tiny_1_HOM_HALF,0.33108288,0.416006,0.3910435,0.46577603,0.41063273,0.4760731
slot,P,word2vec_tiny_1_HOM_HALF,0.3638491,0.4619791,0.4482714,0.5624217,0.4827898,0.59398127
campfire,P,word2vec_tiny_1_HOM_HALF,0.38080937,0.4919215,0.4821715,0.6066145,0.5150188,0.6087304
linen,P,word2vec_tiny_1_HOM_HALF,0.1755277,0.17390896,0.1985122,0.21680513,0.20884718,0.22217458
value,P,word2vec_tiny_1_HOM_HALF,0.3807083,0.4377398,0.45553738,0.43314996,0.4829484,0.4170194
beg,P,word2vec_tiny_1_HOM_HALF,0.39911592,0.47792342,0.4799308,0.54547244,0.5113827,0.5502446
shoulder,P,word2vec_tiny_1_HOM_HALF,0.33784896,0.39599255,0.4798978,0.58383614,0.5235283,0.606669
cheerful,P,word2vec_tiny_1_HOM_HALF,0.28644726,0.37319022,0.44664708,0.59458447,0.50377905,0.63443226
jury,P,word2vec_tiny_1_HOM_HALF,0.30439758,0.3309367,0.37551937,0.42459267,0.40342572,0.4484379
roast,P,word2vec_tiny_1_HOM_HALF,0.37482527,0.40012115,0.47263372,0.5067068,0.5063157,0.52873856
restore,P,word2vec_tiny_1_HOM_HALF,0.36168998,0.49562934,0.4935319,0.6297323,0.5389155,0.61372066
classroom,M,word2vec_tiny_1_HOM_HALF,0.30916408,0.43555146,0.4545167,0.60375077,0.51176673,0.6591709
dwarf,P,word2vec_tiny_1_HOM_HALF,0.305132,0.34527162,0.3449501,0.37357825,0.36035576,0.38933134
cheek,P,word2vec_tiny_1_HOM_HALF,0.34427038,0.48665807,0.4322154,0.52436066,0.46950397,0.5453077
appetite,P,word2vec_tiny_1_HOM_HALF,0.40058312,0.43393135,0.46492738,0.5076959,0.48819864,0.5174684
recommend,P,word2vec_tiny_1_HOM_HALF,0.43937674,0.5950476,0.5478033,0.6661202,0.58801174,0.65932745
powerful,P,word2vec_tiny_1_HOM_HALF,0.3470345,0.4304325,0.4601107,0.5890251,0.50390875,0.5975474
consistent,P,word2vec_tiny_1_HOM_HALF,0.14491962,0.14369142,0.17899671,0.1844434,0.19699188,0.20875376
serene,P,word2vec_tiny_1_HOM_HALF,0.23786485,0.30369702,0.30312106,0.3894654,0.33441266,0.43194494
squeaky,M,word2vec_tiny_1_HOM_HALF,0.19904196,0.2275275,0.32487553,0.4399227,0.3894829,0.5151004
wreath,P,word2vec_tiny_1_HOM_HALF,0.32173568,0.4020019,0.4084114,0.4903218,0.4406746,0.5349863
teacher,M,word2vec_tiny_1_HOM_HALF,0.30458316,0.42172408,0.4345849,0.53101444,0.47822136,0.55676746
fleet,H,word2vec_tiny_1_HOM_HALF,0.25817126,0.3043841,0.32316178,0.3923806,0.3525923,0.42976323
puddle,P,word2vec_tiny_1_HOM_HALF,0.32756296,0.42435703,0.47009286,0.62224746,0.5201983,0.65708864
despair,P,word2vec_tiny_1_HOM_HALF,0.24182704,0.32383773,0.30677927,0.40292713,0.3323886,0.42183086
dirt,P,word2vec_tiny_1_HOM_HALF,0.34635383,0.47290078,0.4531504,0.5708954,0.49578536,0.60324216
pupil,H,word2vec_tiny_1_HOM_HALF,0.36827448,0.4500882,0.50080013,0.62784934,0.5456846,0.67567956
oasis,P,word2vec_tiny_1_HOM_HALF,0.34495655,0.4472937,0.4646345,0.61341274,0.51340234,0.6564524
silk,P,word2vec_tiny_1_HOM_HALF,0.31594667,0.40829572,0.38256893,0.47993746,0.4141543,0.5163811
pooch,M,word2vec_tiny_1_HOM_HALF,0.31437427,0.3627058,0.35574025,0.406086,0.37473136,0.42675996
smash,P,word2vec_tiny_1_HOM_HALF,0.39570948,0.50411206,0.47371078,0.5774328,0.5024111,0.5991668
handsome,P,word2vec_tiny_1_HOM_HALF,0.44819656,0.5359798,0.544734,0.6224414,0.5748154,0.639923
drift,P,word2vec_tiny_1_HOM_HALF,0.33910337,0.3843125,0.42283762,0.45184156,0.45356897,0.48075762
slit,P,word2vec_tiny_1_HOM_HALF,0.20555933,0.26245108,0.26608735,0.3215092,0.2873207,0.33254707
obvious,P,word2vec_tiny_1_HOM_HALF,0.27783242,0.3239009,0.32088184,0.37428388,0.33850047,0.38851908
candle,P,word2vec_tiny_1_HOM_HALF,0.336293,0.47749588,0.44792926,0.6195753,0.49183303,0.66002446
chore,P,word2vec_tiny_1_HOM_HALF,0.3378192,0.3938414,0.41116676,0.44415805,0.4395353,0.45781386
ignore,M,word2vec_tiny_1_HOM_HALF,0.37021285,0.49937546,0.4815179,0.6215551,0.5218016,0.6066078
regal,P,word2vec_tiny_1_HOM_HALF,0.1969805,0.21234204,0.22615618,0.22560972,0.2392527,0.24390788
initial,P,word2vec_tiny_1_HOM_HALF,0.1885585,0.25090817,0.24096143,0.3307395,0.26911214,0.36387348
hunger,P,word2vec_tiny_1_HOM_HALF,0.3031972,0.3999857,0.3753347,0.460417,0.40640426,0.4784107
caramel,P,word2vec_tiny_1_HOM_HALF,0.18936928,0.21979648,0.25388512,0.31174806,0.29241458,0.35775104
windmill,P,word2vec_tiny_1_HOM_HALF,0.34402338,0.42166287,0.4094106,0.51171076,0.43404964,0.5240107
usher,P,word2vec_tiny_1_HOM_HALF,0.19633102,0.2249018,0.22599055,0.25668517,0.23829944,0.26682994
roller,P,word2vec_tiny_1_HOM_HALF,0.34633374,0.4293168,0.44072232,0.53137743,0.4794899,0.5727014
captivity,P,word2vec_tiny_1_HOM_HALF,0.15528399,0.15456153,0.18175392,0.19767657,0.19274478,0.21341968
venom,P,word2vec_tiny_1_HOM_HALF,0.28691927,0.39305073,0.34886047,0.46487725,0.3777362,0.49400494
darn,H,word2vec_tiny_1_HOM_HALF,0.20045552,0.2175335,0.2288776,0.25287715,0.24112965,0.26873407
outdoor,M,word2vec_tiny_1_HOM_HALF,0.32659453,0.4198854,0.41002992,0.4975977,0.4399122,0.5182226
raft,H,word2vec_tiny_1_HOM_HALF,0.27019194,0.38239038,0.4046254,0.545114,0.46172568,0.62269676
outlook,P,word2vec_tiny_1_HOM_HALF,0.23188153,0.23922233,0.27734232,0.29785988,0.29754025,0.32112744
ketchup,M,word2vec_tiny_1_HOM_HALF,0.26604915,0.33392978,0.34371048,0.39112952,0.38049302,0.42387033
equation,P,word2vec_tiny_1_HOM_HALF,0.25462937,0.32107076,0.32709953,0.3999328,0.3530095,0.425696
novel,H,word2vec_tiny_1_HOM_HALF,0.23142743,0.3260208,0.4121237,0.5597006,0.47551507,0.6188506
salad,P,word2vec_tiny_1_HOM_HALF,0.2158457,0.31046087,0.30065078,0.42611167,0.34803087,0.4758677
newspaper,P,word2vec_tiny_1_HOM_HALF,0.30961117,0.34558076,0.4290728,0.5588953,0.4828768,0.6256214
flask,P,word2vec_tiny_1_HOM_HALF,0.2250363,0.26401135,0.2705705,0.3039742,0.291241,0.3277161
toothpaste,M,word2vec_tiny_1_HOM_HALF,0.29822874,0.40305045,0.39018384,0.49759355,0.42356932,0.5248872
nuisance,M,word2vec_tiny_1_HOM_HALF,0.25127465,0.29418746,0.29574406,0.32740963,0.31321144,0.345661
disagree,P,word2vec_tiny_1_HOM_HALF,0.3963214,0.5369712,0.5377717,0.6616974,0.5773674,0.6404598
racehorse,M,word2vec_tiny_1_HOM_HALF,0.2547055,0.33001876,0.2999529,0.36888883,0.31794587,0.38523126
station,P,word2vec_tiny_1_HOM_HALF,0.32250923,0.42846215,0.41985756,0.57237273,0.4676973,0.6118308
entrance,H,word2vec_tiny_1_HOM_HALF,0.36982167,0.49162877,0.44346774,0.5494995,0.47379962,0.5451204
signature,P,word2vec_tiny_1_HOM_HALF,0.2666554,0.35775962,0.33794418,0.4420088,0.36864623,0.4687818
bless,P,word2vec_tiny_1_HOM_HALF,0.43976742,0.47858253,0.52532697,0.5502237,0.55081064,0.55378026
hatch,H,word2vec_tiny_1_HOM_HALF,0.43170372,0.5196912,0.54967326,0.66138864,0.58741933,0.6567341
humorous,P,word2vec_tiny_1_HOM_HALF,0.1975067,0.23039655,0.22568399,0.26460326,0.235788,0.2743854
manual,P,word2vec_tiny_1_HOM_HALF,0.24022046,0.30553854,0.2954501,0.36950174,0.31755158,0.38373706
session,P,word2vec_tiny_1_HOM_HALF,0.29595745,0.31734216,0.37174213,0.4231911,0.40128896,0.45640537
freak,H,word2vec_tiny_1_HOM_HALF,0.15385431,0.17848691,0.18197459,0.20214045,0.19520985,0.21830861
gum,H,word2vec_tiny_1_HOM_HALF,0.34668335,0.41260362,0.438364,0.5494793,0.47565177,0.60824794
ignorant,P,word2vec_tiny_1_HOM_HALF,0.385881,0.4479797,0.49763507,0.635138,0.5449605,0.6716582
curse,P,word2vec_tiny_1_HOM_HALF,0.29974738,0.35736206,0.37184086,0.4246622,0.4026808,0.4502917
dungeon,M,word2vec_tiny_1_HOM_HALF,0.31412116,0.35403115,0.38759637,0.4178106,0.4190438,0.44645926
allergy,M,word2vec_tiny_1_HOM_HALF,0.27970314,0.31263927,0.33511737,0.35094923,0.35750908,0.36796838
watchman,M,word2vec_tiny_1_HOM_HALF,0.26132393,0.28692544,0.29845208,0.31240538,0.3134212,0.32728153
downstream,P,word2vec_tiny_1_HOM_HALF,0.23258343,0.31035337,0.30324113,0.40267393,0.34402192,0.45329404
brag,P,word2vec_tiny_1_HOM_HALF,0.34759855,0.38935107,0.4334782,0.43089965,0.46581367,0.451033
theme,P,word2vec_tiny_1_HOM_HALF,0.3524575,0.3839132,0.41666523,0.4884447,0.44459283,0.51388794
election,P,word2vec_tiny_1_HOM_HALF,0.23110783,0.30387425,0.27985677,0.34362802,0.3007246,0.36603487
karate,M,word2vec_tiny_1_HOM_HALF,0.2589461,0.3118569,0.3289592,0.39751258,0.35924,0.42857856
extension,P,word2vec_tiny_1_HOM_HALF,0.21348317,0.1847014,0.24571846,0.21332851,0.25849792,0.22497341
sky,P,word2vec_tiny_1_HOM_HALF,0.31541806,0.45207855,0.43179488,0.5747321,0.4806453,0.5989086
cardboard,M,word2vec_tiny_1_HOM_HALF,0.35943013,0.48429996,0.45886767,0.60499823,0.5008003,0.6483861
pursue,P,word2vec_tiny_1_HOM_HALF,0.2177139,0.26426986,0.2808186,0.31340337,0.30681306,0.34275636
discover,P,word2vec_tiny_1_HOM_HALF,0.3973559,0.55263203,0.51623595,0.64168644,0.55635947,0.6362171
zip,H,word2vec_tiny_1_HOM_HALF,0.3872588,0.51538825,0.5086056,0.6523562,0.5457469,0.6885191
alligator,M,word2vec_tiny_1_HOM_HALF,0.22952716,0.328067,0.36680356,0.50672084,0.4321191,0.5753247
dedication,P,word2vec_tiny_1_HOM_HALF,0.1952767,0.25230944,0.29032356,0.3445003,0.32623336,0.3732078
ownership,P,word2vec_tiny_1_HOM_HALF,0.22944896,0.2647615,0.27297604,0.31419176,0.29156768,0.33979222
crutch,P,word2vec_tiny_1_HOM_HALF,0.29799297,0.32191345,0.3548925,0.4238819,0.38242966,0.44580567
gross,P,word2vec_tiny_1_HOM_HALF,0.2730115,0.36502624,0.404606,0.49868736,0.45406455,0.53247434
landlord,P,word2vec_tiny_1_HOM_HALF,0.16469462,0.16667469,0.19775297,0.19988279,0.21066979,0.2133146
behalf,P,word2vec_tiny_1_HOM_HALF,0.16341296,0.15944493,0.19010566,0.19275847,0.20263064,0.21178101
sorcerer,M,word2vec_tiny_1_HOM_HALF,0.24574836,0.33909294,0.3028578,0.39658174,0.32949132,0.42369717
fist,P,word2vec_tiny_1_HOM_HALF,0.32705668,0.39896774,0.39428917,0.48639703,0.42048568,0.50552714
clubhouse,M,word2vec_tiny_1_HOM_HALF,0.35218382,0.425468,0.4120831,0.4621873,0.4336972,0.47448426
coil,H,word2vec_tiny_1_HOM_HALF,0.31113887,0.41744027,0.3837353,0.4943037,0.41206196,0.52116716
godmother,M,word2vec_tiny_1_HOM_HALF,0.3063963,0.39693856,0.38318187,0.45155263,0.4118303,0.4612686
bait,P,word2vec_tiny_1_HOM_HALF,0.34110194,0.43379653,0.45324174,0.5512863,0.49018788,0.5899082
activate,P,word2vec_tiny_1_HOM_HALF,0.2690714,0.36166862,0.33047703,0.4395134,0.3550318,0.4629373
difficult,P,word2vec_tiny_1_HOM_HALF,0.37716633,0.515764,0.50912553,0.6139722,0.5463172,0.5817412
tiara,P,word2vec_tiny_1_HOM_HALF,0.27758572,0.34645462,0.37742153,0.49336,0.424192,0.542808
bleed,P,word2vec_tiny_1_HOM_HALF,0.30849272,0.37972206,0.41058654,0.5149873,0.45195243,0.5519593
valve,P,word2vec_tiny_1_HOM_HALF,0.26207036,0.35348064,0.33967027,0.46122232,0.37717828,0.5066321
express,P,word2vec_tiny_1_HOM_HALF,0.3218213,0.34474358,0.38819,0.3946303,0.4146616,0.41197467
midnight,P,word2vec_tiny_1_HOM_HALF,0.3269115,0.36112133,0.37677088,0.40330413,0.39746934,0.42343262
sudden,P,word2vec_tiny_1_HOM_HALF,0.48144737,0.5207555,0.5476072,0.5484108,0.5676186,0.5278232
taste,P,word2vec_tiny_1_HOM_HALF,0.31686032,0.3772123,0.37785435,0.40154517,0.40906975,0.4216902
tub,P,word2vec_tiny_1_HOM_HALF,0.3101761,0.41041893,0.44579256,0.5409116,0.49580818,0.5880375
pencil,P,word2vec_tiny_1_HOM_HALF,0.23994234,0.33264157,0.3775932,0.52605957,0.44130328,0.6030737
blend,P,word2vec_tiny_1_HOM_HALF,0.3807597,0.39952514,0.45546168,0.52001077,0.48530743,0.5448423
survive,P,word2vec_tiny_1_HOM_HALF,0.3629033,0.3890529,0.42773715,0.46096808,0.4556453,0.48812696
tent,P,word2vec_tiny_1_HOM_HALF,0.3790331,0.50233847,0.48774418,0.64845824,0.53011835,0.6858036
polite,P,word2vec_tiny_1_HOM_HALF,0.286477,0.37487546,0.4468626,0.59106815,0.5074958,0.6010948
shower,H,word2vec_tiny_1_HOM_HALF,0.3574853,0.45499736,0.4708594,0.5939772,0.51661426,0.64125
scold,P,word2vec_tiny_1_HOM_HALF,0.39719573,0.48804915,0.4753925,0.5838556,0.5045123,0.58818936
convenient,P,word2vec_tiny_1_HOM_HALF,0.108475685,0.13077925,0.13640392,0.17699592,0.1514586,0.19534256
tolerant,P,word2vec_tiny_1_HOM_HALF,0.1590834,0.18066993,0.20607276,0.2254465,0.23202759,0.2540303
pool,H,word2vec_tiny_1_HOM_HALF,0.2906515,0.37300304,0.42306817,0.5659747,0.47920856,0.6193553
hardship,P,word2vec_tiny_1_HOM_HALF,0.1549066,0.17867789,0.18106414,0.2139426,0.19247441,0.23090582
memento,M,word2vec_tiny_1_HOM_HALF,0.24595627,0.29449382,0.30429596,0.34855014,0.32725158,0.3553497
belief,P,word2vec_tiny_1_HOM_HALF,0.23880163,0.270321,0.303135,0.35289583,0.33074042,0.37815148
locksmith,M,word2vec_tiny_1_HOM_HALF,0.30755037,0.3689814,0.37319908,0.44655493,0.39636397,0.46171603
polar,P,word2vec_tiny_1_HOM_HALF,0.34923849,0.4649729,0.4455719,0.56395906,0.48700318,0.5909508
handful,P,word2vec_tiny_1_HOM_HALF,0.3653521,0.4487014,0.45798478,0.5106083,0.49128413,0.5230864
picky,M,word2vec_tiny_1_HOM_HALF,0.35956138,0.42130554,0.41884398,0.4263144,0.44334573,0.432299
sunglasses,M,word2vec_tiny_1_HOM_HALF,0.3024389,0.32083213,0.41334388,0.5233783,0.4652086,0.59076864
rumble,P,word2vec_tiny_1_HOM_HALF,0.3773263,0.42771712,0.46506536,0.5235885,0.49614495,0.5632622
obey,P,word2vec_tiny_1_HOM_HALF,0.310329,0.43921432,0.41597688,0.51208323,0.45315582,0.52385783
tofu,M,word2vec_tiny_1_HOM_HALF,0.29417133,0.34845465,0.33314744,0.36594895,0.34742397,0.38129434
stunt,H,word2vec_tiny_1_HOM_HALF,0.3603857,0.4611763,0.42109245,0.51966494,0.44996208,0.5395095
scream,P,word2vec_tiny_1_HOM_HALF,0.33614346,0.48633817,0.45943475,0.579743,0.50661397,0.6058117
coaster,P,word2vec_tiny_1_HOM_HALF,0.30148834,0.38352707,0.4055037,0.48153174,0.4510344,0.5262249
cash,P,word2vec_tiny_1_HOM_HALF,0.2643369,0.34176102,0.3561446,0.45128125,0.39661935,0.4928478
mode,H,word2vec_tiny_1_HOM_HALF,0.2884902,0.37494072,0.3702243,0.45861796,0.4028696,0.49851817
oblige,P,word2vec_tiny_1_HOM_HALF,0.3100993,0.35014763,0.35727727,0.3946704,0.37535515,0.41207373
swarm,H,word2vec_tiny_1_HOM_HALF,0.2971534,0.37028328,0.37582272,0.45721993,0.40913618,0.48286387
compete,P,word2vec_tiny_1_HOM_HALF,0.34172985,0.40617982,0.42553407,0.46716714,0.4572035,0.500204
footprint,M,word2vec_tiny_1_HOM_HALF,0.36900252,0.45704284,0.42809674,0.5003197,0.44951713,0.51245403
swell,P,word2vec_tiny_1_HOM_HALF,0.25968274,0.3091148,0.3316061,0.3944875,0.36342952,0.43354034
motor,P,word2vec_tiny_1_HOM_HALF,0.24772349,0.34910193,0.38486755,0.5387645,0.437057,0.5907446
maze,P,word2vec_tiny_1_HOM_HALF,0.3803625,0.4695198,0.50019056,0.6344973,0.54514086,0.67455316
print,P,word2vec_tiny_1_HOM_HALF,0.31679243,0.4198478,0.44698387,0.5537701,0.49438217,0.6051635
patio,P,word2vec_tiny_1_HOM_HALF,0.34398445,0.43251416,0.41239414,0.5073767,0.4373154,0.5324146
oblivious,P,word2vec_tiny_1_HOM_HALF,0.24588616,0.29650372,0.28065574,0.34641305,0.29480043,0.35410216
stump,P,word2vec_tiny_1_HOM_HALF,0.29706863,0.38452187,0.37847093,0.45565423,0.4126645,0.48992866
downstairs,P,word2vec_tiny_1_HOM_HALF,0.428557,0.51787955,0.53831124,0.66041183,0.5722378,0.6346545
lunchtime,M,word2vec_tiny_1_HOM_HALF,0.41484326,0.51220024,0.51765275,0.5891247,0.5499325,0.5898493
bird,P,word2vec_tiny_1_HOM_HALF,0.339388,0.43371436,0.43026075,0.56061834,0.47599763,0.60355985
hitch,H,word2vec_tiny_1_HOM_HALF,0.18340142,0.1868948,0.2120458,0.20944358,0.22431497,0.21804354
unfriendly,P,word2vec_tiny_1_HOM_HALF,0.26883447,0.33876067,0.31925058,0.39679664,0.34108078,0.41756153
tortoise,P,word2vec_tiny_1_HOM_HALF,0.3138347,0.36941826,0.37589037,0.4037038,0.40226424,0.43260634
tomb,P,word2vec_tiny_1_HOM_HALF,0.22027345,0.20718986,0.25404108,0.23439805,0.26551548,0.2451573
scarecrow,P,word2vec_tiny_1_HOM_HALF,0.41578364,0.46492848,0.5086221,0.60153526,0.5437703,0.6503062
flop,P,word2vec_tiny_1_HOM_HALF,0.32236376,0.40510628,0.4042433,0.5039351,0.43899468,0.5418623
rooster,M,word2vec_tiny_1_HOM_HALF,0.30271524,0.39963463,0.39257443,0.5021564,0.4421775,0.5488837
horror,P,word2vec_tiny_1_HOM_HALF,0.3506358,0.42047396,0.42722374,0.48758614,0.4535147,0.512047
compassion,M,word2vec_tiny_1_HOM_HALF,0.23317523,0.28600842,0.30439866,0.36307052,0.33267483,0.3827622
confess,P,word2vec_tiny_1_HOM_HALF,0.15899839,0.15577486,0.18290076,0.18858396,0.19572857,0.20573418
newsstand,M,word2vec_tiny_1_HOM_HALF,0.2056433,0.24568048,0.24322033,0.27679583,0.25836334,0.29742125
tension,P,word2vec_tiny_1_HOM_HALF,0.22454476,0.29054552,0.2835237,0.36819094,0.31093884,0.39910468
homesick,M,word2vec_tiny_1_HOM_HALF,0.2543737,0.25492448,0.3041265,0.29361284,0.3216077,0.3026518
football,P,word2vec_tiny_1_HOM_HALF,0.27869737,0.40455848,0.43766162,0.5942658,0.4961049,0.64715546
poodle,M,word2vec_tiny_1_HOM_HALF,0.3506001,0.4006483,0.41629505,0.47912875,0.44261512,0.50466204
dangerous,M,word2vec_tiny_1_HOM_HALF,0.4386459,0.5852689,0.5224108,0.6632397,0.55471283,0.64672107
study,P,word2vec_tiny_1_HOM_HALF,0.36632282,0.51886904,0.4776079,0.626337,0.5243456,0.6539314
explode,P,word2vec_tiny_1_HOM_HALF,0.32062045,0.39820305,0.42342934,0.49834794,0.46468717,0.5433051
distinct,P,word2vec_tiny_1_HOM_HALF,0.20400703,0.22204663,0.24083048,0.26108107,0.25515065,0.2782923
crummy,P,word2vec_tiny_1_HOM_HALF,0.16956837,0.17021066,0.1959009,0.2022733,0.2089922,0.21271238
choice,P,word2vec_tiny_1_HOM_HALF,0.42623892,0.48084122,0.50933623,0.52804375,0.5329422,0.5073157
carnival,P,word2vec_tiny_1_HOM_HALF,0.3234065,0.44676477,0.39543152,0.51168495,0.4261824,0.52544755
slop,P,word2vec_tiny_1_HOM_HALF,0.24079955,0.3236024,0.3107622,0.3903989,0.34064513,0.40029347
secretary,P,word2vec_tiny_1_HOM_HALF,0.27313638,0.2669743,0.32296944,0.29745477,0.3416938,0.317487
thump,P,word2vec_tiny_1_HOM_HALF,0.34094733,0.41344428,0.4223389,0.48562697,0.4533152,0.5198935
vest,P,word2vec_tiny_1_HOM_HALF,0.18786272,0.28596744,0.362174,0.52109444,0.43534505,0.5994869
fireplace,P,word2vec_tiny_1_HOM_HALF,0.38377172,0.51322365,0.48520434,0.6343798,0.5329274,0.6845741
measure,P,word2vec_tiny_1_HOM_HALF,0.36293668,0.51732045,0.4977117,0.6467342,0.5397638,0.6670185
pyramid,P,word2vec_tiny_1_HOM_HALF,0.33504835,0.42484623,0.3946153,0.4751765,0.42183968,0.50836074
duck,H,word2vec_tiny_1_HOM_HALF,0.24645308,0.35886887,0.37666416,0.5207637,0.4378518,0.59235173
foot,P,word2vec_tiny_1_HOM_HALF,0.30645677,0.40029863,0.45983878,0.57278407,0.510013,0.60763264
dictionary,P,word2vec_tiny_1_HOM_HALF,0.25673988,0.34660935,0.40779015,0.54401785,0.4696203,0.6093439
disguise,P,word2vec_tiny_1_HOM_HALF,0.4174351,0.4441967,0.48039857,0.50542533,0.50787866,0.52276474
mosquito,M,word2vec_tiny_1_HOM_HALF,0.30893463,0.37901515,0.44670308,0.55055803,0.50231236,0.6107041
butter,P,word2vec_tiny_1_HOM_HALF,0.21996121,0.31075972,0.3275716,0.43690968,0.37706012,0.46830377
horizon,P,word2vec_tiny_1_HOM_HALF,0.34301767,0.37024814,0.4034864,0.47686967,0.42999703,0.49788126
blaze,H,word2vec_tiny_1_HOM_HALF,0.36232054,0.4200994,0.42802718,0.507979,0.45199022,0.5191039
student,P,word2vec_tiny_1_HOM_HALF,0.29567337,0.39889872,0.3734392,0.4599415,0.40643856,0.47809955
build,P,word2vec_tiny_1_HOM_HALF,0.356361,0.5091773,0.47597596,0.62826914,0.5278097,0.6547476
incident,P,word2vec_tiny_1_HOM_HALF,0.28569835,0.3270156,0.32838055,0.37061593,0.34843782,0.38455844
aside,P,word2vec_tiny_1_HOM_HALF,0.45177856,0.54531485,0.5202524,0.5944577,0.54617465,0.60674137
unlikely,P,word2vec_tiny_1_HOM_HALF,0.2912846,0.31455508,0.3608908,0.38005722,0.39196572,0.4113733
picnic,P,word2vec_tiny_1_HOM_HALF,0.37094706,0.48382294,0.4909094,0.60820556,0.5357461,0.6210093
pasture,P,word2vec_tiny_1_HOM_HALF,0.29416126,0.38227692,0.38882783,0.47628725,0.42554504,0.50569373
group,P,word2vec_tiny_1_HOM_HALF,0.42225853,0.5552799,0.5085281,0.6103826,0.5372343,0.6148196
precious,P,word2vec_tiny_1_HOM_HALF,0.37573713,0.39855394,0.44199184,0.4789242,0.4647428,0.49104512
portal,P,word2vec_tiny_1_HOM_HALF,0.26790583,0.33052132,0.35509518,0.44172865,0.38574603,0.4726506
outdoors,P,word2vec_tiny_1_HOM_HALF,0.35808003,0.4831882,0.45123062,0.5310881,0.48693505,0.5084939
toil,H,word2vec_tiny_1_HOM_HALF,0.2900502,0.34136802,0.34013438,0.40247998,0.3593428,0.41024727
monitor,P,word2vec_tiny_1_HOM_HALF,0.31235465,0.37299412,0.36264524,0.46486816,0.38391632,0.48673463
dilemma,P,word2vec_tiny_1_HOM_HALF,0.25816932,0.33049545,0.3011782,0.38289964,0.31858128,0.3987274
gadget,M,word2vec_tiny_1_HOM_HALF,0.32223225,0.4152147,0.37826216,0.48672578,0.4020671,0.50889003
sample,P,word2vec_tiny_1_HOM_HALF,0.22150108,0.23866715,0.28014654,0.3347867,0.30875042,0.3818113
donation,P,word2vec_tiny_1_HOM_HALF,0.30255777,0.37199196,0.37710643,0.43922704,0.41019645,0.46914586
staple,H,word2vec_tiny_1_HOM_HALF,0.21598157,0.29382646,0.27928248,0.3741603,0.31013286,0.41144386
drain,P,word2vec_tiny_1_HOM_HALF,0.3235126,0.44210705,0.45348164,0.6047419,0.5061199,0.66159344
generator,P,word2vec_tiny_1_HOM_HALF,0.26433483,0.35778844,0.33083805,0.44324037,0.36610824,0.47923023
success,P,word2vec_tiny_1_HOM_HALF,0.3431663,0.3820245,0.41016412,0.43047774,0.43748614,0.4466522
witness,P,word2vec_tiny_1_HOM_HALF,0.28048906,0.34084678,0.33551267,0.40630025,0.36056197,0.43418765
thumb,P,word2vec_tiny_1_HOM_HALF,0.32873243,0.43991235,0.44603133,0.6052259,0.48973456,0.6385675
velvet,P,word2vec_tiny_1_HOM_HALF,0.3370356,0.4462224,0.44611874,0.61204946,0.4892405,0.63679487
stingy,P,word2vec_tiny_1_HOM_HALF,0.3476186,0.40432864,0.40670726,0.45843202,0.43300843,0.47499302
parade,P,word2vec_tiny_1_HOM_HALF,0.3071946,0.4118135,0.43542042,0.6003341,0.48662063,0.6532458
necklace,M,word2vec_tiny_1_HOM_HALF,0.259802,0.37469703,0.38714254,0.54469556,0.44553888,0.60192275
doghouse,M,word2vec_tiny_1_HOM_HALF,0.37478963,0.3935631,0.43972805,0.49532965,0.46421134,0.5186984
arise,P,word2vec_tiny_1_HOM_HALF,0.18223174,0.21226174,0.21774128,0.26223713,0.23821215,0.28871685
hairdo,M,word2vec_tiny_1_HOM_HALF,0.27369812,0.326864,0.32930937,0.34555343,0.35038888,0.35485175
cook,P,word2vec_tiny_1_HOM_HALF,0.3105885,0.40834048,0.43498504,0.52463216,0.48312265,0.5682188
carpet,P,word2vec_tiny_1_HOM_HALF,0.31895742,0.42533767,0.44626248,0.5876303,0.49837524,0.64430267
highlight,P,word2vec_tiny_1_HOM_HALF,0.28565228,0.32712102,0.3388946,0.37822655,0.36041984,0.39046407
grizzly,P,word2vec_tiny_1_HOM_HALF,0.2838915,0.35309887,0.35499105,0.41769958,0.3852507,0.4499993
blank,P,word2vec_tiny_1_HOM_HALF,0.32811344,0.3673876,0.42375916,0.5092116,0.46717742,0.5704788
dopey,P,word2vec_tiny_1_HOM_HALF,0.2678519,0.2643999,0.30120194,0.27527395,0.31591934,0.28086412
shaker,P,word2vec_tiny_1_HOM_HALF,0.353406,0.39891824,0.4330467,0.47207013,0.4717794,0.5181126
phrase,P,word2vec_tiny_1_HOM_HALF,0.3314908,0.40098405,0.39537147,0.44611934,0.4217601,0.46808204
perfection,P,word2vec_tiny_1_HOM_HALF,0.29020542,0.31793836,0.34331974,0.37491837,0.3673539,0.416757
shatter,P,word2vec_tiny_1_HOM_HALF,0.27321523,0.36466515,0.3723758,0.4725142,0.40584603,0.50181246
quarrel,P,word2vec_tiny_1_HOM_HALF,0.35479268,0.49174428,0.52428114,0.6380538,0.57310134,0.63965803
dummy,P,word2vec_tiny_1_HOM_HALF,0.17132056,0.16694225,0.20093952,0.19304973,0.21269034,0.21538897
bridge,H,word2vec_tiny_1_HOM_HALF,0.33985972,0.4346477,0.46273667,0.6193616,0.5112052,0.6625076
grind,P,word2vec_tiny_1_HOM_HALF,0.29876596,0.3918396,0.3932418,0.47170302,0.4274897,0.50402087
puzzle,P,word2vec_tiny_1_HOM_HALF,0.3728525,0.46495262,0.46619943,0.58358485,0.5062671,0.62129444
skunk,P,word2vec_tiny_1_HOM_HALF,0.39512962,0.47963208,0.47811657,0.58050054,0.50898135,0.5870406
compliment,P,word2vec_tiny_1_HOM_HALF,0.38133702,0.4234938,0.43531105,0.42975923,0.45547622,0.44623294
hoot,P,word2vec_tiny_1_HOM_HALF,0.29570204,0.36554298,0.43988073,0.5114472,0.4908555,0.5711632
pilot,P,word2vec_tiny_1_HOM_HALF,0.33161125,0.42520782,0.45827112,0.62318385,0.5109101,0.66656196
harsh,P,word2vec_tiny_1_HOM_HALF,0.4136036,0.5272085,0.5172054,0.6197234,0.5515017,0.61723596
simple,P,word2vec_tiny_1_HOM_HALF,0.38070875,0.34405023,0.43351734,0.40312025,0.45454675,0.43042147
gel,P,word2vec_tiny_1_HOM_HALF,0.27793723,0.36026108,0.3467794,0.45888817,0.38152426,0.4932749
belly,P,word2vec_tiny_1_HOM_HALF,0.3733326,0.49272805,0.47148183,0.5338881,0.5094434,0.5608195
traffic,P,word2vec_tiny_1_HOM_HALF,0.36673346,0.44194412,0.45617807,0.54845613,0.49471107,0.59466195
rash,H,word2vec_tiny_1_HOM_HALF,0.26437134,0.34274238,0.352949,0.44658154,0.39384842,0.49744672
cross,P,word2vec_tiny_1_HOM_HALF,0.38958877,0.5040332,0.49537784,0.63872296,0.5350747,0.67382723
style,P,word2vec_tiny_1_HOM_HALF,0.3650833,0.413159,0.4561969,0.564071,0.49711755,0.6198409
pad,H,word2vec_tiny_1_HOM_HALF,0.47986144,0.5313607,0.5692005,0.64456797,0.6000288,0.6754972
oatmeal,P,word2vec_tiny_1_HOM_HALF,0.23206186,0.29149517,0.30243158,0.36371505,0.3345317,0.3891878
delight,P,word2vec_tiny_1_HOM_HALF,0.2526967,0.3514594,0.3777375,0.4709705,0.41382188,0.4811041
trapeze,M,word2vec_tiny_1_HOM_HALF,0.30806687,0.38319245,0.36741763,0.43239054,0.3914926,0.44026977
solemn,P,word2vec_tiny_1_HOM_HALF,0.20977013,0.24537769,0.24768232,0.30234373,0.26281667,0.3161094
stomach,P,word2vec_tiny_1_HOM_HALF,0.34045023,0.41840753,0.4668116,0.54778934,0.51254237,0.5754933
feeble,P,word2vec_tiny_1_HOM_HALF,0.20426679,0.23742276,0.23474678,0.27223158,0.24784039,0.27953213
diaper,P,word2vec_tiny_1_HOM_HALF,0.37659615,0.46419647,0.44648993,0.5025877,0.47361115,0.5369306
expertise,M,word2vec_tiny_1_HOM_HALF,0.1936426,0.21055774,0.22763029,0.25512016,0.24163021,0.27582675
army,P,word2vec_tiny_1_HOM_HALF,0.34606236,0.42081252,0.43198037,0.51897746,0.470726,0.55356795
roadside,P,word2vec_tiny_1_HOM_HALF,0.2783401,0.3434345,0.32673797,0.39854455,0.34794122,0.4304894
tribe,P,word2vec_tiny_1_HOM_HALF,0.27367926,0.31898454,0.33102325,0.39258242,0.3549861,0.41916046
opinion,P,word2vec_tiny_1_HOM_HALF,0.46269122,0.5780806,0.54070973,0.6215749,0.56891483,0.61498624
float,P,word2vec_tiny_1_HOM_HALF,0.3830664,0.5200985,0.49343377,0.6328335,0.5367379,0.6629167
challenge,P,word2vec_tiny_1_HOM_HALF,0.30008012,0.38064906,0.37423074,0.44474918,0.40535724,0.47005937
lonely,P,word2vec_tiny_1_HOM_HALF,0.3552431,0.43515176,0.4934515,0.6209912,0.5447206,0.6435997
bliss,P,word2vec_tiny_1_HOM_HALF,0.24868815,0.29337656,0.29451305,0.34133196,0.3157457,0.36058214
sauce,P,word2vec_tiny_1_HOM_HALF,0.20781088,0.3071337,0.31819093,0.44131744,0.36894268,0.4865188
contagious,P,word2vec_tiny_1_HOM_HALF,0.26599056,0.30779138,0.33033112,0.36802906,0.35752994,0.407863
inventor,M,word2vec_tiny_1_HOM_HALF,0.29460138,0.35176957,0.3503857,0.40043187,0.37278116,0.4232836
tradition,P,word2vec_tiny_1_HOM_HALF,0.3103046,0.3574005,0.37814015,0.39828646,0.4062545,0.42214707
cheap,P,word2vec_tiny_1_HOM_HALF,0.36152226,0.5110433,0.4781211,0.6344935,0.5239157,0.6432009
fantastic,P,word2vec_tiny_1_HOM_HALF,0.32948798,0.4362668,0.42224804,0.49360567,0.44963548,0.49333373
delicious,P,word2vec_tiny_1_HOM_HALF,0.258159,0.3390814,0.3373779,0.3955959,0.37175247,0.43891332
frail,H,word2vec_tiny_1_HOM_HALF,0.25324795,0.31282985,0.30546954,0.37938812,0.32687035,0.4036683
funnel,P,word2vec_tiny_1_HOM_HALF,0.27417183,0.37415054,0.34980157,0.47583672,0.38457757,0.51354265
immense,P,word2vec_tiny_1_HOM_HALF,0.23511186,0.29513368,0.28826165,0.3544872,0.31637958,0.38903114
hedge,P,word2vec_tiny_1_HOM_HALF,0.34419706,0.49378,0.4469036,0.601942,0.49803993,0.66079223
uncertain,P,word2vec_tiny_1_HOM_HALF,0.25956646,0.34793723,0.33393902,0.4074477,0.36045358,0.43192974
temptation,P,word2vec_tiny_1_HOM_HALF,0.33942837,0.40176505,0.4054921,0.4683083,0.4325022,0.47463042
jail,P,word2vec_tiny_1_HOM_HALF,0.4150444,0.5188645,0.50704557,0.64643943,0.54596615,0.67811745
spectacle,P,word2vec_tiny_1_HOM_HALF,0.28504077,0.32297555,0.32905906,0.36753735,0.34579998,0.37515345
depend,P,word2vec_tiny_1_HOM_HALF,0.4214169,0.4454558,0.5202139,0.4585581,0.5466858,0.45876786
diner,P,word2vec_tiny_1_HOM_HALF,0.28705472,0.38885376,0.36450008,0.44487047,0.39132312,0.46503067
composer,M,word2vec_tiny_1_HOM_HALF,0.22738698,0.2724957,0.26304767,0.28669152,0.277134,0.29272026
space,P,word2vec_tiny_1_HOM_HALF,0.40906376,0.4791294,0.5108591,0.6259142,0.5475818,0.67436767
hip,H,word2vec_tiny_1_HOM_HALF,0.32671592,0.39392456,0.384628,0.46721044,0.40506935,0.4709904
fix,P,word2vec_tiny_1_HOM_HALF,0.34386843,0.49637246,0.48319313,0.6293947,0.53045744,0.6281077
persist,P,word2vec_tiny_1_HOM_HALF,0.1729021,0.18765152,0.22380953,0.23699313,0.24635303,0.25882897
postal,P,word2vec_tiny_1_HOM_HALF,0.28227082,0.36368552,0.36659414,0.4570477,0.39754418,0.47612968
outrun,P,word2vec_tiny_1_HOM_HALF,0.30976662,0.32090843,0.37548187,0.41273418,0.4031354,0.4429081
serve,P,word2vec_tiny_1_HOM_HALF,0.35229763,0.48107308,0.49275267,0.6571488,0.5414527,0.68459576
range,P,word2vec_tiny_1_HOM_HALF,0.3451917,0.44033387,0.40815622,0.49180976,0.4316687,0.51120627
foolish,P,word2vec_tiny_1_HOM_HALF,0.30682904,0.42383653,0.4562476,0.6080304,0.5094086,0.6276557
dresser,H,word2vec_tiny_1_HOM_HALF,0.35853404,0.4789404,0.4560641,0.6165507,0.49747536,0.6478282
vandalism,M,word2vec_tiny_1_HOM_HALF,0.18236959,0.18825656,0.21316257,0.22089808,0.22789532,0.23620798
explosive,P,word2vec_tiny_1_HOM_HALF,0.28800735,0.35901052,0.33375245,0.38704535,0.35222012,0.39167187
client,P,word2vec_tiny_1_HOM_HALF,0.299247,0.361599,0.37094963,0.42690116,0.39972582,0.4552994
thrive,P,word2vec_tiny_1_HOM_HALF,0.24450879,0.33906445,0.32028502,0.4237716,0.35112342,0.4328605
blah,P,word2vec_tiny_1_HOM_HALF,0.25438872,0.3013592,0.31981546,0.4010266,0.3520929,0.44787514
compromise,P,word2vec_tiny_1_HOM_HALF,0.35305825,0.40537724,0.43098727,0.45916197,0.45815587,0.48649457
cucumber,P,word2vec_tiny_1_HOM_HALF,0.2636505,0.31095734,0.3580881,0.40891,0.39787316,0.45527416
illness,P,word2vec_tiny_1_HOM_HALF,0.22797088,0.30501187,0.31421122,0.38429064,0.34794644,0.41398954
calcium,P,word2vec_tiny_1_HOM_HALF,0.22548878,0.2852655,0.3019928,0.36793676,0.33659735,0.4131437
iceberg,P,word2vec_tiny_1_HOM_HALF,0.29156655,0.3568529,0.3549822,0.43619415,0.3827198,0.4628241
arm,H,word2vec_tiny_1_HOM_HALF,0.28598794,0.36930627,0.41699654,0.53641397,0.4642279,0.57232606
vanishing,P,word2vec_tiny_1_HOM_HALF,0.3695461,0.46356162,0.4476822,0.50218344,0.4728204,0.508043
faucet,M,word2vec_tiny_1_HOM_HALF,0.31796998,0.43437344,0.4488746,0.59480643,0.50354224,0.64528173
shudder,P,word2vec_tiny_1_HOM_HALF,0.21090022,0.28580615,0.26264644,0.34853497,0.28408423,0.37600905
arcade,P,word2vec_tiny_1_HOM_HALF,0.28801364,0.3111676,0.32832062,0.3148856,0.3448365,0.31328884
mission,P,word2vec_tiny_1_HOM_HALF,0.35704094,0.44139877,0.43447945,0.49774948,0.4629085,0.5076839
uneasy,P,word2vec_tiny_1_HOM_HALF,0.26624024,0.32483804,0.34088317,0.40567106,0.37118027,0.43681744
anxiety,P,word2vec_tiny_1_HOM_HALF,0.19883265,0.27585217,0.2706622,0.35727358,0.30341348,0.38870567
savior,P,word2vec_tiny_1_HOM_HALF,0.16904475,0.17696255,0.20000358,0.2083505,0.21267514,0.21868399
muddy,P,word2vec_tiny_1_HOM_HALF,0.3518963,0.4599782,0.49461487,0.62036926,0.53997403,0.639197
thunder,P,word2vec_tiny_1_HOM_HALF,0.29413456,0.4031724,0.4100625,0.5156929,0.45931178,0.54481274
pose,H,word2vec_tiny_1_HOM_HALF,0.3967556,0.4086128,0.48583838,0.52641153,0.5176244,0.54688275
bounce,P,word2vec_tiny_1_HOM_HALF,0.3178861,0.47010452,0.47684285,0.6552583,0.53016824,0.6905141
total,P,word2vec_tiny_1_HOM_HALF,0.35303146,0.3978571,0.43802366,0.512509,0.47396892,0.55631185
lesson,P,word2vec_tiny_1_HOM_HALF,0.42032212,0.43799937,0.4859122,0.45646214,0.5096722,0.44446093
judge,P,word2vec_tiny_1_HOM_HALF,0.41846508,0.52800906,0.50164616,0.54824615,0.53085244,0.5536828
female,P,word2vec_tiny_1_HOM_HALF,0.3212841,0.43306565,0.39440173,0.49439508,0.42327195,0.51825964
scrapbook,M,word2vec_tiny_1_HOM_HALF,0.26549497,0.32406294,0.31478232,0.36252993,0.33386514,0.37105376
pistol,P,word2vec_tiny_1_HOM_HALF,0.25439408,0.36227095,0.3969952,0.5642645,0.4554674,0.6258612
hamster,M,word2vec_tiny_1_HOM_HALF,0.38895988,0.45240295,0.4566055,0.53607786,0.4873777,0.54966205
dissolve,P,word2vec_tiny_1_HOM_HALF,0.2228053,0.28678223,0.2903715,0.38207427,0.32530212,0.4316918
chick,P,word2vec_tiny_1_HOM_HALF,0.26390147,0.31954464,0.3829055,0.5109,0.44700393,0.5879021
squash,H,word2vec_tiny_1_HOM_HALF,0.1994953,0.28189102,0.35416287,0.48310405,0.42464116,0.56238604
amusement,P,word2vec_tiny_1_HOM_HALF,0.34369412,0.40400696,0.39749297,0.45480308,0.42084244,0.46281093
gazelle,M,word2vec_tiny_1_HOM_HALF,0.27483124,0.3167845,0.33380118,0.40035114,0.35899204,0.4274978
pile,H,word2vec_tiny_1_HOM_HALF,0.4002379,0.5398148,0.4980862,0.62125367,0.5382749,0.65750194
loser,P,word2vec_tiny_1_HOM_HALF,0.33512023,0.39114204,0.42164195,0.4150373,0.45059082,0.44177577
boast,P,word2vec_tiny_1_HOM_HALF,0.26081914,0.27235225,0.34164447,0.33297768,0.3725541,0.36851054
clasp,P,word2vec_tiny_1_HOM_HALF,0.2758761,0.38788015,0.35339305,0.48088926,0.39009467,0.51740676
permission,P,word2vec_tiny_1_HOM_HALF,0.3869545,0.47018528,0.47378692,0.52410614,0.50013393,0.5133566
lover,P,word2vec_tiny_1_HOM_HALF,0.32615808,0.38353607,0.37810165,0.44163272,0.39669067,0.43969443
starter,P,word2vec_tiny_1_HOM_HALF,0.32112202,0.39136612,0.3755162,0.41447842,0.39945722,0.438185
pro,H,word2vec_tiny_1_HOM_HALF,0.36992177,0.37915146,0.4558983,0.48153517,0.48709226,0.51112384
sleeper,P,word2vec_tiny_1_HOM_HALF,0.28204045,0.24728543,0.3178879,0.27052212,0.33320558,0.27614903
poverty,P,word2vec_tiny_1_HOM_HALF,0.1925982,0.21805601,0.23200138,0.2590858,0.25067285,0.28142872
random,P,word2vec_tiny_1_HOM_HALF,0.31385642,0.35137218,0.38265026,0.45677617,0.4107928,0.4912415
chorus,P,word2vec_tiny_1_HOM_HALF,0.30221874,0.3252542,0.3876795,0.47040072,0.42163342,0.5095003
indoor,M,word2vec_tiny_1_HOM_HALF,0.3646756,0.41842338,0.4370954,0.45527264,0.46408853,0.48119888
projector,M,word2vec_tiny_1_HOM_HALF,0.34759885,0.46110246,0.42271557,0.5449215,0.45062417,0.558653
staff,H,word2vec_tiny_1_HOM_HALF,0.35672414,0.43555984,0.47414932,0.60869324,0.51490897,0.6534998
unattended,M,word2vec_tiny_1_HOM_HALF,0.32521337,0.31954938,0.38494575,0.38601154,0.4085601,0.39373612
torch,P,word2vec_tiny_1_HOM_HALF,0.34651795,0.4165674,0.4090192,0.47365507,0.436189,0.49972513
smug,M,word2vec_tiny_1_HOM_HALF,0.35220864,0.37571153,0.40555352,0.43339413,0.4334285,0.48155057
official,P,word2vec_tiny_1_HOM_HALF,0.26352203,0.32455626,0.32416055,0.39783815,0.35294506,0.4320233
gown,P,word2vec_tiny_1_HOM_HALF,0.29631466,0.3186874,0.38694215,0.46795028,0.4294513,0.5293089
plunge,P,word2vec_tiny_1_HOM_HALF,0.34393692,0.41645855,0.41517118,0.4746103,0.44174612,0.4900994
coach,P,word2vec_tiny_1_HOM_HALF,0.37805626,0.44059062,0.4719982,0.52090013,0.5021886,0.5359091
rude,P,word2vec_tiny_1_HOM_HALF,0.31962797,0.45673603,0.44994658,0.6074549,0.50207275,0.620447
church,P,word2vec_tiny_1_HOM_HALF,0.30939382,0.40048358,0.43291128,0.5941388,0.48988017,0.66196513
assignment,P,word2vec_tiny_1_HOM_HALF,0.24214987,0.30983114,0.30389327,0.38621205,0.33087337,0.41329756
ominous,P,word2vec_tiny_1_HOM_HALF,0.22321992,0.29470637,0.28394783,0.3789415,0.3128974,0.41381398
rock,H,word2vec_tiny_1_HOM_HALF,0.33922023,0.4345945,0.4569773,0.5998788,0.50289845,0.65666807
strawberry,P,word2vec_tiny_1_HOM_HALF,0.2374498,0.32059783,0.3523641,0.46363062,0.4036549,0.5033927
attendant,P,word2vec_tiny_1_HOM_HALF,0.31047478,0.39708945,0.379321,0.44333038,0.40416157,0.45623574
invitation,P,word2vec_tiny_1_HOM_HALF,0.38299587,0.48811296,0.50209737,0.6301333,0.5456414,0.6626122
gossip,P,word2vec_tiny_1_HOM_HALF,0.20311494,0.19208921,0.23496921,0.2252403,0.24778494,0.24253286
gloss,H,word2vec_tiny_1_HOM_HALF,0.31436333,0.39661053,0.37111038,0.4451508,0.3979206,0.4622532
rot,P,word2vec_tiny_1_HOM_HALF,0.3951239,0.5314746,0.50950605,0.61965334,0.547271,0.62752473
possess,P,word2vec_tiny_1_HOM_HALF,0.17624208,0.21711902,0.21642359,0.27008027,0.23635598,0.29737514
lottery,P,word2vec_tiny_1_HOM_HALF,0.31795973,0.3503305,0.38141194,0.4312353,0.40487054,0.45088017
invaluable,M,word2vec_tiny_1_HOM_HALF,0.14614023,0.15365101,0.18272808,0.20775644,0.20234743,0.23807639
jiffy,M,word2vec_tiny_1_HOM_HALF,0.2987277,0.36283973,0.33867604,0.41589049,0.35410082,0.42454588
hermit,P,word2vec_tiny_1_HOM_HALF,0.31160557,0.37443718,0.3989593,0.47181803,0.44010848,0.51687825
token,P,word2vec_tiny_1_HOM_HALF,0.28452396,0.35055882,0.3517009,0.4121903,0.38127622,0.43540043
telephone,P,word2vec_tiny_1_HOM_HALF,0.32353625,0.4072435,0.43079168,0.55863446,0.48528367,0.6262892
complain,P,word2vec_tiny_1_HOM_HALF,0.38999334,0.5383293,0.51660234,0.6757043,0.5560635,0.67562616
atop,P,word2vec_tiny_1_HOM_HALF,0.34343252,0.41715035,0.42472443,0.4879883,0.457145,0.5092257
orphan,P,word2vec_tiny_1_HOM_HALF,0.2990958,0.3209831,0.34028676,0.3444335,0.3564072,0.35338837
harp,P,word2vec_tiny_1_HOM_HALF,0.3227922,0.3673015,0.39928514,0.47023165,0.42811194,0.5011038
folly,P,word2vec_tiny_1_HOM_HALF,0.35182476,0.42658693,0.41941556,0.49943164,0.4535791,0.5393482
joke,P,word2vec_tiny_1_HOM_HALF,0.41370067,0.54128367,0.5055601,0.61908174,0.5348043,0.59299845
bald,P,word2vec_tiny_1_HOM_HALF,0.3338161,0.46121398,0.4683525,0.6176929,0.5150777,0.63729995
fuzzy,P,word2vec_tiny_1_HOM_HALF,0.34417415,0.43466815,0.4225264,0.5281893,0.4526615,0.5677835
sword,P,word2vec_tiny_1_HOM_HALF,0.28515413,0.4377848,0.40644252,0.5667582,0.4572443,0.61968166
paperwork,M,word2vec_tiny_1_HOM_HALF,0.28563204,0.3547508,0.34488592,0.40936112,0.36608183,0.42459774
library,P,word2vec_tiny_1_HOM_HALF,0.3221047,0.46985567,0.42831853,0.59598446,0.4778723,0.6293848
third,P,word2vec_tiny_1_HOM_HALF,0.47392315,0.5373541,0.5672306,0.6245891,0.59654343,0.6411445
nightfall,M,word2vec_tiny_1_HOM_HALF,0.33962867,0.41890404,0.41306096,0.47106645,0.438303,0.48072037
sprinkle,P,word2vec_tiny_1_HOM_HALF,0.34586257,0.37649608,0.41545308,0.45555878,0.44465542,0.4917969
unfamiliar,P,word2vec_tiny_1_HOM_HALF,0.3234257,0.3949221,0.40098208,0.46336377,0.42909285,0.48713887
ferret,P,word2vec_tiny_1_HOM_HALF,0.27740723,0.3281186,0.3358199,0.41542572,0.36082408,0.4366507
complaint,P,word2vec_tiny_1_HOM_HALF,0.27986485,0.34875226,0.32475853,0.39317572,0.3458981,0.4182522
inch,P,word2vec_tiny_1_HOM_HALF,0.44543725,0.49990344,0.5376692,0.6410281,0.56801665,0.6781006
banker,H,word2vec_tiny_1_HOM_HALF,0.21664958,0.20799236,0.2518223,0.245607,0.26531366,0.26844376
convince,M,word2vec_tiny_1_HOM_HALF,0.29399425,0.361908,0.39777064,0.456324,0.44207153,0.4845627
peasant,P,word2vec_tiny_1_HOM_HALF,0.27253255,0.33772048,0.32781115,0.39354798,0.34898567,0.4208781
fiery,P,word2vec_tiny_1_HOM_HALF,0.34039634,0.36205214,0.42214996,0.44490293,0.45414788,0.48241636
entire,P,word2vec_tiny_1_HOM_HALF,0.38626477,0.4370118,0.4539585,0.50889105,0.4765207,0.52403635
file,H,word2vec_tiny_1_HOM_HALF,0.27010745,0.33390054,0.38719356,0.5422848,0.44366074,0.6070248
admiration,P,word2vec_tiny_1_HOM_HALF,0.29516697,0.3961161,0.36423734,0.4368452,0.39570495,0.46311855
awake,P,word2vec_tiny_1_HOM_HALF,0.41925797,0.44061515,0.50568956,0.56055117,0.53785205,0.5668863
toast,H,word2vec_tiny_1_HOM_HALF,0.21871245,0.27946728,0.3422313,0.43865806,0.40100762,0.48296544
reaction,P,word2vec_tiny_1_HOM_HALF,0.36145356,0.40254515,0.41737252,0.45155948,0.4378143,0.467646
quest,P,word2vec_tiny_1_HOM_HALF,0.33020318,0.43549737,0.42869976,0.49507397,0.46344486,0.5151075
yogurt,M,word2vec_tiny_1_HOM_HALF,0.23439077,0.31335407,0.33126923,0.44841483,0.38111046,0.4871433
common,P,word2vec_tiny_1_HOM_HALF,0.4567458,0.4383131,0.53177077,0.5067029,0.556711,0.528745
fluff,P,word2vec_tiny_1_HOM_HALF,0.36348405,0.45216858,0.46634725,0.58819306,0.5016555,0.6081771
rich,P,word2vec_tiny_1_HOM_HALF,0.34198183,0.48387107,0.46862674,0.60319287,0.51220316,0.6018314
aroma,P,word2vec_tiny_1_HOM_HALF,0.286687,0.30349833,0.36204293,0.37164348,0.39793098,0.4126771
model,P,word2vec_tiny_1_HOM_HALF,0.3910026,0.49096215,0.48118478,0.6098463,0.5201984,0.64640987
social,P,word2vec_tiny_1_HOM_HALF,0.26070055,0.26862544,0.31826076,0.33107394,0.3427234,0.3500076
unsolved,M,word2vec_tiny_1_HOM_HALF,0.3104547,0.34774712,0.38135883,0.4163192,0.40728053,0.44089305
pregnant,P,word2vec_tiny_1_HOM_HALF,0.20015581,0.20187621,0.22794065,0.23129421,0.23853931,0.24109018
disturb,P,word2vec_tiny_1_HOM_HALF,0.36586434,0.48775372,0.501344,0.6260123,0.5467436,0.62143445
peel,H,word2vec_tiny_1_HOM_HALF,0.3959089,0.38768315,0.48123246,0.47508746,0.51398283,0.533394
puff,P,word2vec_tiny_1_HOM_HALF,0.41063914,0.4450565,0.47953892,0.50642884,0.507435,0.53395855
heartache,M,word2vec_tiny_1_HOM_HALF,0.20143703,0.24449159,0.2445299,0.30182922,0.2631004,0.32286307
brain,P,word2vec_tiny_1_HOM_HALF,0.413601,0.5729217,0.5158907,0.6707063,0.547917,0.6678299
cigarette,M,word2vec_tiny_1_HOM_HALF,0.3212726,0.40947053,0.40847352,0.5187717,0.44115025,0.5430675
grief,P,word2vec_tiny_1_HOM_HALF,0.2219052,0.2794682,0.28001678,0.3430819,0.30642915,0.37479508
bungalow,M,word2vec_tiny_1_HOM_HALF,0.26113775,0.2789243,0.29431042,0.29874933,0.30831403,0.3090385
union,P,word2vec_tiny_1_HOM_HALF,0.20288453,0.24736294,0.2548655,0.2943144,0.2752864,0.30935517
bathe,P,word2vec_tiny_1_HOM_HALF,0.36203316,0.4818655,0.48652947,0.5661878,0.5310249,0.60248023
bribe,P,word2vec_tiny_1_HOM_HALF,0.18549594,0.18808617,0.20980461,0.20928855,0.22123557,0.21877466
uncharted,M,word2vec_tiny_1_HOM_HALF,0.26217988,0.3423495,0.3168556,0.42472926,0.34125054,0.44180444
avoid,P,word2vec_tiny_1_HOM_HALF,0.40568656,0.47417548,0.4833074,0.5211394,0.51216066,0.5526106
sweetie,M,word2vec_tiny_1_HOM_HALF,0.37696424,0.4605224,0.48556468,0.49537098,0.5155244,0.49803203
greed,M,word2vec_tiny_1_HOM_HALF,0.23465736,0.2877661,0.31266782,0.35065427,0.34319466,0.37451357
short,P,word2vec_tiny_1_HOM_HALF,0.46480638,0.5423019,0.5472416,0.6277757,0.5786471,0.64347947
trailer,P,word2vec_tiny_1_HOM_HALF,0.36631426,0.46520776,0.45263523,0.55552536,0.48958224,0.59800506
negative,P,word2vec_tiny_1_HOM_HALF,0.18684511,0.2480875,0.23837742,0.31110018,0.2623568,0.33736578
sonar,P,word2vec_tiny_1_HOM_HALF,0.19694634,0.18474552,0.23044977,0.22641072,0.24478164,0.2364541
bicycle,P,word2vec_tiny_1_HOM_HALF,0.23284611,0.35109916,0.40289003,0.5647907,0.4684832,0.6252302
circular,P,word2vec_tiny_1_HOM_HALF,0.28909248,0.3831636,0.34179592,0.45681983,0.3660052,0.48205978
criminal,P,word2vec_tiny_1_HOM_HALF,0.22395654,0.2851028,0.2894854,0.36504012,0.31652242,0.3922718
creature,P,word2vec_tiny_1_HOM_HALF,0.30861518,0.3811541,0.37581047,0.44139606,0.3979122,0.44937563
farmhouse,M,word2vec_tiny_1_HOM_HALF,0.31811503,0.40565073,0.3899107,0.45533448,0.4135629,0.47115663
heaven,P,word2vec_tiny_1_HOM_HALF,0.4777276,0.5434729,0.5327308,0.4962789,0.5505417,0.46706015
persistent,P,word2vec_tiny_1_HOM_HALF,0.38674217,0.45078,0.5002956,0.61441535,0.54937494,0.6525276
chap,H,word2vec_tiny_1_HOM_HALF,0.24501924,0.30409157,0.28214434,0.36014262,0.29964715,0.38161808
avocado,P,word2vec_tiny_1_HOM_HALF,0.20959453,0.2845569,0.34809408,0.45576993,0.4185843,0.526503
sneak,P,word2vec_tiny_1_HOM_HALF,0.44245157,0.5779387,0.56828463,0.6709912,0.6028692,0.66883564
organ,P,word2vec_tiny_1_HOM_HALF,0.3485268,0.4291032,0.41483557,0.5107513,0.44452164,0.5478555
urgency,P,word2vec_tiny_1_HOM_HALF,0.17184585,0.21398646,0.19942383,0.24650654,0.21013299,0.25684533
playmate,M,word2vec_tiny_1_HOM_HALF,0.40483913,0.4419598,0.46432725,0.43270254,0.4832689,0.42823526
voice,P,word2vec_tiny_1_HOM_HALF,0.33479482,0.37940866,0.4351237,0.47492933,0.47319055,0.49503192
jumpy,P,word2vec_tiny_1_HOM_HALF,0.27116466,0.30955598,0.3753212,0.44231686,0.42209947,0.50732946
memory,P,word2vec_tiny_1_HOM_HALF,0.3824907,0.42912474,0.44748226,0.42302138,0.46744385,0.41602314
lumber,H,word2vec_tiny_1_HOM_HALF,0.33143228,0.47626105,0.4452122,0.6102616,0.49194214,0.65547043
gunshot,P,word2vec_tiny_1_HOM_HALF,0.2124556,0.26040608,0.2748285,0.35781434,0.30705106,0.4008028
famous,P,word2vec_tiny_1_HOM_HALF,0.30123186,0.37143487,0.43990627,0.56269604,0.5025847,0.6359533
dialogue,P,word2vec_tiny_1_HOM_HALF,0.26047033,0.31753555,0.3334223,0.372772,0.3633007,0.39823353
speck,P,word2vec_tiny_1_HOM_HALF,0.32946688,0.35140282,0.39683047,0.43269858,0.42856148,0.47300565
pickle,P,word2vec_tiny_1_HOM_HALF,0.2463882,0.23842564,0.30843124,0.33736166,0.33816537,0.37928823
unhappy,P,word2vec_tiny_1_HOM_HALF,0.3973539,0.49616432,0.49718907,0.6093063,0.5358454,0.6162071
lid,P,word2vec_tiny_1_HOM_HALF,0.3784859,0.49354112,0.47031522,0.6059524,0.5131969,0.6522861
tropical,P,word2vec_tiny_1_HOM_HALF,0.31384486,0.3567452,0.37852424,0.46544003,0.40597045,0.48839676
loyal,M,word2vec_tiny_1_HOM_HALF,0.32065892,0.35801736,0.46303597,0.5879672,0.5093625,0.57180136
comfy,M,word2vec_tiny_1_HOM_HALF,0.3319294,0.44767585,0.462112,0.5982646,0.5118327,0.6296154
balcony,P,word2vec_tiny_1_HOM_HALF,0.3795203,0.48426223,0.4708939,0.5697968,0.5031504,0.57872087
canvas,P,word2vec_tiny_1_HOM_HALF,0.2908258,0.35671842,0.3910964,0.48469052,0.43335325,0.5275755
bearer,P,word2vec_tiny_1_HOM_HALF,0.32757017,0.3853885,0.38051876,0.36775097,0.40102637,0.3644582
baseball,P,word2vec_tiny_1_HOM_HALF,0.28218776,0.40495378,0.43313935,0.58429873,0.49167338,0.6357876
growth,P,word2vec_tiny_1_HOM_HALF,0.26626855,0.28490096,0.32185373,0.3311621,0.3520005,0.36289877
putter,H,word2vec_tiny_1_HOM_HALF,0.33561713,0.38595742,0.4010691,0.4590224,0.42790008,0.48449883
thirst,P,word2vec_tiny_1_HOM_HALF,0.30381393,0.3388314,0.39807522,0.4418667,0.42807364,0.47080743
instant,P,word2vec_tiny_1_HOM_HALF,0.34809893,0.37853423,0.40148762,0.43730146,0.4275778,0.4545808
esteem,P,word2vec_tiny_1_HOM_HALF,0.18809783,0.20598793,0.21607141,0.23359986,0.2280268,0.24838713
crown,P,word2vec_tiny_1_HOM_HALF,0.30952016,0.43707162,0.42937678,0.5717772,0.48720542,0.6330759
gold,P,word2vec_tiny_1_HOM_HALF,0.27983657,0.36429366,0.44285706,0.5809646,0.49971446,0.6253855
insurance,P,word2vec_tiny_1_HOM_HALF,0.23441835,0.230273,0.26492512,0.24251907,0.27771878,0.25515386
merchant,P,word2vec_tiny_1_HOM_HALF,0.24535039,0.32656905,0.30253023,0.40205148,0.32620528,0.41852555
cavern,P,word2vec_tiny_1_HOM_HALF,0.25894275,0.31968275,0.30450574,0.3401814,0.32591084,0.36325052
riddle,H,word2vec_tiny_1_HOM_HALF,0.35835126,0.45150065,0.4257165,0.48546073,0.45440316,0.51167655
structure,P,word2vec_tiny_1_HOM_HALF,0.30994672,0.44965485,0.42340893,0.59956074,0.48019558,0.65525466
double,P,word2vec_tiny_1_HOM_HALF,0.39771456,0.42986625,0.4482465,0.46900684,0.4685548,0.48995683
copy,P,word2vec_tiny_1_HOM_HALF,0.3769416,0.44908494,0.47214854,0.5504455,0.50498563,0.5743264
error,P,word2vec_tiny_1_HOM_HALF,0.2923625,0.359113,0.36679292,0.47786212,0.39319566,0.5105262
crab,H,word2vec_tiny_1_HOM_HALF,0.21302769,0.25274244,0.34800732,0.46432447,0.42088708,0.55080324
rental,P,word2vec_tiny_1_HOM_HALF,0.23618892,0.28960374,0.28368166,0.33472872,0.30423263,0.354977
ghost,P,word2vec_tiny_1_HOM_HALF,0.38498786,0.5263399,0.49988624,0.65402955,0.5389799,0.6681465
filter,P,word2vec_tiny_1_HOM_HALF,0.26531467,0.32178727,0.32604077,0.41872597,0.35762435,0.46122783
gasp,P,word2vec_tiny_1_HOM_HALF,0.41398802,0.5107024,0.48306277,0.575893,0.51110333,0.59219325
festive,P,word2vec_tiny_1_HOM_HALF,0.36948413,0.40658158,0.44747952,0.5136504,0.48025823,0.5402258
faithful,P,word2vec_tiny_1_HOM_HALF,0.28905538,0.34687454,0.36233178,0.40301064,0.38894966,0.41922235
upper,P,word2vec_tiny_1_HOM_HALF,0.297695,0.38513902,0.3492194,0.44950196,0.3733895,0.47203404
slip,H,word2vec_tiny_1_HOM_HALF,0.38618475,0.53706694,0.51242846,0.65168524,0.55627775,0.6706122
milk,P,word2vec_tiny_1_HOM_HALF,0.29364377,0.35000533,0.3952979,0.46435836,0.43860635,0.47916952
album,P,word2vec_tiny_1_HOM_HALF,0.34607705,0.42821085,0.4405893,0.5382342,0.48076126,0.57405806
criticize,P,word2vec_tiny_1_HOM_HALF,0.14498217,0.16249685,0.18370317,0.205823,0.20333488,0.22441821
tingle,P,word2vec_tiny_1_HOM_HALF,0.2670355,0.35369736,0.3525237,0.45251212,0.3883434,0.4907547
cheese,P,word2vec_tiny_1_HOM_HALF,0.25359222,0.30632377,0.35447487,0.43843067,0.4045928,0.49083018
vampire,P,word2vec_tiny_1_HOM_HALF,0.3534018,0.46030998,0.4089104,0.48198256,0.42877242,0.48880747
gymnastics,P,word2vec_tiny_1_HOM_HALF,0.22621135,0.29221913,0.285506,0.36752233,0.31394324,0.40004858
autumn,M,word2vec_tiny_1_HOM_HALF,0.32408512,0.4188156,0.42432594,0.5213754,0.46444222,0.55500823
noisy,P,word2vec_tiny_1_HOM_HALF,0.41264796,0.5367758,0.5027361,0.6442715,0.5420906,0.68740344
tower,H,word2vec_tiny_1_HOM_HALF,0.3070184,0.44256234,0.44570363,0.6058056,0.5027016,0.6485921
fingernail,M,word2vec_tiny_1_HOM_HALF,0.22117372,0.26828718,0.26149666,0.30162758,0.27908775,0.30616257
humility,M,word2vec_tiny_1_HOM_HALF,0.1690161,0.22571231,0.21919045,0.29043466,0.25015542,0.32838586
cave,P,word2vec_tiny_1_HOM_HALF,0.3409707,0.472072,0.44974875,0.59557265,0.49327847,0.6130795
magazine,P,word2vec_tiny_1_HOM_HALF,0.23764244,0.32295993,0.3845682,0.53255725,0.44979486,0.60642457
brat,M,word2vec_tiny_1_HOM_HALF,0.2907247,0.36294717,0.40166068,0.4789455,0.43802482,0.49870235
crush,P,word2vec_tiny_1_HOM_HALF,0.4147644,0.51724726,0.4653977,0.46828657,0.4809198,0.48120606
fatal,P,word2vec_tiny_1_HOM_HALF,0.1620073,0.1907043,0.18773255,0.22285324,0.20101477,0.23507392
aggression,P,word2vec_tiny_1_HOM_HALF,0.17363295,0.21996075,0.20196156,0.2542777,0.21670997,0.27019304
leg,P,word2vec_tiny_1_HOM_HALF,0.25619465,0.35103312,0.39784417,0.5189769,0.45763806,0.5603561
arena,P,word2vec_tiny_1_HOM_HALF,0.2598772,0.30994812,0.30087966,0.3449551,0.31770933,0.36046275
attentive,P,word2vec_tiny_1_HOM_HALF,0.23180775,0.2619008,0.30063698,0.33287096,0.3329302,0.34690115
trail,P,word2vec_tiny_1_HOM_HALF,0.38686743,0.48986077,0.50268245,0.6350792,0.5488012,0.6595813
ferocious,P,word2vec_tiny_1_HOM_HALF,0.19934574,0.27245137,0.271678,0.37389082,0.30770636,0.41439086
silverware,P,word2vec_tiny_1_HOM_HALF,0.3429796,0.39840287,0.42338482,0.5022314,0.45376733,0.514792
gateway,P,word2vec_tiny_1_HOM_HALF,0.26062018,0.33500472,0.3156272,0.3928268,0.34070548,0.4061054
oven,M,word2vec_tiny_1_HOM_HALF,0.31171367,0.41714612,0.43039483,0.5265183,0.48046654,0.55806166
arrogance,P,word2vec_tiny_1_HOM_HALF,0.14019358,0.16512892,0.16870601,0.20464553,0.18109253,0.21669577
unwind,P,word2vec_tiny_1_HOM_HALF,0.31719452,0.35333428,0.40935603,0.44655758,0.44055656,0.46485215
coronation,M,word2vec_tiny_1_HOM_HALF,0.23707211,0.26443064,0.28691992,0.32736593,0.30558914,0.34136534
sand,P,word2vec_tiny_1_HOM_HALF,0.30840725,0.42376107,0.44260252,0.59298456,0.4997471,0.64545673
purchase,P,word2vec_tiny_1_HOM_HALF,0.30423114,0.34857672,0.36786735,0.4331414,0.3923339,0.45242715
tan,P,word2vec_tiny_1_HOM_HALF,0.3172845,0.35290787,0.3759357,0.43697143,0.39796624,0.4615047
flinch,P,word2vec_tiny_1_HOM_HALF,0.23539734,0.24726862,0.27121657,0.27148348,0.2873371,0.29001984
tangle,P,word2vec_tiny_1_HOM_HALF,0.2929873,0.33865333,0.36788222,0.45955038,0.39903793,0.49159282
housework,M,word2vec_tiny_1_HOM_HALF,0.3378275,0.4345833,0.40613088,0.46483085,0.43004665,0.47018388
hover,P,word2vec_tiny_1_HOM_HALF,0.2998484,0.32731643,0.3719128,0.45638296,0.40316135,0.49036464
snoop,P,word2vec_tiny_1_HOM_HALF,0.35798606,0.40295827,0.43417844,0.4935425,0.46488464,0.49191466
slam,H,word2vec_tiny_1_HOM_HALF,0.37939814,0.465488,0.47708172,0.5738116,0.5117643,0.59882605
relentless,P,word2vec_tiny_1_HOM_HALF,0.23555541,0.32004902,0.27151555,0.35354918,0.28856602,0.37215596
moral,P,word2vec_tiny_1_HOM_HALF,0.4277579,0.47397208,0.49920726,0.40514252,0.52246577,0.40248677
ditch,P,word2vec_tiny_1_HOM_HALF,0.31709734,0.3826782,0.37329784,0.4423572,0.4019345,0.47296718
flesh,P,word2vec_tiny_1_HOM_HALF,0.2560034,0.35027444,0.32961905,0.40379366,0.3656201,0.4503502
dim,P,word2vec_tiny_1_HOM_HALF,0.3104717,0.3955352,0.41102847,0.49991044,0.45044494,0.52480084
instinct,P,word2vec_tiny_1_HOM_HALF,0.22738762,0.28597867,0.30110607,0.3604168,0.32781288,0.3883103
demand,P,word2vec_tiny_1_HOM_HALF,0.40152258,0.5169163,0.5332716,0.6628424,0.57262754,0.6442741
royalty,P,word2vec_tiny_1_HOM_HALF,0.31401277,0.40534705,0.42002144,0.53624666,0.46588412,0.56883794
irregular,P,word2vec_tiny_1_HOM_HALF,0.2837461,0.22806513,0.32294354,0.2712892,0.33831063,0.28998026
pub,M,word2vec_tiny_1_HOM_HALF,0.24514368,0.2463813,0.2816672,0.27938205,0.29471505,0.30026972
crumb,P,word2vec_tiny_1_HOM_HALF,0.40966195,0.5114081,0.491641,0.6050287,0.52592033,0.6283054
barbecue,P,word2vec_tiny_1_HOM_HALF,0.3610691,0.47555125,0.46471027,0.56161237,0.50333077,0.5867403
orderly,P,word2vec_tiny_1_HOM_HALF,0.38074714,0.48807046,0.45669717,0.52705073,0.4839038,0.5414026
index,P,word2vec_tiny_1_HOM_HALF,0.26839548,0.35914397,0.3356291,0.4369471,0.36357796,0.4654508
cuddle,P,word2vec_tiny_1_HOM_HALF,0.3931572,0.50974864,0.49952585,0.61265343,0.5371994,0.6136215
dangle,P,word2vec_tiny_1_HOM_HALF,0.23902854,0.26719174,0.2837335,0.31247294,0.300449,0.32465708
trousers,M,word2vec_tiny_1_HOM_HALF,0.26530543,0.3407911,0.35620475,0.45210323,0.40349743,0.5102997
grave,H,word2vec_tiny_1_HOM_HALF,0.42152625,0.46230462,0.4784152,0.49886426,0.49922898,0.495071
dent,H,word2vec_tiny_1_HOM_HALF,0.36237448,0.45169044,0.44001126,0.5516584,0.47615242,0.5856545
buckle,P,word2vec_tiny_1_HOM_HALF,0.2720215,0.39933044,0.385829,0.5370749,0.44336602,0.60866874
beer,P,word2vec_tiny_1_HOM_HALF,0.27610546,0.29710138,0.34497136,0.36272192,0.376037,0.42950073
oyster,P,word2vec_tiny_1_HOM_HALF,0.24804135,0.27124706,0.39577278,0.47903198,0.4616864,0.5696402
cousin,P,word2vec_tiny_1_HOM_HALF,0.42963496,0.48665383,0.5330902,0.6149044,0.56974167,0.6157001
jolt,P,word2vec_tiny_1_HOM_HALF,0.25337496,0.31561032,0.32037118,0.41214752,0.34936264,0.4478296
guard,P,word2vec_tiny_1_HOM_HALF,0.37441432,0.5201005,0.4691275,0.61210644,0.5102329,0.63339764
bolt,H,word2vec_tiny_1_HOM_HALF,0.32777312,0.39002758,0.41360128,0.46980426,0.44327718,0.48842978
squawk,P,word2vec_tiny_1_HOM_HALF,0.2870015,0.35548574,0.39716852,0.49012303,0.4350515,0.526832
omelet,M,word2vec_tiny_1_HOM_HALF,0.2751205,0.28160805,0.34093097,0.3401439,0.37255692,0.38512057
envy,P,word2vec_tiny_1_HOM_HALF,0.37415686,0.37410706,0.43619254,0.38725933,0.45978597,0.42117587
knob,P,word2vec_tiny_1_HOM_HALF,0.32942623,0.48101217,0.44633302,0.60162,0.49199662,0.6485263
zing,P,word2vec_tiny_1_HOM_HALF,0.22847757,0.27633345,0.29911143,0.38746914,0.34059227,0.43781862
opponent,M,word2vec_tiny_1_HOM_HALF,0.26188868,0.3194778,0.321663,0.38899896,0.34587836,0.4048462
meditation,P,word2vec_tiny_1_HOM_HALF,0.16957632,0.18472618,0.19923787,0.210239,0.21298039,0.22866814
operator,P,word2vec_tiny_1_HOM_HALF,0.37550697,0.42559296,0.43435374,0.5079454,0.45914474,0.5274776
afloat,P,word2vec_tiny_1_HOM_HALF,0.31079996,0.36839283,0.38621566,0.4740385,0.41763145,0.49529487
chart,P,word2vec_tiny_1_HOM_HALF,0.30381554,0.33654082,0.36200222,0.43259624,0.3901635,0.465244
dry,P,word2vec_tiny_1_HOM_HALF,0.39497495,0.54007965,0.4864287,0.63376826,0.52617544,0.6400766
evidence,P,word2vec_tiny_1_HOM_HALF,0.27848673,0.3340165,0.34566972,0.43093887,0.37128985,0.4627524
crack,P,word2vec_tiny_1_HOM_HALF,0.4115948,0.54802686,0.5054286,0.64080584,0.5386082,0.66168123
exhaustion,P,word2vec_tiny_1_HOM_HALF,0.2610474,0.33473548,0.32017475,0.4134917,0.34647644,0.42886904
sincere,P,word2vec_tiny_1_HOM_HALF,0.46759334,0.5471476,0.5551944,0.62764716,0.58658046,0.63819456
juice,P,word2vec_tiny_1_HOM_HALF,0.27221382,0.38679725,0.3656465,0.46318343,0.40897614,0.49043214
couch,P,word2vec_tiny_1_HOM_HALF,0.29410946,0.39440468,0.44305217,0.59221417,0.50762343,0.6533585
freedom,P,word2vec_tiny_1_HOM_HALF,0.35021573,0.38925862,0.40724772,0.44257128,0.43228438,0.46024835
stripe,H,word2vec_tiny_1_HOM_HALF,0.36775574,0.46765625,0.47193143,0.56826174,0.5106205,0.60664785
butcher,P,word2vec_tiny_1_HOM_HALF,0.2911461,0.3255841,0.3633401,0.44224313,0.3945504,0.46636724
inspection,P,word2vec_tiny_1_HOM_HALF,0.30512077,0.34413007,0.372824,0.42195418,0.39838573,0.44393462
beast,P,word2vec_tiny_1_HOM_HALF,0.2457941,0.30611116,0.3232686,0.40339482,0.35701907,0.43525526
confidence,P,word2vec_tiny_1_HOM_HALF,0.29923934,0.34767434,0.36693993,0.41087392,0.39582402,0.42792803
eggplant,M,word2vec_tiny_1_HOM_HALF,0.22918949,0.2591776,0.28398278,0.3285344,0.31652257,0.37574178
horse,P,word2vec_tiny_1_HOM_HALF,0.26961237,0.31487453,0.4196942,0.5514122,0.4813112,0.6321402
defensive,P,word2vec_tiny_1_HOM_HALF,0.18548119,0.1927515,0.22058868,0.23956856,0.2357418,0.24836119
agreeable,P,word2vec_tiny_1_HOM_HALF,0.15471174,0.16411152,0.18082184,0.19583955,0.19322997,0.20967637
exclude,P,word2vec_tiny_1_HOM_HALF,0.16844115,0.1815916,0.21370243,0.22671567,0.23446408,0.25066614
supper,P,word2vec_tiny_1_HOM_HALF,0.33723456,0.39528632,0.39797467,0.4596118,0.41962737,0.46302882
purple,P,word2vec_tiny_1_HOM_HALF,0.27412912,0.380823,0.4483796,0.59541994,0.5110555,0.6522669
unnoticed,M,word2vec_tiny_1_HOM_HALF,0.23856063,0.25795782,0.2796895,0.3159948,0.2970306,0.32770908
traitor,M,word2vec_tiny_1_HOM_HALF,0.1733094,0.21788453,0.21629547,0.2436813,0.23821186,0.2645187
hum,P,word2vec_tiny_1_HOM_HALF,0.31835914,0.37981635,0.4100633,0.4754811,0.4481317,0.52718407
fifty,P,word2vec_tiny_1_HOM_HALF,0.1538845,0.14834732,0.22855718,0.2533467,0.2864255,0.33412266
secure,P,word2vec_tiny_1_HOM_HALF,0.35576352,0.436953,0.44035622,0.48884028,0.46605176,0.4969244
view,P,word2vec_tiny_1_HOM_HALF,0.37350643,0.44973105,0.48471442,0.53800666,0.5216628,0.5683247
chapter,P,word2vec_tiny_1_HOM_HALF,0.28614753,0.30009544,0.32721865,0.32473016,0.34414673,0.31993282
sweater,P,word2vec_tiny_1_HOM_HALF,0.21011758,0.2881528,0.36776534,0.509933,0.43342248,0.5800098
faraway,P,word2vec_tiny_1_HOM_HALF,0.40519744,0.47648892,0.50135434,0.62310314,0.5422048,0.65881306
loss,P,word2vec_tiny_1_HOM_HALF,0.24857111,0.28040254,0.31964773,0.36773437,0.35002503,0.39799288
fiddle,P,word2vec_tiny_1_HOM_HALF,0.2767089,0.3519425,0.33009693,0.41497743,0.3522712,0.43727276
shine,P,word2vec_tiny_1_HOM_HALF,0.32166252,0.39443815,0.45826092,0.5555532,0.50561464,0.5959072
foul,P,word2vec_tiny_1_HOM_HALF,0.28856152,0.33799896,0.33273563,0.40242273,0.35028988,0.4285175
drama,P,word2vec_tiny_1_HOM_HALF,0.252986,0.26186758,0.29290503,0.30227473,0.31062606,0.30132172
soldier,P,word2vec_tiny_1_HOM_HALF,0.34488732,0.46542096,0.45497036,0.6018759,0.49608895,0.63061136
beam,P,word2vec_tiny_1_HOM_HALF,0.40638083,0.48330945,0.47316128,0.54637253,0.49991146,0.5654098
plant,P,word2vec_tiny_1_HOM_HALF,0.24740657,0.3733078,0.3707668,0.50314754,0.42662305,0.55435365
deny,P,word2vec_tiny_1_HOM_HALF,0.24732724,0.29627156,0.29603142,0.35114774,0.31457645,0.36357227
handyman,M,word2vec_tiny_1_HOM_HALF,0.27122948,0.34624082,0.34773418,0.4353995,0.37904686,0.45588812
peach,P,word2vec_tiny_1_HOM_HALF,0.18711361,0.26392475,0.3477816,0.47389862,0.4254154,0.55252194
mall,P,word2vec_tiny_1_HOM_HALF,0.257962,0.36006653,0.43556222,0.5906368,0.5084406,0.6542718
courthouse,M,word2vec_tiny_1_HOM_HALF,0.289764,0.32903504,0.3325848,0.3818875,0.35058522,0.38762784
sip,P,word2vec_tiny_1_HOM_HALF,0.32600173,0.4163512,0.42431396,0.45552358,0.46402946,0.46694502
consent,P,word2vec_tiny_1_HOM_HALF,0.16171373,0.17591648,0.19247265,0.21348809,0.20619857,0.23104312
influence,P,word2vec_tiny_1_HOM_HALF,0.18430032,0.19047512,0.21800824,0.24255536,0.23768158,0.26683974
league,H,word2vec_tiny_1_HOM_HALF,0.24007353,0.26029623,0.27836502,0.30139327,0.29352796,0.3130169
loft,P,word2vec_tiny_1_HOM_HALF,0.39419103,0.48051074,0.46080506,0.5390707,0.486611,0.5596832
shove,P,word2vec_tiny_1_HOM_HALF,0.3440259,0.4507871,0.4431824,0.53877366,0.47892502,0.5494854
luscious,P,word2vec_tiny_1_HOM_HALF,0.24370268,0.3156702,0.32426667,0.43589917,0.3609646,0.48056293
passion,P,word2vec_tiny_1_HOM_HALF,0.2974454,0.31799027,0.35554072,0.36683565,0.38520172,0.4023476
pep,P,word2vec_tiny_1_HOM_HALF,0.34871262,0.42795295,0.44629025,0.5446677,0.48878518,0.5905043
instance,P,word2vec_tiny_1_HOM_HALF,0.15918751,0.15499058,0.19649576,0.19771694,0.21442166,0.21806534
slave,P,word2vec_tiny_1_HOM_HALF,0.19789132,0.19583333,0.23724543,0.21593446,0.25155574,0.22552793
imitate,P,word2vec_tiny_1_HOM_HALF,0.34922644,0.45464745,0.43168104,0.5288078,0.46197098,0.5648253
raspberry,P,word2vec_tiny_1_HOM_HALF,0.18554676,0.22084366,0.2726105,0.31688136,0.31505668,0.37681141
luxurious,P,word2vec_tiny_1_HOM_HALF,0.34095827,0.41581482,0.39839664,0.47553846,0.42334065,0.48509756
cautious,M,word2vec_tiny_1_HOM_HALF,0.30266738,0.37170535,0.40377408,0.4747534,0.43989003,0.49049267
streak,P,word2vec_tiny_1_HOM_HALF,0.2978435,0.33315495,0.36488983,0.4139668,0.39541095,0.45920956
solve,P,word2vec_tiny_1_HOM_HALF,0.38269314,0.5270253,0.49096024,0.56414694,0.5255637,0.5545622
honest,P,word2vec_tiny_1_HOM_HALF,0.29888183,0.38602996,0.45299533,0.58455384,0.50277054,0.5871165
strict,P,word2vec_tiny_1_HOM_HALF,0.36936718,0.40282455,0.4271443,0.46323252,0.45157716,0.4742874
rack,H,word2vec_tiny_1_HOM_HALF,0.3995126,0.5123871,0.48581612,0.6180282,0.5180181,0.6446167
mood,H,word2vec_tiny_1_HOM_HALF,0.3816151,0.38489166,0.4391587,0.46103248,0.4596586,0.47953385
queen,P,word2vec_tiny_1_HOM_HALF,0.31049898,0.43293285,0.46475464,0.5968697,0.514425,0.64488727
shop,P,word2vec_tiny_1_HOM_HALF,0.31822723,0.40876606,0.43998298,0.5685205,0.48802528,0.60697347
nook,M,word2vec_tiny_1_HOM_HALF,0.30919293,0.37104678,0.38193434,0.43365595,0.40654808,0.45304567
fabric,P,word2vec_tiny_1_HOM_HALF,0.28133446,0.385373,0.35764396,0.4765791,0.3956321,0.5195301
fraction,P,word2vec_tiny_1_HOM_HALF,0.26581758,0.34994844,0.3064677,0.38570896,0.3228566,0.41094887
stumble,P,word2vec_tiny_1_HOM_HALF,0.39845115,0.5066166,0.5226459,0.6250728,0.5622664,0.61810666
occurrence,P,word2vec_tiny_1_HOM_HALF,0.24999002,0.27498904,0.28337935,0.29116046,0.29730496,0.3173078
deadline,P,word2vec_tiny_1_HOM_HALF,0.24467573,0.28356674,0.2908573,0.31740636,0.31022328,0.32658735
stain,P,word2vec_tiny_1_HOM_HALF,0.37940368,0.46816903,0.47615448,0.5780576,0.5154599,0.60783815
withstand,P,word2vec_tiny_1_HOM_HALF,0.27649623,0.33428824,0.34354454,0.41662315,0.37373435,0.45298594
jellyfish,P,word2vec_tiny_1_HOM_HALF,0.20840533,0.26238507,0.34437102,0.4485457,0.41128844,0.535016
select,P,word2vec_tiny_1_HOM_HALF,0.3075029,0.39464164,0.36573705,0.4550483,0.3873106,0.4738584
rodent,P,word2vec_tiny_1_HOM_HALF,0.2582201,0.28954214,0.3043877,0.37240678,0.32360816,0.3975791
abrupt,P,word2vec_tiny_1_HOM_HALF,0.3281626,0.38956925,0.3850678,0.39902565,0.40418503,0.39091724
soot,P,word2vec_tiny_1_HOM_HALF,0.32980648,0.38316977,0.3994767,0.4817706,0.42924446,0.5153192
jungle,P,word2vec_tiny_1_HOM_HALF,0.3206107,0.4177782,0.44153,0.58910793,0.49549747,0.6440414
revelation,P,word2vec_tiny_1_HOM_HALF,0.14036681,0.1619626,0.16291045,0.18772675,0.17339085,0.20177113
railway,P,word2vec_tiny_1_HOM_HALF,0.30459997,0.38427934,0.38287553,0.47781876,0.41360065,0.50904655
memorize,M,word2vec_tiny_1_HOM_HALF,0.14468053,0.17725925,0.16957279,0.19946124,0.18059425,0.21240242
potato,P,word2vec_tiny_1_HOM_HALF,0.22521201,0.27417487,0.38399178,0.49961698,0.4443716,0.5754016
multiply,H,word2vec_tiny_1_HOM_HALF,0.24774893,0.32844192,0.30498597,0.40527117,0.33072975,0.44216406
crucial,M,word2vec_tiny_1_HOM_HALF,0.17472859,0.19785668,0.20265877,0.24157299,0.21797843,0.25586098
collection,P,word2vec_tiny_1_HOM_HALF,0.4468246,0.5669529,0.52785796,0.6480226,0.5596915,0.660633
unfold,P,word2vec_tiny_1_HOM_HALF,0.35221234,0.4131052,0.4362918,0.4994247,0.46554792,0.5297688
outlaw,P,word2vec_tiny_1_HOM_HALF,0.2363615,0.24592714,0.27595055,0.28071335,0.29126343,0.29273412
island,P,word2vec_tiny_1_HOM_HALF,0.30972025,0.38178584,0.41982827,0.5509799,0.47420365,0.6083594
reconsider,P,word2vec_tiny_1_HOM_HALF,0.16410437,0.18792053,0.20099524,0.21833798,0.21723136,0.23253553
gate,P,word2vec_tiny_1_HOM_HALF,0.3635308,0.5226556,0.48191005,0.6451326,0.5292784,0.68212426
bouquet,P,word2vec_tiny_1_HOM_HALF,0.37242168,0.43769485,0.4614804,0.5382441,0.49240702,0.56348586
confident,P,word2vec_tiny_1_HOM_HALF,0.3423085,0.43401822,0.40869823,0.45919278,0.43652996,0.48096347
delicate,P,word2vec_tiny_1_HOM_HALF,0.3825429,0.45754588,0.5075908,0.614317,0.549581,0.6311112
bid,P,word2vec_tiny_1_HOM_HALF,0.25974923,0.3272916,0.33896363,0.40841454,0.36616448,0.4299606
marriage,P,word2vec_tiny_1_HOM_HALF,0.3555028,0.4725934,0.48242798,0.5974028,0.5260543,0.6322438
attention,P,word2vec_tiny_1_HOM_HALF,0.4282426,0.4621498,0.49153733,0.4787808,0.5147222,0.49182275
massage,P,word2vec_tiny_1_HOM_HALF,0.39481348,0.52504736,0.4922449,0.5889802,0.5251054,0.59617454
fever,P,word2vec_tiny_1_HOM_HALF,0.33789453,0.4033657,0.463312,0.5184473,0.51131195,0.5646869
brick,P,word2vec_tiny_1_HOM_HALF,0.35015514,0.4815226,0.44196275,0.58926326,0.49192607,0.6429519
span,H,word2vec_tiny_1_HOM_HALF,0.27502167,0.36613324,0.34054756,0.4553896,0.3636258,0.4783426
saddle,P,word2vec_tiny_1_HOM_HALF,0.36532024,0.46752748,0.44715348,0.55278534,0.4824449,0.58288085
blink,P,word2vec_tiny_1_HOM_HALF,0.4204948,0.5645426,0.5148207,0.6685581,0.5508036,0.68625903
grip,P,word2vec_tiny_1_HOM_HALF,0.38703626,0.4687662,0.47754297,0.55890363,0.50937724,0.58182144
podium,M,word2vec_tiny_1_HOM_HALF,0.270758,0.33664528,0.3055948,0.36557636,0.32061782,0.38145083
career,P,word2vec_tiny_1_HOM_HALF,0.21942909,0.27858838,0.27051464,0.35884842,0.2929873,0.38897905
discussion,M,word2vec_tiny_1_HOM_HALF,0.33235794,0.4444915,0.40938368,0.48096684,0.43802467,0.4951552
funeral,P,word2vec_tiny_1_HOM_HALF,0.38004768,0.42226148,0.42913955,0.41054243,0.44526795,0.41695997
chess,H,word2vec_tiny_1_HOM_HALF,0.37857434,0.47849983,0.4913786,0.6052997,0.53573465,0.6547554
heroic,P,word2vec_tiny_1_HOM_HALF,0.24952158,0.3115704,0.31126422,0.38479215,0.3366626,0.40400916
rush,H,word2vec_tiny_1_HOM_HALF,0.41954598,0.55730015,0.5217004,0.6162789,0.5527791,0.6135218
cattle,M,word2vec_tiny_1_HOM_HALF,0.29466173,0.37698823,0.3606033,0.45965883,0.38592026,0.48077708
fresh,P,word2vec_tiny_1_HOM_HALF,0.37715513,0.42432243,0.44815716,0.45743993,0.4806388,0.49125576
tiger,P,word2vec_tiny_1_HOM_HALF,0.23051862,0.32757533,0.37872025,0.5354864,0.4408325,0.59524655
invisible,P,word2vec_tiny_1_HOM_HALF,0.43279284,0.50894684,0.49856132,0.5597001,0.5250185,0.57338184
sandbox,M,word2vec_tiny_1_HOM_HALF,0.3649706,0.5066307,0.53122056,0.6634658,0.58291554,0.68912864
storm,P,word2vec_tiny_1_HOM_HALF,0.32708332,0.42600918,0.47049424,0.54445565,0.52318853,0.58549434
attempt,P,word2vec_tiny_1_HOM_HALF,0.29231268,0.35629472,0.354805,0.4011958,0.380727,0.4270441
exquisite,P,word2vec_tiny_1_HOM_HALF,0.25253323,0.33179438,0.30908242,0.43333453,0.3347005,0.46209756
shotgun,M,word2vec_tiny_1_HOM_HALF,0.22839288,0.26408577,0.26269078,0.30010322,0.27826488,0.3146935
alarm,P,word2vec_tiny_1_HOM_HALF,0.34795767,0.47886422,0.4441853,0.58870864,0.4840316,0.6142973
sidekick,P,word2vec_tiny_1_HOM_HALF,0.32284206,0.36052066,0.39132553,0.44212025,0.4203761,0.4658844
rainbow,P,word2vec_tiny_1_HOM_HALF,0.35629195,0.48278144,0.4496013,0.56643355,0.48402664,0.5848819
fireworks,P,word2vec_tiny_1_HOM_HALF,0.3614099,0.4943431,0.45804822,0.6201954,0.5027533,0.65849215
chariot,P,word2vec_tiny_1_HOM_HALF,0.26836583,0.29028755,0.31348982,0.33052036,0.3291,0.34207794
hideaway,P,word2vec_tiny_1_HOM_HALF,0.32483292,0.39699703,0.38786858,0.4311313,0.4116903,0.45317313
macaroni,M,word2vec_tiny_1_HOM_HALF,0.24048734,0.27678385,0.30932954,0.3381138,0.3455708,0.37745062
ponytail,M,word2vec_tiny_1_HOM_HALF,0.29153123,0.36349306,0.39082232,0.4881876,0.43266267,0.5370144
birth,P,word2vec_tiny_1_HOM_HALF,0.25393188,0.32810307,0.30757588,0.38612524,0.33022347,0.4089348
involve,P,word2vec_tiny_1_HOM_HALF,0.3940747,0.39315438,0.45878917,0.44366193,0.48130962,0.46868575
bruise,P,word2vec_tiny_1_HOM_HALF,0.2906379,0.37586385,0.39532775,0.48862958,0.44506195,0.5373814
sermon,P,word2vec_tiny_1_HOM_HALF,0.20803908,0.2504703,0.23856114,0.28664237,0.25187966,0.29565266
trainer,P,word2vec_tiny_1_HOM_HALF,0.372609,0.4766106,0.43878514,0.5272336,0.46493232,0.5466336
suffocate,P,word2vec_tiny_1_HOM_HALF,0.1494653,0.1648954,0.18159765,0.19743413,0.19502437,0.2102219
panda,P,word2vec_tiny_1_HOM_HALF,0.2426235,0.315848,0.384205,0.48773745,0.4498597,0.5653573
shawl,M,word2vec_tiny_1_HOM_HALF,0.25855064,0.325326,0.31336516,0.41863012,0.33848268,0.42950514
truthful,P,word2vec_tiny_1_HOM_HALF,0.21275273,0.23572254,0.2685563,0.2806062,0.2951129,0.29570854
routine,P,word2vec_tiny_1_HOM_HALF,0.3110485,0.36544937,0.41018668,0.448963,0.44162598,0.47994208
unsafe,P,word2vec_tiny_1_HOM_HALF,0.36087188,0.42681098,0.41561508,0.4655628,0.43577683,0.4691375
realistic,P,word2vec_tiny_1_HOM_HALF,0.3081458,0.3307663,0.36567822,0.40305084,0.38983083,0.43287817
canary,P,word2vec_tiny_1_HOM_HALF,0.29242378,0.35645905,0.37893555,0.46357262,0.41145432,0.48926288
paddle,P,word2vec_tiny_1_HOM_HALF,0.28563696,0.36647266,0.4285239,0.5478377,0.48011476,0.5888393
atom,P,word2vec_tiny_1_HOM_HALF,0.22171617,0.2677836,0.2582897,0.2870977,0.27278712,0.29911682
celebrate,P,word2vec_tiny_1_HOM_HALF,0.367806,0.45856002,0.47737697,0.59262985,0.521738,0.61826247
baptism,P,word2vec_tiny_1_HOM_HALF,0.2024745,0.2254364,0.24699356,0.2724796,0.26528424,0.28795758
corpus,P,word2vec_tiny_1_HOM_HALF,0.19617069,0.22644642,0.23564754,0.26297814,0.25046447,0.26937017
twist,P,word2vec_tiny_1_HOM_HALF,0.40474838,0.55496913,0.5251569,0.66311365,0.5636324,0.6712818
apply,P,word2vec_tiny_1_HOM_HALF,0.2748168,0.3148259,0.33324474,0.3914273,0.35824722,0.42082348
nocturnal,P,word2vec_tiny_1_HOM_HALF,0.26482385,0.25915474,0.3029118,0.26764807,0.3178156,0.28278887
prepare,P,word2vec_tiny_1_HOM_HALF,0.37190923,0.5039108,0.49430215,0.653524,0.54320353,0.6789987
priceless,P,word2vec_tiny_1_HOM_HALF,0.30620727,0.3504773,0.37001193,0.41278315,0.39747894,0.43343014
juicy,P,word2vec_tiny_1_HOM_HALF,0.2706984,0.32903454,0.36701906,0.4523805,0.41161552,0.49000546
jiggle,P,word2vec_tiny_1_HOM_HALF,0.3886364,0.50009024,0.46965066,0.55766946,0.501027,0.57580876
sushi,M,word2vec_tiny_1_HOM_HALF,0.20920357,0.23683335,0.2739427,0.3292957,0.31572166,0.36729625
squad,M,word2vec_tiny_1_HOM_HALF,0.29810575,0.30531117,0.3385616,0.32896006,0.35593373,0.33340847
orphanage,M,word2vec_tiny_1_HOM_HALF,0.32674658,0.41603538,0.39926693,0.45443082,0.42618537,0.471883
unique,P,word2vec_tiny_1_HOM_HALF,0.26624438,0.3517978,0.41079372,0.56293696,0.4770208,0.6321344
wrinkle,H,word2vec_tiny_1_HOM_HALF,0.26401085,0.3403744,0.35237634,0.44167358,0.3895533,0.4813123
excellent,M,word2vec_tiny_1_HOM_HALF,0.35803214,0.4336316,0.4259239,0.4841121,0.44941223,0.49823755
compare,P,word2vec_tiny_1_HOM_HALF,0.323468,0.35954854,0.3936341,0.43402216,0.427371,0.46277213
spine,P,word2vec_tiny_1_HOM_HALF,0.32431892,0.3579773,0.39304772,0.43960595,0.4213833,0.47892067
lively,P,word2vec_tiny_1_HOM_HALF,0.26277226,0.35602966,0.4262073,0.5607698,0.49960718,0.6348248
happiness,P,word2vec_tiny_1_HOM_HALF,0.3134913,0.36664093,0.3880142,0.4084815,0.42143562,0.42204764
sundown,M,word2vec_tiny_1_HOM_HALF,0.2697547,0.3054093,0.3119516,0.29074064,0.32773682,0.29906678
crash,H,word2vec_tiny_1_HOM_HALF,0.35770243,0.4597902,0.4653368,0.5772885,0.50793463,0.6025235
cover,P,word2vec_tiny_1_HOM_HALF,0.45649996,0.60648865,0.5465704,0.69573087,0.57896894,0.7090011
steep,H,word2vec_tiny_1_HOM_HALF,0.4255454,0.5287386,0.5448315,0.65531564,0.58473104,0.68020797
reunion,P,word2vec_tiny_1_HOM_HALF,0.25318274,0.32088888,0.29551652,0.3647102,0.31416035,0.38472983
companion,P,word2vec_tiny_1_HOM_HALF,0.3359176,0.4194043,0.40125656,0.46709654,0.42446262,0.47326192
catcher,P,word2vec_tiny_1_HOM_HALF,0.43399343,0.4722711,0.5197942,0.55640256,0.549934,0.5507562
helpless,P,word2vec_tiny_1_HOM_HALF,0.32093465,0.38654527,0.48840123,0.6371128,0.5490979,0.69177455
occasional,P,word2vec_tiny_1_HOM_HALF,0.32890183,0.3945577,0.3694845,0.42700258,0.38668227,0.44494635
motorcycle,P,word2vec_tiny_1_HOM_HALF,0.24425063,0.32715398,0.3996899,0.55872154,0.4672455,0.6283248
spit,H,word2vec_tiny_1_HOM_HALF,0.30348068,0.39437875,0.41289002,0.49052066,0.45509297,0.5212257
tyrant,P,word2vec_tiny_1_HOM_HALF,0.17224656,0.17651492,0.20814385,0.2112498,0.22414675,0.21986787
tuxedo,P,word2vec_tiny_1_HOM_HALF,0.3200343,0.32429895,0.3696088,0.38428915,0.38997322,0.4121486
belong,P,word2vec_tiny_1_HOM_HALF,0.43800965,0.5524266,0.5399907,0.61093676,0.57335234,0.6105845
pup,P,word2vec_tiny_1_HOM_HALF,0.25251052,0.33886907,0.3519458,0.43986836,0.38728744,0.45883495
jeep,P,word2vec_tiny_1_HOM_HALF,0.219098,0.31424388,0.39363846,0.53894913,0.45959428,0.59429777
hack,H,word2vec_tiny_1_HOM_HALF,0.2652267,0.28817323,0.31402934,0.34252363,0.33233634,0.36922827
hound,P,word2vec_tiny_1_HOM_HALF,0.27998608,0.29274663,0.3175737,0.30802098,0.333264,0.32161307
triumphant,P,word2vec_tiny_1_HOM_HALF,0.25340015,0.33239913,0.32361686,0.42724043,0.34968945,0.4417662
grudge,P,word2vec_tiny_1_HOM_HALF,0.12075844,0.1449903,0.14796674,0.17633389,0.16086853,0.19539969
shadowy,P,word2vec_tiny_1_HOM_HALF,0.22897807,0.2833317,0.28631347,0.3708919,0.31310493,0.40453467
begin,P,word2vec_tiny_1_HOM_HALF,0.42712516,0.5295983,0.49940372,0.5551477,0.52561915,0.5469141
afternoon,P,word2vec_tiny_1_HOM_HALF,0.40418607,0.5255521,0.50133765,0.5955993,0.53505796,0.58883816
engineer,P,word2vec_tiny_1_HOM_HALF,0.32796025,0.3679363,0.39420986,0.46727207,0.42048973,0.49550223
decision,P,word2vec_tiny_1_HOM_HALF,0.31213897,0.41040576,0.38777715,0.42421338,0.41734916,0.43768746
statement,P,word2vec_tiny_1_HOM_HALF,0.2537833,0.29246888,0.2878805,0.31461176,0.30213302,0.32608542
moat,M,word2vec_tiny_1_HOM_HALF,0.37747997,0.42948052,0.50913614,0.6027674,0.55868506,0.65722597
zoom,P,word2vec_tiny_1_HOM_HALF,0.27830178,0.39216286,0.3930821,0.51029956,0.44016734,0.5550191
cinema,P,word2vec_tiny_1_HOM_HALF,0.33451957,0.46837243,0.42564103,0.55715656,0.4643594,0.5783139
lifetime,P,word2vec_tiny_1_HOM_HALF,0.30346942,0.37054077,0.38113317,0.43642452,0.4089339,0.45424107
snowman,M,word2vec_tiny_1_HOM_HALF,0.34381044,0.47386307,0.4794252,0.6465483,0.53276426,0.68464637
accuracy,M,word2vec_tiny_1_HOM_HALF,0.20111318,0.26441103,0.2681053,0.34269938,0.29727373,0.38257885
pox,P,word2vec_tiny_1_HOM_HALF,0.29908636,0.34510568,0.36706588,0.40642822,0.39103568,0.41094917
pebble,P,word2vec_tiny_1_HOM_HALF,0.24425375,0.32426736,0.40710762,0.56156486,0.46716782,0.6215961
surf,P,word2vec_tiny_1_HOM_HALF,0.27437407,0.35254803,0.41207147,0.5173195,0.4826806,0.6139699
tone,P,word2vec_tiny_1_HOM_HALF,0.32267934,0.384958,0.38538852,0.4483173,0.4133719,0.46390572
hamburger,M,word2vec_tiny_1_HOM_HALF,0.23732427,0.2701964,0.3123576,0.36389247,0.3436832,0.4076687
naughty,P,word2vec_tiny_1_HOM_HALF,0.32383996,0.43173286,0.46188873,0.6107768,0.51243156,0.62566245
presence,P,word2vec_tiny_1_HOM_HALF,0.27925575,0.31328124,0.33042032,0.39233798,0.35478547,0.4192416
missile,P,word2vec_tiny_1_HOM_HALF,0.2992991,0.41841656,0.42917457,0.58792144,0.48112383,0.6456651
sailor,P,word2vec_tiny_1_HOM_HALF,0.24736194,0.31331068,0.38691,0.51521564,0.44627708,0.57723856
decide,P,word2vec_tiny_1_HOM_HALF,0.4630209,0.59609354,0.5471741,0.579069,0.5727078,0.57429343
fail,P,word2vec_tiny_1_HOM_HALF,0.38123575,0.44155434,0.44244233,0.48334667,0.4688424,0.5085964
banquet,P,word2vec_tiny_1_HOM_HALF,0.33324105,0.3903326,0.39040977,0.4492788,0.41366357,0.47913077
tug,P,word2vec_tiny_1_HOM_HALF,0.39179653,0.49218863,0.5258955,0.60876733,0.57040983,0.6438499
authority,P,word2vec_tiny_1_HOM_HALF,0.18328536,0.21326703,0.23071219,0.27470738,0.25371644,0.2917407
abide,P,word2vec_tiny_1_HOM_HALF,0.18281482,0.18212005,0.22199535,0.22792272,0.24201415,0.25002745
elbow,P,word2vec_tiny_1_HOM_HALF,0.28505415,0.35859117,0.40185583,0.51534295,0.44896266,0.56045544
land,P,word2vec_tiny_1_HOM_HALF,0.36972314,0.4460882,0.5017704,0.6004325,0.54486233,0.64501387
pun,P,word2vec_tiny_1_HOM_HALF,0.26115948,0.3030986,0.30924827,0.36162657,0.33041573,0.39079306
sunlight,M,word2vec_tiny_1_HOM_HALF,0.23791781,0.2761105,0.357696,0.43562153,0.40126914,0.47961485
invincible,M,word2vec_tiny_1_HOM_HALF,0.24027376,0.29689425,0.28451163,0.34258628,0.30204937,0.35376662
tedious,M,word2vec_tiny_1_HOM_HALF,0.12551212,0.15380053,0.15268213,0.18433562,0.16544153,0.20600171
amigo,M,word2vec_tiny_1_HOM_HALF,0.2218179,0.23179021,0.2908104,0.25917304,0.31955177,0.35062137
sock,H,word2vec_tiny_1_HOM_HALF,0.30027756,0.35461742,0.43668827,0.56570715,0.4838487,0.6251414
experience,P,word2vec_tiny_1_HOM_HALF,0.30764094,0.4081633,0.38635373,0.43680528,0.41432372,0.4545964
acid,P,word2vec_tiny_1_HOM_HALF,0.25184315,0.32336685,0.31282368,0.40561202,0.3380451,0.44083965
urgent,P,word2vec_tiny_1_HOM_HALF,0.2652602,0.287263,0.32150772,0.38614106,0.35043448,0.42731002
purse,P,word2vec_tiny_1_HOM_HALF,0.32975158,0.39421025,0.43912053,0.5546238,0.49135062,0.6276181
airplane,M,word2vec_tiny_1_HOM_HALF,0.3077981,0.38665736,0.46343216,0.59990996,0.51273686,0.6401352
naive,P,word2vec_tiny_1_HOM_HALF,0.23483047,0.32269755,0.28305703,0.36815688,0.30615512,0.3901558
symbol,P,word2vec_tiny_1_HOM_HALF,0.38523245,0.5138301,0.47759447,0.6167725,0.5138822,0.6310348
speechless,P,word2vec_tiny_1_HOM_HALF,0.27467868,0.33891967,0.35136527,0.41952616,0.375365,0.44277626
lavender,P,word2vec_tiny_1_HOM_HALF,0.27897254,0.3575383,0.3738003,0.4593417,0.41372842,0.49105674
distress,P,word2vec_tiny_1_HOM_HALF,0.26901677,0.31650433,0.33430967,0.3906992,0.3620433,0.41974252
suspicious,P,word2vec_tiny_1_HOM_HALF,0.30559677,0.37077266,0.36808002,0.4331256,0.39599055,0.45287037
deep,P,word2vec_tiny_1_HOM_HALF,0.42732328,0.5368993,0.52948356,0.58098406,0.5641033,0.60709846
slug,H,word2vec_tiny_1_HOM_HALF,0.26365718,0.33562008,0.35070854,0.44946954,0.38426894,0.4790895
scoop,P,word2vec_tiny_1_HOM_HALF,0.37305278,0.44861925,0.45650032,0.48558715,0.49119338,0.5015156
access,P,word2vec_tiny_1_HOM_HALF,0.33028263,0.3655789,0.3779348,0.4336798,0.39766273,0.45656583
caretaker,P,word2vec_tiny_1_HOM_HALF,0.25752172,0.31152752,0.3061432,0.38423797,0.32422942,0.40111533
condition,P,word2vec_tiny_1_HOM_HALF,0.34695068,0.3546722,0.39347857,0.40638146,0.41270635,0.42277616
ton,P,word2vec_tiny_1_HOM_HALF,0.32169178,0.38285932,0.37261242,0.4416449,0.3937749,0.45882216
assume,P,word2vec_tiny_1_HOM_HALF,0.16102576,0.17119944,0.19832797,0.216629,0.219332,0.24132751
slimy,P,word2vec_tiny_1_HOM_HALF,0.34247315,0.44174907,0.45791724,0.5673292,0.50228345,0.6139038
dunk,P,word2vec_tiny_1_HOM_HALF,0.20587382,0.23422436,0.23298644,0.24762432,0.24496357,0.25875336
volleyball,P,word2vec_tiny_1_HOM_HALF,0.32319015,0.33573964,0.3652754,0.35270724,0.38344496,0.35259297
warden,P,word2vec_tiny_1_HOM_HALF,0.1691486,0.1704026,0.19753082,0.20622024,0.21003826,0.22177817
omen,P,word2vec_tiny_1_HOM_HALF,0.16166447,0.1808355,0.18960528,0.21070337,0.20107786,0.2171585
stir,H,word2vec_tiny_1_HOM_HALF,0.30899176,0.40234524,0.43025878,0.48773643,0.47644034,0.52869594
grumpy,M,word2vec_tiny_1_HOM_HALF,0.32557148,0.41899812,0.47068268,0.60784036,0.5266311,0.6503178
accessory,P,word2vec_tiny_1_HOM_HALF,0.29894072,0.37583554,0.37946495,0.4644171,0.41069472,0.48204464
unaware,P,word2vec_tiny_1_HOM_HALF,0.28273964,0.3446762,0.3326599,0.40222183,0.3531919,0.4218685
locate,P,word2vec_tiny_1_HOM_HALF,0.29829976,0.34862924,0.35162234,0.42332453,0.37151006,0.44354653
stamp,P,word2vec_tiny_1_HOM_HALF,0.25442046,0.34831488,0.373942,0.54159343,0.43013626,0.6042284
goat,P,word2vec_tiny_1_HOM_HALF,0.22715922,0.31978,0.35427684,0.5027516,0.43142074,0.5865164
race,H,word2vec_tiny_1_HOM_HALF,0.33705097,0.44758546,0.46002665,0.5830055,0.50768876,0.6040027
diagram,P,word2vec_tiny_1_HOM_HALF,0.16145816,0.2056173,0.18579999,0.23342967,0.19729246,0.24277425
piggy,P,word2vec_tiny_1_HOM_HALF,0.4513138,0.5886868,0.5425147,0.6280875,0.5742457,0.6616254
pollen,M,word2vec_tiny_1_HOM_HALF,0.30999774,0.3855889,0.40055916,0.51063097,0.4462494,0.5475712
badger,P,word2vec_tiny_1_HOM_HALF,0.24973759,0.3474392,0.32914105,0.40879393,0.36162648,0.43308407
lens,P,word2vec_tiny_1_HOM_HALF,0.37939236,0.48731378,0.45613042,0.5670203,0.4859108,0.5853762
dump,P,word2vec_tiny_1_HOM_HALF,0.3587093,0.45253104,0.4647232,0.5771201,0.5089683,0.61428
ripe,P,word2vec_tiny_1_HOM_HALF,0.28187692,0.30671394,0.3842876,0.45684415,0.4328606,0.5068593
penguin,M,word2vec_tiny_1_HOM_HALF,0.2872915,0.37186033,0.4268827,0.54426837,0.48378506,0.6043678
horny,P,word2vec_tiny_1_HOM_HALF,0.29895368,0.30243146,0.34160978,0.31482494,0.35824123,0.31091204
bloody,P,word2vec_tiny_1_HOM_HALF,0.2763191,0.37445223,0.35241166,0.46476084,0.38554206,0.5017902
backstage,P,word2vec_tiny_1_HOM_HALF,0.3941689,0.45873338,0.47600326,0.5692007,0.51344323,0.6000718
rival,P,word2vec_tiny_1_HOM_HALF,0.28275332,0.34268054,0.33189183,0.3731871,0.3519452,0.38831204
predator,P,word2vec_tiny_1_HOM_HALF,0.24554074,0.31758484,0.30752942,0.392843,0.3311287,0.42078778
attractive,P,word2vec_tiny_1_HOM_HALF,0.2716033,0.36264068,0.42812744,0.58124363,0.49638015,0.6603955
alien,P,word2vec_tiny_1_HOM_HALF,0.40825552,0.51233244,0.52504164,0.6472255,0.5690361,0.6869315
lobster,P,word2vec_tiny_1_HOM_HALF,0.29154482,0.3769487,0.37045884,0.4577747,0.40690604,0.49746466
behavior,P,word2vec_tiny_1_HOM_HALF,0.30898064,0.38008162,0.39343292,0.4411411,0.42408994,0.45144784
breeze,P,word2vec_tiny_1_HOM_HALF,0.3431911,0.40212023,0.42420346,0.50002307,0.45899758,0.5257841
numb,P,word2vec_tiny_1_HOM_HALF,0.3110236,0.36210847,0.39289555,0.47178242,0.43044728,0.507439
accessible,P,word2vec_tiny_1_HOM_HALF,0.16128497,0.20072734,0.18596615,0.22054233,0.19761124,0.23589414
texture,P,word2vec_tiny_1_HOM_HALF,0.4164508,0.49897563,0.53627175,0.62673223,0.57428694,0.6541714
upstairs,P,word2vec_tiny_1_HOM_HALF,0.3466815,0.40868637,0.49643058,0.61708033,0.5481214,0.67045057
deck,P,word2vec_tiny_1_HOM_HALF,0.37280494,0.42220074,0.45682713,0.5728005,0.49750534,0.6135128
fold,H,word2vec_tiny_1_HOM_HALF,0.37592462,0.51812905,0.49056548,0.64118904,0.53432584,0.6691786
trailing,P,word2vec_tiny_1_HOM_HALF,0.30417696,0.37435248,0.36259165,0.42508715,0.39197072,0.44821528
motion,P,word2vec_tiny_1_HOM_HALF,0.4202265,0.53134245,0.49440566,0.6025909,0.52377075,0.6321366
bush,H,word2vec_tiny_1_HOM_HALF,0.40410224,0.5102376,0.5036911,0.6199194,0.54206675,0.63234025
garter,P,word2vec_tiny_1_HOM_HALF,0.2654385,0.33608666,0.34229946,0.39127025,0.36723557,0.39553422
devil,P,word2vec_tiny_1_HOM_HALF,0.27860957,0.2509461,0.3173936,0.26577148,0.33217362,0.27231726
sleepy,P,word2vec_tiny_1_HOM_HALF,0.34190887,0.5052509,0.47794685,0.63822824,0.53061527,0.6742418
void,P,word2vec_tiny_1_HOM_HALF,0.27043405,0.26607087,0.30489415,0.28794932,0.3196376,0.30463362
bright,P,word2vec_tiny_1_HOM_HALF,0.3069899,0.4316908,0.39576262,0.5347267,0.4439028,0.5670329
stall,H,word2vec_tiny_1_HOM_HALF,0.35816583,0.40407634,0.46082738,0.54823595,0.50367206,0.58971316
altitude,P,word2vec_tiny_1_HOM_HALF,0.28267843,0.31166154,0.34701025,0.37105113,0.37179756,0.38920128
cigar,M,word2vec_tiny_1_HOM_HALF,0.252355,0.25489196,0.28810012,0.28063217,0.30232373,0.2940918
flip,H,word2vec_tiny_1_HOM_HALF,0.4459018,0.5862198,0.5549111,0.68022543,0.5887987,0.69833183
pancake,P,word2vec_tiny_1_HOM_HALF,0.30235797,0.39115515,0.35897994,0.41253924,0.3906358,0.4346857
boredom,M,word2vec_tiny_1_HOM_HALF,0.37871987,0.36266968,0.46572906,0.46585697,0.49321538,0.48304087
gallery,P,word2vec_tiny_1_HOM_HALF,0.2853214,0.3652803,0.3548535,0.46344805,0.3867043,0.48675814
pipe,H,word2vec_tiny_1_HOM_HALF,0.312432,0.40795705,0.41203487,0.55890274,0.46482682,0.62191767
triumph,P,word2vec_tiny_1_HOM_HALF,0.26783276,0.34718728,0.33936855,0.42075214,0.3666201,0.44419312
monk,M,word2vec_tiny_1_HOM_HALF,0.33304077,0.4070143,0.39471558,0.47597465,0.4208396,0.49331075
salon,P,word2vec_tiny_1_HOM_HALF,0.3562296,0.46665162,0.4690994,0.5875002,0.5087653,0.5908772
mechanical,P,word2vec_tiny_1_HOM_HALF,0.3144769,0.34347138,0.35529435,0.371964,0.37203246,0.39341545
thin,P,word2vec_tiny_1_HOM_HALF,0.34654108,0.44607273,0.46970516,0.60364115,0.52430284,0.67913127
wicked,P,word2vec_tiny_1_HOM_HALF,0.29816884,0.33925217,0.37419316,0.42464125,0.40480193,0.45546743
iron,P,word2vec_tiny_1_HOM_HALF,0.33891255,0.43277916,0.43696702,0.5606059,0.48574317,0.62937415
nugget,P,word2vec_tiny_1_HOM_HALF,0.3099733,0.34067792,0.37768355,0.473113,0.40280324,0.49200463
cage,P,word2vec_tiny_1_HOM_HALF,0.4211542,0.57213694,0.51948917,0.67326814,0.55495286,0.69713235
vitamin,M,word2vec_tiny_1_HOM_HALF,0.27840596,0.3554178,0.36053756,0.4415334,0.39188033,0.46839702
nickel,P,word2vec_tiny_1_HOM_HALF,0.32012552,0.34748676,0.3945251,0.42245626,0.41986263,0.45285717
queasy,P,word2vec_tiny_1_HOM_HALF,0.17108569,0.1865696,0.19796905,0.22104968,0.21062608,0.22853334
trucker,P,word2vec_tiny_1_HOM_HALF,0.3372224,0.32024625,0.3788779,0.3435406,0.39331114,0.3507158
blitz,P,word2vec_tiny_1_HOM_HALF,0.23077264,0.2278699,0.26429376,0.26830345,0.28032354,0.2742131
mouthful,P,word2vec_tiny_1_HOM_HALF,0.1854342,0.23781854,0.25518718,0.31606254,0.29169405,0.3689966
chatty,P,word2vec_tiny_1_HOM_HALF,0.416732,0.50437236,0.48489708,0.57206947,0.5111398,0.5838098
toss,P,word2vec_tiny_1_HOM_HALF,0.40679994,0.5160392,0.53034365,0.66895413,0.5761679,0.6976383
servant,P,word2vec_tiny_1_HOM_HALF,0.34636992,0.44911456,0.43647566,0.49745792,0.4651417,0.51704305
intimidate,P,word2vec_tiny_1_HOM_HALF,0.16239199,0.18767358,0.18792984,0.20771763,0.19961704,0.2221202
charity,P,word2vec_tiny_1_HOM_HALF,0.31556308,0.37122613,0.41020584,0.461938,0.4461763,0.49633867
match,H,word2vec_tiny_1_HOM_HALF,0.4018206,0.50370497,0.5040853,0.62734973,0.5387023,0.6508668
buff,H,word2vec_tiny_1_HOM_HALF,0.25402072,0.30022466,0.28735647,0.3063979,0.30439863,0.3490225
larger,P,word2vec_tiny_1_HOM_HALF,0.29539287,0.33869037,0.37287194,0.46319926,0.4117814,0.52670825
crowbar,M,word2vec_tiny_1_HOM_HALF,0.25465432,0.3026247,0.29262155,0.32698077,0.30807868,0.33701023
collapse,P,word2vec_tiny_1_HOM_HALF,0.27268842,0.36568955,0.37806657,0.47972748,0.4177739,0.5167001
giggle,P,word2vec_tiny_1_HOM_HALF,0.38238686,0.49814284,0.46626443,0.54839295,0.497019,0.5590176
supportive,M,word2vec_tiny_1_HOM_HALF,0.25299257,0.2897919,0.3174492,0.33236608,0.3437392,0.34325668
mailbox,P,word2vec_tiny_1_HOM_HALF,0.33404353,0.4434674,0.4804698,0.6329811,0.5330465,0.68598396
inject,P,word2vec_tiny_1_HOM_HALF,0.29754275,0.37046784,0.3529286,0.4179627,0.37728918,0.43220392
window,P,word2vec_tiny_1_HOM_HALF,0.42383814,0.5287099,0.528534,0.658326,0.56451887,0.683869
prison,P,word2vec_tiny_1_HOM_HALF,0.29665652,0.32595706,0.36488768,0.41504145,0.3915859,0.43495268
throat,P,word2vec_tiny_1_HOM_HALF,0.29063335,0.39238006,0.39708242,0.4901854,0.43932196,0.53367573
hint,P,word2vec_tiny_1_HOM_HALF,0.4340774,0.5206306,0.4980413,0.53643733,0.51882774,0.5342737
pantry,P,word2vec_tiny_1_HOM_HALF,0.33234015,0.44133055,0.43305004,0.5306161,0.47039405,0.5524547
blur,P,word2vec_tiny_1_HOM_HALF,0.3334921,0.33812508,0.4206817,0.4922852,0.45398483,0.52949876
golden,P,word2vec_tiny_1_HOM_HALF,0.37236425,0.35722736,0.46341896,0.5259728,0.50281954,0.5748218
bravery,P,word2vec_tiny_1_HOM_HALF,0.25483832,0.3231395,0.32802474,0.3945837,0.3583264,0.41542906
battle,P,word2vec_tiny_1_HOM_HALF,0.27961585,0.35169992,0.3765195,0.4514167,0.41406795,0.48077706
infectious,P,word2vec_tiny_1_HOM_HALF,0.22744255,0.29821768,0.26886243,0.33627626,0.28874376,0.3618801
rooftop,M,word2vec_tiny_1_HOM_HALF,0.3145986,0.36165157,0.3761699,0.4460652,0.4014375,0.46825323
orchestra,P,word2vec_tiny_1_HOM_HALF,0.2825675,0.35846597,0.3669223,0.48108682,0.40607375,0.5232757
spear,H,word2vec_tiny_1_HOM_HALF,0.27160534,0.3757745,0.41408688,0.5676168,0.47360656,0.6330087
twilight,P,word2vec_tiny_1_HOM_HALF,0.21845444,0.28639552,0.27248275,0.38177603,0.29960102,0.4173906
rare,H,word2vec_tiny_1_HOM_HALF,0.301668,0.39294013,0.43719682,0.5848809,0.49904725,0.6439521
filth,P,word2vec_tiny_1_HOM_HALF,0.26258174,0.3228855,0.34186473,0.43384966,0.37561986,0.46973
spinach,M,word2vec_tiny_1_HOM_HALF,0.21402666,0.2542879,0.28743184,0.3438199,0.32269493,0.38596687
scientific,P,word2vec_tiny_1_HOM_HALF,0.20347199,0.23123054,0.24069218,0.28133658,0.2558391,0.295
sincerity,M,word2vec_tiny_1_HOM_HALF,0.1507726,0.16330051,0.18146448,0.19544001,0.19671792,0.21769775
policeman,M,word2vec_tiny_1_HOM_HALF,0.2934154,0.41454834,0.39357606,0.5241951,0.42802083,0.5330855
goalie,M,word2vec_tiny_1_HOM_HALF,0.35012373,0.42448017,0.45482346,0.56600946,0.49456996,0.5850143
greet,P,word2vec_tiny_1_HOM_HALF,0.4179685,0.45387885,0.4963732,0.54257864,0.521271,0.546119
improve,P,word2vec_tiny_1_HOM_HALF,0.40512866,0.5511739,0.49291527,0.61061436,0.5289405,0.56599486
inform,P,word2vec_tiny_1_HOM_HALF,0.17814486,0.18126678,0.20981807,0.22103538,0.22539768,0.2348665
daily,P,word2vec_tiny_1_HOM_HALF,0.30999142,0.36236528,0.39753464,0.45282596,0.42833328,0.46114692
plea,P,word2vec_tiny_1_HOM_HALF,0.28514975,0.32696742,0.35875773,0.40776595,0.3859325,0.4368452
trio,P,word2vec_tiny_1_HOM_HALF,0.31860083,0.3590013,0.3591806,0.3972584,0.37463847,0.41477603
rid,M,word2vec_tiny_1_HOM_HALF,0.46800822,0.4916631,0.52422345,0.5415241,0.5464098,0.5481638
master,P,word2vec_tiny_1_HOM_HALF,0.35344955,0.3866741,0.4058067,0.42174166,0.42509583,0.44971368
vintage,P,word2vec_tiny_1_HOM_HALF,0.21511889,0.23215348,0.24153173,0.25630477,0.25255218,0.259721
slap,P,word2vec_tiny_1_HOM_HALF,0.36240187,0.5081223,0.49347848,0.64927363,0.5371787,0.6663939
contain,P,word2vec_tiny_1_HOM_HALF,0.35623333,0.39446425,0.43942448,0.47908613,0.46548608,0.47772402
gesture,P,word2vec_tiny_1_HOM_HALF,0.286152,0.32693017,0.3800556,0.3927312,0.41045216,0.4165374
soccer,M,word2vec_tiny_1_HOM_HALF,0.32613137,0.41734782,0.47238567,0.609859,0.5238615,0.6350342
reckless,P,word2vec_tiny_1_HOM_HALF,0.2716624,0.34731147,0.41407275,0.5155636,0.45678315,0.51680875
selection,P,word2vec_tiny_1_HOM_HALF,0.31325477,0.38558605,0.38479394,0.47123188,0.41398025,0.5079477
title,P,word2vec_tiny_1_HOM_HALF,0.35720593,0.40976024,0.43896312,0.5155935,0.47119766,0.5410657
knife,P,word2vec_tiny_1_HOM_HALF,0.33810872,0.48996526,0.44313106,0.5949311,0.48423064,0.6231065
organize,P,word2vec_tiny_1_HOM_HALF,0.34361455,0.46506408,0.47853726,0.65230983,0.535083,0.6947129
swab,P,word2vec_tiny_1_HOM_HALF,0.27693063,0.30472842,0.32044548,0.3546324,0.33806762,0.36744994
childish,P,word2vec_tiny_1_HOM_HALF,0.31713375,0.42063028,0.4042057,0.48705468,0.4397559,0.503433
persuade,P,word2vec_tiny_1_HOM_HALF,0.29592675,0.33574563,0.40120107,0.43230957,0.43776444,0.46300405
tolerance,P,word2vec_tiny_1_HOM_HALF,0.17249236,0.18641227,0.20565304,0.23441541,0.22093816,0.25907195
burglar,M,word2vec_tiny_1_HOM_HALF,0.25067455,0.32262856,0.29667002,0.3711097,0.31568152,0.39044598
atmosphere,P,word2vec_tiny_1_HOM_HALF,0.30013412,0.3396745,0.38940495,0.47739658,0.42381358,0.5093422
youth,P,word2vec_tiny_1_HOM_HALF,0.40369424,0.51244587,0.5050048,0.6354575,0.53750986,0.63667274
rub,P,word2vec_tiny_1_HOM_HALF,0.39043364,0.55038047,0.4940275,0.64504844,0.5313254,0.63694376
faint,P,word2vec_tiny_1_HOM_HALF,0.3056824,0.37991536,0.3828186,0.45710424,0.41694587,0.49036762
dancer,M,word2vec_tiny_1_HOM_HALF,0.37049457,0.4859046,0.47178042,0.60637385,0.51407987,0.63366866
heroism,M,word2vec_tiny_1_HOM_HALF,0.18442485,0.1949771,0.216474,0.23618327,0.23009424,0.25701335
trap,H,word2vec_tiny_1_HOM_HALF,0.41803145,0.57272005,0.5020082,0.65589446,0.53233683,0.65060735
courtyard,M,word2vec_tiny_1_HOM_HALF,0.3540404,0.4091362,0.406914,0.45887876,0.42834717,0.48425785
circle,P,word2vec_tiny_1_HOM_HALF,0.3252944,0.43684903,0.46034366,0.6124388,0.5043463,0.64532995
flatten,P,word2vec_tiny_1_HOM_HALF,0.2455962,0.3087021,0.32977173,0.4400621,0.36590186,0.48278925
intention,P,word2vec_tiny_1_HOM_HALF,0.23772943,0.25506288,0.28691998,0.3128398,0.30775976,0.3305219
boot,P,word2vec_tiny_1_HOM_HALF,0.29586607,0.3586288,0.41586915,0.5588827,0.46908417,0.6243003
spot,P,word2vec_tiny_1_HOM_HALF,0.29962176,0.38556838,0.45060384,0.57856524,0.50128645,0.6044561
proud,P,word2vec_tiny_1_HOM_HALF,0.4019224,0.48267993,0.50223947,0.54194814,0.5384432,0.5547973
ambulance,M,word2vec_tiny_1_HOM_HALF,0.3002173,0.39013526,0.4100588,0.5582247,0.46542934,0.60178673
faulty,M,word2vec_tiny_1_HOM_HALF,0.21480827,0.2369632,0.25553405,0.27136052,0.2709295,0.2847306
artificial,P,word2vec_tiny_1_HOM_HALF,0.19691911,0.22153677,0.22364229,0.2426852,0.23524289,0.25420097
corner,P,word2vec_tiny_1_HOM_HALF,0.40119153,0.52863413,0.48194107,0.6012865,0.5142367,0.6107195
harmless,M,word2vec_tiny_1_HOM_HALF,0.38627622,0.48373422,0.4855261,0.6139895,0.5314237,0.6545692
yawn,P,word2vec_tiny_1_HOM_HALF,0.4038818,0.5293088,0.5295279,0.6403243,0.56983393,0.6739663
tape,P,word2vec_tiny_1_HOM_HALF,0.29855645,0.43288016,0.4113842,0.5651071,0.45692405,0.608452
bland,P,word2vec_tiny_1_HOM_HALF,0.2300715,0.2926202,0.29650864,0.34394434,0.3304664,0.38424632
tin,P,word2vec_tiny_1_HOM_HALF,0.39362866,0.42892623,0.46828744,0.55861765,0.49930704,0.5877956
handy,P,word2vec_tiny_1_HOM_HALF,0.3970501,0.38677394,0.4518137,0.43267217,0.47099823,0.44529048
gardener,P,word2vec_tiny_1_HOM_HALF,0.37824744,0.4925171,0.45131624,0.5480618,0.4809919,0.5701785
enemy,P,word2vec_tiny_1_HOM_HALF,0.3339566,0.35857815,0.4145545,0.47043502,0.44757316,0.4942494
finger,P,word2vec_tiny_1_HOM_HALF,0.29622614,0.39118212,0.41662693,0.5373967,0.4616513,0.5638706
hustle,P,word2vec_tiny_1_HOM_HALF,0.29994804,0.38051233,0.3872054,0.4769404,0.41876602,0.5079104
caress,P,word2vec_tiny_1_HOM_HALF,0.22122124,0.3050193,0.28633633,0.39215332,0.31494105,0.41884345
theft,M,word2vec_tiny_1_HOM_HALF,0.21277967,0.28243634,0.2814426,0.35717794,0.3044321,0.3841186
ungrateful,M,word2vec_tiny_1_HOM_HALF,0.28929406,0.3622277,0.42988154,0.5177969,0.477697,0.5349425
capsule,P,word2vec_tiny_1_HOM_HALF,0.25945097,0.22483315,0.2884598,0.24115048,0.3003826,0.25059828
balance,P,word2vec_tiny_1_HOM_HALF,0.43358722,0.5331431,0.5336719,0.6912586,0.57208747,0.7116803
conquer,P,word2vec_tiny_1_HOM_HALF,0.25116628,0.32920432,0.31731606,0.37851378,0.35323548,0.41174713
rib,H,word2vec_tiny_1_HOM_HALF,0.25988877,0.31612024,0.3065414,0.3591219,0.32668686,0.36889657
fertilizer,P,word2vec_tiny_1_HOM_HALF,0.27550682,0.33162746,0.34818667,0.45116913,0.38056117,0.48275527
crime,P,word2vec_tiny_1_HOM_HALF,0.25587672,0.31785113,0.32959068,0.4117435,0.35948718,0.43937054
twinkle,P,word2vec_tiny_1_HOM_HALF,0.33851066,0.3887979,0.43923363,0.5054787,0.47427678,0.54174334
rat,P,word2vec_tiny_1_HOM_HALF,0.33979875,0.47831315,0.46123692,0.59839857,0.5077441,0.6298898
shade,P,word2vec_tiny_1_HOM_HALF,0.4289667,0.5558082,0.5221707,0.6343829,0.5634405,0.6573578
youthful,P,word2vec_tiny_1_HOM_HALF,0.23657063,0.27234936,0.27054247,0.31401032,0.28687036,0.342789
risky,M,word2vec_tiny_1_HOM_HALF,0.36054653,0.44364876,0.43917692,0.49635586,0.4650672,0.48992008
cider,M,word2vec_tiny_1_HOM_HALF,0.17923689,0.21808514,0.24327439,0.30304515,0.279342,0.34329912
cinnamon,P,word2vec_tiny_1_HOM_HALF,0.23940663,0.29033345,0.3035041,0.36912945,0.3376297,0.40203464
heartfelt,M,word2vec_tiny_1_HOM_HALF,0.22939412,0.27627602,0.2697795,0.3073854,0.28741157,0.32138127
painful,P,word2vec_tiny_1_HOM_HALF,0.33697224,0.38237822,0.40928265,0.47335976,0.44501418,0.5067596
illusion,P,word2vec_tiny_1_HOM_HALF,0.24480239,0.2944549,0.29099873,0.32870826,0.30959058,0.33923852
stem,H,word2vec_tiny_1_HOM_HALF,0.31613904,0.40857968,0.41065827,0.5321809,0.45109925,0.5806057
nightmare,P,word2vec_tiny_1_HOM_HALF,0.43536696,0.54737616,0.520665,0.57912505,0.54748225,0.5689964
yell,P,word2vec_tiny_1_HOM_HALF,0.36654744,0.5183067,0.4975672,0.6288845,0.54531896,0.6462941
tilt,P,word2vec_tiny_1_HOM_HALF,0.32931894,0.4401752,0.40630132,0.53108156,0.4388932,0.5581598
lodge,P,word2vec_tiny_1_HOM_HALF,0.3092632,0.3130165,0.34644595,0.34939724,0.36169362,0.3576511
excite,P,word2vec_tiny_1_HOM_HALF,0.45260984,0.5304735,0.5664717,0.687433,0.60597336,0.72645617
spruce,H,word2vec_tiny_1_HOM_HALF,0.14692569,0.14816748,0.17299497,0.17554066,0.18626854,0.19481638
butterfly,P,word2vec_tiny_1_HOM_HALF,0.30903047,0.39413986,0.43099907,0.55637026,0.48098847,0.59695584
pal,P,word2vec_tiny_1_HOM_HALF,0.32708725,0.39997756,0.38329953,0.41395497,0.40460628,0.42536747
cork,P,word2vec_tiny_1_HOM_HALF,0.34594658,0.44281328,0.4304829,0.5354709,0.4650023,0.5643312
ogre,P,word2vec_tiny_1_HOM_HALF,0.26982778,0.3267578,0.35061055,0.40303656,0.3794808,0.44076285
underneath,P,word2vec_tiny_1_HOM_HALF,0.3600176,0.489207,0.45556426,0.53211474,0.48901254,0.5579611
appearance,P,word2vec_tiny_1_HOM_HALF,0.29641473,0.32372883,0.36409527,0.3558301,0.39440438,0.38940275
cushion,P,word2vec_tiny_1_HOM_HALF,0.2695228,0.3951936,0.4193734,0.56800675,0.47444817,0.6313654
squint,P,word2vec_tiny_1_HOM_HALF,0.3019788,0.34449506,0.3706901,0.44407207,0.40101716,0.4789031
platform,P,word2vec_tiny_1_HOM_HALF,0.36796665,0.5169301,0.45552284,0.6011741,0.4950299,0.6296252
foggy,P,word2vec_tiny_1_HOM_HALF,0.37766466,0.4448444,0.5179008,0.62906003,0.56047606,0.65326816
hen,M,word2vec_tiny_1_HOM_HALF,0.27227202,0.32435358,0.43546218,0.5320413,0.50891495,0.62656546
skirt,P,word2vec_tiny_1_HOM_HALF,0.2576521,0.35768425,0.38552096,0.5075565,0.44825822,0.5788036
allergic,P,word2vec_tiny_1_HOM_HALF,0.4414979,0.4546009,0.5067222,0.5237679,0.5337556,0.5588447
limp,H,word2vec_tiny_1_HOM_HALF,0.3497196,0.43408424,0.41276634,0.49563628,0.4420748,0.5138233
splash,P,word2vec_tiny_1_HOM_HALF,0.31235218,0.43795705,0.42976558,0.5477231,0.47649163,0.59000254
note,P,word2vec_tiny_1_HOM_HALF,0.37458783,0.4507573,0.4939549,0.5842922,0.53821295,0.6166255
sensible,P,word2vec_tiny_1_HOM_HALF,0.29831254,0.34995636,0.3540312,0.4172907,0.37695312,0.43301117
rescue,P,word2vec_tiny_1_HOM_HALF,0.41664052,0.5683826,0.54149663,0.66369313,0.5786467,0.6476905
paradise,P,word2vec_tiny_1_HOM_HALF,0.28842443,0.324561,0.35171187,0.42090255,0.3819932,0.45592788
verse,H,word2vec_tiny_1_HOM_HALF,0.22915883,0.24760133,0.2865643,0.3170559,0.30888912,0.32770526
melt,P,word2vec_tiny_1_HOM_HALF,0.36547318,0.50247645,0.49099797,0.62477297,0.54049754,0.63831365
brand,P,word2vec_tiny_1_HOM_HALF,0.41568056,0.45559955,0.485947,0.51882046,0.51052904,0.5185372
punishment,P,word2vec_tiny_1_HOM_HALF,0.33442068,0.39334738,0.39908886,0.42800385,0.42368817,0.4508338
owner,M,word2vec_tiny_1_HOM_HALF,0.41535455,0.5238186,0.50255716,0.57539827,0.5316615,0.55238086
leash,P,word2vec_tiny_1_HOM_HALF,0.3530129,0.44878578,0.46036702,0.59976256,0.50323874,0.6499359
strain,H,word2vec_tiny_1_HOM_HALF,0.23737001,0.29222572,0.28855056,0.36670044,0.30909738,0.38366044
magnetic,P,word2vec_tiny_1_HOM_HALF,0.29881245,0.34367347,0.33850884,0.37279803,0.35491493,0.3771916
candy,P,word2vec_tiny_1_HOM_HALF,0.26809317,0.3491184,0.38618004,0.47890624,0.43689224,0.5273129
castle,P,word2vec_tiny_1_HOM_HALF,0.33927482,0.49572578,0.46576872,0.635799,0.5159263,0.6676431
sin,H,word2vec_tiny_1_HOM_HALF,0.2664679,0.27824947,0.3055713,0.29611817,0.32061622,0.3096155
washed,P,word2vec_tiny_1_HOM_HALF,0.3423939,0.44576088,0.4712128,0.5524067,0.5168454,0.5789677
maneuver,P,word2vec_tiny_1_HOM_HALF,0.2548482,0.28434104,0.29375666,0.3223633,0.30962428,0.3413913
pastry,P,word2vec_tiny_1_HOM_HALF,0.22082612,0.31205735,0.35305786,0.4507875,0.41481698,0.51138234
snot,P,word2vec_tiny_1_HOM_HALF,0.22822979,0.31065837,0.3082698,0.4257423,0.34316775,0.45891622
recent,P,word2vec_tiny_1_HOM_HALF,0.22409959,0.24480122,0.25558758,0.27711254,0.27006322,0.29567012
magnet,P,word2vec_tiny_1_HOM_HALF,0.31989503,0.4052225,0.41610715,0.5374941,0.46985328,0.6098581
example,P,word2vec_tiny_1_HOM_HALF,0.34852034,0.37276024,0.40096954,0.40741473,0.4239145,0.41251618
plump,H,word2vec_tiny_1_HOM_HALF,0.25877088,0.3361096,0.34694022,0.45057744,0.38017854,0.48144498
demon,P,word2vec_tiny_1_HOM_HALF,0.16073567,0.17679155,0.18957628,0.20451446,0.20185384,0.2217411
zipper,P,word2vec_tiny_1_HOM_HALF,0.3242371,0.42160064,0.44053608,0.5485953,0.49402076,0.6292825
stormy,P,word2vec_tiny_1_HOM_HALF,0.31404418,0.38289782,0.41159183,0.49958417,0.45192528,0.51251507
intent,H,word2vec_tiny_1_HOM_HALF,0.26478237,0.29040545,0.30043843,0.31246018,0.316137,0.32368103
kingdom,P,word2vec_tiny_1_HOM_HALF,0.30632812,0.44248497,0.39696512,0.51047,0.4371867,0.5273717
tidal,P,word2vec_tiny_1_HOM_HALF,0.1920206,0.24242981,0.23947918,0.31417012,0.2607963,0.3272888
ceremony,P,word2vec_tiny_1_HOM_HALF,0.31734315,0.39344037,0.40009305,0.4815319,0.43402058,0.496656
leader,P,word2vec_tiny_1_HOM_HALF,0.39051387,0.49345925,0.48737758,0.56366897,0.5194302,0.5762329
hangman,M,word2vec_tiny_1_HOM_HALF,0.26158658,0.278518,0.31326923,0.33469594,0.3343345,0.3579324
kindly,P,word2vec_tiny_1_HOM_HALF,0.29494378,0.38123882,0.3642097,0.42502505,0.39048234,0.44242266
brief,P,word2vec_tiny_1_HOM_HALF,0.27980292,0.3214962,0.3294588,0.37305936,0.35204005,0.4121698
unpack,P,word2vec_tiny_1_HOM_HALF,0.37310454,0.49582845,0.50762093,0.6643747,0.5555417,0.684114
mansion,P,word2vec_tiny_1_HOM_HALF,0.31138426,0.38356537,0.3731451,0.45099634,0.39721122,0.47104853
bun,P,word2vec_tiny_1_HOM_HALF,0.38264447,0.4692603,0.4740072,0.60191023,0.50907916,0.619313
possession,P,word2vec_tiny_1_HOM_HALF,0.27905625,0.3574242,0.3478512,0.41384858,0.37435612,0.4285507
blackboard,M,word2vec_tiny_1_HOM_HALF,0.31684488,0.41404176,0.4302067,0.55830663,0.48353732,0.6236838
teenager,M,word2vec_tiny_1_HOM_HALF,0.25863314,0.28688332,0.29364124,0.31656635,0.30827266,0.32767823
broad,P,word2vec_tiny_1_HOM_HALF,0.28323868,0.33485848,0.33957058,0.36714175,0.36158335,0.39463755
thick,P,word2vec_tiny_1_HOM_HALF,0.382618,0.4680594,0.5005676,0.61831665,0.55034906,0.67651534
brute,P,word2vec_tiny_1_HOM_HALF,0.2207799,0.21887608,0.25700763,0.2702309,0.2732787,0.28003052
gloomy,P,word2vec_tiny_1_HOM_HALF,0.35847574,0.4849349,0.48437747,0.63477695,0.5359487,0.6666712
lizard,P,word2vec_tiny_1_HOM_HALF,0.29030308,0.40619296,0.42478177,0.56579435,0.48074546,0.62892914
ransom,P,word2vec_tiny_1_HOM_HALF,0.17175119,0.19929306,0.20038842,0.22110671,0.2137183,0.22746968
pap,P,word2vec_tiny_1_HOM_HALF,0.3188013,0.36550292,0.37498397,0.4212789,0.39443183,0.43561512
section,P,word2vec_tiny_1_HOM_HALF,0.34298342,0.4037958,0.46454766,0.5557447,0.51315206,0.59770554
muck,P,word2vec_tiny_1_HOM_HALF,0.25140366,0.3079576,0.3373745,0.42859873,0.3692491,0.45668218
wooden,P,word2vec_tiny_1_HOM_HALF,0.44313312,0.5410038,0.52047753,0.64463204,0.5503531,0.65539646
heartbeat,M,word2vec_tiny_1_HOM_HALF,0.33765858,0.40451217,0.40575087,0.48454657,0.4372758,0.50208694
sturdy,P,word2vec_tiny_1_HOM_HALF,0.35177416,0.40458867,0.42766464,0.49823993,0.4559627,0.5331554
dive,P,word2vec_tiny_1_HOM_HALF,0.35732836,0.4858824,0.4604887,0.57077676,0.50763834,0.60363024
smile,P,word2vec_tiny_1_HOM_HALF,0.4105146,0.5522227,0.5187633,0.52083826,0.549317,0.5099671
shelf,P,word2vec_tiny_1_HOM_HALF,0.33814687,0.42790863,0.48236734,0.6059758,0.54061234,0.67205244
product,P,word2vec_tiny_1_HOM_HALF,0.30549598,0.37004447,0.36035758,0.43471295,0.3831233,0.45463213
frighten,P,word2vec_tiny_1_HOM_HALF,0.30306023,0.38797665,0.3718476,0.42507812,0.4032289,0.4509207
worm,P,word2vec_tiny_1_HOM_HALF,0.27007812,0.371142,0.39066094,0.5483753,0.44238767,0.60489386
eldest,M,word2vec_tiny_1_HOM_HALF,0.2929597,0.355626,0.363798,0.4067298,0.38918567,0.40808883
ointment,M,word2vec_tiny_1_HOM_HALF,0.2918254,0.36174935,0.3846013,0.46536973,0.41976288,0.49850732
chunk,P,word2vec_tiny_1_HOM_HALF,0.327407,0.41637582,0.39464942,0.47214007,0.423661,0.49421582
glance,P,word2vec_tiny_1_HOM_HALF,0.29265565,0.36459243,0.35158527,0.41865668,0.37374184,0.43262455
collar,P,word2vec_tiny_1_HOM_HALF,0.30773166,0.37141487,0.43392876,0.5830048,0.48810402,0.64651066
toothpick,M,word2vec_tiny_1_HOM_HALF,0.26535386,0.3352706,0.32989886,0.44744083,0.36245126,0.48633602
meteor,M,word2vec_tiny_1_HOM_HALF,0.3060353,0.3804951,0.37239182,0.454331,0.4021756,0.4865809
physical,P,word2vec_tiny_1_HOM_HALF,0.20033641,0.23021731,0.2523693,0.30264544,0.27956238,0.32935387
windshield,P,word2vec_tiny_1_HOM_HALF,0.28278157,0.36723304,0.36033604,0.4620041,0.39538825,0.50461936
filthy,P,word2vec_tiny_1_HOM_HALF,0.33708948,0.48104736,0.48334956,0.6451161,0.5326917,0.68103445
rubble,P,word2vec_tiny_1_HOM_HALF,0.3426079,0.395933,0.4065456,0.45220426,0.4391379,0.48361796
timber,P,word2vec_tiny_1_HOM_HALF,0.30454272,0.360289,0.35964325,0.42661622,0.3792582,0.44431347
colleague,M,word2vec_tiny_1_HOM_HALF,0.17083365,0.18486673,0.19701229,0.21051233,0.20828182,0.22441709
angry,P,word2vec_tiny_1_HOM_HALF,0.36643043,0.479699,0.48754027,0.6382313,0.5311042,0.6719262
cobbler,P,word2vec_tiny_1_HOM_HALF,0.19697884,0.20870613,0.22849245,0.23783454,0.24140897,0.2448846
depth,P,word2vec_tiny_1_HOM_HALF,0.31657112,0.3845068,0.37689355,0.45230323,0.40082872,0.47105795
screen,P,word2vec_tiny_1_HOM_HALF,0.2818789,0.40735736,0.42234126,0.58896536,0.47705892,0.64491594
arrange,P,word2vec_tiny_1_HOM_HALF,0.3217307,0.4113283,0.41074222,0.50670594,0.4437502,0.54123384
penny,P,word2vec_tiny_1_HOM_HALF,0.3118398,0.36164978,0.43572453,0.5656913,0.4754099,0.5842083
acquire,P,word2vec_tiny_1_HOM_HALF,0.16457532,0.17000797,0.19552252,0.21926999,0.21036562,0.2344009
cactus,M,word2vec_tiny_1_HOM_HALF,0.3344412,0.41725692,0.44805327,0.5800552,0.49440667,0.63505745
bend,P,word2vec_tiny_1_HOM_HALF,0.40802914,0.5542493,0.5253727,0.6733773,0.56742233,0.7023671
cancel,P,word2vec_tiny_1_HOM_HALF,0.30032462,0.3397969,0.38050395,0.39400864,0.40982315,0.4093892
squirt,P,word2vec_tiny_1_HOM_HALF,0.3480929,0.38248333,0.42777973,0.48065192,0.46029007,0.5250862
mayonnaise,M,word2vec_tiny_1_HOM_HALF,0.18037435,0.21832627,0.25197607,0.31656978,0.28921315,0.3691622
chat,P,word2vec_tiny_1_HOM_HALF,0.42911872,0.48525348,0.5053404,0.5613222,0.5291702,0.5578558
renew,P,word2vec_tiny_1_HOM_HALF,0.13858458,0.16151448,0.16625859,0.1844889,0.17936796,0.20467186
wardrobe,P,word2vec_tiny_1_HOM_HALF,0.32911715,0.43211114,0.45515275,0.60352576,0.50918204,0.6593999
cunning,P,word2vec_tiny_1_HOM_HALF,0.25516358,0.3253204,0.31904095,0.39774433,0.34557116,0.42653424
liberty,P,word2vec_tiny_1_HOM_HALF,0.22815886,0.25414973,0.30045387,0.3657407,0.3306762,0.38626465
vibrant,P,word2vec_tiny_1_HOM_HALF,0.24293146,0.33681786,0.3364868,0.44050547,0.3779139,0.48456064
term,P,word2vec_tiny_1_HOM_HALF,0.23430042,0.19164528,0.2781065,0.25103903,0.29793692,0.2604962
tar,H,word2vec_tiny_1_HOM_HALF,0.31601325,0.40496734,0.37761796,0.47993287,0.39931792,0.47195426
cup,P,word2vec_tiny_1_HOM_HALF,0.26789194,0.3839895,0.40484965,0.5468473,0.45645404,0.5771728
lawman,M,word2vec_tiny_1_HOM_HALF,0.21831226,0.22585495,0.2519899,0.23066255,0.2651117,0.2489045
spa,P,word2vec_tiny_1_HOM_HALF,0.34281617,0.41859832,0.40222812,0.44873038,0.4279689,0.4639319
shuffle,P,word2vec_tiny_1_HOM_HALF,0.2859235,0.34109756,0.34631172,0.42252052,0.37314376,0.45041496
rust,P,word2vec_tiny_1_HOM_HALF,0.29859573,0.39800394,0.38261428,0.49203634,0.42001542,0.5239775
bone,P,word2vec_tiny_1_HOM_HALF,0.37982184,0.51437837,0.46865928,0.6217416,0.5072544,0.65496445
huddle,P,word2vec_tiny_1_HOM_HALF,0.34316283,0.35815674,0.4086876,0.3474823,0.43025777,0.34190312
coffin,M,word2vec_tiny_1_HOM_HALF,0.29716864,0.33057475,0.3400571,0.36125517,0.35818782,0.36935928
annual,P,word2vec_tiny_1_HOM_HALF,0.2448773,0.3136317,0.31619373,0.4047791,0.35239923,0.440792
poop,H,word2vec_tiny_1_HOM_HALF,0.33536968,0.40361702,0.4260345,0.49378327,0.46564865,0.5416839
carbon,P,word2vec_tiny_1_HOM_HALF,0.22500435,0.055593416,0.2799667,0.17640923,0.333096,0.35061508
tiresome,P,word2vec_tiny_1_HOM_HALF,0.1721783,0.1906268,0.1986185,0.22056599,0.20935386,0.23125602
octopus,P,word2vec_tiny_1_HOM_HALF,0.18569878,0.24584408,0.3244959,0.43787232,0.40063354,0.5388503
spout,P,word2vec_tiny_1_HOM_HALF,0.31309947,0.37246594,0.40308067,0.49543437,0.43754664,0.53361404
dibs,P,word2vec_tiny_1_HOM_HALF,0.258106,0.29287502,0.30678958,0.3068931,0.32611373,0.33308178
illegal,P,word2vec_tiny_1_HOM_HALF,0.27919608,0.30532485,0.33869466,0.395845,0.36197913,0.4224979
map,P,word2vec_tiny_1_HOM_HALF,0.3689769,0.47960415,0.4826442,0.6177054,0.5255027,0.6604863
nearby,P,word2vec_tiny_1_HOM_HALF,0.41471377,0.49535033,0.47688848,0.49233013,0.49865723,0.5066473
precision,P,word2vec_tiny_1_HOM_HALF,0.25795725,0.3070709,0.32573768,0.38854063,0.34915924,0.42893758
everyday,P,word2vec_tiny_1_HOM_HALF,0.437972,0.54878753,0.52516466,0.5674662,0.54961735,0.5292627
bake,P,word2vec_tiny_1_HOM_HALF,0.3175456,0.4022718,0.442641,0.52248144,0.48970795,0.5464655
disappoint,P,word2vec_tiny_1_HOM_HALF,0.3787395,0.40249088,0.4458531,0.4559678,0.4663699,0.45265868
ingenious,P,word2vec_tiny_1_HOM_HALF,0.16570505,0.17660712,0.1934181,0.20913833,0.20553815,0.21948491
pride,P,word2vec_tiny_1_HOM_HALF,0.28716713,0.3657698,0.3740668,0.42976397,0.40427715,0.44619638
bat,H,word2vec_tiny_1_HOM_HALF,0.36770627,0.43252426,0.4930462,0.6101137,0.537406,0.6516973
version,P,word2vec_tiny_1_HOM_HALF,0.29377407,0.2862666,0.35214388,0.34152988,0.37774062,0.37339267
thirsty,P,word2vec_tiny_1_HOM_HALF,0.41497794,0.5499881,0.5411402,0.6656134,0.58342946,0.6906074
equipment,P,word2vec_tiny_1_HOM_HALF,0.38623545,0.5190921,0.4645613,0.6157675,0.50427294,0.66099226
disgust,P,word2vec_tiny_1_HOM_HALF,0.23472002,0.3138883,0.30606803,0.41955766,0.33648482,0.45540914
organic,P,word2vec_tiny_1_HOM_HALF,0.19133082,0.24048615,0.22978927,0.29715222,0.24647997,0.31350315
launch,H,word2vec_tiny_1_HOM_HALF,0.40374708,0.49402767,0.49723583,0.59221697,0.53010124,0.6193332
clue,P,word2vec_tiny_1_HOM_HALF,0.4200678,0.55192924,0.52363086,0.6333043,0.5564597,0.6339498
modest,P,word2vec_tiny_1_HOM_HALF,0.2822525,0.36256036,0.4159775,0.54968625,0.4851491,0.6085098
novelist,M,word2vec_tiny_1_HOM_HALF,0.19386546,0.20033419,0.22381864,0.23617019,0.23675637,0.24481568
beige,M,word2vec_tiny_1_HOM_HALF,0.27255562,0.33118463,0.31944847,0.39275476,0.3370894,0.40142095
tap,H,word2vec_tiny_1_HOM_HALF,0.34816957,0.46776214,0.4710234,0.6098904,0.51517266,0.6546778
courageous,M,word2vec_tiny_1_HOM_HALF,0.29309765,0.39337784,0.36165532,0.44706503,0.38811094,0.4594315
bounty,P,word2vec_tiny_1_HOM_HALF,0.28911176,0.3280925,0.34363627,0.39271656,0.36684012,0.42601964
nerve,P,word2vec_tiny_1_HOM_HALF,0.21322909,0.24055521,0.24319628,0.26106554,0.25445944,0.27082264
brew,P,word2vec_tiny_1_HOM_HALF,0.27106255,0.3509792,0.35745487,0.43328476,0.39143503,0.4708392
balloon,P,word2vec_tiny_1_HOM_HALF,0.36865097,0.50224614,0.4826354,0.6306157,0.5218904,0.6644878
neighbor,P,word2vec_tiny_1_HOM_HALF,0.3581223,0.3992653,0.4734797,0.51317596,0.51055723,0.51281404
pepperoni,M,word2vec_tiny_1_HOM_HALF,0.28382784,0.3253702,0.40019262,0.42454764,0.44905594,0.47058892
volcano,P,word2vec_tiny_1_HOM_HALF,0.36199746,0.50456125,0.46369117,0.62053514,0.5091019,0.6658146
instructor,M,word2vec_tiny_1_HOM_HALF,0.25304988,0.32165283,0.30829942,0.3969308,0.3331139,0.424053
worthwhile,M,word2vec_tiny_1_HOM_HALF,0.23243995,0.2557545,0.27732334,0.30072528,0.30024663,0.3292078
photograph,P,word2vec_tiny_1_HOM_HALF,0.2884477,0.36073005,0.3301342,0.39944965,0.34781304,0.41213477
safari,P,word2vec_tiny_1_HOM_HALF,0.3265061,0.41604882,0.46149006,0.6118648,0.5189935,0.6721829
startle,P,word2vec_tiny_1_HOM_HALF,0.27844763,0.32091212,0.33331764,0.3743901,0.3554391,0.39115873
rubbish,P,word2vec_tiny_1_HOM_HALF,0.3254369,0.43919045,0.43647182,0.549083,0.47343168,0.5736612
devious,P,word2vec_tiny_1_HOM_HALF,0.18590906,0.21564892,0.21440677,0.24644731,0.2263525,0.25109777
unwanted,M,word2vec_tiny_1_HOM_HALF,0.28422466,0.28839925,0.33696994,0.37273774,0.36286378,0.40445313
poetry,P,word2vec_tiny_1_HOM_HALF,0.27278438,0.33781853,0.32665852,0.41225988,0.3509231,0.4386635
flick,P,word2vec_tiny_1_HOM_HALF,0.36676186,0.44333136,0.4478764,0.5465102,0.4836017,0.586783
sculpture,P,word2vec_tiny_1_HOM_HALF,0.3373965,0.41056097,0.42022443,0.49819717,0.4523452,0.52730906
burden,H,word2vec_tiny_1_HOM_HALF,0.29845876,0.29151866,0.3523177,0.3379405,0.37221986,0.36601412
dependent,P,word2vec_tiny_1_HOM_HALF,0.242877,0.22820008,0.277454,0.25325045,0.29096892,0.25546563
enjoyable,M,word2vec_tiny_1_HOM_HALF,0.3395812,0.40744117,0.41068858,0.44110626,0.4361561,0.4499167
bandit,P,word2vec_tiny_1_HOM_HALF,0.29968008,0.3790276,0.34889594,0.40237865,0.36922416,0.42622304
commotion,P,word2vec_tiny_1_HOM_HALF,0.40797663,0.45420554,0.48161766,0.5047684,0.5095987,0.53663385
rum,M,word2vec_tiny_1_HOM_HALF,0.26305014,0.3286479,0.32880583,0.33818686,0.35680836,0.3826724
conclusion,P,word2vec_tiny_1_HOM_HALF,0.26774782,0.28637365,0.30678967,0.31965053,0.32455567,0.34526733
shock,H,word2vec_tiny_1_HOM_HALF,0.42347312,0.49747258,0.50037825,0.62363434,0.53044176,0.6216681
horde,P,word2vec_tiny_1_HOM_HALF,0.26148564,0.31277844,0.30649367,0.37431574,0.32412475,0.38601112
menu,P,word2vec_tiny_1_HOM_HALF,0.37923324,0.4835938,0.483574,0.59121907,0.5281745,0.6410248
technology,P,word2vec_tiny_1_HOM_HALF,0.262705,0.33774456,0.30946454,0.39284742,0.33092058,0.41498607
arrival,P,word2vec_tiny_1_HOM_HALF,0.30333665,0.37169787,0.38000163,0.43952417,0.40879813,0.4651167
weakness,P,word2vec_tiny_1_HOM_HALF,0.27297422,0.29087806,0.3167894,0.330481,0.33978623,0.34896803
claim,P,word2vec_tiny_1_HOM_HALF,0.36033115,0.41110846,0.41514188,0.44647822,0.43559897,0.46702325
dusk,M,word2vec_tiny_1_HOM_HALF,0.27605325,0.33713582,0.34475064,0.41741693,0.37326646,0.44084147
miraculous,P,word2vec_tiny_1_HOM_HALF,0.31179848,0.3692231,0.3921168,0.4274163,0.4185111,0.45320913
snort,P,word2vec_tiny_1_HOM_HALF,0.25853926,0.32643777,0.33390442,0.43102607,0.3750068,0.47655946
fragrance,P,word2vec_tiny_1_HOM_HALF,0.23209906,0.3466404,0.32964793,0.4474966,0.3680809,0.49382392
wilderness,P,word2vec_tiny_1_HOM_HALF,0.26771852,0.33256927,0.32891196,0.41674477,0.35613927,0.44291615
swing,P,word2vec_tiny_1_HOM_HALF,0.33531374,0.48029274,0.47914183,0.63382286,0.5273748,0.6751742
rodeo,M,word2vec_tiny_1_HOM_HALF,0.19423684,0.22223221,0.22287017,0.24706745,0.23856108,0.25943574
turnip,P,word2vec_tiny_1_HOM_HALF,0.25118417,0.2594859,0.30755612,0.34395412,0.33604157,0.39157632
bash,P,word2vec_tiny_1_HOM_HALF,0.21256843,0.23260564,0.24267416,0.26839337,0.25401008,0.2743202
energetic,P,word2vec_tiny_1_HOM_HALF,0.35169122,0.47481593,0.41889423,0.46326548,0.4405814,0.46075776
resolve,P,word2vec_tiny_1_HOM_HALF,0.22393844,0.25215977,0.295251,0.341647,0.3244365,0.36329535
string,P,word2vec_tiny_1_HOM_HALF,0.27244455,0.39509284,0.41551235,0.5678301,0.47213745,0.6179625
attract,P,word2vec_tiny_1_HOM_HALF,0.36426002,0.46345508,0.4428193,0.52637315,0.47340554,0.5513266
ordeal,P,word2vec_tiny_1_HOM_HALF,0.16513611,0.19368698,0.19372138,0.24129748,0.20688847,0.2518037
luxury,P,word2vec_tiny_1_HOM_HALF,0.46463928,0.557632,0.53738266,0.6197094,0.56234854,0.590854
embassy,P,word2vec_tiny_1_HOM_HALF,0.16932455,0.17474218,0.19575582,0.20592462,0.20906338,0.22373317
glove,P,word2vec_tiny_1_HOM_HALF,0.2594785,0.3503825,0.38361123,0.5182291,0.44525382,0.60196024
personal,P,word2vec_tiny_1_HOM_HALF,0.2590777,0.28843883,0.31567937,0.356417,0.34022143,0.38203573
claw,P,word2vec_tiny_1_HOM_HALF,0.3641776,0.49144202,0.4659683,0.5891344,0.5072534,0.62100744
mannequin,P,word2vec_tiny_1_HOM_HALF,0.25862285,0.2915805,0.32928386,0.34417534,0.35351408,0.35200304
nudge,P,word2vec_tiny_1_HOM_HALF,0.2761627,0.3295822,0.35541162,0.43629274,0.38811722,0.48198622
washroom,M,word2vec_tiny_1_HOM_HALF,0.20927033,0.2571043,0.25586423,0.28147033,0.27365306,0.28824893
rally,H,word2vec_tiny_1_HOM_HALF,0.18789975,0.22094746,0.22567134,0.25713342,0.24153385,0.2636266
estate,P,word2vec_tiny_1_HOM_HALF,0.22643499,0.23269095,0.2578483,0.2778713,0.270543,0.2922161
stomp,P,word2vec_tiny_1_HOM_HALF,0.40859288,0.48105034,0.4979232,0.56808096,0.5302046,0.6023817
safety,P,word2vec_tiny_1_HOM_HALF,0.3905544,0.43955868,0.44556355,0.45927218,0.46834138,0.46726495
unwilling,P,word2vec_tiny_1_HOM_HALF,0.26076552,0.28492358,0.29576924,0.30350345,0.31058273,0.31300017
clip,H,word2vec_tiny_1_HOM_HALF,0.31682542,0.3975502,0.4050162,0.5192304,0.43874472,0.55561906
mayor,M,word2vec_tiny_1_HOM_HALF,0.32619157,0.41033363,0.41326782,0.50797117,0.44506127,0.52866596
machine,P,word2vec_tiny_1_HOM_HALF,0.36432168,0.493125,0.46367684,0.6074824,0.5030506,0.63829666
honesty,P,word2vec_tiny_1_HOM_HALF,0.2723263,0.3119591,0.3444484,0.35870388,0.37296218,0.37932622
genie,M,word2vec_tiny_1_HOM_HALF,0.4200395,0.46320534,0.5066547,0.5334568,0.535608,0.5259314
sharp,P,word2vec_tiny_1_HOM_HALF,0.37851703,0.51946646,0.47936553,0.6078736,0.52184194,0.6312904
plaid,P,word2vec_tiny_1_HOM_HALF,0.2604142,0.33524436,0.3516983,0.4408541,0.3944303,0.49107665
smother,P,word2vec_tiny_1_HOM_HALF,0.2200088,0.23099121,0.25935796,0.25306702,0.27364767,0.26103926
airport,M,word2vec_tiny_1_HOM_HALF,0.28903216,0.41248673,0.42181113,0.5774971,0.4821378,0.63982385
rate,H,word2vec_tiny_1_HOM_HALF,0.18067284,0.21907151,0.20770398,0.25545892,0.22009903,0.2711467
bonfire,M,word2vec_tiny_1_HOM_HALF,0.31295863,0.41428307,0.3905281,0.48767802,0.41676876,0.50692135
yoga,P,word2vec_tiny_1_HOM_HALF,0.37727278,0.48783273,0.4925539,0.6054362,0.53189695,0.63067615
tablet,P,word2vec_tiny_1_HOM_HALF,0.30482787,0.38416252,0.4431144,0.55985457,0.49591827,0.62138855
calendar,P,word2vec_tiny_1_HOM_HALF,0.31350034,0.36158863,0.40962905,0.5316621,0.46069488,0.6070451
pawn,H,word2vec_tiny_1_HOM_HALF,0.35187104,0.452425,0.43629083,0.5223525,0.46415043,0.5481081
limbo,H,word2vec_tiny_1_HOM_HALF,0.19227995,0.20485204,0.22617505,0.23950107,0.24200298,0.25580195
background,P,word2vec_tiny_1_HOM_HALF,0.36732465,0.39626694,0.43205,0.49540415,0.46093637,0.5267688
endless,P,word2vec_tiny_1_HOM_HALF,0.3313622,0.39970192,0.383341,0.46002895,0.40899116,0.47777733
tag,H,word2vec_tiny_1_HOM_HALF,0.4244514,0.5573311,0.5510867,0.6606509,0.5856386,0.6574686
needle,P,word2vec_tiny_1_HOM_HALF,0.30983332,0.4389938,0.42785922,0.5776423,0.47515792,0.62229973
attach,P,word2vec_tiny_1_HOM_HALF,0.3341561,0.47685164,0.46445373,0.6418694,0.52307266,0.6907877
catfish,M,word2vec_tiny_1_HOM_HALF,0.298769,0.36661518,0.36147577,0.44788417,0.38763323,0.4695153
slick,H,word2vec_tiny_1_HOM_HALF,0.33902413,0.39430946,0.39524966,0.44842237,0.42061284,0.4698163
seat,P,word2vec_tiny_1_HOM_HALF,0.36362004,0.5194948,0.4655807,0.62990254,0.5130697,0.6665226
yarn,P,word2vec_tiny_1_HOM_HALF,0.36277562,0.46016198,0.46593937,0.6101521,0.5096186,0.6571204
outburst,M,word2vec_tiny_1_HOM_HALF,0.22565122,0.28846636,0.26945552,0.34432986,0.28802052,0.3680392
diamond,P,word2vec_tiny_1_HOM_HALF,0.21610577,0.3115628,0.39706084,0.5549397,0.4646425,0.61810225
lipstick,M,word2vec_tiny_1_HOM_HALF,0.36641067,0.46536675,0.46920204,0.58592224,0.5083198,0.6248897
bead,P,word2vec_tiny_1_HOM_HALF,0.32374042,0.39712697,0.40796146,0.5289894,0.4455271,0.57285506
staircase,M,word2vec_tiny_1_HOM_HALF,0.33404854,0.38681653,0.43568447,0.52420354,0.4712289,0.5374585
medicine,P,word2vec_tiny_1_HOM_HALF,0.32515863,0.4209314,0.42342278,0.5312702,0.46718735,0.56418186
penalty,P,word2vec_tiny_1_HOM_HALF,0.26220062,0.26444295,0.29868442,0.30936626,0.31489488,0.318818
hydrant,M,word2vec_tiny_1_HOM_HALF,0.31562454,0.40979356,0.4012951,0.49992988,0.44110176,0.5343967
baboon,M,word2vec_tiny_1_HOM_HALF,0.15834567,0.18536457,0.18480851,0.21609116,0.19623554,0.2259896
holler,P,word2vec_tiny_1_HOM_HALF,0.19004408,0.20016724,0.21729155,0.23242708,0.22932859,0.24090242
nap,H,word2vec_tiny_1_HOM_HALF,0.34123474,0.42236462,0.49199364,0.5943053,0.5485793,0.62336004
pattern,P,word2vec_tiny_1_HOM_HALF,0.3670538,0.4703318,0.44375283,0.57473534,0.48015967,0.6101258
banjo,M,word2vec_tiny_1_HOM_HALF,0.2915734,0.33953232,0.335104,0.39052424,0.3526997,0.41129005
warehouse,P,word2vec_tiny_1_HOM_HALF,0.349761,0.42451623,0.40949157,0.48298436,0.4326944,0.50415456
exotic,P,word2vec_tiny_1_HOM_HALF,0.27328646,0.3528875,0.36219257,0.46781054,0.39812478,0.5030699
dodo,P,word2vec_tiny_1_HOM_HALF,0.22871992,0.28118217,0.3283759,0.41493422,0.39523545,0.49590093
sap,H,word2vec_tiny_1_HOM_HALF,0.3473929,0.43787888,0.41584653,0.5133741,0.4459188,0.5417641
elegant,P,word2vec_tiny_1_HOM_HALF,0.30362555,0.3521734,0.36809435,0.47798458,0.39857677,0.50099474
speed,P,word2vec_tiny_1_HOM_HALF,0.33578858,0.43520874,0.4359991,0.52381545,0.4751817,0.5528718
wax,H,word2vec_tiny_1_HOM_HALF,0.3659828,0.43448082,0.43253097,0.5076916,0.4599043,0.54064673
sapphire,P,word2vec_tiny_1_HOM_HALF,0.32494628,0.41337383,0.3792184,0.47337902,0.40286285,0.48749194
camel,M,word2vec_tiny_1_HOM_HALF,0.362343,0.40055543,0.4777245,0.5480373,0.52321583,0.611538
system,P,word2vec_tiny_1_HOM_HALF,0.31574547,0.39555427,0.39289024,0.4896358,0.42433006,0.51860934
freshen,P,word2vec_tiny_1_HOM_HALF,0.12860096,0.13904947,0.15633453,0.18107997,0.16754116,0.19935462
silent,P,word2vec_tiny_1_HOM_HALF,0.4133938,0.50327826,0.4720462,0.54652435,0.49667975,0.5379124
checkup,M,word2vec_tiny_1_HOM_HALF,0.30876768,0.37046406,0.42561725,0.51471686,0.4768963,0.5561962
weaken,P,word2vec_tiny_1_HOM_HALF,0.19948407,0.23173726,0.22933117,0.2628365,0.2423964,0.26487043
chatter,P,word2vec_tiny_1_HOM_HALF,0.34495264,0.41614464,0.42719305,0.5137493,0.46227255,0.54063886
approval,P,word2vec_tiny_1_HOM_HALF,0.30493364,0.3758275,0.36711648,0.41137066,0.3907776,0.42192948
blow,H,word2vec_tiny_1_HOM_HALF,0.42941457,0.5864352,0.5364238,0.67886984,0.57166374,0.68837893
poet,P,word2vec_tiny_1_HOM_HALF,0.28766307,0.34561378,0.357099,0.42636803,0.3872217,0.44576114
teamwork,M,word2vec_tiny_1_HOM_HALF,0.35315147,0.3157003,0.42976797,0.36146578,0.46377358,0.39318156
ripple,P,word2vec_tiny_1_HOM_HALF,0.24140163,0.2946249,0.3240938,0.40903717,0.3616924,0.4549589
brig,P,word2vec_tiny_1_HOM_HALF,0.20550308,0.21685803,0.23260963,0.23586884,0.24546257,0.2567454
kangaroo,M,word2vec_tiny_1_HOM_HALF,0.23844762,0.32647225,0.37070128,0.4922652,0.4281147,0.55928326
empire,P,word2vec_tiny_1_HOM_HALF,0.2062145,0.21735355,0.2466063,0.20329376,0.279978,0.3353312
rightful,P,word2vec_tiny_1_HOM_HALF,0.3594329,0.4212871,0.41880077,0.44529966,0.44281417,0.4560696
overseas,P,word2vec_tiny_1_HOM_HALF,0.20674042,0.25287092,0.25155792,0.28021315,0.2678326,0.29503688
tickle,P,word2vec_tiny_1_HOM_HALF,0.35474715,0.42418212,0.45997673,0.5337938,0.49377346,0.5597133
spook,P,word2vec_tiny_1_HOM_HALF,0.21433353,0.2208419,0.250259,0.2534618,0.26484093,0.27337286
material,P,word2vec_tiny_1_HOM_HALF,0.3585314,0.42529547,0.42327583,0.49982154,0.44840378,0.5229621
celery,M,word2vec_tiny_1_HOM_HALF,0.22113268,0.29302377,0.314127,0.42916274,0.37416667,0.4935036
trade,P,word2vec_tiny_1_HOM_HALF,0.41557312,0.5460917,0.5280007,0.6600119,0.56437737,0.65074617
chill,P,word2vec_tiny_1_HOM_HALF,0.30614865,0.3815305,0.38726866,0.44008052,0.4221303,0.47371694
award,P,word2vec_tiny_1_HOM_HALF,0.23285823,0.29947582,0.31408,0.39954028,0.34566945,0.42965356
waterfall,M,word2vec_tiny_1_HOM_HALF,0.3360274,0.39298335,0.41151223,0.49785596,0.4481675,0.5376017
nightly,P,word2vec_tiny_1_HOM_HALF,0.2742052,0.35453355,0.3123634,0.36331773,0.32950097,0.38634604
reindeer,M,word2vec_tiny_1_HOM_HALF,0.28304085,0.36762947,0.39994964,0.5367979,0.4573423,0.5903903
force,P,word2vec_tiny_1_HOM_HALF,0.36625725,0.44480872,0.41718498,0.46777013,0.4372758,0.46945357
extreme,P,word2vec_tiny_1_HOM_HALF,0.16180778,0.19178048,0.18984924,0.22347097,0.20259064,0.23492482
shiver,H,word2vec_tiny_1_HOM_HALF,0.3559963,0.49621254,0.4854375,0.609961,0.5307432,0.63405645
portion,P,word2vec_tiny_1_HOM_HALF,0.24431805,0.26328236,0.30566043,0.33013132,0.33453235,0.3778979
lull,P,word2vec_tiny_1_HOM_HALF,0.2080415,0.25182042,0.2504319,0.2728303,0.26749107,0.27668482
gut,P,word2vec_tiny_1_HOM_HALF,0.24543516,0.28824797,0.32853562,0.35117647,0.35626048,0.3812443
crawl,P,word2vec_tiny_1_HOM_HALF,0.42746058,0.58043617,0.5216067,0.6711469,0.5613177,0.679634
verb,M,word2vec_tiny_1_HOM_HALF,0.27175263,0.33785462,0.34719738,0.4326201,0.37894383,0.4636486
treatment,P,word2vec_tiny_1_HOM_HALF,0.2522555,0.31150642,0.3264533,0.40716356,0.3556393,0.42419776
surrender,P,word2vec_tiny_1_HOM_HALF,0.4096187,0.55239725,0.49369162,0.5827209,0.51858544,0.5656875
applaud,P,word2vec_tiny_1_HOM_HALF,0.3553703,0.4282357,0.50986683,0.6256625,0.5553996,0.6357828
dairy,P,word2vec_tiny_1_HOM_HALF,0.26635537,0.2738081,0.31092516,0.32945985,0.33343574,0.35975236
roadblock,P,word2vec_tiny_1_HOM_HALF,0.16140369,0.20675215,0.18851939,0.23759781,0.20190936,0.2457568
carve,P,word2vec_tiny_1_HOM_HALF,0.35916194,0.4442561,0.44594055,0.5132885,0.4796972,0.539984
colorful,P,word2vec_tiny_1_HOM_HALF,0.33813435,0.4306163,0.4564735,0.6102074,0.51236826,0.67063266
petite,P,word2vec_tiny_1_HOM_HALF,0.24716489,0.26981148,0.28813952,0.29973876,0.3031601,0.3018242
struggle,P,word2vec_tiny_1_HOM_HALF,0.42009264,0.53621215,0.5304646,0.67697275,0.5709864,0.6947761
cluster,P,word2vec_tiny_1_HOM_HALF,0.28807098,0.34368405,0.35167035,0.44631177,0.38116395,0.4855281
exam,M,word2vec_tiny_1_HOM_HALF,0.32586545,0.42393383,0.45068038,0.5597582,0.50052834,0.6038304
motivate,M,word2vec_tiny_1_HOM_HALF,0.1566356,0.18435946,0.19262443,0.23297884,0.21159184,0.25223795
wizard,P,word2vec_tiny_1_HOM_HALF,0.29088458,0.4043922,0.3763861,0.489437,0.4084443,0.5051421
math,M,word2vec_tiny_1_HOM_HALF,0.29538235,0.40005642,0.40005073,0.5224131,0.45046684,0.557871
creator,P,word2vec_tiny_1_HOM_HALF,0.28496718,0.3577085,0.33228752,0.3887374,0.3511445,0.40856767
bump,P,word2vec_tiny_1_HOM_HALF,0.39548385,0.48960578,0.49486202,0.56668127,0.53124094,0.60454404
greasy,P,word2vec_tiny_1_HOM_HALF,0.24011703,0.32979476,0.29430503,0.39405602,0.32273266,0.42832485
buzzer,M,word2vec_tiny_1_HOM_HALF,0.2941852,0.39522254,0.3840922,0.48016512,0.41382954,0.49643937
zombie,P,word2vec_tiny_1_HOM_HALF,0.2899476,0.3454022,0.3332791,0.4007603,0.3543538,0.41671318
payment,P,word2vec_tiny_1_HOM_HALF,0.27141327,0.33145425,0.32242575,0.40417793,0.34553665,0.42824394
almond,P,word2vec_tiny_1_HOM_HALF,0.18381459,0.21209465,0.23180315,0.2860555,0.26160118,0.32810077
cling,P,word2vec_tiny_1_HOM_HALF,0.24971259,0.2946969,0.29045913,0.3309709,0.30793077,0.34460756
grin,P,word2vec_tiny_1_HOM_HALF,0.35661358,0.42177948,0.46310067,0.48351714,0.49220264,0.48628697
terrific,P,word2vec_tiny_1_HOM_HALF,0.29940027,0.37148848,0.3591037,0.4175816,0.38107055,0.43706325
absence,P,word2vec_tiny_1_HOM_HALF,0.21791342,0.25172338,0.26004997,0.32233265,0.28078446,0.34368527
examine,P,word2vec_tiny_1_HOM_HALF,0.40867358,0.5537641,0.52212393,0.6936288,0.56743795,0.7223185
unlucky,P,word2vec_tiny_1_HOM_HALF,0.35884422,0.43822154,0.4187705,0.46114737,0.44079602,0.48082206
creative,P,word2vec_tiny_1_HOM_HALF,0.3379438,0.4495427,0.47180688,0.6217886,0.5229995,0.65016085
rake,H,word2vec_tiny_1_HOM_HALF,0.34513003,0.47904328,0.44629514,0.60747266,0.49118844,0.6581991
container,P,word2vec_tiny_1_HOM_HALF,0.319093,0.4117052,0.3959283,0.49373153,0.42934823,0.5262163
text,P,word2vec_tiny_1_HOM_HALF,0.25316423,0.31328914,0.30251244,0.35250723,0.32730263,0.3686856
prowl,P,word2vec_tiny_1_HOM_HALF,0.21034972,0.2569211,0.24475856,0.27603614,0.2591242,0.2871558
bully,H,word2vec_tiny_1_HOM_HALF,0.37130675,0.4390941,0.4510445,0.5292889,0.4821262,0.5390811
cherry,P,word2vec_tiny_1_HOM_HALF,0.21375322,0.26025212,0.37260082,0.4812961,0.44230938,0.54924905
waiter,P,word2vec_tiny_1_HOM_HALF,0.346178,0.43738738,0.4471587,0.519464,0.4836303,0.5303187
daybreak,M,word2vec_tiny_1_HOM_HALF,0.21602082,0.2184271,0.24739279,0.25734088,0.2601712,0.27026707
witty,P,word2vec_tiny_1_HOM_HALF,0.25000715,0.23800884,0.27825162,0.2518421,0.29000735,0.26021737
fate,P,word2vec_tiny_1_HOM_HALF,0.24299626,0.30538547,0.30809116,0.37322673,0.33790353,0.40454698
wart,P,word2vec_tiny_1_HOM_HALF,0.2802956,0.3685611,0.34893584,0.43855098,0.3805406,0.48052788
invent,P,word2vec_tiny_1_HOM_HALF,0.31171614,0.35949153,0.3865495,0.44337538,0.42046684,0.4838464
knock,P,word2vec_tiny_1_HOM_HALF,0.45625252,0.56813014,0.57891774,0.696318,0.61432374,0.71281755
sometime,P,word2vec_tiny_1_HOM_HALF,0.44458255,0.5033356,0.515108,0.5025991,0.537743,0.4777005
playful,P,word2vec_tiny_1_HOM_HALF,0.2854872,0.37576434,0.44359502,0.5716203,0.51729625,0.63750666
crumble,P,word2vec_tiny_1_HOM_HALF,0.29035118,0.35454392,0.3864776,0.4829458,0.4220442,0.5190145
slide,P,word2vec_tiny_1_HOM_HALF,0.31502405,0.45390475,0.48162,0.62761545,0.5353787,0.6636721
muzzle,P,word2vec_tiny_1_HOM_HALF,0.24062085,0.33195233,0.3068927,0.41275626,0.3352976,0.4465542
unclear,M,word2vec_tiny_1_HOM_HALF,0.12799546,0.1329614,0.15495162,0.17606917,0.16835037,0.19883561
noodle,H,word2vec_tiny_1_HOM_HALF,0.36362615,0.3834436,0.44506168,0.45468593,0.47934705,0.48405775
kite,P,word2vec_tiny_1_HOM_HALF,0.34433216,0.47094452,0.47395465,0.6228254,0.51798,0.658312
shark,H,word2vec_tiny_1_HOM_HALF,0.20690343,0.26179516,0.33761987,0.44472665,0.41245002,0.5316121
seek,P,word2vec_tiny_1_HOM_HALF,0.40141898,0.5511647,0.5470951,0.66085696,0.5876483,0.65863454
asleep,P,word2vec_tiny_1_HOM_HALF,0.33766133,0.40423834,0.47080982,0.5399803,0.5204208,0.5589176
obedience,P,word2vec_tiny_1_HOM_HALF,0.19797671,0.24046859,0.2681727,0.31539702,0.30263603,0.3497583
regardless,P,word2vec_tiny_1_HOM_HALF,0.24040861,0.2676962,0.29127628,0.31538668,0.31583384,0.35442057
carousel,P,word2vec_tiny_1_HOM_HALF,0.35995466,0.45814162,0.47371754,0.579857,0.51351357,0.617664
wink,P,word2vec_tiny_1_HOM_HALF,0.4326702,0.6108046,0.5069978,0.6076556,0.5316613,0.58113194
departure,P,word2vec_tiny_1_HOM_HALF,0.3066938,0.377051,0.3522586,0.4071041,0.37152493,0.4218513
injection,P,word2vec_tiny_1_HOM_HALF,0.24963114,0.2996495,0.33127865,0.4182376,0.36709455,0.43060648
support,P,word2vec_tiny_1_HOM_HALF,0.391754,0.53637946,0.5052153,0.59837234,0.5372367,0.56880134
mammal,M,word2vec_tiny_1_HOM_HALF,0.25789315,0.25339526,0.292929,0.28133056,0.3068632,0.2988571
wisdom,P,word2vec_tiny_1_HOM_HALF,0.36419225,0.48098493,0.4603161,0.5557792,0.49108216,0.5402154
argue,P,word2vec_tiny_1_HOM_HALF,0.39678288,0.53386956,0.54378754,0.66466635,0.586735,0.67080575
unlock,P,word2vec_tiny_1_HOM_HALF,0.34820408,0.50072896,0.4965895,0.6590754,0.5508026,0.69974935
quality,P,word2vec_tiny_1_HOM_HALF,0.30680224,0.32261112,0.37539423,0.38271168,0.39903083,0.4065859
appendix,P,word2vec_tiny_1_HOM_HALF,0.15445748,0.16758388,0.18039963,0.19436663,0.19260725,0.21018592
finale,P,word2vec_tiny_1_HOM_HALF,0.29134443,0.3546505,0.34689122,0.4283438,0.37053534,0.44779614
popular,P,word2vec_tiny_1_HOM_HALF,0.3345378,0.3843844,0.45696023,0.57461435,0.5146417,0.6483771
excellence,P,word2vec_tiny_1_HOM_HALF,0.19206192,0.21924879,0.24127205,0.29598036,0.26337028,0.3270916
hesitation,M,word2vec_tiny_1_HOM_HALF,0.3665254,0.37209636,0.41858676,0.44003564,0.43878737,0.45076373
vineyard,M,word2vec_tiny_1_HOM_HALF,0.26919645,0.35681587,0.33148178,0.44340253,0.35907477,0.47086143
remedy,P,word2vec_tiny_1_HOM_HALF,0.27662128,0.3634344,0.32408655,0.40117177,0.3442074,0.41173813
charm,P,word2vec_tiny_1_HOM_HALF,0.28631592,0.35264862,0.3562765,0.43461737,0.3830137,0.45506793
crate,P,word2vec_tiny_1_HOM_HALF,0.3512383,0.42908433,0.42323586,0.50266314,0.44896263,0.5086915
twin,P,word2vec_tiny_1_HOM_HALF,0.46825176,0.569498,0.57178485,0.59080774,0.5987231,0.56552035
statue,M,word2vec_tiny_1_HOM_HALF,0.40585032,0.5558655,0.49732003,0.6434285,0.53433585,0.6766575
post,H,word2vec_tiny_1_HOM_HALF,0.36193958,0.4876678,0.47849017,0.63017607,0.52297235,0.67446434
descent,P,word2vec_tiny_1_HOM_HALF,0.24914615,0.32867053,0.30608365,0.37789774,0.32882622,0.390857
handbag,P,word2vec_tiny_1_HOM_HALF,0.28568533,0.35843033,0.33731273,0.42628092,0.35696197,0.43720624
scenery,P,word2vec_tiny_1_HOM_HALF,0.29301366,0.35440522,0.38364953,0.47214687,0.4198969,0.5141562
chant,P,word2vec_tiny_1_HOM_HALF,0.34720868,0.43631822,0.4192982,0.49786246,0.4441554,0.51402175
lush,P,word2vec_tiny_1_HOM_HALF,0.27061346,0.36706784,0.36385345,0.46269888,0.40465936,0.5088151
fond,P,word2vec_tiny_1_HOM_HALF,0.42470187,0.4904641,0.47888514,0.52238595,0.5004175,0.5294219
grape,P,word2vec_tiny_1_HOM_HALF,0.2101691,0.27493557,0.35187677,0.4732298,0.42250553,0.55449563
treasure,P,word2vec_tiny_1_HOM_HALF,0.33292475,0.43311474,0.4649595,0.6271746,0.51280576,0.648024
bladder,P,word2vec_tiny_1_HOM_HALF,0.20883879,0.22520149,0.24036416,0.240355,0.2558538,0.25596365
dozen,P,word2vec_tiny_1_HOM_HALF,0.2928415,0.3416241,0.35253322,0.43263087,0.37809613,0.4628251
tab,P,word2vec_tiny_1_HOM_HALF,0.2951888,0.3677421,0.35498044,0.4366022,0.38516244,0.4729137
harm,P,word2vec_tiny_1_HOM_HALF,0.32691032,0.34896266,0.39435008,0.40905988,0.4205925,0.4364293
stadium,M,word2vec_tiny_1_HOM_HALF,0.28314465,0.34211838,0.43134463,0.59075266,0.49109286,0.65981317
permanent,P,word2vec_tiny_1_HOM_HALF,0.33809394,0.39558944,0.3879063,0.42337158,0.40716735,0.44007188
shutter,P,word2vec_tiny_1_HOM_HALF,0.32879615,0.39439866,0.37341392,0.41113096,0.3896698,0.41938126
outcome,M,word2vec_tiny_1_HOM_HALF,0.24667919,0.3140952,0.30129394,0.3620114,0.32658783,0.3891011
melon,M,word2vec_tiny_1_HOM_HALF,0.20701511,0.28142592,0.3483583,0.4429836,0.4214676,0.5399128
warming,P,word2vec_tiny_1_HOM_HALF,0.31491488,0.35135832,0.4057809,0.46007168,0.44175136,0.49792245
artistic,P,word2vec_tiny_1_HOM_HALF,0.31676975,0.40394658,0.36906025,0.43888852,0.39323208,0.46364945
dinosaur,P,word2vec_tiny_1_HOM_HALF,0.30463657,0.36989105,0.44989073,0.58272374,0.5083143,0.6478074
cranberry,P,word2vec_tiny_1_HOM_HALF,0.15619512,0.20420608,0.22572573,0.30188003,0.26494372,0.34465098
prove,P,word2vec_tiny_1_HOM_HALF,0.35803187,0.40895697,0.44325966,0.46511862,0.47260284,0.48715967
threat,P,word2vec_tiny_1_HOM_HALF,0.38594198,0.48625827,0.48992848,0.6280638,0.5280371,0.632974
downfall,P,word2vec_tiny_1_HOM_HALF,0.18687314,0.23535463,0.23037018,0.2934564,0.2503251,0.31574726
admit,P,word2vec_tiny_1_HOM_HALF,0.3353241,0.4282747,0.40491816,0.4660272,0.4371357,0.4815449
position,P,word2vec_tiny_1_HOM_HALF,0.3362301,0.41631195,0.39144164,0.46140376,0.41447952,0.48679966
alike,P,word2vec_tiny_1_HOM_HALF,0.37218457,0.39027986,0.44747975,0.46580333,0.47642386,0.5034683
laser,M,word2vec_tiny_1_HOM_HALF,0.3044738,0.42092133,0.42283607,0.56302285,0.47726697,0.6348672
tour,P,word2vec_tiny_1_HOM_HALF,0.32039195,0.43475387,0.45688933,0.59887433,0.5067916,0.6492137
hostage,M,word2vec_tiny_1_HOM_HALF,0.15809348,0.1820899,0.18963176,0.21477154,0.20208627,0.22678943
pepper,P,word2vec_tiny_1_HOM_HALF,0.28066579,0.34711418,0.3962241,0.48762867,0.45048073,0.53196067
symphony,P,word2vec_tiny_1_HOM_HALF,0.2682106,0.35366875,0.32504663,0.4266242,0.35312817,0.4582512
fudge,H,word2vec_tiny_1_HOM_HALF,0.31166792,0.37977925,0.3534861,0.4120663,0.37187335,0.4332232
stallion,M,word2vec_tiny_1_HOM_HALF,0.22294793,0.282627,0.26688537,0.33269915,0.28416407,0.3584043
eyeball,P,word2vec_tiny_1_HOM_HALF,0.19096413,0.20908554,0.21620442,0.22476079,0.22769,0.23273516
youngster,P,word2vec_tiny_1_HOM_HALF,0.28190896,0.35458887,0.32195312,0.387857,0.34007293,0.40484244
chimpanzee,M,word2vec_tiny_1_HOM_HALF,0.29276428,0.31932676,0.33147228,0.3681727,0.34767258,0.3911078
accuse,M,word2vec_tiny_1_HOM_HALF,0.20874567,0.24335437,0.25362042,0.28522784,0.2802842,0.30634797
naked,P,word2vec_tiny_1_HOM_HALF,0.30299103,0.38843825,0.3624537,0.45525005,0.38851646,0.4827255
priority,P,word2vec_tiny_1_HOM_HALF,0.1845468,0.18903069,0.22331879,0.2337871,0.2428845,0.2551582
propeller,M,word2vec_tiny_1_HOM_HALF,0.30256206,0.39291698,0.3927438,0.49978077,0.43182296,0.54206187
lollipop,M,word2vec_tiny_1_HOM_HALF,0.27963886,0.34983748,0.39855736,0.5437702,0.45096058,0.592907
poem,P,word2vec_tiny_1_HOM_HALF,0.3002583,0.4051986,0.41474682,0.54102975,0.46604446,0.58363086
decorator,M,word2vec_tiny_1_HOM_HALF,0.23773487,0.25527957,0.2673471,0.28428558,0.2815264,0.300856
flashy,P,word2vec_tiny_1_HOM_HALF,0.39871317,0.503165,0.45496845,0.5401497,0.47420242,0.53733945
heap,P,word2vec_tiny_1_HOM_HALF,0.29402983,0.3777276,0.35959244,0.47301543,0.39304066,0.5022782
rumor,P,word2vec_tiny_1_HOM_HALF,0.25451976,0.31497908,0.328857,0.404352,0.3557728,0.43694365
momentary,P,word2vec_tiny_1_HOM_HALF,0.14936547,0.16938889,0.17899635,0.22031845,0.19181342,0.23474848
washer,P,word2vec_tiny_1_HOM_HALF,0.32601875,0.43496606,0.40608352,0.5077257,0.43949792,0.5324859
expiration,P,word2vec_tiny_1_HOM_HALF,0.22693372,0.24121454,0.2640879,0.26779044,0.27900317,0.27678716
glorious,P,word2vec_tiny_1_HOM_HALF,0.21969442,0.28867447,0.29239357,0.393361,0.3334762,0.4393959
precaution,P,word2vec_tiny_1_HOM_HALF,0.16371687,0.18044855,0.19826859,0.21995884,0.21325913,0.23469275
approve,P,word2vec_tiny_1_HOM_HALF,0.21014604,0.24845244,0.25914615,0.29230973,0.2788685,0.3115628
weekly,P,word2vec_tiny_1_HOM_HALF,0.2781453,0.3427697,0.351204,0.4236666,0.37853897,0.441126
blizzard,P,word2vec_tiny_1_HOM_HALF,0.2612359,0.2859894,0.29703405,0.31295446,0.3116352,0.3145232
border,P,word2vec_tiny_1_HOM_HALF,0.3112387,0.3838764,0.3786541,0.48002085,0.4076471,0.50881773
nighttime,M,word2vec_tiny_1_HOM_HALF,0.32898885,0.39814582,0.40465027,0.46868253,0.43602532,0.49272367
mascara,M,word2vec_tiny_1_HOM_HALF,0.26117346,0.35780403,0.34610003,0.45669374,0.383802,0.49812305
dandy,P,word2vec_tiny_1_HOM_HALF,0.25784573,0.31480363,0.30664644,0.37101915,0.32792667,0.38909215
suspicion,P,word2vec_tiny_1_HOM_HALF,0.2128065,0.25727758,0.24361458,0.3019214,0.25748876,0.31861594
science,P,word2vec_tiny_1_HOM_HALF,0.34080556,0.38729507,0.424981,0.4700585,0.45735812,0.49631393
universe,P,word2vec_tiny_1_HOM_HALF,0.33293074,0.47709495,0.45146465,0.6034711,0.49515617,0.6446786
papaya,M,word2vec_tiny_1_HOM_HALF,0.31087437,0.3853583,0.3642528,0.44159362,0.38420716,0.46931976
spite,P,word2vec_tiny_1_HOM_HALF,0.2320132,0.2645713,0.28276744,0.31426212,0.3018922,0.33305997
finder,P,word2vec_tiny_1_HOM_HALF,0.33200845,0.3884771,0.416362,0.47110423,0.45338288,0.51414955
dune,M,word2vec_tiny_1_HOM_HALF,0.3076689,0.40650207,0.3675071,0.4477377,0.39368054,0.4696891
affection,P,word2vec_tiny_1_HOM_HALF,0.26402694,0.30397153,0.32453308,0.36122206,0.35099152,0.39061728
pollution,P,word2vec_tiny_1_HOM_HALF,0.27933326,0.35095504,0.34078678,0.44427237,0.36796248,0.47881758
creation,P,word2vec_tiny_1_HOM_HALF,0.3358386,0.4017645,0.44125247,0.48823896,0.47737372,0.5116371
ounce,H,word2vec_tiny_1_HOM_HALF,0.24020973,0.23471847,0.27312356,0.2724818,0.2857834,0.28366086
kidnap,M,word2vec_tiny_1_HOM_HALF,0.28331882,0.34293813,0.3537644,0.42282677,0.3796095,0.42599946
nonstop,M,word2vec_tiny_1_HOM_HALF,0.2882137,0.3118944,0.3338635,0.34733593,0.35326168,0.35255507
weasel,P,word2vec_tiny_1_HOM_HALF,0.17800614,0.20813546,0.20547166,0.23768508,0.21779364,0.2563418
leaf,P,word2vec_tiny_1_HOM_HALF,0.31174338,0.41471696,0.420008,0.5464241,0.4737388,0.62106675
despite,P,word2vec_tiny_1_HOM_HALF,0.3017321,0.3272016,0.36559388,0.3871967,0.3910675,0.41727853
bathrobe,M,word2vec_tiny_1_HOM_HALF,0.24083216,0.3239218,0.37261364,0.53305596,0.43766105,0.60028034
reputation,P,word2vec_tiny_1_HOM_HALF,0.1988311,0.22709736,0.23842412,0.2781371,0.25874072,0.30863973
portrait,P,word2vec_tiny_1_HOM_HALF,0.24669418,0.3522934,0.29768914,0.39112428,0.31990287,0.41381338
tame,P,word2vec_tiny_1_HOM_HALF,0.3343943,0.42211974,0.39902672,0.4780131,0.42800292,0.5020629
bulldozer,M,word2vec_tiny_1_HOM_HALF,0.32300812,0.35522446,0.38408726,0.44497824,0.41183183,0.4927593
batter,H,word2vec_tiny_1_HOM_HALF,0.2613557,0.36560643,0.36448392,0.44967765,0.41455474,0.4871677
mop,P,word2vec_tiny_1_HOM_HALF,0.3510183,0.4811403,0.44811344,0.59506243,0.4995358,0.6456326
overcray,HOM*,word2vec_tiny_1_HOM_HALF,0.36767134,0.41575825,0.4739798,0.5582478,0.51908594,0.6279023
