word,ambiguity_type,model,nbhd_dist_20,nbhd_pairdist_20,nbhd_dist_100,nbhd_pairdist_100,nbhd_dist_200,nbhd_pairdist_200
lifelong,M,word2vec_tiny_1_HOM,0.31169882,0.34701657,0.36497185,0.3706186,0.38600022,0.3785323
pirate,P,word2vec_tiny_1_HOM,0.31531796,0.43100205,0.42989004,0.58242065,0.4824458,0.62992644
gasoline,M,word2vec_tiny_1_HOM,0.3035226,0.39592507,0.36656314,0.45638222,0.39673755,0.49046928
gopher,P,word2vec_tiny_1_HOM,0.28288746,0.32537553,0.3349653,0.40054658,0.35531348,0.41983247
substance,P,word2vec_tiny_1_HOM,0.27424157,0.3565762,0.33991623,0.45557472,0.36766914,0.4870896
strap,P,word2vec_tiny_1_HOM,0.3525835,0.4397959,0.44579175,0.567897,0.48420227,0.6146825
pitch,H,word2vec_tiny_1_HOM,0.3539493,0.4621316,0.46752265,0.6384938,0.5123296,0.67388606
countdown,P,word2vec_tiny_1_HOM,0.22761014,0.26549748,0.29683667,0.29831615,0.33550334,0.36532873
pink,H,word2vec_tiny_1_HOM,0.30553284,0.42030534,0.44381315,0.5658598,0.49647576,0.61523503
perky,M,word2vec_tiny_1_HOM,0.32523242,0.3605204,0.370674,0.41246983,0.39028424,0.42915365
fearless,M,word2vec_tiny_1_HOM,0.28923094,0.3860073,0.35046318,0.44734457,0.37877265,0.47107142
lotion,P,word2vec_tiny_1_HOM,0.33701628,0.42929113,0.45092782,0.6041483,0.49423888,0.6455082
annoy,P,word2vec_tiny_1_HOM,0.31080723,0.3616516,0.37518156,0.41864556,0.4032142,0.45020282
hoop,P,word2vec_tiny_1_HOM,0.3160593,0.43599555,0.44057283,0.5872592,0.48874688,0.6419592
doorman,M,word2vec_tiny_1_HOM,0.23819503,0.24293002,0.27255926,0.26820642,0.2846302,0.27764556
cookie,P,word2vec_tiny_1_HOM,0.26529324,0.3377308,0.37116647,0.46772808,0.42207006,0.5077544
romantic,P,word2vec_tiny_1_HOM,0.21206494,0.19092596,0.24705908,0.22605601,0.26097113,0.23515542
square,P,word2vec_tiny_1_HOM,0.3286542,0.4639175,0.4680857,0.6341854,0.5137983,0.67105085
vibration,P,word2vec_tiny_1_HOM,0.2421414,0.29273292,0.3125542,0.38777587,0.34353215,0.42801806
spacious,P,word2vec_tiny_1_HOM,0.30311897,0.39597473,0.36097953,0.44342422,0.38659313,0.4676746
toilet,P,word2vec_tiny_1_HOM,0.3432459,0.46759874,0.4609818,0.6038923,0.5068405,0.6579181
accompany,P,word2vec_tiny_1_HOM,0.25925297,0.31328788,0.29917186,0.3513372,0.31528953,0.36683702
wildlife,M,word2vec_tiny_1_HOM,0.28788656,0.3780502,0.35118806,0.45309833,0.38156402,0.48717022
speech,P,word2vec_tiny_1_HOM,0.33280802,0.33293015,0.38931602,0.41298223,0.41530836,0.44092354
household,P,word2vec_tiny_1_HOM,0.23732893,0.25608757,0.27825558,0.27278405,0.29637873,0.28868905
lend,P,word2vec_tiny_1_HOM,0.38199508,0.49661538,0.5213403,0.65862143,0.5747203,0.6859287
attack,P,word2vec_tiny_1_HOM,0.34384415,0.39810035,0.43829894,0.47461876,0.47263622,0.514387
cone,P,word2vec_tiny_1_HOM,0.30225962,0.37981945,0.44665033,0.55536866,0.49803406,0.6020622
rope,P,word2vec_tiny_1_HOM,0.28767964,0.41509423,0.42335156,0.5845418,0.47559246,0.6342437
agreement,P,word2vec_tiny_1_HOM,0.37824452,0.42341027,0.45917264,0.4893771,0.48501968,0.4774954
unable,M,word2vec_tiny_1_HOM,0.3241663,0.39741752,0.40831897,0.46810248,0.4414695,0.47916728
rainy,M,word2vec_tiny_1_HOM,0.33527353,0.46091813,0.49927658,0.6377748,0.55317515,0.6738379
gracious,P,word2vec_tiny_1_HOM,0.20981464,0.2449543,0.25736836,0.29936513,0.2781593,0.3264431
hind,H,word2vec_tiny_1_HOM,0.37143415,0.48048887,0.45934132,0.5662366,0.48997998,0.5781788
park,P,word2vec_tiny_1_HOM,0.3901046,0.5328569,0.5185737,0.6510746,0.56848544,0.69425535
detector,P,word2vec_tiny_1_HOM,0.2829755,0.34939358,0.3463685,0.43975013,0.37756103,0.47499767
distance,P,word2vec_tiny_1_HOM,0.3791201,0.45799914,0.4453301,0.48809946,0.46999165,0.5083092
eager,M,word2vec_tiny_1_HOM,0.39448196,0.5237462,0.5388804,0.6563832,0.5821469,0.6519332
drum,P,word2vec_tiny_1_HOM,0.23866358,0.3276166,0.39142072,0.5313124,0.4549695,0.59070176
accident,P,word2vec_tiny_1_HOM,0.47460407,0.5580565,0.562007,0.64762205,0.59220225,0.61953855
moon,P,word2vec_tiny_1_HOM,0.290791,0.40452394,0.4298011,0.57334095,0.48357117,0.61220896
restless,P,word2vec_tiny_1_HOM,0.30331117,0.40834132,0.45056495,0.5696934,0.5252248,0.6589068
reality,P,word2vec_tiny_1_HOM,0.30359608,0.33579454,0.3683091,0.38565204,0.3939826,0.4106919
equal,P,word2vec_tiny_1_HOM,0.33864433,0.4073298,0.42482212,0.50239134,0.4538114,0.51326704
buoy,P,word2vec_tiny_1_HOM,0.2942453,0.3092776,0.36427844,0.41834974,0.39874375,0.4607033
regain,P,word2vec_tiny_1_HOM,0.23930983,0.27627128,0.28522986,0.32565686,0.30687916,0.34815285
pudding,P,word2vec_tiny_1_HOM,0.21493459,0.2763451,0.27126414,0.33415908,0.2997736,0.37143168
wing,P,word2vec_tiny_1_HOM,0.39111272,0.5295942,0.4990535,0.6259754,0.54117143,0.6540105
greedy,P,word2vec_tiny_1_HOM,0.3290782,0.40243697,0.46780574,0.55864686,0.5087057,0.5627525
hoof,P,word2vec_tiny_1_HOM,0.37710232,0.43957755,0.46066287,0.544572,0.49205995,0.56483847
poorly,P,word2vec_tiny_1_HOM,0.31369781,0.3177091,0.37977132,0.4199494,0.4068129,0.4357107
mink,P,word2vec_tiny_1_HOM,0.2894877,0.3370194,0.32616284,0.37561354,0.34202385,0.38947773
plumber,P,word2vec_tiny_1_HOM,0.36638755,0.41962227,0.46340007,0.5392917,0.49382865,0.55721426
toaster,H,word2vec_tiny_1_HOM,0.35540256,0.442852,0.45506686,0.5420003,0.49319467,0.5773298
disposal,P,word2vec_tiny_1_HOM,0.18459281,0.20284559,0.21411723,0.23341389,0.22735114,0.2464299
pounce,P,word2vec_tiny_1_HOM,0.42996454,0.45474446,0.50479305,0.5375277,0.5327442,0.5453652
pleasant,P,word2vec_tiny_1_HOM,0.33171242,0.32261172,0.40488213,0.45368034,0.42934987,0.47714186
janitor,M,word2vec_tiny_1_HOM,0.31861624,0.3009603,0.38994446,0.41760057,0.414571,0.4422696
selfish,P,word2vec_tiny_1_HOM,0.32034153,0.4398071,0.4621271,0.62616175,0.51668394,0.6559536
cloak,P,word2vec_tiny_1_HOM,0.3350225,0.42492905,0.4283757,0.5385992,0.46486083,0.5767636
honor,P,word2vec_tiny_1_HOM,0.26383585,0.31429592,0.33080417,0.39227977,0.36095092,0.4259909
continue,P,word2vec_tiny_1_HOM,0.43653923,0.49430427,0.49346325,0.49605787,0.51228815,0.477699
fright,P,word2vec_tiny_1_HOM,0.2321904,0.2708584,0.3092537,0.37565902,0.3379083,0.40976432
panic,P,word2vec_tiny_1_HOM,0.3771028,0.48677123,0.51383203,0.6424255,0.56015044,0.6661422
joker,P,word2vec_tiny_1_HOM,0.33603042,0.42032665,0.40113404,0.5018642,0.42748612,0.5166389
bug,P,word2vec_tiny_1_HOM,0.27379948,0.3484684,0.41048658,0.5466494,0.4731086,0.60667217
plaster,P,word2vec_tiny_1_HOM,0.26860014,0.3408452,0.3540328,0.4384214,0.393977,0.48347208
poise,P,word2vec_tiny_1_HOM,0.19397154,0.22649689,0.22809452,0.26903895,0.24166435,0.284604
territory,P,word2vec_tiny_1_HOM,0.3234181,0.35022697,0.38189217,0.4188623,0.40933955,0.44716972
infection,P,word2vec_tiny_1_HOM,0.2803406,0.32836568,0.39681283,0.46553817,0.44398156,0.519413
selective,P,word2vec_tiny_1_HOM,0.14513938,0.15337276,0.17320971,0.1883167,0.18663572,0.20778303
heater,P,word2vec_tiny_1_HOM,0.3977044,0.45639014,0.47765842,0.5775531,0.5120479,0.61276376
tailor,P,word2vec_tiny_1_HOM,0.3261022,0.40263858,0.38936806,0.45527995,0.41426408,0.47019756
confront,P,word2vec_tiny_1_HOM,0.2706589,0.34477687,0.33118695,0.39672762,0.3607992,0.41929194
folder,P,word2vec_tiny_1_HOM,0.24222092,0.31928343,0.3796678,0.5268832,0.44867662,0.60791934
various,P,word2vec_tiny_1_HOM,0.29269686,0.39336586,0.371126,0.50159645,0.40540734,0.53802204
green,P,word2vec_tiny_1_HOM,0.3585097,0.42810825,0.48403278,0.6452203,0.52934206,0.68388075
sweaty,P,word2vec_tiny_1_HOM,0.4212769,0.521411,0.5255419,0.6159131,0.55945295,0.636318
drip,P,word2vec_tiny_1_HOM,0.34833673,0.41521016,0.43386614,0.5188248,0.4665863,0.5406189
horseback,P,word2vec_tiny_1_HOM,0.3034892,0.3754189,0.3554618,0.41474843,0.37502563,0.42565775
angle,H,word2vec_tiny_1_HOM,0.34449407,0.43137795,0.41168457,0.48100492,0.4358145,0.50662094
burp,P,word2vec_tiny_1_HOM,0.30905253,0.3633742,0.3755332,0.43690562,0.4072427,0.4673169
crook,P,word2vec_tiny_1_HOM,0.27318293,0.33871695,0.3155826,0.38539678,0.3340551,0.40999034
rosary,P,word2vec_tiny_1_HOM,0.24015424,0.24264902,0.27921733,0.27184144,0.29705793,0.28473648
newborn,P,word2vec_tiny_1_HOM,0.21867593,0.25441608,0.25634062,0.27742955,0.2713882,0.29348442
grenade,P,word2vec_tiny_1_HOM,0.32674208,0.39449298,0.37437516,0.43096244,0.39431792,0.4355275
frisky,M,word2vec_tiny_1_HOM,0.26550174,0.3241076,0.32910603,0.38995254,0.3550206,0.39809427
goose,P,word2vec_tiny_1_HOM,0.24228425,0.33777645,0.38568628,0.5271405,0.45357263,0.6038069
lag,P,word2vec_tiny_1_HOM,0.17910337,0.18471943,0.2032756,0.21035796,0.21593037,0.22543135
anger,P,word2vec_tiny_1_HOM,0.2971005,0.33633018,0.3798302,0.41718242,0.4107003,0.4415909
burner,P,word2vec_tiny_1_HOM,0.25288543,0.33650604,0.32956985,0.4369922,0.3660864,0.46827516
terrain,M,word2vec_tiny_1_HOM,0.2786616,0.34882775,0.3475808,0.4337312,0.3767089,0.45732865
mercy,P,word2vec_tiny_1_HOM,0.33960015,0.3865822,0.3965689,0.4232882,0.4224324,0.44630933
shrimp,P,word2vec_tiny_1_HOM,0.20127805,0.26783687,0.34104186,0.4502207,0.4080748,0.5391711
ski,P,word2vec_tiny_1_HOM,0.32408297,0.43376106,0.38325778,0.49141207,0.40943727,0.5034003
stack,P,word2vec_tiny_1_HOM,0.32544267,0.43329716,0.46879226,0.6177399,0.52030677,0.66121304
definition,P,word2vec_tiny_1_HOM,0.2717018,0.3002113,0.34555584,0.40872297,0.37697807,0.4406756
elephant,M,word2vec_tiny_1_HOM,0.23456447,0.30799592,0.36368653,0.4768579,0.42587957,0.5566527
injury,P,word2vec_tiny_1_HOM,0.21155068,0.29659718,0.29931602,0.3875197,0.3335348,0.41223487
computer,P,word2vec_tiny_1_HOM,0.29688913,0.43166628,0.4100703,0.5706648,0.46594474,0.6336741
misty,P,word2vec_tiny_1_HOM,0.35750127,0.43467522,0.42831022,0.40265566,0.45161995,0.41940475
electrical,M,word2vec_tiny_1_HOM,0.24057221,0.28930312,0.2866173,0.33886436,0.30419406,0.3593645
birthday,M,word2vec_tiny_1_HOM,0.36004868,0.4731909,0.4886857,0.6151375,0.5358432,0.65245456
haunt,P,word2vec_tiny_1_HOM,0.25395283,0.22323833,0.29377913,0.25209627,0.3086702,0.2625118
pavement,P,word2vec_tiny_1_HOM,0.38643926,0.46709037,0.471949,0.57723856,0.50169694,0.59703493
airfield,M,word2vec_tiny_1_HOM,0.2800176,0.33580178,0.32912907,0.3620501,0.34828484,0.3808488
unsure,P,word2vec_tiny_1_HOM,0.3454165,0.40190017,0.4429851,0.4870832,0.47435233,0.50494355
monkey,P,word2vec_tiny_1_HOM,0.2469689,0.32425088,0.38898063,0.49889657,0.45539805,0.58883923
brisk,P,word2vec_tiny_1_HOM,0.21055391,0.20430699,0.24443872,0.24996057,0.25709584,0.26248908
clumsy,P,word2vec_tiny_1_HOM,0.36169913,0.41621667,0.48555937,0.58536124,0.5486316,0.6658268
beard,P,word2vec_tiny_1_HOM,0.38717794,0.51823133,0.5181865,0.6528764,0.5600893,0.68118924
hateful,P,word2vec_tiny_1_HOM,0.17037432,0.1686961,0.20653811,0.21088642,0.22337009,0.2282364
profound,P,word2vec_tiny_1_HOM,0.16381076,0.1976313,0.19292264,0.23613887,0.20637962,0.2500777
frightful,P,word2vec_tiny_1_HOM,0.19275796,0.27084312,0.23608506,0.32669675,0.25543445,0.342704
outsider,P,word2vec_tiny_1_HOM,0.20417361,0.20553784,0.23357457,0.2260974,0.2457204,0.2309292
sweat,P,word2vec_tiny_1_HOM,0.3538553,0.43618524,0.42447066,0.48520494,0.45432818,0.5195978
stability,M,word2vec_tiny_1_HOM,0.23149809,0.27204993,0.27646893,0.33410567,0.29291794,0.34203112
strong,P,word2vec_tiny_1_HOM,0.39416283,0.55368257,0.5190932,0.6620187,0.5599505,0.6672775
singer,P,word2vec_tiny_1_HOM,0.32053524,0.41135466,0.42222854,0.53573895,0.4675328,0.56919885
platter,P,word2vec_tiny_1_HOM,0.2228307,0.23787293,0.29081985,0.33508453,0.3212744,0.37811583
horn,P,word2vec_tiny_1_HOM,0.35518965,0.46523514,0.44670933,0.5579855,0.48827782,0.6038904
sting,P,word2vec_tiny_1_HOM,0.32863024,0.40584305,0.42431343,0.5151177,0.46662658,0.5503143
health,P,word2vec_tiny_1_HOM,0.34594482,0.40908182,0.39937484,0.4309147,0.4231427,0.45082006
dazzle,P,word2vec_tiny_1_HOM,0.30279928,0.3541543,0.35666654,0.42453265,0.3767923,0.44747862
headache,P,word2vec_tiny_1_HOM,0.34432963,0.39709312,0.45733508,0.5113399,0.49822962,0.5526492
infant,P,word2vec_tiny_1_HOM,0.4024795,0.5328871,0.5088416,0.6249455,0.5450219,0.6329557
kitchen,M,word2vec_tiny_1_HOM,0.35410517,0.473853,0.46117043,0.58432233,0.5102284,0.6041617
maker,P,word2vec_tiny_1_HOM,0.40761605,0.47600353,0.48678482,0.5038529,0.5163124,0.5310415
limit,P,word2vec_tiny_1_HOM,0.3605381,0.42418885,0.41254604,0.47794044,0.43220547,0.5016223
yard,H,word2vec_tiny_1_HOM,0.40022007,0.5380192,0.5281159,0.6725965,0.57352126,0.7037171
expense,P,word2vec_tiny_1_HOM,0.22301447,0.19974315,0.2727827,0.23999766,0.2959644,0.27128583
snug,P,word2vec_tiny_1_HOM,0.31883365,0.44610122,0.42694512,0.51538503,0.4616308,0.5164003
branch,P,word2vec_tiny_1_HOM,0.342407,0.46118677,0.45892304,0.61748236,0.5073108,0.6666977
button,P,word2vec_tiny_1_HOM,0.33217698,0.42679238,0.45033896,0.58328533,0.4971594,0.62370193
hesitate,P,word2vec_tiny_1_HOM,0.33009854,0.37855425,0.37651566,0.40382698,0.3983495,0.42140812
jackpot,P,word2vec_tiny_1_HOM,0.19112438,0.19639234,0.21923651,0.22653641,0.23157834,0.24089012
reach,P,word2vec_tiny_1_HOM,0.4240737,0.5611059,0.5400567,0.67907274,0.58649194,0.71252465
virus,P,word2vec_tiny_1_HOM,0.31466466,0.3907255,0.39159396,0.44993287,0.4214137,0.49049887
workers,P,word2vec_tiny_1_HOM,0.35924417,0.50736046,0.44386268,0.57905674,0.48344907,0.6126489
block,P,word2vec_tiny_1_HOM,0.38386953,0.48098275,0.48620212,0.61075866,0.5232779,0.6303434
cradle,P,word2vec_tiny_1_HOM,0.32062662,0.30952397,0.37088767,0.34801197,0.39076242,0.36391962
peppermint,P,word2vec_tiny_1_HOM,0.23761418,0.240288,0.27597818,0.3042765,0.29798314,0.35079738
punk,P,word2vec_tiny_1_HOM,0.22361365,0.22932439,0.25685015,0.24268803,0.26975116,0.26039746
solid,P,word2vec_tiny_1_HOM,0.3502449,0.4496096,0.41393372,0.50222945,0.4399639,0.520235
morality,P,word2vec_tiny_1_HOM,0.14205788,0.15143287,0.17519037,0.19521575,0.19003567,0.21796197
tackle,P,word2vec_tiny_1_HOM,0.30750048,0.3233697,0.3751791,0.40102237,0.40476662,0.425731
mural,P,word2vec_tiny_1_HOM,0.26026434,0.34206253,0.34998456,0.45915762,0.39190385,0.5047628
bakery,M,word2vec_tiny_1_HOM,0.31460124,0.43577144,0.43487138,0.57306015,0.47720394,0.59412426
dramatic,P,word2vec_tiny_1_HOM,0.25021827,0.26561645,0.2910397,0.30308372,0.3071878,0.32178795
grasp,P,word2vec_tiny_1_HOM,0.25931194,0.33354205,0.31587705,0.4011973,0.33915666,0.42104638
frog,H,word2vec_tiny_1_HOM,0.30221766,0.3873019,0.42826852,0.5557595,0.4806467,0.6113056
dig,P,word2vec_tiny_1_HOM,0.35223436,0.47476348,0.49753898,0.6309288,0.54681706,0.6609387
continent,P,word2vec_tiny_1_HOM,0.2618633,0.32164475,0.32647666,0.41592598,0.3517247,0.4352719
destiny,P,word2vec_tiny_1_HOM,0.23772779,0.30794954,0.2944397,0.3567692,0.31868476,0.3836597
tune,P,word2vec_tiny_1_HOM,0.3011886,0.3762176,0.4248501,0.48939425,0.47697303,0.5280699
vision,P,word2vec_tiny_1_HOM,0.2817646,0.34447068,0.3239318,0.38530022,0.34510383,0.41196522
shave,P,word2vec_tiny_1_HOM,0.4320994,0.47890815,0.52156484,0.6018469,0.55207676,0.613876
scan,P,word2vec_tiny_1_HOM,0.26562873,0.32401824,0.32929724,0.4190082,0.35818854,0.45364243
sitter,P,word2vec_tiny_1_HOM,0.27650547,0.26363796,0.31581303,0.2936222,0.33234838,0.30531427
steam,P,word2vec_tiny_1_HOM,0.37739286,0.50518906,0.46638042,0.581802,0.5046727,0.61076283
keen,H,word2vec_tiny_1_HOM,0.33641398,0.38412282,0.39464363,0.3972426,0.4128279,0.37936765
rejoin,H,word2vec_tiny_1_HOM,0.16418207,0.19384733,0.18882358,0.21972208,0.19972135,0.23142788
autograph,P,word2vec_tiny_1_HOM,0.28153127,0.36813378,0.33591217,0.41991925,0.36033192,0.44615343
steward,P,word2vec_tiny_1_HOM,0.20449695,0.2260625,0.24568157,0.2535822,0.26138404,0.26626515
partner,P,word2vec_tiny_1_HOM,0.35658813,0.38561645,0.41823256,0.46901527,0.4459994,0.49806815
cast,P,word2vec_tiny_1_HOM,0.40802884,0.49442482,0.49547675,0.5870884,0.5231186,0.6204619
vengeful,M,word2vec_tiny_1_HOM,0.18463051,0.20900133,0.21514198,0.24786484,0.22887892,0.2583958
brilliance,P,word2vec_tiny_1_HOM,0.22648439,0.3172155,0.28417274,0.39307892,0.3101012,0.4211317
cockroach,M,word2vec_tiny_1_HOM,0.27611333,0.2961644,0.31794953,0.34648344,0.33416778,0.35960484
similar,M,word2vec_tiny_1_HOM,0.3570945,0.44373938,0.4191604,0.47749767,0.44294873,0.5087825
countless,M,word2vec_tiny_1_HOM,0.3190213,0.40095246,0.38674834,0.4648435,0.41143128,0.49097803
scramble,P,word2vec_tiny_1_HOM,0.28137106,0.33945397,0.3251678,0.39416513,0.34304824,0.41791263
antique,P,word2vec_tiny_1_HOM,0.25549978,0.2736793,0.30201545,0.32666495,0.31950414,0.33984584
skip,P,word2vec_tiny_1_HOM,0.3878356,0.52879614,0.51734644,0.66295487,0.5498842,0.6448493
generation,P,word2vec_tiny_1_HOM,0.35790318,0.39650545,0.4089306,0.4257161,0.42840934,0.44392842
treat,P,word2vec_tiny_1_HOM,0.31294626,0.38675988,0.42802894,0.4928125,0.4674939,0.5195377
gobble,H,word2vec_tiny_1_HOM,0.30302623,0.33086163,0.38787097,0.41763735,0.42898187,0.46665314
athlete,P,word2vec_tiny_1_HOM,0.26918054,0.32528442,0.32042462,0.40818745,0.34749687,0.43693158
rug,P,word2vec_tiny_1_HOM,0.26595804,0.38341492,0.4159347,0.57638633,0.47667244,0.6398353
paint,P,word2vec_tiny_1_HOM,0.2856206,0.3908303,0.41677466,0.53091455,0.4761366,0.5848007
passionate,P,word2vec_tiny_1_HOM,0.28229406,0.35499316,0.34255725,0.39751676,0.36976215,0.42289516
push,P,word2vec_tiny_1_HOM,0.3549643,0.5081263,0.4853481,0.6578903,0.5330525,0.6818447
liar,M,word2vec_tiny_1_HOM,0.26780948,0.34126756,0.3809184,0.4854436,0.42243993,0.49048424
password,M,word2vec_tiny_1_HOM,0.33360112,0.41537607,0.40132606,0.4439282,0.4293857,0.473725
buzzard,P,word2vec_tiny_1_HOM,0.2954549,0.3053944,0.3471534,0.341298,0.36792478,0.37997743
deadly,P,word2vec_tiny_1_HOM,0.25294882,0.31075066,0.3059263,0.37378472,0.3297042,0.40436003
thorough,P,word2vec_tiny_1_HOM,0.25405127,0.30266058,0.31585693,0.36991093,0.34142688,0.39873707
level,P,word2vec_tiny_1_HOM,0.39631468,0.46943787,0.4467021,0.52225053,0.46981403,0.5323197
offer,P,word2vec_tiny_1_HOM,0.391987,0.46840653,0.46127042,0.4645356,0.4813197,0.48207778
jerk,H,word2vec_tiny_1_HOM,0.26570854,0.2779288,0.30900708,0.31582475,0.32681397,0.32663307
accurate,P,word2vec_tiny_1_HOM,0.24880381,0.30191576,0.3177892,0.3629929,0.3480824,0.3998696
train,P,word2vec_tiny_1_HOM,0.2704774,0.37687492,0.39716643,0.5367167,0.4547973,0.5925202
dart,P,word2vec_tiny_1_HOM,0.33843988,0.41279003,0.41462868,0.49053648,0.4460543,0.5232449
insecure,P,word2vec_tiny_1_HOM,0.14378972,0.1590152,0.17006218,0.18953209,0.18326923,0.20406237
nibble,P,word2vec_tiny_1_HOM,0.35188615,0.4383798,0.45082185,0.51792455,0.47985435,0.53836787
bacon,M,word2vec_tiny_1_HOM,0.24048893,0.2537564,0.3088985,0.34187633,0.3460499,0.38195708
cope,H,word2vec_tiny_1_HOM,0.23261914,0.25888294,0.27581874,0.30470702,0.2977119,0.3321612
ballet,P,word2vec_tiny_1_HOM,0.35020065,0.43186662,0.43313104,0.5365034,0.46612358,0.5648503
soak,P,word2vec_tiny_1_HOM,0.36024055,0.4595951,0.47772846,0.5888086,0.52328986,0.62963563
steady,P,word2vec_tiny_1_HOM,0.4255967,0.5248384,0.5253208,0.60419446,0.55946463,0.6237759
perfume,P,word2vec_tiny_1_HOM,0.33442232,0.4600531,0.46245202,0.60995185,0.5090569,0.65421736
patient,P,word2vec_tiny_1_HOM,0.39081258,0.44748023,0.50327736,0.57797146,0.53955513,0.5468005
barefoot,M,word2vec_tiny_1_HOM,0.31225628,0.39136025,0.36076105,0.4465342,0.3831885,0.46256876
stale,P,word2vec_tiny_1_HOM,0.23371133,0.26893115,0.2836864,0.32715172,0.30908108,0.36749423
invade,P,word2vec_tiny_1_HOM,0.13889226,0.14643742,0.16585703,0.18962772,0.17942879,0.2035125
fry,H,word2vec_tiny_1_HOM,0.20032653,0.23901652,0.27541295,0.32601187,0.31507632,0.36786896
fetch,P,word2vec_tiny_1_HOM,0.40575448,0.510686,0.5060168,0.6501053,0.55227095,0.6701259
stressful,M,word2vec_tiny_1_HOM,0.18007302,0.17890346,0.20771687,0.20825234,0.22042583,0.22882508
fabulous,P,word2vec_tiny_1_HOM,0.29269838,0.36454305,0.35942668,0.42654765,0.3843502,0.45226708
cabin,P,word2vec_tiny_1_HOM,0.3107888,0.43345666,0.46462387,0.6176949,0.5197428,0.65225303
lonesome,P,word2vec_tiny_1_HOM,0.24774143,0.27314553,0.28432313,0.31954008,0.29931146,0.34043333
jester,P,word2vec_tiny_1_HOM,0.35617855,0.4177829,0.4198213,0.49214637,0.44684714,0.51530105
morale,M,word2vec_tiny_1_HOM,0.13403426,0.14922675,0.16450815,0.18919194,0.18224221,0.21240442
assistant,P,word2vec_tiny_1_HOM,0.29819572,0.35726848,0.35574624,0.42375752,0.37961307,0.44974327
fat,P,word2vec_tiny_1_HOM,0.3127686,0.4134457,0.46635044,0.5885793,0.53220075,0.67161155
contribute,P,word2vec_tiny_1_HOM,0.20083383,0.21128646,0.24936458,0.26367083,0.27319676,0.29345766
trend,P,word2vec_tiny_1_HOM,0.2501666,0.29262695,0.29089174,0.35591686,0.30699986,0.37785646
exhaust,P,word2vec_tiny_1_HOM,0.22009058,0.23626225,0.25158122,0.26879382,0.26451683,0.2729717
jealous,P,word2vec_tiny_1_HOM,0.41432548,0.45984727,0.54181165,0.6622008,0.58688897,0.68161887
blouse,P,word2vec_tiny_1_HOM,0.25057966,0.36057824,0.381743,0.51977086,0.44212568,0.583937
squid,M,word2vec_tiny_1_HOM,0.3089585,0.36593395,0.38352314,0.46844292,0.41508248,0.5091808
fragile,P,word2vec_tiny_1_HOM,0.4084549,0.54800546,0.53787893,0.65631306,0.5793773,0.6785682
worthless,P,word2vec_tiny_1_HOM,0.34130394,0.43935335,0.4012747,0.44761494,0.4209286,0.45595196
clinic,P,word2vec_tiny_1_HOM,0.3166916,0.37586623,0.44562304,0.54015565,0.4919099,0.5847381
hefty,P,word2vec_tiny_1_HOM,0.19871345,0.20175149,0.22758226,0.22991602,0.2396333,0.24745576
humor,P,word2vec_tiny_1_HOM,0.29008406,0.28188294,0.3347687,0.33689752,0.355122,0.36751622
ultimate,P,word2vec_tiny_1_HOM,0.27437624,0.2769198,0.32750857,0.35868946,0.34841302,0.38460708
fruity,P,word2vec_tiny_1_HOM,0.27247664,0.2761973,0.35204196,0.37594107,0.38599178,0.40197152
rowdy,P,word2vec_tiny_1_HOM,0.2535608,0.26962954,0.29588422,0.32373828,0.31207642,0.33056876
zone,P,word2vec_tiny_1_HOM,0.39289236,0.39329338,0.4537484,0.4143819,0.48081547,0.42975405
appreciate,P,word2vec_tiny_1_HOM,0.35289833,0.36972916,0.41491887,0.41406786,0.43891993,0.41810468
walrus,M,word2vec_tiny_1_HOM,0.3246885,0.3833392,0.3830009,0.4306434,0.40520036,0.44737422
instrument,P,word2vec_tiny_1_HOM,0.3007772,0.34205168,0.4053439,0.49592906,0.4521956,0.5350275
vial,M,word2vec_tiny_1_HOM,0.16740356,0.17337425,0.19583449,0.20613411,0.2084766,0.22023629
microwave,P,word2vec_tiny_1_HOM,0.3202215,0.42531738,0.41938126,0.53831595,0.45862556,0.5676248
mustard,P,word2vec_tiny_1_HOM,0.2095556,0.2365348,0.29249611,0.3458896,0.3296772,0.38377225
camper,P,word2vec_tiny_1_HOM,0.23844197,0.24503914,0.27233535,0.26666972,0.2860968,0.28548512
wealthy,M,word2vec_tiny_1_HOM,0.32527816,0.44513154,0.46279624,0.59402126,0.5039283,0.5962874
robbery,M,word2vec_tiny_1_HOM,0.28517812,0.34571227,0.34991962,0.42040673,0.37597537,0.43868315
epic,P,word2vec_tiny_1_HOM,0.25363392,0.30558342,0.3056219,0.37177262,0.33017263,0.40399644
lighthouse,M,word2vec_tiny_1_HOM,0.3476341,0.38018593,0.41100085,0.46509966,0.4408669,0.49385595
agony,P,word2vec_tiny_1_HOM,0.22132678,0.32424173,0.2693442,0.38455546,0.29288083,0.4064052
bike,P,word2vec_tiny_1_HOM,0.23415026,0.33679545,0.39336586,0.5461145,0.45470744,0.59965026
thrust,P,word2vec_tiny_1_HOM,0.24858539,0.32209668,0.30937552,0.39791527,0.33333388,0.4286334
basket,P,word2vec_tiny_1_HOM,0.37452325,0.50823057,0.48575228,0.59593177,0.52226275,0.6004679
capable,P,word2vec_tiny_1_HOM,0.26565483,0.2844454,0.31659743,0.35458285,0.34455773,0.38087863
edible,P,word2vec_tiny_1_HOM,0.27342567,0.3005838,0.32026824,0.36857557,0.34002805,0.38643283
series,P,word2vec_tiny_1_HOM,0.29590586,0.34105706,0.3529464,0.4255798,0.37784547,0.45526895
backpack,P,word2vec_tiny_1_HOM,0.39627916,0.5250969,0.50284415,0.6250015,0.53749645,0.6380403
fear,P,word2vec_tiny_1_HOM,0.300821,0.37760466,0.36716425,0.41763252,0.39684457,0.4318999
gift,P,word2vec_tiny_1_HOM,0.36193416,0.4811668,0.48169535,0.5828539,0.5189746,0.59006083
giant,P,word2vec_tiny_1_HOM,0.3676196,0.48932984,0.46168077,0.5998149,0.49942008,0.60959744
timer,P,word2vec_tiny_1_HOM,0.38662982,0.48842543,0.49715197,0.60089314,0.53634906,0.62222177
hobby,H,word2vec_tiny_1_HOM,0.3446627,0.41270867,0.4077165,0.43197125,0.43115819,0.46416846
scrape,P,word2vec_tiny_1_HOM,0.27256536,0.35475618,0.3670069,0.4750712,0.4102503,0.5156633
pussycat,M,word2vec_tiny_1_HOM,0.26506144,0.30465245,0.30844453,0.3545745,0.3261163,0.37167835
location,P,word2vec_tiny_1_HOM,0.31433704,0.39178792,0.36988553,0.4510303,0.3916072,0.46646786
wolf,P,word2vec_tiny_1_HOM,0.29317474,0.3960804,0.41077572,0.5419338,0.45857942,0.5775452
solar,P,word2vec_tiny_1_HOM,0.2956749,0.35696238,0.38530022,0.47986367,0.42176545,0.51432675
elevator,P,word2vec_tiny_1_HOM,0.37279642,0.4604994,0.47251922,0.59517986,0.514493,0.64145976
evident,M,word2vec_tiny_1_HOM,0.158577,0.18210572,0.18634884,0.21615279,0.1983638,0.23171714
flashlight,M,word2vec_tiny_1_HOM,0.35033122,0.461463,0.4656747,0.61563784,0.50679636,0.6501953
exact,P,word2vec_tiny_1_HOM,0.34230763,0.43227157,0.4089497,0.4841339,0.43546498,0.49879804
debate,P,word2vec_tiny_1_HOM,0.22033226,0.26673165,0.2689946,0.28314802,0.28669778,0.28935957
pump,H,word2vec_tiny_1_HOM,0.40442896,0.46205962,0.4859088,0.55360895,0.51770204,0.5922674
healthy,P,word2vec_tiny_1_HOM,0.43970674,0.56655425,0.51724464,0.62635,0.5494455,0.6150441
therapy,P,word2vec_tiny_1_HOM,0.30162874,0.3368075,0.36255333,0.39141464,0.38645822,0.4068901
crafty,M,word2vec_tiny_1_HOM,0.2770148,0.34270227,0.32078734,0.39088172,0.33959785,0.4131291
wandering,P,word2vec_tiny_1_HOM,0.32812232,0.4490084,0.45283967,0.5684713,0.49753106,0.5840023
club,P,word2vec_tiny_1_HOM,0.36410958,0.46909478,0.46832293,0.6316997,0.5087048,0.6716089
racetrack,M,word2vec_tiny_1_HOM,0.26550603,0.25188187,0.30507538,0.28839058,0.32055297,0.30535755
orb,P,word2vec_tiny_1_HOM,0.29882482,0.33838904,0.35287574,0.42167476,0.3786276,0.4441298
girlfriend,P,word2vec_tiny_1_HOM,0.2402581,0.25266656,0.281543,0.28202656,0.29920846,0.3080012
dispenser,M,word2vec_tiny_1_HOM,0.23470798,0.28488812,0.29538402,0.35812333,0.32316986,0.37851414
conscience,P,word2vec_tiny_1_HOM,0.21160038,0.20107064,0.2593699,0.27176186,0.2835494,0.28209516
connect,P,word2vec_tiny_1_HOM,0.34047335,0.436597,0.4337179,0.51564807,0.46535018,0.547647
truck,H,word2vec_tiny_1_HOM,0.29713258,0.37376076,0.41709548,0.54070485,0.4611811,0.5785117
banana,P,word2vec_tiny_1_HOM,0.28950468,0.33774036,0.41030845,0.48949677,0.46721214,0.56748396
weep,P,word2vec_tiny_1_HOM,0.35504416,0.4757821,0.508725,0.64951694,0.56111634,0.6764503
goal,P,word2vec_tiny_1_HOM,0.34244755,0.43993095,0.46503,0.5785702,0.50877506,0.56720203
purpose,P,word2vec_tiny_1_HOM,0.44372416,0.4640901,0.49785924,0.4927703,0.5166926,0.4952704
nation,P,word2vec_tiny_1_HOM,0.32589763,0.44784415,0.46752313,0.6194937,0.5148504,0.6503806
slingshot,M,word2vec_tiny_1_HOM,0.32299584,0.3637396,0.40870896,0.4923762,0.4441268,0.52161777
proper,P,word2vec_tiny_1_HOM,0.36947814,0.3995571,0.4229387,0.44413555,0.4423971,0.4605605
noon,M,word2vec_tiny_1_HOM,0.4090337,0.52801496,0.5220716,0.6698826,0.56463706,0.6967626
calculate,P,word2vec_tiny_1_HOM,0.20041361,0.24619193,0.24412511,0.2950458,0.2626235,0.31553823
salmon,P,word2vec_tiny_1_HOM,0.2991702,0.36495644,0.3601442,0.45091483,0.38476518,0.46976182
overhead,P,word2vec_tiny_1_HOM,0.3125991,0.3827481,0.390572,0.46739936,0.4224975,0.5028105
mighty,P,word2vec_tiny_1_HOM,0.31051752,0.41772395,0.4426429,0.5900361,0.49440026,0.6255897
galaxy,P,word2vec_tiny_1_HOM,0.31095347,0.42069352,0.3916191,0.5111308,0.4248973,0.5396036
mirror,P,word2vec_tiny_1_HOM,0.4140696,0.52861655,0.488309,0.6014846,0.52035797,0.642344
crowd,P,word2vec_tiny_1_HOM,0.33230677,0.40917468,0.43086988,0.55029404,0.4662198,0.5738723
bullet,P,word2vec_tiny_1_HOM,0.31203377,0.4036145,0.38391933,0.48973867,0.4174318,0.5109881
fishy,P,word2vec_tiny_1_HOM,0.21626656,0.26263207,0.31980047,0.42359552,0.3809629,0.5093444
strike,P,word2vec_tiny_1_HOM,0.35896534,0.4957732,0.49571988,0.6672811,0.55070364,0.7079967
havoc,P,word2vec_tiny_1_HOM,0.2583558,0.33474338,0.31155604,0.41598573,0.33431426,0.44071108
prosperous,P,word2vec_tiny_1_HOM,0.22194827,0.23848559,0.26527417,0.26997003,0.28219604,0.28270274
puck,M,word2vec_tiny_1_HOM,0.33169174,0.43387437,0.4511979,0.5924249,0.49951687,0.63751215
stairway,M,word2vec_tiny_1_HOM,0.30512986,0.33801404,0.35544765,0.39144418,0.37630692,0.40664598
indulge,P,word2vec_tiny_1_HOM,0.18713501,0.19465256,0.21515247,0.23435351,0.2278376,0.24781735
lure,P,word2vec_tiny_1_HOM,0.35018396,0.39075828,0.41166833,0.48946953,0.4356066,0.51658225
jet,H,word2vec_tiny_1_HOM,0.24655095,0.37219834,0.4239605,0.60260403,0.48553294,0.65494704
efficient,P,word2vec_tiny_1_HOM,0.28439626,0.34697425,0.34043267,0.39585704,0.3647017,0.42849112
surround,P,word2vec_tiny_1_HOM,0.29001778,0.3316254,0.3449559,0.40063903,0.36998644,0.43110797
impolite,M,word2vec_tiny_1_HOM,0.17020082,0.19293888,0.20623495,0.23294033,0.22397579,0.24248785
rocker,P,word2vec_tiny_1_HOM,0.3630523,0.3964645,0.40517703,0.44963375,0.42313462,0.4655169
topic,P,word2vec_tiny_1_HOM,0.3198831,0.33621177,0.38592568,0.42875347,0.4162914,0.47041798
sunshine,P,word2vec_tiny_1_HOM,0.32176167,0.38932434,0.4087843,0.48776475,0.44466618,0.5178115
subtle,P,word2vec_tiny_1_HOM,0.25092864,0.2810602,0.29759666,0.34718034,0.31866267,0.3688093
warmed,P,word2vec_tiny_1_HOM,0.37789595,0.42167428,0.4529739,0.5110837,0.47995442,0.53245485
hatred,M,word2vec_tiny_1_HOM,0.1781681,0.2455695,0.22262442,0.29061908,0.24118507,0.30430514
antenna,P,word2vec_tiny_1_HOM,0.2903477,0.39336175,0.383931,0.5088999,0.42170084,0.5469409
elderly,M,word2vec_tiny_1_HOM,0.35533077,0.47358975,0.47486728,0.5763744,0.5132858,0.56965417
talent,P,word2vec_tiny_1_HOM,0.32304397,0.38472396,0.40683928,0.4438937,0.4364817,0.48557198
tooth,P,word2vec_tiny_1_HOM,0.41844296,0.51993734,0.49686748,0.6141671,0.5292811,0.6458332
modesty,P,word2vec_tiny_1_HOM,0.19107756,0.22011138,0.24591514,0.30037755,0.27571622,0.33082998
mute,P,word2vec_tiny_1_HOM,0.19880354,0.20472206,0.2358852,0.24499604,0.25180405,0.26295656
prosperity,M,word2vec_tiny_1_HOM,0.17990248,0.18829048,0.21350262,0.23319288,0.23070633,0.24755171
chowder,M,word2vec_tiny_1_HOM,0.22708485,0.24053812,0.2746698,0.2973696,0.2931304,0.32069904
starve,P,word2vec_tiny_1_HOM,0.1800758,0.16596964,0.20921612,0.20238517,0.22127065,0.21754995
moth,P,word2vec_tiny_1_HOM,0.3750309,0.4329428,0.43009034,0.49431595,0.45308617,0.5226464
mug,P,word2vec_tiny_1_HOM,0.2939903,0.42464137,0.41272536,0.561798,0.46634454,0.61885464
panel,P,word2vec_tiny_1_HOM,0.27435085,0.36292568,0.35231295,0.4627674,0.38744208,0.5073523
tender,H,word2vec_tiny_1_HOM,0.26167008,0.25387406,0.3196701,0.33004206,0.34937087,0.37858936
robe,P,word2vec_tiny_1_HOM,0.36175722,0.4369396,0.4778491,0.59510046,0.5233214,0.64589345
expand,P,word2vec_tiny_1_HOM,0.276995,0.33279428,0.33534625,0.4049633,0.3575844,0.43197098
flame,P,word2vec_tiny_1_HOM,0.34111702,0.46972638,0.45716205,0.59327155,0.5023506,0.6289794
positive,P,word2vec_tiny_1_HOM,0.2597042,0.29983193,0.3126037,0.3416251,0.34137428,0.37074086
hungry,P,word2vec_tiny_1_HOM,0.42141157,0.5729096,0.5164184,0.6542006,0.55586225,0.6722111
bank,H,word2vec_tiny_1_HOM,0.4178342,0.52283007,0.5238516,0.6341998,0.552659,0.6384634
bark,H,word2vec_tiny_1_HOM,0.37638745,0.4695986,0.4839965,0.60792327,0.52646905,0.6261917
posture,P,word2vec_tiny_1_HOM,0.18470266,0.2269174,0.21028969,0.24780908,0.22110572,0.25331742
tangible,P,word2vec_tiny_1_HOM,0.13133673,0.14877504,0.15155746,0.18340185,0.16146965,0.19801664
harvest,P,word2vec_tiny_1_HOM,0.27760074,0.32214972,0.3852583,0.45750982,0.42965767,0.5032358
powder,P,word2vec_tiny_1_HOM,0.34679967,0.44784912,0.45310047,0.60151637,0.49596116,0.6385432
sensation,P,word2vec_tiny_1_HOM,0.29663986,0.3783613,0.39518872,0.4724938,0.42979366,0.50572854
gloom,P,word2vec_tiny_1_HOM,0.22519283,0.29503444,0.29283053,0.38504264,0.32364112,0.41700685
climax,P,word2vec_tiny_1_HOM,0.21156025,0.22364846,0.24519289,0.2539347,0.25970402,0.27299088
selfless,M,word2vec_tiny_1_HOM,0.18547416,0.23007683,0.2367998,0.2897971,0.26101816,0.31792626
brandy,P,word2vec_tiny_1_HOM,0.20430604,0.17056568,0.23894592,0.20865239,0.25812215,0.2350198
simmer,P,word2vec_tiny_1_HOM,0.16383569,0.20380996,0.2005637,0.24357566,0.21639584,0.26214308
ashamed,P,word2vec_tiny_1_HOM,0.36168605,0.48300308,0.4838093,0.63275576,0.5345232,0.6336774
stinky,M,word2vec_tiny_1_HOM,0.3131442,0.3802863,0.43966836,0.5027877,0.48720893,0.55065274
grunt,P,word2vec_tiny_1_HOM,0.26318085,0.31691274,0.3409992,0.43364292,0.37574267,0.46421468
flush,H,word2vec_tiny_1_HOM,0.34079832,0.4385462,0.4353448,0.52572274,0.46751305,0.5461908
pulp,P,word2vec_tiny_1_HOM,0.23781446,0.3051788,0.30706337,0.38361666,0.34068295,0.42177618
slumber,P,word2vec_tiny_1_HOM,0.24232611,0.32028827,0.3038118,0.386559,0.32742584,0.39976436
empathy,P,word2vec_tiny_1_HOM,0.16855147,0.16617817,0.21368286,0.22415483,0.23656277,0.2469647
pedestal,P,word2vec_tiny_1_HOM,0.24272534,0.27485982,0.27699617,0.2999108,0.29117447,0.3058149
stylish,M,word2vec_tiny_1_HOM,0.31562865,0.3940883,0.4082817,0.4923118,0.4478837,0.53635925
pity,P,word2vec_tiny_1_HOM,0.3098071,0.35091233,0.36368436,0.40083003,0.38628796,0.42214298
defend,P,word2vec_tiny_1_HOM,0.29958177,0.32550308,0.3875515,0.4317,0.42394,0.47338164
skilled,P,word2vec_tiny_1_HOM,0.29960123,0.35209882,0.37248817,0.42556494,0.4074334,0.46205226
fulfill,P,word2vec_tiny_1_HOM,0.24627042,0.29139593,0.3256945,0.36741647,0.35673758,0.39326444
skid,P,word2vec_tiny_1_HOM,0.24034174,0.30475342,0.32692188,0.4271644,0.36792046,0.47907627
navigate,P,word2vec_tiny_1_HOM,0.29823178,0.38965964,0.35222244,0.4403379,0.37448335,0.46426025
crocodile,P,word2vec_tiny_1_HOM,0.22190407,0.3287542,0.35791004,0.50804126,0.4255658,0.5741085
tenth,P,word2vec_tiny_1_HOM,0.3663079,0.38321385,0.4606964,0.43290064,0.5019996,0.516137
ingredient,P,word2vec_tiny_1_HOM,0.3458136,0.36271057,0.4159411,0.4247332,0.44265682,0.45092916
gull,H,word2vec_tiny_1_HOM,0.20908765,0.24501637,0.23560195,0.2680148,0.24671738,0.2763138
toot,P,word2vec_tiny_1_HOM,0.31195772,0.3837529,0.41874394,0.5452834,0.46400106,0.59961015
draw,P,word2vec_tiny_1_HOM,0.27930355,0.36127862,0.40065503,0.5090636,0.46101752,0.5640865
drill,H,word2vec_tiny_1_HOM,0.27986506,0.33950767,0.365119,0.48242602,0.4053174,0.5255124
elegance,P,word2vec_tiny_1_HOM,0.21676712,0.27791297,0.27010274,0.3493162,0.29001507,0.37428343
mischief,P,word2vec_tiny_1_HOM,0.3858311,0.45482376,0.4499412,0.49712506,0.47265545,0.49194694
mirage,P,word2vec_tiny_1_HOM,0.38505036,0.47641358,0.43678308,0.5039372,0.45684853,0.51394737
rule,P,word2vec_tiny_1_HOM,0.41548276,0.4795366,0.48724625,0.5134689,0.5132096,0.5180511
tornado,M,word2vec_tiny_1_HOM,0.34630972,0.4497281,0.46877915,0.6021777,0.51251936,0.6329026
monstrous,P,word2vec_tiny_1_HOM,0.21098204,0.2809892,0.26600787,0.36415648,0.291758,0.3949544
mellow,P,word2vec_tiny_1_HOM,0.2866289,0.33959797,0.3397491,0.39837718,0.3598852,0.40903726
watering,P,word2vec_tiny_1_HOM,0.35474747,0.41870674,0.4565276,0.53930247,0.50267893,0.5808123
musician,P,word2vec_tiny_1_HOM,0.3169619,0.3907625,0.43769866,0.56453955,0.4887544,0.61591
ignorance,M,word2vec_tiny_1_HOM,0.2064875,0.26405638,0.26673022,0.3376604,0.29580835,0.37164775
scratch,P,word2vec_tiny_1_HOM,0.35890013,0.43357804,0.44501877,0.53710496,0.4821943,0.56194997
slow,P,word2vec_tiny_1_HOM,0.38187486,0.48537862,0.49378118,0.57524,0.5359447,0.6230957
beach,P,word2vec_tiny_1_HOM,0.31267023,0.40096053,0.43116325,0.5248468,0.4873871,0.5972795
pesky,M,word2vec_tiny_1_HOM,0.3007272,0.3652908,0.3610965,0.43150762,0.3907437,0.4555765
lemon,P,word2vec_tiny_1_HOM,0.27501422,0.33353356,0.4211059,0.4888213,0.47595948,0.54096174
backward,P,word2vec_tiny_1_HOM,0.39233738,0.47309554,0.5111021,0.58912444,0.5519126,0.6312251
groundhog,M,word2vec_tiny_1_HOM,0.22686557,0.305732,0.27289218,0.35918936,0.2948604,0.38610306
brow,P,word2vec_tiny_1_HOM,0.25163335,0.33543092,0.31336495,0.40103495,0.33550522,0.41819194
flag,H,word2vec_tiny_1_HOM,0.37611333,0.51625395,0.46656162,0.63495713,0.50343126,0.66591847
studio,P,word2vec_tiny_1_HOM,0.3477025,0.4433331,0.43318138,0.5232207,0.46579662,0.5489376
wet,P,word2vec_tiny_1_HOM,0.31721544,0.46683678,0.46651733,0.6210258,0.5140277,0.64312744
keyboard,P,word2vec_tiny_1_HOM,0.2983892,0.3989019,0.3889298,0.5160156,0.43107918,0.55729145
lung,M,word2vec_tiny_1_HOM,0.39553073,0.5358024,0.49163625,0.6515541,0.52827567,0.66806215
surface,P,word2vec_tiny_1_HOM,0.33806768,0.40396672,0.4161297,0.4980494,0.45258224,0.5387208
arrive,P,word2vec_tiny_1_HOM,0.41785702,0.5529859,0.50893635,0.6348522,0.54534733,0.65637666
strut,H,word2vec_tiny_1_HOM,0.2593308,0.32814702,0.3432819,0.42423868,0.37096515,0.45120782
tactic,M,word2vec_tiny_1_HOM,0.27710658,0.27535945,0.32068008,0.30938363,0.33845237,0.32585645
skinny,P,word2vec_tiny_1_HOM,0.3937156,0.4786749,0.46159074,0.55716246,0.4886424,0.5699506
tasty,M,word2vec_tiny_1_HOM,0.28719583,0.40885514,0.396982,0.47816104,0.43720853,0.4984729
remind,P,word2vec_tiny_1_HOM,0.41114426,0.54733443,0.50343865,0.55959046,0.53128165,0.51915324
blindfold,P,word2vec_tiny_1_HOM,0.2904478,0.31088337,0.337186,0.33118546,0.35587555,0.33670777
drool,P,word2vec_tiny_1_HOM,0.2759067,0.32275176,0.35243514,0.4372396,0.38224742,0.460943
swoop,P,word2vec_tiny_1_HOM,0.3580969,0.43380207,0.43366122,0.5183002,0.4642087,0.55136293
gas,P,word2vec_tiny_1_HOM,0.34746608,0.48624817,0.45036864,0.5623196,0.49118638,0.60545975
ankle,M,word2vec_tiny_1_HOM,0.2829119,0.37020347,0.37135053,0.48014742,0.4061457,0.50489455
reporter,P,word2vec_tiny_1_HOM,0.34251323,0.38176793,0.41269767,0.4735443,0.44526222,0.5096141
scheme,P,word2vec_tiny_1_HOM,0.20445497,0.22038221,0.23315863,0.2457075,0.24715424,0.25303492
accomplish,P,word2vec_tiny_1_HOM,0.25615734,0.27890128,0.34457067,0.35490802,0.381046,0.38079658
adapt,P,word2vec_tiny_1_HOM,0.21377596,0.223028,0.26747388,0.2820066,0.29502687,0.31321222
massive,P,word2vec_tiny_1_HOM,0.2570245,0.323719,0.32727748,0.40681478,0.35342014,0.44551504
proposal,P,word2vec_tiny_1_HOM,0.2459279,0.30928284,0.28657445,0.3654648,0.30506697,0.38542378
count,H,word2vec_tiny_1_HOM,0.39178556,0.44529045,0.5197831,0.60784036,0.5643636,0.65092814
minus,P,word2vec_tiny_1_HOM,0.18882346,0.18223083,0.25974166,0.32168594,0.31012094,0.39879537
bath,P,word2vec_tiny_1_HOM,0.34840778,0.42479515,0.46758637,0.5371129,0.5127299,0.56593955
limousine,P,word2vec_tiny_1_HOM,0.32499367,0.3321611,0.37801522,0.38012636,0.39822412,0.40822712
glitter,P,word2vec_tiny_1_HOM,0.2944362,0.3899205,0.38855675,0.5090624,0.42616066,0.5506017
soup,P,word2vec_tiny_1_HOM,0.2315855,0.33675835,0.32008946,0.44037837,0.36070275,0.46878955
portable,P,word2vec_tiny_1_HOM,0.28172082,0.34640303,0.3306768,0.39961034,0.34979346,0.3970876
helicopter,M,word2vec_tiny_1_HOM,0.27847257,0.38805306,0.43549076,0.6055707,0.49447763,0.6590168
skull,P,word2vec_tiny_1_HOM,0.3188125,0.40804642,0.43092936,0.5685669,0.4799282,0.6338378
yacht,P,word2vec_tiny_1_HOM,0.2262865,0.29041404,0.37705097,0.52396554,0.44519988,0.6011946
jog,H,word2vec_tiny_1_HOM,0.3926445,0.5410666,0.5226944,0.6739977,0.567147,0.71287423
inspire,P,word2vec_tiny_1_HOM,0.1968635,0.2395213,0.25043634,0.30435428,0.28215247,0.34075722
chin,P,word2vec_tiny_1_HOM,0.35775077,0.48282307,0.43903702,0.5277245,0.468836,0.55244815
casserole,P,word2vec_tiny_1_HOM,0.19469133,0.20397831,0.24221472,0.25941733,0.26901332,0.2986985
nervous,P,word2vec_tiny_1_HOM,0.30672854,0.39247215,0.4899928,0.64238465,0.5539584,0.6877416
clamp,P,word2vec_tiny_1_HOM,0.21701789,0.26377743,0.26786017,0.31061473,0.2876585,0.32032794
relative,P,word2vec_tiny_1_HOM,0.30526412,0.3960716,0.361078,0.4535918,0.38218176,0.47194943
batch,P,word2vec_tiny_1_HOM,0.338751,0.32392627,0.3980769,0.40535477,0.42867893,0.4401311
loyalty,P,word2vec_tiny_1_HOM,0.21057396,0.24626839,0.29679516,0.338268,0.33065304,0.374705
brittle,P,word2vec_tiny_1_HOM,0.340787,0.4003571,0.41021535,0.45727196,0.43672577,0.47813237
click,P,word2vec_tiny_1_HOM,0.33119982,0.4356712,0.42892015,0.5456717,0.47286424,0.5833431
population,P,word2vec_tiny_1_HOM,0.21531506,0.19914362,0.2464053,0.22574614,0.25793958,0.23845701
outline,P,word2vec_tiny_1_HOM,0.27968332,0.34220833,0.36304423,0.4702755,0.39568603,0.51405686
peep,H,word2vec_tiny_1_HOM,0.2777877,0.33154976,0.361972,0.46631318,0.40521744,0.52604496
birthmark,M,word2vec_tiny_1_HOM,0.16326231,0.19869255,0.20613201,0.24279585,0.22401494,0.25695613
task,P,word2vec_tiny_1_HOM,0.3750839,0.4555689,0.46735093,0.5179363,0.5002108,0.5207486
coconut,P,word2vec_tiny_1_HOM,0.3665084,0.4011717,0.44086438,0.48846173,0.47149572,0.5115595
decipher,P,word2vec_tiny_1_HOM,0.14289376,0.17044522,0.16568859,0.19459598,0.17860577,0.21129829
guardian,P,word2vec_tiny_1_HOM,0.33479747,0.38027507,0.39877936,0.4413122,0.4232366,0.45519033
runner,P,word2vec_tiny_1_HOM,0.3456707,0.45393762,0.46191624,0.58810663,0.51035404,0.6283728
moody,P,word2vec_tiny_1_HOM,0.14362946,0.16109917,0.16838181,0.18278684,0.18036659,0.2035887
diver,P,word2vec_tiny_1_HOM,0.33751422,0.45601097,0.44344032,0.5777042,0.4903672,0.62057036
punish,P,word2vec_tiny_1_HOM,0.38597637,0.5267539,0.48323795,0.62435603,0.5261238,0.6346919
constant,P,word2vec_tiny_1_HOM,0.25135165,0.2705055,0.29642165,0.32797295,0.32100648,0.35046032
cowgirl,P,word2vec_tiny_1_HOM,0.35715285,0.44789147,0.4383278,0.5310157,0.47253948,0.56014305
concern,P,word2vec_tiny_1_HOM,0.28461415,0.33760995,0.34871283,0.38611048,0.37354138,0.4086898
remove,P,word2vec_tiny_1_HOM,0.38244992,0.5232316,0.49817374,0.6575778,0.5468658,0.6883094
shift,P,word2vec_tiny_1_HOM,0.27073503,0.35446274,0.32320037,0.42585346,0.3456932,0.453408
pinch,P,word2vec_tiny_1_HOM,0.37900203,0.5315504,0.4994717,0.64245754,0.54036343,0.65256673
adorable,P,word2vec_tiny_1_HOM,0.32618028,0.4062525,0.4641076,0.55716115,0.5327584,0.6526234
zebra,M,word2vec_tiny_1_HOM,0.2236784,0.30824623,0.3724059,0.51180506,0.44073135,0.57714903
stash,P,word2vec_tiny_1_HOM,0.40321034,0.47939557,0.4678613,0.515752,0.49227616,0.53314817
rage,P,word2vec_tiny_1_HOM,0.26080742,0.32459337,0.325619,0.3969985,0.3556742,0.42891845
raincoat,M,word2vec_tiny_1_HOM,0.32546467,0.3644837,0.47153595,0.568896,0.5331983,0.64034915
crisp,P,word2vec_tiny_1_HOM,0.29415607,0.3029613,0.3570896,0.39690065,0.3879046,0.45227188
grow,P,word2vec_tiny_1_HOM,0.33695817,0.47336647,0.48188302,0.588683,0.5336465,0.63580483
lair,P,word2vec_tiny_1_HOM,0.23661654,0.28854492,0.31069964,0.38052636,0.34561685,0.42432925
smudge,P,word2vec_tiny_1_HOM,0.33347195,0.3681443,0.4111834,0.47783446,0.4427023,0.52091134
virtue,P,word2vec_tiny_1_HOM,0.24417555,0.2306655,0.29736608,0.28947446,0.32475474,0.32250997
tremble,P,word2vec_tiny_1_HOM,0.35642537,0.49764732,0.4932799,0.6478599,0.54064316,0.66865057
numerous,P,word2vec_tiny_1_HOM,0.23067121,0.24328071,0.2679546,0.2890189,0.28376687,0.3023122
spoil,P,word2vec_tiny_1_HOM,0.42333665,0.53424126,0.5422436,0.6831423,0.58118653,0.6687113
strand,H,word2vec_tiny_1_HOM,0.28676018,0.35075676,0.35953996,0.46282238,0.38762254,0.49881884
shady,P,word2vec_tiny_1_HOM,0.42358336,0.5169419,0.53727573,0.67009807,0.5821588,0.6997166
porcelain,P,word2vec_tiny_1_HOM,0.30176216,0.37091932,0.34770286,0.41404015,0.36479363,0.4269646
leak,P,word2vec_tiny_1_HOM,0.38968843,0.49995196,0.4990458,0.62366545,0.53753144,0.6323571
untouched,P,word2vec_tiny_1_HOM,0.33329302,0.39357468,0.39263913,0.4531318,0.41580415,0.46986416
cluck,P,word2vec_tiny_1_HOM,0.26063758,0.34305313,0.3873731,0.49157798,0.4430729,0.5514713
badge,P,word2vec_tiny_1_HOM,0.35650226,0.4889406,0.47438923,0.60257065,0.5183541,0.63613147
fateful,P,word2vec_tiny_1_HOM,0.2487205,0.28071308,0.2851502,0.33059642,0.2999562,0.35277915
rag,H,word2vec_tiny_1_HOM,0.3117678,0.4076326,0.4023427,0.52906686,0.4549477,0.5955222
agency,P,word2vec_tiny_1_HOM,0.24717796,0.2770455,0.28635654,0.28777364,0.3005599,0.28933996
kicker,P,word2vec_tiny_1_HOM,0.2939424,0.3790267,0.38640335,0.4605745,0.42048323,0.47848356
impossible,P,word2vec_tiny_1_HOM,0.34809703,0.3797388,0.4096565,0.44835904,0.43283817,0.47394717
splinter,P,word2vec_tiny_1_HOM,0.29329824,0.3576687,0.37656567,0.46077013,0.4098431,0.49037245
brighten,P,word2vec_tiny_1_HOM,0.35002705,0.36788774,0.4219088,0.39026883,0.4516675,0.40810835
character,P,word2vec_tiny_1_HOM,0.40026847,0.4746986,0.48650795,0.5497746,0.51429075,0.5417796
conscious,P,word2vec_tiny_1_HOM,0.14000054,0.17033875,0.16942842,0.20869851,0.18955714,0.23429541
cello,M,word2vec_tiny_1_HOM,0.23718052,0.31054127,0.31499287,0.40245274,0.35005254,0.42661867
device,P,word2vec_tiny_1_HOM,0.3362844,0.41716635,0.4132554,0.5133645,0.4460904,0.55112326
seed,P,word2vec_tiny_1_HOM,0.30878395,0.39428753,0.45020825,0.5380399,0.501586,0.5918915
feature,P,word2vec_tiny_1_HOM,0.29881555,0.33475807,0.3458064,0.39451915,0.36457825,0.40874386
hammock,M,word2vec_tiny_1_HOM,0.34147626,0.3775481,0.40395385,0.4692378,0.430422,0.48946518
stride,P,word2vec_tiny_1_HOM,0.1902839,0.21002175,0.22530542,0.26394796,0.23942874,0.2797246
patrol,P,word2vec_tiny_1_HOM,0.3148835,0.3779985,0.37303174,0.4297729,0.395759,0.44646183
boom,H,word2vec_tiny_1_HOM,0.33292767,0.4377542,0.43280613,0.5320689,0.47650483,0.5706912
tall,P,word2vec_tiny_1_HOM,0.40293795,0.52562886,0.4961239,0.65737396,0.53819084,0.6855284
scrap,H,word2vec_tiny_1_HOM,0.2473576,0.30424497,0.31383693,0.42417237,0.34808227,0.47130826
outer,M,word2vec_tiny_1_HOM,0.3405034,0.4213463,0.41779882,0.505158,0.45325565,0.53248936
journal,P,word2vec_tiny_1_HOM,0.23624906,0.3132716,0.39137954,0.53283465,0.4591534,0.6085614
humble,P,word2vec_tiny_1_HOM,0.24950108,0.33979812,0.40594664,0.55683964,0.48146498,0.6150265
lemonade,M,word2vec_tiny_1_HOM,0.3246937,0.39013368,0.41823256,0.45665187,0.45750648,0.48249307
mixture,P,word2vec_tiny_1_HOM,0.25971,0.33569127,0.3416933,0.4197328,0.37802193,0.45837417
jumbo,P,word2vec_tiny_1_HOM,0.32754037,0.3670034,0.38826135,0.43029854,0.41236016,0.45259154
mattress,P,word2vec_tiny_1_HOM,0.28973016,0.3776196,0.4482344,0.6030621,0.5006237,0.65818894
sway,P,word2vec_tiny_1_HOM,0.37473467,0.47343448,0.46940476,0.55591416,0.5005245,0.5724144
adjust,P,word2vec_tiny_1_HOM,0.30002403,0.3929374,0.3792069,0.47355962,0.41407752,0.5069202
hippo,M,word2vec_tiny_1_HOM,0.20652004,0.31828433,0.33888385,0.48422286,0.40729737,0.5628724
pharmacy,P,word2vec_tiny_1_HOM,0.31705874,0.39052224,0.3840431,0.45414755,0.41213188,0.45864806
guilt,P,word2vec_tiny_1_HOM,0.24834733,0.3080428,0.33321568,0.3863955,0.36359665,0.41511035
yellow,P,word2vec_tiny_1_HOM,0.28467092,0.38959584,0.4644925,0.60582596,0.5212326,0.6511784
stretch,P,word2vec_tiny_1_HOM,0.38518426,0.5552671,0.5010973,0.684659,0.5472631,0.71550727
untie,P,word2vec_tiny_1_HOM,0.32332438,0.42886865,0.46459243,0.59630823,0.52042776,0.6471301
invention,P,word2vec_tiny_1_HOM,0.2864155,0.3469812,0.35192493,0.41778746,0.382614,0.4484601
sailboat,M,word2vec_tiny_1_HOM,0.26612192,0.30522567,0.37892646,0.48655176,0.43008584,0.53499466
degree,P,word2vec_tiny_1_HOM,0.20601967,0.23848896,0.24156953,0.2569979,0.25514564,0.26072702
strange,P,word2vec_tiny_1_HOM,0.38310403,0.5236649,0.49243543,0.60706395,0.5278721,0.60168195
threshold,P,word2vec_tiny_1_HOM,0.22406614,0.2884914,0.26086238,0.35067526,0.27870664,0.36415282
nutty,P,word2vec_tiny_1_HOM,0.25851545,0.25114286,0.37939298,0.45148346,0.43365878,0.524229
evil,P,word2vec_tiny_1_HOM,0.2981686,0.34254432,0.37664682,0.4427719,0.41180584,0.46876118
grid,P,word2vec_tiny_1_HOM,0.27389765,0.34827232,0.34921324,0.4344035,0.3887786,0.48255917
cheeky,M,word2vec_tiny_1_HOM,0.31098992,0.33507583,0.3613179,0.3513414,0.38037324,0.3738641
setback,P,word2vec_tiny_1_HOM,0.17857441,0.23693644,0.21715663,0.2875237,0.23507316,0.3060795
smart,P,word2vec_tiny_1_HOM,0.31972194,0.35675895,0.4659113,0.59764904,0.5196045,0.62620133
powerless,P,word2vec_tiny_1_HOM,0.262794,0.33526966,0.31093404,0.39205736,0.33200103,0.40963578
drug,P,word2vec_tiny_1_HOM,0.18810456,0.2051547,0.22003937,0.23223433,0.23330843,0.2441225
bowler,H,word2vec_tiny_1_HOM,0.23680158,0.24765417,0.27624407,0.28104076,0.29100046,0.28384432
personnel,P,word2vec_tiny_1_HOM,0.22830233,0.24598743,0.26247266,0.26701882,0.27630082,0.27477157
enforce,P,word2vec_tiny_1_HOM,0.21486959,0.22772892,0.24779512,0.23871528,0.26177147,0.24466014
scientist,M,word2vec_tiny_1_HOM,0.40507063,0.51202315,0.48404753,0.5734546,0.511386,0.5832742
toll,H,word2vec_tiny_1_HOM,0.3095656,0.32742244,0.37175435,0.42653358,0.39613664,0.4457729
soil,H,word2vec_tiny_1_HOM,0.33671674,0.48884228,0.4222817,0.57231367,0.46574554,0.6022026
near,P,word2vec_tiny_1_HOM,0.48075113,0.59828275,0.57312834,0.69256276,0.6083981,0.70771134
fling,P,word2vec_tiny_1_HOM,0.23341215,0.25884715,0.27988294,0.31235057,0.29931995,0.3298447
tolerate,P,word2vec_tiny_1_HOM,0.1715258,0.19312027,0.20378104,0.23016939,0.2199701,0.25147063
suspense,P,word2vec_tiny_1_HOM,0.21189804,0.2879494,0.25445879,0.33003056,0.27593085,0.3643118
mechanism,P,word2vec_tiny_1_HOM,0.29024068,0.36660996,0.3334815,0.41593793,0.35081077,0.4402094
magical,P,word2vec_tiny_1_HOM,0.33340836,0.45546868,0.4159809,0.48886758,0.44571453,0.4950778
strip,H,word2vec_tiny_1_HOM,0.3653651,0.4490354,0.46120685,0.5921316,0.50135225,0.63500804
squeeze,P,word2vec_tiny_1_HOM,0.39938033,0.53376114,0.5155811,0.6703322,0.550633,0.6781321
gap,P,word2vec_tiny_1_HOM,0.41969413,0.5737173,0.5048009,0.6234851,0.53461677,0.6443726
tiny,M,word2vec_tiny_1_HOM,0.41967314,0.5608404,0.50150573,0.60908765,0.535137,0.6344187
hockey,P,word2vec_tiny_1_HOM,0.30680934,0.39711118,0.4597714,0.61090225,0.5154524,0.661866
label,P,word2vec_tiny_1_HOM,0.4117795,0.49774358,0.5173262,0.63080126,0.55732405,0.6716761
deserve,P,word2vec_tiny_1_HOM,0.40980968,0.46020195,0.48734725,0.49626806,0.51047754,0.50903946
briefcase,M,word2vec_tiny_1_HOM,0.3221791,0.4142197,0.4220491,0.5381806,0.45896882,0.56938684
betray,P,word2vec_tiny_1_HOM,0.14331032,0.1568626,0.17368004,0.19275582,0.18790613,0.20951602
salesman,M,word2vec_tiny_1_HOM,0.27025074,0.3513857,0.32015088,0.39149165,0.3407858,0.4118371
uncover,P,word2vec_tiny_1_HOM,0.3623375,0.42081878,0.4337427,0.47756317,0.45915022,0.5033297
flood,P,word2vec_tiny_1_HOM,0.36486334,0.513653,0.4690501,0.6017419,0.51176524,0.63262254
design,P,word2vec_tiny_1_HOM,0.31732243,0.46247864,0.45715317,0.617253,0.50513643,0.6498699
pottery,P,word2vec_tiny_1_HOM,0.28766188,0.3823259,0.35425237,0.48405156,0.3812139,0.5059342
lace,P,word2vec_tiny_1_HOM,0.33293784,0.40722618,0.42227402,0.5118677,0.46423736,0.55118865
gullible,M,word2vec_tiny_1_HOM,0.12005798,0.14646639,0.1459818,0.18040185,0.16008754,0.19629747
bathtub,M,word2vec_tiny_1_HOM,0.31438512,0.43059862,0.42536277,0.5787148,0.47852036,0.6314033
plot,H,word2vec_tiny_1_HOM,0.50049543,0.6179497,0.5988946,0.6930247,0.63054633,0.6737281
benefit,P,word2vec_tiny_1_HOM,0.24557893,0.2746705,0.31762853,0.32840884,0.349162,0.36378723
curtain,P,word2vec_tiny_1_HOM,0.34435934,0.44154632,0.44280538,0.580238,0.4965762,0.6463125
chair,P,word2vec_tiny_1_HOM,0.30369204,0.3959812,0.44878617,0.5916151,0.5074405,0.6598471
trombone,M,word2vec_tiny_1_HOM,0.2613269,0.29044697,0.30838805,0.33733383,0.32808566,0.3478162
barber,P,word2vec_tiny_1_HOM,0.33249587,0.47473133,0.46289727,0.60301965,0.50667495,0.61089975
glory,P,word2vec_tiny_1_HOM,0.2852813,0.31379807,0.3637866,0.41067147,0.3921235,0.4362625
wrench,P,word2vec_tiny_1_HOM,0.2949786,0.37105203,0.41536042,0.5249067,0.45529297,0.5721491
pure,P,word2vec_tiny_1_HOM,0.26022035,0.3270833,0.31890592,0.4102061,0.34432897,0.4425962
cable,P,word2vec_tiny_1_HOM,0.270952,0.36897478,0.4048769,0.54860705,0.4672684,0.62059414
basement,M,word2vec_tiny_1_HOM,0.37454766,0.42971554,0.49398664,0.6343109,0.5395701,0.67631346
keeper,P,word2vec_tiny_1_HOM,0.34790322,0.45889077,0.45794648,0.54729,0.49415573,0.5417037
cassette,M,word2vec_tiny_1_HOM,0.16524103,0.17726406,0.19384971,0.20749864,0.20626785,0.21964546
correct,P,word2vec_tiny_1_HOM,0.32499775,0.38309944,0.3873377,0.44887388,0.41337413,0.4718677
failure,P,word2vec_tiny_1_HOM,0.24741217,0.2679382,0.3098428,0.34836125,0.33864433,0.39586276
dress,P,word2vec_tiny_1_HOM,0.25940707,0.3702759,0.37698796,0.5109871,0.43546456,0.5698381
underwear,M,word2vec_tiny_1_HOM,0.31080452,0.37091798,0.39556247,0.4765938,0.4397216,0.5298803
thinker,P,word2vec_tiny_1_HOM,0.33256263,0.3337508,0.38684568,0.41154245,0.4107824,0.4424963
observe,P,word2vec_tiny_1_HOM,0.37507358,0.5382685,0.5203888,0.68710303,0.56729096,0.71291566
upstream,P,word2vec_tiny_1_HOM,0.22245629,0.29563034,0.2990824,0.41182265,0.3348549,0.4525558
muffin,M,word2vec_tiny_1_HOM,0.226554,0.30730963,0.35673982,0.4644214,0.41696754,0.519469
showdown,P,word2vec_tiny_1_HOM,0.19663025,0.2150464,0.22342323,0.23185144,0.23500556,0.23997548
trunk,P,word2vec_tiny_1_HOM,0.39286774,0.525146,0.498538,0.64971405,0.5354068,0.6762816
sixth,P,word2vec_tiny_1_HOM,0.30923682,0.34957245,0.39769936,0.39276612,0.43777353,0.47561294
vulnerable,P,word2vec_tiny_1_HOM,0.26356316,0.32590553,0.31406453,0.40461212,0.33348122,0.42028937
creamy,P,word2vec_tiny_1_HOM,0.25421008,0.30087316,0.3323495,0.3853359,0.36983398,0.42487413
glue,P,word2vec_tiny_1_HOM,0.32129753,0.4275254,0.420457,0.5586534,0.46121484,0.59118396
itchy,P,word2vec_tiny_1_HOM,0.3537771,0.4854107,0.44722688,0.55401367,0.48786432,0.5925713
trick,P,word2vec_tiny_1_HOM,0.45790187,0.556179,0.549077,0.6552001,0.57892996,0.6478045
tummy,M,word2vec_tiny_1_HOM,0.32795143,0.4183916,0.46049953,0.51722527,0.5070449,0.55453056
hug,P,word2vec_tiny_1_HOM,0.3983505,0.5174247,0.51594496,0.5307789,0.5453579,0.5206235
misfortune,P,word2vec_tiny_1_HOM,0.20505461,0.24205685,0.24591787,0.3098245,0.26460084,0.3311938
guarantee,P,word2vec_tiny_1_HOM,0.20829546,0.1890398,0.24650091,0.22519666,0.2632425,0.24372508
legal,P,word2vec_tiny_1_HOM,0.25103682,0.3031371,0.3027605,0.3751157,0.3285563,0.3977358
honeymoon,P,word2vec_tiny_1_HOM,0.3087905,0.30825767,0.3576746,0.3212281,0.3765091,0.32893386
squeal,P,word2vec_tiny_1_HOM,0.31918746,0.3992126,0.39903727,0.466226,0.43158883,0.49218574
technique,P,word2vec_tiny_1_HOM,0.24838407,0.28954265,0.3244457,0.38758194,0.3568841,0.42267177
wander,P,word2vec_tiny_1_HOM,0.39420113,0.534866,0.51868635,0.6626471,0.55899763,0.6696877
pasta,P,word2vec_tiny_1_HOM,0.20377631,0.29748783,0.3191901,0.4450571,0.37955475,0.4925658
rugged,P,word2vec_tiny_1_HOM,0.22950268,0.26191545,0.2664086,0.29931757,0.28027493,0.30596563
rim,P,word2vec_tiny_1_HOM,0.30725968,0.39370894,0.36795974,0.47663066,0.39493087,0.49912548
abyss,P,word2vec_tiny_1_HOM,0.28408495,0.34930697,0.35004815,0.3957209,0.37225983,0.40219364
disgrace,P,word2vec_tiny_1_HOM,0.12816787,0.14868394,0.15180486,0.18564647,0.16181701,0.19918089
holster,M,word2vec_tiny_1_HOM,0.26183182,0.32156396,0.31358397,0.3721052,0.33458862,0.37665734
spacecraft,M,word2vec_tiny_1_HOM,0.28459254,0.3442669,0.33068818,0.41832197,0.34868416,0.4355279
salami,M,word2vec_tiny_1_HOM,0.15216282,0.1936536,0.1996751,0.25283623,0.22812542,0.2967557
occur,P,word2vec_tiny_1_HOM,0.2252922,0.21920894,0.2559527,0.25571606,0.2681545,0.2665493
aquarium,P,word2vec_tiny_1_HOM,0.38041043,0.4641758,0.45250976,0.55656946,0.48337695,0.5837254
snap,P,word2vec_tiny_1_HOM,0.41473404,0.55744463,0.50078547,0.63470715,0.53061676,0.6461951
bony,P,word2vec_tiny_1_HOM,0.30308685,0.34569266,0.38297364,0.44952285,0.41453743,0.4766952
spiral,P,word2vec_tiny_1_HOM,0.31327993,0.4001008,0.38447627,0.47663936,0.41439724,0.5119641
nanny,M,word2vec_tiny_1_HOM,0.3733875,0.4782929,0.4340908,0.5104874,0.45674133,0.5019168
holder,P,word2vec_tiny_1_HOM,0.33643734,0.4052741,0.40257126,0.50074804,0.43170738,0.53069186
guidance,P,word2vec_tiny_1_HOM,0.27919468,0.3295191,0.33678445,0.36988968,0.36148632,0.3959994
severe,P,word2vec_tiny_1_HOM,0.21138422,0.29643345,0.2836103,0.36690682,0.31715253,0.40550992
burn,P,word2vec_tiny_1_HOM,0.39076388,0.54435754,0.5159376,0.64696604,0.5578725,0.66486514
sinister,P,word2vec_tiny_1_HOM,0.23997429,0.28563908,0.2961516,0.37530556,0.31962165,0.40614322
season,P,word2vec_tiny_1_HOM,0.3573362,0.45175195,0.50132936,0.61217034,0.53959155,0.6344771
jingle,P,word2vec_tiny_1_HOM,0.3027425,0.37325877,0.42848247,0.48303393,0.4736899,0.5321256
flap,P,word2vec_tiny_1_HOM,0.42272934,0.54950756,0.5226547,0.6536013,0.55412817,0.67406654
clever,P,word2vec_tiny_1_HOM,0.30306193,0.35334972,0.45576847,0.5883936,0.5153117,0.618466
travel,P,word2vec_tiny_1_HOM,0.4121583,0.5452328,0.50463593,0.6524268,0.5494288,0.68366337
silver,P,word2vec_tiny_1_HOM,0.3324227,0.42202142,0.45088813,0.5963383,0.49594474,0.641202
brilliant,P,word2vec_tiny_1_HOM,0.30833966,0.3759947,0.43630502,0.58346474,0.5026936,0.6370426
passenger,P,word2vec_tiny_1_HOM,0.36413753,0.46454707,0.459337,0.5465278,0.49445128,0.5708854
bouncer,P,word2vec_tiny_1_HOM,0.33341834,0.40074503,0.42180806,0.50392467,0.4579096,0.5307319
ignition,P,word2vec_tiny_1_HOM,0.31771383,0.3842141,0.4016117,0.47360757,0.441278,0.51444435
apartment,M,word2vec_tiny_1_HOM,0.45601517,0.5643421,0.5309546,0.6059966,0.55920595,0.6082202
prospect,P,word2vec_tiny_1_HOM,0.3315001,0.36512542,0.3786594,0.42486748,0.3995394,0.4465157
basketball,P,word2vec_tiny_1_HOM,0.28411418,0.40160224,0.42847604,0.5942139,0.48859054,0.6460428
silence,P,word2vec_tiny_1_HOM,0.43759552,0.4822171,0.52289593,0.59181726,0.55067706,0.5871856
bother,P,word2vec_tiny_1_HOM,0.39714622,0.490981,0.5134049,0.5737387,0.54522073,0.5599191
doorstep,M,word2vec_tiny_1_HOM,0.43477607,0.5425927,0.5074852,0.60919774,0.53665787,0.6257389
meditate,P,word2vec_tiny_1_HOM,0.30937284,0.30824852,0.37653533,0.36009723,0.39925557,0.36623368
goldfish,M,word2vec_tiny_1_HOM,0.35982406,0.41367692,0.43272933,0.50625974,0.4593104,0.536191
trip,P,word2vec_tiny_1_HOM,0.30794922,0.43323326,0.45896983,0.6009489,0.51699996,0.6444343
likely,P,word2vec_tiny_1_HOM,0.29404613,0.32485285,0.34693837,0.36720672,0.372257,0.40319452
intuition,P,word2vec_tiny_1_HOM,0.19710809,0.2687749,0.24436313,0.3079749,0.26759666,0.32223937
wand,P,word2vec_tiny_1_HOM,0.37047118,0.4701785,0.4827108,0.60091066,0.5257265,0.61292726
pew,P,word2vec_tiny_1_HOM,0.3191298,0.3687905,0.4104376,0.47719297,0.44799164,0.5296119
beep,P,word2vec_tiny_1_HOM,0.2823319,0.34765235,0.38644928,0.4759672,0.43073663,0.53262186
rinse,P,word2vec_tiny_1_HOM,0.31723517,0.36468166,0.43457258,0.496098,0.47381622,0.53383917
concussion,P,word2vec_tiny_1_HOM,0.24147418,0.30964315,0.32768214,0.42762876,0.36718586,0.46724054
outward,P,word2vec_tiny_1_HOM,0.21399903,0.23087229,0.25977707,0.27194628,0.28007537,0.28111082
radiator,P,word2vec_tiny_1_HOM,0.2052339,0.21869196,0.232503,0.23173133,0.24515909,0.24445805
hill,P,word2vec_tiny_1_HOM,0.35361385,0.47026932,0.48221818,0.6320414,0.5316753,0.67051804
getaway,P,word2vec_tiny_1_HOM,0.16995543,0.20308037,0.2002474,0.22926062,0.21330673,0.23671146
kettle,P,word2vec_tiny_1_HOM,0.34553248,0.42213085,0.4290768,0.52522236,0.46396855,0.55035704
hula,M,word2vec_tiny_1_HOM,0.39510074,0.5257844,0.47307304,0.593688,0.5038222,0.6036762
pouch,P,word2vec_tiny_1_HOM,0.4199744,0.50267845,0.47912458,0.55742735,0.501936,0.57592285
admire,P,word2vec_tiny_1_HOM,0.4128086,0.47690102,0.51020324,0.5703535,0.54052544,0.5727877
joyous,M,word2vec_tiny_1_HOM,0.2849361,0.36569795,0.35498515,0.44091138,0.3846406,0.4711751
helpful,M,word2vec_tiny_1_HOM,0.25434533,0.35362124,0.42050758,0.58702224,0.48502144,0.586615
classmate,M,word2vec_tiny_1_HOM,0.3212529,0.3567505,0.37136334,0.4188874,0.39073253,0.4273222
muscular,P,word2vec_tiny_1_HOM,0.25290895,0.26314923,0.2909196,0.29324824,0.3051705,0.3075433
bronze,P,word2vec_tiny_1_HOM,0.29512867,0.37177002,0.3799252,0.48761353,0.41172835,0.51486903
recite,P,word2vec_tiny_1_HOM,0.26259273,0.34906778,0.34042877,0.43583903,0.36969003,0.45249277
elastic,P,word2vec_tiny_1_HOM,0.3287199,0.3440357,0.3866313,0.46134433,0.41031197,0.48150712
magician,P,word2vec_tiny_1_HOM,0.38255748,0.51191044,0.47338217,0.6195243,0.5046935,0.6221561
dreary,P,word2vec_tiny_1_HOM,0.24673848,0.30687368,0.3124152,0.38933793,0.34008867,0.41946054
garage,P,word2vec_tiny_1_HOM,0.35774875,0.45470333,0.46746528,0.6204317,0.5158405,0.6593214
chamber,P,word2vec_tiny_1_HOM,0.31325793,0.44604135,0.44250748,0.6060683,0.49774346,0.6613763
electronic,P,word2vec_tiny_1_HOM,0.19669284,0.25092834,0.23123035,0.28550556,0.24546598,0.28605336
trace,H,word2vec_tiny_1_HOM,0.3493411,0.41172644,0.4211606,0.4937777,0.44645938,0.51763904
beggar,P,word2vec_tiny_1_HOM,0.27323505,0.3365304,0.32060307,0.3921242,0.34006476,0.41445747
breathless,P,word2vec_tiny_1_HOM,0.26760575,0.3338714,0.3169798,0.400457,0.33706275,0.4147396
doorbell,M,word2vec_tiny_1_HOM,0.44527197,0.59491473,0.53744894,0.64496607,0.5682967,0.65000033
scale,H,word2vec_tiny_1_HOM,0.40859908,0.54926765,0.5081112,0.6438252,0.54735345,0.6897129
nickname,P,word2vec_tiny_1_HOM,0.3012716,0.33555067,0.3431961,0.3714277,0.35868248,0.38320625
solution,P,word2vec_tiny_1_HOM,0.38983274,0.425968,0.45516846,0.46585104,0.4787648,0.48414278
public,P,word2vec_tiny_1_HOM,0.35709047,0.39806288,0.41652286,0.43380934,0.43966916,0.4463539
column,P,word2vec_tiny_1_HOM,0.284532,0.32337928,0.34450242,0.40892062,0.3690561,0.44358143
battery,P,word2vec_tiny_1_HOM,0.343152,0.4651811,0.45973024,0.58087224,0.5051634,0.6261964
fleece,P,word2vec_tiny_1_HOM,0.25693434,0.33476913,0.31378084,0.39567804,0.33607522,0.41105834
laboratory,P,word2vec_tiny_1_HOM,0.31629288,0.36587882,0.36393216,0.43105176,0.38399944,0.45633915
crop,P,word2vec_tiny_1_HOM,0.2751894,0.30648673,0.37716973,0.45898154,0.4175388,0.5049471
devotion,P,word2vec_tiny_1_HOM,0.16450046,0.19783913,0.20140514,0.24572536,0.22036016,0.26205352
parcel,P,word2vec_tiny_1_HOM,0.33726534,0.40357563,0.41429338,0.50383765,0.44230998,0.5041208
semester,M,word2vec_tiny_1_HOM,0.2030071,0.21937615,0.23968892,0.25702286,0.2544865,0.27442318
seal,H,word2vec_tiny_1_HOM,0.22079559,0.28528434,0.35978457,0.48746762,0.4293773,0.57204914
split,P,word2vec_tiny_1_HOM,0.43478078,0.57851976,0.53791165,0.67885655,0.5734337,0.6841502
overload,P,word2vec_tiny_1_HOM,0.21662512,0.24532391,0.24516323,0.2685603,0.25792897,0.27400932
unseen,P,word2vec_tiny_1_HOM,0.23646757,0.3329076,0.28304636,0.381709,0.3016303,0.40352505
eyebrow,P,word2vec_tiny_1_HOM,0.32479736,0.39909786,0.37375858,0.43811446,0.39306808,0.4581714
magic,P,word2vec_tiny_1_HOM,0.40525174,0.5492085,0.5076829,0.6156885,0.5474852,0.60651785
keyhole,M,word2vec_tiny_1_HOM,0.3335858,0.40823817,0.44805622,0.5862676,0.48777688,0.6235503
dispose,P,word2vec_tiny_1_HOM,0.22434132,0.22599727,0.261544,0.2540058,0.27729282,0.27176747
jelly,P,word2vec_tiny_1_HOM,0.22237734,0.29153293,0.32989997,0.44013107,0.38615456,0.4963882
legend,P,word2vec_tiny_1_HOM,0.30713025,0.36571845,0.35511407,0.4241128,0.37704903,0.4371184
sideways,P,word2vec_tiny_1_HOM,0.4213547,0.45575905,0.4897974,0.5680633,0.5163203,0.5884274
clash,P,word2vec_tiny_1_HOM,0.24470234,0.33500847,0.31761637,0.41639566,0.35530952,0.4625313
slime,P,word2vec_tiny_1_HOM,0.32060808,0.39297593,0.4084715,0.4899735,0.4469069,0.5223767
recognize,P,word2vec_tiny_1_HOM,0.43856293,0.57438904,0.5368851,0.6818349,0.5686146,0.67097753
overlook,P,word2vec_tiny_1_HOM,0.11930598,0.14260936,0.14202699,0.17562418,0.1548491,0.19798443
straw,P,word2vec_tiny_1_HOM,0.44785422,0.5698706,0.5134908,0.5809566,0.5370096,0.5970665
culture,P,word2vec_tiny_1_HOM,0.24148333,0.32273397,0.3300444,0.4361953,0.3675725,0.46229106
search,P,word2vec_tiny_1_HOM,0.4355057,0.5763102,0.5561419,0.6831139,0.5949574,0.6922377
consider,P,word2vec_tiny_1_HOM,0.22373521,0.28520104,0.2838078,0.33620244,0.31276333,0.36373892
astronaut,M,word2vec_tiny_1_HOM,0.37329113,0.5161204,0.4823147,0.61743075,0.5298788,0.6492495
furious,P,word2vec_tiny_1_HOM,0.32071942,0.39608833,0.39086223,0.46684644,0.42178646,0.49515703
amuse,P,word2vec_tiny_1_HOM,0.19412345,0.18626243,0.22289391,0.22076514,0.23452404,0.22638811
odor,P,word2vec_tiny_1_HOM,0.27481234,0.35039043,0.3457256,0.43340206,0.37539205,0.46551055
beak,P,word2vec_tiny_1_HOM,0.4104424,0.5481979,0.526421,0.65117913,0.56812906,0.68025154
quack,H,word2vec_tiny_1_HOM,0.31516296,0.4529329,0.4308255,0.5685221,0.4763083,0.600738
storeroom,M,word2vec_tiny_1_HOM,0.24037318,0.26381716,0.27488542,0.2829512,0.28942493,0.29573476
bleach,P,word2vec_tiny_1_HOM,0.30012286,0.35864612,0.3543257,0.41179854,0.38306534,0.4401129
spark,P,word2vec_tiny_1_HOM,0.30727148,0.44190186,0.42457858,0.5723622,0.46421996,0.5932138
eyesight,P,word2vec_tiny_1_HOM,0.20445672,0.25188082,0.24564427,0.29925394,0.26252934,0.3240181
apart,P,word2vec_tiny_1_HOM,0.44269538,0.53691065,0.52563214,0.6202387,0.5567946,0.6347003
diet,H,word2vec_tiny_1_HOM,0.37871298,0.4398546,0.44899762,0.4959261,0.47241393,0.500485
scoot,P,word2vec_tiny_1_HOM,0.3341301,0.31387657,0.4021081,0.44069096,0.42885414,0.4696289
bouncy,P,word2vec_tiny_1_HOM,0.3692749,0.47128528,0.49512005,0.64396703,0.54145736,0.67757803
invest,P,word2vec_tiny_1_HOM,0.11754368,0.14267863,0.14575708,0.18065313,0.15902144,0.19922422
tease,P,word2vec_tiny_1_HOM,0.37538642,0.5147877,0.50136274,0.6699335,0.5519557,0.70007753
lean,H,word2vec_tiny_1_HOM,0.39608866,0.5412834,0.5212878,0.683165,0.56645083,0.717112
stab,P,word2vec_tiny_1_HOM,0.26198453,0.36957335,0.3504778,0.46643946,0.38483703,0.49832252
spooky,M,word2vec_tiny_1_HOM,0.40801096,0.49137688,0.5032234,0.5723496,0.5357148,0.5853411
review,P,word2vec_tiny_1_HOM,0.13665906,0.15452337,0.16068825,0.18707696,0.17272249,0.20391443
lantern,P,word2vec_tiny_1_HOM,0.38389367,0.49212772,0.46105033,0.5366309,0.48729828,0.5615487
cuff,H,word2vec_tiny_1_HOM,0.2071211,0.2278372,0.24401778,0.2615706,0.26064667,0.2820458
rural,P,word2vec_tiny_1_HOM,0.23522958,0.22261421,0.26772374,0.23627481,0.2807682,0.24894302
weave,P,word2vec_tiny_1_HOM,0.26746622,0.33202377,0.3582919,0.4433836,0.3946612,0.49563769
soda,P,word2vec_tiny_1_HOM,0.30826992,0.37137163,0.38543782,0.42652866,0.42133445,0.46711358
disorder,P,word2vec_tiny_1_HOM,0.20904708,0.23029795,0.23537247,0.2498847,0.24664336,0.25593624
heavy,P,word2vec_tiny_1_HOM,0.39559883,0.5171598,0.5350985,0.6803713,0.5812086,0.71340215
port,H,word2vec_tiny_1_HOM,0.2537697,0.31356195,0.38549122,0.52978015,0.44353023,0.5950248
shack,M,word2vec_tiny_1_HOM,0.2856302,0.3472007,0.3486294,0.417881,0.37122184,0.43763387
final,P,word2vec_tiny_1_HOM,0.41512617,0.46249932,0.4709725,0.47911552,0.4910437,0.48944902
compass,P,word2vec_tiny_1_HOM,0.33199057,0.43908706,0.4367725,0.54141706,0.47224686,0.5686841
downward,P,word2vec_tiny_1_HOM,0.3222183,0.33243892,0.36035132,0.3859986,0.37747046,0.3971445
hull,H,word2vec_tiny_1_HOM,0.30710363,0.42190808,0.40237504,0.5301889,0.43588126,0.5540712
patch,P,word2vec_tiny_1_HOM,0.38343248,0.5010775,0.46725395,0.5800964,0.49635652,0.59090716
camouflage,P,word2vec_tiny_1_HOM,0.18703707,0.17502078,0.21344098,0.20973966,0.22595595,0.22518508
depart,P,word2vec_tiny_1_HOM,0.20613787,0.22482674,0.23870146,0.24511868,0.25222737,0.25438473
peaceful,P,word2vec_tiny_1_HOM,0.34541655,0.4969635,0.45613116,0.5676385,0.49540123,0.5706825
ballerina,P,word2vec_tiny_1_HOM,0.4186051,0.49782676,0.4963523,0.6010441,0.5259575,0.62093055
eject,P,word2vec_tiny_1_HOM,0.20985563,0.22686024,0.25402406,0.28363,0.27269706,0.29891968
warmth,P,word2vec_tiny_1_HOM,0.31184968,0.35254014,0.39525354,0.45624545,0.4302675,0.48432744
circuit,P,word2vec_tiny_1_HOM,0.2953853,0.3028293,0.34711784,0.37365213,0.36564416,0.38153085
envious,M,word2vec_tiny_1_HOM,0.44306645,0.45704338,0.56310415,0.68819875,0.6070507,0.708638
customer,P,word2vec_tiny_1_HOM,0.35990578,0.46469918,0.4429344,0.53767735,0.47227257,0.5489373
store,P,word2vec_tiny_1_HOM,0.28511053,0.3956776,0.4379516,0.56701016,0.4973326,0.60206056
socket,P,word2vec_tiny_1_HOM,0.2650602,0.36094192,0.35327548,0.45894286,0.3918924,0.5010057
sewer,H,word2vec_tiny_1_HOM,0.22992086,0.20375326,0.27590013,0.25425377,0.2971238,0.26870233
song,P,word2vec_tiny_1_HOM,0.29435238,0.37980628,0.43586046,0.5213653,0.4939016,0.5713108
clockwork,M,word2vec_tiny_1_HOM,0.19893919,0.18610403,0.22740127,0.23440364,0.2399096,0.25230905
glow,P,word2vec_tiny_1_HOM,0.3366198,0.45354807,0.4697604,0.61304617,0.51512665,0.6326907
descend,P,word2vec_tiny_1_HOM,0.25085253,0.33635277,0.32422838,0.41744024,0.35160705,0.43714932
rocket,H,word2vec_tiny_1_HOM,0.28641105,0.38612026,0.43206844,0.60527885,0.4870257,0.65178174
spray,H,word2vec_tiny_1_HOM,0.36205342,0.4711561,0.48678052,0.60657626,0.53170204,0.63690263
dawn,P,word2vec_tiny_1_HOM,0.26967165,0.22963056,0.30841735,0.22090957,0.328413,0.25371563
entry,P,word2vec_tiny_1_HOM,0.36912066,0.443688,0.43591762,0.4954331,0.46074355,0.511068
snuggle,P,word2vec_tiny_1_HOM,0.3543569,0.45546624,0.47578698,0.570257,0.5208584,0.6035462
removal,P,word2vec_tiny_1_HOM,0.24444251,0.24645016,0.27427083,0.278783,0.2860924,0.28212056
fierce,P,word2vec_tiny_1_HOM,0.3392693,0.4962977,0.46389714,0.6328264,0.509674,0.65750515
mushroom,P,word2vec_tiny_1_HOM,0.2669097,0.34338295,0.3766448,0.5281241,0.43564007,0.5950079
terminal,P,word2vec_tiny_1_HOM,0.32378957,0.39857727,0.3870887,0.47846094,0.42068428,0.5087036
debris,P,word2vec_tiny_1_HOM,0.27493253,0.39512345,0.33955562,0.46286216,0.36884132,0.48630044
commercial,P,word2vec_tiny_1_HOM,0.19252412,0.21039887,0.22129545,0.23734714,0.2340019,0.25343412
scary,M,word2vec_tiny_1_HOM,0.36224458,0.5098554,0.48192462,0.63546854,0.5275429,0.65408915
boardwalk,M,word2vec_tiny_1_HOM,0.21522179,0.22784367,0.24476288,0.24717149,0.25732654,0.25573918
skin,P,word2vec_tiny_1_HOM,0.34350812,0.44411322,0.43674663,0.5656919,0.47725034,0.5885973
unfinished,P,word2vec_tiny_1_HOM,0.3590759,0.39875835,0.4366387,0.45130038,0.46561378,0.47164252
medication,P,word2vec_tiny_1_HOM,0.17850041,0.22949116,0.22070128,0.2709266,0.23803464,0.277383
stepped,P,word2vec_tiny_1_HOM,0.3633291,0.43528572,0.44429725,0.5159374,0.4714922,0.5183817
sticky,P,word2vec_tiny_1_HOM,0.3236157,0.3835086,0.43095607,0.52626055,0.46950436,0.5550577
prank,M,word2vec_tiny_1_HOM,0.419307,0.5063354,0.48525766,0.5630005,0.5123501,0.5680041
wipe,P,word2vec_tiny_1_HOM,0.34061843,0.45963284,0.4685833,0.5870376,0.5147258,0.59591484
beauty,P,word2vec_tiny_1_HOM,0.2746967,0.3257166,0.34228268,0.41966358,0.37971798,0.46521938
crybaby,M,word2vec_tiny_1_HOM,0.25974387,0.33617702,0.36149803,0.42986718,0.39604774,0.45151606
donate,P,word2vec_tiny_1_HOM,0.31646597,0.3503038,0.39728618,0.4390372,0.42775086,0.4815456
freezer,M,word2vec_tiny_1_HOM,0.35527414,0.48827118,0.47511113,0.62439007,0.52217543,0.65916395
flux,P,word2vec_tiny_1_HOM,0.21959028,0.2195527,0.2517032,0.25763664,0.26554897,0.27267787
librarian,M,word2vec_tiny_1_HOM,0.3763859,0.5070838,0.46376064,0.5476375,0.49350914,0.549183
checkpoint,M,word2vec_tiny_1_HOM,0.24568541,0.29094613,0.28554982,0.3172412,0.30210012,0.31586674
abroad,P,word2vec_tiny_1_HOM,0.2082469,0.25065908,0.25056413,0.28078917,0.27040333,0.29618782
pork,P,word2vec_tiny_1_HOM,0.23120204,0.23945698,0.30933306,0.33317912,0.34383765,0.38037926
dioxide,M,word2vec_tiny_1_HOM,0.22450705,0.054824032,0.27847186,0.1948836,0.32284126,0.34262425
glide,P,word2vec_tiny_1_HOM,0.35649413,0.45432648,0.4451363,0.56680316,0.4779955,0.58366
extend,P,word2vec_tiny_1_HOM,0.16756573,0.15699835,0.19631845,0.20268133,0.20818588,0.22123994
snore,P,word2vec_tiny_1_HOM,0.3200832,0.43080017,0.410699,0.4919556,0.4489663,0.53507024
energy,P,word2vec_tiny_1_HOM,0.3877325,0.4535032,0.45823872,0.4711796,0.4839444,0.49781454
sport,P,word2vec_tiny_1_HOM,0.31916434,0.41640294,0.47769374,0.63525164,0.53639364,0.6808937
cheer,P,word2vec_tiny_1_HOM,0.4334363,0.51381385,0.5389873,0.6599603,0.5733052,0.66766125
confirm,P,word2vec_tiny_1_HOM,0.22701392,0.24040306,0.264742,0.27226347,0.27774075,0.27706477
desire,P,word2vec_tiny_1_HOM,0.25333887,0.27945873,0.30872554,0.350438,0.3360601,0.3885047
shadow,P,word2vec_tiny_1_HOM,0.4322707,0.5410736,0.5146239,0.6414624,0.5468442,0.6657153
jump,P,word2vec_tiny_1_HOM,0.3752442,0.52000463,0.5073246,0.6790072,0.55998164,0.71808654
loud,P,word2vec_tiny_1_HOM,0.3300504,0.45162886,0.43576407,0.5083344,0.47574303,0.5396482
napkin,P,word2vec_tiny_1_HOM,0.33779156,0.46645316,0.4329422,0.57374716,0.4799679,0.6294747
fridge,M,word2vec_tiny_1_HOM,0.31122652,0.41685387,0.4546942,0.58202255,0.5087233,0.6327372
kindness,P,word2vec_tiny_1_HOM,0.25083813,0.28269947,0.34736308,0.3713168,0.37993127,0.3948794
ginger,P,word2vec_tiny_1_HOM,0.30877218,0.3280822,0.3598181,0.35675403,0.38004035,0.3801288
curious,P,word2vec_tiny_1_HOM,0.44454837,0.55869395,0.5439479,0.6722371,0.58258444,0.6914575
terror,P,word2vec_tiny_1_HOM,0.20023294,0.25618216,0.27577746,0.36490053,0.30730808,0.40203604
boyfriend,P,word2vec_tiny_1_HOM,0.22141556,0.21027584,0.26406682,0.23242053,0.28247753,0.24505256
install,P,word2vec_tiny_1_HOM,0.26712897,0.33490553,0.32992133,0.39536947,0.35605073,0.4044105
jolly,P,word2vec_tiny_1_HOM,0.27616674,0.3661578,0.4308169,0.5621497,0.49689284,0.6125468
stick,H,word2vec_tiny_1_HOM,0.36151618,0.43430305,0.46585006,0.6011578,0.5105064,0.6556932
ledge,P,word2vec_tiny_1_HOM,0.29330423,0.36621344,0.3551119,0.43979165,0.38348952,0.46056715
explorer,P,word2vec_tiny_1_HOM,0.33647436,0.44974732,0.44006407,0.5624955,0.4745117,0.5733874
disrupt,P,word2vec_tiny_1_HOM,0.2127668,0.23015198,0.24639189,0.27088973,0.25997677,0.28157178
spoon,P,word2vec_tiny_1_HOM,0.26310676,0.37195507,0.37298757,0.47890472,0.41574287,0.5011095
useful,M,word2vec_tiny_1_HOM,0.34241763,0.4190938,0.46689457,0.6062861,0.5214827,0.63826585
downhill,P,word2vec_tiny_1_HOM,0.23972185,0.29844227,0.31327394,0.4025275,0.35095483,0.44781148
recipe,P,word2vec_tiny_1_HOM,0.40451512,0.5026678,0.4930583,0.57518137,0.5185415,0.5851125
gratitude,M,word2vec_tiny_1_HOM,0.2776453,0.29382783,0.37103245,0.38373828,0.404318,0.41477978
pursuit,P,word2vec_tiny_1_HOM,0.28740835,0.35278702,0.32359964,0.38687667,0.34249714,0.4141875
culprit,M,word2vec_tiny_1_HOM,0.2985226,0.35634452,0.34875107,0.40302885,0.36988547,0.4295877
legendary,M,word2vec_tiny_1_HOM,0.18931778,0.19996563,0.21641631,0.22821271,0.22865924,0.23718564
litter,P,word2vec_tiny_1_HOM,0.34203598,0.44536343,0.43033704,0.52744967,0.4621808,0.5400783
jam,H,word2vec_tiny_1_HOM,0.22493982,0.2877325,0.33761123,0.43979898,0.39249817,0.48742217
obedient,M,word2vec_tiny_1_HOM,0.339415,0.36937964,0.49461925,0.6097652,0.54881245,0.6284516
canine,P,word2vec_tiny_1_HOM,0.25699633,0.2861425,0.2912519,0.30456534,0.30555674,0.3140411
feedback,P,word2vec_tiny_1_HOM,0.27180508,0.30248043,0.32711712,0.3863149,0.35248435,0.41537145
backyard,M,word2vec_tiny_1_HOM,0.39345187,0.5044784,0.5278319,0.67053366,0.5691021,0.6761221
cashier,H,word2vec_tiny_1_HOM,0.3001092,0.3742391,0.43155494,0.5148581,0.48339447,0.5341161
tool,P,word2vec_tiny_1_HOM,0.29988098,0.3998308,0.42084697,0.561923,0.4695932,0.6237858
dependable,M,word2vec_tiny_1_HOM,0.2769352,0.3511994,0.4532219,0.5759633,0.51252455,0.60408163
stink,P,word2vec_tiny_1_HOM,0.2982428,0.3316671,0.36849844,0.44073737,0.397545,0.47311732
goddess,P,word2vec_tiny_1_HOM,0.20676903,0.24359678,0.2415758,0.27785295,0.25509208,0.2890138
gender,P,word2vec_tiny_1_HOM,0.14707856,0.17497566,0.18187481,0.20800035,0.19795614,0.22533461
stewardess,M,word2vec_tiny_1_HOM,0.25380927,0.2970702,0.3014722,0.3264207,0.3186142,0.33327872
unclean,P,word2vec_tiny_1_HOM,0.15917912,0.15861166,0.18611544,0.19216244,0.19933611,0.20825401
ashtray,M,word2vec_tiny_1_HOM,0.33385128,0.41431296,0.42740703,0.5538893,0.4793005,0.61457443
spare,P,word2vec_tiny_1_HOM,0.4088934,0.4317867,0.46422854,0.48397797,0.48506775,0.48101315
impatient,P,word2vec_tiny_1_HOM,0.33711535,0.44849023,0.4986861,0.62848186,0.56282824,0.6820172
vital,P,word2vec_tiny_1_HOM,0.19498207,0.20292778,0.23169328,0.2365915,0.24900013,0.26390246
petition,P,word2vec_tiny_1_HOM,0.24029359,0.25299567,0.27638853,0.28876996,0.29162928,0.30132902
toothbrush,M,word2vec_tiny_1_HOM,0.3807008,0.4769538,0.47307637,0.5826838,0.50809884,0.6141786
booster,P,word2vec_tiny_1_HOM,0.23792596,0.20343101,0.26807055,0.22952282,0.281585,0.24046275
dull,P,word2vec_tiny_1_HOM,0.32862955,0.4468602,0.4496513,0.5860961,0.5149347,0.67199695
pod,H,word2vec_tiny_1_HOM,0.33303937,0.37297648,0.4134182,0.46910122,0.44578147,0.5043158
thrill,P,word2vec_tiny_1_HOM,0.36808866,0.45431152,0.44913465,0.5137739,0.48287678,0.5438928
charge,P,word2vec_tiny_1_HOM,0.4434821,0.51761305,0.5168908,0.5460677,0.5401805,0.5418971
airborne,P,word2vec_tiny_1_HOM,0.23108459,0.27153125,0.27157187,0.30711535,0.29146743,0.31929648
lullaby,P,word2vec_tiny_1_HOM,0.37214047,0.48251137,0.45482263,0.5567473,0.48683548,0.57126623
uproar,P,word2vec_tiny_1_HOM,0.16639519,0.21016712,0.19851719,0.2312947,0.21195969,0.24299851
razor,P,word2vec_tiny_1_HOM,0.29391515,0.37492576,0.43313703,0.5610912,0.48606795,0.62346375
wall,P,word2vec_tiny_1_HOM,0.34423193,0.46161705,0.45677787,0.60708946,0.5013386,0.6523936
lifeboat,M,word2vec_tiny_1_HOM,0.2056042,0.23647411,0.24169573,0.27051866,0.25716192,0.27676576
rowboat,M,word2vec_tiny_1_HOM,0.3062769,0.3617407,0.38840467,0.45886084,0.42301998,0.48882705
guitar,P,word2vec_tiny_1_HOM,0.21855688,0.31713578,0.39194146,0.5429027,0.45688897,0.61024356
wealth,P,word2vec_tiny_1_HOM,0.2619335,0.33614352,0.32963586,0.3760167,0.35848305,0.40446115
chip,H,word2vec_tiny_1_HOM,0.36514634,0.34404504,0.42101026,0.38316005,0.4480739,0.42519677
cocoa,P,word2vec_tiny_1_HOM,0.28572014,0.35749513,0.39173612,0.487158,0.43864068,0.51873237
vote,P,word2vec_tiny_1_HOM,0.25809962,0.32408997,0.32770592,0.40598163,0.35777006,0.4444977
abandon,P,word2vec_tiny_1_HOM,0.28347123,0.33449477,0.33138803,0.41314137,0.35343847,0.43234935
overnight,P,word2vec_tiny_1_HOM,0.33046526,0.3990063,0.4017093,0.45533165,0.43081582,0.47872552
equality,M,word2vec_tiny_1_HOM,0.16640967,0.19462547,0.2096171,0.25763574,0.2302909,0.2751772
sorrow,P,word2vec_tiny_1_HOM,0.23025422,0.29697883,0.30579537,0.3677416,0.3413491,0.400082
possessive,P,word2vec_tiny_1_HOM,0.10515293,0.12827954,0.13268112,0.17254592,0.14524324,0.19030662
stress,P,word2vec_tiny_1_HOM,0.24235745,0.29996938,0.29986823,0.36186394,0.32497334,0.3906647
runny,P,word2vec_tiny_1_HOM,0.355108,0.39032966,0.44329873,0.50258297,0.4783237,0.5370832
pine,H,word2vec_tiny_1_HOM,0.32320243,0.43862906,0.4389802,0.57756245,0.4861168,0.6235912
stance,P,word2vec_tiny_1_HOM,0.18196079,0.20671493,0.21364823,0.23842512,0.22591412,0.25398287
sunset,P,word2vec_tiny_1_HOM,0.35233647,0.4776906,0.47144845,0.58612555,0.51069105,0.59391063
huff,P,word2vec_tiny_1_HOM,0.3284647,0.32044107,0.3842964,0.38754746,0.40949646,0.4217772
salty,P,word2vec_tiny_1_HOM,0.32237384,0.344718,0.39486244,0.4070361,0.4245533,0.4256626
hunch,P,word2vec_tiny_1_HOM,0.18356529,0.20544568,0.21046741,0.22025478,0.22181904,0.23370105
disruption,M,word2vec_tiny_1_HOM,0.22257681,0.24146973,0.25860134,0.27381915,0.27176464,0.2870596
hazard,P,word2vec_tiny_1_HOM,0.19752689,0.21720707,0.235351,0.24931829,0.25038397,0.25531027
needy,M,word2vec_tiny_1_HOM,0.22013184,0.21204442,0.26033592,0.24198264,0.2748133,0.2574845
glimpse,P,word2vec_tiny_1_HOM,0.3511153,0.40076792,0.42162517,0.45794362,0.44834846,0.47954834
foam,P,word2vec_tiny_1_HOM,0.38747403,0.45816353,0.45079067,0.5528712,0.47925255,0.5757769
billboard,M,word2vec_tiny_1_HOM,0.41400796,0.5418169,0.5006094,0.63107204,0.54065955,0.6821299
sensor,M,word2vec_tiny_1_HOM,0.182999,0.21568188,0.21084422,0.24337949,0.22254775,0.25243324
temporary,P,word2vec_tiny_1_HOM,0.24873395,0.27471334,0.2951141,0.32975394,0.31396487,0.34939244
preacher,M,word2vec_tiny_1_HOM,0.20006931,0.23023504,0.23627979,0.25716344,0.24955761,0.2656543
blush,P,word2vec_tiny_1_HOM,0.30127984,0.3309394,0.41745323,0.4859705,0.46138626,0.5445199
mend,P,word2vec_tiny_1_HOM,0.3178163,0.42647487,0.40269393,0.50753087,0.43921843,0.5376648
kick,P,word2vec_tiny_1_HOM,0.33173323,0.47475967,0.47890013,0.6409848,0.545951,0.7030287
tough,P,word2vec_tiny_1_HOM,0.32276744,0.45855245,0.448055,0.60142666,0.49721473,0.62569344
local,P,word2vec_tiny_1_HOM,0.34489512,0.4126887,0.40579998,0.50158787,0.43379077,0.5121956
pushy,M,word2vec_tiny_1_HOM,0.35769552,0.3929332,0.41295102,0.42560473,0.43307424,0.42979506
spy,P,word2vec_tiny_1_HOM,0.37765017,0.44173524,0.47325706,0.5533922,0.51072425,0.5791849
moist,P,word2vec_tiny_1_HOM,0.2476799,0.30098477,0.33095574,0.3658784,0.36571652,0.4030208
coat,P,word2vec_tiny_1_HOM,0.24687886,0.33376977,0.39570987,0.53251594,0.46260682,0.612599
broom,P,word2vec_tiny_1_HOM,0.41414756,0.5043387,0.5237016,0.64055437,0.5585024,0.64624614
scar,P,word2vec_tiny_1_HOM,0.3625391,0.4028257,0.43810883,0.5108906,0.4692257,0.5399171
hoist,P,word2vec_tiny_1_HOM,0.25798577,0.29206088,0.31165895,0.35559386,0.33487698,0.37046963
pound,H,word2vec_tiny_1_HOM,0.31652805,0.23219348,0.39165512,0.3954751,0.42460147,0.4680668
tobacco,P,word2vec_tiny_1_HOM,0.20988066,0.22960934,0.24651016,0.27408823,0.26077273,0.28326613
unicorn,M,word2vec_tiny_1_HOM,0.39365798,0.5390638,0.49586228,0.63629615,0.5304409,0.63221335
tidy,P,word2vec_tiny_1_HOM,0.35585174,0.524316,0.49274784,0.6246034,0.5352146,0.6252855
metallic,P,word2vec_tiny_1_HOM,0.28972134,0.37339562,0.3530426,0.45099542,0.38054055,0.47819293
appeal,P,word2vec_tiny_1_HOM,0.24049142,0.31118125,0.28580073,0.35366106,0.30314177,0.36564562
assurance,P,word2vec_tiny_1_HOM,0.15195231,0.18706848,0.1772643,0.2207733,0.1889107,0.23188108
destroyer,P,word2vec_tiny_1_HOM,0.31342712,0.30606148,0.35653964,0.3403139,0.37217033,0.35905558
declare,P,word2vec_tiny_1_HOM,0.27089372,0.3361341,0.31345928,0.36905327,0.33160672,0.386584
wild,P,word2vec_tiny_1_HOM,0.37860113,0.44345742,0.48265687,0.63028723,0.52031916,0.65135527
popcorn,P,word2vec_tiny_1_HOM,0.28590974,0.3161623,0.3799948,0.4507102,0.43938437,0.52420086
chicken,P,word2vec_tiny_1_HOM,0.24763088,0.2798044,0.3887995,0.52274275,0.45386496,0.59904706
cloud,P,word2vec_tiny_1_HOM,0.3331457,0.451974,0.4463226,0.5694489,0.49320698,0.60501856
saucer,M,word2vec_tiny_1_HOM,0.4140911,0.48722047,0.48508984,0.5389297,0.5112327,0.5629716
hyena,M,word2vec_tiny_1_HOM,0.27969727,0.3589129,0.35567424,0.44036207,0.38725877,0.47248226
controller,P,word2vec_tiny_1_HOM,0.28306094,0.34730908,0.35774732,0.4476063,0.39741212,0.49991167
bunk,H,word2vec_tiny_1_HOM,0.3235837,0.37177527,0.39415848,0.4170587,0.4215419,0.40663174
plate,P,word2vec_tiny_1_HOM,0.280159,0.34992263,0.3832487,0.49570337,0.43167374,0.5408
silly,P,word2vec_tiny_1_HOM,0.35717803,0.4824265,0.48947343,0.63921076,0.53468096,0.65129715
tumble,P,word2vec_tiny_1_HOM,0.31830564,0.3864499,0.40470326,0.49408135,0.4420266,0.53309137
raisin,M,word2vec_tiny_1_HOM,0.2156825,0.24320382,0.28555351,0.32370773,0.32165626,0.3718185
trumpet,P,word2vec_tiny_1_HOM,0.26180685,0.33033952,0.4190218,0.55180955,0.4765931,0.6158133
squirrel,P,word2vec_tiny_1_HOM,0.32793856,0.4309884,0.43190753,0.5396467,0.47775558,0.58348316
exchange,P,word2vec_tiny_1_HOM,0.3897736,0.42516038,0.44859856,0.4863437,0.47376582,0.49674708
flavor,P,word2vec_tiny_1_HOM,0.3018234,0.34016243,0.3872117,0.41094503,0.4238608,0.44489726
glass,P,word2vec_tiny_1_HOM,0.33945873,0.4185415,0.46322513,0.5884626,0.5065789,0.6389527
bunch,P,word2vec_tiny_1_HOM,0.40985283,0.5258816,0.5026525,0.6175903,0.5397709,0.63211447
inspect,P,word2vec_tiny_1_HOM,0.30290994,0.3484802,0.3805125,0.43449152,0.40748587,0.45451954
bum,P,word2vec_tiny_1_HOM,0.283558,0.33089074,0.3748264,0.4598878,0.4120494,0.49127442
telescope,P,word2vec_tiny_1_HOM,0.36880973,0.46840423,0.46383175,0.58724856,0.5009729,0.6177202
large,P,word2vec_tiny_1_HOM,0.343257,0.43303603,0.46488595,0.5828863,0.51113784,0.62590677
variety,P,word2vec_tiny_1_HOM,0.32417807,0.4193837,0.39936256,0.50572556,0.43119225,0.5409966
meantime,P,word2vec_tiny_1_HOM,0.36343566,0.35569337,0.4107643,0.39278805,0.42842957,0.40695766
overhear,M,word2vec_tiny_1_HOM,0.16329518,0.18619034,0.19107048,0.20764536,0.20279852,0.21927322
princess,P,word2vec_tiny_1_HOM,0.30764946,0.45298156,0.44353065,0.583846,0.49322745,0.6142644
sanctuary,P,word2vec_tiny_1_HOM,0.3239199,0.40125686,0.37717143,0.45004228,0.39681327,0.46471235
astray,P,word2vec_tiny_1_HOM,0.18150266,0.19581677,0.22949381,0.23012441,0.24868402,0.25317144
suitable,M,word2vec_tiny_1_HOM,0.36065197,0.4171064,0.42411697,0.47817945,0.45107096,0.4861875
shield,P,word2vec_tiny_1_HOM,0.30368072,0.43766576,0.41765475,0.5803215,0.46818572,0.6346494
rod,P,word2vec_tiny_1_HOM,0.3019312,0.42231312,0.41096976,0.5718455,0.4656813,0.63352156
gutter,P,word2vec_tiny_1_HOM,0.33048904,0.40455619,0.3784117,0.4529946,0.39998978,0.4721333
grapefruit,P,word2vec_tiny_1_HOM,0.19580379,0.25712365,0.26358908,0.32573658,0.30279967,0.36062804
chaos,P,word2vec_tiny_1_HOM,0.3864202,0.49380875,0.4559227,0.540099,0.4848314,0.55599505
bus,H,word2vec_tiny_1_HOM,0.2927132,0.36052087,0.42175904,0.5585408,0.46995425,0.6120194
scooter,P,word2vec_tiny_1_HOM,0.23658061,0.34005913,0.4037109,0.56814677,0.46674386,0.6246933
rink,P,word2vec_tiny_1_HOM,0.37067443,0.50379527,0.49042085,0.6162362,0.53220147,0.64965296
round,P,word2vec_tiny_1_HOM,0.40046293,0.52558076,0.50582445,0.64964724,0.5490524,0.6988856
hamper,H,word2vec_tiny_1_HOM,0.33412728,0.43615168,0.41697595,0.5243583,0.44969666,0.54739934
pressure,P,word2vec_tiny_1_HOM,0.33183503,0.41137847,0.38857102,0.48687914,0.414632,0.5119417
wacky,M,word2vec_tiny_1_HOM,0.39247924,0.45019147,0.45576257,0.5366658,0.48362312,0.5659534
allow,P,word2vec_tiny_1_HOM,0.39453876,0.53019273,0.5364671,0.6378454,0.5780015,0.62145174
colony,P,word2vec_tiny_1_HOM,0.3646787,0.48953408,0.41963792,0.5101684,0.442566,0.51912177
squeak,P,word2vec_tiny_1_HOM,0.34601456,0.42110932,0.42105812,0.47825238,0.45684266,0.51527566
halfway,P,word2vec_tiny_1_HOM,0.41001073,0.50527084,0.48359656,0.52921534,0.5123037,0.56250083
forward,P,word2vec_tiny_1_HOM,0.44998303,0.4836953,0.5094125,0.47107172,0.5266696,0.47544834
assess,P,word2vec_tiny_1_HOM,0.15217192,0.17016028,0.17576674,0.20274048,0.18717098,0.21657573
metal,P,word2vec_tiny_1_HOM,0.34465322,0.461933,0.44918376,0.5912307,0.4913878,0.62850285
drummer,P,word2vec_tiny_1_HOM,0.32186705,0.40962923,0.41274697,0.52016014,0.45241416,0.55531096
strategy,P,word2vec_tiny_1_HOM,0.23016918,0.2799036,0.28984833,0.36393198,0.317978,0.39581978
farewell,P,word2vec_tiny_1_HOM,0.26419905,0.33472487,0.3471865,0.43308002,0.37498704,0.45502472
fly,H,word2vec_tiny_1_HOM,0.34409124,0.4166912,0.4720647,0.62129104,0.52115554,0.66287893
scroll,P,word2vec_tiny_1_HOM,0.34349614,0.42175907,0.39694047,0.48510316,0.42073858,0.5058776
bowl,H,word2vec_tiny_1_HOM,0.27657145,0.37027016,0.37366286,0.49039942,0.41729245,0.52083737
lounge,P,word2vec_tiny_1_HOM,0.35565758,0.40350878,0.41168144,0.45675856,0.43343216,0.47024405
meatball,P,word2vec_tiny_1_HOM,0.20511153,0.21250938,0.25550756,0.2819947,0.28429383,0.3280437
headline,P,word2vec_tiny_1_HOM,0.28235278,0.32802764,0.34592333,0.41402125,0.37529743,0.44692993
sketch,P,word2vec_tiny_1_HOM,0.23691896,0.29407313,0.27856338,0.32098404,0.2953463,0.32280084
network,P,word2vec_tiny_1_HOM,0.42771953,0.5438547,0.4956273,0.63256913,0.52667725,0.6766212
throttle,P,word2vec_tiny_1_HOM,0.2440937,0.2747081,0.28587493,0.2949497,0.30307674,0.30766866
pledge,P,word2vec_tiny_1_HOM,0.14450176,0.16496138,0.17326908,0.19969708,0.1854229,0.2097157
breed,P,word2vec_tiny_1_HOM,0.27834287,0.3180921,0.32741138,0.34234658,0.34755048,0.3388477
flexible,P,word2vec_tiny_1_HOM,0.37123305,0.51755464,0.49879837,0.6573678,0.54785186,0.7085068
pillar,P,word2vec_tiny_1_HOM,0.19742438,0.22349168,0.23216467,0.25346076,0.24467072,0.26863068
continuous,M,word2vec_tiny_1_HOM,0.13563344,0.15440015,0.16410223,0.19182609,0.17669673,0.20878257
barn,M,word2vec_tiny_1_HOM,0.2838375,0.3203019,0.42708278,0.5740533,0.49165866,0.64901763
dinnertime,M,word2vec_tiny_1_HOM,0.30488586,0.38949594,0.35071746,0.3915342,0.36846122,0.40225482
latch,P,word2vec_tiny_1_HOM,0.27430567,0.36707255,0.37549224,0.49287647,0.4145656,0.5188474
bride,H,word2vec_tiny_1_HOM,0.35575074,0.45959908,0.4546924,0.57590353,0.49556488,0.6130515
announce,P,word2vec_tiny_1_HOM,0.31929293,0.38626885,0.38110554,0.44250688,0.41098407,0.4652792
appear,P,word2vec_tiny_1_HOM,0.40488282,0.4967142,0.53041285,0.6333918,0.5672217,0.6508342
complete,P,word2vec_tiny_1_HOM,0.37486693,0.51777464,0.4769456,0.558835,0.51346326,0.5560281
delightful,M,word2vec_tiny_1_HOM,0.31269327,0.3654428,0.37882555,0.46875116,0.40627545,0.49198374
accordion,P,word2vec_tiny_1_HOM,0.22682734,0.28306538,0.2653519,0.3044537,0.28074166,0.31630483
plaque,P,word2vec_tiny_1_HOM,0.28842622,0.39291808,0.336574,0.44166422,0.35510823,0.46179903
replica,P,word2vec_tiny_1_HOM,0.18438336,0.19955644,0.21160226,0.23037042,0.22331074,0.23939529
cowboy,P,word2vec_tiny_1_HOM,0.33553493,0.42639187,0.4608371,0.57351536,0.51459676,0.61666954
turbulence,P,word2vec_tiny_1_HOM,0.25357777,0.2721949,0.2914373,0.30231073,0.3073352,0.31899288
crust,P,word2vec_tiny_1_HOM,0.2563746,0.29714474,0.31900463,0.39248633,0.35320026,0.42090064
bag,P,word2vec_tiny_1_HOM,0.34757248,0.4862449,0.48360378,0.6286347,0.5311268,0.65340465
scarce,P,word2vec_tiny_1_HOM,0.18912975,0.18656671,0.22297041,0.2156621,0.2391513,0.23834978
apology,P,word2vec_tiny_1_HOM,0.3637443,0.43684828,0.41421375,0.46309245,0.43419644,0.4587915
ornament,P,word2vec_tiny_1_HOM,0.29335237,0.38673607,0.41181058,0.549451,0.46490097,0.6080397
fancy,P,word2vec_tiny_1_HOM,0.3166268,0.3848055,0.4410558,0.6006369,0.4939702,0.65173835
bind,P,word2vec_tiny_1_HOM,0.23992959,0.28039712,0.2816005,0.32697728,0.29611775,0.3368313
cranky,P,word2vec_tiny_1_HOM,0.40559092,0.48491153,0.48115134,0.55432904,0.5096871,0.53513503
rhythmic,M,word2vec_tiny_1_HOM,0.2209928,0.305708,0.2851236,0.3904417,0.31943557,0.43559873
malicious,M,word2vec_tiny_1_HOM,0.20847757,0.25294852,0.24594927,0.28119916,0.26065114,0.2921533
forecast,P,word2vec_tiny_1_HOM,0.28504533,0.3037277,0.33070752,0.30405322,0.34804735,0.30613458
stroll,P,word2vec_tiny_1_HOM,0.36203164,0.45179307,0.46301407,0.5540862,0.49660394,0.5614582
comet,M,word2vec_tiny_1_HOM,0.29560256,0.42742386,0.4259119,0.58128965,0.47732854,0.6253029
mocha,P,word2vec_tiny_1_HOM,0.26413125,0.2950246,0.29678872,0.30228895,0.31002662,0.31440198
situation,P,word2vec_tiny_1_HOM,0.30953088,0.3564727,0.37295273,0.40961137,0.39865243,0.4377133
copilot,M,word2vec_tiny_1_HOM,0.37959328,0.49461496,0.4781324,0.5714507,0.5153236,0.59432596
paste,H,word2vec_tiny_1_HOM,0.2957725,0.40270045,0.35529545,0.45580956,0.38433754,0.49705067
drawer,P,word2vec_tiny_1_HOM,0.31799483,0.42098525,0.44875652,0.6097326,0.50233537,0.6523627
skill,P,word2vec_tiny_1_HOM,0.2871775,0.33122987,0.37283027,0.40043107,0.41023046,0.43519273
fossil,P,word2vec_tiny_1_HOM,0.3641029,0.4399242,0.4419456,0.52389836,0.47043648,0.5530974
join,P,word2vec_tiny_1_HOM,0.4687013,0.5770723,0.56283015,0.6757532,0.5995447,0.69199866
sequence,P,word2vec_tiny_1_HOM,0.24451149,0.28148547,0.31731677,0.34211758,0.3458068,0.38179833
deliver,P,word2vec_tiny_1_HOM,0.3504444,0.4846142,0.49347037,0.6420092,0.5414672,0.6594838
succeed,P,word2vec_tiny_1_HOM,0.4004829,0.53066444,0.500552,0.5706004,0.5340162,0.5638067
snip,P,word2vec_tiny_1_HOM,0.33510715,0.3597628,0.43180326,0.4902605,0.46862423,0.5288171
potty,P,word2vec_tiny_1_HOM,0.40605927,0.5251817,0.50199634,0.60863554,0.53214484,0.6286976
vegetable,P,word2vec_tiny_1_HOM,0.21662238,0.26440972,0.34850025,0.44579375,0.41214347,0.50122553
worthy,P,word2vec_tiny_1_HOM,0.21172433,0.23730364,0.2632705,0.2942243,0.2876158,0.34015426
victorious,P,word2vec_tiny_1_HOM,0.22796552,0.3226814,0.30756864,0.3952405,0.34203818,0.42408398
pillow,P,word2vec_tiny_1_HOM,0.31273395,0.43170625,0.44803092,0.6058706,0.49115083,0.63470167
phenomenon,P,word2vec_tiny_1_HOM,0.17217366,0.18945968,0.19698158,0.22264948,0.20794035,0.23578
lap,H,word2vec_tiny_1_HOM,0.39952314,0.50219446,0.47799146,0.58485556,0.51002955,0.60475004
corn,H,word2vec_tiny_1_HOM,0.23398516,0.3026499,0.35115653,0.49256903,0.4100511,0.5667407
farmer,M,word2vec_tiny_1_HOM,0.2721315,0.32532215,0.40736353,0.54169446,0.46903884,0.61126965
sleeve,P,word2vec_tiny_1_HOM,0.3492165,0.4596622,0.41976982,0.5238802,0.44621265,0.54151124
chunky,P,word2vec_tiny_1_HOM,0.32826886,0.41604713,0.37893432,0.49294117,0.4007401,0.5157498
funky,H,word2vec_tiny_1_HOM,0.2695183,0.30742308,0.3016714,0.35801378,0.31609693,0.37268248
pet,H,word2vec_tiny_1_HOM,0.4158133,0.50379896,0.5179188,0.60068274,0.5532468,0.6249304
ringer,H,word2vec_tiny_1_HOM,0.3591153,0.43763298,0.4216302,0.48261383,0.44589126,0.48892877
confuse,P,word2vec_tiny_1_HOM,0.32776707,0.3966015,0.3895249,0.48676285,0.4138739,0.51404977
persuasion,P,word2vec_tiny_1_HOM,0.22216272,0.28667292,0.28658926,0.34220463,0.3091528,0.36271998
innocent,P,word2vec_tiny_1_HOM,0.39100513,0.5104713,0.4476569,0.5158477,0.46650666,0.52473515
tragic,P,word2vec_tiny_1_HOM,0.20132379,0.2428445,0.27239946,0.33377624,0.30568177,0.36534575
register,P,word2vec_tiny_1_HOM,0.26342028,0.33173642,0.36184826,0.45269883,0.40612236,0.49653432
scarf,H,word2vec_tiny_1_HOM,0.28688198,0.3677089,0.3906486,0.53405637,0.44399178,0.58139217
marmalade,M,word2vec_tiny_1_HOM,0.31668428,0.32991168,0.3777016,0.41638482,0.402241,0.452331
consume,P,word2vec_tiny_1_HOM,0.13294171,0.15109046,0.16099522,0.18181674,0.172851,0.19683646
rice,P,word2vec_tiny_1_HOM,0.21065328,0.3015117,0.3303521,0.44896698,0.39484677,0.51075506
pitcher,H,word2vec_tiny_1_HOM,0.31119007,0.4012107,0.39250833,0.45572963,0.42940846,0.49309918
suffer,P,word2vec_tiny_1_HOM,0.3618641,0.4942788,0.482837,0.6169318,0.5251927,0.6198871
logic,P,word2vec_tiny_1_HOM,0.22077839,0.28776532,0.26892653,0.35612756,0.29107907,0.383058
sling,H,word2vec_tiny_1_HOM,0.30880666,0.35881558,0.39124003,0.426561,0.421745,0.45562384
unheard,P,word2vec_tiny_1_HOM,0.19447833,0.22784013,0.22583823,0.25174752,0.23941958,0.2669708
raffle,P,word2vec_tiny_1_HOM,0.18479455,0.18316066,0.21350332,0.21397686,0.22609511,0.22978382
lobby,P,word2vec_tiny_1_HOM,0.3842237,0.49461755,0.47374615,0.60815614,0.5114329,0.6374502
furniture,M,word2vec_tiny_1_HOM,0.30359638,0.39840198,0.4221114,0.57570153,0.47626254,0.63757384
lovable,M,word2vec_tiny_1_HOM,0.31184593,0.3829643,0.37325698,0.43127626,0.39787263,0.45109126
destroy,P,word2vec_tiny_1_HOM,0.40858188,0.5739855,0.52926606,0.6863478,0.57082886,0.68124336
cowardly,P,word2vec_tiny_1_HOM,0.25096434,0.30370742,0.30932453,0.37406477,0.3342427,0.39907667
jug,P,word2vec_tiny_1_HOM,0.30531797,0.42719525,0.43547675,0.58192086,0.48537064,0.634708
champion,P,word2vec_tiny_1_HOM,0.33291537,0.40530136,0.39705917,0.49126646,0.42994115,0.51012367
guide,P,word2vec_tiny_1_HOM,0.40470648,0.51208586,0.47581586,0.5337601,0.50010765,0.5371692
ballroom,M,word2vec_tiny_1_HOM,0.3629536,0.45244157,0.44063434,0.53629255,0.47332513,0.5649646
optimistic,P,word2vec_tiny_1_HOM,0.24324234,0.27177313,0.28918597,0.33344012,0.31145787,0.35798645
captive,P,word2vec_tiny_1_HOM,0.17889377,0.21203503,0.20746039,0.23247552,0.22010665,0.24242863
plank,P,word2vec_tiny_1_HOM,0.42442083,0.48592225,0.48740092,0.5637342,0.51583093,0.58168507
plug,P,word2vec_tiny_1_HOM,0.3287451,0.39500344,0.4379781,0.53320664,0.4792897,0.57500416
volunteer,P,word2vec_tiny_1_HOM,0.36432496,0.4099102,0.43011534,0.47875005,0.45838952,0.5034799
hearty,P,word2vec_tiny_1_HOM,0.3028503,0.30331227,0.350694,0.37041637,0.37335342,0.40058094
wool,P,word2vec_tiny_1_HOM,0.33597225,0.45951787,0.46215272,0.61009365,0.5046397,0.6468796
divine,P,word2vec_tiny_1_HOM,0.21982035,0.24503219,0.2674274,0.3243438,0.28945237,0.35968417
ideal,P,word2vec_tiny_1_HOM,0.29098445,0.28623435,0.33815163,0.3147813,0.35426155,0.32451615
mystical,P,word2vec_tiny_1_HOM,0.24016027,0.32464463,0.30774724,0.41380805,0.3329016,0.43350336
swordfish,M,word2vec_tiny_1_HOM,0.31247297,0.39988032,0.39023164,0.5108291,0.42797515,0.5529007
fatigue,P,word2vec_tiny_1_HOM,0.22669585,0.2797056,0.26388848,0.32412982,0.28266272,0.34966376
exception,P,word2vec_tiny_1_HOM,0.3372894,0.33415473,0.38264897,0.3825305,0.40086728,0.40035436
department,P,word2vec_tiny_1_HOM,0.26010764,0.37902677,0.38221198,0.50025886,0.42622498,0.5263125
chaser,P,word2vec_tiny_1_HOM,0.15288611,0.1546786,0.17575967,0.17890379,0.18665762,0.19620222
quicksand,M,word2vec_tiny_1_HOM,0.2759295,0.31087744,0.33097208,0.3659096,0.3519981,0.38439983
parental,M,word2vec_tiny_1_HOM,0.14346845,0.16767801,0.174408,0.20343676,0.19109261,0.22371206
corny,P,word2vec_tiny_1_HOM,0.35686004,0.39427537,0.43768537,0.5444167,0.4750723,0.58754104
formation,P,word2vec_tiny_1_HOM,0.2692225,0.3217632,0.33160016,0.40254623,0.36189988,0.44718346
planner,P,word2vec_tiny_1_HOM,0.27091727,0.26254135,0.32340285,0.3033954,0.34304795,0.30064598
marker,P,word2vec_tiny_1_HOM,0.27985066,0.33493584,0.38795745,0.48305497,0.43962258,0.5531058
prune,H,word2vec_tiny_1_HOM,0.22881246,0.2843228,0.35534638,0.47280687,0.42246383,0.5487315
gain,P,word2vec_tiny_1_HOM,0.4255162,0.5605451,0.51933694,0.59639007,0.54715097,0.5681949
scalp,P,word2vec_tiny_1_HOM,0.24539351,0.34003273,0.3094958,0.43243402,0.34149808,0.46854052
bottle,P,word2vec_tiny_1_HOM,0.3231581,0.4305303,0.44965664,0.6011141,0.49613816,0.6410492
mention,P,word2vec_tiny_1_HOM,0.4380618,0.5937287,0.5183643,0.60774386,0.5462295,0.59214795
glee,P,word2vec_tiny_1_HOM,0.2631448,0.35428342,0.38372266,0.4636954,0.4240058,0.47698554
errand,P,word2vec_tiny_1_HOM,0.27163854,0.3223803,0.3157028,0.36204258,0.33376488,0.38335496
childhood,M,word2vec_tiny_1_HOM,0.34310657,0.4215013,0.4030451,0.44771618,0.42621255,0.44664142
shake,P,word2vec_tiny_1_HOM,0.40245947,0.55237615,0.5133447,0.66264004,0.5576415,0.6995827
reverence,P,word2vec_tiny_1_HOM,0.17390975,0.17805958,0.1981193,0.20713235,0.20815933,0.21789439
limb,H,word2vec_tiny_1_HOM,0.27575257,0.34696564,0.34066445,0.43172964,0.36488366,0.45319614
coward,P,word2vec_tiny_1_HOM,0.2601127,0.3422696,0.3643622,0.45543483,0.40071964,0.49016386
property,P,word2vec_tiny_1_HOM,0.31384635,0.37323925,0.38985923,0.43674493,0.42388368,0.44212168
sundae,M,word2vec_tiny_1_HOM,0.25921515,0.28570315,0.34692147,0.3816864,0.39018577,0.43518487
fashion,P,word2vec_tiny_1_HOM,0.30064163,0.3676053,0.43009883,0.5540855,0.47814965,0.6224336
ecstatic,P,word2vec_tiny_1_HOM,0.27033067,0.3826095,0.33720693,0.42731422,0.35987815,0.4284836
copper,P,word2vec_tiny_1_HOM,0.3195883,0.36172485,0.4501479,0.5856374,0.49907807,0.62624663
hammer,P,word2vec_tiny_1_HOM,0.27834907,0.40602782,0.40589127,0.56765074,0.46002045,0.62385356
bumper,P,word2vec_tiny_1_HOM,0.29208508,0.34927377,0.39444342,0.48176464,0.4384828,0.53935915
unknown,P,word2vec_tiny_1_HOM,0.38684526,0.4660534,0.50894713,0.6276503,0.54590106,0.6123368
press,H,word2vec_tiny_1_HOM,0.33504146,0.40688443,0.45587185,0.56671584,0.5022319,0.604175
smoker,P,word2vec_tiny_1_HOM,0.18677048,0.18848726,0.21231404,0.21446328,0.2236941,0.22484954
innocence,P,word2vec_tiny_1_HOM,0.22913101,0.28313583,0.27064615,0.3419777,0.290025,0.375037
rascal,P,word2vec_tiny_1_HOM,0.26851064,0.326038,0.3160684,0.3776324,0.33378342,0.40472826
venue,P,word2vec_tiny_1_HOM,0.19029143,0.20708597,0.22004555,0.23308337,0.23300819,0.24811085
chase,H,word2vec_tiny_1_HOM,0.3878351,0.5383846,0.51501215,0.65338874,0.552541,0.66788477
user,P,word2vec_tiny_1_HOM,0.2375288,0.2670672,0.27503452,0.28882247,0.28972137,0.29456234
insect,P,word2vec_tiny_1_HOM,0.23051584,0.33420944,0.38302913,0.52936137,0.44786087,0.5961633
escape,P,word2vec_tiny_1_HOM,0.42743453,0.5871062,0.5116129,0.56703556,0.5378609,0.5553528
gag,H,word2vec_tiny_1_HOM,0.23648301,0.27871755,0.32779118,0.40835115,0.36405048,0.44463643
lifeless,P,word2vec_tiny_1_HOM,0.2703347,0.34026188,0.33515,0.42658955,0.3616738,0.45452133
sunrise,P,word2vec_tiny_1_HOM,0.37726903,0.49059162,0.4980884,0.63556474,0.53853834,0.6558001
refresh,P,word2vec_tiny_1_HOM,0.16107711,0.18180504,0.18437612,0.21558994,0.19495867,0.22951958
meek,P,word2vec_tiny_1_HOM,0.26863912,0.31185186,0.30989793,0.36982518,0.3288159,0.396712
troll,H,word2vec_tiny_1_HOM,0.332167,0.375887,0.41645265,0.43812272,0.4435933,0.4647167
snowy,P,word2vec_tiny_1_HOM,0.35009792,0.47561604,0.4562141,0.59733427,0.49856362,0.6360362
breath,P,word2vec_tiny_1_HOM,0.4597301,0.5907936,0.562972,0.6342939,0.59177434,0.6457508
straighten,P,word2vec_tiny_1_HOM,0.26851493,0.34018585,0.33795586,0.4515962,0.37161797,0.4925326
plight,H,word2vec_tiny_1_HOM,0.25511685,0.32590935,0.32150272,0.38755497,0.34572184,0.41552934
delay,P,word2vec_tiny_1_HOM,0.42455658,0.55910486,0.54158175,0.6427247,0.57484156,0.6126419
exterior,P,word2vec_tiny_1_HOM,0.24232265,0.24359697,0.28146666,0.29615185,0.2960591,0.30040807
cockpit,P,word2vec_tiny_1_HOM,0.34542313,0.42340076,0.4357493,0.53528374,0.47135812,0.5695709
thoughtful,P,word2vec_tiny_1_HOM,0.2365922,0.3271954,0.42127144,0.57811975,0.49375603,0.62765825
sage,H,word2vec_tiny_1_HOM,0.30478704,0.35845235,0.3507927,0.40505242,0.3704386,0.42893016
twig,M,word2vec_tiny_1_HOM,0.30409992,0.43126443,0.42350277,0.5747353,0.47347766,0.6361651
creepy,P,word2vec_tiny_1_HOM,0.35411274,0.47759575,0.44981593,0.5462515,0.48402518,0.55507034
unpopular,P,word2vec_tiny_1_HOM,0.12991655,0.15307882,0.15168785,0.17972994,0.16316143,0.20018218
garbage,P,word2vec_tiny_1_HOM,0.31991753,0.44265136,0.43096477,0.5320489,0.47000477,0.5651906
alphabet,P,word2vec_tiny_1_HOM,0.25953707,0.3147372,0.34830078,0.42631772,0.38826966,0.46934274
cannon,P,word2vec_tiny_1_HOM,0.31371847,0.44249305,0.3926563,0.51630235,0.4257513,0.5463048
collect,P,word2vec_tiny_1_HOM,0.36595616,0.50594705,0.5013788,0.67040086,0.552546,0.7085266
bench,P,word2vec_tiny_1_HOM,0.43075413,0.5519706,0.5295501,0.6778999,0.5680386,0.6927675
stiff,P,word2vec_tiny_1_HOM,0.3683022,0.4818341,0.4540066,0.5554352,0.48608217,0.5825838
meadow,P,word2vec_tiny_1_HOM,0.29685158,0.42941484,0.39881623,0.4728788,0.43412364,0.51501125
dishwasher,P,word2vec_tiny_1_HOM,0.3162654,0.4289924,0.44982478,0.60023534,0.5057686,0.652825
cycle,P,word2vec_tiny_1_HOM,0.3402281,0.38964164,0.38694152,0.42723078,0.40709618,0.43526894
player,P,word2vec_tiny_1_HOM,0.393592,0.49842063,0.48325017,0.58283913,0.51763403,0.5926099
bull,H,word2vec_tiny_1_HOM,0.24446543,0.331231,0.38392356,0.52413124,0.45548952,0.61622816
brave,P,word2vec_tiny_1_HOM,0.37570924,0.47649965,0.47631916,0.6098126,0.51229703,0.6026888
aircraft,M,word2vec_tiny_1_HOM,0.26444516,0.3253211,0.32151967,0.3886184,0.34065482,0.39728066
nip,H,word2vec_tiny_1_HOM,0.28399548,0.30180869,0.3425131,0.38338718,0.3631369,0.39654747
amulet,M,word2vec_tiny_1_HOM,0.24892509,0.34680447,0.3189354,0.42278126,0.34742624,0.44454208
cherish,P,word2vec_tiny_1_HOM,0.29994664,0.3289701,0.36242935,0.3732101,0.38843682,0.39295793
dish,P,word2vec_tiny_1_HOM,0.26042613,0.34223425,0.3858226,0.51375866,0.4445212,0.5809973
clerk,P,word2vec_tiny_1_HOM,0.26414052,0.34163436,0.36744988,0.46060157,0.4006082,0.4853234
tuck,P,word2vec_tiny_1_HOM,0.49584693,0.58826995,0.5691388,0.6366757,0.5944437,0.64189345
railroad,P,word2vec_tiny_1_HOM,0.1988209,0.20708396,0.22750026,0.25070557,0.24081886,0.25983268
circus,P,word2vec_tiny_1_HOM,0.3316566,0.45096076,0.44892225,0.5943564,0.49826622,0.6359135
stool,P,word2vec_tiny_1_HOM,0.40322453,0.5431818,0.5121754,0.6640757,0.55158633,0.69608575
flake,P,word2vec_tiny_1_HOM,0.26489025,0.28504503,0.30249727,0.34222883,0.3181056,0.35149044
stretcher,P,word2vec_tiny_1_HOM,0.36221308,0.45163292,0.464316,0.5683626,0.5042778,0.605804
tread,P,word2vec_tiny_1_HOM,0.15553254,0.18946652,0.17968667,0.21034898,0.1908094,0.22557639
wrestle,P,word2vec_tiny_1_HOM,0.2897876,0.37791747,0.37141135,0.4841936,0.40188065,0.5043517
certain,P,word2vec_tiny_1_HOM,0.33750555,0.38618773,0.39354518,0.4401454,0.41248283,0.44891456
tendency,P,word2vec_tiny_1_HOM,0.16964498,0.17178884,0.19489008,0.2037919,0.20631325,0.21691138
beginner,M,word2vec_tiny_1_HOM,0.16200507,0.15606919,0.18922274,0.19236904,0.20225327,0.21461396
microphone,M,word2vec_tiny_1_HOM,0.2823142,0.35256043,0.41786805,0.5626462,0.46702796,0.6240543
spree,P,word2vec_tiny_1_HOM,0.17738748,0.17722744,0.203644,0.19842225,0.21512611,0.21208592
roar,P,word2vec_tiny_1_HOM,0.32872555,0.44893768,0.4326758,0.54093504,0.4763196,0.55899584
haircut,P,word2vec_tiny_1_HOM,0.3635727,0.4495189,0.49490696,0.6042987,0.53911227,0.6222567
momentum,P,word2vec_tiny_1_HOM,0.2612831,0.29726627,0.29706082,0.3094447,0.3119289,0.31192482
clam,P,word2vec_tiny_1_HOM,0.32019824,0.38198707,0.40378028,0.48473954,0.4443258,0.5414666
spread,P,word2vec_tiny_1_HOM,0.4668239,0.58207804,0.54605174,0.60892695,0.5685434,0.6073655
howl,P,word2vec_tiny_1_HOM,0.3045072,0.3710805,0.3847306,0.442515,0.41784903,0.48465365
snail,P,word2vec_tiny_1_HOM,0.34520748,0.43005687,0.46028996,0.5525313,0.51018804,0.6018913
embarrass,P,word2vec_tiny_1_HOM,0.42710105,0.48117602,0.53839016,0.66220814,0.58253336,0.69344133
mouse,P,word2vec_tiny_1_HOM,0.3519329,0.47308654,0.47209793,0.5919082,0.515647,0.6163074
unpleasant,M,word2vec_tiny_1_HOM,0.27484208,0.33245397,0.3392042,0.4010299,0.36696106,0.41798174
score,P,word2vec_tiny_1_HOM,0.30484432,0.44506615,0.44330585,0.5748493,0.49593642,0.61913496
nature,P,word2vec_tiny_1_HOM,0.3768552,0.47832212,0.4547095,0.5216167,0.48085496,0.5256457
cupcake,M,word2vec_tiny_1_HOM,0.26686946,0.3423571,0.34087825,0.4022166,0.37552464,0.43811986
splendor,P,word2vec_tiny_1_HOM,0.20100021,0.26416123,0.23947546,0.29526627,0.2544346,0.30050543
caffeine,M,word2vec_tiny_1_HOM,0.18963726,0.22782488,0.23042412,0.26278463,0.246052,0.27291188
wallpaper,P,word2vec_tiny_1_HOM,0.26570985,0.37003982,0.32484192,0.4456889,0.35491395,0.4813168
trim,P,word2vec_tiny_1_HOM,0.3107015,0.32974017,0.41460028,0.4827968,0.45331234,0.51187795
lime,H,word2vec_tiny_1_HOM,0.2241675,0.27596775,0.37992343,0.5019395,0.44344398,0.571431
chimney,P,word2vec_tiny_1_HOM,0.34774885,0.49020648,0.46435767,0.6168926,0.5153423,0.6691091
assistance,P,word2vec_tiny_1_HOM,0.27761567,0.35035717,0.3409251,0.39454058,0.3658815,0.42120948
active,P,word2vec_tiny_1_HOM,0.393527,0.5012779,0.4761981,0.5655549,0.509683,0.5772048
incredible,P,word2vec_tiny_1_HOM,0.2688741,0.36854494,0.45073742,0.5938101,0.50818276,0.6203133
cake,P,word2vec_tiny_1_HOM,0.26387194,0.34376746,0.37480366,0.4750836,0.43493402,0.5431288
lightning,P,word2vec_tiny_1_HOM,0.29503673,0.42281273,0.41176227,0.51277155,0.46188405,0.56047326
burial,M,word2vec_tiny_1_HOM,0.3129651,0.38275537,0.35820472,0.40776572,0.3778671,0.43075752
handshake,M,word2vec_tiny_1_HOM,0.31062162,0.36479238,0.3664641,0.41229278,0.3900869,0.4298974
typewriter,M,word2vec_tiny_1_HOM,0.17898765,0.19600308,0.2030143,0.22933842,0.21360977,0.23998757
saliva,M,word2vec_tiny_1_HOM,0.25371996,0.34042704,0.33156106,0.43678135,0.3647306,0.4713956
unite,P,word2vec_tiny_1_HOM,0.44135514,0.54005414,0.5251952,0.5985946,0.554987,0.5812317
damp,P,word2vec_tiny_1_HOM,0.32424355,0.3985792,0.38828525,0.4648103,0.41629845,0.4945031
hopeless,P,word2vec_tiny_1_HOM,0.31497678,0.3733294,0.3857864,0.44176137,0.41318843,0.46069932
lazy,P,word2vec_tiny_1_HOM,0.31070742,0.37682647,0.46804526,0.5794171,0.53258437,0.66788906
confusion,P,word2vec_tiny_1_HOM,0.30007845,0.3809208,0.3763007,0.4403977,0.4066732,0.45719913
python,P,word2vec_tiny_1_HOM,0.2698872,0.3469478,0.33877048,0.4378808,0.36775386,0.46994188
breathe,P,word2vec_tiny_1_HOM,0.42322797,0.5117325,0.5118786,0.5918422,0.54658353,0.61010456
highway,P,word2vec_tiny_1_HOM,0.2540036,0.32851672,0.3286096,0.43694863,0.36356378,0.47829083
calculator,P,word2vec_tiny_1_HOM,0.25982034,0.31833467,0.33242255,0.41318437,0.3643705,0.44791377
pry,H,word2vec_tiny_1_HOM,0.3025858,0.35569152,0.4159674,0.51711065,0.4548144,0.55057275
knack,P,word2vec_tiny_1_HOM,0.24177916,0.26567984,0.29110757,0.34469107,0.31576514,0.36947897
fungus,P,word2vec_tiny_1_HOM,0.2569138,0.3008263,0.29447755,0.31604788,0.3096433,0.3194979
homeland,M,word2vec_tiny_1_HOM,0.16949847,0.18408129,0.19541366,0.2091956,0.20622973,0.22397771
explore,P,word2vec_tiny_1_HOM,0.34683117,0.4661406,0.44310912,0.507649,0.4719051,0.5275538
spicy,P,word2vec_tiny_1_HOM,0.32158917,0.39006183,0.42558756,0.46915275,0.46334693,0.4881455
chaotic,M,word2vec_tiny_1_HOM,0.31775382,0.3855288,0.36967534,0.43911886,0.39204308,0.449406
rabies,M,word2vec_tiny_1_HOM,0.3214871,0.3945314,0.38854513,0.4798034,0.41420585,0.5014532
loaf,H,word2vec_tiny_1_HOM,0.28642774,0.32836074,0.35449874,0.40518132,0.38868895,0.446237
courtroom,M,word2vec_tiny_1_HOM,0.28645095,0.34600136,0.32728836,0.4052022,0.346485,0.4262462
graveyard,M,word2vec_tiny_1_HOM,0.25914186,0.30404374,0.30211785,0.37007853,0.32097843,0.39073086
tournament,P,word2vec_tiny_1_HOM,0.27958143,0.3344365,0.36693287,0.4375198,0.40257585,0.4666769
puppy,P,word2vec_tiny_1_HOM,0.3355363,0.4225329,0.44908512,0.527268,0.48851845,0.55258507
choir,P,word2vec_tiny_1_HOM,0.28571814,0.35802475,0.36452234,0.45539877,0.39927977,0.49974516
hasty,P,word2vec_tiny_1_HOM,0.27067167,0.26125243,0.33610642,0.3279872,0.36344108,0.3510411
muster,P,word2vec_tiny_1_HOM,0.25209188,0.2772336,0.2941878,0.30766493,0.31297228,0.33055043
bunker,P,word2vec_tiny_1_HOM,0.1813511,0.19689728,0.2133823,0.22561656,0.22713023,0.23951648
nine,P,word2vec_tiny_1_HOM,0.23176649,0.29357564,0.3914551,0.4225253,0.45656395,0.4949295
frame,P,word2vec_tiny_1_HOM,0.2997306,0.42187786,0.40627313,0.5563206,0.45626867,0.614107
honorary,P,word2vec_tiny_1_HOM,0.2836341,0.34665513,0.3310225,0.40600196,0.35188568,0.4282621
saxophone,M,word2vec_tiny_1_HOM,0.25668767,0.32547966,0.39607948,0.49191207,0.46513343,0.56044877
kitten,P,word2vec_tiny_1_HOM,0.40661353,0.5146338,0.51623106,0.6193676,0.5520584,0.62793994
diagnose,P,word2vec_tiny_1_HOM,0.16838801,0.21029706,0.20290755,0.22792299,0.21580763,0.23583955
obstacle,M,word2vec_tiny_1_HOM,0.3234282,0.34769326,0.3969462,0.4049474,0.4281581,0.43596756
mailman,M,word2vec_tiny_1_HOM,0.3345476,0.43159515,0.46484685,0.5867753,0.5136745,0.6140139
alert,P,word2vec_tiny_1_HOM,0.42799807,0.45662248,0.53763616,0.6602177,0.5871381,0.70120996
vinegar,M,word2vec_tiny_1_HOM,0.2790653,0.3466947,0.3567776,0.40949205,0.39207366,0.45410746
bonnet,P,word2vec_tiny_1_HOM,0.34066552,0.42466575,0.39370254,0.4814854,0.41343093,0.50120056
conductor,P,word2vec_tiny_1_HOM,0.31443542,0.4058274,0.39574337,0.50417805,0.4308786,0.53176343
bubble,P,word2vec_tiny_1_HOM,0.40443176,0.5498388,0.4834844,0.6196639,0.5173764,0.64099056
garlic,P,word2vec_tiny_1_HOM,0.17920856,0.2120553,0.25424346,0.32985407,0.2957314,0.37114817
crossword,M,word2vec_tiny_1_HOM,0.19570272,0.21902233,0.2257052,0.25394803,0.24199095,0.2623925
settlement,P,word2vec_tiny_1_HOM,0.16085593,0.17046914,0.18915175,0.20180549,0.20272484,0.2191968
vet,H,word2vec_tiny_1_HOM,0.33656278,0.394559,0.46580997,0.55846906,0.5118586,0.59281456
courteous,M,word2vec_tiny_1_HOM,0.19194481,0.24221939,0.2532776,0.27967066,0.28235936,0.31244302
sacrifice,P,word2vec_tiny_1_HOM,0.19272335,0.21929893,0.23131962,0.2748785,0.2524765,0.30485177
aware,M,word2vec_tiny_1_HOM,0.29489,0.35133857,0.39484078,0.4287711,0.42866504,0.450451
dreadful,P,word2vec_tiny_1_HOM,0.21390462,0.21790421,0.25182208,0.2711628,0.26784748,0.28930742
separation,P,word2vec_tiny_1_HOM,0.19479689,0.19166768,0.2194429,0.220576,0.23278892,0.23665197
flute,P,word2vec_tiny_1_HOM,0.2548709,0.3225733,0.4125881,0.5471363,0.4745169,0.6030119
trigger,P,word2vec_tiny_1_HOM,0.3760583,0.4654042,0.4707022,0.57067114,0.50252396,0.58931243
fury,P,word2vec_tiny_1_HOM,0.21929617,0.29159817,0.27816087,0.3744268,0.3062895,0.40256014
drone,H,word2vec_tiny_1_HOM,0.2994019,0.31025752,0.3409022,0.36099356,0.35640046,0.37188
external,P,word2vec_tiny_1_HOM,0.13551691,0.16643268,0.1679757,0.20449118,0.19239768,0.23498248
trait,M,word2vec_tiny_1_HOM,0.13129184,0.16117306,0.17009737,0.2070138,0.19236325,0.24082817
comply,M,word2vec_tiny_1_HOM,0.18196337,0.20353433,0.21034534,0.22309834,0.2225374,0.23742993
lava,P,word2vec_tiny_1_HOM,0.3458002,0.4031311,0.441303,0.53672117,0.48055467,0.5768229
doodle,P,word2vec_tiny_1_HOM,0.2952759,0.34640372,0.3399102,0.3850419,0.35762295,0.38711855
mysterious,P,word2vec_tiny_1_HOM,0.33011606,0.44261223,0.4543262,0.5996002,0.49309596,0.6027368
static,P,word2vec_tiny_1_HOM,0.22939889,0.23699398,0.2610017,0.2551382,0.2732124,0.26345167
uninvited,M,word2vec_tiny_1_HOM,0.1312528,0.14687763,0.15354533,0.18158449,0.1649328,0.20122334
brush,H,word2vec_tiny_1_HOM,0.3348367,0.47942513,0.4443049,0.57312125,0.48969948,0.6086384
memorable,P,word2vec_tiny_1_HOM,0.27582794,0.35093802,0.3318097,0.4178629,0.35973537,0.43461832
timid,P,word2vec_tiny_1_HOM,0.31494308,0.38750222,0.3795602,0.4293458,0.40639,0.448856
lovely,P,word2vec_tiny_1_HOM,0.3174094,0.40953273,0.4500923,0.5706122,0.49407777,0.5801123
lunar,P,word2vec_tiny_1_HOM,0.27190807,0.35197777,0.316478,0.36111268,0.3316487,0.37833863
distraught,P,word2vec_tiny_1_HOM,0.21697459,0.264355,0.26320633,0.3306861,0.2805518,0.35422975
infinite,P,word2vec_tiny_1_HOM,0.21483298,0.22481903,0.25000167,0.2536872,0.2635709,0.26522058
medallion,P,word2vec_tiny_1_HOM,0.2117229,0.20341848,0.24290133,0.24095762,0.2560558,0.24889795
haystack,M,word2vec_tiny_1_HOM,0.3537994,0.4418351,0.4216791,0.4898755,0.44910187,0.50767696
coast,P,word2vec_tiny_1_HOM,0.321255,0.32146534,0.4066097,0.46174234,0.44232914,0.5134087
impulsive,P,word2vec_tiny_1_HOM,0.16302125,0.19696099,0.19335997,0.22204459,0.2069003,0.24196829
shipment,P,word2vec_tiny_1_HOM,0.17957099,0.18682016,0.20762803,0.21638379,0.2194442,0.23062854
amaze,M,word2vec_tiny_1_HOM,0.2735266,0.35062957,0.31808767,0.3778285,0.33849508,0.3866529
operation,P,word2vec_tiny_1_HOM,0.37845522,0.45803225,0.4864358,0.5747082,0.5258874,0.5959604
survival,P,word2vec_tiny_1_HOM,0.15206513,0.17792459,0.17830609,0.20512754,0.19076301,0.22380899
perimeter,P,word2vec_tiny_1_HOM,0.22352724,0.29830885,0.26603618,0.3524932,0.2838229,0.36839095
dolphin,P,word2vec_tiny_1_HOM,0.22129378,0.28150386,0.35788813,0.4759113,0.42634884,0.5442312
feast,P,word2vec_tiny_1_HOM,0.4071836,0.4983753,0.5086169,0.60612243,0.5423897,0.6120297
brook,H,word2vec_tiny_1_HOM,0.2592277,0.31994912,0.32524502,0.42162833,0.35254318,0.44573408
poker,H,word2vec_tiny_1_HOM,0.30764627,0.35333174,0.35236713,0.39763838,0.37387878,0.4100147
handcuff,P,word2vec_tiny_1_HOM,0.27264127,0.32141346,0.325499,0.37301734,0.3474328,0.3914396
teenage,M,word2vec_tiny_1_HOM,0.2065204,0.22967155,0.23748834,0.23789698,0.24975342,0.24932922
item,P,word2vec_tiny_1_HOM,0.34193334,0.41648576,0.3978769,0.45195937,0.41855973,0.46906376
hometown,M,word2vec_tiny_1_HOM,0.2934754,0.37845084,0.3404689,0.423433,0.36394992,0.44912925
fortress,M,word2vec_tiny_1_HOM,0.28318238,0.38428915,0.3376488,0.43902686,0.3594554,0.45583057
hop,H,word2vec_tiny_1_HOM,0.32984915,0.44041944,0.46679854,0.5736075,0.51487875,0.61427134
mountain,P,word2vec_tiny_1_HOM,0.33580276,0.49135292,0.441235,0.6119221,0.48748168,0.648113
parent,P,word2vec_tiny_1_HOM,0.4015866,0.46117347,0.522733,0.4613991,0.5534847,0.4326611
roof,P,word2vec_tiny_1_HOM,0.34664994,0.48359725,0.47166687,0.6203816,0.5200847,0.6718519
disperse,P,word2vec_tiny_1_HOM,0.2095406,0.24394612,0.24619812,0.29052052,0.26109535,0.3066347
joyful,M,word2vec_tiny_1_HOM,0.317247,0.36050716,0.39465877,0.46321103,0.42431277,0.49306142
pot,H,word2vec_tiny_1_HOM,0.2926947,0.38652107,0.394272,0.52191544,0.43923894,0.5605616
trench,P,word2vec_tiny_1_HOM,0.28193843,0.36385792,0.35111126,0.43038002,0.38182628,0.462421
track,P,word2vec_tiny_1_HOM,0.30681846,0.44665968,0.42646548,0.56799924,0.47696277,0.62362736
sparkle,P,word2vec_tiny_1_HOM,0.27681807,0.31476247,0.37630212,0.45390895,0.42572036,0.5073427
sly,P,word2vec_tiny_1_HOM,0.37145174,0.43377212,0.45011032,0.52767843,0.48150757,0.5627845
attraction,P,word2vec_tiny_1_HOM,0.26269257,0.2727617,0.3026187,0.3299896,0.3195138,0.33910432
rotate,P,word2vec_tiny_1_HOM,0.2712029,0.2966264,0.31810522,0.3665337,0.33580154,0.37916875
firm,H,word2vec_tiny_1_HOM,0.36132085,0.38773918,0.4550986,0.47950006,0.49095115,0.48485646
haste,P,word2vec_tiny_1_HOM,0.27459222,0.2712851,0.32761884,0.3527591,0.35168907,0.37745914
rotten,P,word2vec_tiny_1_HOM,0.31210917,0.4047413,0.4287624,0.51043135,0.47111076,0.5489245
yield,P,word2vec_tiny_1_HOM,0.46368384,0.57196754,0.5509292,0.6611616,0.58043444,0.6628766
optimism,P,word2vec_tiny_1_HOM,0.18481219,0.23190479,0.22980827,0.29246554,0.25183067,0.32379386
scrub,H,word2vec_tiny_1_HOM,0.30301562,0.41241515,0.42865396,0.53697056,0.4759947,0.5774284
repay,P,word2vec_tiny_1_HOM,0.30991238,0.35907024,0.38449258,0.43921027,0.41265082,0.451267
define,P,word2vec_tiny_1_HOM,0.15221979,0.15513343,0.18498231,0.1941521,0.20132045,0.21703842
include,P,word2vec_tiny_1_HOM,0.4229482,0.53294885,0.53166914,0.6521719,0.5683146,0.656786
advertise,P,word2vec_tiny_1_HOM,0.26255497,0.31850404,0.30974248,0.36337397,0.3312153,0.38391158
envelope,P,word2vec_tiny_1_HOM,0.2713916,0.3788926,0.41567773,0.56612587,0.47424224,0.63031703
commitment,P,word2vec_tiny_1_HOM,0.16979603,0.20928906,0.21642114,0.28242764,0.24384926,0.31879276
trough,P,word2vec_tiny_1_HOM,0.29171044,0.37241387,0.37452248,0.492853,0.4081601,0.5280191
bossy,H,word2vec_tiny_1_HOM,0.30890125,0.40423158,0.45767358,0.5792374,0.5235429,0.6602958
leather,P,word2vec_tiny_1_HOM,0.39348757,0.4804105,0.4831823,0.5890923,0.5266623,0.64829737
desk,P,word2vec_tiny_1_HOM,0.29710087,0.4155916,0.41157562,0.56693107,0.46830106,0.63130224
actress,M,word2vec_tiny_1_HOM,0.30820757,0.3764485,0.3772575,0.44070655,0.40237018,0.462868
replay,P,word2vec_tiny_1_HOM,0.1600973,0.16830838,0.18648373,0.19499458,0.19812183,0.20780244
disco,P,word2vec_tiny_1_HOM,0.37099144,0.42579544,0.43319973,0.47485048,0.45383012,0.48870835
dome,P,word2vec_tiny_1_HOM,0.33257142,0.4254166,0.41118705,0.51087815,0.4425692,0.5477977
nursery,P,word2vec_tiny_1_HOM,0.35816002,0.41613078,0.43209502,0.52086526,0.45878616,0.5299355
comb,P,word2vec_tiny_1_HOM,0.30094042,0.4057199,0.41533357,0.55544746,0.46488625,0.59696126
trader,P,word2vec_tiny_1_HOM,0.27921742,0.36795893,0.33173752,0.42405537,0.35673034,0.4445978
elusive,P,word2vec_tiny_1_HOM,0.22962585,0.27468953,0.26233393,0.28129473,0.27594638,0.2869793
grateful,P,word2vec_tiny_1_HOM,0.37208554,0.50781655,0.48418373,0.5759921,0.5209242,0.5454614
starvation,P,word2vec_tiny_1_HOM,0.1619553,0.1732042,0.19232102,0.20115541,0.20575108,0.21424262
springtime,P,word2vec_tiny_1_HOM,0.30239543,0.4014119,0.3879113,0.4780619,0.42072403,0.50367516
lion,P,word2vec_tiny_1_HOM,0.25697213,0.36709368,0.39875388,0.5560497,0.45922935,0.60877854
pineapple,P,word2vec_tiny_1_HOM,0.25742444,0.31981087,0.3355345,0.37297186,0.37333342,0.39913502
fan,H,word2vec_tiny_1_HOM,0.38417414,0.45566097,0.4737309,0.59340936,0.5083128,0.65629923
river,P,word2vec_tiny_1_HOM,0.2688208,0.38152477,0.41450924,0.558454,0.46939385,0.61037767
beacon,P,word2vec_tiny_1_HOM,0.2561438,0.3156126,0.32253215,0.39811215,0.35480225,0.43911308
hazardous,P,word2vec_tiny_1_HOM,0.20152144,0.24811737,0.24560437,0.3062478,0.26423222,0.3286147
cute,P,word2vec_tiny_1_HOM,0.35990557,0.4479,0.49275893,0.63143116,0.54513526,0.675738
livelihood,M,word2vec_tiny_1_HOM,0.14423077,0.17357527,0.17196316,0.20805071,0.1836068,0.21797456
crisis,P,word2vec_tiny_1_HOM,0.13571131,0.14766696,0.1606513,0.18484153,0.17160387,0.20010161
tip,H,word2vec_tiny_1_HOM,0.43404594,0.55629313,0.52333987,0.64798146,0.55480886,0.6807586
groom,P,word2vec_tiny_1_HOM,0.37450102,0.45797214,0.47399253,0.5802792,0.5140141,0.6158403
assist,P,word2vec_tiny_1_HOM,0.23841842,0.2944508,0.2777502,0.35394686,0.29379004,0.36409488
adopt,P,word2vec_tiny_1_HOM,0.40316862,0.48861417,0.46906453,0.5062503,0.49198782,0.5130688
rubber,H,word2vec_tiny_1_HOM,0.4061528,0.53892684,0.49677715,0.6461429,0.5358957,0.685086
substitute,P,word2vec_tiny_1_HOM,0.15546516,0.15852909,0.18332098,0.1928824,0.19449437,0.20719878
poison,P,word2vec_tiny_1_HOM,0.42539582,0.5580378,0.5100857,0.6251549,0.5448343,0.63178605
assembly,P,word2vec_tiny_1_HOM,0.275217,0.3376895,0.32072705,0.39490664,0.3414041,0.42182645
pulse,H,word2vec_tiny_1_HOM,0.30967802,0.36861837,0.36590832,0.45336947,0.39666098,0.48163983
snake,P,word2vec_tiny_1_HOM,0.35382596,0.50936866,0.4451825,0.60569197,0.49072707,0.6463118
manure,P,word2vec_tiny_1_HOM,0.23354039,0.24787956,0.2991913,0.3335329,0.32512552,0.3552028
lad,P,word2vec_tiny_1_HOM,0.25534302,0.28383073,0.30044967,0.3060068,0.32299462,0.33043155
trot,P,word2vec_tiny_1_HOM,0.2729476,0.3130535,0.37062138,0.4449003,0.40762952,0.48203057
soothe,P,word2vec_tiny_1_HOM,0.31001186,0.373247,0.36942765,0.43962604,0.39521563,0.44987735
mishap,M,word2vec_tiny_1_HOM,0.15306942,0.18161112,0.17790605,0.20980354,0.18861187,0.21613686
host,H,word2vec_tiny_1_HOM,0.36816245,0.46992165,0.45510855,0.52322185,0.48768845,0.52776766
feed,P,word2vec_tiny_1_HOM,0.4221037,0.53940713,0.5208492,0.64420485,0.55700535,0.67363435
classic,P,word2vec_tiny_1_HOM,0.3038586,0.32631028,0.34580684,0.35118017,0.3627897,0.37097526
parachute,P,word2vec_tiny_1_HOM,0.38079995,0.42131147,0.44654712,0.5316204,0.4732138,0.55787665
persuasive,M,word2vec_tiny_1_HOM,0.21642427,0.28747836,0.27966198,0.3631741,0.30263206,0.3825951
footage,P,word2vec_tiny_1_HOM,0.13934775,0.15034555,0.16637763,0.18526617,0.178104,0.2040554
overall,P,word2vec_tiny_1_HOM,0.27679983,0.34028745,0.32215062,0.38520172,0.34278542,0.40415114
tree,P,word2vec_tiny_1_HOM,0.34582853,0.45619833,0.4743526,0.6107522,0.5209169,0.6522868
disastrous,M,word2vec_tiny_1_HOM,0.1510428,0.1885194,0.18897411,0.23414184,0.20994827,0.2588357
visible,P,word2vec_tiny_1_HOM,0.35567662,0.34403855,0.40606257,0.430916,0.42996147,0.46389228
crunch,P,word2vec_tiny_1_HOM,0.3778842,0.51007754,0.46960872,0.5802796,0.5004803,0.58865005
cracker,P,word2vec_tiny_1_HOM,0.36697286,0.40416795,0.43664375,0.500565,0.46621948,0.5150675
workshop,P,word2vec_tiny_1_HOM,0.3445365,0.41630402,0.44341362,0.53343964,0.48120102,0.56554705
native,P,word2vec_tiny_1_HOM,0.25522503,0.34214756,0.30110884,0.42132264,0.32268298,0.4437581
trout,P,word2vec_tiny_1_HOM,0.32909516,0.41892743,0.4044204,0.49349746,0.43405032,0.51984656
reef,H,word2vec_tiny_1_HOM,0.23144904,0.28077313,0.3495733,0.44905156,0.41570777,0.52442646
noise,P,word2vec_tiny_1_HOM,0.31283835,0.4312143,0.41132686,0.48225868,0.44969425,0.5103763
furnace,P,word2vec_tiny_1_HOM,0.26283574,0.33616036,0.33846214,0.45542347,0.3719319,0.48674268
motto,P,word2vec_tiny_1_HOM,0.15928991,0.16910614,0.18954603,0.19713065,0.20267159,0.21426377
channel,P,word2vec_tiny_1_HOM,0.3499236,0.40790185,0.46971703,0.5563253,0.51444995,0.6020123
racer,P,word2vec_tiny_1_HOM,0.36285925,0.5066833,0.45447314,0.6063644,0.4941766,0.6240413
irony,P,word2vec_tiny_1_HOM,0.40153995,0.46417022,0.4760299,0.5187625,0.50375396,0.5123785
dread,P,word2vec_tiny_1_HOM,0.20109853,0.26777175,0.26038176,0.35829285,0.28797793,0.38986987
protein,M,word2vec_tiny_1_HOM,0.27026504,0.32169163,0.36487386,0.40968114,0.3990397,0.45666212
dignity,P,word2vec_tiny_1_HOM,0.16226749,0.16004692,0.20313057,0.21015581,0.22157438,0.22929291
heed,P,word2vec_tiny_1_HOM,0.22214878,0.31154424,0.2990599,0.36655092,0.32954553,0.39157578
area,P,word2vec_tiny_1_HOM,0.4128155,0.5201019,0.5071988,0.63762164,0.54148316,0.67082757
fruit,P,word2vec_tiny_1_HOM,0.18926297,0.23312262,0.32681626,0.43745768,0.39348647,0.49803823
classical,P,word2vec_tiny_1_HOM,0.20774929,0.2616023,0.25775844,0.2830827,0.27755228,0.29267994
ranch,P,word2vec_tiny_1_HOM,0.31872284,0.38542643,0.46055236,0.6033499,0.5212481,0.6674866
security,P,word2vec_tiny_1_HOM,0.31837672,0.4085392,0.40430018,0.49829575,0.43490502,0.51814723
sidewalk,M,word2vec_tiny_1_HOM,0.405958,0.55096453,0.51080996,0.64057463,0.5498575,0.6771153
pronounce,P,word2vec_tiny_1_HOM,0.29752174,0.29981545,0.3408515,0.33455402,0.35855067,0.33687824
privacy,P,word2vec_tiny_1_HOM,0.2810426,0.321929,0.36422282,0.38308573,0.39852965,0.40783802
buggy,H,word2vec_tiny_1_HOM,0.22669058,0.3161002,0.32577187,0.44407457,0.38029343,0.51016587
tramp,P,word2vec_tiny_1_HOM,0.2669653,0.28048012,0.31240118,0.32079038,0.33066636,0.333716
serenity,M,word2vec_tiny_1_HOM,0.21961966,0.2966592,0.29892033,0.3863248,0.3287668,0.42489347
royal,P,word2vec_tiny_1_HOM,0.3402242,0.4179574,0.42878518,0.5214195,0.4672519,0.54084575
spill,H,word2vec_tiny_1_HOM,0.41274017,0.5090458,0.50641,0.5386107,0.541372,0.5629085
seventh,P,word2vec_tiny_1_HOM,0.32596558,0.3855964,0.4083027,0.480184,0.43438256,0.5037144
choose,P,word2vec_tiny_1_HOM,0.43803924,0.5643962,0.5221383,0.6271278,0.5523205,0.62006533
vast,P,word2vec_tiny_1_HOM,0.27593982,0.36219093,0.3423553,0.4327358,0.3763129,0.46531442
unlike,P,word2vec_tiny_1_HOM,0.38665423,0.45339966,0.44439027,0.50626457,0.46856248,0.52311397
tense,H,word2vec_tiny_1_HOM,0.2727136,0.3296428,0.32065696,0.3761828,0.3412612,0.3975096
origin,P,word2vec_tiny_1_HOM,0.19604765,0.22743012,0.23463182,0.25316912,0.24832755,0.26020664
apologize,P,word2vec_tiny_1_HOM,0.39796156,0.4445629,0.47902364,0.54932445,0.51029664,0.53411895
greenhouse,M,word2vec_tiny_1_HOM,0.22642505,0.25265905,0.2603743,0.2681741,0.27259332,0.2764203
sniff,P,word2vec_tiny_1_HOM,0.4442616,0.59708124,0.548838,0.6943929,0.58651423,0.70457244
reader,P,word2vec_tiny_1_HOM,0.28050536,0.38271046,0.39074767,0.494848,0.42996964,0.50850904
horrid,P,word2vec_tiny_1_HOM,0.14587036,0.19899216,0.18098605,0.24155673,0.19542754,0.253481
crease,P,word2vec_tiny_1_HOM,0.26079255,0.31049848,0.31148744,0.3998977,0.3308889,0.41070578
wrist,P,word2vec_tiny_1_HOM,0.37264663,0.40957296,0.46742004,0.566491,0.505318,0.607516
superstar,M,word2vec_tiny_1_HOM,0.2423127,0.26196364,0.28123334,0.2800885,0.29715577,0.29091167
earthquake,M,word2vec_tiny_1_HOM,0.41301107,0.5009836,0.531131,0.6025189,0.5703144,0.6110471
resolution,P,word2vec_tiny_1_HOM,0.2100126,0.25896195,0.26504073,0.30974492,0.29186347,0.33335346
saucy,P,word2vec_tiny_1_HOM,0.25522035,0.25322574,0.30784813,0.3048547,0.3385401,0.34520546
helmet,M,word2vec_tiny_1_HOM,0.2601324,0.34260786,0.39961112,0.55715877,0.4637465,0.62564796
bedside,P,word2vec_tiny_1_HOM,0.3352331,0.43395668,0.4243664,0.48612568,0.45487732,0.49967012
miracle,P,word2vec_tiny_1_HOM,0.3980585,0.428134,0.45447496,0.46094877,0.47438842,0.46682423
obsession,P,word2vec_tiny_1_HOM,0.15995578,0.1744754,0.18406196,0.20158234,0.19533652,0.2156022
swap,P,word2vec_tiny_1_HOM,0.40705124,0.46976447,0.48298347,0.48665425,0.5080412,0.5105275
tuning,P,word2vec_tiny_1_HOM,0.20425007,0.19247094,0.23206177,0.232225,0.24484128,0.24543177
injure,P,word2vec_tiny_1_HOM,0.11581018,0.14110391,0.13763773,0.17868163,0.14892429,0.19444004
skeleton,P,word2vec_tiny_1_HOM,0.34684396,0.49155402,0.4722789,0.64370406,0.51605743,0.6793914
lake,M,word2vec_tiny_1_HOM,0.23427367,0.35251123,0.3749134,0.5141891,0.4299456,0.58136564
tank,P,word2vec_tiny_1_HOM,0.33965322,0.41058472,0.42605996,0.58351,0.47151616,0.6328806
sugar,P,word2vec_tiny_1_HOM,0.24982777,0.34993613,0.3530325,0.4687064,0.39505967,0.4900524
connection,P,word2vec_tiny_1_HOM,0.34825158,0.3657654,0.40937275,0.4199572,0.4346444,0.43111816
pretend,P,word2vec_tiny_1_HOM,0.36364228,0.41259262,0.5009284,0.57944876,0.551965,0.6208586
winter,P,word2vec_tiny_1_HOM,0.3677459,0.46944824,0.4899774,0.6220581,0.53848195,0.6585583
lifeguard,M,word2vec_tiny_1_HOM,0.40799874,0.53902763,0.4862981,0.6167405,0.51807314,0.62678826
intricate,M,word2vec_tiny_1_HOM,0.2632032,0.36733428,0.3340695,0.45158175,0.36598125,0.48995352
hilarious,P,word2vec_tiny_1_HOM,0.37147516,0.49920106,0.4475216,0.53435135,0.47418272,0.5431268
backside,P,word2vec_tiny_1_HOM,0.2556956,0.27192235,0.2898703,0.30799213,0.30287212,0.30818954
incomplete,P,word2vec_tiny_1_HOM,0.27901977,0.33437333,0.33135268,0.37453616,0.3508953,0.3759417
drag,P,word2vec_tiny_1_HOM,0.4150218,0.534282,0.5129944,0.6397751,0.5464158,0.65730625
card,H,word2vec_tiny_1_HOM,0.30210775,0.41792908,0.40057546,0.5544571,0.443349,0.5957507
dirty,P,word2vec_tiny_1_HOM,0.3337612,0.4828215,0.48614806,0.65050924,0.5394458,0.6809601
gang,H,word2vec_tiny_1_HOM,0.29621428,0.33920136,0.34322476,0.39966968,0.36477864,0.4299309
daylight,P,word2vec_tiny_1_HOM,0.23231328,0.28461522,0.2919115,0.3757521,0.3212948,0.4204864
pathway,M,word2vec_tiny_1_HOM,0.2701594,0.35048974,0.3487861,0.42265216,0.38323548,0.4563119
chop,H,word2vec_tiny_1_HOM,0.38024607,0.46675178,0.4977887,0.5868004,0.53600264,0.61708504
beef,P,word2vec_tiny_1_HOM,0.24951181,0.3174771,0.3715705,0.47477627,0.4255278,0.5410421
maiden,P,word2vec_tiny_1_HOM,0.28218752,0.33933568,0.32617173,0.38471898,0.34372148,0.38612574
wondrous,M,word2vec_tiny_1_HOM,0.24995562,0.33809605,0.32554826,0.43053144,0.3617138,0.46957323
realm,P,word2vec_tiny_1_HOM,0.26059407,0.33538765,0.31139383,0.38734517,0.33218062,0.40695903
misery,P,word2vec_tiny_1_HOM,0.23689465,0.30127072,0.29820868,0.36315095,0.329465,0.38724533
jealousy,P,word2vec_tiny_1_HOM,0.2677006,0.29403958,0.35472485,0.36672136,0.39047334,0.403029
darkness,P,word2vec_tiny_1_HOM,0.2699365,0.3268332,0.32276267,0.39893475,0.34846956,0.42500147
tanker,M,word2vec_tiny_1_HOM,0.24897642,0.3022564,0.29136127,0.35390568,0.31052852,0.373953
helper,M,word2vec_tiny_1_HOM,0.38441724,0.48405197,0.497804,0.5829318,0.5383117,0.59777683
turban,P,word2vec_tiny_1_HOM,0.32689095,0.3905114,0.39591095,0.4869748,0.42637825,0.49724308
adoption,P,word2vec_tiny_1_HOM,0.3262616,0.34386772,0.37017974,0.39584368,0.38610068,0.40204394
afar,P,word2vec_tiny_1_HOM,0.38186738,0.37992173,0.44675454,0.4712496,0.4717436,0.48718262
pointless,P,word2vec_tiny_1_HOM,0.12732121,0.1417942,0.15534249,0.17942888,0.1678638,0.19690116
pony,P,word2vec_tiny_1_HOM,0.31954902,0.37749252,0.45022312,0.5727119,0.505764,0.65099937
pit,H,word2vec_tiny_1_HOM,0.35240012,0.45816872,0.46752435,0.62047255,0.5147841,0.6643706
farm,P,word2vec_tiny_1_HOM,0.28655678,0.29938427,0.44647983,0.57762134,0.51283044,0.6490382
subway,P,word2vec_tiny_1_HOM,0.30123714,0.41915748,0.4099755,0.5726263,0.46189064,0.6299686
honorable,P,word2vec_tiny_1_HOM,0.15366438,0.16868706,0.17888056,0.19330226,0.19005512,0.20465559
doubt,P,word2vec_tiny_1_HOM,0.24845941,0.28294376,0.30527484,0.34632865,0.32988533,0.37330654
occasion,P,word2vec_tiny_1_HOM,0.33149624,0.4263815,0.40351018,0.47813427,0.4303443,0.48917565
mild,P,word2vec_tiny_1_HOM,0.37683672,0.5134828,0.47886872,0.6181753,0.5162087,0.615427
bashful,P,word2vec_tiny_1_HOM,0.28524163,0.3396033,0.32118726,0.3732195,0.33500266,0.3798149
gear,P,word2vec_tiny_1_HOM,0.31121144,0.41374126,0.40221497,0.5555873,0.45752785,0.6225554
dark,P,word2vec_tiny_1_HOM,0.35714665,0.48433304,0.45656475,0.58593166,0.49997383,0.5888917
prediction,P,word2vec_tiny_1_HOM,0.17369947,0.18354218,0.2046374,0.20807251,0.21755761,0.22129795
pleasure,P,word2vec_tiny_1_HOM,0.34852362,0.35282272,0.40247357,0.41220596,0.4217556,0.42360434
skateboard,P,word2vec_tiny_1_HOM,0.32484215,0.38957566,0.43050832,0.525872,0.4750926,0.5745247
snowball,P,word2vec_tiny_1_HOM,0.38503852,0.5117357,0.5069608,0.6475943,0.54869425,0.67641836
movement,P,word2vec_tiny_1_HOM,0.32683316,0.39704174,0.3736345,0.4582711,0.39384735,0.4754079
strengthen,P,word2vec_tiny_1_HOM,0.20861809,0.23090084,0.27468884,0.30487552,0.30523086,0.33187446
sesame,P,word2vec_tiny_1_HOM,0.3370517,0.39313784,0.40656415,0.4898732,0.43604863,0.51210016
summertime,M,word2vec_tiny_1_HOM,0.33436114,0.4502514,0.41436526,0.4729638,0.44134873,0.47135904
attitude,P,word2vec_tiny_1_HOM,0.29446995,0.33905587,0.36508378,0.40127003,0.39150837,0.42633212
homework,M,word2vec_tiny_1_HOM,0.37988418,0.4581338,0.47526744,0.56576943,0.51156604,0.57966125
careless,P,word2vec_tiny_1_HOM,0.3802591,0.47909087,0.5065103,0.63944006,0.5552037,0.6553687
delivery,P,word2vec_tiny_1_HOM,0.35718745,0.45052445,0.4257708,0.49635875,0.45059717,0.5107234
smoke,P,word2vec_tiny_1_HOM,0.31657887,0.4182242,0.41521263,0.5164994,0.4561646,0.5611964
hook,P,word2vec_tiny_1_HOM,0.3437144,0.43325302,0.45111066,0.60691214,0.49331623,0.6517081
dispute,P,word2vec_tiny_1_HOM,0.29401532,0.27427194,0.33523026,0.30997798,0.34979638,0.32454178
account,P,word2vec_tiny_1_HOM,0.24689968,0.27607834,0.29630658,0.3070343,0.31714475,0.32248467
stench,M,word2vec_tiny_1_HOM,0.2426028,0.33075425,0.28519028,0.38078073,0.30435762,0.40037197
prick,P,word2vec_tiny_1_HOM,0.26126057,0.3534363,0.35080373,0.4530525,0.38431397,0.4855837
gather,P,word2vec_tiny_1_HOM,0.3521985,0.47194764,0.49749112,0.66549706,0.54993784,0.70999694
cocoon,P,word2vec_tiny_1_HOM,0.4176677,0.45287558,0.51178193,0.5807919,0.5411923,0.6135812
sheep,P,word2vec_tiny_1_HOM,0.22367749,0.31415385,0.36380807,0.5042796,0.43651745,0.57940716
helium,M,word2vec_tiny_1_HOM,0.36441642,0.47551575,0.4487453,0.5405178,0.4794741,0.55422854
lettuce,P,word2vec_tiny_1_HOM,0.24572381,0.30637223,0.33927837,0.41621074,0.3822696,0.4615295
fool,P,word2vec_tiny_1_HOM,0.29430792,0.36626533,0.3877314,0.48980933,0.42491773,0.5159973
rave,P,word2vec_tiny_1_HOM,0.23273067,0.23489815,0.27300137,0.27910832,0.29063606,0.29566836
stream,P,word2vec_tiny_1_HOM,0.2671649,0.38678533,0.39905182,0.559694,0.4505732,0.6011624
necktie,M,word2vec_tiny_1_HOM,0.16192481,0.16500801,0.19224362,0.19432431,0.20455661,0.20708023
tricky,P,word2vec_tiny_1_HOM,0.42576733,0.4976609,0.5079396,0.56144905,0.5345984,0.5664042
hurtful,M,word2vec_tiny_1_HOM,0.29627872,0.33228722,0.40306595,0.46155787,0.4382698,0.47776976
mess,P,word2vec_tiny_1_HOM,0.42236787,0.5596623,0.5195959,0.6286549,0.55084246,0.6318078
describe,P,word2vec_tiny_1_HOM,0.29667336,0.34774137,0.34857467,0.4153184,0.37343806,0.4344421
flock,H,word2vec_tiny_1_HOM,0.36928493,0.4413475,0.43052873,0.5191065,0.46118033,0.53570324
grab,P,word2vec_tiny_1_HOM,0.3934808,0.54888016,0.51366496,0.67202127,0.55402595,0.6880118
den,P,word2vec_tiny_1_HOM,0.3555274,0.46485978,0.4392924,0.49715382,0.46673396,0.5139461
encore,P,word2vec_tiny_1_HOM,0.3237041,0.3875946,0.37993202,0.44100747,0.40476212,0.472958
ambition,P,word2vec_tiny_1_HOM,0.21791084,0.2666312,0.26153338,0.32931578,0.28682047,0.36227804
middle,P,word2vec_tiny_1_HOM,0.4242786,0.5531289,0.53732115,0.6586506,0.5729974,0.6600814
feather,P,word2vec_tiny_1_HOM,0.31046632,0.3843237,0.4280164,0.56439865,0.47846383,0.63379437
motel,M,word2vec_tiny_1_HOM,0.27826014,0.2978327,0.32092938,0.33193612,0.3389962,0.34022304
drastic,P,word2vec_tiny_1_HOM,0.19624117,0.2100095,0.22456013,0.24133912,0.2364404,0.2546042
fearful,P,word2vec_tiny_1_HOM,0.30358693,0.41754583,0.46336424,0.59252644,0.5263103,0.66067284
nail,P,word2vec_tiny_1_HOM,0.28698903,0.39213166,0.40003476,0.5514914,0.45336723,0.6130339
knit,P,word2vec_tiny_1_HOM,0.40204555,0.43825746,0.5075608,0.5706236,0.5411773,0.6101619
vicious,P,word2vec_tiny_1_HOM,0.20832655,0.27700657,0.2579893,0.35700643,0.28251117,0.38442755
nest,P,word2vec_tiny_1_HOM,0.3667994,0.51651174,0.46958274,0.6119713,0.5171024,0.63579667
dreamy,P,word2vec_tiny_1_HOM,0.33455864,0.38376373,0.3945153,0.45176792,0.41689408,0.4751531
hut,P,word2vec_tiny_1_HOM,0.32339764,0.43678978,0.46637112,0.6231214,0.5185169,0.6610174
mower,M,word2vec_tiny_1_HOM,0.33494085,0.36179665,0.41534102,0.4760099,0.45013404,0.5173388
rhythm,P,word2vec_tiny_1_HOM,0.32120585,0.402274,0.43055016,0.49958172,0.48051983,0.5442276
perform,P,word2vec_tiny_1_HOM,0.35179502,0.48358592,0.47624338,0.61271626,0.52381647,0.6654351
kit,P,word2vec_tiny_1_HOM,0.40569314,0.5462258,0.49587527,0.64796215,0.5329658,0.6772364
filly,P,word2vec_tiny_1_HOM,0.265186,0.31775922,0.34142178,0.4382267,0.38397017,0.5103354
monster,P,word2vec_tiny_1_HOM,0.34761366,0.4774481,0.4623929,0.5702627,0.50543916,0.5862118
goofy,M,word2vec_tiny_1_HOM,0.30100957,0.35256287,0.35390213,0.4148064,0.3717694,0.42674038
wildcat,P,word2vec_tiny_1_HOM,0.26529798,0.31716344,0.29757956,0.34687582,0.3146859,0.36721888
perk,H,word2vec_tiny_1_HOM,0.37812653,0.46975967,0.43640363,0.5133457,0.45654756,0.52152985
shaft,P,word2vec_tiny_1_HOM,0.24186599,0.24249211,0.27449426,0.2821385,0.28931943,0.2939557
suck,P,word2vec_tiny_1_HOM,0.4096415,0.49242875,0.49956182,0.5738086,0.5278129,0.58785456
recharge,P,word2vec_tiny_1_HOM,0.31788236,0.2839401,0.36872402,0.287458,0.38797233,0.29113972
explosion,P,word2vec_tiny_1_HOM,0.27360526,0.3526047,0.3564987,0.4527792,0.39234337,0.49247822
rear,H,word2vec_tiny_1_HOM,0.20034662,0.25534675,0.23973942,0.2996284,0.25847405,0.31162056
counter,H,word2vec_tiny_1_HOM,0.3487472,0.48817503,0.44801053,0.58149225,0.48979324,0.6018241
familiar,P,word2vec_tiny_1_HOM,0.36721152,0.4621327,0.44016707,0.4802185,0.4668502,0.49384892
outfit,P,word2vec_tiny_1_HOM,0.29842377,0.3977799,0.39635873,0.5219737,0.43920472,0.56207865
hunt,P,word2vec_tiny_1_HOM,0.41154894,0.5187731,0.512854,0.603704,0.54845357,0.62741774
video,P,word2vec_tiny_1_HOM,0.26113063,0.3607189,0.42761,0.58420694,0.48214397,0.6225193
trash,P,word2vec_tiny_1_HOM,0.3782784,0.48088866,0.5013826,0.59549826,0.5436952,0.6300277
meter,H,word2vec_tiny_1_HOM,0.3271071,0.41379783,0.40396172,0.5034516,0.43836126,0.53727114
orchard,P,word2vec_tiny_1_HOM,0.33443493,0.40850595,0.41390392,0.49625957,0.44466725,0.5356999
scatter,P,word2vec_tiny_1_HOM,0.44316143,0.5624117,0.56026924,0.7071329,0.5990844,0.74002707
winner,M,word2vec_tiny_1_HOM,0.32965016,0.4272068,0.450857,0.5393632,0.5001802,0.56979316
mush,H,word2vec_tiny_1_HOM,0.24424079,0.33351058,0.30904302,0.40524054,0.33845863,0.4384098
undress,P,word2vec_tiny_1_HOM,0.17588742,0.20480828,0.20711312,0.2413106,0.2201357,0.24756598
action,P,word2vec_tiny_1_HOM,0.37284902,0.3865829,0.43108842,0.4330267,0.45552105,0.444175
melody,P,word2vec_tiny_1_HOM,0.28178138,0.34258774,0.3722357,0.4851335,0.40309384,0.4962289
actor,P,word2vec_tiny_1_HOM,0.30265346,0.4081191,0.39586926,0.5117467,0.43773973,0.5397368
chandelier,M,word2vec_tiny_1_HOM,0.31008008,0.37667724,0.39602622,0.5004918,0.42879105,0.53012395
television,P,word2vec_tiny_1_HOM,0.26734024,0.37754098,0.429646,0.59570974,0.49005416,0.6485983
borrow,P,word2vec_tiny_1_HOM,0.41959915,0.52526814,0.54695684,0.6675663,0.5939946,0.6879298
futile,P,word2vec_tiny_1_HOM,0.20161398,0.22354938,0.23694983,0.24466054,0.25121042,0.25584334
danger,P,word2vec_tiny_1_HOM,0.3829774,0.46368772,0.46054018,0.49803165,0.48794162,0.5161911
habitat,P,word2vec_tiny_1_HOM,0.3472479,0.3874784,0.4064248,0.39891142,0.42710152,0.4245486
script,P,word2vec_tiny_1_HOM,0.259827,0.2846507,0.31239048,0.35031646,0.33490205,0.36057
curb,P,word2vec_tiny_1_HOM,0.34218284,0.42244256,0.40925816,0.5025627,0.44004288,0.5318557
tile,P,word2vec_tiny_1_HOM,0.32124528,0.39326793,0.38129497,0.4734712,0.41088885,0.5021161
normal,P,word2vec_tiny_1_HOM,0.39418977,0.4361068,0.5139224,0.5922825,0.5554774,0.6147494
mitt,P,word2vec_tiny_1_HOM,0.36056083,0.3626076,0.45138037,0.45691577,0.4851355,0.5039358
fence,P,word2vec_tiny_1_HOM,0.3778994,0.5114498,0.48287395,0.6396295,0.5257708,0.6784201
fork,P,word2vec_tiny_1_HOM,0.28950515,0.39559212,0.406736,0.5482044,0.4600479,0.60544354
lick,P,word2vec_tiny_1_HOM,0.36937344,0.45850524,0.45331895,0.47676206,0.48448014,0.4957056
hillside,M,word2vec_tiny_1_HOM,0.27619377,0.31531185,0.33411372,0.39940602,0.3579997,0.42477003
overcome,P,word2vec_tiny_1_HOM,0.26866132,0.32364288,0.35174355,0.3944896,0.38887924,0.4116646
ravine,M,word2vec_tiny_1_HOM,0.26474267,0.3221122,0.33419746,0.40919447,0.36402863,0.43494982
steer,H,word2vec_tiny_1_HOM,0.36422586,0.45790198,0.47119477,0.5743044,0.50631326,0.61115247
hallway,P,word2vec_tiny_1_HOM,0.3567299,0.50983447,0.4704554,0.61352646,0.5056031,0.61865216
cheat,P,word2vec_tiny_1_HOM,0.37732896,0.46172363,0.47438812,0.5472044,0.50740457,0.55915093
single,P,word2vec_tiny_1_HOM,0.43067035,0.47237876,0.48008984,0.49131957,0.49647757,0.48571944
shirt,M,word2vec_tiny_1_HOM,0.22246952,0.31987494,0.3748471,0.51113415,0.4357651,0.57780623
flight,H,word2vec_tiny_1_HOM,0.3897577,0.4616594,0.4613145,0.5626903,0.49378216,0.57937753
mixer,P,word2vec_tiny_1_HOM,0.30982703,0.41235888,0.42884368,0.5627868,0.4830566,0.62022024
thankful,M,word2vec_tiny_1_HOM,0.38087353,0.4917488,0.4898416,0.57581115,0.5264485,0.5616252
muscle,P,word2vec_tiny_1_HOM,0.3903921,0.522915,0.49825418,0.6529522,0.53564584,0.68541646
behave,P,word2vec_tiny_1_HOM,0.42286986,0.54837996,0.50127375,0.5842486,0.5269579,0.5447357
suitcase,M,word2vec_tiny_1_HOM,0.34678105,0.45913687,0.44734487,0.5719179,0.48068962,0.5740142
price,P,word2vec_tiny_1_HOM,0.380224,0.40880936,0.50300056,0.5436482,0.54982567,0.58767307
glamorous,M,word2vec_tiny_1_HOM,0.21483016,0.2396087,0.24807288,0.25676742,0.2620033,0.2599632
advance,P,word2vec_tiny_1_HOM,0.26026225,0.27204183,0.30424106,0.30062768,0.32211334,0.32402793
curl,P,word2vec_tiny_1_HOM,0.40885988,0.5163043,0.5088432,0.61956954,0.54674935,0.64196163
income,M,word2vec_tiny_1_HOM,0.2326282,0.2935946,0.27363718,0.32535264,0.2904865,0.33729988
delete,M,word2vec_tiny_1_HOM,0.29516822,0.341009,0.3696804,0.41950083,0.3992299,0.46296215
snow,P,word2vec_tiny_1_HOM,0.32338735,0.4609842,0.46556297,0.6402179,0.5173993,0.6817018
issue,P,word2vec_tiny_1_HOM,0.28441015,0.34610668,0.33086213,0.39454162,0.35100043,0.407696
gorgeous,M,word2vec_tiny_1_HOM,0.23267636,0.3172259,0.31663337,0.41800836,0.35644406,0.46088412
lump,P,word2vec_tiny_1_HOM,0.39649257,0.42310676,0.47462392,0.5425714,0.50167966,0.56170523
cloth,P,word2vec_tiny_1_HOM,0.32693356,0.47695488,0.4340605,0.5986394,0.47333938,0.6271642
faith,P,word2vec_tiny_1_HOM,0.30968934,0.38771564,0.35983545,0.4366357,0.37718788,0.44883204
doubtful,P,word2vec_tiny_1_HOM,0.3168029,0.3329261,0.36290315,0.3787605,0.37923884,0.3815338
salute,P,word2vec_tiny_1_HOM,0.32096985,0.394701,0.393536,0.47628027,0.42468688,0.5136786
deed,P,word2vec_tiny_1_HOM,0.36002904,0.38157433,0.42673653,0.42531323,0.45224872,0.436032
heat,P,word2vec_tiny_1_HOM,0.36978665,0.47042832,0.45419762,0.53527063,0.4888559,0.55030835
unbearable,M,word2vec_tiny_1_HOM,0.23768277,0.3072499,0.30122957,0.3899729,0.33003333,0.42431572
geography,P,word2vec_tiny_1_HOM,0.21442404,0.28670186,0.2814568,0.3738442,0.30974948,0.4084776
ambitious,P,word2vec_tiny_1_HOM,0.30821744,0.34426072,0.36233383,0.42984575,0.38480416,0.44203016
wishful,M,word2vec_tiny_1_HOM,0.15071413,0.18721329,0.17352459,0.20293567,0.18496178,0.21539398
noble,P,word2vec_tiny_1_HOM,0.22908993,0.27981564,0.29333526,0.3757129,0.3221769,0.39688346
crystal,P,word2vec_tiny_1_HOM,0.24345775,0.31893712,0.4099604,0.563767,0.4682074,0.6178077
underwater,P,word2vec_tiny_1_HOM,0.36087626,0.4143083,0.4204912,0.5203342,0.45137587,0.54968995
spaghetti,P,word2vec_tiny_1_HOM,0.20736167,0.286582,0.3293551,0.45235136,0.3927008,0.49611947
pocket,P,word2vec_tiny_1_HOM,0.42390323,0.5739701,0.51581144,0.6017362,0.54389113,0.58137035
locker,P,word2vec_tiny_1_HOM,0.36388266,0.4556042,0.43071425,0.54046446,0.4585401,0.5674171
mental,P,word2vec_tiny_1_HOM,0.30154833,0.31911805,0.35862687,0.35143784,0.37911704,0.35616866
clipper,P,word2vec_tiny_1_HOM,0.20722565,0.2371218,0.24435021,0.25936243,0.25902197,0.2629052
jar,H,word2vec_tiny_1_HOM,0.33797985,0.4278251,0.45076284,0.554531,0.49683356,0.60647047
coin,P,word2vec_tiny_1_HOM,0.26742974,0.36666644,0.41402444,0.5683436,0.46901122,0.6206553
rejoice,P,word2vec_tiny_1_HOM,0.19162735,0.19627923,0.22175674,0.23413022,0.23396997,0.24558072
giraffe,M,word2vec_tiny_1_HOM,0.33465153,0.39956206,0.46159032,0.5430348,0.51717424,0.61824685
inner,P,word2vec_tiny_1_HOM,0.2320861,0.25893506,0.28910044,0.33808604,0.31494498,0.36517763
parakeet,M,word2vec_tiny_1_HOM,0.27391723,0.2895309,0.31810954,0.30593082,0.33348092,0.31164098
utter,H,word2vec_tiny_1_HOM,0.15465602,0.17334153,0.18070698,0.2099851,0.19200481,0.22140756
leopard,P,word2vec_tiny_1_HOM,0.20578596,0.29996094,0.35263324,0.49718788,0.41946518,0.57604873
vulture,P,word2vec_tiny_1_HOM,0.3006494,0.31959087,0.36970618,0.4277333,0.39706638,0.4626271
blob,P,word2vec_tiny_1_HOM,0.31876823,0.3637416,0.3934782,0.48156554,0.42568892,0.5200316
beetle,H,word2vec_tiny_1_HOM,0.22664206,0.33498162,0.37628087,0.53109455,0.43492278,0.5905809
effort,P,word2vec_tiny_1_HOM,0.30227244,0.29878995,0.38636005,0.39136174,0.41870406,0.42156762
fish,P,word2vec_tiny_1_HOM,0.20156738,0.26136166,0.32010433,0.44607145,0.39030674,0.53219044
dust,P,word2vec_tiny_1_HOM,0.39425427,0.5349935,0.48940355,0.6308822,0.52259505,0.64742786
shortcut,P,word2vec_tiny_1_HOM,0.4554165,0.5595875,0.52597946,0.5870868,0.55360925,0.6066501
lift,P,word2vec_tiny_1_HOM,0.33691257,0.4912483,0.48484275,0.6584112,0.54207253,0.7057684
pig,P,word2vec_tiny_1_HOM,0.19313669,0.28001937,0.34989312,0.49310532,0.4289984,0.5806457
violence,P,word2vec_tiny_1_HOM,0.23463412,0.25555927,0.2915095,0.32967758,0.31924483,0.35350156
belt,P,word2vec_tiny_1_HOM,0.23401526,0.3273153,0.3666871,0.5342625,0.43088555,0.6048474
uniform,P,word2vec_tiny_1_HOM,0.25239074,0.31388295,0.39462793,0.5325185,0.45881066,0.6200442
apparent,P,word2vec_tiny_1_HOM,0.17954811,0.19171242,0.2084877,0.21874854,0.22249186,0.23236299
arrest,P,word2vec_tiny_1_HOM,0.33023697,0.3774146,0.4306462,0.48918146,0.47240594,0.5296958
loot,P,word2vec_tiny_1_HOM,0.2821055,0.3137772,0.38721207,0.48330352,0.42672944,0.51876205
link,P,word2vec_tiny_1_HOM,0.32202023,0.40754738,0.3931421,0.47974658,0.4196708,0.49528983
solo,P,word2vec_tiny_1_HOM,0.26214752,0.33663055,0.31012756,0.39320046,0.3314477,0.41456348
tutor,P,word2vec_tiny_1_HOM,0.35488924,0.469144,0.4650773,0.5922098,0.5065233,0.61322767
adore,P,word2vec_tiny_1_HOM,0.11032746,0.14373992,0.1315031,0.1736135,0.14243257,0.1916777
floss,P,word2vec_tiny_1_HOM,0.3010977,0.26553214,0.3359368,0.29258505,0.35061845,0.29711226
lawn,H,word2vec_tiny_1_HOM,0.35355717,0.4980986,0.48651624,0.638123,0.5327991,0.67846215
wagon,P,word2vec_tiny_1_HOM,0.31124914,0.35270667,0.44272655,0.5865491,0.5011467,0.64901173
allowance,P,word2vec_tiny_1_HOM,0.359847,0.4213359,0.43546095,0.45844674,0.46377409,0.46954283
decorate,P,word2vec_tiny_1_HOM,0.34671992,0.4630545,0.4830331,0.635052,0.5423753,0.68084943
smack,H,word2vec_tiny_1_HOM,0.22423787,0.25681725,0.26625478,0.29774722,0.2828422,0.31625777
chapel,P,word2vec_tiny_1_HOM,0.28959975,0.36112443,0.34395555,0.39136386,0.36489066,0.39568913
marvel,P,word2vec_tiny_1_HOM,0.30364978,0.28938198,0.39516994,0.4276036,0.4295942,0.47187635
furry,P,word2vec_tiny_1_HOM,0.32569027,0.42402023,0.45486438,0.607656,0.4995305,0.6283657
stag,P,word2vec_tiny_1_HOM,0.3008758,0.33231422,0.3443249,0.3759191,0.3616961,0.39163944
observer,P,word2vec_tiny_1_HOM,0.25144678,0.20575766,0.29346907,0.25093305,0.31282613,0.2811858
assemble,P,word2vec_tiny_1_HOM,0.25617817,0.3205802,0.33256027,0.42452696,0.36925384,0.4706085
box,H,word2vec_tiny_1_HOM,0.31906915,0.4450661,0.44839612,0.6121699,0.502577,0.66703
orbit,P,word2vec_tiny_1_HOM,0.2611911,0.35072747,0.33337444,0.46843666,0.36249283,0.49566108
microscope,M,word2vec_tiny_1_HOM,0.38288638,0.46763024,0.4749987,0.6074388,0.5177805,0.6574704
laundry,P,word2vec_tiny_1_HOM,0.40336904,0.54675764,0.49149495,0.6398611,0.5347419,0.6756956
talisman,P,word2vec_tiny_1_HOM,0.15259519,0.17726727,0.17838329,0.21387246,0.19124767,0.23076391
net,H,word2vec_tiny_1_HOM,0.38654065,0.5188187,0.48386693,0.6183211,0.51940185,0.63981044
hike,P,word2vec_tiny_1_HOM,0.3263608,0.41700158,0.4460744,0.5481553,0.48776788,0.5554653
slipper,M,word2vec_tiny_1_HOM,0.3420563,0.3735376,0.39120746,0.40932894,0.4077351,0.4179735
author,P,word2vec_tiny_1_HOM,0.2812743,0.33921257,0.3405929,0.41938886,0.373574,0.4518923
ruckus,M,word2vec_tiny_1_HOM,0.24461237,0.296041,0.31020993,0.37935403,0.33927858,0.41218653
meaningful,M,word2vec_tiny_1_HOM,0.21126077,0.2479747,0.26701298,0.3228727,0.29366672,0.353068
importance,P,word2vec_tiny_1_HOM,0.40102687,0.3855271,0.47108585,0.4235829,0.4965601,0.44418862
venture,P,word2vec_tiny_1_HOM,0.35829598,0.41443467,0.43333232,0.4788046,0.45857283,0.4938753
shovel,P,word2vec_tiny_1_HOM,0.3439259,0.42832875,0.47245464,0.5931132,0.5205317,0.6297676
finish,P,word2vec_tiny_1_HOM,0.42690215,0.58253044,0.53327715,0.5672704,0.56535935,0.55512303
discomfort,P,word2vec_tiny_1_HOM,0.22580722,0.27617577,0.27886978,0.34125158,0.3040276,0.37545234
tire,H,word2vec_tiny_1_HOM,0.28509602,0.34494233,0.40993285,0.5608544,0.45793328,0.6059726
garden,P,word2vec_tiny_1_HOM,0.37527072,0.48614532,0.4788401,0.601706,0.5144525,0.61188406
rearrange,P,word2vec_tiny_1_HOM,0.28328046,0.35351753,0.3420511,0.41597733,0.36358383,0.4292799
goody,P,word2vec_tiny_1_HOM,0.2270473,0.22404987,0.25817263,0.25277135,0.26924154,0.2616951
previous,P,word2vec_tiny_1_HOM,0.26784655,0.30137497,0.315895,0.36511523,0.337957,0.38763848
outlet,P,word2vec_tiny_1_HOM,0.2606503,0.3536517,0.33079547,0.45227534,0.36089438,0.48471802
comparison,P,word2vec_tiny_1_HOM,0.2707747,0.33246356,0.31842586,0.39058086,0.33670667,0.4058144
electric,P,word2vec_tiny_1_HOM,0.3041131,0.3563987,0.39044487,0.46229303,0.42196938,0.49610233
smog,M,word2vec_tiny_1_HOM,0.20928368,0.21044606,0.23990889,0.25307184,0.2544468,0.26118687
bathroom,P,word2vec_tiny_1_HOM,0.34130222,0.4770688,0.46158278,0.5859584,0.5109401,0.6263562
sheer,H,word2vec_tiny_1_HOM,0.22721723,0.29753667,0.28430918,0.3704477,0.3091965,0.4013336
insist,P,word2vec_tiny_1_HOM,0.43862557,0.5156855,0.5385599,0.6004003,0.5665428,0.5757571
original,P,word2vec_tiny_1_HOM,0.3039692,0.35817155,0.46109483,0.6115551,0.52089995,0.6614663
cheesecake,P,word2vec_tiny_1_HOM,0.22961624,0.22084041,0.2617948,0.24525635,0.27410313,0.25136486
unprepared,P,word2vec_tiny_1_HOM,0.165649,0.19790024,0.19581625,0.22635263,0.21002223,0.24019207
ignite,P,word2vec_tiny_1_HOM,0.231949,0.28410393,0.27104983,0.31595224,0.28608644,0.31869954
spotlight,P,word2vec_tiny_1_HOM,0.3423193,0.29254702,0.39026558,0.30788675,0.40889013,0.31733036
satellite,P,word2vec_tiny_1_HOM,0.3168766,0.41498393,0.39216515,0.51264936,0.4262713,0.5512788
blacksmith,P,word2vec_tiny_1_HOM,0.2977764,0.38863555,0.37928155,0.44539228,0.40588737,0.46142232
stage,P,word2vec_tiny_1_HOM,0.33642015,0.42859894,0.45271462,0.6065282,0.5018537,0.6630336
multiple,P,word2vec_tiny_1_HOM,0.35469735,0.4026091,0.4152168,0.4585495,0.43539077,0.47499976
protector,P,word2vec_tiny_1_HOM,0.3114786,0.34676126,0.3710783,0.42613998,0.40076715,0.44290137
creep,P,word2vec_tiny_1_HOM,0.24336341,0.30061367,0.3003138,0.37302613,0.3253746,0.39879653
debt,P,word2vec_tiny_1_HOM,0.26593274,0.31757748,0.3094865,0.35427004,0.32737672,0.36675
sharpen,M,word2vec_tiny_1_HOM,0.31372207,0.40188956,0.38608986,0.45507696,0.41193554,0.47265404
nonsense,P,word2vec_tiny_1_HOM,0.29122025,0.35191783,0.3411561,0.3913455,0.36139286,0.40265396
absolute,P,word2vec_tiny_1_HOM,0.2865604,0.31676692,0.32684767,0.3538952,0.34364492,0.37125894
nasty,P,word2vec_tiny_1_HOM,0.31505528,0.351498,0.38860947,0.479712,0.41788232,0.49595416
mermaid,M,word2vec_tiny_1_HOM,0.34796292,0.41209775,0.4381909,0.5329355,0.47247392,0.553252
flash,P,word2vec_tiny_1_HOM,0.32168782,0.4104237,0.42286983,0.5087913,0.46488276,0.5495682
piggyback,P,word2vec_tiny_1_HOM,0.20998088,0.21753125,0.2363462,0.22382647,0.24787563,0.23336697
blind,P,word2vec_tiny_1_HOM,0.35476345,0.3992585,0.40241683,0.47659326,0.42234436,0.49825704
relic,P,word2vec_tiny_1_HOM,0.24833742,0.29744127,0.28809732,0.3451298,0.3049022,0.3688003
stock,P,word2vec_tiny_1_HOM,0.2384437,0.30391312,0.29290816,0.3800652,0.314496,0.39725462
messy,P,word2vec_tiny_1_HOM,0.35822505,0.5047098,0.48708194,0.64478904,0.53662616,0.6748283
doorway,M,word2vec_tiny_1_HOM,0.38434857,0.4608568,0.43533623,0.47862598,0.45495644,0.49216846
farmers,M,word2vec_tiny_1_HOM,0.35347694,0.44491866,0.42787516,0.54393,0.4644641,0.5759499
suit,P,word2vec_tiny_1_HOM,0.25799325,0.32775855,0.4067925,0.5300389,0.47301066,0.6086279
seaweed,P,word2vec_tiny_1_HOM,0.30093658,0.33373955,0.41111887,0.49096498,0.46011916,0.55880505
quake,P,word2vec_tiny_1_HOM,0.24447691,0.2787793,0.29431605,0.33746356,0.31259283,0.3469731
fountain,P,word2vec_tiny_1_HOM,0.34040862,0.39694294,0.46931252,0.59924555,0.5177919,0.6424466
planet,P,word2vec_tiny_1_HOM,0.35192078,0.47982475,0.47106588,0.6184074,0.5219189,0.67178494
ticklish,P,word2vec_tiny_1_HOM,0.28379837,0.3700141,0.37869933,0.47679907,0.413987,0.5041629
vacation,P,word2vec_tiny_1_HOM,0.31713787,0.43084848,0.45923197,0.5964718,0.5185444,0.63248223
bookie,M,word2vec_tiny_1_HOM,0.18906024,0.19495527,0.22367115,0.2333281,0.23816349,0.24623992
secretive,M,word2vec_tiny_1_HOM,0.25148275,0.28367236,0.2827567,0.31513515,0.2953528,0.332722
necessary,P,word2vec_tiny_1_HOM,0.32017702,0.37270173,0.36440888,0.4216334,0.3855115,0.44200268
ninth,P,word2vec_tiny_1_HOM,0.2717846,0.25935403,0.35424086,0.353665,0.3891982,0.4469418
blame,P,word2vec_tiny_1_HOM,0.36750856,0.48866272,0.46591386,0.53106934,0.4995527,0.5333381
doorknob,M,word2vec_tiny_1_HOM,0.31467897,0.41524065,0.40036133,0.49225146,0.4307399,0.5053059
mutt,M,word2vec_tiny_1_HOM,0.30811015,0.35171115,0.3652264,0.3982599,0.38585025,0.4048743
height,P,word2vec_tiny_1_HOM,0.3643638,0.47190773,0.43659833,0.50540215,0.46823943,0.53865474
contestant,P,word2vec_tiny_1_HOM,0.19491546,0.22531086,0.23265089,0.26496282,0.24789144,0.28598675
jig,H,word2vec_tiny_1_HOM,0.35340685,0.39540535,0.41641304,0.47588187,0.44393876,0.49273068
gamble,P,word2vec_tiny_1_HOM,0.17180148,0.16767146,0.19890174,0.19746213,0.21120475,0.21860142
cartoon,P,word2vec_tiny_1_HOM,0.27955177,0.35934982,0.46877646,0.6007238,0.5191735,0.64233744
tunnel,P,word2vec_tiny_1_HOM,0.3364148,0.48599076,0.46954563,0.62580454,0.52039146,0.6667068
vessel,P,word2vec_tiny_1_HOM,0.253196,0.29296428,0.31341332,0.4112906,0.3486956,0.45757154
weapon,P,word2vec_tiny_1_HOM,0.26397675,0.37600502,0.40765268,0.5733543,0.45609954,0.6201746
contact,P,word2vec_tiny_1_HOM,0.2894495,0.34950587,0.3373213,0.40546963,0.35812163,0.41576904
slight,P,word2vec_tiny_1_HOM,0.24353907,0.30452028,0.29956257,0.39476904,0.3274212,0.4272203
architect,P,word2vec_tiny_1_HOM,0.2575134,0.31531256,0.29963523,0.3525535,0.31513485,0.36834475
stubborn,P,word2vec_tiny_1_HOM,0.31326285,0.40224227,0.4581366,0.5800211,0.52421236,0.6603071
hideout,M,word2vec_tiny_1_HOM,0.38847867,0.49268562,0.48590362,0.5925907,0.51831794,0.585756
ruler,P,word2vec_tiny_1_HOM,0.3816059,0.47936845,0.473477,0.51274407,0.50862837,0.5781778
maximum,P,word2vec_tiny_1_HOM,0.23562661,0.26427713,0.2831035,0.36829436,0.3022988,0.39984205
signal,P,word2vec_tiny_1_HOM,0.42437205,0.5211409,0.506449,0.6145853,0.5393985,0.6443032
ramp,P,word2vec_tiny_1_HOM,0.41899458,0.5117195,0.4951454,0.6073071,0.53009677,0.6498526
cargo,M,word2vec_tiny_1_HOM,0.34433547,0.42779982,0.42456165,0.5281331,0.4569153,0.53897786
wrapped,P,word2vec_tiny_1_HOM,0.37135613,0.48672912,0.47264346,0.560891,0.5122908,0.6035229
custard,M,word2vec_tiny_1_HOM,0.18672183,0.23114693,0.22524947,0.28004465,0.2523541,0.3266778
plague,P,word2vec_tiny_1_HOM,0.20870526,0.19998646,0.24233785,0.23964,0.25650445,0.2517393
code,P,word2vec_tiny_1_HOM,0.3359683,0.40945068,0.41145408,0.49620864,0.43959975,0.5131316
loosen,P,word2vec_tiny_1_HOM,0.26733503,0.3660723,0.37342417,0.48100093,0.4135601,0.520734
generous,P,word2vec_tiny_1_HOM,0.28310478,0.38374725,0.4469446,0.5948408,0.5049499,0.617972
ham,H,word2vec_tiny_1_HOM,0.2723431,0.32846746,0.38415638,0.4218848,0.43499836,0.4688408
exist,P,word2vec_tiny_1_HOM,0.34930918,0.41474524,0.40494296,0.47604033,0.4281665,0.49422774
shout,P,word2vec_tiny_1_HOM,0.36468166,0.51031804,0.49373993,0.61604637,0.5417599,0.6245408
bold,P,word2vec_tiny_1_HOM,0.36537156,0.44399276,0.42428982,0.48149738,0.4454463,0.4779009
wrecking,P,word2vec_tiny_1_HOM,0.28716627,0.26677898,0.3285265,0.28960308,0.34715158,0.30500767
shampoo,P,word2vec_tiny_1_HOM,0.3240896,0.46920624,0.4383241,0.57611793,0.48656872,0.6238116
mare,H,word2vec_tiny_1_HOM,0.2742222,0.30160713,0.3137785,0.33212322,0.3296852,0.3293314
bundle,P,word2vec_tiny_1_HOM,0.37323236,0.4681037,0.449631,0.55567694,0.4765274,0.5559167
snag,P,word2vec_tiny_1_HOM,0.2275739,0.2534936,0.26492918,0.30059654,0.28009364,0.31485856
method,P,word2vec_tiny_1_HOM,0.27759472,0.27381206,0.3195953,0.33743542,0.3361551,0.34303075
approach,P,word2vec_tiny_1_HOM,0.35228735,0.40137136,0.41606116,0.46729898,0.4424299,0.4957622
anchor,P,word2vec_tiny_1_HOM,0.25541705,0.336619,0.3684767,0.4811457,0.42240822,0.5423322
rattle,P,word2vec_tiny_1_HOM,0.33962235,0.36519334,0.42199394,0.49228442,0.45604405,0.5294083
artifact,P,word2vec_tiny_1_HOM,0.22441034,0.24586846,0.2616427,0.28073382,0.27808425,0.29020992
quit,P,word2vec_tiny_1_HOM,0.3945078,0.51650137,0.51476395,0.61367846,0.54960966,0.5810548
repair,H,word2vec_tiny_1_HOM,0.33808142,0.4899646,0.47653732,0.63360023,0.52786124,0.64195764
reptile,P,word2vec_tiny_1_HOM,0.3638959,0.43821427,0.4289071,0.47955874,0.45112994,0.49376935
create,P,word2vec_tiny_1_HOM,0.34509334,0.4843737,0.4779025,0.63021755,0.52701116,0.6295945
foil,H,word2vec_tiny_1_HOM,0.34692147,0.4106146,0.40804607,0.51123697,0.43752033,0.53315896
leaky,P,word2vec_tiny_1_HOM,0.35466295,0.39161056,0.4303614,0.47705323,0.4596291,0.49973485
rough,P,word2vec_tiny_1_HOM,0.37368125,0.5276381,0.49131244,0.6477789,0.5392496,0.6921376
month,P,word2vec_tiny_1_HOM,0.4380042,0.52552634,0.512923,0.56022745,0.53828794,0.5735772
siren,P,word2vec_tiny_1_HOM,0.29143983,0.3646035,0.39951777,0.53200746,0.44580624,0.56337684
indicate,P,word2vec_tiny_1_HOM,0.1725416,0.21752757,0.2021389,0.24074136,0.21510662,0.25037417
jazz,M,word2vec_tiny_1_HOM,0.32113892,0.33758432,0.44296116,0.5682841,0.49093056,0.60048205
watermelon,P,word2vec_tiny_1_HOM,0.30802196,0.31840035,0.39295614,0.459979,0.43193573,0.49561846
ritual,P,word2vec_tiny_1_HOM,0.26546407,0.34361908,0.3269954,0.39838633,0.35106504,0.41503754
interior,P,word2vec_tiny_1_HOM,0.22487271,0.23470734,0.25854453,0.2654205,0.27009383,0.2765514
porch,P,word2vec_tiny_1_HOM,0.37145346,0.49385703,0.493483,0.64908475,0.5406015,0.69314075
unload,P,word2vec_tiny_1_HOM,0.35321197,0.4413843,0.44985217,0.56214845,0.48623335,0.5793113
camp,H,word2vec_tiny_1_HOM,0.34231967,0.41431266,0.46213722,0.61098427,0.5193875,0.6793075
college,P,word2vec_tiny_1_HOM,0.2723326,0.3332569,0.32168075,0.39358848,0.34358436,0.41359863
stalk,H,word2vec_tiny_1_HOM,0.30504492,0.37150833,0.38334823,0.47218183,0.41792473,0.50783587
accord,P,word2vec_tiny_1_HOM,0.1808631,0.19475856,0.20483914,0.22283919,0.21589054,0.2372503
kennel,P,word2vec_tiny_1_HOM,0.3279785,0.39708436,0.38553357,0.4287341,0.40676638,0.45415083
spider,M,word2vec_tiny_1_HOM,0.2727252,0.37826103,0.4143243,0.5526622,0.4685556,0.6023908
sweetheart,P,word2vec_tiny_1_HOM,0.2840767,0.34998456,0.3598986,0.31930825,0.38458526,0.35203785
animal,P,word2vec_tiny_1_HOM,0.32082063,0.3578288,0.4183667,0.52885777,0.46235266,0.5938615
climb,P,word2vec_tiny_1_HOM,0.38334173,0.5359521,0.49640122,0.6717693,0.5437226,0.7025347
detergent,P,word2vec_tiny_1_HOM,0.28790995,0.38504258,0.35678357,0.45419586,0.38804185,0.48192963
slope,P,word2vec_tiny_1_HOM,0.30977526,0.40424713,0.38122272,0.48860365,0.41747147,0.5249619
test,H,word2vec_tiny_1_HOM,0.39561766,0.45708284,0.48158962,0.5579315,0.5157558,0.57610285
dedicate,P,word2vec_tiny_1_HOM,0.15105149,0.15073688,0.18930952,0.20390585,0.20667687,0.22283575
weary,P,word2vec_tiny_1_HOM,0.26659915,0.33171725,0.31407687,0.4008298,0.3345194,0.4248021
pace,H,word2vec_tiny_1_HOM,0.39453962,0.48814124,0.46146423,0.53076255,0.4866306,0.5396388
painless,P,word2vec_tiny_1_HOM,0.20399733,0.16753565,0.23356341,0.20212063,0.24591617,0.21699318
quiz,P,word2vec_tiny_1_HOM,0.32987,0.47076684,0.44962928,0.5946023,0.49531028,0.6339105
hardware,P,word2vec_tiny_1_HOM,0.27236667,0.32993048,0.36280343,0.44673145,0.3984628,0.4828502
snappy,P,word2vec_tiny_1_HOM,0.23291239,0.25274947,0.34405527,0.4371459,0.39760026,0.5181456
ordinary,P,word2vec_tiny_1_HOM,0.31588972,0.37376317,0.46296585,0.5817918,0.5256598,0.63546765
marvelous,P,word2vec_tiny_1_HOM,0.2515536,0.32263657,0.32901078,0.43227264,0.356517,0.45080942
gravel,P,word2vec_tiny_1_HOM,0.3040523,0.35988876,0.36008063,0.4492999,0.38615432,0.48432037
demeanor,P,word2vec_tiny_1_HOM,0.22648104,0.21870342,0.25769436,0.26110426,0.2709179,0.26868746
spaceship,M,word2vec_tiny_1_HOM,0.36123928,0.4446061,0.47645608,0.60445184,0.5219776,0.64745164
runway,P,word2vec_tiny_1_HOM,0.34571415,0.47072396,0.4221927,0.5478384,0.46174803,0.59414876
layer,P,word2vec_tiny_1_HOM,0.29525304,0.36772716,0.3696489,0.46137598,0.40119734,0.50052726
disaster,P,word2vec_tiny_1_HOM,0.39191452,0.46291324,0.45170534,0.5049749,0.4729824,0.5103646
mile,P,word2vec_tiny_1_HOM,0.29183158,0.36638162,0.34301072,0.4163038,0.36161155,0.42209384
intrude,P,word2vec_tiny_1_HOM,0.22915573,0.26242653,0.27062142,0.28116208,0.28774658,0.28650218
suggestion,P,word2vec_tiny_1_HOM,0.34038538,0.42436904,0.42862642,0.47857255,0.45436105,0.48046005
devour,P,word2vec_tiny_1_HOM,0.22104867,0.27909616,0.26913756,0.34454757,0.29324272,0.37904215
shiny,P,word2vec_tiny_1_HOM,0.36686146,0.4880243,0.48045933,0.6205343,0.5267299,0.66538906
puffy,P,word2vec_tiny_1_HOM,0.35581413,0.40878227,0.4439248,0.5298844,0.48470807,0.5736495
tend,H,word2vec_tiny_1_HOM,0.27135366,0.3067218,0.40546134,0.48768452,0.45323327,0.52532107
bite,P,word2vec_tiny_1_HOM,0.39180708,0.45795465,0.4817247,0.51024574,0.5166776,0.5387924
globe,P,word2vec_tiny_1_HOM,0.43552756,0.5098469,0.50636774,0.5871487,0.5368884,0.61163884
sled,P,word2vec_tiny_1_HOM,0.37286422,0.5051969,0.473108,0.6256261,0.5156591,0.6603339
hat,P,word2vec_tiny_1_HOM,0.26517063,0.32792908,0.40458637,0.5381408,0.4685924,0.604206
alley,H,word2vec_tiny_1_HOM,0.38418904,0.41453964,0.4553908,0.48223823,0.48194984,0.49938607
tattoo,H,word2vec_tiny_1_HOM,0.30160943,0.3959015,0.36144933,0.46329248,0.38181576,0.46790776
eerie,M,word2vec_tiny_1_HOM,0.2481473,0.31629315,0.32216862,0.40658325,0.3538677,0.4454247
overweight,P,word2vec_tiny_1_HOM,0.18317838,0.189961,0.2093585,0.2278193,0.22142483,0.23968185
canoe,P,word2vec_tiny_1_HOM,0.2895791,0.3364879,0.35798797,0.43933243,0.39002702,0.4792523
teller,P,word2vec_tiny_1_HOM,0.2964627,0.3609229,0.35715085,0.4150579,0.38120076,0.42046782
boost,P,word2vec_tiny_1_HOM,0.41567755,0.44733194,0.46576345,0.48376417,0.48881188,0.5009719
soap,P,word2vec_tiny_1_HOM,0.29887494,0.4240155,0.40553594,0.541281,0.4531717,0.5712299
choke,P,word2vec_tiny_1_HOM,0.32759818,0.4036275,0.41437227,0.48109996,0.45038977,0.5191912
apron,P,word2vec_tiny_1_HOM,0.36851606,0.49076423,0.46660072,0.6049451,0.50499374,0.6482577
verdict,P,word2vec_tiny_1_HOM,0.13181414,0.14512202,0.15483849,0.18563452,0.16509797,0.20306864
discipline,P,word2vec_tiny_1_HOM,0.18250465,0.22942817,0.22115768,0.26309654,0.24144,0.2815295
heavenly,P,word2vec_tiny_1_HOM,0.20412183,0.24822181,0.2677802,0.3266805,0.30029106,0.36512178
charger,P,word2vec_tiny_1_HOM,0.28797388,0.35518265,0.36634073,0.45007303,0.40299085,0.49552324
canteen,P,word2vec_tiny_1_HOM,0.22753862,0.2836706,0.2854168,0.3536835,0.30956697,0.37851676
newcomer,M,word2vec_tiny_1_HOM,0.2507668,0.27209988,0.2856402,0.30235532,0.29901794,0.3077298
hygiene,P,word2vec_tiny_1_HOM,0.16908692,0.21827999,0.22472793,0.26912686,0.2555201,0.29373324
switch,P,word2vec_tiny_1_HOM,0.33559448,0.44685408,0.4450015,0.58633137,0.4918028,0.6302342
driveway,M,word2vec_tiny_1_HOM,0.39293608,0.49050328,0.48091784,0.56137437,0.51240534,0.59083927
wig,P,word2vec_tiny_1_HOM,0.33800706,0.41489482,0.43710917,0.53797215,0.48196748,0.583002
sad,P,word2vec_tiny_1_HOM,0.34695023,0.40505332,0.49618816,0.62571824,0.56681424,0.6816655
smelly,M,word2vec_tiny_1_HOM,0.32644814,0.45893982,0.4668755,0.62717855,0.5195369,0.66186935
dislike,P,word2vec_tiny_1_HOM,0.2508244,0.26347682,0.28739977,0.29267767,0.30374017,0.30220816
ridiculous,M,word2vec_tiny_1_HOM,0.24111116,0.23262447,0.27136275,0.25308648,0.28417766,0.26419967
dubious,P,word2vec_tiny_1_HOM,0.125176,0.16222143,0.14765984,0.1941577,0.1585673,0.21088977
spotless,P,word2vec_tiny_1_HOM,0.3218122,0.4213908,0.40540668,0.49687916,0.43877017,0.5062358
triangle,P,word2vec_tiny_1_HOM,0.30776748,0.46342736,0.44460872,0.61924285,0.49074364,0.65089226
scorpion,P,word2vec_tiny_1_HOM,0.30267766,0.3495602,0.36084512,0.4169616,0.3882016,0.4488791
homeless,P,word2vec_tiny_1_HOM,0.314562,0.3640216,0.3815618,0.4431126,0.40875384,0.47030845
catalog,P,word2vec_tiny_1_HOM,0.29255444,0.32841298,0.36106455,0.42865005,0.39036164,0.46722534
chef,M,word2vec_tiny_1_HOM,0.3764627,0.5141517,0.48175514,0.62824285,0.5200947,0.64248055
pout,H,word2vec_tiny_1_HOM,0.36436743,0.46178016,0.46700874,0.5630169,0.499734,0.57585603
celebrity,P,word2vec_tiny_1_HOM,0.30549258,0.35228577,0.34618664,0.38703275,0.3615567,0.39758024
agree,P,word2vec_tiny_1_HOM,0.4612537,0.56246567,0.55671805,0.5700878,0.5859835,0.5494547
cry,P,word2vec_tiny_1_HOM,0.34976155,0.4939328,0.4596797,0.6010917,0.5056461,0.6154065
expensive,P,word2vec_tiny_1_HOM,0.3687767,0.510639,0.4919295,0.6398438,0.53915554,0.65125847
bop,H,word2vec_tiny_1_HOM,0.20889504,0.26631278,0.32926786,0.4115742,0.3868106,0.49998534
stray,P,word2vec_tiny_1_HOM,0.37376037,0.45361373,0.4446888,0.509352,0.4739032,0.521673
concept,P,word2vec_tiny_1_HOM,0.24515526,0.34312606,0.2911799,0.38347125,0.3126797,0.40942624
absorb,P,word2vec_tiny_1_HOM,0.26505077,0.2779364,0.3116824,0.33509853,0.33074123,0.35147178
laughter,P,word2vec_tiny_1_HOM,0.37782562,0.39698055,0.46149436,0.4831205,0.49384776,0.5108199
referee,P,word2vec_tiny_1_HOM,0.38226795,0.45796043,0.46531472,0.5516247,0.4965563,0.580052
available,P,word2vec_tiny_1_HOM,0.47438326,0.59874237,0.55398786,0.65365726,0.58228064,0.653056
upside,P,word2vec_tiny_1_HOM,0.4758131,0.5200275,0.54373276,0.60682464,0.57007504,0.63232905
load,P,word2vec_tiny_1_HOM,0.33474547,0.4834952,0.47946694,0.65048456,0.52991164,0.68339646
factory,M,word2vec_tiny_1_HOM,0.3130377,0.40426436,0.43828702,0.58798856,0.49840263,0.65398467
moonlight,P,word2vec_tiny_1_HOM,0.28973377,0.29542196,0.39123696,0.43514004,0.43398377,0.48760518
lighten,H,word2vec_tiny_1_HOM,0.27227592,0.32590255,0.32556397,0.38217244,0.34908596,0.413462
rebuild,P,word2vec_tiny_1_HOM,0.38360378,0.43992394,0.4626608,0.48983526,0.49009156,0.49506915
forehead,P,word2vec_tiny_1_HOM,0.34898463,0.47506866,0.42505786,0.5138221,0.45356345,0.52512234
overalls,P,word2vec_tiny_1_HOM,0.2713423,0.309309,0.37790027,0.46161273,0.42517394,0.5193154
alcohol,P,word2vec_tiny_1_HOM,0.2760096,0.2958173,0.33947125,0.38550782,0.3683627,0.4279981
completion,P,word2vec_tiny_1_HOM,0.24916959,0.3079128,0.30275747,0.36838517,0.32489812,0.38013512
server,P,word2vec_tiny_1_HOM,0.30214897,0.34308755,0.3688207,0.39777753,0.3972956,0.42581132
chuckle,P,word2vec_tiny_1_HOM,0.2635411,0.31889468,0.3079459,0.38440394,0.32569283,0.40195987
bulb,P,word2vec_tiny_1_HOM,0.3171248,0.44207078,0.4290173,0.58279705,0.47680032,0.6328835
passport,P,word2vec_tiny_1_HOM,0.32011396,0.3855579,0.4481069,0.5857893,0.494921,0.6396175
shaky,P,word2vec_tiny_1_HOM,0.3816801,0.45322442,0.47213814,0.5266468,0.503449,0.5604836
jumper,H,word2vec_tiny_1_HOM,0.39374438,0.45831504,0.5053807,0.6358786,0.545018,0.6559492
expert,P,word2vec_tiny_1_HOM,0.38612485,0.42143834,0.4623587,0.4649408,0.48981068,0.49378145
disease,P,word2vec_tiny_1_HOM,0.2343406,0.32072148,0.32926714,0.4246849,0.36791924,0.45420596
motivation,P,word2vec_tiny_1_HOM,0.19382429,0.25706938,0.24458721,0.32105553,0.26827586,0.34944722
wise,H,word2vec_tiny_1_HOM,0.3823617,0.52735955,0.49736038,0.6067852,0.53330207,0.60993576
petrol,M,word2vec_tiny_1_HOM,0.2844012,0.3657391,0.34396163,0.46742862,0.37428084,0.49405658
drown,P,word2vec_tiny_1_HOM,0.3584951,0.4146952,0.44443268,0.50566316,0.47481954,0.5330812
clover,P,word2vec_tiny_1_HOM,0.30732745,0.39351436,0.3662266,0.4365859,0.38950938,0.46009454
crap,M,word2vec_tiny_1_HOM,0.19313827,0.22993687,0.23097657,0.2585377,0.24670157,0.2690626
raccoon,P,word2vec_tiny_1_HOM,0.30128413,0.40375578,0.38755858,0.45887047,0.4171076,0.48793745
pearly,P,word2vec_tiny_1_HOM,0.24931622,0.2982325,0.28996798,0.33130375,0.3063632,0.34517583
pointer,P,word2vec_tiny_1_HOM,0.35364637,0.43051398,0.4262286,0.5308609,0.45898414,0.56461525
cab,H,word2vec_tiny_1_HOM,0.2907827,0.36314946,0.35906202,0.46127626,0.39474145,0.51413435
swipe,P,word2vec_tiny_1_HOM,0.28410554,0.34352615,0.35988647,0.42885658,0.392204,0.45595387
shame,P,word2vec_tiny_1_HOM,0.32486725,0.35296777,0.39505917,0.42775458,0.41964555,0.44783598
disobey,M,word2vec_tiny_1_HOM,0.3291611,0.4087835,0.39502594,0.45269087,0.4237854,0.45039716
list,H,word2vec_tiny_1_HOM,0.48286796,0.5990228,0.556749,0.66106945,0.5853983,0.6739847
curve,P,word2vec_tiny_1_HOM,0.3189027,0.41676176,0.42077538,0.5346001,0.45777473,0.56570035
twirl,P,word2vec_tiny_1_HOM,0.3612336,0.47464442,0.48015255,0.6054116,0.51869845,0.61597073
trolley,P,word2vec_tiny_1_HOM,0.33983153,0.4445015,0.40646088,0.49302372,0.43553102,0.5208956
frantic,P,word2vec_tiny_1_HOM,0.2278523,0.30185777,0.27240953,0.3681574,0.28960016,0.38992822
weatherman,M,word2vec_tiny_1_HOM,0.19321516,0.18652165,0.22057109,0.20903623,0.2335992,0.22680786
slice,P,word2vec_tiny_1_HOM,0.31935617,0.38417172,0.3983758,0.45046005,0.4357065,0.46153834
function,P,word2vec_tiny_1_HOM,0.238218,0.23260579,0.27501425,0.25745386,0.28914928,0.26749703
spin,P,word2vec_tiny_1_HOM,0.36277938,0.5234966,0.49859992,0.67183936,0.5470822,0.7084102
graceful,M,word2vec_tiny_1_HOM,0.37815878,0.4257843,0.4846864,0.61135066,0.535803,0.6662159
albino,M,word2vec_tiny_1_HOM,0.26319778,0.28296936,0.30293596,0.28274047,0.319225,0.28519076
drought,P,word2vec_tiny_1_HOM,0.26286873,0.3320492,0.31186992,0.3930637,0.3375677,0.41938305
downtown,P,word2vec_tiny_1_HOM,0.3061753,0.39137855,0.37215394,0.4601901,0.3968522,0.4744399
expression,P,word2vec_tiny_1_HOM,0.3598075,0.40476388,0.431398,0.4395543,0.45646602,0.46540487
sheet,H,word2vec_tiny_1_HOM,0.31857702,0.44481742,0.4284624,0.5817249,0.47564414,0.6327645
icy,P,word2vec_tiny_1_HOM,0.38996893,0.5110106,0.50420964,0.6550626,0.5509697,0.6797724
surgery,P,word2vec_tiny_1_HOM,0.27516586,0.32381994,0.36835757,0.47159806,0.40519238,0.50023854
risk,P,word2vec_tiny_1_HOM,0.3346566,0.41840237,0.41260582,0.46699268,0.4395094,0.48404726
shallow,P,word2vec_tiny_1_HOM,0.34609768,0.3832129,0.42822808,0.49973145,0.4675409,0.5323378
bandage,P,word2vec_tiny_1_HOM,0.31202406,0.40491647,0.42020038,0.5465057,0.4716504,0.5994945
mast,H,word2vec_tiny_1_HOM,0.33872277,0.44686013,0.43342143,0.5509958,0.47045213,0.5883279
crest,P,word2vec_tiny_1_HOM,0.32881954,0.44717667,0.41503596,0.54611933,0.45415878,0.5812405
decline,P,word2vec_tiny_1_HOM,0.16178688,0.19999054,0.18851419,0.21117924,0.20015183,0.2283414
peck,H,word2vec_tiny_1_HOM,0.3932646,0.42404586,0.49060696,0.5745299,0.5279644,0.60224617
legacy,P,word2vec_tiny_1_HOM,0.19622202,0.21697971,0.23271975,0.25525773,0.2485724,0.28124347
unkind,M,word2vec_tiny_1_HOM,0.27457803,0.36165705,0.37494266,0.45900503,0.4122749,0.48355055
carton,P,word2vec_tiny_1_HOM,0.3350028,0.42607072,0.42454606,0.5190709,0.46146193,0.53747463
achieve,P,word2vec_tiny_1_HOM,0.2688319,0.29296458,0.3643491,0.3763623,0.4021361,0.40507555
gem,P,word2vec_tiny_1_HOM,0.2121361,0.32179505,0.39618033,0.55839425,0.4609593,0.6157005
habit,P,word2vec_tiny_1_HOM,0.44063997,0.41106567,0.5004438,0.4674015,0.52466303,0.48415455
speedy,M,word2vec_tiny_1_HOM,0.21011853,0.25879252,0.33853322,0.46402997,0.40502805,0.5481265
glum,P,word2vec_tiny_1_HOM,0.23431945,0.29953086,0.2808489,0.36839554,0.30078438,0.39276162
ponder,P,word2vec_tiny_1_HOM,0.27976146,0.3461428,0.32996696,0.40684444,0.3482008,0.42323253
extinct,P,word2vec_tiny_1_HOM,0.24823394,0.22273104,0.2898782,0.24303003,0.30621606,0.2559522
germ,P,word2vec_tiny_1_HOM,0.3828684,0.42709586,0.4621067,0.5016911,0.4943003,0.515323
refuge,P,word2vec_tiny_1_HOM,0.24691673,0.27663678,0.28317034,0.30967855,0.29626414,0.32164678
favor,P,word2vec_tiny_1_HOM,0.38085538,0.4290011,0.45443475,0.48902753,0.47999328,0.5007474
swim,P,word2vec_tiny_1_HOM,0.30861777,0.35636395,0.40508652,0.4819326,0.4581453,0.55751854
weed,H,word2vec_tiny_1_HOM,0.3249479,0.40311584,0.4120145,0.49777377,0.44656205,0.5280499
mobile,P,word2vec_tiny_1_HOM,0.34577757,0.39983025,0.42393878,0.51024556,0.45265847,0.54398626
rudder,P,word2vec_tiny_1_HOM,0.29388466,0.40771234,0.37591094,0.49851274,0.40971214,0.5293189
membership,P,word2vec_tiny_1_HOM,0.22562794,0.26973975,0.26282483,0.26180458,0.27625346,0.2841878
exhibit,P,word2vec_tiny_1_HOM,0.39312896,0.47894642,0.48822284,0.6130924,0.5240105,0.6358956
runaway,P,word2vec_tiny_1_HOM,0.3097585,0.335777,0.36342686,0.40657285,0.38584125,0.4290613
ceramic,P,word2vec_tiny_1_HOM,0.28344736,0.3634769,0.33292767,0.4337025,0.35641968,0.46297133
tragedy,P,word2vec_tiny_1_HOM,0.23335156,0.26821277,0.29884383,0.34642616,0.33104715,0.39139637
argument,P,word2vec_tiny_1_HOM,0.3977458,0.47874817,0.48115516,0.5205757,0.5063003,0.5250987
stable,H,word2vec_tiny_1_HOM,0.32200366,0.34988773,0.44686362,0.58629894,0.5069406,0.65759504
suction,P,word2vec_tiny_1_HOM,0.24562499,0.27173275,0.28215462,0.3092514,0.30021438,0.32729554
demise,P,word2vec_tiny_1_HOM,0.21744566,0.2482976,0.2681399,0.32176188,0.28854424,0.3438501
dense,P,word2vec_tiny_1_HOM,0.23022537,0.2977957,0.29974023,0.37919927,0.32980293,0.4177687
crib,P,word2vec_tiny_1_HOM,0.37066764,0.4692485,0.48730034,0.6387996,0.53566015,0.67565876
summon,P,word2vec_tiny_1_HOM,0.21679826,0.25897333,0.25284737,0.29562557,0.27101785,0.32035792
modern,P,word2vec_tiny_1_HOM,0.32488024,0.3591072,0.46620053,0.5945938,0.5218502,0.6611333
crusty,P,word2vec_tiny_1_HOM,0.17651923,0.21160164,0.32009304,0.4210024,0.3911151,0.5165161
patience,P,word2vec_tiny_1_HOM,0.25127083,0.27411106,0.32767755,0.36677325,0.35631496,0.38810813
vanilla,P,word2vec_tiny_1_HOM,0.2657997,0.34199628,0.36165226,0.43765068,0.40271223,0.4562495
scare,P,word2vec_tiny_1_HOM,0.36740795,0.49376747,0.48641965,0.60012555,0.52539134,0.60581
thread,P,word2vec_tiny_1_HOM,0.27108917,0.40273494,0.4049811,0.55112493,0.46071997,0.6088906
airline,P,word2vec_tiny_1_HOM,0.24371281,0.32613632,0.29174063,0.37560454,0.31044376,0.3923559
neck,P,word2vec_tiny_1_HOM,0.34809244,0.4840876,0.45599297,0.6068617,0.50456244,0.6410059
rob,P,word2vec_tiny_1_HOM,0.35070038,0.43961173,0.43503803,0.46488437,0.4717526,0.5129701
vine,P,word2vec_tiny_1_HOM,0.32441524,0.4263376,0.4363145,0.5722631,0.48764083,0.63832927
toxic,P,word2vec_tiny_1_HOM,0.27365643,0.34833542,0.33938107,0.4110705,0.36361298,0.427677
imagine,P,word2vec_tiny_1_HOM,0.42125207,0.58133787,0.5298754,0.6789209,0.5681791,0.6905472
display,P,word2vec_tiny_1_HOM,0.40619546,0.5391968,0.504786,0.6653321,0.54163384,0.69193685
discourage,P,word2vec_tiny_1_HOM,0.24002674,0.25223035,0.28109545,0.27668646,0.30308613,0.3037167
member,P,word2vec_tiny_1_HOM,0.35031325,0.40828782,0.4224717,0.45679042,0.44653472,0.4764799
trusty,P,word2vec_tiny_1_HOM,0.37605286,0.39790553,0.44584695,0.4673719,0.47168136,0.47438502
smear,P,word2vec_tiny_1_HOM,0.24254362,0.3395198,0.32392192,0.43268153,0.36379203,0.46766752
wedge,P,word2vec_tiny_1_HOM,0.27852374,0.35041264,0.32025853,0.4055331,0.34007102,0.42914256
sticker,P,word2vec_tiny_1_HOM,0.3889006,0.5191381,0.4730008,0.59166163,0.50383085,0.6132041
joint,P,word2vec_tiny_1_HOM,0.19664468,0.20235322,0.22959477,0.22952874,0.24119297,0.24593462
teach,P,word2vec_tiny_1_HOM,0.41641483,0.5730918,0.5212345,0.63725686,0.5534172,0.6317524
warm,P,word2vec_tiny_1_HOM,0.3433829,0.48412558,0.46654212,0.5696564,0.50815177,0.60479736
rifle,H,word2vec_tiny_1_HOM,0.2932201,0.33373177,0.3661603,0.43386415,0.3921265,0.44708136
pond,M,word2vec_tiny_1_HOM,0.25197154,0.3662518,0.38993,0.53310156,0.44779274,0.5907382
wars,P,word2vec_tiny_1_HOM,0.32121256,0.43990585,0.3893401,0.4906793,0.41727078,0.5142819
skate,H,word2vec_tiny_1_HOM,0.36852545,0.47439897,0.490104,0.6104634,0.52767444,0.62883955
pluck,P,word2vec_tiny_1_HOM,0.3273921,0.37924576,0.4129244,0.47510257,0.44294184,0.531274
campus,M,word2vec_tiny_1_HOM,0.28033036,0.3796633,0.3272671,0.43957207,0.34815675,0.45610064
stroke,P,word2vec_tiny_1_HOM,0.34002832,0.4248904,0.43848723,0.50726765,0.47671196,0.54845303
booth,P,word2vec_tiny_1_HOM,0.36462706,0.45971003,0.44417557,0.554933,0.48388246,0.5828048
offend,P,word2vec_tiny_1_HOM,0.14167237,0.15473974,0.16804585,0.18814233,0.18076615,0.20393537
vacuum,P,word2vec_tiny_1_HOM,0.3514276,0.434747,0.43153107,0.5275557,0.4667791,0.55040896
disrespect,P,word2vec_tiny_1_HOM,0.19870602,0.24170086,0.25053427,0.2865007,0.2743186,0.31252557
hostess,P,word2vec_tiny_1_HOM,0.31036693,0.35061228,0.3907026,0.41153842,0.41575727,0.4131299
above,P,word2vec_tiny_1_HOM,0.34905148,0.40023553,0.4354174,0.49069288,0.47234717,0.51619184
fussy,P,word2vec_tiny_1_HOM,0.2882771,0.26213416,0.32707572,0.29857126,0.34267196,0.29649118
pest,P,word2vec_tiny_1_HOM,0.2518428,0.33513412,0.3441724,0.44716915,0.37796006,0.47403312
defy,P,word2vec_tiny_1_HOM,0.14771698,0.16348115,0.17551456,0.19729441,0.18863854,0.21338472
juggle,P,word2vec_tiny_1_HOM,0.40133706,0.50340164,0.5056997,0.6074029,0.5414186,0.63525677
comic,P,word2vec_tiny_1_HOM,0.2587778,0.32673913,0.32937443,0.4136789,0.36143014,0.44990855
doom,P,word2vec_tiny_1_HOM,0.23187765,0.28661996,0.2841376,0.347396,0.3049506,0.3772664
hump,P,word2vec_tiny_1_HOM,0.3681381,0.44458795,0.44482827,0.5234098,0.47184417,0.5502593
onion,P,word2vec_tiny_1_HOM,0.2204465,0.27297968,0.37807068,0.48357773,0.44193858,0.56600565
bracelet,M,word2vec_tiny_1_HOM,0.23357329,0.3479329,0.36769626,0.5258845,0.43484807,0.59540105
source,P,word2vec_tiny_1_HOM,0.39068466,0.4290119,0.4552471,0.48193368,0.48171347,0.5009496
fake,P,word2vec_tiny_1_HOM,0.37820393,0.47846437,0.5030491,0.64548033,0.5451265,0.66805136
upbeat,P,word2vec_tiny_1_HOM,0.24887192,0.31046498,0.33522213,0.42873535,0.3709751,0.46965978
insight,P,word2vec_tiny_1_HOM,0.1527806,0.1834103,0.1796264,0.21158394,0.19184434,0.22519337
journey,P,word2vec_tiny_1_HOM,0.2874487,0.3835224,0.42664596,0.5386332,0.47740147,0.56739444
develop,P,word2vec_tiny_1_HOM,0.17876436,0.22033635,0.23392214,0.29094937,0.26017877,0.31798965
vending,P,word2vec_tiny_1_HOM,0.33358097,0.41063374,0.38832414,0.4736566,0.4123839,0.4957852
zap,P,word2vec_tiny_1_HOM,0.34409016,0.4230201,0.41998404,0.5043082,0.4515837,0.5240268
ugly,P,word2vec_tiny_1_HOM,0.36975792,0.44434074,0.48167664,0.6070365,0.5351661,0.6720079
intact,M,word2vec_tiny_1_HOM,0.3155511,0.38395852,0.36825028,0.4331382,0.3887561,0.44607642
laugh,P,word2vec_tiny_1_HOM,0.40203458,0.552597,0.51500666,0.6403186,0.54966134,0.6184906
boat,P,word2vec_tiny_1_HOM,0.19450316,0.2906122,0.35096627,0.49019623,0.41572064,0.55649734
dealer,P,word2vec_tiny_1_HOM,0.19206133,0.24380118,0.22384213,0.2530392,0.23753406,0.25599328
chain,P,word2vec_tiny_1_HOM,0.2732883,0.37697953,0.39217487,0.53188235,0.44834685,0.6045466
asteroid,M,word2vec_tiny_1_HOM,0.31314582,0.42141464,0.37914398,0.48875377,0.4049681,0.516091
poisonous,P,word2vec_tiny_1_HOM,0.3416044,0.42945212,0.41987106,0.50781447,0.45201325,0.5313563
sweep,P,word2vec_tiny_1_HOM,0.33399642,0.42851546,0.45596665,0.55059856,0.49901313,0.58104646
tractor,P,word2vec_tiny_1_HOM,0.34168655,0.44096997,0.43963265,0.60052824,0.48495963,0.63408494
relish,P,word2vec_tiny_1_HOM,0.15435581,0.195886,0.21791233,0.2807442,0.25042233,0.32376102
revenge,P,word2vec_tiny_1_HOM,0.33044487,0.36279002,0.39511204,0.42111588,0.42130908,0.44586417
upcoming,M,word2vec_tiny_1_HOM,0.29002982,0.3635757,0.3734403,0.44952667,0.41048133,0.4806407
arch,H,word2vec_tiny_1_HOM,0.32020873,0.3869092,0.3782191,0.47918802,0.4049324,0.50975376
crispy,P,word2vec_tiny_1_HOM,0.3016038,0.3105752,0.37385067,0.38885722,0.40849122,0.42776987
useless,P,word2vec_tiny_1_HOM,0.3652468,0.47947747,0.45744255,0.5665047,0.4867997,0.574522
nut,P,word2vec_tiny_1_HOM,0.28014195,0.37414375,0.41690785,0.54513484,0.47544235,0.6271619
fasten,P,word2vec_tiny_1_HOM,0.31101304,0.3860993,0.41869137,0.51741135,0.45533442,0.54409504
spatula,M,word2vec_tiny_1_HOM,0.28897142,0.31792736,0.37205184,0.41747344,0.40966865,0.46858135
shuttle,P,word2vec_tiny_1_HOM,0.33374777,0.44613472,0.39744708,0.5193504,0.42280087,0.52747464
sofa,M,word2vec_tiny_1_HOM,0.34580597,0.4502549,0.47067016,0.6135503,0.5211238,0.66171116
prairie,M,word2vec_tiny_1_HOM,0.23394617,0.26283658,0.26526192,0.28467384,0.27897987,0.29830953
afford,P,word2vec_tiny_1_HOM,0.38221335,0.45880893,0.46077576,0.502837,0.4869923,0.50566614
escalator,M,word2vec_tiny_1_HOM,0.22679262,0.23511323,0.26115936,0.24633032,0.2760139,0.26278117
closet,P,word2vec_tiny_1_HOM,0.30266872,0.4129012,0.4519142,0.60816884,0.5089439,0.65894514
butler,M,word2vec_tiny_1_HOM,0.20067,0.23812418,0.23249821,0.25527677,0.24547932,0.26487476
cop,H,word2vec_tiny_1_HOM,0.30066115,0.4242114,0.44968092,0.59814566,0.50024134,0.63008344
leadership,P,word2vec_tiny_1_HOM,0.21286719,0.23453751,0.25100505,0.2913748,0.26928422,0.31317356
thud,P,word2vec_tiny_1_HOM,0.37629685,0.48153833,0.47434524,0.56288123,0.5126172,0.59328127
vaccine,P,word2vec_tiny_1_HOM,0.26538906,0.3088528,0.31274566,0.32195488,0.32862264,0.3206543
chimp,M,word2vec_tiny_1_HOM,0.2972849,0.35191903,0.33764923,0.39460117,0.3543978,0.4039432
harmonica,M,word2vec_tiny_1_HOM,0.2560197,0.30934924,0.35142213,0.45617384,0.38913277,0.490163
expedition,P,word2vec_tiny_1_HOM,0.26386434,0.3516686,0.32977074,0.43151313,0.35276362,0.44454598
gravy,P,word2vec_tiny_1_HOM,0.17424859,0.20933926,0.23959506,0.3068439,0.27384523,0.3501436
floppy,P,word2vec_tiny_1_HOM,0.3289957,0.4217083,0.41835827,0.5387714,0.45622742,0.57711536
treaty,P,word2vec_tiny_1_HOM,0.20928445,0.22958802,0.23768418,0.2427442,0.25123215,0.2507129
dare,P,word2vec_tiny_1_HOM,0.48017502,0.62780136,0.5568792,0.67216,0.5823459,0.6492031
dishonest,P,word2vec_tiny_1_HOM,0.24191618,0.34222236,0.36980262,0.46650326,0.40984643,0.47841132
mix,P,word2vec_tiny_1_HOM,0.28238642,0.40437278,0.4176359,0.5365794,0.46658784,0.56380343
croak,P,word2vec_tiny_1_HOM,0.36680675,0.45726287,0.45687392,0.54808193,0.48830596,0.563633
pizza,M,word2vec_tiny_1_HOM,0.23700646,0.31472045,0.34080276,0.4550015,0.3921076,0.49761456
arrogant,P,word2vec_tiny_1_HOM,0.20175517,0.24019118,0.26401564,0.28825507,0.29566562,0.3026252
comprehend,P,word2vec_tiny_1_HOM,0.21212383,0.25400138,0.2484552,0.28678617,0.26316977,0.3024075
canopy,P,word2vec_tiny_1_HOM,0.3315184,0.39569446,0.39735633,0.47089803,0.42473015,0.5037754
crater,P,word2vec_tiny_1_HOM,0.31433305,0.38537803,0.37421945,0.44314092,0.39775956,0.46004316
thermos,P,word2vec_tiny_1_HOM,0.2629686,0.28175867,0.32310104,0.34964293,0.3555878,0.39215744
deaf,P,word2vec_tiny_1_HOM,0.4144144,0.4581992,0.5105301,0.60281837,0.5516317,0.6289864
palace,P,word2vec_tiny_1_HOM,0.31871557,0.45788231,0.45652398,0.6247441,0.5113482,0.66204727
page,H,word2vec_tiny_1_HOM,0.31296176,0.35099244,0.42663896,0.5276222,0.47524482,0.5689531
wilt,P,word2vec_tiny_1_HOM,0.3182655,0.40424797,0.41917756,0.50336367,0.4551366,0.54135734
writer,P,word2vec_tiny_1_HOM,0.30046847,0.38958824,0.4179948,0.5136143,0.4606582,0.54614705
souvenir,M,word2vec_tiny_1_HOM,0.40509596,0.44945222,0.47397175,0.5078892,0.4969675,0.50515544
unhealthy,P,word2vec_tiny_1_HOM,0.2893117,0.35290435,0.35169756,0.40765703,0.37778533,0.43360215
ultimatum,M,word2vec_tiny_1_HOM,0.15835136,0.17493904,0.18390839,0.20851307,0.19526239,0.2204188
tart,H,word2vec_tiny_1_HOM,0.15823853,0.20313542,0.23233503,0.30810392,0.2741177,0.35784775
audition,P,word2vec_tiny_1_HOM,0.2526036,0.31551045,0.31505865,0.41204843,0.34648088,0.44869408
summer,P,word2vec_tiny_1_HOM,0.33378944,0.47180465,0.45930395,0.5875002,0.49653777,0.59790295
glare,H,word2vec_tiny_1_HOM,0.31409994,0.37109634,0.3747567,0.442252,0.39984185,0.45901635
lecture,P,word2vec_tiny_1_HOM,0.4087018,0.5052549,0.5057238,0.62444884,0.54162306,0.64241254
spend,P,word2vec_tiny_1_HOM,0.46742707,0.5713917,0.55442315,0.6124505,0.5799464,0.5935553
concession,P,word2vec_tiny_1_HOM,0.2851096,0.31946126,0.3319274,0.35109073,0.3506942,0.3489264
screw,P,word2vec_tiny_1_HOM,0.2755571,0.38879517,0.39256808,0.5349942,0.4526224,0.61053
guru,P,word2vec_tiny_1_HOM,0.24318162,0.28044263,0.29005527,0.33227652,0.30908707,0.34728095
recital,P,word2vec_tiny_1_HOM,0.2715724,0.34421837,0.3506388,0.4359996,0.38224542,0.45398837
sentence,P,word2vec_tiny_1_HOM,0.30038685,0.3405333,0.3821992,0.44474584,0.4150457,0.47580776
blossom,P,word2vec_tiny_1_HOM,0.2728579,0.3467996,0.36465383,0.47642022,0.40200725,0.51496685
amount,P,word2vec_tiny_1_HOM,0.36196736,0.37327197,0.42879927,0.42625487,0.454952,0.46298862
comment,P,word2vec_tiny_1_HOM,0.3635698,0.4131892,0.4192326,0.44224024,0.4388753,0.4499432
await,P,word2vec_tiny_1_HOM,0.29829752,0.36904433,0.36248767,0.4249569,0.38649285,0.44553673
stuffy,P,word2vec_tiny_1_HOM,0.3409595,0.37113965,0.40792283,0.44809166,0.43642968,0.48281166
dime,M,word2vec_tiny_1_HOM,0.29885942,0.3287976,0.36618763,0.4058581,0.38929695,0.43392867
impressive,M,word2vec_tiny_1_HOM,0.2652502,0.36361754,0.43635216,0.58247423,0.5084938,0.6624208
settle,H,word2vec_tiny_1_HOM,0.39435497,0.50414157,0.52077115,0.62061125,0.55978686,0.6066237
decoration,P,word2vec_tiny_1_HOM,0.377434,0.43697926,0.44593537,0.5123202,0.47593606,0.538955
hopeful,P,word2vec_tiny_1_HOM,0.43191433,0.5075521,0.49425375,0.50894064,0.51470286,0.4961131
relaxation,P,word2vec_tiny_1_HOM,0.28963056,0.3637401,0.34486115,0.41279486,0.36925325,0.42531636
budget,P,word2vec_tiny_1_HOM,0.3245582,0.35142478,0.37901416,0.4132849,0.39902863,0.4284373
sloppy,P,word2vec_tiny_1_HOM,0.2861188,0.30553162,0.33127666,0.3478278,0.3494052,0.36153492
technician,P,word2vec_tiny_1_HOM,0.28699723,0.3541356,0.34155646,0.4149667,0.3644329,0.43600303
grain,P,word2vec_tiny_1_HOM,0.3497189,0.47954857,0.44959104,0.57212454,0.48692435,0.59197307
swear,P,word2vec_tiny_1_HOM,0.22244081,0.24598286,0.2622499,0.29694244,0.27814475,0.31155708
junk,H,word2vec_tiny_1_HOM,0.34792483,0.49976262,0.4542067,0.6183115,0.4985777,0.6640825
poster,M,word2vec_tiny_1_HOM,0.42522663,0.5336408,0.51160955,0.6108654,0.54885066,0.6434341
sickness,P,word2vec_tiny_1_HOM,0.25418982,0.3214377,0.33587527,0.40488023,0.37143803,0.44399732
exercise,P,word2vec_tiny_1_HOM,0.3885599,0.50649554,0.5071272,0.63356423,0.54841226,0.66451585
seafood,M,word2vec_tiny_1_HOM,0.255773,0.3030188,0.29948857,0.36690778,0.3194857,0.39708254
breakfast,P,word2vec_tiny_1_HOM,0.29514608,0.3245636,0.41622078,0.47172388,0.46136582,0.50228167
snob,P,word2vec_tiny_1_HOM,0.15483728,0.18898992,0.18886173,0.22225715,0.20493244,0.2350423
capture,P,word2vec_tiny_1_HOM,0.36652252,0.4002618,0.43287155,0.46970206,0.45734897,0.4900574
horseshoe,P,word2vec_tiny_1_HOM,0.2992077,0.3524727,0.35656402,0.43694654,0.37870896,0.46150175
calf,H,word2vec_tiny_1_HOM,0.32045263,0.40208343,0.40660316,0.5256354,0.44193488,0.5507294
remorse,M,word2vec_tiny_1_HOM,0.20404121,0.2620276,0.26171276,0.32598194,0.28508276,0.3539879
provide,P,word2vec_tiny_1_HOM,0.3431386,0.48106834,0.49071434,0.6463797,0.5476595,0.6814671
pill,P,word2vec_tiny_1_HOM,0.40139285,0.54235244,0.48700702,0.6254268,0.52202904,0.6570601
bottom,P,word2vec_tiny_1_HOM,0.44100314,0.5439736,0.53623503,0.62509286,0.5676796,0.64174485
respectful,M,word2vec_tiny_1_HOM,0.33866194,0.43156907,0.4468898,0.47221944,0.48611358,0.48522535
accountant,M,word2vec_tiny_1_HOM,0.20548673,0.23075269,0.24007398,0.2633458,0.25388336,0.2774745
smell,P,word2vec_tiny_1_HOM,0.34106472,0.39856607,0.45584023,0.4857369,0.49627852,0.5013
sneeze,P,word2vec_tiny_1_HOM,0.3659353,0.497498,0.50580764,0.62012637,0.54470116,0.613092
tango,P,word2vec_tiny_1_HOM,0.27382264,0.34861252,0.30820876,0.3914354,0.32551795,0.40975684
burst,P,word2vec_tiny_1_HOM,0.36205813,0.47398782,0.43732715,0.5189071,0.46437362,0.53460395
fellow,P,word2vec_tiny_1_HOM,0.29366326,0.3364112,0.35811305,0.37865198,0.3833085,0.41271392
giddy,P,word2vec_tiny_1_HOM,0.35439762,0.4015632,0.4305968,0.48907924,0.4616018,0.50985515
quaint,P,word2vec_tiny_1_HOM,0.2766954,0.31847486,0.31500438,0.33603206,0.33020034,0.33868736
thief,M,word2vec_tiny_1_HOM,0.4017716,0.50261,0.48379126,0.5590749,0.5161608,0.5386646
moisture,M,word2vec_tiny_1_HOM,0.2520247,0.28897575,0.30502614,0.3629914,0.3283844,0.3957161
shape,P,word2vec_tiny_1_HOM,0.3355802,0.43625924,0.4373827,0.5414476,0.47297072,0.5702296
pretzel,P,word2vec_tiny_1_HOM,0.33637717,0.32201728,0.3984577,0.41413832,0.42715567,0.45121035
temper,P,word2vec_tiny_1_HOM,0.2552452,0.28890607,0.30589393,0.36536062,0.3337353,0.39375177
frown,P,word2vec_tiny_1_HOM,0.4412373,0.56783867,0.54787916,0.6483148,0.5805736,0.6369331
bonus,P,word2vec_tiny_1_HOM,0.25517982,0.28957438,0.2931724,0.33870137,0.31010297,0.34716842
harmful,M,word2vec_tiny_1_HOM,0.33271968,0.41812965,0.41060176,0.47775236,0.44345164,0.49806476
dab,H,word2vec_tiny_1_HOM,0.2858038,0.35140172,0.35200638,0.44245517,0.3792746,0.4673869
attend,P,word2vec_tiny_1_HOM,0.2743028,0.35526162,0.34785601,0.4329808,0.37841508,0.45727065
hatchet,P,word2vec_tiny_1_HOM,0.2517543,0.24691826,0.28596494,0.29010254,0.30043027,0.3054686
bedroom,M,word2vec_tiny_1_HOM,0.315419,0.40323105,0.44262534,0.6056754,0.49207175,0.631387
field,P,word2vec_tiny_1_HOM,0.31361145,0.44710672,0.44178736,0.5946333,0.49746034,0.64681745
basin,P,word2vec_tiny_1_HOM,0.22881588,0.28503868,0.3066041,0.39773908,0.34389493,0.45231524
intense,P,word2vec_tiny_1_HOM,0.25509998,0.30714497,0.32165796,0.4114256,0.35074493,0.44323003
weirdo,M,word2vec_tiny_1_HOM,0.16017056,0.1722921,0.18739116,0.2125004,0.19928925,0.22764099
cloudy,P,word2vec_tiny_1_HOM,0.31951818,0.4368854,0.47366494,0.5721242,0.52114004,0.6127348
riddance,M,word2vec_tiny_1_HOM,0.14007711,0.15773888,0.1660176,0.19408588,0.17858456,0.20673132
maple,P,word2vec_tiny_1_HOM,0.44986066,0.5015709,0.5075524,0.5706448,0.53046024,0.5709181
distract,P,word2vec_tiny_1_HOM,0.34859264,0.4142506,0.42272177,0.4948626,0.4496685,0.5132985
nod,P,word2vec_tiny_1_HOM,0.41578007,0.4825302,0.5063321,0.55073524,0.5380224,0.55487525
horrible,P,word2vec_tiny_1_HOM,0.28929934,0.38167617,0.3705484,0.43018648,0.39887363,0.4578098
orchid,P,word2vec_tiny_1_HOM,0.32157376,0.42627236,0.40619004,0.5015647,0.43592873,0.52656275
scenic,P,word2vec_tiny_1_HOM,0.2907801,0.30747563,0.33348572,0.3616779,0.34945515,0.37358204
waitress,M,word2vec_tiny_1_HOM,0.3381278,0.38304946,0.4127475,0.45799726,0.43904006,0.47664386
command,P,word2vec_tiny_1_HOM,0.40965375,0.38241878,0.47150666,0.43924212,0.4934436,0.4408674
violin,M,word2vec_tiny_1_HOM,0.25859362,0.34841153,0.41469043,0.5601866,0.46786612,0.61611044
fret,H,word2vec_tiny_1_HOM,0.22761121,0.27269477,0.26119766,0.28889862,0.2740979,0.2963343
element,P,word2vec_tiny_1_HOM,0.24977827,0.2883983,0.29379338,0.34190893,0.31578767,0.3684434
cavity,M,word2vec_tiny_1_HOM,0.3289109,0.37132126,0.40156642,0.45781493,0.42962632,0.48255986
impression,P,word2vec_tiny_1_HOM,0.31279415,0.37234646,0.37083903,0.39738765,0.39467925,0.43016088
vent,P,word2vec_tiny_1_HOM,0.31801265,0.36439013,0.36046004,0.4027186,0.376102,0.41883072
stepmother,M,word2vec_tiny_1_HOM,0.16256103,0.17257814,0.18865897,0.2034814,0.20109779,0.21722148
walnut,P,word2vec_tiny_1_HOM,0.3187078,0.3912419,0.3680992,0.44540337,0.3878468,0.45183584
tribute,P,word2vec_tiny_1_HOM,0.13816893,0.16108233,0.1635255,0.19072114,0.17432846,0.21132696
wiggle,P,word2vec_tiny_1_HOM,0.40354568,0.5381758,0.52321607,0.67745537,0.565025,0.69920176
aggressive,P,word2vec_tiny_1_HOM,0.28135344,0.33181888,0.33024192,0.39438418,0.3540046,0.40703896
bamboo,P,word2vec_tiny_1_HOM,0.35786027,0.42203495,0.4523706,0.5378416,0.49395353,0.590617
clown,P,word2vec_tiny_1_HOM,0.4075056,0.55643106,0.5050689,0.6671458,0.5453566,0.6945606
hassle,P,word2vec_tiny_1_HOM,0.12511727,0.1543508,0.15081099,0.19119821,0.16223326,0.20878091
chocolate,P,word2vec_tiny_1_HOM,0.2389913,0.3345485,0.33947608,0.4503082,0.39036447,0.48458403
volume,P,word2vec_tiny_1_HOM,0.40474224,0.48018563,0.47435966,0.54129833,0.5059327,0.57098734
lamp,P,word2vec_tiny_1_HOM,0.3190121,0.43932712,0.4285738,0.5884826,0.48094028,0.64214617
speaker,P,word2vec_tiny_1_HOM,0.32550946,0.44086602,0.41999176,0.54126704,0.45469874,0.56739885
shelter,P,word2vec_tiny_1_HOM,0.40309873,0.5214811,0.5012804,0.6335766,0.5407389,0.66767246
vanish,P,word2vec_tiny_1_HOM,0.37294868,0.513088,0.5176033,0.6567865,0.56368876,0.6454827
eyeliner,M,word2vec_tiny_1_HOM,0.25583398,0.34895393,0.32543615,0.4322818,0.35697123,0.45744488
scalpel,M,word2vec_tiny_1_HOM,0.22831409,0.25978616,0.2708004,0.29459727,0.2851107,0.3062021
notebook,M,word2vec_tiny_1_HOM,0.2174437,0.3160352,0.37049672,0.52597517,0.4407132,0.6053946
driver,P,word2vec_tiny_1_HOM,0.29363078,0.40150633,0.4016839,0.5249002,0.44452542,0.5543916
sympathy,P,word2vec_tiny_1_HOM,0.2503925,0.28934497,0.29356298,0.32546043,0.31146258,0.3362383
twitch,P,word2vec_tiny_1_HOM,0.27098188,0.34622398,0.34011525,0.43391123,0.36832955,0.4604515
priest,P,word2vec_tiny_1_HOM,0.35792595,0.47203377,0.4355278,0.5519028,0.46604598,0.55720145
reap,P,word2vec_tiny_1_HOM,0.18406692,0.21765415,0.23043652,0.26862717,0.2563739,0.2938498
ladder,P,word2vec_tiny_1_HOM,0.3709436,0.5030484,0.4808255,0.64158964,0.5259944,0.6704411
defeat,P,word2vec_tiny_1_HOM,0.25274098,0.32660806,0.32098007,0.40646935,0.35127363,0.43399054
bitter,P,word2vec_tiny_1_HOM,0.34504876,0.47192025,0.4499138,0.5011994,0.48702964,0.5252296
maintain,P,word2vec_tiny_1_HOM,0.20628285,0.2349743,0.25982723,0.29963785,0.29085734,0.33395728
dainty,P,word2vec_tiny_1_HOM,0.24146979,0.31376877,0.30885875,0.41889268,0.34057677,0.46146923
fuzz,M,word2vec_tiny_1_HOM,0.36547425,0.4682917,0.4443198,0.56284446,0.47757316,0.5900345
medium,P,word2vec_tiny_1_HOM,0.44450027,0.5461776,0.5380577,0.6178563,0.5691186,0.6301371
vibrate,P,word2vec_tiny_1_HOM,0.26341233,0.33019745,0.343685,0.42222846,0.37961242,0.4717601
former,H,word2vec_tiny_1_HOM,0.28693998,0.35537642,0.3625351,0.39584273,0.3897705,0.41833058
doll,P,word2vec_tiny_1_HOM,0.3583185,0.45798492,0.4774193,0.5965689,0.5166813,0.6267527
scuba,P,word2vec_tiny_1_HOM,0.25766334,0.34004304,0.32181218,0.36631632,0.3457223,0.36246347
rail,H,word2vec_tiny_1_HOM,0.2965541,0.44023064,0.42920026,0.59676296,0.48362964,0.6533381
slab,P,word2vec_tiny_1_HOM,0.22817881,0.26803708,0.26736382,0.31247112,0.2812262,0.3270812
potion,M,word2vec_tiny_1_HOM,0.39096394,0.5222992,0.46739018,0.5559811,0.49496457,0.5598092
musical,P,word2vec_tiny_1_HOM,0.37564164,0.41001442,0.45237777,0.51348764,0.4824775,0.54351705
guilty,P,word2vec_tiny_1_HOM,0.35740852,0.44548476,0.50935966,0.632032,0.56701374,0.6712694
divide,P,word2vec_tiny_1_HOM,0.31532568,0.4134674,0.40632907,0.4883953,0.43804607,0.51402634
landmark,P,word2vec_tiny_1_HOM,0.2598046,0.2878707,0.29879883,0.34130502,0.31462795,0.36405268
residence,P,word2vec_tiny_1_HOM,0.16930604,0.17969105,0.19479683,0.20313728,0.20552474,0.21655431
blade,P,word2vec_tiny_1_HOM,0.349918,0.45720527,0.41917118,0.5101463,0.44741994,0.532447
comfort,P,word2vec_tiny_1_HOM,0.4291914,0.56457925,0.5218484,0.54000306,0.54944664,0.5216049
blueberry,P,word2vec_tiny_1_HOM,0.25995117,0.28202996,0.37694553,0.4645661,0.4331579,0.51007116
rise,P,word2vec_tiny_1_HOM,0.391457,0.5570194,0.5024006,0.65391266,0.54674566,0.6690114
ocean,P,word2vec_tiny_1_HOM,0.22699127,0.30606008,0.34312767,0.47277677,0.40201545,0.5310567
dribble,P,word2vec_tiny_1_HOM,0.31535205,0.40552273,0.4279079,0.542627,0.467239,0.56498504
swimsuit,M,word2vec_tiny_1_HOM,0.30911765,0.38588127,0.44944146,0.55361253,0.5071063,0.6268055
nurse,P,word2vec_tiny_1_HOM,0.35341567,0.44995835,0.47820866,0.5942598,0.5164857,0.5965868
bedtime,M,word2vec_tiny_1_HOM,0.47510204,0.54015905,0.5578977,0.59104043,0.5858185,0.59903467
spank,H,word2vec_tiny_1_HOM,0.2156401,0.24037673,0.24495941,0.25293988,0.25823325,0.27073485
undo,P,word2vec_tiny_1_HOM,0.3538348,0.42251876,0.42744055,0.5047424,0.45686108,0.524376
unstable,P,word2vec_tiny_1_HOM,0.32853603,0.42395493,0.4183854,0.51456916,0.45772064,0.5466676
strive,P,word2vec_tiny_1_HOM,0.21871786,0.25964493,0.27771905,0.31684437,0.3096664,0.3444321
stew,P,word2vec_tiny_1_HOM,0.27277678,0.33068362,0.33829066,0.394142,0.36928344,0.4289286
flat,H,word2vec_tiny_1_HOM,0.38549757,0.49570042,0.48900402,0.6189876,0.52772444,0.6490342
cube,H,word2vec_tiny_1_HOM,0.3709075,0.51377165,0.47277045,0.63839257,0.5156905,0.67573035
mango,M,word2vec_tiny_1_HOM,0.26741764,0.27555647,0.35047653,0.37538305,0.38700566,0.4294747
nowadays,P,word2vec_tiny_1_HOM,0.18590595,0.1868478,0.21408638,0.22322898,0.22839737,0.24332452
wrath,P,word2vec_tiny_1_HOM,0.24948044,0.28586128,0.3060655,0.37179932,0.3323223,0.39935523
mound,P,word2vec_tiny_1_HOM,0.32666826,0.3841122,0.4244973,0.51573175,0.4595698,0.55066985
leap,P,word2vec_tiny_1_HOM,0.40733123,0.5241766,0.4926504,0.5621182,0.51938784,0.5602162
inhale,P,word2vec_tiny_1_HOM,0.2856425,0.36425716,0.34380054,0.33509108,0.36581492,0.40933675
redo,P,word2vec_tiny_1_HOM,0.13917363,0.1587387,0.17180414,0.19190454,0.1860795,0.21082988
sponge,P,word2vec_tiny_1_HOM,0.3065372,0.4147471,0.41962326,0.5436209,0.46493173,0.57427377
spell,H,word2vec_tiny_1_HOM,0.4220194,0.51737726,0.50612855,0.57196707,0.5348683,0.5657618
successful,P,word2vec_tiny_1_HOM,0.38815635,0.5019812,0.47410136,0.5867793,0.5079023,0.5751528
charcoal,P,word2vec_tiny_1_HOM,0.2875382,0.32111204,0.35363138,0.44108844,0.38347635,0.48720902
attachment,P,word2vec_tiny_1_HOM,0.3190919,0.3896103,0.36888504,0.4544854,0.3885164,0.45979947
teeny,M,word2vec_tiny_1_HOM,0.3068807,0.40267223,0.35485035,0.43876407,0.37645411,0.44104403
resource,P,word2vec_tiny_1_HOM,0.17141,0.16109507,0.21249712,0.21007153,0.23163232,0.23762615
invite,P,word2vec_tiny_1_HOM,0.38301152,0.52743775,0.5191118,0.67036134,0.56653357,0.6967945
threaten,P,word2vec_tiny_1_HOM,0.2945032,0.36354625,0.34682187,0.40248075,0.36887822,0.4244573
snatch,P,word2vec_tiny_1_HOM,0.37546295,0.48406306,0.4455455,0.5235195,0.47254363,0.5227971
snack,P,word2vec_tiny_1_HOM,0.2862535,0.3773666,0.39756966,0.4606425,0.4362259,0.48079494
clock,H,word2vec_tiny_1_HOM,0.31709957,0.44783685,0.43984047,0.5960147,0.49575087,0.6542381
terrible,P,word2vec_tiny_1_HOM,0.36585566,0.50294244,0.4878607,0.6197332,0.5286563,0.6006202
film,P,word2vec_tiny_1_HOM,0.26903844,0.36537543,0.44327986,0.5924336,0.49809152,0.6405281
observant,P,word2vec_tiny_1_HOM,0.31123033,0.36745575,0.38122886,0.4248486,0.40720654,0.43180704
plead,P,word2vec_tiny_1_HOM,0.27047744,0.35921708,0.33567742,0.39333242,0.36349922,0.41339234
ribbon,P,word2vec_tiny_1_HOM,0.29124868,0.41193733,0.40550777,0.5436078,0.45688885,0.59663147
mint,H,word2vec_tiny_1_HOM,0.30328554,0.33502153,0.39661372,0.48093414,0.43751243,0.53408253
dizzy,P,word2vec_tiny_1_HOM,0.41247892,0.524123,0.51846766,0.6599708,0.5571545,0.6605818
smooth,P,word2vec_tiny_1_HOM,0.37926677,0.5088755,0.4936752,0.64606136,0.5391303,0.6925616
spice,P,word2vec_tiny_1_HOM,0.2650656,0.3283776,0.35334644,0.40771624,0.38554412,0.42925802
awaken,P,word2vec_tiny_1_HOM,0.20865062,0.24708521,0.24318728,0.2775261,0.25757384,0.2972446
minimum,P,word2vec_tiny_1_HOM,0.17504846,0.18942317,0.20139478,0.21580903,0.21440692,0.22596553
excitement,P,word2vec_tiny_1_HOM,0.29086667,0.3762503,0.40933627,0.4792026,0.4435906,0.47007367
wallet,M,word2vec_tiny_1_HOM,0.32386538,0.42515296,0.4299849,0.562103,0.48360556,0.6254202
nephew,M,word2vec_tiny_1_HOM,0.3267519,0.4053585,0.4185788,0.44304562,0.44779915,0.45418027
waffle,H,word2vec_tiny_1_HOM,0.24316458,0.30252,0.36694244,0.4623433,0.42416823,0.49894044
fighter,P,word2vec_tiny_1_HOM,0.36808762,0.4845656,0.42837688,0.52557224,0.45523342,0.537805
clap,P,word2vec_tiny_1_HOM,0.3533638,0.5115228,0.4839221,0.6172544,0.52769697,0.63381404
catchy,P,word2vec_tiny_1_HOM,0.24050312,0.31343415,0.32049182,0.4377794,0.3645504,0.48237482
fit,H,word2vec_tiny_1_HOM,0.45225987,0.5871884,0.5422815,0.67777276,0.5726536,0.65728617
parrot,P,word2vec_tiny_1_HOM,0.3771991,0.4449828,0.48693088,0.6224946,0.5298198,0.65982616
applause,P,word2vec_tiny_1_HOM,0.38921133,0.4728391,0.4658551,0.5377953,0.49365395,0.5609888
grinder,P,word2vec_tiny_1_HOM,0.2527209,0.26867902,0.30967093,0.35401732,0.3382653,0.41114435
breast,P,word2vec_tiny_1_HOM,0.25379422,0.27248296,0.28938085,0.30633524,0.30599907,0.31927878
policy,H,word2vec_tiny_1_HOM,0.30704302,0.25268382,0.35532966,0.27976847,0.37923154,0.3161337
private,P,word2vec_tiny_1_HOM,0.38749665,0.4674151,0.45411536,0.4922838,0.4804196,0.50026774
mystery,P,word2vec_tiny_1_HOM,0.3950732,0.52138114,0.4944714,0.62502307,0.53143317,0.6380756
hose,P,word2vec_tiny_1_HOM,0.34569538,0.4927958,0.46144623,0.6276427,0.50805986,0.6635326
boa,P,word2vec_tiny_1_HOM,0.3075492,0.35458928,0.38672206,0.4810547,0.42635512,0.52563924
genius,P,word2vec_tiny_1_HOM,0.30215055,0.3421801,0.35600758,0.39286786,0.37614837,0.40896523
boil,H,word2vec_tiny_1_HOM,0.33203807,0.3740183,0.41243762,0.4494984,0.45359012,0.5001458
meal,H,word2vec_tiny_1_HOM,0.26262197,0.34029067,0.38810006,0.481269,0.44479805,0.52146363
neat,P,word2vec_tiny_1_HOM,0.37265927,0.4737451,0.49159607,0.5772168,0.5313925,0.5982207
cupboard,M,word2vec_tiny_1_HOM,0.26910678,0.4133664,0.41589147,0.5815815,0.48176223,0.64798224
folk,P,word2vec_tiny_1_HOM,0.30517572,0.39961267,0.35329083,0.43117622,0.37521875,0.4457627
suggest,P,word2vec_tiny_1_HOM,0.44602633,0.6049923,0.55499005,0.6866962,0.5913368,0.6822858
mushy,P,word2vec_tiny_1_HOM,0.25198442,0.353244,0.36433792,0.46930596,0.4069762,0.4935354
vomit,P,word2vec_tiny_1_HOM,0.24443237,0.30636796,0.30504885,0.39012915,0.3298048,0.41233316
daytime,M,word2vec_tiny_1_HOM,0.33915272,0.36331168,0.4224351,0.45662352,0.4586958,0.4918782
scrawny,M,word2vec_tiny_1_HOM,0.28732902,0.28672472,0.32714927,0.30646744,0.34237844,0.31427994
fuss,P,word2vec_tiny_1_HOM,0.41618055,0.51789594,0.49522224,0.5627753,0.52390254,0.5662705
fiber,P,word2vec_tiny_1_HOM,0.25499523,0.33709076,0.33708513,0.3810872,0.37142417,0.4242423
fame,P,word2vec_tiny_1_HOM,0.26066726,0.31612608,0.3142346,0.3608719,0.3379496,0.38455448
mule,H,word2vec_tiny_1_HOM,0.29422662,0.35292,0.42304307,0.5404227,0.4820274,0.6257991
lagoon,P,word2vec_tiny_1_HOM,0.23800442,0.31177053,0.30614018,0.4039809,0.3330754,0.44030717
crank,P,word2vec_tiny_1_HOM,0.23589523,0.26202336,0.28029624,0.30727643,0.2984296,0.31615362
immediate,P,word2vec_tiny_1_HOM,0.23645517,0.29474217,0.2807826,0.34660834,0.2997766,0.36992228
letter,P,word2vec_tiny_1_HOM,0.27360362,0.4034142,0.4260597,0.5545035,0.4889099,0.6098692
distant,P,word2vec_tiny_1_HOM,0.4029924,0.5244898,0.50047565,0.61145496,0.533778,0.62219477
shrink,P,word2vec_tiny_1_HOM,0.37361437,0.5062765,0.51985836,0.67956626,0.5725687,0.71765333
upward,P,word2vec_tiny_1_HOM,0.24350023,0.32229066,0.2788982,0.355572,0.29630747,0.36898887
dip,P,word2vec_tiny_1_HOM,0.42898098,0.49304667,0.5046578,0.51654977,0.53279185,0.52224106
chest,P,word2vec_tiny_1_HOM,0.39052147,0.5080926,0.4929638,0.6350728,0.5332229,0.66553307
carefree,M,word2vec_tiny_1_HOM,0.3248289,0.4221435,0.3808175,0.44957763,0.401744,0.452387
slot,P,word2vec_tiny_1_HOM,0.36652413,0.43577766,0.45177582,0.55953205,0.4872322,0.5947265
campfire,P,word2vec_tiny_1_HOM,0.38308683,0.5000851,0.48105085,0.5915012,0.51332676,0.60106045
linen,P,word2vec_tiny_1_HOM,0.15428604,0.16230518,0.17747182,0.19270203,0.18824595,0.20661926
value,P,word2vec_tiny_1_HOM,0.3782664,0.4301646,0.4507149,0.40299192,0.47873595,0.41183946
beg,P,word2vec_tiny_1_HOM,0.39682597,0.50195986,0.4746682,0.53132427,0.5014177,0.5284876
shoulder,P,word2vec_tiny_1_HOM,0.3363492,0.42213097,0.4789636,0.58676565,0.5228453,0.6002347
cheerful,P,word2vec_tiny_1_HOM,0.28285813,0.37372443,0.44519383,0.5936748,0.50106674,0.62820226
jury,P,word2vec_tiny_1_HOM,0.3000101,0.34774262,0.37050873,0.4089457,0.3979371,0.44156122
roast,P,word2vec_tiny_1_HOM,0.36679235,0.40489876,0.46341524,0.48988155,0.4962169,0.5198719
restore,P,word2vec_tiny_1_HOM,0.35799652,0.50021887,0.49445212,0.6389096,0.54159474,0.6235839
classroom,M,word2vec_tiny_1_HOM,0.30754104,0.43800092,0.4532326,0.6032474,0.51032144,0.661467
dwarf,P,word2vec_tiny_1_HOM,0.30134687,0.30993113,0.3450575,0.3676888,0.3608577,0.38558453
cheek,P,word2vec_tiny_1_HOM,0.34435973,0.47983333,0.43432236,0.53109676,0.4706917,0.54421824
appetite,P,word2vec_tiny_1_HOM,0.38520783,0.41383865,0.44572636,0.46774516,0.46812874,0.47848076
recommend,P,word2vec_tiny_1_HOM,0.43729353,0.5825978,0.54616237,0.6590812,0.58597314,0.645588
powerful,P,word2vec_tiny_1_HOM,0.34400594,0.40975982,0.46103653,0.59089726,0.5031814,0.60609764
consistent,P,word2vec_tiny_1_HOM,0.13529393,0.14321586,0.17179064,0.18480092,0.18906227,0.20210545
serene,P,word2vec_tiny_1_HOM,0.23248148,0.29420045,0.3092715,0.39448258,0.33822614,0.43665615
squeaky,M,word2vec_tiny_1_HOM,0.19728525,0.22614743,0.32801408,0.4380413,0.39342183,0.5095113
wreath,P,word2vec_tiny_1_HOM,0.31169406,0.39889932,0.39715737,0.49591553,0.4314381,0.5312079
teacher,M,word2vec_tiny_1_HOM,0.3026483,0.43088365,0.4344161,0.53103864,0.47658223,0.5447786
fleet,H,word2vec_tiny_1_HOM,0.24475582,0.30077505,0.30798915,0.39166728,0.33465996,0.40579757
puddle,P,word2vec_tiny_1_HOM,0.32994992,0.41865543,0.47166944,0.6188253,0.5201808,0.65141827
despair,P,word2vec_tiny_1_HOM,0.24933286,0.32126385,0.311685,0.39391923,0.3373462,0.41966167
dirt,P,word2vec_tiny_1_HOM,0.35281765,0.4646549,0.45541373,0.5646072,0.49660423,0.59809065
pupil,H,word2vec_tiny_1_HOM,0.36836886,0.44541413,0.49788597,0.62837666,0.5412963,0.66771084
oasis,P,word2vec_tiny_1_HOM,0.34905913,0.43771136,0.46642628,0.61762273,0.5118302,0.65186894
silk,P,word2vec_tiny_1_HOM,0.31523705,0.4160174,0.38375628,0.4772407,0.41681126,0.52023077
pooch,M,word2vec_tiny_1_HOM,0.30496746,0.3528866,0.35536367,0.41785708,0.37967834,0.4319182
smash,P,word2vec_tiny_1_HOM,0.39876422,0.48946518,0.4738851,0.5719472,0.50316054,0.59070253
handsome,P,word2vec_tiny_1_HOM,0.45069808,0.5384541,0.54856235,0.630868,0.5787594,0.64298934
drift,P,word2vec_tiny_1_HOM,0.3505171,0.3815767,0.428624,0.4638785,0.45980343,0.4805584
slit,P,word2vec_tiny_1_HOM,0.21187088,0.26039922,0.26544234,0.31479052,0.28567776,0.32168436
obvious,P,word2vec_tiny_1_HOM,0.27573454,0.314281,0.32329637,0.36277124,0.34316406,0.39223677
candle,P,word2vec_tiny_1_HOM,0.33437595,0.4845947,0.44270846,0.6167212,0.48974693,0.6571603
chore,P,word2vec_tiny_1_HOM,0.3265124,0.3920239,0.4056176,0.44244796,0.43526933,0.44653052
ignore,M,word2vec_tiny_1_HOM,0.3659214,0.50385237,0.47664374,0.61376613,0.5172132,0.5882897
regal,P,word2vec_tiny_1_HOM,0.20602402,0.24006307,0.23417321,0.25551727,0.24558055,0.26768208
initial,P,word2vec_tiny_1_HOM,0.19199808,0.24288693,0.24550678,0.32598504,0.27170476,0.359993
hunger,P,word2vec_tiny_1_HOM,0.29840568,0.3811304,0.3744146,0.47265723,0.40496796,0.4741341
caramel,P,word2vec_tiny_1_HOM,0.1864241,0.23502617,0.25283083,0.31833613,0.2911642,0.35837916
windmill,P,word2vec_tiny_1_HOM,0.36289588,0.4494554,0.42071068,0.5123409,0.44485116,0.5269829
usher,P,word2vec_tiny_1_HOM,0.17405602,0.1999279,0.2079649,0.24143718,0.22081138,0.2539819
roller,P,word2vec_tiny_1_HOM,0.3582958,0.44944704,0.45424506,0.5394602,0.48981807,0.5729789
captivity,P,word2vec_tiny_1_HOM,0.16162911,0.16790077,0.18580271,0.1918722,0.19750938,0.20939216
venom,P,word2vec_tiny_1_HOM,0.27378067,0.3853635,0.33845633,0.45103613,0.368806,0.48330015
darn,H,word2vec_tiny_1_HOM,0.19562542,0.22161925,0.22722214,0.24391367,0.23930466,0.2600058
outdoor,M,word2vec_tiny_1_HOM,0.32436132,0.4219809,0.40077865,0.4852802,0.42978576,0.5091217
raft,H,word2vec_tiny_1_HOM,0.27127162,0.38176635,0.40468752,0.550272,0.46090713,0.62292194
outlook,P,word2vec_tiny_1_HOM,0.21748814,0.23543502,0.2657617,0.2862594,0.28766844,0.31447142
ketchup,M,word2vec_tiny_1_HOM,0.26880547,0.32497048,0.34328297,0.38754186,0.38030365,0.43021327
equation,P,word2vec_tiny_1_HOM,0.25781578,0.31383377,0.3198722,0.39176458,0.3459778,0.423592
novel,H,word2vec_tiny_1_HOM,0.23642468,0.3299972,0.4129304,0.55742186,0.4758546,0.6122204
salad,P,word2vec_tiny_1_HOM,0.21289751,0.31516704,0.29938388,0.42919403,0.34719232,0.4779187
newspaper,P,word2vec_tiny_1_HOM,0.31212467,0.352215,0.42891,0.5578413,0.481876,0.6246249
flask,P,word2vec_tiny_1_HOM,0.25304177,0.27221608,0.29840153,0.3247295,0.3200633,0.34865642
toothpaste,M,word2vec_tiny_1_HOM,0.30128747,0.40435985,0.38946927,0.50284594,0.42151055,0.5237248
nuisance,M,word2vec_tiny_1_HOM,0.26577914,0.32450318,0.30918542,0.34324878,0.3278685,0.36454144
disagree,P,word2vec_tiny_1_HOM,0.3951201,0.5300085,0.54116523,0.666234,0.58185804,0.66131616
racehorse,M,word2vec_tiny_1_HOM,0.2814439,0.34230584,0.33584335,0.403998,0.3556208,0.42270312
station,P,word2vec_tiny_1_HOM,0.3219353,0.43100753,0.41783062,0.5697628,0.4659191,0.6131414
entrance,H,word2vec_tiny_1_HOM,0.3595175,0.46942452,0.43320426,0.5287266,0.4626774,0.5266239
signature,P,word2vec_tiny_1_HOM,0.2813096,0.363825,0.34690204,0.4410434,0.3740995,0.46993712
bless,P,word2vec_tiny_1_HOM,0.44280678,0.4866581,0.52967256,0.5662256,0.5553818,0.55683976
hatch,H,word2vec_tiny_1_HOM,0.4267799,0.5150133,0.5494537,0.6620714,0.58907866,0.6624909
humorous,P,word2vec_tiny_1_HOM,0.16771431,0.197164,0.1935207,0.2333021,0.20344651,0.24293281
manual,P,word2vec_tiny_1_HOM,0.23177738,0.28663337,0.28420508,0.33632985,0.3075999,0.35464317
session,P,word2vec_tiny_1_HOM,0.2994732,0.32371348,0.37378696,0.4285417,0.40393355,0.46452823
freak,H,word2vec_tiny_1_HOM,0.14176199,0.1662714,0.16800296,0.19967376,0.17994426,0.21892971
gum,H,word2vec_tiny_1_HOM,0.3503572,0.42444554,0.44017774,0.5614531,0.47613618,0.6150982
ignorant,P,word2vec_tiny_1_HOM,0.38132954,0.4488021,0.49529126,0.6310751,0.54189676,0.67577064
curse,P,word2vec_tiny_1_HOM,0.3026808,0.35705125,0.36989704,0.42204243,0.40075734,0.4483128
dungeon,M,word2vec_tiny_1_HOM,0.3108042,0.36623168,0.39045584,0.42535406,0.41858605,0.45464575
allergy,M,word2vec_tiny_1_HOM,0.2866759,0.34927952,0.34497762,0.37176296,0.36724633,0.38025516
watchman,M,word2vec_tiny_1_HOM,0.28140083,0.2854936,0.32651398,0.34131342,0.34450492,0.3585761
downstream,P,word2vec_tiny_1_HOM,0.23319466,0.30204,0.30727485,0.40835977,0.3473541,0.45132276
brag,P,word2vec_tiny_1_HOM,0.35031676,0.40396804,0.430995,0.4393927,0.4612233,0.44554415
theme,P,word2vec_tiny_1_HOM,0.35213938,0.4088396,0.41779897,0.47210997,0.44552436,0.5077825
election,P,word2vec_tiny_1_HOM,0.20945556,0.2711619,0.25532094,0.33439964,0.2753635,0.35160723
karate,M,word2vec_tiny_1_HOM,0.2737283,0.3082907,0.34180316,0.40103477,0.3712245,0.4377732
extension,P,word2vec_tiny_1_HOM,0.20483537,0.19580312,0.2325656,0.21300794,0.24436349,0.22711958
sky,P,word2vec_tiny_1_HOM,0.3182571,0.4494822,0.43482265,0.5743812,0.4841055,0.60641617
cardboard,M,word2vec_tiny_1_HOM,0.36052203,0.48373267,0.45912102,0.60399145,0.5013027,0.6481748
pursue,P,word2vec_tiny_1_HOM,0.20909646,0.2520993,0.2743103,0.3175396,0.3010269,0.342135
discover,P,word2vec_tiny_1_HOM,0.39595145,0.53876877,0.51334196,0.6318422,0.554199,0.6319916
zip,H,word2vec_tiny_1_HOM,0.3895467,0.5104015,0.50643307,0.65089524,0.54195285,0.68077856
alligator,M,word2vec_tiny_1_HOM,0.22837444,0.33105814,0.36512235,0.50460285,0.42971975,0.57591003
dedication,P,word2vec_tiny_1_HOM,0.19958921,0.25292602,0.28686267,0.34452814,0.32345092,0.37466815
ownership,P,word2vec_tiny_1_HOM,0.22343771,0.22843558,0.2669463,0.3105352,0.2857914,0.33697662
crutch,P,word2vec_tiny_1_HOM,0.30048886,0.32973245,0.3513768,0.40451595,0.37618813,0.4288903
gross,P,word2vec_tiny_1_HOM,0.27320355,0.3738417,0.40180203,0.4832076,0.44906586,0.52739084
landlord,P,word2vec_tiny_1_HOM,0.14946398,0.1703672,0.1746449,0.19563694,0.18678081,0.20864332
behalf,P,word2vec_tiny_1_HOM,0.15358683,0.16641521,0.1787594,0.19699392,0.19120483,0.21012473
sorcerer,M,word2vec_tiny_1_HOM,0.24265364,0.33362597,0.29470453,0.38959658,0.31710804,0.40914655
fist,P,word2vec_tiny_1_HOM,0.3188115,0.37465304,0.39313012,0.4811564,0.4224946,0.508275
clubhouse,M,word2vec_tiny_1_HOM,0.3514935,0.40906283,0.4119133,0.46236435,0.43324485,0.47035143
coil,H,word2vec_tiny_1_HOM,0.3057533,0.39695895,0.37639886,0.48471093,0.40638244,0.5163134
godmother,M,word2vec_tiny_1_HOM,0.31155175,0.39458385,0.3811338,0.44977817,0.4127056,0.4688872
bait,P,word2vec_tiny_1_HOM,0.34754023,0.4546024,0.45535,0.5544011,0.49074897,0.5808395
activate,P,word2vec_tiny_1_HOM,0.2842411,0.36952937,0.34344593,0.45320866,0.36865586,0.47375596
difficult,P,word2vec_tiny_1_HOM,0.37961656,0.51363105,0.5122124,0.610647,0.54951036,0.59303993
tiara,P,word2vec_tiny_1_HOM,0.28090733,0.3685111,0.37983721,0.49144435,0.4283709,0.54762834
bleed,P,word2vec_tiny_1_HOM,0.30395374,0.37074432,0.40980312,0.5157824,0.45131236,0.54216635
valve,P,word2vec_tiny_1_HOM,0.27068138,0.3587309,0.35249817,0.47202876,0.3881241,0.5014093
express,P,word2vec_tiny_1_HOM,0.31095424,0.3251061,0.37821978,0.37911525,0.4045625,0.40633988
midnight,P,word2vec_tiny_1_HOM,0.3361691,0.3559806,0.39116088,0.4151713,0.41160783,0.43481505
sudden,P,word2vec_tiny_1_HOM,0.4768958,0.5279728,0.547855,0.54230016,0.5696565,0.5433899
taste,P,word2vec_tiny_1_HOM,0.31317607,0.38551772,0.38376874,0.41828114,0.4158648,0.43249708
tub,P,word2vec_tiny_1_HOM,0.3090874,0.40979445,0.4389478,0.5360102,0.48947617,0.5786891
pencil,P,word2vec_tiny_1_HOM,0.24060455,0.34596622,0.3755327,0.5208255,0.43837452,0.59923434
blend,P,word2vec_tiny_1_HOM,0.3653825,0.39310792,0.44096118,0.49011764,0.47290385,0.53350645
survive,P,word2vec_tiny_1_HOM,0.35828522,0.3860625,0.4225006,0.47195077,0.44963437,0.49156195
tent,P,word2vec_tiny_1_HOM,0.37843665,0.5085184,0.48488095,0.6426558,0.52676547,0.6804086
polite,P,word2vec_tiny_1_HOM,0.28771076,0.37695366,0.4489032,0.5919455,0.5101193,0.6090275
shower,H,word2vec_tiny_1_HOM,0.3561648,0.43390334,0.46577334,0.58984315,0.5118954,0.62847596
scold,P,word2vec_tiny_1_HOM,0.40405077,0.49583092,0.48461273,0.57225955,0.5133529,0.5800731
convenient,P,word2vec_tiny_1_HOM,0.10755756,0.14060234,0.13387334,0.17265935,0.14848371,0.19193958
tolerant,P,word2vec_tiny_1_HOM,0.1563441,0.17621884,0.20610006,0.22858584,0.23021217,0.25223827
pool,H,word2vec_tiny_1_HOM,0.28669974,0.3661662,0.41898444,0.5551926,0.47647133,0.61038166
hardship,P,word2vec_tiny_1_HOM,0.13516931,0.17190115,0.16203208,0.20146729,0.17434803,0.21858165
memento,M,word2vec_tiny_1_HOM,0.24880517,0.3003957,0.309888,0.33111808,0.33183387,0.3476786
belief,P,word2vec_tiny_1_HOM,0.23905106,0.26426896,0.30027503,0.33847725,0.32713968,0.37751895
locksmith,M,word2vec_tiny_1_HOM,0.31940675,0.3746674,0.38906902,0.4486872,0.4134925,0.46750703
polar,P,word2vec_tiny_1_HOM,0.34556627,0.47199258,0.44395533,0.56191015,0.48426682,0.58710325
handful,P,word2vec_tiny_1_HOM,0.36367053,0.43821347,0.45425946,0.5080414,0.48650038,0.5204213
picky,M,word2vec_tiny_1_HOM,0.38558248,0.46776816,0.4499647,0.47207963,0.47340307,0.4862824
sunglasses,M,word2vec_tiny_1_HOM,0.31235245,0.32662237,0.420746,0.5313802,0.4727587,0.5974888
rumble,P,word2vec_tiny_1_HOM,0.37340274,0.4299587,0.4644693,0.517877,0.49666846,0.5474988
obey,P,word2vec_tiny_1_HOM,0.316798,0.44536927,0.42056817,0.5131833,0.45666564,0.5144362
tofu,M,word2vec_tiny_1_HOM,0.30002087,0.34774703,0.3392308,0.3280658,0.3576471,0.37925223
stunt,H,word2vec_tiny_1_HOM,0.35256606,0.46511078,0.42012942,0.52695364,0.45063865,0.54937804
scream,P,word2vec_tiny_1_HOM,0.3344359,0.48250017,0.45953804,0.5796526,0.5049296,0.5879142
coaster,P,word2vec_tiny_1_HOM,0.3084759,0.39648166,0.40526024,0.49078745,0.44779646,0.5208423
cash,P,word2vec_tiny_1_HOM,0.2669589,0.34066886,0.3539722,0.44934872,0.3952062,0.48714674
mode,H,word2vec_tiny_1_HOM,0.29974678,0.3590146,0.3808203,0.4635129,0.4129657,0.505151
oblige,P,word2vec_tiny_1_HOM,0.3104704,0.33817786,0.3558805,0.38914868,0.37496993,0.41840318
swarm,H,word2vec_tiny_1_HOM,0.293943,0.37780684,0.37047043,0.46008185,0.4005579,0.4758623
compete,P,word2vec_tiny_1_HOM,0.3507266,0.43189543,0.43956044,0.5007768,0.47149125,0.53352636
footprint,M,word2vec_tiny_1_HOM,0.34852818,0.43803397,0.4056739,0.46521416,0.42609227,0.47662392
swell,P,word2vec_tiny_1_HOM,0.28229165,0.30946976,0.34905854,0.40413046,0.3801387,0.44512588
motor,P,word2vec_tiny_1_HOM,0.2508047,0.3510324,0.38536108,0.536708,0.43763477,0.5908367
maze,P,word2vec_tiny_1_HOM,0.38001603,0.46496573,0.5008606,0.6372736,0.5457153,0.669757
print,P,word2vec_tiny_1_HOM,0.3167935,0.42376027,0.44614276,0.5562771,0.49332374,0.6057935
patio,P,word2vec_tiny_1_HOM,0.32871088,0.41181365,0.38719583,0.4883946,0.4132039,0.51741564
oblivious,P,word2vec_tiny_1_HOM,0.24769981,0.2810668,0.28667822,0.32055464,0.30242497,0.3424818
stump,P,word2vec_tiny_1_HOM,0.2996713,0.3825596,0.37485242,0.4554666,0.4060558,0.4893398
downstairs,P,word2vec_tiny_1_HOM,0.4198412,0.5224287,0.52488875,0.6109603,0.5558231,0.5939794
lunchtime,M,word2vec_tiny_1_HOM,0.41931742,0.5123397,0.5216015,0.6162493,0.55647814,0.61317044
bird,P,word2vec_tiny_1_HOM,0.3378573,0.4529708,0.42909703,0.55546457,0.47563145,0.5981061
hitch,H,word2vec_tiny_1_HOM,0.2011213,0.20094103,0.2284095,0.22276743,0.24009822,0.2309457
unfriendly,P,word2vec_tiny_1_HOM,0.26471367,0.33821812,0.31658974,0.39570957,0.3390522,0.41260147
tortoise,P,word2vec_tiny_1_HOM,0.3130626,0.35827476,0.3741982,0.41335586,0.39993384,0.43884784
tomb,P,word2vec_tiny_1_HOM,0.23764518,0.23308712,0.26931006,0.25522095,0.28091353,0.26267782
scarecrow,P,word2vec_tiny_1_HOM,0.42126974,0.47673416,0.51184124,0.6071874,0.54727286,0.65658724
flop,P,word2vec_tiny_1_HOM,0.3314563,0.400168,0.40574458,0.50587755,0.43922016,0.5395755
rooster,M,word2vec_tiny_1_HOM,0.31567043,0.39354485,0.4113859,0.50481,0.46287215,0.5609957
horror,P,word2vec_tiny_1_HOM,0.34625563,0.41384244,0.42411786,0.49377647,0.4543027,0.524695
compassion,M,word2vec_tiny_1_HOM,0.22343162,0.26954162,0.29987866,0.35729703,0.3292423,0.3844844
confess,P,word2vec_tiny_1_HOM,0.14578636,0.15555254,0.16923577,0.1876618,0.18070725,0.20250821
newsstand,M,word2vec_tiny_1_HOM,0.19537078,0.23222095,0.22421612,0.2590667,0.2377613,0.26969033
tension,P,word2vec_tiny_1_HOM,0.22233577,0.29352292,0.2864722,0.3687693,0.31395996,0.40787303
homesick,M,word2vec_tiny_1_HOM,0.22310539,0.2596341,0.27857694,0.3063913,0.29914197,0.31643683
football,P,word2vec_tiny_1_HOM,0.28227884,0.41017395,0.43844125,0.5922172,0.49768785,0.64461976
poodle,M,word2vec_tiny_1_HOM,0.35396644,0.39009738,0.42044815,0.4771563,0.44705164,0.5016349
dangerous,M,word2vec_tiny_1_HOM,0.43709478,0.57257515,0.5213689,0.65039814,0.55169564,0.6293414
study,P,word2vec_tiny_1_HOM,0.36519462,0.51704425,0.4755444,0.616126,0.5214397,0.6485789
explode,P,word2vec_tiny_1_HOM,0.32081795,0.39334747,0.42264953,0.4990411,0.46382323,0.5432621
distinct,P,word2vec_tiny_1_HOM,0.2029598,0.22095524,0.23620301,0.25082245,0.25016943,0.26438966
crummy,P,word2vec_tiny_1_HOM,0.1806952,0.18239051,0.21004201,0.20445317,0.22233942,0.21942398
choice,P,word2vec_tiny_1_HOM,0.41795784,0.4732297,0.49589568,0.5088322,0.52025825,0.5032049
carnival,P,word2vec_tiny_1_HOM,0.33777562,0.45764396,0.41173422,0.5202701,0.44090214,0.53103304
slop,P,word2vec_tiny_1_HOM,0.2459425,0.30256695,0.3169426,0.38890076,0.34739375,0.41531143
secretary,P,word2vec_tiny_1_HOM,0.2512008,0.25717807,0.30028096,0.2969053,0.32014993,0.30470672
thump,P,word2vec_tiny_1_HOM,0.34208196,0.43543926,0.4290281,0.50280595,0.46193996,0.5313299
vest,P,word2vec_tiny_1_HOM,0.19733904,0.2920571,0.36637425,0.5228582,0.43806684,0.5986398
fireplace,P,word2vec_tiny_1_HOM,0.37890944,0.500504,0.4819849,0.6285345,0.52978057,0.67706585
measure,P,word2vec_tiny_1_HOM,0.35728264,0.5096153,0.49208412,0.6411921,0.53525573,0.66767937
pyramid,P,word2vec_tiny_1_HOM,0.34448618,0.4380056,0.4079441,0.49796885,0.4337521,0.514986
duck,H,word2vec_tiny_1_HOM,0.24534693,0.35690618,0.37467492,0.5228805,0.4366766,0.5932201
foot,P,word2vec_tiny_1_HOM,0.30909878,0.3982275,0.46423382,0.57302463,0.51689416,0.62412703
dictionary,P,word2vec_tiny_1_HOM,0.26196247,0.33780602,0.40828106,0.55134296,0.46984565,0.6111224
disguise,P,word2vec_tiny_1_HOM,0.4351883,0.45908374,0.4966642,0.5164865,0.5217707,0.5285588
mosquito,M,word2vec_tiny_1_HOM,0.30880085,0.37700695,0.44693652,0.55321926,0.5006913,0.60453284
butter,P,word2vec_tiny_1_HOM,0.22208545,0.30390525,0.3315002,0.43994945,0.37806946,0.46615338
horizon,P,word2vec_tiny_1_HOM,0.3400121,0.39192688,0.39419177,0.4667802,0.42198098,0.49511567
blaze,H,word2vec_tiny_1_HOM,0.3791609,0.45003378,0.440933,0.5230794,0.46562123,0.5411431
student,P,word2vec_tiny_1_HOM,0.30415744,0.41592202,0.3806028,0.47557598,0.41189942,0.4873889
build,P,word2vec_tiny_1_HOM,0.35613337,0.5073815,0.47820488,0.6319469,0.52984613,0.6598336
incident,P,word2vec_tiny_1_HOM,0.29817668,0.34064704,0.34433967,0.37496778,0.36253914,0.3929292
aside,P,word2vec_tiny_1_HOM,0.4578282,0.5303453,0.52392673,0.5801536,0.54768306,0.5866593
unlikely,P,word2vec_tiny_1_HOM,0.27866647,0.31050342,0.35168847,0.3705052,0.38554916,0.40628144
picnic,P,word2vec_tiny_1_HOM,0.3715178,0.49108994,0.4912191,0.60284084,0.53644484,0.6313567
pasture,P,word2vec_tiny_1_HOM,0.2899115,0.38137758,0.38133374,0.48046622,0.41660732,0.5072233
group,P,word2vec_tiny_1_HOM,0.42273372,0.56059813,0.5117649,0.6194354,0.54055154,0.62597346
precious,P,word2vec_tiny_1_HOM,0.38171285,0.42608634,0.4480694,0.46922597,0.46862367,0.48795527
portal,P,word2vec_tiny_1_HOM,0.25833425,0.31184924,0.34851727,0.43157905,0.379525,0.45962816
outdoors,P,word2vec_tiny_1_HOM,0.3548976,0.48637557,0.44168147,0.5039866,0.47376692,0.4852448
toil,H,word2vec_tiny_1_HOM,0.30717367,0.33747238,0.35660964,0.38395616,0.37540618,0.39647332
monitor,P,word2vec_tiny_1_HOM,0.30231255,0.36842048,0.35432678,0.43313423,0.37307572,0.44718453
dilemma,P,word2vec_tiny_1_HOM,0.2537061,0.3238457,0.29758856,0.37430385,0.31611407,0.39638463
gadget,M,word2vec_tiny_1_HOM,0.33271414,0.426509,0.38634914,0.49228892,0.412643,0.5091368
sample,P,word2vec_tiny_1_HOM,0.22361723,0.2602542,0.2864351,0.357524,0.3158655,0.40156996
donation,P,word2vec_tiny_1_HOM,0.28076893,0.35327998,0.35532895,0.43215126,0.38587213,0.46414712
staple,H,word2vec_tiny_1_HOM,0.22890124,0.29710418,0.28299993,0.37365514,0.31556168,0.40869957
drain,P,word2vec_tiny_1_HOM,0.32456708,0.4400483,0.4558521,0.61062753,0.50764906,0.6624173
generator,P,word2vec_tiny_1_HOM,0.26428217,0.3424283,0.32295945,0.4181311,0.3499261,0.45209184
success,P,word2vec_tiny_1_HOM,0.3537032,0.38735828,0.41397965,0.43147734,0.4410196,0.45254862
witness,P,word2vec_tiny_1_HOM,0.2699877,0.31836385,0.32532012,0.39616334,0.3522036,0.42046455
thumb,P,word2vec_tiny_1_HOM,0.32873148,0.44493467,0.4472406,0.60156095,0.49050218,0.6377249
velvet,P,word2vec_tiny_1_HOM,0.33683714,0.45731452,0.4477588,0.6094027,0.49132812,0.63896024
stingy,P,word2vec_tiny_1_HOM,0.33004203,0.37158942,0.39458072,0.44244477,0.42212933,0.46179062
parade,P,word2vec_tiny_1_HOM,0.30945164,0.41821,0.4379745,0.599123,0.48821896,0.65455216
necklace,M,word2vec_tiny_1_HOM,0.26074782,0.37943825,0.3860497,0.54232585,0.4448591,0.5962693
doghouse,M,word2vec_tiny_1_HOM,0.3751083,0.40172273,0.44113788,0.47826627,0.46436805,0.51099944
arise,P,word2vec_tiny_1_HOM,0.16971765,0.19871704,0.2064356,0.22341885,0.22578663,0.26085863
hairdo,M,word2vec_tiny_1_HOM,0.2798524,0.33852798,0.33269477,0.36225834,0.35283932,0.35760343
cook,P,word2vec_tiny_1_HOM,0.3122901,0.41513473,0.4353219,0.536499,0.48256776,0.5615208
carpet,P,word2vec_tiny_1_HOM,0.31624454,0.40614596,0.4461846,0.5857545,0.49814427,0.64277154
highlight,P,word2vec_tiny_1_HOM,0.28753933,0.33165276,0.33790386,0.3762841,0.3592904,0.38956925
grizzly,P,word2vec_tiny_1_HOM,0.30224812,0.36748436,0.37343258,0.44777492,0.4059642,0.4744253
blank,P,word2vec_tiny_1_HOM,0.31612602,0.3696028,0.41214666,0.51063424,0.45673844,0.5609889
dopey,P,word2vec_tiny_1_HOM,0.25579494,0.25184327,0.2943473,0.28265306,0.31091818,0.28800324
shaker,P,word2vec_tiny_1_HOM,0.35585624,0.38880435,0.4385218,0.47357997,0.47970596,0.52805823
phrase,P,word2vec_tiny_1_HOM,0.34114772,0.40403244,0.41437298,0.46418858,0.43837845,0.47504357
perfection,P,word2vec_tiny_1_HOM,0.27246076,0.29190627,0.33524293,0.36665127,0.36043808,0.41674155
shatter,P,word2vec_tiny_1_HOM,0.26962572,0.3552685,0.37922207,0.4744389,0.41212296,0.5042543
quarrel,P,word2vec_tiny_1_HOM,0.35441813,0.4910932,0.5257584,0.6461914,0.5749662,0.64221174
dummy,P,word2vec_tiny_1_HOM,0.19790848,0.18880339,0.22843395,0.21609138,0.24135917,0.22956027
bridge,H,word2vec_tiny_1_HOM,0.33656278,0.4328248,0.46189743,0.6211836,0.5098714,0.66237307
grind,P,word2vec_tiny_1_HOM,0.2968735,0.3975754,0.39169788,0.47975352,0.42689118,0.49935395
puzzle,P,word2vec_tiny_1_HOM,0.37769443,0.48297095,0.4686581,0.57913953,0.5087368,0.62263334
skunk,P,word2vec_tiny_1_HOM,0.3912104,0.49068898,0.47261432,0.561609,0.5039348,0.58542
compliment,P,word2vec_tiny_1_HOM,0.39936522,0.41349947,0.4544878,0.4479942,0.47402737,0.44956303
hoot,P,word2vec_tiny_1_HOM,0.29461518,0.36037612,0.43743584,0.4967477,0.4883885,0.5628283
pilot,P,word2vec_tiny_1_HOM,0.33114487,0.4312399,0.46038464,0.6244802,0.51309365,0.6671918
harsh,P,word2vec_tiny_1_HOM,0.4155817,0.5288496,0.5174191,0.63023573,0.5514177,0.60809416
simple,P,word2vec_tiny_1_HOM,0.376766,0.35247898,0.43187004,0.40746146,0.45177737,0.4315253
gel,P,word2vec_tiny_1_HOM,0.25671938,0.35512692,0.32730284,0.45455435,0.36208686,0.48651588
belly,P,word2vec_tiny_1_HOM,0.37426046,0.49453104,0.47251737,0.541371,0.51016206,0.5599969
traffic,P,word2vec_tiny_1_HOM,0.36008734,0.4404289,0.45326072,0.5461496,0.49325585,0.59656495
rash,H,word2vec_tiny_1_HOM,0.2642787,0.33951196,0.35376036,0.45180783,0.39564514,0.4907089
cross,P,word2vec_tiny_1_HOM,0.39031494,0.51057094,0.49703786,0.6350959,0.5369007,0.66858107
style,P,word2vec_tiny_1_HOM,0.36144537,0.4329512,0.45407408,0.5674296,0.49608147,0.6153837
pad,H,word2vec_tiny_1_HOM,0.48159963,0.5243547,0.569995,0.624248,0.60006356,0.6615602
oatmeal,P,word2vec_tiny_1_HOM,0.23509988,0.3005581,0.3013129,0.36248466,0.33191422,0.39362943
delight,P,word2vec_tiny_1_HOM,0.24658029,0.34989753,0.3763587,0.47008842,0.41204667,0.48171255
trapeze,M,word2vec_tiny_1_HOM,0.3109073,0.37427875,0.37964353,0.44500923,0.4080628,0.46751064
solemn,P,word2vec_tiny_1_HOM,0.22112331,0.26539955,0.2553665,0.31625932,0.26982698,0.33320394
stomach,P,word2vec_tiny_1_HOM,0.3497837,0.4556454,0.47222748,0.54435986,0.5176598,0.58107144
feeble,P,word2vec_tiny_1_HOM,0.19523394,0.22515495,0.22567345,0.2542597,0.23823816,0.26536095
diaper,P,word2vec_tiny_1_HOM,0.3784586,0.45363212,0.45779485,0.51603615,0.486161,0.5436718
expertise,M,word2vec_tiny_1_HOM,0.17515436,0.22084956,0.20808253,0.26765433,0.22441709,0.2791511
army,P,word2vec_tiny_1_HOM,0.3514606,0.4229799,0.43391556,0.5091796,0.4709459,0.5448764
roadside,P,word2vec_tiny_1_HOM,0.29696465,0.37697467,0.34157503,0.4180795,0.36157414,0.435864
tribe,P,word2vec_tiny_1_HOM,0.27646688,0.3147199,0.33129176,0.3854217,0.35361785,0.40769237
opinion,P,word2vec_tiny_1_HOM,0.45686683,0.5769379,0.5426424,0.6490626,0.57281846,0.62491757
float,P,word2vec_tiny_1_HOM,0.3820704,0.52319926,0.49348527,0.6284085,0.5356949,0.6646953
challenge,P,word2vec_tiny_1_HOM,0.29923788,0.38523957,0.37745598,0.46230674,0.4080691,0.4790157
lonely,P,word2vec_tiny_1_HOM,0.3525387,0.4269484,0.49385777,0.6189889,0.544721,0.64003426
bliss,P,word2vec_tiny_1_HOM,0.24061915,0.2771393,0.28603843,0.32334843,0.30868182,0.353666
sauce,P,word2vec_tiny_1_HOM,0.2113606,0.31320432,0.3178527,0.44423527,0.3691349,0.48486835
contagious,P,word2vec_tiny_1_HOM,0.26516905,0.30060095,0.33737957,0.36840856,0.36482063,0.39773044
inventor,M,word2vec_tiny_1_HOM,0.30442175,0.36194274,0.36821887,0.43949234,0.39545974,0.45252702
tradition,P,word2vec_tiny_1_HOM,0.30836815,0.33918092,0.38014808,0.40006557,0.4079383,0.42901817
cheap,P,word2vec_tiny_1_HOM,0.3642378,0.51355916,0.48038784,0.63558537,0.5243711,0.64209414
fantastic,P,word2vec_tiny_1_HOM,0.32289058,0.42689782,0.41548118,0.48986268,0.44266534,0.49757564
delicious,P,word2vec_tiny_1_HOM,0.25896472,0.35680923,0.33829784,0.40069216,0.3720564,0.43941197
frail,H,word2vec_tiny_1_HOM,0.26339802,0.32251495,0.3158822,0.38322055,0.3379413,0.39963707
funnel,P,word2vec_tiny_1_HOM,0.26910105,0.3683256,0.3473394,0.47748038,0.38321888,0.5183606
immense,P,word2vec_tiny_1_HOM,0.2303365,0.2874073,0.28757384,0.3565893,0.31573725,0.3906449
hedge,P,word2vec_tiny_1_HOM,0.34600148,0.4873133,0.445729,0.6020549,0.4960251,0.6595429
uncertain,P,word2vec_tiny_1_HOM,0.2640168,0.34998176,0.33681843,0.42527002,0.36232543,0.44832408
temptation,P,word2vec_tiny_1_HOM,0.34276432,0.42191368,0.40258256,0.4622958,0.42856452,0.47148827
jail,P,word2vec_tiny_1_HOM,0.40892798,0.5212283,0.5027195,0.63513654,0.5456751,0.6810287
spectacle,P,word2vec_tiny_1_HOM,0.28179985,0.35213578,0.33484027,0.39322394,0.35258895,0.41132823
depend,P,word2vec_tiny_1_HOM,0.42872992,0.43610367,0.52370447,0.47199395,0.55008084,0.46622974
diner,P,word2vec_tiny_1_HOM,0.2895823,0.3940591,0.3665417,0.45629033,0.3944333,0.4678838
composer,M,word2vec_tiny_1_HOM,0.2202594,0.25833043,0.25702286,0.29409078,0.2720924,0.3014689
space,P,word2vec_tiny_1_HOM,0.40442696,0.4673364,0.5078856,0.6302002,0.54573023,0.67078733
hip,H,word2vec_tiny_1_HOM,0.3305725,0.4079956,0.3908913,0.49508554,0.41298652,0.49004307
fix,P,word2vec_tiny_1_HOM,0.34331742,0.49746796,0.4830671,0.62209773,0.53012705,0.6261595
persist,P,word2vec_tiny_1_HOM,0.19373347,0.2074275,0.24251902,0.25128192,0.2648946,0.27106768
postal,P,word2vec_tiny_1_HOM,0.28695956,0.36328575,0.36828065,0.4606187,0.4010732,0.48432094
outrun,P,word2vec_tiny_1_HOM,0.311828,0.33576295,0.3803957,0.43299183,0.407788,0.45692232
serve,P,word2vec_tiny_1_HOM,0.3511641,0.48413813,0.49169978,0.6578554,0.54103416,0.6897032
range,P,word2vec_tiny_1_HOM,0.3566472,0.45075282,0.41213062,0.4934827,0.43618816,0.5132748
foolish,P,word2vec_tiny_1_HOM,0.30486864,0.40741822,0.45459703,0.6074944,0.50678015,0.63013005
dresser,H,word2vec_tiny_1_HOM,0.36153477,0.48497564,0.45875892,0.6174054,0.49888498,0.6460062
vandalism,M,word2vec_tiny_1_HOM,0.18185888,0.18747139,0.21651338,0.21389484,0.23361912,0.22992612
explosive,P,word2vec_tiny_1_HOM,0.28043586,0.365857,0.3384613,0.40530485,0.35957348,0.41731972
client,P,word2vec_tiny_1_HOM,0.29683676,0.34630954,0.35832942,0.42506835,0.38551354,0.44089785
thrive,P,word2vec_tiny_1_HOM,0.25183347,0.3258322,0.32676724,0.43979374,0.35830706,0.45611495
blah,P,word2vec_tiny_1_HOM,0.24132638,0.2845712,0.31267953,0.39667973,0.3490652,0.44016925
compromise,P,word2vec_tiny_1_HOM,0.3650502,0.4298374,0.43569347,0.47136214,0.46258795,0.49139595
cucumber,P,word2vec_tiny_1_HOM,0.26097655,0.31999946,0.35079947,0.39456964,0.38900897,0.44398558
illness,P,word2vec_tiny_1_HOM,0.22876418,0.31034338,0.3059731,0.38007447,0.33750468,0.4076609
calcium,P,word2vec_tiny_1_HOM,0.23415768,0.29381502,0.30620664,0.37887993,0.33437616,0.42101493
iceberg,P,word2vec_tiny_1_HOM,0.28103918,0.3299539,0.34813115,0.4314761,0.37880668,0.4634791
arm,H,word2vec_tiny_1_HOM,0.29137388,0.3698769,0.41991004,0.5306498,0.46617168,0.5791958
vanishing,P,word2vec_tiny_1_HOM,0.36693436,0.45590866,0.44296196,0.48071268,0.46708938,0.49833348
faucet,M,word2vec_tiny_1_HOM,0.3179184,0.43494156,0.4464178,0.5920581,0.49973288,0.63655645
shudder,P,word2vec_tiny_1_HOM,0.22089708,0.2933179,0.2644621,0.3400759,0.2844018,0.36170718
arcade,P,word2vec_tiny_1_HOM,0.26663202,0.24351841,0.3054423,0.2772186,0.3210902,0.27607572
mission,P,word2vec_tiny_1_HOM,0.356969,0.44748893,0.4382477,0.51000977,0.46585372,0.517045
uneasy,P,word2vec_tiny_1_HOM,0.27023974,0.32656354,0.35118493,0.4123022,0.38255283,0.44102594
anxiety,P,word2vec_tiny_1_HOM,0.20699613,0.27868244,0.28124997,0.35970852,0.31274727,0.38771495
savior,P,word2vec_tiny_1_HOM,0.16632439,0.1770458,0.19320817,0.20628017,0.20385116,0.22045933
muddy,P,word2vec_tiny_1_HOM,0.35465363,0.47052482,0.49415904,0.6113419,0.5368002,0.6253326
thunder,P,word2vec_tiny_1_HOM,0.2951507,0.40724507,0.41250747,0.516941,0.46083927,0.54763526
pose,H,word2vec_tiny_1_HOM,0.4019029,0.43214676,0.48661262,0.5333421,0.51775897,0.55603904
bounce,P,word2vec_tiny_1_HOM,0.3175071,0.46823084,0.47702438,0.6552037,0.53181845,0.695257
total,P,word2vec_tiny_1_HOM,0.35263,0.37151757,0.43167648,0.49409604,0.46923253,0.5472502
lesson,P,word2vec_tiny_1_HOM,0.40973788,0.40624845,0.47441956,0.42861572,0.49605247,0.4181931
judge,P,word2vec_tiny_1_HOM,0.42123485,0.5293009,0.5065323,0.5597117,0.53371805,0.56256366
female,P,word2vec_tiny_1_HOM,0.32279992,0.40831104,0.4078123,0.511746,0.43911362,0.5297812
scrapbook,M,word2vec_tiny_1_HOM,0.22941482,0.26777,0.27838108,0.3143149,0.29762048,0.3223031
pistol,P,word2vec_tiny_1_HOM,0.2577803,0.36409718,0.3974344,0.55848944,0.4558896,0.62157273
hamster,M,word2vec_tiny_1_HOM,0.37677264,0.44463578,0.44400147,0.5146758,0.47538552,0.5428087
dissolve,P,word2vec_tiny_1_HOM,0.21602218,0.2877383,0.28067178,0.37550542,0.31578755,0.42528042
chick,P,word2vec_tiny_1_HOM,0.26434526,0.33898985,0.37743586,0.5085946,0.44084603,0.58431053
squash,H,word2vec_tiny_1_HOM,0.20075038,0.2817759,0.3534323,0.48627445,0.4231389,0.56824285
amusement,P,word2vec_tiny_1_HOM,0.3533774,0.40382645,0.40667987,0.45197734,0.42917332,0.46820858
gazelle,M,word2vec_tiny_1_HOM,0.27465957,0.30347162,0.34594876,0.41270235,0.3737534,0.44431022
pile,H,word2vec_tiny_1_HOM,0.39363724,0.52663094,0.49509132,0.62427044,0.53529936,0.65787405
loser,P,word2vec_tiny_1_HOM,0.33552447,0.40491217,0.43236497,0.4742082,0.46227318,0.48409453
boast,P,word2vec_tiny_1_HOM,0.25418586,0.27838635,0.32655275,0.33080557,0.35749963,0.36281422
clasp,P,word2vec_tiny_1_HOM,0.27269742,0.38649637,0.3518412,0.4788399,0.38653377,0.5157731
permission,P,word2vec_tiny_1_HOM,0.3937316,0.49239254,0.4747201,0.5135991,0.5004822,0.51052576
lover,P,word2vec_tiny_1_HOM,0.35691252,0.37941605,0.4031296,0.44070986,0.42295983,0.44263813
starter,P,word2vec_tiny_1_HOM,0.31874865,0.33588046,0.370298,0.40912443,0.39458892,0.43791625
pro,H,word2vec_tiny_1_HOM,0.35674816,0.37645587,0.4550391,0.4858666,0.48900926,0.5125386
sleeper,P,word2vec_tiny_1_HOM,0.2526068,0.23692513,0.2882484,0.25568518,0.30168208,0.2651974
poverty,P,word2vec_tiny_1_HOM,0.1887908,0.21241856,0.22449996,0.2563267,0.2430629,0.27396524
random,P,word2vec_tiny_1_HOM,0.30648178,0.37360078,0.3675663,0.45207563,0.3967161,0.48805
chorus,P,word2vec_tiny_1_HOM,0.29591513,0.32343566,0.38497242,0.4642174,0.42014775,0.506958
indoor,M,word2vec_tiny_1_HOM,0.34312963,0.36941066,0.411653,0.45228854,0.43977496,0.4650495
projector,M,word2vec_tiny_1_HOM,0.34318963,0.46518984,0.42057735,0.5402083,0.45438197,0.55170655
staff,H,word2vec_tiny_1_HOM,0.35015836,0.44094145,0.47259006,0.6141463,0.51258516,0.6498041
unattended,M,word2vec_tiny_1_HOM,0.31599924,0.31172073,0.37352437,0.33866972,0.39668283,0.36578685
torch,P,word2vec_tiny_1_HOM,0.34032422,0.39228982,0.40509564,0.46212387,0.4294716,0.47341615
smug,M,word2vec_tiny_1_HOM,0.34903693,0.37600958,0.40452293,0.44752988,0.43196592,0.4907833
official,P,word2vec_tiny_1_HOM,0.25869727,0.32456154,0.31785834,0.40454566,0.34713173,0.4362462
gown,P,word2vec_tiny_1_HOM,0.29998258,0.31608516,0.3864095,0.46228585,0.4277777,0.5280612
plunge,P,word2vec_tiny_1_HOM,0.33345693,0.39240155,0.40285084,0.45561367,0.42809403,0.4733223
coach,P,word2vec_tiny_1_HOM,0.39348096,0.47694528,0.48124808,0.5474869,0.5117076,0.5568857
rude,P,word2vec_tiny_1_HOM,0.31763822,0.45331684,0.4480995,0.60409707,0.50013673,0.610088
church,P,word2vec_tiny_1_HOM,0.310055,0.3971513,0.43371883,0.596412,0.49013633,0.66268563
assignment,P,word2vec_tiny_1_HOM,0.25914103,0.3377289,0.31115603,0.3943528,0.33484843,0.41500777
ominous,P,word2vec_tiny_1_HOM,0.20285161,0.27839997,0.27356252,0.37641782,0.30389604,0.40885705
rock,H,word2vec_tiny_1_HOM,0.3347179,0.42403647,0.45291242,0.5980497,0.4990136,0.6513351
strawberry,P,word2vec_tiny_1_HOM,0.24115439,0.30732056,0.35533008,0.46425772,0.40856883,0.50683177
attendant,P,word2vec_tiny_1_HOM,0.3235924,0.4142585,0.39419764,0.46319273,0.41940063,0.46014413
invitation,P,word2vec_tiny_1_HOM,0.38550916,0.4993595,0.5008042,0.624928,0.5435461,0.6517204
gossip,P,word2vec_tiny_1_HOM,0.18577316,0.20652996,0.21803646,0.2213279,0.23090813,0.24064288
gloss,H,word2vec_tiny_1_HOM,0.30048975,0.37935403,0.3610442,0.45031908,0.38837653,0.46912915
rot,P,word2vec_tiny_1_HOM,0.394409,0.5212825,0.513209,0.6250524,0.5526036,0.6305528
possess,P,word2vec_tiny_1_HOM,0.19064096,0.22651048,0.23194556,0.29001558,0.25322378,0.31042823
lottery,P,word2vec_tiny_1_HOM,0.3137719,0.35673112,0.3702194,0.429843,0.39533234,0.45232168
invaluable,M,word2vec_tiny_1_HOM,0.14234412,0.15352657,0.17478737,0.20178965,0.19426143,0.2225677
jiffy,M,word2vec_tiny_1_HOM,0.30883175,0.3602031,0.3504245,0.39929664,0.36681244,0.4107344
hermit,P,word2vec_tiny_1_HOM,0.3176282,0.3876197,0.39860588,0.4765918,0.43787274,0.51118374
token,P,word2vec_tiny_1_HOM,0.29701105,0.35365734,0.3550997,0.4051071,0.38281387,0.42673218
telephone,P,word2vec_tiny_1_HOM,0.32432,0.4284104,0.43287075,0.56220365,0.4858999,0.6268418
complain,P,word2vec_tiny_1_HOM,0.38409942,0.526698,0.5175725,0.68086535,0.55618566,0.6789708
atop,P,word2vec_tiny_1_HOM,0.33187595,0.39177597,0.41810557,0.4854895,0.45248145,0.50538826
orphan,P,word2vec_tiny_1_HOM,0.261641,0.27674067,0.29833007,0.30304596,0.31241798,0.31581378
harp,P,word2vec_tiny_1_HOM,0.30933356,0.35711575,0.38429767,0.44598573,0.41958007,0.49163795
folly,P,word2vec_tiny_1_HOM,0.32700473,0.37244537,0.3954122,0.48752,0.42991868,0.5309617
joke,P,word2vec_tiny_1_HOM,0.41426578,0.54495525,0.50593084,0.6125854,0.53677833,0.60854757
bald,P,word2vec_tiny_1_HOM,0.335496,0.45238152,0.4717851,0.61696106,0.5161716,0.634521
fuzzy,P,word2vec_tiny_1_HOM,0.34998512,0.44077668,0.42551476,0.5301234,0.45727128,0.5703407
sword,P,word2vec_tiny_1_HOM,0.28304288,0.4327331,0.40565413,0.56757694,0.4545249,0.6177832
paperwork,M,word2vec_tiny_1_HOM,0.2794493,0.37358055,0.3324355,0.41457656,0.3558197,0.42519677
library,P,word2vec_tiny_1_HOM,0.32256562,0.4728579,0.42989177,0.59931934,0.4797953,0.6346726
third,P,word2vec_tiny_1_HOM,0.46777448,0.51658934,0.5634784,0.638775,0.5969464,0.6686419
nightfall,M,word2vec_tiny_1_HOM,0.33424735,0.41975197,0.4111472,0.4627076,0.43576223,0.48043868
sprinkle,P,word2vec_tiny_1_HOM,0.34794894,0.38989022,0.4189901,0.4557706,0.44842446,0.4911898
unfamiliar,P,word2vec_tiny_1_HOM,0.33455256,0.386355,0.40751347,0.45849913,0.43554398,0.482345
ferret,P,word2vec_tiny_1_HOM,0.3083356,0.35874438,0.3631547,0.4138793,0.38758972,0.4335549
complaint,P,word2vec_tiny_1_HOM,0.28312856,0.34637618,0.33255145,0.40623954,0.35109994,0.4171701
inch,P,word2vec_tiny_1_HOM,0.44372934,0.4707223,0.53606206,0.6256469,0.5667134,0.6629687
banker,H,word2vec_tiny_1_HOM,0.19101587,0.20459354,0.2226574,0.23694693,0.2352839,0.24888696
convince,M,word2vec_tiny_1_HOM,0.28960198,0.32896188,0.39797515,0.44936386,0.44219586,0.48394918
peasant,P,word2vec_tiny_1_HOM,0.27259552,0.35142967,0.32745862,0.40743735,0.35068953,0.42951328
fiery,P,word2vec_tiny_1_HOM,0.33820292,0.33974883,0.41427287,0.45426768,0.44543377,0.4790187
entire,P,word2vec_tiny_1_HOM,0.38198334,0.43669486,0.45117217,0.49179932,0.47360662,0.5060566
file,H,word2vec_tiny_1_HOM,0.27389258,0.3339789,0.38861898,0.5418119,0.44333327,0.60562336
admiration,P,word2vec_tiny_1_HOM,0.29733467,0.3965631,0.37080333,0.4507219,0.4020665,0.46944135
awake,P,word2vec_tiny_1_HOM,0.4127679,0.44269988,0.5002073,0.53183603,0.53230315,0.54580784
toast,H,word2vec_tiny_1_HOM,0.21841428,0.28046694,0.34107143,0.4389516,0.40040877,0.4830685
reaction,P,word2vec_tiny_1_HOM,0.35936025,0.40170348,0.41587573,0.45857656,0.43771476,0.46370548
quest,P,word2vec_tiny_1_HOM,0.33111137,0.43655527,0.42846107,0.51188076,0.46175426,0.5147812
yogurt,M,word2vec_tiny_1_HOM,0.23776598,0.31330806,0.33224776,0.44746026,0.38499632,0.49408898
common,P,word2vec_tiny_1_HOM,0.4465258,0.43232164,0.51997143,0.49498194,0.54401773,0.5215704
fluff,P,word2vec_tiny_1_HOM,0.36991823,0.46170723,0.47416526,0.58779573,0.50866425,0.61641777
rich,P,word2vec_tiny_1_HOM,0.33992612,0.48232165,0.4692258,0.59107727,0.5106297,0.5997117
aroma,P,word2vec_tiny_1_HOM,0.2743583,0.30476192,0.35642362,0.38348317,0.39249596,0.41232198
model,P,word2vec_tiny_1_HOM,0.3924393,0.4902983,0.48523846,0.6068095,0.5237781,0.6429083
social,P,word2vec_tiny_1_HOM,0.28036743,0.31651002,0.33815312,0.34268695,0.3624682,0.37275696
unsolved,M,word2vec_tiny_1_HOM,0.30554235,0.34746495,0.3752575,0.42635024,0.40173677,0.439879
pregnant,P,word2vec_tiny_1_HOM,0.20646632,0.20765352,0.23945351,0.24509001,0.25245813,0.25511464
disturb,P,word2vec_tiny_1_HOM,0.3673281,0.4848686,0.5020086,0.6264452,0.5470627,0.6262775
peel,H,word2vec_tiny_1_HOM,0.3996332,0.4072689,0.48193526,0.48938468,0.5146839,0.5339514
puff,P,word2vec_tiny_1_HOM,0.4070553,0.43498623,0.47730374,0.50894725,0.50391364,0.53765714
heartache,M,word2vec_tiny_1_HOM,0.18469462,0.2309203,0.22693571,0.2911853,0.24674428,0.31454197
brain,P,word2vec_tiny_1_HOM,0.41166568,0.5655453,0.5166095,0.6739452,0.5502479,0.6859244
cigarette,M,word2vec_tiny_1_HOM,0.31375152,0.4120015,0.4124474,0.5078,0.44605583,0.5466784
grief,P,word2vec_tiny_1_HOM,0.22931245,0.27131274,0.28788826,0.3447724,0.31516322,0.37675416
bungalow,M,word2vec_tiny_1_HOM,0.24377076,0.2425187,0.2788414,0.26233175,0.2935797,0.27441573
union,P,word2vec_tiny_1_HOM,0.21487935,0.2606014,0.2595136,0.29589504,0.2782598,0.30997506
bathe,P,word2vec_tiny_1_HOM,0.35784537,0.47610164,0.48282593,0.569503,0.52655333,0.5955386
bribe,P,word2vec_tiny_1_HOM,0.1871682,0.1893873,0.21495213,0.2078901,0.22684814,0.22426035
uncharted,M,word2vec_tiny_1_HOM,0.23813185,0.28603393,0.30174738,0.41258085,0.32941598,0.44317758
avoid,P,word2vec_tiny_1_HOM,0.413829,0.4925988,0.49245673,0.5521601,0.5212453,0.5539096
sweetie,M,word2vec_tiny_1_HOM,0.38141528,0.45474517,0.48710668,0.49933857,0.51526403,0.48392296
greed,M,word2vec_tiny_1_HOM,0.22232349,0.2597903,0.30945647,0.3482771,0.34179124,0.3755004
short,P,word2vec_tiny_1_HOM,0.45836028,0.5271071,0.543832,0.6144339,0.5747945,0.6400192
trailer,P,word2vec_tiny_1_HOM,0.36417326,0.4447019,0.45003253,0.55672044,0.48823166,0.5908736
negative,P,word2vec_tiny_1_HOM,0.17914334,0.2430552,0.23075248,0.30932027,0.25687692,0.33493292
sonar,P,word2vec_tiny_1_HOM,0.22851586,0.23843758,0.26681495,0.2678276,0.28267223,0.28092778
bicycle,P,word2vec_tiny_1_HOM,0.2298874,0.34382942,0.40052468,0.56226563,0.4667817,0.6255102
circular,P,word2vec_tiny_1_HOM,0.3020954,0.39218837,0.35527635,0.46259347,0.37794754,0.48978472
criminal,P,word2vec_tiny_1_HOM,0.2133369,0.26736653,0.28160205,0.3515829,0.30592865,0.37443784
creature,P,word2vec_tiny_1_HOM,0.31084508,0.38394615,0.37593445,0.4375355,0.39929312,0.45931387
farmhouse,M,word2vec_tiny_1_HOM,0.3173922,0.39731774,0.38234928,0.45116276,0.41089985,0.46955836
heaven,P,word2vec_tiny_1_HOM,0.46396095,0.47795543,0.5168122,0.46416217,0.536327,0.4413241
persistent,P,word2vec_tiny_1_HOM,0.3866971,0.45615262,0.50121546,0.6175614,0.55284953,0.66373724
chap,H,word2vec_tiny_1_HOM,0.22814831,0.30396292,0.26458707,0.3607402,0.28035748,0.3800627
avocado,P,word2vec_tiny_1_HOM,0.20817223,0.27079594,0.34413487,0.45221588,0.41243255,0.5251284
sneak,P,word2vec_tiny_1_HOM,0.43830532,0.56624514,0.5635197,0.6584043,0.5989591,0.65988255
organ,P,word2vec_tiny_1_HOM,0.33781272,0.3958571,0.3969868,0.50542796,0.42467308,0.5421278
urgency,P,word2vec_tiny_1_HOM,0.16130355,0.2046799,0.18468559,0.23686707,0.19551688,0.2475186
playmate,M,word2vec_tiny_1_HOM,0.40863618,0.4461799,0.46610138,0.45120966,0.48486832,0.42119643
voice,P,word2vec_tiny_1_HOM,0.33502898,0.39771912,0.43923533,0.47124517,0.4759517,0.49093077
jumpy,P,word2vec_tiny_1_HOM,0.2842065,0.3022676,0.37979525,0.44075316,0.42557135,0.503766
memory,P,word2vec_tiny_1_HOM,0.38849545,0.44572765,0.45042545,0.41961923,0.46900368,0.41945174
lumber,H,word2vec_tiny_1_HOM,0.32959133,0.4744268,0.44280663,0.61397886,0.4910883,0.65691805
gunshot,P,word2vec_tiny_1_HOM,0.20749243,0.26468697,0.26994118,0.35689324,0.30175775,0.39395538
famous,P,word2vec_tiny_1_HOM,0.30425107,0.37345064,0.4417797,0.57079315,0.50576717,0.6474056
dialogue,P,word2vec_tiny_1_HOM,0.24739179,0.3064754,0.3188106,0.35535216,0.35202956,0.38519946
speck,P,word2vec_tiny_1_HOM,0.33383602,0.3663464,0.40158123,0.4442479,0.43095627,0.47931767
pickle,P,word2vec_tiny_1_HOM,0.25240034,0.27404058,0.3107973,0.34081128,0.34017906,0.38056064
unhappy,P,word2vec_tiny_1_HOM,0.39368126,0.48138592,0.49805602,0.61065704,0.5373169,0.6178029
lid,P,word2vec_tiny_1_HOM,0.37367675,0.48349342,0.46159855,0.5947408,0.5021244,0.6426908
tropical,P,word2vec_tiny_1_HOM,0.33695725,0.37186715,0.39964217,0.47277176,0.4247772,0.50092226
loyal,M,word2vec_tiny_1_HOM,0.32419115,0.36329925,0.46406305,0.5840415,0.5094808,0.57070166
comfy,M,word2vec_tiny_1_HOM,0.33464077,0.45058236,0.46332267,0.58647233,0.51305133,0.62612444
balcony,P,word2vec_tiny_1_HOM,0.37475172,0.4969374,0.46508458,0.55897045,0.4941361,0.5572369
canvas,P,word2vec_tiny_1_HOM,0.27663785,0.3413862,0.38162452,0.47533184,0.42602685,0.52361023
bearer,P,word2vec_tiny_1_HOM,0.29393134,0.29813078,0.3428909,0.31284457,0.36164677,0.3233158
baseball,P,word2vec_tiny_1_HOM,0.28398913,0.4037582,0.4354536,0.58509016,0.4936652,0.63829076
growth,P,word2vec_tiny_1_HOM,0.27171147,0.27534133,0.32483944,0.3253538,0.35526058,0.36956015
putter,H,word2vec_tiny_1_HOM,0.32193762,0.3727314,0.38536167,0.4498751,0.4175682,0.47920746
thirst,P,word2vec_tiny_1_HOM,0.31327313,0.35764846,0.41166064,0.45185184,0.4395127,0.47765958
instant,P,word2vec_tiny_1_HOM,0.35055846,0.4028803,0.396752,0.43549415,0.4223137,0.44914946
esteem,P,word2vec_tiny_1_HOM,0.20019424,0.21888125,0.22898422,0.24793145,0.24099235,0.26140305
crown,P,word2vec_tiny_1_HOM,0.30337092,0.4225906,0.42542434,0.5757494,0.48377585,0.6279987
gold,P,word2vec_tiny_1_HOM,0.28308836,0.36748245,0.4402804,0.5747177,0.49891713,0.6229962
insurance,P,word2vec_tiny_1_HOM,0.22363086,0.23367344,0.2622248,0.25838333,0.2773891,0.272667
merchant,P,word2vec_tiny_1_HOM,0.27137718,0.35962278,0.3180682,0.40334305,0.33835262,0.41395205
cavern,P,word2vec_tiny_1_HOM,0.2616195,0.3339876,0.30731356,0.37952343,0.3288697,0.390871
riddle,H,word2vec_tiny_1_HOM,0.36036637,0.4503681,0.43050843,0.49810946,0.45679343,0.51679426
structure,P,word2vec_tiny_1_HOM,0.30609483,0.44522148,0.4243717,0.59771526,0.48224044,0.65738827
double,P,word2vec_tiny_1_HOM,0.38283733,0.39725286,0.43137154,0.43790123,0.44979241,0.45105532
copy,P,word2vec_tiny_1_HOM,0.37520438,0.43513092,0.47285286,0.5351246,0.5054806,0.5704377
error,P,word2vec_tiny_1_HOM,0.29326826,0.36938053,0.36107144,0.47346622,0.38831735,0.50665945
crab,H,word2vec_tiny_1_HOM,0.21285121,0.2555672,0.3506216,0.4629437,0.41954595,0.5478125
rental,P,word2vec_tiny_1_HOM,0.23650774,0.282309,0.28672436,0.34968844,0.30599377,0.36067075
ghost,P,word2vec_tiny_1_HOM,0.38799828,0.52404475,0.50353384,0.6488909,0.54206467,0.65514064
filter,P,word2vec_tiny_1_HOM,0.27262354,0.32744092,0.33758998,0.43458998,0.3685737,0.46606866
gasp,P,word2vec_tiny_1_HOM,0.4218998,0.5084862,0.4912444,0.57457566,0.5207948,0.6003433
festive,P,word2vec_tiny_1_HOM,0.36489785,0.3943082,0.4391876,0.503505,0.473497,0.5401626
faithful,P,word2vec_tiny_1_HOM,0.28649166,0.34095913,0.35443076,0.40015948,0.38138786,0.42363822
upper,P,word2vec_tiny_1_HOM,0.2897323,0.38308114,0.34234172,0.44426978,0.36720812,0.4681216
slip,H,word2vec_tiny_1_HOM,0.3869675,0.51921105,0.5125537,0.65987486,0.55808246,0.66875947
milk,P,word2vec_tiny_1_HOM,0.28719482,0.35191345,0.3921694,0.46464464,0.43454307,0.4768749
album,P,word2vec_tiny_1_HOM,0.34774885,0.42762223,0.43470466,0.54183257,0.47418776,0.57121634
criticize,P,word2vec_tiny_1_HOM,0.13518594,0.15683085,0.17243107,0.20228182,0.19069885,0.22342075
tingle,P,word2vec_tiny_1_HOM,0.27960187,0.37904966,0.36288416,0.45650136,0.39722297,0.49563995
cheese,P,word2vec_tiny_1_HOM,0.25032753,0.30297998,0.3558622,0.4393978,0.4056749,0.4925989
vampire,P,word2vec_tiny_1_HOM,0.35172266,0.45076737,0.396837,0.46026078,0.41682938,0.47032657
gymnastics,P,word2vec_tiny_1_HOM,0.24985588,0.30784076,0.30976933,0.3799528,0.3353875,0.4052043
autumn,M,word2vec_tiny_1_HOM,0.33030513,0.42325905,0.42353547,0.51889724,0.4636425,0.54871017
noisy,P,word2vec_tiny_1_HOM,0.4154292,0.5495895,0.5047696,0.6488151,0.54320455,0.6888004
tower,H,word2vec_tiny_1_HOM,0.30415073,0.43734056,0.44568607,0.6062356,0.50372034,0.6523912
fingernail,M,word2vec_tiny_1_HOM,0.21961872,0.2753759,0.25692207,0.30227762,0.27270338,0.31476188
humility,M,word2vec_tiny_1_HOM,0.15427744,0.20801826,0.21108662,0.29074487,0.24206045,0.33379546
cave,P,word2vec_tiny_1_HOM,0.33718115,0.46990746,0.4474888,0.5926391,0.48892584,0.5987206
magazine,P,word2vec_tiny_1_HOM,0.23738417,0.32578522,0.38258508,0.53374237,0.4465853,0.6054795
brat,M,word2vec_tiny_1_HOM,0.28772748,0.3574591,0.4028609,0.4755729,0.4395622,0.49594462
crush,P,word2vec_tiny_1_HOM,0.40775132,0.4648368,0.45707038,0.4507266,0.47268823,0.46412426
fatal,P,word2vec_tiny_1_HOM,0.14666581,0.18434136,0.17039573,0.21360564,0.18266407,0.2282415
aggression,P,word2vec_tiny_1_HOM,0.17555052,0.22408654,0.20861764,0.2571395,0.22341183,0.27515742
leg,P,word2vec_tiny_1_HOM,0.25833195,0.35336995,0.40033028,0.52033097,0.45896256,0.56781906
arena,P,word2vec_tiny_1_HOM,0.26645026,0.30027285,0.30287412,0.3586753,0.3177381,0.36496013
attentive,P,word2vec_tiny_1_HOM,0.23963876,0.2676334,0.31100732,0.31888384,0.34139144,0.3460299
trail,P,word2vec_tiny_1_HOM,0.37714154,0.47956082,0.49908647,0.63743204,0.54719126,0.66182363
ferocious,P,word2vec_tiny_1_HOM,0.1943495,0.24931642,0.26993725,0.3710136,0.30643523,0.41878793
silverware,P,word2vec_tiny_1_HOM,0.32840547,0.39734676,0.40763947,0.47299024,0.4372767,0.5045108
gateway,P,word2vec_tiny_1_HOM,0.26644045,0.30453438,0.325123,0.37280244,0.34833735,0.38480225
oven,M,word2vec_tiny_1_HOM,0.3107654,0.4225174,0.43123624,0.53118575,0.48032647,0.5581215
arrogance,P,word2vec_tiny_1_HOM,0.13770862,0.16900294,0.16736056,0.20742424,0.18015754,0.22163549
unwind,P,word2vec_tiny_1_HOM,0.28685996,0.33480462,0.37848172,0.41170698,0.40652505,0.41210034
coronation,M,word2vec_tiny_1_HOM,0.23764929,0.31581643,0.29577577,0.37037662,0.3163302,0.3910752
sand,P,word2vec_tiny_1_HOM,0.3054654,0.41964972,0.43700764,0.57949287,0.49350047,0.63274455
purchase,P,word2vec_tiny_1_HOM,0.30505905,0.37556025,0.3684598,0.4359853,0.3913946,0.44855958
tan,P,word2vec_tiny_1_HOM,0.29432374,0.35898823,0.35358799,0.4372418,0.37740022,0.4591831
flinch,P,word2vec_tiny_1_HOM,0.23721059,0.23113126,0.2747235,0.27661312,0.29127017,0.2888222
tangle,P,word2vec_tiny_1_HOM,0.29291368,0.33132678,0.36421707,0.45157066,0.39635536,0.48224667
housework,M,word2vec_tiny_1_HOM,0.34451962,0.4214345,0.41169223,0.45037803,0.43576214,0.44914082
hover,P,word2vec_tiny_1_HOM,0.2998921,0.3380015,0.3740124,0.44875753,0.40618774,0.48643053
snoop,P,word2vec_tiny_1_HOM,0.3713951,0.42895293,0.44780692,0.48223233,0.4750328,0.49825975
slam,H,word2vec_tiny_1_HOM,0.38809714,0.48077852,0.4886314,0.58271277,0.5220385,0.604872
relentless,P,word2vec_tiny_1_HOM,0.23015146,0.30170605,0.26712462,0.33381525,0.28399885,0.34774584
moral,P,word2vec_tiny_1_HOM,0.42099085,0.41443512,0.4891024,0.39573008,0.51305807,0.39383242
ditch,P,word2vec_tiny_1_HOM,0.32748118,0.39455315,0.38633743,0.45040846,0.4139083,0.48106
flesh,P,word2vec_tiny_1_HOM,0.25562036,0.3419282,0.32978818,0.41859335,0.36340392,0.44772226
dim,P,word2vec_tiny_1_HOM,0.30795175,0.37702668,0.40330216,0.48041698,0.44197235,0.5183535
instinct,P,word2vec_tiny_1_HOM,0.22815533,0.28916326,0.2982937,0.3657292,0.32346085,0.3884879
demand,P,word2vec_tiny_1_HOM,0.4007631,0.5095136,0.5326383,0.6462798,0.5701946,0.63870955
royalty,P,word2vec_tiny_1_HOM,0.3148657,0.40426394,0.4135567,0.5233307,0.45652774,0.5464182
irregular,P,word2vec_tiny_1_HOM,0.28051963,0.28814986,0.3168757,0.28716213,0.33190796,0.295873
pub,M,word2vec_tiny_1_HOM,0.25076732,0.25878868,0.28387973,0.3006275,0.29777732,0.31304356
crumb,P,word2vec_tiny_1_HOM,0.41510922,0.524636,0.49469474,0.60614216,0.52881455,0.62473166
barbecue,P,word2vec_tiny_1_HOM,0.35939258,0.4445652,0.46571922,0.5606081,0.50425905,0.57618743
orderly,P,word2vec_tiny_1_HOM,0.37871355,0.4564118,0.4482562,0.50379705,0.47086623,0.52539533
index,P,word2vec_tiny_1_HOM,0.2699357,0.35267234,0.33522883,0.43754113,0.36504433,0.4650354
cuddle,P,word2vec_tiny_1_HOM,0.3991637,0.51318,0.49877763,0.6033163,0.53510785,0.59843355
dangle,P,word2vec_tiny_1_HOM,0.24441676,0.26115227,0.28911376,0.3058617,0.306013,0.31760782
trousers,M,word2vec_tiny_1_HOM,0.26069266,0.33619142,0.35345027,0.45306566,0.40107483,0.515246
grave,H,word2vec_tiny_1_HOM,0.4134243,0.46081257,0.46746892,0.4883969,0.48668766,0.49904034
dent,H,word2vec_tiny_1_HOM,0.3560285,0.44365665,0.4446592,0.56123954,0.4812378,0.59197307
buckle,P,word2vec_tiny_1_HOM,0.27239716,0.38970035,0.38751933,0.5368587,0.4446991,0.60856515
beer,P,word2vec_tiny_1_HOM,0.28535086,0.3134359,0.34848103,0.37776366,0.37679985,0.43375343
oyster,P,word2vec_tiny_1_HOM,0.24760847,0.27623093,0.39986408,0.48813364,0.4638612,0.56615466
cousin,P,word2vec_tiny_1_HOM,0.43573317,0.52829856,0.5346144,0.6059704,0.5695955,0.6095012
jolt,P,word2vec_tiny_1_HOM,0.24925211,0.3279509,0.32453236,0.4221934,0.35437027,0.4537934
guard,P,word2vec_tiny_1_HOM,0.37783006,0.5131758,0.47389325,0.62090105,0.51321656,0.6332992
bolt,H,word2vec_tiny_1_HOM,0.31356454,0.38557214,0.40420204,0.4580645,0.43617103,0.50166184
squawk,P,word2vec_tiny_1_HOM,0.29050106,0.360662,0.3925932,0.47192958,0.43244085,0.51871467
omelet,M,word2vec_tiny_1_HOM,0.258339,0.25329542,0.32660475,0.32906774,0.36042827,0.37038124
envy,P,word2vec_tiny_1_HOM,0.38240525,0.35630658,0.4399563,0.40081137,0.46180806,0.42389855
knob,P,word2vec_tiny_1_HOM,0.32172343,0.47367367,0.4418594,0.59265465,0.4881145,0.64495647
zing,P,word2vec_tiny_1_HOM,0.24299483,0.29007506,0.3049755,0.37861708,0.34401503,0.44089442
opponent,M,word2vec_tiny_1_HOM,0.26462185,0.30450845,0.32184014,0.3841871,0.34540638,0.4045898
meditation,P,word2vec_tiny_1_HOM,0.1985306,0.22231823,0.23293898,0.23940524,0.24676956,0.25060964
operator,P,word2vec_tiny_1_HOM,0.36255938,0.39688262,0.42509553,0.47633243,0.45008126,0.5094268
afloat,P,word2vec_tiny_1_HOM,0.3050846,0.35449672,0.37891808,0.46422476,0.41078216,0.48806632
chart,P,word2vec_tiny_1_HOM,0.29199463,0.32682484,0.35955194,0.42217362,0.39148098,0.4695794
dry,P,word2vec_tiny_1_HOM,0.39975047,0.5455005,0.4910784,0.63644147,0.5292072,0.6348325
evidence,P,word2vec_tiny_1_HOM,0.2879464,0.34764853,0.35275638,0.4258009,0.37778863,0.4491481
crack,P,word2vec_tiny_1_HOM,0.4117648,0.5650082,0.5050051,0.63746613,0.5380074,0.65627795
exhaustion,P,word2vec_tiny_1_HOM,0.26661628,0.35120913,0.32237267,0.40864003,0.34589812,0.43304366
sincere,P,word2vec_tiny_1_HOM,0.46025974,0.554352,0.54848444,0.6306893,0.58162874,0.64027375
juice,P,word2vec_tiny_1_HOM,0.27059284,0.3870292,0.36907357,0.47633207,0.4137783,0.49686
couch,P,word2vec_tiny_1_HOM,0.28976622,0.39288142,0.43908638,0.58873194,0.5032108,0.65134716
freedom,P,word2vec_tiny_1_HOM,0.3412247,0.35787785,0.39685577,0.43614072,0.42161134,0.44817138
stripe,H,word2vec_tiny_1_HOM,0.36864272,0.48288864,0.46932083,0.5662622,0.50839335,0.6064981
butcher,P,word2vec_tiny_1_HOM,0.28472525,0.31484276,0.35606232,0.43310136,0.38709876,0.46319488
inspection,P,word2vec_tiny_1_HOM,0.30557224,0.33854812,0.37737107,0.41917402,0.40427676,0.44838727
beast,P,word2vec_tiny_1_HOM,0.24812794,0.31916478,0.32784212,0.4045501,0.36306602,0.4392521
confidence,P,word2vec_tiny_1_HOM,0.30677757,0.37542352,0.36759785,0.4080631,0.39587706,0.4343604
eggplant,M,word2vec_tiny_1_HOM,0.22239617,0.2710228,0.28330374,0.32933614,0.31914058,0.36961308
horse,P,word2vec_tiny_1_HOM,0.2705379,0.31313273,0.41950512,0.54290545,0.48242348,0.6323788
defensive,P,word2vec_tiny_1_HOM,0.18748802,0.21659233,0.21657793,0.23830478,0.23140568,0.25264916
agreeable,P,word2vec_tiny_1_HOM,0.14326507,0.16067019,0.17076112,0.18683985,0.18327479,0.20289871
exclude,P,word2vec_tiny_1_HOM,0.15690514,0.18608826,0.20390992,0.23055124,0.22595792,0.24690054
supper,P,word2vec_tiny_1_HOM,0.33248606,0.4096715,0.3909629,0.45923325,0.4126497,0.46769154
purple,P,word2vec_tiny_1_HOM,0.27253783,0.38079697,0.44728377,0.5954243,0.5088695,0.647425
unnoticed,M,word2vec_tiny_1_HOM,0.22997263,0.25578746,0.27239951,0.30776283,0.28990647,0.32619458
traitor,M,word2vec_tiny_1_HOM,0.16842477,0.20541963,0.20596887,0.23725078,0.2236235,0.24576677
hum,P,word2vec_tiny_1_HOM,0.32441705,0.3761813,0.41117436,0.47039342,0.44904298,0.52372545
fifty,P,word2vec_tiny_1_HOM,0.15162636,0.15606889,0.22645247,0.2680099,0.28656915,0.3401025
secure,P,word2vec_tiny_1_HOM,0.34886238,0.43358186,0.4338169,0.48037803,0.4611592,0.48908848
view,P,word2vec_tiny_1_HOM,0.37638056,0.44650033,0.48299512,0.53938574,0.5203989,0.5683499
chapter,P,word2vec_tiny_1_HOM,0.25876334,0.2635031,0.30175546,0.30216202,0.31925058,0.3079181
sweater,P,word2vec_tiny_1_HOM,0.21527787,0.29685828,0.37346017,0.51625144,0.43708295,0.5876873
faraway,P,word2vec_tiny_1_HOM,0.4073134,0.48156196,0.5030491,0.6181039,0.5431351,0.64937127
loss,P,word2vec_tiny_1_HOM,0.24351375,0.2824156,0.3127102,0.35359666,0.3446469,0.38884208
fiddle,P,word2vec_tiny_1_HOM,0.2830521,0.35944322,0.33526376,0.40785426,0.3565295,0.42433095
shine,P,word2vec_tiny_1_HOM,0.32069984,0.41133058,0.45201847,0.5400941,0.5011471,0.58948714
foul,P,word2vec_tiny_1_HOM,0.27726215,0.31315935,0.32582238,0.38944933,0.34630737,0.41644618
drama,P,word2vec_tiny_1_HOM,0.23390715,0.23788968,0.27505443,0.274664,0.29193997,0.2821228
soldier,P,word2vec_tiny_1_HOM,0.3422078,0.466566,0.4501816,0.5998045,0.4905164,0.62392974
beam,P,word2vec_tiny_1_HOM,0.40920836,0.46609715,0.47264972,0.53930867,0.49851182,0.5552692
plant,P,word2vec_tiny_1_HOM,0.24710815,0.3705974,0.36851487,0.50567394,0.42723274,0.55311936
deny,P,word2vec_tiny_1_HOM,0.25033998,0.28914174,0.29992172,0.3502621,0.319599,0.37250814
handyman,M,word2vec_tiny_1_HOM,0.26410323,0.3574913,0.3386754,0.43072072,0.36907783,0.45825297
peach,P,word2vec_tiny_1_HOM,0.18716455,0.2615019,0.3474225,0.47655547,0.42604837,0.5556912
mall,P,word2vec_tiny_1_HOM,0.25801447,0.36049214,0.4388541,0.5877346,0.5108898,0.65285236
courthouse,M,word2vec_tiny_1_HOM,0.2850904,0.3264357,0.32346737,0.361425,0.3395154,0.37536168
sip,P,word2vec_tiny_1_HOM,0.32925287,0.4169973,0.4272945,0.45686373,0.46835285,0.4808411
consent,P,word2vec_tiny_1_HOM,0.14606082,0.16037364,0.17737652,0.20266655,0.19413142,0.22114478
influence,P,word2vec_tiny_1_HOM,0.18373439,0.1994576,0.22099027,0.24216865,0.24006782,0.2669195
league,H,word2vec_tiny_1_HOM,0.22884151,0.24293727,0.26119205,0.2781608,0.27584046,0.28531983
loft,P,word2vec_tiny_1_HOM,0.38756981,0.45743614,0.45523122,0.53519416,0.47987884,0.55285764
shove,P,word2vec_tiny_1_HOM,0.34653634,0.46359965,0.445841,0.5359521,0.48122457,0.5502984
luscious,P,word2vec_tiny_1_HOM,0.23400733,0.31947684,0.3199357,0.43496782,0.35656413,0.4740127
passion,P,word2vec_tiny_1_HOM,0.298987,0.3489257,0.34853113,0.3666623,0.3758933,0.39609838
pep,P,word2vec_tiny_1_HOM,0.347012,0.46774158,0.44054943,0.54798836,0.48376176,0.5921443
instance,P,word2vec_tiny_1_HOM,0.154072,0.14572333,0.18610315,0.18847926,0.2012065,0.2096501
slave,P,word2vec_tiny_1_HOM,0.20271333,0.2047312,0.2386311,0.2193535,0.25268716,0.23092912
imitate,P,word2vec_tiny_1_HOM,0.34428114,0.40344605,0.42676383,0.5047314,0.45903596,0.5451324
raspberry,P,word2vec_tiny_1_HOM,0.19600895,0.2258895,0.27644667,0.32434702,0.31658742,0.37678942
luxurious,P,word2vec_tiny_1_HOM,0.33488184,0.41243324,0.3912603,0.46388927,0.41360205,0.48367676
cautious,M,word2vec_tiny_1_HOM,0.3037704,0.3835743,0.40651277,0.49150068,0.4422453,0.4871189
streak,P,word2vec_tiny_1_HOM,0.2948541,0.32530662,0.3670541,0.41261947,0.39792997,0.45983583
solve,P,word2vec_tiny_1_HOM,0.3788515,0.49750093,0.48219594,0.55493057,0.51913947,0.537977
honest,P,word2vec_tiny_1_HOM,0.30392313,0.3769944,0.45461613,0.58235735,0.5027074,0.5776161
strict,P,word2vec_tiny_1_HOM,0.36692694,0.41303086,0.4235537,0.45290518,0.44487488,0.45853883
rack,H,word2vec_tiny_1_HOM,0.39881396,0.5270047,0.4807978,0.6126308,0.5130489,0.6309827
mood,H,word2vec_tiny_1_HOM,0.37426522,0.42822623,0.43480605,0.4630491,0.45835382,0.4807135
queen,P,word2vec_tiny_1_HOM,0.31314698,0.4219551,0.464878,0.59298235,0.5133503,0.626616
shop,P,word2vec_tiny_1_HOM,0.3207633,0.4145122,0.44008103,0.5739033,0.4893701,0.6082505
nook,M,word2vec_tiny_1_HOM,0.30589432,0.37355015,0.38164136,0.43652534,0.4099061,0.4621417
fabric,P,word2vec_tiny_1_HOM,0.26959112,0.35933015,0.34796295,0.4756208,0.38578847,0.50442123
fraction,P,word2vec_tiny_1_HOM,0.27999735,0.33716765,0.3244855,0.38967344,0.3427011,0.4159871
stumble,P,word2vec_tiny_1_HOM,0.40595418,0.51643133,0.5304593,0.63351494,0.5722658,0.6396917
occurrence,P,word2vec_tiny_1_HOM,0.25478148,0.2677127,0.28723595,0.31655422,0.30170697,0.32713288
deadline,P,word2vec_tiny_1_HOM,0.23118345,0.26794374,0.2769217,0.29675138,0.2963719,0.31165394
stain,P,word2vec_tiny_1_HOM,0.3820002,0.4775527,0.4743904,0.5813456,0.51234746,0.6087006
withstand,P,word2vec_tiny_1_HOM,0.26851368,0.33585778,0.3321337,0.41636163,0.3619198,0.44069648
jellyfish,P,word2vec_tiny_1_HOM,0.21052837,0.2548879,0.3458083,0.453704,0.41175652,0.5358991
select,P,word2vec_tiny_1_HOM,0.28201887,0.37057534,0.34338593,0.42920753,0.3667739,0.4520875
rodent,P,word2vec_tiny_1_HOM,0.26482728,0.32900113,0.30985165,0.3847978,0.32892427,0.407629
abrupt,P,word2vec_tiny_1_HOM,0.3234371,0.39451903,0.37294033,0.39625964,0.39021462,0.40333658
soot,P,word2vec_tiny_1_HOM,0.33813807,0.39839363,0.4085349,0.49678573,0.4368528,0.5171036
jungle,P,word2vec_tiny_1_HOM,0.3261785,0.4338597,0.44445723,0.5883327,0.4966333,0.640094
revelation,P,word2vec_tiny_1_HOM,0.15341437,0.15084496,0.17679237,0.20022625,0.18712264,0.2065719
railway,P,word2vec_tiny_1_HOM,0.2987624,0.36583558,0.3738863,0.47306925,0.40419206,0.49700606
memorize,M,word2vec_tiny_1_HOM,0.14256105,0.17216235,0.16625977,0.19420175,0.17809655,0.20815268
potato,P,word2vec_tiny_1_HOM,0.22486718,0.28511357,0.38088852,0.4932612,0.4433959,0.57254475
multiply,H,word2vec_tiny_1_HOM,0.24854739,0.328214,0.30052683,0.40228993,0.32482445,0.42962548
crucial,M,word2vec_tiny_1_HOM,0.18992393,0.22764844,0.22648783,0.25390834,0.24239759,0.27517948
collection,P,word2vec_tiny_1_HOM,0.4487947,0.57570106,0.52604115,0.64869785,0.5580129,0.66020036
unfold,P,word2vec_tiny_1_HOM,0.3520537,0.42539567,0.426712,0.4922477,0.45376214,0.5264851
outlaw,P,word2vec_tiny_1_HOM,0.23730645,0.27531108,0.27774787,0.30784655,0.29472867,0.31126127
island,P,word2vec_tiny_1_HOM,0.30904594,0.387622,0.41627893,0.54561085,0.4697355,0.5963919
reconsider,P,word2vec_tiny_1_HOM,0.17228639,0.19203293,0.20541449,0.22736529,0.21940656,0.24024653
gate,P,word2vec_tiny_1_HOM,0.36604682,0.52156526,0.48150676,0.64065844,0.52915955,0.6792628
bouquet,P,word2vec_tiny_1_HOM,0.36696163,0.40998635,0.4505592,0.52291346,0.48370773,0.5578857
confident,P,word2vec_tiny_1_HOM,0.34284216,0.41116524,0.41421232,0.47022265,0.441522,0.47635636
delicate,P,word2vec_tiny_1_HOM,0.37867093,0.45804933,0.50749177,0.6311594,0.55097914,0.6492623
bid,P,word2vec_tiny_1_HOM,0.25691617,0.3302967,0.34972122,0.42204228,0.37795636,0.44202787
marriage,P,word2vec_tiny_1_HOM,0.35412186,0.4663373,0.47756913,0.6022662,0.5221853,0.62870085
attention,P,word2vec_tiny_1_HOM,0.42633477,0.46805298,0.49414185,0.48248482,0.5173548,0.48381966
massage,P,word2vec_tiny_1_HOM,0.39648253,0.52167,0.49342105,0.5917442,0.5257996,0.60518676
fever,P,word2vec_tiny_1_HOM,0.33559552,0.4010932,0.4597746,0.5152087,0.5083733,0.55907184
brick,P,word2vec_tiny_1_HOM,0.3509218,0.49323013,0.43960518,0.58819306,0.49031615,0.64008904
span,H,word2vec_tiny_1_HOM,0.2712747,0.32298043,0.33630088,0.43331528,0.36105525,0.46046048
saddle,P,word2vec_tiny_1_HOM,0.35376248,0.4491164,0.4408301,0.5361121,0.4759403,0.58373475
blink,P,word2vec_tiny_1_HOM,0.41536418,0.5715007,0.5121838,0.66389,0.54933393,0.6853944
grip,P,word2vec_tiny_1_HOM,0.38683364,0.46966335,0.4791738,0.5659692,0.5107824,0.58324283
podium,M,word2vec_tiny_1_HOM,0.25922474,0.28167093,0.296337,0.34944946,0.31209096,0.36562592
career,P,word2vec_tiny_1_HOM,0.22714767,0.28097898,0.26822507,0.3459622,0.2874524,0.37721044
discussion,M,word2vec_tiny_1_HOM,0.32839847,0.43671882,0.41723555,0.49329698,0.4469352,0.49595353
funeral,P,word2vec_tiny_1_HOM,0.3738101,0.40308702,0.42867172,0.42835733,0.44623658,0.42722806
chess,H,word2vec_tiny_1_HOM,0.37802866,0.47272804,0.4911447,0.6051744,0.5366575,0.6530407
heroic,P,word2vec_tiny_1_HOM,0.2543857,0.32520387,0.31145382,0.3741541,0.33557564,0.39504698
rush,H,word2vec_tiny_1_HOM,0.42189685,0.55953956,0.51988924,0.6049379,0.5505558,0.5975975
cattle,M,word2vec_tiny_1_HOM,0.28864735,0.3816233,0.3514763,0.4559616,0.3763798,0.46388003
fresh,P,word2vec_tiny_1_HOM,0.3599521,0.39721668,0.43822017,0.46104565,0.47034514,0.48173618
tiger,P,word2vec_tiny_1_HOM,0.22556524,0.3223013,0.3773689,0.53123516,0.43854102,0.5938941
invisible,P,word2vec_tiny_1_HOM,0.43130726,0.5076229,0.5044874,0.5734302,0.5315652,0.5891883
sandbox,M,word2vec_tiny_1_HOM,0.36749998,0.505773,0.53264564,0.66408116,0.58175296,0.6815686
storm,P,word2vec_tiny_1_HOM,0.32496127,0.41653305,0.46524814,0.5366175,0.5197129,0.5731831
attempt,P,word2vec_tiny_1_HOM,0.29808545,0.37349918,0.36360484,0.42240712,0.389113,0.4424187
exquisite,P,word2vec_tiny_1_HOM,0.2539631,0.33135796,0.3132364,0.42452645,0.3381616,0.4544846
shotgun,M,word2vec_tiny_1_HOM,0.23214197,0.2835858,0.26943755,0.32905772,0.28744552,0.34093338
alarm,P,word2vec_tiny_1_HOM,0.35155162,0.47717065,0.44786805,0.591041,0.48906907,0.6146751
sidekick,P,word2vec_tiny_1_HOM,0.34548083,0.38730648,0.41106838,0.45113456,0.43832043,0.4778308
rainbow,P,word2vec_tiny_1_HOM,0.35605252,0.47501457,0.45131326,0.5709349,0.48701745,0.59245014
fireworks,P,word2vec_tiny_1_HOM,0.3571021,0.48112732,0.4564496,0.6144611,0.5014923,0.6561967
chariot,P,word2vec_tiny_1_HOM,0.26068932,0.29721597,0.29886618,0.32805648,0.3142454,0.3423854
hideaway,P,word2vec_tiny_1_HOM,0.3182189,0.37932405,0.3776079,0.44470948,0.40294072,0.4654851
macaroni,M,word2vec_tiny_1_HOM,0.2557373,0.2755994,0.3313178,0.3509963,0.36952168,0.39303637
ponytail,M,word2vec_tiny_1_HOM,0.294519,0.36114505,0.40208206,0.48437974,0.4433602,0.5390724
birth,P,word2vec_tiny_1_HOM,0.26446253,0.32217538,0.31377596,0.38366428,0.33573344,0.4083936
involve,P,word2vec_tiny_1_HOM,0.40988046,0.44497493,0.47199914,0.4549367,0.49411553,0.4617662
bruise,P,word2vec_tiny_1_HOM,0.28603056,0.36520547,0.38900813,0.48637736,0.43672797,0.53193825
sermon,P,word2vec_tiny_1_HOM,0.1899427,0.22181112,0.22211798,0.25752854,0.23705284,0.26558325
trainer,P,word2vec_tiny_1_HOM,0.36946043,0.47106823,0.4436127,0.5426088,0.47130913,0.5638078
suffocate,P,word2vec_tiny_1_HOM,0.1438961,0.17206453,0.17159672,0.1971184,0.18559067,0.21328785
panda,P,word2vec_tiny_1_HOM,0.24027614,0.30974856,0.3846492,0.48859635,0.4516512,0.57213503
shawl,M,word2vec_tiny_1_HOM,0.26091573,0.34316146,0.31591177,0.4239059,0.3400087,0.44834554
truthful,P,word2vec_tiny_1_HOM,0.21899748,0.23583704,0.27136254,0.27233908,0.2964024,0.2868231
routine,P,word2vec_tiny_1_HOM,0.3214537,0.37496376,0.41752478,0.4634495,0.44858062,0.48774815
unsafe,P,word2vec_tiny_1_HOM,0.347755,0.4040508,0.4072348,0.47142315,0.4302964,0.47858983
realistic,P,word2vec_tiny_1_HOM,0.32247874,0.36746055,0.39093053,0.44774804,0.4164891,0.47370005
canary,P,word2vec_tiny_1_HOM,0.28067246,0.34708473,0.37360355,0.46233475,0.40650058,0.48817876
paddle,P,word2vec_tiny_1_HOM,0.2851382,0.3720211,0.42270896,0.53887326,0.47639942,0.5837265
atom,P,word2vec_tiny_1_HOM,0.2307528,0.25615388,0.2679274,0.2969307,0.2821706,0.30568346
celebrate,P,word2vec_tiny_1_HOM,0.3678404,0.45173526,0.4756032,0.5979497,0.5182696,0.60653293
baptism,P,word2vec_tiny_1_HOM,0.20628352,0.23249218,0.24905738,0.26138687,0.2663487,0.27858335
corpus,P,word2vec_tiny_1_HOM,0.2062407,0.23340966,0.24098448,0.26588887,0.2561054,0.27792832
twist,P,word2vec_tiny_1_HOM,0.4044919,0.55012,0.5241776,0.6668403,0.5614109,0.6753474
apply,P,word2vec_tiny_1_HOM,0.27615538,0.32769886,0.3356112,0.39774537,0.35858756,0.4244484
nocturnal,P,word2vec_tiny_1_HOM,0.24174829,0.22761077,0.28389037,0.2581457,0.29943982,0.26963875
prepare,P,word2vec_tiny_1_HOM,0.37072322,0.48763314,0.49436778,0.65319866,0.5423887,0.6764418
priceless,P,word2vec_tiny_1_HOM,0.30011716,0.34984463,0.35968044,0.40548235,0.38677818,0.4281617
juicy,P,word2vec_tiny_1_HOM,0.27545643,0.33921814,0.36805272,0.4510345,0.41150874,0.48713252
jiggle,P,word2vec_tiny_1_HOM,0.38997728,0.5079743,0.4739417,0.55508226,0.50604147,0.56667066
sushi,M,word2vec_tiny_1_HOM,0.20990935,0.22312538,0.2785907,0.32306212,0.31931373,0.37027144
squad,M,word2vec_tiny_1_HOM,0.30134308,0.30821744,0.345444,0.33658814,0.36280575,0.34084573
orphanage,M,word2vec_tiny_1_HOM,0.3175868,0.37383777,0.3907033,0.45162666,0.41964325,0.45940948
unique,P,word2vec_tiny_1_HOM,0.2643922,0.3519293,0.41069484,0.5658178,0.47813928,0.6338203
wrinkle,H,word2vec_tiny_1_HOM,0.2550724,0.32815102,0.34040546,0.4433439,0.38054124,0.48157257
excellent,M,word2vec_tiny_1_HOM,0.34366557,0.39992154,0.41645476,0.48458588,0.4411339,0.49634415
compare,P,word2vec_tiny_1_HOM,0.3157051,0.3679348,0.38890663,0.434996,0.4234668,0.46880215
spine,P,word2vec_tiny_1_HOM,0.33045706,0.34363404,0.39777672,0.44314927,0.42545247,0.4758499
lively,P,word2vec_tiny_1_HOM,0.26731202,0.35835838,0.43074214,0.5570672,0.5041717,0.63855237
happiness,P,word2vec_tiny_1_HOM,0.3084668,0.35658473,0.37898064,0.39997226,0.41082725,0.42123252
sundown,M,word2vec_tiny_1_HOM,0.25062597,0.29521403,0.29112756,0.29061705,0.3077414,0.29308212
crash,H,word2vec_tiny_1_HOM,0.35068256,0.4544939,0.46149877,0.5730511,0.5044905,0.6018696
cover,P,word2vec_tiny_1_HOM,0.45930475,0.6081364,0.5431163,0.68708056,0.57498,0.69543225
steep,H,word2vec_tiny_1_HOM,0.42438084,0.5274877,0.54331195,0.65071374,0.5830191,0.6761857
reunion,P,word2vec_tiny_1_HOM,0.25848478,0.32657102,0.3057085,0.37454477,0.3264612,0.38732627
companion,P,word2vec_tiny_1_HOM,0.34351426,0.43711066,0.4043586,0.4589736,0.42675826,0.47291827
catcher,P,word2vec_tiny_1_HOM,0.42592415,0.4702981,0.51423734,0.545145,0.5475917,0.5509626
helpless,P,word2vec_tiny_1_HOM,0.32161933,0.38402328,0.4890972,0.63866127,0.54698765,0.6728061
occasional,P,word2vec_tiny_1_HOM,0.31336623,0.3767233,0.35638255,0.42117167,0.3758497,0.4402586
motorcycle,P,word2vec_tiny_1_HOM,0.2402623,0.3261553,0.39734527,0.5602841,0.46434227,0.62670827
spit,H,word2vec_tiny_1_HOM,0.3009946,0.3959217,0.41114575,0.48423457,0.4544066,0.5170497
tyrant,P,word2vec_tiny_1_HOM,0.1623188,0.17809841,0.1922416,0.19848028,0.20680612,0.21761373
tuxedo,P,word2vec_tiny_1_HOM,0.31659013,0.32868382,0.36660203,0.3538076,0.38492614,0.37437
belong,P,word2vec_tiny_1_HOM,0.43886867,0.5524468,0.53292024,0.5867791,0.56309325,0.58416855
pup,P,word2vec_tiny_1_HOM,0.24798886,0.33001602,0.35310805,0.4498684,0.388896,0.4732653
jeep,P,word2vec_tiny_1_HOM,0.21974501,0.3109431,0.39511257,0.53853923,0.46061295,0.5971874
hack,H,word2vec_tiny_1_HOM,0.25145516,0.26603952,0.28799975,0.30863014,0.30417165,0.32388383
hound,P,word2vec_tiny_1_HOM,0.25334716,0.22503506,0.29288942,0.27498648,0.30900812,0.28947988
triumphant,P,word2vec_tiny_1_HOM,0.2626408,0.34218112,0.33495182,0.4324392,0.36073273,0.45030895
grudge,P,word2vec_tiny_1_HOM,0.11727121,0.13506573,0.14654855,0.18069486,0.15833165,0.19747142
shadowy,P,word2vec_tiny_1_HOM,0.21585917,0.28932247,0.27617463,0.36510643,0.30276695,0.400566
begin,P,word2vec_tiny_1_HOM,0.43093985,0.5506651,0.5020075,0.54972434,0.52630585,0.5535222
afternoon,P,word2vec_tiny_1_HOM,0.40347663,0.52995634,0.49800393,0.580495,0.5303077,0.58383733
engineer,P,word2vec_tiny_1_HOM,0.3153399,0.38568318,0.38608113,0.47138295,0.41371593,0.49089092
decision,P,word2vec_tiny_1_HOM,0.32299122,0.41284892,0.40028492,0.44716373,0.42857334,0.45184374
statement,P,word2vec_tiny_1_HOM,0.217629,0.2507445,0.2514155,0.28649598,0.26494268,0.30699253
moat,M,word2vec_tiny_1_HOM,0.3699019,0.405264,0.49901214,0.5937867,0.5481613,0.6433405
zoom,P,word2vec_tiny_1_HOM,0.27972028,0.39493805,0.38981307,0.50123054,0.43732175,0.5629418
cinema,P,word2vec_tiny_1_HOM,0.33150056,0.47281975,0.4206021,0.55425644,0.45635334,0.5707334
lifetime,P,word2vec_tiny_1_HOM,0.3075375,0.37131178,0.38013154,0.4320921,0.4092337,0.45376655
snowman,M,word2vec_tiny_1_HOM,0.34547618,0.48343164,0.48087382,0.6463214,0.5328466,0.6825687
accuracy,M,word2vec_tiny_1_HOM,0.21215057,0.26702967,0.27481648,0.34340224,0.30112696,0.3785595
pox,P,word2vec_tiny_1_HOM,0.30366847,0.34967136,0.37393513,0.4140442,0.40028626,0.41123956
pebble,P,word2vec_tiny_1_HOM,0.24084572,0.32114372,0.40569252,0.5604895,0.4647634,0.6237713
surf,P,word2vec_tiny_1_HOM,0.27442113,0.35887784,0.4132058,0.5149208,0.4830356,0.6068021
tone,P,word2vec_tiny_1_HOM,0.3064248,0.35057616,0.37323493,0.43447694,0.40279862,0.45391592
hamburger,M,word2vec_tiny_1_HOM,0.23144007,0.2692219,0.30637017,0.36719498,0.33845097,0.40195063
naughty,P,word2vec_tiny_1_HOM,0.32577536,0.44956818,0.46426117,0.61076456,0.5113588,0.6105836
presence,P,word2vec_tiny_1_HOM,0.28312457,0.3404473,0.33248737,0.40172252,0.3556164,0.42161298
missile,P,word2vec_tiny_1_HOM,0.29863697,0.41809425,0.4283131,0.58539426,0.48275277,0.64289695
sailor,P,word2vec_tiny_1_HOM,0.247363,0.3125043,0.38578743,0.50597566,0.44428712,0.5684556
decide,P,word2vec_tiny_1_HOM,0.46054205,0.55681604,0.54001987,0.5639542,0.56685144,0.5585234
fail,P,word2vec_tiny_1_HOM,0.37386522,0.4656443,0.44507572,0.50043154,0.4743022,0.513023
banquet,P,word2vec_tiny_1_HOM,0.3381043,0.4091564,0.3957034,0.46630767,0.41714856,0.48954204
tug,P,word2vec_tiny_1_HOM,0.3891934,0.49114147,0.52110976,0.61014766,0.5650909,0.6449
authority,P,word2vec_tiny_1_HOM,0.17815666,0.19740291,0.2248957,0.26314342,0.24732633,0.2836589
abide,P,word2vec_tiny_1_HOM,0.18702957,0.19222414,0.22781783,0.23154348,0.24574034,0.25295445
elbow,P,word2vec_tiny_1_HOM,0.28003398,0.36511514,0.3953091,0.5139609,0.44146195,0.5519216
land,P,word2vec_tiny_1_HOM,0.3674541,0.44814217,0.49927357,0.6011879,0.5407458,0.6320715
pun,P,word2vec_tiny_1_HOM,0.28561315,0.31439668,0.3241987,0.36655843,0.34417248,0.3951731
sunlight,M,word2vec_tiny_1_HOM,0.2383333,0.25914547,0.35968074,0.44003692,0.40267196,0.48081303
invincible,M,word2vec_tiny_1_HOM,0.24901907,0.27950776,0.29678962,0.34684002,0.3157847,0.35793656
tedious,M,word2vec_tiny_1_HOM,0.12975849,0.15341932,0.15404768,0.18656655,0.1663161,0.20174627
amigo,M,word2vec_tiny_1_HOM,0.26252583,0.27353898,0.33368134,0.39282072,0.36093634,0.4010569
sock,H,word2vec_tiny_1_HOM,0.3028018,0.36344934,0.4372624,0.5653621,0.48481247,0.627696
experience,P,word2vec_tiny_1_HOM,0.3132196,0.4000406,0.388799,0.43606514,0.41568536,0.4519664
acid,P,word2vec_tiny_1_HOM,0.24205944,0.32068324,0.29565856,0.40807408,0.32034346,0.43174198
urgent,P,word2vec_tiny_1_HOM,0.28395745,0.29962093,0.34298474,0.40151998,0.36874822,0.42998624
purse,P,word2vec_tiny_1_HOM,0.32403702,0.40174606,0.43605942,0.5516003,0.48954308,0.6299881
airplane,M,word2vec_tiny_1_HOM,0.30526397,0.39271986,0.46379033,0.60408634,0.51260924,0.6491006
naive,P,word2vec_tiny_1_HOM,0.25202134,0.3166911,0.30654612,0.36526686,0.33245677,0.39499077
symbol,P,word2vec_tiny_1_HOM,0.3861217,0.49972573,0.47998592,0.6212312,0.51666415,0.6382044
speechless,P,word2vec_tiny_1_HOM,0.2804691,0.3447285,0.3479376,0.3981536,0.3705127,0.42366788
lavender,P,word2vec_tiny_1_HOM,0.24207012,0.33003312,0.34937504,0.44922557,0.38905686,0.48106533
distress,P,word2vec_tiny_1_HOM,0.28572112,0.33261573,0.34590426,0.39042383,0.37101796,0.41741073
suspicious,P,word2vec_tiny_1_HOM,0.2988855,0.36155662,0.36708763,0.4287583,0.39216292,0.44876269
deep,P,word2vec_tiny_1_HOM,0.4289402,0.5240333,0.52682567,0.58331716,0.55998963,0.57899046
slug,H,word2vec_tiny_1_HOM,0.26279786,0.3318634,0.34560338,0.45297855,0.3793312,0.4868171
scoop,P,word2vec_tiny_1_HOM,0.3757251,0.473666,0.459892,0.49020177,0.49486473,0.5032872
access,P,word2vec_tiny_1_HOM,0.332546,0.3478549,0.37702927,0.40529498,0.3954895,0.4270229
caretaker,P,word2vec_tiny_1_HOM,0.2691399,0.32942617,0.3132364,0.37725744,0.33143792,0.3952927
condition,P,word2vec_tiny_1_HOM,0.35901314,0.3645788,0.40947914,0.42020303,0.42982468,0.43405312
ton,P,word2vec_tiny_1_HOM,0.31134042,0.3853656,0.35823113,0.42977363,0.379029,0.4422003
assume,P,word2vec_tiny_1_HOM,0.14978823,0.18982369,0.18823667,0.22011866,0.20934875,0.24472287
slimy,P,word2vec_tiny_1_HOM,0.33255392,0.43889046,0.44722492,0.5503308,0.4903266,0.58770156
dunk,P,word2vec_tiny_1_HOM,0.19251862,0.203991,0.22141138,0.23394458,0.23390143,0.2472146
volleyball,P,word2vec_tiny_1_HOM,0.34187454,0.36092293,0.3821332,0.37124234,0.40020204,0.3798656
warden,P,word2vec_tiny_1_HOM,0.17458484,0.18850578,0.2012547,0.21121377,0.21251939,0.22224377
omen,P,word2vec_tiny_1_HOM,0.17845474,0.19790378,0.20856681,0.21102466,0.22167236,0.22208548
stir,H,word2vec_tiny_1_HOM,0.30687484,0.40666747,0.43021905,0.48403504,0.4770028,0.5356387
grumpy,M,word2vec_tiny_1_HOM,0.3220775,0.42003685,0.46946377,0.60453254,0.5277019,0.6602744
accessory,P,word2vec_tiny_1_HOM,0.30994958,0.3790477,0.38637674,0.47131577,0.41625014,0.48687539
unaware,P,word2vec_tiny_1_HOM,0.28241247,0.36986545,0.33599567,0.40765303,0.35661313,0.42540485
locate,P,word2vec_tiny_1_HOM,0.3017022,0.36741242,0.3502429,0.41378853,0.368181,0.43460113
stamp,P,word2vec_tiny_1_HOM,0.2591832,0.34776604,0.37731746,0.541225,0.43376365,0.6055245
goat,P,word2vec_tiny_1_HOM,0.22608082,0.3188077,0.35487813,0.50192535,0.43187416,0.58341974
race,H,word2vec_tiny_1_HOM,0.32925817,0.43875664,0.45682427,0.5875143,0.507243,0.606557
diagram,P,word2vec_tiny_1_HOM,0.14908442,0.18960427,0.17472094,0.22567719,0.18715906,0.23896308
piggy,P,word2vec_tiny_1_HOM,0.4478163,0.59086716,0.5389743,0.6287827,0.56983024,0.6591134
pollen,M,word2vec_tiny_1_HOM,0.3151701,0.40716714,0.40236723,0.5041347,0.4482527,0.5425759
badger,P,word2vec_tiny_1_HOM,0.2532521,0.34276918,0.33283973,0.4130248,0.36283052,0.43203554
lens,P,word2vec_tiny_1_HOM,0.36847326,0.4515408,0.44631478,0.5480799,0.477508,0.5789839
dump,P,word2vec_tiny_1_HOM,0.345509,0.45522118,0.45341113,0.5674686,0.49621117,0.6016362
ripe,P,word2vec_tiny_1_HOM,0.27915156,0.3001441,0.3816124,0.460042,0.4285935,0.5115904
penguin,M,word2vec_tiny_1_HOM,0.286146,0.3732299,0.4265598,0.5402118,0.48444337,0.61319244
horny,P,word2vec_tiny_1_HOM,0.29395023,0.30793726,0.33958519,0.35968605,0.35860923,0.3543878
bloody,P,word2vec_tiny_1_HOM,0.2858785,0.37432945,0.3629206,0.46852085,0.39339057,0.49458808
backstage,P,word2vec_tiny_1_HOM,0.39138156,0.4644204,0.4734012,0.5643234,0.50853616,0.58291507
rival,P,word2vec_tiny_1_HOM,0.2760063,0.35113448,0.32508647,0.39073965,0.34598342,0.4067711
predator,P,word2vec_tiny_1_HOM,0.23284893,0.29602516,0.298187,0.3841116,0.32773674,0.4231394
attractive,P,word2vec_tiny_1_HOM,0.27485013,0.35894608,0.43017474,0.57922655,0.49848992,0.6593165
alien,P,word2vec_tiny_1_HOM,0.40974712,0.5192579,0.5294524,0.65398943,0.5732205,0.67935574
lobster,P,word2vec_tiny_1_HOM,0.29757902,0.38101542,0.37354037,0.46432602,0.40881526,0.49745739
behavior,P,word2vec_tiny_1_HOM,0.3157691,0.39003906,0.39451227,0.43771806,0.4249569,0.45994863
breeze,P,word2vec_tiny_1_HOM,0.33674774,0.38671738,0.41362008,0.4836668,0.44828594,0.51223356
numb,P,word2vec_tiny_1_HOM,0.3126992,0.3655506,0.39596123,0.47318566,0.43295348,0.5051175
accessible,P,word2vec_tiny_1_HOM,0.14529642,0.18452932,0.16824022,0.21103436,0.17917182,0.22511226
texture,P,word2vec_tiny_1_HOM,0.42230922,0.50351083,0.5386441,0.63638586,0.5765551,0.66972893
upstairs,P,word2vec_tiny_1_HOM,0.34756508,0.39803,0.49818107,0.6137548,0.54967725,0.6593091
deck,P,word2vec_tiny_1_HOM,0.36798596,0.44284707,0.45581186,0.5639612,0.4962941,0.61703616
fold,H,word2vec_tiny_1_HOM,0.38021323,0.5140884,0.49267986,0.63746834,0.53459376,0.66662836
trailing,P,word2vec_tiny_1_HOM,0.30219048,0.38321838,0.3639146,0.43164545,0.3929089,0.4549823
motion,P,word2vec_tiny_1_HOM,0.41825622,0.5474264,0.49624977,0.6068276,0.52691996,0.6434653
bush,H,word2vec_tiny_1_HOM,0.4051927,0.5209303,0.50302154,0.6087632,0.5403624,0.6260932
garter,P,word2vec_tiny_1_HOM,0.27524793,0.34271675,0.34096515,0.36476165,0.36477822,0.38418075
devil,P,word2vec_tiny_1_HOM,0.29027534,0.24092796,0.3213775,0.2722143,0.33403316,0.28052562
sleepy,P,word2vec_tiny_1_HOM,0.34033173,0.50791204,0.4770983,0.63543254,0.5302675,0.66837424
void,P,word2vec_tiny_1_HOM,0.27899364,0.31336996,0.31586072,0.3340787,0.33112508,0.34235916
bright,P,word2vec_tiny_1_HOM,0.30918112,0.43452644,0.39591774,0.53087115,0.44291207,0.5649938
stall,H,word2vec_tiny_1_HOM,0.35427094,0.4213847,0.44864175,0.53607273,0.4912834,0.5840271
altitude,P,word2vec_tiny_1_HOM,0.29251078,0.32126755,0.35473144,0.39080653,0.3796006,0.40244636
cigar,M,word2vec_tiny_1_HOM,0.22868085,0.22716494,0.26659003,0.26786837,0.28207958,0.28113368
flip,H,word2vec_tiny_1_HOM,0.4338552,0.5910171,0.5435852,0.6759753,0.57739985,0.69142514
pancake,P,word2vec_tiny_1_HOM,0.30128136,0.37118095,0.36592337,0.41517475,0.40075538,0.4469316
boredom,M,word2vec_tiny_1_HOM,0.3754079,0.35893014,0.4560215,0.44762686,0.4849069,0.46156317
gallery,P,word2vec_tiny_1_HOM,0.2824002,0.35408533,0.35542238,0.45821822,0.38732675,0.4796772
pipe,H,word2vec_tiny_1_HOM,0.31547934,0.41754264,0.41691884,0.55932933,0.46817675,0.624082
triumph,P,word2vec_tiny_1_HOM,0.25956315,0.33408955,0.32932904,0.3976526,0.35833037,0.42627412
monk,M,word2vec_tiny_1_HOM,0.33775288,0.3876667,0.40949246,0.4636879,0.43580386,0.49119994
salon,P,word2vec_tiny_1_HOM,0.34991592,0.46223298,0.46495116,0.589368,0.505249,0.60250527
mechanical,P,word2vec_tiny_1_HOM,0.33409625,0.3510682,0.37017524,0.36074483,0.3835963,0.38364008
thin,P,word2vec_tiny_1_HOM,0.35286698,0.4539765,0.47451773,0.6119543,0.527843,0.68144023
wicked,P,word2vec_tiny_1_HOM,0.2932636,0.3408403,0.37057018,0.41622066,0.4013156,0.45618287
iron,P,word2vec_tiny_1_HOM,0.3400166,0.43811432,0.4337162,0.5624281,0.48202264,0.6259315
nugget,P,word2vec_tiny_1_HOM,0.31906033,0.37497878,0.38676456,0.47487408,0.41340798,0.4894
cage,P,word2vec_tiny_1_HOM,0.42316717,0.5758781,0.52188987,0.6778713,0.5565009,0.69880724
vitamin,M,word2vec_tiny_1_HOM,0.2597712,0.35419422,0.3378383,0.41897148,0.37084433,0.45791045
nickel,P,word2vec_tiny_1_HOM,0.3043211,0.3047701,0.3713493,0.4006317,0.39580765,0.43466777
queasy,P,word2vec_tiny_1_HOM,0.17073376,0.19919823,0.19999819,0.21970254,0.2122609,0.23059924
trucker,P,word2vec_tiny_1_HOM,0.29820365,0.27621174,0.3418821,0.31536362,0.3592922,0.32275075
blitz,P,word2vec_tiny_1_HOM,0.22376823,0.21787931,0.26027122,0.24342647,0.27394524,0.26340878
mouthful,P,word2vec_tiny_1_HOM,0.19754675,0.2532873,0.2635243,0.3174307,0.29827803,0.3678074
chatty,P,word2vec_tiny_1_HOM,0.40916935,0.5054006,0.4803299,0.5687624,0.5053432,0.5827875
toss,P,word2vec_tiny_1_HOM,0.41364998,0.51769954,0.53873765,0.67243946,0.584779,0.7106293
servant,P,word2vec_tiny_1_HOM,0.365029,0.45941734,0.44952458,0.5106084,0.4781453,0.521024
intimidate,P,word2vec_tiny_1_HOM,0.1705518,0.19958998,0.19576128,0.22391507,0.20731524,0.23637085
charity,P,word2vec_tiny_1_HOM,0.31810278,0.34949234,0.40516317,0.45621866,0.44056052,0.4886149
match,H,word2vec_tiny_1_HOM,0.41003102,0.5371899,0.5085506,0.6293951,0.54573363,0.65994686
buff,H,word2vec_tiny_1_HOM,0.25846785,0.28145963,0.28561738,0.28651252,0.30301267,0.34702814
larger,P,word2vec_tiny_1_HOM,0.3043831,0.35868236,0.3782275,0.4795682,0.4119814,0.5155328
crowbar,M,word2vec_tiny_1_HOM,0.24009757,0.29180163,0.2865425,0.34723565,0.30728927,0.3621953
collapse,P,word2vec_tiny_1_HOM,0.26244703,0.35519868,0.36964282,0.4741454,0.40888122,0.5053544
giggle,P,word2vec_tiny_1_HOM,0.37786022,0.5091042,0.46052465,0.54113114,0.49088332,0.56041074
supportive,M,word2vec_tiny_1_HOM,0.25791717,0.2727173,0.32228053,0.3293042,0.35257787,0.35341242
mailbox,P,word2vec_tiny_1_HOM,0.33413243,0.43511721,0.48144123,0.6356461,0.5342565,0.6838739
inject,P,word2vec_tiny_1_HOM,0.2781462,0.35267708,0.3472935,0.41694242,0.37458497,0.4403422
window,P,word2vec_tiny_1_HOM,0.42458588,0.5336231,0.5285614,0.6541466,0.5638549,0.6793676
prison,P,word2vec_tiny_1_HOM,0.29063773,0.3288369,0.35854405,0.40549612,0.3849046,0.42734239
throat,P,word2vec_tiny_1_HOM,0.29211554,0.39411995,0.40085924,0.49277225,0.44211143,0.52802616
hint,P,word2vec_tiny_1_HOM,0.43649483,0.48021156,0.49259585,0.51958436,0.5125199,0.53406984
pantry,P,word2vec_tiny_1_HOM,0.32730886,0.43096292,0.42704323,0.520783,0.46370274,0.5399348
blur,P,word2vec_tiny_1_HOM,0.33225274,0.36311176,0.4174717,0.5020509,0.44966117,0.5289538
golden,P,word2vec_tiny_1_HOM,0.36284846,0.34762612,0.45167115,0.50315565,0.48996514,0.5538399
bravery,P,word2vec_tiny_1_HOM,0.24819092,0.3101107,0.32072765,0.3805208,0.35209924,0.41279942
battle,P,word2vec_tiny_1_HOM,0.28076458,0.33975708,0.3737368,0.44149062,0.41263554,0.48245448
infectious,P,word2vec_tiny_1_HOM,0.23710892,0.27982765,0.28409138,0.34272105,0.3018535,0.36102262
rooftop,M,word2vec_tiny_1_HOM,0.31695095,0.38442573,0.37265024,0.43636212,0.3965774,0.46795547
orchestra,P,word2vec_tiny_1_HOM,0.28829437,0.3661213,0.36499718,0.47978374,0.40349388,0.52519214
spear,H,word2vec_tiny_1_HOM,0.27047294,0.37553325,0.41521895,0.56830317,0.47481796,0.6359293
twilight,P,word2vec_tiny_1_HOM,0.21671844,0.28965455,0.2816327,0.38448453,0.30867988,0.4202851
rare,H,word2vec_tiny_1_HOM,0.307002,0.39234245,0.443134,0.5927206,0.50306743,0.64224344
filth,P,word2vec_tiny_1_HOM,0.26757103,0.32591194,0.34181717,0.42419955,0.3743162,0.4617506
spinach,M,word2vec_tiny_1_HOM,0.21319266,0.25855044,0.2869101,0.34945235,0.32397744,0.39237055
scientific,P,word2vec_tiny_1_HOM,0.23421888,0.25646356,0.27698424,0.30858234,0.29302287,0.32587203
sincerity,M,word2vec_tiny_1_HOM,0.1395104,0.16948673,0.1729025,0.21330307,0.18842947,0.22976646
policeman,M,word2vec_tiny_1_HOM,0.29405138,0.41466042,0.38943362,0.5149366,0.42125443,0.519678
goalie,M,word2vec_tiny_1_HOM,0.3569367,0.41707888,0.46560392,0.5703395,0.50810915,0.5993534
greet,P,word2vec_tiny_1_HOM,0.42000335,0.45113063,0.5005041,0.5325409,0.5239855,0.54229724
improve,P,word2vec_tiny_1_HOM,0.4120571,0.54761785,0.49536428,0.5911446,0.5308602,0.5600196
inform,P,word2vec_tiny_1_HOM,0.17594454,0.17626026,0.20725723,0.21790156,0.22232981,0.24093774
daily,P,word2vec_tiny_1_HOM,0.31338823,0.38502663,0.39984843,0.43655953,0.43298438,0.4589531
plea,P,word2vec_tiny_1_HOM,0.27824217,0.33745304,0.34610367,0.40766078,0.3733764,0.4278791
trio,P,word2vec_tiny_1_HOM,0.318037,0.38234565,0.35910085,0.42301103,0.37587968,0.432837
rid,M,word2vec_tiny_1_HOM,0.46236402,0.5020632,0.52102,0.5337396,0.5416735,0.53968513
master,P,word2vec_tiny_1_HOM,0.3676551,0.38068885,0.41525844,0.44306007,0.4344506,0.45086202
vintage,P,word2vec_tiny_1_HOM,0.21841046,0.23371784,0.24539895,0.24994718,0.2573334,0.26532352
slap,P,word2vec_tiny_1_HOM,0.35971946,0.5001867,0.4882322,0.63275266,0.5291375,0.6535622
contain,P,word2vec_tiny_1_HOM,0.34423786,0.39046222,0.42629924,0.4632355,0.45501426,0.47227108
gesture,P,word2vec_tiny_1_HOM,0.2842249,0.30558848,0.37776715,0.3986643,0.40958422,0.4256418
soccer,M,word2vec_tiny_1_HOM,0.32924876,0.4118849,0.4765888,0.6174462,0.5266653,0.64480174
reckless,P,word2vec_tiny_1_HOM,0.27573806,0.345327,0.41474694,0.5019525,0.45718667,0.49403682
selection,P,word2vec_tiny_1_HOM,0.2995705,0.38429353,0.3683712,0.4610041,0.39929748,0.4997528
title,P,word2vec_tiny_1_HOM,0.34625113,0.41399467,0.42273083,0.4911414,0.45849785,0.52736366
knife,P,word2vec_tiny_1_HOM,0.33823872,0.4840294,0.44157848,0.5916124,0.48168677,0.61719716
organize,P,word2vec_tiny_1_HOM,0.34137946,0.47637367,0.47554606,0.651482,0.53260124,0.68962735
swab,P,word2vec_tiny_1_HOM,0.2782653,0.3053304,0.31915376,0.34827125,0.33766472,0.35659692
childish,P,word2vec_tiny_1_HOM,0.3354391,0.39762247,0.4210668,0.4889453,0.45223522,0.49670634
persuade,P,word2vec_tiny_1_HOM,0.27860582,0.3123742,0.3898378,0.42033365,0.42760178,0.44749445
tolerance,P,word2vec_tiny_1_HOM,0.15852258,0.1818882,0.18793318,0.23169936,0.2047696,0.25930056
burglar,M,word2vec_tiny_1_HOM,0.24976704,0.30269837,0.2933074,0.3531927,0.31289402,0.371527
atmosphere,P,word2vec_tiny_1_HOM,0.29480967,0.34180313,0.38544834,0.45992857,0.41880387,0.50330496
youth,P,word2vec_tiny_1_HOM,0.39869186,0.5112747,0.5049385,0.64530134,0.5382846,0.6399978
rub,P,word2vec_tiny_1_HOM,0.39098126,0.5503802,0.49434146,0.6506418,0.5334211,0.65226585
faint,P,word2vec_tiny_1_HOM,0.31278718,0.3776772,0.3897471,0.46331543,0.42201126,0.49458778
dancer,M,word2vec_tiny_1_HOM,0.3644681,0.45748872,0.46783757,0.60862625,0.50824994,0.62628955
heroism,M,word2vec_tiny_1_HOM,0.15911359,0.18133266,0.18527725,0.21385449,0.19832554,0.23053071
trap,H,word2vec_tiny_1_HOM,0.41392678,0.5582189,0.5008836,0.6499756,0.5328971,0.66638815
courtyard,M,word2vec_tiny_1_HOM,0.3459496,0.38500717,0.39833465,0.44721666,0.42252675,0.47768673
circle,P,word2vec_tiny_1_HOM,0.32463542,0.44404346,0.46032566,0.613286,0.5063369,0.656357
flatten,P,word2vec_tiny_1_HOM,0.23916641,0.3241745,0.31984288,0.4386589,0.3538652,0.47305074
intention,P,word2vec_tiny_1_HOM,0.24067605,0.2582714,0.29407012,0.31616068,0.31394982,0.34324378
boot,P,word2vec_tiny_1_HOM,0.3028788,0.36922896,0.42151615,0.56104904,0.47320706,0.62444293
spot,P,word2vec_tiny_1_HOM,0.29982176,0.3923359,0.45037165,0.58202004,0.5034003,0.610366
proud,P,word2vec_tiny_1_HOM,0.39599213,0.47416764,0.49367225,0.5336667,0.528747,0.52521074
ambulance,M,word2vec_tiny_1_HOM,0.29816848,0.39530605,0.40833265,0.5580454,0.46219435,0.59778094
faulty,M,word2vec_tiny_1_HOM,0.20607646,0.25508842,0.24381283,0.28686002,0.25969556,0.2951219
artificial,P,word2vec_tiny_1_HOM,0.18877909,0.21929903,0.22372872,0.25912592,0.23854896,0.26894546
corner,P,word2vec_tiny_1_HOM,0.40229052,0.5289611,0.4836283,0.6066486,0.5166008,0.610145
harmless,M,word2vec_tiny_1_HOM,0.38724574,0.48500836,0.48595914,0.6137175,0.5323495,0.650379
yawn,P,word2vec_tiny_1_HOM,0.40643138,0.5357402,0.5323221,0.6480656,0.57190377,0.6747303
tape,P,word2vec_tiny_1_HOM,0.29920194,0.43181846,0.40848145,0.56280065,0.4532437,0.60293746
bland,P,word2vec_tiny_1_HOM,0.24029866,0.2975217,0.3070865,0.35077077,0.3406675,0.3853375
tin,P,word2vec_tiny_1_HOM,0.38792425,0.444244,0.46610638,0.55041504,0.49908546,0.5868884
handy,P,word2vec_tiny_1_HOM,0.40158924,0.41783637,0.45183057,0.4456505,0.47053528,0.45425612
gardener,P,word2vec_tiny_1_HOM,0.37101158,0.50113356,0.4418295,0.5339539,0.46967182,0.5537542
enemy,P,word2vec_tiny_1_HOM,0.32706237,0.3567591,0.40410042,0.4589719,0.4370153,0.4883504
finger,P,word2vec_tiny_1_HOM,0.29298687,0.39104956,0.4080391,0.5298285,0.45514047,0.56061316
hustle,P,word2vec_tiny_1_HOM,0.30498928,0.37392426,0.39167508,0.46695068,0.42353722,0.50113153
caress,P,word2vec_tiny_1_HOM,0.21744218,0.29081655,0.29183888,0.39270192,0.31942904,0.4195116
theft,M,word2vec_tiny_1_HOM,0.22033732,0.28061655,0.28301015,0.3543775,0.30574045,0.3740944
ungrateful,M,word2vec_tiny_1_HOM,0.28826964,0.36442295,0.4283183,0.49604297,0.4735264,0.50612444
capsule,P,word2vec_tiny_1_HOM,0.2446628,0.21266837,0.27458882,0.22920728,0.2851721,0.23999421
balance,P,word2vec_tiny_1_HOM,0.43330455,0.548535,0.53278375,0.6863221,0.57219285,0.7104318
conquer,P,word2vec_tiny_1_HOM,0.25366455,0.31877097,0.32019755,0.38498324,0.35508773,0.40774962
rib,H,word2vec_tiny_1_HOM,0.25903997,0.31699723,0.3000419,0.34870785,0.3198222,0.36118168
fertilizer,P,word2vec_tiny_1_HOM,0.2600619,0.32316115,0.34213504,0.46166816,0.3741188,0.4887556
crime,P,word2vec_tiny_1_HOM,0.24713524,0.30540386,0.31452358,0.39174852,0.34307072,0.43007544
twinkle,P,word2vec_tiny_1_HOM,0.33431506,0.37468612,0.43726304,0.5067175,0.4737079,0.5471111
rat,P,word2vec_tiny_1_HOM,0.33589193,0.48073757,0.46023396,0.59489834,0.5063762,0.6264131
shade,P,word2vec_tiny_1_HOM,0.42957813,0.5538805,0.5235312,0.64551306,0.56528366,0.6612758
youthful,P,word2vec_tiny_1_HOM,0.21361852,0.24305314,0.24838439,0.30313614,0.26523587,0.3213212
risky,M,word2vec_tiny_1_HOM,0.3489344,0.45001006,0.42675823,0.49116322,0.45404008,0.49877653
cider,M,word2vec_tiny_1_HOM,0.18728235,0.21348482,0.2457222,0.30192363,0.28068417,0.33800828
cinnamon,P,word2vec_tiny_1_HOM,0.23851168,0.2865279,0.29756612,0.35761836,0.33247495,0.3927264
heartfelt,M,word2vec_tiny_1_HOM,0.22642073,0.26308206,0.26304612,0.31356236,0.279594,0.31567812
painful,P,word2vec_tiny_1_HOM,0.33491716,0.36020866,0.41336384,0.47556144,0.4483465,0.50425965
illusion,P,word2vec_tiny_1_HOM,0.26936576,0.28844973,0.31228182,0.3375406,0.3302319,0.34185112
stem,H,word2vec_tiny_1_HOM,0.30957812,0.4092327,0.4089751,0.52430433,0.447612,0.57047117
nightmare,P,word2vec_tiny_1_HOM,0.43633705,0.52538395,0.5176247,0.5710501,0.5448751,0.5580824
yell,P,word2vec_tiny_1_HOM,0.36534563,0.5084047,0.4986972,0.63392216,0.5465025,0.6425748
tilt,P,word2vec_tiny_1_HOM,0.32934505,0.44064918,0.40634248,0.5262182,0.4394894,0.5590822
lodge,P,word2vec_tiny_1_HOM,0.2950601,0.3107679,0.33726627,0.33222604,0.3533007,0.34105662
excite,P,word2vec_tiny_1_HOM,0.45467576,0.5395683,0.5666269,0.6881927,0.60675496,0.7284107
spruce,H,word2vec_tiny_1_HOM,0.1363122,0.13898708,0.1614893,0.17563991,0.17414618,0.1945106
butterfly,P,word2vec_tiny_1_HOM,0.31156176,0.39200032,0.43404734,0.55758417,0.48387077,0.5987921
pal,P,word2vec_tiny_1_HOM,0.32684866,0.35133278,0.38032985,0.3973403,0.40275338,0.41465175
cork,P,word2vec_tiny_1_HOM,0.33969253,0.44662747,0.42196885,0.53066576,0.45492646,0.5586503
ogre,P,word2vec_tiny_1_HOM,0.2582825,0.304726,0.3413508,0.4022363,0.3736412,0.4402123
underneath,P,word2vec_tiny_1_HOM,0.3520939,0.47207943,0.44571704,0.5250658,0.47859535,0.5396025
appearance,P,word2vec_tiny_1_HOM,0.28841656,0.31807154,0.35908142,0.3638705,0.38717374,0.38453612
cushion,P,word2vec_tiny_1_HOM,0.27917236,0.40538162,0.419921,0.5712742,0.47331047,0.62889534
squint,P,word2vec_tiny_1_HOM,0.29548258,0.34550476,0.3621649,0.42888838,0.39364538,0.4696914
platform,P,word2vec_tiny_1_HOM,0.36407167,0.5079222,0.45231912,0.5965379,0.49250123,0.62730175
foggy,P,word2vec_tiny_1_HOM,0.3761592,0.44682053,0.51198876,0.6221101,0.5530614,0.6375404
hen,M,word2vec_tiny_1_HOM,0.26761708,0.32077166,0.43028256,0.52987707,0.50296575,0.6203139
skirt,P,word2vec_tiny_1_HOM,0.25477567,0.36106953,0.38142624,0.51346445,0.44346038,0.5814824
allergic,P,word2vec_tiny_1_HOM,0.43558303,0.46745023,0.49734378,0.51192886,0.5228282,0.54156184
limp,H,word2vec_tiny_1_HOM,0.34315377,0.4243217,0.40840998,0.4930976,0.43860927,0.5183995
splash,P,word2vec_tiny_1_HOM,0.30941707,0.43396637,0.4284093,0.5441602,0.47616646,0.58937746
note,P,word2vec_tiny_1_HOM,0.371224,0.44248345,0.48865575,0.58114433,0.5309866,0.60515493
sensible,P,word2vec_tiny_1_HOM,0.30451766,0.34072232,0.3543227,0.38927543,0.37774193,0.4183375
rescue,P,word2vec_tiny_1_HOM,0.4153324,0.5667568,0.5393394,0.65031093,0.573966,0.6253932
paradise,P,word2vec_tiny_1_HOM,0.28804642,0.31201977,0.35386184,0.41733712,0.38536468,0.45742056
verse,H,word2vec_tiny_1_HOM,0.21413866,0.26065454,0.2678097,0.30532393,0.28905287,0.30540985
melt,P,word2vec_tiny_1_HOM,0.36537772,0.5206614,0.4895811,0.61966115,0.5382962,0.6436766
brand,P,word2vec_tiny_1_HOM,0.41323513,0.45324853,0.4833413,0.5064382,0.5071758,0.5022918
punishment,P,word2vec_tiny_1_HOM,0.34166646,0.3831077,0.40438077,0.4159294,0.42813748,0.44887772
owner,M,word2vec_tiny_1_HOM,0.41034374,0.520971,0.50043684,0.57876056,0.5303592,0.55875546
leash,P,word2vec_tiny_1_HOM,0.35359794,0.4320284,0.4595643,0.59840906,0.5028455,0.65540105
strain,H,word2vec_tiny_1_HOM,0.23197317,0.29748178,0.27971938,0.3505135,0.3011813,0.36747175
magnetic,P,word2vec_tiny_1_HOM,0.30449796,0.342044,0.34422362,0.35191274,0.36026534,0.35941422
candy,P,word2vec_tiny_1_HOM,0.26909196,0.33954254,0.38717878,0.47040528,0.44026047,0.5337607
castle,P,word2vec_tiny_1_HOM,0.3379248,0.48871017,0.4627468,0.6319501,0.51372343,0.6669613
sin,H,word2vec_tiny_1_HOM,0.26641542,0.26208168,0.3044171,0.2984555,0.3201904,0.30304798
washed,P,word2vec_tiny_1_HOM,0.33946586,0.44611695,0.47768235,0.5466888,0.5212395,0.5791127
maneuver,P,word2vec_tiny_1_HOM,0.24906287,0.28073058,0.28812772,0.33477104,0.30556986,0.33400336
pastry,P,word2vec_tiny_1_HOM,0.21849628,0.30859652,0.35298765,0.45055938,0.41659766,0.5131038
snot,P,word2vec_tiny_1_HOM,0.2307262,0.3054309,0.31196076,0.4170852,0.34684345,0.4606868
recent,P,word2vec_tiny_1_HOM,0.24954674,0.27057064,0.2886844,0.2981446,0.30513358,0.31270126
magnet,P,word2vec_tiny_1_HOM,0.32399446,0.41187042,0.4215924,0.5364508,0.47288537,0.610295
example,P,word2vec_tiny_1_HOM,0.34448195,0.31455997,0.40305996,0.38379598,0.42851853,0.41829208
plump,H,word2vec_tiny_1_HOM,0.24937335,0.33230048,0.33906278,0.4484479,0.37487084,0.48725566
demon,P,word2vec_tiny_1_HOM,0.15700436,0.18350016,0.18247163,0.20592986,0.1952578,0.21846826
zipper,P,word2vec_tiny_1_HOM,0.32106796,0.42072392,0.43836346,0.55025274,0.4912447,0.62977684
stormy,P,word2vec_tiny_1_HOM,0.32307854,0.3678106,0.41064873,0.48056322,0.45026708,0.5021366
intent,H,word2vec_tiny_1_HOM,0.28843522,0.30659255,0.32724002,0.3152653,0.3424704,0.32710528
kingdom,P,word2vec_tiny_1_HOM,0.30254534,0.43172157,0.39530715,0.50196296,0.43068478,0.51896936
tidal,P,word2vec_tiny_1_HOM,0.21497941,0.24550295,0.2602135,0.3172622,0.2802019,0.34732994
ceremony,P,word2vec_tiny_1_HOM,0.31446892,0.40442368,0.39796218,0.47154713,0.43285897,0.50099045
leader,P,word2vec_tiny_1_HOM,0.39928797,0.49884576,0.49387375,0.5766869,0.527853,0.5949571
hangman,M,word2vec_tiny_1_HOM,0.27491778,0.27887562,0.33105975,0.37236235,0.35490203,0.38729405
kindly,P,word2vec_tiny_1_HOM,0.29913345,0.3755218,0.3660123,0.42883554,0.39120197,0.43724716
brief,P,word2vec_tiny_1_HOM,0.28111693,0.32616332,0.32613975,0.37207523,0.3465494,0.40364307
unpack,P,word2vec_tiny_1_HOM,0.36670816,0.49028456,0.5062969,0.66304857,0.55525565,0.67311954
mansion,P,word2vec_tiny_1_HOM,0.30880672,0.374457,0.3709508,0.44669208,0.39623183,0.4683796
bun,P,word2vec_tiny_1_HOM,0.37782022,0.45498314,0.4696012,0.5987268,0.50725055,0.6250878
possession,P,word2vec_tiny_1_HOM,0.27248424,0.3636627,0.34512836,0.4065041,0.36995858,0.42694613
blackboard,M,word2vec_tiny_1_HOM,0.3198079,0.41375518,0.42933846,0.5506148,0.4847599,0.6216671
teenager,M,word2vec_tiny_1_HOM,0.26847363,0.29688355,0.30786824,0.32719517,0.32304633,0.3417082
broad,P,word2vec_tiny_1_HOM,0.29370892,0.34073976,0.3507205,0.3875412,0.37339607,0.4089444
thick,P,word2vec_tiny_1_HOM,0.38535172,0.4747922,0.5014126,0.61894536,0.5490825,0.67834246
brute,P,word2vec_tiny_1_HOM,0.21569474,0.23286743,0.25589204,0.27333784,0.2726579,0.28756532
gloomy,P,word2vec_tiny_1_HOM,0.36240667,0.4944921,0.48649094,0.63167214,0.53578067,0.6523351
lizard,P,word2vec_tiny_1_HOM,0.28455478,0.40140247,0.4185294,0.5601,0.47441414,0.622353
ransom,P,word2vec_tiny_1_HOM,0.17570794,0.19523078,0.20645699,0.2248467,0.22098112,0.23837237
pap,P,word2vec_tiny_1_HOM,0.30464852,0.3421817,0.34665805,0.26678392,0.37032998,0.39670488
section,P,word2vec_tiny_1_HOM,0.3569352,0.42131135,0.46993735,0.55428416,0.51943064,0.60244423
muck,P,word2vec_tiny_1_HOM,0.2333246,0.31268403,0.3085853,0.41309372,0.3402874,0.44699043
wooden,P,word2vec_tiny_1_HOM,0.44061476,0.54453653,0.5206628,0.6439018,0.55008084,0.6486729
heartbeat,M,word2vec_tiny_1_HOM,0.3357839,0.40785134,0.40500203,0.46845722,0.4356367,0.49491066
sturdy,P,word2vec_tiny_1_HOM,0.34867796,0.40944633,0.42267027,0.48544785,0.4515068,0.5259022
dive,P,word2vec_tiny_1_HOM,0.35949698,0.4827701,0.4655459,0.57324743,0.5123013,0.6109462
smile,P,word2vec_tiny_1_HOM,0.41291437,0.5433128,0.51721746,0.5303042,0.54637086,0.503578
shelf,P,word2vec_tiny_1_HOM,0.3355537,0.42572838,0.48329177,0.6074266,0.5406431,0.67288125
product,P,word2vec_tiny_1_HOM,0.30324575,0.36671516,0.3577651,0.43177837,0.38172585,0.4492229
frighten,P,word2vec_tiny_1_HOM,0.29470745,0.36851487,0.36369935,0.42706114,0.39241683,0.44810385
worm,P,word2vec_tiny_1_HOM,0.27177653,0.36583745,0.3901023,0.5437254,0.44207755,0.59919316
eldest,M,word2vec_tiny_1_HOM,0.29357654,0.36825806,0.36088866,0.38643238,0.38370034,0.3942142
ointment,M,word2vec_tiny_1_HOM,0.29256642,0.35590267,0.38448554,0.4656162,0.42083576,0.4974538
chunk,P,word2vec_tiny_1_HOM,0.31979424,0.40759143,0.3866589,0.46943668,0.41772947,0.4942621
glance,P,word2vec_tiny_1_HOM,0.3056423,0.3638242,0.35818413,0.42077345,0.37980035,0.42777413
collar,P,word2vec_tiny_1_HOM,0.30851284,0.36105862,0.4327172,0.57999736,0.48711678,0.64519924
toothpick,M,word2vec_tiny_1_HOM,0.2693626,0.32879975,0.33555204,0.45265493,0.36833587,0.4839376
meteor,M,word2vec_tiny_1_HOM,0.308932,0.39603058,0.37934056,0.4652335,0.41146523,0.49614325
physical,P,word2vec_tiny_1_HOM,0.19501302,0.23394626,0.24583748,0.30153182,0.27240553,0.3397463
windshield,P,word2vec_tiny_1_HOM,0.27338058,0.36723256,0.34899402,0.46817565,0.38427818,0.502683
filthy,P,word2vec_tiny_1_HOM,0.33816132,0.4827553,0.4838961,0.64347774,0.5357625,0.6813405
rubble,P,word2vec_tiny_1_HOM,0.33925453,0.3951168,0.40868488,0.452871,0.4384703,0.47200558
timber,P,word2vec_tiny_1_HOM,0.28876877,0.32567328,0.33191794,0.366955,0.34868863,0.38497522
colleague,M,word2vec_tiny_1_HOM,0.2183137,0.21146935,0.2505604,0.24833564,0.26314247,0.25902167
angry,P,word2vec_tiny_1_HOM,0.3664308,0.47303173,0.488024,0.63382655,0.53219765,0.6705156
cobbler,P,word2vec_tiny_1_HOM,0.23045874,0.21939446,0.2640787,0.24570093,0.27808383,0.25836056
depth,P,word2vec_tiny_1_HOM,0.333901,0.40592498,0.3859383,0.46425322,0.4092955,0.49235958
screen,P,word2vec_tiny_1_HOM,0.2809084,0.4020991,0.4152384,0.585308,0.47103837,0.6419841
arrange,P,word2vec_tiny_1_HOM,0.3267524,0.40415773,0.41316047,0.5146514,0.44366685,0.53945935
penny,P,word2vec_tiny_1_HOM,0.31032306,0.36078653,0.43123168,0.56492853,0.47092232,0.58560073
acquire,P,word2vec_tiny_1_HOM,0.15355358,0.1644582,0.17966413,0.19822651,0.19442245,0.21946184
cactus,M,word2vec_tiny_1_HOM,0.32374018,0.3548106,0.44046155,0.577787,0.48967406,0.6300896
bend,P,word2vec_tiny_1_HOM,0.40736365,0.5493864,0.52384454,0.66991717,0.56553394,0.7039087
cancel,P,word2vec_tiny_1_HOM,0.28797778,0.33220947,0.35739547,0.37917867,0.38602296,0.38928002
squirt,P,word2vec_tiny_1_HOM,0.35456556,0.4071434,0.437236,0.48741361,0.47005436,0.5371211
mayonnaise,M,word2vec_tiny_1_HOM,0.16756234,0.20913787,0.23999208,0.31246358,0.27930155,0.36672536
chat,P,word2vec_tiny_1_HOM,0.42569256,0.48717195,0.49608582,0.5268756,0.5178485,0.5306761
renew,P,word2vec_tiny_1_HOM,0.12601018,0.15084663,0.15419237,0.1881681,0.16724312,0.2023454
wardrobe,P,word2vec_tiny_1_HOM,0.32463747,0.42809105,0.4507886,0.60123694,0.50503945,0.65608037
cunning,P,word2vec_tiny_1_HOM,0.25793678,0.3336649,0.3155904,0.3984537,0.34178343,0.42515883
liberty,P,word2vec_tiny_1_HOM,0.21521115,0.24872589,0.2860011,0.35001123,0.31512576,0.36913988
vibrant,P,word2vec_tiny_1_HOM,0.23580495,0.33466175,0.3298315,0.44318065,0.36859077,0.48577452
term,P,word2vec_tiny_1_HOM,0.24088076,0.19999313,0.2772312,0.24144775,0.29758573,0.26573026
tar,H,word2vec_tiny_1_HOM,0.31086183,0.41244164,0.37393743,0.48392838,0.3986786,0.5135494
cup,P,word2vec_tiny_1_HOM,0.26790872,0.3848539,0.40487537,0.55113214,0.45940182,0.58828485
lawman,M,word2vec_tiny_1_HOM,0.2310632,0.23041409,0.26034066,0.24458423,0.27378666,0.26059493
spa,P,word2vec_tiny_1_HOM,0.35481423,0.3815088,0.41272166,0.44815767,0.43674168,0.4527431
shuffle,P,word2vec_tiny_1_HOM,0.28317034,0.35218456,0.35307914,0.4283333,0.38091847,0.4620957
rust,P,word2vec_tiny_1_HOM,0.29879084,0.39595872,0.38146514,0.4920734,0.4176482,0.5219656
bone,P,word2vec_tiny_1_HOM,0.37955216,0.507927,0.46922088,0.62068415,0.5088111,0.65100956
huddle,P,word2vec_tiny_1_HOM,0.34086278,0.3604371,0.39940175,0.3649457,0.42116088,0.35752597
coffin,M,word2vec_tiny_1_HOM,0.29011565,0.3024836,0.33789998,0.35865247,0.35635987,0.37158355
annual,P,word2vec_tiny_1_HOM,0.24305281,0.31413865,0.31660852,0.4032515,0.35378262,0.43805826
poop,H,word2vec_tiny_1_HOM,0.3422618,0.39595377,0.43324634,0.48534653,0.47076744,0.54725456
carbon,P,word2vec_tiny_1_HOM,0.22500856,0.053963423,0.2774134,0.17578068,0.3244593,0.3461911
tiresome,P,word2vec_tiny_1_HOM,0.18208688,0.20311442,0.20690946,0.22276463,0.21832699,0.23715661
octopus,P,word2vec_tiny_1_HOM,0.18568015,0.25079316,0.32880276,0.44185367,0.4021542,0.5391555
spout,P,word2vec_tiny_1_HOM,0.31490034,0.37534568,0.40153003,0.49477494,0.43645638,0.5314398
dibs,P,word2vec_tiny_1_HOM,0.26640338,0.27801898,0.31823415,0.31195945,0.33814403,0.32254305
illegal,P,word2vec_tiny_1_HOM,0.27173042,0.3197595,0.32702923,0.4055322,0.3515486,0.42905718
map,P,word2vec_tiny_1_HOM,0.37094766,0.47219443,0.47988117,0.61727834,0.52051497,0.6561626
nearby,P,word2vec_tiny_1_HOM,0.40830714,0.47522542,0.47439522,0.49622086,0.495394,0.5021126
precision,P,word2vec_tiny_1_HOM,0.2652184,0.31144977,0.32308742,0.40546596,0.3484968,0.43744287
everyday,P,word2vec_tiny_1_HOM,0.4349106,0.5384536,0.5210883,0.54820365,0.5446206,0.5207161
bake,P,word2vec_tiny_1_HOM,0.32191548,0.40428984,0.44331336,0.5322619,0.49246395,0.566203
disappoint,P,word2vec_tiny_1_HOM,0.37378353,0.42147073,0.45002538,0.47172406,0.47465762,0.4789385
ingenious,P,word2vec_tiny_1_HOM,0.16415992,0.18750733,0.1883294,0.20349607,0.20047817,0.21646841
pride,P,word2vec_tiny_1_HOM,0.28896725,0.37309512,0.37791502,0.43625504,0.40537694,0.44355917
bat,H,word2vec_tiny_1_HOM,0.36678115,0.41982108,0.49708056,0.6265517,0.54354686,0.65869933
version,P,word2vec_tiny_1_HOM,0.2980381,0.30533493,0.3625795,0.36171088,0.3897982,0.39366683
thirsty,P,word2vec_tiny_1_HOM,0.41624713,0.5543055,0.5440496,0.6750658,0.585821,0.69481343
equipment,P,word2vec_tiny_1_HOM,0.381184,0.5251639,0.46065822,0.6104124,0.5018377,0.6575631
disgust,P,word2vec_tiny_1_HOM,0.23280212,0.33308038,0.30576977,0.42301685,0.33633038,0.45418325
organic,P,word2vec_tiny_1_HOM,0.18715522,0.22256039,0.23009521,0.29629564,0.24885361,0.31966913
launch,H,word2vec_tiny_1_HOM,0.4131363,0.51425815,0.5004329,0.5869566,0.5321236,0.6089216
clue,P,word2vec_tiny_1_HOM,0.41538253,0.5561929,0.5196955,0.62964576,0.55479896,0.63717157
modest,P,word2vec_tiny_1_HOM,0.28038502,0.368178,0.41756356,0.55108935,0.48992455,0.6200374
novelist,M,word2vec_tiny_1_HOM,0.19098686,0.20476967,0.21846163,0.22460459,0.2301434,0.24159099
beige,M,word2vec_tiny_1_HOM,0.25893778,0.29171026,0.3014375,0.34192258,0.31609562,0.35816655
tap,H,word2vec_tiny_1_HOM,0.3466175,0.45459595,0.46967256,0.60554045,0.5156726,0.6545263
courageous,M,word2vec_tiny_1_HOM,0.28020817,0.3852336,0.34931454,0.4495959,0.37669998,0.46149012
bounty,P,word2vec_tiny_1_HOM,0.2864998,0.27808207,0.34703073,0.37587616,0.37133163,0.40661925
nerve,P,word2vec_tiny_1_HOM,0.20413962,0.21941279,0.23865393,0.26660636,0.2519094,0.2854394
brew,P,word2vec_tiny_1_HOM,0.26566082,0.34088582,0.34849796,0.42243612,0.380747,0.46334302
balloon,P,word2vec_tiny_1_HOM,0.3683889,0.4986559,0.48177993,0.62981427,0.5215061,0.66474134
neighbor,P,word2vec_tiny_1_HOM,0.3489546,0.40050584,0.46886885,0.49574268,0.5084541,0.5183953
pepperoni,M,word2vec_tiny_1_HOM,0.2732705,0.33047035,0.382637,0.4161043,0.43081757,0.45578632
volcano,P,word2vec_tiny_1_HOM,0.36215395,0.5061796,0.4623151,0.6239461,0.50570273,0.6651007
instructor,M,word2vec_tiny_1_HOM,0.27316207,0.31624722,0.32359177,0.40455264,0.34572136,0.42469257
worthwhile,M,word2vec_tiny_1_HOM,0.21761818,0.24919784,0.26088372,0.2946597,0.28550467,0.32091764
photograph,P,word2vec_tiny_1_HOM,0.2908675,0.34466964,0.33893806,0.3961196,0.35827377,0.41400978
safari,P,word2vec_tiny_1_HOM,0.3262031,0.40156335,0.45961258,0.611863,0.5160653,0.6706451
startle,P,word2vec_tiny_1_HOM,0.27830854,0.3216471,0.33464587,0.38088766,0.3574784,0.40252978
rubbish,P,word2vec_tiny_1_HOM,0.31325808,0.43002564,0.4207738,0.53485835,0.46177182,0.56047773
devious,P,word2vec_tiny_1_HOM,0.19168822,0.20538369,0.22002245,0.25093517,0.23317036,0.2605979
unwanted,M,word2vec_tiny_1_HOM,0.24472496,0.25995526,0.30717397,0.34040287,0.33169565,0.36445498
poetry,P,word2vec_tiny_1_HOM,0.26690426,0.3011806,0.3242416,0.3944811,0.347721,0.42388174
flick,P,word2vec_tiny_1_HOM,0.3657422,0.44744405,0.44485283,0.53814375,0.48234895,0.59248304
sculpture,P,word2vec_tiny_1_HOM,0.31221873,0.3810884,0.3927956,0.48247334,0.42989936,0.52363086
burden,H,word2vec_tiny_1_HOM,0.3316962,0.30297795,0.38607147,0.36082304,0.4051699,0.37906685
dependent,P,word2vec_tiny_1_HOM,0.2268955,0.22957699,0.25933972,0.24127778,0.27145267,0.24430645
enjoyable,M,word2vec_tiny_1_HOM,0.34225,0.39106658,0.41231567,0.42259043,0.43813977,0.44836357
bandit,P,word2vec_tiny_1_HOM,0.28958344,0.353255,0.3409901,0.40133202,0.36179942,0.41169664
commotion,P,word2vec_tiny_1_HOM,0.40509158,0.45425063,0.48097244,0.5114695,0.50871253,0.52883005
rum,M,word2vec_tiny_1_HOM,0.2571046,0.30640537,0.32524434,0.34132832,0.35402295,0.376006
conclusion,P,word2vec_tiny_1_HOM,0.28118768,0.30179062,0.3225569,0.34585294,0.3403865,0.3667009
shock,H,word2vec_tiny_1_HOM,0.42067212,0.49366465,0.49230376,0.6096499,0.52116674,0.6017139
horde,P,word2vec_tiny_1_HOM,0.25624937,0.31779268,0.3040615,0.38739574,0.32343918,0.41219506
menu,P,word2vec_tiny_1_HOM,0.37818947,0.48527062,0.4819437,0.59211445,0.5266984,0.64198035
technology,P,word2vec_tiny_1_HOM,0.25722635,0.3299416,0.30762178,0.37150526,0.3291136,0.40303302
arrival,P,word2vec_tiny_1_HOM,0.29787567,0.372923,0.37411845,0.44565752,0.40287986,0.47271124
weakness,P,word2vec_tiny_1_HOM,0.26826158,0.25460362,0.30935702,0.3152867,0.33327934,0.3439738
claim,P,word2vec_tiny_1_HOM,0.3460106,0.3867817,0.3990428,0.44450074,0.41978484,0.45825493
dusk,M,word2vec_tiny_1_HOM,0.2660497,0.33548546,0.32803723,0.4012911,0.3555027,0.43733194
miraculous,P,word2vec_tiny_1_HOM,0.3080065,0.35227624,0.38698274,0.42507872,0.41209915,0.44198164
snort,P,word2vec_tiny_1_HOM,0.25819615,0.3413177,0.33675492,0.43656522,0.37869942,0.47966412
fragrance,P,word2vec_tiny_1_HOM,0.22990772,0.3325815,0.33198225,0.45038927,0.37112045,0.4867061
wilderness,P,word2vec_tiny_1_HOM,0.28251815,0.33734664,0.34057757,0.41378325,0.36401245,0.43789688
swing,P,word2vec_tiny_1_HOM,0.33310795,0.46818674,0.4757,0.6325079,0.524741,0.6701815
rodeo,M,word2vec_tiny_1_HOM,0.18656246,0.20924996,0.22454743,0.25050172,0.24180469,0.26629448
turnip,P,word2vec_tiny_1_HOM,0.26295352,0.28426906,0.32274574,0.3638498,0.35347825,0.40698278
bash,P,word2vec_tiny_1_HOM,0.24797252,0.27113017,0.28702208,0.30505854,0.30681032,0.3121462
energetic,P,word2vec_tiny_1_HOM,0.35453883,0.47375175,0.4365484,0.50458586,0.4613662,0.5023302
resolve,P,word2vec_tiny_1_HOM,0.22547126,0.26879656,0.29960784,0.34558946,0.33149415,0.36976793
string,P,word2vec_tiny_1_HOM,0.27183658,0.3969857,0.41109702,0.5631945,0.46649048,0.61346394
attract,P,word2vec_tiny_1_HOM,0.3630767,0.46321785,0.44561628,0.513995,0.4742925,0.5342996
ordeal,P,word2vec_tiny_1_HOM,0.18188135,0.20142053,0.21635485,0.24911793,0.23055354,0.2665791
luxury,P,word2vec_tiny_1_HOM,0.46534604,0.572888,0.54153496,0.65517676,0.56893045,0.62719715
embassy,P,word2vec_tiny_1_HOM,0.15643087,0.15689726,0.18306996,0.19424173,0.19588608,0.21395844
glove,P,word2vec_tiny_1_HOM,0.26172882,0.34345385,0.38637108,0.5223201,0.44743103,0.6042661
personal,P,word2vec_tiny_1_HOM,0.25815207,0.28794208,0.31655833,0.36205345,0.34063694,0.38477024
claw,P,word2vec_tiny_1_HOM,0.3572863,0.47984883,0.45907563,0.5787641,0.49846762,0.60619676
mannequin,P,word2vec_tiny_1_HOM,0.25877818,0.28349733,0.32322606,0.34822178,0.3469338,0.34810337
nudge,P,word2vec_tiny_1_HOM,0.2781747,0.33586892,0.35511303,0.455934,0.38781044,0.4909792
washroom,M,word2vec_tiny_1_HOM,0.20759442,0.24628262,0.25869963,0.286767,0.2775608,0.29217172
rally,H,word2vec_tiny_1_HOM,0.20017128,0.22065063,0.23884957,0.26033264,0.2552164,0.27536213
estate,P,word2vec_tiny_1_HOM,0.20760384,0.2354805,0.2408666,0.2740399,0.25433597,0.28117287
stomp,P,word2vec_tiny_1_HOM,0.41726312,0.532893,0.5109405,0.60428596,0.544981,0.6174457
safety,P,word2vec_tiny_1_HOM,0.3849203,0.43777114,0.44232166,0.45364493,0.46459952,0.46941563
unwilling,P,word2vec_tiny_1_HOM,0.23920007,0.24922611,0.26975545,0.26236913,0.2825193,0.26922804
clip,H,word2vec_tiny_1_HOM,0.3116347,0.40047777,0.39955312,0.5234217,0.4343741,0.55502945
mayor,M,word2vec_tiny_1_HOM,0.327071,0.40052497,0.416173,0.5016677,0.4499062,0.5282298
machine,P,word2vec_tiny_1_HOM,0.36531115,0.49924126,0.46209595,0.60367686,0.50127417,0.6301959
honesty,P,word2vec_tiny_1_HOM,0.2723092,0.2999234,0.34998173,0.35994068,0.3802786,0.38543397
genie,M,word2vec_tiny_1_HOM,0.4131733,0.49751523,0.5014563,0.5228399,0.5301809,0.5340452
sharp,P,word2vec_tiny_1_HOM,0.37758794,0.50334716,0.47836912,0.5979623,0.5209801,0.62327236
plaid,P,word2vec_tiny_1_HOM,0.27444664,0.3451203,0.3606675,0.44913846,0.4062029,0.5002752
smother,P,word2vec_tiny_1_HOM,0.22398677,0.21811214,0.26070222,0.2689339,0.27433097,0.28280753
airport,M,word2vec_tiny_1_HOM,0.29369086,0.41259634,0.4208914,0.5765733,0.48129582,0.6381712
rate,H,word2vec_tiny_1_HOM,0.19222543,0.22953802,0.22168371,0.261309,0.23607846,0.2811668
bonfire,M,word2vec_tiny_1_HOM,0.30794793,0.4168017,0.38516185,0.4672775,0.41131905,0.4928271
yoga,P,word2vec_tiny_1_HOM,0.37412915,0.47650975,0.49120823,0.61624855,0.53041005,0.63460106
tablet,P,word2vec_tiny_1_HOM,0.31195635,0.38466012,0.44955882,0.5580119,0.50292224,0.61696124
calendar,P,word2vec_tiny_1_HOM,0.30893838,0.38004532,0.4090564,0.530546,0.45961097,0.608712
pawn,H,word2vec_tiny_1_HOM,0.3637764,0.43037194,0.44466835,0.5255165,0.47140872,0.55330676
limbo,H,word2vec_tiny_1_HOM,0.17223749,0.18659154,0.20790099,0.22958775,0.2262315,0.24535342
background,P,word2vec_tiny_1_HOM,0.36221042,0.40414214,0.4376117,0.49517924,0.47076088,0.5372353
endless,P,word2vec_tiny_1_HOM,0.331249,0.40720367,0.38801736,0.46283764,0.4136492,0.49022833
tag,H,word2vec_tiny_1_HOM,0.42252558,0.55747414,0.54702234,0.66011906,0.5833264,0.66203934
needle,P,word2vec_tiny_1_HOM,0.3063931,0.42951652,0.42580742,0.5770772,0.47297165,0.61925507
attach,P,word2vec_tiny_1_HOM,0.33311266,0.47617832,0.46404332,0.64048934,0.5237171,0.69348025
catfish,M,word2vec_tiny_1_HOM,0.3017903,0.3772849,0.36129588,0.43324268,0.38851115,0.4648823
slick,H,word2vec_tiny_1_HOM,0.3259505,0.37445068,0.38550246,0.44555566,0.41065267,0.4696084
seat,P,word2vec_tiny_1_HOM,0.36302358,0.5269009,0.46661568,0.63158894,0.5141394,0.6654354
yarn,P,word2vec_tiny_1_HOM,0.3652009,0.49231088,0.46562356,0.61278033,0.50849986,0.65660214
outburst,M,word2vec_tiny_1_HOM,0.22452255,0.2922325,0.26962495,0.33996275,0.28848165,0.36227897
diamond,P,word2vec_tiny_1_HOM,0.21317272,0.3104484,0.39344585,0.55593735,0.45930332,0.6134897
lipstick,M,word2vec_tiny_1_HOM,0.3723474,0.4734687,0.47147673,0.5847588,0.5090256,0.6243294
bead,P,word2vec_tiny_1_HOM,0.3221871,0.41911918,0.40698802,0.5368278,0.44667834,0.57615966
staircase,M,word2vec_tiny_1_HOM,0.31870848,0.39790618,0.4241776,0.49312544,0.45997855,0.5237518
medicine,P,word2vec_tiny_1_HOM,0.32844403,0.41902635,0.42637005,0.53657734,0.46962938,0.5732696
penalty,P,word2vec_tiny_1_HOM,0.25505286,0.2897321,0.2954392,0.29749677,0.31149983,0.3158376
hydrant,M,word2vec_tiny_1_HOM,0.30872875,0.39751655,0.3942924,0.49022904,0.43426064,0.529902
baboon,M,word2vec_tiny_1_HOM,0.1620177,0.19428219,0.18637842,0.2094189,0.1995193,0.22189724
holler,P,word2vec_tiny_1_HOM,0.20533673,0.20988417,0.23542432,0.24032609,0.2478374,0.2507795
nap,H,word2vec_tiny_1_HOM,0.33998567,0.4257108,0.48953018,0.59218615,0.5447296,0.60240847
pattern,P,word2vec_tiny_1_HOM,0.36547536,0.48496434,0.444491,0.57679576,0.4807038,0.6090189
banjo,M,word2vec_tiny_1_HOM,0.2773679,0.35621932,0.31665957,0.3908179,0.33587345,0.4074324
warehouse,P,word2vec_tiny_1_HOM,0.32566318,0.42749447,0.38132066,0.46892813,0.4064109,0.4902508
exotic,P,word2vec_tiny_1_HOM,0.2816249,0.361016,0.36873052,0.47810987,0.40431514,0.5165956
dodo,P,word2vec_tiny_1_HOM,0.22402784,0.2937517,0.32462204,0.4167951,0.39089164,0.49804053
sap,H,word2vec_tiny_1_HOM,0.34981522,0.4364418,0.41785726,0.5156882,0.44661444,0.53669983
elegant,P,word2vec_tiny_1_HOM,0.30436268,0.37031582,0.3689367,0.47864863,0.40054762,0.5056864
speed,P,word2vec_tiny_1_HOM,0.33539957,0.44103912,0.44001952,0.5305791,0.48178375,0.56708634
wax,H,word2vec_tiny_1_HOM,0.3602164,0.446281,0.43067718,0.5018115,0.45820805,0.5407986
sapphire,P,word2vec_tiny_1_HOM,0.32151264,0.41596022,0.37118772,0.4610973,0.3912773,0.470053
camel,M,word2vec_tiny_1_HOM,0.36046594,0.41610625,0.47618857,0.55317,0.52080774,0.6105168
system,P,word2vec_tiny_1_HOM,0.31668192,0.39064217,0.39244908,0.49080342,0.4256238,0.52545285
freshen,P,word2vec_tiny_1_HOM,0.14175244,0.14805904,0.17119181,0.18560213,0.18300894,0.20146222
silent,P,word2vec_tiny_1_HOM,0.41080958,0.4604429,0.47134712,0.55347824,0.49576324,0.54675704
checkup,M,word2vec_tiny_1_HOM,0.31429127,0.3845497,0.42391706,0.5021224,0.47354653,0.5479281
weaken,P,word2vec_tiny_1_HOM,0.18833709,0.19301757,0.21399315,0.2367312,0.22491944,0.2479796
chatter,P,word2vec_tiny_1_HOM,0.34748244,0.40931985,0.42626962,0.5033656,0.46044242,0.54317886
approval,P,word2vec_tiny_1_HOM,0.29651102,0.37367743,0.3633769,0.4039298,0.38725114,0.4157309
blow,H,word2vec_tiny_1_HOM,0.42854023,0.56648904,0.53050923,0.66975105,0.5662732,0.6864561
poet,P,word2vec_tiny_1_HOM,0.30094996,0.35972068,0.36649787,0.43073612,0.3972509,0.44491318
ripple,P,word2vec_tiny_1_HOM,0.24056678,0.29580665,0.3227045,0.40975684,0.36016664,0.45684645
brig,P,word2vec_tiny_1_HOM,0.2087672,0.22861904,0.24375458,0.25598702,0.25883618,0.26493654
kangaroo,M,word2vec_tiny_1_HOM,0.23854157,0.32408896,0.37095073,0.49492514,0.4260491,0.55662197
empire,P,word2vec_tiny_1_HOM,0.21520725,0.19572246,0.25048566,0.18343076,0.287805,0.33512497
rightful,P,word2vec_tiny_1_HOM,0.35880932,0.41391778,0.41978273,0.4495409,0.44424483,0.45734715
overseas,P,word2vec_tiny_1_HOM,0.22311652,0.26410535,0.26449862,0.28886354,0.28070787,0.30243334
tickle,P,word2vec_tiny_1_HOM,0.36107987,0.42807257,0.46850058,0.5437353,0.5040386,0.57241714
spook,P,word2vec_tiny_1_HOM,0.19696547,0.2076645,0.23150796,0.24383947,0.24594441,0.26042035
material,P,word2vec_tiny_1_HOM,0.34560534,0.42669722,0.41149643,0.50280315,0.43862823,0.52033454
celery,M,word2vec_tiny_1_HOM,0.21913616,0.29547444,0.31524888,0.42988703,0.37608787,0.49819872
trade,P,word2vec_tiny_1_HOM,0.414085,0.5464954,0.52988833,0.66076636,0.567177,0.66447663
chill,P,word2vec_tiny_1_HOM,0.31165677,0.38616532,0.38824925,0.4431476,0.42002892,0.46961412
award,P,word2vec_tiny_1_HOM,0.23602931,0.29824907,0.32289556,0.40868133,0.35458764,0.44068018
waterfall,M,word2vec_tiny_1_HOM,0.33822817,0.39635432,0.41892067,0.48889032,0.45383984,0.53235847
nightly,P,word2vec_tiny_1_HOM,0.25438038,0.31980506,0.29440907,0.35629258,0.31168896,0.36815557
reindeer,M,word2vec_tiny_1_HOM,0.28947166,0.3764814,0.4043787,0.5462793,0.4610611,0.59325755
force,P,word2vec_tiny_1_HOM,0.36712164,0.42344037,0.419405,0.4619537,0.4403714,0.46439996
extreme,P,word2vec_tiny_1_HOM,0.16191374,0.17559333,0.1880312,0.21175352,0.19998555,0.2278673
shiver,H,word2vec_tiny_1_HOM,0.35702035,0.4953867,0.48640022,0.6102517,0.530317,0.62581325
portion,P,word2vec_tiny_1_HOM,0.2630138,0.28353,0.3245743,0.3307343,0.35717654,0.38840207
lull,P,word2vec_tiny_1_HOM,0.21499059,0.26599407,0.25478172,0.28404796,0.27314517,0.29490247
gut,P,word2vec_tiny_1_HOM,0.25767216,0.28231937,0.33750495,0.35065624,0.36341843,0.37220246
crawl,P,word2vec_tiny_1_HOM,0.42163196,0.5773418,0.5214121,0.67229205,0.56221765,0.68624794
verb,M,word2vec_tiny_1_HOM,0.25575727,0.34757993,0.3360871,0.4263039,0.3662165,0.46214435
treatment,P,word2vec_tiny_1_HOM,0.23943892,0.2952104,0.3096086,0.39311656,0.33760408,0.4158944
surrender,P,word2vec_tiny_1_HOM,0.40865952,0.55044425,0.49327603,0.5981829,0.5200841,0.5792645
applaud,P,word2vec_tiny_1_HOM,0.35571042,0.43188778,0.5109256,0.6362334,0.5569971,0.64519954
dairy,P,word2vec_tiny_1_HOM,0.2478476,0.26372784,0.2958484,0.32343495,0.31832668,0.3636623
roadblock,P,word2vec_tiny_1_HOM,0.16563752,0.20994942,0.19612455,0.24267197,0.20907684,0.25418717
carve,P,word2vec_tiny_1_HOM,0.36657715,0.4394033,0.45264384,0.5170205,0.4843194,0.5457211
colorful,P,word2vec_tiny_1_HOM,0.3359392,0.42538244,0.45568058,0.61057067,0.5128098,0.6717692
petite,P,word2vec_tiny_1_HOM,0.24176303,0.27192533,0.27383885,0.28631678,0.28728864,0.29039878
struggle,P,word2vec_tiny_1_HOM,0.41860715,0.5460015,0.5293696,0.6863051,0.5717694,0.7006266
cluster,P,word2vec_tiny_1_HOM,0.2558194,0.33487737,0.3181137,0.41970682,0.34631875,0.46290186
exam,M,word2vec_tiny_1_HOM,0.32453153,0.42410675,0.4526335,0.5760567,0.50300586,0.60663474
motivate,M,word2vec_tiny_1_HOM,0.16023567,0.16947475,0.19463567,0.21685018,0.21278423,0.24084468
wizard,P,word2vec_tiny_1_HOM,0.28958005,0.39777833,0.378206,0.49044126,0.40820312,0.4989438
math,M,word2vec_tiny_1_HOM,0.29185048,0.40053406,0.39655626,0.5233541,0.44603515,0.5545832
creator,P,word2vec_tiny_1_HOM,0.2956999,0.34359375,0.34522048,0.38868994,0.3638563,0.39843798
bump,P,word2vec_tiny_1_HOM,0.38871005,0.48062924,0.49048325,0.57266426,0.5290834,0.6012755
greasy,P,word2vec_tiny_1_HOM,0.21819977,0.30504185,0.28189126,0.38900644,0.31243762,0.42225844
buzzer,M,word2vec_tiny_1_HOM,0.29113358,0.35749024,0.38466537,0.47817275,0.4152192,0.5013822
zombie,P,word2vec_tiny_1_HOM,0.29291254,0.362512,0.32939786,0.38779342,0.34471107,0.40014607
payment,P,word2vec_tiny_1_HOM,0.27519464,0.34058702,0.33145732,0.4075377,0.3549634,0.42532793
almond,P,word2vec_tiny_1_HOM,0.1804419,0.20783152,0.2292398,0.28254354,0.26066867,0.32510543
cling,P,word2vec_tiny_1_HOM,0.26415196,0.31916457,0.30754045,0.34660318,0.32488704,0.3564476
grin,P,word2vec_tiny_1_HOM,0.36013097,0.43016043,0.46265927,0.48697603,0.49013978,0.473548
terrific,P,word2vec_tiny_1_HOM,0.29499006,0.37713668,0.3447687,0.4027348,0.36747947,0.42625585
absence,P,word2vec_tiny_1_HOM,0.20646492,0.26409352,0.2534368,0.3198922,0.2764624,0.3543595
examine,P,word2vec_tiny_1_HOM,0.40141138,0.5602557,0.51931524,0.69390696,0.56688476,0.72885954
unlucky,P,word2vec_tiny_1_HOM,0.36177367,0.42182404,0.41237426,0.44013146,0.4328694,0.44767618
creative,P,word2vec_tiny_1_HOM,0.33517033,0.46468866,0.4683074,0.62084275,0.51731366,0.6383422
rake,H,word2vec_tiny_1_HOM,0.35073072,0.48615474,0.44909832,0.6095991,0.4935101,0.65528923
container,P,word2vec_tiny_1_HOM,0.3165021,0.40876535,0.3941975,0.4986684,0.42815766,0.5286052
text,P,word2vec_tiny_1_HOM,0.25439245,0.29884565,0.30422425,0.34529862,0.32608628,0.3457985
prowl,P,word2vec_tiny_1_HOM,0.21771565,0.24541599,0.24764502,0.25887823,0.26037836,0.26922008
bully,H,word2vec_tiny_1_HOM,0.36423996,0.42735648,0.44767225,0.52469856,0.48082587,0.53683066
cherry,P,word2vec_tiny_1_HOM,0.21540134,0.2496179,0.37437055,0.48253256,0.4447348,0.5521565
waiter,P,word2vec_tiny_1_HOM,0.34774736,0.44844383,0.44014132,0.51439273,0.47738793,0.53838503
daybreak,M,word2vec_tiny_1_HOM,0.19292842,0.21622463,0.22523685,0.23028193,0.23786584,0.24197216
witty,P,word2vec_tiny_1_HOM,0.23371728,0.24639776,0.2720688,0.25477228,0.2854365,0.26037464
fate,P,word2vec_tiny_1_HOM,0.2532747,0.30924886,0.31939802,0.37566087,0.349804,0.40649444
wart,P,word2vec_tiny_1_HOM,0.2809746,0.36492175,0.35026142,0.43805957,0.38394997,0.48261186
invent,P,word2vec_tiny_1_HOM,0.31162295,0.3612793,0.38592198,0.44494677,0.4174752,0.47778976
knock,P,word2vec_tiny_1_HOM,0.45364037,0.55637544,0.57440925,0.6919004,0.608359,0.6946296
sometime,P,word2vec_tiny_1_HOM,0.4227336,0.4486177,0.4925746,0.4632604,0.5159548,0.45306802
playful,P,word2vec_tiny_1_HOM,0.29268026,0.37653968,0.44825774,0.58138925,0.52287704,0.6520002
crumble,P,word2vec_tiny_1_HOM,0.2839878,0.35790694,0.3858362,0.48979774,0.42251626,0.5165503
slide,P,word2vec_tiny_1_HOM,0.31538162,0.45884332,0.48011863,0.6251679,0.5337043,0.6584081
muzzle,P,word2vec_tiny_1_HOM,0.24253981,0.32823104,0.30606288,0.41295654,0.33285546,0.44634342
unclear,M,word2vec_tiny_1_HOM,0.10786848,0.13844481,0.13236135,0.1665724,0.14618644,0.18955407
noodle,H,word2vec_tiny_1_HOM,0.36270958,0.38645035,0.44644815,0.43471313,0.48161027,0.47955015
kite,P,word2vec_tiny_1_HOM,0.34122986,0.47027698,0.47212207,0.62197995,0.5174797,0.6657501
shark,H,word2vec_tiny_1_HOM,0.20833054,0.25928774,0.34046748,0.44706377,0.41173923,0.5289791
seek,P,word2vec_tiny_1_HOM,0.39786404,0.5366063,0.5404464,0.65570134,0.5815374,0.6631892
asleep,P,word2vec_tiny_1_HOM,0.33670807,0.40020424,0.46539807,0.52635324,0.51337016,0.54054695
obedience,P,word2vec_tiny_1_HOM,0.1856767,0.22751203,0.25592533,0.3097395,0.28857297,0.34729347
regardless,P,word2vec_tiny_1_HOM,0.22984762,0.25167578,0.28825122,0.31547007,0.31377053,0.35115778
carousel,P,word2vec_tiny_1_HOM,0.35456935,0.46159774,0.4688106,0.5867126,0.50901955,0.6167052
wink,P,word2vec_tiny_1_HOM,0.42727286,0.5937168,0.5075787,0.6216221,0.53521836,0.6042138
departure,P,word2vec_tiny_1_HOM,0.30593878,0.3872438,0.35319653,0.42900088,0.3736229,0.43991548
injection,P,word2vec_tiny_1_HOM,0.23342781,0.29911208,0.3203474,0.40947172,0.3558226,0.4316101
support,P,word2vec_tiny_1_HOM,0.39299792,0.5404197,0.5079511,0.6099458,0.54080653,0.5761181
mammal,M,word2vec_tiny_1_HOM,0.2536962,0.26347584,0.28655183,0.28306356,0.29961324,0.29862335
wisdom,P,word2vec_tiny_1_HOM,0.364958,0.47785577,0.45501795,0.5450813,0.4858037,0.53855735
argue,P,word2vec_tiny_1_HOM,0.3948774,0.53140754,0.5411721,0.6620711,0.584764,0.66893303
unlock,P,word2vec_tiny_1_HOM,0.3478567,0.49111792,0.49487573,0.651797,0.5462007,0.67708606
quality,P,word2vec_tiny_1_HOM,0.3062757,0.32161385,0.3608043,0.3722119,0.38487756,0.39692944
appendix,P,word2vec_tiny_1_HOM,0.14755864,0.15969042,0.17493553,0.19364113,0.18718503,0.20770918
finale,P,word2vec_tiny_1_HOM,0.28722376,0.35352013,0.34488866,0.42176825,0.37320855,0.45688316
popular,P,word2vec_tiny_1_HOM,0.33662924,0.384311,0.4578889,0.57229763,0.516124,0.6523609
excellence,P,word2vec_tiny_1_HOM,0.19395776,0.23255348,0.23381476,0.29313463,0.25632885,0.32047108
hesitation,M,word2vec_tiny_1_HOM,0.35788494,0.37156478,0.41436368,0.43427852,0.43624917,0.44564888
vineyard,M,word2vec_tiny_1_HOM,0.27333507,0.35673562,0.3426759,0.44507962,0.3695199,0.47165087
remedy,P,word2vec_tiny_1_HOM,0.2707631,0.3596653,0.3193802,0.40191856,0.3378649,0.4166061
charm,P,word2vec_tiny_1_HOM,0.3113167,0.36960888,0.3728706,0.44511798,0.39672807,0.4669295
crate,P,word2vec_tiny_1_HOM,0.34453282,0.42094234,0.41877243,0.4941765,0.4452629,0.512587
twin,P,word2vec_tiny_1_HOM,0.47386461,0.58030474,0.579611,0.6350265,0.60770476,0.6063413
statue,M,word2vec_tiny_1_HOM,0.40524822,0.5310273,0.5002097,0.6470123,0.5360009,0.67336065
post,H,word2vec_tiny_1_HOM,0.3620133,0.49844536,0.47713172,0.63528407,0.520843,0.6743518
descent,P,word2vec_tiny_1_HOM,0.2507156,0.3282122,0.30756855,0.37814823,0.3302575,0.39894515
handbag,P,word2vec_tiny_1_HOM,0.28557038,0.3581919,0.33639327,0.42806527,0.35618317,0.43678418
scenery,P,word2vec_tiny_1_HOM,0.2866039,0.36190128,0.36954862,0.46744463,0.40527177,0.51459765
chant,P,word2vec_tiny_1_HOM,0.34671494,0.423514,0.4206441,0.5004617,0.44737405,0.5135717
lush,P,word2vec_tiny_1_HOM,0.2738697,0.3670819,0.36590743,0.46221352,0.40595856,0.50434524
fond,P,word2vec_tiny_1_HOM,0.42184535,0.48180962,0.48209754,0.51655495,0.5051733,0.5217518
grape,P,word2vec_tiny_1_HOM,0.20905387,0.2769121,0.34998786,0.47131693,0.42080718,0.5557612
treasure,P,word2vec_tiny_1_HOM,0.3342015,0.43443665,0.46190593,0.6192512,0.5083302,0.6425246
bladder,P,word2vec_tiny_1_HOM,0.2052401,0.2062692,0.2378127,0.2374482,0.2525465,0.25592914
dozen,P,word2vec_tiny_1_HOM,0.26687112,0.30790243,0.33325154,0.39668286,0.36185622,0.43659765
tab,P,word2vec_tiny_1_HOM,0.29002792,0.35606796,0.36111978,0.4527478,0.39311668,0.48093277
harm,P,word2vec_tiny_1_HOM,0.34079322,0.3752402,0.40294182,0.41189027,0.42501312,0.43113628
stadium,M,word2vec_tiny_1_HOM,0.28862935,0.34818032,0.43493807,0.59134704,0.49385878,0.65679735
permanent,P,word2vec_tiny_1_HOM,0.3331919,0.40111512,0.3785151,0.4383879,0.39787987,0.46442416
shutter,P,word2vec_tiny_1_HOM,0.31037349,0.35184157,0.36819354,0.4187385,0.3902016,0.42532018
outcome,M,word2vec_tiny_1_HOM,0.26231343,0.32045156,0.31220308,0.3602473,0.3369055,0.3872832
melon,M,word2vec_tiny_1_HOM,0.20361951,0.28393278,0.34697953,0.44399166,0.41933402,0.5361529
warming,P,word2vec_tiny_1_HOM,0.31850284,0.35866818,0.4065995,0.44920254,0.44626588,0.4968584
artistic,P,word2vec_tiny_1_HOM,0.2949051,0.36686534,0.35249546,0.42886668,0.37734222,0.44656914
dinosaur,P,word2vec_tiny_1_HOM,0.30771667,0.38522735,0.44922,0.5837831,0.50745773,0.64658564
cranberry,P,word2vec_tiny_1_HOM,0.15042457,0.2116029,0.21821985,0.3029164,0.25917172,0.34730956
prove,P,word2vec_tiny_1_HOM,0.34772968,0.41034728,0.4341361,0.46757284,0.46460325,0.49149898
threat,P,word2vec_tiny_1_HOM,0.38838452,0.47871315,0.4899635,0.6265586,0.52860665,0.64246404
downfall,P,word2vec_tiny_1_HOM,0.18321016,0.2323687,0.22725949,0.29236373,0.2488174,0.31706083
admit,P,word2vec_tiny_1_HOM,0.34115344,0.42267585,0.41253895,0.4594946,0.44229865,0.47693878
position,P,word2vec_tiny_1_HOM,0.32661355,0.41367888,0.3829938,0.46088082,0.4065657,0.47350594
alike,P,word2vec_tiny_1_HOM,0.38283268,0.4183102,0.45940423,0.51335657,0.48704955,0.53350556
laser,M,word2vec_tiny_1_HOM,0.29920208,0.4184861,0.41842115,0.55641073,0.4730306,0.63433605
tour,P,word2vec_tiny_1_HOM,0.31764442,0.42420983,0.45679542,0.5964289,0.5079616,0.6456049
hostage,M,word2vec_tiny_1_HOM,0.15478317,0.16948208,0.18622999,0.21669038,0.1972292,0.22761753
pepper,P,word2vec_tiny_1_HOM,0.27624363,0.34794295,0.3934336,0.4871458,0.44759843,0.5410255
symphony,P,word2vec_tiny_1_HOM,0.25441653,0.35413918,0.3140464,0.4396552,0.3396512,0.47011068
fudge,H,word2vec_tiny_1_HOM,0.3053212,0.37534246,0.34692356,0.41777104,0.3654995,0.43729678
stallion,M,word2vec_tiny_1_HOM,0.22149464,0.27896926,0.25688258,0.31364414,0.27121234,0.32352647
eyeball,P,word2vec_tiny_1_HOM,0.1723536,0.19036587,0.19670133,0.21629815,0.20754343,0.22907007
youngster,P,word2vec_tiny_1_HOM,0.2498341,0.32702458,0.294038,0.386157,0.3136302,0.40416652
chimpanzee,M,word2vec_tiny_1_HOM,0.28422782,0.313707,0.32352883,0.35754248,0.33895272,0.37086144
accuse,M,word2vec_tiny_1_HOM,0.21333027,0.244626,0.26399425,0.28547558,0.29153848,0.30250388
naked,P,word2vec_tiny_1_HOM,0.30136782,0.40168294,0.36318278,0.45961943,0.39011672,0.48260114
priority,P,word2vec_tiny_1_HOM,0.17568354,0.1875481,0.2173394,0.22246909,0.23818472,0.25075763
propeller,M,word2vec_tiny_1_HOM,0.291619,0.38041207,0.38458902,0.49062076,0.42564,0.53944856
lollipop,M,word2vec_tiny_1_HOM,0.2808995,0.35616997,0.39930606,0.5374538,0.45339504,0.596534
poem,P,word2vec_tiny_1_HOM,0.30286464,0.41571647,0.41663834,0.54816496,0.46820983,0.5869075
decorator,M,word2vec_tiny_1_HOM,0.22580981,0.23275764,0.26434466,0.2765209,0.28081176,0.28641817
flashy,P,word2vec_tiny_1_HOM,0.39837664,0.48285353,0.4480024,0.5304278,0.46621346,0.5372543
heap,P,word2vec_tiny_1_HOM,0.29249078,0.38142556,0.36613053,0.4747693,0.40037426,0.5025189
rumor,P,word2vec_tiny_1_HOM,0.25725985,0.3178624,0.33267063,0.39807588,0.35987568,0.42529073
momentary,P,word2vec_tiny_1_HOM,0.15871163,0.1800378,0.182563,0.21208894,0.19432244,0.22836582
washer,P,word2vec_tiny_1_HOM,0.32793838,0.44984788,0.40557593,0.51358116,0.4386612,0.53763723
expiration,P,word2vec_tiny_1_HOM,0.23088059,0.2275497,0.2725987,0.27958587,0.28843844,0.28858736
glorious,P,word2vec_tiny_1_HOM,0.22479124,0.29785386,0.2930959,0.3890653,0.33178872,0.44244307
precaution,P,word2vec_tiny_1_HOM,0.1696517,0.17244396,0.19960546,0.21227036,0.2146325,0.23386592
approve,P,word2vec_tiny_1_HOM,0.22930321,0.2469892,0.27624118,0.29162022,0.2938054,0.30819514
weekly,P,word2vec_tiny_1_HOM,0.28840598,0.35461044,0.35452697,0.4258333,0.38083953,0.43533677
blizzard,P,word2vec_tiny_1_HOM,0.2584004,0.26471552,0.29761133,0.30034503,0.312867,0.31717235
border,P,word2vec_tiny_1_HOM,0.31106085,0.38891423,0.37221095,0.45941967,0.4045042,0.4990805
nighttime,M,word2vec_tiny_1_HOM,0.32082027,0.36814117,0.39555073,0.456806,0.42666924,0.47629175
mascara,M,word2vec_tiny_1_HOM,0.26992154,0.36285537,0.3549051,0.46004346,0.389234,0.50335246
dandy,P,word2vec_tiny_1_HOM,0.28498197,0.33165368,0.3327807,0.3741897,0.354532,0.3980083
suspicion,P,word2vec_tiny_1_HOM,0.20959353,0.27799833,0.23977774,0.31633434,0.25349873,0.33112437
science,P,word2vec_tiny_1_HOM,0.34306166,0.40119645,0.4175426,0.46531236,0.4472371,0.4914407
universe,P,word2vec_tiny_1_HOM,0.33796057,0.45894593,0.45169353,0.59812045,0.4958126,0.63663965
papaya,M,word2vec_tiny_1_HOM,0.31255916,0.3576255,0.3658763,0.43604118,0.38940877,0.46420932
spite,P,word2vec_tiny_1_HOM,0.21905915,0.24578975,0.2735228,0.32404065,0.29389712,0.35263568
finder,P,word2vec_tiny_1_HOM,0.3449183,0.38701683,0.41998607,0.48431388,0.45631623,0.5211679
dune,M,word2vec_tiny_1_HOM,0.30947322,0.39452693,0.36974445,0.44653505,0.39557922,0.4640018
affection,P,word2vec_tiny_1_HOM,0.25679177,0.27946216,0.3221654,0.35025913,0.347852,0.38083377
pollution,P,word2vec_tiny_1_HOM,0.27845827,0.35592,0.34276432,0.45311993,0.3679822,0.48396245
creation,P,word2vec_tiny_1_HOM,0.32466602,0.39508957,0.43426612,0.49108604,0.47081184,0.5033831
ounce,H,word2vec_tiny_1_HOM,0.23005147,0.24154465,0.2628965,0.26266158,0.27584094,0.27797014
kidnap,M,word2vec_tiny_1_HOM,0.26992148,0.32084474,0.3466133,0.42899823,0.37665862,0.4361635
nonstop,M,word2vec_tiny_1_HOM,0.28070408,0.2672291,0.32587814,0.32660097,0.3433746,0.33569053
weasel,P,word2vec_tiny_1_HOM,0.16598348,0.21063653,0.19462523,0.2496325,0.2082411,0.26151544
leaf,P,word2vec_tiny_1_HOM,0.30754107,0.38969597,0.41453624,0.53962755,0.47003013,0.6162758
despite,P,word2vec_tiny_1_HOM,0.3065364,0.3336248,0.37340587,0.4129977,0.39921883,0.43866494
reputation,P,word2vec_tiny_1_HOM,0.21550259,0.2487431,0.25823766,0.3020036,0.2784798,0.3292033
portrait,P,word2vec_tiny_1_HOM,0.26214173,0.34711856,0.31030583,0.39213789,0.33198684,0.4074149
tame,P,word2vec_tiny_1_HOM,0.31559837,0.37665188,0.38232625,0.46052018,0.4109646,0.48190704
bulldozer,M,word2vec_tiny_1_HOM,0.33125144,0.35110334,0.3954135,0.4580749,0.42304417,0.49079105
batter,H,word2vec_tiny_1_HOM,0.2638077,0.36307275,0.37134022,0.4548167,0.42024016,0.4861057
mop,P,word2vec_tiny_1_HOM,0.3543102,0.4967356,0.45610288,0.5948451,0.5061858,0.65276897
bathwork,HOM*,word2vec_tiny_1_HOM,0.3148203,0.33983514,0.4246003,0.53742146,0.4789216,0.60670525
