word,ambiguity_type,model,nbhd_dist_20,nbhd_pairdist_20,nbhd_dist_100,nbhd_pairdist_100,nbhd_dist_200,nbhd_pairdist_200
lifelong,M,word2vec_tiny_50_HYP,0.31767938,0.3589727,0.37416345,0.4074092,0.3965253,0.41866782
pirate,P,word2vec_tiny_50_HYP,0.3173225,0.43177587,0.4307717,0.5859064,0.48501793,0.6390935
gasoline,M,word2vec_tiny_50_HYP,0.30786997,0.3937913,0.3666274,0.45570892,0.39826706,0.4883184
gopher,P,word2vec_tiny_50_HYP,0.29047197,0.31877595,0.33581582,0.381471,0.355142,0.40469638
substance,P,word2vec_tiny_50_HYP,0.26206803,0.32983685,0.3285318,0.44325918,0.35985854,0.4787115
strap,P,word2vec_tiny_50_HYP,0.35087258,0.44402677,0.44252884,0.5656688,0.4806986,0.60618234
pitch,H,word2vec_tiny_50_HYP,0.35222262,0.46868667,0.47098082,0.63735396,0.51555467,0.6766298
countdown,P,word2vec_tiny_50_HYP,0.22682662,0.23854011,0.29991397,0.31594047,0.33800536,0.38902667
pink,H,word2vec_tiny_50_HYP,0.30077875,0.4194107,0.44230667,0.5739205,0.49489373,0.61408484
perky,M,word2vec_tiny_50_HYP,0.33304292,0.3668787,0.38507247,0.4444329,0.40396377,0.46611005
fearless,M,word2vec_tiny_50_HYP,0.27457762,0.3649329,0.34173,0.43236756,0.37243247,0.4593882
lotion,P,word2vec_tiny_50_HYP,0.34553665,0.44540572,0.45493397,0.60785085,0.4966814,0.6440939
annoy,P,word2vec_tiny_50_HYP,0.31710616,0.38416955,0.38095334,0.44549873,0.4081373,0.46404442
hoop,P,word2vec_tiny_50_HYP,0.31424326,0.44160178,0.44053867,0.5868247,0.48937196,0.644772
doorman,M,word2vec_tiny_50_HYP,0.22442035,0.22614856,0.2577903,0.25805658,0.27081573,0.2664844
cookie,P,word2vec_tiny_50_HYP,0.27058357,0.33885163,0.37248582,0.47275606,0.4223735,0.5077832
romantic,P,word2vec_tiny_50_HYP,0.21485272,0.1976954,0.25451186,0.23191948,0.26981393,0.24594033
square,P,word2vec_tiny_50_HYP,0.33235282,0.46826133,0.46843514,0.63009477,0.51483744,0.6709996
vibration,P,word2vec_tiny_50_HYP,0.24835391,0.2907824,0.32241225,0.3857561,0.35200515,0.42955196
spacious,P,word2vec_tiny_50_HYP,0.32649058,0.37316573,0.37638843,0.44101313,0.39952582,0.47255734
toilet,P,word2vec_tiny_50_HYP,0.34627518,0.48806685,0.46286237,0.6161794,0.5066486,0.6625057
accompany,P,word2vec_tiny_50_HYP,0.24001205,0.29600602,0.2829835,0.34674394,0.30059746,0.36101758
wildlife,M,word2vec_tiny_50_HYP,0.29802722,0.3765184,0.3582333,0.45482066,0.39008123,0.49237627
speech,P,word2vec_tiny_50_HYP,0.31095612,0.3377775,0.3688358,0.42238942,0.39459816,0.45081207
household,P,word2vec_tiny_50_HYP,0.21176024,0.20339729,0.24839708,0.23641023,0.26477918,0.25233802
lend,P,word2vec_tiny_50_HYP,0.38092396,0.5001532,0.520284,0.6562782,0.5740085,0.69249004
attack,P,word2vec_tiny_50_HYP,0.34975013,0.41583207,0.4423301,0.4928264,0.4779023,0.5258257
cone,P,word2vec_tiny_50_HYP,0.3036136,0.3955579,0.4453335,0.5555437,0.49742123,0.60555077
rope,P,word2vec_tiny_50_HYP,0.29138026,0.41561005,0.42485565,0.5873451,0.4761723,0.6407549
agreement,P,word2vec_tiny_50_HYP,0.37779546,0.4216156,0.45183083,0.45958075,0.47656277,0.465598
unable,M,word2vec_tiny_50_HYP,0.3297767,0.38832375,0.40757883,0.46604273,0.4394489,0.4788966
gracious,P,word2vec_tiny_50_HYP,0.22021048,0.26613957,0.2654146,0.3079358,0.28447005,0.33214465
hind,H,word2vec_tiny_50_HYP,0.37663856,0.49588576,0.4551943,0.5412021,0.4844962,0.57080346
park,P,word2vec_tiny_50_HYP,0.3881926,0.5226459,0.519872,0.6555979,0.5689228,0.6976187
detector,P,word2vec_tiny_50_HYP,0.28504243,0.35121825,0.3548323,0.4491903,0.38512078,0.48455995
distance,P,word2vec_tiny_50_HYP,0.37846616,0.47036773,0.44214004,0.5065484,0.4688084,0.5220399
drum,P,word2vec_tiny_50_HYP,0.24706474,0.33733428,0.40019727,0.5381173,0.46351945,0.59444827
accident,P,word2vec_tiny_50_HYP,0.47087377,0.5657518,0.56444436,0.6595074,0.59646463,0.6579875
moon,P,word2vec_tiny_50_HYP,0.29850245,0.4128566,0.4365282,0.5725808,0.49017656,0.60872185
restless,P,word2vec_tiny_50_HYP,0.29417676,0.40778205,0.4491489,0.569164,0.52771306,0.6613802
reality,P,word2vec_tiny_50_HYP,0.29526317,0.32927197,0.35774833,0.3857155,0.3841919,0.41202793
equal,P,word2vec_tiny_50_HYP,0.3417135,0.43370736,0.42415568,0.50321907,0.45462716,0.5155125
buoy,P,word2vec_tiny_50_HYP,0.280993,0.2991675,0.3455561,0.41514248,0.3764351,0.45423707
regain,P,word2vec_tiny_50_HYP,0.25853723,0.28315184,0.3007003,0.33372465,0.31859887,0.3476302
pudding,P,word2vec_tiny_50_HYP,0.21996073,0.28147113,0.27519917,0.33667606,0.30529702,0.3783956
wing,P,word2vec_tiny_50_HYP,0.3877998,0.5093353,0.49487478,0.61998963,0.53846544,0.6547497
greedy,P,word2vec_tiny_50_HYP,0.33609664,0.41252077,0.47693074,0.56501675,0.5192909,0.5939094
hoof,P,word2vec_tiny_50_HYP,0.37807977,0.44462717,0.4583776,0.5261107,0.4893702,0.55906403
poorly,P,word2vec_tiny_50_HYP,0.3276013,0.38103235,0.38984057,0.42463678,0.41400826,0.4411205
mink,P,word2vec_tiny_50_HYP,0.28618315,0.34220174,0.33127484,0.3841819,0.34694478,0.39583227
plumber,P,word2vec_tiny_50_HYP,0.36130065,0.41063604,0.4529715,0.50861746,0.4829795,0.5308942
toaster,H,word2vec_tiny_50_HYP,0.34811717,0.43829787,0.44691047,0.5431665,0.48547393,0.57895297
disposal,P,word2vec_tiny_50_HYP,0.18688025,0.20866115,0.21743672,0.23617874,0.2303321,0.2489899
pounce,P,word2vec_tiny_50_HYP,0.43801785,0.4618742,0.5070418,0.5363442,0.53239983,0.5548848
pleasant,P,word2vec_tiny_50_HYP,0.3352193,0.3510099,0.40560767,0.4463973,0.43380156,0.48251915
janitor,M,word2vec_tiny_50_HYP,0.3335236,0.31565076,0.39345568,0.45327958,0.41664955,0.46341085
selfish,P,word2vec_tiny_50_HYP,0.32269582,0.4649254,0.46376818,0.6247319,0.51948076,0.6558013
cloak,P,word2vec_tiny_50_HYP,0.32976007,0.4447853,0.42412323,0.5406126,0.46313903,0.56913924
honor,P,word2vec_tiny_50_HYP,0.27057868,0.35091007,0.33156368,0.4051397,0.35876733,0.42912933
continue,P,word2vec_tiny_50_HYP,0.43051147,0.46600658,0.48781472,0.4766884,0.5055523,0.4824248
fright,P,word2vec_tiny_50_HYP,0.23764873,0.2767333,0.30869782,0.36663687,0.33686942,0.4035295
panic,P,word2vec_tiny_50_HYP,0.37682134,0.49038687,0.51087874,0.63319814,0.5546033,0.64118296
joker,P,word2vec_tiny_50_HYP,0.33126795,0.4327199,0.396119,0.4954817,0.4248685,0.5151904
bug,P,word2vec_tiny_50_HYP,0.27319464,0.34050858,0.409159,0.54685783,0.47118798,0.60623616
plaster,P,word2vec_tiny_50_HYP,0.26244518,0.34694955,0.34892207,0.4430455,0.3875572,0.4859262
poise,P,word2vec_tiny_50_HYP,0.21067715,0.266674,0.2419766,0.2885173,0.25485831,0.30758956
territory,P,word2vec_tiny_50_HYP,0.32833692,0.35978326,0.38653263,0.41854852,0.40911284,0.44777533
infection,P,word2vec_tiny_50_HYP,0.26904735,0.31990787,0.3791938,0.4596735,0.42595398,0.5086191
selective,P,word2vec_tiny_50_HYP,0.15141383,0.163851,0.18179794,0.19156729,0.19614726,0.21306399
heater,P,word2vec_tiny_50_HYP,0.38658935,0.46861333,0.4711072,0.571671,0.50665677,0.59749436
tailor,P,word2vec_tiny_50_HYP,0.32014042,0.39252284,0.38749507,0.46421728,0.41378343,0.4790888
confront,P,word2vec_tiny_50_HYP,0.26085013,0.33330354,0.32594022,0.40383458,0.35569724,0.42726377
folder,P,word2vec_tiny_50_HYP,0.24657395,0.33793205,0.38564265,0.5358143,0.45580903,0.6156064
various,P,word2vec_tiny_50_HYP,0.3036035,0.39274424,0.37971374,0.506833,0.41275597,0.53222257
green,P,word2vec_tiny_50_HYP,0.3570497,0.4285759,0.48491454,0.6449821,0.52906775,0.6772979
sweaty,P,word2vec_tiny_50_HYP,0.4229223,0.520519,0.5282979,0.6199616,0.5633776,0.6409536
drip,P,word2vec_tiny_50_HYP,0.35965443,0.4117353,0.4446367,0.5161836,0.47562066,0.54530656
horseback,P,word2vec_tiny_50_HYP,0.30749884,0.338348,0.3560493,0.39202523,0.3740036,0.4005134
angle,H,word2vec_tiny_50_HYP,0.3448969,0.4071103,0.4108632,0.48208153,0.43567264,0.5073992
burp,P,word2vec_tiny_50_HYP,0.3179191,0.37535504,0.38728905,0.44373515,0.41874015,0.47307792
crook,P,word2vec_tiny_50_HYP,0.281139,0.34712914,0.3268684,0.39708117,0.34556046,0.41536182
rosary,P,word2vec_tiny_50_HYP,0.19542268,0.19629323,0.23208842,0.23390278,0.25112736,0.25126395
newborn,P,word2vec_tiny_50_HYP,0.24323817,0.2809021,0.28152415,0.29783022,0.2953959,0.30166024
grenade,P,word2vec_tiny_50_HYP,0.32893598,0.39070198,0.37834156,0.42632177,0.39756677,0.43898252
frisky,M,word2vec_tiny_50_HYP,0.2690849,0.32866243,0.33543414,0.39584807,0.36144966,0.4146682
goose,P,word2vec_tiny_50_HYP,0.25104335,0.34665054,0.3911547,0.52999204,0.46034646,0.6115281
lag,P,word2vec_tiny_50_HYP,0.1848437,0.18173395,0.2092302,0.21661021,0.22151995,0.23174512
anger,P,word2vec_tiny_50_HYP,0.29126573,0.33714545,0.37719476,0.4198001,0.412465,0.4478836
burner,P,word2vec_tiny_50_HYP,0.25065285,0.30918252,0.3280074,0.4176831,0.3648703,0.4689793
terrain,M,word2vec_tiny_50_HYP,0.28396407,0.34782153,0.3524355,0.42872518,0.38241833,0.45993653
mercy,P,word2vec_tiny_50_HYP,0.33904716,0.4042621,0.4095602,0.43512592,0.43585572,0.45399195
shrimp,P,word2vec_tiny_50_HYP,0.2092452,0.27036628,0.3515507,0.46018085,0.42023253,0.5453147
ski,P,word2vec_tiny_50_HYP,0.3363796,0.43195328,0.40431747,0.4958473,0.4329376,0.51067615
stack,P,word2vec_tiny_50_HYP,0.3251263,0.43323952,0.4695892,0.6103877,0.51855797,0.65606934
definition,P,word2vec_tiny_50_HYP,0.2568985,0.30637658,0.33108762,0.40789407,0.3607262,0.43655983
elephant,M,word2vec_tiny_50_HYP,0.2439355,0.31185445,0.31129265,0.38836622,0.3421025,0.42655343
injury,P,word2vec_tiny_50_HYP,0.21262097,0.2944892,0.29863355,0.39372772,0.3350093,0.42120585
computer,P,word2vec_tiny_50_HYP,0.29553288,0.4264705,0.41257828,0.57575065,0.46927252,0.6356232
misty,P,word2vec_tiny_50_HYP,0.36258155,0.44552705,0.42895874,0.4167172,0.4511307,0.44038448
electrical,M,word2vec_tiny_50_HYP,0.23699573,0.30120924,0.27777585,0.34082192,0.29260018,0.35922438
birthday,M,word2vec_tiny_50_HYP,0.36072126,0.47171247,0.4921311,0.61963195,0.5428233,0.6537515
haunt,P,word2vec_tiny_50_HYP,0.24889271,0.23368277,0.28918678,0.2662993,0.30591777,0.27772203
pavement,P,word2vec_tiny_50_HYP,0.4097128,0.48534396,0.4717625,0.57446027,0.49886382,0.5885755
airfield,M,word2vec_tiny_50_HYP,0.26286605,0.29354823,0.31682742,0.32765037,0.33597806,0.3409794
unsure,P,word2vec_tiny_50_HYP,0.33687767,0.38516572,0.43732384,0.4809028,0.47068483,0.49034986
monkey,P,word2vec_tiny_50_HYP,0.25676915,0.31320035,0.3996465,0.5131136,0.46803826,0.5964967
brisk,P,word2vec_tiny_50_HYP,0.2078197,0.22627747,0.23966134,0.24135235,0.25243387,0.25102004
clumsy,P,word2vec_tiny_50_HYP,0.3564661,0.38609353,0.48168296,0.5909214,0.5464353,0.659189
beard,P,word2vec_tiny_50_HYP,0.3878773,0.50424486,0.52116895,0.6511336,0.5632212,0.6832604
hateful,P,word2vec_tiny_50_HYP,0.17475247,0.20217678,0.2115612,0.2188588,0.22917637,0.23699673
profound,P,word2vec_tiny_50_HYP,0.18748745,0.21509755,0.21748345,0.25601372,0.23147604,0.269222
frightful,P,word2vec_tiny_50_HYP,0.1854528,0.25959098,0.22654091,0.32991847,0.24395947,0.3504718
outsider,P,word2vec_tiny_50_HYP,0.18840432,0.19973682,0.22082661,0.2115968,0.23349008,0.21973823
sweat,P,word2vec_tiny_50_HYP,0.35341614,0.43319917,0.4233185,0.47868112,0.45378318,0.515713
stability,M,word2vec_tiny_50_HYP,0.25360528,0.29064065,0.30767617,0.35856324,0.32840773,0.38005376
strong,P,word2vec_tiny_50_HYP,0.39648184,0.5456373,0.5185061,0.63815856,0.55671275,0.64350224
singer,P,word2vec_tiny_50_HYP,0.31727633,0.41791442,0.42219424,0.53297746,0.468309,0.5647596
platter,P,word2vec_tiny_50_HYP,0.21962324,0.25316602,0.27484858,0.32457766,0.30632755,0.358709
horn,P,word2vec_tiny_50_HYP,0.35571548,0.48815385,0.4505365,0.56919444,0.49368536,0.6092313
sting,P,word2vec_tiny_50_HYP,0.31836376,0.4041046,0.4181933,0.5102187,0.4603126,0.54480046
health,P,word2vec_tiny_50_HYP,0.34692734,0.40242156,0.4044478,0.43995634,0.42823148,0.46292382
dazzle,P,word2vec_tiny_50_HYP,0.319193,0.38484177,0.36702076,0.43805,0.38554054,0.45042598
headache,P,word2vec_tiny_50_HYP,0.34364367,0.39098495,0.45826548,0.52376235,0.50017583,0.56358796
infant,P,word2vec_tiny_50_HYP,0.41180643,0.5438252,0.52271587,0.6525036,0.558476,0.6495368
maker,P,word2vec_tiny_50_HYP,0.40250587,0.45169166,0.47777772,0.50304455,0.507451,0.5237598
limit,P,word2vec_tiny_50_HYP,0.3608737,0.42946708,0.40866363,0.4748605,0.42902565,0.49863154
yard,H,word2vec_tiny_50_HYP,0.4061125,0.5513248,0.5292696,0.6671466,0.57389855,0.68770665
expense,P,word2vec_tiny_50_HYP,0.2183383,0.18549341,0.26703423,0.2364906,0.29115993,0.26337367
snug,P,word2vec_tiny_50_HYP,0.33081132,0.45011702,0.43344867,0.49847353,0.46846062,0.5141602
branch,P,word2vec_tiny_50_HYP,0.35275215,0.47295097,0.46155524,0.6236415,0.50991136,0.66714215
button,P,word2vec_tiny_50_HYP,0.3287069,0.4529434,0.44934344,0.5816805,0.4962477,0.62330896
hesitate,P,word2vec_tiny_50_HYP,0.3230584,0.36360398,0.3725553,0.3998504,0.39549232,0.4237407
jackpot,P,word2vec_tiny_50_HYP,0.21251743,0.21542926,0.2419635,0.22937678,0.2540957,0.2394177
reach,P,word2vec_tiny_50_HYP,0.42399675,0.5544979,0.54128957,0.6823619,0.58668405,0.71353847
virus,P,word2vec_tiny_50_HYP,0.30437535,0.35887346,0.38432834,0.4465904,0.41508397,0.47769547
workers,P,word2vec_tiny_50_HYP,0.3507598,0.4901079,0.44217885,0.5837764,0.48037872,0.61326927
block,P,word2vec_tiny_50_HYP,0.38639912,0.47206855,0.4920533,0.61465496,0.5281481,0.6380045
cradle,P,word2vec_tiny_50_HYP,0.35468277,0.35119224,0.4055539,0.4159707,0.4261511,0.425925
peppermint,P,word2vec_tiny_50_HYP,0.25979146,0.26369706,0.30902135,0.3391642,0.32937393,0.36907825
punk,P,word2vec_tiny_50_HYP,0.2448279,0.21789522,0.27694026,0.25833812,0.28989756,0.26422337
solid,P,word2vec_tiny_50_HYP,0.35479555,0.4504451,0.4165794,0.49727178,0.44028252,0.51471764
morality,P,word2vec_tiny_50_HYP,0.13808596,0.1521909,0.17243338,0.19703105,0.18882641,0.21658657
tackle,P,word2vec_tiny_50_HYP,0.30503637,0.32790023,0.36786193,0.40413123,0.39557618,0.4402646
mural,P,word2vec_tiny_50_HYP,0.28948087,0.36025706,0.37738878,0.4708837,0.4180426,0.5037031
dramatic,P,word2vec_tiny_50_HYP,0.25671616,0.27973327,0.2971936,0.3402768,0.31337243,0.35496992
grasp,P,word2vec_tiny_50_HYP,0.26139614,0.34158555,0.3193708,0.40058845,0.3439316,0.4216376
frog,H,word2vec_tiny_50_HYP,0.3040632,0.4130403,0.43218315,0.55972016,0.4851919,0.61781436
dig,P,word2vec_tiny_50_HYP,0.34910905,0.47192597,0.49884945,0.6334438,0.5485928,0.666737
continent,P,word2vec_tiny_50_HYP,0.27631822,0.31018043,0.3367056,0.41900843,0.36405426,0.4462726
destiny,P,word2vec_tiny_50_HYP,0.24472043,0.31444833,0.2964023,0.35952386,0.3208329,0.39377594
tune,P,word2vec_tiny_50_HYP,0.29504654,0.37774736,0.42743027,0.488388,0.4821318,0.5381378
vision,P,word2vec_tiny_50_HYP,0.27340847,0.32655242,0.32747215,0.3914408,0.34859246,0.41815025
shave,P,word2vec_tiny_50_HYP,0.4282101,0.48806313,0.51764476,0.59328806,0.5487014,0.59581083
scan,P,word2vec_tiny_50_HYP,0.25942507,0.323405,0.3272287,0.42523444,0.35996726,0.4605618
sitter,P,word2vec_tiny_50_HYP,0.28462788,0.2926695,0.32139358,0.31330594,0.33748809,0.3191602
steam,P,word2vec_tiny_50_HYP,0.37961966,0.5166183,0.46674296,0.5752825,0.5054563,0.6109102
keen,H,word2vec_tiny_50_HYP,0.35309324,0.41072884,0.40588954,0.42128852,0.42532325,0.39845264
rejoin,H,word2vec_tiny_50_HYP,0.1540062,0.18820633,0.17732689,0.20631477,0.18864323,0.21736167
autograph,P,word2vec_tiny_50_HYP,0.27699947,0.35956374,0.33522397,0.4070606,0.3598537,0.42387438
steward,P,word2vec_tiny_50_HYP,0.21350396,0.21418706,0.2521462,0.24956515,0.2678028,0.25917813
partner,P,word2vec_tiny_50_HYP,0.35023248,0.38999748,0.40994167,0.4794228,0.43905067,0.50937605
cast,P,word2vec_tiny_50_HYP,0.40030736,0.4745536,0.48204178,0.5750785,0.5106928,0.6037897
vengeful,M,word2vec_tiny_50_HYP,0.18901947,0.21622108,0.21868381,0.24023855,0.23299351,0.25809795
brilliance,P,word2vec_tiny_50_HYP,0.23108184,0.30667138,0.28991923,0.39069068,0.3173874,0.42214912
cockroach,M,word2vec_tiny_50_HYP,0.2578004,0.30566874,0.30976135,0.35433507,0.33066863,0.36717966
similar,M,word2vec_tiny_50_HYP,0.3550869,0.4457814,0.41928047,0.49927422,0.4425267,0.51503724
countless,M,word2vec_tiny_50_HYP,0.3209206,0.40320358,0.38440293,0.46602514,0.40977904,0.4904351
scramble,P,word2vec_tiny_50_HYP,0.29286045,0.33832029,0.33545217,0.38949323,0.35375664,0.41612753
antique,P,word2vec_tiny_50_HYP,0.2777267,0.2921748,0.31784922,0.33982623,0.33542758,0.35824138
skip,P,word2vec_tiny_50_HYP,0.3835188,0.53703725,0.51188684,0.65635574,0.5472672,0.6473577
generation,P,word2vec_tiny_50_HYP,0.35058123,0.37691247,0.40022305,0.41093937,0.42044792,0.43596822
treat,P,word2vec_tiny_50_HYP,0.3180464,0.38969234,0.42631832,0.49451235,0.4663706,0.52253616
gobble,H,word2vec_tiny_50_HYP,0.29480395,0.34414512,0.38418284,0.42236158,0.427913,0.4722642
athlete,P,word2vec_tiny_50_HYP,0.2742501,0.31052122,0.3288863,0.41582295,0.35656768,0.44425166
rug,P,word2vec_tiny_50_HYP,0.265508,0.3780973,0.41879627,0.58044493,0.4781982,0.640807
paint,P,word2vec_tiny_50_HYP,0.28787747,0.39035684,0.41978827,0.531485,0.48084298,0.59260225
passionate,P,word2vec_tiny_50_HYP,0.27504006,0.35496575,0.3387733,0.40303266,0.36719483,0.42963573
push,P,word2vec_tiny_50_HYP,0.3546827,0.5072777,0.48636472,0.659522,0.53717524,0.6863684
liar,M,word2vec_tiny_50_HYP,0.28857327,0.36753,0.4101989,0.5134326,0.45258248,0.5308129
password,M,word2vec_tiny_50_HYP,0.32258826,0.41201892,0.39376113,0.44657466,0.4247876,0.48423275
buzzard,P,word2vec_tiny_50_HYP,0.3218234,0.2435705,0.35179597,0.24987246,0.3722393,0.37854955
deadly,P,word2vec_tiny_50_HYP,0.26291206,0.3132119,0.31253266,0.377679,0.33434975,0.39929658
thorough,P,word2vec_tiny_50_HYP,0.2578055,0.30661198,0.3213905,0.36712623,0.34454605,0.37930325
level,P,word2vec_tiny_50_HYP,0.40045136,0.4586505,0.45550174,0.5132243,0.47832757,0.52803016
offer,P,word2vec_tiny_50_HYP,0.39059207,0.4769632,0.45711458,0.4833165,0.47961044,0.4973811
jerk,H,word2vec_tiny_50_HYP,0.26995027,0.30356652,0.3203229,0.34998968,0.34234238,0.36922207
accurate,P,word2vec_tiny_50_HYP,0.23856273,0.30176425,0.29296917,0.3567458,0.321414,0.38250813
train,P,word2vec_tiny_50_HYP,0.2703368,0.37311774,0.40262526,0.54372704,0.46062604,0.5946805
dart,P,word2vec_tiny_50_HYP,0.3330426,0.42469275,0.41216144,0.49656817,0.44230783,0.5281057
insecure,P,word2vec_tiny_50_HYP,0.13817437,0.14723654,0.1637676,0.18008365,0.17699562,0.20038088
nibble,P,word2vec_tiny_50_HYP,0.3630965,0.45064744,0.46277812,0.5391685,0.49346367,0.55306643
bacon,M,word2vec_tiny_50_HYP,0.2574543,0.25006673,0.31644106,0.3385858,0.34974736,0.3756589
cope,H,word2vec_tiny_50_HYP,0.2189084,0.26019174,0.27140296,0.3204979,0.29706216,0.34424648
ballet,P,word2vec_tiny_50_HYP,0.34202832,0.40057412,0.4340131,0.50943,0.4674594,0.5508761
soak,P,word2vec_tiny_50_HYP,0.3592776,0.4548761,0.480622,0.59792197,0.5249769,0.6261427
steady,P,word2vec_tiny_50_HYP,0.430897,0.5224001,0.5262694,0.61033213,0.56082654,0.6249679
perfume,P,word2vec_tiny_50_HYP,0.3400965,0.4722639,0.462669,0.60905254,0.5079724,0.6490858
patient,P,word2vec_tiny_50_HYP,0.39624763,0.46814987,0.51135015,0.5865956,0.54952455,0.5659219
barefoot,M,word2vec_tiny_50_HYP,0.3020053,0.37976807,0.35872006,0.4323172,0.3812385,0.45298937
stale,P,word2vec_tiny_50_HYP,0.23606241,0.2634771,0.28754967,0.3360235,0.3149532,0.36779144
invade,P,word2vec_tiny_50_HYP,0.14786206,0.16133572,0.1779648,0.193366,0.19163384,0.21659236
fry,H,word2vec_tiny_50_HYP,0.19787726,0.24139196,0.26170492,0.32195452,0.30143034,0.36455658
fetch,P,word2vec_tiny_50_HYP,0.41283402,0.52584946,0.50958174,0.6448709,0.55328023,0.6607743
stressful,M,word2vec_tiny_50_HYP,0.17034358,0.17266892,0.20087585,0.20080389,0.21383923,0.21778636
fabulous,P,word2vec_tiny_50_HYP,0.27612475,0.3641195,0.34700134,0.43330273,0.371594,0.45362118
cabin,P,word2vec_tiny_50_HYP,0.30989355,0.434513,0.46423283,0.6242945,0.5213429,0.6634644
lonesome,P,word2vec_tiny_50_HYP,0.25501937,0.28652522,0.29325414,0.35528922,0.30827466,0.3773168
jester,P,word2vec_tiny_50_HYP,0.3698203,0.42198333,0.43658546,0.5153814,0.46335647,0.53767157
morale,M,word2vec_tiny_50_HYP,0.12831166,0.1515083,0.16400523,0.19258916,0.18055092,0.21267432
assistant,P,word2vec_tiny_50_HYP,0.30230486,0.3588397,0.35535282,0.4230579,0.37851533,0.44109848
fat,P,word2vec_tiny_50_HYP,0.3125988,0.4169193,0.46726227,0.59568435,0.5321571,0.6704005
contribute,P,word2vec_tiny_50_HYP,0.19812338,0.2144189,0.2478655,0.27501303,0.27294776,0.30531046
trend,P,word2vec_tiny_50_HYP,0.256162,0.29088056,0.29538062,0.34173566,0.3112531,0.35263526
exhaust,P,word2vec_tiny_50_HYP,0.23017769,0.26009795,0.26801562,0.31165957,0.28406045,0.312971
jealous,P,word2vec_tiny_50_HYP,0.41500482,0.45061943,0.5446085,0.6658036,0.59019053,0.68709934
blouse,P,word2vec_tiny_50_HYP,0.25645012,0.3656989,0.3846456,0.5226288,0.44442123,0.5860519
squid,M,word2vec_tiny_50_HYP,0.30897856,0.3663878,0.3821459,0.46782383,0.41305152,0.50324655
fragile,P,word2vec_tiny_50_HYP,0.4087078,0.5524942,0.5413654,0.6522928,0.5837778,0.67371064
worthless,P,word2vec_tiny_50_HYP,0.34251183,0.45215064,0.40814382,0.47581652,0.4301537,0.4714583
clinic,P,word2vec_tiny_50_HYP,0.32962263,0.40626466,0.45221728,0.5385322,0.49702445,0.5786737
hefty,P,word2vec_tiny_50_HYP,0.20789489,0.23105125,0.2382882,0.2617901,0.25047487,0.27272946
humor,P,word2vec_tiny_50_HYP,0.29886508,0.28034064,0.3456294,0.3341238,0.36729625,0.36733937
ultimate,P,word2vec_tiny_50_HYP,0.27635542,0.28913128,0.3343109,0.36373287,0.35790044,0.38846645
fruity,P,word2vec_tiny_50_HYP,0.28639644,0.3033441,0.36033994,0.38039845,0.3972019,0.41681987
rowdy,P,word2vec_tiny_50_HYP,0.268186,0.29842472,0.30402735,0.33456063,0.31867495,0.34100863
zone,P,word2vec_tiny_50_HYP,0.41186398,0.39419946,0.47453898,0.41626787,0.49954972,0.43526602
appreciate,P,word2vec_tiny_50_HYP,0.35524,0.38719657,0.42028177,0.4186406,0.44435948,0.423565
walrus,M,word2vec_tiny_50_HYP,0.3182467,0.33503097,0.3767155,0.4270138,0.40032348,0.4369751
instrument,P,word2vec_tiny_50_HYP,0.3096336,0.35323098,0.41119382,0.49551508,0.45622453,0.54339933
vial,M,word2vec_tiny_50_HYP,0.15856501,0.1634956,0.18324293,0.20355283,0.19596523,0.22079971
microwave,P,word2vec_tiny_50_HYP,0.31620908,0.4117663,0.4209059,0.5196286,0.45933342,0.5537908
mustard,P,word2vec_tiny_50_HYP,0.20600286,0.23243313,0.29174635,0.33826703,0.33172008,0.3858241
camper,P,word2vec_tiny_50_HYP,0.24064727,0.23545557,0.27230942,0.26371804,0.28509465,0.2721339
robbery,M,word2vec_tiny_50_HYP,0.27468196,0.32780656,0.33871117,0.40729526,0.363814,0.43839946
epic,P,word2vec_tiny_50_HYP,0.23907892,0.30280203,0.29871243,0.3897761,0.32324877,0.41155472
lighthouse,M,word2vec_tiny_50_HYP,0.3352182,0.3677755,0.41073427,0.47060806,0.44044363,0.50281584
agony,P,word2vec_tiny_50_HYP,0.22227447,0.32898784,0.27071616,0.38685995,0.29343158,0.40729058
bike,P,word2vec_tiny_50_HYP,0.23673265,0.34496868,0.39270166,0.5490889,0.4533271,0.60263354
thrust,P,word2vec_tiny_50_HYP,0.2410264,0.3233346,0.30491027,0.38963455,0.3295717,0.41989
basket,P,word2vec_tiny_50_HYP,0.37326127,0.52549314,0.47919372,0.5894756,0.5167858,0.6029928
capable,P,word2vec_tiny_50_HYP,0.25797012,0.2798228,0.31273955,0.35709763,0.34139445,0.38842413
edible,P,word2vec_tiny_50_HYP,0.27608582,0.30227235,0.32630157,0.37117943,0.34851906,0.39921734
series,P,word2vec_tiny_50_HYP,0.28920335,0.35951394,0.34337926,0.4168546,0.36893982,0.45202973
backpack,P,word2vec_tiny_50_HYP,0.39181238,0.51331615,0.49789935,0.613679,0.53338915,0.628928
fear,P,word2vec_tiny_50_HYP,0.3007194,0.35364944,0.36693576,0.41398883,0.39630562,0.43439522
gift,P,word2vec_tiny_50_HYP,0.36842707,0.47820324,0.48499143,0.58991355,0.5207269,0.5834508
giant,P,word2vec_tiny_50_HYP,0.37004548,0.4851082,0.4626464,0.5897793,0.49975258,0.60483205
timer,P,word2vec_tiny_50_HYP,0.38743305,0.47793207,0.4980206,0.6036634,0.5384911,0.63396955
hobby,H,word2vec_tiny_50_HYP,0.34684736,0.42114574,0.41558853,0.4654249,0.43873033,0.4721181
scrape,P,word2vec_tiny_50_HYP,0.26867938,0.36628166,0.36229205,0.4778538,0.40408966,0.5249084
pussycat,M,word2vec_tiny_50_HYP,0.2589973,0.30116725,0.2978467,0.3335994,0.31452012,0.35662794
location,P,word2vec_tiny_50_HYP,0.3074227,0.3598431,0.35773033,0.43541136,0.37845108,0.45654035
wolf,P,word2vec_tiny_50_HYP,0.29025894,0.38534707,0.40928802,0.5489964,0.45887834,0.5784959
solar,P,word2vec_tiny_50_HYP,0.3132453,0.38262588,0.389199,0.4893919,0.420683,0.52025414
elevator,P,word2vec_tiny_50_HYP,0.3758381,0.4625827,0.47232497,0.59770626,0.51460475,0.6467056
evident,M,word2vec_tiny_50_HYP,0.14533918,0.17202458,0.17210573,0.2008541,0.18418226,0.2137226
exact,P,word2vec_tiny_50_HYP,0.3426916,0.43304226,0.41319394,0.4832436,0.43870866,0.5139278
debate,P,word2vec_tiny_50_HYP,0.22335796,0.27378008,0.27919275,0.29875702,0.2973736,0.314127
pump,H,word2vec_tiny_50_HYP,0.39138287,0.4582274,0.4811367,0.5736366,0.5143447,0.59845066
healthy,P,word2vec_tiny_50_HYP,0.43724018,0.5405706,0.518807,0.6056964,0.54857904,0.60061395
therapy,P,word2vec_tiny_50_HYP,0.3082848,0.33510104,0.36619228,0.38717863,0.39113498,0.3955193
crafty,M,word2vec_tiny_50_HYP,0.28843576,0.35292068,0.33094513,0.38085356,0.35247985,0.4133081
wandering,P,word2vec_tiny_50_HYP,0.3299212,0.44372734,0.45461082,0.5686066,0.49881142,0.582366
club,P,word2vec_tiny_50_HYP,0.36530694,0.48555568,0.46936503,0.6312057,0.509375,0.6701362
racetrack,M,word2vec_tiny_50_HYP,0.22998106,0.26824883,0.26900965,0.30045763,0.28453827,0.31678373
orb,P,word2vec_tiny_50_HYP,0.31155378,0.3536845,0.35878074,0.4207991,0.38158935,0.44607008
girlfriend,P,word2vec_tiny_50_HYP,0.23997048,0.28075835,0.2846655,0.27529833,0.30298924,0.296456
dispenser,M,word2vec_tiny_50_HYP,0.22365654,0.28217056,0.28426754,0.3544703,0.30796826,0.3676324
conscience,P,word2vec_tiny_50_HYP,0.21201345,0.2347247,0.259343,0.26971123,0.28410017,0.2837468
connect,P,word2vec_tiny_50_HYP,0.3374299,0.45445243,0.42720318,0.5062851,0.45848447,0.5391517
truck,H,word2vec_tiny_50_HYP,0.29618588,0.37413308,0.41286266,0.5410764,0.45657554,0.5751809
banana,P,word2vec_tiny_50_HYP,0.2908317,0.3263414,0.4120861,0.48720357,0.47047806,0.57061267
weep,P,word2vec_tiny_50_HYP,0.35383433,0.47528562,0.50965613,0.64465714,0.5597935,0.6699578
goal,P,word2vec_tiny_50_HYP,0.341153,0.44206077,0.4661764,0.5721436,0.5080392,0.5554481
purpose,P,word2vec_tiny_50_HYP,0.4549412,0.4798835,0.50774455,0.49726388,0.5253505,0.49145555
nation,P,word2vec_tiny_50_HYP,0.33144042,0.4605364,0.47022086,0.6198088,0.51527405,0.6500691
slingshot,M,word2vec_tiny_50_HYP,0.324468,0.3676175,0.41222245,0.50339043,0.44808793,0.5362565
proper,P,word2vec_tiny_50_HYP,0.36208698,0.40681309,0.41544452,0.45539922,0.43513846,0.46682608
calculate,P,word2vec_tiny_50_HYP,0.21575192,0.25965503,0.25495276,0.3098433,0.2738924,0.3267084
salmon,P,word2vec_tiny_50_HYP,0.28431058,0.36296794,0.34449056,0.44151992,0.3686515,0.46251976
overhead,P,word2vec_tiny_50_HYP,0.3209717,0.36903927,0.39530388,0.47324765,0.4314323,0.49850732
mighty,P,word2vec_tiny_50_HYP,0.30845612,0.42553368,0.44445366,0.59601665,0.49904242,0.6296928
galaxy,P,word2vec_tiny_50_HYP,0.3147025,0.42287332,0.38339782,0.5039661,0.41293404,0.5281022
mirror,P,word2vec_tiny_50_HYP,0.40810233,0.5222497,0.48785198,0.6044015,0.5208442,0.63683075
crowd,P,word2vec_tiny_50_HYP,0.3381762,0.426638,0.4275285,0.5297457,0.46307,0.5695738
bullet,P,word2vec_tiny_50_HYP,0.3059086,0.3959154,0.37675887,0.48760548,0.41024452,0.5127956
fishy,P,word2vec_tiny_50_HYP,0.21341386,0.25557762,0.31829095,0.42618203,0.37942666,0.5105881
strike,P,word2vec_tiny_50_HYP,0.3558725,0.5097095,0.49114498,0.6647883,0.5426314,0.6937438
havoc,P,word2vec_tiny_50_HYP,0.25232953,0.33603513,0.30654347,0.4048896,0.32654083,0.42538202
prosperous,P,word2vec_tiny_50_HYP,0.23121396,0.23385544,0.26855183,0.25573993,0.28617823,0.27162305
puck,M,word2vec_tiny_50_HYP,0.3475829,0.4521492,0.45569003,0.5919448,0.5017868,0.64105767
stairway,M,word2vec_tiny_50_HYP,0.28407145,0.35009646,0.34748662,0.39293656,0.3693856,0.41027173
indulge,P,word2vec_tiny_50_HYP,0.15196583,0.17551884,0.17960094,0.20901853,0.19096039,0.2203082
lure,P,word2vec_tiny_50_HYP,0.36135527,0.41138107,0.42589048,0.49667343,0.44975045,0.52329236
jet,H,word2vec_tiny_50_HYP,0.25723094,0.3809703,0.42655373,0.59843975,0.48452827,0.64523613
efficient,P,word2vec_tiny_50_HYP,0.28318483,0.33799005,0.33667302,0.38660344,0.35760674,0.40154812
surround,P,word2vec_tiny_50_HYP,0.28688827,0.30816096,0.34261474,0.39466703,0.36630154,0.4315084
impolite,M,word2vec_tiny_50_HYP,0.15736553,0.16775295,0.19264747,0.20348577,0.20996468,0.22218286
rocker,P,word2vec_tiny_50_HYP,0.3401639,0.39852104,0.38968864,0.45090944,0.41108313,0.4648084
topic,P,word2vec_tiny_50_HYP,0.31370905,0.33694884,0.38420296,0.43329033,0.41553527,0.46984488
sunshine,P,word2vec_tiny_50_HYP,0.32867533,0.39651817,0.41492158,0.50746495,0.45118064,0.5281337
subtle,P,word2vec_tiny_50_HYP,0.24200268,0.29035687,0.28316125,0.32848534,0.30223137,0.35350975
warmed,P,word2vec_tiny_50_HYP,0.36471042,0.44505966,0.44455025,0.5130568,0.47309858,0.5316861
hatred,M,word2vec_tiny_50_HYP,0.1855528,0.24362923,0.22490662,0.29379752,0.24288975,0.31255108
antenna,P,word2vec_tiny_50_HYP,0.2976024,0.38607642,0.3894899,0.5074458,0.42581064,0.54068625
talent,P,word2vec_tiny_50_HYP,0.3239496,0.38272345,0.40064648,0.4403041,0.43048584,0.47530812
tooth,P,word2vec_tiny_50_HYP,0.42062098,0.5361491,0.49670288,0.6204884,0.5300826,0.6426719
modesty,P,word2vec_tiny_50_HYP,0.19826125,0.2237225,0.24846195,0.29479623,0.27775237,0.32745126
mute,P,word2vec_tiny_50_HYP,0.19101278,0.19897977,0.23022626,0.24833967,0.24763401,0.2651083
prosperity,M,word2vec_tiny_50_HYP,0.15325275,0.18766403,0.19135195,0.22911555,0.2087677,0.24193515
chowder,M,word2vec_tiny_50_HYP,0.22498779,0.2572294,0.27719277,0.3053142,0.2971218,0.33300665
starve,P,word2vec_tiny_50_HYP,0.20558259,0.19513306,0.23502488,0.21580009,0.24680944,0.2279832
moth,P,word2vec_tiny_50_HYP,0.39190993,0.42684907,0.44547024,0.48828736,0.46631926,0.4975754
mug,P,word2vec_tiny_50_HYP,0.29668027,0.42697665,0.41260335,0.5670097,0.46744213,0.62475115
panel,P,word2vec_tiny_50_HYP,0.26968187,0.36591834,0.34622958,0.47254544,0.3815452,0.5137875
tender,H,word2vec_tiny_50_HYP,0.25886375,0.24877383,0.31470942,0.33115864,0.34390786,0.36926872
robe,P,word2vec_tiny_50_HYP,0.35363612,0.44739434,0.47545832,0.59075564,0.5198169,0.64227355
expand,P,word2vec_tiny_50_HYP,0.29406998,0.36636856,0.3473484,0.41531947,0.370686,0.44533232
flame,P,word2vec_tiny_50_HYP,0.33784437,0.4749556,0.45757473,0.59972215,0.5032919,0.62635165
positive,P,word2vec_tiny_50_HYP,0.26143283,0.2803017,0.31663847,0.34931383,0.3448789,0.37650278
hungry,P,word2vec_tiny_50_HYP,0.41922703,0.5487218,0.51824796,0.6580344,0.5588607,0.6770909
bank,H,word2vec_tiny_50_HYP,0.4269815,0.56802034,0.52281713,0.612922,0.55222696,0.6192837
bark,H,word2vec_tiny_50_HYP,0.37712654,0.48732293,0.48168972,0.58228254,0.51875347,0.6101485
posture,P,word2vec_tiny_50_HYP,0.17279722,0.21390633,0.19900486,0.23173714,0.20978035,0.24063444
tangible,P,word2vec_tiny_50_HYP,0.13073678,0.1450233,0.15832171,0.18214524,0.17027175,0.1978293
harvest,P,word2vec_tiny_50_HYP,0.26518348,0.3164093,0.3797641,0.45911318,0.42627186,0.5038547
powder,P,word2vec_tiny_50_HYP,0.35234162,0.45428252,0.4542351,0.59226316,0.4947778,0.634476
sensation,P,word2vec_tiny_50_HYP,0.28944224,0.3748879,0.39059934,0.48378927,0.42619285,0.5127735
gloom,P,word2vec_tiny_50_HYP,0.23274978,0.30561915,0.30065677,0.39290565,0.3333145,0.41615453
climax,P,word2vec_tiny_50_HYP,0.20452909,0.2525493,0.2409988,0.29283878,0.25597727,0.30983767
selfless,M,word2vec_tiny_50_HYP,0.18765795,0.25174007,0.23737396,0.2987854,0.26069686,0.32189098
brandy,P,word2vec_tiny_50_HYP,0.19890487,0.18985088,0.23453324,0.20157082,0.2558373,0.23602845
simmer,P,word2vec_tiny_50_HYP,0.16583154,0.20024729,0.198695,0.22994334,0.21383072,0.24698225
ashamed,P,word2vec_tiny_50_HYP,0.35765785,0.4735257,0.4833809,0.6351522,0.5341859,0.6443599
stinky,M,word2vec_tiny_50_HYP,0.30774245,0.37698573,0.4351541,0.5056364,0.48328835,0.5451764
grunt,P,word2vec_tiny_50_HYP,0.2649367,0.34172443,0.339088,0.4338057,0.37344083,0.46573895
flush,H,word2vec_tiny_50_HYP,0.33376178,0.4246186,0.42567074,0.50616497,0.4570242,0.5373928
pulp,P,word2vec_tiny_50_HYP,0.24534008,0.2927234,0.3214895,0.3859752,0.35573807,0.42746124
slumber,P,word2vec_tiny_50_HYP,0.26155272,0.33227974,0.3220223,0.39047587,0.34866944,0.41368726
empathy,P,word2vec_tiny_50_HYP,0.16880211,0.18651342,0.21265875,0.2258802,0.23635574,0.25635856
pedestal,P,word2vec_tiny_50_HYP,0.25183895,0.274344,0.2877428,0.30617076,0.30163774,0.31770965
stylish,M,word2vec_tiny_50_HYP,0.3229482,0.39174193,0.40605178,0.48791197,0.4456391,0.53521806
pity,P,word2vec_tiny_50_HYP,0.31757742,0.33752686,0.377606,0.3991455,0.40052962,0.42572227
defend,P,word2vec_tiny_50_HYP,0.30510822,0.32776657,0.39412373,0.44686118,0.43128356,0.49047247
skilled,P,word2vec_tiny_50_HYP,0.2986887,0.37757066,0.37224773,0.43539092,0.40977883,0.45846757
fulfill,P,word2vec_tiny_50_HYP,0.24960765,0.28035256,0.3289268,0.36134222,0.36289474,0.40325966
skid,P,word2vec_tiny_50_HYP,0.2277664,0.31875536,0.31750977,0.42836934,0.35614204,0.47742167
navigate,P,word2vec_tiny_50_HYP,0.2964734,0.3578542,0.3525673,0.43549106,0.37466148,0.45671454
crocodile,P,word2vec_tiny_50_HYP,0.24577072,0.35521755,0.36987332,0.5185374,0.43345284,0.5828135
tenth,P,word2vec_tiny_50_HYP,0.36003911,0.37031415,0.45816186,0.42133117,0.49790585,0.50661856
ingredient,P,word2vec_tiny_50_HYP,0.33566314,0.3497532,0.40278852,0.41211328,0.4319728,0.4510419
gull,H,word2vec_tiny_50_HYP,0.21798845,0.23710121,0.25105265,0.2637939,0.2639344,0.27247125
toot,P,word2vec_tiny_50_HYP,0.30967495,0.37677863,0.41408008,0.5363084,0.46103162,0.59568894
draw,P,word2vec_tiny_50_HYP,0.27900273,0.37287194,0.40193343,0.5108871,0.46242929,0.5635324
drill,H,word2vec_tiny_50_HYP,0.2840989,0.3500676,0.36848235,0.4878954,0.40768242,0.53266966
elegance,P,word2vec_tiny_50_HYP,0.21991968,0.27125928,0.2682477,0.3366023,0.28744677,0.36213097
mischief,P,word2vec_tiny_50_HYP,0.39183757,0.43392164,0.45552468,0.48240054,0.47964996,0.4942829
mirage,P,word2vec_tiny_50_HYP,0.39254397,0.4661924,0.44273484,0.52216184,0.46355033,0.5241735
rule,P,word2vec_tiny_50_HYP,0.4023921,0.47532853,0.4826368,0.50596,0.5093017,0.52155
monstrous,P,word2vec_tiny_50_HYP,0.20605388,0.27286512,0.26166287,0.3613287,0.2881902,0.3935353
mellow,P,word2vec_tiny_50_HYP,0.28817362,0.28780723,0.33531556,0.3563815,0.3550753,0.37281817
watering,P,word2vec_tiny_50_HYP,0.35556155,0.4128346,0.4574467,0.52893966,0.50596076,0.5701346
musician,P,word2vec_tiny_50_HYP,0.32580033,0.41023216,0.44073948,0.5508127,0.48830524,0.60923916
ignorance,M,word2vec_tiny_50_HYP,0.21366413,0.27518338,0.27450627,0.3543233,0.3005566,0.3750813
scratch,P,word2vec_tiny_50_HYP,0.35491177,0.42315677,0.44650304,0.53308207,0.48500678,0.560067
slow,P,word2vec_tiny_50_HYP,0.38723665,0.47777778,0.49697495,0.6022735,0.5392303,0.62897277
beach,P,word2vec_tiny_50_HYP,0.32046893,0.40521872,0.43953013,0.5336686,0.49443534,0.6084035
pesky,M,word2vec_tiny_50_HYP,0.29860336,0.36411804,0.3571529,0.42976934,0.3845903,0.4522126
lemon,P,word2vec_tiny_50_HYP,0.26670712,0.30956152,0.41491902,0.48401898,0.46907777,0.5244965
backward,P,word2vec_tiny_50_HYP,0.4006842,0.46755242,0.5197522,0.58404475,0.56059355,0.61657715
groundhog,M,word2vec_tiny_50_HYP,0.24622521,0.29175717,0.29002362,0.354888,0.31137308,0.38256064
brow,P,word2vec_tiny_50_HYP,0.24287085,0.31744504,0.29984456,0.38895807,0.32303944,0.41467637
flag,H,word2vec_tiny_50_HYP,0.37654385,0.5279905,0.46467075,0.63027376,0.50263673,0.6639859
studio,P,word2vec_tiny_50_HYP,0.35049802,0.42271903,0.4297356,0.5257867,0.46161872,0.54118556
wet,P,word2vec_tiny_50_HYP,0.31563273,0.46282074,0.46638507,0.62174404,0.51333785,0.6373516
keyboard,P,word2vec_tiny_50_HYP,0.30136076,0.4020433,0.39029163,0.5166048,0.43200743,0.56148183
surface,P,word2vec_tiny_50_HYP,0.33749795,0.40454084,0.4130655,0.49992886,0.4480099,0.53445315
arrive,P,word2vec_tiny_50_HYP,0.41823548,0.5231126,0.5099398,0.6400385,0.54853904,0.6556513
strut,H,word2vec_tiny_50_HYP,0.2619352,0.33497792,0.34188586,0.4292839,0.36836082,0.44950557
tactic,M,word2vec_tiny_50_HYP,0.2746492,0.27489346,0.31005326,0.30234292,0.3243287,0.3070284
skinny,P,word2vec_tiny_50_HYP,0.39355883,0.44452477,0.47159594,0.562994,0.5017514,0.580966
remind,P,word2vec_tiny_50_HYP,0.40341824,0.5267212,0.49514142,0.54294324,0.5242143,0.49505395
blindfold,P,word2vec_tiny_50_HYP,0.29170734,0.33082685,0.33846256,0.35638928,0.35633546,0.36846673
drool,P,word2vec_tiny_50_HYP,0.2826326,0.35577965,0.35484093,0.44198778,0.38242885,0.48089483
swoop,P,word2vec_tiny_50_HYP,0.35894656,0.4405468,0.43612668,0.5142245,0.46488026,0.54856473
gas,P,word2vec_tiny_50_HYP,0.34539744,0.49428314,0.45117205,0.57373714,0.49181557,0.6003471
ankle,M,word2vec_tiny_50_HYP,0.28731328,0.35988176,0.37748536,0.4827513,0.41432542,0.51274544
reporter,P,word2vec_tiny_50_HYP,0.3383169,0.3862335,0.41730946,0.4774881,0.44897616,0.51348317
scheme,P,word2vec_tiny_50_HYP,0.22262497,0.23353313,0.25021636,0.26043478,0.26279742,0.2751738
accomplish,P,word2vec_tiny_50_HYP,0.25279674,0.28945512,0.3341537,0.34783435,0.371175,0.3797237
adapt,P,word2vec_tiny_50_HYP,0.21060678,0.22525948,0.26901644,0.263549,0.29828036,0.29466578
massive,P,word2vec_tiny_50_HYP,0.26131767,0.33376867,0.3277647,0.41085792,0.35170883,0.43899813
proposal,P,word2vec_tiny_50_HYP,0.24745211,0.32047066,0.2922969,0.37514704,0.31057733,0.39985192
count,H,word2vec_tiny_50_HYP,0.39060292,0.45154133,0.5193088,0.6151281,0.56293166,0.64456135
minus,P,word2vec_tiny_50_HYP,0.19523594,0.18296173,0.2670185,0.31267828,0.32107422,0.41444921
bath,P,word2vec_tiny_50_HYP,0.34518662,0.41881666,0.46625745,0.531106,0.512245,0.55863315
limousine,P,word2vec_tiny_50_HYP,0.308526,0.344703,0.36893222,0.39686495,0.39319557,0.43128422
glitter,P,word2vec_tiny_50_HYP,0.29448694,0.40444535,0.3868577,0.4988126,0.42411923,0.55310446
soup,P,word2vec_tiny_50_HYP,0.2277967,0.3315881,0.3200302,0.440053,0.36320606,0.47422382
portable,P,word2vec_tiny_50_HYP,0.29866415,0.3778077,0.3424517,0.3950536,0.36014158,0.39985368
helicopter,M,word2vec_tiny_50_HYP,0.277467,0.40593913,0.43512928,0.6024381,0.49064454,0.64710873
skull,P,word2vec_tiny_50_HYP,0.32010502,0.41227722,0.4357819,0.572437,0.4843144,0.64015675
yacht,P,word2vec_tiny_50_HYP,0.23011295,0.3001171,0.37601888,0.52034855,0.44362175,0.59725857
jog,H,word2vec_tiny_50_HYP,0.39101863,0.5379726,0.52465975,0.67807055,0.5689168,0.7206077
inspire,P,word2vec_tiny_50_HYP,0.20659077,0.24073176,0.2578229,0.29848558,0.28773364,0.33832318
chin,P,word2vec_tiny_50_HYP,0.36148238,0.47727984,0.44298446,0.5251789,0.47108367,0.55039054
casserole,P,word2vec_tiny_50_HYP,0.18630192,0.19631678,0.23318101,0.2626727,0.25764367,0.28498888
nervous,P,word2vec_tiny_50_HYP,0.30099434,0.381496,0.4887678,0.63825315,0.55157554,0.67630506
clamp,P,word2vec_tiny_50_HYP,0.2556046,0.28559566,0.30450138,0.32271543,0.32307023,0.3363767
relative,P,word2vec_tiny_50_HYP,0.30538383,0.38522178,0.35836488,0.44231972,0.3820816,0.46028507
batch,P,word2vec_tiny_50_HYP,0.33296382,0.3095613,0.39131883,0.4071096,0.4213909,0.4349961
loyalty,P,word2vec_tiny_50_HYP,0.2126133,0.25810602,0.29103085,0.34918058,0.32495743,0.37979302
brittle,P,word2vec_tiny_50_HYP,0.31785795,0.40778977,0.39121592,0.47389606,0.4191866,0.48927945
click,P,word2vec_tiny_50_HYP,0.34529433,0.4580925,0.44078052,0.562604,0.48442894,0.5913567
population,P,word2vec_tiny_50_HYP,0.18698022,0.16924053,0.21675715,0.2112644,0.2285447,0.22128017
outline,P,word2vec_tiny_50_HYP,0.2702194,0.3552277,0.35634747,0.4673774,0.39026892,0.5130134
peep,H,word2vec_tiny_50_HYP,0.2824175,0.2991969,0.36654115,0.47179925,0.4113053,0.5331025
birthmark,M,word2vec_tiny_50_HYP,0.19467787,0.22096218,0.23394194,0.2564835,0.24983883,0.26926866
task,P,word2vec_tiny_50_HYP,0.36524317,0.46571326,0.45344186,0.49660528,0.4850348,0.50628597
coconut,P,word2vec_tiny_50_HYP,0.3831822,0.45254743,0.45867473,0.51614684,0.48989287,0.5555922
decipher,P,word2vec_tiny_50_HYP,0.15129189,0.17218105,0.17518719,0.19588302,0.18675834,0.21220589
guardian,P,word2vec_tiny_50_HYP,0.33642194,0.36949337,0.3927182,0.42039707,0.41360816,0.44287983
runner,P,word2vec_tiny_50_HYP,0.34603053,0.4491607,0.46382213,0.5829627,0.51161337,0.6152571
moody,P,word2vec_tiny_50_HYP,0.14833915,0.16287546,0.17463866,0.18447451,0.1868991,0.20330645
diver,P,word2vec_tiny_50_HYP,0.3341025,0.4537457,0.44000274,0.57161766,0.48426497,0.62175393
punish,P,word2vec_tiny_50_HYP,0.38623807,0.5294535,0.487271,0.62702346,0.5322619,0.6522251
constant,P,word2vec_tiny_50_HYP,0.24965513,0.2791106,0.29472235,0.32947013,0.31981364,0.35896325
cowgirl,P,word2vec_tiny_50_HYP,0.34368277,0.43139416,0.4293763,0.5222296,0.46036774,0.5489473
concern,P,word2vec_tiny_50_HYP,0.2661727,0.31284463,0.32280228,0.3681666,0.34797958,0.39489698
remove,P,word2vec_tiny_50_HYP,0.38551122,0.52584594,0.4970364,0.6588621,0.54274625,0.67878217
shift,P,word2vec_tiny_50_HYP,0.27819824,0.35673156,0.33020982,0.41669926,0.352649,0.44318882
pinch,P,word2vec_tiny_50_HYP,0.37773302,0.5240389,0.4990692,0.641737,0.53856707,0.64909
adorable,P,word2vec_tiny_50_HYP,0.3258351,0.40136132,0.47018215,0.562242,0.5422679,0.66579187
stash,P,word2vec_tiny_50_HYP,0.41184133,0.47836077,0.47583717,0.5241376,0.50063,0.53649133
rage,P,word2vec_tiny_50_HYP,0.26178986,0.31919917,0.3260653,0.40205947,0.35409024,0.4308002
crisp,P,word2vec_tiny_50_HYP,0.2904758,0.31575844,0.35836434,0.42657316,0.38856494,0.46710145
grow,P,word2vec_tiny_50_HYP,0.33631378,0.48302543,0.47344416,0.565312,0.5253603,0.60958624
lair,P,word2vec_tiny_50_HYP,0.23300657,0.2977711,0.30877423,0.38522372,0.34132603,0.43348905
smudge,P,word2vec_tiny_50_HYP,0.32213223,0.3887373,0.4039198,0.4696773,0.44038156,0.5123058
virtue,P,word2vec_tiny_50_HYP,0.2441018,0.2404935,0.29871166,0.30026227,0.3285116,0.33291605
tremble,P,word2vec_tiny_50_HYP,0.35820958,0.50025666,0.4882391,0.64028174,0.53221923,0.6475148
numerous,P,word2vec_tiny_50_HYP,0.24479966,0.2852039,0.2900393,0.31681383,0.30568963,0.32978344
spoil,P,word2vec_tiny_50_HYP,0.42626637,0.5433121,0.54377216,0.6778746,0.58403414,0.6832638
strand,H,word2vec_tiny_50_HYP,0.2847014,0.3506321,0.35456046,0.46000975,0.38349688,0.4960546
shady,P,word2vec_tiny_50_HYP,0.42726105,0.51936966,0.5451507,0.67541385,0.5884163,0.7079109
porcelain,P,word2vec_tiny_50_HYP,0.28527096,0.3292171,0.33263573,0.3979489,0.35136425,0.41094238
leak,P,word2vec_tiny_50_HYP,0.3957753,0.48683122,0.4994135,0.6124739,0.53634715,0.6175333
untouched,P,word2vec_tiny_50_HYP,0.3259891,0.3869802,0.39161092,0.44354498,0.4152054,0.46593353
cluck,P,word2vec_tiny_50_HYP,0.2558583,0.3306096,0.38966,0.49001878,0.4431854,0.54933655
badge,P,word2vec_tiny_50_HYP,0.36607745,0.4900119,0.48054773,0.602904,0.5228952,0.6310902
fateful,P,word2vec_tiny_50_HYP,0.25743407,0.3028108,0.29868597,0.35467193,0.3147071,0.3704039
rag,H,word2vec_tiny_50_HYP,0.31851196,0.41790876,0.4063026,0.53571284,0.45900252,0.6059299
agency,P,word2vec_tiny_50_HYP,0.23680393,0.25946534,0.26880896,0.27108458,0.28109553,0.28345793
kicker,P,word2vec_tiny_50_HYP,0.29471412,0.38132247,0.38752648,0.45189127,0.42232352,0.47283915
impossible,P,word2vec_tiny_50_HYP,0.3334989,0.4083407,0.39815083,0.43537197,0.42426136,0.46233246
splinter,P,word2vec_tiny_50_HYP,0.29423356,0.3645216,0.37184143,0.45937657,0.4029789,0.492704
brighten,P,word2vec_tiny_50_HYP,0.33873954,0.35066527,0.40476087,0.36394194,0.43357694,0.397321
character,P,word2vec_tiny_50_HYP,0.38379765,0.45809022,0.46857584,0.5451438,0.49453002,0.5431775
conscious,P,word2vec_tiny_50_HYP,0.13492076,0.15294236,0.16559547,0.19842641,0.18277904,0.2228857
cello,M,word2vec_tiny_50_HYP,0.23822924,0.292976,0.2989835,0.37309423,0.32594913,0.38294092
device,P,word2vec_tiny_50_HYP,0.35228044,0.43179435,0.4298315,0.5313413,0.4598049,0.5672945
seed,P,word2vec_tiny_50_HYP,0.30876154,0.38952896,0.4469367,0.53331804,0.4969925,0.5796188
feature,P,word2vec_tiny_50_HYP,0.29790115,0.35741833,0.3382744,0.39715192,0.35485673,0.41125527
hammock,M,word2vec_tiny_50_HYP,0.34533286,0.39915743,0.40690544,0.46840253,0.43037704,0.48845366
stride,P,word2vec_tiny_50_HYP,0.18439205,0.21287793,0.21916758,0.25265214,0.23249,0.26844883
patrol,P,word2vec_tiny_50_HYP,0.306776,0.3628009,0.36677265,0.4202419,0.38998756,0.44481078
boom,H,word2vec_tiny_50_HYP,0.34323424,0.43744227,0.43572086,0.51450455,0.47750473,0.5507195
tall,P,word2vec_tiny_50_HYP,0.4058013,0.53915644,0.49588263,0.65041953,0.53758013,0.678978
scrap,H,word2vec_tiny_50_HYP,0.24613781,0.32835236,0.31371072,0.42992178,0.34645802,0.4727746
outer,M,word2vec_tiny_50_HYP,0.35116416,0.4408339,0.42689428,0.51309043,0.46061656,0.53483886
journal,P,word2vec_tiny_50_HYP,0.2394404,0.32009223,0.3985341,0.5369995,0.46420822,0.6084488
humble,P,word2vec_tiny_50_HYP,0.25215733,0.3365026,0.40987766,0.55790377,0.4859792,0.6164458
mixture,P,word2vec_tiny_50_HYP,0.25618824,0.33103436,0.3381118,0.41704074,0.37614372,0.4501852
jumbo,P,word2vec_tiny_50_HYP,0.3229227,0.36741722,0.38468513,0.44750562,0.41070434,0.46874306
mattress,P,word2vec_tiny_50_HYP,0.28835103,0.37273797,0.45114282,0.6074467,0.5024847,0.65877783
sway,P,word2vec_tiny_50_HYP,0.37641734,0.4918231,0.46746966,0.5561418,0.4993256,0.57615286
adjust,P,word2vec_tiny_50_HYP,0.30250815,0.37274474,0.38191104,0.47973388,0.411961,0.50316477
pharmacy,P,word2vec_tiny_50_HYP,0.3193507,0.38498577,0.3885685,0.4478918,0.41613397,0.47529405
guilt,P,word2vec_tiny_50_HYP,0.24290915,0.31055903,0.32845908,0.3853524,0.36049852,0.41459042
yellow,P,word2vec_tiny_50_HYP,0.28149065,0.38081592,0.46237072,0.60651875,0.51941246,0.6464421
stretch,P,word2vec_tiny_50_HYP,0.39234638,0.56387365,0.50702447,0.68631846,0.5504687,0.71353006
untie,P,word2vec_tiny_50_HYP,0.32324448,0.4286082,0.46534538,0.5980473,0.5215616,0.63970304
invention,P,word2vec_tiny_50_HYP,0.30371404,0.35366273,0.36756745,0.4235812,0.39537686,0.4547159
sailboat,M,word2vec_tiny_50_HYP,0.28046882,0.33390462,0.39010987,0.48080245,0.44041923,0.542417
degree,P,word2vec_tiny_50_HYP,0.2103174,0.22638382,0.24020971,0.23709182,0.25323632,0.24666855
strange,P,word2vec_tiny_50_HYP,0.3828658,0.5204814,0.49195507,0.6165129,0.52758956,0.6027329
threshold,P,word2vec_tiny_50_HYP,0.23600563,0.30060312,0.2799899,0.35663942,0.29908267,0.37838003
nutty,P,word2vec_tiny_50_HYP,0.26820216,0.2689078,0.38358352,0.45738187,0.43527123,0.52335745
evil,P,word2vec_tiny_50_HYP,0.30386698,0.34619564,0.3794267,0.44169542,0.4147102,0.47060883
grid,P,word2vec_tiny_50_HYP,0.2908181,0.34113187,0.3657836,0.42775387,0.40572107,0.48520717
cheeky,M,word2vec_tiny_50_HYP,0.31048214,0.31294963,0.36076373,0.34500682,0.38059494,0.36368993
setback,P,word2vec_tiny_50_HYP,0.1702501,0.23174912,0.21161155,0.28554434,0.22951461,0.30714422
smart,P,word2vec_tiny_50_HYP,0.3219771,0.3572682,0.4705939,0.60574687,0.52354836,0.63180184
powerless,P,word2vec_tiny_50_HYP,0.2536519,0.30940065,0.29954493,0.39018106,0.32120448,0.40909994
drug,P,word2vec_tiny_50_HYP,0.1883314,0.2145922,0.22321913,0.25332367,0.23875023,0.255547
bowler,H,word2vec_tiny_50_HYP,0.23753873,0.25098664,0.27316022,0.2715892,0.2887476,0.2849067
personnel,P,word2vec_tiny_50_HYP,0.24031226,0.26327652,0.2721099,0.28990623,0.28526133,0.30031636
enforce,P,word2vec_tiny_50_HYP,0.21479622,0.24464998,0.24803947,0.271904,0.26039532,0.27051273
scientist,M,word2vec_tiny_50_HYP,0.4035763,0.5040902,0.48395467,0.56918216,0.5115786,0.5811794
toll,H,word2vec_tiny_50_HYP,0.31706163,0.34744823,0.3745217,0.42727065,0.40179956,0.46118486
soil,H,word2vec_tiny_50_HYP,0.33000752,0.47932565,0.41897064,0.57446665,0.46426833,0.60367376
near,P,word2vec_tiny_50_HYP,0.4803823,0.60750246,0.57442856,0.6948359,0.6095332,0.7119536
fling,P,word2vec_tiny_50_HYP,0.21696702,0.2423053,0.26746678,0.31974357,0.28952366,0.35038203
tolerate,P,word2vec_tiny_50_HYP,0.15060414,0.18947794,0.18203945,0.22120608,0.19702937,0.23208255
suspense,P,word2vec_tiny_50_HYP,0.22925925,0.2869086,0.27156717,0.33608207,0.2926716,0.36944127
mechanism,P,word2vec_tiny_50_HYP,0.29305404,0.35941845,0.33299914,0.4102796,0.34927875,0.42795825
magical,P,word2vec_tiny_50_HYP,0.3256917,0.4467679,0.40741852,0.47951427,0.43941557,0.49897945
strip,H,word2vec_tiny_50_HYP,0.36678958,0.4519815,0.46300995,0.59372854,0.5047531,0.6419872
squeeze,P,word2vec_tiny_50_HYP,0.399162,0.5357288,0.51370466,0.65824175,0.54895264,0.66930926
gap,P,word2vec_tiny_50_HYP,0.42261475,0.5843775,0.50867724,0.6299313,0.53680444,0.6483612
hockey,P,word2vec_tiny_50_HYP,0.3106243,0.41204026,0.45848903,0.6119979,0.5136313,0.6583589
label,P,word2vec_tiny_50_HYP,0.3993455,0.49468052,0.51252645,0.6322109,0.5535884,0.66305333
deserve,P,word2vec_tiny_50_HYP,0.41753322,0.49523598,0.49774554,0.5307314,0.52350014,0.53957343
briefcase,M,word2vec_tiny_50_HYP,0.32215697,0.41518843,0.41524833,0.5271415,0.45348212,0.55677336
betray,P,word2vec_tiny_50_HYP,0.14709818,0.16449295,0.17801327,0.20059694,0.1918568,0.21509011
salesman,M,word2vec_tiny_50_HYP,0.2762106,0.32589492,0.33365834,0.40513057,0.355263,0.42587128
uncover,P,word2vec_tiny_50_HYP,0.36590824,0.4085885,0.44133148,0.4890454,0.46698335,0.5054235
flood,P,word2vec_tiny_50_HYP,0.36624312,0.50895613,0.47369185,0.5992461,0.5160095,0.6237797
design,P,word2vec_tiny_50_HYP,0.32120192,0.46309394,0.45945302,0.6176445,0.5084609,0.657858
pottery,P,word2vec_tiny_50_HYP,0.30938712,0.40367386,0.3587058,0.47460946,0.3801271,0.5001543
lace,P,word2vec_tiny_50_HYP,0.34019488,0.4178865,0.42394683,0.5019779,0.46583217,0.5498621
gullible,M,word2vec_tiny_50_HYP,0.14006545,0.15478112,0.16805525,0.18698725,0.18127654,0.20662075
plot,H,word2vec_tiny_50_HYP,0.5012035,0.62328136,0.6006067,0.68179137,0.63089585,0.67106223
benefit,P,word2vec_tiny_50_HYP,0.2414948,0.25677007,0.3057697,0.30903095,0.33777526,0.35113597
curtain,P,word2vec_tiny_50_HYP,0.35122567,0.4464863,0.44877806,0.5843627,0.50464785,0.6531822
chair,P,word2vec_tiny_50_HYP,0.29734933,0.39259258,0.44996762,0.60285676,0.5091308,0.6621924
trombone,M,word2vec_tiny_50_HYP,0.27355367,0.29992113,0.3216089,0.32468104,0.34196803,0.3307685
barber,P,word2vec_tiny_50_HYP,0.33037496,0.47610795,0.45962656,0.5971735,0.5036463,0.58924943
glory,P,word2vec_tiny_50_HYP,0.28340968,0.33374923,0.36077228,0.41179535,0.39029205,0.4423373
wrench,P,word2vec_tiny_50_HYP,0.29659033,0.37481508,0.423583,0.53394663,0.46362716,0.57460666
pure,P,word2vec_tiny_50_HYP,0.25368774,0.3225306,0.31584808,0.40633583,0.34472597,0.44339463
cable,P,word2vec_tiny_50_HYP,0.27359852,0.3690609,0.4057668,0.55127966,0.46640125,0.6246838
keeper,P,word2vec_tiny_50_HYP,0.34550905,0.45203158,0.45712376,0.5317177,0.49483395,0.5447296
cassette,M,word2vec_tiny_50_HYP,0.23184648,0.21491478,0.260825,0.24568222,0.2733395,0.2485256
correct,P,word2vec_tiny_50_HYP,0.31552577,0.37209335,0.3810314,0.4533811,0.40623286,0.47354388
failure,P,word2vec_tiny_50_HYP,0.241293,0.2967953,0.2997434,0.36105764,0.3260679,0.39613038
dress,P,word2vec_tiny_50_HYP,0.25926715,0.37766793,0.37820444,0.5155371,0.43928742,0.56762743
underwear,M,word2vec_tiny_50_HYP,0.32118076,0.38029048,0.39794338,0.47075844,0.4415042,0.5256312
thinker,P,word2vec_tiny_50_HYP,0.31762117,0.32894683,0.38146886,0.4103292,0.40599242,0.43895683
observe,P,word2vec_tiny_50_HYP,0.37467715,0.53632975,0.5204251,0.68648195,0.56719893,0.7044223
upstream,P,word2vec_tiny_50_HYP,0.22318895,0.29964763,0.30032605,0.4086215,0.3337386,0.44483203
showdown,P,word2vec_tiny_50_HYP,0.19847319,0.21201631,0.22979102,0.25710908,0.24155957,0.2635319
trunk,P,word2vec_tiny_50_HYP,0.38616794,0.5168631,0.49651518,0.65379524,0.535838,0.67362326
sixth,P,word2vec_tiny_50_HYP,0.30307886,0.33352903,0.39520627,0.3915127,0.43781653,0.47936982
vulnerable,P,word2vec_tiny_50_HYP,0.26668987,0.32652473,0.3124029,0.38858253,0.331674,0.41271362
creamy,P,word2vec_tiny_50_HYP,0.25699833,0.3109335,0.3332255,0.3944218,0.37033203,0.41929272
glue,P,word2vec_tiny_50_HYP,0.31692985,0.42553192,0.41520786,0.544262,0.45532322,0.5791427
itchy,P,word2vec_tiny_50_HYP,0.3535362,0.49191663,0.4420577,0.5315265,0.4806818,0.5710394
trick,P,word2vec_tiny_50_HYP,0.45674747,0.58291847,0.55145186,0.65516937,0.58108985,0.6455786
hug,P,word2vec_tiny_50_HYP,0.39033583,0.5057703,0.50548863,0.508437,0.5334908,0.4905657
misfortune,P,word2vec_tiny_50_HYP,0.22380567,0.2711709,0.2659277,0.3276511,0.28330418,0.34280992
guarantee,P,word2vec_tiny_50_HYP,0.19976962,0.17932163,0.23341513,0.21546997,0.25214565,0.24317719
legal,P,word2vec_tiny_50_HYP,0.24818178,0.31990555,0.30403435,0.38957417,0.32952195,0.41917002
honeymoon,P,word2vec_tiny_50_HYP,0.31146637,0.2939889,0.36154088,0.3504432,0.38092345,0.34306905
squeal,P,word2vec_tiny_50_HYP,0.33491606,0.42486465,0.4123498,0.48095068,0.44224754,0.49698204
technique,P,word2vec_tiny_50_HYP,0.25549284,0.28680596,0.3305712,0.3915973,0.3596003,0.419783
wander,P,word2vec_tiny_50_HYP,0.39278215,0.5238068,0.5215813,0.6702879,0.56248397,0.6835615
pasta,P,word2vec_tiny_50_HYP,0.20289531,0.2940122,0.32055256,0.4454749,0.38297847,0.4968148
rugged,P,word2vec_tiny_50_HYP,0.24123526,0.2553433,0.27649647,0.28339252,0.29049054,0.28882626
rim,P,word2vec_tiny_50_HYP,0.31370664,0.40732017,0.3785617,0.4770049,0.4045465,0.5039937
abyss,P,word2vec_tiny_50_HYP,0.2778924,0.3504827,0.34932324,0.39985418,0.3732027,0.41074985
disgrace,P,word2vec_tiny_50_HYP,0.15179132,0.17506783,0.18297155,0.2009057,0.19490059,0.21254517
holster,M,word2vec_tiny_50_HYP,0.25008535,0.3099,0.30574867,0.3481775,0.32548827,0.35340557
spacecraft,M,word2vec_tiny_50_HYP,0.27436852,0.3352593,0.32347077,0.4040327,0.34192437,0.42033568
salami,M,word2vec_tiny_50_HYP,0.16835484,0.20287153,0.2195521,0.268684,0.24877761,0.3081329
occur,P,word2vec_tiny_50_HYP,0.21783154,0.23714843,0.25021794,0.2634432,0.2650829,0.28510392
aquarium,P,word2vec_tiny_50_HYP,0.39095774,0.47848088,0.46891528,0.5611319,0.50118417,0.59563094
snap,P,word2vec_tiny_50_HYP,0.41524616,0.5573532,0.50066686,0.64917135,0.5331274,0.655957
bony,P,word2vec_tiny_50_HYP,0.3018412,0.35007188,0.3716506,0.4373308,0.402091,0.47010878
spiral,P,word2vec_tiny_50_HYP,0.30577046,0.3968726,0.37394336,0.48963296,0.4042758,0.5167124
nanny,M,word2vec_tiny_50_HYP,0.37177616,0.4726515,0.43861902,0.52238035,0.46124825,0.5172053
holder,P,word2vec_tiny_50_HYP,0.34636396,0.4254167,0.41216832,0.50772786,0.44129062,0.5389114
guidance,P,word2vec_tiny_50_HYP,0.28929535,0.3412819,0.3470058,0.39420086,0.37061778,0.39742732
severe,P,word2vec_tiny_50_HYP,0.21725154,0.29076764,0.2982763,0.3811335,0.33010048,0.4157879
burn,P,word2vec_tiny_50_HYP,0.3813212,0.5306207,0.507618,0.6343058,0.5510512,0.65785974
sinister,P,word2vec_tiny_50_HYP,0.23718064,0.27469558,0.29422063,0.3780365,0.31624603,0.40157264
season,P,word2vec_tiny_50_HYP,0.36792043,0.46673408,0.50258404,0.60970235,0.5413587,0.6399155
jingle,P,word2vec_tiny_50_HYP,0.3203103,0.3885753,0.4380024,0.48431444,0.48033562,0.52534765
flap,P,word2vec_tiny_50_HYP,0.4201715,0.535363,0.5185188,0.64714426,0.5527365,0.66308856
clever,P,word2vec_tiny_50_HYP,0.30603334,0.3539776,0.4616938,0.5959551,0.52265227,0.6215347
travel,P,word2vec_tiny_50_HYP,0.41404384,0.5421627,0.50895876,0.66510224,0.555562,0.6964904
silver,P,word2vec_tiny_50_HYP,0.32780862,0.4288729,0.44736698,0.6048105,0.49444997,0.64102787
brilliant,P,word2vec_tiny_50_HYP,0.30101508,0.37275028,0.43330684,0.5819471,0.5015141,0.64448303
passenger,P,word2vec_tiny_50_HYP,0.36669928,0.47131646,0.4624965,0.5554576,0.49881405,0.5766006
bouncer,P,word2vec_tiny_50_HYP,0.34202614,0.42134225,0.42991757,0.5106814,0.4660693,0.5293275
ignition,P,word2vec_tiny_50_HYP,0.31583032,0.3743324,0.40096435,0.48302802,0.439571,0.5188943
apartment,M,word2vec_tiny_50_HYP,0.45636606,0.5076901,0.5334913,0.5991558,0.56099564,0.57736105
prospect,P,word2vec_tiny_50_HYP,0.3414517,0.39152023,0.38783044,0.44314933,0.40835744,0.46024254
basketball,P,word2vec_tiny_50_HYP,0.2844016,0.4115704,0.42949688,0.5960705,0.48874068,0.6453649
silence,P,word2vec_tiny_50_HYP,0.4288432,0.5264346,0.52390593,0.59172297,0.5521836,0.5877371
bother,P,word2vec_tiny_50_HYP,0.39127007,0.49456787,0.50978845,0.59809124,0.543436,0.56018955
doorstep,M,word2vec_tiny_50_HYP,0.42819294,0.54166037,0.50695646,0.62136513,0.53692406,0.62318367
meditate,P,word2vec_tiny_50_HYP,0.32699293,0.33594048,0.38765255,0.39870214,0.409346,0.3865758
goldfish,M,word2vec_tiny_50_HYP,0.3573379,0.41556507,0.4324171,0.4997664,0.4577224,0.5289537
trip,P,word2vec_tiny_50_HYP,0.3134937,0.44182846,0.46430942,0.6054567,0.5214597,0.6469382
likely,P,word2vec_tiny_50_HYP,0.28918326,0.3009549,0.34012306,0.36679965,0.36338875,0.38209596
intuition,P,word2vec_tiny_50_HYP,0.18507685,0.27119887,0.23289013,0.29286948,0.2554728,0.30557516
wand,P,word2vec_tiny_50_HYP,0.3748937,0.48763,0.48248783,0.60364187,0.5244154,0.6230706
pew,P,word2vec_tiny_50_HYP,0.32389975,0.37510216,0.41787106,0.49939907,0.45740274,0.5390937
beep,P,word2vec_tiny_50_HYP,0.2807,0.36070344,0.38347596,0.47169665,0.42905816,0.5258995
rinse,P,word2vec_tiny_50_HYP,0.32046542,0.36752418,0.4335563,0.48728654,0.47521377,0.5355086
concussion,P,word2vec_tiny_50_HYP,0.25071883,0.3281923,0.33512467,0.42936528,0.37270597,0.46551752
outward,P,word2vec_tiny_50_HYP,0.21626043,0.21055412,0.25291097,0.2446421,0.26904714,0.25813577
radiator,P,word2vec_tiny_50_HYP,0.19489413,0.1970063,0.22773613,0.24568394,0.24150133,0.25748134
hill,P,word2vec_tiny_50_HYP,0.36003575,0.4756598,0.48516518,0.63653183,0.53421974,0.6715454
getaway,P,word2vec_tiny_50_HYP,0.16308907,0.19660655,0.18783104,0.21376465,0.1985656,0.22789828
kettle,P,word2vec_tiny_50_HYP,0.34358215,0.42342117,0.42156515,0.5068282,0.46038246,0.5416296
hula,M,word2vec_tiny_50_HYP,0.38020632,0.49200305,0.47244227,0.59352225,0.50425535,0.60206395
pouch,P,word2vec_tiny_50_HYP,0.4224758,0.5303329,0.48776016,0.58068234,0.5122511,0.59566116
admire,P,word2vec_tiny_50_HYP,0.41103488,0.47598526,0.50242376,0.552871,0.53321344,0.5674469
joyous,M,word2vec_tiny_50_HYP,0.2856508,0.3753738,0.35650218,0.45216835,0.38757396,0.4788046
classmate,M,word2vec_tiny_50_HYP,0.32116333,0.38918647,0.36872405,0.4035556,0.3869936,0.42514703
muscular,P,word2vec_tiny_50_HYP,0.26724043,0.27409148,0.30920085,0.3124415,0.3243345,0.32749957
bronze,P,word2vec_tiny_50_HYP,0.28934407,0.36593878,0.37613347,0.47949883,0.40986466,0.5163151
recite,P,word2vec_tiny_50_HYP,0.2664358,0.3390206,0.3431179,0.42821556,0.37170523,0.44911787
elastic,P,word2vec_tiny_50_HYP,0.34855494,0.42481044,0.397906,0.47158524,0.4187439,0.49083516
magician,P,word2vec_tiny_50_HYP,0.38230374,0.52317125,0.46914446,0.61357766,0.50155115,0.6223027
dreary,P,word2vec_tiny_50_HYP,0.2488085,0.29724303,0.31230834,0.38629258,0.34293464,0.4223284
garage,P,word2vec_tiny_50_HYP,0.36008015,0.4765873,0.4719376,0.61659235,0.52040815,0.65764904
chamber,P,word2vec_tiny_50_HYP,0.3124744,0.43613487,0.4465235,0.61042416,0.501337,0.66243947
electronic,P,word2vec_tiny_50_HYP,0.22385204,0.27778572,0.25905773,0.30209696,0.2739072,0.30109918
trace,H,word2vec_tiny_50_HYP,0.35598716,0.38904008,0.4284271,0.51229244,0.4518863,0.53191006
beggar,P,word2vec_tiny_50_HYP,0.26091728,0.34035504,0.310128,0.39440742,0.32945025,0.41435376
breathless,P,word2vec_tiny_50_HYP,0.26732844,0.33168626,0.31550133,0.3999005,0.33741122,0.4148695
doorbell,M,word2vec_tiny_50_HYP,0.436472,0.56227577,0.53001994,0.640519,0.5644244,0.64611006
scale,H,word2vec_tiny_50_HYP,0.4084267,0.5382824,0.50900567,0.6445245,0.546736,0.6929274
nickname,P,word2vec_tiny_50_HYP,0.27749455,0.29791138,0.31365067,0.32066265,0.32902873,0.33214638
solution,P,word2vec_tiny_50_HYP,0.39446694,0.42016572,0.45929578,0.47527894,0.48358384,0.4866821
public,P,word2vec_tiny_50_HYP,0.33379906,0.37833625,0.39440045,0.41268724,0.4180394,0.42679462
column,P,word2vec_tiny_50_HYP,0.28539276,0.30784753,0.33553493,0.39858666,0.36250487,0.43412617
battery,P,word2vec_tiny_50_HYP,0.34105855,0.46232575,0.4586821,0.58539265,0.50553685,0.6315891
fleece,P,word2vec_tiny_50_HYP,0.25968295,0.31814805,0.3135125,0.38073364,0.33470437,0.3919665
laboratory,P,word2vec_tiny_50_HYP,0.3166627,0.38692838,0.3673637,0.43594214,0.38611886,0.45121855
crop,P,word2vec_tiny_50_HYP,0.25099012,0.28726318,0.356354,0.44921836,0.40055642,0.4980764
devotion,P,word2vec_tiny_50_HYP,0.17511868,0.21635246,0.21193951,0.26223734,0.22978273,0.28331527
parcel,P,word2vec_tiny_50_HYP,0.3050022,0.38146672,0.39011067,0.5022464,0.4216606,0.51033413
semester,M,word2vec_tiny_50_HYP,0.16787693,0.19598335,0.19619934,0.21820278,0.20908634,0.23492375
seal,H,word2vec_tiny_50_HYP,0.22814326,0.2985344,0.37011513,0.48753536,0.4394268,0.5783826
split,P,word2vec_tiny_50_HYP,0.42754835,0.5702721,0.53350806,0.66514236,0.56901175,0.6656735
overload,P,word2vec_tiny_50_HYP,0.2135144,0.2335323,0.24803795,0.27883446,0.26356593,0.2915982
unseen,P,word2vec_tiny_50_HYP,0.24727163,0.34469822,0.28882283,0.38376272,0.30828804,0.40463224
eyebrow,P,word2vec_tiny_50_HYP,0.3446961,0.4006066,0.40628788,0.45573896,0.42813995,0.4814896
magic,P,word2vec_tiny_50_HYP,0.4046709,0.5487931,0.50778806,0.617558,0.54814065,0.6177363
keyhole,M,word2vec_tiny_50_HYP,0.33513087,0.42747715,0.4515911,0.5833842,0.49123165,0.6196158
dispose,P,word2vec_tiny_50_HYP,0.20806868,0.2029982,0.24340166,0.23219539,0.25851285,0.25171748
jelly,P,word2vec_tiny_50_HYP,0.22723326,0.28436562,0.3331206,0.44099244,0.3908742,0.49864253
legend,P,word2vec_tiny_50_HYP,0.28482923,0.33238778,0.33724603,0.40797234,0.36137566,0.43825436
sideways,P,word2vec_tiny_50_HYP,0.41121134,0.44089192,0.48153672,0.5572841,0.50687516,0.5844291
clash,P,word2vec_tiny_50_HYP,0.23421738,0.30111954,0.30767405,0.39597997,0.34404317,0.44442216
slime,P,word2vec_tiny_50_HYP,0.31659135,0.39343804,0.40155095,0.48597538,0.43862188,0.5202165
recognize,P,word2vec_tiny_50_HYP,0.44168955,0.5747092,0.5416697,0.6766706,0.5734531,0.6610973
overlook,P,word2vec_tiny_50_HYP,0.10573415,0.13454807,0.1288577,0.17053801,0.14052592,0.190081
straw,P,word2vec_tiny_50_HYP,0.44005734,0.54595774,0.5091463,0.5719792,0.5332431,0.58198816
culture,P,word2vec_tiny_50_HYP,0.2621699,0.3523388,0.34044793,0.43566728,0.3762507,0.47129261
search,P,word2vec_tiny_50_HYP,0.43596324,0.5607687,0.5608679,0.6760203,0.5988997,0.6901502
consider,P,word2vec_tiny_50_HYP,0.21801624,0.26684356,0.27720463,0.32719678,0.305732,0.35059685
astronaut,M,word2vec_tiny_50_HYP,0.36667028,0.50923,0.4803234,0.62000644,0.5293911,0.65585506
furious,P,word2vec_tiny_50_HYP,0.3300605,0.40203163,0.39676365,0.48920116,0.4266327,0.49839506
amuse,P,word2vec_tiny_50_HYP,0.16837242,0.17591858,0.19485825,0.20696269,0.20584837,0.22072402
odor,P,word2vec_tiny_50_HYP,0.27064115,0.33551702,0.34948108,0.43810093,0.3794229,0.47844493
beak,P,word2vec_tiny_50_HYP,0.4076156,0.54419863,0.52484345,0.6533589,0.5672095,0.68330586
quack,H,word2vec_tiny_50_HYP,0.31390417,0.45800292,0.42519733,0.5545751,0.47050345,0.59674263
storeroom,M,word2vec_tiny_50_HYP,0.26013374,0.24941078,0.3019184,0.28889927,0.31687248,0.30784857
bleach,P,word2vec_tiny_50_HYP,0.28429696,0.3365835,0.34943816,0.41131088,0.37895793,0.44064918
spark,P,word2vec_tiny_50_HYP,0.3177828,0.4487497,0.4292962,0.5687031,0.4667115,0.5868289
eyesight,P,word2vec_tiny_50_HYP,0.21793826,0.27357548,0.26208067,0.324602,0.2798284,0.3460104
apart,P,word2vec_tiny_50_HYP,0.44743055,0.5340849,0.5353073,0.64277315,0.5687533,0.66706604
diet,H,word2vec_tiny_50_HYP,0.38578394,0.40763724,0.45043418,0.4754668,0.47510347,0.49646524
scoot,P,word2vec_tiny_50_HYP,0.35669357,0.39601886,0.414497,0.47816202,0.438058,0.49782857
bouncy,P,word2vec_tiny_50_HYP,0.37214983,0.4777666,0.49870738,0.6422725,0.54472685,0.68651545
invest,P,word2vec_tiny_50_HYP,0.12523012,0.13889754,0.15141308,0.1827176,0.16289242,0.20003642
tease,P,word2vec_tiny_50_HYP,0.37865013,0.5127473,0.5050237,0.6733567,0.5573453,0.7078773
lean,H,word2vec_tiny_50_HYP,0.3945775,0.54026675,0.51998824,0.6770684,0.5648441,0.7083508
stab,P,word2vec_tiny_50_HYP,0.250742,0.3489279,0.34110087,0.46932748,0.375054,0.50544447
spooky,M,word2vec_tiny_50_HYP,0.40259662,0.47676644,0.504971,0.5559256,0.5399506,0.5961122
review,P,word2vec_tiny_50_HYP,0.15734127,0.15884016,0.18616357,0.1928616,0.19839306,0.20965159
lantern,P,word2vec_tiny_50_HYP,0.3817205,0.47447747,0.4628334,0.5435554,0.49149242,0.5627679
cuff,H,word2vec_tiny_50_HYP,0.21289313,0.24581958,0.25560096,0.27441967,0.27173734,0.28547695
rural,P,word2vec_tiny_50_HYP,0.25234523,0.23091789,0.28449,0.24637958,0.29809704,0.2549694
weave,P,word2vec_tiny_50_HYP,0.27845195,0.33757058,0.36385062,0.4492606,0.40183043,0.49064127
soda,P,word2vec_tiny_50_HYP,0.3160956,0.35043353,0.39768454,0.43293253,0.43352532,0.46052462
disorder,P,word2vec_tiny_50_HYP,0.22718616,0.24168445,0.25697228,0.26537895,0.26984355,0.26873344
heavy,P,word2vec_tiny_50_HYP,0.39383554,0.5179157,0.5358702,0.68308234,0.581157,0.713791
port,H,word2vec_tiny_50_HYP,0.2562872,0.32378274,0.3880703,0.5327173,0.44685853,0.6006471
shack,M,word2vec_tiny_50_HYP,0.2709579,0.33684143,0.34444767,0.419271,0.37136912,0.43859404
final,P,word2vec_tiny_50_HYP,0.41639495,0.4597805,0.47045478,0.48203248,0.48874232,0.48634648
compass,P,word2vec_tiny_50_HYP,0.3399265,0.43435016,0.440984,0.55896145,0.47838035,0.57584333
downward,P,word2vec_tiny_50_HYP,0.31462255,0.35370034,0.36291614,0.3853821,0.379938,0.40599364
hull,H,word2vec_tiny_50_HYP,0.32172313,0.42321953,0.40747797,0.5218919,0.44104844,0.5563682
patch,P,word2vec_tiny_50_HYP,0.38060904,0.50982034,0.46470746,0.57169074,0.49286696,0.5719803
camouflage,P,word2vec_tiny_50_HYP,0.15974903,0.1518755,0.18405177,0.1929493,0.19539255,0.20613885
depart,P,word2vec_tiny_50_HYP,0.23284145,0.2488336,0.26704335,0.2789835,0.28108218,0.2909241
peaceful,P,word2vec_tiny_50_HYP,0.34857693,0.49075925,0.4579999,0.5795491,0.49861106,0.5847541
ballerina,P,word2vec_tiny_50_HYP,0.42978805,0.51155794,0.49786323,0.58935285,0.5260539,0.6052044
eject,P,word2vec_tiny_50_HYP,0.22296146,0.2568853,0.26730803,0.29602444,0.2856081,0.3158108
warmth,P,word2vec_tiny_50_HYP,0.30646563,0.3573461,0.3881211,0.45831528,0.4264114,0.4869684
circuit,P,word2vec_tiny_50_HYP,0.2818588,0.32293275,0.3332164,0.39609858,0.35283822,0.40686068
envious,M,word2vec_tiny_50_HYP,0.45539704,0.44592637,0.5717811,0.6928549,0.6149956,0.7108892
customer,P,word2vec_tiny_50_HYP,0.36270982,0.4765708,0.44219723,0.51835763,0.47338498,0.52962196
store,P,word2vec_tiny_50_HYP,0.28556812,0.40066695,0.44098908,0.56625307,0.5000073,0.5926021
socket,P,word2vec_tiny_50_HYP,0.26869315,0.37937546,0.3577971,0.46935284,0.39734635,0.5102057
sewer,H,word2vec_tiny_50_HYP,0.2267663,0.19916096,0.2766304,0.25001523,0.29792756,0.2613182
song,P,word2vec_tiny_50_HYP,0.29616618,0.37525585,0.44526982,0.5343389,0.50288546,0.5840991
clockwork,M,word2vec_tiny_50_HYP,0.22256616,0.21163368,0.25162733,0.23102725,0.26374412,0.24469504
glow,P,word2vec_tiny_50_HYP,0.3372233,0.45829102,0.46911487,0.60706544,0.5143945,0.6278874
descend,P,word2vec_tiny_50_HYP,0.24033113,0.32592082,0.3116841,0.4088478,0.33809435,0.43253902
rocket,H,word2vec_tiny_50_HYP,0.29066983,0.40427485,0.43218243,0.60120565,0.4882357,0.6563171
spray,H,word2vec_tiny_50_HYP,0.3660795,0.4840007,0.48983645,0.607303,0.5340447,0.6391582
dawn,P,word2vec_tiny_50_HYP,0.27373984,0.21187462,0.31882465,0.24541709,0.33891815,0.27974126
entry,P,word2vec_tiny_50_HYP,0.3601095,0.42357627,0.4249688,0.48974326,0.45057678,0.5052165
snuggle,P,word2vec_tiny_50_HYP,0.35916314,0.45265365,0.47912818,0.5734989,0.5231669,0.59925663
removal,P,word2vec_tiny_50_HYP,0.22056589,0.21671286,0.25002155,0.2500708,0.2611918,0.25377774
fierce,P,word2vec_tiny_50_HYP,0.3383538,0.49809322,0.4629378,0.62838894,0.50950754,0.6572256
mushroom,P,word2vec_tiny_50_HYP,0.26735082,0.3341864,0.37860435,0.52967775,0.43847144,0.5967546
terminal,P,word2vec_tiny_50_HYP,0.3186626,0.37570736,0.40244126,0.4801755,0.43583435,0.51625663
debris,P,word2vec_tiny_50_HYP,0.2742722,0.3932016,0.33758643,0.471052,0.36758086,0.49645966
commercial,P,word2vec_tiny_50_HYP,0.17134124,0.18982416,0.19720635,0.2229153,0.20901573,0.23666474
boardwalk,M,word2vec_tiny_50_HYP,0.2201529,0.20910662,0.25084758,0.2415038,0.2631686,0.25054124
skin,P,word2vec_tiny_50_HYP,0.3498777,0.4484248,0.44105968,0.5617665,0.4784959,0.5854285
unfinished,P,word2vec_tiny_50_HYP,0.36954588,0.40271854,0.44105327,0.46264157,0.46928918,0.46976376
medication,P,word2vec_tiny_50_HYP,0.18366835,0.22739261,0.2234606,0.26442945,0.23995045,0.28420493
stepped,P,word2vec_tiny_50_HYP,0.36020038,0.4310242,0.43908677,0.5189763,0.46683288,0.51550514
sticky,P,word2vec_tiny_50_HYP,0.32414773,0.3853376,0.42716774,0.5238695,0.46469605,0.54387826
prank,M,word2vec_tiny_50_HYP,0.43562803,0.5531458,0.5004705,0.5934834,0.52658564,0.59230477
wipe,P,word2vec_tiny_50_HYP,0.3483433,0.46186516,0.47371984,0.5823142,0.5187637,0.5981995
beauty,P,word2vec_tiny_50_HYP,0.27140802,0.33450145,0.33910155,0.42590126,0.37605226,0.46717304
crybaby,M,word2vec_tiny_50_HYP,0.26803404,0.3370552,0.37095845,0.43589452,0.4040651,0.458729
donate,P,word2vec_tiny_50_HYP,0.31303442,0.3821681,0.39428508,0.4602246,0.42536834,0.49271134
flux,P,word2vec_tiny_50_HYP,0.20113757,0.20577517,0.24291094,0.25591663,0.25863633,0.26182002
librarian,M,word2vec_tiny_50_HYP,0.3822976,0.5031724,0.46784833,0.55395526,0.49928677,0.5666295
checkpoint,M,word2vec_tiny_50_HYP,0.26405364,0.31145197,0.31110814,0.3689632,0.33033508,0.37284666
abroad,P,word2vec_tiny_50_HYP,0.23926207,0.2640495,0.27379775,0.2810856,0.29019734,0.2892493
pork,P,word2vec_tiny_50_HYP,0.20544402,0.24749193,0.28117144,0.31505236,0.31720793,0.359642
dioxide,M,word2vec_tiny_50_HYP,0.18938856,0.05195142,0.24888568,0.17589912,0.3026337,0.3410387
glide,P,word2vec_tiny_50_HYP,0.35514194,0.47436225,0.44618466,0.5747572,0.47977883,0.60071427
extend,P,word2vec_tiny_50_HYP,0.1683029,0.16830817,0.19737972,0.20255105,0.2088303,0.2202239
snore,P,word2vec_tiny_50_HYP,0.3190089,0.43504012,0.4092251,0.4931082,0.44673535,0.5293013
energy,P,word2vec_tiny_50_HYP,0.39298335,0.45959052,0.46729234,0.47801563,0.49244815,0.49665254
sport,P,word2vec_tiny_50_HYP,0.32313028,0.41630813,0.48048207,0.64034,0.5370608,0.6784896
cheer,P,word2vec_tiny_50_HYP,0.431902,0.50520116,0.5338544,0.63632625,0.5680281,0.65836316
confirm,P,word2vec_tiny_50_HYP,0.22361174,0.24275751,0.25874838,0.2721139,0.27289647,0.27914307
desire,P,word2vec_tiny_50_HYP,0.25192875,0.26984155,0.30833358,0.35718212,0.33901736,0.38908252
shadow,P,word2vec_tiny_50_HYP,0.4318698,0.55039674,0.5144476,0.6500151,0.5451485,0.65926903
jump,P,word2vec_tiny_50_HYP,0.37570336,0.51893103,0.5094316,0.6804468,0.5617213,0.71796656
loud,P,word2vec_tiny_50_HYP,0.3373131,0.45695361,0.44147518,0.511573,0.4782557,0.5330148
napkin,P,word2vec_tiny_50_HYP,0.34347266,0.47122833,0.43617707,0.5829312,0.48264435,0.63145363
kindness,P,word2vec_tiny_50_HYP,0.26281935,0.3023945,0.35686523,0.37060124,0.38916075,0.40453687
ginger,P,word2vec_tiny_50_HYP,0.3099504,0.33751288,0.35977566,0.37795493,0.3786941,0.3884513
curious,P,word2vec_tiny_50_HYP,0.43832988,0.5550543,0.5406653,0.6757186,0.5813672,0.6890485
terror,P,word2vec_tiny_50_HYP,0.20638895,0.26465622,0.27683827,0.35901517,0.30652207,0.3936943
boyfriend,P,word2vec_tiny_50_HYP,0.19840379,0.19955176,0.2376139,0.2222541,0.25665823,0.23283574
install,P,word2vec_tiny_50_HYP,0.26555952,0.34802628,0.33120987,0.4177285,0.35705894,0.42662665
jolly,P,word2vec_tiny_50_HYP,0.2716304,0.35979116,0.42909908,0.55933595,0.4965921,0.61672527
stick,H,word2vec_tiny_50_HYP,0.36178505,0.4127745,0.4632969,0.6040728,0.5075151,0.6524773
ledge,P,word2vec_tiny_50_HYP,0.30798832,0.37333047,0.36189997,0.434119,0.39116502,0.4592566
explorer,P,word2vec_tiny_50_HYP,0.33241504,0.4535289,0.4378124,0.58066314,0.4743718,0.5894896
disrupt,P,word2vec_tiny_50_HYP,0.2056065,0.23170677,0.24161191,0.2779001,0.25712445,0.2927631
spoon,P,word2vec_tiny_50_HYP,0.2599008,0.37365568,0.3711019,0.47706655,0.4133126,0.50644445
downhill,P,word2vec_tiny_50_HYP,0.24781199,0.305326,0.32073036,0.40810415,0.35869694,0.4541227
recipe,P,word2vec_tiny_50_HYP,0.40673694,0.4823898,0.4920859,0.5661757,0.520014,0.58945626
gratitude,M,word2vec_tiny_50_HYP,0.27438754,0.31832075,0.37190562,0.3990844,0.4055221,0.42374194
pursuit,P,word2vec_tiny_50_HYP,0.26176548,0.32287517,0.30694523,0.38217053,0.3263668,0.4040001
culprit,M,word2vec_tiny_50_HYP,0.29268974,0.35286507,0.3404465,0.39382657,0.361283,0.42184594
legendary,M,word2vec_tiny_50_HYP,0.21738076,0.21955298,0.24895772,0.24952815,0.26274514,0.26433468
litter,P,word2vec_tiny_50_HYP,0.35080612,0.44092932,0.44023368,0.52362525,0.4713214,0.5452628
jam,H,word2vec_tiny_50_HYP,0.22615881,0.28878534,0.33998337,0.44185093,0.39596596,0.48896527
canine,P,word2vec_tiny_50_HYP,0.24765846,0.27667397,0.28627786,0.31859663,0.30233386,0.3310867
feedback,P,word2vec_tiny_50_HYP,0.25615337,0.31220445,0.30949107,0.38348314,0.33775556,0.42416644
cashier,H,word2vec_tiny_50_HYP,0.29929015,0.36964768,0.43016103,0.5036289,0.4830851,0.53543204
tool,P,word2vec_tiny_50_HYP,0.30144876,0.4078364,0.42340097,0.56640005,0.4718806,0.6147603
stink,P,word2vec_tiny_50_HYP,0.30526733,0.35299882,0.3736614,0.45882916,0.40080795,0.48771563
goddess,P,word2vec_tiny_50_HYP,0.21144576,0.22706184,0.23941311,0.25834632,0.2506557,0.27579316
gender,P,word2vec_tiny_50_HYP,0.15081778,0.18005246,0.1893606,0.21412298,0.20606968,0.23121846
stewardess,M,word2vec_tiny_50_HYP,0.2670392,0.31491545,0.31781664,0.34443903,0.33660817,0.34675282
unclean,P,word2vec_tiny_50_HYP,0.16728875,0.16134399,0.19701403,0.2009794,0.20891342,0.21262586
spare,P,word2vec_tiny_50_HYP,0.40517107,0.44194457,0.45924464,0.4863604,0.47966847,0.49415767
impatient,P,word2vec_tiny_50_HYP,0.3304427,0.43278724,0.49688122,0.61992216,0.56058955,0.6810038
vital,P,word2vec_tiny_50_HYP,0.20144351,0.20538098,0.24421553,0.2686717,0.2616795,0.28481308
petition,P,word2vec_tiny_50_HYP,0.23058772,0.26926428,0.26320988,0.29561508,0.27901298,0.30313456
toothbrush,M,word2vec_tiny_50_HYP,0.3787163,0.46624282,0.46664718,0.5743043,0.50210416,0.5995059
booster,P,word2vec_tiny_50_HYP,0.22224697,0.19077037,0.25652114,0.2252743,0.27001944,0.23474963
dull,P,word2vec_tiny_50_HYP,0.32194355,0.4476548,0.4441086,0.58906794,0.50951236,0.6723025
pod,H,word2vec_tiny_50_HYP,0.34264112,0.36529323,0.4158222,0.47035158,0.44780946,0.49731308
thrill,P,word2vec_tiny_50_HYP,0.36563852,0.44263297,0.44841537,0.51479954,0.48356855,0.54180056
charge,P,word2vec_tiny_50_HYP,0.43804607,0.48827964,0.51034606,0.526667,0.5376775,0.5436496
airborne,P,word2vec_tiny_50_HYP,0.20214191,0.2587901,0.24497034,0.29734713,0.26086885,0.30168727
lullaby,P,word2vec_tiny_50_HYP,0.37680992,0.4937055,0.45873916,0.5713321,0.49048415,0.57721585
uproar,P,word2vec_tiny_50_HYP,0.15959409,0.18900543,0.18563978,0.21435198,0.19653992,0.22784775
razor,P,word2vec_tiny_50_HYP,0.29834965,0.37509742,0.43650937,0.5671827,0.49209127,0.6256856
wall,P,word2vec_tiny_50_HYP,0.35108462,0.4712133,0.45998126,0.59662527,0.50283587,0.6476812
lifeboat,M,word2vec_tiny_50_HYP,0.20516627,0.23689707,0.24022973,0.27785352,0.25472972,0.29215258
rowboat,M,word2vec_tiny_50_HYP,0.30676347,0.35389912,0.38617826,0.45279253,0.41945475,0.49394658
guitar,P,word2vec_tiny_50_HYP,0.23027058,0.33144233,0.39846662,0.5539774,0.46156695,0.6119464
wealth,P,word2vec_tiny_50_HYP,0.26336244,0.3208605,0.3358926,0.38615206,0.36327657,0.40152618
chip,H,word2vec_tiny_50_HYP,0.37625617,0.3534224,0.4339865,0.39107606,0.45875755,0.42563868
cocoa,P,word2vec_tiny_50_HYP,0.28573298,0.3402828,0.3969703,0.48500782,0.4448543,0.5192863
vote,P,word2vec_tiny_50_HYP,0.26948142,0.3237948,0.33200935,0.41568515,0.36229438,0.4549626
abandon,P,word2vec_tiny_50_HYP,0.28147846,0.371098,0.32610714,0.4182659,0.3466742,0.4289797
overnight,P,word2vec_tiny_50_HYP,0.31930956,0.399767,0.3904542,0.45853776,0.4206578,0.48314947
equality,M,word2vec_tiny_50_HYP,0.1929644,0.2126552,0.23518576,0.27840513,0.25646418,0.31164
sorrow,P,word2vec_tiny_50_HYP,0.21794422,0.2953465,0.2980341,0.37371895,0.3333936,0.4058671
possessive,P,word2vec_tiny_50_HYP,0.11134946,0.13748987,0.13619368,0.16935267,0.15098338,0.19225328
stress,P,word2vec_tiny_50_HYP,0.25855416,0.28940096,0.3166423,0.37049243,0.34348568,0.39538947
runny,P,word2vec_tiny_50_HYP,0.33464992,0.3386575,0.4268975,0.4952394,0.46380273,0.53598577
pine,H,word2vec_tiny_50_HYP,0.32006192,0.42974243,0.442846,0.58797324,0.49238896,0.6290753
stance,P,word2vec_tiny_50_HYP,0.1854364,0.23066787,0.21809362,0.26830658,0.23205742,0.28373125
sunset,P,word2vec_tiny_50_HYP,0.35584703,0.47181225,0.47689655,0.6005588,0.51770324,0.60983425
huff,P,word2vec_tiny_50_HYP,0.3240789,0.32202068,0.3775779,0.38475868,0.40205345,0.4160203
salty,P,word2vec_tiny_50_HYP,0.32094973,0.34227246,0.39980957,0.4164285,0.431101,0.43189472
hunch,P,word2vec_tiny_50_HYP,0.16856563,0.20215328,0.20077987,0.24070586,0.21321522,0.25130853
disruption,M,word2vec_tiny_50_HYP,0.21377058,0.23028788,0.24640323,0.26596767,0.25998744,0.2747794
hazard,P,word2vec_tiny_50_HYP,0.17965637,0.19268574,0.21373172,0.21661162,0.22833169,0.23449798
needy,M,word2vec_tiny_50_HYP,0.21645372,0.21233867,0.25491855,0.2446762,0.269834,0.25642455
glimpse,P,word2vec_tiny_50_HYP,0.35337758,0.3975701,0.42583176,0.46350527,0.45076546,0.48470756
foam,P,word2vec_tiny_50_HYP,0.3836249,0.47162065,0.45036912,0.54726255,0.47918183,0.5719014
sensor,M,word2vec_tiny_50_HYP,0.19328503,0.21616845,0.22644213,0.24410464,0.23957714,0.25307003
temporary,P,word2vec_tiny_50_HYP,0.24848452,0.28132775,0.29003105,0.3450211,0.3086784,0.36257866
preacher,M,word2vec_tiny_50_HYP,0.21098319,0.22642213,0.2514415,0.26358247,0.26721916,0.27164218
blush,P,word2vec_tiny_50_HYP,0.31052527,0.36564866,0.4262199,0.5117577,0.46660042,0.54890984
mend,P,word2vec_tiny_50_HYP,0.31557742,0.40427157,0.4044053,0.49895898,0.44337222,0.54159856
kick,P,word2vec_tiny_50_HYP,0.33403063,0.47407898,0.47971892,0.64248204,0.54409224,0.6951061
tough,P,word2vec_tiny_50_HYP,0.32459942,0.47345158,0.45175433,0.60668606,0.4990609,0.6245301
local,P,word2vec_tiny_50_HYP,0.33989036,0.44249675,0.40283924,0.49549443,0.42797315,0.51362467
pushy,M,word2vec_tiny_50_HYP,0.3739434,0.39554432,0.42304567,0.4456589,0.4457185,0.45157334
spy,P,word2vec_tiny_50_HYP,0.37551877,0.45194435,0.47257632,0.55458695,0.5147373,0.5990096
moist,P,word2vec_tiny_50_HYP,0.23545611,0.28564668,0.3264645,0.3657858,0.36108184,0.3892566
coat,P,word2vec_tiny_50_HYP,0.24969144,0.33323297,0.39788792,0.5336171,0.4638548,0.6125151
broom,P,word2vec_tiny_50_HYP,0.42220688,0.5109694,0.5214045,0.63399637,0.55516607,0.64626867
scar,P,word2vec_tiny_50_HYP,0.35804692,0.4392203,0.44011444,0.5176863,0.47145247,0.55487263
hoist,P,word2vec_tiny_50_HYP,0.2597667,0.29753545,0.32049742,0.3838091,0.34655434,0.39193872
pound,H,word2vec_tiny_50_HYP,0.31935436,0.24235412,0.3953569,0.3759607,0.4321388,0.46859282
tobacco,P,word2vec_tiny_50_HYP,0.22543709,0.24536377,0.26615548,0.27452904,0.28184688,0.28418404
unicorn,M,word2vec_tiny_50_HYP,0.3919021,0.53836906,0.49638826,0.6337539,0.5308419,0.626951
tidy,P,word2vec_tiny_50_HYP,0.36405653,0.5309891,0.49635765,0.6128171,0.5392487,0.61792684
metallic,P,word2vec_tiny_50_HYP,0.30637094,0.35693535,0.36352494,0.44540727,0.38968858,0.47360805
appeal,P,word2vec_tiny_50_HYP,0.24203596,0.26594526,0.28322953,0.27154684,0.30653346,0.37300396
assurance,P,word2vec_tiny_50_HYP,0.13695411,0.16128042,0.1623304,0.20418428,0.17399092,0.21873894
destroyer,P,word2vec_tiny_50_HYP,0.3136321,0.3231119,0.35085186,0.34623602,0.36605805,0.36207816
declare,P,word2vec_tiny_50_HYP,0.26774052,0.33327925,0.3073679,0.34467614,0.32397452,0.3551762
wild,P,word2vec_tiny_50_HYP,0.37636578,0.46109363,0.47903484,0.6316543,0.51452017,0.63995856
popcorn,P,word2vec_tiny_50_HYP,0.28556237,0.31557506,0.38461173,0.45265195,0.44506386,0.5290064
chicken,P,word2vec_tiny_50_HYP,0.25198358,0.28224587,0.38948423,0.5238105,0.452363,0.5942341
cloud,P,word2vec_tiny_50_HYP,0.33595625,0.45897636,0.4410057,0.5699452,0.48707712,0.5971054
saucer,M,word2vec_tiny_50_HYP,0.4088203,0.48881623,0.46933913,0.54263574,0.4955476,0.56075984
hyena,M,word2vec_tiny_50_HYP,0.28309196,0.35835868,0.35566682,0.44286782,0.38716805,0.46137008
controller,P,word2vec_tiny_50_HYP,0.28590688,0.34865707,0.35726735,0.44977325,0.39500105,0.49798727
bunk,H,word2vec_tiny_50_HYP,0.31881207,0.36241814,0.39433497,0.400017,0.41868675,0.38254142
plate,P,word2vec_tiny_50_HYP,0.28206417,0.37876165,0.38637006,0.5004716,0.43684968,0.54176116
silly,P,word2vec_tiny_50_HYP,0.36089572,0.47959626,0.49275973,0.6341787,0.5377532,0.6341135
tumble,P,word2vec_tiny_50_HYP,0.30895054,0.39246857,0.39622787,0.49497128,0.43392694,0.5359417
raisin,M,word2vec_tiny_50_HYP,0.20956326,0.24200615,0.28390288,0.330321,0.31733245,0.37496606
trumpet,P,word2vec_tiny_50_HYP,0.27399045,0.36931428,0.42701188,0.56115323,0.48454255,0.62149173
squirrel,P,word2vec_tiny_50_HYP,0.3288063,0.43357918,0.43290603,0.5410923,0.47676903,0.58800614
exchange,P,word2vec_tiny_50_HYP,0.386434,0.4128476,0.44491702,0.47888604,0.46965453,0.4950248
flavor,P,word2vec_tiny_50_HYP,0.30656108,0.35054618,0.38899624,0.41156527,0.4241716,0.43555638
glass,P,word2vec_tiny_50_HYP,0.34070346,0.40857923,0.4617658,0.58662325,0.50505656,0.6333672
bunch,P,word2vec_tiny_50_HYP,0.4152769,0.5245457,0.50569415,0.6110139,0.541433,0.62437505
inspect,P,word2vec_tiny_50_HYP,0.30889425,0.35456508,0.37767354,0.4291639,0.4041773,0.4597701
bum,P,word2vec_tiny_50_HYP,0.29563817,0.34775147,0.38123795,0.47023594,0.41407752,0.4988293
telescope,P,word2vec_tiny_50_HYP,0.3723153,0.48659232,0.46735603,0.59346974,0.5067928,0.63213605
large,P,word2vec_tiny_50_HYP,0.33994377,0.43410864,0.46271637,0.5903647,0.51045007,0.62696487
variety,P,word2vec_tiny_50_HYP,0.31665808,0.39918217,0.39196968,0.506929,0.42232645,0.53350604
meantime,P,word2vec_tiny_50_HYP,0.37966138,0.38720122,0.42284954,0.42268825,0.43888396,0.42755783
overhear,M,word2vec_tiny_50_HYP,0.1645284,0.17552947,0.19090956,0.21251619,0.20154376,0.22513658
princess,P,word2vec_tiny_50_HYP,0.3074339,0.44440225,0.43981045,0.58304155,0.4895266,0.60470206
sanctuary,P,word2vec_tiny_50_HYP,0.3401596,0.41062638,0.39200297,0.43415815,0.4121225,0.45746577
astray,P,word2vec_tiny_50_HYP,0.18521325,0.19557138,0.2289199,0.23245037,0.24847747,0.2554999
suitable,M,word2vec_tiny_50_HYP,0.36338067,0.43865827,0.42674428,0.46813613,0.4550148,0.49067032
shield,P,word2vec_tiny_50_HYP,0.30622783,0.41024,0.42103457,0.5857251,0.47079444,0.631076
rod,P,word2vec_tiny_50_HYP,0.30609712,0.3992563,0.4099816,0.5701479,0.46553022,0.6348774
gutter,P,word2vec_tiny_50_HYP,0.30669573,0.37122118,0.36114585,0.43351933,0.3844978,0.45476928
grapefruit,P,word2vec_tiny_50_HYP,0.20576327,0.25796825,0.2710265,0.32505488,0.30839896,0.36946744
chaos,P,word2vec_tiny_50_HYP,0.38372144,0.4661536,0.45772448,0.52610654,0.48715746,0.5574739
bus,H,word2vec_tiny_50_HYP,0.29835552,0.36853957,0.4245148,0.5537481,0.47301352,0.6088823
scooter,P,word2vec_tiny_50_HYP,0.24268043,0.33965743,0.40711072,0.56808037,0.4716733,0.6239952
rink,P,word2vec_tiny_50_HYP,0.37450805,0.49554512,0.49245504,0.6231251,0.53049254,0.62986463
round,P,word2vec_tiny_50_HYP,0.40171924,0.5129825,0.5066122,0.6590332,0.5500009,0.70087814
hamper,H,word2vec_tiny_50_HYP,0.3334071,0.44507396,0.42211005,0.5259551,0.45504844,0.5524972
pressure,P,word2vec_tiny_50_HYP,0.31649294,0.39458084,0.3771056,0.4746077,0.4025946,0.5079012
wacky,M,word2vec_tiny_50_HYP,0.39488745,0.46771386,0.45761022,0.549948,0.48302528,0.57106125
allow,P,word2vec_tiny_50_HYP,0.38974518,0.5294032,0.53490645,0.64622265,0.5772942,0.62662923
colony,P,word2vec_tiny_50_HYP,0.35901076,0.42425194,0.40809155,0.49408403,0.43061382,0.50143564
squeak,P,word2vec_tiny_50_HYP,0.33960697,0.41517732,0.4131268,0.4527841,0.450439,0.4979963
halfway,P,word2vec_tiny_50_HYP,0.4166584,0.5130447,0.48429,0.5418152,0.51517314,0.5713781
forward,P,word2vec_tiny_50_HYP,0.4550147,0.44116998,0.51509935,0.46839702,0.5318382,0.4722186
assess,P,word2vec_tiny_50_HYP,0.14650162,0.16526619,0.17664295,0.1961632,0.18929332,0.21523222
metal,P,word2vec_tiny_50_HYP,0.33787543,0.45330933,0.44629833,0.5898954,0.48894134,0.6339896
drummer,P,word2vec_tiny_50_HYP,0.3251872,0.4115689,0.4126201,0.5187837,0.45012414,0.5498749
strategy,P,word2vec_tiny_50_HYP,0.2268512,0.2891366,0.28620854,0.36045545,0.31344754,0.398911
farewell,P,word2vec_tiny_50_HYP,0.262757,0.36076027,0.3424482,0.42975938,0.3702867,0.44570214
fly,H,word2vec_tiny_50_HYP,0.34227657,0.41487014,0.47430056,0.6221242,0.5227284,0.66218865
scroll,P,word2vec_tiny_50_HYP,0.33845323,0.4175933,0.3952824,0.49268007,0.41637048,0.50378525
bowl,H,word2vec_tiny_50_HYP,0.2766276,0.3779339,0.37860307,0.49400336,0.42194894,0.5181498
lounge,P,word2vec_tiny_50_HYP,0.36042863,0.4130497,0.41249278,0.4577726,0.43351284,0.46526602
meatball,P,word2vec_tiny_50_HYP,0.21489432,0.20953828,0.26646814,0.29212633,0.29364446,0.33168814
headline,P,word2vec_tiny_50_HYP,0.283659,0.32650468,0.3494881,0.41265815,0.37446335,0.44505268
sketch,P,word2vec_tiny_50_HYP,0.23315072,0.30133876,0.2860591,0.34790537,0.30944112,0.35233337
network,P,word2vec_tiny_50_HYP,0.4254455,0.5600286,0.4933485,0.6355307,0.5251384,0.66679573
throttle,P,word2vec_tiny_50_HYP,0.2612711,0.2932751,0.30728385,0.33913836,0.32631722,0.34207729
pledge,P,word2vec_tiny_50_HYP,0.13012007,0.15655737,0.15658881,0.19106983,0.16842753,0.20860876
breed,P,word2vec_tiny_50_HYP,0.29218474,0.31457114,0.33690202,0.33769098,0.35521102,0.3465644
flexible,P,word2vec_tiny_50_HYP,0.38810593,0.5389141,0.5120302,0.6639489,0.5582399,0.71170485
pillar,P,word2vec_tiny_50_HYP,0.23407754,0.23494023,0.2609923,0.2519818,0.2723985,0.264228
continuous,M,word2vec_tiny_50_HYP,0.14211816,0.17070507,0.16937827,0.1936793,0.1826311,0.20915273
dinnertime,M,word2vec_tiny_50_HYP,0.31021455,0.3592055,0.35202447,0.3820096,0.36966053,0.40175378
latch,P,word2vec_tiny_50_HYP,0.2682646,0.3588309,0.36968338,0.49236533,0.4117421,0.5196264
bride,H,word2vec_tiny_50_HYP,0.3596585,0.47195366,0.45615143,0.5733792,0.50233483,0.60672957
announce,P,word2vec_tiny_50_HYP,0.3176847,0.3609777,0.38298,0.4530918,0.41442588,0.47542477
appear,P,word2vec_tiny_50_HYP,0.40473765,0.5059605,0.5306099,0.6390219,0.56685203,0.6449916
complete,P,word2vec_tiny_50_HYP,0.37656134,0.5251461,0.47997144,0.5689183,0.5155783,0.5614261
delightful,M,word2vec_tiny_50_HYP,0.3128857,0.36263892,0.3754288,0.47662538,0.4021089,0.4974178
accordion,P,word2vec_tiny_50_HYP,0.25604463,0.28773862,0.29599223,0.32680264,0.31459576,0.3465851
plaque,P,word2vec_tiny_50_HYP,0.30989942,0.38164872,0.3546011,0.4395661,0.37299597,0.45776454
replica,P,word2vec_tiny_50_HYP,0.17627166,0.17462718,0.20777172,0.21236455,0.21963787,0.22217387
cowboy,P,word2vec_tiny_50_HYP,0.3350048,0.41801533,0.45758888,0.5739642,0.5102459,0.62022835
turbulence,P,word2vec_tiny_50_HYP,0.28918943,0.30257285,0.32604453,0.3504618,0.34038028,0.37640387
crust,P,word2vec_tiny_50_HYP,0.24576478,0.28877333,0.3123467,0.37887046,0.34714398,0.40864256
bag,P,word2vec_tiny_50_HYP,0.3448416,0.4856315,0.47989398,0.6189682,0.52623254,0.64038545
scarce,P,word2vec_tiny_50_HYP,0.20197487,0.19218445,0.24017355,0.22701819,0.2572579,0.24656329
apology,P,word2vec_tiny_50_HYP,0.3704937,0.42477402,0.42529812,0.48238432,0.4476934,0.48175722
ornament,P,word2vec_tiny_50_HYP,0.29329738,0.37806687,0.41459495,0.55410624,0.46728012,0.6134221
fancy,P,word2vec_tiny_50_HYP,0.31243497,0.37995908,0.43757823,0.598283,0.49048537,0.6506411
bind,P,word2vec_tiny_50_HYP,0.23104179,0.26800895,0.27229267,0.30363622,0.2876271,0.3246142
cranky,P,word2vec_tiny_50_HYP,0.4073785,0.48561686,0.48214844,0.5436678,0.5129901,0.54412746
rhythmic,M,word2vec_tiny_50_HYP,0.20489581,0.289599,0.269714,0.3891925,0.30527985,0.43448249
malicious,M,word2vec_tiny_50_HYP,0.19664864,0.24182804,0.22549365,0.2758504,0.23678498,0.2864538
forecast,P,word2vec_tiny_50_HYP,0.2925963,0.3043164,0.3377911,0.32455346,0.3554374,0.32805708
stroll,P,word2vec_tiny_50_HYP,0.3620676,0.461725,0.46370706,0.56228924,0.49827236,0.57485056
mocha,P,word2vec_tiny_50_HYP,0.2488029,0.28340113,0.285038,0.30385834,0.2994961,0.3069218
situation,P,word2vec_tiny_50_HYP,0.30546293,0.36131173,0.37131515,0.41779098,0.39590117,0.4360796
copilot,M,word2vec_tiny_50_HYP,0.3761981,0.49127945,0.47884834,0.5800197,0.52050096,0.6213968
paste,H,word2vec_tiny_50_HYP,0.29621023,0.39912415,0.35952458,0.46420634,0.38856202,0.5009384
drawer,P,word2vec_tiny_50_HYP,0.32875615,0.4396749,0.45416272,0.6137028,0.50716424,0.65503657
skill,P,word2vec_tiny_50_HYP,0.29552504,0.3218659,0.37827763,0.39078507,0.41271842,0.4392447
fossil,P,word2vec_tiny_50_HYP,0.36667222,0.46516114,0.44622785,0.5476467,0.47733358,0.56866705
join,P,word2vec_tiny_50_HYP,0.46815747,0.5829514,0.5667637,0.68318486,0.6015838,0.6927092
sequence,P,word2vec_tiny_50_HYP,0.24816184,0.27916858,0.33140105,0.37966403,0.3625238,0.42092955
deliver,P,word2vec_tiny_50_HYP,0.35090014,0.48955318,0.49372268,0.6355274,0.5388581,0.6587256
succeed,P,word2vec_tiny_50_HYP,0.40535218,0.52757096,0.49964222,0.5589557,0.5322483,0.5461707
snip,P,word2vec_tiny_50_HYP,0.35317904,0.39379779,0.44788173,0.5192832,0.48531613,0.5602438
potty,P,word2vec_tiny_50_HYP,0.40979236,0.54108447,0.5003166,0.60575634,0.53058034,0.62238526
vegetable,P,word2vec_tiny_50_HYP,0.21189985,0.2617307,0.35194373,0.44971076,0.41657132,0.5094152
worthy,P,word2vec_tiny_50_HYP,0.2408078,0.25478598,0.29081893,0.3278807,0.3144311,0.35677797
victorious,P,word2vec_tiny_50_HYP,0.23478095,0.3109727,0.3129428,0.39619946,0.3480884,0.42794347
pillow,P,word2vec_tiny_50_HYP,0.3068313,0.423325,0.4461576,0.6069033,0.491783,0.63939285
phenomenon,P,word2vec_tiny_50_HYP,0.1689575,0.16706993,0.19517797,0.19601445,0.20731384,0.21507244
lap,H,word2vec_tiny_50_HYP,0.4035843,0.49576175,0.485584,0.5923217,0.5172749,0.6165007
corn,H,word2vec_tiny_50_HYP,0.23375006,0.31163245,0.35322747,0.49357745,0.4111295,0.5718887
farmer,M,word2vec_tiny_50_HYP,0.27293068,0.31567535,0.40263695,0.5339921,0.46228397,0.5967843
sleeve,P,word2vec_tiny_50_HYP,0.34617382,0.4895922,0.41492322,0.52684915,0.44312003,0.55017626
chunky,P,word2vec_tiny_50_HYP,0.32593074,0.4352191,0.37622276,0.4880209,0.3970616,0.50683975
funky,H,word2vec_tiny_50_HYP,0.27007455,0.32790962,0.31051046,0.36518046,0.32725555,0.3850229
pet,H,word2vec_tiny_50_HYP,0.42162567,0.5252346,0.51819456,0.5952952,0.5529134,0.6116794
ringer,H,word2vec_tiny_50_HYP,0.3622578,0.42596367,0.43760654,0.49414805,0.4636669,0.50239587
confuse,P,word2vec_tiny_50_HYP,0.32020015,0.39335296,0.38964063,0.47339454,0.41709268,0.50070816
persuasion,P,word2vec_tiny_50_HYP,0.23017633,0.31032312,0.2888096,0.36744183,0.31135496,0.38102672
innocent,P,word2vec_tiny_50_HYP,0.40021434,0.51467115,0.46062234,0.5371919,0.48091087,0.54445547
tragic,P,word2vec_tiny_50_HYP,0.21107955,0.25513345,0.2760358,0.34247285,0.30498692,0.36552447
register,P,word2vec_tiny_50_HYP,0.2631206,0.33421943,0.36773998,0.46491998,0.41187844,0.49095333
scarf,H,word2vec_tiny_50_HYP,0.2809412,0.35783586,0.38963082,0.53281146,0.4448335,0.5794613
marmalade,M,word2vec_tiny_50_HYP,0.3307918,0.3819419,0.38896298,0.455042,0.41158265,0.47859195
consume,P,word2vec_tiny_50_HYP,0.14973013,0.15611003,0.17744434,0.19337559,0.18983322,0.20960146
rice,P,word2vec_tiny_50_HYP,0.21044807,0.29996222,0.3319769,0.448303,0.39650962,0.5091868
pitcher,H,word2vec_tiny_50_HYP,0.30299798,0.38725653,0.37703297,0.44322157,0.41281456,0.474915
suffer,P,word2vec_tiny_50_HYP,0.365025,0.4975892,0.48231956,0.5994555,0.52137554,0.5954672
logic,P,word2vec_tiny_50_HYP,0.21197474,0.29010904,0.26880205,0.3586555,0.29239878,0.38599557
sling,H,word2vec_tiny_50_HYP,0.29742268,0.3668837,0.37699124,0.42407075,0.40730372,0.45279947
unheard,P,word2vec_tiny_50_HYP,0.18886471,0.19427872,0.21873921,0.23790926,0.23307781,0.25055665
raffle,P,word2vec_tiny_50_HYP,0.21555023,0.21371837,0.24930458,0.23791346,0.26514757,0.25164422
lobby,P,word2vec_tiny_50_HYP,0.38211754,0.5030893,0.47031257,0.6103729,0.508113,0.63593966
lovable,M,word2vec_tiny_50_HYP,0.2987638,0.36562106,0.35042164,0.42007574,0.37140453,0.43545485
destroy,P,word2vec_tiny_50_HYP,0.40425962,0.5709326,0.5266399,0.6792604,0.56883806,0.6824929
cowardly,P,word2vec_tiny_50_HYP,0.2644575,0.32186183,0.32942218,0.38738495,0.3529081,0.40104356
jug,P,word2vec_tiny_50_HYP,0.30513087,0.42505768,0.4369136,0.5850048,0.4856024,0.63347775
champion,P,word2vec_tiny_50_HYP,0.32232404,0.41935706,0.3890382,0.4917637,0.4195227,0.5045157
guide,P,word2vec_tiny_50_HYP,0.41306224,0.5117722,0.47990903,0.53096503,0.50392014,0.5406997
ballroom,M,word2vec_tiny_50_HYP,0.3658605,0.44995278,0.44522607,0.53014284,0.47732514,0.56181926
optimistic,P,word2vec_tiny_50_HYP,0.24291909,0.262678,0.28794816,0.33283824,0.31136572,0.36039552
captive,P,word2vec_tiny_50_HYP,0.18444109,0.21347992,0.21441466,0.23466793,0.22805275,0.24742348
plank,P,word2vec_tiny_50_HYP,0.41535062,0.49724784,0.48065722,0.55728924,0.5067689,0.57916945
plug,P,word2vec_tiny_50_HYP,0.33651915,0.40239337,0.43709624,0.5304337,0.4762486,0.5696738
volunteer,P,word2vec_tiny_50_HYP,0.3627862,0.4096048,0.4215067,0.48038912,0.44751304,0.50027657
hearty,P,word2vec_tiny_50_HYP,0.3131187,0.30589896,0.36354887,0.39596146,0.38407052,0.41610548
wool,P,word2vec_tiny_50_HYP,0.3406968,0.45915866,0.46673173,0.6119189,0.50946474,0.64293814
divine,P,word2vec_tiny_50_HYP,0.20315051,0.21931458,0.2577114,0.31298804,0.28575292,0.3616236
ideal,P,word2vec_tiny_50_HYP,0.30729994,0.3211071,0.35688344,0.3648246,0.3754277,0.37023446
mystical,P,word2vec_tiny_50_HYP,0.25041002,0.3391356,0.314851,0.41526705,0.34031832,0.4337295
swordfish,M,word2vec_tiny_50_HYP,0.32249194,0.4056247,0.3974773,0.51224107,0.43450257,0.5591862
fatigue,P,word2vec_tiny_50_HYP,0.2034237,0.23103435,0.23844966,0.28977826,0.25479987,0.3089273
exception,P,word2vec_tiny_50_HYP,0.3266407,0.3199998,0.37197122,0.38447094,0.3909518,0.39800397
department,P,word2vec_tiny_50_HYP,0.26467973,0.385003,0.38592356,0.5029101,0.42721206,0.52158797
chaser,P,word2vec_tiny_50_HYP,0.13537827,0.1415321,0.15683575,0.17907807,0.16880587,0.19592877
quicksand,M,word2vec_tiny_50_HYP,0.27934617,0.34252906,0.3364473,0.39470786,0.35888466,0.4165374
parental,M,word2vec_tiny_50_HYP,0.15168479,0.1551246,0.1834652,0.20702368,0.1989225,0.22150488
corny,P,word2vec_tiny_50_HYP,0.3343453,0.37518978,0.42447495,0.53614587,0.46465942,0.5871802
formation,P,word2vec_tiny_50_HYP,0.25437656,0.3155651,0.3174988,0.4045785,0.345921,0.4404832
planner,P,word2vec_tiny_50_HYP,0.25669995,0.24677324,0.3140313,0.28520873,0.3366878,0.29342356
marker,P,word2vec_tiny_50_HYP,0.28143424,0.34343886,0.39267924,0.48561397,0.44593263,0.5473194
prune,H,word2vec_tiny_50_HYP,0.22797398,0.2751686,0.3590513,0.4792855,0.4256555,0.55829483
gain,P,word2vec_tiny_50_HYP,0.4238202,0.5506526,0.52016604,0.61313146,0.5511257,0.5721312
scalp,P,word2vec_tiny_50_HYP,0.24265456,0.3355886,0.31106815,0.4262209,0.34330073,0.4610023
bottle,P,word2vec_tiny_50_HYP,0.32294312,0.4292801,0.45225835,0.59649295,0.49801224,0.6396301
mention,P,word2vec_tiny_50_HYP,0.44624823,0.587585,0.5256373,0.6184211,0.5523875,0.5978308
glee,P,word2vec_tiny_50_HYP,0.26841676,0.3628119,0.38709903,0.4706561,0.42655453,0.48273697
errand,P,word2vec_tiny_50_HYP,0.2738225,0.30743474,0.31653243,0.3474209,0.33370873,0.37543437
childhood,M,word2vec_tiny_50_HYP,0.3317772,0.40301812,0.39272454,0.4461205,0.41759038,0.45484844
shake,P,word2vec_tiny_50_HYP,0.40238905,0.54649436,0.5142883,0.6667298,0.5585942,0.69840133
reverence,P,word2vec_tiny_50_HYP,0.14548498,0.16579315,0.1735523,0.202227,0.18437296,0.21287954
limb,H,word2vec_tiny_50_HYP,0.27922907,0.3495922,0.33453405,0.4109419,0.35633227,0.4361462
coward,P,word2vec_tiny_50_HYP,0.2716857,0.3571331,0.3808823,0.4622841,0.41524276,0.49436215
property,P,word2vec_tiny_50_HYP,0.30809394,0.3734275,0.3861085,0.4299936,0.41861317,0.44627276
sundae,M,word2vec_tiny_50_HYP,0.25118867,0.27199367,0.33870453,0.36555672,0.38270447,0.4199095
fashion,P,word2vec_tiny_50_HYP,0.30284435,0.36778054,0.43537876,0.55778664,0.4827806,0.6226655
ecstatic,P,word2vec_tiny_50_HYP,0.2697499,0.3739907,0.35176873,0.44148794,0.37710282,0.44887677
copper,P,word2vec_tiny_50_HYP,0.31937975,0.35921422,0.4545373,0.5892014,0.50295717,0.6298042
hammer,P,word2vec_tiny_50_HYP,0.2795958,0.39808977,0.40808088,0.5723079,0.4614262,0.6256035
bumper,P,word2vec_tiny_50_HYP,0.28652245,0.3509436,0.39478955,0.4806036,0.4405564,0.5396146
unknown,P,word2vec_tiny_50_HYP,0.3877807,0.45726433,0.51464903,0.6338354,0.5525715,0.62808913
press,H,word2vec_tiny_50_HYP,0.34707028,0.42513666,0.45940197,0.5685417,0.50598156,0.61630213
smoker,P,word2vec_tiny_50_HYP,0.15473667,0.17915976,0.17966205,0.19489798,0.19212677,0.21230552
innocence,P,word2vec_tiny_50_HYP,0.2061939,0.26283965,0.25313362,0.3394065,0.27276313,0.3709642
rascal,P,word2vec_tiny_50_HYP,0.29233062,0.35411036,0.33634332,0.39342687,0.3526685,0.40380958
venue,P,word2vec_tiny_50_HYP,0.16683859,0.18373096,0.19216645,0.20672244,0.20320468,0.21900932
chase,H,word2vec_tiny_50_HYP,0.38936436,0.535103,0.51434517,0.65121114,0.5499146,0.6504647
user,P,word2vec_tiny_50_HYP,0.23436014,0.239924,0.2673793,0.28180033,0.27968636,0.28371337
insect,P,word2vec_tiny_50_HYP,0.2339251,0.33318236,0.38446245,0.52655333,0.45166177,0.5960319
escape,P,word2vec_tiny_50_HYP,0.4244761,0.5618179,0.50536114,0.5663894,0.5332258,0.54545796
gag,H,word2vec_tiny_50_HYP,0.2390413,0.28840095,0.32744992,0.41657054,0.36324745,0.44925365
lifeless,P,word2vec_tiny_50_HYP,0.27261353,0.34736365,0.3371562,0.4357439,0.36202773,0.45460996
sunrise,P,word2vec_tiny_50_HYP,0.37793612,0.48669443,0.49866354,0.63349664,0.5403107,0.6665217
refresh,P,word2vec_tiny_50_HYP,0.1469479,0.16037695,0.17509618,0.2038241,0.18769665,0.2258123
meek,P,word2vec_tiny_50_HYP,0.27664042,0.31214464,0.3219896,0.3608468,0.34018335,0.37480313
troll,H,word2vec_tiny_50_HYP,0.34045213,0.37586677,0.4188336,0.44899264,0.44574672,0.4607498
snowy,P,word2vec_tiny_50_HYP,0.34744442,0.4758793,0.45082033,0.6013061,0.49400356,0.621743
breath,P,word2vec_tiny_50_HYP,0.46584195,0.58649045,0.56552476,0.6376826,0.5928077,0.6498618
straighten,P,word2vec_tiny_50_HYP,0.2704317,0.34519812,0.341492,0.45860463,0.37480575,0.4940779
plight,H,word2vec_tiny_50_HYP,0.25574622,0.32226983,0.32493576,0.3857281,0.3492752,0.41636232
delay,P,word2vec_tiny_50_HYP,0.42655683,0.58176273,0.5394633,0.63937616,0.572428,0.6130965
exterior,P,word2vec_tiny_50_HYP,0.2574111,0.27865836,0.29530463,0.31835866,0.30977342,0.32227632
cockpit,P,word2vec_tiny_50_HYP,0.33430544,0.4215317,0.42281264,0.53816164,0.4591829,0.57080716
thoughtful,P,word2vec_tiny_50_HYP,0.24435139,0.33564866,0.42692065,0.58450603,0.4996399,0.6363311
sage,H,word2vec_tiny_50_HYP,0.30496553,0.3804666,0.35023662,0.4085244,0.3683256,0.4352745
creepy,P,word2vec_tiny_50_HYP,0.35753828,0.46241143,0.44279996,0.53362375,0.47460106,0.54217905
unpopular,P,word2vec_tiny_50_HYP,0.13640311,0.15427746,0.15957779,0.18640094,0.17144734,0.20335977
garbage,P,word2vec_tiny_50_HYP,0.32567093,0.45099297,0.43371135,0.54236686,0.4718654,0.5667881
alphabet,P,word2vec_tiny_50_HYP,0.25982684,0.3318498,0.34717026,0.4306437,0.3882946,0.47505552
cannon,P,word2vec_tiny_50_HYP,0.30747423,0.43455422,0.38875392,0.517948,0.4237603,0.54590625
collect,P,word2vec_tiny_50_HYP,0.36669096,0.50768125,0.50051993,0.66462463,0.55242115,0.70684725
bench,P,word2vec_tiny_50_HYP,0.4299397,0.5501425,0.5340848,0.67935956,0.5693661,0.6851932
stiff,P,word2vec_tiny_50_HYP,0.3684497,0.48214567,0.45448765,0.55019873,0.48801744,0.5781219
meadow,P,word2vec_tiny_50_HYP,0.29887766,0.41970173,0.39826548,0.48327026,0.43246585,0.5069274
dishwasher,P,word2vec_tiny_50_HYP,0.32592362,0.44747773,0.45420182,0.6049771,0.5089456,0.65837127
cycle,P,word2vec_tiny_50_HYP,0.3457486,0.37882558,0.3890213,0.42084122,0.40725958,0.4418705
player,P,word2vec_tiny_50_HYP,0.39340895,0.497444,0.4811355,0.5825275,0.5166917,0.6028222
bull,H,word2vec_tiny_50_HYP,0.25061926,0.32957748,0.39157763,0.52790576,0.45898193,0.6153748
brave,P,word2vec_tiny_50_HYP,0.37210613,0.48023024,0.4761846,0.6118279,0.5114257,0.60839146
aircraft,M,word2vec_tiny_50_HYP,0.26074034,0.31992826,0.3165532,0.40353674,0.3374385,0.42384976
nip,H,word2vec_tiny_50_HYP,0.28731674,0.32383165,0.33976918,0.41270253,0.36367568,0.437744
amulet,M,word2vec_tiny_50_HYP,0.26122615,0.36422196,0.32054836,0.4293954,0.3437869,0.44167855
cherish,P,word2vec_tiny_50_HYP,0.294724,0.3258933,0.35349327,0.3693728,0.37835124,0.38759366
dish,P,word2vec_tiny_50_HYP,0.26414257,0.34307253,0.38858333,0.51378024,0.4464314,0.58460265
clerk,P,word2vec_tiny_50_HYP,0.25719693,0.33156085,0.3644199,0.4660896,0.3987469,0.4889463
tuck,P,word2vec_tiny_50_HYP,0.49417567,0.59648776,0.5706419,0.63190943,0.59453154,0.63628054
railroad,P,word2vec_tiny_50_HYP,0.19575177,0.21625718,0.22550955,0.23581082,0.23768944,0.24117067
circus,P,word2vec_tiny_50_HYP,0.3313221,0.447334,0.45416152,0.5875626,0.5043704,0.63770086
stool,P,word2vec_tiny_50_HYP,0.4173225,0.54576826,0.52112085,0.6670223,0.5588126,0.70063895
flake,P,word2vec_tiny_50_HYP,0.2626134,0.31719178,0.30630562,0.37125516,0.32569954,0.3844562
stretcher,P,word2vec_tiny_50_HYP,0.36065817,0.4518499,0.4666378,0.5635003,0.5058959,0.59764826
tread,P,word2vec_tiny_50_HYP,0.16359617,0.17303333,0.1911133,0.20328149,0.20299158,0.2234457
wrestle,P,word2vec_tiny_50_HYP,0.2969005,0.38568386,0.38199222,0.48729673,0.41551608,0.5103726
certain,P,word2vec_tiny_50_HYP,0.32751226,0.38987568,0.37736228,0.43638042,0.39573365,0.45270875
tendency,P,word2vec_tiny_50_HYP,0.15731417,0.17112045,0.18508855,0.20040433,0.19727986,0.21337016
beginner,M,word2vec_tiny_50_HYP,0.16589256,0.1768084,0.1892583,0.19267748,0.20090348,0.21086228
spree,P,word2vec_tiny_50_HYP,0.16824941,0.17312825,0.19561993,0.2102294,0.20651641,0.21872209
roar,P,word2vec_tiny_50_HYP,0.32959917,0.4315382,0.43460572,0.5278519,0.4783362,0.559884
haircut,P,word2vec_tiny_50_HYP,0.3601247,0.4558683,0.49620038,0.6144111,0.5410369,0.62497973
momentum,P,word2vec_tiny_50_HYP,0.2624871,0.30786934,0.30553484,0.34942365,0.3223466,0.36051875
clam,P,word2vec_tiny_50_HYP,0.3254529,0.3826976,0.40837115,0.49583793,0.44906276,0.54103386
spread,P,word2vec_tiny_50_HYP,0.45780927,0.54946965,0.533498,0.57057804,0.5554665,0.575645
howl,P,word2vec_tiny_50_HYP,0.30547437,0.37607583,0.37494934,0.4268067,0.40945962,0.4772365
snail,P,word2vec_tiny_50_HYP,0.341941,0.421002,0.46468785,0.55676067,0.5142833,0.6082119
embarrass,P,word2vec_tiny_50_HYP,0.42521715,0.490868,0.5389547,0.6651264,0.5839983,0.69012165
mouse,P,word2vec_tiny_50_HYP,0.35053518,0.46526542,0.4714631,0.6054837,0.5180857,0.6193085
unpleasant,M,word2vec_tiny_50_HYP,0.29186946,0.36396623,0.3511757,0.41347647,0.37739056,0.4299164
score,P,word2vec_tiny_50_HYP,0.30255032,0.4396414,0.442628,0.56366956,0.49300644,0.6099652
nature,P,word2vec_tiny_50_HYP,0.37154958,0.46269146,0.45044133,0.5002119,0.47732747,0.5196774
cupcake,M,word2vec_tiny_50_HYP,0.27722046,0.35431403,0.35298884,0.4014337,0.388861,0.44225636
splendor,P,word2vec_tiny_50_HYP,0.21831751,0.2454845,0.25533828,0.28223574,0.26945317,0.29326862
caffeine,M,word2vec_tiny_50_HYP,0.20722854,0.22244608,0.24895376,0.2729539,0.2645812,0.2799063
wallpaper,P,word2vec_tiny_50_HYP,0.28445712,0.3587318,0.3426872,0.44520158,0.37393048,0.48921397
trim,P,word2vec_tiny_50_HYP,0.31458098,0.3441144,0.421957,0.49077284,0.45959893,0.5221723
lime,H,word2vec_tiny_50_HYP,0.22435255,0.27330408,0.37893903,0.49181786,0.44310355,0.5722231
chimney,P,word2vec_tiny_50_HYP,0.3496632,0.49307388,0.46992224,0.62200993,0.5201678,0.6736619
assistance,P,word2vec_tiny_50_HYP,0.27100694,0.35830653,0.33264977,0.4030526,0.35693055,0.41867632
active,P,word2vec_tiny_50_HYP,0.39294565,0.5039291,0.4828442,0.56933534,0.5143925,0.5756342
incredible,P,word2vec_tiny_50_HYP,0.27462602,0.37056735,0.45739034,0.6045517,0.51675725,0.6366946
cake,P,word2vec_tiny_50_HYP,0.26317376,0.342841,0.37569824,0.47648945,0.43554223,0.54128015
lightning,P,word2vec_tiny_50_HYP,0.30033517,0.42889205,0.41631,0.5157669,0.4634928,0.5600269
burial,M,word2vec_tiny_50_HYP,0.3023777,0.32924083,0.35166028,0.39817667,0.37144876,0.42171225
handshake,M,word2vec_tiny_50_HYP,0.3121074,0.3758101,0.37113827,0.42489794,0.3937462,0.43696645
typewriter,M,word2vec_tiny_50_HYP,0.17053035,0.18035264,0.19997966,0.21432188,0.21182413,0.22668771
saliva,M,word2vec_tiny_50_HYP,0.2467571,0.34020936,0.3238832,0.4453203,0.3560186,0.47179142
unite,P,word2vec_tiny_50_HYP,0.44408345,0.54753,0.5316335,0.5950534,0.5598736,0.58802795
damp,P,word2vec_tiny_50_HYP,0.33422118,0.39026168,0.39737388,0.46892866,0.42485902,0.49518585
hopeless,P,word2vec_tiny_50_HYP,0.32538056,0.40680847,0.39026645,0.44540507,0.4181043,0.47110727
lazy,P,word2vec_tiny_50_HYP,0.31322595,0.38516548,0.4700959,0.5858712,0.53675807,0.6674046
confusion,P,word2vec_tiny_50_HYP,0.30550203,0.37602958,0.38046008,0.43494624,0.4084999,0.455129
python,P,word2vec_tiny_50_HYP,0.2991548,0.3692687,0.3731135,0.45509425,0.40141323,0.4849105
breathe,P,word2vec_tiny_50_HYP,0.42330724,0.46670815,0.5105631,0.5830663,0.54446685,0.604064
highway,P,word2vec_tiny_50_HYP,0.2547695,0.33562264,0.32789725,0.43263477,0.36608997,0.48116523
calculator,P,word2vec_tiny_50_HYP,0.2485762,0.30995184,0.32511476,0.41663185,0.35764208,0.46063662
pry,H,word2vec_tiny_50_HYP,0.31258476,0.35885292,0.42148826,0.52718776,0.4591514,0.5546662
knack,P,word2vec_tiny_50_HYP,0.2434094,0.29880568,0.29361647,0.35360938,0.3152135,0.37991527
fungus,P,word2vec_tiny_50_HYP,0.23977824,0.26469016,0.27271822,0.2731313,0.28630227,0.29200634
homeland,M,word2vec_tiny_50_HYP,0.15922844,0.17642654,0.18655123,0.20591043,0.19882153,0.21947612
explore,P,word2vec_tiny_50_HYP,0.3472423,0.4873072,0.4496753,0.5297148,0.47773644,0.53059393
spicy,P,word2vec_tiny_50_HYP,0.32579106,0.40059036,0.42877674,0.47955132,0.46811736,0.49284765
chaotic,M,word2vec_tiny_50_HYP,0.32582718,0.36740676,0.3810067,0.4377752,0.40419197,0.45842242
rabies,M,word2vec_tiny_50_HYP,0.3029607,0.40682286,0.37442163,0.48485595,0.404152,0.51030505
loaf,H,word2vec_tiny_50_HYP,0.26812318,0.32014576,0.3405037,0.41165033,0.37484527,0.43446103
courtroom,M,word2vec_tiny_50_HYP,0.3012043,0.3816185,0.34383178,0.41655084,0.36110365,0.42719957
graveyard,M,word2vec_tiny_50_HYP,0.26353556,0.3116273,0.31483024,0.37423036,0.33340254,0.3970848
tournament,P,word2vec_tiny_50_HYP,0.26541156,0.33381099,0.35200092,0.43401626,0.38583365,0.46172237
puppy,P,word2vec_tiny_50_HYP,0.33695334,0.4487217,0.45155632,0.5313663,0.48967376,0.54765546
choir,P,word2vec_tiny_50_HYP,0.27573842,0.34912354,0.35585237,0.45333573,0.39433235,0.49594438
hasty,P,word2vec_tiny_50_HYP,0.26312923,0.28335553,0.32301617,0.33672243,0.34843585,0.3533551
muster,P,word2vec_tiny_50_HYP,0.2552418,0.27750695,0.30013722,0.3079932,0.31886435,0.32971698
bunker,P,word2vec_tiny_50_HYP,0.16924486,0.16775197,0.19635144,0.21113357,0.20753025,0.22283198
nine,P,word2vec_tiny_50_HYP,0.23250675,0.29434544,0.38679993,0.40117496,0.4533615,0.47631085
frame,P,word2vec_tiny_50_HYP,0.2985587,0.41509452,0.40838283,0.55962527,0.4593165,0.616056
honorary,P,word2vec_tiny_50_HYP,0.27654806,0.35592622,0.3283889,0.41836792,0.35176757,0.44450855
saxophone,M,word2vec_tiny_50_HYP,0.26908088,0.33433038,0.41155612,0.50261676,0.4786238,0.5719735
kitten,P,word2vec_tiny_50_HYP,0.39844286,0.5120692,0.511603,0.61411,0.54673314,0.61524945
diagnose,P,word2vec_tiny_50_HYP,0.19015309,0.22171986,0.22189647,0.24491407,0.23610948,0.25166818
obstacle,M,word2vec_tiny_50_HYP,0.32302412,0.31922185,0.39681873,0.40675947,0.42788327,0.43385303
alert,P,word2vec_tiny_50_HYP,0.42214862,0.47234246,0.5374868,0.6564573,0.5864135,0.6948815
vinegar,M,word2vec_tiny_50_HYP,0.2877886,0.3461529,0.36300156,0.40999043,0.3982514,0.4505753
bonnet,P,word2vec_tiny_50_HYP,0.31993413,0.3958878,0.3775503,0.46139395,0.40118125,0.4776743
conductor,P,word2vec_tiny_50_HYP,0.32393622,0.4490158,0.400812,0.51404405,0.43442383,0.5431175
bubble,P,word2vec_tiny_50_HYP,0.39424822,0.5412398,0.47828335,0.6117679,0.51169807,0.6323135
garlic,P,word2vec_tiny_50_HYP,0.17716193,0.2216466,0.2520169,0.3320194,0.29046565,0.3701722
crossword,M,word2vec_tiny_50_HYP,0.19604857,0.21076225,0.22668001,0.23048145,0.24148567,0.24233018
settlement,P,word2vec_tiny_50_HYP,0.19267349,0.18353419,0.22295786,0.21658379,0.23614484,0.23485139
vet,H,word2vec_tiny_50_HYP,0.33332714,0.39332837,0.46324408,0.55381423,0.50873876,0.5779186
courteous,M,word2vec_tiny_50_HYP,0.19864729,0.24872793,0.25159454,0.29374474,0.28009474,0.31128573
sacrifice,P,word2vec_tiny_50_HYP,0.16410545,0.19747105,0.20504813,0.25873893,0.22651157,0.2873075
aware,M,word2vec_tiny_50_HYP,0.29197335,0.37284878,0.39154512,0.43695244,0.42476502,0.4435134
dreadful,P,word2vec_tiny_50_HYP,0.22875845,0.27383435,0.27608523,0.3061037,0.2943129,0.3260643
separation,P,word2vec_tiny_50_HYP,0.20235899,0.19868092,0.23199525,0.23094165,0.24566247,0.24326782
flute,P,word2vec_tiny_50_HYP,0.26571372,0.34263557,0.41924167,0.5480938,0.47926643,0.6066537
trigger,P,word2vec_tiny_50_HYP,0.37890717,0.47585598,0.4720713,0.57471526,0.5056637,0.59201866
fury,P,word2vec_tiny_50_HYP,0.22497061,0.30328003,0.2834698,0.3718834,0.30862582,0.4022773
drone,H,word2vec_tiny_50_HYP,0.2773197,0.31737983,0.3179349,0.3667126,0.33309355,0.3738085
external,P,word2vec_tiny_50_HYP,0.13228804,0.17486355,0.16316204,0.21619804,0.18347201,0.24163125
trait,M,word2vec_tiny_50_HYP,0.1634769,0.19794902,0.20328712,0.23808862,0.22405788,0.27047354
comply,M,word2vec_tiny_50_HYP,0.19330171,0.20312655,0.21980108,0.22136343,0.23165722,0.23157962
lava,P,word2vec_tiny_50_HYP,0.33456796,0.3867476,0.4395565,0.5293756,0.47636092,0.57383484
doodle,P,word2vec_tiny_50_HYP,0.27786994,0.33816147,0.32140777,0.38011608,0.33992478,0.38524735
mysterious,P,word2vec_tiny_50_HYP,0.32945734,0.45171836,0.4519285,0.6010747,0.49019578,0.6078374
static,P,word2vec_tiny_50_HYP,0.2302973,0.24150775,0.2680092,0.27426308,0.28283462,0.2870149
uninvited,M,word2vec_tiny_50_HYP,0.1429424,0.15146622,0.16753736,0.18601139,0.17813286,0.20180258
brush,H,word2vec_tiny_50_HYP,0.33931404,0.47976264,0.44618928,0.5743457,0.49124485,0.60846096
memorable,P,word2vec_tiny_50_HYP,0.2786157,0.3775723,0.3334047,0.42077798,0.36171004,0.44158447
timid,P,word2vec_tiny_50_HYP,0.31180835,0.376941,0.37409195,0.43475172,0.40010506,0.44574848
lovely,P,word2vec_tiny_50_HYP,0.31549734,0.4071854,0.44859108,0.57604706,0.49484244,0.5828842
lunar,P,word2vec_tiny_50_HYP,0.27838907,0.3348706,0.3191546,0.26976407,0.3393714,0.3768931
distraught,P,word2vec_tiny_50_HYP,0.23009983,0.27600858,0.27483895,0.3595848,0.2911748,0.3809906
infinite,P,word2vec_tiny_50_HYP,0.2023206,0.19651476,0.23585393,0.22814426,0.24957782,0.25172552
medallion,P,word2vec_tiny_50_HYP,0.18963893,0.22462922,0.21940601,0.22576211,0.23255533,0.24137993
haystack,M,word2vec_tiny_50_HYP,0.34296057,0.43730834,0.4121283,0.4530095,0.43932664,0.4954704
coast,P,word2vec_tiny_50_HYP,0.3215956,0.32981208,0.41800416,0.47997802,0.4549206,0.5209787
impulsive,P,word2vec_tiny_50_HYP,0.1590821,0.17834322,0.18898451,0.21931036,0.20619145,0.2418063
shipment,P,word2vec_tiny_50_HYP,0.18789837,0.19234669,0.21853003,0.23596413,0.23138171,0.2472413
amaze,M,word2vec_tiny_50_HYP,0.28581768,0.36545947,0.32784253,0.38811725,0.3468737,0.39364454
operation,P,word2vec_tiny_50_HYP,0.38425198,0.45172226,0.48547593,0.55841017,0.52254957,0.5847372
survival,P,word2vec_tiny_50_HYP,0.15449038,0.16053616,0.18127419,0.20096755,0.19500585,0.22093017
perimeter,P,word2vec_tiny_50_HYP,0.23664089,0.29527116,0.27643427,0.34628102,0.29408175,0.3605064
dolphin,P,word2vec_tiny_50_HYP,0.22439285,0.2884361,0.35879844,0.4731752,0.4270134,0.54928905
feast,P,word2vec_tiny_50_HYP,0.4137048,0.5114563,0.515196,0.61215234,0.54919016,0.6110431
brook,H,word2vec_tiny_50_HYP,0.25368404,0.3074773,0.3252213,0.41746473,0.35120803,0.43833336
poker,H,word2vec_tiny_50_HYP,0.30088764,0.35350502,0.35605535,0.40742597,0.3785702,0.4104943
handcuff,P,word2vec_tiny_50_HYP,0.28767052,0.36902288,0.3423414,0.41140512,0.36537957,0.42443863
teenage,M,word2vec_tiny_50_HYP,0.18391976,0.19472599,0.2147253,0.22444582,0.22669677,0.23578964
item,P,word2vec_tiny_50_HYP,0.33165717,0.4088832,0.39259288,0.45152584,0.41218528,0.45928022
hometown,M,word2vec_tiny_50_HYP,0.27876478,0.35843155,0.32750687,0.4147351,0.34923995,0.44246143
fortress,M,word2vec_tiny_50_HYP,0.26706478,0.3414485,0.3235407,0.4282098,0.3449259,0.44864345
hop,H,word2vec_tiny_50_HYP,0.32919896,0.44287622,0.4644524,0.5654006,0.51274556,0.60567117
mountain,P,word2vec_tiny_50_HYP,0.34155452,0.49536556,0.44817105,0.6166397,0.4940837,0.65193665
parent,P,word2vec_tiny_50_HYP,0.40031394,0.4492478,0.52055734,0.46234208,0.54893357,0.42669186
roof,P,word2vec_tiny_50_HYP,0.35390002,0.49070382,0.47497562,0.62653655,0.5217549,0.6686423
disperse,P,word2vec_tiny_50_HYP,0.2041407,0.23715267,0.24168926,0.28311622,0.25729102,0.29013324
joyful,M,word2vec_tiny_50_HYP,0.32053003,0.4037251,0.39775535,0.4769447,0.43182287,0.5132172
pot,H,word2vec_tiny_50_HYP,0.29323047,0.38526112,0.39098328,0.5104583,0.43274045,0.5514374
trench,P,word2vec_tiny_50_HYP,0.29054853,0.3667215,0.35322982,0.42906696,0.38109168,0.46542066
track,P,word2vec_tiny_50_HYP,0.30850074,0.44523063,0.43162724,0.5726646,0.48094544,0.623105
sparkle,P,word2vec_tiny_50_HYP,0.2802669,0.33050236,0.38147354,0.45284864,0.42678598,0.5016027
sly,P,word2vec_tiny_50_HYP,0.36687818,0.44456246,0.45092332,0.54298574,0.4847292,0.5667497
attraction,P,word2vec_tiny_50_HYP,0.28958416,0.33657718,0.33094868,0.3546229,0.34925783,0.37652156
rotate,P,word2vec_tiny_50_HYP,0.283227,0.33352175,0.32957023,0.3964234,0.3500365,0.4026509
firm,H,word2vec_tiny_50_HYP,0.36758757,0.38679695,0.46192208,0.48930132,0.4981843,0.5008244
haste,P,word2vec_tiny_50_HYP,0.2520473,0.28325215,0.3131394,0.35364833,0.33849007,0.37743005
rotten,P,word2vec_tiny_50_HYP,0.32786456,0.40640172,0.43583274,0.5218194,0.47489357,0.5403916
yield,P,word2vec_tiny_50_HYP,0.45658135,0.601171,0.54543585,0.6505652,0.57609075,0.63502747
optimism,P,word2vec_tiny_50_HYP,0.18415828,0.22772755,0.23010717,0.29068667,0.25160453,0.31990394
scrub,H,word2vec_tiny_50_HYP,0.30970415,0.4044442,0.42991295,0.5340846,0.4749237,0.5711843
repay,P,word2vec_tiny_50_HYP,0.30438262,0.36152527,0.38428998,0.44088823,0.41394174,0.46020815
define,P,word2vec_tiny_50_HYP,0.14320214,0.1614402,0.17474769,0.1984653,0.1936195,0.22737993
include,P,word2vec_tiny_50_HYP,0.4230207,0.52866876,0.53191364,0.6520744,0.56904435,0.65493923
advertise,P,word2vec_tiny_50_HYP,0.26662847,0.32642967,0.31596124,0.38662255,0.33580127,0.4046073
envelope,P,word2vec_tiny_50_HYP,0.27178326,0.38494587,0.41929254,0.5733404,0.4787111,0.63665897
commitment,P,word2vec_tiny_50_HYP,0.18574712,0.23248312,0.23472562,0.28827295,0.26362136,0.32258776
trough,P,word2vec_tiny_50_HYP,0.30618787,0.35763377,0.38334695,0.47004098,0.41217604,0.51184106
bossy,H,word2vec_tiny_50_HYP,0.30986583,0.38181227,0.46091616,0.5840079,0.52911264,0.66428035
leather,P,word2vec_tiny_50_HYP,0.38930285,0.46591803,0.4831424,0.5910422,0.5265801,0.6530924
desk,P,word2vec_tiny_50_HYP,0.3074028,0.44260934,0.42054528,0.5728815,0.47727144,0.6354228
actress,M,word2vec_tiny_50_HYP,0.30696514,0.36266842,0.38639724,0.45699033,0.41533604,0.47826818
replay,P,word2vec_tiny_50_HYP,0.13751797,0.1525071,0.16274767,0.18183051,0.1752449,0.19809553
disco,P,word2vec_tiny_50_HYP,0.37433082,0.4144376,0.4245458,0.48803985,0.4453042,0.49251327
dome,P,word2vec_tiny_50_HYP,0.32929745,0.41577148,0.40538472,0.50117517,0.43862695,0.5423121
nursery,P,word2vec_tiny_50_HYP,0.34266424,0.414944,0.42041042,0.5118372,0.45381173,0.53838015
comb,P,word2vec_tiny_50_HYP,0.30896983,0.41554183,0.41733918,0.5578785,0.4672427,0.6034974
trader,P,word2vec_tiny_50_HYP,0.28320864,0.3758915,0.33869666,0.43455094,0.3632415,0.45096615
elusive,P,word2vec_tiny_50_HYP,0.22085421,0.23051433,0.25211358,0.268189,0.2659587,0.2802609
grateful,P,word2vec_tiny_50_HYP,0.37649783,0.5092177,0.48979676,0.58070517,0.52733254,0.55199987
starvation,P,word2vec_tiny_50_HYP,0.17074649,0.19229972,0.20167631,0.20796685,0.21458824,0.22165754
springtime,P,word2vec_tiny_50_HYP,0.30557072,0.39502728,0.3858673,0.48454195,0.4180732,0.5130637
lion,P,word2vec_tiny_50_HYP,0.26122087,0.36880764,0.40603042,0.5693758,0.46670884,0.61365384
pineapple,P,word2vec_tiny_50_HYP,0.2598596,0.32671174,0.3367399,0.38083535,0.37720284,0.40772474
fan,H,word2vec_tiny_50_HYP,0.38869485,0.46659714,0.471188,0.59481716,0.50763315,0.6539283
river,P,word2vec_tiny_50_HYP,0.2730785,0.37673923,0.42149517,0.5692376,0.47208646,0.61555237
beacon,P,word2vec_tiny_50_HYP,0.24136014,0.29140317,0.31430328,0.39203858,0.34807816,0.42917812
hazardous,P,word2vec_tiny_50_HYP,0.22781579,0.28344882,0.26816556,0.30518112,0.28706455,0.33326998
cute,P,word2vec_tiny_50_HYP,0.3633559,0.44861907,0.4967916,0.6271364,0.5511501,0.6784088
livelihood,M,word2vec_tiny_50_HYP,0.13660362,0.16886699,0.16386782,0.19444275,0.17672098,0.20728403
crisis,P,word2vec_tiny_50_HYP,0.16712211,0.1656982,0.19572686,0.19767824,0.20893162,0.21268378
tip,H,word2vec_tiny_50_HYP,0.43621188,0.56182253,0.52099377,0.6402306,0.5511796,0.6553605
groom,P,word2vec_tiny_50_HYP,0.36314997,0.43027818,0.46826458,0.5779514,0.5114509,0.6044026
assist,P,word2vec_tiny_50_HYP,0.2662453,0.3239835,0.30377263,0.36115864,0.31919777,0.37973917
adopt,P,word2vec_tiny_50_HYP,0.42423597,0.49982464,0.4827832,0.50765115,0.5065425,0.50737435
rubber,H,word2vec_tiny_50_HYP,0.41404358,0.5229465,0.50162035,0.64667034,0.5402259,0.682573
substitute,P,word2vec_tiny_50_HYP,0.1399891,0.16312093,0.16883789,0.19569883,0.18013524,0.21033664
poison,P,word2vec_tiny_50_HYP,0.4213323,0.5452723,0.50419205,0.5977397,0.5366717,0.6129735
assembly,P,word2vec_tiny_50_HYP,0.26952386,0.34742013,0.315314,0.4085942,0.33619472,0.43406275
pulse,H,word2vec_tiny_50_HYP,0.30869526,0.37073803,0.36472744,0.45258036,0.39368987,0.49381486
snake,P,word2vec_tiny_50_HYP,0.35617566,0.5120775,0.45061302,0.6119101,0.497208,0.65163577
manure,P,word2vec_tiny_50_HYP,0.23367183,0.26203963,0.28887504,0.31161022,0.31063968,0.3327811
lad,P,word2vec_tiny_50_HYP,0.26785874,0.29000264,0.31395963,0.30503067,0.33659706,0.3349009
trot,P,word2vec_tiny_50_HYP,0.27991706,0.31686467,0.37972263,0.45161322,0.4153036,0.4823883
soothe,P,word2vec_tiny_50_HYP,0.3050185,0.39589828,0.3692566,0.4402218,0.39693788,0.45789766
mishap,M,word2vec_tiny_50_HYP,0.17200637,0.20573391,0.19405067,0.21750852,0.20602429,0.23017853
host,H,word2vec_tiny_50_HYP,0.3581944,0.46352607,0.44886002,0.5281927,0.48341727,0.53636616
feed,P,word2vec_tiny_50_HYP,0.42552948,0.5637087,0.52513963,0.6603144,0.5611535,0.68083596
classic,P,word2vec_tiny_50_HYP,0.3156649,0.31554008,0.36199582,0.3764498,0.37977073,0.3976344
parachute,P,word2vec_tiny_50_HYP,0.38549083,0.4514283,0.45104697,0.5445524,0.4794046,0.5629406
persuasive,M,word2vec_tiny_50_HYP,0.23392048,0.28705996,0.2926585,0.36627236,0.3158478,0.39009115
footage,P,word2vec_tiny_50_HYP,0.12480483,0.15355371,0.1484473,0.18031839,0.16136253,0.19920023
overall,P,word2vec_tiny_50_HYP,0.25857413,0.32742164,0.3038906,0.3857656,0.32299197,0.40229845
tree,P,word2vec_tiny_50_HYP,0.34700078,0.45521277,0.47483146,0.61548746,0.522028,0.6468799
disastrous,M,word2vec_tiny_50_HYP,0.14619043,0.19155899,0.18636772,0.2284458,0.20662044,0.25142607
visible,P,word2vec_tiny_50_HYP,0.34696293,0.3202579,0.40535274,0.42528427,0.43122536,0.4566993
crunch,P,word2vec_tiny_50_HYP,0.37663764,0.5115144,0.47058955,0.5766321,0.50158185,0.60089207
cracker,P,word2vec_tiny_50_HYP,0.37074172,0.46301475,0.44122353,0.53018785,0.47079873,0.5403352
workshop,P,word2vec_tiny_50_HYP,0.34777296,0.43292233,0.4461643,0.5434926,0.48233384,0.568306
native,P,word2vec_tiny_50_HYP,0.26337406,0.3367288,0.31258,0.41458702,0.33482352,0.44294506
trout,P,word2vec_tiny_50_HYP,0.32810637,0.42255923,0.40141502,0.49749008,0.42824104,0.51409787
reef,H,word2vec_tiny_50_HYP,0.23344198,0.2871923,0.3513983,0.4578063,0.42102626,0.5342409
noise,P,word2vec_tiny_50_HYP,0.31272498,0.42485374,0.41066867,0.48159203,0.44942626,0.51660573
furnace,P,word2vec_tiny_50_HYP,0.26100332,0.34615058,0.3352397,0.4479017,0.3680466,0.48423305
motto,P,word2vec_tiny_50_HYP,0.15723674,0.16352451,0.18430132,0.19551848,0.1970846,0.21189356
channel,P,word2vec_tiny_50_HYP,0.35468888,0.41294616,0.46910873,0.5539121,0.51564187,0.6067317
racer,P,word2vec_tiny_50_HYP,0.36701912,0.499996,0.46220934,0.59887844,0.49890175,0.6266346
irony,P,word2vec_tiny_50_HYP,0.4039065,0.4593583,0.473678,0.5433448,0.5013264,0.55365324
dread,P,word2vec_tiny_50_HYP,0.2109719,0.27854106,0.2699897,0.36268178,0.29852268,0.39468023
protein,M,word2vec_tiny_50_HYP,0.27000996,0.3422267,0.36143738,0.4179329,0.39618814,0.464745
dignity,P,word2vec_tiny_50_HYP,0.15143737,0.17629799,0.18817906,0.21092585,0.20903738,0.2355512
heed,P,word2vec_tiny_50_HYP,0.23701923,0.3185896,0.3124433,0.37736785,0.3422516,0.4005384
area,P,word2vec_tiny_50_HYP,0.4105925,0.53520685,0.50846094,0.6452288,0.54346293,0.66708994
fruit,P,word2vec_tiny_50_HYP,0.18556176,0.23301607,0.32709596,0.43538165,0.3965165,0.50801355
classical,P,word2vec_tiny_50_HYP,0.21431763,0.23606408,0.26315793,0.26576614,0.2822401,0.2742245
ranch,P,word2vec_tiny_50_HYP,0.32373503,0.4093804,0.46107942,0.60690683,0.52061605,0.6696446
security,P,word2vec_tiny_50_HYP,0.3290754,0.40811425,0.40976304,0.4973657,0.43767658,0.5239704
pronounce,P,word2vec_tiny_50_HYP,0.31654072,0.30384204,0.36354622,0.36444974,0.3833686,0.37299126
privacy,P,word2vec_tiny_50_HYP,0.27309602,0.31616092,0.3582536,0.37325427,0.3912468,0.39440158
buggy,H,word2vec_tiny_50_HYP,0.22587395,0.31106472,0.32848117,0.45301378,0.38201508,0.5103979
tramp,P,word2vec_tiny_50_HYP,0.24531226,0.30010337,0.28095797,0.33447486,0.29706952,0.3454169
serenity,M,word2vec_tiny_50_HYP,0.24668571,0.3005267,0.31189564,0.39232388,0.34017137,0.4294881
royal,P,word2vec_tiny_50_HYP,0.34214368,0.41379014,0.42868173,0.5118038,0.46563748,0.5372652
spill,H,word2vec_tiny_50_HYP,0.41203284,0.5075383,0.5047088,0.5347584,0.54033613,0.55635613
seventh,P,word2vec_tiny_50_HYP,0.3278725,0.40474173,0.40953863,0.47102052,0.43829596,0.5082335
choose,P,word2vec_tiny_50_HYP,0.4408772,0.5766667,0.5262062,0.63982326,0.55762994,0.63014925
vast,P,word2vec_tiny_50_HYP,0.2657903,0.36528945,0.33704862,0.43449184,0.3701606,0.4672333
unlike,P,word2vec_tiny_50_HYP,0.38520005,0.46477237,0.44711232,0.50730836,0.47053537,0.52056074
tense,H,word2vec_tiny_50_HYP,0.2690795,0.3050494,0.32366908,0.37747508,0.34616745,0.41332847
origin,P,word2vec_tiny_50_HYP,0.20705548,0.22999954,0.24472816,0.26274475,0.25804204,0.27468053
apologize,P,word2vec_tiny_50_HYP,0.39615726,0.4591265,0.4841814,0.56205165,0.5185011,0.5636292
greenhouse,M,word2vec_tiny_50_HYP,0.24957244,0.23525578,0.28392085,0.27014694,0.2976612,0.27469546
sniff,P,word2vec_tiny_50_HYP,0.4517735,0.6005055,0.554061,0.6979249,0.5904233,0.69959164
reader,P,word2vec_tiny_50_HYP,0.29396388,0.38617662,0.4075245,0.49532896,0.4465948,0.51660407
horrid,P,word2vec_tiny_50_HYP,0.16037175,0.1987093,0.19694224,0.24705914,0.21196268,0.25488564
crease,P,word2vec_tiny_50_HYP,0.26117656,0.33879104,0.30760938,0.39452267,0.32776162,0.41833395
wrist,P,word2vec_tiny_50_HYP,0.37934768,0.45363027,0.46718174,0.56913614,0.5042373,0.6033817
superstar,M,word2vec_tiny_50_HYP,0.24106105,0.22820789,0.2760673,0.25770387,0.29122192,0.26385638
resolution,P,word2vec_tiny_50_HYP,0.21656206,0.25846344,0.2702269,0.2995378,0.29502532,0.3308337
saucy,P,word2vec_tiny_50_HYP,0.23561732,0.21921162,0.29884398,0.2901311,0.33306772,0.34610128
bedside,P,word2vec_tiny_50_HYP,0.32969663,0.41527322,0.42015824,0.48012555,0.45276916,0.49653295
miracle,P,word2vec_tiny_50_HYP,0.4060103,0.4607948,0.45813954,0.4789359,0.48062256,0.48553506
obsession,P,word2vec_tiny_50_HYP,0.1584231,0.17079991,0.18301979,0.21181776,0.19372757,0.22502048
swap,P,word2vec_tiny_50_HYP,0.41170922,0.4989341,0.49355662,0.5255947,0.52101237,0.5327922
tuning,P,word2vec_tiny_50_HYP,0.20510395,0.22101025,0.23829597,0.24196425,0.25090867,0.24987261
injure,P,word2vec_tiny_50_HYP,0.12687317,0.14818615,0.15138479,0.18005428,0.16349617,0.19909243
skeleton,P,word2vec_tiny_50_HYP,0.347625,0.49237937,0.47515213,0.645262,0.51905495,0.6834991
tank,P,word2vec_tiny_50_HYP,0.33953708,0.41873664,0.42704406,0.5842714,0.4733757,0.63396204
sugar,P,word2vec_tiny_50_HYP,0.24913518,0.35055393,0.3505062,0.46027783,0.39339006,0.4881588
connection,P,word2vec_tiny_50_HYP,0.35533622,0.36728972,0.41728973,0.4397756,0.4420028,0.44577706
pretend,P,word2vec_tiny_50_HYP,0.36670452,0.41948777,0.5044088,0.58618903,0.5548962,0.62695897
winter,P,word2vec_tiny_50_HYP,0.36650473,0.47408044,0.48737046,0.6166658,0.53534627,0.66108143
lifeguard,M,word2vec_tiny_50_HYP,0.40274078,0.5288149,0.48383388,0.60636544,0.5184628,0.6259535
intricate,M,word2vec_tiny_50_HYP,0.26117617,0.3690036,0.33287418,0.45253217,0.36480293,0.49879688
hilarious,P,word2vec_tiny_50_HYP,0.37351754,0.469412,0.4491241,0.52941644,0.47803017,0.5430769
backside,P,word2vec_tiny_50_HYP,0.26279154,0.27549648,0.29728192,0.2998893,0.31188798,0.30683485
incomplete,P,word2vec_tiny_50_HYP,0.2952318,0.32634568,0.34126472,0.3601175,0.3577791,0.3540949
drag,P,word2vec_tiny_50_HYP,0.40584588,0.53473884,0.5007022,0.6327794,0.5342033,0.657722
card,H,word2vec_tiny_50_HYP,0.2960337,0.40888894,0.39814064,0.55054754,0.4398475,0.59040624
dirty,P,word2vec_tiny_50_HYP,0.33232158,0.48433402,0.4833066,0.6442265,0.5341672,0.6776757
gang,H,word2vec_tiny_50_HYP,0.30139515,0.34564576,0.35279414,0.40898243,0.3738817,0.4332416
daylight,P,word2vec_tiny_50_HYP,0.23601346,0.294597,0.29532707,0.3885026,0.3262147,0.42392734
pathway,M,word2vec_tiny_50_HYP,0.2652364,0.34465453,0.33687294,0.4157455,0.37029052,0.45267588
chop,H,word2vec_tiny_50_HYP,0.38795146,0.47948387,0.5052927,0.6172222,0.54329807,0.6336454
beef,P,word2vec_tiny_50_HYP,0.2461245,0.3101644,0.3708997,0.4807858,0.42645425,0.54707897
maiden,P,word2vec_tiny_50_HYP,0.2932655,0.33503708,0.34135547,0.4082542,0.36096895,0.42740142
wondrous,M,word2vec_tiny_50_HYP,0.24180755,0.33127585,0.32115844,0.43123105,0.36003232,0.46225142
realm,P,word2vec_tiny_50_HYP,0.2661038,0.34416842,0.3118362,0.3937523,0.3318029,0.41228646
misery,P,word2vec_tiny_50_HYP,0.23709634,0.28111207,0.30610928,0.36654165,0.3351177,0.39453834
jealousy,P,word2vec_tiny_50_HYP,0.25560623,0.2875315,0.3501583,0.3781808,0.38576797,0.407388
darkness,P,word2vec_tiny_50_HYP,0.27822712,0.3199749,0.33612496,0.4053978,0.36192954,0.4390762
tanker,M,word2vec_tiny_50_HYP,0.28788573,0.3018301,0.33108735,0.36309403,0.34986383,0.39127496
turban,P,word2vec_tiny_50_HYP,0.32908595,0.41306388,0.40505123,0.49590933,0.43834656,0.51142734
adoption,P,word2vec_tiny_50_HYP,0.31354564,0.3578841,0.35915557,0.38609985,0.37484127,0.4038085
afar,P,word2vec_tiny_50_HYP,0.40721554,0.43272606,0.4702835,0.48251626,0.49552423,0.4963713
pointless,P,word2vec_tiny_50_HYP,0.1482766,0.1510327,0.17656244,0.1884759,0.18979119,0.20201792
pony,P,word2vec_tiny_50_HYP,0.32120067,0.37428093,0.45174435,0.5721296,0.50624293,0.6480147
pit,H,word2vec_tiny_50_HYP,0.3554675,0.4590837,0.46755818,0.6209721,0.5143679,0.6584266
farm,P,word2vec_tiny_50_HYP,0.29167822,0.30455756,0.44840518,0.57986593,0.5152206,0.6522286
subway,P,word2vec_tiny_50_HYP,0.2934018,0.41828743,0.40894353,0.5735653,0.46138632,0.62828386
honorable,P,word2vec_tiny_50_HYP,0.17180842,0.16519211,0.19983836,0.19463345,0.21352348,0.2111448
doubt,P,word2vec_tiny_50_HYP,0.26752415,0.31499797,0.31836697,0.3673394,0.34010687,0.3845732
occasion,P,word2vec_tiny_50_HYP,0.32721674,0.41516158,0.39958978,0.4746154,0.42748788,0.4929886
mild,P,word2vec_tiny_50_HYP,0.37338907,0.5026146,0.47901517,0.6289896,0.51809317,0.62840575
bashful,P,word2vec_tiny_50_HYP,0.284463,0.30350262,0.32590565,0.34365627,0.3419918,0.35854942
gear,P,word2vec_tiny_50_HYP,0.3076289,0.4148803,0.40303499,0.5535253,0.45893523,0.6256058
dark,P,word2vec_tiny_50_HYP,0.35327393,0.459969,0.46054927,0.5914047,0.50458086,0.60464996
prediction,P,word2vec_tiny_50_HYP,0.18629618,0.18796375,0.2207782,0.20702237,0.23556335,0.2224564
pleasure,P,word2vec_tiny_50_HYP,0.3539731,0.3623631,0.40625098,0.4209714,0.42606232,0.43193454
skateboard,P,word2vec_tiny_50_HYP,0.3136904,0.3847624,0.43037784,0.536697,0.47696725,0.5793052
snowball,P,word2vec_tiny_50_HYP,0.3857093,0.5107321,0.5049552,0.6488802,0.5478612,0.68052304
movement,P,word2vec_tiny_50_HYP,0.32862186,0.4043441,0.3764413,0.4527486,0.39714307,0.47824603
strengthen,P,word2vec_tiny_50_HYP,0.19027928,0.23013702,0.25585413,0.29554704,0.28601778,0.3339191
sesame,P,word2vec_tiny_50_HYP,0.3433275,0.39821315,0.41973552,0.51145697,0.45225513,0.5306917
summertime,M,word2vec_tiny_50_HYP,0.3317216,0.43139538,0.40291932,0.45066026,0.42839482,0.4536249
attitude,P,word2vec_tiny_50_HYP,0.2942512,0.3542508,0.3647363,0.40332133,0.39272845,0.42377985
homework,M,word2vec_tiny_50_HYP,0.38182926,0.4727069,0.48289108,0.5616626,0.5177191,0.58288074
careless,P,word2vec_tiny_50_HYP,0.37888634,0.4781874,0.5072487,0.6374161,0.5547361,0.6263339
delivery,P,word2vec_tiny_50_HYP,0.3484021,0.4265616,0.41551226,0.4957908,0.44033277,0.50689495
smoke,P,word2vec_tiny_50_HYP,0.30863672,0.4019639,0.41235676,0.5151161,0.4534799,0.5553708
hook,P,word2vec_tiny_50_HYP,0.3525049,0.46339214,0.46206796,0.6199351,0.5032667,0.6565128
dispute,P,word2vec_tiny_50_HYP,0.29377812,0.31028518,0.32944566,0.3186183,0.34304315,0.32402977
account,P,word2vec_tiny_50_HYP,0.27338523,0.2922859,0.3242485,0.33593148,0.34338284,0.3556015
stench,M,word2vec_tiny_50_HYP,0.22156063,0.31036645,0.27552778,0.38581923,0.29713097,0.403498
prick,P,word2vec_tiny_50_HYP,0.26743716,0.3642837,0.35506034,0.45983657,0.38889706,0.4873126
gather,P,word2vec_tiny_50_HYP,0.35116974,0.48679197,0.49920148,0.66743875,0.5498139,0.7038245
cocoon,P,word2vec_tiny_50_HYP,0.41378236,0.4565752,0.50445795,0.5642445,0.53542143,0.59827316
sheep,P,word2vec_tiny_50_HYP,0.22284624,0.3109377,0.36356795,0.5050217,0.43625626,0.5772907
helium,M,word2vec_tiny_50_HYP,0.36608577,0.46861428,0.45451385,0.542535,0.4840555,0.5609961
lettuce,P,word2vec_tiny_50_HYP,0.2520481,0.33120728,0.34582427,0.4372187,0.3907265,0.4702153
fool,P,word2vec_tiny_50_HYP,0.29418287,0.36466643,0.3946161,0.4944726,0.4323506,0.5269083
rave,P,word2vec_tiny_50_HYP,0.21356535,0.22059269,0.25044695,0.26017237,0.2687825,0.27945873
stream,P,word2vec_tiny_50_HYP,0.27038366,0.39859727,0.40420806,0.55731565,0.457497,0.6125676
necktie,M,word2vec_tiny_50_HYP,0.15044077,0.15507883,0.17932703,0.18917967,0.1913815,0.20431407
tricky,P,word2vec_tiny_50_HYP,0.4213911,0.5123909,0.5064931,0.56952727,0.53257805,0.56505775
hurtful,M,word2vec_tiny_50_HYP,0.31208146,0.34484878,0.4192598,0.47014433,0.45573232,0.4942051
mess,P,word2vec_tiny_50_HYP,0.42549062,0.5477065,0.520001,0.6223242,0.55197346,0.6351507
describe,P,word2vec_tiny_50_HYP,0.3071572,0.35441008,0.36932078,0.42937696,0.39462495,0.4532164
flock,H,word2vec_tiny_50_HYP,0.35846236,0.44328102,0.42627603,0.5196148,0.4544855,0.533069
grab,P,word2vec_tiny_50_HYP,0.39702567,0.5496488,0.5146023,0.6696311,0.5543053,0.6842007
den,P,word2vec_tiny_50_HYP,0.35541505,0.45222986,0.44136333,0.50313795,0.46773016,0.50345284
encore,P,word2vec_tiny_50_HYP,0.2826178,0.35248277,0.35313794,0.43996304,0.3830457,0.46619564
ambition,P,word2vec_tiny_50_HYP,0.19908778,0.24959393,0.2482803,0.33606362,0.276097,0.36427075
middle,P,word2vec_tiny_50_HYP,0.4260447,0.55353487,0.54372567,0.67406595,0.5796508,0.68014306
feather,P,word2vec_tiny_50_HYP,0.31547078,0.39867947,0.42869854,0.572421,0.47758937,0.6312792
motel,M,word2vec_tiny_50_HYP,0.2837238,0.28765172,0.3233711,0.31240776,0.34181497,0.32323554
drastic,P,word2vec_tiny_50_HYP,0.2034069,0.23161289,0.23537321,0.26311386,0.2492078,0.2772385
fearful,P,word2vec_tiny_50_HYP,0.30281264,0.41475213,0.46405932,0.59409493,0.52954745,0.66567105
nail,P,word2vec_tiny_50_HYP,0.28318745,0.39760184,0.39835888,0.55102247,0.45054957,0.6165169
knit,P,word2vec_tiny_50_HYP,0.409087,0.43761334,0.5169909,0.5892959,0.55056,0.61425495
vicious,P,word2vec_tiny_50_HYP,0.2337257,0.28712118,0.28674608,0.36482674,0.30888954,0.40056577
nest,P,word2vec_tiny_50_HYP,0.37376165,0.525243,0.4760174,0.61537087,0.52331597,0.64480126
dreamy,P,word2vec_tiny_50_HYP,0.34949085,0.38149834,0.4160965,0.45428818,0.44044667,0.48330274
hut,P,word2vec_tiny_50_HYP,0.32065597,0.43780077,0.465195,0.62247205,0.519641,0.6643658
mower,M,word2vec_tiny_50_HYP,0.34805027,0.39506367,0.42093205,0.48224643,0.45450035,0.51433164
rhythm,P,word2vec_tiny_50_HYP,0.3204763,0.3980157,0.4271368,0.49857196,0.4747674,0.53892773
perform,P,word2vec_tiny_50_HYP,0.35347304,0.48909837,0.4789621,0.62059534,0.52573717,0.6714099
kit,P,word2vec_tiny_50_HYP,0.4098372,0.5541465,0.4976219,0.6511415,0.5329399,0.67577535
filly,P,word2vec_tiny_50_HYP,0.28274482,0.34085396,0.35351157,0.4511474,0.39021477,0.51362395
monster,P,word2vec_tiny_50_HYP,0.3549385,0.49852714,0.47037628,0.5590294,0.5111873,0.57004666
goofy,M,word2vec_tiny_50_HYP,0.30174774,0.35887024,0.3486231,0.39866054,0.36630034,0.42224383
wildcat,P,word2vec_tiny_50_HYP,0.24602556,0.2985785,0.28296077,0.35094053,0.2975396,0.36398345
perk,H,word2vec_tiny_50_HYP,0.38046584,0.46081543,0.43883607,0.49043575,0.46132392,0.50918126
shaft,P,word2vec_tiny_50_HYP,0.25130016,0.2823911,0.28379643,0.309969,0.29640397,0.32780048
suck,P,word2vec_tiny_50_HYP,0.3869913,0.45499787,0.47664863,0.5169836,0.5088479,0.5606207
recharge,P,word2vec_tiny_50_HYP,0.33190766,0.32779723,0.38617015,0.3068261,0.40465927,0.31599015
explosion,P,word2vec_tiny_50_HYP,0.27014157,0.34307998,0.35452512,0.45289287,0.39363372,0.48573998
rear,H,word2vec_tiny_50_HYP,0.22471097,0.25298,0.26117778,0.29844403,0.2771935,0.31366915
counter,H,word2vec_tiny_50_HYP,0.35536245,0.4965731,0.4569333,0.58435404,0.49727777,0.60791665
familiar,P,word2vec_tiny_50_HYP,0.37710467,0.4811809,0.45210475,0.49091163,0.47911292,0.5084797
outfit,P,word2vec_tiny_50_HYP,0.29647905,0.40449947,0.3941528,0.51839864,0.4379113,0.5599583
hunt,P,word2vec_tiny_50_HYP,0.4179697,0.55103576,0.5188159,0.60714483,0.5519044,0.6205036
video,P,word2vec_tiny_50_HYP,0.2655316,0.37463436,0.43118736,0.58894247,0.48553616,0.6272303
trash,P,word2vec_tiny_50_HYP,0.38530436,0.47824693,0.50666815,0.59937423,0.5481064,0.62405115
meter,H,word2vec_tiny_50_HYP,0.34094754,0.40855902,0.4088726,0.5064708,0.44113776,0.53386116
orchard,P,word2vec_tiny_50_HYP,0.33067563,0.410096,0.41322273,0.5006913,0.44456473,0.5340148
scatter,P,word2vec_tiny_50_HYP,0.4476301,0.56560916,0.5631095,0.71113896,0.6010404,0.7346023
mush,H,word2vec_tiny_50_HYP,0.25968713,0.33979475,0.32187098,0.41779384,0.34999588,0.44261065
undress,P,word2vec_tiny_50_HYP,0.16789481,0.21058007,0.19663507,0.22046778,0.21055546,0.22674672
action,P,word2vec_tiny_50_HYP,0.37867293,0.38361454,0.4302823,0.4325731,0.4524296,0.44928163
melody,P,word2vec_tiny_50_HYP,0.28436413,0.3538159,0.375273,0.48858985,0.40710023,0.49367118
actor,P,word2vec_tiny_50_HYP,0.30797893,0.40388367,0.40689594,0.5197946,0.4475865,0.54316074
chandelier,M,word2vec_tiny_50_HYP,0.31275183,0.3841883,0.4032337,0.5133581,0.43657553,0.5464846
television,P,word2vec_tiny_50_HYP,0.27036282,0.38045228,0.4293259,0.59373075,0.48976785,0.65144944
borrow,P,word2vec_tiny_50_HYP,0.42263475,0.5184132,0.5499311,0.67149985,0.59793997,0.70217776
futile,P,word2vec_tiny_50_HYP,0.19787855,0.2444891,0.23771074,0.26964676,0.25411615,0.2855363
danger,P,word2vec_tiny_50_HYP,0.37950122,0.4681469,0.4500212,0.47728243,0.47686577,0.49741566
habitat,P,word2vec_tiny_50_HYP,0.32186878,0.34669197,0.37955916,0.38303888,0.4016549,0.40302595
script,P,word2vec_tiny_50_HYP,0.26528764,0.3186449,0.32234365,0.38615802,0.3482737,0.41066816
curb,P,word2vec_tiny_50_HYP,0.34238577,0.39997032,0.41703945,0.5021398,0.4471022,0.52789867
tile,P,word2vec_tiny_50_HYP,0.30800253,0.39494935,0.36703658,0.47112975,0.39509365,0.49975732
normal,P,word2vec_tiny_50_HYP,0.39434183,0.42757553,0.5124588,0.5901498,0.5520027,0.6008835
mitt,P,word2vec_tiny_50_HYP,0.3570189,0.39505064,0.44740418,0.46585655,0.48231307,0.52189386
fence,P,word2vec_tiny_50_HYP,0.38613018,0.5187269,0.4848488,0.63748544,0.5258593,0.66959774
fork,P,word2vec_tiny_50_HYP,0.2941984,0.41172585,0.41153762,0.5583416,0.4653284,0.6156376
lick,P,word2vec_tiny_50_HYP,0.37629753,0.45358238,0.45773533,0.46921366,0.48658136,0.5054964
hillside,M,word2vec_tiny_50_HYP,0.26216653,0.2952668,0.31342784,0.3896254,0.33468834,0.414688
overcome,P,word2vec_tiny_50_HYP,0.26345164,0.32725838,0.3452774,0.3844999,0.3828411,0.41523135
ravine,M,word2vec_tiny_50_HYP,0.25983244,0.33010536,0.32899848,0.41308793,0.35738948,0.4416456
steer,H,word2vec_tiny_50_HYP,0.36207289,0.45019782,0.47202218,0.58030754,0.50709236,0.61126643
hallway,P,word2vec_tiny_50_HYP,0.36033323,0.5073309,0.46969676,0.60187334,0.5041494,0.6044529
cheat,P,word2vec_tiny_50_HYP,0.37847248,0.44011566,0.47877324,0.54398924,0.51016104,0.5519241
single,P,word2vec_tiny_50_HYP,0.4331147,0.50043845,0.48457965,0.49908984,0.5027567,0.49965048
flight,H,word2vec_tiny_50_HYP,0.3808734,0.45287293,0.45972043,0.556254,0.49198815,0.56978935
mixer,P,word2vec_tiny_50_HYP,0.3112294,0.41748655,0.42859116,0.55762935,0.48385173,0.61953294
thankful,M,word2vec_tiny_50_HYP,0.38062128,0.49628666,0.49412864,0.5848084,0.530577,0.56385773
muscle,P,word2vec_tiny_50_HYP,0.39335638,0.5105136,0.5011059,0.65717405,0.53687316,0.6862041
behave,P,word2vec_tiny_50_HYP,0.41487104,0.54251045,0.49675018,0.58171916,0.5252676,0.5379276
suitcase,M,word2vec_tiny_50_HYP,0.33893865,0.47211036,0.44144085,0.5707318,0.47397754,0.57990694
price,P,word2vec_tiny_50_HYP,0.3830908,0.41232264,0.50479543,0.54372495,0.5507409,0.58285564
glamorous,M,word2vec_tiny_50_HYP,0.22067311,0.2364512,0.25451362,0.26399717,0.26848415,0.26570407
advance,P,word2vec_tiny_50_HYP,0.25790292,0.3002024,0.30225736,0.30888438,0.32060975,0.31658617
curl,P,word2vec_tiny_50_HYP,0.4126255,0.51464903,0.5175715,0.6253251,0.5551125,0.6467924
income,M,word2vec_tiny_50_HYP,0.23610172,0.28072602,0.2796965,0.3303374,0.29762736,0.35000333
delete,M,word2vec_tiny_50_HYP,0.2993745,0.33067253,0.37023407,0.44629464,0.4016246,0.481325
snow,P,word2vec_tiny_50_HYP,0.3274858,0.46958733,0.46690333,0.6378431,0.5176353,0.6828829
issue,P,word2vec_tiny_50_HYP,0.28547645,0.3576602,0.33104014,0.3954373,0.35197163,0.4127702
gorgeous,M,word2vec_tiny_50_HYP,0.23820774,0.31679624,0.32597628,0.42432842,0.36465248,0.46421766
lump,P,word2vec_tiny_50_HYP,0.39262095,0.43023956,0.4728906,0.5275578,0.49940643,0.55520535
cloth,P,word2vec_tiny_50_HYP,0.32417756,0.47512978,0.43262863,0.5968252,0.47200513,0.626478
faith,P,word2vec_tiny_50_HYP,0.29447594,0.3469024,0.34449157,0.41805434,0.36375833,0.43727392
doubtful,P,word2vec_tiny_50_HYP,0.31641445,0.341927,0.3677142,0.37720037,0.3861313,0.39722687
salute,P,word2vec_tiny_50_HYP,0.3347279,0.3950843,0.41179493,0.48985243,0.4435318,0.5220908
deed,P,word2vec_tiny_50_HYP,0.3612982,0.3774531,0.4295006,0.4332433,0.45578086,0.44809443
heat,P,word2vec_tiny_50_HYP,0.37635386,0.48796052,0.45808807,0.52674305,0.49209368,0.5438211
unbearable,M,word2vec_tiny_50_HYP,0.23835154,0.29668656,0.30130485,0.39333653,0.331474,0.4253944
geography,P,word2vec_tiny_50_HYP,0.22147426,0.28165808,0.29272035,0.38073507,0.32253256,0.40984643
ambitious,P,word2vec_tiny_50_HYP,0.302418,0.36535776,0.3624231,0.43896073,0.38595346,0.45755517
wishful,M,word2vec_tiny_50_HYP,0.14093888,0.17756754,0.16596216,0.19900888,0.17763881,0.21400103
noble,P,word2vec_tiny_50_HYP,0.22822747,0.30201682,0.29385397,0.37351915,0.32106698,0.40296516
crystal,P,word2vec_tiny_50_HYP,0.24652097,0.32278726,0.41261315,0.5656174,0.47018352,0.6194261
underwater,P,word2vec_tiny_50_HYP,0.34926006,0.396389,0.4171449,0.51553905,0.4484603,0.5489233
spaghetti,P,word2vec_tiny_50_HYP,0.2060534,0.28527936,0.3301927,0.45097262,0.3954599,0.50568724
pocket,P,word2vec_tiny_50_HYP,0.4262329,0.55544996,0.52092427,0.61398304,0.55100423,0.60457766
locker,P,word2vec_tiny_50_HYP,0.36957783,0.47168416,0.42998204,0.53180957,0.45681703,0.55538875
mental,P,word2vec_tiny_50_HYP,0.3149955,0.31643933,0.37233907,0.3613063,0.3912561,0.3656524
clipper,P,word2vec_tiny_50_HYP,0.23308924,0.24755388,0.2698218,0.2530468,0.28493214,0.26072475
jar,H,word2vec_tiny_50_HYP,0.34456962,0.42144814,0.45797977,0.5711806,0.5034941,0.6132961
coin,P,word2vec_tiny_50_HYP,0.2722315,0.33859044,0.42028382,0.5776532,0.4762182,0.62798196
rejoice,P,word2vec_tiny_50_HYP,0.18900089,0.20261283,0.217934,0.22363879,0.23131913,0.23838474
inner,P,word2vec_tiny_50_HYP,0.2491432,0.26321742,0.30725393,0.3481712,0.33314082,0.3715577
parakeet,M,word2vec_tiny_50_HYP,0.27184865,0.29473194,0.3093641,0.30264625,0.32400733,0.30732432
utter,H,word2vec_tiny_50_HYP,0.15660663,0.1852004,0.1848796,0.22102024,0.1976445,0.23434196
leopard,P,word2vec_tiny_50_HYP,0.2130765,0.31542957,0.366759,0.51248914,0.43162635,0.5850561
vulture,P,word2vec_tiny_50_HYP,0.30227828,0.33035827,0.3605505,0.42483452,0.3851602,0.46283695
blob,P,word2vec_tiny_50_HYP,0.3258377,0.3832628,0.39601955,0.47261572,0.4276693,0.5148273
beetle,H,word2vec_tiny_50_HYP,0.22785835,0.33238068,0.38196105,0.5339194,0.44022095,0.5915415
effort,P,word2vec_tiny_50_HYP,0.300232,0.2915234,0.37938878,0.38429227,0.41307527,0.4161749
fish,P,word2vec_tiny_50_HYP,0.2012999,0.26653934,0.32354796,0.4521812,0.39706862,0.53759426
dust,P,word2vec_tiny_50_HYP,0.38807777,0.5333769,0.48385248,0.6032986,0.51568764,0.6137001
shortcut,P,word2vec_tiny_50_HYP,0.4523777,0.55744696,0.5286275,0.61161053,0.5546368,0.625395
lift,P,word2vec_tiny_50_HYP,0.3358179,0.49088016,0.4838606,0.65464836,0.5405816,0.70211697
pig,P,word2vec_tiny_50_HYP,0.18996695,0.28111714,0.34887025,0.4929785,0.4271007,0.57651085
violence,P,word2vec_tiny_50_HYP,0.21193413,0.25579587,0.27046168,0.3226192,0.29932442,0.3485824
belt,P,word2vec_tiny_50_HYP,0.23657525,0.3251812,0.36934385,0.53588855,0.4327192,0.6068533
uniform,P,word2vec_tiny_50_HYP,0.2623743,0.321246,0.40471518,0.5429471,0.4679763,0.62764406
apparent,P,word2vec_tiny_50_HYP,0.17062134,0.1713938,0.19877554,0.20607449,0.21174711,0.21912305
arrest,P,word2vec_tiny_50_HYP,0.34365508,0.4018137,0.43683505,0.49397534,0.47729012,0.52844924
loot,P,word2vec_tiny_50_HYP,0.2884067,0.33857623,0.38766602,0.48173368,0.42416626,0.5228537
link,P,word2vec_tiny_50_HYP,0.31020585,0.39113137,0.37811738,0.46270826,0.40770662,0.49863032
solo,P,word2vec_tiny_50_HYP,0.24983802,0.3267435,0.30439508,0.39509413,0.32607278,0.41849315
tutor,P,word2vec_tiny_50_HYP,0.35684115,0.46014243,0.46519116,0.5951253,0.505127,0.59214306
adore,P,word2vec_tiny_50_HYP,0.109547235,0.13774386,0.13037966,0.1709571,0.14112867,0.18892936
floss,P,word2vec_tiny_50_HYP,0.27603877,0.26559353,0.31909958,0.26893204,0.3348082,0.27716136
lawn,H,word2vec_tiny_50_HYP,0.35708937,0.49262178,0.48972166,0.6410287,0.53530836,0.68136835
wagon,P,word2vec_tiny_50_HYP,0.31122082,0.35486603,0.44177568,0.58971655,0.49987113,0.65155935
allowance,P,word2vec_tiny_50_HYP,0.36737907,0.4133135,0.44194195,0.44829208,0.4684439,0.4657029
decorate,P,word2vec_tiny_50_HYP,0.35441542,0.46960452,0.48692694,0.6367961,0.54640263,0.68186814
smack,H,word2vec_tiny_50_HYP,0.21284428,0.2541875,0.2547204,0.30260348,0.2731782,0.32083338
chapel,P,word2vec_tiny_50_HYP,0.311024,0.393263,0.36735982,0.42499223,0.38783696,0.44127896
marvel,P,word2vec_tiny_50_HYP,0.28886563,0.2816457,0.38625658,0.4222514,0.42056736,0.47077945
furry,P,word2vec_tiny_50_HYP,0.32269213,0.43663117,0.44857043,0.59295106,0.49505264,0.62092835
stag,P,word2vec_tiny_50_HYP,0.30011517,0.34400794,0.34227756,0.38641053,0.35869515,0.40218785
observer,P,word2vec_tiny_50_HYP,0.24247336,0.20209938,0.28202927,0.24517949,0.30107078,0.27357247
assemble,P,word2vec_tiny_50_HYP,0.24889567,0.29323745,0.33334532,0.4270756,0.3718525,0.47659135
box,H,word2vec_tiny_50_HYP,0.32073903,0.446453,0.4521677,0.61317086,0.50599265,0.66946477
orbit,P,word2vec_tiny_50_HYP,0.25726917,0.35141647,0.32503998,0.44766435,0.35113114,0.47593048
microscope,M,word2vec_tiny_50_HYP,0.38354117,0.4336112,0.47770217,0.6063825,0.52034426,0.6603459
laundry,P,word2vec_tiny_50_HYP,0.4058052,0.54372144,0.49809846,0.6444451,0.54004014,0.67559576
talisman,P,word2vec_tiny_50_HYP,0.13738453,0.16498005,0.16434483,0.19898926,0.17645954,0.21356328
net,H,word2vec_tiny_50_HYP,0.3846391,0.52777267,0.4817087,0.61997265,0.5185553,0.6437247
hike,P,word2vec_tiny_50_HYP,0.32960135,0.43236855,0.44494396,0.5425864,0.48496497,0.5575702
slipper,M,word2vec_tiny_50_HYP,0.32895246,0.37972614,0.37788913,0.43023852,0.39875606,0.45260245
author,P,word2vec_tiny_50_HYP,0.26758614,0.3361333,0.33694488,0.42694205,0.37229323,0.45751074
ruckus,M,word2vec_tiny_50_HYP,0.21427934,0.27644727,0.2707419,0.35506323,0.30078572,0.39804715
meaningful,M,word2vec_tiny_50_HYP,0.21248338,0.24744865,0.2695818,0.32696182,0.29654357,0.35679483
importance,P,word2vec_tiny_50_HYP,0.39886612,0.39478675,0.4692961,0.43593276,0.4947775,0.44700956
venture,P,word2vec_tiny_50_HYP,0.35726404,0.40999183,0.427633,0.47406763,0.45305523,0.48763764
shovel,P,word2vec_tiny_50_HYP,0.3441983,0.42510444,0.4760881,0.5962399,0.52372956,0.63239336
finish,P,word2vec_tiny_50_HYP,0.43041497,0.58457774,0.53498304,0.5864287,0.5666559,0.5617543
discomfort,P,word2vec_tiny_50_HYP,0.22711833,0.2529411,0.27798527,0.3467189,0.30440906,0.37091208
tire,H,word2vec_tiny_50_HYP,0.2870528,0.33874854,0.41371784,0.5701076,0.4632165,0.60685265
garden,P,word2vec_tiny_50_HYP,0.3758438,0.49866033,0.47559366,0.58755606,0.51188695,0.5993603
rearrange,P,word2vec_tiny_50_HYP,0.2815686,0.3175172,0.33413684,0.36469668,0.35502037,0.37178475
goody,P,word2vec_tiny_50_HYP,0.18864866,0.19523518,0.21992928,0.22429785,0.23409237,0.23761113
previous,P,word2vec_tiny_50_HYP,0.25838792,0.2875775,0.31226835,0.35883793,0.33433166,0.38658974
outlet,P,word2vec_tiny_50_HYP,0.27794236,0.36644113,0.3452272,0.4567836,0.37564385,0.4848285
comparison,P,word2vec_tiny_50_HYP,0.28343934,0.36021066,0.3280988,0.39889127,0.346406,0.4153077
electric,P,word2vec_tiny_50_HYP,0.31520396,0.3543602,0.39786574,0.47037587,0.43098998,0.50140613
smog,M,word2vec_tiny_50_HYP,0.19602531,0.20013501,0.22784431,0.25132278,0.24134463,0.26025566
bathroom,P,word2vec_tiny_50_HYP,0.3439669,0.48319304,0.46530205,0.59026015,0.51395273,0.6232369
sheer,H,word2vec_tiny_50_HYP,0.23767872,0.30489853,0.29455584,0.38221148,0.320027,0.4110498
insist,P,word2vec_tiny_50_HYP,0.4453312,0.5272918,0.54406464,0.59999615,0.57189196,0.5554
original,P,word2vec_tiny_50_HYP,0.29924208,0.36236098,0.45939463,0.61256146,0.5188538,0.66485286
cheesecake,P,word2vec_tiny_50_HYP,0.22885346,0.21509823,0.26102227,0.23705427,0.27352566,0.24652502
unprepared,P,word2vec_tiny_50_HYP,0.17871413,0.20082125,0.21005762,0.22215714,0.2238557,0.23679024
ignite,P,word2vec_tiny_50_HYP,0.24761847,0.32403147,0.29251352,0.36004806,0.31008458,0.363
spotlight,P,word2vec_tiny_50_HYP,0.33107784,0.2679355,0.37632892,0.2813211,0.3929863,0.2948585
satellite,P,word2vec_tiny_50_HYP,0.32121125,0.41065964,0.40612727,0.5148546,0.43964276,0.54987156
blacksmith,P,word2vec_tiny_50_HYP,0.30182678,0.3972138,0.37285575,0.44744933,0.39806426,0.46088228
stage,P,word2vec_tiny_50_HYP,0.34248662,0.43232742,0.4603516,0.61353284,0.50729305,0.6632319
multiple,P,word2vec_tiny_50_HYP,0.33469763,0.3928272,0.40207177,0.46725234,0.42401505,0.49185225
protector,P,word2vec_tiny_50_HYP,0.30764207,0.35169685,0.3695123,0.42654756,0.39734066,0.4409183
creep,P,word2vec_tiny_50_HYP,0.23697224,0.29564184,0.29916188,0.3723603,0.32513103,0.39669484
debt,P,word2vec_tiny_50_HYP,0.24892521,0.33073914,0.29364446,0.3720965,0.3124448,0.38276288
sharpen,M,word2vec_tiny_50_HYP,0.32452762,0.39815876,0.39849544,0.4638836,0.42532662,0.48588926
nonsense,P,word2vec_tiny_50_HYP,0.304098,0.35847828,0.3506891,0.40106738,0.37031266,0.42466685
absolute,P,word2vec_tiny_50_HYP,0.28541702,0.35150832,0.3298505,0.3883207,0.34667298,0.4001493
nasty,P,word2vec_tiny_50_HYP,0.32554787,0.3728602,0.39647412,0.47533858,0.4264344,0.49024364
mermaid,M,word2vec_tiny_50_HYP,0.34489912,0.42239994,0.434386,0.5283359,0.4722579,0.55253166
flash,P,word2vec_tiny_50_HYP,0.32786602,0.41941893,0.4272966,0.50484455,0.471182,0.5511654
piggyback,P,word2vec_tiny_50_HYP,0.24603173,0.23433162,0.27556017,0.25361973,0.2879693,0.26233268
blind,P,word2vec_tiny_50_HYP,0.35199395,0.45422637,0.39666855,0.49875128,0.41613024,0.51265496
relic,P,word2vec_tiny_50_HYP,0.2767623,0.33746478,0.32739642,0.35814327,0.3453989,0.37243932
stock,P,word2vec_tiny_50_HYP,0.25207013,0.31399116,0.29849574,0.38248423,0.3188275,0.3937378
messy,P,word2vec_tiny_50_HYP,0.36259335,0.50629556,0.49180844,0.64547735,0.5391754,0.67189777
doorway,M,word2vec_tiny_50_HYP,0.3850369,0.443955,0.4335713,0.4840264,0.45279583,0.4977797
farmers,M,word2vec_tiny_50_HYP,0.3426275,0.4430002,0.41824195,0.5350578,0.4541078,0.5658374
suit,P,word2vec_tiny_50_HYP,0.26293382,0.3322841,0.41570604,0.5352208,0.47886506,0.60588175
seaweed,P,word2vec_tiny_50_HYP,0.31802917,0.34764948,0.42555302,0.51280606,0.47610053,0.5840413
quake,P,word2vec_tiny_50_HYP,0.25610894,0.2860721,0.30325675,0.33729473,0.32054546,0.3596101
fountain,P,word2vec_tiny_50_HYP,0.3413679,0.39247414,0.4704509,0.5989667,0.519197,0.6444693
planet,P,word2vec_tiny_50_HYP,0.35247213,0.47570115,0.47564757,0.6179398,0.5242781,0.66961616
ticklish,P,word2vec_tiny_50_HYP,0.28653777,0.37253678,0.38351437,0.47485372,0.41976097,0.50870097
vacation,P,word2vec_tiny_50_HYP,0.32631505,0.4454249,0.47121975,0.60722655,0.52809745,0.64709365
bookie,M,word2vec_tiny_50_HYP,0.17473494,0.18049425,0.20218697,0.2204173,0.2146714,0.23515032
secretive,M,word2vec_tiny_50_HYP,0.24930842,0.30008593,0.2829608,0.3460103,0.29769337,0.36421025
necessary,P,word2vec_tiny_50_HYP,0.32321548,0.38484398,0.3690202,0.4310309,0.390079,0.45236182
ninth,P,word2vec_tiny_50_HYP,0.26897508,0.2708118,0.33742794,0.39177534,0.3674984,0.44864762
blame,P,word2vec_tiny_50_HYP,0.37978077,0.50757134,0.47876427,0.54651403,0.5127031,0.5537298
doorknob,M,word2vec_tiny_50_HYP,0.3044341,0.39811334,0.38867375,0.490506,0.41978118,0.5026255
mutt,M,word2vec_tiny_50_HYP,0.30056757,0.33853874,0.34934083,0.37225425,0.36714828,0.3940124
height,P,word2vec_tiny_50_HYP,0.35347778,0.4294816,0.4282254,0.49978822,0.45928693,0.5328558
contestant,P,word2vec_tiny_50_HYP,0.21615691,0.24000762,0.2519806,0.29473197,0.26671025,0.30328754
jig,H,word2vec_tiny_50_HYP,0.35136944,0.40173262,0.41466826,0.4892321,0.44340003,0.5023605
gamble,P,word2vec_tiny_50_HYP,0.19097304,0.17544907,0.22107705,0.21175483,0.2343827,0.2304709
cartoon,P,word2vec_tiny_50_HYP,0.2845449,0.36587852,0.4685639,0.60586965,0.52081263,0.6521023
tunnel,P,word2vec_tiny_50_HYP,0.33562583,0.48542345,0.46648812,0.6232798,0.5201422,0.67114776
vessel,P,word2vec_tiny_50_HYP,0.2560348,0.2993995,0.32297322,0.41747528,0.35209084,0.4604077
weapon,P,word2vec_tiny_50_HYP,0.26330328,0.36333847,0.41195756,0.5750426,0.46134216,0.62298214
contact,P,word2vec_tiny_50_HYP,0.27506787,0.34679663,0.32716998,0.39789596,0.34982148,0.4153402
slight,P,word2vec_tiny_50_HYP,0.23206925,0.28542474,0.29370257,0.3876286,0.32183507,0.4212791
architect,P,word2vec_tiny_50_HYP,0.23408322,0.26025194,0.27109587,0.2979259,0.28622776,0.30574676
stubborn,P,word2vec_tiny_50_HYP,0.31555957,0.3989939,0.45852974,0.5828622,0.5258663,0.65620023
hideout,M,word2vec_tiny_50_HYP,0.3929447,0.4980649,0.4915616,0.58368146,0.5229732,0.5833677
ruler,P,word2vec_tiny_50_HYP,0.38084495,0.49235222,0.46593505,0.48860273,0.5039916,0.56398106
maximum,P,word2vec_tiny_50_HYP,0.22203954,0.23542057,0.28150132,0.36475044,0.30644116,0.4093897
signal,P,word2vec_tiny_50_HYP,0.41920418,0.48726556,0.50774556,0.6177235,0.54101294,0.6457963
ramp,P,word2vec_tiny_50_HYP,0.40421447,0.49196362,0.48551372,0.6014273,0.5203911,0.63578534
cargo,M,word2vec_tiny_50_HYP,0.3520688,0.43884853,0.4305007,0.5229585,0.46271783,0.5447356
wrapped,P,word2vec_tiny_50_HYP,0.36514062,0.47920075,0.4666771,0.56149656,0.5056372,0.5883181
custard,M,word2vec_tiny_50_HYP,0.18497723,0.22621948,0.2336964,0.29183993,0.26498553,0.3340471
plague,P,word2vec_tiny_50_HYP,0.20406818,0.1944643,0.23312035,0.23669583,0.24722748,0.2507055
code,P,word2vec_tiny_50_HYP,0.34725684,0.4417673,0.42357177,0.5208192,0.45264694,0.53662664
loosen,P,word2vec_tiny_50_HYP,0.26198286,0.37948272,0.36602086,0.48253667,0.40708244,0.51593006
generous,P,word2vec_tiny_50_HYP,0.28791794,0.37517196,0.44670695,0.59835225,0.50592315,0.6298124
ham,H,word2vec_tiny_50_HYP,0.27057952,0.33104095,0.38965207,0.43627042,0.43993172,0.4771664
exist,P,word2vec_tiny_50_HYP,0.35055116,0.4390036,0.41494346,0.48159286,0.439608,0.4982488
shout,P,word2vec_tiny_50_HYP,0.36711273,0.52573764,0.49409705,0.6142494,0.5391119,0.6222465
bold,P,word2vec_tiny_50_HYP,0.37589735,0.44175148,0.4375495,0.49377534,0.458795,0.50147575
wrecking,P,word2vec_tiny_50_HYP,0.30454296,0.2899102,0.35625038,0.32135966,0.37572142,0.33015642
shampoo,P,word2vec_tiny_50_HYP,0.31809735,0.45462564,0.42923072,0.5620461,0.47975066,0.61584455
mare,H,word2vec_tiny_50_HYP,0.29174197,0.35037857,0.33267334,0.3862532,0.34946832,0.3836433
bundle,P,word2vec_tiny_50_HYP,0.3672156,0.46652892,0.4392561,0.54323465,0.46657562,0.5570623
snag,P,word2vec_tiny_50_HYP,0.24127531,0.28529167,0.2792444,0.3223751,0.2956272,0.3447088
method,P,word2vec_tiny_50_HYP,0.24660821,0.27352127,0.28267607,0.30686074,0.29889542,0.31322196
approach,P,word2vec_tiny_50_HYP,0.3660326,0.40828565,0.42388308,0.48057207,0.4484829,0.5000121
anchor,P,word2vec_tiny_50_HYP,0.260307,0.34140888,0.37307233,0.4892959,0.4270533,0.54760057
rattle,P,word2vec_tiny_50_HYP,0.34112757,0.37352157,0.42181787,0.48658788,0.45770139,0.5280701
artifact,P,word2vec_tiny_50_HYP,0.22608319,0.24442974,0.25920823,0.2817165,0.274679,0.29612684
quit,P,word2vec_tiny_50_HYP,0.39435625,0.5180741,0.5155421,0.6046835,0.5520764,0.58620745
repair,H,word2vec_tiny_50_HYP,0.33374327,0.48883986,0.47424915,0.6316704,0.5249584,0.64033115
reptile,P,word2vec_tiny_50_HYP,0.35635805,0.43024245,0.40861037,0.4518025,0.42951602,0.46753877
create,P,word2vec_tiny_50_HYP,0.34858403,0.48847046,0.4777596,0.63209265,0.52811676,0.6523975
foil,H,word2vec_tiny_50_HYP,0.33235407,0.40423095,0.39767936,0.49849853,0.42996377,0.5343259
leaky,P,word2vec_tiny_50_HYP,0.36217028,0.40776122,0.4290797,0.47289908,0.455365,0.50997347
rough,P,word2vec_tiny_50_HYP,0.37148213,0.51401365,0.49195114,0.6456044,0.54043996,0.68985194
month,P,word2vec_tiny_50_HYP,0.42106175,0.49865273,0.49553478,0.5321889,0.5198136,0.548717
siren,P,word2vec_tiny_50_HYP,0.30659133,0.3817216,0.40537262,0.5345795,0.45033655,0.5622006
indicate,P,word2vec_tiny_50_HYP,0.16741474,0.19712277,0.19676189,0.2257771,0.20895165,0.23962972
watermelon,P,word2vec_tiny_50_HYP,0.3139406,0.33684337,0.39442816,0.45889962,0.4343477,0.49942902
ritual,P,word2vec_tiny_50_HYP,0.2673229,0.34690434,0.32892144,0.4018034,0.35135198,0.4179358
interior,P,word2vec_tiny_50_HYP,0.22835311,0.23797268,0.259061,0.27348334,0.27240467,0.28873214
porch,P,word2vec_tiny_50_HYP,0.37474525,0.48424634,0.49763602,0.6517063,0.5444127,0.6936836
unload,P,word2vec_tiny_50_HYP,0.35855174,0.45539275,0.4606799,0.5656226,0.49766946,0.585526
camp,H,word2vec_tiny_50_HYP,0.34172994,0.42756492,0.4608308,0.6116563,0.51967156,0.67599994
college,P,word2vec_tiny_50_HYP,0.26926288,0.34198976,0.3230814,0.40811515,0.34933686,0.43912455
stalk,H,word2vec_tiny_50_HYP,0.3035004,0.37901732,0.38257807,0.48200494,0.4173821,0.51497006
accord,P,word2vec_tiny_50_HYP,0.15225247,0.17517155,0.1749243,0.20313546,0.18471287,0.21225323
kennel,P,word2vec_tiny_50_HYP,0.32084167,0.38497937,0.38257834,0.44467577,0.4072155,0.45653272
sweetheart,P,word2vec_tiny_50_HYP,0.2869949,0.3730465,0.3616885,0.3436234,0.3846302,0.35852495
animal,P,word2vec_tiny_50_HYP,0.32600492,0.35829622,0.43036395,0.5439404,0.47366515,0.6029548
climb,P,word2vec_tiny_50_HYP,0.38735068,0.5516063,0.49809977,0.67277324,0.54538023,0.7067102
detergent,P,word2vec_tiny_50_HYP,0.29327378,0.39145616,0.36079955,0.4654144,0.39285624,0.4888486
slope,P,word2vec_tiny_50_HYP,0.29996425,0.37152186,0.37908062,0.48706383,0.41658196,0.5211511
test,H,word2vec_tiny_50_HYP,0.40320063,0.48657474,0.4844016,0.5636047,0.5167604,0.5812002
dedicate,P,word2vec_tiny_50_HYP,0.14309329,0.15457012,0.18050657,0.20022304,0.19733433,0.2247885
weary,P,word2vec_tiny_50_HYP,0.26568365,0.33917037,0.31466335,0.40021768,0.33633098,0.42452183
pace,H,word2vec_tiny_50_HYP,0.38799328,0.45875275,0.4600327,0.5170806,0.48428762,0.52951676
painless,P,word2vec_tiny_50_HYP,0.18773767,0.18625279,0.21665554,0.19936316,0.22956394,0.2168308
quiz,P,word2vec_tiny_50_HYP,0.34250262,0.4860408,0.45496073,0.59484714,0.5001638,0.629568
hardware,P,word2vec_tiny_50_HYP,0.2642775,0.32680762,0.352826,0.4460544,0.39003396,0.47874033
snappy,P,word2vec_tiny_50_HYP,0.23820479,0.2552638,0.3501583,0.44215658,0.39815095,0.5195291
ordinary,P,word2vec_tiny_50_HYP,0.31636065,0.3778891,0.46260762,0.58243203,0.5279068,0.64875966
marvelous,P,word2vec_tiny_50_HYP,0.25547317,0.3211647,0.33758935,0.42743638,0.36782035,0.45171088
gravel,P,word2vec_tiny_50_HYP,0.31442496,0.3757862,0.37133166,0.46578354,0.39858505,0.49079415
demeanor,P,word2vec_tiny_50_HYP,0.2536304,0.2515135,0.2893513,0.27624097,0.3037615,0.29063
runway,P,word2vec_tiny_50_HYP,0.35418636,0.4488566,0.4343845,0.54758614,0.47388414,0.59583086
layer,P,word2vec_tiny_50_HYP,0.29579037,0.36571166,0.36979884,0.4685148,0.40190232,0.4992805
disaster,P,word2vec_tiny_50_HYP,0.39433178,0.46680763,0.46164036,0.51101434,0.48412594,0.5244026
mile,P,word2vec_tiny_50_HYP,0.30473223,0.3782676,0.35425717,0.41155204,0.37313592,0.430565
intrude,P,word2vec_tiny_50_HYP,0.23051777,0.26432243,0.26876494,0.27660125,0.28503308,0.28355524
suggestion,P,word2vec_tiny_50_HYP,0.35252386,0.42944977,0.4437248,0.49899516,0.46996617,0.48835313
devour,P,word2vec_tiny_50_HYP,0.22882767,0.27615568,0.2779953,0.35090792,0.299236,0.37870395
shiny,P,word2vec_tiny_50_HYP,0.3560757,0.48157814,0.47256935,0.623589,0.52238137,0.67334384
puffy,P,word2vec_tiny_50_HYP,0.350289,0.41651475,0.4340128,0.5280426,0.47381037,0.56785464
tend,H,word2vec_tiny_50_HYP,0.25901502,0.28010556,0.39201632,0.48300293,0.4425144,0.53357756
bite,P,word2vec_tiny_50_HYP,0.39150494,0.449643,0.48815602,0.5331984,0.5233478,0.5393295
globe,P,word2vec_tiny_50_HYP,0.43582845,0.48750702,0.51102823,0.60186887,0.5422078,0.6132043
sled,P,word2vec_tiny_50_HYP,0.38133663,0.5299717,0.4795527,0.62963694,0.51953405,0.66363376
hat,P,word2vec_tiny_50_HYP,0.26508456,0.33502838,0.40537322,0.5385706,0.4695935,0.5969904
alley,H,word2vec_tiny_50_HYP,0.3886884,0.4156638,0.45906875,0.47339356,0.4854254,0.49643642
tattoo,H,word2vec_tiny_50_HYP,0.32016554,0.39745805,0.36740386,0.44367504,0.3880484,0.45837328
eerie,M,word2vec_tiny_50_HYP,0.25104716,0.32005027,0.31782877,0.39520565,0.3507581,0.4366206
overweight,P,word2vec_tiny_50_HYP,0.19340464,0.20827025,0.22533472,0.2313543,0.23838487,0.2393045
canoe,P,word2vec_tiny_50_HYP,0.32170787,0.3311078,0.38943985,0.44887143,0.4229032,0.4850327
teller,P,word2vec_tiny_50_HYP,0.31543475,0.36070868,0.37663844,0.40976113,0.39720047,0.41148955
boost,P,word2vec_tiny_50_HYP,0.39911944,0.40572137,0.45434296,0.48694867,0.4755746,0.4981486
soap,P,word2vec_tiny_50_HYP,0.29146197,0.4155101,0.3999859,0.5304793,0.44821525,0.5659586
choke,P,word2vec_tiny_50_HYP,0.32978278,0.3986727,0.41514146,0.48623687,0.45422652,0.5239452
apron,P,word2vec_tiny_50_HYP,0.36813146,0.45586273,0.4654429,0.60232675,0.50416166,0.6453094
verdict,P,word2vec_tiny_50_HYP,0.12236859,0.1393758,0.14604127,0.17681123,0.15561794,0.19489498
discipline,P,word2vec_tiny_50_HYP,0.18398759,0.2180214,0.23137051,0.28050712,0.25155857,0.31326488
heavenly,P,word2vec_tiny_50_HYP,0.19011748,0.22523735,0.25137395,0.3112253,0.2856034,0.36444274
charger,P,word2vec_tiny_50_HYP,0.31072003,0.36813897,0.3843689,0.4622678,0.41691712,0.48929444
canteen,P,word2vec_tiny_50_HYP,0.23582089,0.29304388,0.29354945,0.35996285,0.31790274,0.38139477
newcomer,M,word2vec_tiny_50_HYP,0.23587768,0.23655789,0.2661753,0.2514343,0.27753344,0.26036686
hygiene,P,word2vec_tiny_50_HYP,0.1685661,0.21401782,0.22269931,0.26761013,0.25198025,0.29313466
switch,P,word2vec_tiny_50_HYP,0.3353052,0.4509558,0.44531864,0.5855964,0.4935635,0.63137674
driveway,M,word2vec_tiny_50_HYP,0.39360386,0.4711013,0.47698608,0.5539806,0.5091783,0.58014524
wig,P,word2vec_tiny_50_HYP,0.3359688,0.41926655,0.4377764,0.5403217,0.48316857,0.58938044
sad,P,word2vec_tiny_50_HYP,0.34340447,0.42235765,0.4939781,0.62627476,0.56514835,0.6812602
smelly,M,word2vec_tiny_50_HYP,0.32183272,0.4569513,0.46380517,0.6283272,0.5173739,0.6643527
dislike,P,word2vec_tiny_50_HYP,0.262543,0.26209503,0.30067596,0.28907764,0.31840336,0.3065025
ridiculous,M,word2vec_tiny_50_HYP,0.25569326,0.24224015,0.28687656,0.28395617,0.30043948,0.3044365
dubious,P,word2vec_tiny_50_HYP,0.1413156,0.16122022,0.16514002,0.1977116,0.1743968,0.2136357
spotless,P,word2vec_tiny_50_HYP,0.30748487,0.36802277,0.39253676,0.48810914,0.42807847,0.50367653
triangle,P,word2vec_tiny_50_HYP,0.30756977,0.46781838,0.4424821,0.6202024,0.4874449,0.64813924
scorpion,P,word2vec_tiny_50_HYP,0.29266387,0.33978158,0.35426798,0.41808516,0.3791189,0.4414676
homeless,P,word2vec_tiny_50_HYP,0.32224187,0.3870312,0.38341564,0.4495107,0.41237503,0.4750021
catalog,P,word2vec_tiny_50_HYP,0.2998677,0.34280005,0.36257645,0.4246881,0.3921169,0.46480346
chef,M,word2vec_tiny_50_HYP,0.37772718,0.5095474,0.47541702,0.61378986,0.5111991,0.61570835
pout,H,word2vec_tiny_50_HYP,0.3680932,0.46543166,0.46877685,0.5541466,0.5005145,0.5720127
celebrity,P,word2vec_tiny_50_HYP,0.2884884,0.29443166,0.3264542,0.33089378,0.34150475,0.3481215
agree,P,word2vec_tiny_50_HYP,0.46288818,0.56801,0.57003206,0.61191213,0.5992619,0.5890194
cry,P,word2vec_tiny_50_HYP,0.3493002,0.49527785,0.46077496,0.605252,0.50705373,0.61670524
expensive,P,word2vec_tiny_50_HYP,0.37204704,0.5051695,0.49480018,0.6416484,0.5426116,0.66119504
bop,H,word2vec_tiny_50_HYP,0.2206366,0.27845362,0.3393213,0.4378952,0.3938931,0.50323325
stray,P,word2vec_tiny_50_HYP,0.36501127,0.44022137,0.43183506,0.50799763,0.4616584,0.53255266
concept,P,word2vec_tiny_50_HYP,0.26121613,0.35830304,0.30420694,0.4088893,0.32555217,0.4217873
absorb,P,word2vec_tiny_50_HYP,0.24094558,0.26726967,0.29139435,0.3159051,0.31146067,0.3357152
laughter,P,word2vec_tiny_50_HYP,0.37051162,0.40811172,0.45989054,0.49566144,0.49391282,0.518864
referee,P,word2vec_tiny_50_HYP,0.37188712,0.44903016,0.45523402,0.55519456,0.49012542,0.5833771
available,P,word2vec_tiny_50_HYP,0.47322488,0.60196704,0.55098766,0.6419438,0.5815285,0.64813787
upside,P,word2vec_tiny_50_HYP,0.47285733,0.4702171,0.54757226,0.6118467,0.57312626,0.63647676
load,P,word2vec_tiny_50_HYP,0.33365628,0.47223586,0.47554916,0.6470006,0.5258557,0.6818983
moonlight,P,word2vec_tiny_50_HYP,0.30220187,0.30466184,0.3947488,0.4371829,0.4351771,0.48980322
lighten,H,word2vec_tiny_50_HYP,0.28436702,0.32033744,0.34090832,0.4050167,0.36496598,0.42775977
rebuild,P,word2vec_tiny_50_HYP,0.37916726,0.4243693,0.46229538,0.508625,0.49385062,0.5205085
forehead,P,word2vec_tiny_50_HYP,0.34048572,0.45968902,0.41493684,0.5046073,0.44192493,0.5284744
overalls,P,word2vec_tiny_50_HYP,0.28224963,0.32132554,0.3799629,0.46408477,0.42572775,0.5202239
alcohol,P,word2vec_tiny_50_HYP,0.29164392,0.3051527,0.3520291,0.37935838,0.37978393,0.41985428
completion,P,word2vec_tiny_50_HYP,0.25361183,0.3121115,0.311794,0.38877097,0.3377326,0.40629536
server,P,word2vec_tiny_50_HYP,0.30566677,0.3428383,0.372127,0.39612043,0.39959842,0.43350536
chuckle,P,word2vec_tiny_50_HYP,0.27984053,0.31175312,0.32143298,0.38249314,0.33910802,0.39809963
bulb,P,word2vec_tiny_50_HYP,0.31330213,0.42326683,0.4269297,0.5777495,0.47692776,0.6297166
passport,P,word2vec_tiny_50_HYP,0.3283411,0.39377257,0.4518942,0.5928059,0.4963547,0.64945906
shaky,P,word2vec_tiny_50_HYP,0.37729874,0.4355996,0.47178265,0.53212,0.5068965,0.5626604
jumper,H,word2vec_tiny_50_HYP,0.39534864,0.456211,0.5021078,0.62680554,0.53979605,0.64668936
expert,P,word2vec_tiny_50_HYP,0.38352835,0.40346077,0.45809445,0.46960127,0.48756763,0.4994139
disease,P,word2vec_tiny_50_HYP,0.22915664,0.31208634,0.3333581,0.44098818,0.37212348,0.4711297
motivation,P,word2vec_tiny_50_HYP,0.20256023,0.25601572,0.25700375,0.31873456,0.28322867,0.34895533
wise,H,word2vec_tiny_50_HYP,0.38192967,0.524068,0.50050926,0.6237711,0.53924716,0.6196538
petrol,M,word2vec_tiny_50_HYP,0.29662207,0.38893265,0.35859218,0.47115448,0.38923186,0.5035713
drown,P,word2vec_tiny_50_HYP,0.36017475,0.4187136,0.4446833,0.5078665,0.47439396,0.5303643
clover,P,word2vec_tiny_50_HYP,0.30272743,0.37925068,0.3594348,0.4256714,0.3813667,0.44117785
crap,M,word2vec_tiny_50_HYP,0.22393289,0.28568617,0.26404357,0.29736856,0.27937505,0.31323233
raccoon,P,word2vec_tiny_50_HYP,0.31049094,0.41029266,0.40688115,0.48639748,0.44029644,0.50381917
pearly,P,word2vec_tiny_50_HYP,0.2536214,0.2920293,0.2956866,0.32587063,0.31110883,0.33178514
pointer,P,word2vec_tiny_50_HYP,0.35451382,0.45314994,0.42389396,0.5287398,0.4539656,0.5541521
cab,H,word2vec_tiny_50_HYP,0.2997001,0.35211572,0.36493045,0.46005,0.4022523,0.5086193
swipe,P,word2vec_tiny_50_HYP,0.29020512,0.33966595,0.3630026,0.43395376,0.39181858,0.46131295
shame,P,word2vec_tiny_50_HYP,0.3205995,0.34482443,0.38751167,0.40857884,0.41068107,0.43288228
disobey,M,word2vec_tiny_50_HYP,0.33093417,0.41529778,0.40271688,0.46036914,0.43309072,0.4638226
list,H,word2vec_tiny_50_HYP,0.47500467,0.57216257,0.55152065,0.65938365,0.5794497,0.6611631
curve,P,word2vec_tiny_50_HYP,0.32707456,0.41029373,0.42571476,0.5326129,0.46133453,0.56722385
twirl,P,word2vec_tiny_50_HYP,0.3648271,0.46460515,0.48142123,0.61060107,0.5198781,0.60919243
trolley,P,word2vec_tiny_50_HYP,0.32498005,0.42047292,0.3931521,0.4941998,0.42478684,0.5235153
frantic,P,word2vec_tiny_50_HYP,0.22016124,0.2943444,0.26440123,0.35857868,0.28160557,0.3825313
weatherman,M,word2vec_tiny_50_HYP,0.20472118,0.188378,0.23216048,0.22280414,0.24448386,0.23339778
slice,P,word2vec_tiny_50_HYP,0.31172603,0.37670368,0.39661732,0.45481646,0.43323493,0.46755353
function,P,word2vec_tiny_50_HYP,0.21020913,0.17548202,0.24571371,0.22369143,0.2613115,0.24240682
spin,P,word2vec_tiny_50_HYP,0.36649022,0.52831304,0.4991113,0.6724366,0.5475454,0.70456403
albino,M,word2vec_tiny_50_HYP,0.25543228,0.27356973,0.29424834,0.26848108,0.30879077,0.2835767
drought,P,word2vec_tiny_50_HYP,0.26514357,0.3343238,0.33173656,0.42071027,0.35919055,0.43711504
downtown,P,word2vec_tiny_50_HYP,0.29758102,0.37377167,0.354906,0.4363377,0.3782822,0.4471037
expression,P,word2vec_tiny_50_HYP,0.35573032,0.4303128,0.42859322,0.4387549,0.45130432,0.45162702
sheet,H,word2vec_tiny_50_HYP,0.32185572,0.43570724,0.43101817,0.5800661,0.47701496,0.6330958
icy,P,word2vec_tiny_50_HYP,0.3902984,0.51905924,0.50115126,0.6523043,0.5502485,0.6936563
surgery,P,word2vec_tiny_50_HYP,0.26201874,0.2956773,0.35797736,0.46767563,0.39693764,0.4961751
risk,P,word2vec_tiny_50_HYP,0.33950213,0.4137876,0.4196809,0.4702401,0.44564807,0.49292958
shallow,P,word2vec_tiny_50_HYP,0.34617823,0.39640677,0.42767715,0.50579107,0.46363822,0.5244206
bandage,P,word2vec_tiny_50_HYP,0.30557373,0.39323607,0.41437852,0.5274496,0.46496642,0.581314
mast,H,word2vec_tiny_50_HYP,0.3474365,0.44714034,0.43919766,0.55231345,0.47577345,0.5888908
crest,P,word2vec_tiny_50_HYP,0.33323413,0.45389038,0.41647178,0.54847646,0.45877534,0.5795257
decline,P,word2vec_tiny_50_HYP,0.17034176,0.182799,0.1967326,0.21521784,0.20752755,0.22893862
peck,H,word2vec_tiny_50_HYP,0.39269105,0.41660285,0.49035725,0.5591123,0.5264162,0.60488284
legacy,P,word2vec_tiny_50_HYP,0.17610383,0.19024746,0.20814854,0.22808523,0.22171788,0.24759036
unkind,M,word2vec_tiny_50_HYP,0.2795154,0.3824553,0.38640457,0.500837,0.42763153,0.511098
carton,P,word2vec_tiny_50_HYP,0.33225924,0.4113896,0.4209186,0.50734705,0.4561763,0.5328725
achieve,P,word2vec_tiny_50_HYP,0.27390558,0.30563557,0.36486253,0.37530422,0.40088895,0.40227926
gem,P,word2vec_tiny_50_HYP,0.21621735,0.32665575,0.40286735,0.5646494,0.46942455,0.6213018
habit,P,word2vec_tiny_50_HYP,0.44519243,0.4489837,0.50327516,0.47050464,0.52603555,0.487006
glum,P,word2vec_tiny_50_HYP,0.24945655,0.3069622,0.29370365,0.37352002,0.31148595,0.387802
ponder,P,word2vec_tiny_50_HYP,0.27311817,0.3422401,0.3245401,0.39704227,0.3453598,0.4159186
extinct,P,word2vec_tiny_50_HYP,0.25029397,0.22624178,0.29010552,0.24128963,0.30549622,0.25499067
germ,P,word2vec_tiny_50_HYP,0.3791618,0.4113211,0.46271545,0.49824205,0.49599403,0.519693
refuge,P,word2vec_tiny_50_HYP,0.24986985,0.27247772,0.28846627,0.29538795,0.3028832,0.31189078
favor,P,word2vec_tiny_50_HYP,0.36008576,0.41288254,0.43308952,0.48305324,0.4592566,0.4941021
swim,P,word2vec_tiny_50_HYP,0.30552682,0.36447644,0.40607768,0.4873654,0.45969728,0.5612868
weed,H,word2vec_tiny_50_HYP,0.32333025,0.40809166,0.40478927,0.49244738,0.4393386,0.52425164
mobile,P,word2vec_tiny_50_HYP,0.36157295,0.40982366,0.42867103,0.50390744,0.45786887,0.53278816
rudder,P,word2vec_tiny_50_HYP,0.2947161,0.40382034,0.3803158,0.4967227,0.41496703,0.5260396
membership,P,word2vec_tiny_50_HYP,0.23834543,0.24715748,0.26553696,0.2689558,0.27837905,0.2786169
exhibit,P,word2vec_tiny_50_HYP,0.4034664,0.47654,0.49734876,0.62470007,0.53154594,0.6383
runaway,P,word2vec_tiny_50_HYP,0.3182772,0.3536873,0.3605402,0.41258246,0.38162345,0.42944995
ceramic,P,word2vec_tiny_50_HYP,0.2643054,0.34894797,0.31435508,0.41248715,0.33452377,0.43694586
tragedy,P,word2vec_tiny_50_HYP,0.24347298,0.25838095,0.31047398,0.35793746,0.34133357,0.39151904
argument,P,word2vec_tiny_50_HYP,0.38723594,0.48435402,0.4746761,0.5302564,0.5015144,0.54673564
stable,H,word2vec_tiny_50_HYP,0.32280418,0.34152916,0.443281,0.58497196,0.5038246,0.6573427
suction,P,word2vec_tiny_50_HYP,0.23864746,0.29896277,0.28661057,0.35654047,0.3073523,0.37567225
demise,P,word2vec_tiny_50_HYP,0.21007404,0.27326998,0.24498801,0.31022322,0.26194596,0.32392406
dense,P,word2vec_tiny_50_HYP,0.21911208,0.2862065,0.29213083,0.37874752,0.3227266,0.4156499
crib,P,word2vec_tiny_50_HYP,0.3678762,0.47123748,0.48768735,0.63645595,0.5370446,0.6706477
summon,P,word2vec_tiny_50_HYP,0.22484751,0.26144207,0.26335123,0.29948944,0.28265786,0.31944737
modern,P,word2vec_tiny_50_HYP,0.32334098,0.3576361,0.46395946,0.6039004,0.51943153,0.66590625
crusty,P,word2vec_tiny_50_HYP,0.16826223,0.20697242,0.31756684,0.4272268,0.38975334,0.515364
patience,P,word2vec_tiny_50_HYP,0.25477028,0.2942606,0.33002338,0.3669579,0.3613051,0.39153033
vanilla,P,word2vec_tiny_50_HYP,0.26641303,0.34127915,0.3614987,0.43458804,0.40320966,0.4529582
scare,P,word2vec_tiny_50_HYP,0.36945134,0.49856716,0.4831111,0.5965994,0.523366,0.608734
thread,P,word2vec_tiny_50_HYP,0.27331176,0.40899605,0.40949982,0.55805904,0.4649144,0.61261904
airline,P,word2vec_tiny_50_HYP,0.24056748,0.33641288,0.29490006,0.39765757,0.31518856,0.41192442
neck,P,word2vec_tiny_50_HYP,0.35005188,0.4809065,0.45768422,0.60644054,0.50752157,0.64469075
rob,P,word2vec_tiny_50_HYP,0.35197335,0.43917885,0.42966914,0.46526727,0.46506226,0.50282276
vine,P,word2vec_tiny_50_HYP,0.32041723,0.41606906,0.43508253,0.5770756,0.48967248,0.6406531
toxic,P,word2vec_tiny_50_HYP,0.27970898,0.3568006,0.34252456,0.3991215,0.3656357,0.41400352
imagine,P,word2vec_tiny_50_HYP,0.42720595,0.59699774,0.5338905,0.6750992,0.57304764,0.7151631
display,P,word2vec_tiny_50_HYP,0.40387002,0.5322453,0.5020925,0.6641039,0.540724,0.6918332
discourage,P,word2vec_tiny_50_HYP,0.2592648,0.26806918,0.30523384,0.31068292,0.32595882,0.33305186
member,P,word2vec_tiny_50_HYP,0.35528162,0.40670747,0.42118603,0.4535296,0.4448996,0.47121793
trusty,P,word2vec_tiny_50_HYP,0.3635983,0.38071,0.42635268,0.43518144,0.45340112,0.45678023
smear,P,word2vec_tiny_50_HYP,0.2314338,0.32699493,0.320259,0.42671385,0.3612191,0.47083575
wedge,P,word2vec_tiny_50_HYP,0.27601823,0.35380524,0.32457897,0.40924376,0.34466407,0.43281743
sticker,P,word2vec_tiny_50_HYP,0.3897853,0.51461154,0.46755427,0.57713854,0.4977857,0.594043
joint,P,word2vec_tiny_50_HYP,0.20693024,0.20560004,0.23822457,0.23469792,0.25116897,0.2486822
teach,P,word2vec_tiny_50_HYP,0.41723102,0.5710826,0.52338797,0.65428644,0.55561334,0.63723236
warm,P,word2vec_tiny_50_HYP,0.34339756,0.48772782,0.460243,0.56216127,0.5014333,0.59210336
rifle,H,word2vec_tiny_50_HYP,0.2963832,0.3626931,0.358852,0.41800347,0.38131756,0.43175566
wars,P,word2vec_tiny_50_HYP,0.32441297,0.40862983,0.3917441,0.49854237,0.418537,0.51018316
skate,H,word2vec_tiny_50_HYP,0.3637511,0.48028275,0.48853442,0.6038944,0.5287767,0.6269244
pluck,P,word2vec_tiny_50_HYP,0.34031588,0.4133554,0.42003247,0.4942695,0.45109314,0.5288222
campus,M,word2vec_tiny_50_HYP,0.2797988,0.38603976,0.32560933,0.43472704,0.34655607,0.45794654
stroke,P,word2vec_tiny_50_HYP,0.35058683,0.4231129,0.44688907,0.51875556,0.4825354,0.5477835
booth,P,word2vec_tiny_50_HYP,0.35260037,0.4491283,0.44064218,0.5538908,0.4812812,0.57886356
offend,P,word2vec_tiny_50_HYP,0.15316997,0.16712463,0.18257925,0.20159706,0.19782712,0.21712334
vacuum,P,word2vec_tiny_50_HYP,0.35070282,0.4094485,0.42988762,0.5127011,0.46385276,0.5430628
disrespect,P,word2vec_tiny_50_HYP,0.20254472,0.22320743,0.2560751,0.28209165,0.2797433,0.30470997
hostess,P,word2vec_tiny_50_HYP,0.30710548,0.3561614,0.38696194,0.41956463,0.4131302,0.42365718
above,P,word2vec_tiny_50_HYP,0.35023123,0.40927872,0.43863142,0.49808642,0.47372994,0.5171609
fussy,P,word2vec_tiny_50_HYP,0.2865663,0.24127728,0.32106426,0.27073282,0.3369838,0.2771067
pest,P,word2vec_tiny_50_HYP,0.2657915,0.3544336,0.34939602,0.4611398,0.38264897,0.47822276
defy,P,word2vec_tiny_50_HYP,0.16588496,0.17335041,0.19427356,0.21085693,0.20558345,0.2184481
juggle,P,word2vec_tiny_50_HYP,0.4035799,0.49896905,0.50441694,0.6109334,0.5393044,0.63622785
comic,P,word2vec_tiny_50_HYP,0.26690584,0.31679574,0.33676296,0.40411577,0.37236223,0.44905517
doom,P,word2vec_tiny_50_HYP,0.24286754,0.29161558,0.29815903,0.36306143,0.32195228,0.38668796
hump,P,word2vec_tiny_50_HYP,0.39286128,0.43475583,0.46224964,0.5099054,0.48892266,0.5276534
onion,P,word2vec_tiny_50_HYP,0.22186866,0.2683804,0.3827376,0.4949082,0.44407612,0.56589407
source,P,word2vec_tiny_50_HYP,0.39284745,0.4231021,0.4628442,0.50198686,0.4910543,0.5190752
fake,P,word2vec_tiny_50_HYP,0.3828269,0.46751952,0.51067567,0.65382713,0.5507581,0.66953593
upbeat,P,word2vec_tiny_50_HYP,0.26787224,0.32823566,0.34791365,0.43147245,0.38190883,0.46794385
insight,P,word2vec_tiny_50_HYP,0.14830716,0.16755265,0.17045051,0.19899476,0.18279846,0.2139124
journey,P,word2vec_tiny_50_HYP,0.29307324,0.39255273,0.42999306,0.5403123,0.47824317,0.55363816
develop,P,word2vec_tiny_50_HYP,0.18568292,0.2283024,0.22908169,0.27190584,0.2559701,0.311845
vending,P,word2vec_tiny_50_HYP,0.33241668,0.39113557,0.3906216,0.48315284,0.41500363,0.5042081
zap,P,word2vec_tiny_50_HYP,0.336479,0.39280292,0.41446894,0.49702176,0.44865432,0.5226441
ugly,P,word2vec_tiny_50_HYP,0.3694748,0.43612468,0.48478538,0.6094841,0.53740346,0.677646
intact,M,word2vec_tiny_50_HYP,0.31447732,0.3931578,0.358573,0.42855126,0.3792945,0.44470194
laugh,P,word2vec_tiny_50_HYP,0.40723357,0.5624047,0.5132164,0.6151418,0.5486047,0.6109762
boat,P,word2vec_tiny_50_HYP,0.19796446,0.3005063,0.3536019,0.4971306,0.4176306,0.565071
dealer,P,word2vec_tiny_50_HYP,0.22000551,0.26550663,0.260486,0.27540106,0.27653798,0.28426775
chain,P,word2vec_tiny_50_HYP,0.26918042,0.37727678,0.38897842,0.53430325,0.44615325,0.60866964
asteroid,M,word2vec_tiny_50_HYP,0.31489456,0.41921204,0.38572752,0.5000293,0.41515237,0.53670263
poisonous,P,word2vec_tiny_50_HYP,0.34434047,0.44344598,0.42299366,0.52007663,0.45681357,0.5381733
sweep,P,word2vec_tiny_50_HYP,0.33909345,0.41689506,0.45650944,0.53993815,0.49693465,0.57424384
tractor,P,word2vec_tiny_50_HYP,0.34613666,0.48272422,0.4354275,0.5911594,0.47992915,0.62884575
relish,P,word2vec_tiny_50_HYP,0.15322821,0.20519611,0.2139217,0.28216505,0.24739441,0.3282987
revenge,P,word2vec_tiny_50_HYP,0.3234625,0.34713387,0.38614392,0.4075385,0.4106744,0.44143242
upcoming,M,word2vec_tiny_50_HYP,0.30498844,0.37212098,0.38648996,0.4585253,0.4240671,0.4987417
arch,H,word2vec_tiny_50_HYP,0.30807537,0.3875846,0.369198,0.47448778,0.39572427,0.50481826
crispy,P,word2vec_tiny_50_HYP,0.2892434,0.30748478,0.3693372,0.38605747,0.40418684,0.42780727
useless,P,word2vec_tiny_50_HYP,0.3607933,0.46068153,0.45271775,0.5495313,0.4846633,0.5849748
nut,P,word2vec_tiny_50_HYP,0.28545517,0.36968297,0.41870484,0.5504175,0.47475907,0.6266888
fasten,P,word2vec_tiny_50_HYP,0.31294268,0.38805085,0.4131308,0.5190164,0.44918907,0.53999466
spatula,M,word2vec_tiny_50_HYP,0.286592,0.3288148,0.3753173,0.42290887,0.41463348,0.46556532
shuttle,P,word2vec_tiny_50_HYP,0.32901025,0.41465273,0.38931343,0.494817,0.41125202,0.49849454
prairie,M,word2vec_tiny_50_HYP,0.26143986,0.27294213,0.29950926,0.3248858,0.31619674,0.33225068
afford,P,word2vec_tiny_50_HYP,0.39503697,0.48908794,0.46591073,0.5107377,0.49166912,0.51794934
escalator,M,word2vec_tiny_50_HYP,0.22283988,0.21191385,0.26015672,0.2361518,0.27556768,0.25639236
closet,P,word2vec_tiny_50_HYP,0.3096577,0.42068043,0.46011162,0.6171208,0.51766664,0.66785204
butler,M,word2vec_tiny_50_HYP,0.2042815,0.24819647,0.23934376,0.25743735,0.2535684,0.2739252
cop,H,word2vec_tiny_50_HYP,0.3021292,0.42279664,0.45145944,0.6020802,0.50285196,0.61773854
leadership,P,word2vec_tiny_50_HYP,0.19410856,0.21349041,0.23087828,0.26568907,0.24741307,0.28651884
thud,P,word2vec_tiny_50_HYP,0.38329738,0.47504973,0.4839505,0.5775875,0.5248994,0.6138193
vaccine,P,word2vec_tiny_50_HYP,0.26973203,0.28521267,0.30539644,0.29784408,0.31981358,0.29665437
chimp,M,word2vec_tiny_50_HYP,0.29893392,0.35241744,0.34627107,0.39449134,0.36833417,0.42195025
harmonica,M,word2vec_tiny_50_HYP,0.25785384,0.3189024,0.359814,0.46066415,0.39969128,0.49708095
expedition,P,word2vec_tiny_50_HYP,0.2460843,0.3424403,0.307558,0.40850896,0.3311085,0.43411338
gravy,P,word2vec_tiny_50_HYP,0.17475002,0.20637457,0.23988643,0.30672315,0.2726712,0.35158387
floppy,P,word2vec_tiny_50_HYP,0.32477823,0.4406332,0.4132741,0.5349317,0.45058805,0.5607243
treaty,P,word2vec_tiny_50_HYP,0.20914821,0.20858228,0.2354123,0.24268933,0.24790248,0.24723232
dare,P,word2vec_tiny_50_HYP,0.47223252,0.6293663,0.5490661,0.6442479,0.57464105,0.6272672
dishonest,P,word2vec_tiny_50_HYP,0.24937382,0.3403344,0.3827115,0.50200325,0.42473304,0.5093152
mix,P,word2vec_tiny_50_HYP,0.28353393,0.39230916,0.41151798,0.50444347,0.4600216,0.5509144
croak,P,word2vec_tiny_50_HYP,0.36220986,0.4302168,0.44834578,0.5184614,0.47996658,0.54601294
pizza,M,word2vec_tiny_50_HYP,0.2336094,0.31803888,0.33907753,0.45404786,0.3927362,0.49629286
arrogant,P,word2vec_tiny_50_HYP,0.21100585,0.24956447,0.27781367,0.2851726,0.3090823,0.3120994
comprehend,P,word2vec_tiny_50_HYP,0.2126497,0.26596978,0.24645732,0.31453475,0.2613237,0.32055584
canopy,P,word2vec_tiny_50_HYP,0.31771395,0.36911255,0.37468407,0.45828936,0.40099984,0.48866084
crater,P,word2vec_tiny_50_HYP,0.32504234,0.38747865,0.38558403,0.43519995,0.41333473,0.46023822
thermos,P,word2vec_tiny_50_HYP,0.24612638,0.2714702,0.30959657,0.33863154,0.34371352,0.39058012
deaf,P,word2vec_tiny_50_HYP,0.4098928,0.45850876,0.51004773,0.60196143,0.55642545,0.6489039
palace,P,word2vec_tiny_50_HYP,0.31577554,0.46102226,0.4568882,0.6266825,0.50900805,0.6595244
page,H,word2vec_tiny_50_HYP,0.31196165,0.3735778,0.42734736,0.52309835,0.47522873,0.5660823
wilt,P,word2vec_tiny_50_HYP,0.32637635,0.40818855,0.42165706,0.501074,0.45827943,0.53452003
writer,P,word2vec_tiny_50_HYP,0.30016336,0.39806718,0.42630976,0.524006,0.4691349,0.5407215
souvenir,M,word2vec_tiny_50_HYP,0.40423742,0.46634856,0.47793043,0.50491107,0.50298667,0.5154074
unhealthy,P,word2vec_tiny_50_HYP,0.30214065,0.34467134,0.36520967,0.41598153,0.39021084,0.4444073
ultimatum,M,word2vec_tiny_50_HYP,0.16179883,0.1732288,0.1915016,0.20684546,0.20409644,0.22103839
tart,H,word2vec_tiny_50_HYP,0.16323873,0.20525399,0.24266748,0.30709118,0.28677893,0.36562994
audition,P,word2vec_tiny_50_HYP,0.27230385,0.33241433,0.34051815,0.42338496,0.370857,0.45815668
summer,P,word2vec_tiny_50_HYP,0.3385774,0.48590997,0.46316367,0.6008232,0.49962196,0.6086684
glare,H,word2vec_tiny_50_HYP,0.33284125,0.39828277,0.39131245,0.44283545,0.41337898,0.46364203
lecture,P,word2vec_tiny_50_HYP,0.41070804,0.52562803,0.5073011,0.6361844,0.5412202,0.6455344
spend,P,word2vec_tiny_50_HYP,0.47801265,0.6011864,0.5673529,0.65456825,0.59392077,0.64265335
concession,P,word2vec_tiny_50_HYP,0.27395174,0.32969594,0.327773,0.36453685,0.3482902,0.38270327
screw,P,word2vec_tiny_50_HYP,0.27189434,0.3830185,0.39242515,0.540969,0.45225364,0.6137564
guru,P,word2vec_tiny_50_HYP,0.25173002,0.28096065,0.29884025,0.3402003,0.3198124,0.35459176
recital,P,word2vec_tiny_50_HYP,0.26922545,0.34408554,0.34478745,0.42570508,0.3756221,0.44457558
sentence,P,word2vec_tiny_50_HYP,0.3042614,0.36416367,0.3885826,0.45347494,0.4228251,0.479095
blossom,P,word2vec_tiny_50_HYP,0.28265187,0.3528535,0.37224254,0.4898244,0.4040185,0.5140667
amount,P,word2vec_tiny_50_HYP,0.35528377,0.3349363,0.42226127,0.41617832,0.44997346,0.46251935
comment,P,word2vec_tiny_50_HYP,0.3464757,0.40480796,0.40533447,0.435026,0.4264921,0.44612494
await,P,word2vec_tiny_50_HYP,0.3109121,0.36094123,0.3756162,0.43187666,0.39929542,0.45933703
stuffy,P,word2vec_tiny_50_HYP,0.3368611,0.3782737,0.40267956,0.4570318,0.42803544,0.48204252
dime,M,word2vec_tiny_50_HYP,0.31431338,0.34179732,0.37505385,0.4456087,0.39645505,0.4668515
impressive,M,word2vec_tiny_50_HYP,0.27054986,0.36865783,0.44235244,0.58563846,0.5122092,0.6663947
settle,H,word2vec_tiny_50_HYP,0.38584906,0.5019885,0.5158194,0.58972776,0.5539461,0.5893451
decoration,P,word2vec_tiny_50_HYP,0.37992015,0.45435157,0.44429806,0.4993901,0.47516868,0.53849715
hopeful,P,word2vec_tiny_50_HYP,0.44313765,0.5245013,0.499865,0.53099114,0.51937765,0.520688
relaxation,P,word2vec_tiny_50_HYP,0.3015782,0.37371486,0.3568799,0.44469842,0.38475218,0.44944346
budget,P,word2vec_tiny_50_HYP,0.33731645,0.35695183,0.38615257,0.42722508,0.40457153,0.43676513
sloppy,P,word2vec_tiny_50_HYP,0.29365665,0.3331237,0.3378713,0.35313025,0.356272,0.3605557
technician,P,word2vec_tiny_50_HYP,0.26551074,0.3536227,0.3185705,0.41574135,0.3421461,0.43259835
grain,P,word2vec_tiny_50_HYP,0.35549396,0.48418945,0.45075285,0.5582773,0.48646685,0.5805039
swear,P,word2vec_tiny_50_HYP,0.24335496,0.25582102,0.28047574,0.28482482,0.29506195,0.29614633
junk,H,word2vec_tiny_50_HYP,0.34582973,0.50172,0.45083472,0.6211087,0.49410388,0.6632478
poster,M,word2vec_tiny_50_HYP,0.43176585,0.54199296,0.5120354,0.6115951,0.5489748,0.6391182
sickness,P,word2vec_tiny_50_HYP,0.25077,0.31688932,0.34084433,0.43336603,0.3771678,0.46180835
exercise,P,word2vec_tiny_50_HYP,0.38907683,0.5136711,0.5084972,0.63060915,0.5468229,0.6422093
seafood,M,word2vec_tiny_50_HYP,0.25326002,0.26588613,0.3030748,0.35652128,0.3254392,0.39109433
breakfast,P,word2vec_tiny_50_HYP,0.2953148,0.32779655,0.4167503,0.4697169,0.461544,0.49487475
snob,P,word2vec_tiny_50_HYP,0.14977245,0.1753777,0.17965543,0.21529023,0.19706161,0.23471458
capture,P,word2vec_tiny_50_HYP,0.3790947,0.41226205,0.43618715,0.47467953,0.45902434,0.5003035
horseshoe,P,word2vec_tiny_50_HYP,0.2918933,0.35847595,0.33573708,0.41650805,0.35265025,0.4264622
calf,H,word2vec_tiny_50_HYP,0.3042243,0.3973693,0.39061624,0.5090155,0.42716846,0.5441298
remorse,M,word2vec_tiny_50_HYP,0.23100014,0.29132497,0.28621376,0.33926752,0.30846304,0.36308214
provide,P,word2vec_tiny_50_HYP,0.34241816,0.48144937,0.4903973,0.6441508,0.54821503,0.6868316
pill,P,word2vec_tiny_50_HYP,0.4022275,0.5382873,0.48564675,0.62683696,0.5236217,0.65569395
bottom,P,word2vec_tiny_50_HYP,0.4422291,0.56172866,0.54072016,0.6381881,0.5714179,0.6558294
accountant,M,word2vec_tiny_50_HYP,0.22661336,0.27998206,0.26135826,0.30409282,0.27593946,0.31688604
smell,P,word2vec_tiny_50_HYP,0.3392729,0.39504635,0.4519115,0.4852717,0.491478,0.49331358
sneeze,P,word2vec_tiny_50_HYP,0.35296503,0.47534356,0.48768163,0.5571531,0.52639246,0.56943786
tango,P,word2vec_tiny_50_HYP,0.26649266,0.3207776,0.30626404,0.3725952,0.3233788,0.38987085
burst,P,word2vec_tiny_50_HYP,0.3620867,0.48423737,0.43970108,0.53968304,0.4671627,0.54760164
fellow,P,word2vec_tiny_50_HYP,0.30240536,0.29539976,0.35843247,0.3599422,0.38167405,0.39680296
giddy,P,word2vec_tiny_50_HYP,0.36832282,0.40473786,0.44681725,0.4923218,0.47709092,0.5160271
quaint,P,word2vec_tiny_50_HYP,0.25476348,0.2671403,0.29563314,0.3066903,0.31223047,0.3163523
moisture,M,word2vec_tiny_50_HYP,0.24149294,0.3121018,0.30319118,0.3891449,0.3285273,0.41576764
shape,P,word2vec_tiny_50_HYP,0.33121878,0.42891943,0.43047133,0.5293324,0.4685285,0.5662779
pretzel,P,word2vec_tiny_50_HYP,0.33974677,0.320544,0.4046328,0.40962368,0.4367627,0.44042435
temper,P,word2vec_tiny_50_HYP,0.266157,0.30279633,0.3225393,0.37716857,0.35003257,0.4080871
frown,P,word2vec_tiny_50_HYP,0.4416361,0.57481116,0.5453757,0.6487209,0.577601,0.634525
bonus,P,word2vec_tiny_50_HYP,0.2422364,0.2801339,0.2861171,0.33244014,0.3048668,0.35061905
harmful,M,word2vec_tiny_50_HYP,0.32561666,0.39906165,0.40125474,0.44671783,0.43416497,0.4740646
dab,H,word2vec_tiny_50_HYP,0.28676197,0.36303198,0.35772407,0.44909483,0.38330483,0.48062614
attend,P,word2vec_tiny_50_HYP,0.26266095,0.3363697,0.339621,0.4262722,0.37561703,0.45372474
hatchet,P,word2vec_tiny_50_HYP,0.24330552,0.28261662,0.28369132,0.30674195,0.3004373,0.3268324
field,P,word2vec_tiny_50_HYP,0.3193671,0.45589006,0.44531947,0.59305173,0.49980363,0.64290303
basin,P,word2vec_tiny_50_HYP,0.21182887,0.27145493,0.29369563,0.39700574,0.33067033,0.4453411
intense,P,word2vec_tiny_50_HYP,0.2523683,0.3059088,0.3149791,0.40167472,0.34369728,0.44219595
weirdo,M,word2vec_tiny_50_HYP,0.15679643,0.15931526,0.18190649,0.20369947,0.19342227,0.21588211
cloudy,P,word2vec_tiny_50_HYP,0.32544237,0.43797234,0.46992707,0.5798692,0.5212922,0.61751497
riddance,M,word2vec_tiny_50_HYP,0.1274927,0.14883415,0.15232131,0.18227197,0.16596508,0.200852
maple,P,word2vec_tiny_50_HYP,0.4484209,0.50965285,0.5063111,0.54997116,0.5277083,0.5555886
distract,P,word2vec_tiny_50_HYP,0.3529318,0.4318142,0.42238852,0.5046866,0.44929326,0.5175982
nod,P,word2vec_tiny_50_HYP,0.4207014,0.4930113,0.5121654,0.5587402,0.542684,0.5532687
horrible,P,word2vec_tiny_50_HYP,0.2909587,0.37865227,0.37162068,0.43826172,0.40081635,0.46609345
orchid,P,word2vec_tiny_50_HYP,0.29563656,0.40470922,0.38113782,0.4883852,0.41392925,0.5206886
scenic,P,word2vec_tiny_50_HYP,0.30622667,0.35610244,0.35090733,0.38880414,0.3714695,0.40703154
waitress,M,word2vec_tiny_50_HYP,0.33625716,0.3548497,0.40989503,0.44748592,0.4390884,0.46746552
command,P,word2vec_tiny_50_HYP,0.4163104,0.38817883,0.4730323,0.4491251,0.4935191,0.46153384
fret,H,word2vec_tiny_50_HYP,0.22981438,0.27481785,0.2595038,0.29637462,0.27256718,0.3029496
element,P,word2vec_tiny_50_HYP,0.24177507,0.2729289,0.28476197,0.34471002,0.30442828,0.37109083
cavity,M,word2vec_tiny_50_HYP,0.32942763,0.36431122,0.40268934,0.46370474,0.4318539,0.49044228
impression,P,word2vec_tiny_50_HYP,0.3294773,0.37060538,0.38737184,0.41824907,0.41145104,0.43594745
vent,P,word2vec_tiny_50_HYP,0.33102232,0.41889587,0.36939746,0.42637017,0.38487655,0.4314515
stepmother,M,word2vec_tiny_50_HYP,0.13147898,0.15554217,0.1574479,0.18792744,0.17049545,0.20678979
walnut,P,word2vec_tiny_50_HYP,0.3233685,0.4129423,0.367512,0.44373062,0.3878621,0.45861655
tribute,P,word2vec_tiny_50_HYP,0.12853472,0.15285777,0.15525606,0.18992819,0.16706567,0.20477739
wiggle,P,word2vec_tiny_50_HYP,0.4050458,0.5453014,0.52330464,0.6796233,0.56552386,0.7007697
aggressive,P,word2vec_tiny_50_HYP,0.27967674,0.34351745,0.32549748,0.38457146,0.34927842,0.39997613
bamboo,P,word2vec_tiny_50_HYP,0.366083,0.3968674,0.46454003,0.537755,0.50573564,0.5994249
clown,P,word2vec_tiny_50_HYP,0.40642232,0.56122804,0.5042734,0.6641698,0.5467524,0.70030344
hassle,P,word2vec_tiny_50_HYP,0.12559922,0.15069015,0.14962049,0.19080676,0.16106845,0.20343186
chocolate,P,word2vec_tiny_50_HYP,0.24242015,0.34090364,0.3438523,0.45561063,0.3924469,0.48444405
volume,P,word2vec_tiny_50_HYP,0.4049043,0.4801404,0.48044884,0.5556402,0.5111392,0.58054847
lamp,P,word2vec_tiny_50_HYP,0.32334343,0.44638023,0.43761933,0.59642315,0.48522127,0.6460362
speaker,P,word2vec_tiny_50_HYP,0.33623788,0.44396934,0.4307252,0.548236,0.46219006,0.5681717
shelter,P,word2vec_tiny_50_HYP,0.41182867,0.5344277,0.5056521,0.6439715,0.5445319,0.6708683
vanish,P,word2vec_tiny_50_HYP,0.36552233,0.50469553,0.51282144,0.64642733,0.5598977,0.6476205
eyeliner,M,word2vec_tiny_50_HYP,0.25599805,0.34454602,0.32757428,0.43792227,0.35912216,0.46007857
scalpel,M,word2vec_tiny_50_HYP,0.23614912,0.24039191,0.2709041,0.27914315,0.28620216,0.29580253
driver,P,word2vec_tiny_50_HYP,0.29174447,0.3919558,0.41005328,0.52625155,0.4517495,0.56429213
sympathy,P,word2vec_tiny_50_HYP,0.2513946,0.31315413,0.29642078,0.33966097,0.31526434,0.36096781
twitch,P,word2vec_tiny_50_HYP,0.26928228,0.3506906,0.3400744,0.43766698,0.36642236,0.46105936
priest,P,word2vec_tiny_50_HYP,0.3577884,0.48700616,0.43437794,0.5491877,0.46451378,0.5445185
reap,P,word2vec_tiny_50_HYP,0.19595852,0.22803627,0.24037395,0.2653668,0.26770547,0.3050329
ladder,P,word2vec_tiny_50_HYP,0.37512568,0.5081401,0.48431304,0.6467097,0.5290479,0.6676156
defeat,P,word2vec_tiny_50_HYP,0.2546669,0.32362923,0.32207543,0.4083951,0.35308275,0.439402
bitter,P,word2vec_tiny_50_HYP,0.34458655,0.4639402,0.44947216,0.5044469,0.48661765,0.5285249
maintain,P,word2vec_tiny_50_HYP,0.18863766,0.23745142,0.24692242,0.3003091,0.27735755,0.33290532
dainty,P,word2vec_tiny_50_HYP,0.24868388,0.30990922,0.31637827,0.42811108,0.3481909,0.47224972
fuzz,M,word2vec_tiny_50_HYP,0.35862488,0.45888388,0.4360751,0.55617577,0.47010636,0.58591425
medium,P,word2vec_tiny_50_HYP,0.44520578,0.54642797,0.5318273,0.6145107,0.5643345,0.6405044
vibrate,P,word2vec_tiny_50_HYP,0.2669486,0.34160697,0.34544414,0.43105626,0.38199756,0.47780728
former,H,word2vec_tiny_50_HYP,0.2912765,0.34977973,0.3619074,0.3984847,0.38998905,0.4178635
doll,P,word2vec_tiny_50_HYP,0.35928434,0.46627685,0.47994357,0.61541384,0.5198337,0.64164275
scuba,P,word2vec_tiny_50_HYP,0.251057,0.3428273,0.31113318,0.34600854,0.33349374,0.34152168
rail,H,word2vec_tiny_50_HYP,0.3008921,0.4429287,0.4322361,0.59903187,0.48719665,0.6511244
slab,P,word2vec_tiny_50_HYP,0.24422741,0.28138494,0.27777255,0.30911696,0.2913692,0.31320304
potion,M,word2vec_tiny_50_HYP,0.3867873,0.49768844,0.46590245,0.5468284,0.49312317,0.55848163
musical,P,word2vec_tiny_50_HYP,0.37762475,0.41677067,0.4527533,0.5055209,0.4855833,0.5514114
guilty,P,word2vec_tiny_50_HYP,0.3572268,0.4359452,0.5102244,0.63607866,0.5669163,0.6706358
divide,P,word2vec_tiny_50_HYP,0.3240469,0.415516,0.41562665,0.50749856,0.44725427,0.52797735
landmark,P,word2vec_tiny_50_HYP,0.2503492,0.23664182,0.29200512,0.27701503,0.30893716,0.3055749
residence,P,word2vec_tiny_50_HYP,0.14389293,0.17326342,0.17134178,0.19951719,0.18275848,0.21375957
blade,P,word2vec_tiny_50_HYP,0.33037823,0.43383172,0.40368375,0.4946751,0.4332185,0.52586263
comfort,P,word2vec_tiny_50_HYP,0.43599343,0.57550454,0.5232596,0.53183556,0.54893374,0.5279111
blueberry,P,word2vec_tiny_50_HYP,0.2504967,0.2776259,0.37561917,0.46232328,0.4307292,0.5198806
rise,P,word2vec_tiny_50_HYP,0.38663635,0.5553711,0.49845672,0.643238,0.54429436,0.6675919
ocean,P,word2vec_tiny_50_HYP,0.22944131,0.3111091,0.34634936,0.4746005,0.40500924,0.5394821
dribble,P,word2vec_tiny_50_HYP,0.32584846,0.43879887,0.4263743,0.5497305,0.46545464,0.5665503
swimsuit,M,word2vec_tiny_50_HYP,0.31199196,0.3798088,0.45407337,0.56252146,0.5102916,0.62109464
nurse,P,word2vec_tiny_50_HYP,0.35663876,0.45342675,0.4783442,0.58562607,0.51586354,0.5850352
spank,H,word2vec_tiny_50_HYP,0.21988924,0.23845488,0.25573665,0.25813505,0.26921594,0.269421
undo,P,word2vec_tiny_50_HYP,0.3694923,0.42911598,0.43943673,0.513693,0.4693714,0.53680617
unstable,P,word2vec_tiny_50_HYP,0.32140335,0.39895177,0.404517,0.51148397,0.44164836,0.53929543
strive,P,word2vec_tiny_50_HYP,0.20290184,0.24700092,0.26489908,0.31211668,0.29838806,0.34147814
stew,P,word2vec_tiny_50_HYP,0.26146656,0.3179526,0.3279073,0.38855675,0.36308125,0.42127022
flat,H,word2vec_tiny_50_HYP,0.3896358,0.49422196,0.491965,0.6251481,0.52995604,0.6433782
cube,H,word2vec_tiny_50_HYP,0.37783378,0.5061341,0.48262435,0.6350454,0.524558,0.6720249
mango,M,word2vec_tiny_50_HYP,0.28222364,0.2819365,0.35521537,0.40807432,0.3925284,0.43910006
nowadays,P,word2vec_tiny_50_HYP,0.18060508,0.19104066,0.20979822,0.23395073,0.22351353,0.25060958
wrath,P,word2vec_tiny_50_HYP,0.2576657,0.2968472,0.30901146,0.3674618,0.33049667,0.3904201
mound,P,word2vec_tiny_50_HYP,0.32180104,0.38743424,0.42099643,0.5091943,0.45311847,0.5390701
leap,P,word2vec_tiny_50_HYP,0.4082796,0.5112733,0.49245238,0.54127645,0.5181769,0.54961205
inhale,P,word2vec_tiny_50_HYP,0.27290338,0.34147248,0.3176731,0.24553946,0.34538928,0.3982366
redo,P,word2vec_tiny_50_HYP,0.12888917,0.15697844,0.15640159,0.18276319,0.16821839,0.19716233
sponge,P,word2vec_tiny_50_HYP,0.3139722,0.41549692,0.42451817,0.54310787,0.4693283,0.57303715
spell,H,word2vec_tiny_50_HYP,0.41428986,0.49586898,0.49956113,0.5593877,0.5278318,0.55466133
successful,P,word2vec_tiny_50_HYP,0.39125627,0.53640616,0.47455785,0.5632642,0.5052507,0.5569889
charcoal,P,word2vec_tiny_50_HYP,0.27716717,0.3266275,0.34554893,0.44543764,0.37629792,0.48210308
attachment,P,word2vec_tiny_50_HYP,0.30823454,0.3699707,0.35526192,0.4122674,0.37522206,0.43550962
teeny,M,word2vec_tiny_50_HYP,0.28535512,0.35490936,0.34096298,0.40743887,0.36293426,0.42733076
resource,P,word2vec_tiny_50_HYP,0.16737819,0.1691885,0.20999342,0.2208013,0.23176172,0.24467695
invite,P,word2vec_tiny_50_HYP,0.3837308,0.52646786,0.52266127,0.66989446,0.56942147,0.6977234
threaten,P,word2vec_tiny_50_HYP,0.29425415,0.3461879,0.34309265,0.40782684,0.3663269,0.4303702
snatch,P,word2vec_tiny_50_HYP,0.3788092,0.4948745,0.45615518,0.53434455,0.4815862,0.5343244
snack,P,word2vec_tiny_50_HYP,0.28861886,0.3758355,0.40281278,0.45570424,0.44425812,0.4817577
clock,H,word2vec_tiny_50_HYP,0.31429726,0.4312661,0.44021043,0.59732383,0.4961136,0.6487373
terrible,P,word2vec_tiny_50_HYP,0.3685084,0.50015134,0.48876283,0.6217614,0.52545965,0.59417415
film,P,word2vec_tiny_50_HYP,0.2794965,0.36931556,0.44905898,0.59658176,0.50308996,0.6433046
observant,P,word2vec_tiny_50_HYP,0.30192372,0.32657027,0.37625417,0.41108438,0.40357468,0.42727453
plead,P,word2vec_tiny_50_HYP,0.28080544,0.34394398,0.36253428,0.41354096,0.39216924,0.43604726
ribbon,P,word2vec_tiny_50_HYP,0.29548484,0.41445273,0.4079538,0.54528105,0.45789337,0.6005485
mint,H,word2vec_tiny_50_HYP,0.29929775,0.3455846,0.3915934,0.49019766,0.43084952,0.53079426
dizzy,P,word2vec_tiny_50_HYP,0.41986352,0.53986055,0.5219125,0.66346174,0.5563628,0.6592704
smooth,P,word2vec_tiny_50_HYP,0.3769521,0.50016195,0.48840642,0.6465915,0.5330724,0.6848967
spice,P,word2vec_tiny_50_HYP,0.26552722,0.3255188,0.34551117,0.3849669,0.37918502,0.4202084
awaken,P,word2vec_tiny_50_HYP,0.23600979,0.25673935,0.2713158,0.29593077,0.28803378,0.31783384
minimum,P,word2vec_tiny_50_HYP,0.15870714,0.18203114,0.18661386,0.21332039,0.19905037,0.21988676
excitement,P,word2vec_tiny_50_HYP,0.29391092,0.38111085,0.41396213,0.47757852,0.44918588,0.47766954
nephew,M,word2vec_tiny_50_HYP,0.3308965,0.41105083,0.41919965,0.4501407,0.4490662,0.45310995
waffle,H,word2vec_tiny_50_HYP,0.2380288,0.29463416,0.36533028,0.46654087,0.42265534,0.50108016
fighter,P,word2vec_tiny_50_HYP,0.34995705,0.44749945,0.41434985,0.5061854,0.4400753,0.5181003
clap,P,word2vec_tiny_50_HYP,0.35477993,0.5120258,0.48401803,0.60847634,0.52708936,0.6235767
catchy,P,word2vec_tiny_50_HYP,0.23657115,0.31055814,0.32385722,0.43728384,0.36841735,0.4867319
fit,H,word2vec_tiny_50_HYP,0.4504568,0.5992604,0.54079735,0.6598736,0.5709618,0.6564614
parrot,P,word2vec_tiny_50_HYP,0.37514457,0.4635135,0.4895748,0.62436926,0.5311408,0.6559074
applause,P,word2vec_tiny_50_HYP,0.38850722,0.4512127,0.4623525,0.5308953,0.491897,0.5629633
grinder,P,word2vec_tiny_50_HYP,0.23525015,0.25138268,0.2975465,0.35288242,0.32886392,0.4046666
breast,P,word2vec_tiny_50_HYP,0.23670936,0.24854873,0.26904163,0.26929313,0.28164506,0.27667838
policy,H,word2vec_tiny_50_HYP,0.29814652,0.27165174,0.35304925,0.28278825,0.37505418,0.31253052
private,P,word2vec_tiny_50_HYP,0.37860772,0.4493193,0.45665103,0.5091617,0.48577607,0.52502894
mystery,P,word2vec_tiny_50_HYP,0.37963927,0.5110062,0.4832918,0.6106498,0.52022725,0.628968
hose,P,word2vec_tiny_50_HYP,0.35574406,0.5070071,0.465309,0.6210067,0.5100095,0.6620205
boa,P,word2vec_tiny_50_HYP,0.31927833,0.3585435,0.39957488,0.49098867,0.43866062,0.5270276
genius,P,word2vec_tiny_50_HYP,0.30559072,0.33082297,0.36764416,0.402033,0.39017403,0.41417235
boil,H,word2vec_tiny_50_HYP,0.3220113,0.3485945,0.40327722,0.43024322,0.4440409,0.47880155
meal,H,word2vec_tiny_50_HYP,0.26450077,0.3308078,0.39258355,0.47778803,0.44912216,0.52081096
neat,P,word2vec_tiny_50_HYP,0.37602568,0.47924393,0.4918148,0.5745956,0.5325072,0.6037968
folk,P,word2vec_tiny_50_HYP,0.2969641,0.36153376,0.35083702,0.42367783,0.37329304,0.4479098
suggest,P,word2vec_tiny_50_HYP,0.44008034,0.59791094,0.5572791,0.70251924,0.59940374,0.7088392
mushy,P,word2vec_tiny_50_HYP,0.25921783,0.3597349,0.36736497,0.46032104,0.41103676,0.4952065
vomit,P,word2vec_tiny_50_HYP,0.2493041,0.3060275,0.30776882,0.37697357,0.3301821,0.39448345
daytime,M,word2vec_tiny_50_HYP,0.34826377,0.3699916,0.4322466,0.4684472,0.46817496,0.51398665
scrawny,M,word2vec_tiny_50_HYP,0.27721778,0.30245823,0.32003066,0.32001474,0.33692193,0.31687936
fuss,P,word2vec_tiny_50_HYP,0.42457113,0.5156672,0.50150007,0.57338583,0.5272086,0.5773851
fiber,P,word2vec_tiny_50_HYP,0.26341206,0.33961448,0.3588705,0.3891342,0.39480504,0.43810943
fame,P,word2vec_tiny_50_HYP,0.264061,0.3149534,0.32003957,0.35986254,0.34417403,0.3926586
mule,H,word2vec_tiny_50_HYP,0.28790963,0.3388642,0.42307296,0.54765147,0.48371422,0.62556845
lagoon,P,word2vec_tiny_50_HYP,0.2505322,0.32054877,0.3036318,0.39930835,0.32643545,0.42111373
crank,P,word2vec_tiny_50_HYP,0.2343261,0.2507306,0.27828,0.2842524,0.29504088,0.29794133
immediate,P,word2vec_tiny_50_HYP,0.23044443,0.29796243,0.27446187,0.35077107,0.2922266,0.36978003
letter,P,word2vec_tiny_50_HYP,0.27193782,0.3987066,0.4330989,0.55974805,0.49314094,0.60892713
distant,P,word2vec_tiny_50_HYP,0.39549786,0.5173298,0.49314293,0.61283165,0.5276811,0.630752
shrink,P,word2vec_tiny_50_HYP,0.36988154,0.49623868,0.52200925,0.67826647,0.5733053,0.701402
upward,P,word2vec_tiny_50_HYP,0.2523226,0.3265948,0.29076907,0.38640395,0.30898434,0.41548926
dip,P,word2vec_tiny_50_HYP,0.42872444,0.475899,0.50593686,0.52369326,0.53117794,0.5343665
chest,P,word2vec_tiny_50_HYP,0.39054582,0.5009442,0.4907349,0.6283123,0.52963865,0.6563966
carefree,M,word2vec_tiny_50_HYP,0.33393613,0.42136124,0.37714893,0.41041896,0.3960281,0.40846813
slot,P,word2vec_tiny_50_HYP,0.3647774,0.44357353,0.45001224,0.5638448,0.48329476,0.5947145
campfire,P,word2vec_tiny_50_HYP,0.3842129,0.52137125,0.48306006,0.60547185,0.516843,0.6211317
linen,P,word2vec_tiny_50_HYP,0.17766005,0.17986624,0.20158623,0.20773266,0.21258518,0.2254479
value,P,word2vec_tiny_50_HYP,0.38210028,0.43516135,0.45249283,0.4170869,0.48025376,0.4194167
beg,P,word2vec_tiny_50_HYP,0.38608843,0.4775418,0.47419402,0.53657585,0.5043185,0.54658264
shoulder,P,word2vec_tiny_50_HYP,0.33142588,0.39049378,0.4702322,0.56942225,0.51762354,0.6030514
cheerful,P,word2vec_tiny_50_HYP,0.2827552,0.37143654,0.44498742,0.59248924,0.5023731,0.6383288
jury,P,word2vec_tiny_50_HYP,0.30600545,0.34486473,0.38022006,0.4196372,0.40916035,0.45192036
roast,P,word2vec_tiny_50_HYP,0.38840994,0.4334728,0.4732249,0.50954205,0.5064054,0.5256034
restore,P,word2vec_tiny_50_HYP,0.35679096,0.49109867,0.4942658,0.6348695,0.5424548,0.6308895
dwarf,P,word2vec_tiny_50_HYP,0.31263214,0.33821452,0.35504737,0.38745826,0.36975864,0.40619388
cheek,P,word2vec_tiny_50_HYP,0.33886063,0.474568,0.42835778,0.5178499,0.46515024,0.54960227
appetite,P,word2vec_tiny_50_HYP,0.3955008,0.43564042,0.458939,0.47578275,0.48160753,0.50464183
recommend,P,word2vec_tiny_50_HYP,0.43814874,0.5862493,0.55047625,0.69400656,0.5942427,0.6853631
powerful,P,word2vec_tiny_50_HYP,0.34862632,0.42767882,0.46409374,0.59535325,0.5071691,0.6168131
consistent,P,word2vec_tiny_50_HYP,0.14313683,0.14699206,0.17431016,0.18339744,0.19151829,0.20438433
serene,P,word2vec_tiny_50_HYP,0.23726308,0.29629964,0.30529428,0.389827,0.33545312,0.43016338
wreath,P,word2vec_tiny_50_HYP,0.32346106,0.4192238,0.40522096,0.51779425,0.4399124,0.54902107
fleet,H,word2vec_tiny_50_HYP,0.26212007,0.31829605,0.32659003,0.38893095,0.3534137,0.41292852
puddle,P,word2vec_tiny_50_HYP,0.32900026,0.41384163,0.47058105,0.61462635,0.5203035,0.652299
despair,P,word2vec_tiny_50_HYP,0.2381523,0.3126627,0.30169672,0.3898897,0.32966596,0.41521534
dirt,P,word2vec_tiny_50_HYP,0.3540419,0.46952927,0.45551145,0.57061553,0.496677,0.601167
pupil,H,word2vec_tiny_50_HYP,0.37431625,0.45384035,0.5030773,0.6207588,0.5459176,0.66086465
oasis,P,word2vec_tiny_50_HYP,0.34586972,0.4354749,0.46903047,0.6113492,0.5125059,0.6461269
silk,P,word2vec_tiny_50_HYP,0.3163385,0.42934477,0.3847122,0.48326916,0.41693947,0.5155455
pooch,M,word2vec_tiny_50_HYP,0.32134312,0.34348634,0.371426,0.41414458,0.3946109,0.43646532
smash,P,word2vec_tiny_50_HYP,0.40520543,0.5086025,0.479947,0.57513696,0.5094444,0.5931738
handsome,P,word2vec_tiny_50_HYP,0.45132962,0.5284896,0.5434999,0.6102771,0.5734486,0.62509364
drift,P,word2vec_tiny_50_HYP,0.34315905,0.4057793,0.42255574,0.45298052,0.4517939,0.4756069
slit,P,word2vec_tiny_50_HYP,0.19523634,0.24514616,0.25600252,0.31872106,0.28082007,0.33036894
obvious,P,word2vec_tiny_50_HYP,0.26898983,0.31194982,0.31643814,0.36989546,0.3368013,0.39139435
candle,P,word2vec_tiny_50_HYP,0.33707958,0.4795474,0.4479655,0.62231857,0.493656,0.6617296
chore,P,word2vec_tiny_50_HYP,0.32905388,0.39481473,0.4086821,0.44609755,0.43823966,0.45192617
ignore,M,word2vec_tiny_50_HYP,0.36752957,0.5033358,0.47460887,0.6136705,0.515165,0.60546094
regal,P,word2vec_tiny_50_HYP,0.19278514,0.2140311,0.21919389,0.22877957,0.23145,0.24797554
initial,P,word2vec_tiny_50_HYP,0.19667958,0.25408947,0.2489986,0.33401203,0.27773026,0.3711207
hunger,P,word2vec_tiny_50_HYP,0.29124677,0.38238227,0.3694869,0.46441582,0.40203655,0.4765781
caramel,P,word2vec_tiny_50_HYP,0.1894967,0.22685868,0.25792548,0.32186598,0.29900357,0.36421636
windmill,P,word2vec_tiny_50_HYP,0.35242254,0.4292389,0.41491136,0.49131045,0.43996862,0.51850665
usher,P,word2vec_tiny_50_HYP,0.18623514,0.22236519,0.21421216,0.24904907,0.22827713,0.2667274
roller,P,word2vec_tiny_50_HYP,0.36031726,0.44373447,0.44779235,0.5298274,0.48085535,0.5593118
captivity,P,word2vec_tiny_50_HYP,0.15572934,0.16644964,0.18214895,0.18860215,0.19507189,0.20618792
venom,P,word2vec_tiny_50_HYP,0.26873046,0.3686916,0.33597213,0.46526742,0.36822942,0.49338627
darn,H,word2vec_tiny_50_HYP,0.1908072,0.21045297,0.21997513,0.24711457,0.23193151,0.2563568
outdoor,M,word2vec_tiny_50_HYP,0.32728592,0.41922817,0.39990902,0.4968762,0.42970917,0.51230395
raft,H,word2vec_tiny_50_HYP,0.27377155,0.3796567,0.4079261,0.5543676,0.46346855,0.6195375
outlook,P,word2vec_tiny_50_HYP,0.21768,0.21563412,0.26184386,0.28723976,0.28387424,0.3082149
ketchup,M,word2vec_tiny_50_HYP,0.2679744,0.3290804,0.34429574,0.39290464,0.38226554,0.43560463
equation,P,word2vec_tiny_50_HYP,0.25586593,0.3246081,0.3205198,0.39809543,0.34584504,0.4192709
novel,H,word2vec_tiny_50_HYP,0.24636225,0.33644882,0.4178495,0.55673957,0.48187628,0.62041914
salad,P,word2vec_tiny_50_HYP,0.21173987,0.31058118,0.29853076,0.42661142,0.34933177,0.48180753
newspaper,P,word2vec_tiny_50_HYP,0.31047004,0.34718063,0.4323563,0.5579871,0.4864508,0.6249491
flask,P,word2vec_tiny_50_HYP,0.25535536,0.2630433,0.31101346,0.33753574,0.33616704,0.37053812
toothpaste,M,word2vec_tiny_50_HYP,0.2996954,0.40127838,0.39541548,0.5068704,0.42787877,0.52839494
nuisance,M,word2vec_tiny_50_HYP,0.280428,0.31270507,0.31981242,0.34282604,0.33763304,0.35471657
disagree,P,word2vec_tiny_50_HYP,0.38902214,0.52704287,0.537882,0.64130193,0.5778374,0.65078604
racehorse,M,word2vec_tiny_50_HYP,0.28338253,0.3101564,0.3322539,0.38281876,0.35034645,0.39584336
station,P,word2vec_tiny_50_HYP,0.32642618,0.43946302,0.4224611,0.5710301,0.47014263,0.61491585
entrance,H,word2vec_tiny_50_HYP,0.3693959,0.47879112,0.43643144,0.5269512,0.46496108,0.535046
signature,P,word2vec_tiny_50_HYP,0.2761846,0.35965714,0.34121487,0.45776832,0.36753795,0.47798702
bless,P,word2vec_tiny_50_HYP,0.43427318,0.5039493,0.5197309,0.5376918,0.5456741,0.5500871
hatch,H,word2vec_tiny_50_HYP,0.43792978,0.5304343,0.55321395,0.6642683,0.59239405,0.6749371
humorous,P,word2vec_tiny_50_HYP,0.19536236,0.21080464,0.22087637,0.24019258,0.23203446,0.2561375
manual,P,word2vec_tiny_50_HYP,0.24225123,0.31387368,0.28957754,0.37745202,0.31188893,0.3988656
session,P,word2vec_tiny_50_HYP,0.30051735,0.32464057,0.37196395,0.4233237,0.40352058,0.4652538
freak,H,word2vec_tiny_50_HYP,0.14009225,0.16108938,0.16676237,0.19497815,0.17850226,0.2112195
gum,H,word2vec_tiny_50_HYP,0.3565285,0.45389348,0.44023818,0.56261355,0.47646895,0.6113784
ignorant,P,word2vec_tiny_50_HYP,0.37970373,0.45152763,0.49401447,0.6291825,0.53986335,0.6684979
curse,P,word2vec_tiny_50_HYP,0.3137873,0.37720558,0.3850044,0.44342223,0.41510755,0.47032353
dungeon,M,word2vec_tiny_50_HYP,0.31309962,0.35063457,0.38490814,0.42542118,0.41233918,0.44623554
allergy,M,word2vec_tiny_50_HYP,0.2863227,0.32185113,0.3427407,0.37045765,0.36680222,0.39435142
watchman,M,word2vec_tiny_50_HYP,0.23372647,0.26420048,0.2772849,0.31930378,0.29552463,0.33477375
downstream,P,word2vec_tiny_50_HYP,0.23226047,0.3060331,0.31080976,0.41028926,0.34841406,0.45067495
brag,P,word2vec_tiny_50_HYP,0.36375785,0.43822524,0.44327718,0.44217974,0.47432268,0.46097308
theme,P,word2vec_tiny_50_HYP,0.33716083,0.38816088,0.40259472,0.46775338,0.43463296,0.5032696
election,P,word2vec_tiny_50_HYP,0.2173446,0.28824612,0.26110983,0.34128085,0.2804679,0.35848418
karate,M,word2vec_tiny_50_HYP,0.26492494,0.31533557,0.33604482,0.4041598,0.3661142,0.43791232
extension,P,word2vec_tiny_50_HYP,0.22345491,0.23003742,0.25504556,0.23574397,0.26860103,0.2404282
sky,P,word2vec_tiny_50_HYP,0.31980762,0.45506555,0.4369222,0.578036,0.48626763,0.6046698
pursue,P,word2vec_tiny_50_HYP,0.21237561,0.24960525,0.28434262,0.32130495,0.3136873,0.34537247
discover,P,word2vec_tiny_50_HYP,0.39460427,0.54479986,0.51637274,0.6441947,0.5566625,0.6368085
zip,H,word2vec_tiny_50_HYP,0.38811857,0.5238966,0.5052421,0.6407948,0.5420238,0.676891
dedication,P,word2vec_tiny_50_HYP,0.1954442,0.25085405,0.28234228,0.33496812,0.3190211,0.36788565
ownership,P,word2vec_tiny_50_HYP,0.23104873,0.24948844,0.27029628,0.31284717,0.2880666,0.3317051
crutch,P,word2vec_tiny_50_HYP,0.28409025,0.3212846,0.3413863,0.39850008,0.36798325,0.44042125
gross,P,word2vec_tiny_50_HYP,0.2777009,0.35701507,0.4110842,0.50584376,0.45914483,0.5324978
landlord,P,word2vec_tiny_50_HYP,0.16824512,0.17555127,0.19277383,0.20291078,0.20545483,0.21672474
behalf,P,word2vec_tiny_50_HYP,0.17606208,0.21080577,0.20492579,0.21844898,0.21723992,0.22587612
sorcerer,M,word2vec_tiny_50_HYP,0.23868784,0.3395134,0.2999944,0.39866757,0.3276456,0.42597833
fist,P,word2vec_tiny_50_HYP,0.3244381,0.36860305,0.39435512,0.4792082,0.4196393,0.507348
clubhouse,M,word2vec_tiny_50_HYP,0.3466512,0.39786652,0.4151431,0.45711577,0.43943033,0.46897295
coil,H,word2vec_tiny_50_HYP,0.31015044,0.4156497,0.37779278,0.48207608,0.40699187,0.51545477
godmother,M,word2vec_tiny_50_HYP,0.3058694,0.39072663,0.37543282,0.449333,0.40480766,0.4649502
bait,P,word2vec_tiny_50_HYP,0.35533708,0.46994254,0.46709183,0.56584007,0.50134057,0.5890967
activate,P,word2vec_tiny_50_HYP,0.27285805,0.3592088,0.33799753,0.44834852,0.36291587,0.4732708
difficult,P,word2vec_tiny_50_HYP,0.37893775,0.50154126,0.511948,0.59921896,0.5471082,0.56667763
tiara,P,word2vec_tiny_50_HYP,0.2840488,0.3825024,0.38102883,0.4851422,0.426058,0.5395076
bleed,P,word2vec_tiny_50_HYP,0.30866906,0.3856292,0.415816,0.5189747,0.45673177,0.5517425
valve,P,word2vec_tiny_50_HYP,0.27615535,0.36141786,0.35837314,0.4724362,0.3942901,0.51171756
express,P,word2vec_tiny_50_HYP,0.30766392,0.34434813,0.37638447,0.38420293,0.40464905,0.4093191
midnight,P,word2vec_tiny_50_HYP,0.3229438,0.374173,0.3720643,0.4042108,0.39287037,0.42678535
sudden,P,word2vec_tiny_50_HYP,0.47814012,0.52399254,0.5479261,0.56174475,0.5683773,0.55649036
taste,P,word2vec_tiny_50_HYP,0.30937392,0.39986098,0.38310528,0.42145243,0.4153759,0.43711728
tub,P,word2vec_tiny_50_HYP,0.30862442,0.41084564,0.44037217,0.5373388,0.4914647,0.57959
pencil,P,word2vec_tiny_50_HYP,0.2515921,0.34468737,0.38360843,0.5297261,0.44552445,0.60123193
blend,P,word2vec_tiny_50_HYP,0.37546426,0.40239516,0.44941112,0.49496934,0.48049304,0.53321326
survive,P,word2vec_tiny_50_HYP,0.3576984,0.4117193,0.42203984,0.46703213,0.4493847,0.48483643
tent,P,word2vec_tiny_50_HYP,0.3724863,0.50167406,0.4830115,0.6406496,0.52654135,0.6856523
polite,P,word2vec_tiny_50_HYP,0.28799576,0.3763939,0.45474797,0.59774953,0.5147667,0.6042665
shower,H,word2vec_tiny_50_HYP,0.35959393,0.46123856,0.47182438,0.5865671,0.5162298,0.6377421
scold,P,word2vec_tiny_50_HYP,0.40667996,0.512631,0.48611623,0.5857013,0.51417506,0.58515066
convenient,P,word2vec_tiny_50_HYP,0.11743587,0.1467127,0.14222792,0.17846453,0.15465607,0.1950721
tolerant,P,word2vec_tiny_50_HYP,0.17996353,0.20669514,0.22915614,0.25267273,0.2535311,0.27970728
pool,H,word2vec_tiny_50_HYP,0.29014722,0.36989403,0.42204437,0.55589914,0.47967786,0.61930496
hardship,P,word2vec_tiny_50_HYP,0.15518543,0.17508276,0.18206277,0.19971283,0.19492885,0.21570367
memento,M,word2vec_tiny_50_HYP,0.25646648,0.29379573,0.31032422,0.34677538,0.3314612,0.3509184
belief,P,word2vec_tiny_50_HYP,0.23313972,0.26451278,0.29558635,0.34138602,0.32309273,0.37602207
locksmith,M,word2vec_tiny_50_HYP,0.3168133,0.35871655,0.3703917,0.42734072,0.39295083,0.44125006
polar,P,word2vec_tiny_50_HYP,0.34636727,0.47745278,0.43960488,0.5659088,0.47941926,0.58487225
handful,P,word2vec_tiny_50_HYP,0.3739222,0.4425372,0.462387,0.5023499,0.4952034,0.52116835
picky,M,word2vec_tiny_50_HYP,0.36391848,0.39887956,0.42897633,0.45639786,0.45343667,0.4718852
rumble,P,word2vec_tiny_50_HYP,0.37304726,0.43122444,0.4590071,0.5193924,0.49123633,0.55529326
obey,P,word2vec_tiny_50_HYP,0.31375164,0.4397563,0.4176165,0.5118461,0.4546612,0.5210884
tofu,M,word2vec_tiny_50_HYP,0.27477032,0.2862209,0.31225073,0.29244953,0.33179593,0.37714458
stunt,H,word2vec_tiny_50_HYP,0.35940424,0.45967132,0.41910017,0.53028345,0.44473103,0.53108937
scream,P,word2vec_tiny_50_HYP,0.33401945,0.4676696,0.46048486,0.5817278,0.5083563,0.6090001
coaster,P,word2vec_tiny_50_HYP,0.31500265,0.4064508,0.4139444,0.4892623,0.45434242,0.52743596
cash,P,word2vec_tiny_50_HYP,0.26377517,0.33793187,0.35793895,0.458219,0.39768997,0.48895103
mode,H,word2vec_tiny_50_HYP,0.2888876,0.36035466,0.3681805,0.46993345,0.40204734,0.50096375
oblige,P,word2vec_tiny_50_HYP,0.32399082,0.383455,0.37193993,0.4199107,0.38973695,0.420207
swarm,H,word2vec_tiny_50_HYP,0.29648688,0.35823876,0.37359035,0.44650733,0.40724716,0.47754496
compete,P,word2vec_tiny_50_HYP,0.34740913,0.41768923,0.43540162,0.4963474,0.46578085,0.5148861
footprint,M,word2vec_tiny_50_HYP,0.343026,0.4176836,0.40497184,0.4583665,0.42585793,0.47552177
swell,P,word2vec_tiny_50_HYP,0.27538994,0.3108876,0.3413492,0.39882022,0.37297767,0.44151163
motor,P,word2vec_tiny_50_HYP,0.24826948,0.34693873,0.38874766,0.54547405,0.44136673,0.59341013
maze,P,word2vec_tiny_50_HYP,0.37830538,0.47634163,0.4991924,0.6369294,0.5453873,0.6667001
print,P,word2vec_tiny_50_HYP,0.3164796,0.41730195,0.44442445,0.55598104,0.49355018,0.6085171
patio,P,word2vec_tiny_50_HYP,0.33791134,0.43482816,0.3935818,0.49764374,0.41810542,0.5266332
oblivious,P,word2vec_tiny_50_HYP,0.23020723,0.257829,0.26474112,0.32093015,0.27899575,0.33629063
stump,P,word2vec_tiny_50_HYP,0.3008467,0.38943794,0.3763233,0.46040097,0.4073072,0.473273
downstairs,P,word2vec_tiny_50_HYP,0.4289786,0.5452676,0.5322286,0.59233254,0.56032467,0.5594363
lunchtime,M,word2vec_tiny_50_HYP,0.42866474,0.5155797,0.5248697,0.61206746,0.55806303,0.6141842
bird,P,word2vec_tiny_50_HYP,0.33810222,0.4330076,0.43106496,0.5688334,0.47820225,0.6048049
hitch,H,word2vec_tiny_50_HYP,0.20340648,0.19216476,0.233565,0.21914397,0.24626526,0.23122813
unfriendly,P,word2vec_tiny_50_HYP,0.26231873,0.31876433,0.3199017,0.39550045,0.34331557,0.4218035
tortoise,P,word2vec_tiny_50_HYP,0.31521899,0.36336312,0.37373006,0.40732646,0.39918888,0.42055997
tomb,P,word2vec_tiny_50_HYP,0.22265892,0.20932178,0.2586773,0.23869541,0.27246165,0.2500519
scarecrow,P,word2vec_tiny_50_HYP,0.40584272,0.4526081,0.49961802,0.6034678,0.5373976,0.6540974
flop,P,word2vec_tiny_50_HYP,0.3278915,0.405188,0.40524402,0.5013028,0.4370387,0.53687257
rooster,M,word2vec_tiny_50_HYP,0.303255,0.37612164,0.39543054,0.4921079,0.4466867,0.5460244
horror,P,word2vec_tiny_50_HYP,0.35160494,0.4152411,0.4319707,0.5071842,0.4609562,0.5252157
compassion,M,word2vec_tiny_50_HYP,0.2270482,0.27963498,0.30454063,0.36587888,0.3340499,0.38910067
confess,P,word2vec_tiny_50_HYP,0.16323455,0.17231493,0.1861034,0.19551072,0.19733724,0.2106971
newsstand,M,word2vec_tiny_50_HYP,0.16256818,0.19838887,0.19245504,0.23074976,0.20550238,0.24213086
tension,P,word2vec_tiny_50_HYP,0.22323875,0.29102856,0.2827443,0.3714731,0.30892006,0.40563592
homesick,M,word2vec_tiny_50_HYP,0.24449435,0.24742256,0.29197273,0.30209178,0.31184447,0.30731332
football,P,word2vec_tiny_50_HYP,0.28011066,0.4108721,0.4359391,0.59176505,0.49556047,0.64696956
poodle,M,word2vec_tiny_50_HYP,0.3554992,0.39159214,0.4258099,0.47933018,0.45132884,0.5058351
study,P,word2vec_tiny_50_HYP,0.3663419,0.5156375,0.47632954,0.6251825,0.5214556,0.64685607
explode,P,word2vec_tiny_50_HYP,0.3188029,0.38591367,0.4194975,0.49985927,0.4647427,0.5453916
distinct,P,word2vec_tiny_50_HYP,0.192158,0.22648521,0.23479132,0.25926286,0.25127047,0.27988425
crummy,P,word2vec_tiny_50_HYP,0.16844049,0.16491105,0.1929209,0.19945644,0.20436524,0.21445887
choice,P,word2vec_tiny_50_HYP,0.42461127,0.49991202,0.5107825,0.52305603,0.5372263,0.52040225
carnival,P,word2vec_tiny_50_HYP,0.3325052,0.4487281,0.40585068,0.5183179,0.4346651,0.5232286
slop,P,word2vec_tiny_50_HYP,0.2345633,0.31574422,0.30258927,0.38896915,0.33378235,0.40500215
secretary,P,word2vec_tiny_50_HYP,0.25285336,0.26264036,0.29460156,0.28817716,0.31254727,0.29765186
thump,P,word2vec_tiny_50_HYP,0.3415615,0.42058533,0.42967385,0.506226,0.46343863,0.5322709
vest,P,word2vec_tiny_50_HYP,0.20165968,0.29582053,0.37528026,0.53126824,0.44523948,0.6074962
fireplace,P,word2vec_tiny_50_HYP,0.3862231,0.5219718,0.48894978,0.63696516,0.535765,0.6813318
measure,P,word2vec_tiny_50_HYP,0.35948834,0.51200235,0.4899654,0.6363313,0.5319477,0.65972084
pyramid,P,word2vec_tiny_50_HYP,0.32989264,0.4263407,0.3851366,0.4663919,0.41101632,0.5097452
duck,H,word2vec_tiny_50_HYP,0.24981542,0.36849433,0.38272643,0.5354286,0.44330144,0.5990782
foot,P,word2vec_tiny_50_HYP,0.30855665,0.3986551,0.45967957,0.56934845,0.51088077,0.6163085
dictionary,P,word2vec_tiny_50_HYP,0.26455706,0.34938586,0.4127365,0.5467494,0.4742922,0.61418676
disguise,P,word2vec_tiny_50_HYP,0.41746503,0.46399948,0.48491493,0.5118271,0.5118814,0.53649133
butter,P,word2vec_tiny_50_HYP,0.21842924,0.31080067,0.32463294,0.4339061,0.3717532,0.46342218
horizon,P,word2vec_tiny_50_HYP,0.34690556,0.38934547,0.39920104,0.47289726,0.42758223,0.5050543
blaze,H,word2vec_tiny_50_HYP,0.37974802,0.45033914,0.4393845,0.51970136,0.46488398,0.5311471
student,P,word2vec_tiny_50_HYP,0.3070864,0.42004177,0.38662,0.47103322,0.41869286,0.48639894
build,P,word2vec_tiny_50_HYP,0.3560875,0.5069749,0.47783002,0.63320065,0.52998567,0.66699445
incident,P,word2vec_tiny_50_HYP,0.29774785,0.35099426,0.34560412,0.388988,0.36590722,0.405771
aside,P,word2vec_tiny_50_HYP,0.45162266,0.5465358,0.5206968,0.5995085,0.544721,0.6110462
unlikely,P,word2vec_tiny_50_HYP,0.26698217,0.28003192,0.3397789,0.35912147,0.3743699,0.3920791
picnic,P,word2vec_tiny_50_HYP,0.37192887,0.49270973,0.4914262,0.6073745,0.5348024,0.6358808
pasture,P,word2vec_tiny_50_HYP,0.2896097,0.37163192,0.3870322,0.46549517,0.42366254,0.50215286
group,P,word2vec_tiny_50_HYP,0.43009454,0.5605317,0.51615244,0.6188269,0.5453526,0.61613566
precious,P,word2vec_tiny_50_HYP,0.3784079,0.40805092,0.44329926,0.47777626,0.46622944,0.49574214
portal,P,word2vec_tiny_50_HYP,0.26234144,0.3256156,0.3561449,0.43818837,0.38867626,0.46911207
outdoors,P,word2vec_tiny_50_HYP,0.35425395,0.49567422,0.44443625,0.5079959,0.4784639,0.48313144
toil,H,word2vec_tiny_50_HYP,0.31201738,0.32365394,0.3553051,0.37100214,0.37574074,0.38774255
monitor,P,word2vec_tiny_50_HYP,0.29842952,0.37602293,0.35030612,0.42979366,0.36979184,0.44279018
dilemma,P,word2vec_tiny_50_HYP,0.24727297,0.33862373,0.28908077,0.38170537,0.3068179,0.40076086
gadget,M,word2vec_tiny_50_HYP,0.32721502,0.43135566,0.38754028,0.50046027,0.41248855,0.52622926
sample,P,word2vec_tiny_50_HYP,0.23578444,0.28691685,0.29622206,0.36268345,0.32702914,0.4113634
donation,P,word2vec_tiny_50_HYP,0.3076401,0.37878707,0.37882632,0.44076425,0.40996963,0.47137183
staple,H,word2vec_tiny_50_HYP,0.23517565,0.30749133,0.28901166,0.37462088,0.3139734,0.4027589
drain,P,word2vec_tiny_50_HYP,0.3252657,0.4501931,0.45369175,0.6100761,0.5057058,0.6584697
generator,P,word2vec_tiny_50_HYP,0.2748271,0.3695735,0.33428317,0.43113658,0.36322373,0.46421123
success,P,word2vec_tiny_50_HYP,0.35480008,0.37975717,0.4236813,0.44604415,0.44843778,0.45999184
witness,P,word2vec_tiny_50_HYP,0.2919528,0.3447229,0.343549,0.40376246,0.3693405,0.43304464
thumb,P,word2vec_tiny_50_HYP,0.3281613,0.42425615,0.45172635,0.6051743,0.49572915,0.6409035
velvet,P,word2vec_tiny_50_HYP,0.3385306,0.478895,0.44866124,0.6130263,0.4909964,0.63635725
stingy,P,word2vec_tiny_50_HYP,0.33299816,0.37378806,0.39479294,0.46684745,0.4245766,0.47935116
parade,P,word2vec_tiny_50_HYP,0.31266886,0.41925278,0.43958414,0.60329294,0.48951072,0.65211296
doghouse,M,word2vec_tiny_50_HYP,0.36304983,0.3898728,0.42847148,0.4833544,0.4557492,0.5105793
arise,P,word2vec_tiny_50_HYP,0.17179939,0.19969568,0.21542741,0.26372027,0.2388842,0.29318497
hairdo,M,word2vec_tiny_50_HYP,0.27645057,0.34341264,0.33235112,0.3571558,0.3541639,0.3611887
cook,P,word2vec_tiny_50_HYP,0.31077716,0.4130436,0.43717232,0.5422809,0.4853775,0.56727004
carpet,P,word2vec_tiny_50_HYP,0.31822762,0.4049926,0.45056218,0.58988106,0.50280243,0.6455127
highlight,P,word2vec_tiny_50_HYP,0.30750495,0.35498878,0.36074886,0.40343547,0.3828708,0.41593018
grizzly,P,word2vec_tiny_50_HYP,0.2865255,0.33449662,0.35952628,0.42235,0.38949835,0.450558
blank,P,word2vec_tiny_50_HYP,0.324869,0.36420342,0.41570798,0.50696343,0.45859653,0.5627341
dopey,P,word2vec_tiny_50_HYP,0.27500147,0.29644915,0.31138533,0.30004376,0.32784146,0.3116616
shaker,P,word2vec_tiny_50_HYP,0.35941792,0.41524518,0.44028625,0.48537168,0.47886315,0.51023406
phrase,P,word2vec_tiny_50_HYP,0.34794998,0.40679878,0.40811625,0.44913417,0.43070456,0.46377558
perfection,P,word2vec_tiny_50_HYP,0.26881188,0.29335475,0.33219606,0.35134614,0.36042827,0.40854684
shatter,P,word2vec_tiny_50_HYP,0.2617242,0.37170216,0.35801628,0.4717443,0.39219627,0.4921677
quarrel,P,word2vec_tiny_50_HYP,0.34690505,0.48313606,0.527291,0.6455941,0.5773381,0.6439108
dummy,P,word2vec_tiny_50_HYP,0.20337656,0.20320953,0.23617338,0.22036119,0.24894433,0.23332852
bridge,H,word2vec_tiny_50_HYP,0.34101805,0.45840415,0.46353766,0.6231609,0.50936776,0.6586876
grind,P,word2vec_tiny_50_HYP,0.2965881,0.36321867,0.3907616,0.44827348,0.42605972,0.4774885
puzzle,P,word2vec_tiny_50_HYP,0.37769526,0.48477027,0.46583214,0.5790946,0.50500137,0.6190168
skunk,P,word2vec_tiny_50_HYP,0.38819697,0.47658563,0.46717945,0.5574696,0.500171,0.5664384
compliment,P,word2vec_tiny_50_HYP,0.38612765,0.43252847,0.43896553,0.44346112,0.45892677,0.45668548
hoot,P,word2vec_tiny_50_HYP,0.29525882,0.34988725,0.43655562,0.4960826,0.4880838,0.5679463
pilot,P,word2vec_tiny_50_HYP,0.33243677,0.424331,0.46191722,0.62862283,0.5117209,0.6633388
harsh,P,word2vec_tiny_50_HYP,0.41367322,0.52660644,0.5205497,0.6176251,0.5543477,0.60692143
simple,P,word2vec_tiny_50_HYP,0.38207006,0.34178528,0.43530998,0.40136176,0.45404544,0.42590982
gel,P,word2vec_tiny_50_HYP,0.26257327,0.35562614,0.33558646,0.45982212,0.37490192,0.49714404
belly,P,word2vec_tiny_50_HYP,0.3807425,0.48496583,0.47249252,0.53439385,0.50843924,0.55389315
traffic,P,word2vec_tiny_50_HYP,0.3634307,0.44913292,0.45369136,0.5538148,0.4946984,0.5891562
rash,H,word2vec_tiny_50_HYP,0.26736507,0.34409988,0.35408726,0.44822282,0.3955306,0.492225
cross,P,word2vec_tiny_50_HYP,0.3951677,0.50411,0.5004564,0.6319017,0.53851485,0.6608351
style,P,word2vec_tiny_50_HYP,0.36747438,0.409568,0.45829886,0.56796515,0.49850106,0.6214038
pad,H,word2vec_tiny_50_HYP,0.47768387,0.51204103,0.5651843,0.6112868,0.59482366,0.6329136
oatmeal,P,word2vec_tiny_50_HYP,0.23773296,0.3151955,0.30223888,0.3622857,0.33329177,0.39231315
delight,P,word2vec_tiny_50_HYP,0.25379482,0.35000122,0.37717494,0.4787954,0.41282997,0.49130234
trapeze,M,word2vec_tiny_50_HYP,0.30294198,0.3740783,0.3744544,0.47049356,0.40223077,0.4869852
solemn,P,word2vec_tiny_50_HYP,0.2042932,0.2430881,0.23772797,0.285866,0.2506542,0.30122408
stomach,P,word2vec_tiny_50_HYP,0.36005804,0.4427832,0.47882408,0.55898553,0.52150035,0.5821837
feeble,P,word2vec_tiny_50_HYP,0.20328915,0.23595113,0.23574847,0.26309326,0.24813011,0.2722367
diaper,P,word2vec_tiny_50_HYP,0.380058,0.42675817,0.45575035,0.5115353,0.4839058,0.5446992
expertise,M,word2vec_tiny_50_HYP,0.19547172,0.23851734,0.2308659,0.2827703,0.24504894,0.29894814
army,P,word2vec_tiny_50_HYP,0.3421794,0.41728127,0.42875367,0.50307745,0.4665455,0.54648113
roadside,P,word2vec_tiny_50_HYP,0.29596657,0.35682037,0.3490553,0.41994867,0.37176096,0.4457841
tribe,P,word2vec_tiny_50_HYP,0.27075505,0.33470803,0.32594976,0.38218233,0.34907195,0.41241845
opinion,P,word2vec_tiny_50_HYP,0.4579733,0.59735334,0.54636323,0.6679437,0.57844704,0.65978694
float,P,word2vec_tiny_50_HYP,0.38211232,0.5190344,0.4962095,0.63279694,0.5371801,0.6615261
challenge,P,word2vec_tiny_50_HYP,0.3065533,0.38458747,0.37920463,0.45300576,0.410822,0.47470263
lonely,P,word2vec_tiny_50_HYP,0.3482682,0.42031878,0.49716675,0.62499636,0.5513054,0.65265703
bliss,P,word2vec_tiny_50_HYP,0.25377315,0.2890483,0.2991553,0.3356065,0.3208692,0.3682003
sauce,P,word2vec_tiny_50_HYP,0.2092727,0.30995268,0.31689438,0.4412373,0.36911568,0.4909273
contagious,P,word2vec_tiny_50_HYP,0.26488084,0.3154229,0.33549184,0.36815795,0.36406502,0.4041399
inventor,M,word2vec_tiny_50_HYP,0.2941162,0.37525123,0.3549085,0.41500786,0.37757728,0.4429559
tradition,P,word2vec_tiny_50_HYP,0.32247224,0.36408713,0.389261,0.4288105,0.414473,0.44278407
cheap,P,word2vec_tiny_50_HYP,0.36067942,0.5127213,0.47789493,0.6356975,0.5240833,0.6415004
fantastic,P,word2vec_tiny_50_HYP,0.32599804,0.43907806,0.42017773,0.48976845,0.44616127,0.49176592
delicious,P,word2vec_tiny_50_HYP,0.2689526,0.36854947,0.35113603,0.4226218,0.38442352,0.45867684
frail,H,word2vec_tiny_50_HYP,0.26894587,0.3126872,0.3197569,0.38702837,0.34075686,0.40971678
funnel,P,word2vec_tiny_50_HYP,0.26976147,0.37193716,0.34788322,0.4718517,0.38273513,0.5119899
immense,P,word2vec_tiny_50_HYP,0.22318216,0.2835141,0.28139967,0.35651234,0.30941713,0.38792953
hedge,P,word2vec_tiny_50_HYP,0.3503728,0.48955718,0.45265263,0.6077061,0.5015094,0.6614265
uncertain,P,word2vec_tiny_50_HYP,0.25493547,0.32941407,0.32627368,0.40847802,0.3527337,0.4345281
temptation,P,word2vec_tiny_50_HYP,0.32634214,0.4020091,0.39438096,0.45538446,0.4194371,0.4675212
jail,P,word2vec_tiny_50_HYP,0.4069763,0.52809393,0.5038262,0.6412783,0.5465366,0.67493993
spectacle,P,word2vec_tiny_50_HYP,0.29148284,0.36826256,0.33691445,0.3974452,0.3537079,0.41208774
depend,P,word2vec_tiny_50_HYP,0.4204176,0.4408657,0.5277744,0.4767624,0.55506235,0.4711537
diner,P,word2vec_tiny_50_HYP,0.28861356,0.3990226,0.362854,0.4362311,0.39013246,0.46505302
composer,M,word2vec_tiny_50_HYP,0.19077364,0.2064199,0.22498064,0.23960166,0.23686343,0.2444613
space,P,word2vec_tiny_50_HYP,0.40323132,0.4757828,0.5025458,0.6250355,0.54083025,0.66582716
hip,H,word2vec_tiny_50_HYP,0.3178504,0.3856385,0.38438174,0.48123392,0.4057499,0.48330522
fix,P,word2vec_tiny_50_HYP,0.3400344,0.49561492,0.48263535,0.6217923,0.5314977,0.63319725
persist,P,word2vec_tiny_50_HYP,0.1850911,0.20571785,0.23371519,0.24227312,0.25586957,0.26496804
postal,P,word2vec_tiny_50_HYP,0.27991548,0.34665707,0.3618818,0.44028026,0.39245072,0.46548882
outrun,P,word2vec_tiny_50_HYP,0.30755815,0.32265946,0.3704087,0.40745068,0.39686325,0.43964618
serve,P,word2vec_tiny_50_HYP,0.35214064,0.47847122,0.49254727,0.65892255,0.542456,0.69233936
range,P,word2vec_tiny_50_HYP,0.3527922,0.42690963,0.41416252,0.49369824,0.44027406,0.51368904
foolish,P,word2vec_tiny_50_HYP,0.30793688,0.40721878,0.45615062,0.5995062,0.5090869,0.6158427
dresser,H,word2vec_tiny_50_HYP,0.3661409,0.49161294,0.4661515,0.6252339,0.505907,0.6534911
vandalism,M,word2vec_tiny_50_HYP,0.15199938,0.1743891,0.18286924,0.20289396,0.19789872,0.21740615
explosive,P,word2vec_tiny_50_HYP,0.28610528,0.3616772,0.34335357,0.40567982,0.3643956,0.41308385
client,P,word2vec_tiny_50_HYP,0.2962378,0.35011634,0.36883986,0.42474005,0.39976665,0.46375018
thrive,P,word2vec_tiny_50_HYP,0.2432209,0.3263088,0.32168043,0.42981508,0.3541102,0.4547542
blah,P,word2vec_tiny_50_HYP,0.24615106,0.3073309,0.31389987,0.40300345,0.34767842,0.45006144
compromise,P,word2vec_tiny_50_HYP,0.35806492,0.41515556,0.4399685,0.47630957,0.4687396,0.49523827
cucumber,P,word2vec_tiny_50_HYP,0.25709945,0.3222711,0.34761202,0.40744147,0.38589713,0.44095942
illness,P,word2vec_tiny_50_HYP,0.22743443,0.3058998,0.3094106,0.38641188,0.3407789,0.41010353
calcium,P,word2vec_tiny_50_HYP,0.22852525,0.29913577,0.308842,0.3796218,0.33878958,0.4232726
iceberg,P,word2vec_tiny_50_HYP,0.2895973,0.35099578,0.35801396,0.4399343,0.38974872,0.47145063
arm,H,word2vec_tiny_50_HYP,0.28903118,0.3686254,0.41702002,0.53137606,0.46441132,0.5769986
vanishing,P,word2vec_tiny_50_HYP,0.36263293,0.4615056,0.44795993,0.51268274,0.473814,0.5207615
shudder,P,word2vec_tiny_50_HYP,0.20772281,0.27655968,0.265307,0.35812077,0.2883635,0.3752237
arcade,P,word2vec_tiny_50_HYP,0.272955,0.25265315,0.31011933,0.26703575,0.3257579,0.28345492
mission,P,word2vec_tiny_50_HYP,0.35274276,0.44158232,0.42580563,0.48794967,0.452311,0.50310373
uneasy,P,word2vec_tiny_50_HYP,0.25856867,0.33236685,0.33129796,0.4040355,0.36296073,0.43918368
anxiety,P,word2vec_tiny_50_HYP,0.21140754,0.2734716,0.28392136,0.35824686,0.31370112,0.39892837
savior,P,word2vec_tiny_50_HYP,0.1598207,0.16872257,0.18360756,0.19499603,0.194573,0.21113023
muddy,P,word2vec_tiny_50_HYP,0.3557305,0.4674192,0.49929535,0.62018454,0.5418977,0.6334763
thunder,P,word2vec_tiny_50_HYP,0.304224,0.41561958,0.42248666,0.51135886,0.47033706,0.5422433
pose,H,word2vec_tiny_50_HYP,0.3973335,0.4498701,0.48633873,0.5336988,0.5177874,0.5424341
bounce,P,word2vec_tiny_50_HYP,0.32175264,0.46924165,0.48245677,0.65780675,0.5367589,0.6959846
total,P,word2vec_tiny_50_HYP,0.3700016,0.40255624,0.4441996,0.49409074,0.47979555,0.5551688
lesson,P,word2vec_tiny_50_HYP,0.4198532,0.4287117,0.48625606,0.42965478,0.50821924,0.43995783
judge,P,word2vec_tiny_50_HYP,0.42296237,0.5232681,0.5024514,0.5512036,0.5295845,0.5350092
female,P,word2vec_tiny_50_HYP,0.3181461,0.41523632,0.39971855,0.50121605,0.43057564,0.522401
scrapbook,M,word2vec_tiny_50_HYP,0.23143235,0.27104422,0.27614602,0.33416134,0.29580298,0.33718055
pistol,P,word2vec_tiny_50_HYP,0.26347452,0.3606273,0.40396008,0.5680377,0.46284,0.6308464
hamster,M,word2vec_tiny_50_HYP,0.38219655,0.4583226,0.45107707,0.5189802,0.4838584,0.54731244
dissolve,P,word2vec_tiny_50_HYP,0.22130561,0.30572832,0.28192952,0.36929438,0.3153932,0.41387558
chick,P,word2vec_tiny_50_HYP,0.26257282,0.31921536,0.38161126,0.5132899,0.4451998,0.58375996
squash,H,word2vec_tiny_50_HYP,0.19629177,0.2730404,0.3500402,0.4844455,0.4194066,0.56107813
amusement,P,word2vec_tiny_50_HYP,0.34604105,0.40621078,0.39381254,0.43255654,0.41677803,0.4583441
gazelle,M,word2vec_tiny_50_HYP,0.27619126,0.31404188,0.3385803,0.4013071,0.36468926,0.43168804
pile,H,word2vec_tiny_50_HYP,0.39942235,0.540271,0.5005383,0.6259204,0.5384258,0.6534644
loser,P,word2vec_tiny_50_HYP,0.33941704,0.39858922,0.4407276,0.476787,0.47173592,0.5035993
boast,P,word2vec_tiny_50_HYP,0.26025406,0.27334222,0.34076008,0.34119454,0.37267998,0.37017274
clasp,P,word2vec_tiny_50_HYP,0.27048165,0.39127702,0.3438411,0.47465074,0.37958267,0.5094477
permission,P,word2vec_tiny_50_HYP,0.37783712,0.46823502,0.46817172,0.5208242,0.49535394,0.5079606
lover,P,word2vec_tiny_50_HYP,0.35125393,0.38229048,0.39854184,0.43239692,0.4171354,0.42883492
starter,P,word2vec_tiny_50_HYP,0.31607968,0.325731,0.3685081,0.4002834,0.39150655,0.42160812
pro,H,word2vec_tiny_50_HYP,0.36690536,0.42348683,0.45588818,0.49253175,0.49070397,0.51855296
sleeper,P,word2vec_tiny_50_HYP,0.24382763,0.22382961,0.27983138,0.23935701,0.29479957,0.25783363
poverty,P,word2vec_tiny_50_HYP,0.1883704,0.22604543,0.23531309,0.2795098,0.25584474,0.30086935
random,P,word2vec_tiny_50_HYP,0.31977823,0.3835688,0.38324946,0.46954888,0.4098556,0.49655604
chorus,P,word2vec_tiny_50_HYP,0.2859714,0.33222252,0.38124144,0.46545294,0.4199445,0.5121585
indoor,M,word2vec_tiny_50_HYP,0.37518612,0.41344833,0.45538667,0.5095013,0.4831854,0.5139059
projector,M,word2vec_tiny_50_HYP,0.35128158,0.45838955,0.4260135,0.5517007,0.4556009,0.56160647
staff,H,word2vec_tiny_50_HYP,0.35455218,0.43323544,0.47201976,0.6097184,0.5130326,0.64496505
unattended,M,word2vec_tiny_50_HYP,0.32514608,0.30789393,0.38029823,0.33830798,0.4045662,0.35647833
torch,P,word2vec_tiny_50_HYP,0.35120437,0.42597064,0.40917665,0.47193775,0.43386,0.47838452
smug,M,word2vec_tiny_50_HYP,0.34549695,0.35590032,0.40632054,0.44658965,0.43445083,0.48174086
official,P,word2vec_tiny_50_HYP,0.26333755,0.35051087,0.3209535,0.41604385,0.3468396,0.43788922
gown,P,word2vec_tiny_50_HYP,0.29154617,0.3211731,0.38481295,0.47042617,0.4268792,0.5287496
plunge,P,word2vec_tiny_50_HYP,0.33153042,0.39572552,0.3980106,0.46440396,0.42630607,0.48527247
coach,P,word2vec_tiny_50_HYP,0.39515844,0.4812264,0.4808385,0.54152465,0.5111229,0.5422623
rude,P,word2vec_tiny_50_HYP,0.32120186,0.457216,0.4490718,0.60230124,0.50262403,0.6206678
church,P,word2vec_tiny_50_HYP,0.3152873,0.39775535,0.4424285,0.59781057,0.49736258,0.66338205
assignment,P,word2vec_tiny_50_HYP,0.26078326,0.33145958,0.31192145,0.39508605,0.33652356,0.42326352
ominous,P,word2vec_tiny_50_HYP,0.20947346,0.2886133,0.26663503,0.37388384,0.29632327,0.4056991
rock,H,word2vec_tiny_50_HYP,0.3344098,0.4315051,0.45414802,0.6006629,0.49993545,0.65426457
strawberry,P,word2vec_tiny_50_HYP,0.24219656,0.2988504,0.36112714,0.46706176,0.4161132,0.51178724
attendant,P,word2vec_tiny_50_HYP,0.31410187,0.38298738,0.38658413,0.43518183,0.41175723,0.44419125
invitation,P,word2vec_tiny_50_HYP,0.37837073,0.48390466,0.49876156,0.625503,0.54337656,0.6562502
gossip,P,word2vec_tiny_50_HYP,0.17728859,0.17833832,0.20136763,0.21513674,0.21322067,0.22733362
gloss,H,word2vec_tiny_50_HYP,0.309405,0.385328,0.37337208,0.44890162,0.4038269,0.47312495
rot,P,word2vec_tiny_50_HYP,0.39418536,0.5147888,0.50878036,0.61850685,0.54843646,0.6223559
possess,P,word2vec_tiny_50_HYP,0.18130523,0.22811526,0.22091278,0.271877,0.24137817,0.30318502
lottery,P,word2vec_tiny_50_HYP,0.31414533,0.36197844,0.37291592,0.44156304,0.39739358,0.4655835
invaluable,M,word2vec_tiny_50_HYP,0.1422238,0.1574621,0.17345035,0.20690845,0.19255202,0.23254436
jiffy,M,word2vec_tiny_50_HYP,0.31116477,0.37721002,0.35832718,0.40436247,0.37711534,0.41347235
hermit,P,word2vec_tiny_50_HYP,0.32329598,0.4000148,0.4024308,0.48109302,0.44216782,0.5135385
token,P,word2vec_tiny_50_HYP,0.2790839,0.3576784,0.34544864,0.4090749,0.3743377,0.43119684
telephone,P,word2vec_tiny_50_HYP,0.31822485,0.41666594,0.43228203,0.5641566,0.4860691,0.63234234
complain,P,word2vec_tiny_50_HYP,0.38575327,0.5279726,0.5196218,0.67644167,0.559045,0.6782448
atop,P,word2vec_tiny_50_HYP,0.3414335,0.41599944,0.4209319,0.48038876,0.45298254,0.49784794
orphan,P,word2vec_tiny_50_HYP,0.2896989,0.30595958,0.33102378,0.3318076,0.3455331,0.35590512
harp,P,word2vec_tiny_50_HYP,0.2981272,0.34139943,0.37686977,0.4518689,0.41307464,0.48625576
folly,P,word2vec_tiny_50_HYP,0.33295494,0.3748203,0.40137085,0.48365948,0.4380988,0.52830476
joke,P,word2vec_tiny_50_HYP,0.40734133,0.54095757,0.50630546,0.62409216,0.5393716,0.61480194
bald,P,word2vec_tiny_50_HYP,0.34542713,0.4716677,0.47597533,0.62352395,0.5208654,0.6424897
fuzzy,P,word2vec_tiny_50_HYP,0.34308705,0.43347332,0.41876087,0.51966935,0.45027325,0.5544455
sword,P,word2vec_tiny_50_HYP,0.28306073,0.4306447,0.4083131,0.5743959,0.45854476,0.61794376
paperwork,M,word2vec_tiny_50_HYP,0.2830902,0.35622948,0.34133962,0.4093375,0.3620584,0.4362002
library,P,word2vec_tiny_50_HYP,0.32293645,0.4757282,0.43227986,0.60062116,0.48248658,0.63554513
third,P,word2vec_tiny_50_HYP,0.4681304,0.5182076,0.5613933,0.6300409,0.5951023,0.65610725
nightfall,M,word2vec_tiny_50_HYP,0.3317489,0.41170788,0.4094347,0.4709064,0.4338813,0.494542
sprinkle,P,word2vec_tiny_50_HYP,0.35183984,0.37336755,0.42070675,0.44269258,0.45043832,0.4832258
unfamiliar,P,word2vec_tiny_50_HYP,0.3324031,0.39672792,0.40464202,0.45000976,0.4340571,0.4819521
ferret,P,word2vec_tiny_50_HYP,0.30186772,0.33818436,0.35276648,0.4108782,0.3757422,0.4373615
complaint,P,word2vec_tiny_50_HYP,0.27179557,0.3506739,0.3152597,0.389027,0.3350122,0.40680054
inch,P,word2vec_tiny_50_HYP,0.44007936,0.47373572,0.53012186,0.61601025,0.5612919,0.65535605
banker,H,word2vec_tiny_50_HYP,0.22058538,0.22132833,0.2547337,0.251894,0.2674114,0.26482177
convince,M,word2vec_tiny_50_HYP,0.29675245,0.32907715,0.40655655,0.46733692,0.44981328,0.49469247
peasant,P,word2vec_tiny_50_HYP,0.26208487,0.32413432,0.31788886,0.4043686,0.3397793,0.4258812
fiery,P,word2vec_tiny_50_HYP,0.3345385,0.34979156,0.4094448,0.4439668,0.44291833,0.4731192
entire,P,word2vec_tiny_50_HYP,0.37956947,0.42402005,0.45027763,0.50106233,0.4746305,0.51999354
file,H,word2vec_tiny_50_HYP,0.27656204,0.34000587,0.39578193,0.5468911,0.45134628,0.6113088
admiration,P,word2vec_tiny_50_HYP,0.29937273,0.3992694,0.36899853,0.43846616,0.39921662,0.4617279
awake,P,word2vec_tiny_50_HYP,0.4051148,0.45526254,0.49984264,0.5353736,0.5326537,0.54967713
toast,H,word2vec_tiny_50_HYP,0.212153,0.27575427,0.342339,0.43766552,0.4030774,0.49072677
reaction,P,word2vec_tiny_50_HYP,0.36466402,0.43799233,0.42006728,0.4705236,0.44155994,0.4833576
quest,P,word2vec_tiny_50_HYP,0.33800238,0.4344016,0.43407968,0.49588042,0.465033,0.5159224
common,P,word2vec_tiny_50_HYP,0.45074862,0.4391339,0.52427095,0.49624252,0.5500423,0.5187633
fluff,P,word2vec_tiny_50_HYP,0.36406332,0.46011356,0.46397942,0.57751346,0.4991177,0.60846263
rich,P,word2vec_tiny_50_HYP,0.3494053,0.48993552,0.4713883,0.60867816,0.51401085,0.60337704
aroma,P,word2vec_tiny_50_HYP,0.27286914,0.3063055,0.35442102,0.36882752,0.39008278,0.4040152
model,P,word2vec_tiny_50_HYP,0.39445043,0.49099705,0.48869193,0.6077528,0.5276723,0.6505723
social,P,word2vec_tiny_50_HYP,0.26314205,0.28666145,0.31184685,0.3183185,0.33512306,0.34220132
unsolved,M,word2vec_tiny_50_HYP,0.3121439,0.38144878,0.37201527,0.42123663,0.3985656,0.43923604
pregnant,P,word2vec_tiny_50_HYP,0.19926064,0.19605893,0.22498351,0.22123213,0.23860149,0.23658745
disturb,P,word2vec_tiny_50_HYP,0.37194353,0.4968592,0.50230646,0.61698467,0.5472548,0.61104846
peel,H,word2vec_tiny_50_HYP,0.40350327,0.4034514,0.49112666,0.49235675,0.52165693,0.5505709
puff,P,word2vec_tiny_50_HYP,0.4124961,0.44907242,0.47812733,0.5057977,0.50542825,0.5440967
heartache,M,word2vec_tiny_50_HYP,0.17806342,0.22151299,0.22532652,0.2976241,0.24540794,0.31711736
brain,P,word2vec_tiny_50_HYP,0.41887492,0.5680017,0.5177218,0.66655064,0.55077004,0.6706626
cigarette,M,word2vec_tiny_50_HYP,0.31809697,0.43232316,0.4073559,0.52008057,0.4407515,0.5489965
grief,P,word2vec_tiny_50_HYP,0.20791349,0.27237567,0.26454404,0.3445569,0.2934506,0.37675536
bungalow,M,word2vec_tiny_50_HYP,0.23119552,0.22335282,0.26244846,0.24337447,0.27518618,0.25564426
union,P,word2vec_tiny_50_HYP,0.21694696,0.2875325,0.2643572,0.32494423,0.2831686,0.33203092
bathe,P,word2vec_tiny_50_HYP,0.35744843,0.488165,0.48067856,0.5843186,0.5247501,0.5966083
bribe,P,word2vec_tiny_50_HYP,0.17446375,0.17115757,0.20247693,0.20326279,0.21393563,0.21785918
uncharted,M,word2vec_tiny_50_HYP,0.24604592,0.3240867,0.3077983,0.42155185,0.33709022,0.44538662
avoid,P,word2vec_tiny_50_HYP,0.40684548,0.48864716,0.4879104,0.5388255,0.5153514,0.5413931
sweetie,M,word2vec_tiny_50_HYP,0.37594858,0.45332944,0.47975436,0.4715238,0.5093749,0.46715546
greed,M,word2vec_tiny_50_HYP,0.21882586,0.2716769,0.3033119,0.35279226,0.33788085,0.38579574
short,P,word2vec_tiny_50_HYP,0.46453172,0.52642256,0.54910135,0.6190212,0.5783851,0.63396263
trailer,P,word2vec_tiny_50_HYP,0.37112665,0.4441729,0.45278704,0.5544472,0.4889961,0.592012
negative,P,word2vec_tiny_50_HYP,0.19202821,0.24955414,0.2501288,0.3209683,0.27746692,0.3498772
sonar,P,word2vec_tiny_50_HYP,0.21982452,0.229465,0.25747344,0.23842715,0.27410465,0.2522789
bicycle,P,word2vec_tiny_50_HYP,0.23927231,0.35475114,0.40102962,0.56328046,0.46900216,0.62211347
circular,P,word2vec_tiny_50_HYP,0.29784968,0.38457245,0.34947452,0.45279878,0.3743338,0.48026553
criminal,P,word2vec_tiny_50_HYP,0.22864719,0.30467716,0.2879605,0.36610878,0.31233975,0.3901097
creature,P,word2vec_tiny_50_HYP,0.31863135,0.38036424,0.38283977,0.45338488,0.40545854,0.46067202
farmhouse,M,word2vec_tiny_50_HYP,0.30505204,0.38260832,0.37843776,0.4470685,0.40521544,0.46081987
heaven,P,word2vec_tiny_50_HYP,0.464188,0.44634208,0.51680446,0.4705104,0.5340006,0.43621084
persistent,P,word2vec_tiny_50_HYP,0.3849822,0.46848625,0.5019585,0.61863416,0.55129004,0.6531959
chap,H,word2vec_tiny_50_HYP,0.22876143,0.32621366,0.263132,0.36046177,0.27889696,0.37905106
avocado,P,word2vec_tiny_50_HYP,0.20912465,0.27083218,0.34431502,0.44721547,0.41457862,0.52946573
sneak,P,word2vec_tiny_50_HYP,0.44709554,0.57509416,0.5718553,0.6689419,0.6048822,0.6564094
organ,P,word2vec_tiny_50_HYP,0.3336947,0.38435367,0.40184757,0.4894088,0.43078354,0.5339812
urgency,P,word2vec_tiny_50_HYP,0.18531731,0.23710836,0.21459939,0.26162457,0.2271873,0.27339774
playmate,M,word2vec_tiny_50_HYP,0.39997506,0.45187375,0.4651079,0.43968588,0.48588157,0.43930513
voice,P,word2vec_tiny_50_HYP,0.33419362,0.4131459,0.43691632,0.46794742,0.4734651,0.492906
jumpy,P,word2vec_tiny_50_HYP,0.27907977,0.32557613,0.3813231,0.44939703,0.42668474,0.5114181
memory,P,word2vec_tiny_50_HYP,0.38573802,0.42703164,0.4602349,0.4459288,0.48219955,0.43974432
lumber,H,word2vec_tiny_50_HYP,0.33085078,0.4717685,0.44349715,0.6093354,0.49053127,0.64965165
gunshot,P,word2vec_tiny_50_HYP,0.19804426,0.24326693,0.26494378,0.34650242,0.29884484,0.39144608
famous,P,word2vec_tiny_50_HYP,0.30000448,0.36685756,0.44550937,0.5675104,0.5097363,0.6438085
dialogue,P,word2vec_tiny_50_HYP,0.24553737,0.29329807,0.32317626,0.36094883,0.35564262,0.38690478
speck,P,word2vec_tiny_50_HYP,0.31745374,0.3536463,0.38477445,0.43642277,0.4144288,0.46254238
pickle,P,word2vec_tiny_50_HYP,0.26515257,0.26407817,0.32378423,0.34294638,0.3545481,0.38918057
unhappy,P,word2vec_tiny_50_HYP,0.38904124,0.49679473,0.49268556,0.6109033,0.5318904,0.62098724
lid,P,word2vec_tiny_50_HYP,0.38321972,0.49322847,0.47153783,0.605023,0.5112047,0.6474953
tropical,P,word2vec_tiny_50_HYP,0.31951952,0.37276638,0.38926345,0.4779519,0.41529092,0.5085529
balcony,P,word2vec_tiny_50_HYP,0.38394088,0.5058659,0.47587952,0.5662418,0.50756997,0.5769002
canvas,P,word2vec_tiny_50_HYP,0.28546724,0.3484057,0.38317597,0.4782799,0.4263296,0.5248282
bearer,P,word2vec_tiny_50_HYP,0.3185753,0.30347642,0.36265287,0.32492563,0.3790345,0.33535665
baseball,P,word2vec_tiny_50_HYP,0.28520256,0.40784967,0.43711188,0.5926577,0.49565917,0.64091223
growth,P,word2vec_tiny_50_HYP,0.26873124,0.27133557,0.32582232,0.33116508,0.3554506,0.3736183
putter,H,word2vec_tiny_50_HYP,0.31157804,0.35785446,0.37785685,0.43524826,0.4095188,0.4755671
thirst,P,word2vec_tiny_50_HYP,0.3072063,0.3578185,0.40128928,0.45259488,0.43165356,0.4796212
instant,P,word2vec_tiny_50_HYP,0.34519747,0.38052213,0.39649245,0.43218008,0.4188475,0.44452393
esteem,P,word2vec_tiny_50_HYP,0.18875572,0.2092035,0.21499129,0.2315103,0.22693573,0.24270928
crown,P,word2vec_tiny_50_HYP,0.30582577,0.42811474,0.42455482,0.5777667,0.4804951,0.6221785
gold,P,word2vec_tiny_50_HYP,0.2818249,0.36357787,0.44352508,0.58964735,0.5021949,0.6344445
insurance,P,word2vec_tiny_50_HYP,0.24350218,0.244353,0.2794642,0.25721133,0.2932077,0.27010506
merchant,P,word2vec_tiny_50_HYP,0.26801208,0.33825642,0.31329283,0.40982115,0.33291268,0.42203495
cavern,P,word2vec_tiny_50_HYP,0.2592827,0.32553273,0.30923387,0.3728174,0.3286477,0.38895768
riddle,H,word2vec_tiny_50_HYP,0.35596082,0.44093868,0.42634216,0.50394624,0.45487633,0.5299832
structure,P,word2vec_tiny_50_HYP,0.30589813,0.44514346,0.4269096,0.60315067,0.4831407,0.65586174
double,P,word2vec_tiny_50_HYP,0.38733828,0.4199794,0.43740207,0.47484818,0.456078,0.47394863
copy,P,word2vec_tiny_50_HYP,0.38447353,0.44979912,0.47732422,0.5550638,0.5081703,0.5795613
error,P,word2vec_tiny_50_HYP,0.2835487,0.35414085,0.35764667,0.46968243,0.38752013,0.50848997
crab,H,word2vec_tiny_50_HYP,0.21864405,0.26614097,0.35807824,0.47593692,0.42930144,0.55393124
rental,P,word2vec_tiny_50_HYP,0.23876587,0.2806578,0.2786564,0.31851405,0.29640293,0.32346237
ghost,P,word2vec_tiny_50_HYP,0.39466077,0.5320217,0.5078074,0.64960027,0.5443077,0.65279806
filter,P,word2vec_tiny_50_HYP,0.262564,0.29845256,0.3318702,0.42174286,0.3655652,0.4597421
gasp,P,word2vec_tiny_50_HYP,0.42891073,0.50858784,0.49673104,0.5931444,0.52729684,0.6120626
festive,P,word2vec_tiny_50_HYP,0.37913913,0.43005523,0.44898808,0.5141292,0.482089,0.54874563
faithful,P,word2vec_tiny_50_HYP,0.2830502,0.34909695,0.3545039,0.3968923,0.38043663,0.41646314
upper,P,word2vec_tiny_50_HYP,0.30424273,0.38297233,0.35581267,0.44438925,0.3781232,0.46745563
slip,H,word2vec_tiny_50_HYP,0.38648495,0.52892244,0.51091284,0.65662783,0.5544609,0.6608094
milk,P,word2vec_tiny_50_HYP,0.2902791,0.3440274,0.39369756,0.46951422,0.4379512,0.48583305
album,P,word2vec_tiny_50_HYP,0.34638858,0.42872322,0.4345793,0.5356806,0.4732814,0.56707716
criticize,P,word2vec_tiny_50_HYP,0.14593264,0.17269672,0.18564238,0.21264924,0.20444657,0.22334455
tingle,P,word2vec_tiny_50_HYP,0.27879804,0.37098983,0.36026227,0.45569327,0.39568025,0.49386132
cheese,P,word2vec_tiny_50_HYP,0.24959847,0.29879743,0.35697913,0.4420758,0.40937698,0.49840963
vampire,P,word2vec_tiny_50_HYP,0.35486072,0.4346125,0.4142801,0.48304576,0.4354361,0.49284613
gymnastics,P,word2vec_tiny_50_HYP,0.23825534,0.3142807,0.2975925,0.36716196,0.32375032,0.3951104
autumn,M,word2vec_tiny_50_HYP,0.32435036,0.40586066,0.41728365,0.50609666,0.46005058,0.547093
noisy,P,word2vec_tiny_50_HYP,0.4092744,0.5053105,0.50302255,0.64656067,0.5406959,0.6878033
tower,H,word2vec_tiny_50_HYP,0.30682927,0.44023496,0.44796947,0.6029043,0.50539726,0.648177
fingernail,M,word2vec_tiny_50_HYP,0.21687958,0.23659706,0.2495378,0.27660775,0.26448864,0.28722227
humility,M,word2vec_tiny_50_HYP,0.1716243,0.22266614,0.22424778,0.30554047,0.25204617,0.3376818
cave,P,word2vec_tiny_50_HYP,0.34307066,0.4701436,0.4510075,0.60049325,0.49524638,0.61022747
magazine,P,word2vec_tiny_50_HYP,0.24542698,0.33854973,0.38959077,0.53602093,0.4553109,0.61091167
brat,M,word2vec_tiny_50_HYP,0.30002347,0.35976312,0.41367817,0.48840484,0.44874653,0.50231546
crush,P,word2vec_tiny_50_HYP,0.4064098,0.49323022,0.4647125,0.5263324,0.48334494,0.53115803
fatal,P,word2vec_tiny_50_HYP,0.16251996,0.1962196,0.19580868,0.2317835,0.21081619,0.24665335
aggression,P,word2vec_tiny_50_HYP,0.17387491,0.20624432,0.20520553,0.23688138,0.21856362,0.24889438
leg,P,word2vec_tiny_50_HYP,0.2635095,0.35313594,0.40177214,0.5172217,0.46116203,0.55810094
arena,P,word2vec_tiny_50_HYP,0.30956608,0.3556575,0.34871688,0.38249537,0.3658564,0.39110285
attentive,P,word2vec_tiny_50_HYP,0.23841973,0.27094832,0.30404174,0.31921765,0.33449,0.347625
trail,P,word2vec_tiny_50_HYP,0.37983724,0.47621003,0.50474787,0.63867646,0.54988307,0.6590013
ferocious,P,word2vec_tiny_50_HYP,0.195995,0.26497707,0.26935178,0.36621705,0.30601853,0.41180277
silverware,P,word2vec_tiny_50_HYP,0.3283351,0.37785295,0.40345722,0.46536967,0.43575984,0.49621278
gateway,P,word2vec_tiny_50_HYP,0.2591508,0.3282687,0.31319958,0.36145863,0.3353349,0.37941626
arrogance,P,word2vec_tiny_50_HYP,0.1424563,0.17396854,0.17409728,0.21091084,0.18797368,0.22348559
unwind,P,word2vec_tiny_50_HYP,0.30534238,0.35898858,0.38779813,0.42769745,0.41511863,0.43902275
coronation,M,word2vec_tiny_50_HYP,0.23796324,0.31821015,0.2961885,0.37444842,0.31608653,0.38626835
sand,P,word2vec_tiny_50_HYP,0.3035504,0.4173487,0.43819278,0.5858979,0.4950671,0.63462585
purchase,P,word2vec_tiny_50_HYP,0.3013504,0.37567252,0.36449367,0.44124228,0.3880574,0.45179883
tan,P,word2vec_tiny_50_HYP,0.31690946,0.37096635,0.3725828,0.43144894,0.3928277,0.44794595
flinch,P,word2vec_tiny_50_HYP,0.23075637,0.22259277,0.27010652,0.26204318,0.28753597,0.28745908
tangle,P,word2vec_tiny_50_HYP,0.2912216,0.35339698,0.3611569,0.4658168,0.3917882,0.49622953
housework,M,word2vec_tiny_50_HYP,0.35041082,0.44234312,0.41755626,0.46557823,0.44085294,0.46715587
hover,P,word2vec_tiny_50_HYP,0.31608778,0.34780076,0.3810636,0.44742906,0.41162398,0.4859077
snoop,P,word2vec_tiny_50_HYP,0.3703425,0.4403121,0.44342503,0.47244164,0.4701479,0.49663305
slam,H,word2vec_tiny_50_HYP,0.3770751,0.4543171,0.4783948,0.5728752,0.51144105,0.5926345
relentless,P,word2vec_tiny_50_HYP,0.24610725,0.30865476,0.27840203,0.34173137,0.29366595,0.36225733
moral,P,word2vec_tiny_50_HYP,0.42677093,0.47365025,0.4953125,0.41598496,0.52308244,0.40247232
ditch,P,word2vec_tiny_50_HYP,0.3246849,0.39714864,0.3794083,0.44531816,0.40715668,0.47510576
flesh,P,word2vec_tiny_50_HYP,0.24806006,0.3419229,0.31847528,0.39541322,0.35413864,0.44325304
dim,P,word2vec_tiny_50_HYP,0.30996838,0.38324055,0.40660337,0.49699786,0.44669452,0.52559775
instinct,P,word2vec_tiny_50_HYP,0.21740846,0.2900717,0.29233745,0.3667914,0.318495,0.39916337
demand,P,word2vec_tiny_50_HYP,0.39581978,0.5075878,0.53408724,0.65817493,0.5744227,0.66450393
royalty,P,word2vec_tiny_50_HYP,0.29979634,0.38343948,0.41382235,0.5313095,0.46256578,0.5604887
irregular,P,word2vec_tiny_50_HYP,0.29478803,0.25769824,0.32968673,0.28755045,0.34452412,0.2983963
pub,M,word2vec_tiny_50_HYP,0.2505254,0.26834545,0.2867485,0.3043115,0.3026649,0.31946027
crumb,P,word2vec_tiny_50_HYP,0.4083334,0.52156276,0.48989,0.5901765,0.5237355,0.62124336
barbecue,P,word2vec_tiny_50_HYP,0.36815217,0.45868084,0.46395883,0.5457046,0.5014307,0.56524456
orderly,P,word2vec_tiny_50_HYP,0.37761852,0.44898415,0.44314298,0.51412654,0.469382,0.5318129
index,P,word2vec_tiny_50_HYP,0.2574389,0.34557232,0.33224925,0.44507143,0.3624923,0.46883377
cuddle,P,word2vec_tiny_50_HYP,0.3977422,0.5159253,0.49920645,0.59214574,0.53499925,0.59721047
dangle,P,word2vec_tiny_50_HYP,0.23517397,0.25983527,0.2789948,0.2980161,0.29609472,0.305919
trousers,M,word2vec_tiny_50_HYP,0.26241893,0.3415326,0.34897986,0.4488956,0.39530578,0.5131289
grave,H,word2vec_tiny_50_HYP,0.40639535,0.4779135,0.46404976,0.49517286,0.48602462,0.50516784
dent,H,word2vec_tiny_50_HYP,0.35016426,0.44763282,0.43285787,0.54248524,0.47113907,0.58237654
buckle,P,word2vec_tiny_50_HYP,0.27698523,0.40229452,0.3902618,0.54321814,0.44653952,0.6127503
beer,P,word2vec_tiny_50_HYP,0.27780142,0.28704652,0.34446847,0.37794325,0.37307054,0.42876172
oyster,P,word2vec_tiny_50_HYP,0.25232908,0.28223008,0.40294608,0.48941317,0.46859977,0.57640696
cousin,P,word2vec_tiny_50_HYP,0.43069762,0.5054242,0.5385269,0.6258848,0.57692814,0.6348609
jolt,P,word2vec_tiny_50_HYP,0.2478555,0.32370448,0.31590044,0.4148249,0.34545574,0.44486696
guard,P,word2vec_tiny_50_HYP,0.38269266,0.5163231,0.47243378,0.60474384,0.50973684,0.6129747
bolt,H,word2vec_tiny_50_HYP,0.3073817,0.39022976,0.39677772,0.46210426,0.42714095,0.49390328
squawk,P,word2vec_tiny_50_HYP,0.30243167,0.3704275,0.4038022,0.49129722,0.44170296,0.52675843
omelet,M,word2vec_tiny_50_HYP,0.2612304,0.26618716,0.33186316,0.3250873,0.36545128,0.38132286
envy,P,word2vec_tiny_50_HYP,0.36114544,0.34465575,0.4269668,0.4026832,0.45300838,0.4367598
knob,P,word2vec_tiny_50_HYP,0.33134487,0.47375524,0.44282407,0.5914763,0.49130198,0.64790076
zing,P,word2vec_tiny_50_HYP,0.24220558,0.27787858,0.31046182,0.3847985,0.35173473,0.44486088
opponent,M,word2vec_tiny_50_HYP,0.26257545,0.32024142,0.32089996,0.3993358,0.3452952,0.4088277
meditation,P,word2vec_tiny_50_HYP,0.18397559,0.20227268,0.21833333,0.23277485,0.23229367,0.25429538
operator,P,word2vec_tiny_50_HYP,0.35537297,0.40705603,0.4163369,0.48282045,0.44150296,0.51414376
afloat,P,word2vec_tiny_50_HYP,0.30608663,0.34951484,0.37962815,0.46092528,0.4100426,0.49120206
chart,P,word2vec_tiny_50_HYP,0.2992162,0.3437789,0.36098614,0.4324161,0.3924714,0.4719314
dry,P,word2vec_tiny_50_HYP,0.39519548,0.53872377,0.48725903,0.6222097,0.5260571,0.6358892
evidence,P,word2vec_tiny_50_HYP,0.28991476,0.35961792,0.34794766,0.4288857,0.3711965,0.4586919
crack,P,word2vec_tiny_50_HYP,0.41543865,0.5581681,0.50960153,0.65112287,0.54335225,0.66705465
exhaustion,P,word2vec_tiny_50_HYP,0.26380718,0.35560897,0.32365334,0.41717955,0.3504464,0.4392125
sincere,P,word2vec_tiny_50_HYP,0.45256537,0.5427166,0.55180746,0.6294387,0.58582985,0.65052956
juice,P,word2vec_tiny_50_HYP,0.27595705,0.38253564,0.3727063,0.47379678,0.4149636,0.49263775
couch,P,word2vec_tiny_50_HYP,0.293358,0.38452294,0.4463576,0.59889424,0.5088905,0.64973503
freedom,P,word2vec_tiny_50_HYP,0.33944982,0.3764362,0.4009481,0.4342087,0.42563918,0.45719385
stripe,H,word2vec_tiny_50_HYP,0.3717336,0.46460515,0.47258976,0.56257105,0.51160717,0.60717696
butcher,P,word2vec_tiny_50_HYP,0.2758865,0.31782237,0.34834096,0.4298107,0.3810576,0.46846133
inspection,P,word2vec_tiny_50_HYP,0.31022054,0.3369465,0.3814365,0.4240402,0.40838945,0.44813848
beast,P,word2vec_tiny_50_HYP,0.24865384,0.29099536,0.32816148,0.4049867,0.3614702,0.43644297
confidence,P,word2vec_tiny_50_HYP,0.30489394,0.37454498,0.36984444,0.4137759,0.39877087,0.43641222
eggplant,M,word2vec_tiny_50_HYP,0.23143938,0.2880645,0.29333413,0.33217412,0.32724234,0.38018683
horse,P,word2vec_tiny_50_HYP,0.26840776,0.30629492,0.41908044,0.5454649,0.48174763,0.6296134
defensive,P,word2vec_tiny_50_HYP,0.1728603,0.187331,0.20273334,0.22170572,0.21742943,0.23576543
agreeable,P,word2vec_tiny_50_HYP,0.13702747,0.14658909,0.16188766,0.18166019,0.17341653,0.20093283
exclude,P,word2vec_tiny_50_HYP,0.15799244,0.17367703,0.20124362,0.22544356,0.22200237,0.23953252
supper,P,word2vec_tiny_50_HYP,0.3397676,0.39407024,0.39395764,0.42808965,0.41457382,0.4525539
purple,P,word2vec_tiny_50_HYP,0.27163988,0.3714218,0.44515076,0.59074783,0.5074474,0.6410903
unnoticed,M,word2vec_tiny_50_HYP,0.25982627,0.25219265,0.29595134,0.3059769,0.3109601,0.32452768
traitor,M,word2vec_tiny_50_HYP,0.15330079,0.19171102,0.19608395,0.23387705,0.2154684,0.24491568
hum,P,word2vec_tiny_50_HYP,0.29688567,0.37409765,0.3936247,0.4854685,0.43227845,0.52877116
fifty,P,word2vec_tiny_50_HYP,0.15215752,0.14933339,0.2247744,0.25226614,0.28303215,0.33871466
secure,P,word2vec_tiny_50_HYP,0.34966794,0.43301705,0.43244672,0.47820073,0.4587197,0.48698536
view,P,word2vec_tiny_50_HYP,0.37564483,0.45198113,0.49130234,0.5674813,0.5289032,0.5842794
chapter,P,word2vec_tiny_50_HYP,0.27154285,0.2778825,0.32606134,0.31781194,0.34898835,0.33719987
sweater,P,word2vec_tiny_50_HYP,0.21909258,0.30546063,0.37619075,0.51707804,0.44015267,0.5883642
faraway,P,word2vec_tiny_50_HYP,0.40617305,0.4812249,0.50154084,0.61869794,0.5406989,0.64927644
loss,P,word2vec_tiny_50_HYP,0.2468063,0.28040913,0.3178201,0.36746624,0.3499037,0.39951715
fiddle,P,word2vec_tiny_50_HYP,0.28562728,0.36534536,0.33285263,0.40522337,0.34999192,0.41960555
shine,P,word2vec_tiny_50_HYP,0.32416585,0.39636147,0.4533141,0.55216813,0.4992563,0.5848904
foul,P,word2vec_tiny_50_HYP,0.30175728,0.39167857,0.34887284,0.43448842,0.36750734,0.45325214
drama,P,word2vec_tiny_50_HYP,0.24805827,0.26200354,0.2870593,0.30770788,0.30491072,0.31821206
soldier,P,word2vec_tiny_50_HYP,0.33912498,0.46904334,0.45126453,0.60187316,0.49073374,0.61388427
beam,P,word2vec_tiny_50_HYP,0.39287803,0.47037342,0.46504867,0.53917444,0.49378404,0.5588988
plant,P,word2vec_tiny_50_HYP,0.2451903,0.36502397,0.36718827,0.49872577,0.42154357,0.5429655
deny,P,word2vec_tiny_50_HYP,0.25822592,0.28911754,0.2987176,0.3503382,0.31754142,0.3686089
handyman,M,word2vec_tiny_50_HYP,0.26414782,0.3476395,0.3405805,0.42945278,0.36987182,0.45312148
peach,P,word2vec_tiny_50_HYP,0.18965928,0.25898284,0.35156006,0.47641158,0.4270999,0.55153006
mall,P,word2vec_tiny_50_HYP,0.266583,0.3659281,0.44638002,0.59751564,0.5161285,0.6593775
courthouse,M,word2vec_tiny_50_HYP,0.29243618,0.3437011,0.3386198,0.39079195,0.3569572,0.40400067
sip,P,word2vec_tiny_50_HYP,0.32796618,0.4131781,0.43033367,0.4614812,0.47047943,0.48830238
consent,P,word2vec_tiny_50_HYP,0.14805415,0.16043976,0.17701857,0.20146443,0.19264106,0.22320947
influence,P,word2vec_tiny_50_HYP,0.16349661,0.18095186,0.2005252,0.23347889,0.21907398,0.25370187
league,H,word2vec_tiny_50_HYP,0.22716017,0.24171144,0.2597194,0.2715871,0.27280986,0.283968
loft,P,word2vec_tiny_50_HYP,0.3934267,0.46064064,0.45545757,0.5363588,0.48088324,0.5466647
shove,P,word2vec_tiny_50_HYP,0.34614798,0.45552436,0.44937447,0.54375964,0.48749173,0.5583751
luscious,P,word2vec_tiny_50_HYP,0.23911636,0.30985177,0.32168567,0.432921,0.3588585,0.47720444
passion,P,word2vec_tiny_50_HYP,0.30709833,0.32866704,0.3606923,0.37955904,0.38863823,0.40909332
pep,P,word2vec_tiny_50_HYP,0.34177437,0.41334832,0.43640044,0.53481627,0.4782839,0.57613325
instance,P,word2vec_tiny_50_HYP,0.161571,0.15695594,0.1987287,0.20265324,0.21538246,0.22414859
slave,P,word2vec_tiny_50_HYP,0.18857841,0.1831691,0.22698458,0.21531738,0.24277654,0.22869211
imitate,P,word2vec_tiny_50_HYP,0.35706362,0.44370854,0.43590295,0.5286237,0.46488526,0.5711093
raspberry,P,word2vec_tiny_50_HYP,0.19353998,0.22176327,0.27844644,0.34175175,0.3192231,0.384649
luxurious,P,word2vec_tiny_50_HYP,0.3436301,0.40456155,0.3955595,0.4663786,0.41889504,0.4771124
cautious,M,word2vec_tiny_50_HYP,0.2981823,0.39226282,0.40256858,0.47647157,0.43872997,0.4831838
streak,P,word2vec_tiny_50_HYP,0.28849915,0.3252989,0.3684713,0.41320428,0.40029153,0.45782992
solve,P,word2vec_tiny_50_HYP,0.37790623,0.50954276,0.48576564,0.5414995,0.5235506,0.5499178
honest,P,word2vec_tiny_50_HYP,0.30587548,0.40056282,0.45590225,0.58338356,0.50615203,0.5921003
strict,P,word2vec_tiny_50_HYP,0.38019857,0.41441554,0.44030014,0.4807018,0.462875,0.48781294
rack,H,word2vec_tiny_50_HYP,0.40129837,0.5187377,0.48463058,0.6132024,0.5169695,0.637104
mood,H,word2vec_tiny_50_HYP,0.38408917,0.42998466,0.44428816,0.47322157,0.46552858,0.487707
queen,P,word2vec_tiny_50_HYP,0.31094152,0.42333457,0.45903796,0.58069843,0.5079356,0.6179
shop,P,word2vec_tiny_50_HYP,0.31842223,0.41064277,0.43885338,0.5746921,0.48604766,0.59321916
nook,M,word2vec_tiny_50_HYP,0.30379808,0.35938346,0.3767862,0.42186362,0.4023604,0.4471269
fabric,P,word2vec_tiny_50_HYP,0.28050965,0.39970002,0.35626084,0.47912323,0.3933751,0.5185398
fraction,P,word2vec_tiny_50_HYP,0.2687307,0.33571583,0.31473088,0.3795719,0.33323386,0.39483044
stumble,P,word2vec_tiny_50_HYP,0.39833778,0.5057342,0.52308506,0.6208892,0.5627912,0.6031572
occurrence,P,word2vec_tiny_50_HYP,0.24023756,0.26134983,0.2740359,0.29898992,0.28697768,0.3066392
deadline,P,word2vec_tiny_50_HYP,0.24615927,0.28572485,0.29966557,0.33699274,0.3200231,0.3408949
stain,P,word2vec_tiny_50_HYP,0.375748,0.4679429,0.4698377,0.56846935,0.50796664,0.59621006
withstand,P,word2vec_tiny_50_HYP,0.27205557,0.33789757,0.33701143,0.41686115,0.36576235,0.44233066
jellyfish,P,word2vec_tiny_50_HYP,0.22092965,0.2587471,0.35585427,0.46120185,0.42283562,0.54455906
select,P,word2vec_tiny_50_HYP,0.28784952,0.37414348,0.35798484,0.43908232,0.38243553,0.4652454
rodent,P,word2vec_tiny_50_HYP,0.25329107,0.3103312,0.3019779,0.36415678,0.3237191,0.3928959
abrupt,P,word2vec_tiny_50_HYP,0.33832625,0.41318017,0.39580145,0.43780503,0.41523796,0.43062964
soot,P,word2vec_tiny_50_HYP,0.3331867,0.4082954,0.3918855,0.4749315,0.41841012,0.5054005
jungle,P,word2vec_tiny_50_HYP,0.32750657,0.4208087,0.44717208,0.5887242,0.5023949,0.647163
revelation,P,word2vec_tiny_50_HYP,0.1246704,0.15666398,0.15006919,0.19273636,0.16174032,0.20541611
railway,P,word2vec_tiny_50_HYP,0.30743253,0.39167014,0.38734978,0.47488505,0.41836298,0.5078194
memorize,M,word2vec_tiny_50_HYP,0.14831904,0.1785159,0.1718135,0.20789053,0.18343583,0.21961448
potato,P,word2vec_tiny_50_HYP,0.2194074,0.27422413,0.37845424,0.49760458,0.44093037,0.5678124
multiply,H,word2vec_tiny_50_HYP,0.24973997,0.3362176,0.3042747,0.39080837,0.3306402,0.43196762
crucial,M,word2vec_tiny_50_HYP,0.17405687,0.20829846,0.19837599,0.23044233,0.21216542,0.25103053
collection,P,word2vec_tiny_50_HYP,0.444451,0.55564237,0.5254598,0.6500033,0.5552271,0.6492189
unfold,P,word2vec_tiny_50_HYP,0.36045057,0.4401246,0.43239158,0.4919244,0.46053,0.51440686
outlaw,P,word2vec_tiny_50_HYP,0.20925021,0.24363723,0.24851581,0.27201322,0.2640577,0.27757928
island,P,word2vec_tiny_50_HYP,0.31631908,0.39055866,0.42591912,0.55174065,0.4787297,0.6027773
reconsider,P,word2vec_tiny_50_HYP,0.16834919,0.17903933,0.19823585,0.20967446,0.21156105,0.22502871
gate,P,word2vec_tiny_50_HYP,0.369242,0.5172142,0.4817153,0.64129466,0.5248841,0.6783916
bouquet,P,word2vec_tiny_50_HYP,0.36174327,0.42790547,0.4531141,0.5310935,0.48622504,0.56554294
confident,P,word2vec_tiny_50_HYP,0.34546915,0.43678513,0.4121757,0.45814764,0.44003624,0.46629584
delicate,P,word2vec_tiny_50_HYP,0.39214092,0.4533777,0.5091243,0.6158848,0.54755974,0.628318
bid,P,word2vec_tiny_50_HYP,0.2631157,0.3338797,0.3435292,0.4158066,0.37168255,0.43694848
marriage,P,word2vec_tiny_50_HYP,0.35382536,0.46346414,0.47991344,0.6069663,0.5239006,0.61428905
attention,P,word2vec_tiny_50_HYP,0.41988167,0.44950667,0.48724928,0.4822699,0.50992566,0.4866457
massage,P,word2vec_tiny_50_HYP,0.3897815,0.51972574,0.49308544,0.5979009,0.52743155,0.6072687
fever,P,word2vec_tiny_50_HYP,0.32940704,0.3761718,0.45888916,0.51412386,0.50829774,0.5560752
brick,P,word2vec_tiny_50_HYP,0.35138124,0.49522504,0.44293866,0.5936972,0.4930235,0.64139456
span,H,word2vec_tiny_50_HYP,0.2862094,0.36918908,0.35047722,0.45518407,0.3750268,0.46903253
saddle,P,word2vec_tiny_50_HYP,0.36335075,0.45679554,0.44051132,0.54296464,0.4758419,0.5783082
blink,P,word2vec_tiny_50_HYP,0.4103872,0.54104286,0.5121055,0.6608203,0.54888713,0.68206763
grip,P,word2vec_tiny_50_HYP,0.38889274,0.48190323,0.47755623,0.5550228,0.50792766,0.5811298
podium,M,word2vec_tiny_50_HYP,0.2639969,0.31565768,0.30314726,0.36474967,0.31875312,0.3812535
career,P,word2vec_tiny_50_HYP,0.22814253,0.28449544,0.27582568,0.35697886,0.2982595,0.38765147
discussion,M,word2vec_tiny_50_HYP,0.3353917,0.452246,0.4201211,0.49084303,0.44894642,0.50454843
funeral,P,word2vec_tiny_50_HYP,0.38411218,0.44028023,0.44449666,0.44895938,0.46545637,0.45441625
chess,H,word2vec_tiny_50_HYP,0.3768757,0.46918625,0.49367997,0.6135854,0.53859216,0.6522331
heroic,P,word2vec_tiny_50_HYP,0.24469772,0.3070167,0.30566195,0.37280577,0.33198845,0.40590492
rush,H,word2vec_tiny_50_HYP,0.42310542,0.5579024,0.52360785,0.62969095,0.5534663,0.6085199
cattle,M,word2vec_tiny_50_HYP,0.288713,0.3658657,0.3644506,0.46181163,0.39444062,0.48399183
fresh,P,word2vec_tiny_50_HYP,0.3717405,0.43429202,0.44046405,0.4622551,0.47350842,0.4826303
tiger,P,word2vec_tiny_50_HYP,0.23462062,0.3332255,0.3919812,0.54790235,0.45471442,0.6073471
invisible,P,word2vec_tiny_50_HYP,0.43993306,0.5161368,0.5050533,0.5686026,0.5312915,0.587803
storm,P,word2vec_tiny_50_HYP,0.3275257,0.42089653,0.4707755,0.53315204,0.5190684,0.5639897
attempt,P,word2vec_tiny_50_HYP,0.2957245,0.36806116,0.36342394,0.4287915,0.39057264,0.44650018
exquisite,P,word2vec_tiny_50_HYP,0.26216835,0.3464672,0.319913,0.4259937,0.3444728,0.45601353
shotgun,M,word2vec_tiny_50_HYP,0.22713776,0.2709127,0.26165453,0.30775228,0.2763064,0.30939898
alarm,P,word2vec_tiny_50_HYP,0.35403168,0.47580987,0.4488248,0.5899666,0.48731643,0.6192403
sidekick,P,word2vec_tiny_50_HYP,0.32155758,0.37870377,0.38396844,0.43934506,0.41082177,0.46959716
rainbow,P,word2vec_tiny_50_HYP,0.35499945,0.48074672,0.4517377,0.57966727,0.48567516,0.59033597
fireworks,P,word2vec_tiny_50_HYP,0.3669282,0.4961611,0.46170002,0.6193407,0.5070098,0.66483945
chariot,P,word2vec_tiny_50_HYP,0.25650632,0.29440898,0.29651695,0.31808978,0.31390652,0.32772353
hideaway,P,word2vec_tiny_50_HYP,0.316767,0.38009128,0.3805209,0.4330838,0.40398023,0.4568694
macaroni,M,word2vec_tiny_50_HYP,0.26176086,0.2805576,0.33151808,0.34556276,0.3674957,0.3908873
ponytail,M,word2vec_tiny_50_HYP,0.2925552,0.36380577,0.39736786,0.48499298,0.44026497,0.53814983
birth,P,word2vec_tiny_50_HYP,0.27242553,0.33853135,0.32608482,0.4021518,0.3508561,0.42930704
involve,P,word2vec_tiny_50_HYP,0.41146564,0.41793668,0.4688343,0.43583906,0.48886058,0.44014308
bruise,P,word2vec_tiny_50_HYP,0.28066784,0.3632325,0.3828599,0.48417315,0.43315086,0.5348326
sermon,P,word2vec_tiny_50_HYP,0.20257866,0.2398801,0.23727497,0.26268357,0.25153133,0.2871104
trainer,P,word2vec_tiny_50_HYP,0.36713472,0.47617614,0.44235268,0.555922,0.4695204,0.5674829
suffocate,P,word2vec_tiny_50_HYP,0.15844056,0.16594362,0.1895047,0.19686955,0.20210546,0.21566547
panda,P,word2vec_tiny_50_HYP,0.25492316,0.31620166,0.39943564,0.502103,0.46294522,0.58062667
shawl,M,word2vec_tiny_50_HYP,0.23857434,0.29574984,0.3109249,0.41389054,0.34204432,0.44525322
truthful,P,word2vec_tiny_50_HYP,0.21677199,0.24514377,0.26798454,0.2772776,0.29324466,0.2890816
routine,P,word2vec_tiny_50_HYP,0.3156646,0.36933494,0.40564683,0.4518301,0.4361869,0.47411093
unsafe,P,word2vec_tiny_50_HYP,0.3411447,0.41620386,0.40422237,0.47038814,0.42842308,0.4728852
realistic,P,word2vec_tiny_50_HYP,0.32596976,0.36064172,0.38450176,0.4253384,0.4095614,0.4545002
canary,P,word2vec_tiny_50_HYP,0.28272533,0.36768994,0.37513515,0.47697988,0.409035,0.49632686
paddle,P,word2vec_tiny_50_HYP,0.28971252,0.3862539,0.4275594,0.54739153,0.48013985,0.59687185
atom,P,word2vec_tiny_50_HYP,0.23117895,0.24071603,0.26299414,0.27697402,0.27789193,0.28531674
celebrate,P,word2vec_tiny_50_HYP,0.36565107,0.4500703,0.4791317,0.5938571,0.52361566,0.6245093
baptism,P,word2vec_tiny_50_HYP,0.17729026,0.1953884,0.2157057,0.24786794,0.23158816,0.25615647
corpus,P,word2vec_tiny_50_HYP,0.19650051,0.22182588,0.23060349,0.2602739,0.24477507,0.26814574
twist,P,word2vec_tiny_50_HYP,0.4030028,0.5522095,0.52655613,0.6689741,0.5642912,0.673694
apply,P,word2vec_tiny_50_HYP,0.27247578,0.3280606,0.33305606,0.39776152,0.3565779,0.42010275
nocturnal,P,word2vec_tiny_50_HYP,0.25785127,0.2577847,0.29827645,0.2694769,0.31456745,0.27770066
prepare,P,word2vec_tiny_50_HYP,0.37078494,0.47848824,0.49297506,0.65406907,0.5417037,0.6822248
priceless,P,word2vec_tiny_50_HYP,0.29608917,0.35465562,0.3588791,0.38921398,0.38567343,0.41644073
juicy,P,word2vec_tiny_50_HYP,0.27576613,0.34740525,0.36810848,0.4576833,0.4130986,0.49213007
jiggle,P,word2vec_tiny_50_HYP,0.3868036,0.50315154,0.4631685,0.559565,0.49151418,0.5620799
sushi,M,word2vec_tiny_50_HYP,0.19755478,0.22466566,0.2664698,0.31636953,0.30518004,0.37036133
squad,M,word2vec_tiny_50_HYP,0.29660448,0.35234055,0.33769417,0.35557598,0.35520428,0.35622567
orphanage,M,word2vec_tiny_50_HYP,0.31391853,0.36611703,0.37721717,0.43659267,0.4017485,0.45630264
unique,P,word2vec_tiny_50_HYP,0.2662755,0.3499235,0.4160189,0.5708676,0.48155198,0.63499403
wrinkle,H,word2vec_tiny_50_HYP,0.2713266,0.3404136,0.35475636,0.44799498,0.3922457,0.49237338
excellent,M,word2vec_tiny_50_HYP,0.35659584,0.41382438,0.4257401,0.4831377,0.449164,0.49750978
compare,P,word2vec_tiny_50_HYP,0.32093322,0.36863673,0.3912368,0.41630504,0.42739427,0.4595103
spine,P,word2vec_tiny_50_HYP,0.34883082,0.3606804,0.41324833,0.44566655,0.4406772,0.47675547
lively,P,word2vec_tiny_50_HYP,0.25860667,0.3510373,0.4274073,0.5565123,0.5027461,0.6420675
happiness,P,word2vec_tiny_50_HYP,0.3152898,0.36854059,0.38817653,0.41198632,0.42322838,0.42552137
sundown,M,word2vec_tiny_50_HYP,0.27642497,0.30730385,0.3184542,0.2956617,0.33559376,0.2987274
crash,H,word2vec_tiny_50_HYP,0.35159168,0.4544928,0.46533218,0.5798579,0.50951916,0.6106124
cover,P,word2vec_tiny_50_HYP,0.45690435,0.60456204,0.54441196,0.69288564,0.57595396,0.7014137
steep,H,word2vec_tiny_50_HYP,0.43403086,0.5413997,0.54766256,0.65251136,0.58502036,0.67734635
reunion,P,word2vec_tiny_50_HYP,0.25603852,0.3187142,0.3018386,0.37427706,0.3237491,0.3975727
companion,P,word2vec_tiny_50_HYP,0.34293982,0.43905985,0.40476158,0.45567274,0.4267873,0.46249756
catcher,P,word2vec_tiny_50_HYP,0.4217433,0.46524754,0.51134753,0.5534202,0.5441839,0.5548675
helpless,P,word2vec_tiny_50_HYP,0.31390142,0.37978286,0.48415193,0.63513494,0.5444735,0.6822414
occasional,P,word2vec_tiny_50_HYP,0.294659,0.35021636,0.33838996,0.41527212,0.358649,0.43036348
motorcycle,P,word2vec_tiny_50_HYP,0.2480452,0.32658425,0.40316802,0.5618315,0.46967918,0.6296501
spit,H,word2vec_tiny_50_HYP,0.29753542,0.39322776,0.41157916,0.49063364,0.45474267,0.520606
tyrant,P,word2vec_tiny_50_HYP,0.17180623,0.1822255,0.20575024,0.20723303,0.22019266,0.22288732
tuxedo,P,word2vec_tiny_50_HYP,0.28251117,0.28127232,0.32672462,0.29030538,0.34268814,0.3046458
belong,P,word2vec_tiny_50_HYP,0.43768898,0.55797726,0.536002,0.6129381,0.56760406,0.5973917
pup,P,word2vec_tiny_50_HYP,0.24756113,0.333422,0.35321042,0.43997177,0.38865447,0.45841014
jeep,P,word2vec_tiny_50_HYP,0.22194004,0.31399593,0.39649674,0.544479,0.45964873,0.5862421
hack,H,word2vec_tiny_50_HYP,0.25891447,0.27051067,0.2997804,0.3042093,0.31500655,0.32103506
hound,P,word2vec_tiny_50_HYP,0.2635924,0.2557082,0.2983442,0.2938437,0.31355324,0.30107298
triumphant,P,word2vec_tiny_50_HYP,0.25069278,0.31579822,0.31827223,0.408855,0.34580928,0.43893394
grudge,P,word2vec_tiny_50_HYP,0.118456975,0.14214373,0.14829,0.17906867,0.16042759,0.19504404
shadowy,P,word2vec_tiny_50_HYP,0.21886495,0.2814587,0.27273315,0.3630465,0.30000752,0.39569858
begin,P,word2vec_tiny_50_HYP,0.4303367,0.54090154,0.5029324,0.5609732,0.52835363,0.5525772
afternoon,P,word2vec_tiny_50_HYP,0.40364242,0.5318614,0.49843255,0.5816163,0.53067094,0.5906797
engineer,P,word2vec_tiny_50_HYP,0.32830524,0.42221284,0.39524978,0.4816289,0.42338917,0.50209403
decision,P,word2vec_tiny_50_HYP,0.31745958,0.4003854,0.3999022,0.45149684,0.42969298,0.461749
statement,P,word2vec_tiny_50_HYP,0.2357107,0.26654437,0.26881486,0.30674914,0.2828831,0.3205582
moat,M,word2vec_tiny_50_HYP,0.36298263,0.4231659,0.49811897,0.5962685,0.5470013,0.6424934
zoom,P,word2vec_tiny_50_HYP,0.28722087,0.40146965,0.39650688,0.5148686,0.44277808,0.55952615
cinema,P,word2vec_tiny_50_HYP,0.33467367,0.459339,0.4280818,0.566355,0.46889687,0.58983886
lifetime,P,word2vec_tiny_50_HYP,0.30697602,0.36738312,0.38025704,0.43964088,0.40625632,0.46052435
snowman,M,word2vec_tiny_50_HYP,0.18236783,0.19732292,0.21639264,0.2341753,0.23033325,0.24273972
accuracy,M,word2vec_tiny_50_HYP,0.21107492,0.27601543,0.2738068,0.34647882,0.30355307,0.38312653
pox,P,word2vec_tiny_50_HYP,0.31253844,0.34631416,0.37744656,0.4114941,0.40173027,0.41438037
pebble,P,word2vec_tiny_50_HYP,0.25061652,0.33942717,0.4053621,0.56664306,0.4650702,0.6253249
surf,P,word2vec_tiny_50_HYP,0.2724646,0.35846338,0.41245735,0.5199663,0.4828863,0.6100932
tone,P,word2vec_tiny_50_HYP,0.3267542,0.35856953,0.39473775,0.44437847,0.42312187,0.46586344
hamburger,M,word2vec_tiny_50_HYP,0.24307215,0.27327424,0.3219241,0.3812666,0.35215756,0.42263827
naughty,P,word2vec_tiny_50_HYP,0.32341823,0.43456647,0.4614933,0.6045998,0.5112712,0.60207486
presence,P,word2vec_tiny_50_HYP,0.27564752,0.31176212,0.33019355,0.39720082,0.35335827,0.42387402
missile,P,word2vec_tiny_50_HYP,0.29152578,0.41652995,0.426054,0.5909652,0.4806287,0.64711195
sailor,P,word2vec_tiny_50_HYP,0.23961301,0.31436038,0.38575146,0.5070977,0.44588578,0.5798052
decide,P,word2vec_tiny_50_HYP,0.45956197,0.5779501,0.5454028,0.6045997,0.5718834,0.576919
fail,P,word2vec_tiny_50_HYP,0.37991834,0.48699874,0.4492546,0.5050245,0.47829297,0.5158718
banquet,P,word2vec_tiny_50_HYP,0.3271335,0.4031946,0.38919076,0.47611386,0.41367555,0.49298164
tug,P,word2vec_tiny_50_HYP,0.3943636,0.5012355,0.52232796,0.60260165,0.56521446,0.6428243
authority,P,word2vec_tiny_50_HYP,0.18888466,0.22571541,0.23242506,0.26620665,0.25560427,0.28748146
abide,P,word2vec_tiny_50_HYP,0.22147453,0.21650673,0.25601277,0.25256228,0.27274722,0.26575524
elbow,P,word2vec_tiny_50_HYP,0.28468785,0.36014995,0.40274295,0.5156453,0.45006543,0.5579087
land,P,word2vec_tiny_50_HYP,0.3686623,0.4492148,0.4962158,0.5991312,0.53803056,0.6205287
pun,P,word2vec_tiny_50_HYP,0.28425974,0.3253286,0.3250953,0.37154275,0.3434495,0.38094667
invincible,M,word2vec_tiny_50_HYP,0.25295597,0.28221133,0.30087706,0.33474874,0.31879538,0.34285682
tedious,M,word2vec_tiny_50_HYP,0.13640264,0.15496486,0.16332588,0.19298396,0.1760664,0.21224573
amigo,M,word2vec_tiny_50_HYP,0.2536536,0.2455999,0.330859,0.3518299,0.3587226,0.36424908
sock,H,word2vec_tiny_50_HYP,0.30942598,0.3586065,0.44140282,0.56230575,0.488324,0.6288206
experience,P,word2vec_tiny_50_HYP,0.30799037,0.39908734,0.38800934,0.4442667,0.41537112,0.46470982
acid,P,word2vec_tiny_50_HYP,0.26161343,0.333269,0.3149851,0.41252616,0.33888233,0.446888
urgent,P,word2vec_tiny_50_HYP,0.26566598,0.28966722,0.33284244,0.3867624,0.36079696,0.42382374
purse,P,word2vec_tiny_50_HYP,0.33358246,0.40607327,0.44631073,0.5632304,0.49567655,0.6364911
naive,P,word2vec_tiny_50_HYP,0.25147325,0.31377363,0.31004703,0.37209985,0.33321616,0.39379123
symbol,P,word2vec_tiny_50_HYP,0.3839591,0.50172514,0.4788126,0.6168206,0.5142061,0.63486326
speechless,P,word2vec_tiny_50_HYP,0.28277797,0.34609213,0.35748062,0.42935356,0.38201153,0.45057023
lavender,P,word2vec_tiny_50_HYP,0.2590837,0.34460083,0.36501217,0.45378467,0.406483,0.48297074
distress,P,word2vec_tiny_50_HYP,0.27962428,0.3345929,0.34171715,0.38910285,0.3673661,0.41794994
suspicious,P,word2vec_tiny_50_HYP,0.2946089,0.3693058,0.36286008,0.43887308,0.39115992,0.45166415
deep,P,word2vec_tiny_50_HYP,0.42678824,0.5079179,0.52670723,0.5709799,0.56267214,0.60618687
slug,H,word2vec_tiny_50_HYP,0.2715252,0.34184998,0.34884417,0.44269013,0.38185868,0.47049224
scoop,P,word2vec_tiny_50_HYP,0.37217757,0.46259445,0.4498137,0.47567177,0.48434493,0.4904085
access,P,word2vec_tiny_50_HYP,0.3190889,0.34922424,0.3636765,0.40948695,0.3841538,0.43384287
caretaker,P,word2vec_tiny_50_HYP,0.26366037,0.3170289,0.3093351,0.3868774,0.33042374,0.40542105
condition,P,word2vec_tiny_50_HYP,0.37208003,0.3685013,0.41601607,0.41640744,0.43364275,0.43069053
ton,P,word2vec_tiny_50_HYP,0.33344117,0.38445127,0.37450495,0.4266599,0.3917468,0.44894135
assume,P,word2vec_tiny_50_HYP,0.14948568,0.17873466,0.18953301,0.22102334,0.21042386,0.24180909
slimy,P,word2vec_tiny_50_HYP,0.32996607,0.4296045,0.44993168,0.55974877,0.49321717,0.59157354
dunk,P,word2vec_tiny_50_HYP,0.19372332,0.21920949,0.22210616,0.2351314,0.23534435,0.25059646
volleyball,P,word2vec_tiny_50_HYP,0.3272507,0.3383127,0.3785151,0.34563997,0.39635342,0.37237418
warden,P,word2vec_tiny_50_HYP,0.16978851,0.18260115,0.19911678,0.22255608,0.21125397,0.22944121
omen,P,word2vec_tiny_50_HYP,0.15668584,0.17890121,0.18902874,0.20021446,0.2019587,0.21149863
stir,H,word2vec_tiny_50_HYP,0.30216676,0.40387863,0.42299926,0.46509686,0.46939018,0.5290443
accessory,P,word2vec_tiny_50_HYP,0.29566795,0.38858193,0.36467034,0.44220063,0.3964454,0.47657266
unaware,P,word2vec_tiny_50_HYP,0.2861237,0.35213536,0.3307603,0.40658814,0.35113657,0.43350708
locate,P,word2vec_tiny_50_HYP,0.30603936,0.36696,0.35696965,0.41755956,0.37684008,0.43265074
stamp,P,word2vec_tiny_50_HYP,0.25446248,0.3558787,0.3788479,0.54775745,0.43509033,0.6109874
goat,P,word2vec_tiny_50_HYP,0.22128086,0.30498818,0.3577002,0.5069976,0.4339771,0.5850421
race,H,word2vec_tiny_50_HYP,0.34162784,0.43526033,0.4660564,0.5942278,0.51352656,0.6184674
diagram,P,word2vec_tiny_50_HYP,0.16308138,0.21214296,0.19163324,0.23322417,0.2035944,0.24111873
piggy,P,word2vec_tiny_50_HYP,0.44223213,0.5717452,0.5323634,0.6073299,0.56546134,0.6411599
pollen,M,word2vec_tiny_50_HYP,0.29960448,0.39193222,0.3890171,0.50077534,0.4322438,0.5380474
badger,P,word2vec_tiny_50_HYP,0.2554863,0.3474362,0.33882058,0.41280892,0.36848,0.438471
lens,P,word2vec_tiny_50_HYP,0.36903048,0.4591544,0.44612557,0.5584081,0.4746222,0.58091116
dump,P,word2vec_tiny_50_HYP,0.34872234,0.43976197,0.45730892,0.5697315,0.50067747,0.6077695
ripe,P,word2vec_tiny_50_HYP,0.27957827,0.30885425,0.38259515,0.45728937,0.43134344,0.50545734
horny,P,word2vec_tiny_50_HYP,0.28384498,0.31271753,0.32718232,0.31527478,0.34432244,0.31706676
bloody,P,word2vec_tiny_50_HYP,0.27947092,0.3695288,0.3611119,0.4784667,0.39475328,0.502766
backstage,P,word2vec_tiny_50_HYP,0.38226745,0.47222167,0.4672864,0.56993884,0.50320876,0.5972653
rival,P,word2vec_tiny_50_HYP,0.28129977,0.34326977,0.33550933,0.403889,0.35689914,0.4140577
predator,P,word2vec_tiny_50_HYP,0.25996134,0.3077597,0.3174716,0.38289106,0.34171456,0.4126477
attractive,P,word2vec_tiny_50_HYP,0.27232555,0.35842636,0.42785305,0.5795679,0.49836743,0.663509
alien,P,word2vec_tiny_50_HYP,0.4133753,0.5235997,0.5340656,0.6562028,0.57664126,0.6836834
lobster,P,word2vec_tiny_50_HYP,0.30202255,0.37704408,0.37448218,0.45896015,0.40819955,0.48933187
behavior,P,word2vec_tiny_50_HYP,0.3130564,0.37342006,0.39926064,0.45247677,0.42876044,0.4695832
breeze,P,word2vec_tiny_50_HYP,0.33717912,0.3967457,0.41695336,0.50136393,0.45211464,0.5153563
numb,P,word2vec_tiny_50_HYP,0.32022575,0.3775759,0.40210438,0.48167828,0.43907997,0.515094
accessible,P,word2vec_tiny_50_HYP,0.15755858,0.18900113,0.18108587,0.2246542,0.1917655,0.23397417
texture,P,word2vec_tiny_50_HYP,0.42077097,0.49433577,0.5390217,0.625044,0.57583195,0.65439075
upstairs,P,word2vec_tiny_50_HYP,0.34901768,0.4127616,0.5006146,0.61767995,0.5491602,0.64756954
deck,P,word2vec_tiny_50_HYP,0.3507417,0.40274796,0.44184512,0.5393009,0.48053035,0.584409
fold,H,word2vec_tiny_50_HYP,0.37886897,0.51636946,0.490133,0.63158417,0.5332966,0.6666697
trailing,P,word2vec_tiny_50_HYP,0.30668652,0.35178527,0.3628247,0.41837862,0.390294,0.44633922
motion,P,word2vec_tiny_50_HYP,0.41961822,0.5465374,0.49560067,0.61134094,0.5257524,0.63543236
bush,H,word2vec_tiny_50_HYP,0.40494305,0.51247835,0.50374055,0.6068113,0.5397303,0.61919475
garter,P,word2vec_tiny_50_HYP,0.26593763,0.32958892,0.33047053,0.3646937,0.35459268,0.3694154
devil,P,word2vec_tiny_50_HYP,0.28386518,0.26048428,0.32024217,0.26425007,0.33373657,0.26915205
sleepy,P,word2vec_tiny_50_HYP,0.34696537,0.51149213,0.47977075,0.63701355,0.53083223,0.66233283
void,P,word2vec_tiny_50_HYP,0.275583,0.27123126,0.31812477,0.32583037,0.3336231,0.34462982
bright,P,word2vec_tiny_50_HYP,0.30267164,0.43189567,0.39467353,0.5293637,0.44290137,0.5647343
stall,H,word2vec_tiny_50_HYP,0.3388988,0.41754037,0.4402241,0.53590024,0.486043,0.57629776
altitude,P,word2vec_tiny_50_HYP,0.30822638,0.3233377,0.36831513,0.3964137,0.3941314,0.40718487
cigar,M,word2vec_tiny_50_HYP,0.21472016,0.23431735,0.24626473,0.25895396,0.2598029,0.26831555
flip,H,word2vec_tiny_50_HYP,0.44711012,0.5907367,0.5550375,0.6781474,0.5874678,0.6922422
pancake,P,word2vec_tiny_50_HYP,0.30823624,0.37815377,0.36898816,0.42496544,0.40266106,0.44396454
boredom,M,word2vec_tiny_50_HYP,0.3911172,0.38250145,0.4666363,0.49277353,0.49308604,0.4893584
gallery,P,word2vec_tiny_50_HYP,0.27578896,0.35295504,0.356749,0.45992818,0.3922114,0.49142724
pipe,H,word2vec_tiny_50_HYP,0.31605273,0.41864616,0.41671726,0.56322694,0.4676402,0.62518114
triumph,P,word2vec_tiny_50_HYP,0.26073956,0.33141926,0.32764444,0.40421635,0.35481125,0.43302545
monk,M,word2vec_tiny_50_HYP,0.3405159,0.41176847,0.40618315,0.473946,0.4334402,0.49977857
salon,P,word2vec_tiny_50_HYP,0.36139545,0.47982657,0.47591868,0.59436476,0.5153647,0.6011248
mechanical,P,word2vec_tiny_50_HYP,0.32901135,0.36311185,0.36875448,0.3699591,0.3851877,0.38111556
thin,P,word2vec_tiny_50_HYP,0.3516605,0.4506348,0.47641903,0.6002474,0.53061813,0.67833555
wicked,P,word2vec_tiny_50_HYP,0.28913224,0.33305943,0.3643282,0.42048383,0.3945557,0.45000565
iron,P,word2vec_tiny_50_HYP,0.35257357,0.43749398,0.4430467,0.56344944,0.49214867,0.6337643
nugget,P,word2vec_tiny_50_HYP,0.32237357,0.4043945,0.38243297,0.45832804,0.40626413,0.47902653
cage,P,word2vec_tiny_50_HYP,0.42082387,0.5607355,0.5206973,0.67967004,0.5557665,0.6954315
vitamin,M,word2vec_tiny_50_HYP,0.26667207,0.37210572,0.3507543,0.43862006,0.38392788,0.46929196
nickel,P,word2vec_tiny_50_HYP,0.29253203,0.35546413,0.35644406,0.40958026,0.3792013,0.43911895
queasy,P,word2vec_tiny_50_HYP,0.16534095,0.18416686,0.19647485,0.2148367,0.2088571,0.23192917
trucker,P,word2vec_tiny_50_HYP,0.30363828,0.29078794,0.34891906,0.32564315,0.36650634,0.33132452
blitz,P,word2vec_tiny_50_HYP,0.22822204,0.23515087,0.2620969,0.26485762,0.27684167,0.27599663
mouthful,P,word2vec_tiny_50_HYP,0.19069362,0.22596371,0.2591435,0.3130489,0.296757,0.36424214
chatty,P,word2vec_tiny_50_HYP,0.39836562,0.46868184,0.46950054,0.55758274,0.4975424,0.5794456
toss,P,word2vec_tiny_50_HYP,0.4117239,0.5179672,0.5354784,0.6699591,0.5807273,0.703002
servant,P,word2vec_tiny_50_HYP,0.34348488,0.44799194,0.4389795,0.49896914,0.47022462,0.5143596
intimidate,P,word2vec_tiny_50_HYP,0.14678001,0.17164253,0.17074546,0.20113194,0.18065673,0.2146574
charity,P,word2vec_tiny_50_HYP,0.32653797,0.36823222,0.41272464,0.4647138,0.4478216,0.4920041
match,H,word2vec_tiny_50_HYP,0.40890273,0.50169235,0.5092311,0.6283508,0.5426942,0.66008544
buff,H,word2vec_tiny_50_HYP,0.26493055,0.27549934,0.3031085,0.33422738,0.31960335,0.35833216
larger,P,word2vec_tiny_50_HYP,0.3097667,0.3465779,0.38126528,0.48036373,0.4145132,0.51870614
crowbar,M,word2vec_tiny_50_HYP,0.23692837,0.2728284,0.28158993,0.31394604,0.29776177,0.32181755
collapse,P,word2vec_tiny_50_HYP,0.27210087,0.36624306,0.36698967,0.47449043,0.40695274,0.5123615
giggle,P,word2vec_tiny_50_HYP,0.3824847,0.50947404,0.46864355,0.54709184,0.49972647,0.57022727
supportive,M,word2vec_tiny_50_HYP,0.25403896,0.2844221,0.31907806,0.3257027,0.3480831,0.34525645
mailbox,P,word2vec_tiny_50_HYP,0.3363976,0.4603019,0.48075783,0.63414276,0.53360164,0.683559
inject,P,word2vec_tiny_50_HYP,0.2847939,0.34269145,0.35086787,0.42470548,0.37779456,0.4675993
window,P,word2vec_tiny_50_HYP,0.42761517,0.5437022,0.5302794,0.65761495,0.5655224,0.6860445
prison,P,word2vec_tiny_50_HYP,0.28702003,0.32766494,0.35359147,0.39856768,0.38045472,0.42701373
throat,P,word2vec_tiny_50_HYP,0.292649,0.39544627,0.4016643,0.4930455,0.4435418,0.527152
hint,P,word2vec_tiny_50_HYP,0.42964086,0.49668336,0.49257892,0.53614974,0.5137915,0.5356862
pantry,P,word2vec_tiny_50_HYP,0.3570637,0.4586179,0.44223022,0.534444,0.47663543,0.54796296
blur,P,word2vec_tiny_50_HYP,0.3323595,0.34814042,0.41428268,0.49951464,0.44517678,0.52629834
golden,P,word2vec_tiny_50_HYP,0.3748651,0.34281167,0.46839303,0.5259591,0.506984,0.58216345
bravery,P,word2vec_tiny_50_HYP,0.24354258,0.30003494,0.32018608,0.38474232,0.3504852,0.4161955
battle,P,word2vec_tiny_50_HYP,0.2784463,0.3375517,0.3771396,0.43757597,0.41602975,0.48461694
infectious,P,word2vec_tiny_50_HYP,0.25083154,0.30510834,0.29429555,0.3504585,0.31412345,0.37529555
rooftop,M,word2vec_tiny_50_HYP,0.2978189,0.34985402,0.35581234,0.42854384,0.38088349,0.45003605
orchestra,P,word2vec_tiny_50_HYP,0.29353046,0.3714694,0.37048194,0.47805902,0.4096336,0.5229968
spear,H,word2vec_tiny_50_HYP,0.2759655,0.38078415,0.41904172,0.57338125,0.4781538,0.6363081
twilight,P,word2vec_tiny_50_HYP,0.24713877,0.29719508,0.29307887,0.39018795,0.31757095,0.4257583
rare,H,word2vec_tiny_50_HYP,0.30184636,0.39218304,0.43882906,0.588957,0.5006128,0.64352524
filth,P,word2vec_tiny_50_HYP,0.25855097,0.31587055,0.33318928,0.42142144,0.36391976,0.45939723
spinach,M,word2vec_tiny_50_HYP,0.20601957,0.26149553,0.2836091,0.34724784,0.32088548,0.39245355
scientific,P,word2vec_tiny_50_HYP,0.22645584,0.26737896,0.26290452,0.2942936,0.27939156,0.30701837
sincerity,M,word2vec_tiny_50_HYP,0.15265939,0.16752146,0.18549404,0.213592,0.200205,0.23133835
policeman,M,word2vec_tiny_50_HYP,0.29579633,0.42116708,0.3908758,0.510163,0.42485335,0.52267814
goalie,M,word2vec_tiny_50_HYP,0.35711184,0.4335259,0.46348125,0.5675936,0.5044088,0.6031161
greet,P,word2vec_tiny_50_HYP,0.4126312,0.48399293,0.49454358,0.52037364,0.5207782,0.53938
improve,P,word2vec_tiny_50_HYP,0.40414667,0.53781736,0.5003013,0.6115379,0.5370452,0.5738989
inform,P,word2vec_tiny_50_HYP,0.20010476,0.20239176,0.23540743,0.2371711,0.25207305,0.25234348
daily,P,word2vec_tiny_50_HYP,0.31779718,0.38185322,0.40630996,0.46585166,0.43867052,0.4758582
plea,P,word2vec_tiny_50_HYP,0.28702232,0.33796746,0.3599298,0.41675156,0.38702926,0.43960956
trio,P,word2vec_tiny_50_HYP,0.31607968,0.36490437,0.35625544,0.40442616,0.3697616,0.41408217
rid,M,word2vec_tiny_50_HYP,0.46462846,0.4846093,0.5190911,0.52645576,0.5405487,0.54860944
master,P,word2vec_tiny_50_HYP,0.35206485,0.35923567,0.40138376,0.43116942,0.42139024,0.45451948
vintage,P,word2vec_tiny_50_HYP,0.2108872,0.2251117,0.23773791,0.24271101,0.24908769,0.25076368
slap,P,word2vec_tiny_50_HYP,0.3657334,0.5050922,0.49365103,0.63340706,0.53365093,0.6520117
contain,P,word2vec_tiny_50_HYP,0.3504415,0.40245223,0.42556912,0.46217403,0.45308137,0.46933314
gesture,P,word2vec_tiny_50_HYP,0.290273,0.3198883,0.38630208,0.41504776,0.4170061,0.43748468
reckless,P,word2vec_tiny_50_HYP,0.28076553,0.3638015,0.4217325,0.5134797,0.46437547,0.53127843
selection,P,word2vec_tiny_50_HYP,0.29832,0.38986942,0.36232898,0.45665655,0.39229462,0.49198887
title,P,word2vec_tiny_50_HYP,0.3555754,0.40696847,0.43046418,0.5043525,0.4643905,0.5450557
knife,P,word2vec_tiny_50_HYP,0.34192473,0.48010147,0.44515437,0.5913771,0.48616937,0.6191665
organize,P,word2vec_tiny_50_HYP,0.34304464,0.4670963,0.47557235,0.65086854,0.5339899,0.69354683
swab,P,word2vec_tiny_50_HYP,0.2825795,0.29721007,0.32284412,0.33042547,0.339983,0.34210503
childish,P,word2vec_tiny_50_HYP,0.32058603,0.4177381,0.41573632,0.4997913,0.4494941,0.5078391
persuade,P,word2vec_tiny_50_HYP,0.29162106,0.31816292,0.40331608,0.43783057,0.44304484,0.48444423
tolerance,P,word2vec_tiny_50_HYP,0.15575409,0.16795643,0.18657587,0.20960166,0.20042983,0.23146756
burglar,M,word2vec_tiny_50_HYP,0.24611592,0.31654128,0.28741953,0.34868497,0.30472594,0.36645448
atmosphere,P,word2vec_tiny_50_HYP,0.30995226,0.3475621,0.39590913,0.47937384,0.42858478,0.5157307
youth,P,word2vec_tiny_50_HYP,0.39949876,0.5087142,0.4982469,0.62924755,0.53257257,0.6370456
rub,P,word2vec_tiny_50_HYP,0.39219275,0.5505056,0.49632603,0.64494264,0.53416616,0.64226526
faint,P,word2vec_tiny_50_HYP,0.31494504,0.36147857,0.3875663,0.45544097,0.42042813,0.4937504
heroism,M,word2vec_tiny_50_HYP,0.18919416,0.2227689,0.22104646,0.2558447,0.23513685,0.2698698
trap,H,word2vec_tiny_50_HYP,0.41606006,0.5743644,0.5075243,0.6574757,0.53832835,0.65594465
courtyard,M,word2vec_tiny_50_HYP,0.32125372,0.37586403,0.37616757,0.4379916,0.39964554,0.4731872
circle,P,word2vec_tiny_50_HYP,0.32355955,0.44245437,0.45744103,0.6074303,0.50306135,0.6435948
flatten,P,word2vec_tiny_50_HYP,0.25054473,0.33483204,0.32399574,0.4314565,0.3567672,0.47541
intention,P,word2vec_tiny_50_HYP,0.27818137,0.29600066,0.32205638,0.33106613,0.33905032,0.33993834
boot,P,word2vec_tiny_50_HYP,0.30183598,0.37597302,0.42076367,0.56446964,0.4733194,0.62634903
spot,P,word2vec_tiny_50_HYP,0.29650325,0.39094922,0.44914833,0.57547253,0.49943718,0.5907004
proud,P,word2vec_tiny_50_HYP,0.40127334,0.4854655,0.49867457,0.54758185,0.5326259,0.5407176
faulty,M,word2vec_tiny_50_HYP,0.23388176,0.25828257,0.27521154,0.2836071,0.29269868,0.294415
artificial,P,word2vec_tiny_50_HYP,0.20250945,0.21865277,0.23953916,0.2532558,0.25355026,0.27073175
corner,P,word2vec_tiny_50_HYP,0.40498862,0.5527588,0.48881218,0.6118926,0.52061576,0.6195434
yawn,P,word2vec_tiny_50_HYP,0.40174276,0.5282577,0.52794164,0.63471955,0.5668431,0.66206926
tape,P,word2vec_tiny_50_HYP,0.30119416,0.43612897,0.4097192,0.56517136,0.4538157,0.5987153
bland,P,word2vec_tiny_50_HYP,0.2373821,0.2879701,0.30246508,0.34462762,0.33784303,0.38659787
tin,P,word2vec_tiny_50_HYP,0.4000741,0.4552597,0.47224984,0.5469988,0.5014995,0.57112366
handy,P,word2vec_tiny_50_HYP,0.39750844,0.380708,0.45207596,0.43301773,0.4735805,0.44881475
gardener,P,word2vec_tiny_50_HYP,0.36807972,0.47846314,0.4404519,0.53554636,0.46879327,0.5482536
enemy,P,word2vec_tiny_50_HYP,0.33310503,0.38008705,0.411615,0.48692447,0.44497195,0.5053915
finger,P,word2vec_tiny_50_HYP,0.2960077,0.38419166,0.41419476,0.5320568,0.4602706,0.56519747
hustle,P,word2vec_tiny_50_HYP,0.3043526,0.38407898,0.38506824,0.47719008,0.41611177,0.49811152
caress,P,word2vec_tiny_50_HYP,0.2289389,0.28906357,0.29625165,0.38037536,0.32354775,0.4157521
theft,M,word2vec_tiny_50_HYP,0.24541862,0.30376613,0.30265486,0.3740929,0.3248155,0.38859516
ungrateful,M,word2vec_tiny_50_HYP,0.29370585,0.36951432,0.4380761,0.5251909,0.48737612,0.5430305
capsule,P,word2vec_tiny_50_HYP,0.26930296,0.23033577,0.30476367,0.25072926,0.31783652,0.26105827
balance,P,word2vec_tiny_50_HYP,0.42981714,0.5438309,0.5321511,0.6894081,0.5712326,0.7153158
conquer,P,word2vec_tiny_50_HYP,0.24986918,0.3096619,0.31683683,0.37972584,0.34984198,0.4043388
rib,H,word2vec_tiny_50_HYP,0.2603773,0.34339905,0.31446156,0.3877989,0.34043923,0.40299302
fertilizer,P,word2vec_tiny_50_HYP,0.26003808,0.3276577,0.33056018,0.4231641,0.3622641,0.46652198
crime,P,word2vec_tiny_50_HYP,0.25488752,0.32028443,0.32564938,0.4221193,0.35464972,0.4505851
twinkle,P,word2vec_tiny_50_HYP,0.34272608,0.3976563,0.43962,0.5110132,0.47503498,0.54117984
rat,P,word2vec_tiny_50_HYP,0.33710283,0.4808374,0.4658561,0.59967744,0.5132038,0.63900715
shade,P,word2vec_tiny_50_HYP,0.42818457,0.5536986,0.5223596,0.6413983,0.56383026,0.65173835
youthful,P,word2vec_tiny_50_HYP,0.22268558,0.26717126,0.2554812,0.31049097,0.27042168,0.3296235
risky,M,word2vec_tiny_50_HYP,0.35793376,0.4462742,0.43728387,0.49383256,0.4639521,0.49860972
cider,M,word2vec_tiny_50_HYP,0.17422293,0.20897308,0.2396461,0.29862818,0.27585453,0.34381044
cinnamon,P,word2vec_tiny_50_HYP,0.2345533,0.28140152,0.29867733,0.3595405,0.33315608,0.3980361
heartfelt,M,word2vec_tiny_50_HYP,0.2509797,0.27412307,0.28494567,0.32790428,0.3018675,0.3247204
painful,P,word2vec_tiny_50_HYP,0.34017146,0.3868858,0.41440722,0.4844381,0.4485009,0.50742435
illusion,P,word2vec_tiny_50_HYP,0.250858,0.27608424,0.29946062,0.32202667,0.3163684,0.3399278
stem,H,word2vec_tiny_50_HYP,0.31272152,0.40056488,0.41460595,0.5390645,0.455551,0.580249
nightmare,P,word2vec_tiny_50_HYP,0.43476576,0.5329724,0.5137004,0.54617727,0.53959775,0.52568775
yell,P,word2vec_tiny_50_HYP,0.3646702,0.51641345,0.49702716,0.6266627,0.54288745,0.63764054
tilt,P,word2vec_tiny_50_HYP,0.32624078,0.43841988,0.39902127,0.5179971,0.4295932,0.54919714
lodge,P,word2vec_tiny_50_HYP,0.31323817,0.30456218,0.35548112,0.3454673,0.37124366,0.35542712
excite,P,word2vec_tiny_50_HYP,0.46118474,0.563425,0.5717654,0.6939569,0.61145043,0.7300127
spruce,H,word2vec_tiny_50_HYP,0.14971443,0.13787669,0.1753784,0.1818923,0.18752985,0.19723724
butterfly,P,word2vec_tiny_50_HYP,0.31106216,0.38684598,0.43176642,0.5510747,0.47886,0.58946115
pal,P,word2vec_tiny_50_HYP,0.33265448,0.3337464,0.38220587,0.3689142,0.40317863,0.38799787
cork,P,word2vec_tiny_50_HYP,0.34861594,0.44763756,0.43223137,0.5349955,0.46594253,0.55797976
ogre,P,word2vec_tiny_50_HYP,0.26649648,0.31572926,0.34329972,0.39781612,0.37283957,0.4268421
underneath,P,word2vec_tiny_50_HYP,0.35138008,0.4816826,0.44515383,0.5307816,0.4810113,0.5555215
appearance,P,word2vec_tiny_50_HYP,0.2894928,0.3196275,0.35892197,0.36118475,0.3869762,0.3844163
cushion,P,word2vec_tiny_50_HYP,0.2720099,0.39377013,0.42260182,0.5681607,0.47665596,0.63728416
squint,P,word2vec_tiny_50_HYP,0.30372587,0.33429444,0.37324193,0.43540448,0.402407,0.47215444
platform,P,word2vec_tiny_50_HYP,0.3606332,0.4947077,0.45323247,0.5978857,0.49346933,0.62562615
foggy,P,word2vec_tiny_50_HYP,0.37576565,0.44799134,0.5080818,0.6140495,0.5490956,0.631149
hen,M,word2vec_tiny_50_HYP,0.2700391,0.32033196,0.42968193,0.53089786,0.5049249,0.6232175
skirt,P,word2vec_tiny_50_HYP,0.26481527,0.3643054,0.38591382,0.5101216,0.44772547,0.58029115
allergic,P,word2vec_tiny_50_HYP,0.42398158,0.46555313,0.49025455,0.53253955,0.5187456,0.5624666
limp,H,word2vec_tiny_50_HYP,0.33849648,0.42445242,0.4095063,0.49469393,0.4404419,0.51317704
splash,P,word2vec_tiny_50_HYP,0.31447625,0.44372207,0.4281676,0.5439025,0.4757818,0.58745515
note,P,word2vec_tiny_50_HYP,0.37119788,0.45575356,0.48314622,0.57017946,0.5248427,0.59809756
sensible,P,word2vec_tiny_50_HYP,0.3037281,0.33603832,0.35424984,0.40822414,0.37574792,0.41727656
rescue,P,word2vec_tiny_50_HYP,0.4131565,0.5645035,0.5378461,0.64890665,0.5728361,0.6181634
paradise,P,word2vec_tiny_50_HYP,0.28738943,0.3271483,0.3563267,0.42922798,0.38903922,0.46643195
verse,H,word2vec_tiny_50_HYP,0.22062545,0.26692927,0.28223586,0.29452026,0.3026751,0.30245888
melt,P,word2vec_tiny_50_HYP,0.367185,0.52086633,0.4907393,0.61892796,0.53895974,0.63588953
brand,P,word2vec_tiny_50_HYP,0.414423,0.4573409,0.4866513,0.51972413,0.5118788,0.5242008
punishment,P,word2vec_tiny_50_HYP,0.3416142,0.40647742,0.40929082,0.4521105,0.4351563,0.46956328
leash,P,word2vec_tiny_50_HYP,0.35122266,0.45043623,0.4631096,0.6094332,0.50613314,0.65671057
strain,H,word2vec_tiny_50_HYP,0.24769291,0.3137357,0.30585304,0.3740859,0.32664397,0.3946319
magnetic,P,word2vec_tiny_50_HYP,0.3032512,0.34918976,0.34622973,0.36754292,0.36495057,0.37301534
candy,P,word2vec_tiny_50_HYP,0.27447474,0.36484894,0.39062908,0.47913095,0.44196418,0.5304625
castle,P,word2vec_tiny_50_HYP,0.33650067,0.48853448,0.46119428,0.6324836,0.5108983,0.66064554
sin,H,word2vec_tiny_50_HYP,0.25538924,0.2547131,0.28728226,0.2862234,0.3002962,0.29405132
washed,P,word2vec_tiny_50_HYP,0.34459123,0.46163505,0.48696768,0.5653061,0.528754,0.57991356
maneuver,P,word2vec_tiny_50_HYP,0.24954112,0.263943,0.28100878,0.28159884,0.29453716,0.2926287
pastry,P,word2vec_tiny_50_HYP,0.22273266,0.30882245,0.35733688,0.45403486,0.42086846,0.5170399
snot,P,word2vec_tiny_50_HYP,0.22329171,0.29829913,0.30534053,0.41859013,0.34026778,0.4612998
recent,P,word2vec_tiny_50_HYP,0.27156433,0.2929774,0.3048643,0.3198611,0.3184227,0.32626835
magnet,P,word2vec_tiny_50_HYP,0.3319165,0.37803093,0.4249092,0.5426627,0.48009536,0.6209573
example,P,word2vec_tiny_50_HYP,0.3612773,0.3467019,0.41274822,0.41223702,0.4362093,0.43291733
plump,H,word2vec_tiny_50_HYP,0.26117107,0.34298804,0.35082868,0.44506782,0.3836005,0.48487455
demon,P,word2vec_tiny_50_HYP,0.14926933,0.15982108,0.17735152,0.19868264,0.18986775,0.21725447
zipper,P,word2vec_tiny_50_HYP,0.32282957,0.42013395,0.44172493,0.5676497,0.49389455,0.63458186
stormy,P,word2vec_tiny_50_HYP,0.31849256,0.38480613,0.40972412,0.48509717,0.45334107,0.5079004
intent,H,word2vec_tiny_50_HYP,0.28701788,0.2832205,0.33308738,0.33660272,0.3494433,0.3537433
kingdom,P,word2vec_tiny_50_HYP,0.29910272,0.412162,0.3847006,0.4847761,0.41925353,0.5055836
tidal,P,word2vec_tiny_50_HYP,0.20586705,0.24378899,0.24841386,0.295577,0.26785138,0.315421
ceremony,P,word2vec_tiny_50_HYP,0.30986112,0.39671853,0.3973415,0.4726353,0.43218216,0.5022569
leader,P,word2vec_tiny_50_HYP,0.3892431,0.4904592,0.49055085,0.57800335,0.5255653,0.5976896
hangman,M,word2vec_tiny_50_HYP,0.29046205,0.30906144,0.34467342,0.38172257,0.36638424,0.40015352
kindly,P,word2vec_tiny_50_HYP,0.3071065,0.38711143,0.37635195,0.4454921,0.40293187,0.4481921
brief,P,word2vec_tiny_50_HYP,0.26790088,0.33789352,0.313514,0.37590384,0.33410046,0.4001677
unpack,P,word2vec_tiny_50_HYP,0.36639866,0.4920796,0.5062236,0.6593225,0.55418813,0.6772539
mansion,P,word2vec_tiny_50_HYP,0.28660682,0.35529816,0.3612449,0.43409938,0.3869553,0.45519653
bun,P,word2vec_tiny_50_HYP,0.36963373,0.46617943,0.46838954,0.58195025,0.50569147,0.61168176
possession,P,word2vec_tiny_50_HYP,0.28263587,0.37021556,0.35199752,0.4098998,0.37864852,0.42864317
teenager,M,word2vec_tiny_50_HYP,0.25451383,0.2812545,0.29283255,0.3130542,0.30815747,0.3230506
broad,P,word2vec_tiny_50_HYP,0.28019166,0.33466348,0.3421371,0.39211875,0.36513534,0.4136338
thick,P,word2vec_tiny_50_HYP,0.38187352,0.46146935,0.49719673,0.62174815,0.5474996,0.6684264
brute,P,word2vec_tiny_50_HYP,0.19572034,0.20082024,0.23399204,0.24286345,0.25044262,0.2635083
gloomy,P,word2vec_tiny_50_HYP,0.36344466,0.4846839,0.4848878,0.6335258,0.53499967,0.6580322
lizard,P,word2vec_tiny_50_HYP,0.29585394,0.40668368,0.42818,0.56870216,0.48404405,0.6327025
ransom,P,word2vec_tiny_50_HYP,0.15774041,0.18434769,0.18287845,0.2077603,0.194145,0.21377432
pap,P,word2vec_tiny_50_HYP,0.32285935,0.38041428,0.37524468,0.4070758,0.3963114,0.43400458
section,P,word2vec_tiny_50_HYP,0.34896094,0.4071892,0.46461108,0.5544782,0.51463145,0.601686
muck,P,word2vec_tiny_50_HYP,0.24392056,0.3140165,0.3248188,0.41825375,0.3571433,0.4528311
wooden,P,word2vec_tiny_50_HYP,0.4410103,0.5593166,0.520025,0.64034647,0.55101794,0.656077
heartbeat,M,word2vec_tiny_50_HYP,0.34277624,0.41386124,0.40746808,0.46753383,0.43713787,0.49527267
sturdy,P,word2vec_tiny_50_HYP,0.34582102,0.40641147,0.4238015,0.4964371,0.45364213,0.51788807
dive,P,word2vec_tiny_50_HYP,0.36102724,0.48385945,0.46310928,0.5710426,0.5094233,0.6014538
smile,P,word2vec_tiny_50_HYP,0.39849883,0.52862805,0.50714624,0.5273752,0.53745675,0.52377445
shelf,P,word2vec_tiny_50_HYP,0.34965187,0.4437722,0.48796093,0.6143055,0.5427303,0.67079264
product,P,word2vec_tiny_50_HYP,0.31149876,0.37607402,0.36765367,0.4351799,0.3887715,0.45037636
frighten,P,word2vec_tiny_50_HYP,0.30606276,0.38964322,0.374577,0.434648,0.40210855,0.4526373
worm,P,word2vec_tiny_50_HYP,0.26732188,0.3614197,0.39203253,0.5451048,0.44409898,0.6022181
eldest,M,word2vec_tiny_50_HYP,0.30062857,0.36392364,0.3689962,0.38423693,0.3908869,0.38871318
ointment,M,word2vec_tiny_50_HYP,0.29007122,0.37266332,0.38068947,0.46609315,0.41605553,0.5003502
chunk,P,word2vec_tiny_50_HYP,0.3042805,0.39666232,0.3702147,0.45041743,0.3993231,0.47935683
glance,P,word2vec_tiny_50_HYP,0.3090543,0.37969783,0.36716416,0.43025136,0.38885263,0.43725517
collar,P,word2vec_tiny_50_HYP,0.30376837,0.391607,0.4347704,0.5821509,0.48982048,0.6477421
toothpick,M,word2vec_tiny_50_HYP,0.27641034,0.33683875,0.3427365,0.44314545,0.37351704,0.4858773
meteor,M,word2vec_tiny_50_HYP,0.30553907,0.39406392,0.3767659,0.47341493,0.40615645,0.5028393
physical,P,word2vec_tiny_50_HYP,0.19102304,0.23931177,0.2433867,0.30483758,0.27017045,0.33874595
windshield,P,word2vec_tiny_50_HYP,0.28122118,0.33823642,0.36128244,0.45465165,0.3962632,0.5034268
filthy,P,word2vec_tiny_50_HYP,0.33616528,0.48305306,0.47719684,0.63914186,0.5276335,0.6741245
rubble,P,word2vec_tiny_50_HYP,0.34588856,0.40146983,0.4174824,0.45501578,0.44935596,0.47254774
timber,P,word2vec_tiny_50_HYP,0.29795107,0.34595793,0.34192312,0.4032092,0.3598352,0.41752797
colleague,M,word2vec_tiny_50_HYP,0.18599446,0.21552543,0.21645124,0.23933743,0.22887577,0.25468302
angry,P,word2vec_tiny_50_HYP,0.370977,0.47857398,0.4910163,0.6316611,0.5333865,0.65888065
cobbler,P,word2vec_tiny_50_HYP,0.23314416,0.23573275,0.26987654,0.2549982,0.2834054,0.26623422
depth,P,word2vec_tiny_50_HYP,0.30536824,0.38367492,0.36701867,0.45714423,0.39284176,0.48335713
screen,P,word2vec_tiny_50_HYP,0.28460532,0.41015756,0.41866645,0.5896293,0.47411254,0.6421616
arrange,P,word2vec_tiny_50_HYP,0.32702187,0.4016102,0.41447452,0.51357293,0.44714203,0.5488714
penny,P,word2vec_tiny_50_HYP,0.31773093,0.3560948,0.4415017,0.5786645,0.4816535,0.5998023
acquire,P,word2vec_tiny_50_HYP,0.15144473,0.16957138,0.18297699,0.20812748,0.19721109,0.22783518
bend,P,word2vec_tiny_50_HYP,0.40940404,0.5507177,0.52996576,0.6694419,0.5719731,0.71074617
cancel,P,word2vec_tiny_50_HYP,0.30602548,0.35525987,0.38347015,0.3884856,0.41416192,0.40282065
squirt,P,word2vec_tiny_50_HYP,0.3511189,0.3997041,0.4305612,0.48445883,0.46367225,0.52555317
mayonnaise,M,word2vec_tiny_50_HYP,0.16164394,0.2081711,0.23230866,0.30870616,0.27354044,0.36379087
chat,P,word2vec_tiny_50_HYP,0.42127433,0.4916732,0.4964062,0.55611145,0.5206297,0.5434158
renew,P,word2vec_tiny_50_HYP,0.1376508,0.14689772,0.16059919,0.18760039,0.17321098,0.20079389
wardrobe,P,word2vec_tiny_50_HYP,0.33070454,0.44053277,0.46026042,0.6066464,0.5131214,0.6619923
cunning,P,word2vec_tiny_50_HYP,0.25500178,0.32291427,0.31794897,0.3905107,0.34563035,0.42514935
liberty,P,word2vec_tiny_50_HYP,0.23078313,0.2618061,0.30103886,0.37399104,0.33063066,0.39643458
vibrant,P,word2vec_tiny_50_HYP,0.23836632,0.33615062,0.32973784,0.43361455,0.36923435,0.4804123
term,P,word2vec_tiny_50_HYP,0.22690073,0.20679706,0.26302588,0.24085847,0.2813721,0.2604517
tar,H,word2vec_tiny_50_HYP,0.31322426,0.387174,0.37671444,0.46576542,0.40469077,0.49621347
cup,P,word2vec_tiny_50_HYP,0.2666809,0.38445988,0.40548787,0.5453012,0.46043998,0.59079236
lawman,M,word2vec_tiny_50_HYP,0.21827936,0.2056153,0.25209773,0.24157251,0.26531392,0.25912073
spa,P,word2vec_tiny_50_HYP,0.35955852,0.40757722,0.4242729,0.44753188,0.4483001,0.46881187
shuffle,P,word2vec_tiny_50_HYP,0.31497982,0.36699718,0.3814453,0.44272935,0.40772972,0.4757221
rust,P,word2vec_tiny_50_HYP,0.2998268,0.41070053,0.38186854,0.48192853,0.41810527,0.5226688
bone,P,word2vec_tiny_50_HYP,0.3784616,0.5205003,0.46880752,0.6218597,0.5074762,0.650037
huddle,P,word2vec_tiny_50_HYP,0.32587877,0.35187542,0.38669834,0.34345195,0.4086335,0.33438075
coffin,M,word2vec_tiny_50_HYP,0.27097097,0.30591565,0.31563216,0.3252886,0.3326722,0.33896908
annual,P,word2vec_tiny_50_HYP,0.26662222,0.3351596,0.33595973,0.42237535,0.37044448,0.459479
poop,H,word2vec_tiny_50_HYP,0.34639832,0.4187219,0.43266088,0.49679708,0.46653566,0.54104424
carbon,P,word2vec_tiny_50_HYP,0.21160884,0.051222917,0.26634625,0.17580178,0.31781626,0.34881353
tiresome,P,word2vec_tiny_50_HYP,0.16201308,0.18758556,0.18807979,0.21688502,0.19976196,0.23400195
octopus,P,word2vec_tiny_50_HYP,0.18874894,0.25626895,0.33158988,0.4485647,0.4053045,0.54299104
spout,P,word2vec_tiny_50_HYP,0.30962554,0.3866307,0.4003698,0.49102506,0.43668336,0.5315723
dibs,P,word2vec_tiny_50_HYP,0.27167282,0.2813668,0.31876782,0.31723842,0.33715212,0.3294759
illegal,P,word2vec_tiny_50_HYP,0.29556587,0.35034713,0.35123593,0.40740085,0.37496474,0.4325997
map,P,word2vec_tiny_50_HYP,0.36813623,0.4820871,0.48198414,0.6205276,0.52318025,0.6532818
nearby,P,word2vec_tiny_50_HYP,0.40927902,0.46325356,0.47406894,0.50546134,0.4957193,0.516565
precision,P,word2vec_tiny_50_HYP,0.24318305,0.30690023,0.30811623,0.4048627,0.3340812,0.4396314
everyday,P,word2vec_tiny_50_HYP,0.4332632,0.52544945,0.5242245,0.559548,0.5484552,0.5237432
bake,P,word2vec_tiny_50_HYP,0.31797644,0.40227875,0.44198775,0.5275679,0.49018326,0.5503424
disappoint,P,word2vec_tiny_50_HYP,0.36775365,0.40224063,0.45192397,0.48021382,0.48001245,0.49708158
ingenious,P,word2vec_tiny_50_HYP,0.15535475,0.17486557,0.1848908,0.20044866,0.1978025,0.21919228
pride,P,word2vec_tiny_50_HYP,0.2882047,0.3731726,0.38500375,0.45400703,0.41745767,0.45665014
bat,H,word2vec_tiny_50_HYP,0.3817193,0.4216183,0.4966721,0.61446184,0.5402048,0.64448845
version,P,word2vec_tiny_50_HYP,0.2866457,0.28651837,0.35292858,0.3606382,0.3787163,0.39388898
thirsty,P,word2vec_tiny_50_HYP,0.41781893,0.55672514,0.54388607,0.67489105,0.5853058,0.68995047
equipment,P,word2vec_tiny_50_HYP,0.37439033,0.5190549,0.45553142,0.60797346,0.49784827,0.65673083
disgust,P,word2vec_tiny_50_HYP,0.23378722,0.31347743,0.30936584,0.42277455,0.33856064,0.45915094
organic,P,word2vec_tiny_50_HYP,0.19655332,0.22673155,0.23755878,0.28992325,0.25698552,0.31112713
launch,H,word2vec_tiny_50_HYP,0.3970281,0.4859394,0.49202406,0.58334297,0.52292824,0.616884
clue,P,word2vec_tiny_50_HYP,0.41553012,0.5339042,0.524252,0.6332029,0.5567153,0.63084954
modest,P,word2vec_tiny_50_HYP,0.2752028,0.35671154,0.41506326,0.55134404,0.4890352,0.62438095
novelist,M,word2vec_tiny_50_HYP,0.17118588,0.1813488,0.19614086,0.21246572,0.20817661,0.22274528
beige,M,word2vec_tiny_50_HYP,0.26633725,0.29918367,0.31128457,0.3615686,0.33110923,0.374915
tap,H,word2vec_tiny_50_HYP,0.34712034,0.45666108,0.46766347,0.6135687,0.5139042,0.6484085
courageous,M,word2vec_tiny_50_HYP,0.27706194,0.36646992,0.34745458,0.44010815,0.3758116,0.45248422
bounty,P,word2vec_tiny_50_HYP,0.29420376,0.3244517,0.35731238,0.39482012,0.3819278,0.41440988
nerve,P,word2vec_tiny_50_HYP,0.22474667,0.22724007,0.25432047,0.26317137,0.26627713,0.26446113
brew,P,word2vec_tiny_50_HYP,0.2739699,0.33233452,0.35569042,0.43069527,0.38850078,0.46379206
balloon,P,word2vec_tiny_50_HYP,0.36540547,0.50573564,0.48456025,0.63345927,0.5260177,0.6700105
neighbor,P,word2vec_tiny_50_HYP,0.34520966,0.41102687,0.462346,0.48855546,0.50188667,0.5115818
pepperoni,M,word2vec_tiny_50_HYP,0.2757138,0.33244056,0.3939887,0.4156422,0.44197983,0.46452314
volcano,P,word2vec_tiny_50_HYP,0.36511216,0.5013369,0.46555564,0.6224776,0.50968975,0.6630137
instructor,M,word2vec_tiny_50_HYP,0.26594365,0.3421446,0.31898528,0.40255037,0.34161958,0.43115786
worthwhile,M,word2vec_tiny_50_HYP,0.21061802,0.23731816,0.25491017,0.29612395,0.27751803,0.32545826
photograph,P,word2vec_tiny_50_HYP,0.27933022,0.3361494,0.31563425,0.3895397,0.33168837,0.40364987
safari,P,word2vec_tiny_50_HYP,0.3376526,0.4434962,0.4683322,0.6172722,0.52471626,0.67352515
startle,P,word2vec_tiny_50_HYP,0.27906868,0.33293706,0.33049574,0.36764014,0.3512786,0.4020125
rubbish,P,word2vec_tiny_50_HYP,0.32039794,0.431922,0.43084565,0.5417938,0.46868843,0.5673163
devious,P,word2vec_tiny_50_HYP,0.23808472,0.26076064,0.27045634,0.2820262,0.28408048,0.28827694
unwanted,M,word2vec_tiny_50_HYP,0.2539935,0.29618812,0.3086215,0.35470933,0.33454597,0.38361377
poetry,P,word2vec_tiny_50_HYP,0.27753133,0.33946168,0.3310402,0.41491455,0.35346115,0.4411589
flick,P,word2vec_tiny_50_HYP,0.35572633,0.4384527,0.4416022,0.54815614,0.48133048,0.59095556
sculpture,P,word2vec_tiny_50_HYP,0.3188348,0.37450317,0.3956417,0.4746389,0.43158364,0.5162089
burden,H,word2vec_tiny_50_HYP,0.32496864,0.2860861,0.37335083,0.3450934,0.3925817,0.37385154
dependent,P,word2vec_tiny_50_HYP,0.25232098,0.23213221,0.2809652,0.25854856,0.2938659,0.2724562
enjoyable,M,word2vec_tiny_50_HYP,0.32895604,0.3609559,0.39775017,0.4245278,0.42486855,0.4350829
bandit,P,word2vec_tiny_50_HYP,0.28270808,0.345799,0.33658385,0.40404496,0.35988402,0.41954166
commotion,P,word2vec_tiny_50_HYP,0.4037105,0.4594928,0.47552502,0.499854,0.5022273,0.5273876
rum,M,word2vec_tiny_50_HYP,0.27389276,0.34401375,0.35057476,0.4154075,0.38068467,0.41182867
conclusion,P,word2vec_tiny_50_HYP,0.2632981,0.2735263,0.302364,0.3050382,0.31916866,0.3220708
shock,H,word2vec_tiny_50_HYP,0.41603383,0.49358132,0.49425033,0.60346925,0.52280164,0.5925686
horde,P,word2vec_tiny_50_HYP,0.25892648,0.3032753,0.30240116,0.3402974,0.3179376,0.35933027
menu,P,word2vec_tiny_50_HYP,0.37829754,0.49360552,0.48931083,0.5969549,0.53373927,0.6427655
technology,P,word2vec_tiny_50_HYP,0.27221188,0.3302174,0.31864968,0.37891477,0.34047917,0.40549853
arrival,P,word2vec_tiny_50_HYP,0.30073038,0.36911693,0.37675846,0.4458696,0.40668404,0.4774834
weakness,P,word2vec_tiny_50_HYP,0.27493247,0.30181682,0.32254243,0.33770025,0.34707278,0.36000144
claim,P,word2vec_tiny_50_HYP,0.34505552,0.37986973,0.39668652,0.44243145,0.4163632,0.45089796
dusk,M,word2vec_tiny_50_HYP,0.27685186,0.33503318,0.3352866,0.41381398,0.36065537,0.44450927
miraculous,P,word2vec_tiny_50_HYP,0.31110504,0.36665848,0.3894171,0.4268547,0.41455546,0.4491412
snort,P,word2vec_tiny_50_HYP,0.26769385,0.32986078,0.3412075,0.43559852,0.3839192,0.4731076
fragrance,P,word2vec_tiny_50_HYP,0.2297571,0.34458092,0.33118397,0.45444492,0.3721843,0.49092558
wilderness,P,word2vec_tiny_50_HYP,0.27799425,0.33340722,0.33784243,0.4170036,0.36504006,0.44063056
swing,P,word2vec_tiny_50_HYP,0.3332441,0.4734402,0.47806036,0.6295431,0.52671003,0.6680533
rodeo,M,word2vec_tiny_50_HYP,0.19833717,0.20859772,0.23142143,0.24821809,0.2445095,0.25909606
turnip,P,word2vec_tiny_50_HYP,0.2626621,0.29268834,0.31829047,0.3607729,0.34673867,0.40561634
bash,P,word2vec_tiny_50_HYP,0.22416094,0.25134262,0.2634272,0.30262682,0.28012058,0.3113847
energetic,P,word2vec_tiny_50_HYP,0.3521673,0.47618496,0.42764515,0.48083633,0.45125023,0.46337387
resolve,P,word2vec_tiny_50_HYP,0.2284576,0.27013054,0.3039713,0.33556333,0.33523965,0.37334302
string,P,word2vec_tiny_50_HYP,0.27710587,0.40152732,0.41589475,0.57033587,0.4714045,0.61920583
attract,P,word2vec_tiny_50_HYP,0.3618541,0.45866534,0.44177154,0.5030634,0.47255626,0.5344696
ordeal,P,word2vec_tiny_50_HYP,0.18447635,0.21585663,0.21402454,0.24083471,0.22738618,0.2535243
luxury,P,word2vec_tiny_50_HYP,0.4685243,0.56263584,0.5448155,0.64783925,0.5717315,0.63885874
embassy,P,word2vec_tiny_50_HYP,0.14674164,0.15527609,0.17419903,0.19696501,0.18768431,0.21629812
glove,P,word2vec_tiny_50_HYP,0.26393414,0.36121452,0.3934694,0.5284497,0.4522647,0.60594326
personal,P,word2vec_tiny_50_HYP,0.2543958,0.29995644,0.31605765,0.37851548,0.33931723,0.4037516
claw,P,word2vec_tiny_50_HYP,0.35942584,0.48973134,0.4606109,0.5900667,0.50059754,0.6139405
mannequin,P,word2vec_tiny_50_HYP,0.26839772,0.25864425,0.315465,0.31411666,0.3347607,0.31502712
nudge,P,word2vec_tiny_50_HYP,0.28027532,0.3480539,0.3625401,0.44726753,0.39762533,0.4884193
washroom,M,word2vec_tiny_50_HYP,0.20879924,0.24714495,0.25930524,0.28508276,0.27942717,0.29527164
rally,H,word2vec_tiny_50_HYP,0.20945995,0.23372267,0.24735528,0.27190864,0.26326755,0.2862648
estate,P,word2vec_tiny_50_HYP,0.20042333,0.22617336,0.23278007,0.2636891,0.2458699,0.2711243
stomp,P,word2vec_tiny_50_HYP,0.4138287,0.50044173,0.50013137,0.60438156,0.53088117,0.6155173
safety,P,word2vec_tiny_50_HYP,0.38763985,0.4430043,0.4501065,0.47696173,0.47372466,0.48053217
unwilling,P,word2vec_tiny_50_HYP,0.23458163,0.22416444,0.27406928,0.27038124,0.28794765,0.28572896
clip,H,word2vec_tiny_50_HYP,0.32564968,0.40523008,0.4097245,0.52663815,0.44354427,0.55766326
mayor,M,word2vec_tiny_50_HYP,0.32632583,0.4220185,0.4100565,0.5048919,0.4428185,0.52540755
machine,P,word2vec_tiny_50_HYP,0.35879272,0.48283908,0.46166432,0.59810686,0.49983224,0.62411517
honesty,P,word2vec_tiny_50_HYP,0.27826744,0.30438703,0.35243088,0.37001556,0.38102788,0.3896671
genie,M,word2vec_tiny_50_HYP,0.42303452,0.4782154,0.50978136,0.53207487,0.53683335,0.53090656
sharp,P,word2vec_tiny_50_HYP,0.37583405,0.5078156,0.47921577,0.59476054,0.52173924,0.6277802
plaid,P,word2vec_tiny_50_HYP,0.2576304,0.33768445,0.35034913,0.43582323,0.39804503,0.49895713
smother,P,word2vec_tiny_50_HYP,0.22246441,0.2374232,0.2578517,0.2603755,0.27144778,0.2736651
rate,H,word2vec_tiny_50_HYP,0.20893392,0.25354248,0.2384677,0.29683447,0.25111648,0.31681675
bonfire,M,word2vec_tiny_50_HYP,0.31722823,0.41170257,0.39437103,0.48649052,0.4231926,0.51033205
yoga,P,word2vec_tiny_50_HYP,0.38190222,0.49486077,0.4917052,0.59846866,0.5308118,0.6072139
tablet,P,word2vec_tiny_50_HYP,0.3169627,0.39165813,0.45099822,0.5584224,0.5045706,0.61560726
calendar,P,word2vec_tiny_50_HYP,0.30793825,0.38030776,0.41000462,0.5269617,0.46304566,0.6098455
pawn,H,word2vec_tiny_50_HYP,0.35696894,0.44376794,0.4414785,0.53342474,0.46813834,0.5482752
limbo,H,word2vec_tiny_50_HYP,0.19926722,0.20897996,0.23631348,0.24989498,0.25428993,0.26443282
background,P,word2vec_tiny_50_HYP,0.35996246,0.4161614,0.43414414,0.501437,0.46559972,0.5414132
endless,P,word2vec_tiny_50_HYP,0.33639792,0.39797264,0.3859306,0.46171412,0.41161168,0.4815849
tag,H,word2vec_tiny_50_HYP,0.4254396,0.53597337,0.55487853,0.6812871,0.59073603,0.6750687
needle,P,word2vec_tiny_50_HYP,0.31216204,0.45139217,0.43287036,0.584203,0.47890836,0.62733823
attach,P,word2vec_tiny_50_HYP,0.33487695,0.4768457,0.4653656,0.641021,0.5232201,0.6870763
catfish,M,word2vec_tiny_50_HYP,0.30182114,0.3790569,0.36017337,0.4395914,0.38760325,0.46887505
slick,H,word2vec_tiny_50_HYP,0.32300743,0.38106292,0.38122854,0.44490018,0.40721938,0.47196656
seat,P,word2vec_tiny_50_HYP,0.36270952,0.5036697,0.46539727,0.6297534,0.5113392,0.66759163
yarn,P,word2vec_tiny_50_HYP,0.3645158,0.4875672,0.46728417,0.6159162,0.5093605,0.6579988
outburst,M,word2vec_tiny_50_HYP,0.2276645,0.29294208,0.2709833,0.32989386,0.288659,0.35023478
diamond,P,word2vec_tiny_50_HYP,0.21979769,0.31841594,0.4025494,0.5606332,0.46910882,0.6219917
lipstick,M,word2vec_tiny_50_HYP,0.3775182,0.4729388,0.47278348,0.5842046,0.5106012,0.6208283
bead,P,word2vec_tiny_50_HYP,0.3243042,0.41957864,0.40808427,0.53544915,0.4471046,0.57214606
staircase,M,word2vec_tiny_50_HYP,0.31640735,0.3841346,0.42798883,0.49899122,0.46386993,0.5340746
medicine,P,word2vec_tiny_50_HYP,0.3262144,0.4133257,0.4280674,0.53126496,0.46928975,0.5632517
penalty,P,word2vec_tiny_50_HYP,0.24837391,0.27286083,0.28425848,0.30402347,0.2995518,0.30654466
hydrant,M,word2vec_tiny_50_HYP,0.29461247,0.37613046,0.3823783,0.49742565,0.42323294,0.524755
baboon,M,word2vec_tiny_50_HYP,0.15340304,0.16633484,0.17955077,0.20108597,0.19178504,0.21387485
holler,P,word2vec_tiny_50_HYP,0.18491976,0.19430847,0.21149665,0.22899963,0.22288361,0.24222574
nap,H,word2vec_tiny_50_HYP,0.33962455,0.42816314,0.48882237,0.5968472,0.54398596,0.61356443
pattern,P,word2vec_tiny_50_HYP,0.3568415,0.46216667,0.4388345,0.5688324,0.4767425,0.5998498
banjo,M,word2vec_tiny_50_HYP,0.26335227,0.34141183,0.30891606,0.3742285,0.3269864,0.39575708
warehouse,P,word2vec_tiny_50_HYP,0.32425824,0.4125395,0.37984735,0.46137676,0.40526426,0.48630947
exotic,P,word2vec_tiny_50_HYP,0.2751948,0.34549206,0.3625096,0.4701876,0.4022882,0.5036401
dodo,P,word2vec_tiny_50_HYP,0.22897899,0.28891417,0.3358955,0.42957696,0.39881852,0.5017081
sap,H,word2vec_tiny_50_HYP,0.35249573,0.4407883,0.4199058,0.5180403,0.44850132,0.5438285
elegant,P,word2vec_tiny_50_HYP,0.28779078,0.35739267,0.35913983,0.46481636,0.38878226,0.49926063
speed,P,word2vec_tiny_50_HYP,0.34024915,0.44640717,0.44703212,0.54086447,0.48767167,0.5679429
wax,H,word2vec_tiny_50_HYP,0.35533616,0.44299906,0.4248294,0.49753964,0.4552319,0.5324357
sapphire,P,word2vec_tiny_50_HYP,0.3258366,0.4225731,0.38030207,0.45901993,0.40261677,0.4730032
camel,M,word2vec_tiny_50_HYP,0.36609775,0.42497256,0.48030904,0.55107397,0.5249896,0.61197245
system,P,word2vec_tiny_50_HYP,0.3063663,0.3895141,0.38418388,0.49351346,0.41558036,0.5185354
freshen,P,word2vec_tiny_50_HYP,0.15161735,0.16161811,0.177251,0.18862101,0.18832192,0.20254673
silent,P,word2vec_tiny_50_HYP,0.40583444,0.4844991,0.4682789,0.5388988,0.49290666,0.5377051
checkup,M,word2vec_tiny_50_HYP,0.31364402,0.37995902,0.42670763,0.5094687,0.47766763,0.5591748
weaken,P,word2vec_tiny_50_HYP,0.19464402,0.20045416,0.22223015,0.23580202,0.23367065,0.24284248
chatter,P,word2vec_tiny_50_HYP,0.34347814,0.4074576,0.41848835,0.500722,0.45465901,0.528207
approval,P,word2vec_tiny_50_HYP,0.30045745,0.37196347,0.35994288,0.4013606,0.38340837,0.41314882
blow,H,word2vec_tiny_50_HYP,0.42746156,0.5885424,0.5315578,0.66973,0.5676634,0.68212545
poet,P,word2vec_tiny_50_HYP,0.2980009,0.3416755,0.36802062,0.43751,0.39513564,0.45576015
teamwork,M,word2vec_tiny_50_HYP,0.35545647,0.31577733,0.43403682,0.37656298,0.46830657,0.3982793
ripple,P,word2vec_tiny_50_HYP,0.251839,0.29398635,0.33546266,0.41303226,0.37211105,0.45959198
brig,P,word2vec_tiny_50_HYP,0.21798344,0.2271704,0.25687698,0.25563338,0.27326593,0.26515853
empire,P,word2vec_tiny_50_HYP,0.20278855,0.2609151,0.2504098,0.22233593,0.28052783,0.3467274
rightful,P,word2vec_tiny_50_HYP,0.3618583,0.42148292,0.4205106,0.4465778,0.44416466,0.45431432
overseas,P,word2vec_tiny_50_HYP,0.23864882,0.28669134,0.28076005,0.2914916,0.2964348,0.2962242
tickle,P,word2vec_tiny_50_HYP,0.3635742,0.43167922,0.46730527,0.5350878,0.5028027,0.5683152
spook,P,word2vec_tiny_50_HYP,0.19764431,0.22295876,0.23540096,0.25849074,0.24937433,0.27124605
material,P,word2vec_tiny_50_HYP,0.34843755,0.42955574,0.41599715,0.5016473,0.44360265,0.52292305
trade,P,word2vec_tiny_50_HYP,0.41468343,0.5483846,0.5286068,0.6599332,0.5677745,0.6654598
chill,P,word2vec_tiny_50_HYP,0.3159533,0.39261192,0.39670196,0.44677526,0.43022168,0.48227838
award,P,word2vec_tiny_50_HYP,0.22950533,0.30957574,0.31267166,0.4047867,0.34459335,0.4384414
waterfall,M,word2vec_tiny_50_HYP,0.33967757,0.39866477,0.41903657,0.5042253,0.45408893,0.5303565
nightly,P,word2vec_tiny_50_HYP,0.27420253,0.36334637,0.3203005,0.38575113,0.3381855,0.38768536
force,P,word2vec_tiny_50_HYP,0.37071246,0.42035598,0.41888767,0.4508504,0.4388605,0.47020206
extreme,P,word2vec_tiny_50_HYP,0.1459404,0.16527715,0.17141683,0.19849221,0.18257461,0.21269959
shiver,H,word2vec_tiny_50_HYP,0.3563673,0.49910486,0.4877712,0.6149002,0.5317008,0.62582207
portion,P,word2vec_tiny_50_HYP,0.2479167,0.28930798,0.31060672,0.33061773,0.34026435,0.38256165
lull,P,word2vec_tiny_50_HYP,0.20518878,0.2280991,0.24974182,0.2738775,0.26775968,0.2895214
gut,P,word2vec_tiny_50_HYP,0.24792485,0.2922257,0.3277632,0.37097552,0.3544587,0.39190957
crawl,P,word2vec_tiny_50_HYP,0.42505926,0.5784422,0.52404356,0.67884666,0.56486017,0.6864223
verb,M,word2vec_tiny_50_HYP,0.26548833,0.32373866,0.34421527,0.41501597,0.37577742,0.45774004
treatment,P,word2vec_tiny_50_HYP,0.25196776,0.31113893,0.3245464,0.41309106,0.3523652,0.42508614
surrender,P,word2vec_tiny_50_HYP,0.412465,0.54829985,0.49760303,0.608397,0.5245256,0.5931541
applaud,P,word2vec_tiny_50_HYP,0.35376975,0.43217635,0.50606406,0.618639,0.55164313,0.6324907
dairy,P,word2vec_tiny_50_HYP,0.26600185,0.28281987,0.3194952,0.3319763,0.3417281,0.3748094
roadblock,P,word2vec_tiny_50_HYP,0.17301358,0.21127816,0.19838877,0.23503897,0.2106534,0.24692614
carve,P,word2vec_tiny_50_HYP,0.3659419,0.44953445,0.44985393,0.5150599,0.4835712,0.54838526
colorful,P,word2vec_tiny_50_HYP,0.33853284,0.43101007,0.4573143,0.6106873,0.5128664,0.6667209
petite,P,word2vec_tiny_50_HYP,0.27146772,0.27196842,0.31119955,0.3043599,0.32692716,0.3216706
struggle,P,word2vec_tiny_50_HYP,0.42442068,0.5330679,0.52979666,0.6708732,0.5691359,0.68692726
cluster,P,word2vec_tiny_50_HYP,0.25937146,0.3235461,0.31960672,0.42510495,0.34898672,0.45851952
motivate,M,word2vec_tiny_50_HYP,0.16588765,0.19111894,0.19996384,0.23584053,0.22239046,0.26025462
wizard,P,word2vec_tiny_50_HYP,0.28494903,0.38422334,0.37308633,0.48204884,0.4044428,0.49770844
creator,P,word2vec_tiny_50_HYP,0.28863803,0.34918463,0.34158647,0.38236406,0.36406884,0.4019738
bump,P,word2vec_tiny_50_HYP,0.3927662,0.49122798,0.4935951,0.568321,0.52964795,0.600985
greasy,P,word2vec_tiny_50_HYP,0.22998095,0.32130444,0.29396126,0.40256464,0.3220569,0.43345702
buzzer,M,word2vec_tiny_50_HYP,0.31545535,0.38926688,0.39875314,0.49065587,0.42836326,0.5073225
zombie,P,word2vec_tiny_50_HYP,0.29748973,0.336716,0.33726022,0.3951183,0.35304755,0.41210458
payment,P,word2vec_tiny_50_HYP,0.27022523,0.33578604,0.32132158,0.404216,0.34609142,0.42557794
almond,P,word2vec_tiny_50_HYP,0.20191658,0.22394969,0.25190467,0.2856136,0.2826251,0.3364459
cling,P,word2vec_tiny_50_HYP,0.2560207,0.30955052,0.2973484,0.3328877,0.31437448,0.33966297
grin,P,word2vec_tiny_50_HYP,0.35607308,0.4242198,0.4528226,0.45957085,0.48149732,0.47647873
terrific,P,word2vec_tiny_50_HYP,0.3003025,0.37679246,0.35065228,0.40175143,0.37257463,0.41795072
absence,P,word2vec_tiny_50_HYP,0.20459428,0.24632992,0.2523231,0.3203203,0.27221027,0.34504557
examine,P,word2vec_tiny_50_HYP,0.40640277,0.5555949,0.5192282,0.6950834,0.5658574,0.72598094
unlucky,P,word2vec_tiny_50_HYP,0.35825676,0.4249988,0.42409378,0.48783404,0.44717467,0.48374054
creative,P,word2vec_tiny_50_HYP,0.3460973,0.45796004,0.47323352,0.6163921,0.52537745,0.6442127
rake,H,word2vec_tiny_50_HYP,0.34277922,0.49031126,0.4441621,0.6054137,0.4894507,0.6529217
container,P,word2vec_tiny_50_HYP,0.31107068,0.40470666,0.3865174,0.48116988,0.42168915,0.50965095
text,P,word2vec_tiny_50_HYP,0.24638048,0.29129863,0.2956938,0.3493869,0.3167424,0.3541671
prowl,P,word2vec_tiny_50_HYP,0.2112112,0.23461875,0.24217999,0.26217124,0.2558411,0.27431077
bully,H,word2vec_tiny_50_HYP,0.36417684,0.42880645,0.4431455,0.51879543,0.4745134,0.53519094
cherry,P,word2vec_tiny_50_HYP,0.21065895,0.2557243,0.37335557,0.48310938,0.44241342,0.5489268
waiter,P,word2vec_tiny_50_HYP,0.3504464,0.47040322,0.443243,0.5114418,0.482835,0.53498006
daybreak,M,word2vec_tiny_50_HYP,0.21643956,0.22235565,0.2501454,0.25170845,0.2646704,0.2682949
witty,P,word2vec_tiny_50_HYP,0.21151333,0.22475426,0.24371044,0.24827579,0.25663257,0.25618878
fate,P,word2vec_tiny_50_HYP,0.252635,0.2999798,0.3156969,0.3824108,0.34513518,0.40775073
wart,P,word2vec_tiny_50_HYP,0.27803144,0.35811237,0.34965354,0.4448649,0.38179427,0.48171154
invent,P,word2vec_tiny_50_HYP,0.3032307,0.3676634,0.38041705,0.4494469,0.4143036,0.49932638
knock,P,word2vec_tiny_50_HYP,0.45587978,0.569965,0.57040495,0.6782344,0.60372925,0.68137866
sometime,P,word2vec_tiny_50_HYP,0.4422323,0.48768234,0.512213,0.47999346,0.53419083,0.4672775
playful,P,word2vec_tiny_50_HYP,0.2805869,0.3684846,0.44204253,0.5763432,0.5169617,0.6354293
crumble,P,word2vec_tiny_50_HYP,0.2928174,0.3550952,0.3924362,0.49270827,0.43011668,0.5258107
slide,P,word2vec_tiny_50_HYP,0.32231063,0.45904145,0.48604295,0.6286329,0.53842926,0.6573748
muzzle,P,word2vec_tiny_50_HYP,0.23814623,0.32405373,0.30347174,0.41087282,0.33171523,0.43730092
unclear,M,word2vec_tiny_50_HYP,0.11334653,0.14142233,0.13822037,0.17062415,0.1496758,0.19215572
noodle,H,word2vec_tiny_50_HYP,0.37201846,0.4155442,0.4467538,0.43102846,0.48094746,0.48268217
kite,P,word2vec_tiny_50_HYP,0.33921546,0.45259458,0.47380653,0.62453085,0.5191181,0.6645396
shark,H,word2vec_tiny_50_HYP,0.20852809,0.2658075,0.34676385,0.45514297,0.421667,0.53813595
seek,P,word2vec_tiny_50_HYP,0.40281147,0.5449893,0.544419,0.65595186,0.5872464,0.6633374
asleep,P,word2vec_tiny_50_HYP,0.34033626,0.41518855,0.4745518,0.5326378,0.5209871,0.54403573
obedience,P,word2vec_tiny_50_HYP,0.19177766,0.23654132,0.26418507,0.32211825,0.2997597,0.35003987
regardless,P,word2vec_tiny_50_HYP,0.23368211,0.27300984,0.286579,0.31282693,0.3128118,0.3577685
carousel,P,word2vec_tiny_50_HYP,0.35324517,0.45883262,0.46642438,0.59623706,0.5070763,0.6257513
wink,P,word2vec_tiny_50_HYP,0.43224907,0.5980808,0.5055683,0.598977,0.53127474,0.5744519
departure,P,word2vec_tiny_50_HYP,0.31388372,0.39452133,0.36291,0.41923115,0.38304412,0.43575972
injection,P,word2vec_tiny_50_HYP,0.2563932,0.3004017,0.335085,0.420387,0.3689872,0.4289046
support,P,word2vec_tiny_50_HYP,0.39215928,0.54438543,0.5038572,0.5826121,0.5335277,0.5525708
mammal,M,word2vec_tiny_50_HYP,0.27562392,0.29577422,0.3073408,0.30787554,0.31964186,0.3176157
wisdom,P,word2vec_tiny_50_HYP,0.36523336,0.47735828,0.45685792,0.55866855,0.48836648,0.5511597
argue,P,word2vec_tiny_50_HYP,0.39460295,0.53008455,0.5440666,0.6652497,0.58740157,0.66034317
unlock,P,word2vec_tiny_50_HYP,0.34592265,0.4982025,0.48957106,0.6478902,0.5451296,0.6911155
quality,P,word2vec_tiny_50_HYP,0.2996786,0.30732834,0.36261123,0.36913192,0.38856944,0.39954334
appendix,P,word2vec_tiny_50_HYP,0.14703529,0.15486413,0.17341429,0.18713398,0.18552855,0.20558982
finale,P,word2vec_tiny_50_HYP,0.29690963,0.36535355,0.3528184,0.42603868,0.38009453,0.45266786
popular,P,word2vec_tiny_50_HYP,0.3405073,0.38625878,0.45970947,0.5692475,0.51645416,0.6499332
excellence,P,word2vec_tiny_50_HYP,0.20245259,0.23636061,0.24059418,0.29414418,0.26021546,0.3223105
hesitation,M,word2vec_tiny_50_HYP,0.35164005,0.385243,0.41248268,0.4423267,0.43428627,0.4516636
vineyard,M,word2vec_tiny_50_HYP,0.28703237,0.37025768,0.35093674,0.45661578,0.37620655,0.4816324
remedy,P,word2vec_tiny_50_HYP,0.2772826,0.35907036,0.32136118,0.40306816,0.34148186,0.41382018
charm,P,word2vec_tiny_50_HYP,0.30930495,0.37060806,0.36743617,0.44411656,0.39022264,0.44794005
crate,P,word2vec_tiny_50_HYP,0.33936062,0.4155666,0.41199318,0.48869655,0.43791658,0.50515896
twin,P,word2vec_tiny_50_HYP,0.48195186,0.5978065,0.5760511,0.5788292,0.60213166,0.5813456
post,H,word2vec_tiny_50_HYP,0.36987668,0.5129558,0.4794367,0.6375181,0.5215106,0.67215604
descent,P,word2vec_tiny_50_HYP,0.23039472,0.3142269,0.2906186,0.37484783,0.31616384,0.39312422
handbag,P,word2vec_tiny_50_HYP,0.2962249,0.368778,0.34006393,0.42616114,0.35991684,0.43825814
scenery,P,word2vec_tiny_50_HYP,0.29767653,0.36213958,0.38961503,0.48448285,0.42622897,0.52366066
chant,P,word2vec_tiny_50_HYP,0.3398115,0.42890155,0.41674998,0.4932199,0.44323504,0.5191481
lush,P,word2vec_tiny_50_HYP,0.27367404,0.35417253,0.36804286,0.45339906,0.40880558,0.49852118
fond,P,word2vec_tiny_50_HYP,0.41845727,0.4868464,0.47776422,0.5291806,0.50113755,0.52919817
grape,P,word2vec_tiny_50_HYP,0.20888694,0.27222407,0.35184756,0.4749469,0.4230365,0.5544026
treasure,P,word2vec_tiny_50_HYP,0.3336266,0.434803,0.4647924,0.62603223,0.51345915,0.6547396
bladder,P,word2vec_tiny_50_HYP,0.2003146,0.1980042,0.23709005,0.234302,0.25139764,0.25147057
dozen,P,word2vec_tiny_50_HYP,0.28562167,0.31913963,0.3476328,0.4239007,0.37475532,0.45055258
tab,P,word2vec_tiny_50_HYP,0.28656292,0.36381638,0.34814683,0.43962157,0.37926638,0.47445995
harm,P,word2vec_tiny_50_HYP,0.33734435,0.36910975,0.39715412,0.41676348,0.41994572,0.42999262
permanent,P,word2vec_tiny_50_HYP,0.33862188,0.42664587,0.3856704,0.44411683,0.40562776,0.46217856
shutter,P,word2vec_tiny_50_HYP,0.32035953,0.38276315,0.37352613,0.42720327,0.3935544,0.43693954
outcome,M,word2vec_tiny_50_HYP,0.2602053,0.33045998,0.3118334,0.3716631,0.33506915,0.39633223
warming,P,word2vec_tiny_50_HYP,0.3181346,0.36073983,0.4062548,0.4534079,0.44230348,0.496372
artistic,P,word2vec_tiny_50_HYP,0.30063978,0.37695798,0.36117074,0.4278878,0.3848205,0.44927067
dinosaur,P,word2vec_tiny_50_HYP,0.308956,0.3777819,0.46046153,0.60050046,0.5163822,0.6596771
cranberry,P,word2vec_tiny_50_HYP,0.15177867,0.1945576,0.22547184,0.3020306,0.2654681,0.34881368
prove,P,word2vec_tiny_50_HYP,0.3594368,0.40658343,0.44241548,0.47132555,0.47337624,0.49300054
threat,P,word2vec_tiny_50_HYP,0.38731343,0.48626107,0.48848537,0.62318015,0.5261406,0.6257034
downfall,P,word2vec_tiny_50_HYP,0.18395586,0.25145152,0.2346688,0.30828607,0.25632048,0.3362287
admit,P,word2vec_tiny_50_HYP,0.3540687,0.43853325,0.42540568,0.47945717,0.45415208,0.4844349
position,P,word2vec_tiny_50_HYP,0.32943332,0.41656598,0.38226613,0.45465362,0.40594995,0.47734985
alike,P,word2vec_tiny_50_HYP,0.37289396,0.4119458,0.4515923,0.48655254,0.47918305,0.5171099
laser,M,word2vec_tiny_50_HYP,0.31061178,0.42728174,0.42331088,0.5604179,0.47791716,0.64013195
tour,P,word2vec_tiny_50_HYP,0.3211426,0.44075996,0.45858586,0.6029965,0.50764173,0.6458276
hostage,M,word2vec_tiny_50_HYP,0.15955546,0.17842442,0.1888917,0.21265616,0.20013776,0.226527
pepper,P,word2vec_tiny_50_HYP,0.27801117,0.34416038,0.39407924,0.48889476,0.44764054,0.54494953
symphony,P,word2vec_tiny_50_HYP,0.25249848,0.36671314,0.31947273,0.44163954,0.34836307,0.4689077
fudge,H,word2vec_tiny_50_HYP,0.30954617,0.3464323,0.3519391,0.4112248,0.36949974,0.42507607
stallion,M,word2vec_tiny_50_HYP,0.24632642,0.29681703,0.28466314,0.34714192,0.29994756,0.3643221
eyeball,P,word2vec_tiny_50_HYP,0.16107607,0.16758208,0.18721987,0.20153435,0.19800247,0.21498333
youngster,P,word2vec_tiny_50_HYP,0.27776963,0.3426207,0.31488633,0.37822488,0.33273166,0.40070432
chimpanzee,M,word2vec_tiny_50_HYP,0.27305207,0.31044334,0.31220838,0.3694934,0.32791027,0.38042513
accuse,M,word2vec_tiny_50_HYP,0.20637412,0.22584434,0.25933784,0.28661618,0.2871781,0.30386338
naked,P,word2vec_tiny_50_HYP,0.29789963,0.39183035,0.3597048,0.4502608,0.3901025,0.48704532
priority,P,word2vec_tiny_50_HYP,0.18079995,0.1640437,0.2222957,0.22400418,0.2423254,0.24887322
propeller,M,word2vec_tiny_50_HYP,0.29326734,0.388179,0.38515183,0.4917015,0.42449716,0.5343906
poem,P,word2vec_tiny_50_HYP,0.30523893,0.412907,0.4233323,0.5483562,0.47168896,0.5810597
decorator,M,word2vec_tiny_50_HYP,0.23060396,0.24500827,0.26610515,0.28515157,0.28191495,0.29593077
flashy,P,word2vec_tiny_50_HYP,0.39287263,0.4653109,0.4446045,0.51097566,0.46533805,0.5272226
heap,P,word2vec_tiny_50_HYP,0.284103,0.36552134,0.35213348,0.4634544,0.38778427,0.49996388
rumor,P,word2vec_tiny_50_HYP,0.26024592,0.31966984,0.33457282,0.3949688,0.36186492,0.42487183
momentary,P,word2vec_tiny_50_HYP,0.1559299,0.18756641,0.17964937,0.21090786,0.19129005,0.22480346
washer,P,word2vec_tiny_50_HYP,0.3308803,0.43778965,0.40696707,0.50557435,0.43857443,0.53383476
expiration,P,word2vec_tiny_50_HYP,0.23062734,0.24509019,0.26728398,0.26256,0.28220913,0.28683355
glorious,P,word2vec_tiny_50_HYP,0.23186424,0.29766476,0.30555668,0.39365757,0.34281945,0.44554684
precaution,P,word2vec_tiny_50_HYP,0.18451843,0.17563929,0.21442857,0.21716465,0.22753626,0.23123868
approve,P,word2vec_tiny_50_HYP,0.2204957,0.253577,0.26560104,0.31295532,0.2858311,0.330592
weekly,P,word2vec_tiny_50_HYP,0.2845865,0.36447883,0.34641606,0.42497095,0.37301925,0.43604776
blizzard,P,word2vec_tiny_50_HYP,0.25451916,0.25533387,0.28958708,0.27848327,0.30251682,0.2981726
border,P,word2vec_tiny_50_HYP,0.3096178,0.37206736,0.37794122,0.46304873,0.40738067,0.50363415
nighttime,M,word2vec_tiny_50_HYP,0.32898244,0.38640654,0.40355706,0.47337374,0.4336995,0.4938948
mascara,M,word2vec_tiny_50_HYP,0.25942445,0.36102998,0.34784195,0.45862788,0.38533363,0.49348322
dandy,P,word2vec_tiny_50_HYP,0.25694162,0.3267325,0.30592862,0.37118077,0.326337,0.39034986
suspicion,P,word2vec_tiny_50_HYP,0.1894947,0.25760615,0.22268699,0.29652277,0.23635747,0.30700272
science,P,word2vec_tiny_50_HYP,0.35823387,0.4065662,0.43757877,0.4796964,0.46536157,0.5145459
universe,P,word2vec_tiny_50_HYP,0.3403945,0.47811776,0.45303145,0.59561414,0.4954555,0.6337453
papaya,M,word2vec_tiny_50_HYP,0.32882813,0.40937576,0.38171187,0.46815985,0.40178898,0.483016
spite,P,word2vec_tiny_50_HYP,0.23440918,0.26963612,0.28471458,0.3225886,0.30571443,0.34547144
finder,P,word2vec_tiny_50_HYP,0.3434794,0.39604974,0.42208245,0.47816473,0.4578135,0.5068304
dune,M,word2vec_tiny_50_HYP,0.30339822,0.39148247,0.3590178,0.4450328,0.38610363,0.46698505
affection,P,word2vec_tiny_50_HYP,0.26588163,0.30314907,0.32850152,0.3615074,0.35566413,0.38851678
pollution,P,word2vec_tiny_50_HYP,0.27389464,0.36574423,0.34125537,0.45740914,0.3652748,0.48414388
creation,P,word2vec_tiny_50_HYP,0.33178335,0.3975345,0.43630555,0.48761913,0.47355294,0.51720685
ounce,H,word2vec_tiny_50_HYP,0.24970372,0.3039265,0.28370395,0.3249792,0.2979836,0.32189563
kidnap,M,word2vec_tiny_50_HYP,0.29652676,0.34488362,0.3630981,0.4241355,0.38952118,0.4300589
nonstop,M,word2vec_tiny_50_HYP,0.28205836,0.32180128,0.32775834,0.32697,0.34573805,0.34230328
weasel,P,word2vec_tiny_50_HYP,0.19452547,0.24084412,0.22193046,0.25016156,0.23529816,0.26225743
leaf,P,word2vec_tiny_50_HYP,0.30724707,0.3883556,0.41610864,0.54550916,0.47032806,0.61825216
despite,P,word2vec_tiny_50_HYP,0.3069285,0.34264922,0.3709615,0.4002546,0.39756867,0.42919225
reputation,P,word2vec_tiny_50_HYP,0.21161442,0.24780878,0.25918746,0.29630286,0.28086653,0.32262382
portrait,P,word2vec_tiny_50_HYP,0.2503198,0.32905456,0.30523932,0.40378383,0.3300347,0.41624552
tame,P,word2vec_tiny_50_HYP,0.32946253,0.38945174,0.39237756,0.47606596,0.4198356,0.4941895
bulldozer,M,word2vec_tiny_50_HYP,0.32343155,0.36476746,0.3865183,0.46311358,0.41338462,0.49253476
batter,H,word2vec_tiny_50_HYP,0.26576275,0.36654237,0.36456585,0.44656625,0.41468298,0.4867853
mop,P,word2vec_tiny_50_HYP,0.35706434,0.49545938,0.4566008,0.59697884,0.50646436,0.6480877
bracelace,HYP*,word2vec_tiny_50_HYP,0.25634012,0.3820703,0.37769958,0.5447016,0.43702933,0.59832907
jazzolin,HYP*,word2vec_tiny_50_HYP,0.25899768,0.33366004,0.4056906,0.49056944,0.4583846,0.5579802
socciner,HYP*,word2vec_tiny_50_HYP,0.34721553,0.453451,0.4548793,0.5633712,0.4977876,0.5761009
laklight,HYP*,word2vec_tiny_50_HYP,0.24583331,0.35680017,0.38496944,0.53363544,0.43729004,0.5862044
noomet,HYP*,word2vec_tiny_50_HYP,0.3176378,0.42787474,0.442452,0.5809407,0.49332637,0.62635857
comfrobe,HYP*,word2vec_tiny_50_HYP,0.27443272,0.374109,0.3945277,0.55416876,0.453325,0.6126591
bakeffin,HYP*,word2vec_tiny_50_HYP,0.2239162,0.31125993,0.34045154,0.4483036,0.39609087,0.49742994
wallner,HYP*,word2vec_tiny_50_HYP,0.4092926,0.5356159,0.49441347,0.57808244,0.5217282,0.572157
reinowman,HYP*,word2vec_tiny_50_HYP,0.33133167,0.46842864,0.46968627,0.6423796,0.5226597,0.68521583
bedtioom,HYP*,word2vec_tiny_50_HYP,0.3286506,0.4139038,0.45581463,0.6010051,0.5018874,0.6323293
yogurade,HYP*,word2vec_tiny_50_HYP,0.2525937,0.35562608,0.33785236,0.45179307,0.38413337,0.49242735
freeven,HYP*,word2vec_tiny_50_HYP,0.31959242,0.42180598,0.4400748,0.54238474,0.48627502,0.57391083
exath,HYP*,word2vec_tiny_50_HYP,0.29994863,0.41067773,0.41287884,0.54013634,0.46186423,0.5681323
squeedy,HYP*,word2vec_tiny_50_HYP,0.2451731,0.3166296,0.3568901,0.46850327,0.41237113,0.5337339
airium,HYP*,word2vec_tiny_50_HYP,0.2819213,0.39819482,0.41872802,0.58634794,0.47916457,0.64784884
kitboard,HYP*,word2vec_tiny_50_HYP,0.3518463,0.46565393,0.46077374,0.5903208,0.51074547,0.61288154
hippuin,HYP*,word2vec_tiny_50_HYP,0.23335738,0.34707633,0.3715425,0.5148523,0.43156,0.582164
noteboom,HYP*,word2vec_tiny_50_HYP,0.27515456,0.3697784,0.40407503,0.54603887,0.46175408,0.60611844
loyceful,HYP*,word2vec_tiny_50_HYP,0.3185791,0.33511037,0.46115234,0.5855326,0.5181591,0.61392546
tasful,HYP*,word2vec_tiny_50_HYP,0.3501841,0.5019601,0.45409694,0.55814964,0.48841438,0.572311
spaceplane,HYP*,word2vec_tiny_50_HYP,0.32608753,0.3971857,0.45676145,0.58596444,0.50527215,0.6440651
weampy,HYP*,word2vec_tiny_50_HYP,0.32093233,0.41468716,0.4602176,0.60292816,0.51585096,0.6295199
tornathquake,HYP*,word2vec_tiny_50_HYP,0.37786898,0.47769493,0.49608472,0.59748584,0.53890026,0.626635
raincoany,HYP*,word2vec_tiny_50_HYP,0.35905796,0.49449182,0.47797588,0.6136893,0.53770775,0.67296374
eagidient,HYP*,word2vec_tiny_50_HYP,0.34834352,0.417745,0.49904355,0.602628,0.5556576,0.6351915
lummy,HYP*,word2vec_tiny_50_HYP,0.3410294,0.42294472,0.467795,0.5371291,0.5116174,0.5602096
eleraffe,HYP*,word2vec_tiny_50_HYP,0.26077154,0.35720757,0.38906986,0.52293414,0.45547387,0.5932366
friarn,HYP*,word2vec_tiny_50_HYP,0.3486391,0.3900599,0.47309417,0.6286813,0.52498317,0.6807493
dependelper,HYP*,word2vec_tiny_50_HYP,0.33082625,0.38770768,0.47045404,0.59762317,0.5148021,0.6002957
spidito,HYP*,word2vec_tiny_50_HYP,0.2775433,0.38026765,0.40837818,0.5494861,0.46322268,0.5977496
flashboard,HYP*,word2vec_tiny_50_HYP,0.3699992,0.49329293,0.45836434,0.61239475,0.49677143,0.65079236
ponligator,HYP*,word2vec_tiny_50_HYP,0.24325204,0.36112827,0.38053763,0.52048177,0.44075313,0.593837
helspectful,HYP*,word2vec_tiny_50_HYP,0.26972523,0.3860682,0.43339077,0.5615916,0.48903286,0.55597043
zebgaroo,HYP*,word2vec_tiny_50_HYP,0.21830192,0.31448546,0.3584014,0.51051724,0.4240826,0.57583946
furnifa,HYP*,word2vec_tiny_50_HYP,0.28745,0.384635,0.4321248,0.58050305,0.49731538,0.6441989
celeron,HYP*,word2vec_tiny_50_HYP,0.19185519,0.2764808,0.29956314,0.42682174,0.3741195,0.5045142
ashtrophone,HYP*,word2vec_tiny_50_HYP,0.32423818,0.40132675,0.4341852,0.5792609,0.48067626,0.6365963
twictus,HYP*,word2vec_tiny_50_HYP,0.33223805,0.40085453,0.414468,0.5807461,0.4585623,0.6223458
sunipop,HYP*,word2vec_tiny_50_HYP,0.33036977,0.47118226,0.4210328,0.58881825,0.46531707,0.63852346
basetory,HYP*,word2vec_tiny_50_HYP,0.31474963,0.41972756,0.43866622,0.5948829,0.49656564,0.6570046
teachboard,HYP*,word2vec_tiny_50_HYP,0.3103636,0.43204665,0.44025266,0.539604,0.48273057,0.56366765
backyabox,HYP*,word2vec_tiny_50_HYP,0.40406305,0.5575567,0.5297872,0.68140674,0.57377225,0.6837684
dangeary,HYP*,word2vec_tiny_50_HYP,0.3842428,0.51499045,0.49580735,0.6267934,0.53320456,0.6223208
eldman,HYP*,word2vec_tiny_50_HYP,0.3716207,0.5055621,0.47796756,0.6048994,0.51321816,0.57965183
harminy,HYP*,word2vec_tiny_50_HYP,0.414883,0.57522756,0.5017582,0.6285786,0.5327511,0.6373011
helmirt,HYP*,word2vec_tiny_50_HYP,0.22193053,0.32677338,0.3618133,0.5200984,0.42765138,0.57945985
dancetue,HYP*,word2vec_tiny_50_HYP,0.39950785,0.49011785,0.48179576,0.6213028,0.5202132,0.645089
bathaucet,HYP*,word2vec_tiny_50_HYP,0.2946961,0.421052,0.42313015,0.58848244,0.47611716,0.62877804
billbalk,HYP*,word2vec_tiny_50_HYP,0.40233135,0.54960746,0.4938376,0.64289063,0.53051835,0.6688272
thiebulance,HYP*,word2vec_tiny_50_HYP,0.3380063,0.41346508,0.44503617,0.55567235,0.4893602,0.57889265
