word,ambiguity_type,model,nbhd_dist_20,nbhd_pairdist_20,nbhd_dist_100,nbhd_pairdist_100,nbhd_dist_200,nbhd_pairdist_200
keg,P,word2vec_recipe_40_HOM,0.21100867,0.24459633,0.25687596,0.30857128,0.2749047,0.32138458
aristocrat,P,word2vec_recipe_40_HOM,0.145489,0.15844285,0.17231442,0.18482445,0.18151833,0.19432302
novelty,P,word2vec_recipe_40_HOM,0.14901692,0.1721976,0.18731147,0.22876392,0.20366871,0.2537247
pirate,P,word2vec_recipe_40_HOM,0.21170583,0.22696503,0.24175206,0.24733716,0.25449097,0.24711303
gasoline,M,word2vec_recipe_40_HOM,0.12748042,0.13053527,0.15083195,0.15878709,0.15943508,0.16620286
fringe,P,word2vec_recipe_40_HOM,0.18458493,0.20496579,0.22092217,0.24685864,0.23778477,0.26998705
corral,P,word2vec_recipe_40_HOM,0.30150524,0.2759107,0.33718562,0.2783977,0.35021105,0.29175147
gopher,P,word2vec_recipe_40_HOM,0.21305159,0.21436107,0.24191064,0.24487944,0.2537253,0.25043646
substance,P,word2vec_recipe_40_HOM,0.29168817,0.3237008,0.34752128,0.33584967,0.36891896,0.35671857
flannel,P,word2vec_recipe_40_HOM,0.33155257,0.215309,0.37885517,0.24242984,0.39371473,0.24990627
strap,P,word2vec_recipe_40_HOM,0.247762,0.22093727,0.2981087,0.25994992,0.3193453,0.2792933
courtesy,P,word2vec_recipe_40_HOM,0.29330808,0.24046005,0.3360265,0.24211805,0.35469872,0.25551564
pitch,H,word2vec_recipe_40_HOM,0.35280043,0.32580712,0.40876347,0.38298467,0.43058684,0.39664528
countdown,P,word2vec_recipe_40_HOM,0.26787105,0.23232876,0.30547017,0.26107943,0.31861535,0.26315933
fiend,P,word2vec_recipe_40_HOM,0.15203823,0.120091304,0.17743793,0.1409122,0.1877759,0.15221813
generic,P,word2vec_recipe_40_HOM,0.23868677,0.23155606,0.27650598,0.24061836,0.29087502,0.23202962
marijuana,M,word2vec_recipe_40_HOM,0.2601208,0.28480908,0.30044812,0.34434405,0.31553453,0.3575709
pink,H,word2vec_recipe_40_HOM,0.35007542,0.41917923,0.47460675,0.50517523,0.51464665,0.508026
perky,M,word2vec_recipe_40_HOM,0.3080693,0.27184898,0.3452526,0.29092333,0.35857686,0.28872418
society,P,word2vec_recipe_40_HOM,0.15743555,0.14519735,0.1827037,0.1699394,0.19380943,0.18116502
fearless,M,word2vec_recipe_40_HOM,0.1920416,0.16507457,0.21405181,0.17793831,0.22282246,0.18170871
lotion,P,word2vec_recipe_40_HOM,0.2611044,0.2375204,0.31607988,0.30211097,0.339882,0.3219311
hoop,P,word2vec_recipe_40_HOM,0.26897413,0.22305892,0.30298653,0.26669323,0.31606007,0.2854763
cookie,P,word2vec_recipe_40_HOM,0.3096833,0.3300364,0.3688409,0.33991677,0.3932996,0.38240713
etiquette,M,word2vec_recipe_40_HOM,0.11611678,0.13463117,0.13717848,0.1466552,0.14638415,0.15987249
romantic,P,word2vec_recipe_40_HOM,0.22131562,0.26154816,0.26043043,0.2804874,0.27572408,0.27316502
square,P,word2vec_recipe_40_HOM,0.26246482,0.30040473,0.31748334,0.30508503,0.34432015,0.33267608
vibration,P,word2vec_recipe_40_HOM,0.14316818,0.16044733,0.1616401,0.19272454,0.16998748,0.19460578
isolate,P,word2vec_recipe_40_HOM,0.25360635,0.22541107,0.29937345,0.30571246,0.31596422,0.3272263
spacious,P,word2vec_recipe_40_HOM,0.21465273,0.22318417,0.24808364,0.2710519,0.26293507,0.28826362
toilet,P,word2vec_recipe_40_HOM,0.20642579,0.24238037,0.24896374,0.29807517,0.27010286,0.3130318
southwest,P,word2vec_recipe_40_HOM,0.22523768,0.2804866,0.30875573,0.3126211,0.33330604,0.30772632
corpse,M,word2vec_recipe_40_HOM,0.15720785,0.17264225,0.19050822,0.19217765,0.20213753,0.20089981
publisher,P,word2vec_recipe_40_HOM,0.10589443,0.1172509,0.16164492,0.17701468,0.18466382,0.19975595
accompany,P,word2vec_recipe_40_HOM,0.27988583,0.39529052,0.37879708,0.46980265,0.4141474,0.4748558
wildlife,M,word2vec_recipe_40_HOM,0.15301433,0.16346051,0.18100773,0.19292341,0.19336885,0.19836205
louse,P,word2vec_recipe_40_HOM,0.13299009,0.1398021,0.15691355,0.16442381,0.16762143,0.18035124
household,P,word2vec_recipe_40_HOM,0.22856185,0.16817835,0.2582071,0.19531468,0.26975977,0.19427784
lend,P,word2vec_recipe_40_HOM,0.23146537,0.22072607,0.28479725,0.27417403,0.307942,0.28820947
despise,M,word2vec_recipe_40_HOM,0.07662528,0.0852206,0.09758353,0.114046276,0.10776019,0.1298503
attack,P,word2vec_recipe_40_HOM,0.27262503,0.22092086,0.31741893,0.27781767,0.33287406,0.28969282
cone,P,word2vec_recipe_40_HOM,0.26890576,0.24706315,0.32383084,0.31804183,0.34759668,0.3336303
rope,P,word2vec_recipe_40_HOM,0.23557417,0.30789283,0.32464463,0.33189812,0.35501835,0.34057325
agreement,P,word2vec_recipe_40_HOM,0.2830231,0.28301454,0.3307161,0.25626335,0.3466163,0.26009616
unable,M,word2vec_recipe_40_HOM,0.26338094,0.22470833,0.3079056,0.24377021,0.32304722,0.24788603
rainy,M,word2vec_recipe_40_HOM,0.28822568,0.28231916,0.35531673,0.3234169,0.38263658,0.33125776
gracious,P,word2vec_recipe_40_HOM,0.17758182,0.16659653,0.20062631,0.18749122,0.210598,0.19743767
hind,H,word2vec_recipe_40_HOM,0.21618187,0.22139393,0.2694001,0.31264982,0.2955277,0.34480116
park,P,word2vec_recipe_40_HOM,0.28839594,0.22785798,0.32466334,0.2586894,0.3391973,0.2683687
detector,P,word2vec_recipe_40_HOM,0.15552798,0.16713592,0.18990177,0.18355417,0.20257035,0.19271284
armpit,M,word2vec_recipe_40_HOM,0.17330131,0.19269706,0.21116443,0.23307472,0.22744595,0.25137419
distance,P,word2vec_recipe_40_HOM,0.37526977,0.36738357,0.42163622,0.37510216,0.43637627,0.38659889
eager,M,word2vec_recipe_40_HOM,0.102294706,0.10844216,0.12263936,0.12405724,0.13200514,0.1377682
drum,P,word2vec_recipe_40_HOM,0.362328,0.3254061,0.4164109,0.3746475,0.4378065,0.39281437
accident,P,word2vec_recipe_40_HOM,0.1829381,0.15207888,0.20621836,0.15280178,0.2183057,0.16699472
moon,P,word2vec_recipe_40_HOM,0.3333176,0.35176155,0.4016096,0.37318325,0.4230497,0.38257617
pansy,P,word2vec_recipe_40_HOM,0.22088847,0.28533584,0.28461823,0.3714267,0.31065482,0.39171815
reality,P,word2vec_recipe_40_HOM,0.1090495,0.10976278,0.12723756,0.12385264,0.13616152,0.13488042
equal,P,word2vec_recipe_40_HOM,0.33092803,0.3603759,0.41290748,0.42457983,0.44030267,0.43145078
regain,P,word2vec_recipe_40_HOM,0.22525463,0.1909032,0.26670912,0.24485427,0.28433225,0.26088044
dominion,P,word2vec_recipe_40_HOM,0.15325965,0.14259541,0.18088946,0.15909992,0.1914593,0.16796842
pudding,P,word2vec_recipe_40_HOM,0.34660417,0.4421391,0.40453652,0.4309707,0.42918563,0.42133906
wing,P,word2vec_recipe_40_HOM,0.27547574,0.31657046,0.3944774,0.42876133,0.43981406,0.45477983
greedy,P,word2vec_recipe_40_HOM,0.13256277,0.11204916,0.16181883,0.13173777,0.17448568,0.14705993
hoof,P,word2vec_recipe_40_HOM,0.17362683,0.21207252,0.20415018,0.25224838,0.21691833,0.2622641
poorly,P,word2vec_recipe_40_HOM,0.10605957,0.11593292,0.1266841,0.13330588,0.13614859,0.14512308
mink,P,word2vec_recipe_40_HOM,0.20692977,0.22728626,0.23729448,0.2776069,0.24985285,0.29679295
plumber,P,word2vec_recipe_40_HOM,0.113409914,0.116282806,0.1299881,0.13441513,0.13851549,0.1480444
toaster,H,word2vec_recipe_40_HOM,0.37809843,0.46704292,0.45434585,0.51338375,0.48415986,0.51695853
disposal,P,word2vec_recipe_40_HOM,0.22237238,0.26433223,0.27103403,0.29998076,0.28998885,0.30909938
pleasant,P,word2vec_recipe_40_HOM,0.21968599,0.21840408,0.27182055,0.28529367,0.29473576,0.30685228
airtight,P,word2vec_recipe_40_HOM,0.28297523,0.3434237,0.40593278,0.40164322,0.4511412,0.43469948
cancer,P,word2vec_recipe_40_HOM,0.15778673,0.14231357,0.20828412,0.17994173,0.22696152,0.20136379
critical,P,word2vec_recipe_40_HOM,0.25211912,0.24010414,0.3031383,0.246152,0.3191355,0.24022178
cloak,P,word2vec_recipe_40_HOM,0.17646754,0.17998709,0.2067872,0.21281494,0.22014892,0.22906953
honor,P,word2vec_recipe_40_HOM,0.20664063,0.17483269,0.23273079,0.18839057,0.24469143,0.20195293
continue,P,word2vec_recipe_40_HOM,0.40014774,0.43838456,0.4744475,0.41879648,0.49584746,0.39603418
placement,P,word2vec_recipe_40_HOM,0.28311822,0.29985437,0.33288682,0.33507743,0.35108304,0.32143912
panic,P,word2vec_recipe_40_HOM,0.25172037,0.26740232,0.30236247,0.27343577,0.3205395,0.26527083
rotation,P,word2vec_recipe_40_HOM,0.28087336,0.29297322,0.32445312,0.30050868,0.34175518,0.3090629
bug,P,word2vec_recipe_40_HOM,0.27947614,0.27722636,0.3271668,0.322819,0.34603694,0.33859375
plaster,P,word2vec_recipe_40_HOM,0.26445204,0.27266294,0.3105142,0.3301129,0.32912156,0.34291664
territory,P,word2vec_recipe_40_HOM,0.16042924,0.1460792,0.18678638,0.16408852,0.197274,0.17203902
infection,P,word2vec_recipe_40_HOM,0.13397983,0.14112806,0.16697998,0.17697129,0.18350664,0.19287086
heater,P,word2vec_recipe_40_HOM,0.31059211,0.31159365,0.35666373,0.34631792,0.37777722,0.36912894
tailor,P,word2vec_recipe_40_HOM,0.13636252,0.16077782,0.16630797,0.17733872,0.17963505,0.18877685
folder,P,word2vec_recipe_40_HOM,0.21363226,0.20652784,0.24842648,0.25542036,0.2644287,0.27104437
various,P,word2vec_recipe_40_HOM,0.32316542,0.36180896,0.38681844,0.39721826,0.40892667,0.38421065
assure,P,word2vec_recipe_40_HOM,0.361118,0.3827833,0.43915448,0.38612914,0.46126443,0.36975148
green,P,word2vec_recipe_40_HOM,0.2928906,0.29999325,0.35115796,0.33415493,0.37441003,0.35099676
sweaty,P,word2vec_recipe_40_HOM,0.24231336,0.2146703,0.28557238,0.2533673,0.3023097,0.27510735
bogus,M,word2vec_recipe_40_HOM,0.11197649,0.112516075,0.13281988,0.13645272,0.14219205,0.15161091
drip,P,word2vec_recipe_40_HOM,0.40002137,0.42907673,0.47503468,0.47474596,0.49994758,0.4838243
horseback,P,word2vec_recipe_40_HOM,0.3104042,0.282774,0.3533514,0.29567066,0.36799824,0.30244893
angle,H,word2vec_recipe_40_HOM,0.29793546,0.34002137,0.3842386,0.3555382,0.41257226,0.34797597
burp,P,word2vec_recipe_40_HOM,0.3136216,0.3424184,0.35889676,0.37395585,0.37735116,0.3726819
premature,M,word2vec_recipe_40_HOM,0.18245073,0.18679856,0.21737343,0.21792437,0.23310632,0.22306572
emphasize,P,word2vec_recipe_40_HOM,0.16704783,0.13132684,0.19077681,0.1548807,0.20138589,0.16801645
crook,P,word2vec_recipe_40_HOM,0.3229863,0.28183898,0.36803228,0.33690605,0.3834655,0.35660502
cardiac,P,word2vec_recipe_40_HOM,0.1323717,0.15108608,0.15042537,0.15967356,0.1588822,0.17080915
newborn,P,word2vec_recipe_40_HOM,0.14204343,0.16236286,0.16550046,0.18619226,0.17572471,0.1941236
grenade,P,word2vec_recipe_40_HOM,0.14587197,0.16136135,0.17024967,0.196092,0.1797565,0.20778023
frisky,M,word2vec_recipe_40_HOM,0.17340401,0.18223892,0.21047519,0.17595454,0.22473784,0.18133
goose,P,word2vec_recipe_40_HOM,0.2145628,0.27264404,0.34198636,0.43533686,0.3907231,0.46309716
anger,P,word2vec_recipe_40_HOM,0.13593307,0.11517462,0.15941046,0.1422287,0.16875847,0.15279761
burner,P,word2vec_recipe_40_HOM,0.2886433,0.35908395,0.3907497,0.43655157,0.42540482,0.4448005
mediocre,M,word2vec_recipe_40_HOM,0.101953745,0.09952814,0.11743574,0.12540923,0.12558657,0.1319389
lousy,P,word2vec_recipe_40_HOM,0.10175929,0.10241304,0.12145609,0.12911667,0.13096972,0.1406854
tack,P,word2vec_recipe_40_HOM,0.35272712,0.31320783,0.39925346,0.3336301,0.41607368,0.34602267
mercy,P,word2vec_recipe_40_HOM,0.14013821,0.11547341,0.1651954,0.15124886,0.17695044,0.1701324
insane,P,word2vec_recipe_40_HOM,0.27585217,0.23515056,0.3099264,0.22170408,0.32193688,0.21958506
vacant,P,word2vec_recipe_40_HOM,0.21129441,0.21981137,0.24764502,0.2578709,0.260911,0.27439788
shrimp,P,word2vec_recipe_40_HOM,0.25532043,0.34219706,0.36417004,0.43543887,0.3990402,0.4296566
ski,P,word2vec_recipe_40_HOM,0.19223274,0.18521805,0.221953,0.2205607,0.23494245,0.22806734
stack,P,word2vec_recipe_40_HOM,0.31910682,0.31339937,0.38258883,0.317087,0.40337613,0.3393143
definition,P,word2vec_recipe_40_HOM,0.16101125,0.16171499,0.18545899,0.18117696,0.19682907,0.18741858
injury,P,word2vec_recipe_40_HOM,0.14760356,0.14548817,0.1712591,0.16959645,0.18266343,0.18180431
computer,P,word2vec_recipe_40_HOM,0.20406584,0.15711664,0.23525576,0.17694978,0.24802922,0.1766822
misty,P,word2vec_recipe_40_HOM,0.14505276,0.16564724,0.16960946,0.20072208,0.17982912,0.21614619
stout,P,word2vec_recipe_40_HOM,0.31617832,0.39213386,0.42691013,0.45265844,0.46083397,0.44415185
electrical,M,word2vec_recipe_40_HOM,0.2244227,0.21204753,0.32651863,0.40245238,0.37094754,0.45146152
stampede,P,word2vec_recipe_40_HOM,0.1789161,0.16092773,0.20565,0.18473254,0.2165818,0.19097991
context,P,word2vec_recipe_40_HOM,0.086786516,0.09122324,0.10598376,0.12032207,0.113837585,0.13069305
pavement,P,word2vec_recipe_40_HOM,0.1647186,0.16107404,0.19079442,0.18827307,0.2026276,0.19512646
unsure,P,word2vec_recipe_40_HOM,0.28784743,0.27867362,0.33730122,0.28250167,0.35537866,0.28306478
monkey,P,word2vec_recipe_40_HOM,0.35210934,0.26352,0.41503078,0.29421544,0.43652233,0.30431738
brisk,P,word2vec_recipe_40_HOM,0.32229453,0.30308378,0.4123849,0.37679598,0.44920027,0.4148588
clumsy,P,word2vec_recipe_40_HOM,0.08321778,0.09873722,0.10055542,0.1269377,0.10894947,0.1397767
beard,P,word2vec_recipe_40_HOM,0.25963816,0.30415457,0.31712446,0.34514058,0.34535915,0.3666375
frightful,P,word2vec_recipe_40_HOM,0.19935986,0.18658645,0.22648606,0.20644419,0.23720433,0.22214375
sweat,P,word2vec_recipe_40_HOM,0.33747178,0.38615522,0.42885765,0.41723007,0.45901054,0.4161039
stability,M,word2vec_recipe_40_HOM,0.32457548,0.2578065,0.36144376,0.28034744,0.37540677,0.29596198
strong,P,word2vec_recipe_40_HOM,0.30835888,0.29055822,0.3566224,0.2928397,0.37414527,0.30264774
singer,P,word2vec_recipe_40_HOM,0.21250646,0.17294735,0.23975816,0.20009682,0.25001404,0.20880972
platter,P,word2vec_recipe_40_HOM,0.3562656,0.4274438,0.4622003,0.47474003,0.49427423,0.4671692
horn,P,word2vec_recipe_40_HOM,0.33929282,0.35075927,0.3952507,0.35553446,0.4174758,0.35241288
sting,P,word2vec_recipe_40_HOM,0.2820807,0.19888768,0.33322322,0.277195,0.35195354,0.29101038
singular,P,word2vec_recipe_40_HOM,0.1361834,0.14267941,0.1562838,0.1580296,0.16540058,0.16859724
health,P,word2vec_recipe_40_HOM,0.27176398,0.30900386,0.32449207,0.3110266,0.34225994,0.30506065
dazzle,P,word2vec_recipe_40_HOM,0.21048436,0.2228876,0.24439684,0.23530923,0.2576458,0.2439283
headache,P,word2vec_recipe_40_HOM,0.09539717,0.11595475,0.11284627,0.12613007,0.120701045,0.13864127
infant,P,word2vec_recipe_40_HOM,0.23868525,0.19946072,0.269662,0.2161993,0.2820473,0.22314522
maker,P,word2vec_recipe_40_HOM,0.29212087,0.34056106,0.4144794,0.444073,0.4597303,0.4692041
limit,P,word2vec_recipe_40_HOM,0.266975,0.20068496,0.30697766,0.22257851,0.319462,0.22297361
yard,H,word2vec_recipe_40_HOM,0.27684712,0.23810071,0.32531735,0.28562564,0.34301576,0.3013884
expense,P,word2vec_recipe_40_HOM,0.15339005,0.123020336,0.1754617,0.1464436,0.18427986,0.15480557
snug,P,word2vec_recipe_40_HOM,0.3371277,0.4098899,0.41827336,0.42321312,0.44237393,0.41974357
tacky,H,word2vec_recipe_40_HOM,0.2654561,0.29528183,0.3730027,0.3623688,0.4177533,0.40015352
manipulate,P,word2vec_recipe_40_HOM,0.2890911,0.24048905,0.33284107,0.27499703,0.34937358,0.29895073
branch,P,word2vec_recipe_40_HOM,0.28044122,0.34564245,0.36476952,0.4014083,0.39349145,0.4286233
outright,P,word2vec_recipe_40_HOM,0.13717285,0.13174236,0.16083309,0.15924926,0.17266802,0.17190818
button,P,word2vec_recipe_40_HOM,0.39193952,0.48100358,0.4737691,0.548813,0.50258464,0.5438169
hesitate,P,word2vec_recipe_40_HOM,0.19564041,0.15371765,0.22797415,0.16950479,0.2416692,0.17996252
jackpot,P,word2vec_recipe_40_HOM,0.099226,0.12904626,0.13651623,0.18380865,0.15471931,0.19473135
reach,P,word2vec_recipe_40_HOM,0.39491957,0.4106389,0.46548662,0.38522458,0.4906357,0.39351645
workers,P,word2vec_recipe_40_HOM,0.104602836,0.10765262,0.122822054,0.13718149,0.13344133,0.14734899
block,P,word2vec_recipe_40_HOM,0.42119613,0.42447516,0.47900122,0.44242403,0.49680954,0.44909257
cradle,P,word2vec_recipe_40_HOM,0.2853374,0.2910804,0.32738987,0.32174414,0.343902,0.3250064
peppermint,P,word2vec_recipe_40_HOM,0.29541337,0.33494392,0.35785758,0.3906948,0.38667512,0.39842892
solid,P,word2vec_recipe_40_HOM,0.35317218,0.36923653,0.409525,0.36746857,0.4331036,0.38288164
clot,P,word2vec_recipe_40_HOM,0.17216244,0.17869039,0.20466566,0.19651163,0.21876477,0.21216688
tackle,P,word2vec_recipe_40_HOM,0.17601684,0.14277957,0.20338319,0.1636348,0.21468566,0.17328195
mural,P,word2vec_recipe_40_HOM,0.23663732,0.25798148,0.27998918,0.2965461,0.2946493,0.30143988
dramatic,P,word2vec_recipe_40_HOM,0.24939322,0.2606062,0.29935458,0.2885554,0.31776118,0.295806
grasp,P,word2vec_recipe_40_HOM,0.30483356,0.3365724,0.38106632,0.36396208,0.40767753,0.37731418
frog,H,word2vec_recipe_40_HOM,0.38115996,0.44411606,0.45323902,0.4615838,0.47486487,0.45635718
dig,P,word2vec_recipe_40_HOM,0.35043922,0.34454456,0.4161358,0.35063097,0.43615708,0.32738027
destiny,P,word2vec_recipe_40_HOM,0.29662478,0.32247412,0.35244805,0.36464432,0.37360016,0.37453932
module,P,word2vec_recipe_40_HOM,0.3407836,0.3177541,0.38606122,0.36297858,0.40287212,0.38349187
conviction,P,word2vec_recipe_40_HOM,0.16908486,0.16872475,0.18962032,0.18626265,0.19958107,0.20143977
tune,P,word2vec_recipe_40_HOM,0.27914873,0.26701698,0.31457013,0.26402572,0.32757497,0.2795564
vision,P,word2vec_recipe_40_HOM,0.124604225,0.1315276,0.14816654,0.15866145,0.15828246,0.17446719
shave,P,word2vec_recipe_40_HOM,0.33860347,0.38758102,0.44800445,0.48561588,0.4866439,0.49416372
scan,P,word2vec_recipe_40_HOM,0.14677633,0.18917423,0.17044795,0.23499958,0.180662,0.24646506
steam,P,word2vec_recipe_40_HOM,0.39593565,0.4904134,0.47215664,0.49993408,0.49820846,0.49251816
reopen,P,word2vec_recipe_40_HOM,0.32261863,0.28196684,0.3656131,0.3311139,0.3837451,0.35360727
keen,H,word2vec_recipe_40_HOM,0.2896829,0.29048482,0.3363017,0.31357723,0.35285255,0.3327767
latter,P,word2vec_recipe_40_HOM,0.26719266,0.17329971,0.29705903,0.19215247,0.30770025,0.19160053
partner,P,word2vec_recipe_40_HOM,0.20560491,0.19787748,0.24026094,0.21134731,0.2586173,0.23798758
cast,P,word2vec_recipe_40_HOM,0.2988542,0.39199457,0.41207618,0.48499492,0.4559709,0.5066082
brilliance,P,word2vec_recipe_40_HOM,0.1257247,0.124737546,0.14509916,0.13921781,0.15456335,0.14758755
pint,P,word2vec_recipe_40_HOM,0.2615965,0.27967498,0.36973926,0.40724885,0.41838357,0.46657062
countless,M,word2vec_recipe_40_HOM,0.1566523,0.14595173,0.18715139,0.18147232,0.20009308,0.18764316
scramble,P,word2vec_recipe_40_HOM,0.36110204,0.43770736,0.4587577,0.5008649,0.4883037,0.49183783
antique,P,word2vec_recipe_40_HOM,0.19930275,0.19339699,0.23231143,0.2326189,0.2461295,0.23882326
global,P,word2vec_recipe_40_HOM,0.11209848,0.120353095,0.13201456,0.15157294,0.14212033,0.16723862
shameless,P,word2vec_recipe_40_HOM,0.17486279,0.17161106,0.20237514,0.19433331,0.21325468,0.20699175
skip,P,word2vec_recipe_40_HOM,0.31886587,0.35658076,0.37921256,0.3255077,0.3973311,0.30175436
generation,P,word2vec_recipe_40_HOM,0.22900398,0.19720146,0.2628442,0.19760048,0.27544168,0.21511365
treat,P,word2vec_recipe_40_HOM,0.28808442,0.32702178,0.3313694,0.33874747,0.34703553,0.33347633
gobble,H,word2vec_recipe_40_HOM,0.29740572,0.24515629,0.3415482,0.2719445,0.35910788,0.2768093
mainstream,P,word2vec_recipe_40_HOM,0.1085403,0.14341623,0.13470373,0.174544,0.14660747,0.1815801
sane,P,word2vec_recipe_40_HOM,0.1372462,0.13755655,0.1605243,0.15758702,0.16983347,0.1670542
rug,P,word2vec_recipe_40_HOM,0.23772883,0.2683005,0.27904397,0.2963826,0.29597327,0.3014751
paint,P,word2vec_recipe_40_HOM,0.2796242,0.31896013,0.37916675,0.3613937,0.41425827,0.37393376
passionate,P,word2vec_recipe_40_HOM,0.17526165,0.1835782,0.20359051,0.21477666,0.2150776,0.22417824
push,P,word2vec_recipe_40_HOM,0.3490174,0.42220438,0.4260819,0.4208084,0.45088372,0.4223685
liar,M,word2vec_recipe_40_HOM,0.16898194,0.16979733,0.19479448,0.19270167,0.20512341,0.19943178
deadly,P,word2vec_recipe_40_HOM,0.20056924,0.21428113,0.2329661,0.23330261,0.2455495,0.2375009
thorough,P,word2vec_recipe_40_HOM,0.41143084,0.36195296,0.45283744,0.34404022,0.46805996,0.33393693
fetish,P,word2vec_recipe_40_HOM,0.16522971,0.1857996,0.18868172,0.21983486,0.19974098,0.23173971
level,P,word2vec_recipe_40_HOM,0.436467,0.39801314,0.5051552,0.44850776,0.5263761,0.47075126
offer,P,word2vec_recipe_40_HOM,0.3369603,0.44241875,0.40063503,0.44271928,0.4238419,0.43848243
jerk,H,word2vec_recipe_40_HOM,0.29424948,0.31374905,0.3465629,0.29902172,0.36633548,0.30559406
accurate,P,word2vec_recipe_40_HOM,0.25608316,0.27270848,0.31199422,0.29498217,0.33308572,0.29436108
train,P,word2vec_recipe_40_HOM,0.22747998,0.20988837,0.26842642,0.24966124,0.2873489,0.27193236
velocity,P,word2vec_recipe_40_HOM,0.22604907,0.26333955,0.26262844,0.3165411,0.28115636,0.33287853
bulletin,P,word2vec_recipe_40_HOM,0.1752451,0.15914962,0.20040354,0.17716506,0.21090999,0.17882194
nibble,P,word2vec_recipe_40_HOM,0.3107464,0.27993622,0.3458421,0.2726121,0.36109552,0.26546484
cope,H,word2vec_recipe_40_HOM,0.14768282,0.12794253,0.17065266,0.15231892,0.17959587,0.1642209
ballet,P,word2vec_recipe_40_HOM,0.17450663,0.18259452,0.20120329,0.20107,0.21228468,0.22521196
soak,P,word2vec_recipe_40_HOM,0.3816386,0.44329742,0.47237748,0.4737373,0.50272995,0.46143886
crave,P,word2vec_recipe_40_HOM,0.15859284,0.13989481,0.18227719,0.15160646,0.1918194,0.15893161
revolution,P,word2vec_recipe_40_HOM,0.20496988,0.16283621,0.23269236,0.17272677,0.24451792,0.18204051
steady,P,word2vec_recipe_40_HOM,0.33271524,0.3899164,0.4582157,0.5129172,0.50489974,0.51912755
perfume,P,word2vec_recipe_40_HOM,0.25668958,0.2884374,0.3240776,0.33884847,0.35132855,0.35281715
subsequent,M,word2vec_recipe_40_HOM,0.3235552,0.3260152,0.37756643,0.3279065,0.3947718,0.3199661
subjective,P,word2vec_recipe_40_HOM,0.16848141,0.15684502,0.19181563,0.15906447,0.20279068,0.16855454
patient,P,word2vec_recipe_40_HOM,0.25704166,0.1778175,0.29258272,0.20959201,0.30783752,0.22150928
barefoot,M,word2vec_recipe_40_HOM,0.21075425,0.27163452,0.29261726,0.31680962,0.31934112,0.3263495
stale,P,word2vec_recipe_40_HOM,0.3830982,0.3631404,0.45306733,0.43576562,0.47364694,0.42201215
vortex,P,word2vec_recipe_40_HOM,0.39268422,0.45762578,0.4541995,0.49108067,0.47574195,0.50278115
invade,P,word2vec_recipe_40_HOM,0.10053031,0.109087795,0.117938444,0.12916519,0.12527144,0.14006174
fry,H,word2vec_recipe_40_HOM,0.33793163,0.4426963,0.45212165,0.5203171,0.48586673,0.5139586
fetch,P,word2vec_recipe_40_HOM,0.29205522,0.23968667,0.32625067,0.2582869,0.33940384,0.2676828
stressful,M,word2vec_recipe_40_HOM,0.094638646,0.10062805,0.11425149,0.12533173,0.12347355,0.1400133
fabulous,P,word2vec_recipe_40_HOM,0.18236604,0.25485834,0.26203674,0.33905745,0.2928529,0.36131775
cabin,P,word2vec_recipe_40_HOM,0.26631922,0.2573535,0.31036004,0.28704894,0.32703865,0.3088976
assistant,P,word2vec_recipe_40_HOM,0.22504091,0.18405178,0.25837302,0.22097924,0.27211487,0.23771954
fat,P,word2vec_recipe_40_HOM,0.33033428,0.15344256,0.3679438,0.14291425,0.38604274,0.11893878
contribute,P,word2vec_recipe_40_HOM,0.21036708,0.19352727,0.2512744,0.23611851,0.26956767,0.2578092
execute,P,word2vec_recipe_40_HOM,0.18923461,0.19193575,0.21323599,0.19252571,0.22446182,0.19490981
grub,P,word2vec_recipe_40_HOM,0.1732103,0.16924189,0.20039818,0.21627341,0.21159935,0.22254221
trend,P,word2vec_recipe_40_HOM,0.094288126,0.09456631,0.11680731,0.12626205,0.12661418,0.1413902
exhaust,P,word2vec_recipe_40_HOM,0.3148648,0.32847995,0.378027,0.3892737,0.40371758,0.4155146
jealous,P,word2vec_recipe_40_HOM,0.11108683,0.106901206,0.13211744,0.12595442,0.14272663,0.14457382
fragile,P,word2vec_recipe_40_HOM,0.30780593,0.22507414,0.34748042,0.24720554,0.36498222,0.25715777
conclusive,M,word2vec_recipe_40_HOM,0.12201164,0.11197325,0.14417574,0.13286282,0.1537269,0.14113499
mingle,P,word2vec_recipe_40_HOM,0.28574473,0.3621968,0.42312637,0.45674926,0.4595112,0.45112783
clinic,P,word2vec_recipe_40_HOM,0.12424421,0.13045168,0.14571665,0.14819016,0.15619296,0.16821164
tavern,P,word2vec_recipe_40_HOM,0.19550326,0.1609186,0.2263076,0.18394811,0.23821904,0.18972002
hefty,P,word2vec_recipe_40_HOM,0.34914392,0.39535928,0.4325547,0.4423497,0.46258533,0.45356548
aspirin,P,word2vec_recipe_40_HOM,0.21361828,0.19874798,0.24754734,0.22079365,0.2618123,0.23756121
humor,P,word2vec_recipe_40_HOM,0.23501351,0.25762644,0.33255237,0.339519,0.3690747,0.32691434
ultimate,P,word2vec_recipe_40_HOM,0.2246162,0.2508601,0.260717,0.24456492,0.27852383,0.25246713
fruity,P,word2vec_recipe_40_HOM,0.29789296,0.3044071,0.34052008,0.33901843,0.36003056,0.35296196
pardon,P,word2vec_recipe_40_HOM,0.15333113,0.15445703,0.18057515,0.18235642,0.19163209,0.19705027
consumer,P,word2vec_recipe_40_HOM,0.14875345,0.14074714,0.1739811,0.15374878,0.18535605,0.16765963
millennium,P,word2vec_recipe_40_HOM,0.19596349,0.18659611,0.22379275,0.2056124,0.23439603,0.20913321
zone,P,word2vec_recipe_40_HOM,0.29996532,0.30489638,0.38256037,0.38370186,0.41846183,0.42833716
appreciate,P,word2vec_recipe_40_HOM,0.14615178,0.13480729,0.1688374,0.15179202,0.17872185,0.16436782
walrus,M,word2vec_recipe_40_HOM,0.16327766,0.17130189,0.18589601,0.19892229,0.19612995,0.20843051
instrument,P,word2vec_recipe_40_HOM,0.26488906,0.30399564,0.32316104,0.35282487,0.34491238,0.3547035
vial,M,word2vec_recipe_40_HOM,0.16631699,0.18603228,0.19178829,0.19292267,0.20232517,0.20196432
microwave,P,word2vec_recipe_40_HOM,0.22233506,0.3038175,0.34926137,0.4086773,0.42467538,0.4853141
mustard,P,word2vec_recipe_40_HOM,0.24671352,0.28406948,0.32272017,0.3593304,0.35393637,0.37348202
camper,P,word2vec_recipe_40_HOM,0.13410974,0.13298011,0.15436538,0.1574892,0.16421047,0.1732952
epic,P,word2vec_recipe_40_HOM,0.18819723,0.20612513,0.21178779,0.21557851,0.22302884,0.23069692
lighthouse,M,word2vec_recipe_40_HOM,0.15700135,0.15557532,0.17800371,0.17855659,0.18821847,0.18491325
agony,P,word2vec_recipe_40_HOM,0.11371907,0.115259826,0.13310276,0.13138618,0.14183836,0.14311424
bike,P,word2vec_recipe_40_HOM,0.1256431,0.12738976,0.14936376,0.14960852,0.16085464,0.16538452
administer,P,word2vec_recipe_40_HOM,0.18600817,0.16289242,0.2103898,0.18009956,0.2200975,0.19262618
thrust,P,word2vec_recipe_40_HOM,0.14726564,0.12885408,0.24896689,0.26806518,0.3017772,0.33892387
basket,P,word2vec_recipe_40_HOM,0.3832363,0.41468278,0.47567928,0.5263009,0.5044972,0.524919
capable,P,word2vec_recipe_40_HOM,0.268554,0.21224275,0.30440694,0.2249002,0.31792796,0.23715271
edible,P,word2vec_recipe_40_HOM,0.28978267,0.2785179,0.34006783,0.337128,0.36267796,0.34990093
series,P,word2vec_recipe_40_HOM,0.33517468,0.33549857,0.40767422,0.4136582,0.43420386,0.4241268
frenzy,P,word2vec_recipe_40_HOM,0.24258785,0.212014,0.27146804,0.23905388,0.28384796,0.2562511
backpack,P,word2vec_recipe_40_HOM,0.23617086,0.25537854,0.27039587,0.26992965,0.28562135,0.28551695
fear,P,word2vec_recipe_40_HOM,0.19914654,0.15801074,0.23374413,0.18676282,0.24659969,0.19340642
gift,P,word2vec_recipe_40_HOM,0.31400564,0.343855,0.3868046,0.35855308,0.410597,0.36701334
frequency,P,word2vec_recipe_40_HOM,0.30809817,0.31986415,0.35453582,0.34159893,0.3751312,0.35513338
caviar,M,word2vec_recipe_40_HOM,0.32932246,0.39091012,0.41506743,0.46580094,0.44548392,0.4727293
giant,P,word2vec_recipe_40_HOM,0.33179703,0.3199825,0.38122618,0.36335245,0.3981458,0.35894337
timer,P,word2vec_recipe_40_HOM,0.38396627,0.34731004,0.4556931,0.43927017,0.4850539,0.46507514
hobby,H,word2vec_recipe_40_HOM,0.12410398,0.16323341,0.16251564,0.19748965,0.17684397,0.2018902
scrape,P,word2vec_recipe_40_HOM,0.35612848,0.44113022,0.49009976,0.50373095,0.5261483,0.5116333
discretion,P,word2vec_recipe_40_HOM,0.27241164,0.24758017,0.33219668,0.2652774,0.3551078,0.26477835
location,P,word2vec_recipe_40_HOM,0.2630713,0.33390912,0.36446297,0.42590055,0.40941292,0.4445189
wolf,P,word2vec_recipe_40_HOM,0.26220983,0.22428532,0.29585814,0.2501166,0.30863765,0.24879834
shred,P,word2vec_recipe_40_HOM,0.34453884,0.44114676,0.4506332,0.4718748,0.48169708,0.45459992
solar,P,word2vec_recipe_40_HOM,0.38216874,0.35604057,0.45140582,0.40937924,0.47767815,0.40152144
rabbi,P,word2vec_recipe_40_HOM,0.11177538,0.11207676,0.13275434,0.13911182,0.14178532,0.15063924
essence,P,word2vec_recipe_40_HOM,0.40011293,0.37965778,0.44705033,0.39659324,0.4657311,0.42158476
dimension,P,word2vec_recipe_40_HOM,0.3372467,0.26489365,0.37703854,0.29637828,0.39198798,0.29551473
homecoming,P,word2vec_recipe_40_HOM,0.12271663,0.12338076,0.14439498,0.1482216,0.15413384,0.1597829
lease,P,word2vec_recipe_40_HOM,0.24795906,0.23503044,0.31277588,0.29560843,0.34677505,0.3296979
nameless,P,word2vec_recipe_40_HOM,0.091824554,0.114924796,0.11151504,0.14564587,0.12069131,0.15838137
evident,M,word2vec_recipe_40_HOM,0.26937008,0.25491062,0.305276,0.26855665,0.3199324,0.26971814
flashlight,M,word2vec_recipe_40_HOM,0.17445353,0.20382349,0.20462038,0.23106992,0.21880329,0.24916188
diplomat,P,word2vec_recipe_40_HOM,0.24054126,0.256219,0.27802652,0.30303597,0.29592067,0.32855505
exact,P,word2vec_recipe_40_HOM,0.26213282,0.27349392,0.32174727,0.2906755,0.3424326,0.2851247
debate,P,word2vec_recipe_40_HOM,0.12683074,0.11745108,0.14660603,0.13568857,0.15571728,0.14996363
pump,H,word2vec_recipe_40_HOM,0.25629878,0.27138987,0.30270344,0.31313244,0.32181382,0.327073
healthy,P,word2vec_recipe_40_HOM,0.3922852,0.44291747,0.4730918,0.43570787,0.4990921,0.433358
flank,P,word2vec_recipe_40_HOM,0.22650757,0.27788833,0.33014297,0.34457403,0.368348,0.3362264
therapy,P,word2vec_recipe_40_HOM,0.172173,0.1574593,0.19674826,0.17491373,0.20693606,0.19121467
crafty,M,word2vec_recipe_40_HOM,0.14827903,0.13350838,0.17053296,0.14377278,0.1805682,0.1540557
napalm,P,word2vec_recipe_40_HOM,0.14287955,0.1305546,0.16506538,0.14287305,0.17525235,0.15532318
industrial,P,word2vec_recipe_40_HOM,0.22110836,0.19344404,0.25154376,0.21974653,0.26404452,0.21622741
club,P,word2vec_recipe_40_HOM,0.30916232,0.26778373,0.3978206,0.32417777,0.42985886,0.33213985
efficiency,P,word2vec_recipe_40_HOM,0.19014671,0.19115365,0.2284635,0.21836494,0.244684,0.2253052
racetrack,M,word2vec_recipe_40_HOM,0.14142123,0.13470821,0.17375134,0.18113612,0.187851,0.20486943
orb,P,word2vec_recipe_40_HOM,0.13645808,0.16922237,0.15764739,0.19859375,0.16637032,0.21179707
girlfriend,P,word2vec_recipe_40_HOM,0.09197821,0.10126577,0.11433733,0.12848972,0.12620811,0.14581574
dispenser,M,word2vec_recipe_40_HOM,0.32138595,0.32678413,0.36413014,0.38943163,0.3869408,0.4169726
slant,P,word2vec_recipe_40_HOM,0.27691764,0.28330734,0.3352684,0.28926197,0.35562053,0.29969186
conscience,P,word2vec_recipe_40_HOM,0.14584203,0.12090986,0.1737247,0.15427782,0.18569101,0.16593146
immature,P,word2vec_recipe_40_HOM,0.20897274,0.23920082,0.24566834,0.26847532,0.26081267,0.2748914
connect,P,word2vec_recipe_40_HOM,0.24912032,0.265889,0.29322925,0.27926603,0.31396535,0.31033787
truck,H,word2vec_recipe_40_HOM,0.27702412,0.25645813,0.3355451,0.32668066,0.35683566,0.34195557
banana,P,word2vec_recipe_40_HOM,0.319661,0.34831256,0.37956786,0.35200894,0.4018255,0.34343734
weep,P,word2vec_recipe_40_HOM,0.36381233,0.30688858,0.410212,0.2959859,0.42881143,0.30024996
goal,P,word2vec_recipe_40_HOM,0.33648428,0.277711,0.38416114,0.27963322,0.39998943,0.29001018
purpose,P,word2vec_recipe_40_HOM,0.40665174,0.4552205,0.4749295,0.4706086,0.49691674,0.45603085
nation,P,word2vec_recipe_40_HOM,0.1070656,0.12084093,0.12668788,0.1442073,0.13661487,0.16184014
proper,P,word2vec_recipe_40_HOM,0.3302842,0.38281304,0.3858528,0.37197563,0.40596566,0.3662577
noon,M,word2vec_recipe_40_HOM,0.2941317,0.30058852,0.34898353,0.3591655,0.37429246,0.36159092
calculate,P,word2vec_recipe_40_HOM,0.31753808,0.36235574,0.37184688,0.3906955,0.39376774,0.38530654
salmon,P,word2vec_recipe_40_HOM,0.24170277,0.2665717,0.35017747,0.3696538,0.39568478,0.39018032
overhead,P,word2vec_recipe_40_HOM,0.2273629,0.27143767,0.27457142,0.31566876,0.2941426,0.32630375
mighty,P,word2vec_recipe_40_HOM,0.2359149,0.23856944,0.27155745,0.27033284,0.28788444,0.28914696
galaxy,P,word2vec_recipe_40_HOM,0.21427739,0.19350088,0.2514662,0.2353867,0.26664388,0.24161722
mirror,P,word2vec_recipe_40_HOM,0.25005528,0.22077961,0.288511,0.25667655,0.30336657,0.27845824
crowd,P,word2vec_recipe_40_HOM,0.3719799,0.40504602,0.4696337,0.4234359,0.49638477,0.40991583
bullet,P,word2vec_recipe_40_HOM,0.27756667,0.2754586,0.34839353,0.35144442,0.38270572,0.41530582
fishy,P,word2vec_recipe_40_HOM,0.26304212,0.2641161,0.30826724,0.2930744,0.32450908,0.29421273
strike,P,word2vec_recipe_40_HOM,0.29612398,0.31567073,0.34459746,0.341525,0.3639674,0.34406337
maternal,P,word2vec_recipe_40_HOM,0.08105721,0.09474478,0.10325688,0.124173746,0.11501497,0.14045517
havoc,P,word2vec_recipe_40_HOM,0.12510116,0.13369738,0.14739734,0.15674001,0.15723166,0.1686268
farce,P,word2vec_recipe_40_HOM,0.29848158,0.35819778,0.34322315,0.370536,0.35840413,0.3827065
puck,M,word2vec_recipe_40_HOM,0.304035,0.35591912,0.3713914,0.37252343,0.39053294,0.3727576
indulge,P,word2vec_recipe_40_HOM,0.27546543,0.23226526,0.31139025,0.26678932,0.32643592,0.2726211
lure,P,word2vec_recipe_40_HOM,0.14956333,0.18960033,0.17880148,0.2396638,0.19054626,0.2595298
jet,H,word2vec_recipe_40_HOM,0.32005492,0.32065368,0.36453083,0.3452144,0.38306198,0.34390163
buckshot,M,word2vec_recipe_40_HOM,0.1892506,0.20289381,0.22017445,0.22969295,0.23332453,0.2479954
efficient,P,word2vec_recipe_40_HOM,0.22868176,0.18542011,0.25901833,0.20790984,0.27202904,0.21150413
surround,P,word2vec_recipe_40_HOM,0.3481284,0.4466275,0.4389357,0.46660396,0.47144178,0.47748858
rocker,P,word2vec_recipe_40_HOM,0.2870708,0.32273665,0.34374225,0.39273524,0.36927527,0.40381172
topic,P,word2vec_recipe_40_HOM,0.14219418,0.12876874,0.16918164,0.16044708,0.17960574,0.17026375
compulsive,P,word2vec_recipe_40_HOM,0.06995427,0.086524904,0.08904932,0.11659522,0.09923458,0.12971339
sunshine,P,word2vec_recipe_40_HOM,0.28833628,0.25016528,0.3265157,0.28873423,0.3413173,0.2909507
subtle,P,word2vec_recipe_40_HOM,0.18683644,0.22703633,0.24875069,0.28001097,0.28037646,0.30256468
warmed,P,word2vec_recipe_40_HOM,0.40082908,0.3859573,0.46074632,0.38360602,0.47933587,0.38832578
geometry,P,word2vec_recipe_40_HOM,0.1291554,0.15935324,0.15456021,0.17527132,0.16524456,0.18766102
dine,P,word2vec_recipe_40_HOM,0.19502676,0.14323612,0.22269268,0.16394128,0.23280527,0.16989909
stagecoach,M,word2vec_recipe_40_HOM,0.10323266,0.12534674,0.12113385,0.14778095,0.12923433,0.15960355
antenna,P,word2vec_recipe_40_HOM,0.19737966,0.19543797,0.24037437,0.2468225,0.26191851,0.2779905
elderly,M,word2vec_recipe_40_HOM,0.15637966,0.1678658,0.19435853,0.16693301,0.20690686,0.17311028
talent,P,word2vec_recipe_40_HOM,0.08005388,0.094714984,0.097884305,0.12107176,0.107740335,0.13703954
tooth,P,word2vec_recipe_40_HOM,0.39740008,0.4376511,0.4921025,0.5026673,0.52110976,0.51646656
mute,P,word2vec_recipe_40_HOM,0.16031551,0.19126701,0.19506599,0.21705489,0.20947866,0.22253975
prosperity,M,word2vec_recipe_40_HOM,0.1327137,0.16241413,0.15850282,0.19040154,0.1697099,0.20036802
tote,P,word2vec_recipe_40_HOM,0.2782137,0.30805463,0.32534382,0.36470845,0.34658363,0.37988803
starve,P,word2vec_recipe_40_HOM,0.17762507,0.15673427,0.20160912,0.17814788,0.21125148,0.1880557
moth,P,word2vec_recipe_40_HOM,0.16815683,0.18958962,0.19321048,0.20989731,0.20258842,0.21871267
mug,P,word2vec_recipe_40_HOM,0.31259033,0.39109874,0.38592377,0.42237803,0.4149185,0.43239257
panel,P,word2vec_recipe_40_HOM,0.24053502,0.21414526,0.27870846,0.26811743,0.2961623,0.28448945
tender,H,word2vec_recipe_40_HOM,0.28901142,0.3097761,0.38852626,0.37105173,0.42189118,0.3678419
robe,P,word2vec_recipe_40_HOM,0.19018969,0.23060559,0.22170137,0.26826257,0.23638469,0.28418863
expand,P,word2vec_recipe_40_HOM,0.3625916,0.4269329,0.43668252,0.38410094,0.45912316,0.38389662
flame,P,word2vec_recipe_40_HOM,0.324509,0.41220915,0.41699916,0.45888802,0.446743,0.4663294
positive,P,word2vec_recipe_40_HOM,0.13973403,0.118496954,0.16256106,0.14545533,0.17215751,0.15436786
hungry,P,word2vec_recipe_40_HOM,0.2953528,0.27317443,0.34823012,0.29154643,0.36700633,0.2841927
imperative,P,word2vec_recipe_40_HOM,0.21802366,0.15031183,0.24746811,0.17856605,0.26103747,0.19281377
bank,H,word2vec_recipe_40_HOM,0.3105411,0.27989152,0.38005134,0.36270097,0.42202896,0.40690234
bark,H,word2vec_recipe_40_HOM,0.31574813,0.3654192,0.38929966,0.41176987,0.42010924,0.42515734
harvest,P,word2vec_recipe_40_HOM,0.3108186,0.29328743,0.34882575,0.30485624,0.36263427,0.29878116
powder,P,word2vec_recipe_40_HOM,0.2575609,0.26915568,0.3457488,0.33082002,0.379281,0.36343297
spur,P,word2vec_recipe_40_HOM,0.18480043,0.19134878,0.21600746,0.22478907,0.23093273,0.24592851
sensation,P,word2vec_recipe_40_HOM,0.35492632,0.32608622,0.4025443,0.3440951,0.41897315,0.3590387
brandy,P,word2vec_recipe_40_HOM,0.19327767,0.26033622,0.3041905,0.3511636,0.34724832,0.3786935
simmer,P,word2vec_recipe_40_HOM,0.30060023,0.31165904,0.38237962,0.33387798,0.41181916,0.34894633
compensate,P,word2vec_recipe_40_HOM,0.3267201,0.30174762,0.37679636,0.32076553,0.39469996,0.31844664
stinky,M,word2vec_recipe_40_HOM,0.18596402,0.1630441,0.21614283,0.17877515,0.2283023,0.19622192
grunt,P,word2vec_recipe_40_HOM,0.24627838,0.2239702,0.29650265,0.2493989,0.31834626,0.2684537
flush,H,word2vec_recipe_40_HOM,0.37269264,0.3730492,0.42872283,0.4148493,0.4507662,0.41249013
pulp,P,word2vec_recipe_40_HOM,0.33213353,0.40594622,0.4237028,0.48841503,0.4598303,0.5080182
welfare,P,word2vec_recipe_40_HOM,0.24657586,0.23806843,0.2776266,0.2681671,0.2894002,0.2743629
slumber,P,word2vec_recipe_40_HOM,0.1630271,0.19187135,0.20378488,0.2317988,0.22090279,0.24468945
pedestal,P,word2vec_recipe_40_HOM,0.33998123,0.33496666,0.3891568,0.3939545,0.41073242,0.40272713
stylish,M,word2vec_recipe_40_HOM,0.22594538,0.25310382,0.25981265,0.26505005,0.2744244,0.26954952
pity,P,word2vec_recipe_40_HOM,0.09695736,0.09450901,0.115710296,0.12733556,0.12454822,0.13924526
skilled,P,word2vec_recipe_40_HOM,0.297861,0.35031062,0.38860855,0.4187184,0.43076116,0.43408087
fulfill,P,word2vec_recipe_40_HOM,0.13313992,0.14294297,0.15573376,0.16157329,0.16648294,0.17192258
skid,P,word2vec_recipe_40_HOM,0.23494093,0.24062087,0.2740583,0.27373397,0.2874356,0.29048946
crocodile,P,word2vec_recipe_40_HOM,0.28976315,0.32035598,0.33007365,0.3392565,0.34542286,0.34968764
tenth,P,word2vec_recipe_40_HOM,0.22964196,0.30278188,0.33182147,0.36784205,0.36462298,0.36795613
ingredient,P,word2vec_recipe_40_HOM,0.3788352,0.4027643,0.43084514,0.34753105,0.44663855,0.34272504
toot,P,word2vec_recipe_40_HOM,0.16354105,0.16178013,0.18905097,0.1878516,0.19923839,0.20105977
torpedo,P,word2vec_recipe_40_HOM,0.2409954,0.246753,0.2906733,0.29862592,0.31601322,0.32605684
draw,P,word2vec_recipe_40_HOM,0.33960366,0.29674882,0.39190874,0.3094435,0.41237146,0.31115103
drill,H,word2vec_recipe_40_HOM,0.29648754,0.25969893,0.34034035,0.2919893,0.35633233,0.2968104
elegance,P,word2vec_recipe_40_HOM,0.2951272,0.26357177,0.33345675,0.28677207,0.3484264,0.29326695
rule,P,word2vec_recipe_40_HOM,0.33887142,0.3208392,0.38076678,0.3003134,0.39606914,0.30319732
tornado,M,word2vec_recipe_40_HOM,0.21601717,0.19112602,0.24399124,0.20835131,0.2556017,0.2188014
premium,P,word2vec_recipe_40_HOM,0.32752663,0.31476778,0.37658432,0.33982298,0.39433315,0.35731375
mellow,P,word2vec_recipe_40_HOM,0.3029763,0.37165925,0.38334274,0.3900889,0.41313866,0.3763463
watering,P,word2vec_recipe_40_HOM,0.27260405,0.24698333,0.3071291,0.26496404,0.3198265,0.2774229
scratch,P,word2vec_recipe_40_HOM,0.3451292,0.36629128,0.3879559,0.33833942,0.40460145,0.34351444
slow,P,word2vec_recipe_40_HOM,0.30395183,0.33531022,0.43290347,0.4529825,0.47685546,0.4597756
custom,P,word2vec_recipe_40_HOM,0.21233866,0.17614086,0.23838116,0.1838154,0.24871227,0.19271496
beach,P,word2vec_recipe_40_HOM,0.3056633,0.23910879,0.34099507,0.27556434,0.35484818,0.2848085
pesky,M,word2vec_recipe_40_HOM,0.20640326,0.22825657,0.23855515,0.24222212,0.2533543,0.2499541
kosher,P,word2vec_recipe_40_HOM,0.2595287,0.26498836,0.32429808,0.33537206,0.3557228,0.35208645
lemon,P,word2vec_recipe_40_HOM,0.26706025,0.32752457,0.33884174,0.3532562,0.372426,0.37745345
backward,P,word2vec_recipe_40_HOM,0.23550406,0.25547856,0.28801334,0.29412475,0.30964252,0.31835034
redundant,P,word2vec_recipe_40_HOM,0.096744336,0.09505608,0.11510095,0.12111949,0.12371921,0.1310823
groundhog,M,word2vec_recipe_40_HOM,0.22428389,0.1762175,0.2572173,0.19728045,0.26750657,0.20647264
brow,P,word2vec_recipe_40_HOM,0.35893556,0.38776162,0.42198443,0.4444714,0.44549897,0.45995352
flag,H,word2vec_recipe_40_HOM,0.36898422,0.31177223,0.41494256,0.34148762,0.43487287,0.36608717
studio,P,word2vec_recipe_40_HOM,0.12331508,0.11835075,0.1432832,0.15243243,0.15177315,0.16765103
wet,P,word2vec_recipe_40_HOM,0.34816992,0.38698524,0.42309865,0.4044129,0.4511013,0.41561392
lung,M,word2vec_recipe_40_HOM,0.1838113,0.20240197,0.22527908,0.23935664,0.23993517,0.2449552
surface,P,word2vec_recipe_40_HOM,0.27262288,0.22059952,0.35774654,0.27411023,0.3952445,0.28766572
arrive,P,word2vec_recipe_40_HOM,0.32316598,0.26428515,0.37962663,0.27807152,0.40018317,0.29241496
skinny,P,word2vec_recipe_40_HOM,0.3425475,0.35640395,0.39017898,0.3677801,0.40944722,0.37617403
remind,P,word2vec_recipe_40_HOM,0.18556511,0.13739876,0.21193445,0.15863942,0.22446372,0.17490569
drool,P,word2vec_recipe_40_HOM,0.20993435,0.15548442,0.2424448,0.181297,0.25513142,0.19808294
swoop,P,word2vec_recipe_40_HOM,0.20738058,0.21532877,0.23582073,0.25245273,0.24902141,0.2676337
gas,P,word2vec_recipe_40_HOM,0.33103892,0.3475564,0.40134597,0.43351474,0.4368982,0.46157017
ankle,M,word2vec_recipe_40_HOM,0.13449776,0.16727379,0.19516514,0.25397983,0.22281612,0.28605103
scheme,P,word2vec_recipe_40_HOM,0.20040374,0.2363515,0.23588243,0.23185945,0.25084436,0.23290175
accomplish,P,word2vec_recipe_40_HOM,0.24778545,0.21960708,0.27957022,0.21171357,0.2917545,0.20839387
adapt,P,word2vec_recipe_40_HOM,0.23407522,0.2163765,0.27749774,0.23739317,0.29519826,0.23395586
massive,P,word2vec_recipe_40_HOM,0.20627078,0.13885635,0.23265591,0.15135764,0.24400334,0.1610747
proposal,P,word2vec_recipe_40_HOM,0.117728435,0.14347987,0.1388719,0.1761424,0.14796348,0.18605639
count,H,word2vec_recipe_40_HOM,0.37979656,0.34552085,0.4304904,0.3901499,0.44839874,0.40509278
minus,P,word2vec_recipe_40_HOM,0.38830453,0.47816443,0.4587966,0.48489517,0.48211005,0.48593727
champagne,P,word2vec_recipe_40_HOM,0.22749567,0.25502774,0.30089387,0.30974928,0.33183572,0.3256235
bath,P,word2vec_recipe_40_HOM,0.31608036,0.38462213,0.41557896,0.4532568,0.45758888,0.48593214
glitter,P,word2vec_recipe_40_HOM,0.2305235,0.27927384,0.31887925,0.33092186,0.35291824,0.35672495
soup,P,word2vec_recipe_40_HOM,0.33282977,0.41863126,0.3906407,0.39469278,0.41424644,0.40413412
portable,P,word2vec_recipe_40_HOM,0.40725088,0.41643187,0.47617176,0.5093879,0.5047477,0.5240029
skull,P,word2vec_recipe_40_HOM,0.23294596,0.19696304,0.2718627,0.24751124,0.29332232,0.2766106
garment,P,word2vec_recipe_40_HOM,0.22068584,0.25704277,0.2642265,0.2865681,0.28029862,0.288384
unorthodox,M,word2vec_recipe_40_HOM,0.14139731,0.12578364,0.16231774,0.15286475,0.17265454,0.16119672
yacht,P,word2vec_recipe_40_HOM,0.15069129,0.16915558,0.17710903,0.19691384,0.18881302,0.20826702
jog,H,word2vec_recipe_40_HOM,0.21974905,0.23668766,0.25018218,0.22916204,0.26261783,0.23772402
inspire,P,word2vec_recipe_40_HOM,0.11230487,0.12586117,0.13616781,0.1501742,0.14685164,0.16072112
chin,P,word2vec_recipe_40_HOM,0.24983993,0.2528422,0.29064378,0.28248096,0.30727792,0.2949406
casserole,P,word2vec_recipe_40_HOM,0.29031253,0.32264596,0.3584837,0.30205917,0.3868614,0.3352746
nervous,P,word2vec_recipe_40_HOM,0.19705138,0.15227336,0.2348976,0.16200833,0.24922064,0.17316855
clamp,P,word2vec_recipe_40_HOM,0.3537611,0.35806125,0.41607064,0.420721,0.43870774,0.42865205
relative,P,word2vec_recipe_40_HOM,0.23805556,0.18582362,0.27097487,0.20230557,0.28382012,0.2034418
batch,P,word2vec_recipe_40_HOM,0.3922004,0.37028268,0.45002377,0.38923803,0.4692497,0.381599
loyalty,P,word2vec_recipe_40_HOM,0.25829673,0.26156932,0.38549882,0.32955843,0.425833,0.31950894
brittle,P,word2vec_recipe_40_HOM,0.36278996,0.43153012,0.44461152,0.4709349,0.47590983,0.47545972
junkie,P,word2vec_recipe_40_HOM,0.15309162,0.15600523,0.17405726,0.18784505,0.18542223,0.1992341
click,P,word2vec_recipe_40_HOM,0.25498676,0.2756541,0.32324278,0.2998534,0.3521444,0.31189555
population,P,word2vec_recipe_40_HOM,0.11149895,0.12447974,0.13401152,0.14319046,0.14493813,0.15879562
outline,P,word2vec_recipe_40_HOM,0.20333388,0.1763066,0.24670593,0.2541007,0.27292588,0.2878174
dud,P,word2vec_recipe_40_HOM,0.27985,0.282911,0.32347107,0.31213823,0.33854377,0.33388907
peep,H,word2vec_recipe_40_HOM,0.2780655,0.25831956,0.32621533,0.28863916,0.3471769,0.31700885
task,P,word2vec_recipe_40_HOM,0.24478106,0.21789695,0.2964463,0.2207065,0.31375062,0.22030142
coconut,P,word2vec_recipe_40_HOM,0.30902737,0.37181285,0.3751892,0.393936,0.3996598,0.41063595
guardian,P,word2vec_recipe_40_HOM,0.16250297,0.17376012,0.18525198,0.19407625,0.19544928,0.20594068
runner,P,word2vec_recipe_40_HOM,0.3292449,0.26633123,0.3774977,0.31927162,0.3960955,0.33469674
moody,P,word2vec_recipe_40_HOM,0.12423656,0.13901907,0.14090665,0.15732187,0.1494891,0.16733858
diver,P,word2vec_recipe_40_HOM,0.1747961,0.18451747,0.21649948,0.22431973,0.235456,0.245606
constant,P,word2vec_recipe_40_HOM,0.36212403,0.46307695,0.432808,0.49102062,0.4602742,0.4687109
cowgirl,P,word2vec_recipe_40_HOM,0.17788711,0.1766478,0.2052458,0.19938366,0.21578701,0.20919536
concern,P,word2vec_recipe_40_HOM,0.19771054,0.19650188,0.23429695,0.21093494,0.2483269,0.2054179
remove,P,word2vec_recipe_40_HOM,0.33680874,0.33664834,0.43013218,0.37019745,0.45933288,0.36112025
cram,P,word2vec_recipe_40_HOM,0.3880447,0.3492571,0.45691544,0.41032696,0.4814818,0.422908
disclosure,P,word2vec_recipe_40_HOM,0.16951308,0.1391365,0.20015919,0.15693007,0.21227951,0.16265601
prominent,P,word2vec_recipe_40_HOM,0.15919906,0.1793217,0.19620945,0.22347873,0.21361282,0.24002989
shift,P,word2vec_recipe_40_HOM,0.40677872,0.39594972,0.46780977,0.3883484,0.48664424,0.40445116
pinch,P,word2vec_recipe_40_HOM,0.408014,0.41420734,0.4877105,0.45627603,0.5109314,0.4874279
adorable,P,word2vec_recipe_40_HOM,0.18872058,0.19239554,0.22826488,0.24848352,0.24516015,0.2633408
zebra,M,word2vec_recipe_40_HOM,0.26459727,0.26175332,0.31167442,0.29609936,0.32989198,0.3189112
tasteful,P,word2vec_recipe_40_HOM,0.18708947,0.20426941,0.22063155,0.23559497,0.23507279,0.24664323
stash,P,word2vec_recipe_40_HOM,0.28317434,0.23430127,0.34351447,0.32942882,0.37029952,0.36555722
bout,P,word2vec_recipe_40_HOM,0.3407665,0.34454018,0.44700435,0.45604178,0.4785842,0.47701138
rage,P,word2vec_recipe_40_HOM,0.16795409,0.15163311,0.19255592,0.16767256,0.2025033,0.17703871
crisp,P,word2vec_recipe_40_HOM,0.33485088,0.44097248,0.45041668,0.5059486,0.4858367,0.49422482
grow,P,word2vec_recipe_40_HOM,0.30730835,0.26063338,0.35095528,0.27780765,0.36642402,0.27300435
lair,P,word2vec_recipe_40_HOM,0.15979585,0.20203775,0.18734735,0.24486054,0.19908099,0.2570175
smudge,P,word2vec_recipe_40_HOM,0.23287094,0.21047074,0.2674952,0.2419063,0.28153253,0.2510835
virtue,P,word2vec_recipe_40_HOM,0.2866984,0.27891672,0.3289441,0.26892442,0.34434387,0.27418086
minimize,P,word2vec_recipe_40_HOM,0.30674198,0.33526602,0.37573,0.38052952,0.4017819,0.37031293
tremble,P,word2vec_recipe_40_HOM,0.21066329,0.24326412,0.30171973,0.32988903,0.3350925,0.32767364
numerous,P,word2vec_recipe_40_HOM,0.31264344,0.3492994,0.36119613,0.29011792,0.37501428,0.28539518
spoil,P,word2vec_recipe_40_HOM,0.2528407,0.18716878,0.29424965,0.23359217,0.30912688,0.24555916
strand,H,word2vec_recipe_40_HOM,0.33813953,0.3237846,0.42253155,0.42204833,0.45124653,0.42625126
shabby,P,word2vec_recipe_40_HOM,0.1381248,0.11478132,0.16298342,0.14554735,0.17595604,0.16109619
notion,P,word2vec_recipe_40_HOM,0.09711287,0.09986887,0.11472553,0.121682726,0.12358907,0.13337646
shady,P,word2vec_recipe_40_HOM,0.2547096,0.2996731,0.3017558,0.310174,0.31927404,0.31293368
porcelain,P,word2vec_recipe_40_HOM,0.2805506,0.3513675,0.36760768,0.45357716,0.40363404,0.4910353
leak,P,word2vec_recipe_40_HOM,0.34185928,0.39253852,0.4210681,0.36767697,0.44316635,0.33409506
untouched,P,word2vec_recipe_40_HOM,0.377032,0.34102333,0.4298404,0.32535255,0.4469136,0.32750526
cluck,P,word2vec_recipe_40_HOM,0.15052477,0.14962654,0.1723567,0.1707777,0.1823706,0.1860487
badge,P,word2vec_recipe_40_HOM,0.13064459,0.16284274,0.15746185,0.20747249,0.16996315,0.22614649
rag,H,word2vec_recipe_40_HOM,0.36196595,0.45395637,0.42857084,0.48452187,0.45214003,0.4609018
agency,P,word2vec_recipe_40_HOM,0.123863794,0.13595971,0.14969988,0.16828091,0.1594236,0.1776787
kicker,P,word2vec_recipe_40_HOM,0.21191783,0.2519215,0.24682081,0.28762186,0.26211897,0.2956337
impossible,P,word2vec_recipe_40_HOM,0.3825116,0.31048554,0.44292575,0.3360614,0.46294296,0.34729588
splinter,P,word2vec_recipe_40_HOM,0.21089236,0.18418841,0.24264856,0.21746099,0.2554697,0.21895896
submission,P,word2vec_recipe_40_HOM,0.19570267,0.15615253,0.22918,0.18212631,0.24381715,0.18774532
brighten,P,word2vec_recipe_40_HOM,0.31702265,0.3554867,0.39249924,0.38343164,0.4199935,0.3809064
character,P,word2vec_recipe_40_HOM,0.25250003,0.29037207,0.30009094,0.3074823,0.3177829,0.30763763
brink,P,word2vec_recipe_40_HOM,0.20564337,0.19583206,0.26208627,0.2802737,0.28937644,0.31212193
conscious,P,word2vec_recipe_40_HOM,0.20815077,0.20189816,0.24264388,0.22211313,0.2573985,0.23048417
cello,M,word2vec_recipe_40_HOM,0.21395385,0.24098682,0.26373506,0.3100709,0.2906034,0.3601172
hydrogen,M,word2vec_recipe_40_HOM,0.21105497,0.23362124,0.2722289,0.29713094,0.2970829,0.3029991
device,P,word2vec_recipe_40_HOM,0.33622712,0.34345344,0.3998093,0.41387168,0.4246344,0.42965746
seed,P,word2vec_recipe_40_HOM,0.33131725,0.31198567,0.42325193,0.39228663,0.45369533,0.41775468
feature,P,word2vec_recipe_40_HOM,0.24612924,0.24887547,0.29972166,0.25163543,0.3185352,0.254516
infrared,P,word2vec_recipe_40_HOM,0.1886125,0.22458658,0.25778496,0.3151015,0.2817373,0.3458901
hammock,M,word2vec_recipe_40_HOM,0.18146548,0.21935883,0.21222097,0.248872,0.22584938,0.25636756
boom,H,word2vec_recipe_40_HOM,0.29542097,0.26610705,0.33310935,0.26878092,0.3478355,0.28208247
dispense,P,word2vec_recipe_40_HOM,0.33189243,0.32113472,0.38045162,0.3595564,0.40138188,0.38648057
sever,P,word2vec_recipe_40_HOM,0.31374243,0.22801705,0.37991568,0.3001989,0.4107282,0.35178736
tier,H,word2vec_recipe_40_HOM,0.31968635,0.31272504,0.3891854,0.36459878,0.4121528,0.38236573
tall,P,word2vec_recipe_40_HOM,0.25507012,0.24866322,0.32743987,0.33941787,0.36018068,0.35828984
scrap,H,word2vec_recipe_40_HOM,0.35466665,0.43071756,0.45623696,0.47123736,0.48780036,0.45017418
journal,P,word2vec_recipe_40_HOM,0.13738057,0.14159723,0.16695231,0.16195723,0.1793347,0.17544541
humble,P,word2vec_recipe_40_HOM,0.19126189,0.18702267,0.22098628,0.20302093,0.23350155,0.21096194
collective,P,word2vec_recipe_40_HOM,0.08991344,0.106590405,0.107452504,0.13018478,0.11631443,0.14498033
cater,P,word2vec_recipe_40_HOM,0.15403283,0.148817,0.18128619,0.15900545,0.19205047,0.17344227
pathetic,P,word2vec_recipe_40_HOM,0.10569545,0.11313789,0.12444643,0.13106513,0.13358362,0.1448193
mixture,P,word2vec_recipe_40_HOM,0.2898895,0.3231012,0.39354488,0.34300172,0.4203688,0.34984085
jumbo,P,word2vec_recipe_40_HOM,0.39695072,0.43501052,0.47391468,0.47216994,0.50212526,0.48824352
mattress,P,word2vec_recipe_40_HOM,0.13082576,0.12201568,0.15188181,0.14944981,0.16188361,0.15834007
sway,P,word2vec_recipe_40_HOM,0.1955516,0.17655386,0.22199173,0.19643527,0.23172885,0.20498458
adjust,P,word2vec_recipe_40_HOM,0.32546562,0.3650507,0.42877328,0.39006007,0.4667106,0.4045372
hippo,M,word2vec_recipe_40_HOM,0.20338157,0.19764861,0.22824942,0.20813404,0.23928222,0.21414283
pharmacy,P,word2vec_recipe_40_HOM,0.119518735,0.11474544,0.14171618,0.1415806,0.15096277,0.1538918
guilt,P,word2vec_recipe_40_HOM,0.27153894,0.29114372,0.32630673,0.33003193,0.3472629,0.34429196
yellow,P,word2vec_recipe_40_HOM,0.38747618,0.4491683,0.47122887,0.5063038,0.49866435,0.51875037
stretch,P,word2vec_recipe_40_HOM,0.2848264,0.35497558,0.35363317,0.3683374,0.37791678,0.3767782
untie,P,word2vec_recipe_40_HOM,0.35174075,0.37160984,0.41723084,0.4088541,0.442408,0.421839
invention,P,word2vec_recipe_40_HOM,0.1338321,0.11863926,0.15653963,0.13978805,0.16901901,0.15484224
sailboat,M,word2vec_recipe_40_HOM,0.19677515,0.21859966,0.23240982,0.25759304,0.24652816,0.26715624
degree,P,word2vec_recipe_40_HOM,0.3491527,0.346505,0.42450324,0.33370116,0.45257363,0.34693035
strange,P,word2vec_recipe_40_HOM,0.19293989,0.17999691,0.23561221,0.21249038,0.2509242,0.21911284
corruption,P,word2vec_recipe_40_HOM,0.13393643,0.12455929,0.15564631,0.15987119,0.16534619,0.17052503
nutty,P,word2vec_recipe_40_HOM,0.34733412,0.4241481,0.42278412,0.49222115,0.45565805,0.5073002
evil,P,word2vec_recipe_40_HOM,0.19916934,0.2059465,0.22710255,0.22175208,0.23851737,0.23881568
grid,P,word2vec_recipe_40_HOM,0.38832718,0.44693834,0.4448411,0.4565209,0.46369705,0.4336635
probable,P,word2vec_recipe_40_HOM,0.084636614,0.09623009,0.09957787,0.12293494,0.1085578,0.13657753
lucid,P,word2vec_recipe_40_HOM,0.27780685,0.2869056,0.3102143,0.3082603,0.32453138,0.31958473
cheeky,M,word2vec_recipe_40_HOM,0.1738327,0.19455841,0.19876322,0.21355994,0.20999974,0.22280952
smart,P,word2vec_recipe_40_HOM,0.40422505,0.33224052,0.45193806,0.34401,0.4681309,0.34746835
despicable,M,word2vec_recipe_40_HOM,0.15435863,0.14932272,0.1747328,0.1674819,0.18338604,0.17762382
olden,M,word2vec_recipe_40_HOM,0.22649793,0.18272284,0.25425154,0.18808582,0.26521957,0.19623803
suffice,P,word2vec_recipe_40_HOM,0.3303185,0.20116493,0.36278784,0.20245223,0.3752642,0.2104834
drug,P,word2vec_recipe_40_HOM,0.17568532,0.18807733,0.2192836,0.22169073,0.23740448,0.23621394
personnel,P,word2vec_recipe_40_HOM,0.13482022,0.12715273,0.1578053,0.15949304,0.16830437,0.1703079
scientist,M,word2vec_recipe_40_HOM,0.16242394,0.17078243,0.18591382,0.19520803,0.19580793,0.2036685
triple,P,word2vec_recipe_40_HOM,0.3723261,0.30738196,0.42845875,0.29606834,0.44862002,0.32033366
toll,H,word2vec_recipe_40_HOM,0.30253536,0.3006366,0.36801594,0.2795365,0.38989976,0.28353807
soil,H,word2vec_recipe_40_HOM,0.27305782,0.33890203,0.34934032,0.36717778,0.3816831,0.4007364
finesse,P,word2vec_recipe_40_HOM,0.10885091,0.10457795,0.12927432,0.12827612,0.13957268,0.14412068
near,P,word2vec_recipe_40_HOM,0.3627892,0.20997655,0.43842402,0.37150463,0.47011712,0.40882188
manly,M,word2vec_recipe_40_HOM,0.19635053,0.1865079,0.22398913,0.1987594,0.23700978,0.20709279
fling,P,word2vec_recipe_40_HOM,0.31745425,0.283846,0.3615905,0.3065685,0.3786771,0.32715553
tolerate,P,word2vec_recipe_40_HOM,0.17417991,0.1657619,0.20548874,0.18473263,0.21773256,0.18850286
mechanism,P,word2vec_recipe_40_HOM,0.35721198,0.40522972,0.4139881,0.43747637,0.4386129,0.44088316
likeness,P,word2vec_recipe_40_HOM,0.27740914,0.3011884,0.37289715,0.36157534,0.40006307,0.3725481
magical,P,word2vec_recipe_40_HOM,0.26286882,0.2627658,0.29701963,0.28491738,0.3116124,0.29430938
strip,H,word2vec_recipe_40_HOM,0.29372078,0.32551575,0.34236938,0.34029648,0.36437747,0.340227
squeeze,P,word2vec_recipe_40_HOM,0.3645771,0.4114027,0.4750861,0.45122582,0.5050008,0.46745372
gap,P,word2vec_recipe_40_HOM,0.3099448,0.36559585,0.37701866,0.36697847,0.39730722,0.35307324
hockey,P,word2vec_recipe_40_HOM,0.25479895,0.30684486,0.3048252,0.31211448,0.32200393,0.3082923
label,P,word2vec_recipe_40_HOM,0.36268267,0.42585525,0.4539991,0.4965209,0.48621872,0.5036955
deserve,P,word2vec_recipe_40_HOM,0.1428437,0.13384385,0.1685987,0.16273998,0.17963813,0.17148182
prior,H,word2vec_recipe_40_HOM,0.3840062,0.36840668,0.47543967,0.40616608,0.5031456,0.3996796
salesman,M,word2vec_recipe_40_HOM,0.25411302,0.23268352,0.28642723,0.24098286,0.29828396,0.23699453
uncover,P,word2vec_recipe_40_HOM,0.38426608,0.35931405,0.44877422,0.36691526,0.470894,0.39127305
flood,P,word2vec_recipe_40_HOM,0.2722383,0.22990383,0.32304323,0.28328943,0.34864852,0.31776145
design,P,word2vec_recipe_40_HOM,0.24052954,0.29994148,0.31142792,0.32030073,0.33642972,0.3284375
pottery,P,word2vec_recipe_40_HOM,0.2946281,0.34858596,0.38435906,0.45915663,0.41853532,0.48506254
lace,P,word2vec_recipe_40_HOM,0.3482738,0.27303654,0.39461398,0.33995363,0.41318703,0.34961683
bathtub,M,word2vec_recipe_40_HOM,0.31837416,0.2796481,0.36768496,0.3135778,0.3861878,0.31484747
plot,H,word2vec_recipe_40_HOM,0.14907908,0.15984231,0.17261812,0.1789726,0.183815,0.19169872
benefit,P,word2vec_recipe_40_HOM,0.25762713,0.21160819,0.29655242,0.24306802,0.311917,0.2411078
curtain,P,word2vec_recipe_40_HOM,0.22509964,0.24544442,0.26659164,0.30895182,0.28444627,0.3106574
chair,P,word2vec_recipe_40_HOM,0.23622008,0.24927437,0.29186195,0.30369526,0.31326622,0.32777548
barber,P,word2vec_recipe_40_HOM,0.22142406,0.26566225,0.2662839,0.3015461,0.2880103,0.3249788
glory,P,word2vec_recipe_40_HOM,0.3075825,0.24371365,0.3613021,0.29112738,0.38248265,0.30326244
proprietor,P,word2vec_recipe_40_HOM,0.09132986,0.11550307,0.11056883,0.14343375,0.11958131,0.15818726
input,P,word2vec_recipe_40_HOM,0.16359563,0.12651187,0.18753333,0.14405228,0.19760737,0.15775755
pure,P,word2vec_recipe_40_HOM,0.32459518,0.36589074,0.3825528,0.415377,0.4072212,0.42571622
imitation,P,word2vec_recipe_40_HOM,0.39356464,0.40826738,0.4573344,0.44294825,0.47882012,0.4401717
adjacent,M,word2vec_recipe_40_HOM,0.28633365,0.273497,0.34012485,0.32370564,0.36250684,0.3325336
mutant,M,word2vec_recipe_40_HOM,0.15536761,0.15082908,0.18106557,0.17105004,0.19126254,0.18232131
cable,P,word2vec_recipe_40_HOM,0.20104535,0.21808827,0.24298707,0.25924513,0.2597864,0.28614497
virtual,M,word2vec_recipe_40_HOM,0.10619606,0.12149916,0.12767953,0.16197734,0.13662976,0.17403923
basement,M,word2vec_recipe_40_HOM,0.20276077,0.26806715,0.26596892,0.30056918,0.28797802,0.30204672
keeper,P,word2vec_recipe_40_HOM,0.3270161,0.35335365,0.39415267,0.38098955,0.41739404,0.391596
timely,P,word2vec_recipe_40_HOM,0.16404428,0.14110766,0.18697813,0.15187123,0.1963796,0.1627666
correct,P,word2vec_recipe_40_HOM,0.29636332,0.31133142,0.36226922,0.35076904,0.3922084,0.37279558
failure,P,word2vec_recipe_40_HOM,0.17769416,0.14720646,0.1998269,0.16500151,0.20983605,0.17685567
dress,P,word2vec_recipe_40_HOM,0.30431995,0.31419784,0.36545458,0.34081557,0.39237243,0.37121412
thinker,P,word2vec_recipe_40_HOM,0.15915093,0.16183941,0.18016754,0.18851271,0.19021577,0.2032064
observe,P,word2vec_recipe_40_HOM,0.25553674,0.2559107,0.29593384,0.27076566,0.312126,0.2774534
trunk,P,word2vec_recipe_40_HOM,0.24869208,0.22450386,0.30402008,0.2778554,0.32712972,0.3119448
sixth,P,word2vec_recipe_40_HOM,0.32841688,0.40276748,0.4234172,0.4280027,0.45018893,0.42069697
creamy,P,word2vec_recipe_40_HOM,0.3499592,0.41267258,0.43722695,0.49015224,0.4665875,0.5095664
glue,P,word2vec_recipe_40_HOM,0.25618276,0.18629849,0.2995924,0.24167693,0.32162476,0.28235468
itchy,P,word2vec_recipe_40_HOM,0.11430023,0.13927169,0.1443633,0.17142092,0.15592907,0.1830529
trick,P,word2vec_recipe_40_HOM,0.22197542,0.1807714,0.2525154,0.16940157,0.26383117,0.17523773
tummy,M,word2vec_recipe_40_HOM,0.23769525,0.22544041,0.27816072,0.24346057,0.2931876,0.24993832
hug,P,word2vec_recipe_40_HOM,0.27913412,0.28371865,0.32432473,0.31012592,0.34195915,0.3251381
midget,P,word2vec_recipe_40_HOM,0.34450996,0.298172,0.4056898,0.3954791,0.4327487,0.41869682
guarantee,P,word2vec_recipe_40_HOM,0.17176363,0.13277763,0.19632201,0.14654018,0.20626758,0.15540487
legal,P,word2vec_recipe_40_HOM,0.22867346,0.1974433,0.25696588,0.2120016,0.26815334,0.21719836
honeymoon,P,word2vec_recipe_40_HOM,0.13749853,0.13196841,0.15669127,0.14734077,0.16671385,0.16001166
technique,P,word2vec_recipe_40_HOM,0.25818378,0.2572138,0.29530868,0.26472867,0.31005618,0.24768089
wander,P,word2vec_recipe_40_HOM,0.14533794,0.12910578,0.17231569,0.15025803,0.18481985,0.16096893
fragment,P,word2vec_recipe_40_HOM,0.20103967,0.22548372,0.23514909,0.26281396,0.25171706,0.2768581
pasta,P,word2vec_recipe_40_HOM,0.14943218,0.19429956,0.27235544,0.34529173,0.3243911,0.37334546
rugged,P,word2vec_recipe_40_HOM,0.221446,0.21528825,0.25451526,0.23970461,0.26746956,0.24391833
rim,P,word2vec_recipe_40_HOM,0.35154897,0.43851373,0.44166064,0.45019156,0.46942154,0.4530835
lowly,P,word2vec_recipe_40_HOM,0.20865798,0.23164997,0.24663436,0.24807613,0.26051325,0.25664705
livery,P,word2vec_recipe_40_HOM,0.18688737,0.2235271,0.23199314,0.29102442,0.24858692,0.30515167
occur,P,word2vec_recipe_40_HOM,0.29115984,0.29594234,0.33313686,0.31849858,0.35238147,0.31510392
aquarium,P,word2vec_recipe_40_HOM,0.23042126,0.2116104,0.2766838,0.2830758,0.29426795,0.28037733
snap,P,word2vec_recipe_40_HOM,0.38164234,0.38957894,0.46448997,0.4556813,0.49493322,0.46113902
bony,P,word2vec_recipe_40_HOM,0.22346607,0.20251541,0.28251788,0.2972656,0.3155332,0.34196615
spiral,P,word2vec_recipe_40_HOM,0.286331,0.30552357,0.3481538,0.36252674,0.37271014,0.37289745
nanny,M,word2vec_recipe_40_HOM,0.15058562,0.16149427,0.18233359,0.20146643,0.19536237,0.21149878
holder,P,word2vec_recipe_40_HOM,0.38456824,0.4065233,0.4493686,0.4664006,0.4731024,0.46730742
guidance,P,word2vec_recipe_40_HOM,0.2662351,0.2871064,0.32547605,0.3236357,0.34923685,0.33210742
severe,P,word2vec_recipe_40_HOM,0.2468172,0.16492034,0.2782787,0.18031287,0.2902087,0.19514175
burn,P,word2vec_recipe_40_HOM,0.28579813,0.30029723,0.3613257,0.35790408,0.3891355,0.3447331
season,P,word2vec_recipe_40_HOM,0.23631415,0.23564442,0.29873455,0.27020597,0.32780868,0.28448495
jingle,P,word2vec_recipe_40_HOM,0.20903674,0.20703983,0.24037676,0.23068127,0.2522678,0.230875
flap,P,word2vec_recipe_40_HOM,0.26051062,0.2831967,0.30920637,0.34425932,0.3356197,0.35793602
clever,P,word2vec_recipe_40_HOM,0.21522924,0.16533463,0.24125706,0.18013923,0.2518756,0.18476932
complexion,P,word2vec_recipe_40_HOM,0.18160416,0.17169368,0.21054693,0.19612882,0.22224735,0.20617531
travel,P,word2vec_recipe_40_HOM,0.26360473,0.29381076,0.3198707,0.32306084,0.3371257,0.32551524
silver,P,word2vec_recipe_40_HOM,0.43033427,0.3879693,0.49191043,0.45076177,0.51106495,0.45102465
brilliant,P,word2vec_recipe_40_HOM,0.25949204,0.2930931,0.32197416,0.32966378,0.34385216,0.33204952
passenger,P,word2vec_recipe_40_HOM,0.15925272,0.1663554,0.19042702,0.21413015,0.20751375,0.2433295
ignition,P,word2vec_recipe_40_HOM,0.14708552,0.1570903,0.17465338,0.1849572,0.18460357,0.19672471
apartment,M,word2vec_recipe_40_HOM,0.13437103,0.12740344,0.15408996,0.13803828,0.16381142,0.15138066
prospect,P,word2vec_recipe_40_HOM,0.107725,0.12493105,0.12694085,0.15083861,0.13613857,0.15936315
geisha,M,word2vec_recipe_40_HOM,0.13572618,0.1620591,0.16185208,0.19269316,0.17310566,0.2070804
basketball,P,word2vec_recipe_40_HOM,0.19960773,0.19713506,0.23681496,0.24005,0.2540201,0.27012232
silence,P,word2vec_recipe_40_HOM,0.09840115,0.10796631,0.11847813,0.12505002,0.12835975,0.13694653
bother,P,word2vec_recipe_40_HOM,0.30145627,0.28856695,0.35365722,0.29386058,0.37481222,0.27833614
goldfish,M,word2vec_recipe_40_HOM,0.2763367,0.33872452,0.36148903,0.43890527,0.39776134,0.46387714
timetable,M,word2vec_recipe_40_HOM,0.19470546,0.22185089,0.23122653,0.25186846,0.24615417,0.2569145
trip,P,word2vec_recipe_40_HOM,0.24534535,0.17854731,0.27508554,0.20313309,0.288002,0.2125897
likely,P,word2vec_recipe_40_HOM,0.25659943,0.24072029,0.29818362,0.2404886,0.31349996,0.22515935
celestial,P,word2vec_recipe_40_HOM,0.24307223,0.24141903,0.2751801,0.23252754,0.2875184,0.2369514
intuition,P,word2vec_recipe_40_HOM,0.11581509,0.11636755,0.140921,0.1352209,0.1510447,0.14488825
wand,P,word2vec_recipe_40_HOM,0.28552184,0.26164353,0.36921632,0.38067877,0.408218,0.44773814
housewife,M,word2vec_recipe_40_HOM,0.11373236,0.12767705,0.13571435,0.15508135,0.1448329,0.16972233
beep,P,word2vec_recipe_40_HOM,0.30997115,0.33001488,0.4360575,0.41982085,0.4814839,0.45193744
rinse,P,word2vec_recipe_40_HOM,0.32763255,0.4206339,0.41964173,0.45479962,0.44959527,0.45483446
outward,P,word2vec_recipe_40_HOM,0.26637098,0.30256954,0.35194573,0.38003823,0.37956497,0.3890065
radiator,P,word2vec_recipe_40_HOM,0.19221072,0.19330509,0.22739963,0.20982958,0.24197708,0.20844194
hill,P,word2vec_recipe_40_HOM,0.24240689,0.26388043,0.2776269,0.26373243,0.2928256,0.26229215
kettle,P,word2vec_recipe_40_HOM,0.29712147,0.37680274,0.41115054,0.43024907,0.44666785,0.4482725
hula,M,word2vec_recipe_40_HOM,0.20627494,0.21346408,0.24157128,0.24729349,0.25539795,0.2656545
pouch,P,word2vec_recipe_40_HOM,0.3563276,0.4002839,0.4442986,0.4491043,0.47190213,0.4441142
admire,P,word2vec_recipe_40_HOM,0.24324039,0.21583088,0.27980396,0.23528199,0.2955785,0.23720989
joyous,M,word2vec_recipe_40_HOM,0.12694348,0.16119698,0.150278,0.18801582,0.16010617,0.19964275
bronze,P,word2vec_recipe_40_HOM,0.29046264,0.31972378,0.35062036,0.37526378,0.37687156,0.40266016
recite,P,word2vec_recipe_40_HOM,0.111814246,0.1076823,0.13170439,0.13819404,0.14059848,0.14689578
elastic,P,word2vec_recipe_40_HOM,0.28923702,0.33226895,0.4341798,0.4522874,0.48445213,0.48646528
dreary,P,word2vec_recipe_40_HOM,0.1870259,0.19642155,0.21919426,0.21688911,0.23199138,0.21688174
garage,P,word2vec_recipe_40_HOM,0.24187806,0.26807922,0.30248666,0.29868022,0.3232199,0.295045
chamber,P,word2vec_recipe_40_HOM,0.37891278,0.38462654,0.43465337,0.46278322,0.45923463,0.4642796
electronic,P,word2vec_recipe_40_HOM,0.28067458,0.2884022,0.35376453,0.43161368,0.38656878,0.46769467
trace,H,word2vec_recipe_40_HOM,0.37511474,0.33490917,0.42367214,0.38733697,0.43878198,0.3526729
doorbell,M,word2vec_recipe_40_HOM,0.23822851,0.24351285,0.30283844,0.26635176,0.32202175,0.26894292
scale,H,word2vec_recipe_40_HOM,0.37004024,0.42858627,0.43188995,0.3858969,0.4503331,0.3686535
solution,P,word2vec_recipe_40_HOM,0.3250557,0.4022507,0.39295152,0.4443448,0.4272028,0.459599
public,P,word2vec_recipe_40_HOM,0.11328876,0.12484611,0.13325247,0.13578495,0.14388542,0.1555721
column,P,word2vec_recipe_40_HOM,0.28439096,0.27420178,0.33111152,0.30681857,0.34660438,0.31391427
battery,P,word2vec_recipe_40_HOM,0.24773201,0.2504834,0.27810457,0.26010075,0.29181886,0.26582378
laboratory,P,word2vec_recipe_40_HOM,0.100986555,0.119059086,0.12434306,0.1606132,0.13372023,0.16767563
crop,P,word2vec_recipe_40_HOM,0.27413794,0.19935606,0.30814466,0.22805499,0.32026398,0.23341665
devotion,P,word2vec_recipe_40_HOM,0.4174884,0.46831405,0.48716527,0.48239043,0.5102906,0.48354623
regional,P,word2vec_recipe_40_HOM,0.19304658,0.17880346,0.22294135,0.19614819,0.23445846,0.2084549
parcel,P,word2vec_recipe_40_HOM,0.31285477,0.35477975,0.38167724,0.3958526,0.4099256,0.4012996
seal,H,word2vec_recipe_40_HOM,0.3253686,0.36879006,0.40018275,0.43338156,0.43265626,0.44906855
insulin,P,word2vec_recipe_40_HOM,0.09082885,0.11668974,0.115405075,0.14991768,0.12818183,0.16558963
split,P,word2vec_recipe_40_HOM,0.42493057,0.45968834,0.51448625,0.48263288,0.53948194,0.46165273
overload,P,word2vec_recipe_40_HOM,0.3537388,0.33829147,0.39561164,0.3544439,0.4121662,0.35039717
eyebrow,P,word2vec_recipe_40_HOM,0.12242721,0.15975344,0.15759385,0.21343423,0.18054314,0.24655181
magic,P,word2vec_recipe_40_HOM,0.33241034,0.26440895,0.3731293,0.27193394,0.38734972,0.2924796
keyhole,M,word2vec_recipe_40_HOM,0.15945816,0.1840501,0.18436602,0.21425423,0.19524685,0.22395141
dispose,P,word2vec_recipe_40_HOM,0.3449682,0.30141777,0.39272305,0.34554088,0.41354495,0.36701447
jelly,P,word2vec_recipe_40_HOM,0.40957767,0.4351947,0.49510193,0.47804025,0.5229083,0.4860462
legend,P,word2vec_recipe_40_HOM,0.17734066,0.15862297,0.20395236,0.17826638,0.21566406,0.19237906
sideways,P,word2vec_recipe_40_HOM,0.32067737,0.28549916,0.3668165,0.31456533,0.3839615,0.32201812
werewolf,M,word2vec_recipe_40_HOM,0.15387164,0.17910793,0.18860811,0.22789139,0.20353958,0.24521284
clash,P,word2vec_recipe_40_HOM,0.12629159,0.15232012,0.15439804,0.18484782,0.16677786,0.19790703
boiler,P,word2vec_recipe_40_HOM,0.33175117,0.35975718,0.4563558,0.4365313,0.49768868,0.4435099
slime,P,word2vec_recipe_40_HOM,0.33437452,0.35123044,0.38252214,0.36519375,0.40224358,0.37217182
recognize,P,word2vec_recipe_40_HOM,0.20433931,0.17732832,0.23199771,0.19939329,0.24379402,0.20705652
nude,P,word2vec_recipe_40_HOM,0.20902853,0.22143914,0.23966914,0.26411352,0.25204846,0.2807645
insulation,P,word2vec_recipe_40_HOM,0.26459166,0.26579732,0.30520177,0.2903524,0.322272,0.30699098
overlook,P,word2vec_recipe_40_HOM,0.10127845,0.10760574,0.1226985,0.13228786,0.13274202,0.14643064
straw,P,word2vec_recipe_40_HOM,0.36342603,0.42191535,0.43923718,0.4504266,0.46494147,0.46753496
culture,P,word2vec_recipe_40_HOM,0.30568406,0.35558212,0.38649142,0.39827493,0.41454133,0.39672625
search,P,word2vec_recipe_40_HOM,0.20169425,0.1939113,0.23372641,0.21338403,0.24677481,0.21857385
consider,P,word2vec_recipe_40_HOM,0.2909256,0.33316422,0.33679545,0.29130474,0.35034865,0.2714924
cosmetic,P,word2vec_recipe_40_HOM,0.10290325,0.11820259,0.12358099,0.13817066,0.13237455,0.14668386
poetic,P,word2vec_recipe_40_HOM,0.112745225,0.118138276,0.13117862,0.13893673,0.13999388,0.155052
furious,P,word2vec_recipe_40_HOM,0.22691508,0.23861103,0.27468133,0.27864096,0.29054788,0.28299147
amuse,P,word2vec_recipe_40_HOM,0.17714706,0.17244916,0.2105897,0.20120965,0.22138809,0.2111018
stimulate,P,word2vec_recipe_40_HOM,0.14361987,0.13807851,0.16795412,0.16053323,0.1789294,0.1737944
battleship,M,word2vec_recipe_40_HOM,0.15085153,0.18682377,0.1943025,0.26053786,0.21439183,0.2801594
odor,P,word2vec_recipe_40_HOM,0.27107212,0.28542823,0.32020164,0.29930425,0.33920968,0.3066166
visual,P,word2vec_recipe_40_HOM,0.251157,0.27306855,0.29935834,0.27535138,0.31623802,0.26981193
beak,P,word2vec_recipe_40_HOM,0.21341357,0.25228184,0.28254762,0.2948148,0.3146567,0.33428589
infamous,P,word2vec_recipe_40_HOM,0.13565774,0.14323331,0.15493774,0.16045322,0.16430503,0.16756861
bleach,P,word2vec_recipe_40_HOM,0.2062591,0.24602038,0.2802923,0.3409182,0.31207362,0.37073967
kerosene,M,word2vec_recipe_40_HOM,0.45637137,0.46154606,0.5147125,0.49181348,0.533406,0.50287986
spark,P,word2vec_recipe_40_HOM,0.1879597,0.18806978,0.21834195,0.2182548,0.23251504,0.22427587
consensus,P,word2vec_recipe_40_HOM,0.076960824,0.094380476,0.09237898,0.11561606,0.10032211,0.12893365
apart,P,word2vec_recipe_40_HOM,0.36663565,0.28202993,0.44187304,0.35718322,0.47513634,0.39044732
diet,H,word2vec_recipe_40_HOM,0.311083,0.34079823,0.36587387,0.372748,0.3842907,0.36643472
scoot,P,word2vec_recipe_40_HOM,0.34804723,0.3164189,0.3985841,0.34462172,0.41764146,0.3552515
bouncy,P,word2vec_recipe_40_HOM,0.28853893,0.315818,0.34890056,0.3414228,0.37457216,0.35543102
invest,P,word2vec_recipe_40_HOM,0.18936422,0.17102978,0.21833408,0.17404631,0.23187117,0.18263352
tease,P,word2vec_recipe_40_HOM,0.26673606,0.2628178,0.3096318,0.30060524,0.32704452,0.32431394
lean,H,word2vec_recipe_40_HOM,0.36229932,0.34159583,0.43755534,0.43267125,0.45978275,0.43903866
stab,P,word2vec_recipe_40_HOM,0.298524,0.3405097,0.40039694,0.46717533,0.4371384,0.48986027
spooky,M,word2vec_recipe_40_HOM,0.24077563,0.2594021,0.2939019,0.2968468,0.31992957,0.3244626
unborn,P,word2vec_recipe_40_HOM,0.15913594,0.15636131,0.1834924,0.1775442,0.19330086,0.19192612
review,P,word2vec_recipe_40_HOM,0.2488738,0.21968374,0.29097626,0.22530591,0.30589148,0.23072673
lantern,P,word2vec_recipe_40_HOM,0.25199568,0.26428398,0.2967148,0.27606,0.3120695,0.27887493
cuff,H,word2vec_recipe_40_HOM,0.21284647,0.22913696,0.25456405,0.27432826,0.27336562,0.30078965
rural,P,word2vec_recipe_40_HOM,0.11369152,0.11935032,0.13445736,0.14931439,0.14624149,0.16265117
weave,P,word2vec_recipe_40_HOM,0.32380572,0.3357202,0.3824008,0.32587758,0.4049124,0.33297777
soda,P,word2vec_recipe_40_HOM,0.3020795,0.3455786,0.37607753,0.37206122,0.40774468,0.38330165
heavy,P,word2vec_recipe_40_HOM,0.33641413,0.3717883,0.43098313,0.45314732,0.46415347,0.46921885
port,H,word2vec_recipe_40_HOM,0.22733513,0.32190517,0.33678344,0.44816583,0.3830741,0.46203867
shack,M,word2vec_recipe_40_HOM,0.2569646,0.20403363,0.29490584,0.24068591,0.31184778,0.25154266
final,P,word2vec_recipe_40_HOM,0.377106,0.43627393,0.43374175,0.4137125,0.4523561,0.39767662
compass,P,word2vec_recipe_40_HOM,0.20327143,0.20422632,0.24090768,0.26604503,0.25624,0.28830752
downward,P,word2vec_recipe_40_HOM,0.27255264,0.29134578,0.3225173,0.3307715,0.3443873,0.34392947
hull,H,word2vec_recipe_40_HOM,0.32211283,0.37776706,0.40464112,0.44784766,0.43869436,0.46477476
patch,P,word2vec_recipe_40_HOM,0.3919953,0.39145386,0.46577471,0.429747,0.4880423,0.43198022
depart,P,word2vec_recipe_40_HOM,0.13449101,0.15559798,0.16165121,0.17470898,0.17094536,0.18825148
peaceful,P,word2vec_recipe_40_HOM,0.11803059,0.12126272,0.13663372,0.13849142,0.14464726,0.14949076
stud,H,word2vec_recipe_40_HOM,0.40275097,0.39968106,0.4727057,0.41957486,0.49632916,0.43973956
warmth,P,word2vec_recipe_40_HOM,0.35897386,0.35290977,0.4063892,0.3325335,0.42520523,0.34755516
grad,M,word2vec_recipe_40_HOM,0.21764302,0.17520012,0.2459478,0.20004815,0.2568321,0.20620847
circuit,P,word2vec_recipe_40_HOM,0.119888164,0.12385412,0.13729765,0.14652036,0.14563313,0.15490834
colonial,P,word2vec_recipe_40_HOM,0.21384108,0.17620747,0.24584103,0.19478112,0.2587129,0.20635337
customer,P,word2vec_recipe_40_HOM,0.09637905,0.09901292,0.11319835,0.12215581,0.12271655,0.13709396
store,P,word2vec_recipe_40_HOM,0.3119002,0.3662575,0.43798327,0.43761104,0.47952583,0.4608006
socket,P,word2vec_recipe_40_HOM,0.2707814,0.25525615,0.3360759,0.31219962,0.36202225,0.35362032
song,P,word2vec_recipe_40_HOM,0.18532816,0.180523,0.21151547,0.20273796,0.2240654,0.20628755
glow,P,word2vec_recipe_40_HOM,0.38779768,0.45808864,0.4468606,0.48592037,0.46923295,0.4861214
descend,P,word2vec_recipe_40_HOM,0.12275308,0.14541338,0.1446876,0.1660183,0.15597808,0.18105817
rocket,H,word2vec_recipe_40_HOM,0.2655139,0.30370614,0.34744987,0.40211645,0.37861943,0.41996568
spray,H,word2vec_recipe_40_HOM,0.21827336,0.27413163,0.33380723,0.34955913,0.38464713,0.39367926
dawn,P,word2vec_recipe_40_HOM,0.22687502,0.19432007,0.2594763,0.21837863,0.27221212,0.22027309
entry,P,word2vec_recipe_40_HOM,0.21787548,0.15441152,0.24609949,0.19028024,0.25680605,0.19466287
snuggle,P,word2vec_recipe_40_HOM,0.3026309,0.30919588,0.35087228,0.3316512,0.36926442,0.3413008
removal,P,word2vec_recipe_40_HOM,0.39136368,0.36830574,0.45292327,0.39945963,0.472674,0.4223515
fierce,P,word2vec_recipe_40_HOM,0.27816972,0.29967603,0.33500493,0.34627518,0.3523817,0.35869303
mushroom,P,word2vec_recipe_40_HOM,0.30434638,0.36084327,0.38442466,0.4377541,0.413487,0.43374726
lug,H,word2vec_recipe_40_HOM,0.24718854,0.31069496,0.3614588,0.41362247,0.40010443,0.43903413
debris,P,word2vec_recipe_40_HOM,0.24943285,0.3174566,0.3447348,0.41204736,0.38524735,0.4381566
commercial,P,word2vec_recipe_40_HOM,0.2898948,0.3259649,0.34320658,0.35865057,0.36452338,0.36976707
scary,M,word2vec_recipe_40_HOM,0.25146666,0.24044311,0.2896975,0.2993528,0.30559516,0.3049247
boardwalk,M,word2vec_recipe_40_HOM,0.15147956,0.14528374,0.17488259,0.1719227,0.18457088,0.18308264
skin,P,word2vec_recipe_40_HOM,0.34020895,0.4527276,0.39897892,0.42439932,0.42568624,0.42465943
unfinished,P,word2vec_recipe_40_HOM,0.19009903,0.1794319,0.21619563,0.20914763,0.22847839,0.22389029
medication,P,word2vec_recipe_40_HOM,0.10158968,0.10302268,0.12047961,0.13174045,0.12945834,0.14340037
stepped,P,word2vec_recipe_40_HOM,0.11259659,0.111135826,0.13013485,0.124245115,0.13884817,0.13538636
affair,P,word2vec_recipe_40_HOM,0.16865309,0.15166877,0.19182171,0.15367079,0.20231476,0.16885376
sticky,P,word2vec_recipe_40_HOM,0.29695064,0.301251,0.3868668,0.38277784,0.4279956,0.39145052
wipe,P,word2vec_recipe_40_HOM,0.40644398,0.45875335,0.46853867,0.48602676,0.49239472,0.49246436
barbarian,P,word2vec_recipe_40_HOM,0.17777634,0.18338528,0.19970663,0.21466367,0.20940515,0.22744133
beauty,P,word2vec_recipe_40_HOM,0.2516077,0.21356523,0.28767794,0.21785171,0.30041382,0.22964278
crybaby,M,word2vec_recipe_40_HOM,0.09288292,0.11663147,0.1229995,0.15243815,0.13909839,0.16835076
variation,P,word2vec_recipe_40_HOM,0.27247605,0.347386,0.37284827,0.41959044,0.4031402,0.43550092
abroad,P,word2vec_recipe_40_HOM,0.1318961,0.14473008,0.15324435,0.15672803,0.16346298,0.16714573
pork,P,word2vec_recipe_40_HOM,0.24407145,0.32788154,0.33606175,0.40547085,0.36934564,0.38012332
dioxide,M,word2vec_recipe_40_HOM,0.19736482,0.25654104,0.25275594,0.2740846,0.27637997,0.28877166
glide,P,word2vec_recipe_40_HOM,0.2345896,0.24395947,0.28104937,0.29772127,0.30349034,0.31285506
extend,P,word2vec_recipe_40_HOM,0.33614564,0.3936603,0.4335875,0.40181816,0.46000293,0.40547174
energy,P,word2vec_recipe_40_HOM,0.343891,0.34306908,0.40016124,0.38187912,0.42161095,0.4003289
sport,P,word2vec_recipe_40_HOM,0.2684489,0.29941446,0.33116767,0.35903144,0.3536032,0.38377646
cheer,P,word2vec_recipe_40_HOM,0.2297472,0.23108068,0.2736689,0.27880844,0.29052317,0.29265034
confirm,P,word2vec_recipe_40_HOM,0.21948218,0.21979347,0.271966,0.2502066,0.28940365,0.24633159
desire,P,word2vec_recipe_40_HOM,0.2616608,0.33174953,0.35466304,0.3487791,0.38458663,0.33771265
conceal,P,word2vec_recipe_40_HOM,0.17177956,0.19367985,0.22254193,0.25218248,0.24486683,0.27847674
shadow,P,word2vec_recipe_40_HOM,0.27014273,0.2437792,0.30538455,0.2575013,0.3182319,0.26200017
jump,P,word2vec_recipe_40_HOM,0.28356928,0.34540284,0.34458482,0.36490458,0.3661245,0.34483415
standby,P,word2vec_recipe_40_HOM,0.2686172,0.22664386,0.30065846,0.22347143,0.31245154,0.22725786
carcass,P,word2vec_recipe_40_HOM,0.27066335,0.3419398,0.35774133,0.42710283,0.39682376,0.45192358
loud,P,word2vec_recipe_40_HOM,0.19422361,0.2199382,0.23596378,0.21486343,0.2519181,0.22351545
napkin,P,word2vec_recipe_40_HOM,0.2771511,0.28217348,0.36074314,0.39424664,0.40279615,0.43595016
ambush,P,word2vec_recipe_40_HOM,0.14388248,0.15998514,0.16889755,0.18493904,0.17959678,0.19694555
sublime,P,word2vec_recipe_40_HOM,0.23626013,0.26276904,0.28078243,0.30110845,0.2980261,0.31186217
kindness,P,word2vec_recipe_40_HOM,0.24119017,0.27358162,0.40228447,0.37472978,0.4614048,0.41138276
ginger,P,word2vec_recipe_40_HOM,0.29605088,0.34248483,0.3650071,0.3691261,0.3926678,0.3963187
curious,P,word2vec_recipe_40_HOM,0.12103695,0.11074646,0.14066334,0.13274251,0.15036857,0.14731897
boyfriend,P,word2vec_recipe_40_HOM,0.14864092,0.13933453,0.17853525,0.16213952,0.19159485,0.17550857
install,P,word2vec_recipe_40_HOM,0.2736563,0.33724767,0.33547175,0.41817677,0.3629103,0.44459125
saline,P,word2vec_recipe_40_HOM,0.2573459,0.29215005,0.29889423,0.31693012,0.31801802,0.32580608
jolly,P,word2vec_recipe_40_HOM,0.2384065,0.22685085,0.2946232,0.2876928,0.31358862,0.3133998
stick,H,word2vec_recipe_40_HOM,0.43750897,0.44959548,0.5139125,0.46731305,0.53777677,0.46248603
ledge,P,word2vec_recipe_40_HOM,0.22908202,0.21575125,0.26920643,0.2640549,0.28624386,0.28420877
explorer,P,word2vec_recipe_40_HOM,0.13688679,0.15187734,0.15738758,0.1690025,0.1663892,0.1778494
disrupt,P,word2vec_recipe_40_HOM,0.23259187,0.18741395,0.27161735,0.23050322,0.28831482,0.23680718
spoon,P,word2vec_recipe_40_HOM,0.3925974,0.47751036,0.4747438,0.4373995,0.49833587,0.42459437
recipe,P,word2vec_recipe_40_HOM,0.2826581,0.2915452,0.3252396,0.32820523,0.34378123,0.33242035
gratitude,M,word2vec_recipe_40_HOM,0.15376343,0.16292599,0.18449864,0.17858723,0.19747126,0.18600312
pursuit,P,word2vec_recipe_40_HOM,0.09234191,0.09781997,0.11189553,0.12168202,0.12173145,0.13796945
culprit,M,word2vec_recipe_40_HOM,0.12791835,0.12328484,0.14591518,0.14208741,0.15418817,0.15524206
legendary,M,word2vec_recipe_40_HOM,0.1425988,0.15613596,0.16611005,0.1924206,0.1762982,0.19918525
litter,P,word2vec_recipe_40_HOM,0.29211265,0.24564146,0.335044,0.29348493,0.35429633,0.31377316
jam,H,word2vec_recipe_40_HOM,0.30162135,0.3636048,0.39156568,0.4475871,0.42344636,0.4531984
endurance,P,word2vec_recipe_40_HOM,0.14589384,0.12764275,0.16852817,0.14980827,0.1777747,0.16131987
canine,P,word2vec_recipe_40_HOM,0.15495853,0.15493888,0.183447,0.18381767,0.19496883,0.19906041
bartender,M,word2vec_recipe_40_HOM,0.11554058,0.10727896,0.13552485,0.1438254,0.14530927,0.15867019
prestige,P,word2vec_recipe_40_HOM,0.117429234,0.10310932,0.14247678,0.16256681,0.15370256,0.18235481
feedback,P,word2vec_recipe_40_HOM,0.11422031,0.11391745,0.13496548,0.13274021,0.14495781,0.14240268
backyard,M,word2vec_recipe_40_HOM,0.2297978,0.24224079,0.27333236,0.28511107,0.2908652,0.29701185
cologne,M,word2vec_recipe_40_HOM,0.18081431,0.193601,0.21095768,0.22405295,0.22343749,0.2360392
tool,P,word2vec_recipe_40_HOM,0.28663605,0.33265892,0.36296615,0.35936612,0.38915378,0.38520193
conjure,P,word2vec_recipe_40_HOM,0.09596894,0.09828369,0.11500744,0.12820335,0.12424325,0.1423005
dependable,M,word2vec_recipe_40_HOM,0.29693466,0.28423664,0.34555426,0.32008597,0.36411503,0.32653657
stink,P,word2vec_recipe_40_HOM,0.16679029,0.14238465,0.19076934,0.1561464,0.20119388,0.16393687
goddess,P,word2vec_recipe_40_HOM,0.2813569,0.26248246,0.33690137,0.28908086,0.35848212,0.29928038
gender,P,word2vec_recipe_40_HOM,0.21686177,0.21525009,0.24751924,0.24616717,0.26077506,0.25661638
spare,P,word2vec_recipe_40_HOM,0.3149249,0.32479104,0.39107573,0.35185927,0.41488332,0.3443162
impatient,P,word2vec_recipe_40_HOM,0.22067904,0.14491808,0.25389898,0.16544223,0.26843783,0.1804185
cock,H,word2vec_recipe_40_HOM,0.28999224,0.19111107,0.32384738,0.2107682,0.3375228,0.22443189
vital,P,word2vec_recipe_40_HOM,0.28799525,0.3414025,0.3578622,0.40620977,0.38437364,0.42814082
toothbrush,M,word2vec_recipe_40_HOM,0.22643599,0.27233738,0.28312552,0.3290377,0.3076865,0.34808612
booster,P,word2vec_recipe_40_HOM,0.28329346,0.23989318,0.3245818,0.2669638,0.3408737,0.27814966
dull,P,word2vec_recipe_40_HOM,0.41194844,0.42745286,0.4669774,0.42518213,0.48557228,0.44295835
pod,H,word2vec_recipe_40_HOM,0.34723097,0.41466895,0.45542327,0.51202244,0.4908436,0.528309
thrill,P,word2vec_recipe_40_HOM,0.13822626,0.14386621,0.15858999,0.14703177,0.16814125,0.15846941
patriotic,M,word2vec_recipe_40_HOM,0.21790163,0.24026842,0.25585404,0.2749844,0.27324873,0.2748507
asbestos,P,word2vec_recipe_40_HOM,0.2595392,0.22294942,0.2933705,0.2448364,0.30775115,0.2564389
charge,P,word2vec_recipe_40_HOM,0.21531136,0.25734913,0.3410827,0.35430863,0.3792482,0.38615888
lullaby,P,word2vec_recipe_40_HOM,0.113412656,0.14071555,0.13551325,0.18065053,0.14516811,0.19151497
gruesome,M,word2vec_recipe_40_HOM,0.12379303,0.112991124,0.14323443,0.13940637,0.15197556,0.15018818
puke,P,word2vec_recipe_40_HOM,0.09856636,0.09915199,0.11896866,0.12542816,0.12801714,0.1358227
razor,P,word2vec_recipe_40_HOM,0.34928086,0.3531683,0.4416753,0.43316656,0.4738187,0.4771578
wall,P,word2vec_recipe_40_HOM,0.31082648,0.31983286,0.36105102,0.34238663,0.3794445,0.3453723
rowboat,M,word2vec_recipe_40_HOM,0.19653912,0.21532938,0.23045051,0.2552255,0.2415662,0.2646348
apparatus,P,word2vec_recipe_40_HOM,0.2461497,0.24922696,0.29084462,0.30121014,0.30754623,0.31283408
guitar,P,word2vec_recipe_40_HOM,0.18905126,0.18677978,0.22160897,0.22175366,0.24101391,0.24825014
wealth,P,word2vec_recipe_40_HOM,0.12721859,0.13463533,0.15112399,0.16387817,0.1608104,0.17486
chip,H,word2vec_recipe_40_HOM,0.2546286,0.17710645,0.3032233,0.2164891,0.32364282,0.22830032
cocoa,P,word2vec_recipe_40_HOM,0.29577875,0.39822412,0.35603294,0.41219708,0.38093525,0.41482285
vote,P,word2vec_recipe_40_HOM,0.09840953,0.10383024,0.116988316,0.123220176,0.12630989,0.13743944
abandon,P,word2vec_recipe_40_HOM,0.17654803,0.13248758,0.1985443,0.14779489,0.20888412,0.15729232
overnight,P,word2vec_recipe_40_HOM,0.30959895,0.36353675,0.40755042,0.39973477,0.4490828,0.43523428
urban,P,word2vec_recipe_40_HOM,0.14731073,0.14388315,0.17193097,0.1646755,0.18248369,0.17412062
sorrow,P,word2vec_recipe_40_HOM,0.2907054,0.30360955,0.39140454,0.34159434,0.42870396,0.3366581
enlist,P,word2vec_recipe_40_HOM,0.11893059,0.1093218,0.14399791,0.14473917,0.15542072,0.15707135
stress,P,word2vec_recipe_40_HOM,0.24279204,0.1538985,0.2692909,0.17457828,0.280534,0.18434355
runny,P,word2vec_recipe_40_HOM,0.28402424,0.28407633,0.34428838,0.30911323,0.37073487,0.32323462
pine,H,word2vec_recipe_40_HOM,0.2985691,0.3294963,0.38162315,0.43671486,0.41379112,0.45122397
covert,P,word2vec_recipe_40_HOM,0.20966956,0.24224418,0.24458236,0.27316064,0.2591431,0.28703195
knockout,P,word2vec_recipe_40_HOM,0.18791685,0.18921135,0.21530192,0.22722524,0.22641046,0.23230071
sunset,P,word2vec_recipe_40_HOM,0.27680406,0.22256687,0.31393042,0.25814,0.33037704,0.2785732
salty,P,word2vec_recipe_40_HOM,0.31835204,0.28696135,0.3616494,0.28986305,0.3781324,0.29522642
renowned,M,word2vec_recipe_40_HOM,0.11749376,0.13376147,0.13742438,0.15706629,0.1482449,0.16983166
hazard,P,word2vec_recipe_40_HOM,0.15291527,0.16078389,0.18675585,0.1767779,0.19997922,0.18014424
vertical,P,word2vec_recipe_40_HOM,0.23328312,0.29899326,0.29557922,0.32847244,0.31899622,0.34141397
glimpse,P,word2vec_recipe_40_HOM,0.10476234,0.10486215,0.12073677,0.123296805,0.12861975,0.13376513
membrane,P,word2vec_recipe_40_HOM,0.28130817,0.3253964,0.36214378,0.3786563,0.3940747,0.40420425
structural,P,word2vec_recipe_40_HOM,0.18513107,0.1895044,0.21583314,0.2086691,0.22980061,0.21171562
foam,P,word2vec_recipe_40_HOM,0.3443379,0.42950287,0.4305063,0.46425992,0.46195543,0.46573368
sensor,M,word2vec_recipe_40_HOM,0.15760319,0.17201091,0.18506275,0.19667645,0.1966251,0.20440508
temporary,P,word2vec_recipe_40_HOM,0.15014994,0.12720321,0.17102386,0.1478914,0.18068452,0.16156636
preacher,M,word2vec_recipe_40_HOM,0.18028866,0.15336199,0.21452945,0.18910687,0.2287781,0.20238543
blush,P,word2vec_recipe_40_HOM,0.30470195,0.31232455,0.3567175,0.35489127,0.37696934,0.3669329
mend,P,word2vec_recipe_40_HOM,0.21925564,0.21291366,0.26028427,0.2534264,0.27893543,0.2726239
kick,P,word2vec_recipe_40_HOM,0.30079108,0.35707787,0.3631894,0.3631732,0.38423103,0.35622156
tough,P,word2vec_recipe_40_HOM,0.31818298,0.3232331,0.41483608,0.38859984,0.45618606,0.42347252
local,P,word2vec_recipe_40_HOM,0.23838767,0.2816324,0.3098035,0.32400307,0.33724964,0.33201978
spy,P,word2vec_recipe_40_HOM,0.18742381,0.22881928,0.23873696,0.2352727,0.25625852,0.24544711
moist,P,word2vec_recipe_40_HOM,0.3798409,0.3614078,0.4556957,0.4073102,0.48219696,0.42799586
coat,P,word2vec_recipe_40_HOM,0.4037612,0.43110305,0.4714573,0.4276286,0.49511483,0.4236686
penicillin,M,word2vec_recipe_40_HOM,0.17457572,0.15837988,0.19849294,0.19334148,0.20916998,0.20748067
broom,P,word2vec_recipe_40_HOM,0.2452132,0.2471046,0.29185244,0.2732167,0.31350923,0.30078065
scar,P,word2vec_recipe_40_HOM,0.17574967,0.20094825,0.21510738,0.25492898,0.23322222,0.27596447
surgical,P,word2vec_recipe_40_HOM,0.195677,0.2614583,0.25220308,0.27333665,0.2703646,0.27740067
alcoholic,P,word2vec_recipe_40_HOM,0.23300762,0.21817684,0.28064278,0.2581141,0.30219993,0.278902
britches,M,word2vec_recipe_40_HOM,0.1950774,0.20338315,0.22473606,0.23029038,0.236416,0.23630136
execution,P,word2vec_recipe_40_HOM,0.07915829,0.090759344,0.097442515,0.1194549,0.10585624,0.1320021
pound,H,word2vec_recipe_40_HOM,0.43045202,0.44791153,0.50962335,0.46594253,0.5354527,0.4437005
tobacco,P,word2vec_recipe_40_HOM,0.28815046,0.31793177,0.33790904,0.37979162,0.35802948,0.39646795
unicorn,M,word2vec_recipe_40_HOM,0.16136456,0.19442551,0.20417055,0.25537816,0.22618015,0.2825312
tidy,P,word2vec_recipe_40_HOM,0.25664547,0.2328699,0.3064629,0.27841774,0.3260187,0.3012318
metallic,P,word2vec_recipe_40_HOM,0.38347304,0.410117,0.45814294,0.4512394,0.47947162,0.46084273
appeal,P,word2vec_recipe_40_HOM,0.24084827,0.2498737,0.28339863,0.25521508,0.2998433,0.2602737
assurance,P,word2vec_recipe_40_HOM,0.28751525,0.27846348,0.33595112,0.3076245,0.3520408,0.31417975
declare,P,word2vec_recipe_40_HOM,0.08482808,0.09777342,0.10008925,0.1169985,0.108427614,0.13240656
wild,P,word2vec_recipe_40_HOM,0.32421815,0.37443557,0.38409087,0.37220967,0.40495574,0.3811615
detect,P,word2vec_recipe_40_HOM,0.21469562,0.22225231,0.24630646,0.2380555,0.25981444,0.252165
popcorn,P,word2vec_recipe_40_HOM,0.32019317,0.35308588,0.4511161,0.4439497,0.48901555,0.45139053
chicken,P,word2vec_recipe_40_HOM,0.262003,0.34287736,0.37388146,0.4543587,0.41278645,0.44595993
cloud,P,word2vec_recipe_40_HOM,0.3548832,0.31212434,0.40085685,0.348219,0.41874513,0.34567544
notch,P,word2vec_recipe_40_HOM,0.38256937,0.33980697,0.4304489,0.3716051,0.44841644,0.37389442
nipple,P,word2vec_recipe_40_HOM,0.17402926,0.20226356,0.20403442,0.23997314,0.21813285,0.25266793
reborn,P,word2vec_recipe_40_HOM,0.17183,0.2022895,0.19731313,0.23637077,0.20891637,0.2504772
immigrant,P,word2vec_recipe_40_HOM,0.119371966,0.12978558,0.14026268,0.15518391,0.14908314,0.16818038
madness,P,word2vec_recipe_40_HOM,0.21977511,0.20288081,0.25599402,0.23820445,0.27005157,0.2528139
plate,P,word2vec_recipe_40_HOM,0.35182726,0.39483842,0.45780262,0.42795762,0.48884618,0.4294683
silly,P,word2vec_recipe_40_HOM,0.22446942,0.20434906,0.25772047,0.20001867,0.27150455,0.20486811
tumble,P,word2vec_recipe_40_HOM,0.40002775,0.48855126,0.4704379,0.520248,0.497324,0.51121247
customary,P,word2vec_recipe_40_HOM,0.19513021,0.1513137,0.22517477,0.16814004,0.23652752,0.17538226
trumpet,P,word2vec_recipe_40_HOM,0.26621163,0.3141647,0.3478573,0.3907984,0.37687972,0.41075873
squirrel,P,word2vec_recipe_40_HOM,0.30319464,0.3949025,0.39046487,0.42963046,0.42338258,0.4221834
suspend,P,word2vec_recipe_40_HOM,0.33052683,0.30553412,0.40407082,0.41654405,0.43353158,0.44373623
exchange,P,word2vec_recipe_40_HOM,0.29663157,0.24566948,0.38835934,0.20870137,0.41273934,0.19946833
flavor,P,word2vec_recipe_40_HOM,0.24029645,0.23098508,0.2962383,0.29308432,0.32247084,0.29784358
glass,P,word2vec_recipe_40_HOM,0.2868804,0.29014504,0.36103565,0.3644379,0.39391503,0.39814287
bunch,P,word2vec_recipe_40_HOM,0.3397003,0.37981182,0.41045827,0.42155132,0.43912888,0.42984462
inspect,P,word2vec_recipe_40_HOM,0.3889055,0.38507247,0.44693658,0.453996,0.46987605,0.46957994
bum,P,word2vec_recipe_40_HOM,0.23723745,0.24803934,0.3073534,0.32313886,0.33352575,0.35128224
large,P,word2vec_recipe_40_HOM,0.27512187,0.38253266,0.410635,0.48658434,0.4556947,0.4872602
variety,P,word2vec_recipe_40_HOM,0.258574,0.35063145,0.33644536,0.3746537,0.36227903,0.37450814
meantime,P,word2vec_recipe_40_HOM,0.43670064,0.4958078,0.5027778,0.4553231,0.52263117,0.4561974
princess,P,word2vec_recipe_40_HOM,0.22435436,0.22820407,0.25448048,0.24834265,0.26527897,0.23852462
default,P,word2vec_recipe_40_HOM,0.19033527,0.18913329,0.22709031,0.22069716,0.2416864,0.22353174
shield,P,word2vec_recipe_40_HOM,0.35805786,0.4052786,0.44786084,0.43039072,0.47715092,0.4447758
propose,P,word2vec_recipe_40_HOM,0.10534004,0.10294795,0.12272037,0.13265257,0.13066965,0.14337246
rod,P,word2vec_recipe_40_HOM,0.3310675,0.30893666,0.38498488,0.33746552,0.40783638,0.3619596
gutter,P,word2vec_recipe_40_HOM,0.16143283,0.18977828,0.1903188,0.22619916,0.20407964,0.24399512
grapefruit,P,word2vec_recipe_40_HOM,0.22792213,0.27417225,0.3180699,0.3861441,0.3532929,0.3978764
chaos,P,word2vec_recipe_40_HOM,0.124805525,0.14652221,0.14666742,0.16107188,0.1553066,0.1716539
bus,H,word2vec_recipe_40_HOM,0.20368013,0.21335793,0.23842609,0.25993377,0.25521702,0.27393126
scooter,P,word2vec_recipe_40_HOM,0.17343046,0.1858461,0.19836885,0.20127694,0.20844704,0.21560352
rink,P,word2vec_recipe_40_HOM,0.15893492,0.16597259,0.20522733,0.23643999,0.2262806,0.2655955
round,P,word2vec_recipe_40_HOM,0.28696346,0.3121586,0.33100486,0.3070523,0.3515012,0.30765235
hamper,H,word2vec_recipe_40_HOM,0.16266152,0.1742991,0.18349506,0.17087157,0.19328889,0.17857322
pressure,P,word2vec_recipe_40_HOM,0.32558924,0.3707337,0.41944176,0.43529102,0.46352565,0.48080343
allow,P,word2vec_recipe_40_HOM,0.38595688,0.41324425,0.4669007,0.3620725,0.48998138,0.34738535
withhold,P,word2vec_recipe_40_HOM,0.21833995,0.24039151,0.25588262,0.2757666,0.26989415,0.29624453
colony,P,word2vec_recipe_40_HOM,0.10993054,0.12710522,0.13114387,0.14772955,0.14084606,0.15693195
squeak,P,word2vec_recipe_40_HOM,0.38804263,0.38947105,0.4414386,0.4135918,0.45991445,0.3999316
halfway,P,word2vec_recipe_40_HOM,0.41059533,0.4370147,0.5065825,0.4508565,0.5323193,0.44068575
forward,P,word2vec_recipe_40_HOM,0.31912956,0.3445364,0.37344056,0.3677482,0.3962062,0.38459474
assess,P,word2vec_recipe_40_HOM,0.2316207,0.25346017,0.2673851,0.2531862,0.28145373,0.24812861
metal,P,word2vec_recipe_40_HOM,0.4005404,0.43356976,0.45969665,0.5006325,0.4844848,0.50671816
drummer,P,word2vec_recipe_40_HOM,0.15635926,0.17484815,0.18168095,0.21742631,0.19244683,0.23039761
strategy,P,word2vec_recipe_40_HOM,0.10599802,0.11253286,0.12453714,0.13380395,0.13244519,0.14102483
hippie,M,word2vec_recipe_40_HOM,0.16977425,0.1726215,0.19444594,0.19777146,0.2043635,0.2063721
farewell,P,word2vec_recipe_40_HOM,0.11094649,0.13361236,0.12810539,0.16003752,0.13638736,0.16953011
fly,H,word2vec_recipe_40_HOM,0.35817072,0.3923149,0.41154376,0.35772553,0.42814973,0.35375586
scroll,P,word2vec_recipe_40_HOM,0.21334715,0.20585498,0.2532179,0.25712186,0.27005306,0.27996203
bowl,H,word2vec_recipe_40_HOM,0.41159058,0.43390423,0.49725467,0.48287782,0.52360755,0.46539
lounge,P,word2vec_recipe_40_HOM,0.15807454,0.16936073,0.18232721,0.18917844,0.19403219,0.20613347
meatball,P,word2vec_recipe_40_HOM,0.35799557,0.42961934,0.4264194,0.46950102,0.45245293,0.45378706
emperor,M,word2vec_recipe_40_HOM,0.14406948,0.16690679,0.20174243,0.2574535,0.2287772,0.28255787
sketch,P,word2vec_recipe_40_HOM,0.1581895,0.18934193,0.18903567,0.2322646,0.20426261,0.25731713
network,P,word2vec_recipe_40_HOM,0.3361614,0.3659237,0.45147666,0.38417035,0.48333907,0.35564598
throttle,P,word2vec_recipe_40_HOM,0.20258239,0.20021954,0.23377107,0.21476087,0.24623127,0.21557972
pregnancy,M,word2vec_recipe_40_HOM,0.15431173,0.15299252,0.18374993,0.1860123,0.19622226,0.19937731
breed,P,word2vec_recipe_40_HOM,0.16462395,0.15803042,0.1931221,0.1911907,0.2038427,0.19877206
flexible,P,word2vec_recipe_40_HOM,0.36695853,0.32450688,0.4376383,0.4046299,0.46050307,0.40690607
pillar,P,word2vec_recipe_40_HOM,0.20673199,0.23947613,0.23884867,0.25811684,0.25067896,0.26772237
continuous,M,word2vec_recipe_40_HOM,0.36004445,0.42285278,0.4370958,0.48006153,0.46426746,0.48076856
barn,M,word2vec_recipe_40_HOM,0.23745665,0.21258251,0.27885234,0.25010633,0.30011493,0.2867924
dinnertime,M,word2vec_recipe_40_HOM,0.3200695,0.2929984,0.37082356,0.3216762,0.38802716,0.31796008
latch,P,word2vec_recipe_40_HOM,0.26130423,0.32248986,0.34603062,0.39049223,0.3759304,0.41804767
bride,H,word2vec_recipe_40_HOM,0.20438334,0.20256044,0.2333991,0.21427776,0.2456445,0.22432473
announce,P,word2vec_recipe_40_HOM,0.14120366,0.1562733,0.15861598,0.15531328,0.16714239,0.16620748
appear,P,word2vec_recipe_40_HOM,0.39185187,0.456812,0.4638857,0.45389706,0.48957008,0.45364684
complete,P,word2vec_recipe_40_HOM,0.3473878,0.31795868,0.41333622,0.3318951,0.43509716,0.34361112
coronary,P,word2vec_recipe_40_HOM,0.1570892,0.15919113,0.17967606,0.17709875,0.1894857,0.18573907
epiphany,P,word2vec_recipe_40_HOM,0.12001203,0.13119134,0.14117442,0.16599256,0.15077409,0.17658606
accordion,P,word2vec_recipe_40_HOM,0.29085985,0.2810271,0.35853332,0.3229419,0.38112336,0.33908752
plaque,P,word2vec_recipe_40_HOM,0.23945168,0.23475617,0.28456017,0.2763521,0.30416062,0.29756978
replica,P,word2vec_recipe_40_HOM,0.13407584,0.14420572,0.1554696,0.169456,0.16705158,0.18575692
cowboy,P,word2vec_recipe_40_HOM,0.2651161,0.2614851,0.30546907,0.25547013,0.3217118,0.2573603
crust,P,word2vec_recipe_40_HOM,0.2928355,0.36670354,0.386514,0.43853506,0.4194908,0.44696632
tequila,M,word2vec_recipe_40_HOM,0.20885238,0.20644513,0.26978523,0.24621372,0.30207118,0.28325358
bag,P,word2vec_recipe_40_HOM,0.17670374,0.19323048,0.29626366,0.31525233,0.3730707,0.398331
scarce,P,word2vec_recipe_40_HOM,0.15397994,0.14238751,0.18189429,0.16621909,0.19334568,0.17581281
brewery,M,word2vec_recipe_40_HOM,0.18009855,0.17595538,0.20757763,0.18332824,0.21968181,0.1944078
ornament,P,word2vec_recipe_40_HOM,0.2641987,0.2780068,0.3103588,0.29252532,0.3322197,0.3166982
fancy,P,word2vec_recipe_40_HOM,0.27350184,0.29991972,0.32074788,0.30261728,0.33878994,0.29885167
likelihood,P,word2vec_recipe_40_HOM,0.18632148,0.17997952,0.21588032,0.19556056,0.2286274,0.20314151
bind,P,word2vec_recipe_40_HOM,0.42267886,0.5058221,0.49300176,0.49009615,0.51405126,0.48606548
dorm,M,word2vec_recipe_40_HOM,0.2054036,0.17026818,0.23522334,0.201169,0.24617949,0.21084496
cranky,P,word2vec_recipe_40_HOM,0.117291525,0.11059537,0.1383955,0.1397326,0.14788999,0.1504297
diploma,M,word2vec_recipe_40_HOM,0.19240981,0.23083863,0.22747408,0.2818126,0.24223094,0.3037738
rhythmic,M,word2vec_recipe_40_HOM,0.19580871,0.23577824,0.24084179,0.27042052,0.2602266,0.28579938
forecast,P,word2vec_recipe_40_HOM,0.14098373,0.16261913,0.16249643,0.17713256,0.17184769,0.1922603
mambo,P,word2vec_recipe_40_HOM,0.10547701,0.1270195,0.12468703,0.15219422,0.13338622,0.16295585
complicate,P,word2vec_recipe_40_HOM,0.08680077,0.09426386,0.10497151,0.12076525,0.113681115,0.13376753
stroll,P,word2vec_recipe_40_HOM,0.108901404,0.10777176,0.12585452,0.13120425,0.13507603,0.14323983
comet,M,word2vec_recipe_40_HOM,0.22969857,0.2442558,0.2602557,0.2828855,0.27159774,0.28832597
mocha,P,word2vec_recipe_40_HOM,0.22789708,0.25904828,0.2877595,0.31565577,0.31464595,0.31843412
situation,P,word2vec_recipe_40_HOM,0.20614144,0.1566164,0.23143163,0.17659506,0.24301685,0.184994
missionary,P,word2vec_recipe_40_HOM,0.1553169,0.16921481,0.18228202,0.18536083,0.19304638,0.19658189
glucose,P,word2vec_recipe_40_HOM,0.37367573,0.41776437,0.4254445,0.47932032,0.44812173,0.48564342
paste,H,word2vec_recipe_40_HOM,0.29922205,0.24338406,0.36932784,0.31505734,0.39842987,0.34041056
drawer,P,word2vec_recipe_40_HOM,0.31321695,0.33668244,0.36341035,0.3424743,0.3818746,0.33652765
skill,P,word2vec_recipe_40_HOM,0.32108968,0.24190152,0.35893998,0.21246828,0.3728601,0.21257299
dominate,P,word2vec_recipe_40_HOM,0.1743254,0.18812199,0.21154527,0.2134801,0.22687638,0.21807446
join,P,word2vec_recipe_40_HOM,0.28071043,0.29956305,0.34446034,0.34583765,0.3682564,0.35349
tout,P,word2vec_recipe_40_HOM,0.26185274,0.26399955,0.31477585,0.32711533,0.33270332,0.33573738
sequence,P,word2vec_recipe_40_HOM,0.34514832,0.39631042,0.42755485,0.4709263,0.4555498,0.47652584
deliver,P,word2vec_recipe_40_HOM,0.20933223,0.17696294,0.24099338,0.20806816,0.25283015,0.20262338
succeed,P,word2vec_recipe_40_HOM,0.08957209,0.10096083,0.10894012,0.122449264,0.11948183,0.13974997
snip,P,word2vec_recipe_40_HOM,0.36190075,0.36504468,0.4412493,0.42601952,0.46812442,0.4419828
vegetable,P,word2vec_recipe_40_HOM,0.3502086,0.3811332,0.41618043,0.34746778,0.43799677,0.33643854
worthy,P,word2vec_recipe_40_HOM,0.17425272,0.19158876,0.20445508,0.1973696,0.21665914,0.20137061
pillow,P,word2vec_recipe_40_HOM,0.31574607,0.33224627,0.3612494,0.3388983,0.3788012,0.3539061
lap,H,word2vec_recipe_40_HOM,0.3332395,0.31731194,0.39277306,0.36052188,0.41652763,0.36711392
corn,H,word2vec_recipe_40_HOM,0.32252568,0.38274094,0.41032287,0.43873778,0.44216016,0.42390913
farmer,M,word2vec_recipe_40_HOM,0.32925177,0.32033905,0.36898586,0.3072,0.38296807,0.2955875
sleeve,P,word2vec_recipe_40_HOM,0.38808015,0.40496543,0.45877665,0.47141036,0.48369774,0.47304174
wad,P,word2vec_recipe_40_HOM,0.3387528,0.337129,0.41530782,0.41508287,0.44573843,0.45066562
addiction,M,word2vec_recipe_40_HOM,0.21518143,0.2215197,0.2690227,0.23386021,0.29054594,0.24196906
cosmic,P,word2vec_recipe_40_HOM,0.118343376,0.13482611,0.14033069,0.15834571,0.14947079,0.17237876
chunky,P,word2vec_recipe_40_HOM,0.3297267,0.35230744,0.42229712,0.4583957,0.45385772,0.47527984
funky,H,word2vec_recipe_40_HOM,0.27892402,0.27591962,0.32171726,0.31638554,0.33820102,0.31113392
pet,H,word2vec_recipe_40_HOM,0.3250876,0.3710916,0.40990466,0.41702363,0.43755746,0.44071734
confuse,P,word2vec_recipe_40_HOM,0.2388651,0.17436527,0.27212113,0.19344212,0.28463838,0.20639543
persuasion,P,word2vec_recipe_40_HOM,0.09520181,0.103840254,0.113162935,0.12721904,0.12129456,0.14203382
innocent,P,word2vec_recipe_40_HOM,0.13515231,0.14520636,0.15791048,0.16335015,0.1690547,0.17580912
tragic,P,word2vec_recipe_40_HOM,0.0933111,0.102773145,0.113314345,0.1319928,0.12338413,0.1460459
register,P,word2vec_recipe_40_HOM,0.23106413,0.23720552,0.2964684,0.24702989,0.3422932,0.2925099
slump,P,word2vec_recipe_40_HOM,0.37264338,0.36209777,0.44768712,0.44283134,0.47421166,0.44579017
scarf,H,word2vec_recipe_40_HOM,0.20991845,0.19931455,0.26467627,0.25191084,0.2928066,0.28521883
marmalade,M,word2vec_recipe_40_HOM,0.32138175,0.37209785,0.39337727,0.4033787,0.41742164,0.41990077
consume,P,word2vec_recipe_40_HOM,0.3158026,0.26228932,0.35018876,0.2590565,0.36270627,0.25252858
rice,P,word2vec_recipe_40_HOM,0.28810894,0.35547203,0.37103474,0.39749742,0.4028852,0.41027924
pitcher,H,word2vec_recipe_40_HOM,0.24364817,0.27592808,0.30564508,0.33057725,0.33723396,0.35066518
sterile,P,word2vec_recipe_40_HOM,0.2050827,0.25733033,0.35795856,0.39098862,0.42303684,0.4501338
suffer,P,word2vec_recipe_40_HOM,0.17245777,0.16487437,0.20073174,0.17403677,0.21252456,0.1874883
logic,P,word2vec_recipe_40_HOM,0.21849613,0.23314823,0.25153306,0.25085855,0.2638454,0.25844648
sling,H,word2vec_recipe_40_HOM,0.4181382,0.41423243,0.46769932,0.45933965,0.48362163,0.47435567
intensive,P,word2vec_recipe_40_HOM,0.14404078,0.14962006,0.17236203,0.15509327,0.18393372,0.16474468
diabetic,P,word2vec_recipe_40_HOM,0.27674836,0.3420607,0.32309,0.3190579,0.33900794,0.30029413
lobby,P,word2vec_recipe_40_HOM,0.10157335,0.12597023,0.12194467,0.15324995,0.13141014,0.15713179
furniture,M,word2vec_recipe_40_HOM,0.19561633,0.22625755,0.25489804,0.27721965,0.28113547,0.2998348
standard,P,word2vec_recipe_40_HOM,0.3104875,0.27763507,0.3937785,0.3559489,0.43212304,0.41262987
lash,H,word2vec_recipe_40_HOM,0.17882451,0.19238964,0.20574339,0.23289204,0.2162175,0.24536684
destroy,P,word2vec_recipe_40_HOM,0.26423153,0.2520011,0.30292135,0.25204262,0.31915265,0.26017877
jug,P,word2vec_recipe_40_HOM,0.32174495,0.34138295,0.3932739,0.4371103,0.41980734,0.46470493
champion,P,word2vec_recipe_40_HOM,0.19379489,0.16695896,0.22385481,0.20888774,0.2371513,0.2180833
guide,P,word2vec_recipe_40_HOM,0.3116824,0.28054178,0.37533462,0.33485013,0.3959381,0.34756705
plank,P,word2vec_recipe_40_HOM,0.31752154,0.40804467,0.41660884,0.47568056,0.4471731,0.4972357
compatible,P,word2vec_recipe_40_HOM,0.16807023,0.16195309,0.1933689,0.1772723,0.2054319,0.18375605
plug,P,word2vec_recipe_40_HOM,0.35415775,0.41100296,0.41705564,0.44493496,0.44119087,0.45020488
volunteer,P,word2vec_recipe_40_HOM,0.10732651,0.11800355,0.12815896,0.14277376,0.13911799,0.1563243
hearty,P,word2vec_recipe_40_HOM,0.27330488,0.35087478,0.33783576,0.3922163,0.36227965,0.39737457
wool,P,word2vec_recipe_40_HOM,0.23516436,0.23943385,0.27717867,0.28769526,0.29437858,0.30235222
divine,P,word2vec_recipe_40_HOM,0.27437598,0.26758456,0.3443324,0.34944415,0.37059325,0.36286488
ideal,P,word2vec_recipe_40_HOM,0.3068656,0.34585473,0.3549294,0.31284925,0.37132674,0.29475284
mystical,P,word2vec_recipe_40_HOM,0.1441305,0.16198395,0.16717876,0.1814453,0.1769418,0.18893896
fatigue,P,word2vec_recipe_40_HOM,0.16571352,0.16772656,0.2008793,0.1991003,0.21957576,0.21431857
exception,P,word2vec_recipe_40_HOM,0.40649596,0.41575614,0.4759156,0.469171,0.5013926,0.47748974
department,P,word2vec_recipe_40_HOM,0.24252565,0.23675412,0.29139325,0.27052185,0.31220853,0.27695453
chaser,P,word2vec_recipe_40_HOM,0.19934735,0.2009069,0.23722486,0.24945498,0.25511953,0.26806867
coherent,P,word2vec_recipe_40_HOM,0.14797409,0.16117182,0.20620735,0.23551863,0.23822589,0.27035734
corny,P,word2vec_recipe_40_HOM,0.24170592,0.21486062,0.28035352,0.22614898,0.29776993,0.23683472
formation,P,word2vec_recipe_40_HOM,0.37134707,0.40738478,0.4321102,0.39963973,0.45172727,0.4058984
planner,P,word2vec_recipe_40_HOM,0.13996959,0.15554073,0.16325551,0.16648011,0.17390199,0.169913
marker,P,word2vec_recipe_40_HOM,0.23388037,0.23300548,0.2869069,0.26169536,0.3112668,0.29306078
prune,H,word2vec_recipe_40_HOM,0.31813747,0.38454238,0.40347,0.41516206,0.4307158,0.3976282
patriot,M,word2vec_recipe_40_HOM,0.13418695,0.14871283,0.15056162,0.17218967,0.15875627,0.18278567
gain,P,word2vec_recipe_40_HOM,0.34235603,0.31871977,0.39280087,0.31365806,0.41179898,0.32670468
scalp,P,word2vec_recipe_40_HOM,0.21219663,0.23157059,0.27528533,0.27958643,0.3007011,0.2973941
bottle,P,word2vec_recipe_40_HOM,0.28937212,0.3066059,0.36772746,0.38790992,0.39801875,0.42763668
mention,P,word2vec_recipe_40_HOM,0.19736104,0.16779307,0.21879993,0.16881432,0.22938918,0.18142372
glee,P,word2vec_recipe_40_HOM,0.18747063,0.23552752,0.21614127,0.25226808,0.22801453,0.26504248
childhood,M,word2vec_recipe_40_HOM,0.17824975,0.17271708,0.21116886,0.1812147,0.22408524,0.19236478
shake,P,word2vec_recipe_40_HOM,0.36661547,0.41841125,0.43553707,0.45201322,0.46438697,0.4829819
limb,H,word2vec_recipe_40_HOM,0.1455599,0.1674777,0.16821897,0.18561958,0.17852177,0.19295785
qualify,P,word2vec_recipe_40_HOM,0.098261826,0.10099085,0.11571578,0.1220915,0.124680884,0.13525657
voodoo,P,word2vec_recipe_40_HOM,0.18919043,0.18536675,0.22324112,0.2079127,0.2362558,0.22422747
monthly,P,word2vec_recipe_40_HOM,0.11754708,0.121085204,0.13990632,0.14565809,0.15102753,0.16474925
property,P,word2vec_recipe_40_HOM,0.2324861,0.21853054,0.2844941,0.2267689,0.30172816,0.23488696
fashion,P,word2vec_recipe_40_HOM,0.34098762,0.3375541,0.4061184,0.3771982,0.43082416,0.38655192
copper,P,word2vec_recipe_40_HOM,0.40947264,0.43915844,0.49347752,0.4853554,0.518252,0.48060694
hammer,P,word2vec_recipe_40_HOM,0.31719625,0.3829049,0.43940505,0.49269512,0.4810192,0.5153051
bumper,P,word2vec_recipe_40_HOM,0.2187244,0.21530749,0.2472896,0.2210122,0.25902507,0.22827321
unknown,P,word2vec_recipe_40_HOM,0.19386595,0.15637624,0.22595638,0.18688291,0.2390456,0.20594983
press,H,word2vec_recipe_40_HOM,0.35770124,0.41097793,0.44881958,0.4547799,0.47948015,0.4546954
smoker,P,word2vec_recipe_40_HOM,0.30497772,0.35142908,0.3929907,0.41667247,0.4334359,0.453252
formula,P,word2vec_recipe_40_HOM,0.30684623,0.25460112,0.34472167,0.2814695,0.35865077,0.27505377
conversion,P,word2vec_recipe_40_HOM,0.19877467,0.2084177,0.23951197,0.22996968,0.25634217,0.23526153
aviation,M,word2vec_recipe_40_HOM,0.09446807,0.12130036,0.1308046,0.1842175,0.15472989,0.21999004
chase,H,word2vec_recipe_40_HOM,0.23778923,0.22593689,0.2740746,0.22539282,0.28676718,0.24048452
user,P,word2vec_recipe_40_HOM,0.26665154,0.2543038,0.3178421,0.26910177,0.33521807,0.2812872
insect,P,word2vec_recipe_40_HOM,0.16120645,0.15469812,0.19207361,0.19096614,0.20553736,0.20344383
escape,P,word2vec_recipe_40_HOM,0.35341144,0.436523,0.46195832,0.4913337,0.49501067,0.4854848
gag,H,word2vec_recipe_40_HOM,0.101994656,0.10532961,0.11805439,0.12356248,0.1256514,0.13802285
lifeless,P,word2vec_recipe_40_HOM,0.09753642,0.12472334,0.11334095,0.13859366,0.12273516,0.1519757
hubby,M,word2vec_recipe_40_HOM,0.19332507,0.20437992,0.23873535,0.22034834,0.25686443,0.2188376
sunrise,P,word2vec_recipe_40_HOM,0.2750809,0.21101727,0.3162386,0.25514558,0.33487102,0.27253348
refresh,P,word2vec_recipe_40_HOM,0.30204007,0.38689026,0.41401097,0.46065497,0.4542649,0.46491817
troll,H,word2vec_recipe_40_HOM,0.1633468,0.16373363,0.18555123,0.18533666,0.19434486,0.19441268
snowy,P,word2vec_recipe_40_HOM,0.40350112,0.3753185,0.45070958,0.43133003,0.46866858,0.435794
breath,P,word2vec_recipe_40_HOM,0.29637665,0.28570637,0.34446225,0.28642413,0.3611589,0.28016597
straighten,P,word2vec_recipe_40_HOM,0.2920224,0.27475613,0.33578202,0.30091703,0.35289353,0.31643742
organism,P,word2vec_recipe_40_HOM,0.1284636,0.11355418,0.1517013,0.141033,0.16189758,0.15230703
delay,P,word2vec_recipe_40_HOM,0.34128803,0.3148973,0.3995813,0.33245286,0.42029938,0.32859775
exterior,P,word2vec_recipe_40_HOM,0.3604335,0.41416013,0.43394345,0.44631553,0.45597026,0.4367642
cockpit,P,word2vec_recipe_40_HOM,0.17708887,0.22084747,0.20797203,0.2518731,0.22133781,0.2694706
thoughtful,P,word2vec_recipe_40_HOM,0.1118047,0.10439879,0.13355094,0.1370873,0.14396748,0.15016636
sage,H,word2vec_recipe_40_HOM,0.2690608,0.27276713,0.35930008,0.37469897,0.38865507,0.3862934
twig,M,word2vec_recipe_40_HOM,0.27437466,0.32938445,0.3461016,0.41344425,0.37245426,0.428282
shrine,P,word2vec_recipe_40_HOM,0.16979146,0.20634796,0.19742988,0.25232974,0.20930415,0.25840533
creepy,P,word2vec_recipe_40_HOM,0.2543724,0.25828192,0.30854332,0.3037317,0.33037767,0.3150638
cinch,P,word2vec_recipe_40_HOM,0.2603827,0.22699486,0.2952291,0.23709562,0.30872703,0.24103323
garbage,P,word2vec_recipe_40_HOM,0.29307342,0.3322911,0.3582273,0.39063552,0.38181537,0.39312243
alphabet,P,word2vec_recipe_40_HOM,0.37703606,0.36669293,0.425598,0.3698684,0.44168305,0.3706678
cannon,P,word2vec_recipe_40_HOM,0.2284421,0.21727474,0.26361027,0.23007546,0.2765931,0.23319228
collect,P,word2vec_recipe_40_HOM,0.32402653,0.38556775,0.40507576,0.38028032,0.42982972,0.38494757
bench,P,word2vec_recipe_40_HOM,0.29303533,0.37218553,0.37110263,0.38905293,0.39978263,0.4027181
stiff,P,word2vec_recipe_40_HOM,0.25326616,0.31075493,0.35065284,0.34765202,0.38641667,0.37038097
meadow,P,word2vec_recipe_40_HOM,0.1671224,0.19372524,0.19579683,0.22007903,0.20764881,0.23377898
dishwasher,P,word2vec_recipe_40_HOM,0.29593518,0.3010174,0.36338434,0.3804292,0.38877448,0.40114743
cycle,P,word2vec_recipe_40_HOM,0.28021628,0.31517756,0.39225742,0.41600132,0.4425196,0.45614064
player,P,word2vec_recipe_40_HOM,0.15209588,0.17522483,0.18355711,0.21832256,0.19811256,0.23907413
bull,H,word2vec_recipe_40_HOM,0.26483715,0.27731824,0.30718705,0.29322377,0.3264525,0.31028023
brave,P,word2vec_recipe_40_HOM,0.22492066,0.19398668,0.26736158,0.21864839,0.28238273,0.21776827
nip,H,word2vec_recipe_40_HOM,0.2883678,0.2785672,0.3267518,0.31849015,0.34183776,0.32869276
format,P,word2vec_recipe_40_HOM,0.1718488,0.14525443,0.20123217,0.16735691,0.21370634,0.1764557
dish,P,word2vec_recipe_40_HOM,0.32217222,0.32637382,0.38884547,0.3809448,0.41760024,0.38603935
clerk,P,word2vec_recipe_40_HOM,0.10137451,0.10644061,0.122506894,0.12992784,0.13201058,0.14302966
tuck,P,word2vec_recipe_40_HOM,0.28979737,0.33749786,0.36044037,0.38601446,0.38992748,0.38576943
railroad,P,word2vec_recipe_40_HOM,0.19485594,0.16530281,0.21890192,0.17599556,0.22870907,0.18184257
circus,P,word2vec_recipe_40_HOM,0.2792496,0.26959565,0.32582325,0.31264818,0.34770614,0.3361482
stool,P,word2vec_recipe_40_HOM,0.18530467,0.16497017,0.21317825,0.19802332,0.22524498,0.2109342
dung,P,word2vec_recipe_40_HOM,0.04636259,0.067549154,0.10741386,0.15538956,0.1333066,0.18828622
flake,P,word2vec_recipe_40_HOM,0.43070984,0.5032588,0.52034205,0.5184006,0.5486283,0.5235106
stretcher,P,word2vec_recipe_40_HOM,0.20117378,0.1792826,0.22567376,0.21824056,0.23575912,0.22946982
tread,P,word2vec_recipe_40_HOM,0.3179472,0.34488922,0.36707753,0.35932395,0.38490027,0.36502105
wrestle,P,word2vec_recipe_40_HOM,0.17683771,0.18138564,0.20312673,0.20527503,0.21376072,0.21679626
certain,P,word2vec_recipe_40_HOM,0.3261643,0.32000855,0.37963447,0.2934382,0.39504382,0.27566588
tendency,P,word2vec_recipe_40_HOM,0.3380502,0.33468232,0.411183,0.35802692,0.4340033,0.33741957
beginner,M,word2vec_recipe_40_HOM,0.1771541,0.14938964,0.20037207,0.15406731,0.21012059,0.16536582
spree,P,word2vec_recipe_40_HOM,0.17780559,0.21076168,0.21643409,0.2491273,0.23358715,0.27733406
marrow,P,word2vec_recipe_40_HOM,0.314179,0.35404277,0.39247748,0.43992275,0.4197491,0.45686314
clam,P,word2vec_recipe_40_HOM,0.32075754,0.3433293,0.41351825,0.41565874,0.4506861,0.42793983
spread,P,word2vec_recipe_40_HOM,0.3589562,0.39954215,0.43883747,0.39280978,0.46536592,0.39742163
howl,P,word2vec_recipe_40_HOM,0.23975506,0.21680789,0.31440637,0.3866256,0.34754136,0.42282724
snail,P,word2vec_recipe_40_HOM,0.38031363,0.4470211,0.44720894,0.4420689,0.4710285,0.44486278
mouse,P,word2vec_recipe_40_HOM,0.2750638,0.21841498,0.32726288,0.287621,0.34938842,0.31162405
unpleasant,M,word2vec_recipe_40_HOM,0.2272248,0.27312785,0.28323472,0.29425624,0.30369225,0.3007564
score,P,word2vec_recipe_40_HOM,0.30799946,0.35972717,0.38637888,0.39498794,0.42129135,0.39421153
nature,P,word2vec_recipe_40_HOM,0.2589228,0.2229504,0.29155606,0.2429322,0.3068187,0.24825898
cupcake,M,word2vec_recipe_40_HOM,0.17698832,0.18934251,0.23719017,0.30897817,0.26780456,0.34554628
splendor,P,word2vec_recipe_40_HOM,0.14183113,0.14414734,0.16367574,0.1687424,0.17276827,0.17940842
femme,P,word2vec_recipe_40_HOM,0.1526157,0.17415601,0.18562195,0.20396994,0.20178993,0.21459924
caffeine,M,word2vec_recipe_40_HOM,0.19242415,0.21843667,0.23215203,0.23499511,0.24667057,0.2402207
wallpaper,P,word2vec_recipe_40_HOM,0.29051465,0.24818218,0.3330294,0.27071816,0.35092676,0.29142204
apocalypse,P,word2vec_recipe_40_HOM,0.16817641,0.1710154,0.19261345,0.20335098,0.20297314,0.21456435
trim,P,word2vec_recipe_40_HOM,0.35524648,0.40118977,0.43420407,0.43955433,0.46155274,0.45564127
lime,H,word2vec_recipe_40_HOM,0.27455014,0.33889228,0.34032157,0.3732203,0.36807334,0.40158495
chimney,P,word2vec_recipe_40_HOM,0.31201527,0.336569,0.3988548,0.4327147,0.429616,0.45292696
assistance,P,word2vec_recipe_40_HOM,0.23545483,0.18511178,0.2678486,0.21417367,0.27986664,0.22738633
active,P,word2vec_recipe_40_HOM,0.3733127,0.34572127,0.4559727,0.42173228,0.48558465,0.44417363
incredible,P,word2vec_recipe_40_HOM,0.19785397,0.25231808,0.25990674,0.31723565,0.28397068,0.32908544
disengage,P,word2vec_recipe_40_HOM,0.12921624,0.15264049,0.14996701,0.1774687,0.15969808,0.19065882
cake,P,word2vec_recipe_40_HOM,0.30611235,0.39901665,0.38850462,0.43528834,0.41710418,0.4332583
lightning,P,word2vec_recipe_40_HOM,0.26160303,0.21637733,0.29315817,0.23785593,0.30360508,0.2378174
saliva,M,word2vec_recipe_40_HOM,0.13324516,0.12755689,0.15724473,0.15257218,0.16767105,0.15997924
unite,P,word2vec_recipe_40_HOM,0.32197496,0.28809914,0.36167663,0.3247591,0.37775764,0.34186533
damp,P,word2vec_recipe_40_HOM,0.25973198,0.2663445,0.40124944,0.41692084,0.4459852,0.4419375
diplomatic,P,word2vec_recipe_40_HOM,0.1463125,0.16402237,0.17235158,0.20826606,0.18390091,0.22415239
hopeless,P,word2vec_recipe_40_HOM,0.10107808,0.09333972,0.121251166,0.12610321,0.13187614,0.13734058
lazy,P,word2vec_recipe_40_HOM,0.29660967,0.29089352,0.3569059,0.33750018,0.3768688,0.34573725
supervise,M,word2vec_recipe_40_HOM,0.13674323,0.13156563,0.15662308,0.14346826,0.16649914,0.15713573
mandatory,P,word2vec_recipe_40_HOM,0.24401972,0.16002874,0.27905065,0.19059183,0.29448113,0.19577104
confusion,P,word2vec_recipe_40_HOM,0.13526204,0.11886538,0.15863377,0.15057957,0.16959423,0.16186538
hick,M,word2vec_recipe_40_HOM,0.13639359,0.12766775,0.1716066,0.16236255,0.19027723,0.19362205
breathe,P,word2vec_recipe_40_HOM,0.28412881,0.25888446,0.3221998,0.24615131,0.3358963,0.24466853
overrun,P,word2vec_recipe_40_HOM,0.14036846,0.13634185,0.15665475,0.14728259,0.1654571,0.15938762
highway,P,word2vec_recipe_40_HOM,0.206055,0.22390929,0.23304313,0.23316804,0.24508438,0.2425813
calculator,P,word2vec_recipe_40_HOM,0.1226636,0.13867785,0.15184914,0.16421577,0.16300462,0.17176442
pry,H,word2vec_recipe_40_HOM,0.3248687,0.3424168,0.3989124,0.3943269,0.42831582,0.42168638
knack,P,word2vec_recipe_40_HOM,0.1279163,0.12721513,0.1498107,0.13455108,0.16088903,0.14778446
molten,P,word2vec_recipe_40_HOM,0.32550016,0.34705162,0.39655262,0.33369064,0.41946614,0.3538526
fungus,P,word2vec_recipe_40_HOM,0.29289332,0.32810965,0.384557,0.41822445,0.41937828,0.43224663
rebound,P,word2vec_recipe_40_HOM,0.12008226,0.147699,0.1477879,0.1828542,0.16065706,0.19645947
explore,P,word2vec_recipe_40_HOM,0.23482034,0.21946655,0.26602075,0.21466014,0.27981722,0.22043975
spicy,P,word2vec_recipe_40_HOM,0.2269055,0.3179861,0.2950832,0.33798233,0.31624636,0.340684
loaf,H,word2vec_recipe_40_HOM,0.29176682,0.2950553,0.39568865,0.3741866,0.43904877,0.400697
graveyard,M,word2vec_recipe_40_HOM,0.21879189,0.21576832,0.25817806,0.27846065,0.2802953,0.302261
puppy,P,word2vec_recipe_40_HOM,0.33183613,0.3238834,0.39647704,0.3438644,0.41871524,0.33610016
tempt,P,word2vec_recipe_40_HOM,0.15632132,0.13173983,0.17806168,0.1407388,0.18733384,0.15173453
hasty,P,word2vec_recipe_40_HOM,0.21025789,0.15307464,0.24009731,0.17466442,0.2525285,0.19490683
muster,P,word2vec_recipe_40_HOM,0.16253749,0.11962103,0.18319704,0.14570904,0.19402628,0.15739894
anticipate,P,word2vec_recipe_40_HOM,0.09287669,0.089468844,0.1128988,0.118760705,0.12181855,0.13110615
bunker,P,word2vec_recipe_40_HOM,0.14357218,0.15327646,0.16352722,0.17344525,0.17241628,0.1793192
nine,P,word2vec_recipe_40_HOM,0.3535599,0.42695466,0.47881976,0.48736435,0.50692916,0.47962242
northwest,P,word2vec_recipe_40_HOM,0.21523409,0.24457031,0.25483602,0.27603236,0.2707941,0.28529188
frame,P,word2vec_recipe_40_HOM,0.28983524,0.23272352,0.33415878,0.2637543,0.35198548,0.2885576
enzyme,M,word2vec_recipe_40_HOM,0.1905067,0.1888045,0.24617241,0.22857824,0.27017707,0.25062543
kitten,P,word2vec_recipe_40_HOM,0.15723196,0.1648119,0.19619064,0.21859148,0.21738562,0.25016698
jab,P,word2vec_recipe_40_HOM,0.26393268,0.3100673,0.3364,0.3671528,0.36458346,0.37867257
lust,P,word2vec_recipe_40_HOM,0.16754441,0.19106583,0.19979477,0.19855039,0.21379109,0.21399675
posh,M,word2vec_recipe_40_HOM,0.24926488,0.25052348,0.27928886,0.25649405,0.29220048,0.26351255
alert,P,word2vec_recipe_40_HOM,0.22613852,0.20135738,0.25353238,0.2065521,0.2644186,0.20871252
vinegar,M,word2vec_recipe_40_HOM,0.25308782,0.28515163,0.32533664,0.3319357,0.35566887,0.34251675
bonnet,P,word2vec_recipe_40_HOM,0.3282445,0.31806234,0.40218547,0.33412784,0.43152955,0.3554189
duration,P,word2vec_recipe_40_HOM,0.32485232,0.3746533,0.37747625,0.38695744,0.40141845,0.39597422
conductor,P,word2vec_recipe_40_HOM,0.15125528,0.14954436,0.17688352,0.1633786,0.18751553,0.16994555
bubble,P,word2vec_recipe_40_HOM,0.35645685,0.41184944,0.43459222,0.4729986,0.4646341,0.47898304
garlic,P,word2vec_recipe_40_HOM,0.26882043,0.29308072,0.33955285,0.3339958,0.36369783,0.33348477
crossword,M,word2vec_recipe_40_HOM,0.16159204,0.19485371,0.18973725,0.22909573,0.20106609,0.2386032
settlement,P,word2vec_recipe_40_HOM,0.13576701,0.13360539,0.1595279,0.17007163,0.1704162,0.1812096
vet,H,word2vec_recipe_40_HOM,0.15178743,0.1410411,0.17846414,0.16742915,0.18986219,0.18448603
sacrifice,P,word2vec_recipe_40_HOM,0.16799295,0.14182302,0.19192593,0.14903007,0.20226943,0.15740916
aware,M,word2vec_recipe_40_HOM,0.23979327,0.22515874,0.2773636,0.22282223,0.29128197,0.22704607
separation,P,word2vec_recipe_40_HOM,0.28571996,0.2643866,0.33257958,0.29836798,0.35281432,0.31413326
flute,P,word2vec_recipe_40_HOM,0.3534382,0.40266898,0.44061133,0.4876653,0.47531915,0.502825
stripper,P,word2vec_recipe_40_HOM,0.24104297,0.2895977,0.3006235,0.35875723,0.32729328,0.37524277
handbook,M,word2vec_recipe_40_HOM,0.14701217,0.13707176,0.17388634,0.17409666,0.1848169,0.18586761
trigger,P,word2vec_recipe_40_HOM,0.18877244,0.17182037,0.2153408,0.1879031,0.22639123,0.19437884
malt,P,word2vec_recipe_40_HOM,0.37354675,0.4332241,0.44379365,0.46716347,0.4671026,0.47383964
fury,P,word2vec_recipe_40_HOM,0.21219735,0.23043598,0.24171275,0.24629414,0.25346658,0.2522821
external,P,word2vec_recipe_40_HOM,0.21839741,0.2264772,0.2794487,0.29829103,0.31018323,0.34262207
endeavor,P,word2vec_recipe_40_HOM,0.15204756,0.11681359,0.17411302,0.13880852,0.18359348,0.14987363
lava,P,word2vec_recipe_40_HOM,0.3690713,0.33969566,0.43276832,0.38931954,0.45283073,0.40701988
doodle,P,word2vec_recipe_40_HOM,0.16334844,0.13252853,0.18691774,0.15274142,0.19861789,0.1638695
mysterious,P,word2vec_recipe_40_HOM,0.15728614,0.15575832,0.1849585,0.17692657,0.196142,0.18492359
absurd,P,word2vec_recipe_40_HOM,0.16353476,0.13531929,0.18549997,0.15079282,0.19452946,0.16539218
static,P,word2vec_recipe_40_HOM,0.21654856,0.22025353,0.2636285,0.2459895,0.28463775,0.28878134
brush,H,word2vec_recipe_40_HOM,0.35305873,0.3664991,0.43740246,0.43157062,0.46341383,0.4207339
memorable,P,word2vec_recipe_40_HOM,0.17553486,0.19714016,0.21222961,0.22342056,0.22562946,0.23043926
shorten,P,word2vec_recipe_40_HOM,0.35083297,0.3383169,0.41388133,0.36129728,0.4362301,0.36333236
purge,P,word2vec_recipe_40_HOM,0.28293353,0.26821136,0.37225038,0.39394787,0.40326798,0.4091027
timid,P,word2vec_recipe_40_HOM,0.13554709,0.11365053,0.15889436,0.13998647,0.17120728,0.16034168
lovely,P,word2vec_recipe_40_HOM,0.25275236,0.31713507,0.3282695,0.36937064,0.3557781,0.36150524
lunar,P,word2vec_recipe_40_HOM,0.15686896,0.15327986,0.1870125,0.18357177,0.19929421,0.19722489
infinite,P,word2vec_recipe_40_HOM,0.152002,0.13535622,0.17693675,0.15239353,0.18868963,0.16294545
medallion,P,word2vec_recipe_40_HOM,0.29266876,0.37160096,0.38463512,0.46068993,0.41995788,0.47719702
upholstery,P,word2vec_recipe_40_HOM,0.17651741,0.20447253,0.2140482,0.26428244,0.23204327,0.28109062
haystack,M,word2vec_recipe_40_HOM,0.3181253,0.28162068,0.36549434,0.29989886,0.3833705,0.32001868
coast,P,word2vec_recipe_40_HOM,0.3014347,0.28543147,0.3456651,0.28860795,0.36127838,0.2991813
sauna,P,word2vec_recipe_40_HOM,0.16478564,0.18866745,0.18957514,0.22200862,0.20029968,0.23630147
amaze,M,word2vec_recipe_40_HOM,0.10407777,0.11218848,0.1277595,0.1401134,0.13975613,0.15237148
operation,P,word2vec_recipe_40_HOM,0.28473717,0.29087242,0.3377646,0.28477544,0.35567307,0.28092623
survival,P,word2vec_recipe_40_HOM,0.13601604,0.14133358,0.16195728,0.16779454,0.17261593,0.18862896
perimeter,P,word2vec_recipe_40_HOM,0.30552167,0.31751773,0.37438485,0.34391943,0.3985043,0.34362876
dolphin,P,word2vec_recipe_40_HOM,0.22878118,0.19989815,0.25612938,0.21358806,0.26763022,0.21477915
feast,P,word2vec_recipe_40_HOM,0.24833336,0.22277915,0.2792024,0.24154997,0.29091,0.23969084
brook,H,word2vec_recipe_40_HOM,0.44529313,0.42974374,0.50852567,0.4220875,0.52626383,0.43403837
poker,H,word2vec_recipe_40_HOM,0.21829966,0.191786,0.24605036,0.1773677,0.2583808,0.18220145
teenage,M,word2vec_recipe_40_HOM,0.15215704,0.15850161,0.18822436,0.18560764,0.2034852,0.19536398
item,P,word2vec_recipe_40_HOM,0.33999473,0.22674485,0.3757572,0.2606725,0.38984978,0.25819594
hometown,M,word2vec_recipe_40_HOM,0.110822156,0.12536192,0.13112381,0.15852551,0.14023957,0.16790618
hop,H,word2vec_recipe_40_HOM,0.27148306,0.29070586,0.31212974,0.32621488,0.3299251,0.335579
mountain,P,word2vec_recipe_40_HOM,0.3210511,0.28906763,0.35911837,0.28477886,0.37207994,0.27664974
vague,P,word2vec_recipe_40_HOM,0.112311915,0.112159565,0.1351468,0.1338363,0.14573999,0.14487904
parent,P,word2vec_recipe_40_HOM,0.18366684,0.15047558,0.20944835,0.16601205,0.21990299,0.17521846
roof,P,word2vec_recipe_40_HOM,0.2146037,0.18120891,0.28326365,0.24248691,0.3128493,0.27991796
disperse,P,word2vec_recipe_40_HOM,0.3626733,0.45001644,0.46170658,0.49122167,0.48987815,0.4814661
cordial,P,word2vec_recipe_40_HOM,0.22115263,0.23857738,0.26694503,0.27250272,0.28933993,0.3007891
joyful,M,word2vec_recipe_40_HOM,0.13559389,0.13936909,0.15822473,0.16682923,0.1684552,0.18197006
pot,H,word2vec_recipe_40_HOM,0.30479237,0.36341545,0.40349603,0.4397205,0.43524116,0.43678722
trench,P,word2vec_recipe_40_HOM,0.30570188,0.3579551,0.3669758,0.3674325,0.38979065,0.38307872
track,P,word2vec_recipe_40_HOM,0.31746143,0.2386689,0.35169315,0.26254117,0.36391595,0.26328155
sparkle,P,word2vec_recipe_40_HOM,0.32244658,0.3323326,0.3773597,0.3932255,0.40052766,0.4133801
sly,P,word2vec_recipe_40_HOM,0.116227984,0.12803593,0.13509402,0.15128459,0.14333324,0.16500755
deception,P,word2vec_recipe_40_HOM,0.15758225,0.16579649,0.18062072,0.19313206,0.18959169,0.2067818
attraction,P,word2vec_recipe_40_HOM,0.1138767,0.121403046,0.13466945,0.13850147,0.14552785,0.15246698
rotate,P,word2vec_recipe_40_HOM,0.3660552,0.4475039,0.44995102,0.4452568,0.4748098,0.42683467
firm,H,word2vec_recipe_40_HOM,0.3723966,0.34299174,0.43974736,0.39975655,0.46326485,0.41696104
sufficient,M,word2vec_recipe_40_HOM,0.43896198,0.50198686,0.52537894,0.4962562,0.5481797,0.48320636
haste,P,word2vec_recipe_40_HOM,0.11782761,0.11225024,0.13939083,0.14019543,0.1495571,0.15220983
rotten,P,word2vec_recipe_40_HOM,0.27012193,0.29474384,0.32849813,0.3512014,0.35176614,0.36212027
yield,P,word2vec_recipe_40_HOM,0.3364308,0.35701713,0.4506847,0.40289718,0.4895964,0.4299773
ammonia,P,word2vec_recipe_40_HOM,0.29259455,0.32378647,0.38083243,0.4133222,0.41335055,0.44591895
optimism,P,word2vec_recipe_40_HOM,0.14519125,0.13312134,0.16770709,0.15255809,0.17811237,0.15969239
scrub,H,word2vec_recipe_40_HOM,0.34347853,0.4124516,0.4206245,0.4148791,0.4510141,0.4182191
define,P,word2vec_recipe_40_HOM,0.18026273,0.1805853,0.21263212,0.22380017,0.22801323,0.24540268
include,P,word2vec_recipe_40_HOM,0.3563661,0.39418012,0.4407686,0.38737318,0.4662052,0.37626395
cocktail,H,word2vec_recipe_40_HOM,0.23626883,0.23188828,0.28975654,0.25567767,0.3182589,0.2857409
envelope,P,word2vec_recipe_40_HOM,0.42689863,0.5403063,0.51635945,0.5378274,0.54054385,0.5268878
commitment,P,word2vec_recipe_40_HOM,0.097106844,0.09892927,0.11468995,0.122515075,0.12377157,0.1337772
ban,H,word2vec_recipe_40_HOM,0.31583416,0.13874155,0.38298884,0.2386472,0.4075965,0.3230571
trough,P,word2vec_recipe_40_HOM,0.39837807,0.42866158,0.45481303,0.4166543,0.47477904,0.41308257
presume,P,word2vec_recipe_40_HOM,0.08721712,0.088950336,0.106621295,0.11474961,0.11756075,0.13193184
matrimony,P,word2vec_recipe_40_HOM,0.112392165,0.12874031,0.13372555,0.15165408,0.14573565,0.17198744
adjustment,P,word2vec_recipe_40_HOM,0.33865047,0.31589523,0.38501975,0.32167065,0.4042238,0.32423908
leather,P,word2vec_recipe_40_HOM,0.4284435,0.3959094,0.4777282,0.3799735,0.49660623,0.39732057
desk,P,word2vec_recipe_40_HOM,0.16618605,0.16099404,0.19216314,0.17446215,0.20499806,0.19020166
actress,M,word2vec_recipe_40_HOM,0.13475342,0.14817452,0.15461744,0.17281906,0.16524464,0.18489733
disco,P,word2vec_recipe_40_HOM,0.24641824,0.23510376,0.2814794,0.2799209,0.298067,0.30319175
dome,P,word2vec_recipe_40_HOM,0.36457586,0.40576148,0.4110973,0.38121206,0.42806056,0.38673237
exclusive,P,word2vec_recipe_40_HOM,0.22171709,0.17626713,0.25384036,0.20796724,0.26527646,0.21438056
nursery,P,word2vec_recipe_40_HOM,0.13269281,0.1382826,0.15565841,0.16443501,0.16619778,0.17894605
squat,P,word2vec_recipe_40_HOM,0.23728983,0.22213675,0.2769811,0.26555753,0.2944824,0.29278842
comb,P,word2vec_recipe_40_HOM,0.31777626,0.27476528,0.36958098,0.30546305,0.3886211,0.32109424
trader,P,word2vec_recipe_40_HOM,0.27102378,0.30134755,0.33245564,0.3445832,0.360037,0.35116905
elusive,P,word2vec_recipe_40_HOM,0.1420007,0.15811846,0.16242638,0.16875403,0.17207636,0.17891122
grateful,P,word2vec_recipe_40_HOM,0.14049265,0.13142374,0.16310978,0.13938452,0.17304195,0.14892662
springtime,P,word2vec_recipe_40_HOM,0.28355527,0.30815423,0.3283042,0.31482676,0.34435886,0.31655136
lion,P,word2vec_recipe_40_HOM,0.24549036,0.23332447,0.27967936,0.2431239,0.29376101,0.2505547
pineapple,P,word2vec_recipe_40_HOM,0.2713018,0.35794616,0.36495703,0.3967929,0.399335,0.42644316
induce,P,word2vec_recipe_40_HOM,0.14771548,0.1396455,0.1699797,0.16035147,0.17953217,0.1680098
fan,H,word2vec_recipe_40_HOM,0.32916906,0.18288463,0.4060173,0.2522055,0.44210556,0.30279619
pellet,P,word2vec_recipe_40_HOM,0.25067714,0.26226088,0.2966942,0.33587143,0.3189778,0.36122662
river,P,word2vec_recipe_40_HOM,0.25433415,0.26102266,0.3054573,0.2639204,0.3220743,0.26998234
rogue,P,word2vec_recipe_40_HOM,0.21801981,0.18398578,0.24796198,0.21017495,0.26024428,0.22051983
beacon,P,word2vec_recipe_40_HOM,0.27490517,0.20805249,0.3138337,0.24189478,0.32737735,0.24607739
hazardous,P,word2vec_recipe_40_HOM,0.10486138,0.119958155,0.12648909,0.13821381,0.13617352,0.15088093
cute,P,word2vec_recipe_40_HOM,0.27928334,0.2999619,0.33504063,0.32701626,0.35864887,0.33810118
definitive,P,word2vec_recipe_40_HOM,0.12929125,0.121622846,0.15128522,0.148612,0.1612564,0.16413462
crisis,P,word2vec_recipe_40_HOM,0.18901558,0.15757269,0.21256906,0.18457966,0.22329761,0.19594502
obsessive,M,word2vec_recipe_40_HOM,0.121151805,0.10474099,0.14326131,0.13464761,0.15291557,0.14365856
tip,H,word2vec_recipe_40_HOM,0.2244205,0.17430441,0.3174638,0.3259166,0.35607675,0.34992954
groom,P,word2vec_recipe_40_HOM,0.21157579,0.22901835,0.25490874,0.27121615,0.27034342,0.29032364
assist,P,word2vec_recipe_40_HOM,0.34428748,0.40010372,0.4134594,0.40273905,0.43909314,0.39840198
adopt,P,word2vec_recipe_40_HOM,0.082861066,0.0975745,0.09845888,0.115651235,0.10716475,0.12814619
fellowship,P,word2vec_recipe_40_HOM,0.15552199,0.15954252,0.17934862,0.18796848,0.18960893,0.19422534
rubber,H,word2vec_recipe_40_HOM,0.30889103,0.3220562,0.43510085,0.47305098,0.47594824,0.5081151
substitute,P,word2vec_recipe_40_HOM,0.26613304,0.32573608,0.38156494,0.4445436,0.41765645,0.4621765
freestyle,P,word2vec_recipe_40_HOM,0.2310503,0.21906017,0.26285326,0.2503611,0.27660984,0.26690656
poison,P,word2vec_recipe_40_HOM,0.17782032,0.16636974,0.2076029,0.20007522,0.22150938,0.21171647
assembly,P,word2vec_recipe_40_HOM,0.4111218,0.4114308,0.4859465,0.38044935,0.5070533,0.39430392
pulse,H,word2vec_recipe_40_HOM,0.2501978,0.31418192,0.36809903,0.3889766,0.4246527,0.41654146
sorority,M,word2vec_recipe_40_HOM,0.122322276,0.14651884,0.14400162,0.17399108,0.15412305,0.19037542
snake,P,word2vec_recipe_40_HOM,0.2619402,0.29100287,0.3342716,0.36072075,0.35940552,0.37281024
lad,P,word2vec_recipe_40_HOM,0.18430308,0.17810404,0.21626261,0.23100881,0.22712429,0.24406028
sober,P,word2vec_recipe_40_HOM,0.13129112,0.1314131,0.15289612,0.16907896,0.16289635,0.18148406
trot,P,word2vec_recipe_40_HOM,0.13753495,0.13773647,0.15581062,0.15819143,0.1636561,0.1684983
frontier,P,word2vec_recipe_40_HOM,0.15031782,0.17698795,0.17662866,0.19640344,0.18842752,0.20596007
soothe,P,word2vec_recipe_40_HOM,0.146655,0.15016891,0.18944061,0.21181343,0.20700389,0.22557388
drinker,P,word2vec_recipe_40_HOM,0.18473177,0.21906792,0.21594256,0.23412478,0.22989526,0.23040152
terrace,P,word2vec_recipe_40_HOM,0.14552489,0.14413092,0.16949448,0.1726801,0.17906658,0.18309298
host,H,word2vec_recipe_40_HOM,0.12981309,0.12048507,0.15479723,0.14393286,0.16528149,0.15707576
feed,P,word2vec_recipe_40_HOM,0.3781115,0.4361393,0.48486367,0.47917944,0.5154914,0.4955539
classic,P,word2vec_recipe_40_HOM,0.23440242,0.2691158,0.27947035,0.30434185,0.29614648,0.3042761
kimono,P,word2vec_recipe_40_HOM,0.14812383,0.17887856,0.19621333,0.2468767,0.21886532,0.27110845
incision,P,word2vec_recipe_40_HOM,0.30817914,0.37203243,0.37380382,0.4001793,0.3996338,0.3996777
overall,P,word2vec_recipe_40_HOM,0.33442482,0.2983794,0.37472206,0.30147502,0.393708,0.3156561
tree,P,word2vec_recipe_40_HOM,0.2144701,0.24937618,0.262684,0.26737338,0.28357354,0.29149348
disastrous,M,word2vec_recipe_40_HOM,0.0889235,0.10275011,0.10465587,0.12085703,0.11240101,0.13418311
visible,P,word2vec_recipe_40_HOM,0.3501053,0.4065966,0.43036285,0.43569213,0.46206436,0.44149023
crunch,P,word2vec_recipe_40_HOM,0.3321144,0.343582,0.3942133,0.3864394,0.41685256,0.3794566
cracker,P,word2vec_recipe_40_HOM,0.2470115,0.3294205,0.35036415,0.41112646,0.39139366,0.42516083
workshop,P,word2vec_recipe_40_HOM,0.16998437,0.1736212,0.21446496,0.22958764,0.23683529,0.2566251
native,P,word2vec_recipe_40_HOM,0.21539466,0.21535131,0.25465116,0.26159188,0.2697439,0.26235774
raid,P,word2vec_recipe_40_HOM,0.14378159,0.12897786,0.16951744,0.14983426,0.18039593,0.16402617
trout,P,word2vec_recipe_40_HOM,0.20710874,0.23298138,0.313382,0.3562477,0.36188027,0.3932767
reef,H,word2vec_recipe_40_HOM,0.123757504,0.14083908,0.14674333,0.17254749,0.15741313,0.18680319
noise,P,word2vec_recipe_40_HOM,0.27577743,0.29343942,0.37261283,0.3540243,0.39838806,0.34117958
region,P,word2vec_recipe_40_HOM,0.14790067,0.13462505,0.19536166,0.16392468,0.21845211,0.18393056
furnace,P,word2vec_recipe_40_HOM,0.097037554,0.12123146,0.11516131,0.1489563,0.123591974,0.16395214
motto,P,word2vec_recipe_40_HOM,0.09269943,0.08771296,0.11374465,0.11659229,0.123125784,0.13189599
channel,P,word2vec_recipe_40_HOM,0.2720142,0.29631013,0.31704178,0.31354886,0.33610314,0.334704
irony,P,word2vec_recipe_40_HOM,0.08541314,0.09684398,0.10618322,0.13469504,0.11582579,0.14685322
dread,P,word2vec_recipe_40_HOM,0.15037297,0.17188193,0.17344385,0.1947991,0.18382691,0.20720571
heed,P,word2vec_recipe_40_HOM,0.08094356,0.09573198,0.09810158,0.11790493,0.107380144,0.13041697
area,P,word2vec_recipe_40_HOM,0.3573622,0.38179353,0.44141307,0.44710547,0.46964386,0.44575468
fruit,P,word2vec_recipe_40_HOM,0.26935846,0.33268097,0.3614212,0.40542388,0.3948717,0.4184057
classical,P,word2vec_recipe_40_HOM,0.20163341,0.1745811,0.2301383,0.21233413,0.24113384,0.2206707
ranch,P,word2vec_recipe_40_HOM,0.29720625,0.36986136,0.36592692,0.38368106,0.38883469,0.39472207
security,P,word2vec_recipe_40_HOM,0.21529806,0.18257779,0.24586959,0.20511855,0.25890628,0.21806954
sidewalk,M,word2vec_recipe_40_HOM,0.15663719,0.18897301,0.19057415,0.21659255,0.20526913,0.23502746
pronounce,P,word2vec_recipe_40_HOM,0.09959632,0.10898896,0.11547178,0.124885045,0.12283617,0.13367951
fusion,P,word2vec_recipe_40_HOM,0.2755866,0.28526062,0.3084511,0.31314322,0.32224107,0.3211741
privacy,P,word2vec_recipe_40_HOM,0.11041675,0.13151754,0.15606503,0.18017569,0.17453556,0.19722822
buggy,H,word2vec_recipe_40_HOM,0.1770027,0.2089898,0.21321994,0.24278638,0.23248929,0.272434
tramp,P,word2vec_recipe_40_HOM,0.13096437,0.14723179,0.15242773,0.17743647,0.16092068,0.1932644
serenity,M,word2vec_recipe_40_HOM,0.10427173,0.11628479,0.12537752,0.14455707,0.13491385,0.1598854
royal,P,word2vec_recipe_40_HOM,0.2916595,0.28029215,0.33940575,0.31715912,0.36112794,0.33350617
spill,H,word2vec_recipe_40_HOM,0.34975234,0.3901242,0.42015553,0.3992672,0.44282377,0.38220212
seventh,P,word2vec_recipe_40_HOM,0.30616006,0.3634829,0.4187572,0.43421915,0.4493924,0.4288526
dormant,P,word2vec_recipe_40_HOM,0.16044012,0.13617048,0.18532878,0.1561765,0.19594572,0.17512752
choose,P,word2vec_recipe_40_HOM,0.30219653,0.31788218,0.35138065,0.29532868,0.36901528,0.28325817
vast,P,word2vec_recipe_40_HOM,0.13713989,0.11861908,0.15644379,0.14244199,0.16569465,0.1514369
unlike,P,word2vec_recipe_40_HOM,0.28781158,0.30769318,0.33136588,0.30831933,0.3473176,0.30455342
tense,H,word2vec_recipe_40_HOM,0.098463975,0.11343748,0.11539288,0.1292059,0.12260622,0.13773908
origin,P,word2vec_recipe_40_HOM,0.14900854,0.14013173,0.17444237,0.17006524,0.18602322,0.18593283
coma,H,word2vec_recipe_40_HOM,0.1421591,0.13465078,0.16777398,0.15926865,0.17885223,0.16968408
apologize,P,word2vec_recipe_40_HOM,0.12122373,0.1160067,0.14348696,0.13131276,0.15340582,0.143454
greenhouse,M,word2vec_recipe_40_HOM,0.16032067,0.19675495,0.19295326,0.23259045,0.20644371,0.24836712
sniff,P,word2vec_recipe_40_HOM,0.19885145,0.18917507,0.2310727,0.20745796,0.24400711,0.21567729
reader,P,word2vec_recipe_40_HOM,0.102854766,0.1119199,0.12778045,0.13949113,0.13949212,0.15465839
residue,P,word2vec_recipe_40_HOM,0.34263363,0.35724458,0.41958913,0.41490132,0.44961044,0.43743384
spinal,P,word2vec_recipe_40_HOM,0.15037127,0.1813253,0.2052459,0.2645221,0.23195732,0.3048604
horrid,P,word2vec_recipe_40_HOM,0.108096145,0.1110734,0.12876695,0.12788533,0.13747515,0.14189313
crease,P,word2vec_recipe_40_HOM,0.258577,0.28800514,0.31922168,0.3537147,0.34452862,0.35839134
botanical,P,word2vec_recipe_40_HOM,0.12518625,0.15282704,0.15100698,0.18543726,0.15985829,0.1983862
wrist,P,word2vec_recipe_40_HOM,0.3262539,0.3544104,0.38309234,0.39384767,0.40402275,0.39891586
superstar,M,word2vec_recipe_40_HOM,0.14296658,0.14113113,0.16768314,0.16008334,0.1784366,0.1713565
resolution,P,word2vec_recipe_40_HOM,0.16508508,0.1906467,0.19008675,0.21257232,0.20099545,0.21962537
saucy,P,word2vec_recipe_40_HOM,0.3463076,0.39765167,0.42125714,0.465981,0.44515416,0.42704868
helmet,M,word2vec_recipe_40_HOM,0.14458379,0.18485537,0.17586018,0.23071094,0.19313137,0.2585002
miracle,P,word2vec_recipe_40_HOM,0.30732834,0.37075484,0.40401146,0.40488905,0.4339923,0.4260836
obsession,P,word2vec_recipe_40_HOM,0.14389333,0.1619595,0.17080483,0.18676971,0.18197517,0.19947812
swap,P,word2vec_recipe_40_HOM,0.40816474,0.44668236,0.4768705,0.42793852,0.4978936,0.4111049
tuning,P,word2vec_recipe_40_HOM,0.27163404,0.28610525,0.32637146,0.31097046,0.3461648,0.32177877
injure,P,word2vec_recipe_40_HOM,0.11428294,0.1199316,0.13606644,0.14364341,0.14594722,0.15334009
skeleton,P,word2vec_recipe_40_HOM,0.26304471,0.26583546,0.31579635,0.31713465,0.34012973,0.34274507
lake,M,word2vec_recipe_40_HOM,0.23032542,0.2854892,0.27380502,0.2932876,0.2901969,0.2855391
tank,P,word2vec_recipe_40_HOM,0.2273767,0.26177752,0.26477903,0.2914767,0.28412154,0.3052254
freaky,P,word2vec_recipe_40_HOM,0.16935915,0.17255913,0.19464107,0.19622725,0.20596321,0.20327818
sugar,P,word2vec_recipe_40_HOM,0.30260473,0.3458527,0.38970146,0.38578686,0.42012408,0.39009723
draft,P,word2vec_recipe_40_HOM,0.26836476,0.3042342,0.42947328,0.4401875,0.48377028,0.48729855
connection,P,word2vec_recipe_40_HOM,0.20051321,0.23403722,0.23607713,0.2628598,0.25141126,0.27295765
pretend,P,word2vec_recipe_40_HOM,0.20963511,0.1633022,0.24154341,0.19147651,0.2536705,0.1947351
winter,P,word2vec_recipe_40_HOM,0.31176263,0.36314347,0.37984642,0.38875875,0.40125915,0.3908569
breach,P,word2vec_recipe_40_HOM,0.20927098,0.19030346,0.2370466,0.19813268,0.24971966,0.2120614
intricate,M,word2vec_recipe_40_HOM,0.1558773,0.19185197,0.19483519,0.23401375,0.2123509,0.25391927
stealth,M,word2vec_recipe_40_HOM,0.1384883,0.16372818,0.15826234,0.17963195,0.16670044,0.1911136
backside,P,word2vec_recipe_40_HOM,0.29103056,0.26566842,0.34178886,0.31899124,0.3630866,0.33804795
rupture,P,word2vec_recipe_40_HOM,0.1518582,0.16491409,0.1790379,0.19693817,0.19254638,0.20654121
incomplete,P,word2vec_recipe_40_HOM,0.1223795,0.115869045,0.14360854,0.1416087,0.15362994,0.15396728
drag,P,word2vec_recipe_40_HOM,0.32106143,0.37773132,0.39494213,0.4130146,0.42299783,0.42280343
institute,P,word2vec_recipe_40_HOM,0.17046824,0.15400966,0.2025762,0.18192424,0.21541658,0.19097854
exceed,P,word2vec_recipe_40_HOM,0.30186862,0.2506133,0.3619995,0.31653887,0.38872764,0.35918534
card,H,word2vec_recipe_40_HOM,0.28067994,0.2787371,0.33065474,0.28696427,0.35094154,0.30393004
artillery,P,word2vec_recipe_40_HOM,0.16208991,0.17756496,0.20500992,0.21467471,0.22240116,0.235475
ghetto,P,word2vec_recipe_40_HOM,0.19064471,0.16933803,0.21894433,0.18767624,0.22963639,0.20094918
blueprint,P,word2vec_recipe_40_HOM,0.21528736,0.21261418,0.25307897,0.23652053,0.26555264,0.2520183
dirty,P,word2vec_recipe_40_HOM,0.373778,0.3105623,0.40830573,0.31175578,0.42113206,0.3126909
gang,H,word2vec_recipe_40_HOM,0.21590841,0.19366144,0.24372478,0.22421926,0.25408417,0.233729
hurl,P,word2vec_recipe_40_HOM,0.19199768,0.2174693,0.21536379,0.24315928,0.22579376,0.25362995
pathway,M,word2vec_recipe_40_HOM,0.16598967,0.17254269,0.20440802,0.23135601,0.22210108,0.25315404
chop,H,word2vec_recipe_40_HOM,0.28090805,0.33305717,0.37359267,0.39232606,0.40800828,0.39719775
beef,P,word2vec_recipe_40_HOM,0.25162774,0.35774925,0.3510968,0.37180126,0.38692948,0.37572792
maiden,P,word2vec_recipe_40_HOM,0.104796454,0.131907,0.12741679,0.16308297,0.13723198,0.17557739
wondrous,M,word2vec_recipe_40_HOM,0.108727716,0.11198003,0.12826636,0.14568947,0.136834,0.15483277
realm,P,word2vec_recipe_40_HOM,0.15458243,0.16478924,0.17433788,0.17198016,0.1842367,0.18295865
ruse,M,word2vec_recipe_40_HOM,0.16008274,0.20664386,0.1862983,0.23497958,0.19972664,0.2515682
misery,P,word2vec_recipe_40_HOM,0.18045741,0.16714062,0.20850925,0.18381582,0.21922383,0.1862342
jealousy,P,word2vec_recipe_40_HOM,0.21026412,0.1944313,0.2466267,0.20415299,0.25970212,0.20887886
darkness,P,word2vec_recipe_40_HOM,0.32896715,0.37560242,0.40364903,0.38787696,0.42699805,0.38351443
helper,M,word2vec_recipe_40_HOM,0.3289389,0.32875282,0.38173702,0.3436885,0.40253147,0.3449474
chum,H,word2vec_recipe_40_HOM,0.26256484,0.20533201,0.29585156,0.23213261,0.30797166,0.24166049
turban,P,word2vec_recipe_40_HOM,0.29948407,0.33112726,0.34445494,0.38056576,0.3621579,0.39512333
implement,P,word2vec_recipe_40_HOM,0.28470403,0.32732522,0.3591306,0.38361478,0.38594437,0.39936575
pointless,P,word2vec_recipe_40_HOM,0.07973613,0.09753009,0.09650802,0.11821431,0.105201624,0.13074967
pony,P,word2vec_recipe_40_HOM,0.2348953,0.26216298,0.2741798,0.2986837,0.2928711,0.32510766
pit,H,word2vec_recipe_40_HOM,0.31130219,0.3599764,0.40752682,0.45342037,0.44174156,0.47327518
farm,P,word2vec_recipe_40_HOM,0.32582587,0.3378451,0.4015632,0.34166187,0.42345297,0.3429747
subway,P,word2vec_recipe_40_HOM,0.20352523,0.23096648,0.23379141,0.25694254,0.24764377,0.2615692
honorable,P,word2vec_recipe_40_HOM,0.12819044,0.12679034,0.1518499,0.15634026,0.16349296,0.16895613
doubt,P,word2vec_recipe_40_HOM,0.23677416,0.1537002,0.26864296,0.16567664,0.28097102,0.1739892
occasion,P,word2vec_recipe_40_HOM,0.3972199,0.3031314,0.44164354,0.27599257,0.45606408,0.27831498
mild,P,word2vec_recipe_40_HOM,0.32486445,0.3073026,0.36931312,0.34518358,0.38960603,0.3703664
drunken,P,word2vec_recipe_40_HOM,0.29360574,0.33283693,0.33313015,0.33021924,0.34738702,0.32560322
gear,P,word2vec_recipe_40_HOM,0.22367862,0.21652454,0.25733382,0.23931962,0.27140108,0.24945767
dark,P,word2vec_recipe_40_HOM,0.38774815,0.41821316,0.4589926,0.47808433,0.48335958,0.48960182
potent,P,word2vec_recipe_40_HOM,0.22520185,0.22827777,0.27167726,0.26150307,0.29347962,0.27707076
trademark,P,word2vec_recipe_40_HOM,0.18310861,0.13802765,0.21936148,0.17841628,0.23573582,0.19688278
oxide,M,word2vec_recipe_40_HOM,0.19738805,0.2919432,0.25336024,0.32696646,0.27559572,0.33584535
pleasure,P,word2vec_recipe_40_HOM,0.21198621,0.19416675,0.24553509,0.22003874,0.2591231,0.2151363
definite,P,word2vec_recipe_40_HOM,0.43436876,0.4515164,0.49878868,0.4082614,0.51753205,0.39634585
snowball,P,word2vec_recipe_40_HOM,0.32049805,0.26005393,0.36070794,0.2837124,0.37692094,0.27302226
movement,P,word2vec_recipe_40_HOM,0.27812973,0.32666653,0.35237095,0.37330648,0.37660477,0.3685454
strengthen,P,word2vec_recipe_40_HOM,0.35576615,0.32317498,0.41087875,0.33778164,0.42879325,0.34677303
sesame,P,word2vec_recipe_40_HOM,0.27403486,0.32152888,0.34571415,0.37785035,0.37846333,0.39553547
summertime,M,word2vec_recipe_40_HOM,0.2664857,0.3533177,0.32116863,0.37668893,0.34094673,0.38477024
attitude,P,word2vec_recipe_40_HOM,0.19375274,0.19104835,0.21912055,0.20974673,0.22983089,0.21895249
homework,M,word2vec_recipe_40_HOM,0.087718986,0.10099257,0.108499736,0.12956725,0.118240386,0.1379874
careless,P,word2vec_recipe_40_HOM,0.09565519,0.09483159,0.116424255,0.116065286,0.12609941,0.1319584
delivery,P,word2vec_recipe_40_HOM,0.18234426,0.15415706,0.20666309,0.15470502,0.21719041,0.16275044
smoke,P,word2vec_recipe_40_HOM,0.38898537,0.36205918,0.4528407,0.42786232,0.47832862,0.47021568
hook,P,word2vec_recipe_40_HOM,0.31611657,0.3976554,0.43647912,0.5074437,0.4796667,0.5376763
tit,H,word2vec_recipe_40_HOM,0.18708514,0.14476873,0.21175379,0.17705424,0.22233059,0.1868837
brochure,M,word2vec_recipe_40_HOM,0.18119827,0.19876732,0.2125092,0.24154937,0.22521682,0.2590374
account,P,word2vec_recipe_40_HOM,0.3091734,0.29218316,0.36112252,0.3047706,0.3791639,0.28707632
prick,P,word2vec_recipe_40_HOM,0.31272876,0.37746876,0.4369124,0.47975904,0.47667718,0.4867858
gather,P,word2vec_recipe_40_HOM,0.37276232,0.43015015,0.4318949,0.44027153,0.45426005,0.43447822
cocoon,P,word2vec_recipe_40_HOM,0.2233584,0.21896946,0.2664365,0.28865314,0.28506815,0.30943286
sheep,P,word2vec_recipe_40_HOM,0.3639182,0.41063213,0.40320325,0.3959987,0.4194468,0.38470787
lettuce,P,word2vec_recipe_40_HOM,0.2579998,0.31884992,0.3726304,0.41211358,0.41538194,0.4283874
fool,P,word2vec_recipe_40_HOM,0.33343047,0.36220023,0.39314735,0.40110707,0.41530007,0.40753394
rave,P,word2vec_recipe_40_HOM,0.24862388,0.24950656,0.29236433,0.24599022,0.30628568,0.24705161
stream,P,word2vec_recipe_40_HOM,0.30500036,0.3801787,0.43585718,0.48244882,0.48013318,0.49804527
tricky,P,word2vec_recipe_40_HOM,0.2479136,0.17122887,0.2868347,0.18741733,0.3036009,0.1953917
decisive,P,word2vec_recipe_40_HOM,0.22204752,0.2633671,0.26453197,0.28627172,0.2835723,0.30723283
intake,P,word2vec_recipe_40_HOM,0.30201703,0.2939995,0.35816464,0.31503955,0.37578934,0.30765644
mess,P,word2vec_recipe_40_HOM,0.28825122,0.25035277,0.32968614,0.23214673,0.34412563,0.22284907
describe,P,word2vec_recipe_40_HOM,0.19599415,0.16214794,0.22127248,0.16216305,0.23221341,0.16909648
flock,H,word2vec_recipe_40_HOM,0.16938017,0.16350217,0.19205593,0.18455821,0.20131336,0.19600275
grab,P,word2vec_recipe_40_HOM,0.37003335,0.29035434,0.41645852,0.32796854,0.4333368,0.32761273
sucker,P,word2vec_recipe_40_HOM,0.28136307,0.32672837,0.33436397,0.32777923,0.35360605,0.33744928
den,P,word2vec_recipe_40_HOM,0.23618047,0.22869526,0.27507567,0.26704696,0.2894544,0.2830575
encore,P,word2vec_recipe_40_HOM,0.13709828,0.13794109,0.15573333,0.15620242,0.16523942,0.16797073
ambition,P,word2vec_recipe_40_HOM,0.1719217,0.19930167,0.20399578,0.19878006,0.21691364,0.19574326
middle,P,word2vec_recipe_40_HOM,0.3460735,0.3657211,0.4376101,0.39935556,0.46639794,0.41097164
feather,P,word2vec_recipe_40_HOM,0.36371964,0.35933152,0.41030702,0.35080537,0.4286784,0.35481113
motel,M,word2vec_recipe_40_HOM,0.1411777,0.14792508,0.16690163,0.17451058,0.17716096,0.1851585
drastic,P,word2vec_recipe_40_HOM,0.093296036,0.107013114,0.10978859,0.13077365,0.118893124,0.14530899
nail,P,word2vec_recipe_40_HOM,0.294659,0.3189364,0.33661565,0.32688156,0.35451004,0.33126038
knit,P,word2vec_recipe_40_HOM,0.17744426,0.18076119,0.2077489,0.22834843,0.22323982,0.25008634
confession,P,word2vec_recipe_40_HOM,0.14718612,0.12692018,0.17013912,0.14111948,0.18091187,0.15398084
vicious,P,word2vec_recipe_40_HOM,0.19983819,0.17955264,0.22555088,0.19548772,0.23592511,0.20477957
nest,P,word2vec_recipe_40_HOM,0.37655267,0.44519684,0.44925576,0.46358895,0.47416222,0.46040162
dreamy,P,word2vec_recipe_40_HOM,0.27947205,0.27152434,0.32315332,0.2752307,0.34008893,0.2943509
hut,P,word2vec_recipe_40_HOM,0.25774848,0.26235902,0.31004643,0.29786068,0.3308432,0.29735997
rhythm,P,word2vec_recipe_40_HOM,0.19984221,0.17542142,0.22811413,0.19021028,0.23896797,0.1997853
instruct,P,word2vec_recipe_40_HOM,0.26601738,0.22345057,0.30574745,0.24423584,0.32130802,0.25328454
perform,P,word2vec_recipe_40_HOM,0.3086906,0.27953118,0.35411656,0.27092302,0.37208185,0.2900321
upstate,P,word2vec_recipe_40_HOM,0.15819696,0.17321886,0.18109807,0.1854785,0.19133013,0.19574498
kit,P,word2vec_recipe_40_HOM,0.36375353,0.33865303,0.41650912,0.36737856,0.4348688,0.38201317
producer,P,word2vec_recipe_40_HOM,0.100553595,0.10643585,0.12639365,0.15595722,0.13944612,0.17143624
monster,P,word2vec_recipe_40_HOM,0.27586848,0.25583422,0.32332748,0.3031,0.34239307,0.3094609
goofy,M,word2vec_recipe_40_HOM,0.16483411,0.15649438,0.19061492,0.17734288,0.20130573,0.19178616
perk,H,word2vec_recipe_40_HOM,0.34758532,0.37703937,0.46293148,0.48040077,0.5016931,0.49725983
shaft,P,word2vec_recipe_40_HOM,0.27154326,0.31420785,0.3405407,0.38566238,0.3680842,0.40522707
suck,P,word2vec_recipe_40_HOM,0.28190273,0.26993516,0.33125293,0.28283423,0.34880164,0.29061747
primal,P,word2vec_recipe_40_HOM,0.23134501,0.19803469,0.26487884,0.22083272,0.27826545,0.23051207
invasion,P,word2vec_recipe_40_HOM,0.1448432,0.15843463,0.16765326,0.18537904,0.17731851,0.19953613
visa,P,word2vec_recipe_40_HOM,0.16788292,0.14356557,0.19094713,0.1406305,0.20022503,0.15245357
differ,P,word2vec_recipe_40_HOM,0.24377671,0.28993547,0.31400734,0.32392502,0.34174836,0.3142161
margin,P,word2vec_recipe_40_HOM,0.31980044,0.32496518,0.410114,0.3116391,0.43582734,0.3119245
explosion,P,word2vec_recipe_40_HOM,0.34848985,0.33081368,0.3974379,0.3440379,0.41316497,0.35174453
disregard,P,word2vec_recipe_40_HOM,0.3563457,0.26758727,0.39636594,0.27568376,0.41081488,0.27185187
rear,H,word2vec_recipe_40_HOM,0.24946323,0.22708017,0.30483043,0.3260805,0.33228657,0.35536498
counter,H,word2vec_recipe_40_HOM,0.32048422,0.3206283,0.40150517,0.38935414,0.4327224,0.39643532
redneck,P,word2vec_recipe_40_HOM,0.1970905,0.17847256,0.22236094,0.20213467,0.23211132,0.207249
familiar,P,word2vec_recipe_40_HOM,0.2578699,0.25011528,0.29396412,0.23027149,0.30738175,0.23678242
outfit,P,word2vec_recipe_40_HOM,0.29126754,0.31951475,0.3392692,0.37366134,0.36169773,0.38613397
hunt,P,word2vec_recipe_40_HOM,0.17920482,0.15354301,0.20690773,0.17885828,0.21870244,0.1873387
video,P,word2vec_recipe_40_HOM,0.21607657,0.2480653,0.28612998,0.27598256,0.3112042,0.27549344
trash,P,word2vec_recipe_40_HOM,0.35602623,0.407738,0.42497405,0.44381514,0.44787407,0.4507333
meter,H,word2vec_recipe_40_HOM,0.26344568,0.27786234,0.30398563,0.33678976,0.31962296,0.34747073
chopper,P,word2vec_recipe_40_HOM,0.31409428,0.3231266,0.40780926,0.39810705,0.44986716,0.43826386
orchard,P,word2vec_recipe_40_HOM,0.23161653,0.23392959,0.26746988,0.26257968,0.28210774,0.26500434
scatter,P,word2vec_recipe_40_HOM,0.32637474,0.416394,0.42115483,0.43710253,0.4487895,0.43210644
winner,M,word2vec_recipe_40_HOM,0.24732845,0.25893992,0.28913563,0.27153453,0.30505008,0.26660365
mush,H,word2vec_recipe_40_HOM,0.38835257,0.38876495,0.43623802,0.3601647,0.45324874,0.35010192
utility,P,word2vec_recipe_40_HOM,0.41184157,0.4195736,0.47519475,0.4839069,0.49911484,0.48978466
action,P,word2vec_recipe_40_HOM,0.3500541,0.38297597,0.40357047,0.43140358,0.42568803,0.42669746
rut,H,word2vec_recipe_40_HOM,0.13161695,0.122533455,0.15077773,0.135986,0.1593513,0.15163195
melody,P,word2vec_recipe_40_HOM,0.20334502,0.19460739,0.2295858,0.22202322,0.2416625,0.22980191
television,P,word2vec_recipe_40_HOM,0.15341274,0.16301896,0.18058532,0.17501418,0.19448021,0.18319513
borrow,P,word2vec_recipe_40_HOM,0.13563447,0.10954686,0.15664542,0.14128062,0.1675363,0.15305962
danger,P,word2vec_recipe_40_HOM,0.28044713,0.242315,0.32502633,0.275548,0.34192818,0.2723814
script,P,word2vec_recipe_40_HOM,0.15243535,0.13343982,0.17399672,0.15284453,0.18354878,0.16523804
curb,P,word2vec_recipe_40_HOM,0.113450214,0.11706482,0.13366775,0.13212012,0.14315653,0.14760861
tile,P,word2vec_recipe_40_HOM,0.3204918,0.39432585,0.37879673,0.406227,0.39995262,0.41230038
strategic,P,word2vec_recipe_40_HOM,0.21976042,0.20911832,0.25242394,0.23823486,0.2642401,0.25103942
normal,P,word2vec_recipe_40_HOM,0.2783805,0.277092,0.3177393,0.2393367,0.33187112,0.24176006
diabetes,M,word2vec_recipe_40_HOM,0.16760436,0.17184079,0.19381604,0.16392937,0.20457982,0.18320245
partial,P,word2vec_recipe_40_HOM,0.2961929,0.16922176,0.33211228,0.20761096,0.344671,0.21121335
mitt,P,word2vec_recipe_40_HOM,0.3444965,0.40776575,0.4342986,0.4435105,0.46316606,0.44677413
fence,P,word2vec_recipe_40_HOM,0.15559873,0.16794159,0.19532245,0.21777822,0.21883285,0.25162983
fork,P,word2vec_recipe_40_HOM,0.36694354,0.4233795,0.47028393,0.5189794,0.51867735,0.5344855
lick,P,word2vec_recipe_40_HOM,0.33960515,0.26243716,0.38302794,0.26430607,0.39741737,0.28435665
overcome,P,word2vec_recipe_40_HOM,0.117626354,0.120283395,0.13679802,0.14522725,0.14629714,0.15514734
steer,H,word2vec_recipe_40_HOM,0.32913083,0.2599737,0.36484462,0.2493509,0.3782667,0.2625985
hallway,P,word2vec_recipe_40_HOM,0.16327417,0.19314332,0.18950535,0.23142907,0.20056923,0.23936398
cheat,P,word2vec_recipe_40_HOM,0.3027283,0.22568607,0.34351102,0.23628281,0.35876328,0.23484887
single,P,word2vec_recipe_40_HOM,0.38657442,0.46923438,0.48169434,0.49269053,0.5126782,0.491833
shirt,M,word2vec_recipe_40_HOM,0.18720232,0.2165968,0.23143153,0.25342345,0.25175995,0.27346998
flight,H,word2vec_recipe_40_HOM,0.1527528,0.1543336,0.17604534,0.18394531,0.18589403,0.19719285
mixer,P,word2vec_recipe_40_HOM,0.248963,0.33383545,0.38040125,0.4124963,0.4342514,0.44631264
thankful,M,word2vec_recipe_40_HOM,0.12961684,0.11043447,0.15199448,0.13339403,0.16095899,0.1475614
muscle,P,word2vec_recipe_40_HOM,0.28770375,0.2608644,0.35566494,0.34122583,0.3867147,0.36615703
behave,P,word2vec_recipe_40_HOM,0.14651063,0.12670517,0.17130466,0.14968206,0.18224084,0.16378254
suitcase,M,word2vec_recipe_40_HOM,0.12981334,0.11880548,0.15052675,0.14426292,0.15971352,0.15817991
price,P,word2vec_recipe_40_HOM,0.24809447,0.22988816,0.28279033,0.23810901,0.2977174,0.248554
glamorous,M,word2vec_recipe_40_HOM,0.14035821,0.13612136,0.16088307,0.15280987,0.16964631,0.16407502
bowel,P,word2vec_recipe_40_HOM,0.3768762,0.4050582,0.4706765,0.46606323,0.49852103,0.47053874
advance,P,word2vec_recipe_40_HOM,0.30104354,0.37046158,0.42510915,0.4439438,0.46835038,0.45914713
curl,P,word2vec_recipe_40_HOM,0.4199291,0.48078147,0.4846151,0.4642659,0.50618666,0.4670892
delete,M,word2vec_recipe_40_HOM,0.28012827,0.34235963,0.3364006,0.38483116,0.35833183,0.38614598
cannibal,P,word2vec_recipe_40_HOM,0.11450164,0.13040803,0.1355435,0.1635842,0.14535846,0.17742613
rendezvous,P,word2vec_recipe_40_HOM,0.15346558,0.18569088,0.18139456,0.19305016,0.1928901,0.2029949
snow,P,word2vec_recipe_40_HOM,0.32914314,0.32879302,0.42733672,0.43452528,0.4606669,0.45029023
issue,P,word2vec_recipe_40_HOM,0.2451127,0.24154061,0.2840447,0.23460655,0.2994815,0.24098416
lump,P,word2vec_recipe_40_HOM,0.45500374,0.50329185,0.5092846,0.43991664,0.52670294,0.4169392
cloth,P,word2vec_recipe_40_HOM,0.25917572,0.28425848,0.3838577,0.4227047,0.4354384,0.4553937
faith,P,word2vec_recipe_40_HOM,0.2685824,0.2704027,0.42144954,0.334559,0.46678287,0.34240514
doubtful,P,word2vec_recipe_40_HOM,0.079728365,0.09315272,0.100509405,0.121640064,0.11094127,0.13480304
salute,P,word2vec_recipe_40_HOM,0.32793596,0.2689148,0.36799255,0.3202954,0.3858217,0.33867103
sulfur,P,word2vec_recipe_40_HOM,0.17756906,0.17101961,0.20499139,0.2012592,0.21916705,0.21196775
deed,P,word2vec_recipe_40_HOM,0.098571144,0.101922095,0.11676934,0.12677425,0.12551089,0.13505341
heat,P,word2vec_recipe_40_HOM,0.3342336,0.3192097,0.39210615,0.34246275,0.41653618,0.36110935
unbearable,M,word2vec_recipe_40_HOM,0.11560641,0.121047094,0.13627939,0.13936745,0.1469804,0.15485546
ambitious,P,word2vec_recipe_40_HOM,0.18197113,0.1588087,0.21783087,0.17143868,0.23173787,0.17649186
noble,P,word2vec_recipe_40_HOM,0.15108827,0.15346779,0.17567027,0.1750388,0.1859381,0.18835638
crystal,P,word2vec_recipe_40_HOM,0.38095188,0.35461557,0.43943846,0.3860022,0.4614381,0.40169826
underwater,P,word2vec_recipe_40_HOM,0.37393084,0.416587,0.44111106,0.4072173,0.4623104,0.42354834
spaghetti,P,word2vec_recipe_40_HOM,0.22150719,0.2650395,0.3199765,0.37144536,0.35844165,0.3866335
pocket,P,word2vec_recipe_40_HOM,0.3782825,0.4320246,0.4339433,0.44080892,0.45575917,0.4426085
mental,P,word2vec_recipe_40_HOM,0.20035347,0.17419262,0.22592819,0.1849926,0.23691478,0.19246636
clipper,P,word2vec_recipe_40_HOM,0.1480323,0.14887625,0.17292644,0.16755682,0.1825325,0.1771092
jar,H,word2vec_recipe_40_HOM,0.2613508,0.3388545,0.35130394,0.3956499,0.39901218,0.4389569
minimal,M,word2vec_recipe_40_HOM,0.3541846,0.35660103,0.3964897,0.29994497,0.41297877,0.28514013
coin,P,word2vec_recipe_40_HOM,0.31667116,0.2959912,0.37180844,0.32597196,0.39354825,0.34281296
rejoice,P,word2vec_recipe_40_HOM,0.15518531,0.1394339,0.17915629,0.15197107,0.19017059,0.16199538
giraffe,M,word2vec_recipe_40_HOM,0.17481494,0.19634826,0.20106433,0.21500927,0.21094845,0.23376063
informal,P,word2vec_recipe_40_HOM,0.18020253,0.19141462,0.21604033,0.22785357,0.23211025,0.23172534
inner,P,word2vec_recipe_40_HOM,0.33318245,0.34221116,0.38822708,0.36338672,0.41296497,0.3674999
attendance,P,word2vec_recipe_40_HOM,0.09219994,0.10613301,0.10879957,0.12254514,0.11720558,0.13523987
utter,H,word2vec_recipe_40_HOM,0.31231427,0.2729806,0.3468163,0.2946502,0.36033612,0.29437983
mankind,P,word2vec_recipe_40_HOM,0.11273595,0.11986515,0.1293482,0.14442785,0.13797766,0.15429364
blob,P,word2vec_recipe_40_HOM,0.3217491,0.39640728,0.42123005,0.49659115,0.45282373,0.50009036
discard,P,word2vec_recipe_40_HOM,0.33713248,0.38098702,0.4230089,0.4279259,0.4524311,0.4463712
beetle,H,word2vec_recipe_40_HOM,0.19877924,0.22109404,0.23558848,0.25211763,0.25278488,0.2707671
pimple,M,word2vec_recipe_40_HOM,0.16622329,0.16216312,0.18998547,0.17785925,0.19960442,0.18502858
effort,P,word2vec_recipe_40_HOM,0.26645082,0.23902233,0.30431575,0.21365967,0.3194059,0.21025662
fish,P,word2vec_recipe_40_HOM,0.2171572,0.24326345,0.333678,0.38373414,0.38829413,0.42433524
dust,P,word2vec_recipe_40_HOM,0.3865258,0.44230336,0.46987906,0.45188937,0.49592248,0.44869214
shortcut,P,word2vec_recipe_40_HOM,0.31794274,0.34467047,0.36456817,0.36192495,0.38109687,0.36383003
lift,P,word2vec_recipe_40_HOM,0.3194677,0.38613337,0.39927346,0.40968043,0.42737457,0.39789307
pig,P,word2vec_recipe_40_HOM,0.31344408,0.39293402,0.3753065,0.41976517,0.39861023,0.42046836
belt,P,word2vec_recipe_40_HOM,0.19964798,0.18778831,0.24347812,0.24351619,0.2660768,0.27175322
uniform,P,word2vec_recipe_40_HOM,0.333457,0.39357698,0.40930286,0.43245602,0.4379922,0.43215904
homestead,P,word2vec_recipe_40_HOM,0.11129463,0.12060278,0.13367893,0.14763665,0.14282945,0.15960777
apparent,P,word2vec_recipe_40_HOM,0.27142254,0.27994528,0.32588738,0.33565497,0.34609318,0.3542668
arrest,P,word2vec_recipe_40_HOM,0.2739707,0.34607673,0.34899274,0.40360528,0.37674576,0.41318452
link,P,word2vec_recipe_40_HOM,0.31453437,0.24760868,0.38277435,0.3415409,0.40549198,0.35146877
solo,P,word2vec_recipe_40_HOM,0.39408213,0.33777007,0.43567008,0.35864463,0.45064664,0.36399186
adore,P,word2vec_recipe_40_HOM,0.1202635,0.11414358,0.1415869,0.13175319,0.15220019,0.14924072
floss,P,word2vec_recipe_40_HOM,0.34119022,0.30268186,0.4082338,0.36793053,0.43013558,0.3687817
lawn,H,word2vec_recipe_40_HOM,0.2003108,0.22737889,0.2373753,0.25725567,0.2541091,0.27041945
commodity,P,word2vec_recipe_40_HOM,0.12101275,0.116940126,0.14095214,0.14273567,0.1493417,0.15562293
righteous,P,word2vec_recipe_40_HOM,0.158313,0.18280056,0.18640777,0.20740458,0.19732822,0.2216756
wagon,P,word2vec_recipe_40_HOM,0.33950183,0.29369065,0.38290623,0.2701371,0.39907464,0.2625738
allowance,P,word2vec_recipe_40_HOM,0.21446195,0.20416635,0.24841525,0.2706103,0.26351842,0.2972955
decorate,P,word2vec_recipe_40_HOM,0.27420944,0.29229748,0.3537384,0.3568066,0.384993,0.37574536
smack,H,word2vec_recipe_40_HOM,0.28924626,0.36324778,0.3772073,0.4370625,0.4089786,0.4477523
chapel,P,word2vec_recipe_40_HOM,0.1381183,0.12974815,0.15921897,0.16213869,0.16931964,0.17389998
marvel,P,word2vec_recipe_40_HOM,0.28278512,0.26057547,0.31938285,0.252647,0.3336157,0.2658702
furry,P,word2vec_recipe_40_HOM,0.23887555,0.25901848,0.3327093,0.35146198,0.3661811,0.36765012
stag,P,word2vec_recipe_40_HOM,0.12109053,0.13230917,0.14358093,0.17009778,0.15235338,0.17968766
assemble,P,word2vec_recipe_40_HOM,0.42316136,0.45786735,0.51904523,0.44350874,0.5432585,0.43552706
box,H,word2vec_recipe_40_HOM,0.29679087,0.30867484,0.40782753,0.41871786,0.4547612,0.4476839
orbit,P,word2vec_recipe_40_HOM,0.10891719,0.12818941,0.13523537,0.15555084,0.14928009,0.17519164
laundry,P,word2vec_recipe_40_HOM,0.23578754,0.24569176,0.2837024,0.28863344,0.30464312,0.29734373
commit,P,word2vec_recipe_40_HOM,0.11124275,0.11729351,0.12868717,0.12995344,0.13696827,0.14328593
net,H,word2vec_recipe_40_HOM,0.26595035,0.19994843,0.30892375,0.15280078,0.32143724,0.130838
hike,P,word2vec_recipe_40_HOM,0.2390382,0.21408623,0.2771589,0.23801182,0.2924976,0.2514298
slipper,M,word2vec_recipe_40_HOM,0.24635455,0.2584387,0.2871114,0.2921014,0.30416054,0.30492252
civil,P,word2vec_recipe_40_HOM,0.1577855,0.1463591,0.18481031,0.1709714,0.1973639,0.18888906
author,P,word2vec_recipe_40_HOM,0.18500558,0.18366526,0.21663387,0.21021876,0.23239598,0.22316603
meaningful,M,word2vec_recipe_40_HOM,0.18477345,0.17144294,0.21489628,0.2000453,0.2266507,0.19799864
importance,P,word2vec_recipe_40_HOM,0.14342383,0.12579195,0.16573115,0.1404093,0.1759253,0.15769307
venture,P,word2vec_recipe_40_HOM,0.11333378,0.10167441,0.13244829,0.12422482,0.14228226,0.13789761
shovel,P,word2vec_recipe_40_HOM,0.34222403,0.38177288,0.4133299,0.3990945,0.43636692,0.39637992
finish,P,word2vec_recipe_40_HOM,0.39011425,0.4012132,0.4497596,0.35366315,0.467121,0.3482498
discomfort,P,word2vec_recipe_40_HOM,0.17420876,0.16532777,0.2017267,0.19352604,0.21345507,0.20587403
tire,H,word2vec_recipe_40_HOM,0.20976329,0.21755429,0.2385809,0.24575464,0.25257984,0.2645265
garden,P,word2vec_recipe_40_HOM,0.28646794,0.3066328,0.33476248,0.31956327,0.35179588,0.32808894
rearrange,P,word2vec_recipe_40_HOM,0.42343536,0.43118885,0.49116093,0.43740648,0.5149908,0.44580376
deluxe,P,word2vec_recipe_40_HOM,0.19578429,0.16814376,0.23315519,0.1767031,0.25132263,0.19267133
patron,P,word2vec_recipe_40_HOM,0.13564599,0.14736526,0.17805207,0.19654214,0.20154633,0.23475781
goody,P,word2vec_recipe_40_HOM,0.17324546,0.1827095,0.20592065,0.19520988,0.22060277,0.20482244
previous,P,word2vec_recipe_40_HOM,0.37731996,0.3727861,0.4277487,0.36233383,0.445662,0.37367094
outlet,P,word2vec_recipe_40_HOM,0.18924446,0.2248523,0.22817273,0.26332685,0.24515057,0.277165
comparison,P,word2vec_recipe_40_HOM,0.15565722,0.12769808,0.17923918,0.15363397,0.18926871,0.16350694
electric,P,word2vec_recipe_40_HOM,0.28514037,0.28840947,0.40747058,0.40931153,0.46072322,0.45034635
bathroom,P,word2vec_recipe_40_HOM,0.25755662,0.27662003,0.30159473,0.29938334,0.3206675,0.30910513
sheer,H,word2vec_recipe_40_HOM,0.25180385,0.20284626,0.28150982,0.21228701,0.29395473,0.22119126
insist,P,word2vec_recipe_40_HOM,0.2845146,0.21929517,0.33232155,0.22743753,0.34677368,0.22200474
original,P,word2vec_recipe_40_HOM,0.35492563,0.24278857,0.39621082,0.26149005,0.41043612,0.26522958
cheesecake,P,word2vec_recipe_40_HOM,0.28179675,0.3735495,0.37637532,0.43648398,0.40508285,0.432221
unprepared,P,word2vec_recipe_40_HOM,0.28220326,0.1978614,0.36398944,0.3375799,0.4052105,0.37407613
ignite,P,word2vec_recipe_40_HOM,0.2833004,0.3283825,0.4173907,0.47325253,0.46053642,0.5102265
spotlight,P,word2vec_recipe_40_HOM,0.16837664,0.18954368,0.19619982,0.21135373,0.20650154,0.22270015
stage,P,word2vec_recipe_40_HOM,0.26423064,0.19162564,0.36646444,0.35827807,0.43691358,0.4364437
multiple,P,word2vec_recipe_40_HOM,0.350254,0.351769,0.40152627,0.31693026,0.4176588,0.3067507
protector,P,word2vec_recipe_40_HOM,0.37955108,0.44699806,0.43697688,0.45931977,0.45945323,0.478521
creep,P,word2vec_recipe_40_HOM,0.20096067,0.18343747,0.2343694,0.20795432,0.24830838,0.21478443
sharpen,M,word2vec_recipe_40_HOM,0.33873773,0.38379627,0.38949847,0.38511625,0.40712687,0.3993478
nonsense,P,word2vec_recipe_40_HOM,0.11389508,0.114160545,0.13362166,0.13476887,0.14342171,0.14344764
absolute,P,word2vec_recipe_40_HOM,0.28407115,0.27734783,0.31790638,0.26953915,0.3326658,0.26781532
nasty,P,word2vec_recipe_40_HOM,0.250103,0.26114073,0.293422,0.2825799,0.311757,0.29175487
mermaid,M,word2vec_recipe_40_HOM,0.2139235,0.24802753,0.25431165,0.28539047,0.27106452,0.29193467
flash,P,word2vec_recipe_40_HOM,0.46976107,0.47914678,0.51449335,0.42284912,0.52890015,0.41314477
piggyback,P,word2vec_recipe_40_HOM,0.15486541,0.18433402,0.18289262,0.21814367,0.19486092,0.23488313
blind,P,word2vec_recipe_40_HOM,0.37827823,0.4360133,0.4842754,0.5103933,0.5157947,0.52756035
billion,P,word2vec_recipe_40_HOM,0.20639805,0.17262436,0.23313531,0.17928614,0.24483918,0.19084333
stock,P,word2vec_recipe_40_HOM,0.2681367,0.31672627,0.35891327,0.386888,0.3908323,0.40723333
messy,P,word2vec_recipe_40_HOM,0.25966984,0.23571587,0.293198,0.20870723,0.3061557,0.21324438
doorway,M,word2vec_recipe_40_HOM,0.13508181,0.15541306,0.17097837,0.21212295,0.19109751,0.24587458
farmers,M,word2vec_recipe_40_HOM,0.3291346,0.3205989,0.3904634,0.35029903,0.4103016,0.344748
suit,P,word2vec_recipe_40_HOM,0.2592458,0.28861803,0.35294998,0.36534274,0.38912833,0.3738871
seaweed,P,word2vec_recipe_40_HOM,0.24197498,0.32774186,0.30985457,0.36752394,0.3443737,0.39088523
heartbreak,M,word2vec_recipe_40_HOM,0.11820479,0.14725222,0.14453237,0.19132312,0.15640713,0.20291466
fountain,P,word2vec_recipe_40_HOM,0.26464766,0.2563483,0.3095492,0.30843514,0.3299066,0.32844624
planet,P,word2vec_recipe_40_HOM,0.19412872,0.18694675,0.2258963,0.2083979,0.23778935,0.21370432
vacation,P,word2vec_recipe_40_HOM,0.1551074,0.16875078,0.17914747,0.18278958,0.1896492,0.19611625
necessary,P,word2vec_recipe_40_HOM,0.28825325,0.25687134,0.40329236,0.3183804,0.43939167,0.35130697
ninth,P,word2vec_recipe_40_HOM,0.21860237,0.28338566,0.29301164,0.2927065,0.31633717,0.28164515
blame,P,word2vec_recipe_40_HOM,0.09838359,0.098626636,0.12190175,0.13202356,0.13324997,0.14571452
doorknob,M,word2vec_recipe_40_HOM,0.1351757,0.16494027,0.17156634,0.21240191,0.19358596,0.24652149
mutt,M,word2vec_recipe_40_HOM,0.11769216,0.12157193,0.13937438,0.1537646,0.15004572,0.16910776
height,P,word2vec_recipe_40_HOM,0.36205593,0.38768166,0.41730905,0.36949098,0.43608207,0.3756239
sensual,P,word2vec_recipe_40_HOM,0.17892757,0.17132574,0.2040989,0.20066938,0.21430355,0.20916885
contestant,P,word2vec_recipe_40_HOM,0.30617198,0.27193344,0.36433914,0.28289777,0.3844989,0.28274807
jig,H,word2vec_recipe_40_HOM,0.16236915,0.18986374,0.19699164,0.23015657,0.21080607,0.2498509
screwball,P,word2vec_recipe_40_HOM,0.09415964,0.11513331,0.13188861,0.16068746,0.14893512,0.17410727
cartoon,P,word2vec_recipe_40_HOM,0.19978409,0.18209021,0.23151375,0.21900576,0.24383263,0.22849199
tunnel,P,word2vec_recipe_40_HOM,0.3509613,0.35683972,0.40598777,0.39263016,0.42563424,0.39881593
vessel,P,word2vec_recipe_40_HOM,0.38376698,0.4320875,0.4373459,0.4619481,0.4606652,0.48091498
weapon,P,word2vec_recipe_40_HOM,0.20793724,0.15444362,0.23901814,0.18967053,0.2508918,0.19690505
peroxide,P,word2vec_recipe_40_HOM,0.22218299,0.22441004,0.2871873,0.31819257,0.31491116,0.33523047
contact,P,word2vec_recipe_40_HOM,0.41470498,0.3818173,0.47157264,0.42073378,0.4941414,0.42924708
neutralize,P,word2vec_recipe_40_HOM,0.21475573,0.21864435,0.25876868,0.24409817,0.27756938,0.26351663
slight,P,word2vec_recipe_40_HOM,0.40013734,0.37509736,0.4551384,0.38060758,0.4786542,0.41057217
stubborn,P,word2vec_recipe_40_HOM,0.26755777,0.2801969,0.31966698,0.31350115,0.3389078,0.32297456
ruler,P,word2vec_recipe_40_HOM,0.27518302,0.27875146,0.34034032,0.31881383,0.3619314,0.32718888
maximum,P,word2vec_recipe_40_HOM,0.38611346,0.4031597,0.44650334,0.39755425,0.46465805,0.39413565
signal,P,word2vec_recipe_40_HOM,0.3461036,0.31924486,0.4684692,0.4251269,0.50939363,0.47166768
ramp,P,word2vec_recipe_40_HOM,0.3242764,0.3929569,0.39955422,0.4413753,0.42540082,0.44899786
wrapped,P,word2vec_recipe_40_HOM,0.36887467,0.45446283,0.46034026,0.518703,0.49245775,0.5280066
component,P,word2vec_recipe_40_HOM,0.28680375,0.21960062,0.31880334,0.22673054,0.33104178,0.24320056
suspension,P,word2vec_recipe_40_HOM,0.2568201,0.26207176,0.29217854,0.27749327,0.30781618,0.30056325
code,P,word2vec_recipe_40_HOM,0.20679426,0.16397887,0.23696001,0.18335256,0.24946187,0.19614904
loosen,P,word2vec_recipe_40_HOM,0.3657289,0.3965284,0.46771175,0.46522436,0.50300175,0.4794971
generous,P,word2vec_recipe_40_HOM,0.36075288,0.4469645,0.44064003,0.4848248,0.4673665,0.4785107
ham,H,word2vec_recipe_40_HOM,0.33009624,0.41805658,0.39484105,0.43842348,0.41910973,0.4279422
exist,P,word2vec_recipe_40_HOM,0.20843415,0.15854092,0.23955722,0.18416302,0.25219667,0.19695216
shout,P,word2vec_recipe_40_HOM,0.16632941,0.13872957,0.18764715,0.16414583,0.19736399,0.17090349
bold,P,word2vec_recipe_40_HOM,0.23395541,0.1992123,0.27231202,0.24384913,0.29345497,0.26438865
torture,P,word2vec_recipe_40_HOM,0.14301173,0.12155326,0.16670178,0.1315986,0.17704019,0.14252813
wrecking,P,word2vec_recipe_40_HOM,0.11237572,0.13941965,0.12986727,0.15216222,0.13902588,0.1653376
shampoo,P,word2vec_recipe_40_HOM,0.24945323,0.249506,0.3308853,0.32240367,0.36665013,0.36567572
mare,H,word2vec_recipe_40_HOM,0.14239967,0.12277666,0.18313402,0.1792012,0.20581093,0.20059957
bundle,P,word2vec_recipe_40_HOM,0.31152922,0.391089,0.40048426,0.44820127,0.43108016,0.46306026
snag,P,word2vec_recipe_40_HOM,0.1478897,0.14806178,0.16954164,0.1682531,0.17905316,0.17483084
method,P,word2vec_recipe_40_HOM,0.2901462,0.29400885,0.34940913,0.32374063,0.37205577,0.33507022
blazer,M,word2vec_recipe_40_HOM,0.32150307,0.29166278,0.36167595,0.3031478,0.37704164,0.2973128
approach,P,word2vec_recipe_40_HOM,0.21901543,0.16552319,0.2436308,0.1644438,0.25429326,0.17941101
anchor,P,word2vec_recipe_40_HOM,0.307297,0.2977182,0.35469463,0.32551906,0.3731349,0.3292615
rattle,P,word2vec_recipe_40_HOM,0.2347774,0.23438776,0.27386323,0.25542337,0.28796187,0.26989576
quit,P,word2vec_recipe_40_HOM,0.24201746,0.21337235,0.27915764,0.21471255,0.29250196,0.22641863
slate,P,word2vec_recipe_40_HOM,0.29543185,0.29853472,0.34178898,0.36698404,0.3608078,0.3773415
repair,H,word2vec_recipe_40_HOM,0.25409254,0.26746097,0.318519,0.29933062,0.33984852,0.3133913
create,P,word2vec_recipe_40_HOM,0.35946634,0.4649294,0.42917347,0.4016601,0.45351762,0.37652716
foil,H,word2vec_recipe_40_HOM,0.23672135,0.27716634,0.35684803,0.36595032,0.39819536,0.3830401
physician,P,word2vec_recipe_40_HOM,0.12057326,0.12563974,0.14498043,0.14777331,0.15521123,0.16095716
leaky,P,word2vec_recipe_40_HOM,0.15541239,0.16301808,0.18045564,0.18751304,0.19152646,0.20176578
rough,P,word2vec_recipe_40_HOM,0.34267804,0.35183007,0.40894657,0.44598252,0.43582776,0.4693686
month,P,word2vec_recipe_40_HOM,0.27803606,0.34064925,0.4116911,0.40948257,0.45249993,0.42172554
indicate,P,word2vec_recipe_40_HOM,0.27113414,0.2970023,0.32944596,0.3202584,0.3499025,0.3201291
dispatch,P,word2vec_recipe_40_HOM,0.2357473,0.24645661,0.2694837,0.2662212,0.2812676,0.26437312
jazz,M,word2vec_recipe_40_HOM,0.306326,0.30679786,0.35707095,0.2831629,0.37420073,0.27871737
incorrect,P,word2vec_recipe_40_HOM,0.1366498,0.14001681,0.15853862,0.16502504,0.1686159,0.1819962
watermelon,P,word2vec_recipe_40_HOM,0.25776958,0.30165246,0.3407773,0.33528697,0.37371415,0.3630296
ritual,P,word2vec_recipe_40_HOM,0.15392737,0.14511184,0.17471942,0.15752742,0.1843244,0.16143253
interior,P,word2vec_recipe_40_HOM,0.36567485,0.45368263,0.4631202,0.4460788,0.48899373,0.44821963
porch,P,word2vec_recipe_40_HOM,0.26441827,0.2579694,0.32076702,0.31556565,0.34097838,0.33291692
unload,P,word2vec_recipe_40_HOM,0.15050156,0.17353554,0.17302138,0.20704147,0.18293767,0.2198865
radius,P,word2vec_recipe_40_HOM,0.17662993,0.18526478,0.21529683,0.23901999,0.23217857,0.25812265
camp,H,word2vec_recipe_40_HOM,0.32040197,0.35063666,0.3697641,0.3155905,0.38828945,0.31516364
college,P,word2vec_recipe_40_HOM,0.18802421,0.1968308,0.21837312,0.22243086,0.22973679,0.23189487
stalk,H,word2vec_recipe_40_HOM,0.2630206,0.32793495,0.34773505,0.39405063,0.38369584,0.41735834
accord,P,word2vec_recipe_40_HOM,0.3314647,0.3149627,0.39009622,0.35151318,0.41202214,0.36240557
unreal,P,word2vec_recipe_40_HOM,0.13858984,0.14925727,0.15731893,0.17230943,0.16505478,0.18481614
sweetheart,P,word2vec_recipe_40_HOM,0.20528603,0.21847787,0.24147888,0.2347478,0.25759897,0.24553809
torso,P,word2vec_recipe_40_HOM,0.1725916,0.19660759,0.21828549,0.2479102,0.24082284,0.2830397
animal,P,word2vec_recipe_40_HOM,0.32758206,0.3282442,0.37868598,0.3444169,0.3973359,0.34916186
climb,P,word2vec_recipe_40_HOM,0.3551798,0.370507,0.4201388,0.39460003,0.4443557,0.41918507
detergent,P,word2vec_recipe_40_HOM,0.22853306,0.27942654,0.3109322,0.34488794,0.34732223,0.36982694
slope,P,word2vec_recipe_40_HOM,0.2651553,0.23713821,0.3006671,0.3028833,0.31500363,0.31432542
test,H,word2vec_recipe_40_HOM,0.3804712,0.45302978,0.4588954,0.4670843,0.48597503,0.45623365
dedicate,P,word2vec_recipe_40_HOM,0.12109901,0.10528899,0.14160424,0.1268078,0.15162218,0.14205538
weary,P,word2vec_recipe_40_HOM,0.089299604,0.10329672,0.10661309,0.123966284,0.11525583,0.13745707
pace,H,word2vec_recipe_40_HOM,0.39553565,0.34011254,0.45206237,0.39823133,0.47335565,0.4144375
painless,P,word2vec_recipe_40_HOM,0.1494342,0.16053589,0.17469026,0.1826196,0.18527925,0.19402967
hardware,P,word2vec_recipe_40_HOM,0.20610031,0.21253462,0.27350676,0.25883842,0.301427,0.308433
snappy,P,word2vec_recipe_40_HOM,0.29860908,0.32807282,0.3491805,0.33106762,0.3686139,0.34045395
ordinary,P,word2vec_recipe_40_HOM,0.32972798,0.28810996,0.36933282,0.27924913,0.3834906,0.27240956
marvelous,P,word2vec_recipe_40_HOM,0.25202388,0.2681739,0.30363432,0.32570472,0.32271707,0.3308249
gravel,P,word2vec_recipe_40_HOM,0.3047414,0.35604423,0.41173008,0.47593814,0.44816697,0.5088613
thermal,P,word2vec_recipe_40_HOM,0.25879076,0.29079533,0.3087676,0.3569583,0.33019006,0.3756267
spaceship,M,word2vec_recipe_40_HOM,0.2183244,0.22906883,0.2515909,0.2645419,0.26581755,0.27800933
layer,P,word2vec_recipe_40_HOM,0.38468426,0.43258858,0.4573833,0.41861582,0.48297682,0.4348055
disaster,P,word2vec_recipe_40_HOM,0.16608739,0.13917142,0.19237176,0.15889646,0.20259334,0.16608354
mile,P,word2vec_recipe_40_HOM,0.42896146,0.31883156,0.47052836,0.3060972,0.4837065,0.307523
suggestion,P,word2vec_recipe_40_HOM,0.29940742,0.3675206,0.3694499,0.34643495,0.39066413,0.36533707
devour,P,word2vec_recipe_40_HOM,0.34858102,0.38536417,0.4314083,0.39161223,0.45667678,0.3716396
shiny,P,word2vec_recipe_40_HOM,0.3194622,0.35227507,0.39775994,0.39730263,0.42821234,0.42074126
puffy,P,word2vec_recipe_40_HOM,0.3530119,0.43345422,0.43044516,0.50561327,0.45789176,0.49424058
sanity,P,word2vec_recipe_40_HOM,0.115304805,0.116277106,0.13498634,0.13197653,0.14398271,0.14379856
tend,H,word2vec_recipe_40_HOM,0.29853827,0.3296995,0.36623535,0.30279195,0.38605133,0.29361445
philosophy,P,word2vec_recipe_40_HOM,0.0818196,0.08930438,0.09814314,0.119672194,0.10674626,0.13570197
bite,P,word2vec_recipe_40_HOM,0.3751324,0.3688222,0.45668122,0.44086456,0.49052092,0.45880565
resident,P,word2vec_recipe_40_HOM,0.1018049,0.108988285,0.12640192,0.1480037,0.13753444,0.16446833
globe,P,word2vec_recipe_40_HOM,0.27792022,0.25445297,0.33964884,0.3682803,0.36725938,0.40082392
sled,P,word2vec_recipe_40_HOM,0.14012767,0.16853638,0.1736604,0.21704262,0.19227421,0.24434556
hat,P,word2vec_recipe_40_HOM,0.2101396,0.19169874,0.26219836,0.24786347,0.28853038,0.2834102
alley,H,word2vec_recipe_40_HOM,0.14515564,0.1550198,0.17090552,0.18421412,0.1803928,0.19944611
uptown,P,word2vec_recipe_40_HOM,0.14361039,0.16112135,0.16579138,0.1827814,0.17627656,0.19276702
eerie,M,word2vec_recipe_40_HOM,0.20286608,0.21313332,0.24665624,0.20780246,0.2596877,0.20991926
canoe,P,word2vec_recipe_40_HOM,0.33589152,0.3734323,0.39830986,0.41648456,0.42039073,0.42183492
boost,P,word2vec_recipe_40_HOM,0.29929224,0.2989803,0.34633532,0.3017449,0.3641514,0.30627325
soap,P,word2vec_recipe_40_HOM,0.275536,0.2935333,0.3524984,0.34290433,0.38736838,0.37059727
choke,P,word2vec_recipe_40_HOM,0.25400734,0.27298748,0.37165523,0.3862436,0.41555965,0.40525103
apron,P,word2vec_recipe_40_HOM,0.25575873,0.24803163,0.29992804,0.30808726,0.32093322,0.32408446
homey,M,word2vec_recipe_40_HOM,0.21420074,0.22681344,0.25181878,0.26234508,0.26696298,0.27070442
liquor,P,word2vec_recipe_40_HOM,0.3379701,0.32635483,0.4003666,0.34415513,0.42531547,0.38123477
discipline,P,word2vec_recipe_40_HOM,0.18932764,0.19824806,0.22806372,0.19748215,0.24187249,0.20136406
dominant,P,word2vec_recipe_40_HOM,0.3059187,0.32585534,0.3659969,0.3727936,0.38723996,0.3829442
heavenly,P,word2vec_recipe_40_HOM,0.2668844,0.2353145,0.3175342,0.26826632,0.3368698,0.28000626
charger,P,word2vec_recipe_40_HOM,0.26339895,0.26234624,0.38674942,0.3674166,0.4218104,0.402168
canteen,P,word2vec_recipe_40_HOM,0.12937017,0.15137187,0.15090166,0.17628014,0.16052558,0.19023797
switch,P,word2vec_recipe_40_HOM,0.3970369,0.45609528,0.46112317,0.48618975,0.48335865,0.48980337
driveway,M,word2vec_recipe_40_HOM,0.15020081,0.15621027,0.17227045,0.16248648,0.1818185,0.17454518
trivial,M,word2vec_recipe_40_HOM,0.08761159,0.098239325,0.10341029,0.120700955,0.111668006,0.13556395
sad,P,word2vec_recipe_40_HOM,0.25658268,0.2515028,0.304309,0.26566195,0.32086304,0.26533353
smelly,M,word2vec_recipe_40_HOM,0.17214832,0.16356021,0.19838798,0.1861587,0.20962436,0.19724499
dislike,P,word2vec_recipe_40_HOM,0.18226281,0.17402385,0.20811279,0.18257473,0.21884865,0.18329899
ridiculous,M,word2vec_recipe_40_HOM,0.15137586,0.1632752,0.18054518,0.17022046,0.19326301,0.17826551
dubious,P,word2vec_recipe_40_HOM,0.0846076,0.09382389,0.1035383,0.12076446,0.11378919,0.13517824
spotless,P,word2vec_recipe_40_HOM,0.18652858,0.18246181,0.21209562,0.20376104,0.22418728,0.21936636
bikini,M,word2vec_recipe_40_HOM,0.22199762,0.2085472,0.26217958,0.24418487,0.276774,0.25469643
viable,P,word2vec_recipe_40_HOM,0.10128312,0.106356315,0.12413492,0.13991074,0.1352836,0.15377446
triangle,P,word2vec_recipe_40_HOM,0.23003817,0.2798462,0.29305086,0.33493525,0.32115233,0.34988925
scorpion,P,word2vec_recipe_40_HOM,0.22123325,0.21569152,0.26382685,0.25568604,0.27992642,0.26916993
catalog,P,word2vec_recipe_40_HOM,0.12585369,0.1373622,0.1520015,0.16942422,0.16267158,0.18300834
pout,H,word2vec_recipe_40_HOM,0.36754566,0.35466635,0.4280306,0.355048,0.44868147,0.36607382
symbolic,P,word2vec_recipe_40_HOM,0.09510324,0.09920583,0.1140857,0.11820604,0.122540645,0.1329936
celebrity,P,word2vec_recipe_40_HOM,0.110356174,0.12574473,0.1276449,0.15299489,0.1356541,0.16240469
agree,P,word2vec_recipe_40_HOM,0.131017,0.12120583,0.15478793,0.1362221,0.16653946,0.14931153
cry,P,word2vec_recipe_40_HOM,0.23892668,0.20028614,0.27575007,0.20735776,0.29050937,0.21542749
expensive,P,word2vec_recipe_40_HOM,0.23189195,0.27611816,0.2842012,0.2854785,0.30209342,0.28933376
pamphlet,M,word2vec_recipe_40_HOM,0.15949187,0.13731904,0.18063629,0.16534206,0.19010258,0.17589249
renegade,P,word2vec_recipe_40_HOM,0.13081273,0.13775432,0.15272069,0.16457646,0.16258922,0.17113167
bop,H,word2vec_recipe_40_HOM,0.14146562,0.1569928,0.16692048,0.18114884,0.17697677,0.19281532
stray,P,word2vec_recipe_40_HOM,0.28975603,0.3121717,0.3730583,0.38594463,0.40530017,0.4034062
concept,P,word2vec_recipe_40_HOM,0.13870445,0.13014871,0.16168071,0.15376739,0.17250253,0.16888718
absorb,P,word2vec_recipe_40_HOM,0.37113553,0.43338472,0.46380597,0.47212774,0.49094066,0.45638976
laughter,P,word2vec_recipe_40_HOM,0.24581318,0.28027984,0.3657148,0.3452995,0.4145649,0.35183898
referee,P,word2vec_recipe_40_HOM,0.17106028,0.18901123,0.20922397,0.23684394,0.22879212,0.26369673
available,P,word2vec_recipe_40_HOM,0.21609883,0.2386188,0.3101743,0.29538754,0.35048202,0.32042587
upside,P,word2vec_recipe_40_HOM,0.38290566,0.42787743,0.47420323,0.46768242,0.50076103,0.47802013
load,P,word2vec_recipe_40_HOM,0.36502483,0.33457038,0.41554004,0.36430746,0.43117583,0.3682399
factory,M,word2vec_recipe_40_HOM,0.27639264,0.267238,0.3204884,0.30478156,0.33543125,0.30574936
moonlight,P,word2vec_recipe_40_HOM,0.16874678,0.15368034,0.19591092,0.17441913,0.20535755,0.18730518
lighten,H,word2vec_recipe_40_HOM,0.39835355,0.372265,0.45401382,0.40395516,0.48006585,0.41655806
rebuild,P,word2vec_recipe_40_HOM,0.21747744,0.18120533,0.2478513,0.21186313,0.259211,0.22396098
moron,P,word2vec_recipe_40_HOM,0.17511354,0.17733085,0.19957483,0.20874082,0.20919223,0.21480796
trashy,M,word2vec_recipe_40_HOM,0.13455056,0.11684494,0.15793301,0.1403437,0.16750494,0.15157364
forehead,P,word2vec_recipe_40_HOM,0.14756092,0.18603142,0.18191855,0.22739725,0.1999881,0.25532672
overalls,P,word2vec_recipe_40_HOM,0.15373683,0.17990875,0.1803817,0.21428686,0.19260436,0.23170896
extraction,P,word2vec_recipe_40_HOM,0.30433756,0.27140749,0.34469578,0.29115194,0.359702,0.29948965
alcohol,P,word2vec_recipe_40_HOM,0.31170577,0.34139496,0.38349316,0.43976915,0.40948266,0.44516498
completion,P,word2vec_recipe_40_HOM,0.35251877,0.3355169,0.4069951,0.3670467,0.42781204,0.38093877
remake,P,word2vec_recipe_40_HOM,0.31172606,0.26225412,0.3477489,0.27184954,0.3608318,0.27894652
server,P,word2vec_recipe_40_HOM,0.3532489,0.3775375,0.44418094,0.43264478,0.47731102,0.44370264
bulb,P,word2vec_recipe_40_HOM,0.3241015,0.360475,0.40208557,0.39506996,0.43346465,0.40813512
passport,P,word2vec_recipe_40_HOM,0.11919415,0.13799052,0.13778634,0.16269548,0.14675173,0.17072517
maroon,H,word2vec_recipe_40_HOM,0.2469497,0.2781518,0.2955214,0.31671762,0.31512022,0.3331291
shaky,P,word2vec_recipe_40_HOM,0.23908558,0.25295514,0.3393387,0.33330685,0.3779846,0.33782163
jumper,H,word2vec_recipe_40_HOM,0.13246611,0.13097218,0.15103535,0.15958604,0.16009079,0.17153765
expert,P,word2vec_recipe_40_HOM,0.20795926,0.17624992,0.23770857,0.20949297,0.24858502,0.21467705
disease,P,word2vec_recipe_40_HOM,0.14755718,0.13135813,0.18970796,0.17667605,0.20916687,0.19484963
motivation,P,word2vec_recipe_40_HOM,0.098047435,0.10412663,0.11440527,0.12537786,0.12172821,0.13617016
wise,H,word2vec_recipe_40_HOM,0.23481889,0.23779356,0.34336364,0.3260534,0.38101482,0.34302
historical,P,word2vec_recipe_40_HOM,0.103846096,0.121743314,0.124834925,0.14786401,0.13631797,0.16368797
parallel,P,word2vec_recipe_40_HOM,0.2738774,0.309067,0.34343448,0.35432476,0.36838233,0.37351835
drown,P,word2vec_recipe_40_HOM,0.29065245,0.2863826,0.34784737,0.2781191,0.36804435,0.26594782
foolproof,P,word2vec_recipe_40_HOM,0.2930333,0.3173893,0.35607293,0.3360062,0.37826243,0.33373097
clover,P,word2vec_recipe_40_HOM,0.36684507,0.3465309,0.43584096,0.43558893,0.4597949,0.45373642
committee,M,word2vec_recipe_40_HOM,0.13071766,0.14260526,0.15002257,0.16636536,0.15846382,0.18083444
crap,M,word2vec_recipe_40_HOM,0.2690436,0.27337447,0.3150609,0.24673061,0.33161017,0.24311128
raccoon,P,word2vec_recipe_40_HOM,0.2905262,0.34472406,0.34410545,0.3597211,0.36432934,0.3497779
pearly,P,word2vec_recipe_40_HOM,0.29347354,0.3023218,0.34179047,0.34435406,0.36087838,0.3568667
pointer,P,word2vec_recipe_40_HOM,0.18411158,0.25731274,0.24763352,0.3034837,0.27023032,0.31569943
cab,H,word2vec_recipe_40_HOM,0.19864401,0.18798754,0.23745081,0.23869824,0.25545588,0.2635895
swipe,P,word2vec_recipe_40_HOM,0.37877738,0.40800166,0.42826542,0.4302955,0.44651252,0.4298749
analogy,P,word2vec_recipe_40_HOM,0.07147451,0.08334639,0.09118188,0.11241731,0.10064762,0.12574555
shame,P,word2vec_recipe_40_HOM,0.14216521,0.13175091,0.165323,0.14458907,0.17592697,0.1545183
list,H,word2vec_recipe_40_HOM,0.29670507,0.27023962,0.3597229,0.29514542,0.3813923,0.2928601
curve,P,word2vec_recipe_40_HOM,0.3153053,0.33433577,0.38970685,0.39119843,0.41653228,0.3988116
twirl,P,word2vec_recipe_40_HOM,0.361029,0.4110129,0.4244278,0.4369955,0.4484528,0.45949966
frantic,P,word2vec_recipe_40_HOM,0.13592915,0.119023554,0.1564497,0.13615106,0.16491842,0.14649972
slice,P,word2vec_recipe_40_HOM,0.30734646,0.3270442,0.37338197,0.34314823,0.40188468,0.36459762
function,P,word2vec_recipe_40_HOM,0.33497363,0.36357558,0.42198735,0.42942026,0.45832932,0.46203882
spin,P,word2vec_recipe_40_HOM,0.43043876,0.44775963,0.49760586,0.5035896,0.5193364,0.51885456
graceful,M,word2vec_recipe_40_HOM,0.12231485,0.13194002,0.14211942,0.1464545,0.15249582,0.15549639
drought,P,word2vec_recipe_40_HOM,0.200228,0.15871704,0.22807954,0.19281176,0.23796111,0.19955732
downtown,P,word2vec_recipe_40_HOM,0.12948087,0.13995689,0.15875775,0.16597845,0.17037064,0.17652985
expression,P,word2vec_recipe_40_HOM,0.14732234,0.18113907,0.17357983,0.20542124,0.1861861,0.21539085
sheet,H,word2vec_recipe_40_HOM,0.24848095,0.25507215,0.32232258,0.28905505,0.3564366,0.30989528
icy,P,word2vec_recipe_40_HOM,0.3593531,0.41209725,0.44149798,0.44521874,0.4707069,0.44857642
surgery,P,word2vec_recipe_40_HOM,0.1413028,0.13501763,0.16692606,0.16330735,0.17773376,0.17031175
risk,P,word2vec_recipe_40_HOM,0.35184932,0.37605277,0.44644833,0.3614064,0.47215953,0.33482456
shallow,P,word2vec_recipe_40_HOM,0.36667234,0.38419583,0.42129317,0.4619774,0.44872314,0.47788292
bandage,P,word2vec_recipe_40_HOM,0.1639684,0.18989916,0.19402626,0.22578062,0.20881481,0.2494142
mast,H,word2vec_recipe_40_HOM,0.28162718,0.31049684,0.32757586,0.34738365,0.34605148,0.36437827
crest,P,word2vec_recipe_40_HOM,0.26322478,0.21562883,0.2923285,0.24686496,0.30338252,0.26572475
decline,P,word2vec_recipe_40_HOM,0.099122524,0.11135214,0.1166158,0.13294575,0.1250271,0.14314048
peck,H,word2vec_recipe_40_HOM,0.27143237,0.33034608,0.32833385,0.3352116,0.34664476,0.34457827
legacy,P,word2vec_recipe_40_HOM,0.13592026,0.13680539,0.15559448,0.15520109,0.1646187,0.16749461
carton,P,word2vec_recipe_40_HOM,0.38275635,0.41899014,0.4535215,0.4563405,0.47815543,0.46593174
achieve,P,word2vec_recipe_40_HOM,0.30875176,0.3139909,0.40467185,0.35176137,0.44388714,0.38989952
gem,P,word2vec_recipe_40_HOM,0.40605718,0.3793313,0.4655384,0.42321822,0.48495698,0.43875083
habit,P,word2vec_recipe_40_HOM,0.14334917,0.122896716,0.16380362,0.13666517,0.17327546,0.14827234
ponder,P,word2vec_recipe_40_HOM,0.13457884,0.11602352,0.15436006,0.139641,0.16208285,0.14793801
germ,P,word2vec_recipe_40_HOM,0.27707165,0.34936562,0.37773106,0.4668044,0.41408548,0.47628424
favor,P,word2vec_recipe_40_HOM,0.22903804,0.15787531,0.25765732,0.17476782,0.26829645,0.18677086
swim,P,word2vec_recipe_40_HOM,0.3349902,0.2543406,0.3781061,0.28159213,0.3934685,0.27428293
weed,H,word2vec_recipe_40_HOM,0.3052698,0.3524475,0.3759692,0.3632678,0.40389866,0.37115762
mobile,P,word2vec_recipe_40_HOM,0.16704288,0.15396492,0.18921973,0.17300192,0.19773033,0.18235499
rudder,P,word2vec_recipe_40_HOM,0.13055506,0.15122929,0.15760367,0.16255656,0.16817386,0.17138042
membership,P,word2vec_recipe_40_HOM,0.06942091,0.09326139,0.08467009,0.117066056,0.092695735,0.12943947
masquerade,P,word2vec_recipe_40_HOM,0.15164304,0.16112599,0.17803927,0.18701325,0.18906346,0.19871984
runaway,P,word2vec_recipe_40_HOM,0.15387523,0.17011562,0.1796422,0.19188815,0.18940522,0.19785035
ceramic,P,word2vec_recipe_40_HOM,0.31529993,0.38011447,0.3989523,0.46306798,0.4345619,0.48378646
tragedy,P,word2vec_recipe_40_HOM,0.10244633,0.09882379,0.121781655,0.122249655,0.13209635,0.1396694
commentary,P,word2vec_recipe_40_HOM,0.13992703,0.15315689,0.17898929,0.18756087,0.19555458,0.19564073
argument,P,word2vec_recipe_40_HOM,0.11440389,0.11195963,0.13304807,0.13098148,0.14126301,0.14134863
stable,H,word2vec_recipe_40_HOM,0.33946335,0.28394186,0.37868795,0.28906244,0.39285797,0.2920916
suction,P,word2vec_recipe_40_HOM,0.27934334,0.26012275,0.31326813,0.29209682,0.32765657,0.30143374
dense,P,word2vec_recipe_40_HOM,0.31392512,0.331252,0.36237228,0.37528834,0.38378406,0.37955037
fund,P,word2vec_recipe_40_HOM,0.14788885,0.12347721,0.17085843,0.1509668,0.180378,0.1631071
wholesome,P,word2vec_recipe_40_HOM,0.246598,0.29097492,0.29390126,0.34388226,0.3142238,0.3518992
summon,P,word2vec_recipe_40_HOM,0.10402916,0.1073638,0.12177458,0.12928028,0.1304887,0.14422898
modern,P,word2vec_recipe_40_HOM,0.24028504,0.23700313,0.27625653,0.23449783,0.28871322,0.24542539
tempo,P,word2vec_recipe_40_HOM,0.17703228,0.18505439,0.20149791,0.20370017,0.21078083,0.20980242
crusty,P,word2vec_recipe_40_HOM,0.37613827,0.36702248,0.45236978,0.4654542,0.47940046,0.4827172
patience,P,word2vec_recipe_40_HOM,0.28437346,0.24838814,0.346168,0.27641898,0.3659556,0.27660266
brood,P,word2vec_recipe_40_HOM,0.19299945,0.1759972,0.220003,0.21167547,0.23151341,0.22367227
vanilla,P,word2vec_recipe_40_HOM,0.27581576,0.3051282,0.35245278,0.32040015,0.3804994,0.34939536
scare,P,word2vec_recipe_40_HOM,0.16793267,0.12649415,0.19340312,0.15020506,0.20436448,0.15950789
thread,P,word2vec_recipe_40_HOM,0.38087887,0.37190956,0.5016288,0.48583105,0.5391315,0.4888128
airline,P,word2vec_recipe_40_HOM,0.17153502,0.19471775,0.20200129,0.22351213,0.21519531,0.23925376
neck,P,word2vec_recipe_40_HOM,0.26004246,0.33782014,0.34920874,0.39795077,0.38575402,0.42662555
rob,P,word2vec_recipe_40_HOM,0.16120711,0.16994995,0.18893291,0.20048688,0.20106977,0.21635449
vine,P,word2vec_recipe_40_HOM,0.34202898,0.40363747,0.39526147,0.43047675,0.4172143,0.44324696
toxic,P,word2vec_recipe_40_HOM,0.16442451,0.1771842,0.19881535,0.19873746,0.21365084,0.2113595
imagine,P,word2vec_recipe_40_HOM,0.24121332,0.19960268,0.2688253,0.16765603,0.27904123,0.17991908
display,P,word2vec_recipe_40_HOM,0.36032444,0.34238815,0.40583962,0.35756904,0.42303237,0.35923973
discourage,P,word2vec_recipe_40_HOM,0.27909407,0.311625,0.34079078,0.36157784,0.36771706,0.36552832
member,P,word2vec_recipe_40_HOM,0.2526663,0.21951008,0.28662774,0.22411367,0.3024163,0.22659765
artery,P,word2vec_recipe_40_HOM,0.12562916,0.13156831,0.14351578,0.14655566,0.15152833,0.15596963
trusty,P,word2vec_recipe_40_HOM,0.29780132,0.34242117,0.35930043,0.38908833,0.38196793,0.3983992
smear,P,word2vec_recipe_40_HOM,0.3758985,0.4518853,0.47419974,0.43809423,0.50140464,0.44337696
acre,P,word2vec_recipe_40_HOM,0.19656765,0.18181182,0.22413824,0.20033911,0.23557423,0.20980056
wedge,P,word2vec_recipe_40_HOM,0.3387066,0.40863702,0.40874395,0.42806986,0.4356425,0.453567
sticker,P,word2vec_recipe_40_HOM,0.3099286,0.3849275,0.37919152,0.43249634,0.40549034,0.4292848
rig,P,word2vec_recipe_40_HOM,0.27378365,0.28625682,0.32175517,0.31714672,0.33722988,0.31752455
occupy,P,word2vec_recipe_40_HOM,0.14379251,0.13643494,0.16530213,0.15314695,0.17405033,0.16159141
joint,P,word2vec_recipe_40_HOM,0.24386427,0.28744537,0.33481166,0.36831817,0.3775759,0.4016214
teach,P,word2vec_recipe_40_HOM,0.11199442,0.10576241,0.13628344,0.13215677,0.14792277,0.1471333
warm,P,word2vec_recipe_40_HOM,0.40601602,0.43435028,0.47335494,0.41310936,0.4966587,0.40831596
decadent,P,word2vec_recipe_40_HOM,0.24222943,0.3088585,0.3130171,0.3633321,0.34374565,0.3718598
pond,M,word2vec_recipe_40_HOM,0.29252338,0.2631063,0.33161572,0.31396163,0.34813088,0.33394414
wars,P,word2vec_recipe_40_HOM,0.20981617,0.20749363,0.2384919,0.22627744,0.25008765,0.23598306
skate,H,word2vec_recipe_40_HOM,0.3094336,0.31034404,0.37087277,0.41488808,0.4055623,0.43545264
pluck,P,word2vec_recipe_40_HOM,0.32834327,0.2734394,0.38139093,0.3657854,0.4076241,0.3993759
stroke,P,word2vec_recipe_40_HOM,0.29543242,0.29839605,0.35464042,0.35400808,0.3774369,0.36102694
booth,P,word2vec_recipe_40_HOM,0.1995118,0.19698524,0.23270594,0.22887385,0.24458137,0.23995903
offend,P,word2vec_recipe_40_HOM,0.10811031,0.105244674,0.13089052,0.12886342,0.14115791,0.14487062
vacuum,P,word2vec_recipe_40_HOM,0.30602366,0.2968436,0.37116346,0.35759443,0.39470404,0.38814598
hostess,P,word2vec_recipe_40_HOM,0.26639655,0.26852077,0.30301023,0.29254165,0.31751642,0.29929885
above,P,word2vec_recipe_40_HOM,0.3588764,0.36281526,0.43911502,0.39841118,0.46413752,0.40828055
fussy,P,word2vec_recipe_40_HOM,0.18613149,0.13729775,0.2184505,0.16715989,0.23309903,0.1751064
pest,P,word2vec_recipe_40_HOM,0.2594798,0.26381043,0.30177888,0.310806,0.31645325,0.32018933
juggle,P,word2vec_recipe_40_HOM,0.17251748,0.13332342,0.2009537,0.17288582,0.21292576,0.17949617
convention,P,word2vec_recipe_40_HOM,0.23444414,0.24314362,0.28948373,0.34373096,0.30927426,0.36747035
doom,P,word2vec_recipe_40_HOM,0.15556434,0.14814758,0.17844665,0.17910959,0.18695502,0.18799393
hump,P,word2vec_recipe_40_HOM,0.26713684,0.23813641,0.30240205,0.26908726,0.31839973,0.29151976
onion,P,word2vec_recipe_40_HOM,0.2756346,0.26928824,0.34813762,0.30538744,0.37351814,0.32539833
source,P,word2vec_recipe_40_HOM,0.41773906,0.47347605,0.48299477,0.46217588,0.50473386,0.4535993
stead,M,word2vec_recipe_40_HOM,0.4011415,0.40947208,0.4506718,0.41267383,0.46615043,0.39992598
fake,P,word2vec_recipe_40_HOM,0.30474,0.31001416,0.3395758,0.32843575,0.35293883,0.33776724
journey,P,word2vec_recipe_40_HOM,0.15507285,0.13238344,0.18006843,0.13758408,0.19246513,0.15736581
develop,P,word2vec_recipe_40_HOM,0.32806408,0.39652798,0.40526542,0.4161308,0.43193588,0.40312338
snitch,M,word2vec_recipe_40_HOM,0.11167319,0.110333174,0.13224119,0.12989068,0.14064199,0.14173561
profile,P,word2vec_recipe_40_HOM,0.21986966,0.2120265,0.25636125,0.24485059,0.27275026,0.24755064
zap,P,word2vec_recipe_40_HOM,0.282572,0.3039479,0.38576558,0.41668442,0.4416359,0.48648173
ugly,P,word2vec_recipe_40_HOM,0.31955013,0.33372644,0.3742721,0.35046446,0.39337808,0.35725352
intact,M,word2vec_recipe_40_HOM,0.3418613,0.35522452,0.4019473,0.3965899,0.4250005,0.40923268
laugh,P,word2vec_recipe_40_HOM,0.20078471,0.17461036,0.23242854,0.17408906,0.24583477,0.18680447
boat,P,word2vec_recipe_40_HOM,0.4366971,0.53798205,0.4987079,0.48469767,0.5182121,0.47492757
consult,P,word2vec_recipe_40_HOM,0.21336608,0.24330997,0.26914388,0.3031864,0.29143935,0.3064795
equivalent,P,word2vec_recipe_40_HOM,0.37482816,0.4376342,0.43359378,0.46202284,0.45388427,0.48114428
upstanding,P,word2vec_recipe_40_HOM,0.26834577,0.29967898,0.33004704,0.33803397,0.35210785,0.34507838
century,P,word2vec_recipe_40_HOM,0.27899444,0.21942738,0.32199952,0.23063147,0.33791015,0.23283559
scum,P,word2vec_recipe_40_HOM,0.30214527,0.3559243,0.40784648,0.40075096,0.4422205,0.41719076
neurotic,P,word2vec_recipe_40_HOM,0.090657115,0.10061306,0.10924146,0.12777317,0.11970677,0.14015079
dealer,P,word2vec_recipe_40_HOM,0.14021374,0.1614539,0.16122133,0.17706631,0.17039768,0.18394467
chain,P,word2vec_recipe_40_HOM,0.21959159,0.1759224,0.2514279,0.21555617,0.26386678,0.22813974
classy,M,word2vec_recipe_40_HOM,0.2563306,0.198605,0.2859265,0.22342002,0.29665768,0.22617911
poisonous,P,word2vec_recipe_40_HOM,0.16556361,0.17305768,0.19129181,0.16443327,0.20236458,0.18415444
sweep,P,word2vec_recipe_40_HOM,0.34604797,0.35635775,0.39909202,0.37361938,0.4191736,0.3888564
brazen,P,word2vec_recipe_40_HOM,0.17528968,0.2197742,0.202542,0.24768576,0.21375954,0.2582077
relish,P,word2vec_recipe_40_HOM,0.30722997,0.38615993,0.3881957,0.39793763,0.41596586,0.38065323
revenge,P,word2vec_recipe_40_HOM,0.13691518,0.15044275,0.15845214,0.16975486,0.16766201,0.1886854
airspace,P,word2vec_recipe_40_HOM,0.25581312,0.2937614,0.3095052,0.32656187,0.32881677,0.34370366
upcoming,M,word2vec_recipe_40_HOM,0.14195743,0.13086195,0.16090992,0.14518806,0.17086478,0.15952136
arch,H,word2vec_recipe_40_HOM,0.17548326,0.18415035,0.21405886,0.23133452,0.23181736,0.25877348
visualize,P,word2vec_recipe_40_HOM,0.13184556,0.13085592,0.15309842,0.1404467,0.16255039,0.14917287
crispy,P,word2vec_recipe_40_HOM,0.3335898,0.4250902,0.43529525,0.4952917,0.46605965,0.5119009
useless,P,word2vec_recipe_40_HOM,0.1855191,0.16239983,0.21201278,0.17483452,0.22287858,0.18388769
nut,P,word2vec_recipe_40_HOM,0.29311883,0.350176,0.36079398,0.34527504,0.38382852,0.33394206
fasten,P,word2vec_recipe_40_HOM,0.28957087,0.3492759,0.3917025,0.40373096,0.4295051,0.42115122
spatula,M,word2vec_recipe_40_HOM,0.15546899,0.21283,0.19509958,0.26396114,0.21086498,0.27308986
shuttle,P,word2vec_recipe_40_HOM,0.19955714,0.1681024,0.22578482,0.18743752,0.23519497,0.19432156
nitrogen,P,word2vec_recipe_40_HOM,0.283719,0.29085565,0.33490655,0.3572822,0.3563475,0.3717909
sofa,M,word2vec_recipe_40_HOM,0.26364076,0.23578447,0.29755455,0.26289335,0.31006145,0.2623037
prairie,M,word2vec_recipe_40_HOM,0.16620918,0.16090895,0.19832464,0.19267438,0.21276285,0.1977679
afford,P,word2vec_recipe_40_HOM,0.16398838,0.12861717,0.18735395,0.13956882,0.1972899,0.14812534
shank,P,word2vec_recipe_40_HOM,0.2727906,0.37263992,0.3612973,0.4480313,0.3974489,0.44925874
closet,P,word2vec_recipe_40_HOM,0.2448562,0.26537293,0.29239202,0.2713947,0.3083064,0.28589845
butler,M,word2vec_recipe_40_HOM,0.15641734,0.19005413,0.19664448,0.23085897,0.21374275,0.25653583
cop,H,word2vec_recipe_40_HOM,0.30616668,0.28988194,0.34187543,0.33650854,0.356405,0.35153794
thud,P,word2vec_recipe_40_HOM,0.18342009,0.23458005,0.22246961,0.24210761,0.23840496,0.25014743
asset,P,word2vec_recipe_40_HOM,0.18394247,0.21164314,0.21622358,0.22134724,0.2301046,0.22984768
penetrate,P,word2vec_recipe_40_HOM,0.3716358,0.44819707,0.45169625,0.48689932,0.47811097,0.47306573
volcanic,P,word2vec_recipe_40_HOM,0.22221231,0.21455371,0.2511606,0.22736016,0.26436245,0.23710601
gravy,P,word2vec_recipe_40_HOM,0.35432363,0.460001,0.4381146,0.47454083,0.46621913,0.47564676
casino,P,word2vec_recipe_40_HOM,0.25114292,0.23406936,0.31006122,0.2764423,0.33311737,0.2867033
floppy,P,word2vec_recipe_40_HOM,0.28198376,0.30752656,0.3409933,0.33493224,0.3642178,0.3379381
dare,P,word2vec_recipe_40_HOM,0.283934,0.2741609,0.33170956,0.26728678,0.3511644,0.26990902
mix,P,word2vec_recipe_40_HOM,0.32214168,0.39744732,0.38951766,0.41434473,0.41227567,0.40797383
dynamite,P,word2vec_recipe_40_HOM,0.22015437,0.20622814,0.24841465,0.23903891,0.25998566,0.24589138
pizza,M,word2vec_recipe_40_HOM,0.3160537,0.3386572,0.4082041,0.42324325,0.44580176,0.44431952
arrogant,P,word2vec_recipe_40_HOM,0.16977614,0.19074161,0.19539315,0.21076982,0.20587035,0.21907434
canopy,P,word2vec_recipe_40_HOM,0.15008435,0.18825856,0.17714778,0.2238381,0.18903571,0.23874405
crater,P,word2vec_recipe_40_HOM,0.34559888,0.3868357,0.44164145,0.4876025,0.47414535,0.510829
thermos,P,word2vec_recipe_40_HOM,0.33435518,0.34263793,0.39840564,0.43070796,0.42623344,0.45454764
palace,P,word2vec_recipe_40_HOM,0.1663334,0.18475443,0.19566332,0.20499499,0.20777664,0.20683196
nuclear,P,word2vec_recipe_40_HOM,0.16540442,0.1924696,0.19065456,0.20874406,0.20125347,0.21910703
page,H,word2vec_recipe_40_HOM,0.3179101,0.17325294,0.38028285,0.23430948,0.41093522,0.27507323
wilt,P,word2vec_recipe_40_HOM,0.3269155,0.37901908,0.41715267,0.4506927,0.44518632,0.44770977
writer,P,word2vec_recipe_40_HOM,0.14773618,0.13469821,0.17688154,0.16261524,0.18990086,0.17774662
souvenir,M,word2vec_recipe_40_HOM,0.12547156,0.141432,0.1455942,0.158147,0.1554609,0.16908912
unhealthy,P,word2vec_recipe_40_HOM,0.13011186,0.12543495,0.14929405,0.14003527,0.15778977,0.1512119
tart,H,word2vec_recipe_40_HOM,0.25998923,0.35916016,0.38479638,0.5016934,0.42930794,0.5172323
overtime,P,word2vec_recipe_40_HOM,0.13143177,0.15205143,0.15235014,0.17909984,0.16162468,0.19253246
sire,P,word2vec_recipe_40_HOM,0.22710052,0.23867053,0.26342034,0.279167,0.2782238,0.29367682
summer,P,word2vec_recipe_40_HOM,0.27248946,0.31428784,0.34545207,0.35655507,0.36567533,0.35253292
coleslaw,M,word2vec_recipe_40_HOM,0.19101933,0.20552574,0.22153914,0.24362817,0.2333739,0.25204673
mortar,H,word2vec_recipe_40_HOM,0.24757197,0.27295104,0.37210938,0.3949774,0.41473824,0.42360762
insomnia,M,word2vec_recipe_40_HOM,0.14062604,0.1541328,0.1696439,0.18508792,0.18213789,0.19839011
spend,P,word2vec_recipe_40_HOM,0.3114774,0.23549692,0.3482296,0.23467636,0.36006385,0.22591394
concession,P,word2vec_recipe_40_HOM,0.12336023,0.10771683,0.14375225,0.1344158,0.15392701,0.14320438
screw,P,word2vec_recipe_40_HOM,0.29279542,0.32933018,0.41543064,0.41016915,0.46450493,0.4580823
guru,P,word2vec_recipe_40_HOM,0.11598893,0.13419442,0.1346447,0.16108511,0.14314125,0.16720411
recital,P,word2vec_recipe_40_HOM,0.12867522,0.141366,0.15011825,0.16429783,0.15834671,0.17446776
sentence,P,word2vec_recipe_40_HOM,0.10048618,0.09870029,0.120690614,0.12663914,0.13120615,0.13939816
blossom,P,word2vec_recipe_40_HOM,0.36516675,0.3852295,0.43352118,0.45904467,0.45541665,0.46933624
amount,P,word2vec_recipe_40_HOM,0.37639827,0.43954903,0.47853854,0.492838,0.50495195,0.47325078
comment,P,word2vec_recipe_40_HOM,0.24640875,0.1913132,0.2762245,0.22215599,0.28790975,0.21711065
await,P,word2vec_recipe_40_HOM,0.2355648,0.16390285,0.27372655,0.20336859,0.28860605,0.21342687
stuffy,P,word2vec_recipe_40_HOM,0.16118267,0.19754212,0.1849532,0.22144644,0.19495556,0.23291738
dime,M,word2vec_recipe_40_HOM,0.28337142,0.27977628,0.37417245,0.38937002,0.40826455,0.39950207
impressive,M,word2vec_recipe_40_HOM,0.2337803,0.26354274,0.2885938,0.29586443,0.30864713,0.29360098
settle,H,word2vec_recipe_40_HOM,0.35783792,0.4416866,0.42020962,0.429626,0.44234627,0.41561225
decoration,P,word2vec_recipe_40_HOM,0.32512626,0.31881675,0.38826144,0.37894058,0.41177478,0.39420286
digestion,P,word2vec_recipe_40_HOM,0.1811693,0.180843,0.22276501,0.1982098,0.2421552,0.2134674
relaxation,P,word2vec_recipe_40_HOM,0.14161615,0.13002063,0.16361462,0.1474502,0.17356743,0.16333288
budget,P,word2vec_recipe_40_HOM,0.24831223,0.22372337,0.28911617,0.2763268,0.303488,0.28648227
sloppy,P,word2vec_recipe_40_HOM,0.30395064,0.34774712,0.37803322,0.3153328,0.40283912,0.32674214
grain,P,word2vec_recipe_40_HOM,0.41504598,0.4492595,0.49572513,0.5136047,0.52263534,0.5062753
disconnect,P,word2vec_recipe_40_HOM,0.17225662,0.19614327,0.20936611,0.23907119,0.22774215,0.26223356
bypass,P,word2vec_recipe_40_HOM,0.17367175,0.13145125,0.19856471,0.15799168,0.20921582,0.17029826
swear,P,word2vec_recipe_40_HOM,0.13899961,0.10951781,0.1611444,0.13307396,0.1708757,0.14391609
junk,H,word2vec_recipe_40_HOM,0.28704208,0.30599335,0.32001683,0.28644165,0.3330465,0.29000622
poster,M,word2vec_recipe_40_HOM,0.24006736,0.22715598,0.28121883,0.26148075,0.29954925,0.28302994
sickness,P,word2vec_recipe_40_HOM,0.13127324,0.12729599,0.154351,0.15319791,0.16495356,0.1656518
exercise,P,word2vec_recipe_40_HOM,0.1769959,0.14004654,0.20423643,0.15829886,0.21476747,0.16674119
widow,P,word2vec_recipe_40_HOM,0.194558,0.19662723,0.22478566,0.22101995,0.23686604,0.22744858
breakfast,P,word2vec_recipe_40_HOM,0.31244215,0.30524448,0.36902034,0.37126356,0.3895283,0.35802934
snob,P,word2vec_recipe_40_HOM,0.10917826,0.10955554,0.13033324,0.13401039,0.13933599,0.14742357
capture,P,word2vec_recipe_40_HOM,0.3264579,0.3792505,0.3979329,0.3901218,0.42113,0.39326715
assign,P,word2vec_recipe_40_HOM,0.1255776,0.11932642,0.14804934,0.14336133,0.15816177,0.15272707
horseshoe,P,word2vec_recipe_40_HOM,0.25850254,0.24777935,0.30859855,0.32167923,0.3298593,0.34215626
calf,H,word2vec_recipe_40_HOM,0.2508706,0.25869966,0.29701355,0.26491046,0.31370935,0.2697487
hunk,P,word2vec_recipe_40_HOM,0.38453704,0.4777171,0.45504925,0.45569462,0.4772654,0.44407114
provide,P,word2vec_recipe_40_HOM,0.2990551,0.31445473,0.35487503,0.3214401,0.37478578,0.31190026
pill,P,word2vec_recipe_40_HOM,0.25324553,0.2791522,0.28783897,0.3065678,0.3039218,0.32071665
bottom,P,word2vec_recipe_40_HOM,0.3733048,0.3468113,0.44895676,0.34713456,0.4724358,0.35770592
quadrant,P,word2vec_recipe_40_HOM,0.2931763,0.29899812,0.34542304,0.3125064,0.3678228,0.3311404
sod,P,word2vec_recipe_40_HOM,0.09261215,0.0672695,0.10927152,0.057313964,0.117137566,0.05819685
smell,P,word2vec_recipe_40_HOM,0.26623642,0.3208269,0.3626426,0.4187371,0.39248735,0.41580126
sneeze,P,word2vec_recipe_40_HOM,0.096698545,0.11873006,0.11602578,0.14172792,0.1247479,0.1523295
tango,P,word2vec_recipe_40_HOM,0.20505686,0.21952567,0.2457189,0.2658447,0.2642584,0.28264615
burst,P,word2vec_recipe_40_HOM,0.3865648,0.47136557,0.48203292,0.54732573,0.51113343,0.5234662
literal,P,word2vec_recipe_40_HOM,0.18417497,0.1939456,0.21050006,0.20808086,0.22066112,0.21462321
dame,P,word2vec_recipe_40_HOM,0.1305507,0.15593842,0.15287349,0.17989708,0.16309842,0.1895926
fellow,P,word2vec_recipe_40_HOM,0.11708067,0.11208866,0.13744415,0.13311791,0.14779103,0.15040195
gauze,P,word2vec_recipe_40_HOM,0.25404394,0.29425365,0.3417133,0.39557192,0.37877882,0.43221396
shape,P,word2vec_recipe_40_HOM,0.3342692,0.38523018,0.40938488,0.3968909,0.44519356,0.40360555
pretzel,P,word2vec_recipe_40_HOM,0.3361668,0.38225895,0.40959358,0.43472397,0.43532458,0.44891915
brunette,P,word2vec_recipe_40_HOM,0.18863073,0.1988911,0.21541712,0.21656153,0.226226,0.2190704
temper,P,word2vec_recipe_40_HOM,0.36008528,0.398816,0.43509415,0.44542357,0.46440864,0.45155054
frown,P,word2vec_recipe_40_HOM,0.16518985,0.17767234,0.19567937,0.2185202,0.21321166,0.24434324
category,M,word2vec_recipe_40_HOM,0.23421137,0.19332758,0.2696975,0.2076681,0.2827357,0.21725987
bonus,P,word2vec_recipe_40_HOM,0.27390924,0.25508827,0.31014383,0.2972296,0.32375732,0.31710702
harmful,M,word2vec_recipe_40_HOM,0.14785829,0.1659822,0.17708512,0.19165169,0.19112009,0.19854206
dab,H,word2vec_recipe_40_HOM,0.36150163,0.44773018,0.442267,0.452067,0.46866637,0.44468594
attend,P,word2vec_recipe_40_HOM,0.15921465,0.13540481,0.18522458,0.15972161,0.1965163,0.16699319
hatchet,P,word2vec_recipe_40_HOM,0.16535357,0.2221792,0.19844837,0.2577957,0.21685635,0.27491015
bedroom,M,word2vec_recipe_40_HOM,0.116407156,0.1300074,0.13727579,0.1418672,0.14729515,0.15486455
field,P,word2vec_recipe_40_HOM,0.4137557,0.44550338,0.4713256,0.43954352,0.490934,0.44779468
basin,P,word2vec_recipe_40_HOM,0.38252524,0.43119705,0.45879367,0.5139858,0.48434594,0.52331305
intense,P,word2vec_recipe_40_HOM,0.23727636,0.2509326,0.29268807,0.27966216,0.3199963,0.30373383
weirdo,M,word2vec_recipe_40_HOM,0.09336005,0.10961825,0.11315684,0.12811485,0.12250824,0.13989863
cloudy,P,word2vec_recipe_40_HOM,0.3178572,0.31327602,0.3773652,0.35878822,0.40097222,0.37359303
maple,P,word2vec_recipe_40_HOM,0.29062998,0.36153412,0.38582742,0.4368492,0.42078736,0.4541655
distract,P,word2vec_recipe_40_HOM,0.11895083,0.11508482,0.13913566,0.13686685,0.1490176,0.14601044
nod,P,word2vec_recipe_40_HOM,0.15927875,0.13698481,0.18124436,0.15448828,0.1914516,0.16888943
horrible,P,word2vec_recipe_40_HOM,0.15586813,0.14158417,0.1793372,0.1581542,0.18993188,0.17060585
orchid,P,word2vec_recipe_40_HOM,0.2145272,0.2476588,0.2722427,0.2916145,0.2989796,0.3069591
fret,H,word2vec_recipe_40_HOM,0.24776375,0.23233469,0.29376176,0.21650133,0.309696,0.22224873
element,P,word2vec_recipe_40_HOM,0.36000007,0.40743798,0.43663856,0.45488578,0.46412206,0.4717373
liable,P,word2vec_recipe_40_HOM,0.14694664,0.14386374,0.17418692,0.16449766,0.18692587,0.17305659
overcoat,M,word2vec_recipe_40_HOM,0.15561253,0.15836126,0.18416889,0.17084365,0.19626695,0.1838356
impression,P,word2vec_recipe_40_HOM,0.39567128,0.46140563,0.49703553,0.4992896,0.52391917,0.492459
vent,P,word2vec_recipe_40_HOM,0.3258319,0.40164495,0.42407808,0.45242578,0.45856917,0.44898272
walnut,P,word2vec_recipe_40_HOM,0.3589984,0.4068341,0.43004763,0.37719786,0.450687,0.37129882
tribute,P,word2vec_recipe_40_HOM,0.11410385,0.12681635,0.13881798,0.15287283,0.14865763,0.16575739
wager,P,word2vec_recipe_40_HOM,0.10192804,0.09895976,0.12375852,0.12672521,0.13454916,0.13816561
inventory,P,word2vec_recipe_40_HOM,0.11063957,0.11034176,0.1299998,0.1399505,0.13868968,0.1541876
wiggle,P,word2vec_recipe_40_HOM,0.3391928,0.36463645,0.398648,0.37381297,0.41992292,0.38759786
aggressive,P,word2vec_recipe_40_HOM,0.22594285,0.22228311,0.2676671,0.25291395,0.28739113,0.26365688
bamboo,P,word2vec_recipe_40_HOM,0.34803385,0.42119446,0.43553847,0.482231,0.4672203,0.47439462
clown,P,word2vec_recipe_40_HOM,0.1569031,0.19163916,0.19771165,0.24321677,0.21771772,0.26730996
hassle,P,word2vec_recipe_40_HOM,0.22888175,0.15817049,0.2575972,0.17008346,0.26963565,0.1737897
hydraulic,P,word2vec_recipe_40_HOM,0.26613104,0.30358297,0.31156588,0.33078966,0.3301017,0.34165964
chocolate,P,word2vec_recipe_40_HOM,0.19705041,0.28140885,0.29229477,0.377563,0.3318596,0.388272
volume,P,word2vec_recipe_40_HOM,0.32197005,0.34203202,0.42909536,0.44754595,0.46774235,0.487086
plantation,P,word2vec_recipe_40_HOM,0.20328522,0.1977231,0.23225415,0.20798853,0.24625164,0.20512894
lamp,P,word2vec_recipe_40_HOM,0.32370007,0.30136424,0.36803448,0.34236154,0.38348445,0.33931807
shelter,P,word2vec_recipe_40_HOM,0.16800272,0.19218975,0.19521885,0.22513562,0.20685314,0.2350894
salary,M,word2vec_recipe_40_HOM,0.21874976,0.24864031,0.24914551,0.29566804,0.26231733,0.3139409
vanish,P,word2vec_recipe_40_HOM,0.19242015,0.14468226,0.2233905,0.1664523,0.23511629,0.17992155
fanatic,P,word2vec_recipe_40_HOM,0.11225865,0.107633464,0.13096736,0.13865422,0.13991962,0.14875247
leech,P,word2vec_recipe_40_HOM,0.17823665,0.16657774,0.20712245,0.1888073,0.21870205,0.19815339
notebook,M,word2vec_recipe_40_HOM,0.22980721,0.23082203,0.26604554,0.27242503,0.27920026,0.2840462
driver,P,word2vec_recipe_40_HOM,0.22493067,0.25431728,0.26900283,0.29631513,0.28999442,0.31783012
sympathy,P,word2vec_recipe_40_HOM,0.26955447,0.2892904,0.41341403,0.3562216,0.46481812,0.3678804
priest,P,word2vec_recipe_40_HOM,0.13357428,0.13483979,0.1561303,0.1611369,0.16628833,0.17785767
reap,P,word2vec_recipe_40_HOM,0.117228985,0.12020523,0.13681415,0.13679324,0.14680381,0.151387
communion,P,word2vec_recipe_40_HOM,0.17961992,0.19482063,0.23324515,0.2360477,0.2567255,0.24365872
ladder,P,word2vec_recipe_40_HOM,0.24429496,0.23777169,0.28070408,0.28042203,0.29827908,0.29891706
defeat,P,word2vec_recipe_40_HOM,0.150808,0.12468927,0.17026635,0.14069505,0.17899448,0.14946856
bitter,P,word2vec_recipe_40_HOM,0.30988976,0.30402252,0.3665206,0.3158718,0.38929802,0.33833045
maintain,P,word2vec_recipe_40_HOM,0.37369442,0.45784035,0.4674942,0.51603943,0.49764687,0.49831176
dainty,P,word2vec_recipe_40_HOM,0.33828372,0.36948803,0.379629,0.38322854,0.3979323,0.39179644
fuzz,M,word2vec_recipe_40_HOM,0.2629456,0.26433876,0.3254105,0.3456938,0.35565332,0.3891186
medium,P,word2vec_recipe_40_HOM,0.27379674,0.3515983,0.3972398,0.40217006,0.43921226,0.41133
tact,M,word2vec_recipe_40_HOM,0.32761654,0.35284084,0.38399106,0.35890386,0.40611362,0.37857008
former,H,word2vec_recipe_40_HOM,0.22327766,0.14862579,0.25168544,0.1793395,0.26470032,0.18934824
doll,P,word2vec_recipe_40_HOM,0.21247026,0.20050596,0.27663347,0.27454945,0.30694523,0.3098102
rail,H,word2vec_recipe_40_HOM,0.19582757,0.2090125,0.2237532,0.23371904,0.23456353,0.2408347
slab,P,word2vec_recipe_40_HOM,0.42450666,0.37757125,0.47726205,0.3618893,0.49584022,0.37697473
potion,M,word2vec_recipe_40_HOM,0.25874788,0.22135487,0.3001157,0.2584202,0.31465563,0.28543296
musical,P,word2vec_recipe_40_HOM,0.15541871,0.17284775,0.19339117,0.22455552,0.20839335,0.23657915
turnout,P,word2vec_recipe_40_HOM,0.23475485,0.25216952,0.27432835,0.29173678,0.29180756,0.30085644
guilty,P,word2vec_recipe_40_HOM,0.17735237,0.16841726,0.20467016,0.17590554,0.2155649,0.17710306
divide,P,word2vec_recipe_40_HOM,0.35172063,0.39597726,0.48872834,0.4831539,0.5253729,0.49291182
landmark,P,word2vec_recipe_40_HOM,0.12019088,0.1448181,0.14305153,0.17009164,0.1515679,0.1816645
blade,P,word2vec_recipe_40_HOM,0.3088634,0.36014497,0.3977071,0.4498245,0.4383986,0.49721533
buttermilk,P,word2vec_recipe_40_HOM,0.33680624,0.29123047,0.39486313,0.32307786,0.4212976,0.34586248
comfort,P,word2vec_recipe_40_HOM,0.32680124,0.33915952,0.3657359,0.3232439,0.37923595,0.325202
blueberry,P,word2vec_recipe_40_HOM,0.23264584,0.28235355,0.31175038,0.3083517,0.33848107,0.32617733
rise,P,word2vec_recipe_40_HOM,0.29005727,0.32599205,0.41262448,0.4501564,0.46147567,0.49041808
ocean,P,word2vec_recipe_40_HOM,0.32949904,0.28614122,0.3761489,0.32579207,0.39356697,0.3312248
dribble,P,word2vec_recipe_40_HOM,0.39891624,0.45934394,0.4685499,0.42655197,0.49151844,0.42863888
nurse,P,word2vec_recipe_40_HOM,0.16418473,0.1731301,0.18871853,0.20307893,0.19904013,0.20853935
bedtime,M,word2vec_recipe_40_HOM,0.27036893,0.29122764,0.32460916,0.32273,0.3450366,0.33160454
starch,P,word2vec_recipe_40_HOM,0.35789618,0.40454513,0.45715687,0.48871982,0.4875683,0.49807656
spank,H,word2vec_recipe_40_HOM,0.28231865,0.23759522,0.32303646,0.27535087,0.3385064,0.28745055
downright,P,word2vec_recipe_40_HOM,0.15053894,0.14488587,0.1769564,0.16326115,0.18861225,0.16997617
undo,P,word2vec_recipe_40_HOM,0.25982824,0.25510722,0.30632296,0.2887595,0.32587823,0.30187753
unstable,P,word2vec_recipe_40_HOM,0.17552985,0.16182384,0.20286235,0.18274334,0.21410573,0.19150336
strive,P,word2vec_recipe_40_HOM,0.13472235,0.10517753,0.1555638,0.12961589,0.16535321,0.14532603
stew,P,word2vec_recipe_40_HOM,0.29675397,0.41530815,0.36847526,0.3935748,0.39758384,0.37917995
flat,H,word2vec_recipe_40_HOM,0.35459542,0.34640488,0.39561763,0.34694117,0.41245162,0.34710532
cube,H,word2vec_recipe_40_HOM,0.39804274,0.39853984,0.47999373,0.45743033,0.5057927,0.46457827
submit,P,word2vec_recipe_40_HOM,0.10926912,0.10804408,0.1290933,0.12741457,0.13828446,0.14211807
nowadays,P,word2vec_recipe_40_HOM,0.13916802,0.13348389,0.16572866,0.15837935,0.17744616,0.16700266
mound,P,word2vec_recipe_40_HOM,0.37701252,0.51268613,0.457233,0.50459594,0.48542798,0.48038456
leap,P,word2vec_recipe_40_HOM,0.17594507,0.11687971,0.20885323,0.1894957,0.22220354,0.203378
inhale,P,word2vec_recipe_40_HOM,0.26945502,0.28013816,0.3171526,0.27553135,0.33568925,0.2759056
redo,P,word2vec_recipe_40_HOM,0.22692545,0.1558793,0.25565538,0.18156335,0.26696876,0.18735582
sponge,P,word2vec_recipe_40_HOM,0.32063973,0.39677522,0.39402297,0.42347306,0.41648132,0.412158
spell,H,word2vec_recipe_40_HOM,0.17725673,0.17053913,0.20550138,0.19176494,0.21782598,0.20096523
successful,P,word2vec_recipe_40_HOM,0.22444275,0.17083973,0.25336576,0.18749253,0.2639292,0.1976098
charcoal,P,word2vec_recipe_40_HOM,0.241461,0.32899612,0.34858257,0.3951322,0.4071617,0.43200478
attachment,P,word2vec_recipe_40_HOM,0.27252334,0.32951114,0.42215374,0.43671846,0.47812217,0.4874625
teeny,M,word2vec_recipe_40_HOM,0.39280564,0.39928094,0.44489715,0.40826598,0.46149227,0.40047252
resource,P,word2vec_recipe_40_HOM,0.10077797,0.1047903,0.12444376,0.1357906,0.13445288,0.14418088
invite,P,word2vec_recipe_40_HOM,0.24830261,0.24536344,0.30758673,0.2855968,0.33103988,0.2842434
threaten,P,word2vec_recipe_40_HOM,0.31895316,0.26665333,0.36644074,0.3078812,0.38538873,0.3157926
girdle,P,word2vec_recipe_40_HOM,0.25971165,0.2096254,0.28913188,0.2339034,0.30092466,0.23186746
rookie,P,word2vec_recipe_40_HOM,0.15048632,0.16104122,0.17740381,0.1837243,0.18861853,0.19792247
snack,P,word2vec_recipe_40_HOM,0.30144462,0.37027702,0.36612502,0.41603085,0.39226928,0.42682177
clock,H,word2vec_recipe_40_HOM,0.36325383,0.3384443,0.400933,0.35284624,0.41501313,0.34685716
terrible,P,word2vec_recipe_40_HOM,0.17229679,0.16103955,0.19700001,0.17909284,0.20927727,0.18620041
film,P,word2vec_recipe_40_HOM,0.33201018,0.30494952,0.43605205,0.397582,0.4676702,0.41619366
ribbon,P,word2vec_recipe_40_HOM,0.37153497,0.4064601,0.42799157,0.36169422,0.4478968,0.37199098
mint,H,word2vec_recipe_40_HOM,0.27776617,0.323687,0.34228143,0.3998558,0.37246883,0.41945624
dizzy,P,word2vec_recipe_40_HOM,0.15197766,0.1585424,0.17620893,0.18733636,0.1866056,0.19937934
smooth,P,word2vec_recipe_40_HOM,0.26441914,0.3305614,0.36190295,0.39848834,0.39504582,0.4011926
spice,P,word2vec_recipe_40_HOM,0.37289208,0.39881378,0.4414605,0.41469046,0.46641845,0.43405542
awaken,P,word2vec_recipe_40_HOM,0.2076927,0.22406502,0.24750689,0.23055254,0.2617763,0.22464424
minimum,P,word2vec_recipe_40_HOM,0.35993725,0.31031367,0.43928963,0.37085623,0.47179943,0.3952177
excitement,P,word2vec_recipe_40_HOM,0.1226967,0.13038713,0.14320318,0.14436087,0.15171678,0.1492049
ghastly,P,word2vec_recipe_40_HOM,0.17850868,0.18593715,0.20715722,0.2231481,0.21896926,0.23919547
wallet,M,word2vec_recipe_40_HOM,0.14597528,0.1255173,0.16577667,0.14769389,0.17550094,0.15500072
nephew,M,word2vec_recipe_40_HOM,0.10519816,0.10606708,0.12512293,0.13880543,0.13627936,0.15819225
waffle,H,word2vec_recipe_40_HOM,0.31766993,0.40477097,0.4528926,0.5244918,0.50036985,0.534808
fighter,P,word2vec_recipe_40_HOM,0.18434441,0.16973309,0.21543837,0.20804892,0.2268489,0.21781133
clap,P,word2vec_recipe_40_HOM,0.32480186,0.36175397,0.38045096,0.37902534,0.40198132,0.40447876
imply,P,word2vec_recipe_40_HOM,0.11770584,0.11330308,0.13844556,0.13496459,0.1480976,0.1465015
fit,H,word2vec_recipe_40_HOM,0.3844964,0.46116355,0.44722554,0.40827763,0.46691978,0.37385997
parrot,P,word2vec_recipe_40_HOM,0.21579523,0.22241543,0.24887042,0.25653028,0.2618748,0.25838262
diarrhea,M,word2vec_recipe_40_HOM,0.12783596,0.14228764,0.15127806,0.15411048,0.16185677,0.17080404
applause,P,word2vec_recipe_40_HOM,0.1860269,0.16585003,0.22831213,0.19800235,0.24488346,0.21203923
grinder,P,word2vec_recipe_40_HOM,0.2673554,0.30769515,0.38608456,0.38753062,0.44002086,0.44812235
breast,P,word2vec_recipe_40_HOM,0.25467202,0.35965753,0.3360593,0.44773614,0.3772313,0.46661982
ego,P,word2vec_recipe_40_HOM,0.08483476,0.08940857,0.10051503,0.1163844,0.10803945,0.12975748
policy,H,word2vec_recipe_40_HOM,0.14476271,0.14891505,0.17005213,0.15453441,0.1812146,0.16008154
private,P,word2vec_recipe_40_HOM,0.14066598,0.13929778,0.17087784,0.17275465,0.18298233,0.18531479
mystery,P,word2vec_recipe_40_HOM,0.20134945,0.14392184,0.23306629,0.15965104,0.24770428,0.18322156
hose,P,word2vec_recipe_40_HOM,0.19950834,0.25283173,0.24830505,0.31897035,0.27134562,0.3381133
boa,P,word2vec_recipe_40_HOM,0.17791317,0.17545734,0.20793045,0.2144079,0.22011437,0.22734326
clearance,P,word2vec_recipe_40_HOM,0.32029444,0.33658051,0.37191296,0.3370287,0.3916809,0.36142525
genius,P,word2vec_recipe_40_HOM,0.16374545,0.15007067,0.18885681,0.15783365,0.20000641,0.17311129
boil,H,word2vec_recipe_40_HOM,0.3333761,0.32887512,0.41741177,0.35656855,0.4504043,0.38208032
idiot,P,word2vec_recipe_40_HOM,0.22277722,0.19869667,0.25544322,0.23230194,0.2698125,0.243357
meal,H,word2vec_recipe_40_HOM,0.41276026,0.5080523,0.4827923,0.52101225,0.5092802,0.5209444
neat,P,word2vec_recipe_40_HOM,0.25974545,0.25399655,0.3139924,0.28490096,0.3330806,0.29212904
cupboard,M,word2vec_recipe_40_HOM,0.27065524,0.3357138,0.35429233,0.37826744,0.37864715,0.37909603
folk,P,word2vec_recipe_40_HOM,0.42105222,0.44141677,0.4677229,0.43440616,0.48455542,0.42012563
suggest,P,word2vec_recipe_40_HOM,0.304433,0.32497737,0.36906517,0.295577,0.38861093,0.27102813
extensive,P,word2vec_recipe_40_HOM,0.10219592,0.10349989,0.120363325,0.12859038,0.12821509,0.13898832
mushy,P,word2vec_recipe_40_HOM,0.29607648,0.33497864,0.36280444,0.38416073,0.38938254,0.37952188
vomit,P,word2vec_recipe_40_HOM,0.14962563,0.16270077,0.17528148,0.19733751,0.18631487,0.21283469
daytime,M,word2vec_recipe_40_HOM,0.17436913,0.18836875,0.20696259,0.22262871,0.22279936,0.23361944
prostate,P,word2vec_recipe_40_HOM,0.10080232,0.11259467,0.1239028,0.14424013,0.13584739,0.15821828
horizontal,M,word2vec_recipe_40_HOM,0.26457846,0.30697346,0.3281408,0.3439886,0.355635,0.35675907
fuss,P,word2vec_recipe_40_HOM,0.31477645,0.29150945,0.35918632,0.2903659,0.37631536,0.2921223
fiber,P,word2vec_recipe_40_HOM,0.19286579,0.18840335,0.2554171,0.15409985,0.27493787,0.13364495
fame,P,word2vec_recipe_40_HOM,0.15355825,0.12959562,0.17527914,0.15164277,0.18593161,0.17013367
mule,H,word2vec_recipe_40_HOM,0.1364232,0.1396194,0.17959395,0.19523978,0.20343101,0.23275271
lagoon,P,word2vec_recipe_40_HOM,0.194298,0.16690475,0.23883985,0.2262927,0.26011002,0.25586104
crank,P,word2vec_recipe_40_HOM,0.41462612,0.44867587,0.47902185,0.4472644,0.5009698,0.44737944
immediate,P,word2vec_recipe_40_HOM,0.36598462,0.33967057,0.4255161,0.35054278,0.44554645,0.34833
letter,P,word2vec_recipe_40_HOM,0.35988,0.40331897,0.43129897,0.41208068,0.45614564,0.40957135
distant,P,word2vec_recipe_40_HOM,0.106390096,0.11136995,0.12600012,0.13818727,0.13508253,0.15257159
shrink,P,word2vec_recipe_40_HOM,0.35195687,0.43323097,0.4303134,0.4019602,0.4540002,0.37350956
upward,P,word2vec_recipe_40_HOM,0.24685629,0.28535247,0.31207195,0.33103642,0.33521158,0.33605912
dip,P,word2vec_recipe_40_HOM,0.42149258,0.48130217,0.49027413,0.46847612,0.51387626,0.46993634
functional,P,word2vec_recipe_40_HOM,0.092843495,0.10373177,0.11012555,0.12840861,0.118629456,0.14244154
chest,P,word2vec_recipe_40_HOM,0.30761853,0.30288652,0.35938057,0.33660698,0.38035592,0.36301255
carefree,M,word2vec_recipe_40_HOM,0.1640732,0.15065055,0.18602344,0.16922307,0.19534034,0.1835022
slot,P,word2vec_recipe_40_HOM,0.37411052,0.39821082,0.43639034,0.44557256,0.45795482,0.44013536
campfire,P,word2vec_recipe_40_HOM,0.3656035,0.383566,0.44637123,0.44156152,0.47429398,0.45552516
intestine,P,word2vec_recipe_40_HOM,0.19800302,0.20752102,0.27535585,0.30730262,0.30876374,0.34880045
linen,P,word2vec_recipe_40_HOM,0.25078323,0.28187612,0.37189493,0.39992782,0.4229685,0.43299723
value,P,word2vec_recipe_40_HOM,0.2209379,0.13315848,0.27432778,0.25115365,0.30171555,0.2684722
beg,P,word2vec_recipe_40_HOM,0.1231115,0.112454414,0.14554955,0.1371995,0.15623793,0.14968875
shoulder,P,word2vec_recipe_40_HOM,0.2123272,0.3035939,0.30899996,0.39016992,0.34649548,0.39691505
cheerful,P,word2vec_recipe_40_HOM,0.17719384,0.14649662,0.20138183,0.18135737,0.21161297,0.18726853
jury,P,word2vec_recipe_40_HOM,0.088375196,0.102863796,0.10600931,0.122968554,0.1145093,0.13702212
roast,P,word2vec_recipe_40_HOM,0.2977293,0.34668353,0.3790271,0.41917682,0.41231832,0.4221726
restore,P,word2vec_recipe_40_HOM,0.3778021,0.38798064,0.43803728,0.39575338,0.45823058,0.39693642
classroom,M,word2vec_recipe_40_HOM,0.18089925,0.20202719,0.21608774,0.22925322,0.23114954,0.2371545
millimeter,M,word2vec_recipe_40_HOM,0.21095625,0.1930675,0.25430667,0.23064081,0.27474952,0.25248978
defective,P,word2vec_recipe_40_HOM,0.29522642,0.34954506,0.35237995,0.40714562,0.3770601,0.412804
humidity,P,word2vec_recipe_40_HOM,0.29271522,0.28595102,0.36480415,0.32331157,0.38912886,0.32721913
dwarf,P,word2vec_recipe_40_HOM,0.21629372,0.26659933,0.24759735,0.28197587,0.2598928,0.29596618
cheek,P,word2vec_recipe_40_HOM,0.33447343,0.37005505,0.38505736,0.38883495,0.4024269,0.39799893
appetite,P,word2vec_recipe_40_HOM,0.2674667,0.31706488,0.32024062,0.3245926,0.3413536,0.307773
recommend,P,word2vec_recipe_40_HOM,0.2626365,0.29209873,0.34912658,0.29618436,0.37349677,0.28323448
powerful,P,word2vec_recipe_40_HOM,0.29007915,0.30556148,0.35116056,0.39087856,0.37313157,0.3906735
consistent,P,word2vec_recipe_40_HOM,0.32784846,0.33712387,0.39793313,0.37731963,0.42400524,0.39273632
squeaky,M,word2vec_recipe_40_HOM,0.2842865,0.28861758,0.32493636,0.29354408,0.34074607,0.2895869
wreath,P,word2vec_recipe_40_HOM,0.26483995,0.30598375,0.33182517,0.37251276,0.3594757,0.37965557
worldwide,P,word2vec_recipe_40_HOM,0.1349589,0.13940673,0.15542965,0.16234227,0.16389413,0.17036125
teacher,M,word2vec_recipe_40_HOM,0.10590889,0.11362973,0.12958655,0.14508171,0.14261173,0.15615553
improper,P,word2vec_recipe_40_HOM,0.14182258,0.15822235,0.1686625,0.17331585,0.1787268,0.18078299
puddle,P,word2vec_recipe_40_HOM,0.37637106,0.43107805,0.4392443,0.4321955,0.45968026,0.4310938
despair,P,word2vec_recipe_40_HOM,0.17634861,0.16639271,0.20466857,0.17031386,0.21760073,0.18883747
purgatory,P,word2vec_recipe_40_HOM,0.2428627,0.24384308,0.29833886,0.23825246,0.3163821,0.24540944
dirt,P,word2vec_recipe_40_HOM,0.34387496,0.35848165,0.43621936,0.45819634,0.46724373,0.4741841
pupil,H,word2vec_recipe_40_HOM,0.20941377,0.19855419,0.278358,0.2688408,0.31205508,0.28978243
spatter,P,word2vec_recipe_40_HOM,0.2902158,0.34989864,0.39328218,0.42443848,0.42679396,0.43536085
oasis,P,word2vec_recipe_40_HOM,0.18765955,0.21110547,0.22517237,0.24710427,0.24073742,0.26324162
serum,P,word2vec_recipe_40_HOM,0.16238123,0.1881474,0.19365528,0.22297795,0.20530571,0.22947842
silk,P,word2vec_recipe_40_HOM,0.40123516,0.43273315,0.48002157,0.47273654,0.5049814,0.48003158
pooch,M,word2vec_recipe_40_HOM,0.19010505,0.17955984,0.21971558,0.2083268,0.23324925,0.22102429
smash,P,word2vec_recipe_40_HOM,0.2908786,0.40905774,0.41464043,0.51005304,0.46129978,0.5133404
handsome,P,word2vec_recipe_40_HOM,0.27701515,0.30036306,0.31028295,0.28231636,0.32401848,0.2757357
criticism,P,word2vec_recipe_40_HOM,0.19466272,0.1686935,0.22725971,0.1864222,0.2385407,0.18810141
telegram,M,word2vec_recipe_40_HOM,0.13078547,0.13347343,0.15789792,0.16416563,0.16885538,0.1783021
accelerate,P,word2vec_recipe_40_HOM,0.22122368,0.25790343,0.27886158,0.2785405,0.2991731,0.29055375
trifle,P,word2vec_recipe_40_HOM,0.3541985,0.4204314,0.43539697,0.45218545,0.46066248,0.43815902
drift,P,word2vec_recipe_40_HOM,0.22877088,0.14551388,0.2570858,0.17589767,0.26789978,0.18376094
slit,P,word2vec_recipe_40_HOM,0.31468707,0.34545746,0.3936733,0.38702187,0.4249054,0.39723948
intend,P,word2vec_recipe_40_HOM,0.34784642,0.36064476,0.41868398,0.31413925,0.438933,0.30468634
obvious,P,word2vec_recipe_40_HOM,0.25115135,0.25469,0.29395905,0.28597876,0.3098694,0.2765824
bran,M,word2vec_recipe_40_HOM,0.28344238,0.34535268,0.39155152,0.41514087,0.43215913,0.4323162
candle,P,word2vec_recipe_40_HOM,0.36518532,0.37743297,0.4339502,0.45194015,0.45837823,0.4588087
chore,P,word2vec_recipe_40_HOM,0.11192159,0.10566191,0.13141128,0.13015833,0.14027168,0.13938354
ignore,M,word2vec_recipe_40_HOM,0.27088064,0.17325413,0.30227473,0.19037274,0.31501684,0.19732903
regal,P,word2vec_recipe_40_HOM,0.21236615,0.18288393,0.2400948,0.19953692,0.25072423,0.2075644
initial,P,word2vec_recipe_40_HOM,0.28710875,0.25271228,0.33056584,0.28231412,0.34771684,0.2903649
hunger,P,word2vec_recipe_40_HOM,0.16359131,0.14670315,0.19905207,0.17242989,0.2122041,0.17979515
liberate,P,word2vec_recipe_40_HOM,0.19083282,0.21560793,0.22091326,0.23243932,0.2321201,0.23635057
caramel,P,word2vec_recipe_40_HOM,0.30164623,0.3505911,0.3755997,0.40635777,0.4059447,0.40652207
windmill,P,word2vec_recipe_40_HOM,0.22213478,0.20809467,0.26256004,0.25554428,0.28077164,0.28322497
roller,P,word2vec_recipe_40_HOM,0.33208823,0.39814442,0.42629543,0.45745668,0.45953223,0.46031055
darn,H,word2vec_recipe_40_HOM,0.20575567,0.22000577,0.25117445,0.24207969,0.27060196,0.2499262
manger,M,word2vec_recipe_40_HOM,0.12539823,0.13196713,0.14335814,0.14980447,0.15222129,0.15957631
raft,H,word2vec_recipe_40_HOM,0.35629255,0.32392517,0.40099117,0.37728667,0.41857946,0.37792018
ketchup,M,word2vec_recipe_40_HOM,0.26193303,0.27768484,0.35684693,0.36422372,0.39538392,0.3898854
equation,P,word2vec_recipe_40_HOM,0.1286782,0.1266983,0.14783326,0.154616,0.15705286,0.16906756
novel,H,word2vec_recipe_40_HOM,0.09205113,0.09475987,0.11457604,0.13183649,0.124545,0.14450793
salad,P,word2vec_recipe_40_HOM,0.2958354,0.3509252,0.35719848,0.3561189,0.38070014,0.34530738
newspaper,P,word2vec_recipe_40_HOM,0.34298375,0.34654778,0.4085655,0.39824325,0.43247974,0.40941605
flask,P,word2vec_recipe_40_HOM,0.25205487,0.30269,0.2989708,0.34500507,0.31951427,0.37296504
toothpaste,M,word2vec_recipe_40_HOM,0.33140254,0.32591382,0.38446355,0.3922408,0.40253985,0.39277494
nuisance,M,word2vec_recipe_40_HOM,0.18367442,0.1451986,0.21086754,0.1638683,0.22144513,0.16764976
disagree,P,word2vec_recipe_40_HOM,0.0749823,0.09533776,0.092095844,0.113088645,0.10183429,0.12723793
station,P,word2vec_recipe_40_HOM,0.4340887,0.4884374,0.52253133,0.5108828,0.543572,0.4967194
entrance,H,word2vec_recipe_40_HOM,0.18178707,0.18888173,0.21979535,0.23452051,0.23835175,0.2649399
signature,P,word2vec_recipe_40_HOM,0.29082352,0.29030025,0.32742816,0.3069665,0.3404164,0.31159532
ridge,P,word2vec_recipe_40_HOM,0.32957956,0.3662079,0.38340637,0.37737748,0.40485153,0.38573477
bless,P,word2vec_recipe_40_HOM,0.16631241,0.13853185,0.19288276,0.14981185,0.20611162,0.16138192
hatch,H,word2vec_recipe_40_HOM,0.34404448,0.28653327,0.39131942,0.33955,0.40968013,0.36543882
iodine,P,word2vec_recipe_40_HOM,0.11903651,0.09777315,0.21198192,0.252979,0.24702966,0.2900081
manual,P,word2vec_recipe_40_HOM,0.3037442,0.3212426,0.39636204,0.42232728,0.43728006,0.4689815
hangover,M,word2vec_recipe_40_HOM,0.28984147,0.23054203,0.32408887,0.2528877,0.33737198,0.26543885
session,P,word2vec_recipe_40_HOM,0.28797987,0.2885771,0.3310881,0.26111555,0.34699926,0.25974312
freak,H,word2vec_recipe_40_HOM,0.22087702,0.14784509,0.26068595,0.18725944,0.2760237,0.20191039
gum,H,word2vec_recipe_40_HOM,0.3018492,0.28887725,0.39524925,0.38778058,0.42955947,0.43678126
invoke,P,word2vec_recipe_40_HOM,0.13442162,0.13641615,0.15794769,0.16020611,0.16695248,0.16610992
curse,P,word2vec_recipe_40_HOM,0.085440025,0.1000591,0.102914706,0.120529406,0.11145323,0.13399075
allergy,M,word2vec_recipe_40_HOM,0.2209911,0.24678946,0.2714274,0.2743281,0.28868496,0.27826294
prompt,P,word2vec_recipe_40_HOM,0.11819372,0.11959711,0.13820255,0.14035349,0.14673385,0.15074998
groove,P,word2vec_recipe_40_HOM,0.2727931,0.30911705,0.3264043,0.33742222,0.3485659,0.3349223
brag,P,word2vec_recipe_40_HOM,0.19365814,0.16123486,0.22248371,0.19720265,0.23355608,0.21284775
theme,P,word2vec_recipe_40_HOM,0.23814325,0.23008196,0.2739537,0.26357365,0.28744224,0.25607523
election,P,word2vec_recipe_40_HOM,0.17915745,0.1704377,0.20559509,0.18376933,0.2165239,0.1905799
karate,M,word2vec_recipe_40_HOM,0.15209997,0.144433,0.17318258,0.15723623,0.18197204,0.1653893
extension,P,word2vec_recipe_40_HOM,0.1921498,0.17048617,0.22549838,0.1865829,0.23752333,0.20321625
sky,P,word2vec_recipe_40_HOM,0.4326454,0.35655868,0.48571858,0.37384543,0.50148535,0.3733655
yen,H,word2vec_recipe_40_HOM,0.29871896,0.32467705,0.3452492,0.33913487,0.3635579,0.34140727
cathedral,P,word2vec_recipe_40_HOM,0.1640366,0.16614492,0.20324685,0.19784795,0.22083145,0.21715637
lateral,P,word2vec_recipe_40_HOM,0.16927144,0.20136295,0.21066128,0.26280078,0.23190674,0.28622037
cardboard,M,word2vec_recipe_40_HOM,0.29882383,0.27151263,0.35363075,0.32573706,0.37238616,0.34654826
discover,P,word2vec_recipe_40_HOM,0.12706283,0.10917105,0.14637154,0.13263945,0.1557331,0.14676453
zip,H,word2vec_recipe_40_HOM,0.17989777,0.1971612,0.33193383,0.30757976,0.40934253,0.40350223
alligator,M,word2vec_recipe_40_HOM,0.33659765,0.40065318,0.38125458,0.38845322,0.39851752,0.372984
dedication,P,word2vec_recipe_40_HOM,0.15229234,0.13884094,0.174613,0.15946428,0.18422867,0.17973
crutch,P,word2vec_recipe_40_HOM,0.1791326,0.16260487,0.20769276,0.19073206,0.21975988,0.19812562
gross,P,word2vec_recipe_40_HOM,0.2083418,0.22138432,0.256825,0.237967,0.2746295,0.23169973
behalf,P,word2vec_recipe_40_HOM,0.17493404,0.15071246,0.2119559,0.17881636,0.22870569,0.19885775
fist,P,word2vec_recipe_40_HOM,0.31896225,0.34827378,0.40891638,0.46196055,0.44336846,0.46163252
clubhouse,M,word2vec_recipe_40_HOM,0.1752443,0.17816876,0.19696867,0.20340896,0.20757228,0.21022153
coil,H,word2vec_recipe_40_HOM,0.22219455,0.28094417,0.29740763,0.33111092,0.32609862,0.3384276
bait,P,word2vec_recipe_40_HOM,0.2621912,0.24023438,0.29523894,0.23482327,0.3074946,0.23821802
activate,P,word2vec_recipe_40_HOM,0.30740026,0.37155402,0.4061123,0.4622331,0.44168007,0.48703024
difficult,P,word2vec_recipe_40_HOM,0.28141248,0.228398,0.33308694,0.24599558,0.34974515,0.2417936
tiara,P,word2vec_recipe_40_HOM,0.2213066,0.24657796,0.26419237,0.29450184,0.2799198,0.3128471
slack,H,word2vec_recipe_40_HOM,0.21010557,0.15390405,0.272684,0.27213857,0.29996738,0.28181052
bleed,P,word2vec_recipe_40_HOM,0.34359345,0.35348922,0.3919306,0.30348504,0.40801415,0.3026104
valve,P,word2vec_recipe_40_HOM,0.35158125,0.35980618,0.4495801,0.46881396,0.48707953,0.5021742
express,P,word2vec_recipe_40_HOM,0.41892046,0.25775796,0.45964187,0.297998,0.47328433,0.31612888
midnight,P,word2vec_recipe_40_HOM,0.27594736,0.2606735,0.3123155,0.2799489,0.3276351,0.29251117
volatile,P,word2vec_recipe_40_HOM,0.1996903,0.21760786,0.24245039,0.23268843,0.25958106,0.24284156
sudden,P,word2vec_recipe_40_HOM,0.2866745,0.22592358,0.32702294,0.23472321,0.3408439,0.23284443
taste,P,word2vec_recipe_40_HOM,0.24499527,0.243043,0.30559903,0.2847338,0.33491477,0.31116235
tub,P,word2vec_recipe_40_HOM,0.36046225,0.4110237,0.43785533,0.46217448,0.46439156,0.45930448
pencil,P,word2vec_recipe_40_HOM,0.2574089,0.27181384,0.30473602,0.3019646,0.32409284,0.30984306
blend,P,word2vec_recipe_40_HOM,0.32082042,0.40029624,0.38775557,0.43904242,0.4126666,0.43730223
survive,P,word2vec_recipe_40_HOM,0.12237954,0.11453512,0.15121445,0.14369522,0.16368546,0.15422851
riot,P,word2vec_recipe_40_HOM,0.18477066,0.17351389,0.21242182,0.20649615,0.22441652,0.22318047
tent,P,word2vec_recipe_40_HOM,0.34823376,0.3933863,0.43877822,0.4178337,0.46680614,0.40893745
polite,P,word2vec_recipe_40_HOM,0.20979443,0.24967629,0.2502596,0.24431482,0.2673391,0.24696316
shower,H,word2vec_recipe_40_HOM,0.40865526,0.37704387,0.46531066,0.4219085,0.48408344,0.4256363
scold,P,word2vec_recipe_40_HOM,0.13507244,0.13566434,0.15854833,0.14639655,0.16806082,0.15806815
ruthless,M,word2vec_recipe_40_HOM,0.15884513,0.18235473,0.18810965,0.21139745,0.20013216,0.22409502
historic,P,word2vec_recipe_40_HOM,0.118954465,0.12109446,0.14227273,0.15457913,0.15345499,0.16891523
convenient,P,word2vec_recipe_40_HOM,0.29172286,0.23726965,0.32757226,0.22794278,0.3411722,0.22662339
tolerant,P,word2vec_recipe_40_HOM,0.15530872,0.14265932,0.17941372,0.1571243,0.18992454,0.16771874
pool,H,word2vec_recipe_40_HOM,0.40093583,0.4747651,0.46699753,0.4863581,0.48754036,0.4613398
icebox,P,word2vec_recipe_40_HOM,0.3617734,0.28972608,0.4016924,0.28457257,0.41764098,0.274042
belief,P,word2vec_recipe_40_HOM,0.13103478,0.12557799,0.15182643,0.13773684,0.16171968,0.14997137
polar,P,word2vec_recipe_40_HOM,0.21620102,0.23471533,0.25674427,0.27960858,0.27263644,0.29465008
handful,P,word2vec_recipe_40_HOM,0.36342555,0.46185413,0.4707278,0.5127236,0.50247335,0.50717014
picky,M,word2vec_recipe_40_HOM,0.19211447,0.1962713,0.22676525,0.20642266,0.24164341,0.20932049
sunglasses,M,word2vec_recipe_40_HOM,0.17644401,0.19049248,0.20805208,0.24041931,0.22212902,0.25605202
rumble,P,word2vec_recipe_40_HOM,0.24130003,0.19152439,0.27139145,0.20394805,0.28304136,0.22303154
tofu,M,word2vec_recipe_40_HOM,0.31184286,0.3489729,0.39414543,0.42078125,0.4240107,0.4201118
scream,P,word2vec_recipe_40_HOM,0.3074182,0.28135484,0.348482,0.31140435,0.36305627,0.3127122
coaster,P,word2vec_recipe_40_HOM,0.22310881,0.23081943,0.2597495,0.28928098,0.27466646,0.3025678
cash,P,word2vec_recipe_40_HOM,0.14466693,0.12655039,0.16791248,0.1468504,0.1784032,0.1594136
mode,H,word2vec_recipe_40_HOM,0.37634525,0.3700251,0.4568871,0.43674928,0.49152038,0.4830332
forum,P,word2vec_recipe_40_HOM,0.14514019,0.13671942,0.16806684,0.16362467,0.1801434,0.17702405
posse,P,word2vec_recipe_40_HOM,0.11971307,0.1408521,0.1544417,0.17865667,0.1693173,0.19517471
swarm,H,word2vec_recipe_40_HOM,0.11936428,0.15207145,0.14061697,0.17259002,0.15052676,0.18220124
compete,P,word2vec_recipe_40_HOM,0.17616962,0.16052431,0.20714428,0.18691339,0.21860164,0.19719167
swell,P,word2vec_recipe_40_HOM,0.36793748,0.44631684,0.44962433,0.47002694,0.47530133,0.46225762
memo,M,word2vec_recipe_40_HOM,0.12690322,0.13720831,0.14661975,0.15512453,0.15727276,0.16634762
motor,P,word2vec_recipe_40_HOM,0.31637186,0.41473854,0.42720595,0.44076753,0.47424683,0.47145092
print,P,word2vec_recipe_40_HOM,0.27257293,0.24320243,0.32195857,0.27991188,0.34401146,0.30493066
patio,P,word2vec_recipe_40_HOM,0.2467366,0.25635186,0.29165354,0.2879713,0.3082434,0.28891274
stump,P,word2vec_recipe_40_HOM,0.21350138,0.20182617,0.25504306,0.25022894,0.27683565,0.28036314
demo,P,word2vec_recipe_40_HOM,0.10973845,0.13226399,0.13671018,0.14379685,0.14753075,0.1518844
lunchtime,M,word2vec_recipe_40_HOM,0.27880937,0.23372215,0.31950182,0.2747236,0.3360966,0.2720752
bird,P,word2vec_recipe_40_HOM,0.23382168,0.30872783,0.34722623,0.42306802,0.39121738,0.4562293
tortoise,P,word2vec_recipe_40_HOM,0.20020513,0.21225412,0.23511244,0.2517492,0.25158212,0.27949402
tomb,P,word2vec_recipe_40_HOM,0.189759,0.20279366,0.22514746,0.23572044,0.23967968,0.24513626
scarecrow,P,word2vec_recipe_40_HOM,0.18543154,0.20096904,0.24134727,0.27015024,0.26565602,0.3010031
phase,P,word2vec_recipe_40_HOM,0.41294938,0.39040488,0.45604625,0.34559244,0.47067374,0.3345726
flop,P,word2vec_recipe_40_HOM,0.37338397,0.3596505,0.42630166,0.3970069,0.44508195,0.4065516
rooster,M,word2vec_recipe_40_HOM,0.27125937,0.24529308,0.3143427,0.30457118,0.33158332,0.31265312
horror,P,word2vec_recipe_40_HOM,0.081186496,0.09490925,0.097144574,0.11722553,0.10637715,0.13230076
compassion,M,word2vec_recipe_40_HOM,0.16158052,0.19935146,0.20677534,0.20104446,0.22292988,0.20938857
confess,P,word2vec_recipe_40_HOM,0.09725317,0.10036241,0.120151326,0.12953576,0.13225625,0.14049245
unleash,M,word2vec_recipe_40_HOM,0.15263912,0.14365587,0.17224044,0.17291145,0.18196404,0.17614675
deodorant,P,word2vec_recipe_40_HOM,0.18293117,0.17304409,0.21776251,0.2024631,0.23134631,0.20915632
tension,P,word2vec_recipe_40_HOM,0.22408083,0.25012368,0.26747382,0.28946012,0.28868133,0.3047409
homesick,M,word2vec_recipe_40_HOM,0.13566898,0.13776584,0.15843844,0.16119574,0.16897196,0.17395253
football,P,word2vec_recipe_40_HOM,0.29632014,0.28201598,0.34454826,0.29608616,0.36558235,0.31923118
thong,P,word2vec_recipe_40_HOM,0.13969317,0.1578852,0.16803952,0.19308819,0.17886244,0.2025948
poodle,M,word2vec_recipe_40_HOM,0.18106784,0.1986052,0.20415774,0.1822521,0.2143869,0.19295232
dangerous,M,word2vec_recipe_40_HOM,0.22497125,0.18390451,0.262157,0.21414424,0.27686787,0.21594797
study,P,word2vec_recipe_40_HOM,0.13172002,0.12584245,0.15540852,0.14727148,0.1668337,0.1642982
pioneer,P,word2vec_recipe_40_HOM,0.2199417,0.2630435,0.27295378,0.30726302,0.29218262,0.31397036
explode,P,word2vec_recipe_40_HOM,0.31625265,0.33659744,0.36721635,0.30658507,0.38560116,0.30030555
distinct,P,word2vec_recipe_40_HOM,0.33050293,0.32626578,0.3860788,0.34724474,0.4069655,0.37058237
crummy,P,word2vec_recipe_40_HOM,0.23737636,0.18430859,0.27288935,0.25523248,0.28562263,0.26662013
choice,P,word2vec_recipe_40_HOM,0.2828382,0.3802783,0.38267052,0.42262495,0.4210809,0.42221895
residual,P,word2vec_recipe_40_HOM,0.36820254,0.33950883,0.41027427,0.33999917,0.42846358,0.35503083
carnival,P,word2vec_recipe_40_HOM,0.2253364,0.18447578,0.25662354,0.19093704,0.2680254,0.2037212
slop,P,word2vec_recipe_40_HOM,0.29437202,0.2468216,0.3388549,0.2826902,0.35655072,0.29039732
thump,P,word2vec_recipe_40_HOM,0.25793213,0.30905706,0.34326336,0.34927133,0.36907792,0.35294738
vest,P,word2vec_recipe_40_HOM,0.22733577,0.24730511,0.25922614,0.2622432,0.27248287,0.27092135
fireplace,P,word2vec_recipe_40_HOM,0.24390247,0.28916457,0.30930966,0.38480452,0.3390755,0.4025937
measure,P,word2vec_recipe_40_HOM,0.40557393,0.36998895,0.46776652,0.4312328,0.48911726,0.45184043
pyramid,P,word2vec_recipe_40_HOM,0.34869117,0.31718287,0.40116224,0.3719514,0.42377722,0.37811866
duck,H,word2vec_recipe_40_HOM,0.23930934,0.3131358,0.33933336,0.4405083,0.37727153,0.4543542
foot,P,word2vec_recipe_40_HOM,0.3271063,0.34702897,0.38328534,0.3599126,0.4044729,0.38460058
dictionary,P,word2vec_recipe_40_HOM,0.11344747,0.112175114,0.134294,0.14218298,0.14410591,0.15937448
disguise,P,word2vec_recipe_40_HOM,0.19337097,0.13610804,0.21844986,0.14893836,0.2286426,0.16028649
mosquito,M,word2vec_recipe_40_HOM,0.17604773,0.18227066,0.2044888,0.21626948,0.21604532,0.2250686
butter,P,word2vec_recipe_40_HOM,0.27009878,0.3103313,0.39548463,0.37335908,0.42983234,0.37845078
horizon,P,word2vec_recipe_40_HOM,0.23535275,0.22717784,0.2705437,0.24999836,0.28329206,0.25618178
blaze,H,word2vec_recipe_40_HOM,0.23884995,0.2902846,0.3327081,0.3802632,0.36426315,0.3841062
student,P,word2vec_recipe_40_HOM,0.16697185,0.19042246,0.19391808,0.19586003,0.20637226,0.20837168
sinful,P,word2vec_recipe_40_HOM,0.2426207,0.260594,0.29495713,0.32799855,0.3153044,0.32730103
build,P,word2vec_recipe_40_HOM,0.40402308,0.41960776,0.4694658,0.4375641,0.49272537,0.45201582
incident,P,word2vec_recipe_40_HOM,0.1367752,0.14877202,0.15803784,0.18412946,0.16813217,0.19816373
aside,P,word2vec_recipe_40_HOM,0.41189638,0.46305305,0.49872845,0.43258482,0.52365005,0.42424154
unlikely,P,word2vec_recipe_40_HOM,0.31123662,0.2334664,0.3516855,0.24067624,0.36653548,0.24364083
picnic,P,word2vec_recipe_40_HOM,0.28848585,0.31908965,0.35196745,0.36318097,0.3751651,0.37581432
pasture,P,word2vec_recipe_40_HOM,0.12607822,0.11535942,0.14441982,0.13417415,0.15346874,0.1475862
group,P,word2vec_recipe_40_HOM,0.3567689,0.29067576,0.40542388,0.29560193,0.42360526,0.3005172
precious,P,word2vec_recipe_40_HOM,0.26092994,0.20919886,0.29513016,0.22193596,0.3094033,0.23528655
depot,P,word2vec_recipe_40_HOM,0.1572574,0.14966458,0.18430723,0.16657113,0.19514456,0.17813815
portal,P,word2vec_recipe_40_HOM,0.14724626,0.1636324,0.16609982,0.19027904,0.17475353,0.19818573
outdoors,P,word2vec_recipe_40_HOM,0.25948903,0.28545856,0.32307824,0.3739881,0.34915057,0.39085424
toil,H,word2vec_recipe_40_HOM,0.24910598,0.23765904,0.27878243,0.25618094,0.29060447,0.2618773
monitor,P,word2vec_recipe_40_HOM,0.29709268,0.38265246,0.3588352,0.39337638,0.38375953,0.40262356
dilemma,P,word2vec_recipe_40_HOM,0.13724414,0.12846111,0.16099049,0.15665486,0.17040718,0.1642519
gadget,M,word2vec_recipe_40_HOM,0.20322756,0.21032043,0.24460974,0.21967703,0.2604226,0.2169915
sample,P,word2vec_recipe_40_HOM,0.33801442,0.3906291,0.4110061,0.3579394,0.43206742,0.34549552
staple,H,word2vec_recipe_40_HOM,0.317828,0.28385141,0.3593325,0.3172264,0.37550247,0.31807423
drain,P,word2vec_recipe_40_HOM,0.37918532,0.37904128,0.45896512,0.39875624,0.48600397,0.39948654
buffer,H,word2vec_recipe_40_HOM,0.18298347,0.19579197,0.21397719,0.22466762,0.22728464,0.23340678
success,P,word2vec_recipe_40_HOM,0.26713875,0.1911537,0.29586414,0.19613343,0.30792186,0.20187512
witness,P,word2vec_recipe_40_HOM,0.09954015,0.09996325,0.11898036,0.12813549,0.12764555,0.14080139
thumb,P,word2vec_recipe_40_HOM,0.25747618,0.34949738,0.37440005,0.45868778,0.41761166,0.46017045
velvet,P,word2vec_recipe_40_HOM,0.30043358,0.25685444,0.3523363,0.2530301,0.37043998,0.25688586
stingy,P,word2vec_recipe_40_HOM,0.28997475,0.24872902,0.34694356,0.23887677,0.3645629,0.2415316
parade,P,word2vec_recipe_40_HOM,0.16032305,0.15321198,0.1845302,0.18846805,0.19508493,0.20164809
necklace,M,word2vec_recipe_40_HOM,0.20738551,0.20893255,0.25155044,0.25520197,0.2696024,0.27766946
arise,P,word2vec_recipe_40_HOM,0.22197278,0.20506972,0.2574015,0.23158538,0.27274895,0.25050494
anal,P,word2vec_recipe_40_HOM,0.1470852,0.15717785,0.1727167,0.17513257,0.18285076,0.1892684
cook,P,word2vec_recipe_40_HOM,0.3679251,0.39111233,0.43976712,0.39503127,0.4635696,0.38896903
carpet,P,word2vec_recipe_40_HOM,0.2334826,0.2303293,0.27808,0.28418598,0.29592016,0.2926201
highlight,P,word2vec_recipe_40_HOM,0.1885018,0.17933674,0.23472287,0.2268082,0.25719592,0.2567812
grizzly,P,word2vec_recipe_40_HOM,0.14490731,0.16405357,0.16573109,0.17853273,0.17480664,0.18843833
blank,P,word2vec_recipe_40_HOM,0.23633099,0.21577874,0.27056384,0.25033554,0.28561902,0.27004984
funk,H,word2vec_recipe_40_HOM,0.17422926,0.20933563,0.20258279,0.23269714,0.21343277,0.25089312
shaker,P,word2vec_recipe_40_HOM,0.22924414,0.22150692,0.302705,0.27252036,0.3388481,0.29744065
phrase,P,word2vec_recipe_40_HOM,0.12331221,0.11511654,0.14458252,0.1321645,0.15402989,0.14393799
perfection,P,word2vec_recipe_40_HOM,0.30858788,0.26411283,0.34343407,0.26225528,0.35608727,0.26896113
scripture,P,word2vec_recipe_40_HOM,0.1840132,0.15846442,0.23041902,0.20415817,0.25007766,0.21959454
sociable,P,word2vec_recipe_40_HOM,0.16760604,0.23386136,0.25535205,0.32395676,0.28554067,0.33769858
knuckle,P,word2vec_recipe_40_HOM,0.31063643,0.3213406,0.3756827,0.3827423,0.40268433,0.3973336
shatter,P,word2vec_recipe_40_HOM,0.22874793,0.1851236,0.26407367,0.21301907,0.27792642,0.2205318
dummy,P,word2vec_recipe_40_HOM,0.1747026,0.20649937,0.19801284,0.24102569,0.20868126,0.25401792
bridge,H,word2vec_recipe_40_HOM,0.24887733,0.22150761,0.28526038,0.25046074,0.29873425,0.25824258
grind,P,word2vec_recipe_40_HOM,0.30710775,0.36230385,0.40109688,0.41893476,0.43939728,0.4412893
puzzle,P,word2vec_recipe_40_HOM,0.23917854,0.24245298,0.28272143,0.27237472,0.3015852,0.29501566
skunk,P,word2vec_recipe_40_HOM,0.122929,0.14073895,0.14795914,0.16450587,0.15846595,0.17241465
viewer,P,word2vec_recipe_40_HOM,0.4435485,0.51779515,0.5141742,0.4968241,0.5355808,0.483461
jest,P,word2vec_recipe_40_HOM,0.17365493,0.21707775,0.22323968,0.29141945,0.25014117,0.3216133
compliment,P,word2vec_recipe_40_HOM,0.2516889,0.315317,0.30638358,0.34428576,0.3284175,0.34833077
hoot,P,word2vec_recipe_40_HOM,0.15877625,0.15278947,0.18466261,0.17172034,0.1955796,0.18970974
formal,P,word2vec_recipe_40_HOM,0.25462815,0.24112992,0.30929384,0.26962355,0.32738608,0.27573484
pilot,P,word2vec_recipe_40_HOM,0.36793116,0.35654488,0.43894112,0.45362827,0.4648164,0.46175304
harsh,P,word2vec_recipe_40_HOM,0.2181298,0.24236657,0.26158443,0.2530886,0.27950323,0.26622555
simple,P,word2vec_recipe_40_HOM,0.32966915,0.3642897,0.37067336,0.387042,0.38636398,0.39048854
bastard,P,word2vec_recipe_40_HOM,0.14336245,0.16592821,0.17045777,0.19783327,0.1821146,0.20760562
gel,P,word2vec_recipe_40_HOM,0.3357557,0.3309943,0.41110116,0.4202922,0.43956453,0.43715635
monastery,M,word2vec_recipe_40_HOM,0.1545384,0.16874763,0.18000172,0.19173259,0.19140182,0.20107341
belly,P,word2vec_recipe_40_HOM,0.28344256,0.34991035,0.36103776,0.41560683,0.3859711,0.42118505
traffic,P,word2vec_recipe_40_HOM,0.2167491,0.20979634,0.24795997,0.24591753,0.26146626,0.2600152
kinky,P,word2vec_recipe_40_HOM,0.19917086,0.22165886,0.23140778,0.27354023,0.24736561,0.29517028
rash,H,word2vec_recipe_40_HOM,0.1654736,0.15959609,0.21639062,0.23225637,0.23690733,0.2478212
assault,P,word2vec_recipe_40_HOM,0.15764488,0.18957336,0.18224655,0.21509136,0.19380184,0.23432471
cross,P,word2vec_recipe_40_HOM,0.27038646,0.28014022,0.3352863,0.34958756,0.3623033,0.35490835
style,P,word2vec_recipe_40_HOM,0.331134,0.29468888,0.37722257,0.278752,0.39222634,0.27541608
pad,H,word2vec_recipe_40_HOM,0.31858477,0.19791774,0.3783947,0.2715969,0.40255874,0.29174137
oatmeal,P,word2vec_recipe_40_HOM,0.28709286,0.3765258,0.35052738,0.3478113,0.37413308,0.33752134
facial,P,word2vec_recipe_40_HOM,0.26840606,0.26863503,0.31937692,0.31761405,0.3458892,0.33725947
delight,P,word2vec_recipe_40_HOM,0.23865028,0.25266296,0.2869789,0.24544123,0.30321437,0.24366936
ether,P,word2vec_recipe_40_HOM,0.18009077,0.19167568,0.21019867,0.24098068,0.22239617,0.25809997
stomach,P,word2vec_recipe_40_HOM,0.24123493,0.24991201,0.3017768,0.3205558,0.3257811,0.34665316
diaper,P,word2vec_recipe_40_HOM,0.2730312,0.29867175,0.32341334,0.34755933,0.34407845,0.3584116
syndrome,P,word2vec_recipe_40_HOM,0.12066778,0.12156138,0.14312425,0.15010358,0.15398404,0.16162236
expertise,M,word2vec_recipe_40_HOM,0.104095235,0.108915,0.12341817,0.1274103,0.13322748,0.14066994
army,P,word2vec_recipe_40_HOM,0.3089361,0.2423565,0.3411606,0.23577805,0.35347024,0.24053547
roadside,P,word2vec_recipe_40_HOM,0.1986728,0.20245737,0.2260612,0.22028658,0.23756213,0.225027
appetizer,M,word2vec_recipe_40_HOM,0.27528387,0.34571236,0.40631568,0.4462917,0.4444165,0.4504498
opinion,P,word2vec_recipe_40_HOM,0.25951415,0.22441338,0.29580045,0.21184072,0.30937156,0.22199182
float,P,word2vec_recipe_40_HOM,0.4261096,0.4125105,0.5005957,0.43025893,0.52285993,0.4516747
challenge,P,word2vec_recipe_40_HOM,0.2211543,0.19290558,0.24785632,0.1921398,0.2584815,0.19762263
lonely,P,word2vec_recipe_40_HOM,0.13339868,0.1307006,0.15332851,0.14510913,0.1637536,0.15769386
bliss,P,word2vec_recipe_40_HOM,0.29921272,0.27172747,0.3377327,0.2783617,0.35211536,0.28781334
sauce,P,word2vec_recipe_40_HOM,0.26459718,0.2842437,0.34780028,0.31308123,0.38114175,0.34014425
commence,M,word2vec_recipe_40_HOM,0.21853264,0.18611397,0.24893326,0.22293362,0.26215896,0.23161997
goof,P,word2vec_recipe_40_HOM,0.18211718,0.1575102,0.21182345,0.1836662,0.22390291,0.19595474
galley,P,word2vec_recipe_40_HOM,0.123020604,0.12539622,0.14320447,0.15339114,0.15351556,0.1671029
tradition,P,word2vec_recipe_40_HOM,0.22631487,0.19233197,0.2612786,0.22623721,0.27466446,0.22644433
cheap,P,word2vec_recipe_40_HOM,0.25092793,0.28051066,0.2997499,0.2816353,0.3158427,0.28515542
fantastic,P,word2vec_recipe_40_HOM,0.1699611,0.2348842,0.2654028,0.32244837,0.29790345,0.34159604
delicious,P,word2vec_recipe_40_HOM,0.18914625,0.2444924,0.2860707,0.35145596,0.32392976,0.3609458
frail,H,word2vec_recipe_40_HOM,0.09553532,0.10826309,0.11157556,0.12779097,0.12015005,0.14073776
funnel,P,word2vec_recipe_40_HOM,0.3856012,0.39763772,0.45368916,0.46949893,0.4800296,0.48762837
hedge,P,word2vec_recipe_40_HOM,0.13907473,0.14824647,0.16135414,0.17254157,0.16963875,0.18152751
uncertain,P,word2vec_recipe_40_HOM,0.12969528,0.12672059,0.15063886,0.13931775,0.16048267,0.15235263
depression,P,word2vec_recipe_40_HOM,0.27143952,0.32542455,0.42203593,0.48370743,0.46878707,0.48683086
temptation,P,word2vec_recipe_40_HOM,0.3654843,0.38026208,0.42022285,0.32958302,0.4366338,0.32164472
jail,P,word2vec_recipe_40_HOM,0.1327151,0.13930762,0.15651357,0.16430917,0.16855548,0.17633145
depend,P,word2vec_recipe_40_HOM,0.27693963,0.3548812,0.40270314,0.39198467,0.44410595,0.39736143
diner,P,word2vec_recipe_40_HOM,0.34029168,0.33827266,0.42298728,0.37524462,0.44443834,0.3670593
quail,H,word2vec_recipe_40_HOM,0.27467352,0.2893857,0.37286496,0.45042828,0.4110872,0.4712845
space,P,word2vec_recipe_40_HOM,0.35807535,0.4404413,0.43172356,0.39379013,0.4536525,0.3797763
slum,P,word2vec_recipe_40_HOM,0.12664253,0.13844131,0.14631838,0.1610523,0.15522994,0.16973752
hip,H,word2vec_recipe_40_HOM,0.31517786,0.2856451,0.3737519,0.37747627,0.3952549,0.40047812
fix,P,word2vec_recipe_40_HOM,0.3532047,0.25290787,0.39461994,0.32102314,0.40894136,0.33063248
persist,P,word2vec_recipe_40_HOM,0.09742878,0.10985708,0.117392264,0.12901343,0.12656674,0.14444138
serve,P,word2vec_recipe_40_HOM,0.30383572,0.36926377,0.42697793,0.42314625,0.47127107,0.4244436
range,P,word2vec_recipe_40_HOM,0.3446945,0.37169135,0.41217777,0.39344823,0.43533525,0.4041707
foolish,P,word2vec_recipe_40_HOM,0.097604744,0.09490779,0.113637,0.11778653,0.12167239,0.13173376
explosive,P,word2vec_recipe_40_HOM,0.13878608,0.1288629,0.16130157,0.14992246,0.17100656,0.15970154
immune,P,word2vec_recipe_40_HOM,0.14607897,0.15203427,0.18543865,0.1927117,0.2067045,0.21385024
thrive,P,word2vec_recipe_40_HOM,0.13854934,0.14068101,0.16137166,0.15703268,0.17361282,0.1712257
synthetic,P,word2vec_recipe_40_HOM,0.19330683,0.22936505,0.226401,0.2602237,0.23980542,0.2712855
blah,P,word2vec_recipe_40_HOM,0.1295203,0.12824553,0.14848864,0.13787925,0.15888552,0.14897187
compromise,P,word2vec_recipe_40_HOM,0.15462652,0.13259865,0.17557076,0.1486207,0.18365757,0.15827326
cucumber,P,word2vec_recipe_40_HOM,0.24782678,0.2968623,0.3285633,0.3659396,0.35908654,0.3852478
illness,P,word2vec_recipe_40_HOM,0.35896477,0.33291534,0.44721526,0.32216537,0.4679074,0.30054635
sketchy,P,word2vec_recipe_40_HOM,0.06600542,0.087939836,0.08105109,0.11235593,0.08997335,0.12738907
calcium,P,word2vec_recipe_40_HOM,0.18046801,0.1576762,0.25158942,0.2089958,0.28573626,0.1822273
bulk,P,word2vec_recipe_40_HOM,0.33597106,0.31245923,0.47746617,0.4932496,0.52579445,0.5391954
iceberg,P,word2vec_recipe_40_HOM,0.2607994,0.2879776,0.36253968,0.40020022,0.40082225,0.40688658
arm,H,word2vec_recipe_40_HOM,0.33984825,0.3069789,0.39374432,0.3512632,0.41197166,0.34400082
vanishing,P,word2vec_recipe_40_HOM,0.15108168,0.13349222,0.18193899,0.16843478,0.19707042,0.17913288
cease,P,word2vec_recipe_40_HOM,0.24119739,0.24510181,0.29122093,0.29292616,0.31138098,0.3068092
faucet,M,word2vec_recipe_40_HOM,0.34712845,0.37588865,0.40586993,0.43405703,0.4307754,0.45289677
shudder,P,word2vec_recipe_40_HOM,0.09072943,0.09098898,0.10994122,0.11631953,0.11863548,0.13292243
mission,P,word2vec_recipe_40_HOM,0.2961007,0.31015262,0.34086815,0.31698608,0.35622856,0.33026206
campaign,P,word2vec_recipe_40_HOM,0.11020976,0.10488173,0.12819426,0.13921684,0.13753346,0.15719113
secondary,P,word2vec_recipe_40_HOM,0.26119888,0.27772474,0.32493362,0.34919435,0.35001746,0.36505342
uneasy,P,word2vec_recipe_40_HOM,0.099623725,0.10732132,0.11855921,0.13452874,0.12832354,0.14918445
anxiety,P,word2vec_recipe_40_HOM,0.13959542,0.1373028,0.16630737,0.16183664,0.17876256,0.17670457
savior,P,word2vec_recipe_40_HOM,0.14199743,0.16270065,0.16491769,0.19960438,0.17585796,0.21355788
clarify,P,word2vec_recipe_40_HOM,0.4282001,0.48582032,0.47791967,0.45704332,0.4957023,0.44521934
acute,P,word2vec_recipe_40_HOM,0.22284262,0.23588611,0.26734388,0.2610352,0.28793326,0.28189543
patent,P,word2vec_recipe_40_HOM,0.26744935,0.2588256,0.31120464,0.30028975,0.32659012,0.30550745
muddy,P,word2vec_recipe_40_HOM,0.33199093,0.36186945,0.37804383,0.3904174,0.39609924,0.39051065
thunder,P,word2vec_recipe_40_HOM,0.19233175,0.16734299,0.21788725,0.18983902,0.22869998,0.1956807
pose,H,word2vec_recipe_40_HOM,0.13941312,0.13540588,0.1683584,0.16275433,0.17875342,0.17351238
bounce,P,word2vec_recipe_40_HOM,0.3788407,0.40312713,0.45405686,0.45088986,0.4797844,0.4475008
total,P,word2vec_recipe_40_HOM,0.2761829,0.106187016,0.30769786,0.10990801,0.32074368,0.115241796
lesson,P,word2vec_recipe_40_HOM,0.09244192,0.099735536,0.112867326,0.12175349,0.12413713,0.13731846
judge,P,word2vec_recipe_40_HOM,0.2505712,0.23517247,0.28752077,0.2291477,0.30143088,0.21968056
female,P,word2vec_recipe_40_HOM,0.18869057,0.2166902,0.23172256,0.23254026,0.24812451,0.24673985
scenario,P,word2vec_recipe_40_HOM,0.11523221,0.1052976,0.1366855,0.12584926,0.14687654,0.13887466
pistol,P,word2vec_recipe_40_HOM,0.15227799,0.15073325,0.18217006,0.20082411,0.19247904,0.21321121
dissolve,P,word2vec_recipe_40_HOM,0.33185232,0.3709919,0.42498457,0.42519063,0.46164924,0.42173076
chick,P,word2vec_recipe_40_HOM,0.29882693,0.2991584,0.38937128,0.38266215,0.42631847,0.4026979
squash,H,word2vec_recipe_40_HOM,0.2700845,0.3470975,0.38509917,0.43364233,0.4285269,0.4434541
gazelle,M,word2vec_recipe_40_HOM,0.1632825,0.17585087,0.19205678,0.2099934,0.20408909,0.21750376
veal,P,word2vec_recipe_40_HOM,0.26167554,0.35442802,0.35170475,0.42757958,0.39221895,0.448742
pile,H,word2vec_recipe_40_HOM,0.35772327,0.4521479,0.4494574,0.4631894,0.47536522,0.43950063
loser,P,word2vec_recipe_40_HOM,0.17930946,0.14788112,0.21075135,0.1786281,0.22321178,0.19473255
boast,P,word2vec_recipe_40_HOM,0.17501506,0.18566518,0.20359537,0.21561576,0.2151028,0.22314392
clasp,P,word2vec_recipe_40_HOM,0.2482291,0.275474,0.3073374,0.32148224,0.33056054,0.33347344
proximity,M,word2vec_recipe_40_HOM,0.20263681,0.21755892,0.22895719,0.23855075,0.24127366,0.24889316
sensory,P,word2vec_recipe_40_HOM,0.1250445,0.13258117,0.14257464,0.14838338,0.15175706,0.16280432
permission,P,word2vec_recipe_40_HOM,0.19740245,0.18627901,0.24662356,0.21675187,0.2651745,0.2284697
lover,P,word2vec_recipe_40_HOM,0.27601,0.24543148,0.31549615,0.24614231,0.33223426,0.24538516
starter,P,word2vec_recipe_40_HOM,0.3005304,0.37335432,0.39332005,0.4360721,0.42659333,0.45086178
pro,H,word2vec_recipe_40_HOM,0.32960838,0.25436917,0.37315303,0.20864087,0.3892662,0.1921674
poverty,P,word2vec_recipe_40_HOM,0.119786166,0.12703012,0.13980867,0.1525152,0.14856488,0.16246934
random,P,word2vec_recipe_40_HOM,0.34946665,0.33462596,0.3940206,0.3366687,0.41319865,0.34738252
lethal,M,word2vec_recipe_40_HOM,0.15906172,0.17248887,0.1821736,0.19382133,0.19416684,0.19842224
staff,H,word2vec_recipe_40_HOM,0.22660938,0.15854603,0.2523701,0.18115045,0.26284602,0.1867766
unattended,M,word2vec_recipe_40_HOM,0.30375284,0.19219711,0.34617007,0.22968666,0.36125648,0.23648416
torch,P,word2vec_recipe_40_HOM,0.36995393,0.45478982,0.493389,0.50869435,0.5229106,0.50652844
official,P,word2vec_recipe_40_HOM,0.21416919,0.20012705,0.24460007,0.20636414,0.25691533,0.2149584
obtain,P,word2vec_recipe_40_HOM,0.3532026,0.40374428,0.4294361,0.3920226,0.46078163,0.39947015
gown,P,word2vec_recipe_40_HOM,0.1511218,0.17273422,0.18488675,0.2171835,0.20158589,0.24770476
blackjack,P,word2vec_recipe_40_HOM,0.13709143,0.15320264,0.16483353,0.18669152,0.17675133,0.19824888
outrageous,P,word2vec_recipe_40_HOM,0.20473924,0.19615269,0.2326718,0.22801201,0.24618842,0.24333455
plunge,P,word2vec_recipe_40_HOM,0.3273492,0.39855844,0.45940667,0.47695732,0.5002792,0.49218526
coach,P,word2vec_recipe_40_HOM,0.14479968,0.1483969,0.17027181,0.16889979,0.18133634,0.17963052
rude,P,word2vec_recipe_40_HOM,0.08869104,0.09451338,0.10611149,0.11809278,0.11488499,0.13238464
church,P,word2vec_recipe_40_HOM,0.275892,0.26993743,0.31790534,0.29515567,0.33601424,0.30400342
rock,H,word2vec_recipe_40_HOM,0.45121893,0.4634326,0.5027268,0.47301006,0.5211867,0.48049095
offensive,P,word2vec_recipe_40_HOM,0.099605255,0.11683063,0.11572058,0.13976422,0.123613395,0.14889385
strawberry,P,word2vec_recipe_40_HOM,0.22868249,0.29604962,0.31800663,0.34610432,0.34907627,0.34898552
invitation,P,word2vec_recipe_40_HOM,0.14192195,0.1583133,0.16676952,0.17726886,0.17789651,0.18809515
gloss,H,word2vec_recipe_40_HOM,0.3843252,0.3984759,0.47091162,0.4545828,0.501727,0.48079708
mistletoe,P,word2vec_recipe_40_HOM,0.18921717,0.20347485,0.22293568,0.23285386,0.23839128,0.24778414
rot,P,word2vec_recipe_40_HOM,0.22580385,0.21148117,0.2523356,0.23014082,0.2652522,0.24136391
possess,P,word2vec_recipe_40_HOM,0.13524929,0.11979741,0.15820774,0.14290196,0.16760246,0.14989439
lottery,P,word2vec_recipe_40_HOM,0.17514838,0.20617245,0.20383129,0.23742495,0.21553482,0.24283682
invaluable,M,word2vec_recipe_40_HOM,0.09281093,0.09832332,0.109357834,0.120611794,0.11713252,0.1347417
hermit,P,word2vec_recipe_40_HOM,0.093373604,0.11282394,0.12788676,0.15485577,0.14525035,0.17213862
token,P,word2vec_recipe_40_HOM,0.15405473,0.13015436,0.17536499,0.1531876,0.18480909,0.16203137
telephone,P,word2vec_recipe_40_HOM,0.24286962,0.23369832,0.2913353,0.23636587,0.30679682,0.24356839
complain,P,word2vec_recipe_40_HOM,0.11835103,0.11192627,0.13970223,0.12721674,0.15052943,0.14240359
atop,P,word2vec_recipe_40_HOM,0.35545307,0.42939675,0.4259094,0.43692377,0.4518821,0.43528223
horsepower,P,word2vec_recipe_40_HOM,0.25244078,0.25617105,0.30656716,0.28040615,0.32464394,0.3018997
harp,P,word2vec_recipe_40_HOM,0.18415341,0.21096346,0.21643838,0.25630128,0.2298078,0.26651412
joke,P,word2vec_recipe_40_HOM,0.14892073,0.13338464,0.17396021,0.14487292,0.18479149,0.16110066
bald,P,word2vec_recipe_40_HOM,0.27279395,0.24180378,0.31524825,0.25736493,0.3317176,0.27085957
fuzzy,P,word2vec_recipe_40_HOM,0.2557451,0.2864536,0.3675679,0.37412852,0.4076708,0.4174827
turf,P,word2vec_recipe_40_HOM,0.20405261,0.18715592,0.25186837,0.22569959,0.26828784,0.24129033
sword,P,word2vec_recipe_40_HOM,0.3028128,0.33009583,0.34784046,0.38607398,0.36450362,0.40360704
library,P,word2vec_recipe_40_HOM,0.13586015,0.11569744,0.15849486,0.14830108,0.16881792,0.16027512
third,P,word2vec_recipe_40_HOM,0.3757239,0.48352286,0.46809047,0.47484884,0.50035256,0.4633314
thermostat,M,word2vec_recipe_40_HOM,0.24356559,0.23557049,0.28664872,0.2949229,0.30675954,0.29943642
sprinkle,P,word2vec_recipe_40_HOM,0.25985247,0.30837056,0.3813789,0.37863934,0.4173584,0.38486117
obscure,P,word2vec_recipe_40_HOM,0.101403356,0.11854962,0.11948749,0.13675638,0.1281404,0.14805903
unfamiliar,P,word2vec_recipe_40_HOM,0.1616846,0.15199582,0.19027919,0.16301239,0.20222153,0.17333806
ferret,P,word2vec_recipe_40_HOM,0.17636037,0.21593885,0.20117494,0.24058117,0.21185857,0.24981181
complaint,P,word2vec_recipe_40_HOM,0.094838,0.09822339,0.11345982,0.12295746,0.121729754,0.13489862
inch,P,word2vec_recipe_40_HOM,0.23234217,0.27473208,0.33250657,0.3545439,0.3699749,0.3573396
convince,M,word2vec_recipe_40_HOM,0.075504355,0.096912056,0.09155857,0.117100514,0.10046118,0.13034822
peasant,P,word2vec_recipe_40_HOM,0.29266196,0.34655276,0.3523793,0.37289584,0.37483034,0.38410053
fiery,P,word2vec_recipe_40_HOM,0.26842794,0.31133088,0.3269029,0.34379435,0.34691224,0.34429654
entire,P,word2vec_recipe_40_HOM,0.4177732,0.38814467,0.4660752,0.37703022,0.48279053,0.377552
rump,P,word2vec_recipe_40_HOM,0.27312705,0.32709134,0.35171917,0.39648604,0.38614544,0.39279312
file,H,word2vec_recipe_40_HOM,0.38908067,0.35939568,0.45078996,0.38930288,0.47229385,0.3982147
awake,P,word2vec_recipe_40_HOM,0.2688807,0.24274679,0.30913568,0.29675266,0.3242636,0.31220073
toast,H,word2vec_recipe_40_HOM,0.36676317,0.4010563,0.44785106,0.44749755,0.47967014,0.45602202
reaction,P,word2vec_recipe_40_HOM,0.23776142,0.25303546,0.28674284,0.26340955,0.3072119,0.2695851
quest,P,word2vec_recipe_40_HOM,0.19022913,0.1641529,0.21991512,0.19370084,0.23212276,0.20119563
common,P,word2vec_recipe_40_HOM,0.24316391,0.26062268,0.28496093,0.28039536,0.30139512,0.2738934
fluff,P,word2vec_recipe_40_HOM,0.45668212,0.5140688,0.5558932,0.55045754,0.5854698,0.5461801
rich,P,word2vec_recipe_40_HOM,0.30167395,0.33341277,0.36360234,0.40692672,0.39486745,0.4178121
mistress,P,word2vec_recipe_40_HOM,0.12961698,0.1510832,0.15744549,0.1955934,0.16776425,0.20921902
reload,M,word2vec_recipe_40_HOM,0.190408,0.20700195,0.22128971,0.23829299,0.23426944,0.25145653
aroma,P,word2vec_recipe_40_HOM,0.25424463,0.32249603,0.36535,0.42145255,0.40188825,0.43845654
model,P,word2vec_recipe_40_HOM,0.26422033,0.2887348,0.33225152,0.33313793,0.35871428,0.35539737
social,P,word2vec_recipe_40_HOM,0.15648554,0.14145733,0.18594828,0.18078664,0.19793339,0.18984853
pregnant,P,word2vec_recipe_40_HOM,0.18738101,0.17379111,0.2276805,0.18695837,0.24159704,0.19072564
disturb,P,word2vec_recipe_40_HOM,0.35205713,0.3853927,0.4293852,0.42,0.46218473,0.42402047
peel,H,word2vec_recipe_40_HOM,0.31255612,0.3586151,0.40687427,0.4128369,0.4391346,0.43187773
cleanse,P,word2vec_recipe_40_HOM,0.20494573,0.20366445,0.25551322,0.2675083,0.27704617,0.28337544
puff,P,word2vec_recipe_40_HOM,0.34193093,0.40328357,0.4111181,0.42693004,0.4344744,0.42007142
overdose,P,word2vec_recipe_40_HOM,0.1512985,0.17586407,0.17951964,0.21711592,0.19102833,0.2342116
brain,P,word2vec_recipe_40_HOM,0.28650275,0.28963393,0.32984057,0.30753055,0.3469667,0.31839308
cigarette,M,word2vec_recipe_40_HOM,0.23841183,0.241752,0.28321123,0.278382,0.30210584,0.30418396
grief,P,word2vec_recipe_40_HOM,0.10413625,0.09924886,0.1218014,0.12314497,0.13085695,0.13728529
bungalow,M,word2vec_recipe_40_HOM,0.12291758,0.13945799,0.14583875,0.16204669,0.15572862,0.17391396
heresy,P,word2vec_recipe_40_HOM,0.07329174,0.0858066,0.09036153,0.11467615,0.098430775,0.12868007
union,P,word2vec_recipe_40_HOM,0.2897805,0.23761883,0.32678187,0.23487927,0.33959907,0.2434019
wartime,M,word2vec_recipe_40_HOM,0.1465101,0.14634368,0.1673995,0.16935906,0.17612772,0.17906605
bathe,P,word2vec_recipe_40_HOM,0.39820176,0.43400344,0.45409968,0.44990537,0.47344443,0.4454038
avoid,P,word2vec_recipe_40_HOM,0.3018027,0.37423798,0.39527398,0.4559583,0.43476832,0.46191055
sweetie,M,word2vec_recipe_40_HOM,0.17385307,0.20159121,0.20424391,0.23133975,0.21610004,0.24065588
greed,M,word2vec_recipe_40_HOM,0.27367377,0.25811687,0.3116244,0.30068788,0.3256559,0.31837496
short,P,word2vec_recipe_40_HOM,0.3915791,0.45883152,0.47062838,0.46132758,0.4963654,0.45661733
trailer,P,word2vec_recipe_40_HOM,0.15618262,0.15631956,0.18201578,0.17613342,0.1927455,0.1899315
booze,P,word2vec_recipe_40_HOM,0.27194744,0.29083478,0.3238834,0.33606315,0.345435,0.34723452
lobe,P,word2vec_recipe_40_HOM,0.3156875,0.29093674,0.36144924,0.35212514,0.3794469,0.36605412
negative,P,word2vec_recipe_40_HOM,0.17757992,0.1545867,0.20017707,0.16902801,0.21013062,0.17721549
bicycle,P,word2vec_recipe_40_HOM,0.21623535,0.21311806,0.25885117,0.26175198,0.2774427,0.2880907
circular,P,word2vec_recipe_40_HOM,0.30481458,0.34454995,0.3652718,0.36934707,0.3884346,0.36834696
creature,P,word2vec_recipe_40_HOM,0.20440045,0.1956978,0.23689903,0.24095874,0.25096413,0.2593364
farmhouse,M,word2vec_recipe_40_HOM,0.25653416,0.26250228,0.29340094,0.28555825,0.30879706,0.29541442
heaven,P,word2vec_recipe_40_HOM,0.28052872,0.28034642,0.32070142,0.30662686,0.33695537,0.32488438
persistent,P,word2vec_recipe_40_HOM,0.12350883,0.111886,0.14489882,0.13970003,0.15558173,0.1555377
chap,H,word2vec_recipe_40_HOM,0.11891611,0.13992213,0.15002248,0.17076649,0.16760711,0.19238596
avocado,P,word2vec_recipe_40_HOM,0.24029174,0.3305455,0.32801014,0.37222892,0.36060715,0.3737131
sneak,P,word2vec_recipe_40_HOM,0.26797295,0.17981707,0.30184639,0.19515389,0.3160678,0.20995443
swine,P,word2vec_recipe_40_HOM,0.1319202,0.14337844,0.15285043,0.1619645,0.16149685,0.1772947
organ,P,word2vec_recipe_40_HOM,0.21373661,0.2223858,0.26415038,0.26023543,0.28279114,0.278035
nifty,M,word2vec_recipe_40_HOM,0.18805984,0.1470162,0.211213,0.16889983,0.2217441,0.17843214
imminent,M,word2vec_recipe_40_HOM,0.18675563,0.18857174,0.22053145,0.20834266,0.23377632,0.22189537
voice,P,word2vec_recipe_40_HOM,0.11243741,0.114226684,0.13138245,0.1398655,0.141142,0.15064256
memory,P,word2vec_recipe_40_HOM,0.16142552,0.17473267,0.19026966,0.18537687,0.20404638,0.19581689
lumber,H,word2vec_recipe_40_HOM,0.15182461,0.14293605,0.17576368,0.16410561,0.18746555,0.17611197
broadcast,P,word2vec_recipe_40_HOM,0.14590876,0.13792162,0.17116742,0.16402298,0.18171115,0.1745772
famous,P,word2vec_recipe_40_HOM,0.16147014,0.18923989,0.19166309,0.1992434,0.20583935,0.20185031
speck,P,word2vec_recipe_40_HOM,0.33531815,0.35223198,0.4228125,0.4499497,0.44968855,0.46899116
pickle,P,word2vec_recipe_40_HOM,0.27285862,0.34040162,0.3704567,0.42243516,0.40949777,0.43058443
unhappy,P,word2vec_recipe_40_HOM,0.11636052,0.11217356,0.1371924,0.13595109,0.1462654,0.1470219
lid,P,word2vec_recipe_40_HOM,0.33976084,0.33829063,0.41737473,0.45629668,0.4511486,0.4726092
tropical,P,word2vec_recipe_40_HOM,0.26168412,0.31827402,0.3198489,0.3375247,0.34413096,0.35397032
loyal,M,word2vec_recipe_40_HOM,0.10153711,0.10721991,0.12242005,0.12964223,0.13149112,0.14246337
comfy,M,word2vec_recipe_40_HOM,0.19214532,0.19136877,0.21858652,0.20026352,0.23086151,0.21104912
retract,P,word2vec_recipe_40_HOM,0.15707397,0.17707998,0.19275789,0.21568173,0.20755544,0.22739646
balcony,P,word2vec_recipe_40_HOM,0.16961788,0.18165016,0.19839929,0.20030694,0.21092416,0.21314158
combo,P,word2vec_recipe_40_HOM,0.30599314,0.3025324,0.3607197,0.32808807,0.37785003,0.33892038
friction,P,word2vec_recipe_40_HOM,0.22844017,0.2307333,0.26337996,0.2600696,0.27888384,0.27324322
canvas,P,word2vec_recipe_40_HOM,0.25762734,0.2148609,0.328167,0.35264567,0.35388815,0.36677817
domain,P,word2vec_recipe_40_HOM,0.14175215,0.14341173,0.17028272,0.17821574,0.18371835,0.19663444
baseball,P,word2vec_recipe_40_HOM,0.2786622,0.31620324,0.33575544,0.35812524,0.3571615,0.36693075
growth,P,word2vec_recipe_40_HOM,0.21464439,0.2054271,0.26525265,0.25208712,0.28602064,0.2684485
putter,H,word2vec_recipe_40_HOM,0.29635826,0.2518857,0.34433675,0.3144925,0.3649901,0.34046888
thirst,P,word2vec_recipe_40_HOM,0.17941627,0.21086822,0.22296654,0.2631143,0.24082118,0.28339952
instant,P,word2vec_recipe_40_HOM,0.41044432,0.3797406,0.47763714,0.42284852,0.5030948,0.45805362
crown,P,word2vec_recipe_40_HOM,0.390729,0.36426875,0.4370615,0.40533116,0.45407715,0.4375855
gold,P,word2vec_recipe_40_HOM,0.4098305,0.4984123,0.47719857,0.51699764,0.50004363,0.48898935
insurance,P,word2vec_recipe_40_HOM,0.2753363,0.2587679,0.3181334,0.2471323,0.3330629,0.23582569
merchant,P,word2vec_recipe_40_HOM,0.109024644,0.1399728,0.12798081,0.16669011,0.13620482,0.17891271
cavern,P,word2vec_recipe_40_HOM,0.20302871,0.24796958,0.24049863,0.27727437,0.25555396,0.28890175
satin,P,word2vec_recipe_40_HOM,0.38114005,0.43368393,0.4327993,0.40983638,0.45049277,0.39618596
riddle,H,word2vec_recipe_40_HOM,0.22363123,0.24417068,0.25910518,0.27974555,0.27419013,0.30781785
structure,P,word2vec_recipe_40_HOM,0.36021376,0.3471938,0.42037514,0.33842367,0.4412936,0.34991768
double,P,word2vec_recipe_40_HOM,0.3624571,0.37675038,0.47236133,0.43966705,0.5107942,0.4534057
copy,P,word2vec_recipe_40_HOM,0.2555936,0.25263783,0.29048195,0.27949846,0.30537423,0.27875763
error,P,word2vec_recipe_40_HOM,0.25716844,0.16000286,0.29079026,0.17667563,0.30347726,0.18466133
crab,H,word2vec_recipe_40_HOM,0.28986624,0.3738823,0.38684338,0.4152934,0.41988003,0.41277245
deduct,P,word2vec_recipe_40_HOM,0.1842466,0.19622749,0.22127827,0.2513322,0.2358461,0.2633064
ghost,P,word2vec_recipe_40_HOM,0.27424294,0.24942426,0.32613194,0.28403005,0.35059157,0.3018657
assumption,P,word2vec_recipe_40_HOM,0.087774314,0.09335129,0.106742546,0.11553984,0.116183184,0.12748392
filter,P,word2vec_recipe_40_HOM,0.26008993,0.33613503,0.36933097,0.4464025,0.41687503,0.48368856
gasp,P,word2vec_recipe_40_HOM,0.18043575,0.12930018,0.20552061,0.14860938,0.21623848,0.16221039
festive,P,word2vec_recipe_40_HOM,0.28882045,0.37191063,0.3652797,0.44618177,0.39666054,0.4609304
faithful,P,word2vec_recipe_40_HOM,0.1155743,0.115124814,0.13690875,0.14335322,0.14807233,0.16115965
upper,P,word2vec_recipe_40_HOM,0.31895676,0.2930841,0.42733482,0.4228014,0.46470374,0.43396652
slip,H,word2vec_recipe_40_HOM,0.36923218,0.45082185,0.45537582,0.49552768,0.48265862,0.47204566
milk,P,word2vec_recipe_40_HOM,0.2950941,0.3785326,0.37691256,0.38326222,0.40493694,0.37837514
album,P,word2vec_recipe_40_HOM,0.16659431,0.17302255,0.19154224,0.20385297,0.20159069,0.21445203
lingo,M,word2vec_recipe_40_HOM,0.14935513,0.15172046,0.1714428,0.17800139,0.18109281,0.18810917
tingle,P,word2vec_recipe_40_HOM,0.16594419,0.16725856,0.19142884,0.1861199,0.20299801,0.19980048
cheese,P,word2vec_recipe_40_HOM,0.23971865,0.28044918,0.3167037,0.33657357,0.34978864,0.36156464
vampire,P,word2vec_recipe_40_HOM,0.2145478,0.2412228,0.2609701,0.28729317,0.27738965,0.2987109
noisy,P,word2vec_recipe_40_HOM,0.16500759,0.14489166,0.19027531,0.16529468,0.20268984,0.17505784
tower,H,word2vec_recipe_40_HOM,0.42886227,0.3958445,0.48478675,0.44547772,0.5044767,0.43671367
fingernail,M,word2vec_recipe_40_HOM,0.27259177,0.30266982,0.3170703,0.31816554,0.33734635,0.33760476
humility,M,word2vec_recipe_40_HOM,0.19041923,0.20464809,0.21998775,0.2160711,0.23080559,0.22832951
cave,P,word2vec_recipe_40_HOM,0.23412132,0.195999,0.26609698,0.21596557,0.2794636,0.22956802
magazine,P,word2vec_recipe_40_HOM,0.21323586,0.2454299,0.2741289,0.2800771,0.30033377,0.28408933
brat,M,word2vec_recipe_40_HOM,0.2980643,0.3790049,0.37515172,0.41402373,0.40602466,0.419527
crush,P,word2vec_recipe_40_HOM,0.3557827,0.447748,0.45808202,0.53130776,0.49458686,0.5401167
fatal,P,word2vec_recipe_40_HOM,0.15853952,0.15353973,0.18225338,0.18405674,0.19303697,0.19123451
aggression,P,word2vec_recipe_40_HOM,0.2674318,0.28289604,0.31685588,0.2853763,0.33396077,0.30184132
gallon,P,word2vec_recipe_40_HOM,0.29291275,0.3418571,0.38624746,0.42425835,0.42404175,0.45626113
leg,P,word2vec_recipe_40_HOM,0.2618132,0.35012206,0.34145924,0.4212423,0.3759226,0.44802827
attentive,P,word2vec_recipe_40_HOM,0.14361162,0.13831277,0.1676988,0.1615316,0.17909566,0.17242034
trail,P,word2vec_recipe_40_HOM,0.43778634,0.53589004,0.529298,0.5065989,0.55173993,0.49612623
ferocious,P,word2vec_recipe_40_HOM,0.17211838,0.16621462,0.19115584,0.17788653,0.20026638,0.19901223
silverware,P,word2vec_recipe_40_HOM,0.23519512,0.20743175,0.26261032,0.23876363,0.27308208,0.24362206
sinner,M,word2vec_recipe_40_HOM,0.15747884,0.17708193,0.17972308,0.20655921,0.18948153,0.21670027
oven,M,word2vec_recipe_40_HOM,0.34709638,0.2935222,0.40962523,0.30729616,0.4298247,0.33873296
unwind,P,word2vec_recipe_40_HOM,0.24362388,0.24032263,0.28496516,0.2735298,0.30153802,0.28195947
coronation,M,word2vec_recipe_40_HOM,0.14996007,0.16171093,0.175967,0.19761175,0.18771507,0.20788999
barge,P,word2vec_recipe_40_HOM,0.11532849,0.15257601,0.13900618,0.17106304,0.14876229,0.18909822
sand,P,word2vec_recipe_40_HOM,0.34439647,0.4204912,0.44969952,0.486455,0.480243,0.50103116
purchase,P,word2vec_recipe_40_HOM,0.24133523,0.2718163,0.34006962,0.3498069,0.37077552,0.3547377
tan,P,word2vec_recipe_40_HOM,0.2997176,0.33188874,0.38902518,0.42873204,0.43232605,0.4576468
tangle,P,word2vec_recipe_40_HOM,0.32951716,0.3041971,0.3759786,0.36958104,0.3941506,0.37679014
hover,P,word2vec_recipe_40_HOM,0.22001967,0.21931314,0.2527609,0.1976658,0.26595142,0.2078489
tumor,P,word2vec_recipe_40_HOM,0.09756298,0.12637736,0.12562512,0.1585911,0.13888673,0.17566177
slam,H,word2vec_recipe_40_HOM,0.32346538,0.35111782,0.3876078,0.38152596,0.40809867,0.38504452
moral,P,word2vec_recipe_40_HOM,0.16543798,0.1541771,0.2010818,0.15571971,0.21283156,0.16452861
ditch,P,word2vec_recipe_40_HOM,0.3637194,0.32890496,0.41168845,0.36444393,0.428854,0.38016933
flesh,P,word2vec_recipe_40_HOM,0.35500246,0.40343803,0.4327306,0.46979156,0.46359304,0.48396808
dim,P,word2vec_recipe_40_HOM,0.24147217,0.276999,0.31993663,0.33421162,0.35114932,0.33114767
instinct,P,word2vec_recipe_40_HOM,0.10348846,0.11143929,0.12375175,0.12661414,0.13395098,0.14165755
demand,P,word2vec_recipe_40_HOM,0.17063987,0.17896691,0.19571638,0.19347881,0.20673904,0.19854955
royalty,P,word2vec_recipe_40_HOM,0.17037423,0.18306595,0.19830506,0.21016096,0.2088998,0.22400261
irregular,P,word2vec_recipe_40_HOM,0.31941828,0.31694528,0.3829392,0.34599835,0.40552315,0.3674521
pub,M,word2vec_recipe_40_HOM,0.25294656,0.24825615,0.2899665,0.27086493,0.30432424,0.27545026
crumb,P,word2vec_recipe_40_HOM,0.30963677,0.3465785,0.38811728,0.4111341,0.42108697,0.4297999
extent,P,word2vec_recipe_40_HOM,0.18052652,0.16159505,0.20426084,0.17654091,0.21601066,0.19211453
deploy,P,word2vec_recipe_40_HOM,0.16163805,0.17629355,0.18591316,0.20108585,0.19638763,0.21793948
lunatic,P,word2vec_recipe_40_HOM,0.1236608,0.11035308,0.14175075,0.13246174,0.15116985,0.14751658
barbecue,P,word2vec_recipe_40_HOM,0.25266758,0.26559296,0.33847192,0.31973183,0.36636695,0.341048
orderly,P,word2vec_recipe_40_HOM,0.23192096,0.24061707,0.27428058,0.27563903,0.29173768,0.2961039
index,P,word2vec_recipe_40_HOM,0.27345172,0.31150863,0.37650576,0.40304053,0.40971702,0.40661147
cuddle,P,word2vec_recipe_40_HOM,0.15000078,0.16243827,0.1765112,0.192493,0.18651977,0.20258242
dangle,P,word2vec_recipe_40_HOM,0.20331469,0.20534018,0.24424838,0.25315526,0.26296002,0.27427822
grave,H,word2vec_recipe_40_HOM,0.21861963,0.17751265,0.24834447,0.20610812,0.2598701,0.22021265
payday,M,word2vec_recipe_40_HOM,0.20657365,0.18459538,0.24326476,0.20056115,0.26064578,0.2113501
dent,H,word2vec_recipe_40_HOM,0.28172198,0.34700355,0.4258155,0.46911398,0.46676835,0.48213834
buckle,P,word2vec_recipe_40_HOM,0.2787792,0.2974676,0.34899366,0.35053515,0.37363023,0.3437078
orgy,P,word2vec_recipe_40_HOM,0.15780565,0.16377297,0.18135063,0.19737548,0.19163436,0.21237461
render,P,word2vec_recipe_40_HOM,0.351037,0.3872007,0.44730482,0.4712959,0.47777396,0.46858332
beer,P,word2vec_recipe_40_HOM,0.34083167,0.38043782,0.43548766,0.4509816,0.46538603,0.45718646
oyster,P,word2vec_recipe_40_HOM,0.40481883,0.45875758,0.45847487,0.4375627,0.47777376,0.42719775
cousin,P,word2vec_recipe_40_HOM,0.19953713,0.19567932,0.23242451,0.22128353,0.24653357,0.23578444
jolt,P,word2vec_recipe_40_HOM,0.25161195,0.2167508,0.28367463,0.23207127,0.29566148,0.2378522
retail,P,word2vec_recipe_40_HOM,0.23812266,0.28574872,0.30864513,0.301736,0.32928032,0.31180322
guard,P,word2vec_recipe_40_HOM,0.33652183,0.35559598,0.39251366,0.3816321,0.41280502,0.38529524
bolt,H,word2vec_recipe_40_HOM,0.18146506,0.187747,0.21912873,0.25018266,0.23599896,0.27365428
mortal,P,word2vec_recipe_40_HOM,0.20886977,0.23946442,0.31148887,0.38013133,0.34737095,0.422374
phenomenal,P,word2vec_recipe_40_HOM,0.1563508,0.16568764,0.1902412,0.19330682,0.20407425,0.20495254
envy,P,word2vec_recipe_40_HOM,0.21717641,0.21909796,0.24907832,0.24821687,0.26285052,0.26020044
knob,P,word2vec_recipe_40_HOM,0.44855303,0.5228987,0.5175204,0.5506145,0.5389568,0.5260339
zing,P,word2vec_recipe_40_HOM,0.26775056,0.2937054,0.32834452,0.33356288,0.3524218,0.34496698
meditation,P,word2vec_recipe_40_HOM,0.17155358,0.17938483,0.2023269,0.21370742,0.213198,0.22705899
afloat,P,word2vec_recipe_40_HOM,0.24319176,0.23435001,0.2749272,0.25528383,0.2883477,0.25863707
chart,P,word2vec_recipe_40_HOM,0.32272708,0.357914,0.387366,0.3935627,0.41282222,0.4065815
dry,P,word2vec_recipe_40_HOM,0.39420187,0.3052777,0.4656675,0.37012133,0.49366948,0.3964531
evidence,P,word2vec_recipe_40_HOM,0.15930083,0.13950066,0.18758956,0.1719013,0.19875313,0.17965005
crack,P,word2vec_recipe_40_HOM,0.42098466,0.49046692,0.4901687,0.49461034,0.5125501,0.48095518
exhaustion,P,word2vec_recipe_40_HOM,0.122059725,0.11244119,0.14373083,0.13235909,0.15315847,0.15112676
juice,P,word2vec_recipe_40_HOM,0.24470553,0.24447003,0.31059173,0.3258237,0.3448986,0.3557416
couch,P,word2vec_recipe_40_HOM,0.20818925,0.17633757,0.23956446,0.19383278,0.2530869,0.20008618
industry,P,word2vec_recipe_40_HOM,0.15226433,0.12817803,0.17474836,0.16286573,0.1852248,0.17282248
prodigy,P,word2vec_recipe_40_HOM,0.13808344,0.1336354,0.1633726,0.16232319,0.17503607,0.17304212
freedom,P,word2vec_recipe_40_HOM,0.20625019,0.20562099,0.23340723,0.22967029,0.24458914,0.22836362
stripe,H,word2vec_recipe_40_HOM,0.30892792,0.28276244,0.3640024,0.3184626,0.38563472,0.32408896
butcher,P,word2vec_recipe_40_HOM,0.3271806,0.34270775,0.38823947,0.39820966,0.40948245,0.4060594
inspection,P,word2vec_recipe_40_HOM,0.11803369,0.11557529,0.13946342,0.14122856,0.14967528,0.15562592
beast,P,word2vec_recipe_40_HOM,0.25484374,0.22526583,0.29262936,0.2439844,0.30741692,0.25518286
confidence,P,word2vec_recipe_40_HOM,0.1725805,0.13476942,0.19549246,0.14825362,0.20675576,0.1644183
eggplant,M,word2vec_recipe_40_HOM,0.15765843,0.18849896,0.1911138,0.2448236,0.20563938,0.26252252
horse,P,word2vec_recipe_40_HOM,0.30336863,0.273423,0.34884185,0.32909945,0.36562985,0.3388579
agreeable,P,word2vec_recipe_40_HOM,0.15536569,0.16622001,0.18440226,0.19000672,0.19608803,0.20251603
exclude,P,word2vec_recipe_40_HOM,0.29176664,0.20390755,0.3321491,0.2508666,0.3459594,0.26464045
supper,P,word2vec_recipe_40_HOM,0.2593893,0.31065345,0.3201654,0.33772138,0.34199768,0.32854974
purple,P,word2vec_recipe_40_HOM,0.35454333,0.39106447,0.42015126,0.45127752,0.44366705,0.4640855
anatomy,P,word2vec_recipe_40_HOM,0.16967544,0.21678837,0.19528314,0.24515654,0.20472617,0.25438643
hum,P,word2vec_recipe_40_HOM,0.14073566,0.16090044,0.16930518,0.17855322,0.18066077,0.19172531
fifty,P,word2vec_recipe_40_HOM,0.36406595,0.4373691,0.43007773,0.4541626,0.45281297,0.44166005
secure,P,word2vec_recipe_40_HOM,0.2831512,0.3443234,0.3823934,0.40241462,0.4171794,0.41693437
dismiss,P,word2vec_recipe_40_HOM,0.10184522,0.105928116,0.11837766,0.12700649,0.1267357,0.14147547
view,P,word2vec_recipe_40_HOM,0.28770095,0.26344535,0.3425873,0.29131314,0.36307317,0.29760545
chapter,P,word2vec_recipe_40_HOM,0.1847502,0.17743146,0.2182612,0.19761863,0.23207432,0.20133579
sweater,P,word2vec_recipe_40_HOM,0.19785129,0.20318623,0.23248988,0.23305754,0.24538563,0.24590418
loss,P,word2vec_recipe_40_HOM,0.27463627,0.24800606,0.3117187,0.26425347,0.3298439,0.27615446
inflation,P,word2vec_recipe_40_HOM,0.15750334,0.19189113,0.1854632,0.2374983,0.19831662,0.25006992
fiddle,P,word2vec_recipe_40_HOM,0.220612,0.15973276,0.24851166,0.17610897,0.26092842,0.18443003
shine,P,word2vec_recipe_40_HOM,0.33691552,0.36537603,0.40336856,0.36543795,0.42645207,0.35925326
foul,P,word2vec_recipe_40_HOM,0.24609916,0.23132671,0.28572196,0.25832275,0.29976794,0.26980355
drama,P,word2vec_recipe_40_HOM,0.1400766,0.13154876,0.16373153,0.15936552,0.17495999,0.16653311
soldier,P,word2vec_recipe_40_HOM,0.23393078,0.26044732,0.2607417,0.25613558,0.27220437,0.26032665
beam,P,word2vec_recipe_40_HOM,0.2229337,0.19512458,0.26697114,0.24580947,0.2860019,0.27316412
plant,P,word2vec_recipe_40_HOM,0.33704275,0.30520153,0.3859685,0.33217207,0.40131965,0.33476153
deny,P,word2vec_recipe_40_HOM,0.09279667,0.106485054,0.10999359,0.12330719,0.11822336,0.13374753
peach,P,word2vec_recipe_40_HOM,0.22525056,0.29604888,0.31498203,0.34137022,0.34990844,0.3561597
bluff,H,word2vec_recipe_40_HOM,0.1261358,0.11506231,0.15030275,0.15368576,0.16068493,0.16617829
mall,P,word2vec_recipe_40_HOM,0.2070715,0.19792847,0.2399388,0.21974504,0.25230676,0.22533752
manicure,P,word2vec_recipe_40_HOM,0.10546173,0.119655035,0.12454346,0.13873513,0.13359314,0.151711
spectrum,P,word2vec_recipe_40_HOM,0.3024787,0.29419285,0.35198978,0.26973724,0.36697194,0.2738432
sip,P,word2vec_recipe_40_HOM,0.29341877,0.33518234,0.3614486,0.39606035,0.38813773,0.4032963
consent,P,word2vec_recipe_40_HOM,0.113602854,0.12769793,0.14170429,0.1507954,0.15375803,0.16354297
proverbial,P,word2vec_recipe_40_HOM,0.18184194,0.17680456,0.20776913,0.18951309,0.21970272,0.20465213
influence,P,word2vec_recipe_40_HOM,0.13484184,0.13170153,0.16112715,0.16046922,0.17313738,0.17222549
league,H,word2vec_recipe_40_HOM,0.23024087,0.2223483,0.25975925,0.2254244,0.2724341,0.23247048
loft,P,word2vec_recipe_40_HOM,0.16882274,0.18170257,0.19784608,0.21296161,0.20882946,0.22313738
shove,P,word2vec_recipe_40_HOM,0.35704285,0.38601926,0.40859812,0.410337,0.42662537,0.38382724
luscious,P,word2vec_recipe_40_HOM,0.30310422,0.3464394,0.35373375,0.3748327,0.3744296,0.37809315
passion,P,word2vec_recipe_40_HOM,0.28992566,0.34025452,0.35121778,0.36044043,0.3744809,0.3604803
pep,P,word2vec_recipe_40_HOM,0.23006234,0.22194715,0.2740639,0.2708294,0.2948131,0.30489743
cockeyed,P,word2vec_recipe_40_HOM,0.106161155,0.11594122,0.14671044,0.16702121,0.16341847,0.18196279
instance,P,word2vec_recipe_40_HOM,0.27861005,0.2882002,0.3172214,0.29100373,0.33178067,0.27611122
prolong,P,word2vec_recipe_40_HOM,0.20045266,0.20842437,0.23639052,0.22751944,0.25286686,0.24120368
slave,P,word2vec_recipe_40_HOM,0.08862418,0.096845105,0.107655056,0.12464314,0.11770792,0.14118154
imitate,P,word2vec_recipe_40_HOM,0.20695272,0.19950172,0.24014296,0.23455481,0.25639048,0.2631833
raspberry,P,word2vec_recipe_40_HOM,0.22862133,0.29353154,0.31811026,0.3553219,0.35077488,0.36270922
luxurious,P,word2vec_recipe_40_HOM,0.25450116,0.28765336,0.30481538,0.3082475,0.3255217,0.31545004
humane,P,word2vec_recipe_40_HOM,0.1091121,0.110012814,0.12811896,0.13131016,0.137126,0.14692082
nitrate,P,word2vec_recipe_40_HOM,0.20048244,0.18334194,0.24669118,0.22888814,0.26292905,0.25993514
redhead,P,word2vec_recipe_40_HOM,0.119399905,0.13983445,0.14902642,0.1952522,0.16045657,0.20970449
cautious,M,word2vec_recipe_40_HOM,0.29669482,0.29461,0.3563923,0.3020738,0.37709975,0.3153439
streak,P,word2vec_recipe_40_HOM,0.33721656,0.2723139,0.38010865,0.3112838,0.39606118,0.3253426
savvy,P,word2vec_recipe_40_HOM,0.18202145,0.15436137,0.208405,0.1620806,0.21836439,0.17572154
inland,P,word2vec_recipe_40_HOM,0.12090762,0.12665385,0.14330794,0.15394165,0.15462856,0.17360711
solve,P,word2vec_recipe_40_HOM,0.21436663,0.16262756,0.24198107,0.17404829,0.2517232,0.17975038
honest,P,word2vec_recipe_40_HOM,0.1837424,0.15493406,0.21323818,0.16943677,0.22681879,0.18169026
strict,P,word2vec_recipe_40_HOM,0.15767927,0.13056123,0.1843754,0.1674283,0.19637996,0.178502
rack,H,word2vec_recipe_40_HOM,0.33323184,0.29396504,0.4245075,0.36283928,0.45402473,0.37202352
mood,H,word2vec_recipe_40_HOM,0.24730451,0.2155816,0.2918831,0.22484247,0.30630693,0.23123482
queen,P,word2vec_recipe_40_HOM,0.26445717,0.23945647,0.29987824,0.24980642,0.3131275,0.2569218
shop,P,word2vec_recipe_40_HOM,0.2687281,0.2780897,0.31877652,0.30320278,0.3405912,0.30797645
nook,M,word2vec_recipe_40_HOM,0.375294,0.39367115,0.43816584,0.39247304,0.45701808,0.3965338
executive,P,word2vec_recipe_40_HOM,0.12781964,0.1268375,0.1547049,0.15676317,0.16897346,0.17621675
fabric,P,word2vec_recipe_40_HOM,0.25159293,0.27144486,0.3038057,0.31183115,0.32674396,0.3380899
fraction,P,word2vec_recipe_40_HOM,0.3104081,0.25792983,0.34392548,0.2554726,0.35724136,0.2666796
stain,P,word2vec_recipe_40_HOM,0.30486768,0.30004838,0.36288106,0.32721236,0.3850143,0.34014875
withstand,P,word2vec_recipe_40_HOM,0.25162822,0.20741116,0.2884548,0.20165564,0.30183005,0.207203
jellyfish,P,word2vec_recipe_40_HOM,0.32493523,0.3113867,0.37825105,0.37740028,0.39803323,0.3936822
select,P,word2vec_recipe_40_HOM,0.32929206,0.3223494,0.43832067,0.43430912,0.48508108,0.47547325
peninsula,M,word2vec_recipe_40_HOM,0.18666518,0.16407706,0.21575657,0.19397496,0.22623128,0.20512612
dude,P,word2vec_recipe_40_HOM,0.14328787,0.14559239,0.16531584,0.16974038,0.17590807,0.1791584
soot,P,word2vec_recipe_40_HOM,0.23112886,0.23300314,0.28083885,0.28329948,0.29916275,0.29880273
jungle,P,word2vec_recipe_40_HOM,0.2164382,0.22996837,0.2539516,0.2633618,0.26869532,0.27278617
hereafter,P,word2vec_recipe_40_HOM,0.18496889,0.16476776,0.21199101,0.18619536,0.22247593,0.20134121
revelation,P,word2vec_recipe_40_HOM,0.11633186,0.119271964,0.13618994,0.13613652,0.14507346,0.14982033
railway,P,word2vec_recipe_40_HOM,0.15163508,0.15206867,0.17381887,0.17742947,0.18409081,0.19013691
potato,P,word2vec_recipe_40_HOM,0.27636057,0.33256927,0.35408744,0.37079823,0.38861847,0.37255108
multiply,H,word2vec_recipe_40_HOM,0.2703411,0.26773632,0.31162757,0.26984468,0.32942757,0.26841688
crucial,M,word2vec_recipe_40_HOM,0.24196307,0.252429,0.2918222,0.23305728,0.3080549,0.22932747
collection,P,word2vec_recipe_40_HOM,0.21234973,0.16895786,0.2494803,0.20388745,0.26511928,0.21336617
unfold,P,word2vec_recipe_40_HOM,0.34392175,0.38799098,0.42910275,0.40790606,0.4550968,0.4160238
island,P,word2vec_recipe_40_HOM,0.322823,0.28914925,0.3654848,0.3148526,0.37911576,0.31315324
steamer,P,word2vec_recipe_40_HOM,0.35191652,0.38481766,0.46432838,0.5112828,0.49903122,0.5386384
virgin,P,word2vec_recipe_40_HOM,0.28898746,0.3305581,0.3962536,0.4028814,0.43239704,0.4217225
gate,P,word2vec_recipe_40_HOM,0.26036954,0.23982053,0.29944035,0.2763483,0.31486842,0.29169777
liege,P,word2vec_recipe_40_HOM,0.23885608,0.25176066,0.2864936,0.2601321,0.3011475,0.2545616
bouquet,P,word2vec_recipe_40_HOM,0.31503463,0.3619777,0.42110032,0.43230084,0.45154405,0.4326872
confident,P,word2vec_recipe_40_HOM,0.21611829,0.17337106,0.24883202,0.17307265,0.26251838,0.18384835
delicate,P,word2vec_recipe_40_HOM,0.30739936,0.31093484,0.35227117,0.31280568,0.3717222,0.32550675
bid,P,word2vec_recipe_40_HOM,0.18256056,0.15710476,0.20668691,0.17586978,0.21652222,0.1849024
marriage,P,word2vec_recipe_40_HOM,0.23865826,0.21092558,0.27192038,0.21230598,0.284502,0.21498975
attention,P,word2vec_recipe_40_HOM,0.30559033,0.2485088,0.35519755,0.2507341,0.36991206,0.24696328
uncommon,P,word2vec_recipe_40_HOM,0.16100208,0.17241146,0.18678354,0.17639026,0.1971529,0.1807017
massage,P,word2vec_recipe_40_HOM,0.37547573,0.46156722,0.45932618,0.5083024,0.48580343,0.5170345
fever,P,word2vec_recipe_40_HOM,0.16582781,0.16727379,0.19215493,0.19508244,0.20336224,0.21108836
brick,P,word2vec_recipe_40_HOM,0.4203828,0.38951674,0.47360423,0.42419237,0.49082047,0.4294797
span,H,word2vec_recipe_40_HOM,0.26493484,0.21738188,0.3044143,0.23386894,0.31908664,0.24405296
stabilize,P,word2vec_recipe_40_HOM,0.39975947,0.38207158,0.4729544,0.43478668,0.49926946,0.4427541
saddle,P,word2vec_recipe_40_HOM,0.2547183,0.31626084,0.31335557,0.3997057,0.34009984,0.42204976
blink,P,word2vec_recipe_40_HOM,0.24196815,0.19064534,0.27590287,0.19741042,0.28913188,0.21330835
grip,P,word2vec_recipe_40_HOM,0.2923389,0.31255624,0.34021115,0.3240798,0.36053666,0.3460204
prudent,P,word2vec_recipe_40_HOM,0.13902311,0.12022953,0.15999952,0.1455753,0.17047843,0.15835442
diameter,P,word2vec_recipe_40_HOM,0.28849298,0.33967218,0.34164813,0.35656446,0.362856,0.34083158
career,P,word2vec_recipe_40_HOM,0.08978876,0.10325476,0.109279536,0.12958927,0.11964287,0.14502034
discussion,M,word2vec_recipe_40_HOM,0.10716309,0.105500124,0.12692574,0.12906604,0.13673747,0.14059514
notorious,M,word2vec_recipe_40_HOM,0.16134189,0.14242963,0.18242523,0.15518893,0.19178478,0.1662162
funeral,P,word2vec_recipe_40_HOM,0.16809785,0.13275172,0.195571,0.16650021,0.20719814,0.17539676
aspect,P,word2vec_recipe_40_HOM,0.17005393,0.172923,0.19603203,0.19081949,0.20780326,0.19442084
chess,H,word2vec_recipe_40_HOM,0.31366566,0.22753593,0.35828263,0.24627277,0.37517014,0.2428878
surplus,P,word2vec_recipe_40_HOM,0.3464604,0.33646107,0.41868848,0.3709245,0.44728792,0.39721006
rush,H,word2vec_recipe_40_HOM,0.30857217,0.19408695,0.34831846,0.2216199,0.3620648,0.2264633
cattle,M,word2vec_recipe_40_HOM,0.17571531,0.169677,0.2072579,0.19145165,0.21998496,0.20427963
fresh,P,word2vec_recipe_40_HOM,0.3173014,0.31717503,0.3687172,0.35606846,0.39224678,0.383126
tiger,P,word2vec_recipe_40_HOM,0.34270486,0.3020003,0.38639304,0.35672784,0.4031574,0.35463125
invisible,P,word2vec_recipe_40_HOM,0.21766298,0.184619,0.24302809,0.21147954,0.2546655,0.22279151
probe,P,word2vec_recipe_40_HOM,0.26934952,0.2306853,0.33447117,0.2989153,0.3691146,0.34876657
saloon,P,word2vec_recipe_40_HOM,0.14149542,0.15395306,0.16456339,0.1736654,0.17373846,0.1870575
sandbox,M,word2vec_recipe_40_HOM,0.12853086,0.1535362,0.14979073,0.1803093,0.15945743,0.18998107
nasal,P,word2vec_recipe_40_HOM,0.114150085,0.14221519,0.14803506,0.17369553,0.16111039,0.1845207
relation,P,word2vec_recipe_40_HOM,0.12649783,0.11432064,0.1456914,0.13658015,0.15452452,0.14852715
storm,P,word2vec_recipe_40_HOM,0.22416162,0.2256803,0.25946498,0.25683936,0.27470216,0.2761207
attempt,P,word2vec_recipe_40_HOM,0.2779439,0.18505573,0.31600755,0.19729592,0.33089513,0.21500368
exquisite,P,word2vec_recipe_40_HOM,0.24044824,0.27273542,0.29535672,0.31525177,0.31747302,0.33227277
shotgun,M,word2vec_recipe_40_HOM,0.17448275,0.16381164,0.19718818,0.18465054,0.2072083,0.19987163
alarm,P,word2vec_recipe_40_HOM,0.36429763,0.33088303,0.41135377,0.35394564,0.42917183,0.35923597
traction,P,word2vec_recipe_40_HOM,0.14605775,0.17075218,0.17553894,0.2004669,0.18857951,0.21358782
blunt,P,word2vec_recipe_40_HOM,0.26989385,0.24365455,0.3261521,0.33357775,0.35223484,0.36421847
sidekick,P,word2vec_recipe_40_HOM,0.14017075,0.1698125,0.16418837,0.20062202,0.17493005,0.21160547
rainbow,P,word2vec_recipe_40_HOM,0.337968,0.3728987,0.39592907,0.3749123,0.4139804,0.3858573
fireworks,P,word2vec_recipe_40_HOM,0.22513941,0.23276405,0.264445,0.27959725,0.27986524,0.29644975
hairline,P,word2vec_recipe_40_HOM,0.19180474,0.19381768,0.23129286,0.2545984,0.24701406,0.2761426
ponytail,M,word2vec_recipe_40_HOM,0.16068254,0.19581288,0.19862813,0.24900852,0.21443675,0.26171616
birth,P,word2vec_recipe_40_HOM,0.08350515,0.09890644,0.10414672,0.1291903,0.11541275,0.14568686
involve,P,word2vec_recipe_40_HOM,0.22777963,0.18695922,0.25560424,0.1861836,0.2670797,0.1940961
bruise,P,word2vec_recipe_40_HOM,0.3608447,0.42434657,0.4504584,0.497086,0.48343864,0.51684076
sermon,P,word2vec_recipe_40_HOM,0.19500396,0.21613374,0.2257913,0.250658,0.23898481,0.26642874
suffocate,P,word2vec_recipe_40_HOM,0.16230318,0.20788324,0.2116274,0.26700377,0.22968774,0.26801488
panda,P,word2vec_recipe_40_HOM,0.2426686,0.20195565,0.28818545,0.3050554,0.3057536,0.31859696
info,M,word2vec_recipe_40_HOM,0.24068065,0.2012208,0.29169902,0.16968966,0.31260547,0.16789147
breather,P,word2vec_recipe_40_HOM,0.100006774,0.11606866,0.121444315,0.14040044,0.13028583,0.15191998
routine,P,word2vec_recipe_40_HOM,0.16916136,0.13003498,0.1887353,0.14674546,0.19919495,0.16129802
unsafe,P,word2vec_recipe_40_HOM,0.11883189,0.12684147,0.13980126,0.14464866,0.14962435,0.15570591
realistic,P,word2vec_recipe_40_HOM,0.20343646,0.22554764,0.24380854,0.25373662,0.25895023,0.26507238
canary,P,word2vec_recipe_40_HOM,0.20560062,0.18666467,0.23666492,0.22306453,0.2475436,0.23134232
paddle,P,word2vec_recipe_40_HOM,0.26733285,0.31706277,0.40846425,0.42770126,0.46713722,0.47615567
celebrate,P,word2vec_recipe_40_HOM,0.18254824,0.17114392,0.21186,0.1804636,0.22435598,0.19707832
corpus,P,word2vec_recipe_40_HOM,0.21378514,0.24834716,0.2429305,0.27681166,0.25561464,0.29090357
twist,P,word2vec_recipe_40_HOM,0.31855032,0.38642362,0.38641793,0.41674477,0.4115062,0.4067606
apply,P,word2vec_recipe_40_HOM,0.36749727,0.39846054,0.44322112,0.42365453,0.4694586,0.42169014
prepare,P,word2vec_recipe_40_HOM,0.38435602,0.45528352,0.4559407,0.4472315,0.479396,0.42623076
priceless,P,word2vec_recipe_40_HOM,0.16366749,0.1715889,0.18680759,0.19385572,0.19633713,0.2047282
juicy,P,word2vec_recipe_40_HOM,0.3522235,0.42233956,0.42552888,0.4222895,0.45134535,0.41040742
jiggle,P,word2vec_recipe_40_HOM,0.27306107,0.2894903,0.40447137,0.3884875,0.44238648,0.39413536
incubator,P,word2vec_recipe_40_HOM,0.15728411,0.17544994,0.19106688,0.226003,0.20505944,0.24035083
unique,P,word2vec_recipe_40_HOM,0.19702378,0.26163405,0.2536708,0.28558007,0.2771485,0.30516022
wrinkle,H,word2vec_recipe_40_HOM,0.38178617,0.41306213,0.46134338,0.4500535,0.48753422,0.44106078
madman,M,word2vec_recipe_40_HOM,0.13446061,0.1120226,0.15546095,0.1286585,0.16557798,0.1427545
compare,P,word2vec_recipe_40_HOM,0.20801468,0.17172596,0.2360207,0.18422128,0.24558735,0.18897925
spine,P,word2vec_recipe_40_HOM,0.2067407,0.23087128,0.2728883,0.29469407,0.305999,0.33663276
lively,P,word2vec_recipe_40_HOM,0.368684,0.3593795,0.4289301,0.2561409,0.451338,0.26354003
happiness,P,word2vec_recipe_40_HOM,0.2554753,0.26317665,0.3168099,0.31187803,0.33537716,0.29577383
sundown,M,word2vec_recipe_40_HOM,0.20560431,0.20734012,0.23042749,0.20889936,0.24007809,0.21362889
crash,H,word2vec_recipe_40_HOM,0.32944983,0.34194604,0.37523186,0.3431847,0.39157364,0.33224723
cover,P,word2vec_recipe_40_HOM,0.39298576,0.45298997,0.47529823,0.41093785,0.50040835,0.39076242
steep,H,word2vec_recipe_40_HOM,0.30481148,0.37173164,0.43579575,0.46781552,0.4749398,0.48520517
primary,P,word2vec_recipe_40_HOM,0.32661185,0.33945206,0.37609196,0.36298287,0.39627555,0.37226254
kamikaze,M,word2vec_recipe_40_HOM,0.10625789,0.12733862,0.14485964,0.19364934,0.16706787,0.22741897
reunion,P,word2vec_recipe_40_HOM,0.21215658,0.20784427,0.24669015,0.23055264,0.26017097,0.24024726
companion,P,word2vec_recipe_40_HOM,0.22067794,0.259603,0.25579226,0.26178995,0.27145055,0.2744316
catcher,P,word2vec_recipe_40_HOM,0.2464988,0.24710016,0.2785647,0.2743763,0.29156023,0.28331584
occasional,P,word2vec_recipe_40_HOM,0.40130696,0.42491984,0.47071224,0.46908492,0.49219346,0.44677255
motorcycle,P,word2vec_recipe_40_HOM,0.17882851,0.20240356,0.21586056,0.26656255,0.23119552,0.28660026
wallow,P,word2vec_recipe_40_HOM,0.19228134,0.19960485,0.22018272,0.24489164,0.23222119,0.25752968
spit,H,word2vec_recipe_40_HOM,0.37147975,0.39745176,0.4289545,0.4056063,0.44947907,0.41839337
tuxedo,P,word2vec_recipe_40_HOM,0.2576986,0.23906924,0.29447556,0.25804028,0.31218064,0.27760375
belong,P,word2vec_recipe_40_HOM,0.11445029,0.11236927,0.13360898,0.12714869,0.14376384,0.14322232
pup,P,word2vec_recipe_40_HOM,0.21308307,0.19556934,0.24122308,0.21281531,0.25562954,0.22610657
liner,H,word2vec_recipe_40_HOM,0.3750041,0.3420286,0.4434575,0.4133899,0.47453934,0.43511724
ecstasy,P,word2vec_recipe_40_HOM,0.15463686,0.17617974,0.18567428,0.19964308,0.1974319,0.21349807
hack,H,word2vec_recipe_40_HOM,0.25466207,0.2049572,0.3079405,0.29396063,0.33149773,0.33701503
hound,P,word2vec_recipe_40_HOM,0.1699799,0.18223211,0.19515644,0.1891267,0.20534289,0.19211297
begin,P,word2vec_recipe_40_HOM,0.36206582,0.46845242,0.47976413,0.51666576,0.51926464,0.50706565
afternoon,P,word2vec_recipe_40_HOM,0.27924737,0.32135296,0.35978585,0.35268822,0.38911068,0.37439874
fruitcake,P,word2vec_recipe_40_HOM,0.32892123,0.30830175,0.3701309,0.28210893,0.38662663,0.28309503
decision,P,word2vec_recipe_40_HOM,0.1447853,0.1126145,0.167623,0.13229574,0.17801876,0.14604676
statement,P,word2vec_recipe_40_HOM,0.110915795,0.105765246,0.1339171,0.134835,0.1445577,0.14686906
moat,M,word2vec_recipe_40_HOM,0.26860613,0.2312349,0.30823952,0.2808057,0.32491103,0.2951703
expel,P,word2vec_recipe_40_HOM,0.36991572,0.39883682,0.44574395,0.49809405,0.47397003,0.5056169
zoom,P,word2vec_recipe_40_HOM,0.24497151,0.27682668,0.2840255,0.3162318,0.30220887,0.32799724
lifetime,P,word2vec_recipe_40_HOM,0.2290565,0.18142548,0.2594165,0.18470699,0.2712292,0.18778215
snowman,M,word2vec_recipe_40_HOM,0.21369764,0.24358311,0.26314044,0.2874743,0.2896949,0.3072454
accuracy,M,word2vec_recipe_40_HOM,0.36003894,0.3233719,0.42662826,0.3616773,0.44772893,0.36359537
pebble,P,word2vec_recipe_40_HOM,0.36165005,0.36877868,0.4080384,0.3954418,0.4258885,0.39575288
refrain,H,word2vec_recipe_40_HOM,0.2866069,0.20575398,0.32664147,0.22217488,0.34133947,0.2460819
surf,P,word2vec_recipe_40_HOM,0.22766581,0.22658797,0.27227664,0.2601741,0.28856274,0.2643627
tone,P,word2vec_recipe_40_HOM,0.32839307,0.3016116,0.38038597,0.32939547,0.3992919,0.3207097
naughty,P,word2vec_recipe_40_HOM,0.25466433,0.2963741,0.2954392,0.29113463,0.3117213,0.2887439
presence,P,word2vec_recipe_40_HOM,0.18039586,0.17960468,0.20667101,0.20153226,0.2184727,0.21036904
gorge,P,word2vec_recipe_40_HOM,0.11144415,0.11232996,0.12970358,0.12859902,0.13847104,0.14284904
sailor,P,word2vec_recipe_40_HOM,0.1534905,0.14773296,0.17976995,0.18321511,0.18996802,0.1935325
decide,P,word2vec_recipe_40_HOM,0.24790946,0.23280075,0.28842703,0.23626441,0.3028671,0.22863908
fail,P,word2vec_recipe_40_HOM,0.34246027,0.33832085,0.42225903,0.32038534,0.44798362,0.31605396
banquet,P,word2vec_recipe_40_HOM,0.19996135,0.20040756,0.22645503,0.21854971,0.23723894,0.22235249
domestic,P,word2vec_recipe_40_HOM,0.38887233,0.3826026,0.43505138,0.3209835,0.45066684,0.32159716
tug,P,word2vec_recipe_40_HOM,0.25751156,0.26210207,0.3054084,0.30604383,0.32530144,0.3256908
authority,P,word2vec_recipe_40_HOM,0.09789546,0.100694545,0.11615429,0.124996945,0.12530482,0.1415966
brunch,P,word2vec_recipe_40_HOM,0.32163438,0.3200575,0.39472243,0.3822111,0.41643783,0.37702954
abide,P,word2vec_recipe_40_HOM,0.0866801,0.10160456,0.10384632,0.12022595,0.11266855,0.13167427
elbow,P,word2vec_recipe_40_HOM,0.32201478,0.2841548,0.40454197,0.3497545,0.43926248,0.38073128
land,P,word2vec_recipe_40_HOM,0.28704363,0.22386009,0.33311385,0.22233579,0.3484253,0.23004678
pun,P,word2vec_recipe_40_HOM,0.18943258,0.16179602,0.21437784,0.15714598,0.2245792,0.1665127
sunlight,M,word2vec_recipe_40_HOM,0.3318193,0.35690445,0.40191504,0.40538734,0.42590562,0.4069737
tedious,M,word2vec_recipe_40_HOM,0.21581742,0.18215649,0.26638764,0.20059237,0.28513086,0.21197046
amigo,M,word2vec_recipe_40_HOM,0.17323788,0.15855807,0.20017077,0.20128763,0.21223567,0.20705847
sock,H,word2vec_recipe_40_HOM,0.36194378,0.30395645,0.40563256,0.3188901,0.42075244,0.32555234
experience,P,word2vec_recipe_40_HOM,0.18599087,0.16255298,0.21381138,0.17069066,0.22388145,0.1802673
acid,P,word2vec_recipe_40_HOM,0.25972217,0.29796115,0.34050274,0.3604319,0.37204117,0.3604563
relocate,P,word2vec_recipe_40_HOM,0.18063934,0.21203034,0.20793779,0.24250337,0.21903296,0.24950598
fluke,H,word2vec_recipe_40_HOM,0.23998192,0.27295166,0.2930695,0.3259421,0.31762457,0.34899777
vinyl,M,word2vec_recipe_40_HOM,0.23023097,0.3054796,0.28704175,0.35711113,0.3117657,0.37856686
purse,P,word2vec_recipe_40_HOM,0.29531905,0.3279904,0.36760014,0.3870797,0.39671957,0.4021445
airplane,M,word2vec_recipe_40_HOM,0.1441373,0.16584976,0.16492072,0.19551763,0.17572004,0.20578486
symbol,P,word2vec_recipe_40_HOM,0.18345825,0.17817788,0.2137146,0.21427314,0.2264152,0.22402991
certainty,P,word2vec_recipe_40_HOM,0.111018516,0.119547784,0.12986161,0.13826858,0.13863374,0.14761172
lavender,P,word2vec_recipe_40_HOM,0.2608177,0.3034753,0.35240516,0.3970349,0.3828611,0.40818805
distress,P,word2vec_recipe_40_HOM,0.1291355,0.12598237,0.14701897,0.14595017,0.1546113,0.15856884
suspicious,P,word2vec_recipe_40_HOM,0.08488154,0.10109487,0.10216284,0.12142263,0.11065119,0.13372925
deep,P,word2vec_recipe_40_HOM,0.35884336,0.43400973,0.44838834,0.5114287,0.47790444,0.5076054
stow,P,word2vec_recipe_40_HOM,0.18198523,0.22293545,0.22894193,0.28579798,0.25056612,0.31790963
slug,H,word2vec_recipe_40_HOM,0.27952006,0.33145523,0.33588284,0.38362134,0.35488078,0.38902125
ethnic,P,word2vec_recipe_40_HOM,0.17514005,0.19778666,0.24677065,0.26113537,0.28871232,0.29768252
scoop,P,word2vec_recipe_40_HOM,0.3447528,0.38795385,0.4629241,0.5110828,0.5055289,0.52394956
corkscrew,P,word2vec_recipe_40_HOM,0.3348789,0.41631234,0.40243423,0.42762807,0.42772698,0.43579662
access,P,word2vec_recipe_40_HOM,0.36725268,0.45316926,0.4822036,0.41433036,0.50652695,0.38167605
condition,P,word2vec_recipe_40_HOM,0.25820538,0.21334225,0.29635862,0.23780271,0.3119928,0.25514358
ton,P,word2vec_recipe_40_HOM,0.30273893,0.36308503,0.44041726,0.4605899,0.4767568,0.47492793
assume,P,word2vec_recipe_40_HOM,0.14958943,0.11895309,0.17544053,0.14332922,0.18594608,0.1532872
slimy,P,word2vec_recipe_40_HOM,0.2562688,0.27869087,0.31019542,0.3353819,0.33407712,0.3270726
dunk,P,word2vec_recipe_40_HOM,0.40578732,0.5112161,0.49577662,0.5288937,0.5195168,0.50218433
verify,M,word2vec_recipe_40_HOM,0.2577711,0.24046358,0.30763644,0.31488463,0.33103004,0.34573966
stir,H,word2vec_recipe_40_HOM,0.27925855,0.35164994,0.37048703,0.3709995,0.39865625,0.37133273
grumpy,M,word2vec_recipe_40_HOM,0.16865309,0.17621851,0.19361387,0.20631836,0.20566908,0.22222595
accessory,P,word2vec_recipe_40_HOM,0.26697117,0.31553218,0.341374,0.40104327,0.3764058,0.43440375
locate,P,word2vec_recipe_40_HOM,0.2759636,0.25481948,0.313964,0.27731216,0.33125794,0.2966704
stamp,P,word2vec_recipe_40_HOM,0.28189525,0.2647175,0.34395066,0.28369567,0.3798722,0.33047616
goat,P,word2vec_recipe_40_HOM,0.21786606,0.30339557,0.31671202,0.3789267,0.3583432,0.40842167
relevant,P,word2vec_recipe_40_HOM,0.12931661,0.13193485,0.15170361,0.15315495,0.16171417,0.16668372
race,H,word2vec_recipe_40_HOM,0.23586194,0.2292688,0.27432668,0.2673895,0.29013544,0.27330738
decent,P,word2vec_recipe_40_HOM,0.35131064,0.42322633,0.42586163,0.36633754,0.44564682,0.3240227
diagram,P,word2vec_recipe_40_HOM,0.27698153,0.2476447,0.33195335,0.27491382,0.35568202,0.30142772
piggy,P,word2vec_recipe_40_HOM,0.22670603,0.21961048,0.25520432,0.243438,0.26856777,0.24873035
indigenous,M,word2vec_recipe_40_HOM,0.10150983,0.11500882,0.123494826,0.1466887,0.13471399,0.16766408
pollen,M,word2vec_recipe_40_HOM,0.30022928,0.33188462,0.36134464,0.41062462,0.38704354,0.43020523
badger,P,word2vec_recipe_40_HOM,0.1266446,0.14401461,0.15147585,0.17150572,0.1601754,0.17937212
lens,P,word2vec_recipe_40_HOM,0.18989818,0.18951958,0.21640296,0.20402813,0.22761305,0.21531206
dump,P,word2vec_recipe_40_HOM,0.4448824,0.47071257,0.49814874,0.38596922,0.5147199,0.38535556
tonic,P,word2vec_recipe_40_HOM,0.1850909,0.23198964,0.24967283,0.2848446,0.28211513,0.3016046
ripe,P,word2vec_recipe_40_HOM,0.33888686,0.37316808,0.4253118,0.45238608,0.45546272,0.4663135
penguin,M,word2vec_recipe_40_HOM,0.16669512,0.18572201,0.20753342,0.23163423,0.23076886,0.26657733
horny,P,word2vec_recipe_40_HOM,0.11750927,0.1408878,0.13538119,0.16851088,0.14438479,0.1803779
bloody,P,word2vec_recipe_40_HOM,0.2989492,0.28471532,0.3612144,0.31171995,0.38390988,0.32507554
rival,P,word2vec_recipe_40_HOM,0.2379942,0.25695238,0.27339667,0.24627705,0.2867345,0.24262443
attractive,P,word2vec_recipe_40_HOM,0.3107353,0.3365474,0.39561394,0.40256178,0.42666802,0.41728315
alien,P,word2vec_recipe_40_HOM,0.1597425,0.19189489,0.19551678,0.2519219,0.21400985,0.2750475
lobster,P,word2vec_recipe_40_HOM,0.2591978,0.34476435,0.3688908,0.44429737,0.40579376,0.44828448
fanfare,P,word2vec_recipe_40_HOM,0.17141704,0.17826994,0.19769599,0.20801836,0.20840885,0.21711494
behavior,P,word2vec_recipe_40_HOM,0.13147481,0.11801498,0.15394591,0.14906633,0.16343312,0.15823735
breeze,P,word2vec_recipe_40_HOM,0.3444032,0.22002403,0.38792703,0.28772795,0.40500447,0.31071752
numb,P,word2vec_recipe_40_HOM,0.16352162,0.16087615,0.19015451,0.17849514,0.20159428,0.18848126
accessible,P,word2vec_recipe_40_HOM,0.21916008,0.167095,0.2462742,0.17763232,0.25771123,0.18789342
texture,P,word2vec_recipe_40_HOM,0.26281634,0.31613043,0.32688594,0.38075098,0.35582298,0.38660133
upstairs,P,word2vec_recipe_40_HOM,0.19026656,0.1548739,0.22760488,0.17517522,0.24053967,0.19023994
deck,P,word2vec_recipe_40_HOM,0.25226358,0.2427249,0.28967062,0.27147877,0.30646363,0.28175288
fold,H,word2vec_recipe_40_HOM,0.4070254,0.29710186,0.4683851,0.36230057,0.49122444,0.37847382
trailing,P,word2vec_recipe_40_HOM,0.17512687,0.21629979,0.21786235,0.2544398,0.2384407,0.28223008
motion,P,word2vec_recipe_40_HOM,0.2769217,0.3321044,0.37981158,0.41561857,0.4207373,0.43067345
bush,H,word2vec_recipe_40_HOM,0.379884,0.35908055,0.423217,0.36966562,0.43779087,0.38670665
compose,P,word2vec_recipe_40_HOM,0.32595563,0.3386788,0.38040328,0.36301607,0.40487278,0.37899658
spouse,M,word2vec_recipe_40_HOM,0.13006458,0.11939983,0.1534557,0.14256865,0.16492617,0.15768409
devil,P,word2vec_recipe_40_HOM,0.30679625,0.3161601,0.35582542,0.31562462,0.37253425,0.31487677
sleepy,P,word2vec_recipe_40_HOM,0.20179243,0.18663079,0.2325889,0.22290479,0.24526195,0.24185608
void,P,word2vec_recipe_40_HOM,0.32013825,0.32858548,0.37346497,0.3651631,0.3949588,0.38010797
closure,P,word2vec_recipe_40_HOM,0.21571216,0.16949184,0.2902245,0.30418673,0.33394718,0.379734
pelvic,M,word2vec_recipe_40_HOM,0.124411605,0.17562096,0.17807959,0.25181857,0.20882408,0.29119906
cultural,M,word2vec_recipe_40_HOM,0.10343941,0.11018784,0.12311694,0.13692927,0.1334526,0.15828593
distribute,P,word2vec_recipe_40_HOM,0.33190477,0.45989037,0.45575187,0.45937306,0.4873849,0.4468159
merge,P,word2vec_recipe_40_HOM,0.34278184,0.35330772,0.42230904,0.39937574,0.449191,0.38692218
bright,P,word2vec_recipe_40_HOM,0.32423717,0.3689315,0.4395633,0.5119657,0.47841966,0.5399337
kidney,P,word2vec_recipe_40_HOM,0.24037535,0.2776057,0.3283454,0.36723202,0.36640403,0.39594328
stall,H,word2vec_recipe_40_HOM,0.1593377,0.13058124,0.18317217,0.14867152,0.19342811,0.16344321
altitude,P,word2vec_recipe_40_HOM,0.2905338,0.2638862,0.41137573,0.41919428,0.45012033,0.41668317
flip,H,word2vec_recipe_40_HOM,0.35759494,0.42763573,0.4377163,0.433679,0.4655702,0.43491006
pancake,P,word2vec_recipe_40_HOM,0.28943697,0.4021376,0.40697736,0.5041042,0.45488513,0.523035
gourmet,P,word2vec_recipe_40_HOM,0.26550707,0.29738975,0.30007735,0.30946124,0.31412745,0.3156884
wholesale,P,word2vec_recipe_40_HOM,0.14974642,0.15960455,0.1770514,0.18469521,0.18937267,0.19061653
gallery,P,word2vec_recipe_40_HOM,0.16910844,0.16984016,0.19752705,0.19221291,0.2107405,0.19907175
disposable,P,word2vec_recipe_40_HOM,0.37000984,0.38517922,0.43779573,0.46092823,0.46152124,0.47592103
pipe,H,word2vec_recipe_40_HOM,0.26551846,0.27338383,0.34057862,0.32051978,0.37836167,0.35531676
triumph,P,word2vec_recipe_40_HOM,0.16418815,0.19086914,0.19006526,0.22237402,0.20186293,0.23138377
monk,M,word2vec_recipe_40_HOM,0.3084081,0.3026667,0.34971723,0.30269825,0.36494598,0.31406406
salon,P,word2vec_recipe_40_HOM,0.18559581,0.22373596,0.21024267,0.25237286,0.2245127,0.26848364
sinus,P,word2vec_recipe_40_HOM,0.12838224,0.1489828,0.17767602,0.20781831,0.19810143,0.2262839
mechanical,P,word2vec_recipe_40_HOM,0.24183798,0.28278947,0.29732847,0.3419429,0.3166571,0.34935552
thin,P,word2vec_recipe_40_HOM,0.34130794,0.3415963,0.40774724,0.3582044,0.4360079,0.36227205
wicked,P,word2vec_recipe_40_HOM,0.22957155,0.26293105,0.26660565,0.29236394,0.28389212,0.29550943
iron,P,word2vec_recipe_40_HOM,0.3134008,0.4093332,0.42718774,0.48124567,0.46631184,0.49073896
nugget,P,word2vec_recipe_40_HOM,0.39758712,0.5066288,0.46209294,0.5053634,0.48198342,0.5030885
cage,P,word2vec_recipe_40_HOM,0.21012089,0.20766415,0.27137095,0.28593937,0.2993247,0.32537782
asthma,M,word2vec_recipe_40_HOM,0.11555252,0.13531421,0.15121464,0.177476,0.16671127,0.19306155
nickel,P,word2vec_recipe_40_HOM,0.24131945,0.25953075,0.3374583,0.33661342,0.3701563,0.34986368
atomic,P,word2vec_recipe_40_HOM,0.14995477,0.16583115,0.17622192,0.19257767,0.18774858,0.20552908
blitz,P,word2vec_recipe_40_HOM,0.22552529,0.26480722,0.34374386,0.3423541,0.39785913,0.38444892
mouthful,P,word2vec_recipe_40_HOM,0.26468554,0.21225232,0.2943211,0.2150561,0.30643842,0.21906026
orgasm,M,word2vec_recipe_40_HOM,0.13496642,0.15174502,0.15703711,0.16942047,0.16694382,0.1808585
toss,P,word2vec_recipe_40_HOM,0.3163257,0.32454643,0.3956076,0.35145006,0.4218389,0.3557794
keel,P,word2vec_recipe_40_HOM,0.16251495,0.1790179,0.22277194,0.26774147,0.25194263,0.2944034
charity,P,word2vec_recipe_40_HOM,0.35375917,0.3403138,0.42976528,0.3520999,0.45415542,0.34362236
match,H,word2vec_recipe_40_HOM,0.36214727,0.38661864,0.4267517,0.36858556,0.44782245,0.36416674
buff,H,word2vec_recipe_40_HOM,0.25812772,0.24649912,0.29677445,0.29440814,0.312003,0.30399957
larger,P,word2vec_recipe_40_HOM,0.3533853,0.37142035,0.43555352,0.40036044,0.45863724,0.40826595
serpent,M,word2vec_recipe_40_HOM,0.21580568,0.1968823,0.25041837,0.24524651,0.26618445,0.2845114
petroleum,M,word2vec_recipe_40_HOM,0.20172386,0.17778873,0.23028538,0.20359652,0.2422131,0.21678567
collapse,P,word2vec_recipe_40_HOM,0.3233959,0.40728545,0.40218621,0.4088353,0.4271115,0.39342043
reproduce,P,word2vec_recipe_40_HOM,0.11360212,0.09494158,0.13305289,0.123396486,0.14249493,0.13823956
giggle,P,word2vec_recipe_40_HOM,0.23521025,0.1917091,0.27372772,0.23776808,0.28867868,0.25369385
nylon,P,word2vec_recipe_40_HOM,0.3645851,0.3175452,0.43126613,0.44509453,0.45945793,0.4645374
inject,P,word2vec_recipe_40_HOM,0.33367252,0.42076465,0.4404891,0.46985194,0.4697177,0.47694585
window,P,word2vec_recipe_40_HOM,0.27138615,0.2545054,0.32519624,0.2877634,0.3458606,0.3113781
prison,P,word2vec_recipe_40_HOM,0.15759918,0.17626415,0.1847107,0.20368245,0.19548386,0.20761862
throat,P,word2vec_recipe_40_HOM,0.2009854,0.20012197,0.25546774,0.26673734,0.27616137,0.28225526
hint,P,word2vec_recipe_40_HOM,0.3014903,0.2422869,0.33841854,0.23490115,0.35152322,0.24506648
topless,P,word2vec_recipe_40_HOM,0.18473674,0.18408577,0.21117072,0.21497619,0.22144428,0.21909565
pantry,P,word2vec_recipe_40_HOM,0.31784052,0.34459987,0.37085912,0.34074748,0.38847122,0.3434248
blur,P,word2vec_recipe_40_HOM,0.22373822,0.16781276,0.25646895,0.1959809,0.2717445,0.22233166
golden,P,word2vec_recipe_40_HOM,0.34372088,0.39135414,0.44081357,0.43571812,0.47427747,0.44791856
battle,P,word2vec_recipe_40_HOM,0.1929644,0.17173384,0.21845995,0.18500161,0.22951765,0.18924157
groovy,M,word2vec_recipe_40_HOM,0.1791946,0.1968121,0.2072686,0.2231668,0.22013284,0.23410718
testament,P,word2vec_recipe_40_HOM,0.14327578,0.14805874,0.16779953,0.17879608,0.17988084,0.19018012
salvation,P,word2vec_recipe_40_HOM,0.13425274,0.13810636,0.1595406,0.16127181,0.17031205,0.1763628
ensemble,P,word2vec_recipe_40_HOM,0.25499573,0.2552099,0.2941743,0.30495495,0.31004182,0.32816622
meticulous,M,word2vec_recipe_40_HOM,0.111687854,0.114841536,0.13080172,0.14984329,0.1412432,0.16358203
orchestra,P,word2vec_recipe_40_HOM,0.09065864,0.11142418,0.1108218,0.1439344,0.12150043,0.15810625
spear,H,word2vec_recipe_40_HOM,0.354539,0.42971948,0.4285585,0.45132646,0.45448074,0.45866758
twilight,P,word2vec_recipe_40_HOM,0.19396457,0.20222881,0.22671266,0.2278811,0.23893116,0.23682
rare,H,word2vec_recipe_40_HOM,0.24691471,0.23642354,0.39216745,0.343879,0.43819046,0.39424437
aversion,P,word2vec_recipe_40_HOM,0.17266232,0.14911714,0.20084012,0.15877408,0.21229063,0.16971505
scientific,P,word2vec_recipe_40_HOM,0.10959945,0.1205659,0.13257396,0.14743157,0.14306687,0.1630194
gunpowder,M,word2vec_recipe_40_HOM,0.18359193,0.25566167,0.22364853,0.30391362,0.24022934,0.316375
greet,P,word2vec_recipe_40_HOM,0.18698826,0.18126449,0.21325049,0.19260812,0.22515523,0.20354465
improve,P,word2vec_recipe_40_HOM,0.28513834,0.32863465,0.33788562,0.2943412,0.35719964,0.28809452
imperial,H,word2vec_recipe_40_HOM,0.28086418,0.25219795,0.32704657,0.2534622,0.34416404,0.2580555
inform,P,word2vec_recipe_40_HOM,0.095676266,0.10110098,0.11129956,0.119557485,0.119056374,0.13236536
daily,P,word2vec_recipe_40_HOM,0.3525949,0.26807338,0.4121704,0.3526127,0.43890134,0.39606318
trio,P,word2vec_recipe_40_HOM,0.32507643,0.3268638,0.36492747,0.34354773,0.38007805,0.34768164
master,P,word2vec_recipe_40_HOM,0.3853213,0.35249406,0.43546686,0.3755079,0.4521292,0.3683855
sultan,P,word2vec_recipe_40_HOM,0.1799961,0.18721038,0.20664923,0.21952824,0.21737365,0.22985648
crude,P,word2vec_recipe_40_HOM,0.18091094,0.15149586,0.20476805,0.16224727,0.21509956,0.17333944
vintage,P,word2vec_recipe_40_HOM,0.20867279,0.15131904,0.23763686,0.16442879,0.2515081,0.18701918
slap,P,word2vec_recipe_40_HOM,0.35376525,0.4006181,0.42769626,0.42695966,0.45399255,0.43372867
contain,P,word2vec_recipe_40_HOM,0.3476191,0.2826738,0.39278874,0.28159553,0.41057092,0.29135084
facility,P,word2vec_recipe_40_HOM,0.13811305,0.12651977,0.16272292,0.15504634,0.17448466,0.16637893
soccer,M,word2vec_recipe_40_HOM,0.19910905,0.20767605,0.24029794,0.26028097,0.2600453,0.28248858
reckless,P,word2vec_recipe_40_HOM,0.11203226,0.117242225,0.13131581,0.13101836,0.13979094,0.13996434
selection,P,word2vec_recipe_40_HOM,0.3590029,0.3600209,0.43004695,0.41838095,0.4528672,0.4253446
title,P,word2vec_recipe_40_HOM,0.2356455,0.14463802,0.27929208,0.18014908,0.30324122,0.19253021
knife,P,word2vec_recipe_40_HOM,0.27621552,0.2660528,0.3905542,0.3668706,0.43191734,0.42568716
organize,P,word2vec_recipe_40_HOM,0.36087865,0.33575752,0.40711087,0.3811384,0.4216729,0.3623011
swab,P,word2vec_recipe_40_HOM,0.30367878,0.29221153,0.3585634,0.3527188,0.38224357,0.3717139
persuade,P,word2vec_recipe_40_HOM,0.10593965,0.11441989,0.12388012,0.13518651,0.13309355,0.14991511
tolerance,P,word2vec_recipe_40_HOM,0.29487222,0.28243047,0.3793898,0.38092533,0.40737796,0.39809087
burglar,M,word2vec_recipe_40_HOM,0.20238054,0.2557164,0.23506506,0.27339604,0.24848358,0.2847817
atmosphere,P,word2vec_recipe_40_HOM,0.21676406,0.20572677,0.26086724,0.19957444,0.27489468,0.2090949
hectic,P,word2vec_recipe_40_HOM,0.08085655,0.093746565,0.10251906,0.12416765,0.11173789,0.13546804
youth,P,word2vec_recipe_40_HOM,0.1845186,0.17228346,0.2132277,0.19833373,0.22492819,0.20739776
rub,P,word2vec_recipe_40_HOM,0.35799456,0.45149863,0.43030086,0.42183042,0.4542965,0.4228725
faint,P,word2vec_recipe_40_HOM,0.30836403,0.32901442,0.36328843,0.36739448,0.38515815,0.37331152
dancer,M,word2vec_recipe_40_HOM,0.14162102,0.14273897,0.16483587,0.17352925,0.17479835,0.18137959
reckon,P,word2vec_recipe_40_HOM,0.10850839,0.10014316,0.13021637,0.12215972,0.14209692,0.1367802
trap,H,word2vec_recipe_40_HOM,0.33698207,0.34892312,0.39276943,0.40342098,0.41609725,0.4024759
circle,P,word2vec_recipe_40_HOM,0.26381603,0.24150601,0.3115014,0.23437981,0.32992408,0.2609265
flatten,P,word2vec_recipe_40_HOM,0.32042637,0.37821865,0.39591447,0.42077383,0.42258286,0.42356068
intention,P,word2vec_recipe_40_HOM,0.132653,0.10619183,0.1567677,0.12717727,0.16790624,0.14286985
boot,P,word2vec_recipe_40_HOM,0.2212404,0.19773342,0.26263946,0.23694092,0.28096965,0.26194197
canal,P,word2vec_recipe_40_HOM,0.29063305,0.2558613,0.3357869,0.3151578,0.3539754,0.33598807
spot,P,word2vec_recipe_40_HOM,0.29207224,0.3128531,0.42091414,0.4302955,0.46869937,0.46111342
proud,P,word2vec_recipe_40_HOM,0.1568969,0.124137685,0.17966813,0.14741917,0.18948191,0.15738142
faulty,M,word2vec_recipe_40_HOM,0.1823957,0.22648552,0.2168754,0.27739507,0.23234285,0.2909354
artificial,P,word2vec_recipe_40_HOM,0.3650537,0.40902466,0.43149835,0.45984805,0.45702374,0.4568833
quart,P,word2vec_recipe_40_HOM,0.25173953,0.31810772,0.38990128,0.483299,0.43560448,0.5186137
corner,P,word2vec_recipe_40_HOM,0.3275973,0.3259984,0.39363408,0.35640672,0.41558766,0.35971534
harmless,M,word2vec_recipe_40_HOM,0.15984213,0.17161547,0.19015749,0.20251212,0.20306322,0.20726939
yawn,P,word2vec_recipe_40_HOM,0.15897948,0.1396049,0.181281,0.16455571,0.19055034,0.17444392
tape,P,word2vec_recipe_40_HOM,0.2602386,0.2965679,0.3242083,0.3476188,0.35083175,0.36188442
bland,P,word2vec_recipe_40_HOM,0.2518426,0.20833382,0.29077232,0.25449052,0.306919,0.27325466
objective,P,word2vec_recipe_40_HOM,0.2331469,0.17423433,0.26093948,0.19702627,0.27236554,0.20234683
tin,P,word2vec_recipe_40_HOM,0.2903931,0.30436996,0.3532119,0.32712635,0.3866317,0.36500666
handy,P,word2vec_recipe_40_HOM,0.33505285,0.33150017,0.38078725,0.29819414,0.39646807,0.30042595
gardener,P,word2vec_recipe_40_HOM,0.11655662,0.14253564,0.13740245,0.16770047,0.14664969,0.18133102
enemy,P,word2vec_recipe_40_HOM,0.21377763,0.1626441,0.24236535,0.18458062,0.25418645,0.19789128
finger,P,word2vec_recipe_40_HOM,0.32817113,0.3685038,0.4214072,0.46252516,0.45127338,0.44457763
rape,H,word2vec_recipe_40_HOM,0.2713822,0.32349285,0.33677828,0.3520457,0.36232033,0.3671607
hustle,P,word2vec_recipe_40_HOM,0.20844734,0.2245209,0.23770893,0.2529322,0.24896225,0.263585
caress,P,word2vec_recipe_40_HOM,0.16389203,0.20026298,0.20026712,0.25052676,0.21495683,0.26584336
bomber,P,word2vec_recipe_40_HOM,0.15181112,0.16896126,0.17304128,0.18451154,0.18287453,0.19029643
capsule,P,word2vec_recipe_40_HOM,0.3077914,0.32163426,0.36004546,0.35985518,0.37894118,0.3787389
balance,P,word2vec_recipe_40_HOM,0.3385173,0.34216678,0.39875335,0.3352135,0.4222009,0.3436995
conquer,P,word2vec_recipe_40_HOM,0.12571457,0.10868901,0.143968,0.13048486,0.15259358,0.14153759
commission,P,word2vec_recipe_40_HOM,0.17690803,0.15621811,0.21131633,0.18047912,0.22461879,0.1871721
rib,H,word2vec_recipe_40_HOM,0.27565137,0.32247213,0.351155,0.39735708,0.38038567,0.41231695
fertilizer,P,word2vec_recipe_40_HOM,0.13490124,0.15725057,0.1624522,0.18393247,0.1741277,0.18957114
crime,P,word2vec_recipe_40_HOM,0.20420435,0.18774755,0.22995259,0.20270552,0.24078183,0.21035066
twinkle,P,word2vec_recipe_40_HOM,0.16660929,0.174269,0.19365439,0.20769209,0.20571111,0.22683801
rat,P,word2vec_recipe_40_HOM,0.26085716,0.25695747,0.2977347,0.29944146,0.31598017,0.31473148
shade,P,word2vec_recipe_40_HOM,0.3142826,0.39577034,0.42440155,0.47400033,0.46669877,0.49482793
risky,M,word2vec_recipe_40_HOM,0.09961923,0.10272926,0.11848459,0.12760386,0.12712683,0.14118885
cider,M,word2vec_recipe_40_HOM,0.29817536,0.39597604,0.38325348,0.42926478,0.41915578,0.44508842
cinnamon,P,word2vec_recipe_40_HOM,0.2472792,0.29565024,0.36286408,0.40181315,0.40120697,0.41850263
heartfelt,M,word2vec_recipe_40_HOM,0.24180138,0.26023352,0.29854777,0.25513437,0.31753927,0.241764
jive,P,word2vec_recipe_40_HOM,0.16476922,0.18655962,0.18567336,0.20206818,0.19467573,0.21048808
painful,P,word2vec_recipe_40_HOM,0.1576165,0.16059113,0.1866442,0.18590862,0.1999127,0.19153672
drape,P,word2vec_recipe_40_HOM,0.3418,0.35737687,0.39597562,0.31992573,0.41467035,0.32660446
chronic,P,word2vec_recipe_40_HOM,0.12337403,0.13497011,0.14794093,0.16015461,0.15856354,0.16719705
illusion,P,word2vec_recipe_40_HOM,0.16079354,0.16316593,0.1820618,0.18404381,0.19224764,0.19322722
stem,H,word2vec_recipe_40_HOM,0.25984436,0.3096717,0.34196714,0.37028578,0.37814972,0.41343334
nightmare,P,word2vec_recipe_40_HOM,0.17356265,0.14168656,0.19615597,0.15881777,0.20505634,0.17000267
yell,P,word2vec_recipe_40_HOM,0.1307523,0.13355085,0.15361224,0.15164228,0.1654185,0.16158213
tilt,P,word2vec_recipe_40_HOM,0.37516493,0.42869622,0.45474288,0.43567896,0.48100883,0.43937442
lodge,P,word2vec_recipe_40_HOM,0.262198,0.2024457,0.2933374,0.2069109,0.3043672,0.21114482
excite,P,word2vec_recipe_40_HOM,0.13232781,0.13492583,0.15683222,0.15276101,0.16812259,0.16532204
spruce,H,word2vec_recipe_40_HOM,0.31432992,0.30054775,0.35779327,0.34365565,0.3727078,0.3484188
butterfly,P,word2vec_recipe_40_HOM,0.3608932,0.37750542,0.42395002,0.41657954,0.4449978,0.4185137
puny,M,word2vec_recipe_40_HOM,0.11470149,0.11501872,0.13429329,0.13867539,0.14356965,0.15014185
pal,P,word2vec_recipe_40_HOM,0.21414499,0.15061717,0.24622425,0.19419545,0.25854897,0.20756553
cork,P,word2vec_recipe_40_HOM,0.2851937,0.28726065,0.36143577,0.38608938,0.39531663,0.4274136
snuff,H,word2vec_recipe_40_HOM,0.18228112,0.19197486,0.21029,0.20378606,0.22207204,0.21474023
ogre,P,word2vec_recipe_40_HOM,0.21082969,0.22216626,0.2504855,0.26141885,0.2654347,0.26610836
underneath,P,word2vec_recipe_40_HOM,0.3370796,0.35686034,0.38757333,0.34794688,0.4045688,0.33918166
appearance,P,word2vec_recipe_40_HOM,0.29357594,0.35334283,0.3549681,0.379648,0.38359618,0.3866949
cushion,P,word2vec_recipe_40_HOM,0.27397415,0.23112297,0.31362534,0.29137492,0.3298706,0.30895787
platform,P,word2vec_recipe_40_HOM,0.2519584,0.27818385,0.2929949,0.30592978,0.3107188,0.315936
foggy,P,word2vec_recipe_40_HOM,0.13768336,0.15112025,0.16068842,0.17421263,0.17081341,0.19184588
hen,M,word2vec_recipe_40_HOM,0.2427979,0.2798521,0.36590055,0.42955992,0.41940612,0.4579919
skirt,P,word2vec_recipe_40_HOM,0.24587473,0.2679866,0.34129387,0.31413147,0.37378505,0.32937995
allergic,P,word2vec_recipe_40_HOM,0.23129687,0.21975137,0.2724177,0.23114097,0.28910333,0.23286155
limp,H,word2vec_recipe_40_HOM,0.26968867,0.32365763,0.3584111,0.34635782,0.3927424,0.36651933
splash,P,word2vec_recipe_40_HOM,0.3528706,0.4185078,0.4368653,0.44857836,0.46136403,0.47425517
note,P,word2vec_recipe_40_HOM,0.2519242,0.34150285,0.32327533,0.34026837,0.34632835,0.3232456
sensible,P,word2vec_recipe_40_HOM,0.28763324,0.29669827,0.3503448,0.3738453,0.37508553,0.38634107
headless,P,word2vec_recipe_40_HOM,0.1846273,0.20981412,0.2322067,0.2691571,0.24710426,0.2720246
rescue,P,word2vec_recipe_40_HOM,0.22259572,0.176242,0.253528,0.19309963,0.26473254,0.19707695
paradise,P,word2vec_recipe_40_HOM,0.3306382,0.28957123,0.36826566,0.30134767,0.3829959,0.29267567
verse,H,word2vec_recipe_40_HOM,0.122302935,0.12121132,0.14403419,0.13975726,0.15491794,0.15346877
melt,P,word2vec_recipe_40_HOM,0.36818615,0.3442266,0.43583098,0.35910136,0.45924255,0.3729346
brand,P,word2vec_recipe_40_HOM,0.34390885,0.35303214,0.41862762,0.44948837,0.4451207,0.4489707
punishment,P,word2vec_recipe_40_HOM,0.13978775,0.1434169,0.16229144,0.17114812,0.17235088,0.18341084
owner,M,word2vec_recipe_40_HOM,0.1289933,0.12695971,0.1570428,0.1592466,0.17252831,0.18163721
migraine,M,word2vec_recipe_40_HOM,0.12250699,0.12181772,0.14089921,0.15830581,0.14953862,0.16514663
unmarked,M,word2vec_recipe_40_HOM,0.17645371,0.1922658,0.20688105,0.23909219,0.22158232,0.2548929
strain,H,word2vec_recipe_40_HOM,0.29914913,0.3303845,0.3996603,0.45110428,0.4381703,0.4770663
magnetic,P,word2vec_recipe_40_HOM,0.22238445,0.31266233,0.2887948,0.3821296,0.31701222,0.4082233
candy,P,word2vec_recipe_40_HOM,0.30068958,0.34962344,0.37116885,0.4697505,0.39956084,0.48514688
castle,P,word2vec_recipe_40_HOM,0.26405543,0.21897164,0.305844,0.26318398,0.32361427,0.28699914
sin,H,word2vec_recipe_40_HOM,0.29275525,0.27470857,0.32539853,0.24744529,0.33661935,0.24678923
oral,P,word2vec_recipe_40_HOM,0.109230876,0.13343635,0.13384622,0.16086501,0.14644141,0.17605709
transition,M,word2vec_recipe_40_HOM,0.17937323,0.1355246,0.20372044,0.16292499,0.21467249,0.16922154
quartet,P,word2vec_recipe_40_HOM,0.15464854,0.14507896,0.17971694,0.17191637,0.1894083,0.18381393
washed,P,word2vec_recipe_40_HOM,0.34472847,0.43701813,0.43026555,0.47771275,0.4559382,0.48146674
maneuver,P,word2vec_recipe_40_HOM,0.20401582,0.19460304,0.23311873,0.21463679,0.24693413,0.2244585
pastry,P,word2vec_recipe_40_HOM,0.32266155,0.38595223,0.3972199,0.43327272,0.42419803,0.43664205
snot,P,word2vec_recipe_40_HOM,0.14752479,0.13477156,0.1673417,0.16287288,0.17681481,0.17112748
recent,P,word2vec_recipe_40_HOM,0.15885465,0.15504423,0.18334927,0.17575794,0.19556259,0.19031885
magnet,P,word2vec_recipe_40_HOM,0.174632,0.22161238,0.21497497,0.27865916,0.23118307,0.28735033
example,P,word2vec_recipe_40_HOM,0.28892332,0.3726807,0.35197493,0.38471088,0.3714995,0.37547192
femur,P,word2vec_recipe_40_HOM,0.15854597,0.17855738,0.1981743,0.24767251,0.21627125,0.27050695
plump,H,word2vec_recipe_40_HOM,0.4181789,0.51328933,0.5065033,0.5360334,0.5319732,0.52644825
demon,P,word2vec_recipe_40_HOM,0.1589756,0.15162854,0.17916805,0.18266778,0.18756142,0.19066045
zipper,P,word2vec_recipe_40_HOM,0.1399295,0.18659644,0.28817967,0.31030548,0.37371475,0.39345348
stormy,P,word2vec_recipe_40_HOM,0.202003,0.1463995,0.23739247,0.20523648,0.25810656,0.2452667
initiate,P,word2vec_recipe_40_HOM,0.1580269,0.16309622,0.18143502,0.18853419,0.19215588,0.19655411
intent,H,word2vec_recipe_40_HOM,0.13474573,0.12767681,0.15812203,0.14213349,0.16939217,0.1545925
kingdom,P,word2vec_recipe_40_HOM,0.11226437,0.12482578,0.13274843,0.14968126,0.14281516,0.16234112
tidal,P,word2vec_recipe_40_HOM,0.16428398,0.1847406,0.18998894,0.20455287,0.20105068,0.21180925
ceremony,P,word2vec_recipe_40_HOM,0.11878934,0.11351416,0.13888891,0.13789582,0.1479187,0.15121616
leader,P,word2vec_recipe_40_HOM,0.11309533,0.12312415,0.13161863,0.13682175,0.14066797,0.15289472
eliminate,P,word2vec_recipe_40_HOM,0.37821752,0.41146308,0.448041,0.4460388,0.47265247,0.42981896
kindly,P,word2vec_recipe_40_HOM,0.2704934,0.25163826,0.32799438,0.24016458,0.34653863,0.24271606
roulette,P,word2vec_recipe_40_HOM,0.16085358,0.19109495,0.18511938,0.22777483,0.19696173,0.24636646
brief,P,word2vec_recipe_40_HOM,0.3851518,0.438388,0.4426175,0.41564393,0.46213147,0.41561103
unpack,P,word2vec_recipe_40_HOM,0.29709086,0.2661694,0.33736676,0.30896288,0.35241613,0.3258883
mansion,P,word2vec_recipe_40_HOM,0.16606085,0.17089164,0.1960544,0.17558093,0.20701665,0.18360122
bun,P,word2vec_recipe_40_HOM,0.29419273,0.36919552,0.39894763,0.42380068,0.43419343,0.4247618
possession,P,word2vec_recipe_40_HOM,0.12032483,0.13254426,0.1373731,0.14778827,0.14485739,0.15578507
teenager,M,word2vec_recipe_40_HOM,0.07286732,0.089244865,0.090492174,0.11721062,0.10042319,0.13271347
broad,P,word2vec_recipe_40_HOM,0.41872078,0.38773614,0.47457623,0.41855088,0.49431106,0.45502266
thick,P,word2vec_recipe_40_HOM,0.36910447,0.42562252,0.44664052,0.4670064,0.47847855,0.47567183
brute,P,word2vec_recipe_40_HOM,0.17172608,0.13782765,0.19653687,0.16394442,0.20678522,0.16826482
ploy,M,word2vec_recipe_40_HOM,0.22980428,0.24893448,0.28020358,0.267871,0.29850423,0.29647037
mackerel,P,word2vec_recipe_40_HOM,0.22418645,0.28474852,0.3115046,0.37154883,0.35188752,0.3991452
lizard,P,word2vec_recipe_40_HOM,0.1958352,0.19820273,0.22375931,0.22049795,0.23496145,0.22559442
pap,P,word2vec_recipe_40_HOM,0.26197144,0.23514542,0.3037925,0.27276397,0.32018757,0.28760573
clone,P,word2vec_recipe_40_HOM,0.2543239,0.25131786,0.2923641,0.25208864,0.3070846,0.25747234
section,P,word2vec_recipe_40_HOM,0.35462266,0.4475425,0.41225517,0.44459262,0.43376756,0.4476684
muck,P,word2vec_recipe_40_HOM,0.14621955,0.14561585,0.16912869,0.1635215,0.17969951,0.17320412
wooden,P,word2vec_recipe_40_HOM,0.38790625,0.38446832,0.50179577,0.5152351,0.5423126,0.53978187
heartbeat,M,word2vec_recipe_40_HOM,0.097730525,0.10104277,0.11713872,0.13356663,0.12548403,0.14721851
sturdy,P,word2vec_recipe_40_HOM,0.38408926,0.39960068,0.43971616,0.45835856,0.45895988,0.4782571
output,P,word2vec_recipe_40_HOM,0.21590576,0.25212577,0.26050836,0.28097364,0.27916503,0.2683124
dive,P,word2vec_recipe_40_HOM,0.33711582,0.31346488,0.39702746,0.30531904,0.41616225,0.3061245
smile,P,word2vec_recipe_40_HOM,0.30815363,0.2662706,0.35941556,0.34864923,0.38128868,0.35781586
shelf,P,word2vec_recipe_40_HOM,0.3652188,0.3472267,0.43719167,0.39811206,0.461223,0.41402847
product,P,word2vec_recipe_40_HOM,0.41585952,0.37065548,0.46621028,0.3341851,0.48244813,0.3331215
frighten,P,word2vec_recipe_40_HOM,0.08280278,0.09830693,0.0992428,0.12495667,0.107834585,0.14069682
worm,P,word2vec_recipe_40_HOM,0.26054305,0.30351344,0.32409686,0.31921852,0.34982955,0.33340123
eldest,M,word2vec_recipe_40_HOM,0.068631634,0.092693835,0.08751794,0.11838474,0.09897867,0.13301526
ointment,M,word2vec_recipe_40_HOM,0.16506995,0.16619919,0.19386481,0.2062739,0.20493305,0.21687779
chunk,P,word2vec_recipe_40_HOM,0.40458265,0.48424628,0.46562156,0.4472696,0.48572618,0.4454026
glance,P,word2vec_recipe_40_HOM,0.12686506,0.12023603,0.14805742,0.13605447,0.15829644,0.14714393
collar,P,word2vec_recipe_40_HOM,0.3449103,0.34848157,0.40379655,0.38382602,0.42357185,0.3958587
toothpick,M,word2vec_recipe_40_HOM,0.13434412,0.11843559,0.2374803,0.24607609,0.29089585,0.30959287
physical,P,word2vec_recipe_40_HOM,0.10327385,0.1148477,0.12805921,0.15273689,0.13993652,0.16616352
windshield,P,word2vec_recipe_40_HOM,0.1775715,0.16162911,0.22458622,0.22650835,0.24931058,0.2606241
filthy,P,word2vec_recipe_40_HOM,0.14346834,0.18368225,0.17479904,0.21689226,0.18867141,0.23518157
rubble,P,word2vec_recipe_40_HOM,0.31396064,0.367735,0.37313572,0.41941783,0.3956617,0.42326435
neon,P,word2vec_recipe_40_HOM,0.25661528,0.29860532,0.34266263,0.3796839,0.38067302,0.39344686
publish,P,word2vec_recipe_40_HOM,0.08493587,0.09383531,0.10259845,0.11639052,0.11244699,0.13174887
angry,P,word2vec_recipe_40_HOM,0.25703102,0.2534636,0.28750575,0.27519354,0.3002946,0.27997983
jerky,H,word2vec_recipe_40_HOM,0.37539423,0.37387353,0.4422669,0.41869146,0.4663723,0.41972926
cobbler,P,word2vec_recipe_40_HOM,0.30166402,0.31155255,0.37672386,0.3291151,0.40714845,0.3217489
depth,P,word2vec_recipe_40_HOM,0.45693856,0.556987,0.53029287,0.5856958,0.5550125,0.5694421
screen,P,word2vec_recipe_40_HOM,0.39725673,0.38545775,0.4576687,0.45816705,0.47920877,0.4630159
arrange,P,word2vec_recipe_40_HOM,0.3220473,0.4093158,0.42096475,0.43547767,0.45098716,0.43988517
penny,P,word2vec_recipe_40_HOM,0.41204643,0.37735993,0.48098072,0.3450445,0.49989402,0.344781
acquire,P,word2vec_recipe_40_HOM,0.29813367,0.27971265,0.3447436,0.34428197,0.36385164,0.34270903
herring,P,word2vec_recipe_40_HOM,0.3344859,0.4044616,0.41343278,0.43830508,0.43996945,0.4378497
cactus,M,word2vec_recipe_40_HOM,0.36864883,0.37338424,0.43343997,0.3590946,0.45445687,0.3646472
ratio,P,word2vec_recipe_40_HOM,0.34078425,0.36301968,0.40900683,0.41297016,0.4293533,0.39925653
borderline,P,word2vec_recipe_40_HOM,0.16871661,0.13748871,0.19481218,0.15867522,0.20683771,0.16588664
bend,P,word2vec_recipe_40_HOM,0.31351638,0.3248025,0.38958645,0.3752134,0.41518143,0.39110863
cancel,P,word2vec_recipe_40_HOM,0.36446726,0.34301278,0.46915612,0.466502,0.5107781,0.5071264
squirt,P,word2vec_recipe_40_HOM,0.3820232,0.38439715,0.4274344,0.42465997,0.44927284,0.4302919
chat,P,word2vec_recipe_40_HOM,0.27958447,0.2385223,0.3400951,0.31238973,0.36645994,0.36245722
renew,P,word2vec_recipe_40_HOM,0.2109966,0.22699118,0.2483332,0.2551215,0.2639999,0.26298288
promote,P,word2vec_recipe_40_HOM,0.3538713,0.42954072,0.4408858,0.48521835,0.47107446,0.4799029
liberty,P,word2vec_recipe_40_HOM,0.1525252,0.18782043,0.17503235,0.19633406,0.18507421,0.20296164
vibrant,P,word2vec_recipe_40_HOM,0.2526335,0.31554028,0.3425518,0.3690232,0.3764203,0.38168854
term,P,word2vec_recipe_40_HOM,0.32058412,0.2655364,0.35564986,0.27553004,0.36899543,0.25890198
tar,H,word2vec_recipe_40_HOM,0.36461744,0.33942267,0.40474474,0.33024833,0.42002252,0.34129825
cup,P,word2vec_recipe_40_HOM,0.33664694,0.4040632,0.408444,0.42593876,0.43864948,0.43549135
dynamic,P,word2vec_recipe_40_HOM,0.16268386,0.1672466,0.18867491,0.18744913,0.19855641,0.19943579
spa,P,word2vec_recipe_40_HOM,0.20724377,0.23218212,0.24387988,0.26089942,0.25910446,0.27290618
drugstore,M,word2vec_recipe_40_HOM,0.28808632,0.30910245,0.3373751,0.3543452,0.3590258,0.3635218
transit,P,word2vec_recipe_40_HOM,0.14764294,0.15212783,0.17256388,0.17315467,0.18310429,0.18017153
shuffle,P,word2vec_recipe_40_HOM,0.3146505,0.3044067,0.35462898,0.313487,0.36947206,0.31152144
rust,P,word2vec_recipe_40_HOM,0.3572535,0.33896446,0.42083797,0.39495966,0.44491872,0.41407055
bone,P,word2vec_recipe_40_HOM,0.27598262,0.31893843,0.35726532,0.39835683,0.39115617,0.42728433
indication,P,word2vec_recipe_40_HOM,0.23466578,0.21360041,0.28132272,0.23223346,0.29810044,0.24049011
huddle,P,word2vec_recipe_40_HOM,0.1244728,0.15799911,0.14493482,0.16415699,0.1550731,0.17713161
coffin,M,word2vec_recipe_40_HOM,0.24530864,0.19449821,0.294772,0.263913,0.3199947,0.2933949
annual,P,word2vec_recipe_40_HOM,0.12660351,0.14307785,0.14715786,0.15508166,0.15787923,0.16935231
poop,H,word2vec_recipe_40_HOM,0.19531807,0.22285381,0.23805763,0.2628146,0.25964814,0.28695536
carbon,P,word2vec_recipe_40_HOM,0.3648697,0.38307017,0.42128837,0.40513816,0.4395278,0.3854572
tiresome,P,word2vec_recipe_40_HOM,0.06906209,0.088180505,0.09098374,0.117411405,0.10169348,0.13191487
octopus,P,word2vec_recipe_40_HOM,0.31058115,0.38793308,0.3902163,0.45355,0.41446266,0.4693958
spout,P,word2vec_recipe_40_HOM,0.32829684,0.38922864,0.40637723,0.43221435,0.43972665,0.46644816
dibs,P,word2vec_recipe_40_HOM,0.20746055,0.1733305,0.23198754,0.18575464,0.24167062,0.20585474
illegal,P,word2vec_recipe_40_HOM,0.108986974,0.11891223,0.12746839,0.13870086,0.13535535,0.14922056
map,P,word2vec_recipe_40_HOM,0.13432749,0.11582121,0.20104851,0.21484761,0.22574246,0.23146325
roommate,M,word2vec_recipe_40_HOM,0.08176528,0.09691425,0.10072455,0.12153306,0.11044696,0.1363292
nearby,P,word2vec_recipe_40_HOM,0.3805177,0.3812825,0.43915898,0.38151294,0.4565878,0.3783666
universal,P,word2vec_recipe_40_HOM,0.24022594,0.20994805,0.27549124,0.2057692,0.28832772,0.21798243
precision,P,word2vec_recipe_40_HOM,0.3331733,0.33363083,0.38339388,0.36216134,0.4021876,0.357415
everyday,P,word2vec_recipe_40_HOM,0.3065974,0.31591964,0.34425208,0.3205089,0.35749024,0.31127733
bake,P,word2vec_recipe_40_HOM,0.39353627,0.28278783,0.47658885,0.40222508,0.502969,0.40977016
disappoint,P,word2vec_recipe_40_HOM,0.081940934,0.09633627,0.10132201,0.12164404,0.11146351,0.13562074
ingenious,P,word2vec_recipe_40_HOM,0.12814501,0.15467826,0.14903073,0.1536628,0.1578861,0.15918104
pride,P,word2vec_recipe_40_HOM,0.23197083,0.19977468,0.26617488,0.21714355,0.2779162,0.22499983
bat,H,word2vec_recipe_40_HOM,0.28968292,0.22918034,0.3362338,0.2614166,0.35972136,0.2937564
passive,P,word2vec_recipe_40_HOM,0.23362465,0.2384404,0.29254568,0.26614213,0.3133465,0.26232314
version,P,word2vec_recipe_40_HOM,0.26284477,0.32070115,0.30577308,0.30477905,0.32131484,0.2961962
thirsty,P,word2vec_recipe_40_HOM,0.20116548,0.17103466,0.22538601,0.18025474,0.23486637,0.18597825
equipment,P,word2vec_recipe_40_HOM,0.42202726,0.4475292,0.4884589,0.44962716,0.50784147,0.459883
organic,P,word2vec_recipe_40_HOM,0.3023526,0.36951396,0.35939363,0.3944881,0.38005504,0.39032325
launch,H,word2vec_recipe_40_HOM,0.21240632,0.2666792,0.24697214,0.28055543,0.26171538,0.2920178
latex,P,word2vec_recipe_40_HOM,0.2348428,0.29262537,0.3400771,0.3469226,0.3702485,0.35467932
clue,P,word2vec_recipe_40_HOM,0.122294806,0.10516204,0.15172616,0.13569736,0.16271698,0.1457746
modest,P,word2vec_recipe_40_HOM,0.3011158,0.26344118,0.34632596,0.28252718,0.36121652,0.29041684
beige,M,word2vec_recipe_40_HOM,0.24646199,0.30618256,0.33058468,0.3907246,0.3731481,0.42652428
tap,H,word2vec_recipe_40_HOM,0.37665078,0.44772512,0.46666488,0.51173586,0.4937673,0.50985414
bounty,P,word2vec_recipe_40_HOM,0.31267887,0.24547829,0.3490816,0.27338326,0.36184737,0.28214204
nerve,P,word2vec_recipe_40_HOM,0.139954,0.18621533,0.17690746,0.2526176,0.19509146,0.27447477
brew,P,word2vec_recipe_40_HOM,0.27103794,0.36013168,0.36046588,0.4074301,0.3973851,0.42082247
balloon,P,word2vec_recipe_40_HOM,0.3493272,0.45365936,0.41860133,0.45645392,0.44151437,0.46275762
hillbilly,P,word2vec_recipe_40_HOM,0.14842895,0.13159168,0.17697513,0.1597129,0.19050613,0.17241156
neighbor,P,word2vec_recipe_40_HOM,0.14528847,0.14603606,0.16905431,0.16229336,0.18077274,0.17520092
volcano,P,word2vec_recipe_40_HOM,0.3472255,0.35918847,0.40995023,0.36953804,0.42907813,0.37480986
worthwhile,M,word2vec_recipe_40_HOM,0.10626068,0.10231952,0.12554592,0.12478303,0.13502516,0.13977148
photograph,P,word2vec_recipe_40_HOM,0.20988457,0.12865376,0.3431699,0.28357786,0.40224397,0.28827754
safari,P,word2vec_recipe_40_HOM,0.1436403,0.15614185,0.16721301,0.17713681,0.17814474,0.19076535
unwanted,M,word2vec_recipe_40_HOM,0.23207638,0.26612443,0.2987281,0.33758125,0.3272034,0.35814124
flick,P,word2vec_recipe_40_HOM,0.34316367,0.39943397,0.41787907,0.4353035,0.44244012,0.4329308
sculpture,P,word2vec_recipe_40_HOM,0.19715585,0.20000497,0.23324741,0.24939077,0.24847424,0.2694174
burden,H,word2vec_recipe_40_HOM,0.10626502,0.101978175,0.12322081,0.12771823,0.13139832,0.14296028
dependent,P,word2vec_recipe_40_HOM,0.25558013,0.3171793,0.33288532,0.34232345,0.3667716,0.35086462
enjoyable,M,word2vec_recipe_40_HOM,0.1830598,0.16860092,0.21469547,0.1791794,0.22658034,0.18261445
bandit,P,word2vec_recipe_40_HOM,0.12602349,0.15325123,0.14929272,0.1834851,0.15928453,0.1980157
commotion,P,word2vec_recipe_40_HOM,0.18335453,0.2130654,0.21307594,0.24135855,0.22570701,0.24768984
nausea,P,word2vec_recipe_40_HOM,0.11845638,0.13135959,0.14759964,0.15426756,0.15974706,0.16707878
rum,M,word2vec_recipe_40_HOM,0.20105009,0.24326885,0.28946579,0.30444166,0.3255351,0.33089867
internal,P,word2vec_recipe_40_HOM,0.25184515,0.21923347,0.31312788,0.26616684,0.35451564,0.30919552
conclusion,P,word2vec_recipe_40_HOM,0.14150485,0.1323592,0.16570447,0.1447655,0.17562012,0.15399097
shock,H,word2vec_recipe_40_HOM,0.3003735,0.38787952,0.42891037,0.45951122,0.4716628,0.4765075
horde,P,word2vec_recipe_40_HOM,0.20781556,0.17476015,0.2382004,0.18842536,0.24893527,0.19381206
menu,P,word2vec_recipe_40_HOM,0.26342958,0.30596364,0.31232858,0.31449533,0.33045968,0.30451944
citation,P,word2vec_recipe_40_HOM,0.18596773,0.19070607,0.21310773,0.20312385,0.22500393,0.21991801
factor,P,word2vec_recipe_40_HOM,0.24467497,0.23421668,0.27884418,0.24118814,0.29268083,0.25625968
technology,P,word2vec_recipe_40_HOM,0.12805007,0.13269907,0.15230335,0.14773078,0.16362888,0.16095781
arrival,P,word2vec_recipe_40_HOM,0.15648544,0.13530685,0.17933773,0.1526186,0.18905748,0.1597697
weakness,P,word2vec_recipe_40_HOM,0.09504938,0.10217533,0.11462025,0.12736244,0.124373876,0.14442065
distortion,P,word2vec_recipe_40_HOM,0.15312189,0.19611736,0.18322556,0.2280706,0.19605172,0.24723281
claim,P,word2vec_recipe_40_HOM,0.18897071,0.165052,0.2135745,0.18853258,0.22612743,0.1963099
dusk,M,word2vec_recipe_40_HOM,0.22328892,0.22883537,0.2557714,0.25718987,0.2682613,0.26416802
miraculous,P,word2vec_recipe_40_HOM,0.15431021,0.15051976,0.17694634,0.17202681,0.18691316,0.17970283
fragrance,P,word2vec_recipe_40_HOM,0.2693533,0.32013473,0.36572754,0.40974215,0.397368,0.43388173
wilderness,P,word2vec_recipe_40_HOM,0.18964362,0.18736015,0.21822733,0.20837583,0.23054272,0.2145723
bra,M,word2vec_recipe_40_HOM,0.16465572,0.21050128,0.1914654,0.24542627,0.20315471,0.25995636
swing,P,word2vec_recipe_40_HOM,0.20079449,0.23451635,0.23701698,0.28187162,0.25585327,0.28999057
rodeo,M,word2vec_recipe_40_HOM,0.11964488,0.14017689,0.14055431,0.15850663,0.15129744,0.17368452
turnip,P,word2vec_recipe_40_HOM,0.23417465,0.29554796,0.3316078,0.39673126,0.36570266,0.41044492
bash,P,word2vec_recipe_40_HOM,0.31517822,0.37992677,0.41708043,0.4978175,0.4560047,0.5108116
energetic,P,word2vec_recipe_40_HOM,0.20863476,0.1802422,0.23364572,0.17318057,0.24394383,0.18881223
resolve,P,word2vec_recipe_40_HOM,0.103170946,0.110895135,0.1220218,0.1388627,0.13027668,0.1487204
string,P,word2vec_recipe_40_HOM,0.2895118,0.31491652,0.37531528,0.38402396,0.4112519,0.4042005
attract,P,word2vec_recipe_40_HOM,0.12434788,0.12653856,0.14547044,0.15488511,0.15513033,0.16495301
hemisphere,P,word2vec_recipe_40_HOM,0.18172549,0.18992424,0.21625757,0.24204494,0.23064414,0.25850794
colossal,M,word2vec_recipe_40_HOM,0.2745783,0.23376599,0.30758575,0.2523838,0.3206343,0.2628893
luxury,P,word2vec_recipe_40_HOM,0.23012352,0.23587917,0.2628283,0.26435304,0.27629077,0.26251134
glove,P,word2vec_recipe_40_HOM,0.3123289,0.30735192,0.37972787,0.38127995,0.40458733,0.3977323
personal,P,word2vec_recipe_40_HOM,0.20724352,0.2385315,0.30481955,0.32128096,0.33811188,0.33479086
claw,P,word2vec_recipe_40_HOM,0.26856822,0.29834944,0.3744255,0.38203448,0.41604656,0.41294336
nudge,P,word2vec_recipe_40_HOM,0.3154945,0.3508135,0.37312123,0.40281728,0.3981,0.40777993
rally,H,word2vec_recipe_40_HOM,0.1766474,0.1787835,0.20401444,0.19752668,0.21519193,0.20514727
estate,P,word2vec_recipe_40_HOM,0.09032549,0.08900423,0.11198266,0.1228521,0.1291379,0.14907414
stomp,P,word2vec_recipe_40_HOM,0.2470663,0.23197663,0.28133607,0.24820332,0.29452825,0.25565618
cellular,P,word2vec_recipe_40_HOM,0.14518648,0.14433731,0.16899824,0.19104716,0.17884567,0.20225267
safety,P,word2vec_recipe_40_HOM,0.2719745,0.2706439,0.32150352,0.31929564,0.34101728,0.3184044
bias,P,word2vec_recipe_40_HOM,0.30442494,0.3431987,0.3826219,0.3386964,0.41339642,0.34454656
clip,H,word2vec_recipe_40_HOM,0.39586186,0.38726807,0.45946637,0.42356762,0.48094377,0.44656485
mayor,M,word2vec_recipe_40_HOM,0.098239265,0.11708621,0.11996266,0.14594845,0.1305288,0.16250856
foremost,M,word2vec_recipe_40_HOM,0.21144977,0.21066341,0.23907267,0.21884805,0.2507095,0.22377966
machine,P,word2vec_recipe_40_HOM,0.31750342,0.3690304,0.4103725,0.45719728,0.45138732,0.5108193
honesty,P,word2vec_recipe_40_HOM,0.14819542,0.11795017,0.16839868,0.13694192,0.17820692,0.14783184
proportion,P,word2vec_recipe_40_HOM,0.30254567,0.3544874,0.3676239,0.35491854,0.38900822,0.36060226
genie,M,word2vec_recipe_40_HOM,0.1274868,0.1545218,0.1505461,0.18943511,0.16039516,0.19993629
sharp,P,word2vec_recipe_40_HOM,0.2669634,0.29584867,0.36737385,0.35674438,0.4115102,0.38780516
plaid,P,word2vec_recipe_40_HOM,0.12922402,0.16832821,0.16135095,0.2186246,0.17460482,0.23931392
smother,P,word2vec_recipe_40_HOM,0.39115337,0.37526634,0.4383144,0.36634028,0.45566863,0.37426817
airport,M,word2vec_recipe_40_HOM,0.12489613,0.13908322,0.14284633,0.1556448,0.15094706,0.16459653
rate,H,word2vec_recipe_40_HOM,0.40014988,0.29050037,0.45304027,0.30802277,0.46885958,0.32772958
bonfire,M,word2vec_recipe_40_HOM,0.2452929,0.23480116,0.28113958,0.2607847,0.29481527,0.261307
yoga,P,word2vec_recipe_40_HOM,0.18578693,0.15507638,0.21572973,0.18477823,0.22684978,0.19292541
tablet,P,word2vec_recipe_40_HOM,0.3116421,0.34492007,0.3834169,0.41077182,0.4113571,0.4311128
prone,P,word2vec_recipe_40_HOM,0.25789222,0.24554005,0.3053755,0.2579788,0.32213533,0.26250133
calendar,P,word2vec_recipe_40_HOM,0.16639452,0.14455605,0.18772677,0.1590546,0.19684613,0.16786304
background,P,word2vec_recipe_40_HOM,0.21971479,0.21659032,0.25351378,0.24724267,0.26710072,0.26289177
endless,P,word2vec_recipe_40_HOM,0.25496912,0.27565792,0.31492904,0.30536518,0.336198,0.29925498
tag,H,word2vec_recipe_40_HOM,0.35737777,0.33252755,0.4193415,0.33890632,0.44149032,0.3598034
backbone,P,word2vec_recipe_40_HOM,0.23247902,0.23711544,0.3102524,0.34774488,0.34752762,0.37793097
division,P,word2vec_recipe_40_HOM,0.21718717,0.22630808,0.2656655,0.2759395,0.28498676,0.28776133
needle,P,word2vec_recipe_40_HOM,0.28231236,0.3577465,0.36973664,0.42462724,0.40113038,0.43228003
hobo,P,word2vec_recipe_40_HOM,0.36017358,0.3162843,0.41359088,0.28049213,0.43037155,0.29401883
roach,H,word2vec_recipe_40_HOM,0.12810913,0.1403538,0.14925407,0.16236965,0.15844327,0.17554745
attach,P,word2vec_recipe_40_HOM,0.31582278,0.2182524,0.3732486,0.29083973,0.3987563,0.32979912
slick,H,word2vec_recipe_40_HOM,0.36893612,0.39683473,0.42421108,0.42830294,0.4440979,0.40708336
mystic,P,word2vec_recipe_40_HOM,0.12978533,0.15093696,0.1493818,0.16984332,0.1584941,0.18028706
majority,P,word2vec_recipe_40_HOM,0.35758713,0.3224855,0.41212723,0.32710314,0.43088114,0.3475663
seat,P,word2vec_recipe_40_HOM,0.3566758,0.30413684,0.40117314,0.33333305,0.41762683,0.35156715
yarn,P,word2vec_recipe_40_HOM,0.22054355,0.23398358,0.27384046,0.2687287,0.29852018,0.29409423
diamond,P,word2vec_recipe_40_HOM,0.30405268,0.32743424,0.38077492,0.35614607,0.40933287,0.35196498
lipstick,M,word2vec_recipe_40_HOM,0.18441635,0.20438883,0.21515776,0.22448945,0.22633736,0.23545982
bead,P,word2vec_recipe_40_HOM,0.4303339,0.445305,0.5346795,0.5293422,0.56204104,0.536709
enlighten,M,word2vec_recipe_40_HOM,0.13448346,0.17040218,0.16114977,0.19895847,0.1724996,0.2103517
medicine,P,word2vec_recipe_40_HOM,0.1787295,0.18465501,0.20618173,0.19371307,0.2198069,0.21109597
penalty,P,word2vec_recipe_40_HOM,0.1663425,0.178993,0.1938118,0.20589297,0.20480354,0.20942475
oblivion,P,word2vec_recipe_40_HOM,0.2765453,0.31943408,0.32694554,0.35001928,0.34381625,0.35607958
district,P,word2vec_recipe_40_HOM,0.1130574,0.09235501,0.14625232,0.13398102,0.16336548,0.16549477
holler,P,word2vec_recipe_40_HOM,0.16705233,0.15656927,0.19447777,0.19847666,0.2057246,0.20941567
nap,H,word2vec_recipe_40_HOM,0.40223455,0.42278334,0.44652802,0.4399267,0.4627651,0.42427418
pattern,P,word2vec_recipe_40_HOM,0.23504047,0.2823422,0.31444553,0.34068075,0.34808022,0.350332
warehouse,P,word2vec_recipe_40_HOM,0.14193541,0.15437077,0.18657728,0.20975943,0.21076243,0.22593753
exotic,P,word2vec_recipe_40_HOM,0.27770072,0.2939212,0.32875487,0.3263591,0.35104266,0.34383908
edit,P,word2vec_recipe_40_HOM,0.15853007,0.13589309,0.18607876,0.15017872,0.1977261,0.16125844
dodo,P,word2vec_recipe_40_HOM,0.18735489,0.20639972,0.21684688,0.22765937,0.2292985,0.23827805
sap,H,word2vec_recipe_40_HOM,0.25243482,0.24157043,0.29094186,0.2932305,0.30618814,0.30924156
elegant,P,word2vec_recipe_40_HOM,0.27631703,0.28220582,0.3504447,0.38642702,0.38471702,0.4096425
speed,P,word2vec_recipe_40_HOM,0.29587632,0.3325372,0.40031776,0.37701142,0.44187236,0.39838457
molecular,M,word2vec_recipe_40_HOM,0.13950379,0.12511772,0.15908785,0.14852671,0.16838713,0.16725056
wax,H,word2vec_recipe_40_HOM,0.2991084,0.31283194,0.39428985,0.34585023,0.42781165,0.3854618
sapphire,P,word2vec_recipe_40_HOM,0.12976329,0.13055128,0.16698012,0.19249764,0.18838711,0.22807764
camel,M,word2vec_recipe_40_HOM,0.31024218,0.33633578,0.36183244,0.38161075,0.38241714,0.39325774
system,P,word2vec_recipe_40_HOM,0.22911903,0.19870208,0.26750863,0.2277567,0.2840473,0.23903762
freshen,P,word2vec_recipe_40_HOM,0.35321352,0.33879673,0.39636356,0.36220613,0.41445497,0.3669725
silent,P,word2vec_recipe_40_HOM,0.20362492,0.16726321,0.23351389,0.19598606,0.24562225,0.20950532
weaken,P,word2vec_recipe_40_HOM,0.2016129,0.18263572,0.23790488,0.20935774,0.25231767,0.21803916
specialize,P,word2vec_recipe_40_HOM,0.13753513,0.14777014,0.16723667,0.19175066,0.17891268,0.195753
approval,P,word2vec_recipe_40_HOM,0.12769432,0.11466982,0.14925101,0.13954256,0.15818985,0.14956084
blow,H,word2vec_recipe_40_HOM,0.33757934,0.37503064,0.3974766,0.36025864,0.418273,0.36230734
ripple,P,word2vec_recipe_40_HOM,0.383916,0.40023324,0.44119662,0.39386818,0.46202064,0.40177158
brig,P,word2vec_recipe_40_HOM,0.16611326,0.19071183,0.2127404,0.27533272,0.23216957,0.30315426
kangaroo,M,word2vec_recipe_40_HOM,0.2885812,0.22243337,0.33172268,0.28208435,0.3489445,0.2881384
empire,P,word2vec_recipe_40_HOM,0.20654139,0.22818628,0.24489832,0.24115197,0.25981548,0.23844959
suede,M,word2vec_recipe_40_HOM,0.18841644,0.20180558,0.21960631,0.24340461,0.23493446,0.2644203
overseas,P,word2vec_recipe_40_HOM,0.15645415,0.15451433,0.1811275,0.17355147,0.19264568,0.18239602
tickle,P,word2vec_recipe_40_HOM,0.13031004,0.12877238,0.1606238,0.15862516,0.172919,0.17295752
hormone,P,word2vec_recipe_40_HOM,0.121024564,0.12751396,0.1515978,0.16183767,0.16408116,0.17807908
spook,P,word2vec_recipe_40_HOM,0.33265415,0.25224486,0.3621243,0.23509929,0.37371024,0.2394877
material,P,word2vec_recipe_40_HOM,0.2933537,0.30738434,0.34466344,0.34224844,0.36621526,0.36600566
celery,M,word2vec_recipe_40_HOM,0.26075035,0.25671214,0.32730594,0.29132453,0.3584112,0.32266018
trade,P,word2vec_recipe_40_HOM,0.2058222,0.1523747,0.23276314,0.18210538,0.24391633,0.19911522
chill,P,word2vec_recipe_40_HOM,0.27557603,0.35772133,0.41790497,0.43615732,0.46675882,0.44625908
myth,P,word2vec_recipe_40_HOM,0.08891735,0.09352639,0.10563284,0.11978547,0.11427582,0.13234822
award,P,word2vec_recipe_40_HOM,0.17252743,0.17556158,0.20670623,0.20323586,0.22029041,0.20679009
waterfall,M,word2vec_recipe_40_HOM,0.19357488,0.22420433,0.22571808,0.25186032,0.23864223,0.26661927
nightly,P,word2vec_recipe_40_HOM,0.14385653,0.14148977,0.16306058,0.14833553,0.17161629,0.1570339
reindeer,M,word2vec_recipe_40_HOM,0.22114906,0.23274392,0.27142268,0.28261262,0.2959605,0.3076447
force,P,word2vec_recipe_40_HOM,0.34853685,0.35236186,0.44309032,0.4720183,0.4790806,0.50556564
extreme,P,word2vec_recipe_40_HOM,0.35198835,0.31682074,0.3984213,0.3371528,0.41549617,0.3380486
shiver,H,word2vec_recipe_40_HOM,0.23637012,0.24404377,0.26755366,0.2681729,0.28164622,0.28598648
portion,P,word2vec_recipe_40_HOM,0.3735728,0.31571287,0.43153146,0.31064385,0.45522103,0.34148902
sexy,P,word2vec_recipe_40_HOM,0.24606791,0.26198927,0.28648067,0.30635387,0.3042971,0.31429598
gut,P,word2vec_recipe_40_HOM,0.24215,0.2612377,0.32760853,0.35521346,0.35871708,0.3871008
crawl,P,word2vec_recipe_40_HOM,0.2134939,0.2125242,0.25143972,0.22697641,0.26482955,0.23475684
nationwide,M,word2vec_recipe_40_HOM,0.109897986,0.13304923,0.15221715,0.19721507,0.18054745,0.22547148
verb,M,word2vec_recipe_40_HOM,0.13004787,0.12848076,0.15293752,0.14411743,0.16317086,0.16165127
treatment,P,word2vec_recipe_40_HOM,0.21435562,0.20098977,0.2603776,0.21739058,0.27672368,0.2228202
alias,P,word2vec_recipe_40_HOM,0.12010415,0.13089398,0.1364124,0.14926748,0.14427729,0.15993033
sustain,P,word2vec_recipe_40_HOM,0.26927185,0.2845212,0.32148066,0.33563453,0.33951673,0.339342
anonymous,M,word2vec_recipe_40_HOM,0.08362149,0.09989615,0.10352204,0.13441242,0.11448023,0.15151057
dairy,P,word2vec_recipe_40_HOM,0.32226574,0.3592091,0.39391065,0.4070905,0.42408744,0.42307276
carve,P,word2vec_recipe_40_HOM,0.35691905,0.41984206,0.4308913,0.43649596,0.4586479,0.44173798
colorful,P,word2vec_recipe_40_HOM,0.30728775,0.3889431,0.37149388,0.4233602,0.3967346,0.4270328
petite,P,word2vec_recipe_40_HOM,0.40710634,0.46546102,0.46442977,0.4693016,0.4829362,0.4671351
struggle,P,word2vec_recipe_40_HOM,0.14765973,0.13668422,0.17205831,0.1471212,0.18325438,0.15815872
cluster,P,word2vec_recipe_40_HOM,0.35012373,0.35285705,0.41345075,0.38431874,0.44212326,0.43244708
exam,M,word2vec_recipe_40_HOM,0.19036956,0.1326707,0.22835378,0.18408242,0.24516223,0.20206709
wizard,P,word2vec_recipe_40_HOM,0.19806477,0.19728646,0.22561671,0.2142114,0.23879652,0.22312632
erect,P,word2vec_recipe_40_HOM,0.18409462,0.18155582,0.21507818,0.2211187,0.22888081,0.23478648
comeback,P,word2vec_recipe_40_HOM,0.19667661,0.2057309,0.23108114,0.22373258,0.24538833,0.23992261
math,M,word2vec_recipe_40_HOM,0.15258484,0.12143077,0.17327695,0.1427254,0.1833089,0.1534941
creator,P,word2vec_recipe_40_HOM,0.08473795,0.1063693,0.10793474,0.13732047,0.118227765,0.15525572
bump,P,word2vec_recipe_40_HOM,0.36334798,0.3066256,0.40466934,0.28045815,0.42009398,0.28547743
greasy,P,word2vec_recipe_40_HOM,0.27438733,0.25690505,0.31535706,0.25585634,0.3336586,0.2540288
buzzer,M,word2vec_recipe_40_HOM,0.24054973,0.23030306,0.29439378,0.27342218,0.31175706,0.27434972
zombie,P,word2vec_recipe_40_HOM,0.22101589,0.26800764,0.2721377,0.32029185,0.29298913,0.33743647
virtuous,P,word2vec_recipe_40_HOM,0.22189946,0.1750713,0.25232673,0.2159895,0.2635967,0.21915036
almond,P,word2vec_recipe_40_HOM,0.30475736,0.35388982,0.36422336,0.39429852,0.38540688,0.40746698
cling,P,word2vec_recipe_40_HOM,0.32226074,0.29334855,0.42940885,0.4139694,0.4619978,0.423033
grin,P,word2vec_recipe_40_HOM,0.12302001,0.12253149,0.14471117,0.15020932,0.15494768,0.15981194
terrific,P,word2vec_recipe_40_HOM,0.24866228,0.26212078,0.33221206,0.36179414,0.36089855,0.3774228
absence,P,word2vec_recipe_40_HOM,0.19743937,0.17820077,0.2278918,0.20733282,0.24099839,0.21852046
examine,P,word2vec_recipe_40_HOM,0.32275242,0.26888952,0.3620541,0.30346087,0.37805688,0.31796548
unlucky,P,word2vec_recipe_40_HOM,0.08862641,0.09899185,0.10568847,0.12434131,0.11421725,0.13556083
creative,P,word2vec_recipe_40_HOM,0.2659822,0.25563756,0.3063798,0.25991276,0.32292077,0.24939878
rake,H,word2vec_recipe_40_HOM,0.41989475,0.42453575,0.47578448,0.4462897,0.49592164,0.44755372
container,P,word2vec_recipe_40_HOM,0.2607131,0.31697232,0.35399696,0.36969873,0.39777997,0.42158887
text,P,word2vec_recipe_40_HOM,0.15297726,0.15999311,0.18285315,0.19501589,0.19657616,0.19942847
prowl,P,word2vec_recipe_40_HOM,0.2133599,0.25227395,0.24405488,0.2825147,0.2557206,0.29894862
bully,H,word2vec_recipe_40_HOM,0.22510028,0.20742813,0.25398847,0.22148179,0.26590905,0.23019256
cherry,P,word2vec_recipe_40_HOM,0.32331383,0.38381374,0.40001094,0.39416364,0.42762277,0.37949115
inferior,P,word2vec_recipe_40_HOM,0.21217959,0.1829125,0.23799802,0.18179223,0.2478929,0.17932113
waiter,P,word2vec_recipe_40_HOM,0.12545314,0.1125119,0.1487303,0.13346499,0.15946224,0.14952853
bridal,P,word2vec_recipe_40_HOM,0.23276123,0.25678572,0.2751526,0.28726238,0.29341736,0.29629362
fate,P,word2vec_recipe_40_HOM,0.19234642,0.15965807,0.21650106,0.1703119,0.22683178,0.17613629
wart,P,word2vec_recipe_40_HOM,0.15192129,0.16977343,0.18314223,0.22229367,0.19874698,0.24605647
absent,P,word2vec_recipe_40_HOM,0.15273869,0.15429059,0.17739612,0.18459523,0.187643,0.19899154
invent,P,word2vec_recipe_40_HOM,0.1287386,0.115910806,0.14855699,0.1387074,0.15903944,0.15096603
knock,P,word2vec_recipe_40_HOM,0.3614497,0.44901603,0.43355653,0.43778124,0.45935878,0.43669063
sometime,P,word2vec_recipe_40_HOM,0.28572482,0.19014405,0.3225294,0.20514554,0.33561757,0.2043076
playful,P,word2vec_recipe_40_HOM,0.19254138,0.19493206,0.22658458,0.24773833,0.24094597,0.26749048
crumble,P,word2vec_recipe_40_HOM,0.39101395,0.40112633,0.46891183,0.41277462,0.49346933,0.41081446
slide,P,word2vec_recipe_40_HOM,0.33398125,0.40218705,0.4210536,0.41811222,0.44934332,0.42295244
muzzle,P,word2vec_recipe_40_HOM,0.12535903,0.1596183,0.16621244,0.21748877,0.19427891,0.2601261
unclear,M,word2vec_recipe_40_HOM,0.0951488,0.093652,0.11264674,0.1212433,0.120888904,0.13119096
noodle,H,word2vec_recipe_40_HOM,0.30247024,0.33466882,0.3636319,0.3557421,0.38916996,0.3590336
kite,P,word2vec_recipe_40_HOM,0.15946141,0.17082253,0.1996152,0.22807144,0.21981283,0.26225665
shark,H,word2vec_recipe_40_HOM,0.28232098,0.29003793,0.339489,0.35050336,0.36889008,0.37078604
seek,P,word2vec_recipe_40_HOM,0.1508718,0.12530532,0.17536028,0.14969979,0.18539502,0.16355798
asleep,P,word2vec_recipe_40_HOM,0.1280841,0.119234696,0.14761542,0.14316636,0.157885,0.15674065
regardless,P,word2vec_recipe_40_HOM,0.23622124,0.17634568,0.26347938,0.18298534,0.27437705,0.18846081
carousel,P,word2vec_recipe_40_HOM,0.3335468,0.32105628,0.42317456,0.44459286,0.45378792,0.4635247
wink,P,word2vec_recipe_40_HOM,0.24734506,0.23494473,0.28472623,0.26971537,0.29926282,0.2883594
departure,P,word2vec_recipe_40_HOM,0.11218697,0.106127985,0.13000286,0.13699113,0.13839339,0.14984255
injection,P,word2vec_recipe_40_HOM,0.3058817,0.37360665,0.38935447,0.422076,0.41476348,0.42315546
support,P,word2vec_recipe_40_HOM,0.26647672,0.25152066,0.3144088,0.28959784,0.33042923,0.30199668
craze,P,word2vec_recipe_40_HOM,0.19112502,0.18793938,0.21986637,0.22000046,0.23162594,0.22387435
wisdom,P,word2vec_recipe_40_HOM,0.16383484,0.124893054,0.18893874,0.16469258,0.19969898,0.1774256
argue,P,word2vec_recipe_40_HOM,0.11261783,0.112033024,0.13262153,0.1263844,0.14216553,0.14064993
engagement,P,word2vec_recipe_40_HOM,0.1826701,0.17958547,0.20897132,0.19373122,0.22009139,0.20305513
unlock,P,word2vec_recipe_40_HOM,0.36587653,0.31462798,0.4721966,0.47082993,0.5118594,0.5106024
quality,P,word2vec_recipe_40_HOM,0.31353465,0.29517037,0.36194435,0.28315768,0.37837395,0.28219476
maniac,P,word2vec_recipe_40_HOM,0.13488239,0.1388129,0.16251025,0.16265976,0.17295147,0.17589445
warp,P,word2vec_recipe_40_HOM,0.28514796,0.23727606,0.36287597,0.3410273,0.39543244,0.38079002
finale,P,word2vec_recipe_40_HOM,0.27065593,0.23650494,0.3075965,0.26353005,0.31970653,0.26888373
putt,P,word2vec_recipe_40_HOM,0.3253818,0.27936855,0.3577061,0.30173022,0.37036934,0.3134559
founder,H,word2vec_recipe_40_HOM,0.08547243,0.10790398,0.10633526,0.13978398,0.11930191,0.1592826
exposure,P,word2vec_recipe_40_HOM,0.23707561,0.25124583,0.291475,0.26668426,0.30971324,0.26956317
popular,P,word2vec_recipe_40_HOM,0.23935595,0.2878079,0.2934525,0.32618734,0.3143187,0.3113151
lard,P,word2vec_recipe_40_HOM,0.3971585,0.44444352,0.48431796,0.48852295,0.51096416,0.48214942
excellence,P,word2vec_recipe_40_HOM,0.1839476,0.1530808,0.21053687,0.18754832,0.2210865,0.20218256
hesitation,M,word2vec_recipe_40_HOM,0.20708632,0.16566238,0.2379813,0.18610016,0.24986069,0.19230033
vineyard,M,word2vec_recipe_40_HOM,0.14285083,0.11125298,0.17781498,0.14391527,0.19760239,0.16751915
remedy,P,word2vec_recipe_40_HOM,0.23676772,0.21151936,0.2865091,0.25300762,0.30650124,0.26726127
prime,P,word2vec_recipe_40_HOM,0.2696775,0.31330445,0.34323883,0.3442646,0.37346688,0.35858655
charm,P,word2vec_recipe_40_HOM,0.23608132,0.1387117,0.2634608,0.16281465,0.27529684,0.17889197
crate,P,word2vec_recipe_40_HOM,0.2228001,0.22547114,0.25669143,0.25907415,0.27034664,0.2823012
twin,P,word2vec_recipe_40_HOM,0.33142814,0.31650913,0.390748,0.3708386,0.4108985,0.36071232
statue,M,word2vec_recipe_40_HOM,0.15159336,0.18052128,0.17953493,0.23008743,0.19515115,0.2549805
post,H,word2vec_recipe_40_HOM,0.21627387,0.23465519,0.2729466,0.26297194,0.29300347,0.264201
descent,P,word2vec_recipe_40_HOM,0.11805375,0.12566695,0.13682473,0.14302452,0.1482209,0.16186337
handbag,P,word2vec_recipe_40_HOM,0.17948034,0.19537632,0.21119122,0.23948076,0.22661434,0.25955716
chant,P,word2vec_recipe_40_HOM,0.14401874,0.13668205,0.16522005,0.14911672,0.17598392,0.15997662
lint,P,word2vec_recipe_40_HOM,0.24669889,0.28432,0.3045345,0.34652275,0.33153027,0.36362052
preview,P,word2vec_recipe_40_HOM,0.12493505,0.13809402,0.15548295,0.1633059,0.16833754,0.1753696
lush,P,word2vec_recipe_40_HOM,0.3515449,0.316764,0.4082588,0.29327083,0.4273494,0.3109069
accordance,P,word2vec_recipe_40_HOM,0.29047078,0.25532043,0.35760924,0.37855047,0.39171454,0.4133245
neutral,P,word2vec_recipe_40_HOM,0.32337227,0.39900267,0.42417678,0.47972265,0.4556127,0.48392183
fond,P,word2vec_recipe_40_HOM,0.3382078,0.40357864,0.42997688,0.46274984,0.4574065,0.44370982
grape,P,word2vec_recipe_40_HOM,0.34046313,0.3863922,0.3975665,0.3967038,0.41932714,0.42554623
treasure,P,word2vec_recipe_40_HOM,0.30796725,0.24392918,0.3416762,0.26254037,0.3547828,0.2655596
bladder,P,word2vec_recipe_40_HOM,0.14887401,0.15306345,0.18469204,0.18820982,0.19932704,0.20718935
dozen,P,word2vec_recipe_40_HOM,0.3217226,0.3653266,0.4160025,0.42690372,0.4547824,0.4596748
cleaver,M,word2vec_recipe_40_HOM,0.30148757,0.35343352,0.40687865,0.44270113,0.44390607,0.46355304
tab,P,word2vec_recipe_40_HOM,0.41401464,0.43406814,0.47737086,0.50129753,0.5004226,0.5143524
harm,P,word2vec_recipe_40_HOM,0.17767489,0.17491238,0.2154131,0.19357768,0.230488,0.19881119
stadium,M,word2vec_recipe_40_HOM,0.23870194,0.24538948,0.28125748,0.29904205,0.29811233,0.30468318
permanent,P,word2vec_recipe_40_HOM,0.22231837,0.23870727,0.26849577,0.2822695,0.28514996,0.29347348
outcome,M,word2vec_recipe_40_HOM,0.24756822,0.19196583,0.28251582,0.21360822,0.2971574,0.21886504
warming,P,word2vec_recipe_40_HOM,0.38689914,0.47866762,0.44601467,0.44063643,0.46449235,0.41930753
artistic,P,word2vec_recipe_40_HOM,0.18108091,0.19788566,0.2162622,0.23451172,0.23209763,0.24688731
dinosaur,P,word2vec_recipe_40_HOM,0.3022315,0.30004606,0.3513002,0.32900253,0.36834255,0.34560683
cranberry,P,word2vec_recipe_40_HOM,0.25176817,0.28351885,0.33810815,0.36289912,0.3716064,0.37118086
generate,P,word2vec_recipe_40_HOM,0.27658907,0.25779217,0.31856102,0.25772682,0.3341161,0.26907867
prove,P,word2vec_recipe_40_HOM,0.2654316,0.32562652,0.3757234,0.4326461,0.42243934,0.47047943
threat,P,word2vec_recipe_40_HOM,0.22729917,0.20764914,0.26112688,0.24110112,0.27381307,0.2435321
downfall,P,word2vec_recipe_40_HOM,0.13105237,0.14055605,0.15565023,0.17931902,0.16670853,0.18516122
admit,P,word2vec_recipe_40_HOM,0.15758243,0.14243445,0.18757452,0.16345423,0.20035748,0.17584339
position,P,word2vec_recipe_40_HOM,0.3074132,0.2764706,0.4295143,0.40747184,0.46571198,0.40234786
alike,P,word2vec_recipe_40_HOM,0.17389785,0.13305469,0.20023303,0.16826274,0.21166946,0.17362502
laser,M,word2vec_recipe_40_HOM,0.15563615,0.20478468,0.23063736,0.3128772,0.25542495,0.33745775
bust,H,word2vec_recipe_40_HOM,0.2609094,0.2462331,0.2937172,0.2368615,0.30714747,0.23941407
tour,P,word2vec_recipe_40_HOM,0.16542646,0.14784765,0.18578358,0.16089655,0.19500846,0.17439738
pepper,P,word2vec_recipe_40_HOM,0.2302763,0.23305672,0.2913895,0.26553354,0.315708,0.28176025
symphony,P,word2vec_recipe_40_HOM,0.2163372,0.19162309,0.24874324,0.22019507,0.26339704,0.23004916
fudge,H,word2vec_recipe_40_HOM,0.30060774,0.36634558,0.3775494,0.38640043,0.40411958,0.3740416
stallion,M,word2vec_recipe_40_HOM,0.1609694,0.15809079,0.18562604,0.17731936,0.19569804,0.18874057
eyeball,P,word2vec_recipe_40_HOM,0.37661356,0.3167374,0.4208017,0.28891295,0.43546712,0.28120777
perpetual,P,word2vec_recipe_40_HOM,0.16516554,0.17791355,0.1879651,0.1958676,0.19861935,0.20631424
villa,M,word2vec_recipe_40_HOM,0.13721225,0.13893975,0.16411272,0.17041579,0.17805365,0.19348212
chimpanzee,M,word2vec_recipe_40_HOM,0.15464254,0.16853958,0.1787737,0.19871637,0.18885076,0.20839809
naked,P,word2vec_recipe_40_HOM,0.3190843,0.2793927,0.35624254,0.28917134,0.37005585,0.29827186
propeller,M,word2vec_recipe_40_HOM,0.22034517,0.28242546,0.2707188,0.33165252,0.29194003,0.34502545
lollipop,M,word2vec_recipe_40_HOM,0.28361028,0.32252234,0.35200992,0.34018734,0.38056922,0.35757655
poem,P,word2vec_recipe_40_HOM,0.1598607,0.17442335,0.18779844,0.18471044,0.19960712,0.19756995
flashy,P,word2vec_recipe_40_HOM,0.09676522,0.10346678,0.11499228,0.124460354,0.12354633,0.13658963
heap,P,word2vec_recipe_40_HOM,0.38476843,0.4977056,0.46608314,0.48824683,0.492469,0.4837583
rumor,P,word2vec_recipe_40_HOM,0.16811654,0.12615924,0.1892592,0.1531593,0.19796951,0.16132085
gland,P,word2vec_recipe_40_HOM,0.20480974,0.21506473,0.24386692,0.24442795,0.25916108,0.25765207
washer,P,word2vec_recipe_40_HOM,0.23619032,0.28392148,0.28054753,0.30083397,0.29679844,0.30189356
summary,P,word2vec_recipe_40_HOM,0.17625476,0.15950146,0.20313732,0.17158608,0.21505798,0.17827861
expiration,P,word2vec_recipe_40_HOM,0.23381495,0.19980656,0.27640948,0.20190266,0.2903652,0.21431871
governor,P,word2vec_recipe_40_HOM,0.09647241,0.1283093,0.11561221,0.15074399,0.12443453,0.16498126
glorious,P,word2vec_recipe_40_HOM,0.3189494,0.29606804,0.36004192,0.31297722,0.37721428,0.32099932
cubicle,M,word2vec_recipe_40_HOM,0.11061206,0.12952854,0.13239112,0.15221499,0.14179735,0.16396333
precaution,P,word2vec_recipe_40_HOM,0.2517174,0.23944356,0.2940862,0.268858,0.30988723,0.27451465
approve,P,word2vec_recipe_40_HOM,0.0767187,0.08763933,0.09475617,0.11911959,0.104582235,0.13531755
weekly,P,word2vec_recipe_40_HOM,0.23930565,0.22915825,0.2735245,0.23745987,0.28759944,0.24194294
blizzard,P,word2vec_recipe_40_HOM,0.2141964,0.22709572,0.2588705,0.2696739,0.27667698,0.28486666
border,P,word2vec_recipe_40_HOM,0.31625822,0.34766018,0.41734317,0.3507594,0.44353953,0.35534212
nighttime,M,word2vec_recipe_40_HOM,0.1471679,0.17158875,0.1757402,0.20236504,0.18699326,0.21527623
dandy,P,word2vec_recipe_40_HOM,0.3027695,0.25524113,0.34569237,0.2877622,0.36151645,0.3018092
suspicion,P,word2vec_recipe_40_HOM,0.09050169,0.09664148,0.10899547,0.12011206,0.11774328,0.13247319
science,P,word2vec_recipe_40_HOM,0.22647731,0.20750871,0.2564345,0.19823392,0.2678535,0.2073042
universe,P,word2vec_recipe_40_HOM,0.1561765,0.14122733,0.1799054,0.15305606,0.18992998,0.16415192
papaya,M,word2vec_recipe_40_HOM,0.2730163,0.36672822,0.34309268,0.39078587,0.36740822,0.3930597
superb,P,word2vec_recipe_40_HOM,0.22826037,0.25806198,0.28516635,0.33365497,0.3079982,0.34705502
spite,P,word2vec_recipe_40_HOM,0.11792383,0.12267068,0.13794142,0.13714358,0.1475638,0.14921781
finder,P,word2vec_recipe_40_HOM,0.17827077,0.15883641,0.21255833,0.18095082,0.2244936,0.19357988
affection,P,word2vec_recipe_40_HOM,0.16582167,0.14206421,0.194037,0.14371718,0.20462024,0.15651524
liver,H,word2vec_recipe_40_HOM,0.3005635,0.38500923,0.400372,0.45184135,0.4316064,0.4485749
discreet,P,word2vec_recipe_40_HOM,0.14281237,0.1325885,0.16461524,0.15206182,0.17472874,0.16440998
elect,P,word2vec_recipe_40_HOM,0.22614475,0.16998681,0.25492495,0.18491544,0.26598504,0.191459
offshore,P,word2vec_recipe_40_HOM,0.124279834,0.14623815,0.14560112,0.17018239,0.15526086,0.18043739
creation,P,word2vec_recipe_40_HOM,0.23890321,0.1893784,0.26889038,0.21429704,0.28136116,0.22435437
ounce,H,word2vec_recipe_40_HOM,0.23422411,0.3227081,0.35899895,0.4281949,0.40818205,0.46073917
nonstop,M,word2vec_recipe_40_HOM,0.3127062,0.29493126,0.377515,0.38464543,0.4047019,0.41809952
leaf,P,word2vec_recipe_40_HOM,0.3116085,0.3518245,0.39849094,0.36153427,0.42995894,0.37536037
despite,P,word2vec_recipe_40_HOM,0.17257921,0.1618937,0.198132,0.18586248,0.21101923,0.19171439
reputation,P,word2vec_recipe_40_HOM,0.118718386,0.11406019,0.14003901,0.14408515,0.15031399,0.1549577
portrait,P,word2vec_recipe_40_HOM,0.1742368,0.19823185,0.20277046,0.23143831,0.21506587,0.24685463
tame,P,word2vec_recipe_40_HOM,0.22960953,0.19514443,0.27594474,0.24598125,0.29531178,0.26414227
batter,H,word2vec_recipe_40_HOM,0.3486461,0.35405326,0.41761693,0.36383262,0.44116879,0.3822348
mop,P,word2vec_recipe_40_HOM,0.3610651,0.40918326,0.446379,0.42205143,0.47217524,0.42202744
moistdae,HOM*,word2vec_recipe_40_HOM,0.41795436,0.40046555,0.4743013,0.4271413,0.49570808,0.4180334
outsin,HOM*,word2vec_recipe_40_HOM,0.28117642,0.33637384,0.39909813,0.45909193,0.43960595,0.4742104
tastoratory,HOM*,word2vec_recipe_40_HOM,0.3355465,0.34292495,0.4039187,0.38091236,0.42825067,0.37468085
cholass,HOM*,word2vec_recipe_40_HOM,0.40910888,0.45645303,0.4769711,0.45725897,0.50001615,0.43115968
sauerfreez,HOM*,word2vec_recipe_40_HOM,0.30718485,0.38760802,0.3956401,0.40298268,0.4310404,0.42965218
toothium,HOM*,word2vec_recipe_40_HOM,0.33509243,0.37636316,0.39296705,0.21177988,0.4069584,0.15048234
quivity,HOM*,word2vec_recipe_40_HOM,0.33528587,0.39047554,0.42683774,0.4600119,0.46191773,0.47627845
coleslamp,HOM*,word2vec_recipe_40_HOM,0.28388867,0.38100436,0.377374,0.4120747,0.4093554,0.40351063
salatable,HOM*,word2vec_recipe_40_HOM,0.2502814,0.2527565,0.3416728,0.3709288,0.37499413,0.39350712
chowdushi,HOM*,word2vec_recipe_40_HOM,0.35567892,0.3411354,0.43078807,0.402508,0.4615235,0.39904872
outgurt,HOM*,word2vec_recipe_40_HOM,0.3708341,0.42809293,0.44797763,0.45674947,0.47408476,0.45333126
pultrorgeous,HOM*,word2vec_recipe_40_HOM,0.3115304,0.26686597,0.38430858,0.38106015,0.41415843,0.4079005
usebarb,HOM*,word2vec_recipe_40_HOM,0.27596086,0.3343917,0.35617328,0.36101854,0.39268097,0.37424374
pepperolinary,HOM*,word2vec_recipe_40_HOM,0.30073884,0.28674877,0.37861085,0.39842054,0.41016376,0.43600294
magchen,HOM*,word2vec_recipe_40_HOM,0.39750245,0.39991966,0.45730305,0.45498657,0.4792484,0.46494272
baconade,HOM*,word2vec_recipe_40_HOM,0.31821722,0.39077407,0.40178958,0.46262982,0.43596366,0.4565634
excellinach,HOM*,word2vec_recipe_40_HOM,0.28790107,0.39071807,0.37085524,0.43623912,0.39838263,0.4254795
literesta,HOM*,word2vec_recipe_40_HOM,0.3687747,0.36248928,0.41903213,0.39177716,0.43594036,0.37546232
vodimilar,HOM*,word2vec_recipe_40_HOM,0.2518004,0.17281532,0.29833412,0.21319883,0.3232218,0.26249474
speedaminy,HOM*,word2vec_recipe_40_HOM,0.23791793,0.13926023,0.31691438,0.21188466,0.35429773,0.20790434
cupcine,HOM*,word2vec_recipe_40_HOM,0.2815698,0.41431344,0.3593087,0.456583,0.3941428,0.46403345
helpfish,HOM*,word2vec_recipe_40_HOM,0.3118082,0.28677833,0.39226902,0.38322806,0.42522064,0.39540952
bayouxzessive,HOM*,word2vec_recipe_40_HOM,0.4368702,0.41263223,0.51034266,0.47020352,0.53250813,0.4851853
custance,HOM*,word2vec_recipe_40_HOM,0.33447698,0.43020478,0.41088536,0.4780473,0.43762216,0.4803493
baswofish,HOM*,word2vec_recipe_40_HOM,0.28094232,0.27639812,0.3450164,0.33384585,0.36904156,0.33849218
seafuffin,HOM*,word2vec_recipe_40_HOM,0.27705893,0.29258865,0.37595898,0.3845379,0.4216645,0.4464122
omlephant,HOM*,word2vec_recipe_40_HOM,0.32790756,0.44705373,0.45768374,0.5319257,0.4966037,0.53658646
wackigar,HOM*,word2vec_recipe_40_HOM,0.37078914,0.39049405,0.43939686,0.4210573,0.46394503,0.42382714
melonquake,HOM*,word2vec_recipe_40_HOM,0.29292387,0.35096473,0.37843552,0.38120675,0.4108317,0.40867862
eggdayplan,HOM*,word2vec_recipe_40_HOM,0.2986251,0.36552298,0.38560787,0.4379546,0.41629556,0.44657066
jyiffartini,HOM*,word2vec_recipe_40_HOM,0.23340023,0.2632144,0.3040231,0.2886136,0.33595702,0.3061758
inrid,HOM*,word2vec_recipe_40_HOM,0.44465488,0.36286414,0.5039484,0.45135635,0.5247969,0.44901922
skillotein,HOM*,word2vec_recipe_40_HOM,0.32453245,0.38827384,0.42283764,0.4021739,0.46266526,0.41951182
luncheopresso,HOM*,word2vec_recipe_40_HOM,0.28052655,0.31847692,0.36986133,0.39658082,0.40496266,0.41345942
tinyroni,HOM*,word2vec_recipe_40_HOM,0.269756,0.295957,0.36501274,0.34292704,0.39543518,0.37183434
spideryonnaise,HOM*,word2vec_recipe_40_HOM,0.26100582,0.32329586,0.36006775,0.40203688,0.39639062,0.40836388
squidlight,HOM*,word2vec_recipe_40_HOM,0.26548624,0.35267925,0.3615243,0.43835136,0.39373687,0.46064082
fridgeburger,HOM*,word2vec_recipe_40_HOM,0.38864082,0.492912,0.4714613,0.50369406,0.49859306,0.4942706
autula,HOM*,word2vec_recipe_40_HOM,0.26647228,0.32789803,0.39563584,0.43474615,0.4460796,0.466655
saucassium,HOM*,word2vec_recipe_40_HOM,0.320378,0.10360291,0.35039127,0.10601946,0.3620521,0.10822036
