word,ambiguity_type,model,nbhd_dist_20,nbhd_pairdist_20,nbhd_dist_100,nbhd_pairdist_100,nbhd_dist_200,nbhd_pairdist_200
keg,P,word2vec_recipe_40_HOM,0.21796775,0.2707182,0.26232007,0.32459778,0.2824407,0.33573437
aristocrat,P,word2vec_recipe_40_HOM,0.14476246,0.16578366,0.17728615,0.1957654,0.18906967,0.20758374
novelty,P,word2vec_recipe_40_HOM,0.15787354,0.18387125,0.18858711,0.22876164,0.204364,0.24497266
pirate,P,word2vec_recipe_40_HOM,0.18407568,0.19850145,0.21424451,0.22636004,0.22655943,0.23710877
gasoline,M,word2vec_recipe_40_HOM,0.13746843,0.16063568,0.15883203,0.16568935,0.16804865,0.17353171
fringe,P,word2vec_recipe_40_HOM,0.18435958,0.20641407,0.22404228,0.25113663,0.24222027,0.27318537
corral,P,word2vec_recipe_40_HOM,0.2952294,0.25114504,0.33091187,0.27545083,0.34329635,0.28722823
gopher,P,word2vec_recipe_40_HOM,0.19020873,0.20716557,0.21610744,0.23846076,0.22817115,0.2540269
substance,P,word2vec_recipe_40_HOM,0.2962018,0.3327845,0.35344768,0.3418499,0.37381402,0.35858497
flannel,P,word2vec_recipe_40_HOM,0.34486318,0.25830054,0.38246554,0.24747519,0.39576575,0.24803826
strap,P,word2vec_recipe_40_HOM,0.24182704,0.18911098,0.29450876,0.25592574,0.31749475,0.28178495
courtesy,P,word2vec_recipe_40_HOM,0.3002742,0.2585318,0.3449152,0.26353297,0.36326763,0.26573658
pitch,H,word2vec_recipe_40_HOM,0.33977228,0.3316898,0.39352027,0.37178227,0.41593248,0.37861052
countdown,P,word2vec_recipe_40_HOM,0.28262395,0.25050822,0.31947535,0.26329756,0.33205083,0.28138983
fiend,P,word2vec_recipe_40_HOM,0.15225485,0.11992595,0.17747656,0.14569405,0.18830463,0.15959837
generic,P,word2vec_recipe_40_HOM,0.24658795,0.2457108,0.28391242,0.23049487,0.29817224,0.23990346
marijuana,M,word2vec_recipe_40_HOM,0.2372173,0.27698916,0.2712537,0.32337466,0.2863872,0.3448801
pink,H,word2vec_recipe_40_HOM,0.3656337,0.41431457,0.48848742,0.5188033,0.52801925,0.5327793
perky,M,word2vec_recipe_40_HOM,0.29958797,0.27928272,0.33507416,0.29937926,0.34917587,0.29110953
society,P,word2vec_recipe_40_HOM,0.17087495,0.1510857,0.19624239,0.1687424,0.20766672,0.1861433
fearless,M,word2vec_recipe_40_HOM,0.1808949,0.15292433,0.20677592,0.17684144,0.21593432,0.17718196
lotion,P,word2vec_recipe_40_HOM,0.24983194,0.27261725,0.30131406,0.30470526,0.32555413,0.31951553
hoop,P,word2vec_recipe_40_HOM,0.27268586,0.2395149,0.30762455,0.26673076,0.32136846,0.27726293
etiquette,M,word2vec_recipe_40_HOM,0.12413559,0.13406421,0.14392117,0.14467458,0.15261753,0.15566987
romantic,P,word2vec_recipe_40_HOM,0.20245521,0.24430552,0.24375014,0.2621612,0.2587376,0.26763284
square,P,word2vec_recipe_40_HOM,0.2653004,0.31440902,0.31872168,0.3218097,0.3438465,0.341496
vibration,P,word2vec_recipe_40_HOM,0.14039305,0.16521472,0.16224468,0.17825963,0.17104714,0.19281566
isolate,P,word2vec_recipe_40_HOM,0.20016435,0.08712303,0.22181952,0.068477616,0.22999282,0.05641939
spacious,P,word2vec_recipe_40_HOM,0.21824142,0.24802996,0.25549543,0.28213644,0.27253368,0.29833424
toilet,P,word2vec_recipe_40_HOM,0.18486866,0.22556569,0.23158234,0.27584103,0.250933,0.29098552
southwest,P,word2vec_recipe_40_HOM,0.21003398,0.26869702,0.2945417,0.3185897,0.32029572,0.30746225
corpse,M,word2vec_recipe_40_HOM,0.14987954,0.1581211,0.18336508,0.19652544,0.1957523,0.20709106
publisher,P,word2vec_recipe_40_HOM,0.10945709,0.11626398,0.16306992,0.17640941,0.1845293,0.20232026
accompany,P,word2vec_recipe_40_HOM,0.28059354,0.40045756,0.3740862,0.45779765,0.40721047,0.46711117
wildlife,M,word2vec_recipe_40_HOM,0.1512613,0.15938362,0.17793483,0.1894428,0.18860413,0.19598642
louse,P,word2vec_recipe_40_HOM,0.12565741,0.1259194,0.14602348,0.16051312,0.15551758,0.17249243
household,P,word2vec_recipe_40_HOM,0.22569135,0.14923908,0.25665832,0.18116379,0.26835337,0.18614732
lend,P,word2vec_recipe_40_HOM,0.23024833,0.22658353,0.28903756,0.2832074,0.3147903,0.29445782
despise,M,word2vec_recipe_40_HOM,0.0774652,0.09316036,0.09775747,0.119561754,0.107612245,0.13241348
attack,P,word2vec_recipe_40_HOM,0.28450435,0.25467706,0.32750317,0.2853423,0.34321487,0.30415782
cone,P,word2vec_recipe_40_HOM,0.28355375,0.2870481,0.33580062,0.32298765,0.35733682,0.3334
rope,P,word2vec_recipe_40_HOM,0.23075736,0.29860076,0.3143236,0.3127185,0.344607,0.32632124
agreement,P,word2vec_recipe_40_HOM,0.28078914,0.23590785,0.32631093,0.2393286,0.34226993,0.24125713
unable,M,word2vec_recipe_40_HOM,0.25101408,0.2335658,0.29451028,0.2303707,0.31067982,0.23336513
rainy,M,word2vec_recipe_40_HOM,0.27716497,0.2859825,0.34241408,0.3240036,0.36997905,0.32727924
gracious,P,word2vec_recipe_40_HOM,0.1755131,0.15505923,0.19945723,0.17785974,0.20960222,0.18732716
hind,H,word2vec_recipe_40_HOM,0.1996064,0.23705637,0.25207782,0.30384368,0.27978078,0.34583542
park,P,word2vec_recipe_40_HOM,0.27172396,0.24426167,0.30622825,0.23786949,0.32056868,0.24613169
detector,P,word2vec_recipe_40_HOM,0.17591113,0.19178739,0.20938374,0.1899358,0.22226077,0.19775543
armpit,M,word2vec_recipe_40_HOM,0.16498038,0.19917317,0.20218468,0.23855613,0.21858293,0.25380775
distance,P,word2vec_recipe_40_HOM,0.3653053,0.33068436,0.41576412,0.36906844,0.43208826,0.37479228
eager,M,word2vec_recipe_40_HOM,0.101861216,0.10664695,0.12284684,0.12732011,0.13257976,0.14292505
drum,P,word2vec_recipe_40_HOM,0.36344466,0.3416382,0.40935594,0.36938995,0.4274352,0.377294
accident,P,word2vec_recipe_40_HOM,0.17303878,0.12960654,0.19946022,0.14899556,0.21118836,0.1627456
moon,P,word2vec_recipe_40_HOM,0.35391685,0.37376854,0.41642982,0.3927367,0.436179,0.39448684
pansy,P,word2vec_recipe_40_HOM,0.2301902,0.3000351,0.2999449,0.38455114,0.32589337,0.40352398
reality,P,word2vec_recipe_40_HOM,0.106693685,0.10521244,0.12664337,0.1267636,0.13660699,0.13899492
equal,P,word2vec_recipe_40_HOM,0.32611662,0.36620152,0.4143374,0.43693453,0.44510898,0.45064628
regain,P,word2vec_recipe_40_HOM,0.24187215,0.22060335,0.28386354,0.25552994,0.30174786,0.269421
dominion,P,word2vec_recipe_40_HOM,0.13136657,0.1277233,0.15783164,0.14696178,0.16921999,0.1605439
pudding,P,word2vec_recipe_40_HOM,0.3472455,0.424304,0.4069313,0.4340104,0.43150002,0.42342514
wing,P,word2vec_recipe_40_HOM,0.27854908,0.3300952,0.3994797,0.4241539,0.4436695,0.44782528
greedy,P,word2vec_recipe_40_HOM,0.119831964,0.10404004,0.14732468,0.12881878,0.15938601,0.14290567
hoof,P,word2vec_recipe_40_HOM,0.18348315,0.19505948,0.21537079,0.24511823,0.22941332,0.26369232
poorly,P,word2vec_recipe_40_HOM,0.12241356,0.10662073,0.1440818,0.13684018,0.15402539,0.14690894
mink,P,word2vec_recipe_40_HOM,0.19234605,0.2099694,0.22444634,0.25760078,0.23663636,0.274787
plumber,P,word2vec_recipe_40_HOM,0.11015306,0.0999649,0.13182427,0.13081093,0.14118601,0.14222558
toaster,H,word2vec_recipe_40_HOM,0.3671443,0.45607126,0.44598004,0.50350183,0.47636315,0.51654613
disposal,P,word2vec_recipe_40_HOM,0.2354836,0.25602314,0.2788634,0.28929207,0.2988041,0.30032212
pleasant,P,word2vec_recipe_40_HOM,0.22549626,0.23504576,0.2753141,0.28941634,0.30018497,0.3075792
airtight,P,word2vec_recipe_40_HOM,0.28425655,0.34150755,0.40846336,0.41164955,0.4565709,0.43388858
cancer,P,word2vec_recipe_40_HOM,0.17496309,0.14709632,0.22105308,0.18565439,0.23994868,0.2047373
critical,P,word2vec_recipe_40_HOM,0.24547811,0.23166066,0.29532182,0.24028754,0.31328446,0.23519714
cloak,P,word2vec_recipe_40_HOM,0.17185342,0.17475957,0.20026554,0.20858052,0.21389076,0.21579507
honor,P,word2vec_recipe_40_HOM,0.19953927,0.15398788,0.23133631,0.18385024,0.24391824,0.19423364
continue,P,word2vec_recipe_40_HOM,0.38968882,0.40849984,0.46513635,0.3891636,0.48549935,0.3619182
placement,P,word2vec_recipe_40_HOM,0.2866028,0.30216983,0.33021232,0.31254652,0.3470404,0.30813533
panic,P,word2vec_recipe_40_HOM,0.26888084,0.26706523,0.3236126,0.26657152,0.3415147,0.2643967
rotation,P,word2vec_recipe_40_HOM,0.2871251,0.24897411,0.32805738,0.26011485,0.3432026,0.27847376
bug,P,word2vec_recipe_40_HOM,0.24982181,0.25966236,0.29741117,0.31461802,0.31760412,0.32827076
plaster,P,word2vec_recipe_40_HOM,0.26185822,0.27526692,0.30786145,0.3091666,0.3255565,0.32734293
territory,P,word2vec_recipe_40_HOM,0.16662642,0.1449459,0.19293977,0.17159753,0.20312382,0.18457352
infection,P,word2vec_recipe_40_HOM,0.12668467,0.139985,0.15980393,0.17914666,0.17523128,0.18774883
heater,P,word2vec_recipe_40_HOM,0.2898984,0.314493,0.3340969,0.3645515,0.35601088,0.38420206
tailor,P,word2vec_recipe_40_HOM,0.13259701,0.15882234,0.1665121,0.17585966,0.18065594,0.18282889
folder,P,word2vec_recipe_40_HOM,0.22963302,0.21641345,0.26665923,0.2572471,0.28330272,0.27418858
various,P,word2vec_recipe_40_HOM,0.3263521,0.3765143,0.39101452,0.3887917,0.4131449,0.3808976
assure,P,word2vec_recipe_40_HOM,0.34394106,0.38967347,0.42084885,0.35737374,0.442768,0.34300545
green,P,word2vec_recipe_40_HOM,0.28485924,0.28297833,0.34981358,0.34007466,0.372466,0.34820208
sweaty,P,word2vec_recipe_40_HOM,0.24932155,0.20941116,0.29170024,0.2668679,0.30894956,0.27593246
bogus,M,word2vec_recipe_40_HOM,0.11475708,0.11726883,0.13238168,0.14247786,0.14173262,0.15332237
drip,P,word2vec_recipe_40_HOM,0.39790758,0.42192346,0.4712695,0.47348085,0.49663708,0.47620714
horseback,P,word2vec_recipe_40_HOM,0.31275582,0.2863703,0.35554,0.30085388,0.3691751,0.30596635
angle,H,word2vec_recipe_40_HOM,0.30312413,0.31853154,0.38454372,0.33470538,0.4118873,0.33456033
burp,P,word2vec_recipe_40_HOM,0.28993675,0.28630665,0.3459021,0.3687788,0.3666929,0.3706029
premature,M,word2vec_recipe_40_HOM,0.17126852,0.17855632,0.20349447,0.21330506,0.21946877,0.2191665
emphasize,P,word2vec_recipe_40_HOM,0.17963816,0.15325922,0.20360413,0.17135602,0.21296534,0.17698899
crook,P,word2vec_recipe_40_HOM,0.2993884,0.2695919,0.3444371,0.35010865,0.36181816,0.36681518
cardiac,P,word2vec_recipe_40_HOM,0.15541585,0.16254468,0.17769589,0.191899,0.18719952,0.20505884
newborn,P,word2vec_recipe_40_HOM,0.1428291,0.1305681,0.16744444,0.15808323,0.17776835,0.17158282
grenade,P,word2vec_recipe_40_HOM,0.15705225,0.17532173,0.17917451,0.1937371,0.1891793,0.20754018
frisky,M,word2vec_recipe_40_HOM,0.17215152,0.16148198,0.20651141,0.17166291,0.222341,0.1769885
goose,P,word2vec_recipe_40_HOM,0.21930142,0.26945812,0.34265882,0.4313419,0.3933229,0.45068178
anger,P,word2vec_recipe_40_HOM,0.13182124,0.12553398,0.15395017,0.14990318,0.1628265,0.15867645
burner,P,word2vec_recipe_40_HOM,0.2954411,0.37597722,0.38998067,0.44065,0.42381218,0.4472102
mediocre,M,word2vec_recipe_40_HOM,0.10151768,0.10816309,0.1193587,0.13155109,0.12792085,0.14353858
lousy,P,word2vec_recipe_40_HOM,0.08284265,0.09196581,0.10188708,0.11896808,0.11078534,0.13270803
tack,P,word2vec_recipe_40_HOM,0.357197,0.29048198,0.40013188,0.34116662,0.41617906,0.3580688
mercy,P,word2vec_recipe_40_HOM,0.13681784,0.120395154,0.16020298,0.14926589,0.17196688,0.16922753
insane,P,word2vec_recipe_40_HOM,0.2913867,0.24577732,0.3317697,0.23272121,0.3446356,0.2298166
vacant,P,word2vec_recipe_40_HOM,0.19294101,0.20812578,0.228467,0.25056797,0.24392933,0.26892346
shrimp,P,word2vec_recipe_40_HOM,0.24796557,0.3421824,0.3546061,0.43581945,0.3926216,0.42850977
ski,P,word2vec_recipe_40_HOM,0.18011048,0.18798481,0.20913695,0.22599941,0.22076288,0.2296334
stack,P,word2vec_recipe_40_HOM,0.31442243,0.32023114,0.38096663,0.34240904,0.39979172,0.34041953
definition,P,word2vec_recipe_40_HOM,0.16594532,0.14992543,0.18918604,0.17534637,0.20154932,0.18358393
elephant,M,word2vec_recipe_40_HOM,0.4087693,0.40015563,0.4787478,0.42713165,0.49945208,0.4350013
injury,P,word2vec_recipe_40_HOM,0.14384216,0.13699922,0.17027152,0.16549191,0.18124351,0.1783437
computer,P,word2vec_recipe_40_HOM,0.1939063,0.15262365,0.22063753,0.16550228,0.2320655,0.17732958
misty,P,word2vec_recipe_40_HOM,0.15709491,0.1749966,0.18620697,0.2058676,0.1983528,0.21982309
electrical,M,word2vec_recipe_40_HOM,0.22022119,0.20833808,0.3309901,0.39705753,0.38124305,0.45627213
stampede,P,word2vec_recipe_40_HOM,0.16488278,0.15224625,0.19215113,0.17465706,0.20223331,0.18582436
context,P,word2vec_recipe_40_HOM,0.09623253,0.092050746,0.11502424,0.118867606,0.123799115,0.13358368
birthday,M,word2vec_recipe_40_HOM,0.2523808,0.24398045,0.28878316,0.27144408,0.3042059,0.28344113
pavement,P,word2vec_recipe_40_HOM,0.17147885,0.1608991,0.19948618,0.18618447,0.21095371,0.19799949
unsure,P,word2vec_recipe_40_HOM,0.27815378,0.24419397,0.3263993,0.27399924,0.34570462,0.26618722
monkey,P,word2vec_recipe_40_HOM,0.3559353,0.2815979,0.41912335,0.31177753,0.43872768,0.31147853
brisk,P,word2vec_recipe_40_HOM,0.3253939,0.3318048,0.4162948,0.3776103,0.4537614,0.4125243
clumsy,P,word2vec_recipe_40_HOM,0.09222798,0.10888304,0.10982104,0.13048689,0.118990906,0.14611724
beard,P,word2vec_recipe_40_HOM,0.26861143,0.28881854,0.3292682,0.34682366,0.357307,0.37543583
frightful,P,word2vec_recipe_40_HOM,0.18546754,0.18617962,0.21157497,0.20281911,0.22138427,0.2067966
sweat,P,word2vec_recipe_40_HOM,0.3302237,0.34667122,0.4238021,0.39272884,0.4555908,0.40901777
stability,M,word2vec_recipe_40_HOM,0.32530555,0.27160618,0.3601527,0.28450087,0.37511176,0.30088198
singer,P,word2vec_recipe_40_HOM,0.22533956,0.17146534,0.2541312,0.2103498,0.26401845,0.22033933
platter,P,word2vec_recipe_40_HOM,0.35861558,0.41298494,0.46241,0.45898345,0.49668676,0.47386137
horn,P,word2vec_recipe_40_HOM,0.35241887,0.3847604,0.4070503,0.3500378,0.4266947,0.36249036
sting,P,word2vec_recipe_40_HOM,0.2872206,0.22977807,0.32821187,0.27634782,0.34647748,0.29800263
singular,P,word2vec_recipe_40_HOM,0.1411135,0.13936082,0.16348943,0.15944348,0.1730551,0.16513328
health,P,word2vec_recipe_40_HOM,0.27921116,0.3004352,0.32837886,0.3094214,0.34679458,0.311354
dazzle,P,word2vec_recipe_40_HOM,0.19091405,0.20995937,0.22670405,0.24645098,0.2412083,0.2557499
headache,P,word2vec_recipe_40_HOM,0.12121798,0.11338796,0.13896653,0.14258394,0.14654225,0.15083143
infant,P,word2vec_recipe_40_HOM,0.21727078,0.19906563,0.24769762,0.20702529,0.26070932,0.21033557
kitchen,M,word2vec_recipe_40_HOM,0.30343974,0.31632093,0.3756036,0.39221045,0.4092701,0.41709974
maker,P,word2vec_recipe_40_HOM,0.2928521,0.34379223,0.41216376,0.44104347,0.45757726,0.4785388
limit,P,word2vec_recipe_40_HOM,0.27525645,0.22439457,0.3165918,0.22213592,0.33118904,0.23255603
yard,H,word2vec_recipe_40_HOM,0.28582713,0.2554637,0.33220083,0.3002006,0.35010424,0.3115435
expense,P,word2vec_recipe_40_HOM,0.13961804,0.12776011,0.1619132,0.14406765,0.17086011,0.15283379
snug,P,word2vec_recipe_40_HOM,0.33357802,0.40341514,0.4161006,0.42439213,0.4413466,0.4090061
tacky,H,word2vec_recipe_40_HOM,0.27598757,0.312289,0.3784372,0.36904064,0.42163238,0.38666737
manipulate,P,word2vec_recipe_40_HOM,0.2788778,0.21754335,0.32129174,0.2659552,0.33642724,0.27815357
branch,P,word2vec_recipe_40_HOM,0.29053468,0.35263053,0.36938325,0.39890194,0.3958923,0.4065546
outright,P,word2vec_recipe_40_HOM,0.13746369,0.14058758,0.16302083,0.16102554,0.17331588,0.1718831
button,P,word2vec_recipe_40_HOM,0.3825689,0.44923797,0.46885738,0.55505383,0.49964386,0.55680585
hesitate,P,word2vec_recipe_40_HOM,0.18115371,0.14240503,0.21399489,0.15678915,0.22827923,0.17565188
jackpot,P,word2vec_recipe_40_HOM,0.09337836,0.12181061,0.13289015,0.17959267,0.15265732,0.19789708
workers,P,word2vec_recipe_40_HOM,0.10959814,0.11043098,0.13016614,0.13754964,0.14050424,0.15146992
block,P,word2vec_recipe_40_HOM,0.4260003,0.45542365,0.4812841,0.44940963,0.49882382,0.45011768
cradle,P,word2vec_recipe_40_HOM,0.27895766,0.2809253,0.3201459,0.3276229,0.3371007,0.33117214
peppermint,P,word2vec_recipe_40_HOM,0.2832144,0.3403007,0.34636992,0.38674882,0.3755759,0.39242655
solid,P,word2vec_recipe_40_HOM,0.36342034,0.39197364,0.41708043,0.38168353,0.43907505,0.3899025
clot,P,word2vec_recipe_40_HOM,0.16173401,0.1786611,0.19166172,0.19989696,0.2054025,0.21003819
tackle,P,word2vec_recipe_40_HOM,0.19477329,0.15371963,0.22058178,0.16496325,0.23118475,0.17576796
mural,P,word2vec_recipe_40_HOM,0.23776731,0.26062304,0.27661353,0.29968646,0.2912591,0.31301332
bakery,M,word2vec_recipe_40_HOM,0.26179385,0.24358158,0.30368182,0.25184512,0.31870723,0.25571913
dramatic,P,word2vec_recipe_40_HOM,0.25526017,0.2614104,0.29672652,0.27899823,0.31363514,0.28417665
grasp,P,word2vec_recipe_40_HOM,0.31095472,0.3530677,0.3872317,0.3883108,0.4107457,0.3897563
frog,H,word2vec_recipe_40_HOM,0.38153952,0.4429692,0.4567783,0.45774496,0.4789911,0.45227194
dig,P,word2vec_recipe_40_HOM,0.3540586,0.35714903,0.41772664,0.35460743,0.43828347,0.3251018
destiny,P,word2vec_recipe_40_HOM,0.29450482,0.3322109,0.35108462,0.36711842,0.36985484,0.38246936
module,P,word2vec_recipe_40_HOM,0.34222943,0.33115608,0.38558644,0.36395425,0.40495902,0.38322935
conviction,P,word2vec_recipe_40_HOM,0.14195873,0.13359086,0.16567105,0.16770281,0.17684454,0.17924377
tune,P,word2vec_recipe_40_HOM,0.27607363,0.23956048,0.31081477,0.27396318,0.32391953,0.2635404
vision,P,word2vec_recipe_40_HOM,0.11876049,0.12470381,0.13897094,0.14707461,0.14833982,0.1606936
shave,P,word2vec_recipe_40_HOM,0.33146924,0.39132544,0.44798848,0.48353648,0.48620212,0.49091953
scan,P,word2vec_recipe_40_HOM,0.1529926,0.18791363,0.17600745,0.21489064,0.1866428,0.23197788
steam,P,word2vec_recipe_40_HOM,0.3946149,0.47751227,0.47942814,0.51982445,0.5076549,0.49927875
reopen,P,word2vec_recipe_40_HOM,0.32805637,0.27305278,0.37486842,0.31384638,0.3938269,0.34105682
keen,H,word2vec_recipe_40_HOM,0.28460735,0.27618766,0.3289987,0.3240429,0.34528258,0.33717012
latter,P,word2vec_recipe_40_HOM,0.25166434,0.15666735,0.28030637,0.17676136,0.29168087,0.18270661
partner,P,word2vec_recipe_40_HOM,0.2089227,0.15214097,0.24596998,0.20210141,0.26436168,0.2321001
cast,P,word2vec_recipe_40_HOM,0.29711214,0.4103317,0.40950122,0.48680562,0.45200878,0.49707338
brilliance,P,word2vec_recipe_40_HOM,0.11689575,0.11907291,0.13651924,0.1427714,0.14477548,0.15424809
similar,M,word2vec_recipe_40_HOM,0.38079607,0.46711177,0.4427385,0.446651,0.46351966,0.40834033
pint,P,word2vec_recipe_40_HOM,0.27148846,0.28240898,0.37263682,0.41504616,0.41564626,0.4535001
countless,M,word2vec_recipe_40_HOM,0.15821368,0.16444805,0.18699764,0.1784708,0.20000854,0.18401124
antique,P,word2vec_recipe_40_HOM,0.20466454,0.19099228,0.23947169,0.21628271,0.25225148,0.23341194
global,P,word2vec_recipe_40_HOM,0.11511648,0.12857632,0.13419145,0.15522045,0.14346033,0.16829847
shameless,P,word2vec_recipe_40_HOM,0.19328375,0.19409375,0.22491927,0.21362002,0.23668198,0.22379231
skip,P,word2vec_recipe_40_HOM,0.31343597,0.3574363,0.3780352,0.3204946,0.39674053,0.2959043
generation,P,word2vec_recipe_40_HOM,0.23157951,0.19028956,0.26278922,0.20110755,0.27450576,0.20695564
treat,P,word2vec_recipe_40_HOM,0.2824077,0.3347112,0.32646728,0.33511075,0.3435045,0.3367165
gobble,H,word2vec_recipe_40_HOM,0.2889392,0.24510235,0.3363164,0.2654543,0.35399774,0.27166596
mainstream,P,word2vec_recipe_40_HOM,0.10245893,0.14062022,0.12693161,0.1684848,0.13882694,0.17632265
sane,P,word2vec_recipe_40_HOM,0.1121436,0.119342215,0.134004,0.13811098,0.1435196,0.14757892
rug,P,word2vec_recipe_40_HOM,0.22086756,0.24623257,0.26130024,0.27203968,0.27795073,0.28123856
paint,P,word2vec_recipe_40_HOM,0.29623014,0.32861495,0.38894665,0.3437417,0.42202985,0.37690732
passionate,P,word2vec_recipe_40_HOM,0.17875244,0.19018337,0.20685406,0.22517498,0.21913439,0.23794368
push,P,word2vec_recipe_40_HOM,0.35253632,0.41404435,0.4234251,0.41583055,0.44697696,0.4154956
liar,M,word2vec_recipe_40_HOM,0.16118035,0.1729137,0.18610394,0.19112837,0.19753715,0.19638532
deadly,P,word2vec_recipe_40_HOM,0.2010477,0.21199854,0.23194544,0.24464956,0.24604465,0.24636921
thorough,P,word2vec_recipe_40_HOM,0.40572768,0.3382333,0.4537303,0.37820238,0.46868584,0.36357054
fetish,P,word2vec_recipe_40_HOM,0.18497106,0.21536441,0.21375293,0.23963195,0.22612223,0.25408754
level,P,word2vec_recipe_40_HOM,0.43168774,0.41576138,0.4995462,0.4315373,0.5214773,0.45651305
offer,P,word2vec_recipe_40_HOM,0.34135163,0.42979953,0.4111798,0.43455103,0.43527368,0.43882456
accurate,P,word2vec_recipe_40_HOM,0.26829416,0.26995865,0.32369408,0.28334793,0.34312543,0.28320092
train,P,word2vec_recipe_40_HOM,0.222261,0.20060535,0.2648315,0.24998406,0.28402638,0.27414423
velocity,P,word2vec_recipe_40_HOM,0.18381207,0.22046255,0.21771336,0.2622415,0.23301628,0.28396282
bulletin,P,word2vec_recipe_40_HOM,0.1688241,0.17167732,0.19841278,0.17920662,0.2103841,0.18792488
nibble,P,word2vec_recipe_40_HOM,0.30847803,0.2467519,0.3451025,0.24498239,0.3588854,0.2484734
bacon,M,word2vec_recipe_40_HOM,0.31229913,0.3983574,0.40381536,0.4657302,0.43769893,0.46945912
cope,H,word2vec_recipe_40_HOM,0.14428829,0.13894862,0.16503571,0.15117379,0.17483161,0.16038422
ballet,P,word2vec_recipe_40_HOM,0.15782331,0.19117138,0.18725711,0.22449519,0.19932234,0.23982242
soak,P,word2vec_recipe_40_HOM,0.38837713,0.48914817,0.47767642,0.46490622,0.50679016,0.46645176
crave,P,word2vec_recipe_40_HOM,0.16805084,0.12163227,0.19066745,0.1497907,0.19978784,0.16001572
revolution,P,word2vec_recipe_40_HOM,0.19622159,0.15436928,0.22513963,0.17452051,0.23642822,0.18440981
steady,P,word2vec_recipe_40_HOM,0.34573263,0.41136208,0.4702857,0.5257681,0.51426554,0.52601004
perfume,P,word2vec_recipe_40_HOM,0.27505726,0.29120415,0.34346876,0.352682,0.37125,0.36789438
subsequent,M,word2vec_recipe_40_HOM,0.33284074,0.3029035,0.38983056,0.33628836,0.40752324,0.33482543
subjective,P,word2vec_recipe_40_HOM,0.15959224,0.15825905,0.185116,0.16070217,0.19748475,0.17239165
patient,P,word2vec_recipe_40_HOM,0.25219563,0.16763458,0.28788564,0.20991074,0.3012749,0.21741885
barefoot,M,word2vec_recipe_40_HOM,0.2017581,0.26347265,0.28476107,0.31197974,0.31247577,0.31859145
stale,P,word2vec_recipe_40_HOM,0.3819485,0.38758242,0.44937134,0.41045097,0.47403893,0.42145944
vortex,P,word2vec_recipe_40_HOM,0.38214153,0.47412926,0.44008186,0.5073434,0.4651087,0.509635
invade,P,word2vec_recipe_40_HOM,0.1038373,0.11790943,0.12064167,0.13874672,0.12862271,0.14575027
fry,H,word2vec_recipe_40_HOM,0.3374465,0.45227346,0.45460412,0.52379143,0.48820868,0.5189963
fetch,P,word2vec_recipe_40_HOM,0.28602904,0.21646683,0.31686828,0.22722302,0.329078,0.23941858
stressful,M,word2vec_recipe_40_HOM,0.11434469,0.112414934,0.13244249,0.13537014,0.14145681,0.14467615
fabulous,P,word2vec_recipe_40_HOM,0.17777827,0.25018275,0.26055646,0.3421508,0.29267752,0.368274
cabin,P,word2vec_recipe_40_HOM,0.27301154,0.26627365,0.31492463,0.2862652,0.33150855,0.3030779
assistant,P,word2vec_recipe_40_HOM,0.21909595,0.18339805,0.2505686,0.22968394,0.26381326,0.23582534
fat,P,word2vec_recipe_40_HOM,0.3516757,0.27787963,0.39119124,0.13868862,0.40638062,0.12545145
contribute,P,word2vec_recipe_40_HOM,0.22577588,0.2045235,0.2699145,0.24355116,0.28783774,0.2534923
execute,P,word2vec_recipe_40_HOM,0.17411016,0.19297183,0.19993824,0.20315455,0.2102705,0.20821448
grub,P,word2vec_recipe_40_HOM,0.17719473,0.19437683,0.2073096,0.21065564,0.219043,0.21931235
trend,P,word2vec_recipe_40_HOM,0.100116506,0.10243167,0.118988074,0.12573351,0.12846673,0.14070328
exhaust,P,word2vec_recipe_40_HOM,0.2983612,0.301879,0.36494386,0.38413,0.3940551,0.4079733
jealous,P,word2vec_recipe_40_HOM,0.12896742,0.12011568,0.15084663,0.14652826,0.16129309,0.15595505
squid,M,word2vec_recipe_40_HOM,0.26349065,0.35425457,0.36828464,0.4588756,0.40367654,0.47742647
fragile,P,word2vec_recipe_40_HOM,0.32172823,0.25483406,0.36784232,0.26367185,0.3857599,0.2590958
conclusive,M,word2vec_recipe_40_HOM,0.11005707,0.11151524,0.12557028,0.13519976,0.13413008,0.14211783
mingle,P,word2vec_recipe_40_HOM,0.2894696,0.35200214,0.4283803,0.46698472,0.4662451,0.4618804
clinic,P,word2vec_recipe_40_HOM,0.111549065,0.11296273,0.13351163,0.15126163,0.14479797,0.16757938
tavern,P,word2vec_recipe_40_HOM,0.19764847,0.17550197,0.2304798,0.1988774,0.24276033,0.20872778
hefty,P,word2vec_recipe_40_HOM,0.34500054,0.3850223,0.43472272,0.44971696,0.46675187,0.4648853
aspirin,P,word2vec_recipe_40_HOM,0.207189,0.20461506,0.23565346,0.22310244,0.24747322,0.2311846
humor,P,word2vec_recipe_40_HOM,0.21957402,0.24752049,0.3170214,0.32658118,0.3523963,0.31958467
ultimate,P,word2vec_recipe_40_HOM,0.22868565,0.2612821,0.26903346,0.2513325,0.2876248,0.2593756
fruity,P,word2vec_recipe_40_HOM,0.29456753,0.32611945,0.3442767,0.35211527,0.36259088,0.3579423
pardon,P,word2vec_recipe_40_HOM,0.17546853,0.1672141,0.19909981,0.1923199,0.20863704,0.20466644
consumer,P,word2vec_recipe_40_HOM,0.16300039,0.12858145,0.19041315,0.16959006,0.20115507,0.18291843
millennium,P,word2vec_recipe_40_HOM,0.1992465,0.18993282,0.22749595,0.20027475,0.23712899,0.20696199
zone,P,word2vec_recipe_40_HOM,0.32152888,0.30605265,0.39714986,0.39186132,0.4351477,0.4351633
appreciate,P,word2vec_recipe_40_HOM,0.152419,0.13552162,0.17362753,0.15482171,0.18397054,0.16290787
walrus,M,word2vec_recipe_40_HOM,0.20309778,0.18570335,0.22514075,0.21163099,0.23536424,0.22279392
instrument,P,word2vec_recipe_40_HOM,0.2564398,0.3041727,0.31656224,0.33609185,0.34002185,0.35109138
vial,M,word2vec_recipe_40_HOM,0.1674953,0.16315861,0.19308677,0.18010168,0.20340486,0.19359991
microwave,P,word2vec_recipe_40_HOM,0.24023843,0.2683233,0.34582958,0.4113829,0.39766216,0.47766143
mustard,P,word2vec_recipe_40_HOM,0.2556176,0.30520272,0.33078846,0.37202448,0.3614862,0.3794353
camper,P,word2vec_recipe_40_HOM,0.12747112,0.12134039,0.14992978,0.15307014,0.15983675,0.16780667
epic,P,word2vec_recipe_40_HOM,0.18548486,0.19232087,0.214067,0.229317,0.22526623,0.22916402
lighthouse,M,word2vec_recipe_40_HOM,0.15612152,0.15210313,0.17735642,0.1668176,0.1866225,0.18062496
agony,P,word2vec_recipe_40_HOM,0.10193912,0.1091191,0.122890994,0.1318046,0.1318288,0.14650352
bike,P,word2vec_recipe_40_HOM,0.12287021,0.13176906,0.14364806,0.15327658,0.1544045,0.16471975
administer,P,word2vec_recipe_40_HOM,0.16025016,0.16880657,0.18503945,0.17289673,0.19458248,0.18753298
thrust,P,word2vec_recipe_40_HOM,0.13269143,0.12664934,0.23803693,0.26252604,0.29423374,0.32432348
basket,P,word2vec_recipe_40_HOM,0.39741623,0.4366027,0.48687756,0.51376516,0.5144851,0.5243955
capable,P,word2vec_recipe_40_HOM,0.27644128,0.21004975,0.31275824,0.22559309,0.32539308,0.23138882
edible,P,word2vec_recipe_40_HOM,0.29897577,0.30410492,0.34977657,0.3421666,0.37082547,0.36398855
series,P,word2vec_recipe_40_HOM,0.33985028,0.3249976,0.4223058,0.4213163,0.45093566,0.4457961
frenzy,P,word2vec_recipe_40_HOM,0.22423267,0.20351772,0.25876325,0.24264267,0.27067953,0.25751638
backpack,P,word2vec_recipe_40_HOM,0.22943759,0.2656055,0.26511297,0.28022793,0.2798849,0.2815183
fear,P,word2vec_recipe_40_HOM,0.21315265,0.18939742,0.24893394,0.19988126,0.26329878,0.20542647
gift,P,word2vec_recipe_40_HOM,0.31244907,0.33572856,0.39190835,0.34666914,0.41628578,0.35466358
frequency,P,word2vec_recipe_40_HOM,0.29828,0.32093117,0.34322903,0.34923154,0.3645536,0.36464542
caviar,M,word2vec_recipe_40_HOM,0.33669552,0.40250945,0.42133293,0.46207705,0.45037824,0.46198663
giant,P,word2vec_recipe_40_HOM,0.3386421,0.3553946,0.3863531,0.38293746,0.4032902,0.37885034
timer,P,word2vec_recipe_40_HOM,0.39024645,0.34977463,0.46187153,0.44041884,0.48990715,0.47000664
hobby,H,word2vec_recipe_40_HOM,0.12773511,0.15971093,0.17454442,0.19475459,0.19067508,0.19961472
scrape,P,word2vec_recipe_40_HOM,0.3469898,0.43074557,0.4844507,0.4870434,0.5209165,0.50330114
discretion,P,word2vec_recipe_40_HOM,0.26387015,0.23768729,0.32218263,0.27405286,0.3455819,0.26477152
location,P,word2vec_recipe_40_HOM,0.256992,0.32420364,0.36043698,0.43240672,0.40654328,0.4412239
wolf,P,word2vec_recipe_40_HOM,0.26042062,0.22677715,0.2890195,0.23228012,0.30073372,0.2351021
shred,P,word2vec_recipe_40_HOM,0.33862463,0.43476045,0.44670007,0.47034165,0.47864467,0.45550913
solar,P,word2vec_recipe_40_HOM,0.36797947,0.33478522,0.4335936,0.38583097,0.45523408,0.37227803
rabbi,P,word2vec_recipe_40_HOM,0.10287645,0.106154144,0.12413159,0.13842663,0.13394791,0.14636165
essence,P,word2vec_recipe_40_HOM,0.4039348,0.4177158,0.45065725,0.40279698,0.4695869,0.41904828
dimension,P,word2vec_recipe_40_HOM,0.33755347,0.2950172,0.3743996,0.28085577,0.3882322,0.2830751
homecoming,P,word2vec_recipe_40_HOM,0.13005272,0.12946945,0.15289935,0.15385087,0.16230501,0.16335046
lease,P,word2vec_recipe_40_HOM,0.24830802,0.2227935,0.3116758,0.28521162,0.34539163,0.32227758
nameless,P,word2vec_recipe_40_HOM,0.09274445,0.11428495,0.11295435,0.14563356,0.1231217,0.16178551
evident,M,word2vec_recipe_40_HOM,0.25582954,0.2538968,0.294533,0.23853609,0.30850506,0.2465322
flashlight,M,word2vec_recipe_40_HOM,0.18595147,0.21702343,0.21556859,0.25009108,0.23021954,0.26249468
diplomat,P,word2vec_recipe_40_HOM,0.25937185,0.23789611,0.301296,0.30985755,0.31845805,0.32999143
debate,P,word2vec_recipe_40_HOM,0.13671884,0.12953497,0.15629566,0.14663883,0.1645665,0.15324688
pump,H,word2vec_recipe_40_HOM,0.26951003,0.262567,0.3119463,0.31635323,0.33028245,0.3282454
healthy,P,word2vec_recipe_40_HOM,0.37844345,0.43773246,0.46532917,0.42398876,0.4903777,0.4389539
flank,P,word2vec_recipe_40_HOM,0.22918764,0.2999138,0.33077136,0.33934125,0.37027466,0.34019136
therapy,P,word2vec_recipe_40_HOM,0.17136279,0.16713047,0.19876768,0.18857896,0.20993961,0.19664133
crafty,M,word2vec_recipe_40_HOM,0.13875526,0.11890065,0.15993951,0.15367861,0.16982594,0.15594995
napalm,P,word2vec_recipe_40_HOM,0.15113585,0.13418889,0.17303084,0.15014762,0.18292779,0.16405791
industrial,P,word2vec_recipe_40_HOM,0.21875851,0.17880684,0.25362659,0.19213998,0.26543042,0.20593132
club,P,word2vec_recipe_40_HOM,0.32899767,0.2773222,0.41503757,0.31125718,0.44344643,0.3206338
efficiency,P,word2vec_recipe_40_HOM,0.18858205,0.1904446,0.23486014,0.23418099,0.25238588,0.24000296
racetrack,M,word2vec_recipe_40_HOM,0.13593423,0.15215486,0.16423005,0.1949047,0.17732857,0.2083334
orb,P,word2vec_recipe_40_HOM,0.13829876,0.16329974,0.16353701,0.19575259,0.17357785,0.21336463
girlfriend,P,word2vec_recipe_40_HOM,0.091813676,0.10214462,0.11489281,0.12738237,0.12552105,0.14185534
dispenser,M,word2vec_recipe_40_HOM,0.3129587,0.3224205,0.3640048,0.37657452,0.3876937,0.39814088
slant,P,word2vec_recipe_40_HOM,0.25970137,0.27326652,0.32408115,0.28869322,0.34627315,0.29342237
conscience,P,word2vec_recipe_40_HOM,0.13959701,0.13219215,0.16738926,0.15803261,0.17915528,0.16908513
immature,P,word2vec_recipe_40_HOM,0.20853133,0.22894864,0.2466306,0.23919453,0.26078328,0.2548923
connect,P,word2vec_recipe_40_HOM,0.2449409,0.24861072,0.29046914,0.27526924,0.3116343,0.3021076
truck,H,word2vec_recipe_40_HOM,0.29991478,0.30367705,0.34662858,0.34148583,0.365292,0.34794176
banana,P,word2vec_recipe_40_HOM,0.31953034,0.33489287,0.37841588,0.32991582,0.40043625,0.33087695
weep,P,word2vec_recipe_40_HOM,0.35221595,0.34295493,0.39803955,0.31323767,0.41749558,0.30424327
nation,P,word2vec_recipe_40_HOM,0.11241646,0.11125155,0.13318634,0.14127085,0.14298934,0.15676181
proper,P,word2vec_recipe_40_HOM,0.33264685,0.37832,0.38829437,0.3755368,0.4092974,0.36685172
noon,M,word2vec_recipe_40_HOM,0.27023545,0.2919563,0.33127826,0.3611287,0.35837746,0.35513502
calculate,P,word2vec_recipe_40_HOM,0.32575077,0.3448176,0.3739584,0.36500072,0.3932089,0.38003975
salmon,P,word2vec_recipe_40_HOM,0.22922437,0.2704255,0.34482566,0.3703879,0.39253232,0.3850566
overhead,P,word2vec_recipe_40_HOM,0.22217758,0.2705104,0.27209073,0.31862715,0.29157275,0.31991544
mighty,P,word2vec_recipe_40_HOM,0.23446354,0.24365486,0.2774642,0.27931896,0.29631466,0.28802812
galaxy,P,word2vec_recipe_40_HOM,0.20528957,0.20217529,0.23768766,0.22476058,0.2529712,0.24125484
mirror,P,word2vec_recipe_40_HOM,0.25239822,0.22236612,0.2927731,0.26775563,0.31082717,0.28341895
crowd,P,word2vec_recipe_40_HOM,0.37023938,0.4167746,0.47054607,0.42656186,0.49774283,0.41395766
bullet,P,word2vec_recipe_40_HOM,0.27170745,0.27539206,0.34819385,0.37239087,0.38398495,0.4198424
fishy,P,word2vec_recipe_40_HOM,0.27027798,0.27367097,0.3174689,0.29173902,0.33623353,0.30481967
strike,P,word2vec_recipe_40_HOM,0.291809,0.3124155,0.3424225,0.3363713,0.36135688,0.34754977
maternal,P,word2vec_recipe_40_HOM,0.08017285,0.094717026,0.101936676,0.12757222,0.114135,0.1437337
havoc,P,word2vec_recipe_40_HOM,0.1180463,0.125453,0.13983373,0.14748126,0.1489099,0.16616055
farce,P,word2vec_recipe_40_HOM,0.286039,0.251747,0.32656848,0.29641014,0.34095043,0.29925966
puck,M,word2vec_recipe_40_HOM,0.29922786,0.35362756,0.36871585,0.367318,0.38805032,0.3739996
indulge,P,word2vec_recipe_40_HOM,0.26788577,0.21521625,0.30475524,0.25638008,0.32036912,0.25400877
lure,P,word2vec_recipe_40_HOM,0.1455307,0.18586388,0.16878407,0.22523186,0.17968859,0.23887248
jet,H,word2vec_recipe_40_HOM,0.3033268,0.30325824,0.35539997,0.3439178,0.375852,0.35003257
buckshot,M,word2vec_recipe_40_HOM,0.19179311,0.19717473,0.2211173,0.23707932,0.23217079,0.25009638
efficient,P,word2vec_recipe_40_HOM,0.24604325,0.20504974,0.2756196,0.22306111,0.28749055,0.22044216
surround,P,word2vec_recipe_40_HOM,0.35535812,0.43605483,0.44579613,0.4880193,0.4785837,0.4940165
rocker,P,word2vec_recipe_40_HOM,0.2831142,0.32148957,0.33943152,0.38614067,0.3603447,0.39469683
topic,P,word2vec_recipe_40_HOM,0.13712744,0.12694564,0.16294624,0.15472429,0.1729485,0.16864416
compulsive,P,word2vec_recipe_40_HOM,0.07752746,0.09240141,0.098727256,0.11822322,0.108707026,0.1301156
sunshine,P,word2vec_recipe_40_HOM,0.29614827,0.24095431,0.33042762,0.29257843,0.34490815,0.29561374
subtle,P,word2vec_recipe_40_HOM,0.18778965,0.2323344,0.24952811,0.29245,0.280959,0.30465937
geometry,P,word2vec_recipe_40_HOM,0.12743893,0.12918071,0.15033114,0.1611031,0.15986551,0.17131026
excessive,M,word2vec_recipe_40_HOM,0.40171513,0.39531052,0.47264317,0.44843525,0.50088775,0.45255473
dine,P,word2vec_recipe_40_HOM,0.2054574,0.15872264,0.23270105,0.16848816,0.24305451,0.17360593
stagecoach,M,word2vec_recipe_40_HOM,0.13125825,0.14266388,0.15020424,0.15965503,0.15871471,0.17042005
antenna,P,word2vec_recipe_40_HOM,0.18176225,0.18005686,0.22967187,0.23846264,0.25363198,0.27187636
elderly,M,word2vec_recipe_40_HOM,0.14516148,0.15912881,0.17978866,0.15925662,0.19239971,0.16981162
talent,P,word2vec_recipe_40_HOM,0.08141537,0.09205986,0.099146746,0.12397619,0.10862797,0.13738587
tooth,P,word2vec_recipe_40_HOM,0.3939809,0.48134696,0.49403754,0.51689595,0.5257311,0.5251822
mute,P,word2vec_recipe_40_HOM,0.13999268,0.15365449,0.16809462,0.18270844,0.18119556,0.1954423
prosperity,M,word2vec_recipe_40_HOM,0.15018968,0.17543195,0.18146615,0.2045765,0.19312954,0.21403252
chowder,M,word2vec_recipe_40_HOM,0.3140768,0.37003818,0.41200438,0.39164007,0.4430091,0.38696718
tote,P,word2vec_recipe_40_HOM,0.2633993,0.30564278,0.30815303,0.35963404,0.32917762,0.37119105
starve,P,word2vec_recipe_40_HOM,0.1513997,0.13544859,0.17476784,0.16475761,0.18401507,0.17833738
moth,P,word2vec_recipe_40_HOM,0.18695766,0.20191948,0.21296997,0.22398013,0.2236231,0.23035029
mug,P,word2vec_recipe_40_HOM,0.30494133,0.38610566,0.3731628,0.41136134,0.4031235,0.42786777
panel,P,word2vec_recipe_40_HOM,0.24513571,0.21423021,0.2845976,0.26105237,0.30252635,0.28769526
tender,H,word2vec_recipe_40_HOM,0.28915173,0.31871465,0.3955721,0.34894615,0.42991704,0.36221153
robe,P,word2vec_recipe_40_HOM,0.1813603,0.22199844,0.22093876,0.26501745,0.23849864,0.2891285
expand,P,word2vec_recipe_40_HOM,0.36734244,0.40707788,0.4367571,0.3804638,0.4577668,0.37694064
flame,P,word2vec_recipe_40_HOM,0.33102822,0.41095233,0.41709405,0.4596167,0.44748822,0.46941352
positive,P,word2vec_recipe_40_HOM,0.13712952,0.1217411,0.15671471,0.14066759,0.1655896,0.15011792
hungry,P,word2vec_recipe_40_HOM,0.2828772,0.25855577,0.3401721,0.27872935,0.35905114,0.28468925
imperative,P,word2vec_recipe_40_HOM,0.19571154,0.13999975,0.22107862,0.16898222,0.23316029,0.182795
bank,H,word2vec_recipe_40_HOM,0.30953068,0.2818888,0.38020736,0.36721233,0.421587,0.41649452
bark,H,word2vec_recipe_40_HOM,0.3165453,0.37137675,0.38835526,0.41021055,0.41833168,0.41703433
harvest,P,word2vec_recipe_40_HOM,0.2901089,0.32064912,0.3383131,0.30931115,0.35335693,0.30060035
powder,P,word2vec_recipe_40_HOM,0.25685248,0.2670486,0.34519452,0.33659917,0.38001212,0.3577677
spur,P,word2vec_recipe_40_HOM,0.19792823,0.19194162,0.22733591,0.23248267,0.24031925,0.25082427
sensation,P,word2vec_recipe_40_HOM,0.3623013,0.34559768,0.4118003,0.34973747,0.42939454,0.36605617
brandy,P,word2vec_recipe_40_HOM,0.19993341,0.27684525,0.30908304,0.3722295,0.35008636,0.38454098
simmer,P,word2vec_recipe_40_HOM,0.30692267,0.3203621,0.38205442,0.32945368,0.41121086,0.3461389
compensate,P,word2vec_recipe_40_HOM,0.3291934,0.3198099,0.37876034,0.3438004,0.3962093,0.33442035
stinky,M,word2vec_recipe_40_HOM,0.16636746,0.15679875,0.19406174,0.18034826,0.20639029,0.19649038
grunt,P,word2vec_recipe_40_HOM,0.2622222,0.23429333,0.31217387,0.26705566,0.33402938,0.2747111
flush,H,word2vec_recipe_40_HOM,0.36287886,0.39084446,0.41774803,0.3997918,0.43871698,0.40790778
pulp,P,word2vec_recipe_40_HOM,0.32717693,0.40081015,0.4206886,0.48072,0.4574428,0.51299584
welfare,P,word2vec_recipe_40_HOM,0.25853002,0.2298298,0.29684812,0.2808979,0.31102112,0.29156947
slumber,P,word2vec_recipe_40_HOM,0.17127514,0.20157917,0.20666733,0.23226015,0.2213303,0.24400464
pedestal,P,word2vec_recipe_40_HOM,0.3506747,0.33644673,0.4094654,0.41334474,0.43288612,0.41686514
stylish,M,word2vec_recipe_40_HOM,0.2154913,0.21719368,0.24710354,0.2524312,0.26159304,0.2730654
pity,P,word2vec_recipe_40_HOM,0.092020854,0.093912564,0.110755436,0.12329794,0.119692706,0.13842486
skilled,P,word2vec_recipe_40_HOM,0.28530076,0.31188264,0.37875497,0.3990436,0.4201369,0.4318534
fulfill,P,word2vec_recipe_40_HOM,0.1258128,0.12961426,0.14699464,0.14434764,0.1572523,0.15901506
skid,P,word2vec_recipe_40_HOM,0.22243245,0.23300487,0.25573727,0.2603971,0.26794204,0.27223757
crocodile,P,word2vec_recipe_40_HOM,0.29458636,0.29420376,0.33491585,0.33910194,0.35031262,0.35858008
tenth,P,word2vec_recipe_40_HOM,0.23508361,0.30280355,0.33408841,0.36474591,0.3638506,0.3616927
ingredient,P,word2vec_recipe_40_HOM,0.3819665,0.35097915,0.4293083,0.37223843,0.44542512,0.3466806
toot,P,word2vec_recipe_40_HOM,0.15303388,0.13940041,0.17680082,0.16588575,0.18722464,0.1814322
torpedo,P,word2vec_recipe_40_HOM,0.25109357,0.26432374,0.30175543,0.31043243,0.32446212,0.33002743
draw,P,word2vec_recipe_40_HOM,0.325175,0.29648793,0.3810893,0.28945228,0.40050873,0.30499992
drill,H,word2vec_recipe_40_HOM,0.28486195,0.25776848,0.32618576,0.30188805,0.3414281,0.31215724
elegance,P,word2vec_recipe_40_HOM,0.26845837,0.24559146,0.31053227,0.27023098,0.3270896,0.2820554
rule,P,word2vec_recipe_40_HOM,0.33638063,0.2936162,0.37869588,0.29926234,0.3932659,0.28903982
tornado,M,word2vec_recipe_40_HOM,0.23315111,0.16421114,0.2610014,0.2142084,0.27256575,0.22782354
premium,P,word2vec_recipe_40_HOM,0.32023698,0.29756722,0.36790258,0.35503355,0.38505936,0.3597418
mellow,P,word2vec_recipe_40_HOM,0.29372013,0.35887137,0.3761351,0.37624916,0.40761292,0.3780256
watering,P,word2vec_recipe_40_HOM,0.2932315,0.26722115,0.32923022,0.28731313,0.34340426,0.279367
scratch,P,word2vec_recipe_40_HOM,0.33607653,0.35998383,0.38615075,0.3490504,0.40163365,0.35233536
slow,P,word2vec_recipe_40_HOM,0.29910985,0.31250024,0.42935985,0.4493494,0.4746861,0.4589427
custom,P,word2vec_recipe_40_HOM,0.22700259,0.16927183,0.254834,0.19761372,0.2665538,0.20535855
beach,P,word2vec_recipe_40_HOM,0.31550545,0.28817752,0.35118228,0.30361372,0.3664896,0.31067514
pesky,M,word2vec_recipe_40_HOM,0.18949008,0.20980652,0.22190504,0.23806192,0.23829983,0.2369656
kosher,P,word2vec_recipe_40_HOM,0.25758126,0.27149874,0.3277642,0.33284706,0.35804275,0.35382792
lemon,P,word2vec_recipe_40_HOM,0.26805666,0.3037729,0.34281647,0.3642985,0.3753797,0.38788334
backward,P,word2vec_recipe_40_HOM,0.2218473,0.25917652,0.26977918,0.29440492,0.28884712,0.30480543
redundant,P,word2vec_recipe_40_HOM,0.108693555,0.100167945,0.12868428,0.12382509,0.13776414,0.13896112
groundhog,M,word2vec_recipe_40_HOM,0.20409913,0.14647415,0.22895677,0.17901328,0.23873672,0.18685687
brow,P,word2vec_recipe_40_HOM,0.3599352,0.40230674,0.42413452,0.44240922,0.44791022,0.4560878
flag,H,word2vec_recipe_40_HOM,0.36620206,0.29443854,0.41796082,0.34063077,0.4382059,0.36950245
studio,P,word2vec_recipe_40_HOM,0.12830317,0.1355765,0.15002128,0.158883,0.16027945,0.1726182
wet,P,word2vec_recipe_40_HOM,0.36047152,0.39912772,0.4272863,0.40727377,0.4535988,0.42900977
lung,M,word2vec_recipe_40_HOM,0.20389533,0.20890255,0.24224253,0.26111975,0.2564421,0.2712835
surface,P,word2vec_recipe_40_HOM,0.28069583,0.23736717,0.36271113,0.2827056,0.40209487,0.3006188
arrive,P,word2vec_recipe_40_HOM,0.3196266,0.2748662,0.384753,0.28184998,0.40437213,0.291651
skinny,P,word2vec_recipe_40_HOM,0.35090834,0.38298333,0.39869013,0.4002794,0.41816714,0.3874653
tasty,M,word2vec_recipe_40_HOM,0.322901,0.34879076,0.4000596,0.38681152,0.4277597,0.38799205
remind,P,word2vec_recipe_40_HOM,0.20277257,0.16360134,0.23206834,0.1774472,0.24444778,0.1779683
drool,P,word2vec_recipe_40_HOM,0.20052126,0.15362762,0.23237622,0.18762587,0.24695367,0.1915143
swoop,P,word2vec_recipe_40_HOM,0.19805959,0.20625843,0.22938794,0.25444436,0.2454843,0.27224806
gas,P,word2vec_recipe_40_HOM,0.33352736,0.3796248,0.3996724,0.42333892,0.4374962,0.45855805
ankle,M,word2vec_recipe_40_HOM,0.13932809,0.16728574,0.20266429,0.25985298,0.2293399,0.2898185
scheme,P,word2vec_recipe_40_HOM,0.19852683,0.22609165,0.23024094,0.23992026,0.24463944,0.23966524
accomplish,P,word2vec_recipe_40_HOM,0.2523274,0.19425438,0.2840894,0.21152358,0.29660407,0.21741018
adapt,P,word2vec_recipe_40_HOM,0.20627049,0.20430794,0.25356883,0.22330722,0.27051634,0.22410715
massive,P,word2vec_recipe_40_HOM,0.21734309,0.15565544,0.24232689,0.15897396,0.25265747,0.17073996
proposal,P,word2vec_recipe_40_HOM,0.12960796,0.16297318,0.15052114,0.18689874,0.16054603,0.2004281
count,H,word2vec_recipe_40_HOM,0.3724802,0.32233596,0.42434192,0.34034646,0.44282973,0.34306356
minus,P,word2vec_recipe_40_HOM,0.384996,0.4711718,0.45369813,0.48275536,0.47674945,0.48782662
champagne,P,word2vec_recipe_40_HOM,0.23102899,0.26242676,0.30346882,0.30198184,0.33373678,0.3212909
bath,P,word2vec_recipe_40_HOM,0.3190071,0.37104854,0.4229586,0.47380558,0.46606377,0.49462265
glitter,P,word2vec_recipe_40_HOM,0.22136326,0.2671834,0.30698615,0.3357804,0.34225112,0.35324582
soup,P,word2vec_recipe_40_HOM,0.3252086,0.409906,0.38598174,0.40528086,0.41090137,0.40754095
portable,P,word2vec_recipe_40_HOM,0.41422266,0.40335435,0.48233578,0.5124283,0.5097545,0.5271551
skull,P,word2vec_recipe_40_HOM,0.2359424,0.20221047,0.2767563,0.2510377,0.29867554,0.28307596
garment,P,word2vec_recipe_40_HOM,0.2282776,0.26474616,0.26818946,0.3087798,0.28403047,0.3257388
unorthodox,M,word2vec_recipe_40_HOM,0.15263617,0.14835428,0.17395973,0.15744105,0.18381526,0.16402893
yacht,P,word2vec_recipe_40_HOM,0.15613009,0.1670144,0.18470837,0.2075154,0.19690663,0.22180584
jog,H,word2vec_recipe_40_HOM,0.19408241,0.19666503,0.22241944,0.20388645,0.23440945,0.21208154
inspire,P,word2vec_recipe_40_HOM,0.11050423,0.11487941,0.13239163,0.14134297,0.14275618,0.15423802
chin,P,word2vec_recipe_40_HOM,0.23804526,0.2339648,0.28098658,0.2734444,0.29830596,0.29153934
casserole,P,word2vec_recipe_40_HOM,0.29333052,0.3060915,0.36044636,0.30092546,0.38704967,0.3280143
nervous,P,word2vec_recipe_40_HOM,0.18608737,0.1572119,0.22079705,0.16485032,0.23560184,0.17456041
clamp,P,word2vec_recipe_40_HOM,0.3509773,0.38577542,0.41665432,0.42832896,0.44061616,0.43937197
relative,P,word2vec_recipe_40_HOM,0.22544722,0.16229475,0.2520133,0.17671639,0.26289377,0.18789324
batch,P,word2vec_recipe_40_HOM,0.4007166,0.3489312,0.45453656,0.36869007,0.4731285,0.37339488
loyalty,P,word2vec_recipe_40_HOM,0.2728786,0.25604716,0.4017072,0.34373522,0.44039986,0.3428005
brittle,P,word2vec_recipe_40_HOM,0.35947573,0.43765435,0.44026494,0.45346704,0.46942046,0.45962936
junkie,P,word2vec_recipe_40_HOM,0.1498932,0.16309617,0.17025328,0.18361723,0.17894913,0.1957109
click,P,word2vec_recipe_40_HOM,0.26339787,0.2678102,0.34523973,0.3004182,0.37515923,0.30114496
population,P,word2vec_recipe_40_HOM,0.11867692,0.119031936,0.13989294,0.1429731,0.15042788,0.15908572
outline,P,word2vec_recipe_40_HOM,0.19793452,0.18826187,0.24392375,0.24443506,0.2682372,0.2788352
dud,P,word2vec_recipe_40_HOM,0.28527647,0.29514083,0.32608688,0.3117712,0.34145522,0.3235893
peep,H,word2vec_recipe_40_HOM,0.27166963,0.2593517,0.3175156,0.29210418,0.33983353,0.32151854
task,P,word2vec_recipe_40_HOM,0.2541665,0.22573581,0.30497545,0.2331837,0.32292977,0.22618113
coconut,P,word2vec_recipe_40_HOM,0.30645758,0.36070737,0.37181607,0.39955944,0.39684236,0.4137756
guardian,P,word2vec_recipe_40_HOM,0.14546087,0.14780678,0.16813682,0.1741697,0.17763844,0.1822502
runner,P,word2vec_recipe_40_HOM,0.31308645,0.29611084,0.36417878,0.32493153,0.38377997,0.3337215
moody,P,word2vec_recipe_40_HOM,0.12757471,0.13312328,0.14751531,0.15428685,0.15576944,0.16561992
diver,P,word2vec_recipe_40_HOM,0.16822027,0.19483605,0.21002215,0.22910976,0.2270644,0.25186232
constant,P,word2vec_recipe_40_HOM,0.36405793,0.4367115,0.42808387,0.4768436,0.45419297,0.45304447
cowgirl,P,word2vec_recipe_40_HOM,0.16971144,0.16526411,0.19190754,0.18739554,0.20112644,0.19388895
concern,P,word2vec_recipe_40_HOM,0.19639,0.19142982,0.23324051,0.2015693,0.2477644,0.20294856
remove,P,word2vec_recipe_40_HOM,0.33210236,0.33104447,0.4259733,0.3627414,0.4550547,0.3598916
cram,P,word2vec_recipe_40_HOM,0.3732078,0.3387121,0.44378445,0.4035686,0.46790242,0.41770688
disclosure,P,word2vec_recipe_40_HOM,0.16851887,0.13919169,0.19685207,0.14563823,0.20887361,0.15798801
prominent,P,word2vec_recipe_40_HOM,0.17565207,0.19013888,0.21297099,0.2395073,0.23103666,0.24978256
shift,P,word2vec_recipe_40_HOM,0.39113444,0.3760824,0.45403004,0.4159116,0.4739039,0.41428837
pinch,P,word2vec_recipe_40_HOM,0.39671397,0.35764816,0.4789126,0.45753688,0.5040115,0.47578663
adorable,P,word2vec_recipe_40_HOM,0.19421351,0.19748917,0.22913001,0.2366283,0.2435874,0.24747163
zebra,M,word2vec_recipe_40_HOM,0.2536729,0.27866313,0.29858902,0.29581186,0.31862584,0.31525278
tasteful,P,word2vec_recipe_40_HOM,0.1996496,0.22514519,0.22974335,0.23637035,0.2417407,0.24917163
stash,P,word2vec_recipe_40_HOM,0.29616433,0.2654311,0.35223866,0.3334945,0.3772316,0.3652437
bout,P,word2vec_recipe_40_HOM,0.3334314,0.32967457,0.44526935,0.44174457,0.47525325,0.46315303
rage,P,word2vec_recipe_40_HOM,0.18698023,0.15622473,0.21748884,0.17983589,0.22901356,0.19210713
crisp,P,word2vec_recipe_40_HOM,0.34316722,0.45168945,0.46100572,0.49090797,0.49735692,0.5080762
grow,P,word2vec_recipe_40_HOM,0.31452867,0.28112864,0.36048552,0.2720914,0.3766643,0.27831566
lair,P,word2vec_recipe_40_HOM,0.18164209,0.22365414,0.2083208,0.25726435,0.21914633,0.2740028
smudge,P,word2vec_recipe_40_HOM,0.23891394,0.22451258,0.272762,0.24865271,0.28604934,0.25609842
virtue,P,word2vec_recipe_40_HOM,0.2869533,0.28796104,0.32922927,0.27852076,0.34762546,0.2862163
minimize,P,word2vec_recipe_40_HOM,0.2892785,0.3058071,0.35566315,0.35468873,0.3827539,0.35991737
tremble,P,word2vec_recipe_40_HOM,0.21173239,0.2413195,0.31230018,0.32705423,0.34486893,0.33007696
numerous,P,word2vec_recipe_40_HOM,0.32026458,0.33649817,0.3682975,0.3072464,0.38511503,0.3003734
spoil,P,word2vec_recipe_40_HOM,0.2534259,0.23074824,0.2941443,0.24676941,0.30954704,0.24465811
strand,H,word2vec_recipe_40_HOM,0.3440042,0.34492087,0.42601544,0.4092496,0.4535873,0.42635533
shabby,P,word2vec_recipe_40_HOM,0.14243719,0.13360417,0.16566847,0.14668511,0.17689738,0.15845837
notion,P,word2vec_recipe_40_HOM,0.09501182,0.100322254,0.11348826,0.1200141,0.122493766,0.13451426
shady,P,word2vec_recipe_40_HOM,0.242034,0.26351574,0.28027278,0.28722814,0.2959807,0.28662226
porcelain,P,word2vec_recipe_40_HOM,0.27724355,0.33350575,0.36617097,0.4554893,0.40380454,0.48507744
leak,P,word2vec_recipe_40_HOM,0.3485114,0.40452492,0.42603168,0.34106344,0.44771776,0.32369414
untouched,P,word2vec_recipe_40_HOM,0.3784903,0.33414498,0.42510173,0.32854554,0.4417067,0.33939013
cluck,P,word2vec_recipe_40_HOM,0.13969186,0.14818108,0.16204067,0.17721432,0.17184235,0.18473272
badge,P,word2vec_recipe_40_HOM,0.14255849,0.18062252,0.16893475,0.21982382,0.182724,0.24272382
rag,H,word2vec_recipe_40_HOM,0.3546943,0.44354665,0.42180753,0.48572803,0.4470148,0.45755932
agency,P,word2vec_recipe_40_HOM,0.12293494,0.12546356,0.14822318,0.15939733,0.1589711,0.17959426
kicker,P,word2vec_recipe_40_HOM,0.2113432,0.24945141,0.244077,0.27355266,0.25786003,0.27814254
impossible,P,word2vec_recipe_40_HOM,0.37224063,0.33348313,0.4421053,0.34730962,0.4631164,0.3380884
splinter,P,word2vec_recipe_40_HOM,0.21403532,0.1926424,0.24351521,0.21433613,0.25627747,0.22308035
submission,P,word2vec_recipe_40_HOM,0.18765464,0.15066281,0.2163813,0.16576427,0.229379,0.17623982
brighten,P,word2vec_recipe_40_HOM,0.29997462,0.35140982,0.37943667,0.35777897,0.40811944,0.3772402
character,P,word2vec_recipe_40_HOM,0.25472122,0.29519767,0.30272874,0.29719883,0.32127738,0.3040493
brink,P,word2vec_recipe_40_HOM,0.19939622,0.2118294,0.2606308,0.2921901,0.28833622,0.31790978
conscious,P,word2vec_recipe_40_HOM,0.21658435,0.20010613,0.2519864,0.21838991,0.26551875,0.22351389
cello,M,word2vec_recipe_40_HOM,0.20448938,0.22767952,0.253931,0.31241798,0.28074467,0.34712338
hydrogen,M,word2vec_recipe_40_HOM,0.214573,0.24589676,0.28127342,0.32050216,0.30731982,0.34727195
device,P,word2vec_recipe_40_HOM,0.33291882,0.34002358,0.40048373,0.4078615,0.42630845,0.42864618
seed,P,word2vec_recipe_40_HOM,0.33908767,0.32680902,0.42484245,0.38988912,0.45500007,0.4199211
feature,P,word2vec_recipe_40_HOM,0.24549332,0.23297547,0.3026399,0.2764431,0.32166633,0.2688682
infrared,P,word2vec_recipe_40_HOM,0.2056477,0.24165809,0.26561406,0.32551163,0.2888631,0.34823775
hammock,M,word2vec_recipe_40_HOM,0.16498025,0.19473608,0.20221367,0.23987165,0.21590072,0.24365582
boom,H,word2vec_recipe_40_HOM,0.3022174,0.28158203,0.33899376,0.2823132,0.35194248,0.2924854
dispense,P,word2vec_recipe_40_HOM,0.3166716,0.28816542,0.37559754,0.36301404,0.4011004,0.3869687
sever,P,word2vec_recipe_40_HOM,0.3062126,0.21700108,0.3765151,0.3038353,0.40740722,0.34975943
tier,H,word2vec_recipe_40_HOM,0.31385666,0.30163878,0.37817895,0.3381089,0.401157,0.36115286
tall,P,word2vec_recipe_40_HOM,0.25541157,0.2282877,0.3213023,0.32378286,0.3509562,0.33995143
scrap,H,word2vec_recipe_40_HOM,0.3461341,0.41451493,0.44548416,0.44841197,0.47780377,0.44518062
outer,M,word2vec_recipe_40_HOM,0.31093842,0.30745277,0.38482192,0.37635738,0.41763765,0.40399906
journal,P,word2vec_recipe_40_HOM,0.13411818,0.13393721,0.16387872,0.15716252,0.17762859,0.17477806
humble,P,word2vec_recipe_40_HOM,0.21689415,0.17675625,0.24893591,0.19508895,0.26089877,0.2084626
collective,P,word2vec_recipe_40_HOM,0.08129778,0.09557037,0.100103706,0.12656306,0.10942587,0.13894385
cater,P,word2vec_recipe_40_HOM,0.16495368,0.14846672,0.19026874,0.1755969,0.20209317,0.18242455
lemonade,M,word2vec_recipe_40_HOM,0.23482616,0.27328193,0.30218005,0.31577548,0.33071274,0.3315946
pathetic,P,word2vec_recipe_40_HOM,0.10784253,0.10870788,0.12494749,0.1264832,0.13421136,0.13905074
mixture,P,word2vec_recipe_40_HOM,0.2895397,0.31153136,0.3897175,0.33278704,0.4181634,0.34918442
jumbo,P,word2vec_recipe_40_HOM,0.41263756,0.42852128,0.4931022,0.5085685,0.5208284,0.51633114
mattress,P,word2vec_recipe_40_HOM,0.118583694,0.12562175,0.13962519,0.14994614,0.1485248,0.15706237
sway,P,word2vec_recipe_40_HOM,0.208282,0.21408291,0.23516768,0.21867447,0.24555254,0.2251449
adjust,P,word2vec_recipe_40_HOM,0.31937292,0.35877284,0.42446637,0.40246964,0.46163997,0.40695018
hippo,M,word2vec_recipe_40_HOM,0.22372146,0.21187267,0.25057137,0.22572452,0.2604122,0.23730113
pharmacy,P,word2vec_recipe_40_HOM,0.13930178,0.13248959,0.15994936,0.15281413,0.16957186,0.16127686
guilt,P,word2vec_recipe_40_HOM,0.28411993,0.28909755,0.3324582,0.34033412,0.35147208,0.35096222
yellow,P,word2vec_recipe_40_HOM,0.39375263,0.46469635,0.47883222,0.51088274,0.5075949,0.52002347
stretch,P,word2vec_recipe_40_HOM,0.27611512,0.34930322,0.3433728,0.36004955,0.3682547,0.37165996
untie,P,word2vec_recipe_40_HOM,0.37144902,0.38493806,0.4302329,0.41760245,0.4548419,0.4209831
invention,P,word2vec_recipe_40_HOM,0.13171364,0.12238257,0.15585585,0.14212771,0.16797337,0.15400368
sailboat,M,word2vec_recipe_40_HOM,0.20724535,0.22666107,0.23697424,0.263143,0.25151122,0.28088155
degree,P,word2vec_recipe_40_HOM,0.34808785,0.31080168,0.4219271,0.33054662,0.44756103,0.33947504
strange,P,word2vec_recipe_40_HOM,0.20344746,0.1933905,0.24804975,0.21429427,0.26356503,0.21775106
corruption,P,word2vec_recipe_40_HOM,0.14956245,0.14092259,0.17681327,0.17516573,0.18641762,0.18594086
evil,P,word2vec_recipe_40_HOM,0.20456572,0.20189992,0.23663145,0.24747093,0.2488258,0.2610316
grid,P,word2vec_recipe_40_HOM,0.3850215,0.42635205,0.44521874,0.4589417,0.46532425,0.47773495
probable,P,word2vec_recipe_40_HOM,0.10084741,0.11104852,0.118948564,0.1364731,0.12813778,0.14838342
lucid,P,word2vec_recipe_40_HOM,0.23885417,0.24889879,0.27477723,0.28962216,0.28951028,0.30888745
cheeky,M,word2vec_recipe_40_HOM,0.16872437,0.17409024,0.19246244,0.19900493,0.20344229,0.20968069
smart,P,word2vec_recipe_40_HOM,0.39868146,0.33025914,0.44616067,0.31882393,0.46160716,0.32436392
despicable,M,word2vec_recipe_40_HOM,0.13759723,0.145102,0.15803447,0.1614959,0.16686161,0.17314228
olden,M,word2vec_recipe_40_HOM,0.21821773,0.15475005,0.2461348,0.17189218,0.25690308,0.17775488
suffice,P,word2vec_recipe_40_HOM,0.33228678,0.20596081,0.36571357,0.20398141,0.37764686,0.21187666
drug,P,word2vec_recipe_40_HOM,0.17836633,0.17426564,0.22262715,0.21602716,0.2408401,0.22514799
personnel,P,word2vec_recipe_40_HOM,0.1151463,0.12471567,0.13549231,0.14194107,0.14433566,0.1530777
scientist,M,word2vec_recipe_40_HOM,0.16074699,0.17848948,0.18774566,0.19933692,0.19845308,0.21451753
triple,P,word2vec_recipe_40_HOM,0.36895424,0.30039287,0.42191216,0.28975177,0.4415206,0.3051548
toll,H,word2vec_recipe_40_HOM,0.3076788,0.27822936,0.37094226,0.2897174,0.392807,0.29369572
soil,H,word2vec_recipe_40_HOM,0.27110377,0.3336586,0.33866197,0.3647135,0.36737105,0.37620622
finesse,P,word2vec_recipe_40_HOM,0.09906731,0.10542338,0.11929116,0.12926157,0.12909636,0.14141992
near,P,word2vec_recipe_40_HOM,0.37247306,0.23954713,0.4457225,0.35858566,0.47669327,0.4062471
manly,M,word2vec_recipe_40_HOM,0.20265207,0.17983833,0.22966315,0.19898264,0.24113008,0.2062919
fling,P,word2vec_recipe_40_HOM,0.3404575,0.29356116,0.38352767,0.31804156,0.39957604,0.3386182
tolerate,P,word2vec_recipe_40_HOM,0.17859718,0.16816369,0.2101396,0.17670344,0.22347751,0.1893595
mechanism,P,word2vec_recipe_40_HOM,0.36108607,0.4212761,0.42024672,0.43332797,0.44249603,0.43106437
likeness,P,word2vec_recipe_40_HOM,0.27377775,0.2953817,0.361352,0.35980254,0.39104995,0.3737789
magical,P,word2vec_recipe_40_HOM,0.2539325,0.24035507,0.2953483,0.29108766,0.31074452,0.29840547
strip,H,word2vec_recipe_40_HOM,0.2914668,0.35188827,0.34444526,0.35291412,0.3663584,0.3364636
squeeze,P,word2vec_recipe_40_HOM,0.35643142,0.4069339,0.4623121,0.45492706,0.49203196,0.46664864
gap,P,word2vec_recipe_40_HOM,0.32419288,0.33946365,0.37833318,0.33143485,0.39619863,0.33774927
tiny,M,word2vec_recipe_40_HOM,0.35240704,0.42051455,0.42598736,0.44198164,0.45258594,0.44039613
hockey,P,word2vec_recipe_40_HOM,0.2588997,0.3052782,0.30845028,0.30777186,0.32597083,0.312277
label,P,word2vec_recipe_40_HOM,0.3597658,0.44746575,0.44862285,0.49992314,0.48133358,0.50929374
deserve,P,word2vec_recipe_40_HOM,0.13733931,0.14223535,0.16463253,0.16431715,0.1755399,0.17010617
prior,H,word2vec_recipe_40_HOM,0.3844658,0.34284836,0.4761908,0.39876422,0.5032596,0.40003085
salesman,M,word2vec_recipe_40_HOM,0.22862983,0.22532293,0.26075175,0.21271831,0.27415425,0.22826348
uncover,P,word2vec_recipe_40_HOM,0.39312807,0.3411755,0.45430663,0.363025,0.47358593,0.38235483
flood,P,word2vec_recipe_40_HOM,0.28508803,0.24474983,0.33798587,0.29097074,0.36020756,0.32060808
design,P,word2vec_recipe_40_HOM,0.2438306,0.3152825,0.31331053,0.32384235,0.33899266,0.33761257
pottery,P,word2vec_recipe_40_HOM,0.27540976,0.34690213,0.36392462,0.44249365,0.39850563,0.48022172
lace,P,word2vec_recipe_40_HOM,0.34575993,0.28249967,0.39123517,0.33845994,0.40902427,0.35707858
bathtub,M,word2vec_recipe_40_HOM,0.32081908,0.2962373,0.37152317,0.32743213,0.39040446,0.32986253
plot,H,word2vec_recipe_40_HOM,0.15307617,0.15969114,0.1796555,0.18574685,0.19082674,0.20184368
benefit,P,word2vec_recipe_40_HOM,0.24882343,0.2368546,0.28568017,0.22822066,0.30150962,0.23194338
curtain,P,word2vec_recipe_40_HOM,0.21946609,0.2519372,0.2595389,0.30204996,0.27841803,0.3154644
chair,P,word2vec_recipe_40_HOM,0.24227759,0.26113185,0.2945631,0.3071871,0.31449416,0.32809725
skillet,M,word2vec_recipe_40_HOM,0.30496457,0.3891063,0.40477017,0.4055541,0.4441368,0.4111283
barber,P,word2vec_recipe_40_HOM,0.2152215,0.24865349,0.2669629,0.31152424,0.28852212,0.33672577
glory,P,word2vec_recipe_40_HOM,0.30153865,0.24491616,0.35289955,0.27757433,0.37215644,0.30346134
proprietor,P,word2vec_recipe_40_HOM,0.09462582,0.11719304,0.11310901,0.14860703,0.121741295,0.16679637
input,P,word2vec_recipe_40_HOM,0.15888727,0.1288686,0.18351114,0.15234987,0.19399066,0.16137898
pure,P,word2vec_recipe_40_HOM,0.320443,0.3531257,0.37426013,0.40082467,0.3985397,0.41126668
adjacent,M,word2vec_recipe_40_HOM,0.2938432,0.26490766,0.34730384,0.32648414,0.37017035,0.3358989
mutant,M,word2vec_recipe_40_HOM,0.14580373,0.14091226,0.17026663,0.16620503,0.18030213,0.17392331
cable,P,word2vec_recipe_40_HOM,0.21792921,0.23595233,0.25151515,0.26739305,0.26549393,0.28081155
virtual,M,word2vec_recipe_40_HOM,0.109848775,0.118057966,0.1316319,0.1573676,0.14144793,0.16660047
basement,M,word2vec_recipe_40_HOM,0.19515397,0.2601637,0.26068786,0.3116553,0.28268182,0.3201001
keeper,P,word2vec_recipe_40_HOM,0.322326,0.35738724,0.38230464,0.3758431,0.40850765,0.38623506
timely,P,word2vec_recipe_40_HOM,0.1543019,0.12270923,0.17503473,0.13922438,0.18422447,0.1554492
correct,P,word2vec_recipe_40_HOM,0.29426366,0.32139474,0.36409634,0.3542335,0.39352548,0.37245917
failure,P,word2vec_recipe_40_HOM,0.17461355,0.14968134,0.2032831,0.16759378,0.21574695,0.18060635
dress,P,word2vec_recipe_40_HOM,0.299979,0.3110324,0.35971755,0.35415328,0.38576472,0.36456886
thinker,P,word2vec_recipe_40_HOM,0.14222598,0.15643458,0.16721106,0.17861086,0.17937672,0.1918406
observe,P,word2vec_recipe_40_HOM,0.24643406,0.23582882,0.2826468,0.2472374,0.29727843,0.2623579
muffin,M,word2vec_recipe_40_HOM,0.21976344,0.252415,0.33727825,0.33869022,0.39785603,0.42473653
trunk,P,word2vec_recipe_40_HOM,0.23840551,0.22016211,0.29159018,0.26859975,0.31641588,0.30034897
sixth,P,word2vec_recipe_40_HOM,0.33196503,0.41440633,0.43542507,0.431148,0.463435,0.42567778
creamy,P,word2vec_recipe_40_HOM,0.3455546,0.4191906,0.43522975,0.48326036,0.46459413,0.50187784
glue,P,word2vec_recipe_40_HOM,0.26103488,0.19023518,0.30925766,0.2528748,0.3329942,0.2905637
itchy,P,word2vec_recipe_40_HOM,0.11892784,0.15279825,0.1518019,0.18390685,0.16588545,0.19410835
trick,P,word2vec_recipe_40_HOM,0.23525307,0.19265945,0.26507863,0.17238855,0.27610257,0.17557056
tummy,M,word2vec_recipe_40_HOM,0.25652024,0.24156277,0.29704988,0.2629252,0.31297514,0.27144524
hug,P,word2vec_recipe_40_HOM,0.26731,0.29185566,0.31542203,0.30745515,0.33506665,0.31878632
midget,P,word2vec_recipe_40_HOM,0.36259833,0.34494916,0.4255582,0.39345685,0.45005363,0.43509728
guarantee,P,word2vec_recipe_40_HOM,0.17549172,0.14577186,0.19712883,0.15000534,0.2067038,0.1611094
legal,P,word2vec_recipe_40_HOM,0.21419255,0.19623429,0.23968057,0.20615128,0.24953522,0.21548186
honeymoon,P,word2vec_recipe_40_HOM,0.13269281,0.1267149,0.1554692,0.15467876,0.1653207,0.16474938
technique,P,word2vec_recipe_40_HOM,0.26095298,0.2678712,0.2985693,0.2504433,0.31149483,0.24685389
wander,P,word2vec_recipe_40_HOM,0.14504126,0.13922685,0.17275666,0.15013619,0.1849937,0.16347608
fragment,P,word2vec_recipe_40_HOM,0.1968204,0.21727762,0.23319273,0.25816435,0.24613172,0.26958817
pasta,P,word2vec_recipe_40_HOM,0.15111515,0.19358464,0.26413998,0.33795246,0.31693372,0.37020487
rugged,P,word2vec_recipe_40_HOM,0.20494702,0.16746597,0.23747133,0.2159911,0.24910007,0.21330413
rim,P,word2vec_recipe_40_HOM,0.34450608,0.4216674,0.43345165,0.45243952,0.46395573,0.4549611
lowly,P,word2vec_recipe_40_HOM,0.20591483,0.19115157,0.2345866,0.201777,0.24678685,0.21178523
livery,P,word2vec_recipe_40_HOM,0.19282086,0.2445456,0.22768416,0.28326645,0.24372673,0.30116966
salami,M,word2vec_recipe_40_HOM,0.21610415,0.2640326,0.32190734,0.37599903,0.36169478,0.40513927
occur,P,word2vec_recipe_40_HOM,0.29375646,0.28776592,0.34035927,0.3202821,0.36011547,0.32253593
aquarium,P,word2vec_recipe_40_HOM,0.23905154,0.22209468,0.29314017,0.28830448,0.311584,0.30104235
snap,P,word2vec_recipe_40_HOM,0.37614703,0.39101195,0.45859104,0.44561583,0.49010572,0.46654263
bony,P,word2vec_recipe_40_HOM,0.22364704,0.20392342,0.2846079,0.29730335,0.3158913,0.34524956
spiral,P,word2vec_recipe_40_HOM,0.29707536,0.33188352,0.35515788,0.3814975,0.37679183,0.39236698
nanny,M,word2vec_recipe_40_HOM,0.1504104,0.159061,0.18200105,0.20402913,0.19524498,0.21526812
holder,P,word2vec_recipe_40_HOM,0.3865055,0.40481254,0.449158,0.47723842,0.47250023,0.46874008
guidance,P,word2vec_recipe_40_HOM,0.26830962,0.29750323,0.32048678,0.32336986,0.3434206,0.3378194
severe,P,word2vec_recipe_40_HOM,0.2556909,0.1796846,0.29117838,0.19484049,0.30481833,0.2030792
burn,P,word2vec_recipe_40_HOM,0.28623778,0.3490026,0.36312488,0.341136,0.38991168,0.3285894
season,P,word2vec_recipe_40_HOM,0.2363164,0.22651923,0.3015406,0.275005,0.32977077,0.28849882
jingle,P,word2vec_recipe_40_HOM,0.20641498,0.21503918,0.24006993,0.22673413,0.2531315,0.23179883
flap,P,word2vec_recipe_40_HOM,0.26419526,0.28064194,0.3161439,0.35575047,0.3433065,0.3695547
clever,P,word2vec_recipe_40_HOM,0.21804371,0.16646194,0.24724063,0.17999716,0.25829768,0.18565601
complexion,P,word2vec_recipe_40_HOM,0.19210684,0.19105633,0.21658115,0.19490582,0.22851384,0.20032683
travel,P,word2vec_recipe_40_HOM,0.2672755,0.29389885,0.32382098,0.3262347,0.3414089,0.3106651
silver,P,word2vec_recipe_40_HOM,0.42914382,0.40530723,0.48776177,0.4467252,0.5066617,0.44652432
brilliant,P,word2vec_recipe_40_HOM,0.25533876,0.2750641,0.30040058,0.30161205,0.31947815,0.30743614
passenger,P,word2vec_recipe_40_HOM,0.15347113,0.17314966,0.1873381,0.22197977,0.20315304,0.25127974
ignition,P,word2vec_recipe_40_HOM,0.14440063,0.15213732,0.17371742,0.17788811,0.18468402,0.19411926
apartment,M,word2vec_recipe_40_HOM,0.1539346,0.13781965,0.17730892,0.15329312,0.18741097,0.16419351
prospect,P,word2vec_recipe_40_HOM,0.09993043,0.11133275,0.120955974,0.1449918,0.1313111,0.16179506
geisha,M,word2vec_recipe_40_HOM,0.15930814,0.18317612,0.18728451,0.2179211,0.19925956,0.23314805
basketball,P,word2vec_recipe_40_HOM,0.21472521,0.19464245,0.24840099,0.24393271,0.26489773,0.27011007
silence,P,word2vec_recipe_40_HOM,0.11794877,0.104239404,0.13694884,0.13718374,0.14620213,0.14266245
bother,P,word2vec_recipe_40_HOM,0.29667634,0.2979654,0.3433244,0.274748,0.3613875,0.2616175
goldfish,M,word2vec_recipe_40_HOM,0.2819987,0.33758658,0.36226535,0.4371644,0.39333066,0.44906342
timetable,M,word2vec_recipe_40_HOM,0.18892154,0.21463326,0.22948992,0.24271172,0.24555309,0.2432553
trip,P,word2vec_recipe_40_HOM,0.23765793,0.18570744,0.2733299,0.20596111,0.28696907,0.215978
likely,P,word2vec_recipe_40_HOM,0.2632364,0.22010837,0.31037244,0.22776416,0.32559595,0.23339114
celestial,P,word2vec_recipe_40_HOM,0.25857282,0.23407593,0.29069248,0.23802812,0.30324975,0.24362646
intuition,P,word2vec_recipe_40_HOM,0.120379284,0.12316806,0.13976845,0.13768908,0.14851804,0.14874473
wand,P,word2vec_recipe_40_HOM,0.2822174,0.26094434,0.3755315,0.39326012,0.41394836,0.45222393
housewife,M,word2vec_recipe_40_HOM,0.116220914,0.1287057,0.13857388,0.15247163,0.14840275,0.16796973
beep,P,word2vec_recipe_40_HOM,0.3186768,0.3322682,0.44349912,0.42610908,0.4907247,0.4737005
rinse,P,word2vec_recipe_40_HOM,0.32716817,0.4380783,0.4162724,0.45951837,0.4449481,0.44940975
outward,P,word2vec_recipe_40_HOM,0.2702516,0.33120763,0.3592403,0.37810647,0.38967788,0.3919708
radiator,P,word2vec_recipe_40_HOM,0.19716778,0.20858335,0.24000436,0.21928318,0.25536996,0.23252425
hill,P,word2vec_recipe_40_HOM,0.24850555,0.2584329,0.28159398,0.266963,0.2961544,0.26755312
kettle,P,word2vec_recipe_40_HOM,0.30337185,0.3809616,0.407811,0.44330528,0.4446297,0.45310947
hula,M,word2vec_recipe_40_HOM,0.19697419,0.20316009,0.2290078,0.22958298,0.24132231,0.23146588
pouch,P,word2vec_recipe_40_HOM,0.3631516,0.39752725,0.44850945,0.44519117,0.47459552,0.44231537
admire,P,word2vec_recipe_40_HOM,0.23703656,0.21368816,0.27798778,0.22681543,0.29428065,0.2337806
joyous,M,word2vec_recipe_40_HOM,0.12849103,0.16586827,0.15082577,0.18453059,0.15990332,0.19674082
helpful,M,word2vec_recipe_40_HOM,0.29806656,0.28967595,0.34169152,0.27260634,0.35684887,0.25859156
bronze,P,word2vec_recipe_40_HOM,0.26709908,0.2946582,0.3274343,0.36281046,0.3542092,0.38174444
recite,P,word2vec_recipe_40_HOM,0.12700668,0.118112534,0.14634362,0.13044587,0.15566376,0.14392047
dreary,P,word2vec_recipe_40_HOM,0.16508037,0.20994322,0.19446863,0.21180728,0.20782493,0.218388
garage,P,word2vec_recipe_40_HOM,0.22019689,0.2559846,0.28641647,0.2866552,0.3067743,0.27397665
chamber,P,word2vec_recipe_40_HOM,0.39305434,0.39329636,0.44633812,0.47739902,0.4702731,0.48145387
electronic,P,word2vec_recipe_40_HOM,0.27946642,0.2787256,0.35232404,0.43548387,0.38595134,0.46340796
trace,H,word2vec_recipe_40_HOM,0.36850274,0.3173971,0.43324578,0.41154784,0.45294818,0.42241514
doorbell,M,word2vec_recipe_40_HOM,0.22701304,0.23931655,0.28598136,0.26474833,0.30462706,0.26739997
scale,H,word2vec_recipe_40_HOM,0.38554886,0.4207415,0.4406427,0.3818761,0.4580332,0.36511844
solution,P,word2vec_recipe_40_HOM,0.34117422,0.40855172,0.4112692,0.45463154,0.44056034,0.4762671
public,P,word2vec_recipe_40_HOM,0.12274001,0.11512512,0.14454632,0.13834006,0.15447369,0.15742101
column,P,word2vec_recipe_40_HOM,0.2677763,0.27147076,0.3085522,0.28544745,0.32307845,0.28894925
battery,P,word2vec_recipe_40_HOM,0.260154,0.2559052,0.30200255,0.27746418,0.31797406,0.2925538
laboratory,P,word2vec_recipe_40_HOM,0.106122054,0.12861247,0.1258058,0.1524582,0.13562784,0.16678056
crop,P,word2vec_recipe_40_HOM,0.26126027,0.18716125,0.29540825,0.21694656,0.3077277,0.21953776
devotion,P,word2vec_recipe_40_HOM,0.4095564,0.46534172,0.48330417,0.48073003,0.5073661,0.48638275
regional,P,word2vec_recipe_40_HOM,0.20508814,0.18600422,0.23221321,0.20063259,0.24525543,0.20446289
parcel,P,word2vec_recipe_40_HOM,0.30591416,0.36478415,0.3770826,0.40213817,0.40527794,0.4059004
seal,H,word2vec_recipe_40_HOM,0.32890433,0.39825684,0.40723854,0.4386708,0.44032344,0.4549195
insulin,P,word2vec_recipe_40_HOM,0.095794365,0.12182228,0.12355669,0.1510767,0.13680182,0.16365273
split,P,word2vec_recipe_40_HOM,0.42214447,0.43398008,0.51004124,0.48607275,0.53829306,0.46996146
overload,P,word2vec_recipe_40_HOM,0.35086134,0.3775012,0.40664554,0.34442398,0.42465696,0.3562696
eyebrow,P,word2vec_recipe_40_HOM,0.12549308,0.16380852,0.16014294,0.21015528,0.18278885,0.24768564
magic,P,word2vec_recipe_40_HOM,0.3254769,0.2856616,0.3669695,0.29089585,0.38150477,0.3030269
keyhole,M,word2vec_recipe_40_HOM,0.14069359,0.17918469,0.17227219,0.21609749,0.18483005,0.233874
dispose,P,word2vec_recipe_40_HOM,0.35003915,0.2917459,0.4036491,0.36373284,0.4267598,0.38034564
jelly,P,word2vec_recipe_40_HOM,0.40703973,0.43946555,0.48424298,0.4748751,0.5110161,0.48719728
legend,P,word2vec_recipe_40_HOM,0.16052458,0.16153648,0.18561515,0.17441177,0.19758129,0.19004
sideways,P,word2vec_recipe_40_HOM,0.31029743,0.2828146,0.3579842,0.30507404,0.3763171,0.31947032
werewolf,M,word2vec_recipe_40_HOM,0.18377604,0.2008976,0.21942037,0.25235066,0.23430958,0.2574561
clash,P,word2vec_recipe_40_HOM,0.12170656,0.14841862,0.14755687,0.16844188,0.15956226,0.18749568
boiler,P,word2vec_recipe_40_HOM,0.33601642,0.367329,0.45712993,0.44391727,0.4982376,0.45858803
slime,P,word2vec_recipe_40_HOM,0.31912634,0.2932889,0.3741809,0.36882868,0.3957843,0.37903973
recognize,P,word2vec_recipe_40_HOM,0.2149091,0.18236543,0.2529563,0.20386201,0.2652353,0.20847866
nude,P,word2vec_recipe_40_HOM,0.20807198,0.20997353,0.24278575,0.24922103,0.2556504,0.26088592
insulation,P,word2vec_recipe_40_HOM,0.2560501,0.2571862,0.30217654,0.2911556,0.3194426,0.29886365
overlook,P,word2vec_recipe_40_HOM,0.080406435,0.10245324,0.09937842,0.1252822,0.1100498,0.1354241
straw,P,word2vec_recipe_40_HOM,0.37735248,0.43439892,0.44594985,0.45818534,0.46994507,0.45946392
culture,P,word2vec_recipe_40_HOM,0.30531535,0.35237563,0.3806992,0.40851292,0.40676674,0.4032873
search,P,word2vec_recipe_40_HOM,0.20476098,0.1710393,0.23499428,0.20772134,0.24915947,0.21622351
consider,P,word2vec_recipe_40_HOM,0.2850954,0.31057227,0.32805702,0.27381665,0.3415773,0.26282448
cosmetic,P,word2vec_recipe_40_HOM,0.10877999,0.11711893,0.12429041,0.13492209,0.13302206,0.14340033
poetic,P,word2vec_recipe_40_HOM,0.09158712,0.105989665,0.109138966,0.12791698,0.11818463,0.14144692
furious,P,word2vec_recipe_40_HOM,0.24137005,0.2746067,0.28865653,0.3024946,0.30742642,0.304293
amuse,P,word2vec_recipe_40_HOM,0.16383454,0.17644458,0.1898468,0.19767337,0.19989972,0.20474467
stimulate,P,word2vec_recipe_40_HOM,0.16087058,0.15880819,0.18606287,0.1770165,0.1983169,0.18918665
battleship,M,word2vec_recipe_40_HOM,0.14483821,0.1914106,0.18862575,0.26240587,0.20954536,0.289329
odor,P,word2vec_recipe_40_HOM,0.25789827,0.2661725,0.30158842,0.28770348,0.32026252,0.29928404
visual,P,word2vec_recipe_40_HOM,0.2658344,0.29870006,0.30862388,0.2699158,0.3240333,0.27785453
beak,P,word2vec_recipe_40_HOM,0.20787263,0.25227338,0.27635345,0.3070917,0.30899474,0.33778659
infamous,P,word2vec_recipe_40_HOM,0.1348602,0.14178064,0.15734202,0.1606503,0.16755657,0.17115603
bleach,P,word2vec_recipe_40_HOM,0.2070016,0.25216877,0.28431132,0.34548038,0.315273,0.35958922
kerosene,M,word2vec_recipe_40_HOM,0.46034074,0.50182974,0.52503985,0.4996432,0.54444975,0.51151633
spark,P,word2vec_recipe_40_HOM,0.18198644,0.17911011,0.2113213,0.20476235,0.22425789,0.2083908
consensus,P,word2vec_recipe_40_HOM,0.069818944,0.08853182,0.08771266,0.11366993,0.097421415,0.12741065
apart,P,word2vec_recipe_40_HOM,0.3492848,0.28703344,0.43149963,0.36705,0.46317518,0.38893425
diet,H,word2vec_recipe_40_HOM,0.3147412,0.3547667,0.37251186,0.37047812,0.39098704,0.35656372
scoot,P,word2vec_recipe_40_HOM,0.34366354,0.30245337,0.3934867,0.35091192,0.41306865,0.35986105
bouncy,P,word2vec_recipe_40_HOM,0.2749411,0.3101853,0.33043593,0.32404435,0.35650223,0.36074105
invest,P,word2vec_recipe_40_HOM,0.18713789,0.1628783,0.21715494,0.16394688,0.2303093,0.17407219
tease,P,word2vec_recipe_40_HOM,0.27750054,0.27459854,0.31943533,0.31579974,0.3381977,0.32381043
lean,H,word2vec_recipe_40_HOM,0.3522788,0.3175631,0.43149617,0.41403335,0.45165795,0.39377794
stab,P,word2vec_recipe_40_HOM,0.30907804,0.34906846,0.40555698,0.4734419,0.44036636,0.48628956
spooky,M,word2vec_recipe_40_HOM,0.21071891,0.2320363,0.2731867,0.27662006,0.29956087,0.30804983
unborn,P,word2vec_recipe_40_HOM,0.17180619,0.18568562,0.1951565,0.20383562,0.20483707,0.20903234
review,P,word2vec_recipe_40_HOM,0.2545481,0.22313981,0.2921228,0.21403432,0.3073468,0.21833938
lantern,P,word2vec_recipe_40_HOM,0.24692878,0.2693042,0.28992513,0.27750486,0.30549517,0.28868163
cuff,H,word2vec_recipe_40_HOM,0.20895763,0.24468742,0.24714449,0.2638428,0.26576638,0.2833992
rural,P,word2vec_recipe_40_HOM,0.12563857,0.12823574,0.14494202,0.15147576,0.15560329,0.16440421
weave,P,word2vec_recipe_40_HOM,0.31157005,0.32137477,0.37214944,0.32248676,0.39411312,0.3206343
soda,P,word2vec_recipe_40_HOM,0.30012393,0.339234,0.36853302,0.35579684,0.39965275,0.36727923
heavy,P,word2vec_recipe_40_HOM,0.33940524,0.38893628,0.4342702,0.44949335,0.46874946,0.47395933
port,H,word2vec_recipe_40_HOM,0.23456874,0.32435727,0.34224343,0.44409287,0.38769045,0.46125165
shack,M,word2vec_recipe_40_HOM,0.26275268,0.22877556,0.2983475,0.24054793,0.31461078,0.2559352
final,P,word2vec_recipe_40_HOM,0.37781686,0.40960056,0.43401584,0.39966515,0.4531413,0.37635222
compass,P,word2vec_recipe_40_HOM,0.16874108,0.18533112,0.20382717,0.24072737,0.219091,0.26348063
downward,P,word2vec_recipe_40_HOM,0.28469163,0.30258685,0.3390571,0.34766617,0.3608889,0.36048678
hull,H,word2vec_recipe_40_HOM,0.33843,0.40639427,0.4205484,0.46371666,0.4534346,0.47458497
patch,P,word2vec_recipe_40_HOM,0.4083104,0.42970803,0.48235035,0.46211168,0.5031203,0.45267266
depart,P,word2vec_recipe_40_HOM,0.13028166,0.15962952,0.15597543,0.1774959,0.16671951,0.18699355
peaceful,P,word2vec_recipe_40_HOM,0.13839298,0.13136198,0.16167527,0.15950821,0.17084393,0.16982807
stud,H,word2vec_recipe_40_HOM,0.404569,0.37285388,0.47088373,0.43004757,0.49583042,0.44030616
warmth,P,word2vec_recipe_40_HOM,0.35982054,0.36403885,0.41016698,0.36328164,0.43056354,0.35836798
grad,M,word2vec_recipe_40_HOM,0.19354698,0.15938888,0.2163449,0.17949665,0.22722986,0.19360709
circuit,P,word2vec_recipe_40_HOM,0.124079324,0.12327881,0.14289339,0.14866993,0.15186042,0.15689242
colonial,P,word2vec_recipe_40_HOM,0.18475208,0.16920239,0.21528508,0.18077967,0.2300325,0.1931059
customer,P,word2vec_recipe_40_HOM,0.09066753,0.09125036,0.110830985,0.12232331,0.1217427,0.13940021
store,P,word2vec_recipe_40_HOM,0.31351066,0.36806825,0.43816543,0.44637227,0.48128444,0.46254784
socket,P,word2vec_recipe_40_HOM,0.2668206,0.25573075,0.3341492,0.31375897,0.3593946,0.35437843
song,P,word2vec_recipe_40_HOM,0.17433897,0.17453386,0.20786017,0.20266019,0.21874289,0.20598218
glow,P,word2vec_recipe_40_HOM,0.39822444,0.44050774,0.45519865,0.49026862,0.47892585,0.48468974
descend,P,word2vec_recipe_40_HOM,0.13643175,0.14290324,0.16314323,0.16908616,0.17442702,0.18817325
rocket,H,word2vec_recipe_40_HOM,0.28023043,0.30830833,0.3548543,0.40362474,0.38405815,0.42100614
spray,H,word2vec_recipe_40_HOM,0.21275353,0.24789062,0.32973346,0.33570343,0.38154197,0.38684925
dawn,P,word2vec_recipe_40_HOM,0.22353187,0.20084591,0.2605296,0.22838008,0.27333,0.2432459
entry,P,word2vec_recipe_40_HOM,0.20556012,0.1539595,0.23106581,0.17523885,0.24210976,0.18359084
snuggle,P,word2vec_recipe_40_HOM,0.3150391,0.3021686,0.36259574,0.3529117,0.38069373,0.37060654
removal,P,word2vec_recipe_40_HOM,0.40584546,0.37003404,0.46262765,0.39171132,0.48061982,0.39544702
fierce,P,word2vec_recipe_40_HOM,0.2844194,0.3005533,0.34110242,0.3598675,0.36032134,0.37448275
mushroom,P,word2vec_recipe_40_HOM,0.3143613,0.37002832,0.39958727,0.45374882,0.4269394,0.43976152
lug,H,word2vec_recipe_40_HOM,0.25991857,0.31981426,0.3708799,0.4197088,0.40823784,0.44013742
debris,P,word2vec_recipe_40_HOM,0.25398564,0.3217242,0.34915054,0.40179878,0.38880646,0.43259668
commercial,P,word2vec_recipe_40_HOM,0.30265945,0.34255898,0.3533028,0.35855073,0.37122688,0.3735645
scary,M,word2vec_recipe_40_HOM,0.23623982,0.24805894,0.2801733,0.2939686,0.29609498,0.29978013
boardwalk,M,word2vec_recipe_40_HOM,0.16321552,0.17311619,0.18591954,0.18329631,0.195993,0.19464454
skin,P,word2vec_recipe_40_HOM,0.33870986,0.42716187,0.39252353,0.40595272,0.42047912,0.42790288
unfinished,P,word2vec_recipe_40_HOM,0.17749247,0.16845533,0.20210856,0.18344863,0.21238361,0.19881207
medication,P,word2vec_recipe_40_HOM,0.10765536,0.12318054,0.12802613,0.1428969,0.1368784,0.15515599
stepped,P,word2vec_recipe_40_HOM,0.11485256,0.118068,0.13214849,0.13054332,0.14093901,0.14544173
affair,P,word2vec_recipe_40_HOM,0.17073932,0.14270116,0.19613105,0.15938422,0.20652676,0.1686261
sticky,P,word2vec_recipe_40_HOM,0.30983242,0.32119995,0.39183098,0.38862434,0.43160325,0.39655122
wipe,P,word2vec_recipe_40_HOM,0.4040533,0.46002093,0.46806392,0.4879544,0.4922763,0.48296598
barbarian,P,word2vec_recipe_40_HOM,0.14957626,0.16641712,0.17303385,0.19479485,0.18324956,0.21238828
beauty,P,word2vec_recipe_40_HOM,0.24839243,0.22353472,0.28836048,0.23635313,0.30198142,0.24196301
crybaby,M,word2vec_recipe_40_HOM,0.12750018,0.12170576,0.17145464,0.16759506,0.19067998,0.18904704
variation,P,word2vec_recipe_40_HOM,0.26395708,0.34823787,0.3578435,0.408733,0.38655472,0.4219827
freezer,M,word2vec_recipe_40_HOM,0.2891901,0.38544017,0.39217842,0.41838095,0.42906174,0.43516904
abroad,P,word2vec_recipe_40_HOM,0.13542631,0.16153705,0.1656329,0.18633005,0.1765429,0.19627032
pork,P,word2vec_recipe_40_HOM,0.24900933,0.33278123,0.34199226,0.39884537,0.37467217,0.37759542
dioxide,M,word2vec_recipe_40_HOM,0.20284049,0.24112268,0.26136944,0.2784671,0.28652704,0.2945075
glide,P,word2vec_recipe_40_HOM,0.23517013,0.27057198,0.28292415,0.30113405,0.3052921,0.31843114
extend,P,word2vec_recipe_40_HOM,0.33124968,0.3733801,0.43157956,0.39254728,0.459563,0.3926409
energy,P,word2vec_recipe_40_HOM,0.3403374,0.3052788,0.3962161,0.3594267,0.41801128,0.37427154
sport,P,word2vec_recipe_40_HOM,0.2738248,0.2807719,0.33902913,0.35945615,0.3608689,0.38193396
cheer,P,word2vec_recipe_40_HOM,0.21770588,0.22698776,0.26398027,0.28007603,0.28173244,0.29998463
confirm,P,word2vec_recipe_40_HOM,0.24146199,0.23250355,0.29015726,0.2541028,0.3068339,0.24741472
desire,P,word2vec_recipe_40_HOM,0.25164604,0.3262869,0.3489536,0.34948486,0.37808555,0.33109674
conceal,P,word2vec_recipe_40_HOM,0.16135086,0.20570716,0.20586659,0.25501323,0.22829491,0.27565712
shadow,P,word2vec_recipe_40_HOM,0.2661457,0.25391153,0.29921648,0.27250847,0.31226197,0.27620986
jump,P,word2vec_recipe_40_HOM,0.29609108,0.29135486,0.34883782,0.34817645,0.36803758,0.33380547
standby,P,word2vec_recipe_40_HOM,0.25680932,0.2146756,0.28830752,0.21888621,0.29929143,0.23074234
carcass,P,word2vec_recipe_40_HOM,0.27345595,0.35778183,0.35870454,0.4195994,0.39806926,0.45293105
loud,P,word2vec_recipe_40_HOM,0.1910749,0.20578717,0.2332057,0.22338627,0.24976118,0.23128688
napkin,P,word2vec_recipe_40_HOM,0.28780144,0.30237043,0.36842328,0.39595357,0.40686855,0.43264386
fridge,M,word2vec_recipe_40_HOM,0.25469884,0.31217536,0.3907765,0.41708198,0.4349269,0.4331659
ambush,P,word2vec_recipe_40_HOM,0.14260224,0.14694335,0.16977413,0.18818551,0.17996186,0.20118663
sublime,P,word2vec_recipe_40_HOM,0.23152485,0.27319893,0.27163255,0.2990688,0.28682673,0.3062083
kindness,P,word2vec_recipe_40_HOM,0.24816737,0.27552262,0.40931472,0.36827835,0.4676003,0.40860298
ginger,P,word2vec_recipe_40_HOM,0.29203123,0.3364684,0.36296085,0.3714438,0.39022326,0.3965893
curious,P,word2vec_recipe_40_HOM,0.12570556,0.1145256,0.14828344,0.13897991,0.15831612,0.15171699
boyfriend,P,word2vec_recipe_40_HOM,0.16738985,0.14614952,0.2029853,0.18183285,0.21781692,0.19321482
install,P,word2vec_recipe_40_HOM,0.29159492,0.3433347,0.35664994,0.42765,0.38278487,0.45603272
saline,P,word2vec_recipe_40_HOM,0.24728623,0.27467173,0.29470742,0.3221823,0.31384948,0.32745293
jolly,P,word2vec_recipe_40_HOM,0.24787576,0.24771538,0.29813057,0.2873773,0.3176059,0.29819685
stick,H,word2vec_recipe_40_HOM,0.43992072,0.42429557,0.51569074,0.48366085,0.5372169,0.46885923
ledge,P,word2vec_recipe_40_HOM,0.21558717,0.20302737,0.25920683,0.2589972,0.27755702,0.29318935
explorer,P,word2vec_recipe_40_HOM,0.14230475,0.1447497,0.16004471,0.17461683,0.1680268,0.18869878
disrupt,P,word2vec_recipe_40_HOM,0.22821048,0.22010122,0.26972672,0.22919822,0.28764054,0.24524228
spoon,P,word2vec_recipe_40_HOM,0.39518276,0.49079072,0.47407696,0.44081286,0.49754676,0.43686503
useful,M,word2vec_recipe_40_HOM,0.2795179,0.32456958,0.33176476,0.3002571,0.34927776,0.28849688
recipe,P,word2vec_recipe_40_HOM,0.27989247,0.30173337,0.32459682,0.33218074,0.34338883,0.3471466
gratitude,M,word2vec_recipe_40_HOM,0.16309133,0.16330534,0.18797798,0.16524841,0.19963807,0.18539885
culinary,M,word2vec_recipe_40_HOM,0.29459625,0.21471447,0.33850238,0.21744753,0.35242164,0.23856513
pursuit,P,word2vec_recipe_40_HOM,0.08787601,0.09756605,0.1083984,0.12794349,0.119305514,0.14396301
culprit,M,word2vec_recipe_40_HOM,0.13367993,0.12743144,0.15494819,0.1542007,0.1642723,0.1629788
legendary,M,word2vec_recipe_40_HOM,0.14560536,0.16133276,0.16962434,0.19061632,0.17994615,0.20292373
litter,P,word2vec_recipe_40_HOM,0.28158057,0.25003678,0.32670856,0.28088456,0.34666312,0.30976787
jam,H,word2vec_recipe_40_HOM,0.3070554,0.35996616,0.39063713,0.4437104,0.42307553,0.44628403
endurance,P,word2vec_recipe_40_HOM,0.14496186,0.13771246,0.1683751,0.15980338,0.17814103,0.16696543
canine,P,word2vec_recipe_40_HOM,0.14806513,0.14371006,0.18389086,0.18933153,0.19716404,0.20293903
bartender,M,word2vec_recipe_40_HOM,0.11926015,0.114135474,0.13885805,0.1499014,0.14831127,0.1629543
prestige,P,word2vec_recipe_40_HOM,0.11444733,0.1144099,0.13951595,0.14420323,0.15209575,0.16758226
feedback,P,word2vec_recipe_40_HOM,0.10405991,0.09732448,0.1240467,0.12785262,0.13365574,0.14289576
backyard,M,word2vec_recipe_40_HOM,0.23455492,0.25566882,0.27645543,0.28825757,0.2927016,0.2918791
luncheon,M,word2vec_recipe_40_HOM,0.3409679,0.35515144,0.41441196,0.3994221,0.44335878,0.40707138
cologne,M,word2vec_recipe_40_HOM,0.15194483,0.16671208,0.17893657,0.1979706,0.19094475,0.21163738
tool,P,word2vec_recipe_40_HOM,0.27930182,0.33664843,0.36340663,0.36534092,0.39013714,0.38752034
conjure,P,word2vec_recipe_40_HOM,0.10460174,0.10482914,0.12171942,0.13272122,0.13014331,0.14408809
dependable,M,word2vec_recipe_40_HOM,0.30482525,0.3195374,0.3534788,0.32102662,0.37289903,0.31231216
stink,P,word2vec_recipe_40_HOM,0.16537227,0.14508806,0.1893853,0.15698025,0.19963017,0.16860072
goddess,P,word2vec_recipe_40_HOM,0.28937393,0.27474448,0.34776998,0.2975104,0.36781636,0.30710506
gender,P,word2vec_recipe_40_HOM,0.19409755,0.18937321,0.22589335,0.2356003,0.23907402,0.24661589
spare,P,word2vec_recipe_40_HOM,0.3155864,0.30946586,0.3857517,0.33659014,0.4100443,0.3319181
impatient,P,word2vec_recipe_40_HOM,0.24729267,0.14748831,0.2825239,0.16660146,0.29748422,0.18175228
cock,H,word2vec_recipe_40_HOM,0.27795392,0.19557701,0.31147668,0.20690367,0.32486305,0.22168633
vital,P,word2vec_recipe_40_HOM,0.29448655,0.35167843,0.3572599,0.3978247,0.38490322,0.42420894
toothbrush,M,word2vec_recipe_40_HOM,0.22034428,0.27419704,0.27668828,0.31659788,0.3009565,0.33694
booster,P,word2vec_recipe_40_HOM,0.28152233,0.22588292,0.31951293,0.26210648,0.33334935,0.27420133
dull,P,word2vec_recipe_40_HOM,0.41738802,0.417276,0.48376414,0.45638397,0.504338,0.45688745
pod,H,word2vec_recipe_40_HOM,0.3502432,0.41760963,0.45676762,0.5170617,0.49197352,0.52393186
thrill,P,word2vec_recipe_40_HOM,0.12769239,0.12957697,0.14685215,0.14570668,0.15639825,0.15431575
patriotic,M,word2vec_recipe_40_HOM,0.22625959,0.25230107,0.2682988,0.2808847,0.28703454,0.29099002
asbestos,P,word2vec_recipe_40_HOM,0.256138,0.21715134,0.2917762,0.24899302,0.3065852,0.26202643
charge,P,word2vec_recipe_40_HOM,0.21605726,0.24444169,0.3486267,0.35801014,0.38549232,0.38458326
lullaby,P,word2vec_recipe_40_HOM,0.12256982,0.1437404,0.14460474,0.17043795,0.15470512,0.1805473
gruesome,M,word2vec_recipe_40_HOM,0.12125938,0.11304531,0.14044367,0.13318603,0.14845057,0.14735717
puke,P,word2vec_recipe_40_HOM,0.08942813,0.09315863,0.10673647,0.11891677,0.115910605,0.13049212
razor,P,word2vec_recipe_40_HOM,0.35941687,0.34806788,0.4568614,0.45087832,0.49032992,0.49007496
wall,P,word2vec_recipe_40_HOM,0.30525964,0.29961735,0.3574702,0.338336,0.37478212,0.34973475
rowboat,M,word2vec_recipe_40_HOM,0.19392657,0.21340781,0.22036014,0.2520281,0.23116913,0.2632932
apparatus,P,word2vec_recipe_40_HOM,0.23865397,0.27783203,0.28371984,0.3105148,0.30194163,0.3173255
guitar,P,word2vec_recipe_40_HOM,0.1806751,0.17547344,0.22172506,0.22131546,0.24001686,0.24954644
wealth,P,word2vec_recipe_40_HOM,0.14018717,0.13925593,0.16153508,0.16130361,0.17139824,0.17690167
chip,H,word2vec_recipe_40_HOM,0.2519775,0.1821159,0.30185843,0.21689245,0.32215226,0.23153193
cocoa,P,word2vec_recipe_40_HOM,0.29327145,0.39236468,0.3499122,0.40628412,0.3755182,0.41270682
vote,P,word2vec_recipe_40_HOM,0.10794208,0.097979486,0.13050573,0.13152173,0.14049032,0.14253484
abandon,P,word2vec_recipe_40_HOM,0.174565,0.13048689,0.19608417,0.1423538,0.20716,0.16067888
overnight,P,word2vec_recipe_40_HOM,0.3052906,0.36570585,0.40540534,0.40421614,0.4460124,0.4302485
urban,P,word2vec_recipe_40_HOM,0.15237558,0.13358939,0.17664637,0.16811915,0.18679313,0.180766
sorrow,P,word2vec_recipe_40_HOM,0.28789538,0.2914461,0.39559174,0.34753254,0.43362793,0.34677133
enlist,P,word2vec_recipe_40_HOM,0.12628734,0.116641216,0.14984168,0.15224156,0.16077714,0.16549814
stress,P,word2vec_recipe_40_HOM,0.21727519,0.15959743,0.24343508,0.1562875,0.2550741,0.17284365
runny,P,word2vec_recipe_40_HOM,0.2827376,0.2931331,0.34803256,0.32296482,0.3728619,0.32875466
covert,P,word2vec_recipe_40_HOM,0.20489936,0.23648289,0.23626526,0.26033023,0.24893032,0.2781975
knockout,P,word2vec_recipe_40_HOM,0.18926744,0.21758766,0.21375236,0.23770493,0.22442245,0.23946567
sunset,P,word2vec_recipe_40_HOM,0.2685886,0.20774204,0.30711493,0.25806642,0.3225481,0.28682816
salty,P,word2vec_recipe_40_HOM,0.31855887,0.29278806,0.36544892,0.28326285,0.38283637,0.28871775
renowned,M,word2vec_recipe_40_HOM,0.11099993,0.12507045,0.13354988,0.1577015,0.14346993,0.16913848
hazard,P,word2vec_recipe_40_HOM,0.15107422,0.1547543,0.18711525,0.17712462,0.1991212,0.1864559
vertical,P,word2vec_recipe_40_HOM,0.24088264,0.29755414,0.29926926,0.3266774,0.32160565,0.34731376
glimpse,P,word2vec_recipe_40_HOM,0.11697841,0.11943932,0.13535593,0.1352698,0.143725,0.14841564
membrane,P,word2vec_recipe_40_HOM,0.27386588,0.3175327,0.3514212,0.36862257,0.38432753,0.40200818
structural,P,word2vec_recipe_40_HOM,0.17214403,0.17948388,0.20345904,0.19499406,0.21579666,0.20299861
sensor,M,word2vec_recipe_40_HOM,0.16421016,0.1739942,0.18770067,0.17877969,0.19916438,0.19554187
temporary,P,word2vec_recipe_40_HOM,0.1529987,0.13155378,0.1712908,0.15474309,0.17960316,0.1613039
preacher,M,word2vec_recipe_40_HOM,0.1767762,0.14517489,0.21510501,0.19003056,0.23078685,0.20060515
blush,P,word2vec_recipe_40_HOM,0.31248015,0.3542399,0.37261704,0.37456918,0.39334732,0.3869756
mend,P,word2vec_recipe_40_HOM,0.20667967,0.2156517,0.24974069,0.24585293,0.26568007,0.25519496
kick,P,word2vec_recipe_40_HOM,0.30423102,0.3549524,0.3669816,0.33887333,0.3872303,0.3463563
tough,P,word2vec_recipe_40_HOM,0.30853516,0.31925443,0.40261173,0.37656504,0.4420903,0.4060786
local,P,word2vec_recipe_40_HOM,0.2318753,0.28208035,0.3032859,0.3341332,0.33065403,0.3228381
spy,P,word2vec_recipe_40_HOM,0.18608104,0.21508998,0.2269415,0.21844111,0.24224263,0.22233126
moist,P,word2vec_recipe_40_HOM,0.38271344,0.363704,0.45533955,0.41297325,0.48266858,0.42724708
coat,P,word2vec_recipe_40_HOM,0.399177,0.45131737,0.4645751,0.40900254,0.4873957,0.41619828
penicillin,M,word2vec_recipe_40_HOM,0.15966676,0.15878998,0.18489927,0.18061735,0.19604787,0.19639024
broom,P,word2vec_recipe_40_HOM,0.25254756,0.24549396,0.2995512,0.26999772,0.32135192,0.29577193
scar,P,word2vec_recipe_40_HOM,0.17032877,0.20832041,0.20724206,0.2510198,0.22351597,0.27387917
surgical,P,word2vec_recipe_40_HOM,0.186402,0.24537013,0.23891678,0.27142274,0.2558241,0.25906217
alcoholic,P,word2vec_recipe_40_HOM,0.22989123,0.21170945,0.27915967,0.25087953,0.29992348,0.2735783
britches,M,word2vec_recipe_40_HOM,0.1999243,0.21762227,0.22863783,0.22996788,0.24092168,0.24031885
execution,P,word2vec_recipe_40_HOM,0.082489565,0.095974654,0.10217629,0.12515216,0.110106565,0.13752027
pound,H,word2vec_recipe_40_HOM,0.43399096,0.4669689,0.5146764,0.4884231,0.54200983,0.47356427
tobacco,P,word2vec_recipe_40_HOM,0.3094027,0.3233621,0.36151025,0.37552792,0.38141572,0.40028048
unicorn,M,word2vec_recipe_40_HOM,0.16006675,0.19488056,0.19956762,0.26046464,0.22161552,0.2874474
tidy,P,word2vec_recipe_40_HOM,0.25769326,0.26101217,0.3033968,0.29704118,0.32343704,0.31528258
metallic,P,word2vec_recipe_40_HOM,0.38542545,0.39495635,0.45565045,0.46402323,0.47806662,0.46802783
appeal,P,word2vec_recipe_40_HOM,0.23298189,0.24302417,0.276362,0.25720203,0.29358396,0.2634694
assurance,P,word2vec_recipe_40_HOM,0.3029165,0.27194425,0.345989,0.31397706,0.36177513,0.3202873
declare,P,word2vec_recipe_40_HOM,0.091939904,0.10340807,0.10819138,0.12372337,0.11654688,0.13787103
detect,P,word2vec_recipe_40_HOM,0.20389232,0.1986487,0.23183766,0.2176456,0.2439289,0.22379053
popcorn,P,word2vec_recipe_40_HOM,0.32006416,0.3747538,0.44370025,0.45070225,0.4807836,0.45219615
chicken,P,word2vec_recipe_40_HOM,0.2658563,0.35162276,0.37418827,0.45062515,0.41426307,0.45087135
cloud,P,word2vec_recipe_40_HOM,0.36254346,0.33827445,0.40860173,0.3713799,0.42474297,0.35838068
saucer,M,word2vec_recipe_40_HOM,0.40198144,0.378591,0.4708934,0.43763468,0.49581748,0.45506036
notch,P,word2vec_recipe_40_HOM,0.39532787,0.34399322,0.44219625,0.3666739,0.4603306,0.37794128
nipple,P,word2vec_recipe_40_HOM,0.17240861,0.1934591,0.20495294,0.23439825,0.21734004,0.24779876
reborn,P,word2vec_recipe_40_HOM,0.1616406,0.19389242,0.1861904,0.22574414,0.19825996,0.23581731
immigrant,P,word2vec_recipe_40_HOM,0.12628964,0.13013336,0.14841738,0.16747247,0.15687187,0.17883304
madness,P,word2vec_recipe_40_HOM,0.22066514,0.21216492,0.25581157,0.24186558,0.2697385,0.25506133
plate,P,word2vec_recipe_40_HOM,0.35789514,0.38859332,0.4622247,0.44354716,0.49333316,0.44116408
silly,P,word2vec_recipe_40_HOM,0.22400448,0.22059977,0.2544679,0.21317488,0.2675682,0.21124429
tumble,P,word2vec_recipe_40_HOM,0.39265144,0.48152596,0.4686837,0.5196728,0.4949722,0.52396154
raisin,M,word2vec_recipe_40_HOM,0.26973665,0.34923995,0.3463229,0.34267476,0.37279552,0.32726052
customary,P,word2vec_recipe_40_HOM,0.21568072,0.16952755,0.24611446,0.16687906,0.25781888,0.1816324
trumpet,P,word2vec_recipe_40_HOM,0.25927448,0.32148924,0.33857104,0.39335933,0.3690947,0.4001522
squirrel,P,word2vec_recipe_40_HOM,0.30422765,0.39202034,0.39423627,0.4473672,0.43026462,0.45953107
suspend,P,word2vec_recipe_40_HOM,0.34049332,0.33945876,0.4143659,0.41182524,0.44491655,0.4435872
exchange,P,word2vec_recipe_40_HOM,0.28628713,0.29270768,0.38323963,0.23419863,0.40917602,0.21208887
flavor,P,word2vec_recipe_40_HOM,0.23923516,0.23353313,0.29410154,0.28688976,0.32111835,0.30578828
bunch,P,word2vec_recipe_40_HOM,0.34021667,0.38373578,0.40718937,0.42236367,0.43528998,0.43783936
inspect,P,word2vec_recipe_40_HOM,0.3860107,0.42309028,0.44304305,0.4620528,0.46567982,0.4626397
bum,P,word2vec_recipe_40_HOM,0.2437437,0.254979,0.3073524,0.32738912,0.3323476,0.34109813
large,P,word2vec_recipe_40_HOM,0.2829985,0.3782478,0.41403756,0.476461,0.46085128,0.49334872
variety,P,word2vec_recipe_40_HOM,0.25813252,0.342239,0.32760426,0.37571886,0.35288808,0.3646755
meantime,P,word2vec_recipe_40_HOM,0.44503513,0.46944496,0.51448625,0.45653924,0.53329295,0.4490862
princess,P,word2vec_recipe_40_HOM,0.23253551,0.23076001,0.26263836,0.25771967,0.27396592,0.25750816
suitable,M,word2vec_recipe_40_HOM,0.3969467,0.43337798,0.4565088,0.44478014,0.4758283,0.427693
default,P,word2vec_recipe_40_HOM,0.17445369,0.17646137,0.20167352,0.18499263,0.2133507,0.1917252
propose,P,word2vec_recipe_40_HOM,0.0994463,0.1011562,0.117766835,0.12968622,0.12695654,0.14363335
rod,P,word2vec_recipe_40_HOM,0.32447672,0.2992473,0.38274366,0.3301646,0.40599805,0.35329077
gutter,P,word2vec_recipe_40_HOM,0.16487443,0.18491533,0.19132921,0.21598724,0.20225894,0.23446901
grapefruit,P,word2vec_recipe_40_HOM,0.22495942,0.28507462,0.31070086,0.3666473,0.34848306,0.39422777
chaos,P,word2vec_recipe_40_HOM,0.12811698,0.12743615,0.14873233,0.15440308,0.1571481,0.16083887
bus,H,word2vec_recipe_40_HOM,0.1900655,0.2117706,0.22390977,0.2508443,0.23966818,0.27183348
scooter,P,word2vec_recipe_40_HOM,0.17627898,0.18591423,0.20180961,0.21599829,0.21347146,0.22413027
rink,P,word2vec_recipe_40_HOM,0.16895242,0.19293296,0.20803042,0.24301594,0.22751366,0.26879808
round,P,word2vec_recipe_40_HOM,0.28806585,0.31847954,0.3298847,0.30398756,0.34932,0.30485758
hamper,H,word2vec_recipe_40_HOM,0.17299438,0.15658394,0.19758019,0.16845642,0.20675518,0.17978403
pressure,P,word2vec_recipe_40_HOM,0.31185538,0.36394244,0.4035512,0.43208033,0.45049942,0.48351547
wacky,M,word2vec_recipe_40_HOM,0.21822348,0.1651353,0.27634084,0.20287526,0.2971461,0.21284233
allow,P,word2vec_recipe_40_HOM,0.3798004,0.41646707,0.46385926,0.34429935,0.48818138,0.34313956
withhold,P,word2vec_recipe_40_HOM,0.20670457,0.19313374,0.23937163,0.23694617,0.25200072,0.2433289
colony,P,word2vec_recipe_40_HOM,0.12128434,0.12879471,0.13711855,0.14620347,0.14516866,0.15619527
squeak,P,word2vec_recipe_40_HOM,0.37878984,0.37668988,0.43390372,0.4408017,0.45446452,0.41846183
halfway,P,word2vec_recipe_40_HOM,0.40240106,0.44039154,0.498126,0.44248712,0.5240197,0.44273463
forward,P,word2vec_recipe_40_HOM,0.31763038,0.33572158,0.37542766,0.3673356,0.3972113,0.38627467
assess,P,word2vec_recipe_40_HOM,0.23793288,0.22713012,0.26799735,0.23033506,0.28251934,0.23683386
metal,P,word2vec_recipe_40_HOM,0.3919771,0.4414717,0.44984815,0.49977148,0.47654516,0.5072269
drummer,P,word2vec_recipe_40_HOM,0.14329886,0.18119913,0.16488591,0.21319121,0.17477874,0.22754194
strategy,P,word2vec_recipe_40_HOM,0.104934976,0.10804244,0.122659,0.1404411,0.13081904,0.15051977
hippie,M,word2vec_recipe_40_HOM,0.17409402,0.16005938,0.19748819,0.19018091,0.20766224,0.19800949
farewell,P,word2vec_recipe_40_HOM,0.11336695,0.13272096,0.13106199,0.15771198,0.14006032,0.17087619
fly,H,word2vec_recipe_40_HOM,0.35434175,0.36948738,0.40569946,0.33859414,0.4240198,0.33401632
scroll,P,word2vec_recipe_40_HOM,0.19642386,0.2071442,0.2318642,0.24617876,0.24983807,0.27407274
bowl,H,word2vec_recipe_40_HOM,0.41088858,0.42163315,0.4932453,0.4552124,0.51968825,0.4571804
lounge,P,word2vec_recipe_40_HOM,0.15706973,0.17336293,0.18606086,0.20737547,0.19817837,0.22264463
emperor,M,word2vec_recipe_40_HOM,0.14392826,0.16379689,0.1931734,0.2482205,0.21801445,0.2750167
sketch,P,word2vec_recipe_40_HOM,0.16923575,0.20320278,0.19998251,0.23885933,0.21427338,0.2590538
network,P,word2vec_recipe_40_HOM,0.31777388,0.35674262,0.44261542,0.37016883,0.4750391,0.34968328
throttle,P,word2vec_recipe_40_HOM,0.20510118,0.19914994,0.2322299,0.21402049,0.24266368,0.21526247
pregnancy,M,word2vec_recipe_40_HOM,0.16722135,0.15053381,0.19441617,0.20369723,0.2067897,0.21397369
breed,P,word2vec_recipe_40_HOM,0.19277099,0.1772092,0.21841437,0.20651984,0.23027442,0.21520029
flexible,P,word2vec_recipe_40_HOM,0.36907002,0.32224524,0.4424237,0.41434902,0.46505195,0.41775557
pillar,P,word2vec_recipe_40_HOM,0.21664289,0.23236099,0.24730988,0.27139196,0.26041287,0.28522828
continuous,M,word2vec_recipe_40_HOM,0.3588919,0.40918198,0.4365928,0.4649409,0.46353638,0.45808056
barn,M,word2vec_recipe_40_HOM,0.25142398,0.21658687,0.2914607,0.2790063,0.31258217,0.30215442
dinnertime,M,word2vec_recipe_40_HOM,0.32187843,0.3072365,0.37108654,0.32378706,0.38906825,0.32575977
latch,P,word2vec_recipe_40_HOM,0.27244046,0.33813098,0.3471161,0.39110485,0.37652928,0.4162918
bride,H,word2vec_recipe_40_HOM,0.20137472,0.18983048,0.23150118,0.20225494,0.24413803,0.21302126
announce,P,word2vec_recipe_40_HOM,0.15293702,0.1556154,0.17700702,0.17651102,0.18724905,0.18362871
appear,P,word2vec_recipe_40_HOM,0.40296325,0.46463662,0.47546566,0.48211825,0.50013566,0.46389723
complete,P,word2vec_recipe_40_HOM,0.35010192,0.32779163,0.41845053,0.34273306,0.43925095,0.35388565
delightful,M,word2vec_recipe_40_HOM,0.1928316,0.24525243,0.2707365,0.34824428,0.30637518,0.37578773
coronary,P,word2vec_recipe_40_HOM,0.11127124,0.1183279,0.13268732,0.14966717,0.14123854,0.16298987
epiphany,P,word2vec_recipe_40_HOM,0.115506575,0.12904795,0.1380286,0.16103846,0.14840002,0.17635244
accordion,P,word2vec_recipe_40_HOM,0.27950796,0.28002486,0.34823027,0.3277837,0.3717112,0.338567
plaque,P,word2vec_recipe_40_HOM,0.19935922,0.21181366,0.24587756,0.24792174,0.26663244,0.27279618
replica,P,word2vec_recipe_40_HOM,0.14862417,0.16336071,0.17035988,0.18412623,0.18051378,0.19500783
cowboy,P,word2vec_recipe_40_HOM,0.26978824,0.29524165,0.3139022,0.26859784,0.32958564,0.2582852
crust,P,word2vec_recipe_40_HOM,0.29605556,0.38322133,0.3871714,0.43618187,0.42386064,0.45288697
tequila,M,word2vec_recipe_40_HOM,0.2094198,0.20059356,0.26934484,0.24279873,0.29918095,0.2723537
bag,P,word2vec_recipe_40_HOM,0.1760731,0.19353028,0.29203996,0.31194276,0.36928576,0.3990403
scarce,P,word2vec_recipe_40_HOM,0.15407464,0.14713588,0.17971541,0.15502562,0.19121498,0.16351308
brewery,M,word2vec_recipe_40_HOM,0.16759504,0.15469362,0.1968465,0.18233965,0.20951162,0.19436601
ornament,P,word2vec_recipe_40_HOM,0.26868162,0.2832208,0.3200878,0.30173227,0.3430372,0.3221613
fancy,P,word2vec_recipe_40_HOM,0.27189738,0.32163957,0.3196772,0.32326412,0.33932313,0.31592846
likelihood,P,word2vec_recipe_40_HOM,0.17998722,0.16708767,0.21152948,0.1947646,0.2245258,0.20492356
dorm,M,word2vec_recipe_40_HOM,0.20643774,0.1684672,0.23460245,0.19648628,0.24576896,0.20998682
cranky,P,word2vec_recipe_40_HOM,0.099466585,0.109916836,0.11808413,0.13312574,0.12712488,0.14345665
diploma,M,word2vec_recipe_40_HOM,0.18414176,0.21906531,0.21690217,0.259159,0.23180892,0.2816064
rhythmic,M,word2vec_recipe_40_HOM,0.21442695,0.26497692,0.2568408,0.28091356,0.27437425,0.28212237
forecast,P,word2vec_recipe_40_HOM,0.13909735,0.14683983,0.16128822,0.16639099,0.16974749,0.17387421
mambo,P,word2vec_recipe_40_HOM,0.11173423,0.13610005,0.13034892,0.1613851,0.138049,0.1710936
complicate,P,word2vec_recipe_40_HOM,0.1010985,0.10142758,0.11845043,0.12537387,0.12694183,0.13758522
stroll,P,word2vec_recipe_40_HOM,0.10697464,0.09998896,0.12462663,0.12663184,0.13346502,0.14199844
comet,M,word2vec_recipe_40_HOM,0.21316461,0.24187452,0.24712515,0.26316246,0.2599246,0.2727843
mocha,P,word2vec_recipe_40_HOM,0.22514403,0.24136086,0.28612646,0.31581703,0.31364182,0.32643682
situation,P,word2vec_recipe_40_HOM,0.1883343,0.16383763,0.21884681,0.1715261,0.23037808,0.17780408
missionary,P,word2vec_recipe_40_HOM,0.18026605,0.21206814,0.20911573,0.23998909,0.22071922,0.25373143
glucose,P,word2vec_recipe_40_HOM,0.3764506,0.43984833,0.43024504,0.47606748,0.45153704,0.47007784
paste,H,word2vec_recipe_40_HOM,0.3014427,0.2702252,0.36915398,0.3137136,0.39966866,0.34128398
drawer,P,word2vec_recipe_40_HOM,0.31864214,0.31909788,0.3650637,0.31399,0.38386384,0.3375456
skill,P,word2vec_recipe_40_HOM,0.3217673,0.1726572,0.35326114,0.21441382,0.36635292,0.21425386
dominate,P,word2vec_recipe_40_HOM,0.17964128,0.17216253,0.21490464,0.19957153,0.22902477,0.21062864
join,P,word2vec_recipe_40_HOM,0.2779441,0.300353,0.34368473,0.34813032,0.36834496,0.36004984
tout,P,word2vec_recipe_40_HOM,0.25006878,0.24716938,0.30101737,0.29791218,0.31973174,0.31930616
sequence,P,word2vec_recipe_40_HOM,0.33918202,0.38757306,0.41846475,0.47150195,0.4464426,0.47615904
deliver,P,word2vec_recipe_40_HOM,0.23072109,0.20163128,0.2600757,0.21271631,0.27351233,0.22417456
succeed,P,word2vec_recipe_40_HOM,0.09232781,0.105694935,0.11198189,0.12664846,0.12246544,0.13782923
snip,P,word2vec_recipe_40_HOM,0.35590124,0.3792639,0.43245873,0.40984356,0.45851997,0.44300893
vegetable,P,word2vec_recipe_40_HOM,0.3506692,0.37334365,0.42172277,0.3438785,0.4421643,0.3491587
worthy,P,word2vec_recipe_40_HOM,0.18389852,0.20319277,0.21347722,0.21194348,0.2255526,0.2170563
pillow,P,word2vec_recipe_40_HOM,0.29769978,0.31317148,0.3491817,0.3371462,0.36793998,0.3539181
lap,H,word2vec_recipe_40_HOM,0.3346056,0.3144253,0.3953152,0.34085467,0.419475,0.36967438
corn,H,word2vec_recipe_40_HOM,0.3366209,0.3917897,0.41624862,0.43071914,0.44787055,0.42530835
farmer,M,word2vec_recipe_40_HOM,0.31625673,0.27866477,0.36227912,0.264788,0.37762988,0.27141425
sleeve,P,word2vec_recipe_40_HOM,0.38151163,0.3895298,0.45694554,0.46366167,0.48307872,0.466885
wad,P,word2vec_recipe_40_HOM,0.34256464,0.34962708,0.41740406,0.4253436,0.4461393,0.44365615
addiction,M,word2vec_recipe_40_HOM,0.2194165,0.22233419,0.2737573,0.22806367,0.29436687,0.23576905
cosmic,P,word2vec_recipe_40_HOM,0.12877741,0.13860323,0.15248531,0.16431668,0.16361156,0.181788
chunky,P,word2vec_recipe_40_HOM,0.33631527,0.3506521,0.4225615,0.43255845,0.45260632,0.47326154
funky,H,word2vec_recipe_40_HOM,0.28105283,0.29687724,0.32105777,0.30730674,0.33575395,0.31463063
pet,H,word2vec_recipe_40_HOM,0.321521,0.37352902,0.40971527,0.42524394,0.43802047,0.44124243
confuse,P,word2vec_recipe_40_HOM,0.22579029,0.19568993,0.25094634,0.17817827,0.26228794,0.18813972
persuasion,P,word2vec_recipe_40_HOM,0.11183071,0.122431554,0.12749904,0.13910878,0.13498837,0.15352228
innocent,P,word2vec_recipe_40_HOM,0.13928623,0.14798039,0.16531554,0.17051505,0.1772324,0.18540978
tragic,P,word2vec_recipe_40_HOM,0.0931108,0.10724684,0.11200032,0.13470507,0.12149136,0.14816733
register,P,word2vec_recipe_40_HOM,0.23421404,0.2528484,0.29536244,0.24439007,0.34088627,0.2935734
slump,P,word2vec_recipe_40_HOM,0.38306862,0.38816634,0.45051318,0.4188744,0.47548962,0.42524087
scarf,H,word2vec_recipe_40_HOM,0.20349577,0.20220247,0.2618014,0.25028598,0.29102233,0.28821906
consume,P,word2vec_recipe_40_HOM,0.31996125,0.2574396,0.36077198,0.24847722,0.37374347,0.24892527
rice,P,word2vec_recipe_40_HOM,0.3053341,0.38021007,0.3912194,0.41797584,0.422946,0.4215378
pitcher,H,word2vec_recipe_40_HOM,0.24053805,0.2821218,0.30088165,0.3247318,0.3316494,0.34837592
sterile,P,word2vec_recipe_40_HOM,0.21508928,0.26447788,0.36876845,0.4018205,0.4327089,0.45672822
suffer,P,word2vec_recipe_40_HOM,0.18583858,0.1623444,0.21512692,0.18614683,0.22760324,0.19284435
logic,P,word2vec_recipe_40_HOM,0.20138092,0.19236332,0.22738013,0.21887693,0.23935494,0.23072195
sling,H,word2vec_recipe_40_HOM,0.4302954,0.44922075,0.48074982,0.47065714,0.4971255,0.4838692
intensive,P,word2vec_recipe_40_HOM,0.14160702,0.13643044,0.17073275,0.1543123,0.18351765,0.16399015
diabetic,P,word2vec_recipe_40_HOM,0.28568375,0.35304856,0.33196023,0.319165,0.34661528,0.31040427
lobby,P,word2vec_recipe_40_HOM,0.09812443,0.1359205,0.118800506,0.14861211,0.12849928,0.15860482
furniture,M,word2vec_recipe_40_HOM,0.19455723,0.21211891,0.25393113,0.27737337,0.27838647,0.29455796
standard,P,word2vec_recipe_40_HOM,0.2966934,0.27879024,0.38222888,0.35769716,0.42132723,0.40476543
lash,H,word2vec_recipe_40_HOM,0.17287607,0.2087863,0.20249285,0.25869668,0.21321854,0.27111828
destroy,P,word2vec_recipe_40_HOM,0.26483065,0.23383759,0.30716515,0.25018343,0.3238219,0.2578418
jug,P,word2vec_recipe_40_HOM,0.32358164,0.35564423,0.39158082,0.42824766,0.4179448,0.45346344
champion,P,word2vec_recipe_40_HOM,0.20166656,0.17446384,0.23268455,0.19920295,0.24634704,0.21305911
guide,P,word2vec_recipe_40_HOM,0.310988,0.29909527,0.3747076,0.3281897,0.3971541,0.3487724
plank,P,word2vec_recipe_40_HOM,0.3103639,0.39674056,0.40720528,0.47015616,0.44105327,0.49085483
compatible,P,word2vec_recipe_40_HOM,0.16859327,0.1721399,0.19214557,0.16777837,0.20326094,0.17566665
plug,P,word2vec_recipe_40_HOM,0.36375064,0.4119174,0.42230907,0.44787452,0.4474434,0.46569365
volunteer,P,word2vec_recipe_40_HOM,0.099275194,0.109371364,0.120337084,0.13280392,0.13031612,0.14682807
hearty,P,word2vec_recipe_40_HOM,0.2737106,0.35979852,0.33852804,0.41070518,0.3643506,0.39715853
wool,P,word2vec_recipe_40_HOM,0.23993066,0.22002636,0.28512633,0.29753873,0.30408475,0.31042802
divine,P,word2vec_recipe_40_HOM,0.25516334,0.26583514,0.33187523,0.33577877,0.3619382,0.36132285
ideal,P,word2vec_recipe_40_HOM,0.3069802,0.35821518,0.35433295,0.3143248,0.37104604,0.3158486
mystical,P,word2vec_recipe_40_HOM,0.14230773,0.16738978,0.16601871,0.1896781,0.17505501,0.1968661
swordfish,M,word2vec_recipe_40_HOM,0.22399476,0.26708266,0.3144861,0.38016593,0.35084656,0.3859428
fatigue,P,word2vec_recipe_40_HOM,0.17238511,0.17474316,0.2127604,0.20100845,0.23194897,0.21534038
exception,P,word2vec_recipe_40_HOM,0.39186686,0.3952575,0.47382405,0.45641676,0.50019807,0.46060097
department,P,word2vec_recipe_40_HOM,0.22040713,0.23424122,0.27777776,0.26890573,0.30222243,0.27856147
chaser,P,word2vec_recipe_40_HOM,0.19034976,0.19871841,0.22666273,0.23414952,0.24240494,0.26094326
coherent,P,word2vec_recipe_40_HOM,0.15110156,0.16396332,0.20940475,0.2453418,0.24089965,0.26791644
corny,P,word2vec_recipe_40_HOM,0.24446654,0.2180262,0.28214085,0.2405021,0.298232,0.2485075
formation,P,word2vec_recipe_40_HOM,0.37590036,0.39317977,0.43522948,0.4049782,0.45490173,0.4043129
planner,P,word2vec_recipe_40_HOM,0.12817277,0.14209378,0.1490214,0.15534167,0.15921363,0.16457264
marker,P,word2vec_recipe_40_HOM,0.23104413,0.22866867,0.28648221,0.2537038,0.30923587,0.27349943
patriot,M,word2vec_recipe_40_HOM,0.13194074,0.14924721,0.15161139,0.17354012,0.15990427,0.18666235
gain,P,word2vec_recipe_40_HOM,0.33396167,0.32325333,0.38180524,0.30982813,0.39982796,0.32318377
scalp,P,word2vec_recipe_40_HOM,0.20833349,0.22224113,0.26516706,0.2734973,0.28992438,0.2884799
bottle,P,word2vec_recipe_40_HOM,0.2815339,0.29942828,0.36628246,0.39065185,0.39953575,0.4189539
mention,P,word2vec_recipe_40_HOM,0.18500626,0.1553925,0.20673208,0.17588657,0.21784054,0.17973389
glee,P,word2vec_recipe_40_HOM,0.17723379,0.19817027,0.20783743,0.23097867,0.21962418,0.24387617
childhood,M,word2vec_recipe_40_HOM,0.17290756,0.17000595,0.20498195,0.18924738,0.2184629,0.19579916
shake,P,word2vec_recipe_40_HOM,0.36585194,0.4231581,0.43293676,0.44257364,0.46304503,0.48236856
limb,H,word2vec_recipe_40_HOM,0.15154725,0.1717487,0.18087871,0.19272193,0.19224556,0.19300191
qualify,P,word2vec_recipe_40_HOM,0.113607846,0.111662455,0.13576207,0.13434494,0.14461447,0.14215375
voodoo,P,word2vec_recipe_40_HOM,0.20759758,0.20715207,0.24213192,0.22711875,0.25586644,0.24280901
monthly,P,word2vec_recipe_40_HOM,0.11524693,0.119302146,0.13679194,0.14055893,0.14787365,0.15657239
property,P,word2vec_recipe_40_HOM,0.23525742,0.22593704,0.28674573,0.22439289,0.3049656,0.23153442
fashion,P,word2vec_recipe_40_HOM,0.35054886,0.35096565,0.4120437,0.3753227,0.43462342,0.37985006
copper,P,word2vec_recipe_40_HOM,0.40134272,0.4188987,0.48807698,0.471025,0.51369447,0.46298227
hammer,P,word2vec_recipe_40_HOM,0.31827623,0.38797873,0.44234762,0.4877829,0.48216355,0.5127844
bumper,P,word2vec_recipe_40_HOM,0.20732257,0.19956833,0.2400354,0.2403748,0.25266072,0.24124014
unknown,P,word2vec_recipe_40_HOM,0.19109544,0.17168786,0.22305714,0.19101518,0.23698561,0.20478472
smoker,P,word2vec_recipe_40_HOM,0.3087826,0.3523523,0.39654717,0.4129144,0.43603408,0.4597624
formula,P,word2vec_recipe_40_HOM,0.3017376,0.26638803,0.33914134,0.27595177,0.35370246,0.28668222
conversion,P,word2vec_recipe_40_HOM,0.18758735,0.20159027,0.21770136,0.19723292,0.23137186,0.20365332
aviation,M,word2vec_recipe_40_HOM,0.104420185,0.12056477,0.14298348,0.18077418,0.16636823,0.2190522
chase,H,word2vec_recipe_40_HOM,0.26149228,0.21947147,0.2927984,0.2317184,0.3063271,0.23287544
user,P,word2vec_recipe_40_HOM,0.27210236,0.26242572,0.32365564,0.2947503,0.340783,0.29251578
insect,P,word2vec_recipe_40_HOM,0.15489195,0.15699923,0.18833551,0.19660299,0.20395565,0.21269763
escape,P,word2vec_recipe_40_HOM,0.36007756,0.45375562,0.4629731,0.47633526,0.49677044,0.4831418
gag,H,word2vec_recipe_40_HOM,0.10220339,0.11842438,0.119963534,0.13601162,0.12832996,0.14584059
lifeless,P,word2vec_recipe_40_HOM,0.10470176,0.1194532,0.12111786,0.13871765,0.13015372,0.15257666
hubby,M,word2vec_recipe_40_HOM,0.19540676,0.2048803,0.24214698,0.2182471,0.25903374,0.22548296
sunrise,P,word2vec_recipe_40_HOM,0.2635929,0.21785142,0.30365103,0.23397993,0.3210301,0.25523186
refresh,P,word2vec_recipe_40_HOM,0.31060743,0.39258942,0.41587678,0.46495044,0.45294207,0.4717524
troll,H,word2vec_recipe_40_HOM,0.1597558,0.14549741,0.18194598,0.17780127,0.19078058,0.18968225
snowy,P,word2vec_recipe_40_HOM,0.39047796,0.3622589,0.44051072,0.409158,0.45949322,0.4315665
breath,P,word2vec_recipe_40_HOM,0.29118186,0.26195523,0.33943737,0.26557553,0.35764733,0.28112057
straighten,P,word2vec_recipe_40_HOM,0.28520605,0.28045547,0.3302044,0.29517648,0.34730485,0.31355295
organism,P,word2vec_recipe_40_HOM,0.12166847,0.11656044,0.14234796,0.1433564,0.15170406,0.15183386
delay,P,word2vec_recipe_40_HOM,0.33074182,0.32831582,0.39491898,0.33529165,0.41651013,0.33115697
exterior,P,word2vec_recipe_40_HOM,0.34995303,0.41743118,0.42795154,0.4346685,0.45036757,0.42688048
cockpit,P,word2vec_recipe_40_HOM,0.19074419,0.20491314,0.2240787,0.25183094,0.23660195,0.267934
thoughtful,P,word2vec_recipe_40_HOM,0.117558435,0.11853415,0.13867289,0.14320597,0.14862405,0.1552013
sage,H,word2vec_recipe_40_HOM,0.28416535,0.28970242,0.370415,0.38486874,0.39963758,0.39699683
twig,M,word2vec_recipe_40_HOM,0.2969715,0.35005805,0.36067617,0.4132419,0.38683876,0.43701553
shrine,P,word2vec_recipe_40_HOM,0.15952905,0.19341686,0.18901159,0.22418213,0.20265137,0.23567952
creepy,P,word2vec_recipe_40_HOM,0.20524648,0.23468499,0.25439012,0.2771113,0.27827424,0.29807755
cinch,P,word2vec_recipe_40_HOM,0.27771044,0.24772276,0.31125367,0.2666976,0.32529658,0.2677274
garbage,P,word2vec_recipe_40_HOM,0.28750736,0.31675088,0.34744966,0.36614895,0.37098613,0.38191748
alphabet,P,word2vec_recipe_40_HOM,0.37477896,0.35606825,0.42025077,0.36904502,0.43544087,0.36294904
cannon,P,word2vec_recipe_40_HOM,0.22427073,0.20852295,0.25910273,0.24135806,0.2720996,0.2455419
collect,P,word2vec_recipe_40_HOM,0.31134528,0.38037938,0.39784023,0.4024034,0.4254634,0.3994397
bench,P,word2vec_recipe_40_HOM,0.2997215,0.3754399,0.3752357,0.41632333,0.4037454,0.4200025
stiff,P,word2vec_recipe_40_HOM,0.2607113,0.30952027,0.35624805,0.35069335,0.3926265,0.368562
meadow,P,word2vec_recipe_40_HOM,0.17724173,0.19841793,0.20048948,0.21747978,0.21010433,0.22615284
dishwasher,P,word2vec_recipe_40_HOM,0.29174262,0.31309676,0.35967463,0.37545067,0.3865907,0.39334953
cycle,P,word2vec_recipe_40_HOM,0.281479,0.32537174,0.39195874,0.41736928,0.4469979,0.46466684
player,P,word2vec_recipe_40_HOM,0.16149971,0.16853926,0.19257008,0.21971191,0.20715648,0.2318188
bull,H,word2vec_recipe_40_HOM,0.23843066,0.22852787,0.27691162,0.2776614,0.2951249,0.2859391
brave,P,word2vec_recipe_40_HOM,0.23213978,0.20149079,0.2697082,0.20763315,0.28403583,0.20916806
nip,H,word2vec_recipe_40_HOM,0.2729419,0.26902333,0.3124338,0.29774436,0.3285009,0.31447583
format,P,word2vec_recipe_40_HOM,0.17830594,0.14480457,0.20748615,0.1677021,0.2201908,0.1836366
dish,P,word2vec_recipe_40_HOM,0.32197005,0.3363439,0.3865239,0.35906425,0.4156711,0.3880128
clerk,P,word2vec_recipe_40_HOM,0.09258975,0.10909962,0.11272608,0.13045356,0.12212328,0.14400472
tuck,P,word2vec_recipe_40_HOM,0.2946814,0.3361164,0.36669618,0.39116165,0.39462626,0.39535043
railroad,P,word2vec_recipe_40_HOM,0.18198508,0.15128526,0.20778143,0.17399755,0.2196185,0.18476868
circus,P,word2vec_recipe_40_HOM,0.2830457,0.24347122,0.32725468,0.3075404,0.34861717,0.32965323
stool,P,word2vec_recipe_40_HOM,0.17200439,0.17644602,0.20452642,0.21300589,0.2188257,0.23506612
dung,P,word2vec_recipe_40_HOM,0.054898906,0.07386986,0.1058538,0.15006052,0.13187785,0.184418
flake,P,word2vec_recipe_40_HOM,0.4243594,0.45652974,0.5099227,0.509741,0.53778136,0.51879483
stretcher,P,word2vec_recipe_40_HOM,0.23067626,0.20497417,0.26199672,0.23192085,0.27305546,0.24211109
tread,P,word2vec_recipe_40_HOM,0.31768644,0.3220681,0.36989412,0.35711884,0.38826966,0.36552203
wrestle,P,word2vec_recipe_40_HOM,0.17460705,0.17788033,0.20007437,0.21773604,0.21095924,0.22699161
certain,P,word2vec_recipe_40_HOM,0.32725352,0.33487263,0.37736338,0.29724345,0.3916001,0.26478952
tendency,P,word2vec_recipe_40_HOM,0.3346817,0.35585305,0.4018688,0.33853358,0.42381227,0.32795823
beginner,M,word2vec_recipe_40_HOM,0.16895247,0.12911114,0.19347854,0.14639114,0.20363536,0.16328982
spree,P,word2vec_recipe_40_HOM,0.20499721,0.24067822,0.2401333,0.2572536,0.25676265,0.28095043
marrow,P,word2vec_recipe_40_HOM,0.3200195,0.3586145,0.39432603,0.4393472,0.42130074,0.45006093
clam,P,word2vec_recipe_40_HOM,0.31528932,0.32833317,0.40494815,0.42416152,0.4391164,0.4245949
spread,P,word2vec_recipe_40_HOM,0.35559148,0.39995956,0.43226257,0.40543795,0.4602932,0.3946938
howl,P,word2vec_recipe_40_HOM,0.23432855,0.21314901,0.31328782,0.37672985,0.34402192,0.39826602
snail,P,word2vec_recipe_40_HOM,0.37875676,0.41685364,0.44740087,0.4517507,0.47025356,0.43752334
mouse,P,word2vec_recipe_40_HOM,0.26981765,0.22777873,0.32573512,0.28779995,0.3496164,0.32183337
unpleasant,M,word2vec_recipe_40_HOM,0.23545878,0.26087943,0.28955233,0.2987221,0.3111025,0.30102205
score,P,word2vec_recipe_40_HOM,0.30515712,0.36960983,0.3823591,0.388858,0.41941014,0.3910029
nature,P,word2vec_recipe_40_HOM,0.26125416,0.23140262,0.29553145,0.23135474,0.30732894,0.23922834
cupcake,M,word2vec_recipe_40_HOM,0.25639927,0.29375428,0.34277785,0.36172494,0.38278276,0.4242186
splendor,P,word2vec_recipe_40_HOM,0.13109556,0.13176757,0.15113705,0.15401866,0.16065285,0.16592811
femme,P,word2vec_recipe_40_HOM,0.1607084,0.16915683,0.19883844,0.20681813,0.21599545,0.22153635
caffeine,M,word2vec_recipe_40_HOM,0.1954169,0.21562861,0.23118332,0.2402157,0.24519561,0.23950027
wallpaper,P,word2vec_recipe_40_HOM,0.28629768,0.2379807,0.3258523,0.25579417,0.3406346,0.27664858
apocalypse,P,word2vec_recipe_40_HOM,0.16670373,0.19343793,0.18959361,0.21074004,0.2000732,0.2222689
trim,P,word2vec_recipe_40_HOM,0.3471092,0.39224234,0.43070507,0.4279539,0.4625064,0.45743805
lime,H,word2vec_recipe_40_HOM,0.27112144,0.34090477,0.34108338,0.37774488,0.36970034,0.39737037
chimney,P,word2vec_recipe_40_HOM,0.31766644,0.33690983,0.40059486,0.4341446,0.43072549,0.46043554
assistance,P,word2vec_recipe_40_HOM,0.23974137,0.18264362,0.27054468,0.21790992,0.28290164,0.22907561
active,P,word2vec_recipe_40_HOM,0.37692264,0.3334881,0.45591986,0.43774068,0.48416427,0.45456415
incredible,P,word2vec_recipe_40_HOM,0.18900217,0.246143,0.25688705,0.32130444,0.2824785,0.33513317
disengage,P,word2vec_recipe_40_HOM,0.12547033,0.15471473,0.14903793,0.17702937,0.16032021,0.19050539
cake,P,word2vec_recipe_40_HOM,0.30735466,0.4046158,0.3896323,0.45055673,0.4183432,0.44127846
lightning,P,word2vec_recipe_40_HOM,0.2591216,0.24926682,0.28924692,0.24651656,0.30067062,0.2537956
saliva,M,word2vec_recipe_40_HOM,0.143087,0.13530822,0.16742729,0.15307972,0.17763966,0.15955487
unite,P,word2vec_recipe_40_HOM,0.30264065,0.29254174,0.34437168,0.32668126,0.36049014,0.34115216
damp,P,word2vec_recipe_40_HOM,0.26752016,0.28426144,0.4053853,0.4183168,0.45402893,0.44594452
diplomatic,P,word2vec_recipe_40_HOM,0.13526879,0.15207678,0.15857142,0.19268295,0.17038198,0.20907922
hopeless,P,word2vec_recipe_40_HOM,0.094210304,0.09293921,0.115860805,0.1207864,0.12546559,0.13462062
lazy,P,word2vec_recipe_40_HOM,0.30067533,0.30877906,0.35530108,0.33695924,0.37431267,0.34705785
supervise,M,word2vec_recipe_40_HOM,0.1279649,0.125885,0.14964078,0.14521955,0.1599827,0.15528117
mandatory,P,word2vec_recipe_40_HOM,0.22980833,0.17335728,0.26702583,0.18459854,0.28326297,0.18264288
confusion,P,word2vec_recipe_40_HOM,0.13725622,0.12989111,0.16048719,0.1471882,0.17121454,0.15655957
hick,M,word2vec_recipe_40_HOM,0.1560045,0.12566681,0.19282961,0.1622615,0.21272798,0.19959939
cuisine,M,word2vec_recipe_40_HOM,0.23600507,0.22618301,0.2783391,0.25492096,0.29423943,0.25776687
breathe,P,word2vec_recipe_40_HOM,0.29176545,0.27031732,0.33438233,0.24497451,0.3488633,0.25854784
overrun,P,word2vec_recipe_40_HOM,0.14501083,0.14462037,0.16559432,0.16587327,0.17397274,0.17441392
highway,P,word2vec_recipe_40_HOM,0.19496989,0.20479603,0.22720389,0.21916875,0.23960133,0.21829009
calculator,P,word2vec_recipe_40_HOM,0.116388336,0.13134386,0.13841134,0.14803246,0.14848952,0.15840949
pry,H,word2vec_recipe_40_HOM,0.3386796,0.37362465,0.40957868,0.41022164,0.43834633,0.42827758
knack,P,word2vec_recipe_40_HOM,0.14793196,0.13128377,0.17127495,0.14439557,0.18058139,0.15064992
molten,P,word2vec_recipe_40_HOM,0.30227336,0.32371783,0.3753789,0.35193124,0.40128246,0.35506353
fungus,P,word2vec_recipe_40_HOM,0.31401998,0.34402013,0.40549415,0.43354952,0.44013816,0.44477433
rebound,P,word2vec_recipe_40_HOM,0.11770128,0.14753525,0.14395885,0.18016472,0.15656923,0.19587933
explore,P,word2vec_recipe_40_HOM,0.2170312,0.2040126,0.25390527,0.22148445,0.2683366,0.2256384
spicy,P,word2vec_recipe_40_HOM,0.22335966,0.30269513,0.29170948,0.34854555,0.3128078,0.3361226
loaf,H,word2vec_recipe_40_HOM,0.290105,0.28876886,0.3989244,0.37409753,0.44335526,0.41467544
graveyard,M,word2vec_recipe_40_HOM,0.21430795,0.23869942,0.25644326,0.27270535,0.27997503,0.29570326
puppy,P,word2vec_recipe_40_HOM,0.3267162,0.33785665,0.390192,0.3556376,0.41311637,0.3537204
tempt,P,word2vec_recipe_40_HOM,0.14189257,0.12058738,0.16432992,0.14177625,0.17345026,0.15309511
hasty,P,word2vec_recipe_40_HOM,0.20417523,0.17627491,0.23112155,0.17951827,0.24306649,0.18899296
muster,P,word2vec_recipe_40_HOM,0.15858927,0.115712844,0.18302657,0.14301856,0.19271572,0.15499964
anticipate,P,word2vec_recipe_40_HOM,0.09308205,0.10219793,0.110184215,0.122041196,0.11927166,0.13628964
bunker,P,word2vec_recipe_40_HOM,0.13692352,0.14101078,0.15887652,0.17210852,0.1685579,0.1807176
northwest,P,word2vec_recipe_40_HOM,0.20687905,0.2380273,0.24451265,0.25585014,0.25946155,0.27105498
frame,P,word2vec_recipe_40_HOM,0.29026335,0.21631765,0.3294054,0.26869604,0.3469424,0.29070067
enzyme,M,word2vec_recipe_40_HOM,0.20927766,0.20854126,0.25450248,0.24370316,0.27698958,0.25746062
kitten,P,word2vec_recipe_40_HOM,0.16769402,0.16954762,0.20552962,0.21346186,0.2277644,0.24915576
jab,P,word2vec_recipe_40_HOM,0.27673554,0.3026909,0.33853188,0.36923593,0.3647176,0.36548194
lust,P,word2vec_recipe_40_HOM,0.17196888,0.19504109,0.2079584,0.2042117,0.22298874,0.21927075
posh,M,word2vec_recipe_40_HOM,0.2360827,0.24150264,0.27378798,0.26746085,0.28711048,0.2739182
alert,P,word2vec_recipe_40_HOM,0.22604683,0.18505925,0.25290304,0.19598877,0.2649361,0.20641853
vinegar,M,word2vec_recipe_40_HOM,0.26499182,0.29840302,0.33612904,0.3529252,0.36666784,0.35393524
bonnet,P,word2vec_recipe_40_HOM,0.32207704,0.31655675,0.39629114,0.34535718,0.42438734,0.35302567
duration,P,word2vec_recipe_40_HOM,0.3305245,0.35089183,0.38235387,0.38225493,0.40399194,0.386069
conductor,P,word2vec_recipe_40_HOM,0.15266895,0.1478362,0.17782444,0.15356523,0.18797082,0.16167092
bubble,P,word2vec_recipe_40_HOM,0.3520626,0.40831876,0.43477076,0.47506055,0.46487156,0.48569313
garlic,P,word2vec_recipe_40_HOM,0.27590534,0.3153338,0.34028617,0.32832503,0.36517543,0.34378862
crossword,M,word2vec_recipe_40_HOM,0.14367768,0.17597458,0.17400724,0.22236414,0.18641034,0.24004683
settlement,P,word2vec_recipe_40_HOM,0.1312136,0.1430014,0.1542078,0.16923548,0.16504082,0.18402319
vet,H,word2vec_recipe_40_HOM,0.1333454,0.13450453,0.1600223,0.16474871,0.17143127,0.17733656
sacrifice,P,word2vec_recipe_40_HOM,0.18610601,0.1517141,0.20753418,0.15836889,0.21698277,0.1667014
aware,M,word2vec_recipe_40_HOM,0.23517895,0.19259836,0.2706747,0.1986426,0.28370488,0.20813599
separation,P,word2vec_recipe_40_HOM,0.2914122,0.25929987,0.33825436,0.2957105,0.35812202,0.30793765
flute,P,word2vec_recipe_40_HOM,0.34826893,0.4000367,0.43393657,0.47960216,0.4682335,0.49638262
stripper,P,word2vec_recipe_40_HOM,0.24338365,0.26286164,0.29566896,0.34118876,0.31975764,0.35612357
handbook,M,word2vec_recipe_40_HOM,0.13336512,0.12981777,0.15431297,0.15919985,0.16376795,0.17168072
trigger,P,word2vec_recipe_40_HOM,0.20495164,0.19710778,0.23434313,0.2062719,0.24626064,0.21644683
malt,P,word2vec_recipe_40_HOM,0.3804598,0.43444538,0.4479614,0.45165396,0.469597,0.4720499
fury,P,word2vec_recipe_40_HOM,0.2021975,0.21340069,0.23322465,0.22763565,0.24524628,0.23344158
external,P,word2vec_recipe_40_HOM,0.22676113,0.24032785,0.28551233,0.3158316,0.31377494,0.33976504
endeavor,P,word2vec_recipe_40_HOM,0.13524456,0.12520169,0.15910538,0.14219084,0.16853112,0.15193254
lava,P,word2vec_recipe_40_HOM,0.36945698,0.35364282,0.4322996,0.41159087,0.45402595,0.41081044
doodle,P,word2vec_recipe_40_HOM,0.15829176,0.12002369,0.18138205,0.1511997,0.19287817,0.1621028
mysterious,P,word2vec_recipe_40_HOM,0.13743578,0.14952078,0.16277121,0.163452,0.17355415,0.17590009
absurd,P,word2vec_recipe_40_HOM,0.15059805,0.13349664,0.17377315,0.15363808,0.18417527,0.16292696
static,P,word2vec_recipe_40_HOM,0.21049657,0.20109387,0.25573176,0.24520174,0.27529284,0.26583868
brush,H,word2vec_recipe_40_HOM,0.36026603,0.3833482,0.43896312,0.42608207,0.46620792,0.42119828
memorable,P,word2vec_recipe_40_HOM,0.18240757,0.20814396,0.210636,0.22896194,0.22398381,0.2303523
shorten,P,word2vec_recipe_40_HOM,0.35153618,0.34947753,0.4095584,0.38069817,0.43174282,0.36177495
purge,P,word2vec_recipe_40_HOM,0.28285745,0.2962983,0.3617449,0.37402573,0.39259017,0.39889374
timid,P,word2vec_recipe_40_HOM,0.13226669,0.11605652,0.15853949,0.14439625,0.17057091,0.16153629
lovely,P,word2vec_recipe_40_HOM,0.23451808,0.2989532,0.3207659,0.35009027,0.35015342,0.3552104
vodka,M,word2vec_recipe_40_HOM,0.19634607,0.17810163,0.25666854,0.23693879,0.285868,0.27420855
lunar,P,word2vec_recipe_40_HOM,0.1630291,0.16493587,0.19478203,0.18335834,0.2080611,0.20101455
infinite,P,word2vec_recipe_40_HOM,0.1543719,0.13231565,0.17921618,0.14988059,0.18908894,0.15819381
medallion,P,word2vec_recipe_40_HOM,0.30080009,0.37033,0.38292366,0.46425503,0.41438735,0.47318056
upholstery,P,word2vec_recipe_40_HOM,0.18303499,0.21963611,0.22125974,0.26894507,0.23951386,0.29027936
haystack,M,word2vec_recipe_40_HOM,0.33364624,0.294207,0.38394886,0.3289418,0.40201533,0.34362558
coast,P,word2vec_recipe_40_HOM,0.30774504,0.25620362,0.34914607,0.27907467,0.3652829,0.29079026
sauna,P,word2vec_recipe_40_HOM,0.17013223,0.18433018,0.192663,0.21101321,0.20327827,0.22216934
amaze,M,word2vec_recipe_40_HOM,0.112221144,0.12388339,0.1345794,0.14118576,0.14607958,0.15375173
operation,P,word2vec_recipe_40_HOM,0.29769614,0.28061217,0.35094714,0.30390435,0.37014133,0.30402023
survival,P,word2vec_recipe_40_HOM,0.15261549,0.1605855,0.17381594,0.18037824,0.18403232,0.19218488
perimeter,P,word2vec_recipe_40_HOM,0.30344063,0.29405183,0.3697019,0.34024712,0.39205956,0.34735787
dolphin,P,word2vec_recipe_40_HOM,0.22695541,0.21981591,0.26451927,0.23508425,0.27809808,0.24327454
feast,P,word2vec_recipe_40_HOM,0.2456327,0.20111638,0.27728,0.22681485,0.2899207,0.24337293
brook,H,word2vec_recipe_40_HOM,0.4589778,0.4528595,0.5180624,0.46018893,0.5346563,0.44666293
poker,H,word2vec_recipe_40_HOM,0.20755787,0.16421802,0.23475353,0.1791936,0.2462992,0.18348838
teenage,M,word2vec_recipe_40_HOM,0.15340622,0.1536644,0.18358856,0.16575527,0.19785835,0.17793648
item,P,word2vec_recipe_40_HOM,0.34094754,0.22720566,0.37333378,0.25779888,0.3860433,0.2658636
rhubarb,M,word2vec_recipe_40_HOM,0.27666926,0.34183663,0.36068428,0.36369804,0.3965937,0.3727179
hometown,M,word2vec_recipe_40_HOM,0.10973743,0.12356613,0.12959912,0.15336604,0.13945325,0.1651126
hop,H,word2vec_recipe_40_HOM,0.2694831,0.30217823,0.31233284,0.32497418,0.3317201,0.34748754
mountain,P,word2vec_recipe_40_HOM,0.3191815,0.28574744,0.35765183,0.26831424,0.37120783,0.26381913
vague,P,word2vec_recipe_40_HOM,0.11367349,0.113020636,0.13550587,0.13494645,0.14594536,0.14830616
parent,P,word2vec_recipe_40_HOM,0.17719464,0.14936452,0.20472556,0.15785056,0.21668312,0.1687693
roof,P,word2vec_recipe_40_HOM,0.21378052,0.1883526,0.2789254,0.23642011,0.31106427,0.2759812
disperse,P,word2vec_recipe_40_HOM,0.37397328,0.465406,0.47236866,0.5065611,0.50154346,0.5097424
cordial,P,word2vec_recipe_40_HOM,0.22301385,0.22960092,0.2654396,0.27552304,0.2867945,0.28948453
joyful,M,word2vec_recipe_40_HOM,0.13507493,0.1332876,0.15480942,0.16712485,0.16404471,0.18074262
pot,H,word2vec_recipe_40_HOM,0.31040606,0.3764672,0.40368882,0.42931542,0.43498337,0.43309
trench,P,word2vec_recipe_40_HOM,0.29099327,0.30951363,0.35569528,0.34388384,0.37713203,0.3631975
track,P,word2vec_recipe_40_HOM,0.27950922,0.23529774,0.3164843,0.2541221,0.33156583,0.26722047
sparkle,P,word2vec_recipe_40_HOM,0.31357738,0.35463881,0.37030116,0.38218588,0.3945475,0.40044808
sly,P,word2vec_recipe_40_HOM,0.11042275,0.12755328,0.12814425,0.14857595,0.13713804,0.15890272
deception,P,word2vec_recipe_40_HOM,0.14499307,0.16300163,0.17234965,0.18799685,0.18266907,0.19873658
fiesta,M,word2vec_recipe_40_HOM,0.20855312,0.28074083,0.31228688,0.35561928,0.34231117,0.34318477
attraction,P,word2vec_recipe_40_HOM,0.11575711,0.11604307,0.13381317,0.13629593,0.14383945,0.1498659
rotate,P,word2vec_recipe_40_HOM,0.3628274,0.42331207,0.444872,0.45925397,0.4673101,0.43865502
firm,H,word2vec_recipe_40_HOM,0.37561682,0.36244538,0.4470357,0.39754468,0.46933043,0.41775668
sufficient,M,word2vec_recipe_40_HOM,0.43982673,0.53527975,0.52521056,0.50106657,0.5492755,0.4838051
haste,P,word2vec_recipe_40_HOM,0.11790512,0.11134406,0.13998841,0.13903938,0.15006758,0.15401396
rotten,P,word2vec_recipe_40_HOM,0.27339572,0.2926958,0.31976634,0.33916986,0.33954474,0.3482724
yield,P,word2vec_recipe_40_HOM,0.3287701,0.3403395,0.44005504,0.39629668,0.4774032,0.40873072
ammonia,P,word2vec_recipe_40_HOM,0.27905917,0.32898444,0.36854467,0.42079413,0.4020487,0.4450083
optimism,P,word2vec_recipe_40_HOM,0.15929732,0.140725,0.18334867,0.17090005,0.19355835,0.1849627
scrub,H,word2vec_recipe_40_HOM,0.3535009,0.4149054,0.42620915,0.4132884,0.45594466,0.41734648
define,P,word2vec_recipe_40_HOM,0.17989102,0.1906728,0.21393889,0.2355906,0.22879703,0.25710878
include,P,word2vec_recipe_40_HOM,0.360173,0.3982179,0.43464756,0.39685726,0.457739,0.37934795
cocktail,H,word2vec_recipe_40_HOM,0.23602566,0.2500625,0.29050326,0.26032266,0.3189625,0.28066698
envelope,P,word2vec_recipe_40_HOM,0.42855516,0.5353146,0.5106115,0.51944464,0.5337634,0.50814587
commitment,P,word2vec_recipe_40_HOM,0.09607585,0.11149602,0.11263749,0.12382096,0.12092545,0.13465899
ban,H,word2vec_recipe_40_HOM,0.32156822,0.17823094,0.38460895,0.30895332,0.41193807,0.37894356
trough,P,word2vec_recipe_40_HOM,0.3908154,0.4039357,0.44823256,0.39167944,0.46821174,0.3866106
presume,P,word2vec_recipe_40_HOM,0.08774108,0.08516209,0.107124746,0.1140604,0.11755344,0.1309351
matrimony,P,word2vec_recipe_40_HOM,0.12327765,0.12888665,0.14630258,0.16487369,0.15656623,0.17774089
adjustment,P,word2vec_recipe_40_HOM,0.33861405,0.2981777,0.38330448,0.32152903,0.40121326,0.31510806
leather,P,word2vec_recipe_40_HOM,0.42569977,0.39044404,0.47423595,0.39251304,0.4914611,0.39118722
desk,P,word2vec_recipe_40_HOM,0.14718156,0.1539503,0.17110805,0.17204136,0.18272442,0.18683392
actress,M,word2vec_recipe_40_HOM,0.13841458,0.1346142,0.16384663,0.16634716,0.17488827,0.17772444
disco,P,word2vec_recipe_40_HOM,0.24656418,0.23206498,0.28199443,0.27414826,0.29879248,0.2894104
exclusive,P,word2vec_recipe_40_HOM,0.22211,0.16425529,0.2536979,0.20513472,0.26546058,0.22199167
nursery,P,word2vec_recipe_40_HOM,0.1126094,0.12607613,0.13559888,0.15510051,0.14498182,0.170357
squat,P,word2vec_recipe_40_HOM,0.23564506,0.22536162,0.27572158,0.27387676,0.29213655,0.2949854
comb,P,word2vec_recipe_40_HOM,0.3090589,0.31064433,0.355646,0.30238363,0.37547177,0.3191093
trader,P,word2vec_recipe_40_HOM,0.26227733,0.301148,0.32540244,0.3454515,0.3546031,0.34832677
elusive,P,word2vec_recipe_40_HOM,0.13260432,0.14374234,0.15458089,0.16337164,0.16450325,0.16994351
grateful,P,word2vec_recipe_40_HOM,0.14056602,0.13183498,0.16327608,0.14111906,0.1734442,0.15836592
springtime,P,word2vec_recipe_40_HOM,0.27302587,0.3449701,0.31028688,0.30990273,0.32725856,0.31344688
lion,P,word2vec_recipe_40_HOM,0.23571248,0.24089795,0.26962072,0.24779539,0.2830063,0.25161603
pineapple,P,word2vec_recipe_40_HOM,0.27305958,0.3593551,0.36742648,0.41507676,0.401363,0.42320597
induce,P,word2vec_recipe_40_HOM,0.1613411,0.14910898,0.1846685,0.16091827,0.19500992,0.17443337
fan,H,word2vec_recipe_40_HOM,0.32736278,0.18280126,0.39841834,0.23979616,0.43419793,0.29743743
pellet,P,word2vec_recipe_40_HOM,0.26702958,0.275049,0.31166363,0.3375635,0.3327917,0.358243
river,P,word2vec_recipe_40_HOM,0.2584851,0.2587576,0.30137244,0.2687688,0.31645328,0.26230866
rogue,P,word2vec_recipe_40_HOM,0.21775183,0.20254369,0.252692,0.22790822,0.26480502,0.23739299
beacon,P,word2vec_recipe_40_HOM,0.28248292,0.23967627,0.3206284,0.24696855,0.33310845,0.24542482
hazardous,P,word2vec_recipe_40_HOM,0.111453936,0.1194088,0.13440804,0.13968673,0.14409469,0.14877188
cute,P,word2vec_recipe_40_HOM,0.27460402,0.298549,0.33319724,0.33247548,0.3562063,0.338761
definitive,P,word2vec_recipe_40_HOM,0.13266496,0.1305893,0.15972167,0.15534878,0.1698279,0.16877666
crisis,P,word2vec_recipe_40_HOM,0.19234402,0.19130963,0.21646287,0.20754407,0.22616448,0.21617799
obsessive,M,word2vec_recipe_40_HOM,0.13418707,0.122923285,0.15735012,0.14331089,0.16671921,0.1507838
tip,H,word2vec_recipe_40_HOM,0.2378856,0.18018906,0.32303935,0.32933158,0.3597205,0.35320863
groom,P,word2vec_recipe_40_HOM,0.1960878,0.22063856,0.23660679,0.26631483,0.25506786,0.28857294
assist,P,word2vec_recipe_40_HOM,0.34672,0.4008645,0.41401914,0.40093064,0.4377087,0.39023384
adopt,P,word2vec_recipe_40_HOM,0.08104644,0.09589111,0.09760428,0.119970694,0.106379956,0.13219692
fellowship,P,word2vec_recipe_40_HOM,0.15424094,0.1583176,0.18295194,0.18957007,0.19432053,0.19813526
rubber,H,word2vec_recipe_40_HOM,0.31667557,0.34245476,0.43768287,0.46705493,0.47891182,0.51299834
substitute,P,word2vec_recipe_40_HOM,0.27584755,0.3263002,0.38139927,0.44325688,0.41760525,0.45919776
freestyle,P,word2vec_recipe_40_HOM,0.2539286,0.2570402,0.29271516,0.29242504,0.30641335,0.29186526
poison,P,word2vec_recipe_40_HOM,0.18017007,0.17502098,0.20825814,0.20529439,0.21939845,0.21055733
assembly,P,word2vec_recipe_40_HOM,0.41526508,0.41558135,0.4883773,0.39876255,0.5084286,0.41096196
pulse,H,word2vec_recipe_40_HOM,0.25040472,0.3008991,0.3746098,0.38671637,0.43045545,0.4212042
sorority,M,word2vec_recipe_40_HOM,0.14363733,0.17633235,0.16729397,0.19476159,0.1782888,0.21213411
snake,P,word2vec_recipe_40_HOM,0.252954,0.27660277,0.32563737,0.35757875,0.35234612,0.37287807
lad,P,word2vec_recipe_40_HOM,0.18516147,0.22127548,0.21127783,0.24885024,0.22175784,0.26061758
sober,P,word2vec_recipe_40_HOM,0.1339236,0.14962439,0.1568676,0.1625682,0.16665863,0.17676957
trot,P,word2vec_recipe_40_HOM,0.12518926,0.13308468,0.14495866,0.15731628,0.15306963,0.16645543
frontier,P,word2vec_recipe_40_HOM,0.15261678,0.17359176,0.17813832,0.18935296,0.18979108,0.20052654
soothe,P,word2vec_recipe_40_HOM,0.12786368,0.14856678,0.16586502,0.19639918,0.18676765,0.22002439
drinker,P,word2vec_recipe_40_HOM,0.1837763,0.1917748,0.20956022,0.19207816,0.221763,0.20931965
terrace,P,word2vec_recipe_40_HOM,0.15721084,0.16166061,0.1798134,0.17331639,0.1896698,0.18754528
host,H,word2vec_recipe_40_HOM,0.14037506,0.13318478,0.16566944,0.15092824,0.1777052,0.1641723
feed,P,word2vec_recipe_40_HOM,0.37554127,0.42311057,0.49238804,0.5110455,0.5245877,0.5189275
classic,P,word2vec_recipe_40_HOM,0.23439065,0.27823862,0.2813733,0.33020884,0.29759532,0.32719243
kimono,P,word2vec_recipe_40_HOM,0.15404847,0.18258935,0.19853011,0.24772304,0.22298853,0.27169806
incision,P,word2vec_recipe_40_HOM,0.30967423,0.3389514,0.3745956,0.39539,0.40063286,0.40645084
overall,P,word2vec_recipe_40_HOM,0.33259255,0.3095481,0.37609494,0.30582225,0.39377093,0.30687413
tree,P,word2vec_recipe_40_HOM,0.21028721,0.24053562,0.25539258,0.2662481,0.2747798,0.28598893
disastrous,M,word2vec_recipe_40_HOM,0.08669454,0.10166335,0.103732616,0.12316669,0.11234708,0.13449943
visible,P,word2vec_recipe_40_HOM,0.33678108,0.3679041,0.42116708,0.4413352,0.45397907,0.449309
crunch,P,word2vec_recipe_40_HOM,0.3403935,0.35341236,0.39536846,0.37764114,0.41646647,0.3709531
cracker,P,word2vec_recipe_40_HOM,0.2487149,0.31697658,0.344667,0.4084517,0.3849595,0.4302001
workshop,P,word2vec_recipe_40_HOM,0.16233398,0.16860473,0.20271963,0.21949217,0.22598974,0.2513889
native,P,word2vec_recipe_40_HOM,0.22013183,0.22155079,0.25912213,0.26996902,0.27524626,0.27344227
raid,P,word2vec_recipe_40_HOM,0.16249457,0.15689203,0.19075209,0.1674514,0.20208667,0.17674626
trout,P,word2vec_recipe_40_HOM,0.1962218,0.22670826,0.3025379,0.35474268,0.3569634,0.38726136
reef,H,word2vec_recipe_40_HOM,0.13027753,0.14339583,0.1537798,0.18053833,0.16452065,0.19402727
noise,P,word2vec_recipe_40_HOM,0.27533376,0.2981941,0.36892903,0.33413762,0.39547256,0.3364528
region,P,word2vec_recipe_40_HOM,0.15913072,0.150923,0.20723218,0.16778152,0.23110776,0.1914071
furnace,P,word2vec_recipe_40_HOM,0.09883846,0.12893583,0.11842646,0.15163662,0.12842199,0.1672143
motto,P,word2vec_recipe_40_HOM,0.097943544,0.101917304,0.116186276,0.1212563,0.12508938,0.13613157
channel,P,word2vec_recipe_40_HOM,0.27554825,0.2872479,0.32458112,0.32736686,0.34378165,0.3481667
irony,P,word2vec_recipe_40_HOM,0.09627941,0.09824957,0.11627074,0.12969047,0.12576929,0.14772746
dread,P,word2vec_recipe_40_HOM,0.14564367,0.15308939,0.16747828,0.17394733,0.17634724,0.19137129
protein,M,word2vec_recipe_40_HOM,0.21544428,0.22776014,0.27067155,0.17498882,0.2917638,0.15011418
heed,P,word2vec_recipe_40_HOM,0.086590335,0.10465516,0.1042367,0.11877805,0.11379747,0.13282888
area,P,word2vec_recipe_40_HOM,0.35047588,0.3871435,0.43314093,0.44782084,0.46014214,0.4463399
fruit,P,word2vec_recipe_40_HOM,0.27722734,0.33551693,0.36774585,0.4279581,0.4005933,0.43199772
classical,P,word2vec_recipe_40_HOM,0.18681666,0.150832,0.21709436,0.17837068,0.22870648,0.19174744
security,P,word2vec_recipe_40_HOM,0.19720063,0.19201021,0.23114906,0.1990964,0.24468388,0.19867413
sidewalk,M,word2vec_recipe_40_HOM,0.15690719,0.18969882,0.19140236,0.23249556,0.20577526,0.2510863
pronounce,P,word2vec_recipe_40_HOM,0.0964346,0.0998574,0.11505801,0.12702334,0.12335391,0.14248684
fusion,P,word2vec_recipe_40_HOM,0.25045475,0.27583683,0.28669462,0.30700868,0.30104798,0.31399643
privacy,P,word2vec_recipe_40_HOM,0.110581994,0.13700044,0.15491143,0.17622016,0.17313556,0.19767623
buggy,H,word2vec_recipe_40_HOM,0.18953012,0.20901734,0.22756141,0.2501952,0.24494886,0.27843726
tramp,P,word2vec_recipe_40_HOM,0.13425441,0.16447265,0.15464333,0.19894384,0.16354859,0.20827459
serenity,M,word2vec_recipe_40_HOM,0.10547614,0.11590376,0.12577185,0.13443188,0.13582607,0.15432793
royal,P,word2vec_recipe_40_HOM,0.28620693,0.25020036,0.33732468,0.30565074,0.35726115,0.3214479
spill,H,word2vec_recipe_40_HOM,0.35074675,0.39968926,0.42055175,0.38664088,0.44149518,0.3609004
seventh,P,word2vec_recipe_40_HOM,0.3079929,0.36983186,0.4310791,0.43647707,0.46131012,0.43846124
dormant,P,word2vec_recipe_40_HOM,0.15468827,0.18464118,0.1773588,0.20753436,0.18760782,0.21398701
choose,P,word2vec_recipe_40_HOM,0.29218656,0.28372398,0.34763813,0.29272258,0.36389023,0.28805372
vast,P,word2vec_recipe_40_HOM,0.12849545,0.12431536,0.14802091,0.13908345,0.1565471,0.14978987
unlike,P,word2vec_recipe_40_HOM,0.2896964,0.29399654,0.3274662,0.28929248,0.3403487,0.27526596
tense,H,word2vec_recipe_40_HOM,0.10634482,0.11388543,0.12475582,0.14112854,0.13301326,0.15190844
origin,P,word2vec_recipe_40_HOM,0.15643425,0.16548769,0.17763251,0.17436275,0.18836235,0.18473697
coma,H,word2vec_recipe_40_HOM,0.13676608,0.117162675,0.15816465,0.14373343,0.1685927,0.152902
apologize,P,word2vec_recipe_40_HOM,0.1189091,0.111327715,0.14031197,0.13188523,0.15144251,0.14453076
greenhouse,M,word2vec_recipe_40_HOM,0.15751848,0.19870068,0.18239321,0.21186167,0.19227639,0.22308528
sniff,P,word2vec_recipe_40_HOM,0.21361339,0.18037026,0.24352746,0.2117437,0.25684845,0.22101697
reader,P,word2vec_recipe_40_HOM,0.118055895,0.10651758,0.1408726,0.13727698,0.15174049,0.15451783
residue,P,word2vec_recipe_40_HOM,0.3292653,0.34162208,0.41527736,0.41823384,0.44621736,0.43623617
spinal,P,word2vec_recipe_40_HOM,0.15267545,0.17910679,0.20603645,0.27198946,0.2368938,0.30955875
horrid,P,word2vec_recipe_40_HOM,0.10699935,0.10892306,0.12683791,0.13256937,0.13522218,0.14412078
crease,P,word2vec_recipe_40_HOM,0.2542771,0.27850047,0.31531268,0.34397864,0.33897492,0.35813457
botanical,P,word2vec_recipe_40_HOM,0.12511556,0.15124254,0.15076993,0.19240241,0.1611794,0.20482378
wrist,P,word2vec_recipe_40_HOM,0.3293552,0.3529479,0.39287162,0.4018227,0.4139662,0.409092
superstar,M,word2vec_recipe_40_HOM,0.1469657,0.12260355,0.17327219,0.16094244,0.18433414,0.17424852
resolution,P,word2vec_recipe_40_HOM,0.16291468,0.18099329,0.18832324,0.20306258,0.19890808,0.21548133
helmet,M,word2vec_recipe_40_HOM,0.13442597,0.17261524,0.1663253,0.22310635,0.18661007,0.25248614
miracle,P,word2vec_recipe_40_HOM,0.294671,0.3662609,0.39823514,0.42373604,0.43344605,0.43173003
obsession,P,word2vec_recipe_40_HOM,0.15606184,0.16047487,0.17867008,0.18488447,0.18961833,0.19965012
swap,P,word2vec_recipe_40_HOM,0.40696317,0.42444924,0.4756802,0.40937474,0.49643052,0.40501514
tuning,P,word2vec_recipe_40_HOM,0.26579505,0.27781403,0.31300154,0.29828778,0.33257133,0.30914462
injure,P,word2vec_recipe_40_HOM,0.0906948,0.10474485,0.11204281,0.13338274,0.1219495,0.14676741
skeleton,P,word2vec_recipe_40_HOM,0.25896212,0.26689523,0.30956262,0.31755927,0.33471444,0.3402086
lake,M,word2vec_recipe_40_HOM,0.2399356,0.29182112,0.28591976,0.29640532,0.30421942,0.29205534
tank,P,word2vec_recipe_40_HOM,0.22812495,0.26595128,0.2685165,0.29339916,0.28719148,0.31556857
freaky,P,word2vec_recipe_40_HOM,0.18420163,0.18726929,0.21097061,0.21829875,0.22308485,0.22551063
sugar,P,word2vec_recipe_40_HOM,0.3027001,0.36797166,0.39407885,0.3867309,0.42197722,0.3859226
draft,P,word2vec_recipe_40_HOM,0.25932807,0.3004325,0.42372593,0.4454602,0.47708058,0.47623867
connection,P,word2vec_recipe_40_HOM,0.21546249,0.25558898,0.25071606,0.28757975,0.26468545,0.28472334
pretend,P,word2vec_recipe_40_HOM,0.23006137,0.2085884,0.25961322,0.20429063,0.27121514,0.20745501
breach,P,word2vec_recipe_40_HOM,0.20807448,0.18557839,0.23579325,0.20447366,0.2476709,0.21739832
intricate,M,word2vec_recipe_40_HOM,0.17217448,0.19723149,0.2055674,0.23261015,0.2208038,0.24402574
stealth,M,word2vec_recipe_40_HOM,0.11625548,0.1450624,0.1373425,0.17155698,0.14511554,0.18236497
backside,P,word2vec_recipe_40_HOM,0.2795266,0.26406097,0.32827786,0.31466967,0.34942746,0.3294435
rupture,P,word2vec_recipe_40_HOM,0.17087707,0.19372159,0.201197,0.20645003,0.21527493,0.21656555
incomplete,P,word2vec_recipe_40_HOM,0.13625821,0.13769826,0.15683943,0.15039326,0.1661723,0.16333306
drag,P,word2vec_recipe_40_HOM,0.31564435,0.34688056,0.38895255,0.39695328,0.41679108,0.41126987
institute,P,word2vec_recipe_40_HOM,0.12893888,0.1257,0.15885955,0.16046685,0.17267786,0.17577557
exceed,P,word2vec_recipe_40_HOM,0.3275296,0.26370814,0.38499317,0.31510705,0.409609,0.3635644
card,H,word2vec_recipe_40_HOM,0.28321564,0.26516834,0.32977322,0.26946455,0.34800586,0.29501855
artillery,P,word2vec_recipe_40_HOM,0.16124639,0.17312016,0.19724603,0.21075335,0.21372947,0.22055246
ghetto,P,word2vec_recipe_40_HOM,0.18549362,0.16592917,0.21206802,0.18575494,0.2231233,0.19895227
blueprint,P,word2vec_recipe_40_HOM,0.21907961,0.2182019,0.2521335,0.23028955,0.26590663,0.24521661
dirty,P,word2vec_recipe_40_HOM,0.36022514,0.3056941,0.39768234,0.30273765,0.40998313,0.3076426
gang,H,word2vec_recipe_40_HOM,0.19924422,0.18348318,0.22599146,0.21098171,0.23601383,0.21834302
hurl,P,word2vec_recipe_40_HOM,0.18983161,0.198324,0.22149988,0.24201253,0.23260354,0.259629
pathway,M,word2vec_recipe_40_HOM,0.17535439,0.17481758,0.21362504,0.23683481,0.23019943,0.25907952
chop,H,word2vec_recipe_40_HOM,0.2830589,0.3349332,0.3776369,0.38822836,0.4099045,0.40044263
beef,P,word2vec_recipe_40_HOM,0.24266823,0.3411998,0.3507613,0.39509767,0.3878174,0.38178152
maiden,P,word2vec_recipe_40_HOM,0.13167283,0.1356813,0.15555368,0.1694489,0.16579007,0.18312499
wondrous,M,word2vec_recipe_40_HOM,0.13544202,0.14871109,0.15658985,0.17758383,0.16411743,0.18460761
realm,P,word2vec_recipe_40_HOM,0.13838395,0.1335969,0.15559822,0.15400659,0.16434136,0.15989812
ruse,M,word2vec_recipe_40_HOM,0.16649726,0.20616104,0.19384214,0.24309736,0.20661552,0.25640106
misery,P,word2vec_recipe_40_HOM,0.19588533,0.16152953,0.22118618,0.18417327,0.2308879,0.18735403
jealousy,P,word2vec_recipe_40_HOM,0.20321405,0.1898617,0.2379371,0.19813932,0.25183204,0.19892563
darkness,P,word2vec_recipe_40_HOM,0.34885675,0.3660917,0.42039397,0.39259794,0.44250757,0.3908663
helper,M,word2vec_recipe_40_HOM,0.3264382,0.3542036,0.37867808,0.34390035,0.39824113,0.34988126
chum,H,word2vec_recipe_40_HOM,0.24713583,0.19529614,0.27954084,0.22947483,0.29079366,0.2302097
turban,P,word2vec_recipe_40_HOM,0.30049863,0.3210041,0.3479721,0.38053638,0.36500996,0.39214543
implement,P,word2vec_recipe_40_HOM,0.2878428,0.32612282,0.3639052,0.37258822,0.39117962,0.3981002
pointless,P,word2vec_recipe_40_HOM,0.09301919,0.10706925,0.1106468,0.1260075,0.118909575,0.14024168
pony,P,word2vec_recipe_40_HOM,0.24446185,0.26917017,0.2818841,0.32173917,0.29893312,0.33723536
pit,H,word2vec_recipe_40_HOM,0.30934286,0.37214363,0.40662324,0.45058545,0.44227996,0.47982362
farm,P,word2vec_recipe_40_HOM,0.32623485,0.351427,0.3993126,0.33772722,0.41921082,0.3368551
subway,P,word2vec_recipe_40_HOM,0.2038054,0.23885632,0.2352132,0.25237855,0.24866767,0.2560374
honorable,P,word2vec_recipe_40_HOM,0.122141995,0.12653361,0.14434119,0.15425554,0.15503126,0.17261805
doubt,P,word2vec_recipe_40_HOM,0.25415453,0.15809178,0.28397897,0.16942282,0.29607916,0.17648481
occasion,P,word2vec_recipe_40_HOM,0.37444133,0.2574218,0.42463633,0.28917012,0.44094127,0.29233956
mild,P,word2vec_recipe_40_HOM,0.30808118,0.2915089,0.35984695,0.33952403,0.378624,0.35294366
gear,P,word2vec_recipe_40_HOM,0.23955563,0.21725589,0.27534014,0.24821456,0.28967637,0.25268167
dark,P,word2vec_recipe_40_HOM,0.37952846,0.3915251,0.448152,0.4715124,0.47628972,0.48497313
potent,P,word2vec_recipe_40_HOM,0.21617535,0.22409996,0.26535362,0.26504976,0.2852786,0.2796221
trademark,P,word2vec_recipe_40_HOM,0.17525966,0.14795113,0.20946932,0.17211248,0.2263868,0.1950873
oxide,M,word2vec_recipe_40_HOM,0.1956176,0.2937648,0.25103006,0.30966952,0.27007076,0.31267035
pleasure,P,word2vec_recipe_40_HOM,0.21558002,0.22155088,0.24799345,0.21349907,0.26037124,0.22148015
definite,P,word2vec_recipe_40_HOM,0.44087243,0.4574473,0.49834773,0.39457223,0.51624906,0.37744927
snowball,P,word2vec_recipe_40_HOM,0.31586194,0.23402146,0.35583562,0.28882265,0.37133992,0.2821519
movement,P,word2vec_recipe_40_HOM,0.27444237,0.3136518,0.35404626,0.3695193,0.37906402,0.37644732
strengthen,P,word2vec_recipe_40_HOM,0.3798288,0.35833248,0.43069133,0.36345693,0.44911057,0.36889926
sesame,P,word2vec_recipe_40_HOM,0.27012435,0.32832137,0.34480044,0.37792516,0.3775203,0.39959037
summertime,M,word2vec_recipe_40_HOM,0.2662621,0.34533334,0.32931304,0.3717162,0.3496611,0.39378184
attitude,P,word2vec_recipe_40_HOM,0.19775513,0.18003301,0.22575916,0.21385817,0.2365046,0.22780254
homework,M,word2vec_recipe_40_HOM,0.0963297,0.109090835,0.11496496,0.12984496,0.12403331,0.14289035
careless,P,word2vec_recipe_40_HOM,0.09896157,0.115573235,0.115659036,0.13208322,0.12437213,0.14285214
delivery,P,word2vec_recipe_40_HOM,0.17154035,0.14152467,0.19620888,0.16232635,0.20817488,0.17388298
smoke,P,word2vec_recipe_40_HOM,0.37950045,0.3214404,0.44789878,0.4569647,0.47514802,0.4684003
hook,P,word2vec_recipe_40_HOM,0.31277618,0.40414485,0.43338227,0.51426876,0.4798268,0.5378395
tit,H,word2vec_recipe_40_HOM,0.1825494,0.16941972,0.20455052,0.17949767,0.21430513,0.18666367
brochure,M,word2vec_recipe_40_HOM,0.17687127,0.18759488,0.20717439,0.24435261,0.21933585,0.26355216
account,P,word2vec_recipe_40_HOM,0.33947957,0.30937076,0.38552243,0.30281034,0.4018662,0.30146176
prick,P,word2vec_recipe_40_HOM,0.31654188,0.37931016,0.44039524,0.47984233,0.48127928,0.48037925
gather,P,word2vec_recipe_40_HOM,0.37295917,0.45342273,0.4360604,0.4499719,0.46057904,0.450758
cocoon,P,word2vec_recipe_40_HOM,0.22328766,0.2201237,0.26747447,0.26727906,0.28807223,0.28987432
sheep,P,word2vec_recipe_40_HOM,0.36296487,0.3989414,0.4136241,0.41767833,0.43112946,0.40931392
lettuce,P,word2vec_recipe_40_HOM,0.2556645,0.31467167,0.36620465,0.4129638,0.41038367,0.43257812
fool,P,word2vec_recipe_40_HOM,0.33522394,0.3632011,0.3944616,0.40399873,0.41699216,0.40232342
rave,P,word2vec_recipe_40_HOM,0.25239474,0.24151208,0.30082738,0.25213507,0.31530568,0.25168902
stream,P,word2vec_recipe_40_HOM,0.31690568,0.40930787,0.44663125,0.4980144,0.4905213,0.51188445
tricky,P,word2vec_recipe_40_HOM,0.25070336,0.21430404,0.2863961,0.1952604,0.30033526,0.19109274
decisive,P,word2vec_recipe_40_HOM,0.23300454,0.26635543,0.27513808,0.29171962,0.29375577,0.30186102
intake,P,word2vec_recipe_40_HOM,0.2904494,0.27055395,0.34645063,0.29324052,0.36439627,0.3165554
mess,P,word2vec_recipe_40_HOM,0.29184923,0.22213146,0.32981408,0.21872361,0.34394553,0.2268791
describe,P,word2vec_recipe_40_HOM,0.19792126,0.14912206,0.22081824,0.15632506,0.23190403,0.16589345
flock,H,word2vec_recipe_40_HOM,0.16175601,0.15479293,0.18551014,0.16905576,0.19605324,0.17886841
grab,P,word2vec_recipe_40_HOM,0.37136254,0.327328,0.42024463,0.34238645,0.43822402,0.34806797
sucker,P,word2vec_recipe_40_HOM,0.28094622,0.28743565,0.32537022,0.3285745,0.342783,0.33382457
den,P,word2vec_recipe_40_HOM,0.25213885,0.2277078,0.28582776,0.24556391,0.3007409,0.2641645
encore,P,word2vec_recipe_40_HOM,0.13690417,0.15119553,0.15836786,0.15607007,0.16847856,0.16932644
ambition,P,word2vec_recipe_40_HOM,0.15868182,0.18163975,0.1808811,0.1802965,0.1920149,0.18478318
middle,P,word2vec_recipe_40_HOM,0.35523483,0.4156736,0.44993436,0.41895792,0.47710696,0.42585185
feather,P,word2vec_recipe_40_HOM,0.373029,0.34693244,0.42108724,0.35602558,0.43854034,0.35852468
motel,M,word2vec_recipe_40_HOM,0.13670453,0.1439184,0.1574461,0.16980103,0.1675736,0.18345611
drastic,P,word2vec_recipe_40_HOM,0.0961581,0.11001795,0.11446548,0.13837746,0.12349209,0.15357086
nail,P,word2vec_recipe_40_HOM,0.2774507,0.30699262,0.322614,0.31259045,0.34175622,0.32406944
knit,P,word2vec_recipe_40_HOM,0.1817023,0.19383061,0.21327075,0.23366235,0.22784775,0.25477928
confession,P,word2vec_recipe_40_HOM,0.13201098,0.10296601,0.15839392,0.13300502,0.17043442,0.14869012
vicious,P,word2vec_recipe_40_HOM,0.21170494,0.17706156,0.23754717,0.20298399,0.24707904,0.21102779
nest,P,word2vec_recipe_40_HOM,0.37592044,0.43608943,0.45252368,0.46133506,0.47810256,0.4682124
dreamy,P,word2vec_recipe_40_HOM,0.29329717,0.26384476,0.33391815,0.29604653,0.35040894,0.30635643
hut,P,word2vec_recipe_40_HOM,0.24605522,0.2723186,0.3019676,0.30199617,0.32156605,0.29548994
rhythm,P,word2vec_recipe_40_HOM,0.2191107,0.20191021,0.2510986,0.2141043,0.26335898,0.22027478
instruct,P,word2vec_recipe_40_HOM,0.29911995,0.23496637,0.33724093,0.25297213,0.35111085,0.26543564
perform,P,word2vec_recipe_40_HOM,0.30549407,0.2606148,0.3546482,0.27554736,0.3732552,0.27828133
upstate,P,word2vec_recipe_40_HOM,0.14363247,0.1524864,0.16670065,0.17994206,0.17654267,0.19198552
kit,P,word2vec_recipe_40_HOM,0.3590449,0.37388465,0.4146725,0.35688138,0.43258035,0.35839498
producer,P,word2vec_recipe_40_HOM,0.1016037,0.120170005,0.124344975,0.15270795,0.13619223,0.17323177
monster,P,word2vec_recipe_40_HOM,0.28343558,0.25292236,0.32820964,0.30644706,0.34569377,0.31966323
goofy,M,word2vec_recipe_40_HOM,0.15450278,0.14171347,0.18532911,0.18101597,0.19773093,0.18807285
perk,H,word2vec_recipe_40_HOM,0.35234353,0.3649277,0.47156814,0.48966485,0.50710845,0.49434766
shaft,P,word2vec_recipe_40_HOM,0.2683275,0.3258591,0.3297541,0.37746295,0.3544091,0.3897584
suck,P,word2vec_recipe_40_HOM,0.28370187,0.26006076,0.3310759,0.2799319,0.34722108,0.2803259
primal,P,word2vec_recipe_40_HOM,0.23310995,0.22538008,0.26311183,0.22751218,0.27615246,0.23468442
invasion,P,word2vec_recipe_40_HOM,0.13447988,0.15697491,0.15472747,0.18748301,0.1641387,0.20049502
visa,P,word2vec_recipe_40_HOM,0.20800373,0.1275069,0.23338258,0.16087662,0.24346703,0.16520731
differ,P,word2vec_recipe_40_HOM,0.24657135,0.29677418,0.31756172,0.31752542,0.34402508,0.31886104
margin,P,word2vec_recipe_40_HOM,0.32861346,0.3270482,0.41452125,0.32161978,0.4391838,0.32680678
explosion,P,word2vec_recipe_40_HOM,0.34187692,0.3598162,0.39129233,0.34785077,0.40772477,0.35318542
disregard,P,word2vec_recipe_40_HOM,0.35473856,0.25996304,0.391714,0.23264019,0.4045978,0.2514285
rear,H,word2vec_recipe_40_HOM,0.24973461,0.22618517,0.30139068,0.3305989,0.32897252,0.36387035
counter,H,word2vec_recipe_40_HOM,0.30282003,0.31541455,0.3865878,0.38019648,0.41914436,0.39787596
redneck,P,word2vec_recipe_40_HOM,0.19100472,0.17388247,0.21875311,0.19716202,0.22948667,0.20334734
familiar,P,word2vec_recipe_40_HOM,0.24573617,0.23814541,0.28108463,0.22288689,0.294901,0.22927968
outfit,P,word2vec_recipe_40_HOM,0.2812217,0.30140698,0.3368021,0.38176337,0.36018988,0.4008506
hunt,P,word2vec_recipe_40_HOM,0.17223994,0.14761269,0.19894102,0.17581987,0.21008037,0.18634145
video,P,word2vec_recipe_40_HOM,0.22270146,0.2634039,0.2934637,0.27285436,0.32050708,0.26692167
trash,P,word2vec_recipe_40_HOM,0.35327795,0.38585785,0.4275594,0.43275663,0.45198932,0.43889824
meter,H,word2vec_recipe_40_HOM,0.26491445,0.29475677,0.30160108,0.3375666,0.31582576,0.35007778
chopper,P,word2vec_recipe_40_HOM,0.3182957,0.34886438,0.4127613,0.41584474,0.4541558,0.450224
orchard,P,word2vec_recipe_40_HOM,0.24506417,0.2598267,0.27675462,0.26593018,0.2911649,0.27259615
scatter,P,word2vec_recipe_40_HOM,0.32400796,0.4435708,0.4190611,0.44923988,0.44710168,0.43233433
winner,M,word2vec_recipe_40_HOM,0.25124452,0.23659901,0.2873423,0.24823144,0.30185124,0.25231385
mush,H,word2vec_recipe_40_HOM,0.37920538,0.39549074,0.4286188,0.3738677,0.445737,0.35331082
utility,P,word2vec_recipe_40_HOM,0.41036206,0.39674553,0.47743902,0.4702622,0.503134,0.49379912
action,P,word2vec_recipe_40_HOM,0.35200357,0.40107405,0.41176882,0.42806518,0.4343574,0.42081505
rut,H,word2vec_recipe_40_HOM,0.14743325,0.12113704,0.17019354,0.1493492,0.17989689,0.15549365
melody,P,word2vec_recipe_40_HOM,0.2039828,0.20270023,0.22848055,0.22082232,0.23802643,0.22652291
television,P,word2vec_recipe_40_HOM,0.15707581,0.14926392,0.18213917,0.16871841,0.19478542,0.17913584
borrow,P,word2vec_recipe_40_HOM,0.12909403,0.10443617,0.15110007,0.13664594,0.16072437,0.15093733
danger,P,word2vec_recipe_40_HOM,0.29156265,0.2656518,0.3358117,0.27423656,0.35391456,0.2786543
script,P,word2vec_recipe_40_HOM,0.1473126,0.1293942,0.16989079,0.15457527,0.17940392,0.16562134
curb,P,word2vec_recipe_40_HOM,0.11123066,0.12425436,0.13156964,0.14220287,0.14081776,0.14910312
tile,P,word2vec_recipe_40_HOM,0.3103302,0.36048606,0.37300733,0.38756657,0.39464545,0.39419723
strategic,P,word2vec_recipe_40_HOM,0.22219205,0.2185316,0.2511322,0.23713174,0.2628242,0.25414473
normal,P,word2vec_recipe_40_HOM,0.28192943,0.2994385,0.32111907,0.253826,0.33585304,0.2420797
diabetes,M,word2vec_recipe_40_HOM,0.15942606,0.14739265,0.18494597,0.16965866,0.19638216,0.18006955
partial,P,word2vec_recipe_40_HOM,0.30685538,0.21021153,0.334869,0.19904418,0.3451628,0.2050679
mitt,P,word2vec_recipe_40_HOM,0.34376436,0.40321618,0.4346031,0.43089595,0.46431,0.44383222
fence,P,word2vec_recipe_40_HOM,0.16089049,0.17154178,0.20097949,0.2210103,0.22461262,0.25266647
fork,P,word2vec_recipe_40_HOM,0.3684315,0.43609717,0.4692204,0.51801723,0.51646775,0.5368343
lick,P,word2vec_recipe_40_HOM,0.3379304,0.25948325,0.37791556,0.2644082,0.39244998,0.2704178
overcome,P,word2vec_recipe_40_HOM,0.115296006,0.11573176,0.13664392,0.14606649,0.14608596,0.15711012
steer,H,word2vec_recipe_40_HOM,0.3204375,0.2530825,0.35262257,0.25429967,0.36513984,0.2579886
hallway,P,word2vec_recipe_40_HOM,0.1641512,0.20703083,0.19139796,0.23480447,0.20247696,0.250506
cheat,P,word2vec_recipe_40_HOM,0.30422702,0.22147158,0.34422168,0.23895799,0.3582269,0.24521655
single,P,word2vec_recipe_40_HOM,0.38874763,0.46459794,0.481663,0.48212013,0.5116766,0.48785606
shirt,M,word2vec_recipe_40_HOM,0.17971657,0.18216996,0.22167459,0.23203753,0.24236163,0.26408884
flight,H,word2vec_recipe_40_HOM,0.15062885,0.16481563,0.17632157,0.20225117,0.18710954,0.20824485
mixer,P,word2vec_recipe_40_HOM,0.25004005,0.33504295,0.38446122,0.40905073,0.4400347,0.44178912
thankful,M,word2vec_recipe_40_HOM,0.12912773,0.11335659,0.14889906,0.13102968,0.1584528,0.14592037
muscle,P,word2vec_recipe_40_HOM,0.2827155,0.28340808,0.35078856,0.33790636,0.3823407,0.36447677
behave,P,word2vec_recipe_40_HOM,0.14347294,0.12783076,0.16873844,0.15151255,0.18032333,0.16297787
suitcase,M,word2vec_recipe_40_HOM,0.12760422,0.11987047,0.15062211,0.15520488,0.1603465,0.164155
price,P,word2vec_recipe_40_HOM,0.2514416,0.2231837,0.28399312,0.24295974,0.29915574,0.2462282
glamorous,M,word2vec_recipe_40_HOM,0.13536103,0.13421105,0.15546416,0.146964,0.1641804,0.15526031
bowel,P,word2vec_recipe_40_HOM,0.3775181,0.42517814,0.46645597,0.45599326,0.4944428,0.46735957
advance,P,word2vec_recipe_40_HOM,0.31047577,0.3816654,0.43035224,0.45969415,0.4738161,0.45608184
curl,P,word2vec_recipe_40_HOM,0.4271407,0.46388188,0.48399964,0.44095904,0.5053183,0.43382818
delete,M,word2vec_recipe_40_HOM,0.27960226,0.33399162,0.3357361,0.3869437,0.35847586,0.38271752
cannibal,P,word2vec_recipe_40_HOM,0.10790254,0.1273956,0.12925135,0.16443855,0.13845222,0.17470337
rendezvous,P,word2vec_recipe_40_HOM,0.1559194,0.18118185,0.18172088,0.20050938,0.19327502,0.2064295
snow,P,word2vec_recipe_40_HOM,0.31529966,0.33109763,0.4142396,0.4362546,0.44945222,0.44573697
issue,P,word2vec_recipe_40_HOM,0.2437386,0.22814354,0.28762957,0.22485645,0.30319247,0.22945145
gorgeous,M,word2vec_recipe_40_HOM,0.26000172,0.32031944,0.32551372,0.3567064,0.35074914,0.36713964
lump,P,word2vec_recipe_40_HOM,0.4692688,0.4790927,0.5228904,0.44504365,0.5403555,0.43328243
faith,P,word2vec_recipe_40_HOM,0.2821576,0.27171126,0.43176284,0.34908697,0.4754692,0.36476788
doubtful,P,word2vec_recipe_40_HOM,0.09431203,0.098603226,0.113860615,0.123850465,0.12356331,0.1370791
salute,P,word2vec_recipe_40_HOM,0.30518275,0.25969228,0.3471583,0.31085768,0.36585018,0.34184015
sulfur,P,word2vec_recipe_40_HOM,0.16591576,0.16265842,0.19809784,0.19811414,0.21044922,0.20693833
deed,P,word2vec_recipe_40_HOM,0.11093877,0.1054402,0.13063371,0.12563616,0.13963282,0.13847168
heat,P,word2vec_recipe_40_HOM,0.33521762,0.31133977,0.39129028,0.34194854,0.4159951,0.35911417
unbearable,M,word2vec_recipe_40_HOM,0.12532477,0.13245888,0.14391518,0.14682393,0.15266258,0.15577653
ambitious,P,word2vec_recipe_40_HOM,0.18217817,0.16570644,0.21763358,0.17534032,0.22977425,0.17618601
noble,P,word2vec_recipe_40_HOM,0.15109608,0.16042258,0.17534252,0.18091834,0.18680628,0.19307525
crystal,P,word2vec_recipe_40_HOM,0.3821811,0.3698912,0.4404396,0.38956854,0.46070305,0.40597647
underwater,P,word2vec_recipe_40_HOM,0.37108847,0.4157099,0.43003425,0.41630626,0.45259607,0.40834478
spaghetti,P,word2vec_recipe_40_HOM,0.2207857,0.27837327,0.31570035,0.36693183,0.35406604,0.38840652
pocket,P,word2vec_recipe_40_HOM,0.37298602,0.42887756,0.43339905,0.42933336,0.45442176,0.43812114
mental,P,word2vec_recipe_40_HOM,0.19974542,0.15083236,0.22615454,0.17472479,0.23720072,0.18540336
clipper,P,word2vec_recipe_40_HOM,0.14817274,0.14936653,0.17197403,0.16905437,0.18200792,0.17866756
jar,H,word2vec_recipe_40_HOM,0.263963,0.3381653,0.35602105,0.39546385,0.4010429,0.4377973
minimal,M,word2vec_recipe_40_HOM,0.3504904,0.3030567,0.39515713,0.28021914,0.41176888,0.28236645
coin,P,word2vec_recipe_40_HOM,0.32649347,0.30073333,0.38379207,0.33538443,0.40519914,0.3537986
rejoice,P,word2vec_recipe_40_HOM,0.1431059,0.13016978,0.16774035,0.14779508,0.17888854,0.15919511
giraffe,M,word2vec_recipe_40_HOM,0.18075298,0.19693881,0.20813508,0.21387254,0.21944042,0.2264866
informal,P,word2vec_recipe_40_HOM,0.20841554,0.22718838,0.24640085,0.24960095,0.26168656,0.24658948
inner,P,word2vec_recipe_40_HOM,0.30447108,0.28507674,0.37018195,0.34230357,0.3956646,0.36259338
attendance,P,word2vec_recipe_40_HOM,0.11428151,0.10947071,0.13078888,0.13735291,0.13840477,0.14457281
utter,H,word2vec_recipe_40_HOM,0.29948458,0.27051762,0.33695737,0.3175509,0.35139644,0.31628394
mankind,P,word2vec_recipe_40_HOM,0.101751484,0.1121619,0.121335365,0.13295978,0.12997782,0.14522186
blob,P,word2vec_recipe_40_HOM,0.31410664,0.3933238,0.41580665,0.48733163,0.44605124,0.49722794
discard,P,word2vec_recipe_40_HOM,0.33578077,0.34719986,0.415018,0.42074728,0.44387767,0.4358879
beetle,H,word2vec_recipe_40_HOM,0.20074125,0.20875964,0.24125196,0.2579307,0.25901014,0.2816673
pimple,M,word2vec_recipe_40_HOM,0.17581691,0.15588093,0.19947425,0.18422832,0.21004242,0.19490246
effort,P,word2vec_recipe_40_HOM,0.26551446,0.24508952,0.3071649,0.23063491,0.321211,0.21711865
fish,P,word2vec_recipe_40_HOM,0.20514758,0.23420945,0.32266062,0.38051403,0.37971976,0.42274064
dust,P,word2vec_recipe_40_HOM,0.38113457,0.4109791,0.46317226,0.44163004,0.4887761,0.43901098
shortcut,P,word2vec_recipe_40_HOM,0.317361,0.34187466,0.36264116,0.361147,0.3797096,0.356613
lift,P,word2vec_recipe_40_HOM,0.32552633,0.40334365,0.39727837,0.39936486,0.42294228,0.4002273
pig,P,word2vec_recipe_40_HOM,0.3066152,0.3745867,0.3637607,0.40650383,0.3869016,0.41960883
molasses,M,word2vec_recipe_40_HOM,0.34985775,0.41776207,0.42518955,0.45299855,0.4495617,0.4542898
belt,P,word2vec_recipe_40_HOM,0.1901636,0.19352514,0.2314612,0.23653547,0.25403842,0.2706698
uniform,P,word2vec_recipe_40_HOM,0.34037784,0.37600806,0.40923354,0.43272394,0.43737492,0.45647383
homestead,P,word2vec_recipe_40_HOM,0.116694726,0.12770742,0.13545263,0.15305403,0.14525537,0.16313931
apparent,P,word2vec_recipe_40_HOM,0.28119904,0.27970782,0.3290479,0.31419796,0.34649852,0.32010987
arrest,P,word2vec_recipe_40_HOM,0.27591407,0.3643231,0.3399698,0.40588063,0.3676519,0.41334942
solo,P,word2vec_recipe_40_HOM,0.37731758,0.30727342,0.42003232,0.34364974,0.43500268,0.34373426
adore,P,word2vec_recipe_40_HOM,0.108757734,0.10825695,0.12804773,0.13001585,0.13810323,0.14268814
floss,P,word2vec_recipe_40_HOM,0.3408392,0.3148335,0.403906,0.34423822,0.42656308,0.36866716
lawn,H,word2vec_recipe_40_HOM,0.19172268,0.21381257,0.23098157,0.2546634,0.24927941,0.26792532
commodity,P,word2vec_recipe_40_HOM,0.112738274,0.110132545,0.13056928,0.13666368,0.13910303,0.14596264
righteous,P,word2vec_recipe_40_HOM,0.1604095,0.17064281,0.18277055,0.20671842,0.19257607,0.21788135
wagon,P,word2vec_recipe_40_HOM,0.33441582,0.33692214,0.38502595,0.2962291,0.40217555,0.29748142
allowance,P,word2vec_recipe_40_HOM,0.19937521,0.17887571,0.23263259,0.1831248,0.24704975,0.20705155
decorate,P,word2vec_recipe_40_HOM,0.26920506,0.3099683,0.3498265,0.35844728,0.38152203,0.373439
smack,H,word2vec_recipe_40_HOM,0.29374593,0.37164468,0.370824,0.42985317,0.40023923,0.4341959
chapel,P,word2vec_recipe_40_HOM,0.11837454,0.12414275,0.13902949,0.1483611,0.15005066,0.16607116
marvel,P,word2vec_recipe_40_HOM,0.26139012,0.23456068,0.29542065,0.24842824,0.3082549,0.24452417
furry,P,word2vec_recipe_40_HOM,0.2196182,0.24937248,0.3217557,0.3380021,0.35783908,0.36450458
stag,P,word2vec_recipe_40_HOM,0.11289034,0.1280514,0.13641764,0.15986001,0.1459337,0.1721989
assemble,P,word2vec_recipe_40_HOM,0.41979116,0.46743253,0.51516443,0.44957623,0.53749055,0.4419382
box,H,word2vec_recipe_40_HOM,0.29404494,0.31036076,0.4054383,0.43086544,0.45150834,0.45448208
orbit,P,word2vec_recipe_40_HOM,0.11034646,0.13878341,0.13946034,0.17098144,0.15513965,0.185366
laundry,P,word2vec_recipe_40_HOM,0.24890521,0.27159145,0.2993195,0.2993012,0.32083428,0.30195463
commit,P,word2vec_recipe_40_HOM,0.10287537,0.10685529,0.123368256,0.13672274,0.1321051,0.15164348
net,H,word2vec_recipe_40_HOM,0.2963501,0.20026778,0.33696452,0.16929157,0.34874275,0.14324106
hike,P,word2vec_recipe_40_HOM,0.23362789,0.2144154,0.2653583,0.22874172,0.2777504,0.2325955
slipper,M,word2vec_recipe_40_HOM,0.24710684,0.2666477,0.28444967,0.29236984,0.300723,0.30340412
civil,P,word2vec_recipe_40_HOM,0.15112412,0.13390112,0.1776985,0.16844544,0.19102962,0.1821867
author,P,word2vec_recipe_40_HOM,0.19219656,0.20812906,0.2243394,0.21993874,0.24022804,0.23048286
meaningful,M,word2vec_recipe_40_HOM,0.19913186,0.21923874,0.23619902,0.23798071,0.25003618,0.24260764
importance,P,word2vec_recipe_40_HOM,0.14344986,0.12495229,0.16355562,0.13986053,0.17417097,0.15429176
venture,P,word2vec_recipe_40_HOM,0.10820124,0.096213244,0.12929934,0.12500104,0.13884673,0.14001885
shovel,P,word2vec_recipe_40_HOM,0.3568116,0.37483323,0.42470536,0.38822088,0.44687027,0.39715266
finish,P,word2vec_recipe_40_HOM,0.39358371,0.39580533,0.444493,0.36196044,0.46092772,0.3594023
discomfort,P,word2vec_recipe_40_HOM,0.18137762,0.18017156,0.2115125,0.20139213,0.22511005,0.2104216
tire,H,word2vec_recipe_40_HOM,0.20249994,0.22437668,0.23321985,0.25109664,0.24849373,0.26711524
garden,P,word2vec_recipe_40_HOM,0.2961809,0.33858636,0.34763786,0.3403394,0.36515948,0.35090557
rearrange,P,word2vec_recipe_40_HOM,0.418087,0.428573,0.4904253,0.4447283,0.5115727,0.42930758
deluxe,P,word2vec_recipe_40_HOM,0.20280513,0.17114908,0.238919,0.18211816,0.25575534,0.19453833
patron,P,word2vec_recipe_40_HOM,0.1327212,0.14553204,0.1660015,0.19362146,0.18707001,0.22642073
goody,P,word2vec_recipe_40_HOM,0.17903289,0.18279329,0.21042074,0.19195981,0.22497791,0.19921838
previous,P,word2vec_recipe_40_HOM,0.38915688,0.4093776,0.44239295,0.39952904,0.46179023,0.3995848
outlet,P,word2vec_recipe_40_HOM,0.176377,0.20478214,0.20554131,0.23339683,0.2193147,0.2479622
comparison,P,word2vec_recipe_40_HOM,0.15086621,0.13376357,0.17538126,0.15619674,0.1853191,0.16975392
electric,P,word2vec_recipe_40_HOM,0.28758752,0.3027802,0.40974805,0.4028356,0.46413398,0.44849673
bathroom,P,word2vec_recipe_40_HOM,0.23934428,0.2618543,0.28217596,0.2920237,0.300162,0.31023368
sheer,H,word2vec_recipe_40_HOM,0.2294795,0.16262382,0.25857478,0.19421896,0.27007353,0.20367417
insist,P,word2vec_recipe_40_HOM,0.28313133,0.22569835,0.32575944,0.21464638,0.33958188,0.21980937
cheesecake,P,word2vec_recipe_40_HOM,0.14741716,0.16833515,0.17221962,0.19101124,0.18340404,0.20015252
unprepared,P,word2vec_recipe_40_HOM,0.2948894,0.20187767,0.38416192,0.342633,0.42403075,0.3806068
ignite,P,word2vec_recipe_40_HOM,0.28212374,0.33015773,0.42471492,0.4903676,0.46944547,0.5226053
spotlight,P,word2vec_recipe_40_HOM,0.15864813,0.17757802,0.18644702,0.20083837,0.1968076,0.21596797
stage,P,word2vec_recipe_40_HOM,0.26111946,0.18798997,0.36459887,0.34967223,0.43836918,0.4479839
multiple,P,word2vec_recipe_40_HOM,0.356194,0.33296943,0.4027711,0.32973328,0.41838455,0.33129248
protector,P,word2vec_recipe_40_HOM,0.38522512,0.39787656,0.4425804,0.46437985,0.46559754,0.47795975
creep,P,word2vec_recipe_40_HOM,0.22645645,0.19969143,0.2570002,0.21308233,0.26945806,0.22182792
sharpen,M,word2vec_recipe_40_HOM,0.35172766,0.3401478,0.4063958,0.3978364,0.4271969,0.40111202
nonsense,P,word2vec_recipe_40_HOM,0.15483841,0.13424297,0.17485401,0.15012315,0.18422176,0.1645359
absolute,P,word2vec_recipe_40_HOM,0.29227692,0.28034592,0.32718846,0.28180215,0.3416456,0.27601278
nasty,P,word2vec_recipe_40_HOM,0.24020807,0.2423006,0.28597713,0.27087188,0.30462316,0.27586493
mermaid,M,word2vec_recipe_40_HOM,0.20249434,0.24382864,0.2418463,0.28100526,0.25937805,0.2945649
flash,P,word2vec_recipe_40_HOM,0.45790428,0.4766002,0.5041469,0.46092817,0.51916975,0.44556078
piggyback,P,word2vec_recipe_40_HOM,0.14984986,0.17408505,0.1747431,0.20972513,0.18495765,0.22333227
blind,P,word2vec_recipe_40_HOM,0.3891708,0.4714464,0.49031678,0.5224334,0.5193715,0.5074562
billion,P,word2vec_recipe_40_HOM,0.21500626,0.17960939,0.2386012,0.17857134,0.24884231,0.18848254
stock,P,word2vec_recipe_40_HOM,0.26444346,0.31716582,0.36302856,0.3896594,0.3921257,0.41063052
messy,P,word2vec_recipe_40_HOM,0.25690714,0.26539424,0.29423627,0.23228844,0.30900863,0.23809004
doorway,M,word2vec_recipe_40_HOM,0.13115668,0.15487249,0.16641998,0.20988789,0.18677105,0.24251628
farmers,M,word2vec_recipe_40_HOM,0.31941882,0.31940472,0.37362823,0.32839042,0.39080647,0.33225128
suit,P,word2vec_recipe_40_HOM,0.26334912,0.30244333,0.3505673,0.36383617,0.38564816,0.3793189
seaweed,P,word2vec_recipe_40_HOM,0.2382247,0.32170686,0.31297323,0.3631928,0.34723985,0.37800828
heartbreak,M,word2vec_recipe_40_HOM,0.12655522,0.15867001,0.15570377,0.19907646,0.16718492,0.21221143
fountain,P,word2vec_recipe_40_HOM,0.2830187,0.30117092,0.3240656,0.32958078,0.34404728,0.34718585
planet,P,word2vec_recipe_40_HOM,0.1973645,0.1713587,0.22626722,0.18836237,0.23743539,0.2046944
vacation,P,word2vec_recipe_40_HOM,0.14369465,0.1423046,0.17102169,0.1745478,0.18183906,0.18993524
necessary,P,word2vec_recipe_40_HOM,0.2897434,0.24574527,0.4008348,0.31155404,0.43535155,0.3456791
ninth,P,word2vec_recipe_40_HOM,0.21620667,0.2728665,0.29608634,0.28790772,0.3190666,0.2921322
blame,P,word2vec_recipe_40_HOM,0.11616043,0.111829735,0.14115363,0.13609412,0.15207207,0.15019533
doorknob,M,word2vec_recipe_40_HOM,0.12972811,0.15940614,0.16929948,0.2164413,0.19193906,0.25302783
mutt,M,word2vec_recipe_40_HOM,0.10699062,0.1247625,0.12963474,0.15655924,0.14021307,0.17026268
height,P,word2vec_recipe_40_HOM,0.34687427,0.36002403,0.40330857,0.3530323,0.42294762,0.36086172
sensual,P,word2vec_recipe_40_HOM,0.14654729,0.1525755,0.16958883,0.17559163,0.17887096,0.17689018
contestant,P,word2vec_recipe_40_HOM,0.3098026,0.2869509,0.36473495,0.27992713,0.38498893,0.29890567
jig,H,word2vec_recipe_40_HOM,0.14866348,0.18659797,0.17995867,0.23756607,0.19311306,0.25036183
screwball,P,word2vec_recipe_40_HOM,0.0873358,0.11514113,0.11947844,0.15101129,0.13585049,0.17176953
cartoon,P,word2vec_recipe_40_HOM,0.20842275,0.20794743,0.23915122,0.23436616,0.25206652,0.24639024
tunnel,P,word2vec_recipe_40_HOM,0.3564576,0.36929074,0.4141466,0.40291458,0.43269134,0.40775463
vessel,P,word2vec_recipe_40_HOM,0.38212928,0.42692792,0.439081,0.48577094,0.4613447,0.48732504
weapon,P,word2vec_recipe_40_HOM,0.22026816,0.16079195,0.24816199,0.1813612,0.25982696,0.19693378
peroxide,P,word2vec_recipe_40_HOM,0.2164396,0.2409462,0.28886166,0.3067558,0.31770858,0.33267736
contact,P,word2vec_recipe_40_HOM,0.42587596,0.41007987,0.47784588,0.4413829,0.5012607,0.45002773
neutralize,P,word2vec_recipe_40_HOM,0.21054952,0.22342418,0.25232476,0.24461819,0.27286845,0.26248485
stubborn,P,word2vec_recipe_40_HOM,0.27396172,0.29303578,0.32536972,0.31321532,0.34476253,0.32464454
ruler,P,word2vec_recipe_40_HOM,0.26966777,0.29054737,0.33367652,0.32963014,0.357849,0.33586398
maximum,P,word2vec_recipe_40_HOM,0.37581944,0.401486,0.4316965,0.38477877,0.45116723,0.389174
signal,P,word2vec_recipe_40_HOM,0.33780417,0.3408536,0.45912126,0.4249353,0.5010141,0.46131054
ramp,P,word2vec_recipe_40_HOM,0.34181172,0.39714545,0.4111022,0.44997108,0.43868104,0.44466123
wrapped,P,word2vec_recipe_40_HOM,0.37719956,0.48596844,0.4667412,0.521878,0.49834213,0.52795655
custard,M,word2vec_recipe_40_HOM,0.33942074,0.46258605,0.41405305,0.48579738,0.44222337,0.49045214
component,P,word2vec_recipe_40_HOM,0.29799008,0.21969916,0.3348675,0.24496812,0.34845787,0.24861455
suspension,P,word2vec_recipe_40_HOM,0.22645903,0.21996483,0.2608634,0.25398788,0.27700153,0.27126086
code,P,word2vec_recipe_40_HOM,0.19663894,0.14986323,0.22654791,0.16869473,0.23891503,0.1858986
loosen,P,word2vec_recipe_40_HOM,0.3613645,0.4009602,0.45971623,0.43707335,0.49251422,0.45515108
generous,P,word2vec_recipe_40_HOM,0.34975344,0.43617737,0.43975043,0.46878707,0.46800223,0.48281747
ham,H,word2vec_recipe_40_HOM,0.33259776,0.43395194,0.38993394,0.42992872,0.41699955,0.42963222
exist,P,word2vec_recipe_40_HOM,0.22362208,0.20249155,0.25581235,0.20301193,0.2690683,0.21533938
shout,P,word2vec_recipe_40_HOM,0.17759298,0.15308088,0.20115745,0.17068072,0.2114676,0.18318363
bold,P,word2vec_recipe_40_HOM,0.22819301,0.20639616,0.2732602,0.24734575,0.29491845,0.28052488
torture,P,word2vec_recipe_40_HOM,0.12892333,0.11346835,0.15098745,0.12684196,0.1615743,0.14163482
wrecking,P,word2vec_recipe_40_HOM,0.10336639,0.11178914,0.12187327,0.14214255,0.13060184,0.15485288
shampoo,P,word2vec_recipe_40_HOM,0.2559858,0.2588426,0.33686772,0.32885918,0.37305582,0.35887823
mare,H,word2vec_recipe_40_HOM,0.117560506,0.11773202,0.15639058,0.16723706,0.1799305,0.19612493
bundle,P,word2vec_recipe_40_HOM,0.30632347,0.40378484,0.39782554,0.4426008,0.4298371,0.45326513
snag,P,word2vec_recipe_40_HOM,0.13299575,0.13481909,0.15526552,0.15741129,0.16597143,0.17376341
method,P,word2vec_recipe_40_HOM,0.28683823,0.29505643,0.3484988,0.3283312,0.37174216,0.34425306
blazer,M,word2vec_recipe_40_HOM,0.28470552,0.2532467,0.331081,0.27885363,0.34766006,0.28502065
approach,P,word2vec_recipe_40_HOM,0.226982,0.16272858,0.25634006,0.17980716,0.26791364,0.18641244
anchor,P,word2vec_recipe_40_HOM,0.307687,0.30796117,0.35294086,0.30740428,0.37063834,0.3248021
rattle,P,word2vec_recipe_40_HOM,0.2158786,0.22466359,0.25491902,0.25222194,0.2712684,0.2718278
espresso,M,word2vec_recipe_40_HOM,0.2595496,0.31903768,0.3556743,0.40265015,0.394495,0.4301455
quit,P,word2vec_recipe_40_HOM,0.24405591,0.20586757,0.28327945,0.21293999,0.29793143,0.22057788
slate,P,word2vec_recipe_40_HOM,0.29843244,0.3097521,0.34204385,0.34311122,0.35878205,0.35762772
repair,H,word2vec_recipe_40_HOM,0.25313175,0.24652712,0.31548274,0.30798712,0.33581674,0.32850888
create,P,word2vec_recipe_40_HOM,0.3589608,0.45991668,0.43117604,0.41836601,0.45664346,0.3905971
foil,H,word2vec_recipe_40_HOM,0.23284855,0.27686435,0.35101685,0.35847744,0.3958537,0.3795098
physician,P,word2vec_recipe_40_HOM,0.110690854,0.12433491,0.1377754,0.1511712,0.14957972,0.16276121
leaky,P,word2vec_recipe_40_HOM,0.14445993,0.14834747,0.16836445,0.17030507,0.17973183,0.17980304
rough,P,word2vec_recipe_40_HOM,0.3463946,0.3782504,0.41249427,0.44679287,0.43852052,0.4770797
month,P,word2vec_recipe_40_HOM,0.27441102,0.334924,0.40346622,0.41546142,0.44501033,0.4211822
indicate,P,word2vec_recipe_40_HOM,0.27105087,0.29019216,0.32836545,0.3082412,0.34712115,0.30769533
dispatch,P,word2vec_recipe_40_HOM,0.2287163,0.25654995,0.259347,0.26328614,0.2700938,0.2638232
jazz,M,word2vec_recipe_40_HOM,0.30063146,0.30583498,0.34988746,0.268862,0.36633435,0.2777251
incorrect,P,word2vec_recipe_40_HOM,0.14078452,0.14523889,0.15908949,0.16700476,0.16708305,0.1732623
watermelon,P,word2vec_recipe_40_HOM,0.2570197,0.30126137,0.33757102,0.32992607,0.37120244,0.35824466
ritual,P,word2vec_recipe_40_HOM,0.13034287,0.114116,0.1520605,0.14823702,0.16217631,0.15937041
interior,P,word2vec_recipe_40_HOM,0.36386806,0.45238674,0.45887882,0.45290083,0.4856202,0.44801435
porch,P,word2vec_recipe_40_HOM,0.27155766,0.2876156,0.3246756,0.3210121,0.34618646,0.33710054
unload,P,word2vec_recipe_40_HOM,0.14911196,0.18235807,0.17038082,0.2131234,0.18044929,0.22659737
radius,P,word2vec_recipe_40_HOM,0.18079142,0.20412569,0.2161489,0.23188193,0.23373748,0.2548018
camp,H,word2vec_recipe_40_HOM,0.32632223,0.33568856,0.3779046,0.32943532,0.39453992,0.3102629
college,P,word2vec_recipe_40_HOM,0.19382086,0.18545711,0.22909659,0.21875381,0.2413995,0.23903692
stalk,H,word2vec_recipe_40_HOM,0.26031253,0.3215502,0.3468868,0.38543028,0.38172454,0.4073685
accord,P,word2vec_recipe_40_HOM,0.32115644,0.33046386,0.37810826,0.35092857,0.3985182,0.33959466
unreal,P,word2vec_recipe_40_HOM,0.12746616,0.1438061,0.14539911,0.16596264,0.15265217,0.17930573
spider,M,word2vec_recipe_40_HOM,0.3814973,0.42419106,0.44197056,0.38010722,0.46499875,0.38938835
sweetheart,P,word2vec_recipe_40_HOM,0.1963354,0.21018684,0.23522316,0.24497156,0.25127462,0.24835047
torso,P,word2vec_recipe_40_HOM,0.15969697,0.18002068,0.20901775,0.24388248,0.23359485,0.2794552
animal,P,word2vec_recipe_40_HOM,0.320679,0.31130877,0.3727409,0.34124428,0.3924913,0.34516278
climb,P,word2vec_recipe_40_HOM,0.34072196,0.41658106,0.40768614,0.4152065,0.43160897,0.429404
detergent,P,word2vec_recipe_40_HOM,0.22397903,0.25472233,0.30529296,0.33609444,0.33851218,0.34863868
slope,P,word2vec_recipe_40_HOM,0.2701802,0.2612596,0.30788353,0.30742505,0.32381544,0.32580155
test,H,word2vec_recipe_40_HOM,0.37567928,0.45450294,0.4649807,0.4667145,0.49302888,0.44072247
dedicate,P,word2vec_recipe_40_HOM,0.14764266,0.10847557,0.17319748,0.14198472,0.18362571,0.15285134
weary,P,word2vec_recipe_40_HOM,0.088520125,0.102082945,0.108009584,0.12789144,0.1166432,0.14622508
pace,H,word2vec_recipe_40_HOM,0.40600786,0.349636,0.46445614,0.39932778,0.4858894,0.41454247
painless,P,word2vec_recipe_40_HOM,0.16185284,0.1712183,0.18599346,0.1822969,0.19597666,0.19688971
hardware,P,word2vec_recipe_40_HOM,0.19686037,0.19816893,0.26595473,0.26315045,0.2934944,0.29713628
snappy,P,word2vec_recipe_40_HOM,0.302074,0.3377068,0.35682115,0.34605238,0.37725365,0.3530413
ordinary,P,word2vec_recipe_40_HOM,0.32087258,0.2808812,0.36054555,0.28491044,0.3752877,0.277921
marvelous,P,word2vec_recipe_40_HOM,0.2534797,0.26851663,0.3137142,0.3392019,0.33389091,0.34487072
gravel,P,word2vec_recipe_40_HOM,0.30843592,0.3460266,0.40882286,0.47748798,0.4448298,0.4837854
thermal,P,word2vec_recipe_40_HOM,0.25277227,0.29071704,0.30529153,0.3599965,0.3262077,0.37741083
spaceship,M,word2vec_recipe_40_HOM,0.19626105,0.21029472,0.23210162,0.24528569,0.24843593,0.2653532
layer,P,word2vec_recipe_40_HOM,0.3835288,0.4514668,0.4630531,0.43271455,0.48953378,0.44925845
disaster,P,word2vec_recipe_40_HOM,0.15646355,0.14324066,0.17739515,0.15547785,0.18838017,0.17141184
mile,P,word2vec_recipe_40_HOM,0.4188246,0.32334113,0.46008462,0.3043109,0.47426948,0.30989242
suggestion,P,word2vec_recipe_40_HOM,0.29669088,0.34942895,0.35591805,0.3363465,0.37818104,0.340093
devour,P,word2vec_recipe_40_HOM,0.34154296,0.39117295,0.42601612,0.4052547,0.45390242,0.38545397
shiny,P,word2vec_recipe_40_HOM,0.3285442,0.33933765,0.40378377,0.40389487,0.43284285,0.4115415
puffy,P,word2vec_recipe_40_HOM,0.35155988,0.43080497,0.42619365,0.48470727,0.45472032,0.4895731
sanity,P,word2vec_recipe_40_HOM,0.10552941,0.09877357,0.12616983,0.13195676,0.13563488,0.14546648
tend,H,word2vec_recipe_40_HOM,0.2930983,0.31981045,0.35876256,0.30140746,0.38014013,0.28327617
philosophy,P,word2vec_recipe_40_HOM,0.0792899,0.09539825,0.09740117,0.12288773,0.106195964,0.13942014
resident,P,word2vec_recipe_40_HOM,0.088422164,0.10964155,0.10800839,0.14348114,0.119075865,0.16245529
globe,P,word2vec_recipe_40_HOM,0.27910858,0.26083037,0.3407289,0.36783168,0.36863518,0.39945653
sled,P,word2vec_recipe_40_HOM,0.15408525,0.17873146,0.18383777,0.22086577,0.20148245,0.24193509
hat,P,word2vec_recipe_40_HOM,0.21421213,0.2004779,0.2705809,0.24710067,0.29668188,0.2871211
alley,H,word2vec_recipe_40_HOM,0.15747188,0.1569943,0.18052822,0.18123744,0.19081165,0.19218375
uptown,P,word2vec_recipe_40_HOM,0.13360314,0.15299368,0.15546694,0.17366977,0.16648771,0.1874649
eerie,M,word2vec_recipe_40_HOM,0.19464687,0.2121046,0.23368944,0.19578622,0.24684101,0.20500742
canoe,P,word2vec_recipe_40_HOM,0.32806772,0.37172425,0.3949499,0.4095319,0.4173829,0.40735087
boost,P,word2vec_recipe_40_HOM,0.2857113,0.2947171,0.33121526,0.2992267,0.3503151,0.31570223
soap,P,word2vec_recipe_40_HOM,0.2759878,0.29969016,0.3496707,0.3406589,0.38100415,0.36814573
choke,P,word2vec_recipe_40_HOM,0.2507761,0.26097882,0.37631726,0.3888379,0.42171973,0.41328612
apron,P,word2vec_recipe_40_HOM,0.24815133,0.26508513,0.2959419,0.30503422,0.31877717,0.3287421
homey,M,word2vec_recipe_40_HOM,0.20761566,0.21812294,0.24154134,0.26257202,0.25617898,0.2680931
liquor,P,word2vec_recipe_40_HOM,0.34391683,0.3359513,0.40667793,0.38215244,0.43038207,0.40098572
discipline,P,word2vec_recipe_40_HOM,0.18875079,0.20741387,0.22892578,0.21768394,0.24417675,0.21604414
dominant,P,word2vec_recipe_40_HOM,0.31337985,0.34474155,0.37187064,0.3792432,0.39440146,0.38970232
heavenly,P,word2vec_recipe_40_HOM,0.26426926,0.29854423,0.31354293,0.27407333,0.33119062,0.272799
charger,P,word2vec_recipe_40_HOM,0.25114095,0.25437173,0.37251645,0.34979168,0.4092976,0.38294813
canteen,P,word2vec_recipe_40_HOM,0.12894662,0.1555644,0.14882007,0.18544412,0.15767355,0.20035218
switch,P,word2vec_recipe_40_HOM,0.40225062,0.46589443,0.45760348,0.4891755,0.48063716,0.4806302
driveway,M,word2vec_recipe_40_HOM,0.14274482,0.14358021,0.16803299,0.16615784,0.17770645,0.17181867
trivial,M,word2vec_recipe_40_HOM,0.089042194,0.09447666,0.106339805,0.11845059,0.11512402,0.13307267
sad,P,word2vec_recipe_40_HOM,0.25397748,0.24441609,0.29980356,0.24368183,0.31678832,0.25768784
smelly,M,word2vec_recipe_40_HOM,0.15757509,0.1716947,0.1837452,0.18715689,0.1966595,0.19309172
dislike,P,word2vec_recipe_40_HOM,0.17765923,0.1668148,0.20781463,0.18371862,0.22045563,0.1874944
ridiculous,M,word2vec_recipe_40_HOM,0.1469465,0.1541511,0.17268516,0.16343258,0.18453906,0.17349304
dubious,P,word2vec_recipe_40_HOM,0.08701562,0.09555962,0.10578006,0.12249729,0.1157736,0.13793583
spotless,P,word2vec_recipe_40_HOM,0.18246919,0.17174427,0.20985162,0.20752794,0.221562,0.21356411
bikini,M,word2vec_recipe_40_HOM,0.20612505,0.19688089,0.24532357,0.24216524,0.26262,0.26515025
viable,P,word2vec_recipe_40_HOM,0.117113754,0.12312141,0.13952227,0.14694183,0.15107644,0.16025062
triangle,P,word2vec_recipe_40_HOM,0.2450963,0.31091222,0.30929223,0.34886765,0.33768195,0.3513222
scorpion,P,word2vec_recipe_40_HOM,0.2323345,0.23545223,0.26934934,0.26258156,0.28443742,0.27076924
catalog,P,word2vec_recipe_40_HOM,0.1376538,0.13737759,0.16389893,0.15682957,0.17569537,0.17399304
chef,M,word2vec_recipe_40_HOM,0.24482544,0.23660034,0.28723535,0.24349058,0.3026004,0.24468611
pout,H,word2vec_recipe_40_HOM,0.3558976,0.37266147,0.4209054,0.35258397,0.4412787,0.36456415
symbolic,P,word2vec_recipe_40_HOM,0.10554244,0.10463521,0.12391513,0.1269622,0.13170005,0.14118162
celebrity,P,word2vec_recipe_40_HOM,0.12334216,0.1338219,0.14475241,0.15956025,0.15502009,0.17016855
agree,P,word2vec_recipe_40_HOM,0.12502213,0.123725034,0.14674908,0.13798611,0.15777338,0.1498904
cry,P,word2vec_recipe_40_HOM,0.26423496,0.19976202,0.3018748,0.2373406,0.31558466,0.24924543
expensive,P,word2vec_recipe_40_HOM,0.24699941,0.28732535,0.2966324,0.30180454,0.31636977,0.30617943
pamphlet,M,word2vec_recipe_40_HOM,0.15008008,0.13973017,0.17477113,0.16712317,0.18546855,0.17335561
renegade,P,word2vec_recipe_40_HOM,0.12897986,0.1473913,0.14898959,0.16003208,0.15895702,0.17232001
bop,H,word2vec_recipe_40_HOM,0.14771785,0.14831549,0.17069748,0.18242061,0.18063858,0.1955516
stray,P,word2vec_recipe_40_HOM,0.2803895,0.2971822,0.36158526,0.3622049,0.39655164,0.3935438
concept,P,word2vec_recipe_40_HOM,0.14112219,0.13502172,0.16473047,0.15718783,0.1760617,0.16811368
absorb,P,word2vec_recipe_40_HOM,0.36461976,0.43552658,0.4566001,0.45660096,0.4849991,0.44742355
laughter,P,word2vec_recipe_40_HOM,0.23915891,0.28005666,0.3719557,0.35666913,0.42505568,0.3726839
referee,P,word2vec_recipe_40_HOM,0.17906764,0.1899705,0.21503943,0.24301472,0.23501042,0.2753292
available,P,word2vec_recipe_40_HOM,0.21521068,0.23557873,0.30334237,0.292469,0.34421882,0.31403697
upside,P,word2vec_recipe_40_HOM,0.39134902,0.44448012,0.4740816,0.45868525,0.500261,0.46794942
load,P,word2vec_recipe_40_HOM,0.36876163,0.3429026,0.4162821,0.3576465,0.43447006,0.3605609
factory,M,word2vec_recipe_40_HOM,0.28510353,0.28372136,0.32219636,0.2957227,0.33585584,0.30344123
moonlight,P,word2vec_recipe_40_HOM,0.19756262,0.17319034,0.22274315,0.19227593,0.23197673,0.20134759
lighten,H,word2vec_recipe_40_HOM,0.4049974,0.435867,0.46185085,0.4172911,0.48830178,0.4380541
rebuild,P,word2vec_recipe_40_HOM,0.21093383,0.20785932,0.24503107,0.21867585,0.25745857,0.22619231
moron,P,word2vec_recipe_40_HOM,0.15037122,0.17892796,0.17752881,0.20435019,0.18781038,0.20774883
trashy,M,word2vec_recipe_40_HOM,0.12666085,0.11554452,0.1474213,0.141411,0.15731148,0.14977302
forehead,P,word2vec_recipe_40_HOM,0.14180152,0.18096547,0.17760918,0.22810468,0.19782284,0.25300908
overalls,P,word2vec_recipe_40_HOM,0.14405382,0.16422866,0.1712795,0.2095961,0.18228672,0.22393848
extraction,P,word2vec_recipe_40_HOM,0.31297582,0.29056668,0.35334092,0.2911896,0.36980027,0.30135494
alcohol,P,word2vec_recipe_40_HOM,0.31343588,0.3747594,0.38257423,0.43704677,0.41130313,0.45634893
completion,P,word2vec_recipe_40_HOM,0.360733,0.33013844,0.41631076,0.35798517,0.4381213,0.37546822
remake,P,word2vec_recipe_40_HOM,0.3168464,0.24624196,0.35168883,0.27820447,0.36478972,0.28362218
server,P,word2vec_recipe_40_HOM,0.3588038,0.3689192,0.4473295,0.42222255,0.47962335,0.43267456
bulb,P,word2vec_recipe_40_HOM,0.325811,0.35085407,0.4011124,0.36711407,0.4316148,0.396425
passport,P,word2vec_recipe_40_HOM,0.11448542,0.12232964,0.13206616,0.15395461,0.14032948,0.16664456
maroon,H,word2vec_recipe_40_HOM,0.24462125,0.27785242,0.29540598,0.32040182,0.3166426,0.34423727
shaky,P,word2vec_recipe_40_HOM,0.21799478,0.23979147,0.32597774,0.33841267,0.36548045,0.33877465
jumper,H,word2vec_recipe_40_HOM,0.15252249,0.15728052,0.17518051,0.1661463,0.1848003,0.1791645
expert,P,word2vec_recipe_40_HOM,0.21177594,0.20059676,0.23835915,0.19761151,0.25017458,0.2107578
disease,P,word2vec_recipe_40_HOM,0.15878603,0.14890666,0.19764185,0.17850761,0.21468511,0.18803138
motivation,P,word2vec_recipe_40_HOM,0.10822944,0.103580914,0.12638044,0.12260496,0.13474238,0.13674575
wise,H,word2vec_recipe_40_HOM,0.24171753,0.23816879,0.35070142,0.3187837,0.3911213,0.34574127
historical,P,word2vec_recipe_40_HOM,0.10628303,0.113952905,0.12552185,0.14417039,0.13709803,0.16347991
parallel,P,word2vec_recipe_40_HOM,0.27569613,0.31253293,0.34189132,0.35996515,0.36856294,0.35852212
drown,P,word2vec_recipe_40_HOM,0.29427302,0.2926556,0.35476667,0.27622274,0.37414554,0.28098294
foolproof,P,word2vec_recipe_40_HOM,0.3096285,0.31131324,0.36818486,0.33911058,0.38861543,0.3371688
clover,P,word2vec_recipe_40_HOM,0.35194242,0.36470458,0.42327595,0.4394551,0.44931722,0.45322743
committee,M,word2vec_recipe_40_HOM,0.12158434,0.13608338,0.14209792,0.1636465,0.15054919,0.17505842
crap,M,word2vec_recipe_40_HOM,0.2917886,0.27167916,0.34376585,0.25678912,0.36161414,0.25045136
raccoon,P,word2vec_recipe_40_HOM,0.28503403,0.34013999,0.34916607,0.3626654,0.37109816,0.36005875
pearly,P,word2vec_recipe_40_HOM,0.28674072,0.28763053,0.33488393,0.33752054,0.3536277,0.35019118
pointer,P,word2vec_recipe_40_HOM,0.18861192,0.25809628,0.25974184,0.3277642,0.28319302,0.33114767
cab,H,word2vec_recipe_40_HOM,0.1931377,0.21187666,0.22584936,0.24684766,0.24346195,0.26743525
swipe,P,word2vec_recipe_40_HOM,0.36879078,0.43968362,0.42044166,0.42389342,0.43924797,0.43583578
analogy,P,word2vec_recipe_40_HOM,0.089520216,0.087298974,0.11042523,0.118058056,0.11948368,0.13410124
shame,P,word2vec_recipe_40_HOM,0.13795309,0.1308051,0.16314968,0.14864062,0.1745018,0.1598746
list,H,word2vec_recipe_40_HOM,0.295072,0.2907935,0.35660937,0.2903988,0.37788165,0.2951039
twirl,P,word2vec_recipe_40_HOM,0.3709361,0.39373875,0.43866992,0.44287845,0.46428275,0.47146115
frantic,P,word2vec_recipe_40_HOM,0.1514254,0.12544563,0.1715504,0.14195178,0.1808458,0.1546691
slice,P,word2vec_recipe_40_HOM,0.3055106,0.33853194,0.3692839,0.35014147,0.39650083,0.3566772
function,P,word2vec_recipe_40_HOM,0.33055323,0.36308196,0.4174573,0.43685234,0.45637077,0.4695329
spin,P,word2vec_recipe_40_HOM,0.43113452,0.45336494,0.5030332,0.51865226,0.5271339,0.52224773
graceful,M,word2vec_recipe_40_HOM,0.13059911,0.14285241,0.15357162,0.16368215,0.16273357,0.17368405
drought,P,word2vec_recipe_40_HOM,0.22691269,0.23667118,0.2571249,0.25781408,0.26980838,0.26954964
downtown,P,word2vec_recipe_40_HOM,0.13169917,0.13559546,0.16116843,0.15536876,0.17260781,0.17542824
expression,P,word2vec_recipe_40_HOM,0.14469656,0.18083891,0.17401762,0.2117058,0.1874444,0.22906038
sheet,H,word2vec_recipe_40_HOM,0.25940576,0.26482993,0.3288494,0.29881287,0.36631143,0.31184462
icy,P,word2vec_recipe_40_HOM,0.35266882,0.39734763,0.43162262,0.42381644,0.4601476,0.42822734
surgery,P,word2vec_recipe_40_HOM,0.13549618,0.14116903,0.16112919,0.16504829,0.1735965,0.17908922
risk,P,word2vec_recipe_40_HOM,0.35308704,0.39012498,0.45063755,0.34334904,0.47476318,0.33926278
shallow,P,word2vec_recipe_40_HOM,0.3546498,0.37367195,0.41659355,0.4354973,0.444716,0.46919164
bandage,P,word2vec_recipe_40_HOM,0.1579284,0.18631989,0.18661909,0.22727087,0.20326248,0.2511275
mast,H,word2vec_recipe_40_HOM,0.26009884,0.2620572,0.30632213,0.3247936,0.32498142,0.34801075
crest,P,word2vec_recipe_40_HOM,0.24881442,0.23545702,0.2812177,0.25241828,0.29379037,0.2553385
decline,P,word2vec_recipe_40_HOM,0.08341734,0.118281096,0.102463104,0.13327652,0.11131597,0.14670937
peck,H,word2vec_recipe_40_HOM,0.26496577,0.30800265,0.31351927,0.31702513,0.33043945,0.3052174
legacy,P,word2vec_recipe_40_HOM,0.13724914,0.13562866,0.15761241,0.16057333,0.1658437,0.17167759
achieve,P,word2vec_recipe_40_HOM,0.2989276,0.29420838,0.39355102,0.33923155,0.4341658,0.37548208
gem,P,word2vec_recipe_40_HOM,0.41801924,0.375877,0.4739692,0.44071266,0.49203223,0.43911552
habit,P,word2vec_recipe_40_HOM,0.14390814,0.12261705,0.16565514,0.1415075,0.17421675,0.14742893
speedy,M,word2vec_recipe_40_HOM,0.21771348,0.17077254,0.26148522,0.19962707,0.28201783,0.22222212
ponder,P,word2vec_recipe_40_HOM,0.14335617,0.111500874,0.16709721,0.13655992,0.17645569,0.1456938
germ,P,word2vec_recipe_40_HOM,0.27629122,0.35284203,0.37673163,0.468358,0.4130276,0.47959483
favor,P,word2vec_recipe_40_HOM,0.2337197,0.15138763,0.25993994,0.18168043,0.26981205,0.18752542
swim,P,word2vec_recipe_40_HOM,0.32381368,0.27214864,0.36367935,0.2907454,0.37787628,0.28371233
weed,H,word2vec_recipe_40_HOM,0.30315858,0.34778458,0.37890327,0.37749547,0.4065121,0.3788044
mobile,P,word2vec_recipe_40_HOM,0.16810201,0.1741743,0.1896517,0.19298643,0.1989896,0.20457225
rudder,P,word2vec_recipe_40_HOM,0.13907045,0.17864303,0.16652957,0.18117411,0.17723827,0.18383558
membership,P,word2vec_recipe_40_HOM,0.072482206,0.09397541,0.088287964,0.12071897,0.09652052,0.13594127
masquerade,P,word2vec_recipe_40_HOM,0.14755908,0.15244533,0.17120887,0.17093065,0.18197174,0.187772
runaway,P,word2vec_recipe_40_HOM,0.15260169,0.17388631,0.18065056,0.19506699,0.191287,0.206087
ceramic,P,word2vec_recipe_40_HOM,0.32044178,0.39456323,0.39780334,0.4672435,0.43187085,0.4787131
tragedy,P,word2vec_recipe_40_HOM,0.11441302,0.110656604,0.13465895,0.12982382,0.14573269,0.14831181
commentary,P,word2vec_recipe_40_HOM,0.13444309,0.15777409,0.17118052,0.17873928,0.18518639,0.1918826
argument,P,word2vec_recipe_40_HOM,0.12831995,0.12905405,0.14693786,0.13650611,0.15586986,0.15008387
stable,H,word2vec_recipe_40_HOM,0.3526639,0.30793643,0.39058453,0.29707587,0.40541685,0.30624184
suction,P,word2vec_recipe_40_HOM,0.23912409,0.23977268,0.27980193,0.2832377,0.29551917,0.29098785
dense,P,word2vec_recipe_40_HOM,0.31281763,0.32591277,0.3615108,0.35587123,0.38250586,0.35997808
fund,P,word2vec_recipe_40_HOM,0.14302602,0.13301806,0.164881,0.15086901,0.17548615,0.16692908
wholesome,P,word2vec_recipe_40_HOM,0.24997911,0.2658031,0.3034545,0.3423789,0.32343155,0.3572862
summon,P,word2vec_recipe_40_HOM,0.105230525,0.11038749,0.12424408,0.1359893,0.13215896,0.14694622
modern,P,word2vec_recipe_40_HOM,0.24264455,0.2568248,0.27255416,0.24508825,0.28500798,0.25011066
tempo,P,word2vec_recipe_40_HOM,0.15634696,0.16214928,0.17896454,0.17602311,0.18792492,0.18501517
crusty,P,word2vec_recipe_40_HOM,0.38020074,0.384311,0.45321563,0.46753585,0.48186606,0.48616704
patience,P,word2vec_recipe_40_HOM,0.28794402,0.26792708,0.3486139,0.29158074,0.37038314,0.27161768
brood,P,word2vec_recipe_40_HOM,0.19087502,0.19283937,0.21945971,0.21761216,0.23089504,0.23379509
vanilla,P,word2vec_recipe_40_HOM,0.26921615,0.28575543,0.34306484,0.32509646,0.37262967,0.35776505
scare,P,word2vec_recipe_40_HOM,0.18147442,0.12913935,0.20546128,0.1466551,0.21608727,0.15660946
airline,P,word2vec_recipe_40_HOM,0.17428246,0.18929963,0.20390804,0.20558074,0.21725214,0.22080532
neck,P,word2vec_recipe_40_HOM,0.2659939,0.33898613,0.3513889,0.40423888,0.386595,0.4249859
rob,P,word2vec_recipe_40_HOM,0.15831685,0.18559246,0.1902955,0.21907412,0.2032603,0.23390903
vine,P,word2vec_recipe_40_HOM,0.33931166,0.40751132,0.3949672,0.42903456,0.4174764,0.4370443
toxic,P,word2vec_recipe_40_HOM,0.16973491,0.18557595,0.20117179,0.20170034,0.21666856,0.21234141
imagine,P,word2vec_recipe_40_HOM,0.23383954,0.15133145,0.26360944,0.19039857,0.2739218,0.18150581
display,P,word2vec_recipe_40_HOM,0.33163047,0.2952008,0.37946025,0.33228824,0.395691,0.34139213
discourage,P,word2vec_recipe_40_HOM,0.27583414,0.31079212,0.33796746,0.35468668,0.3636223,0.3617035
member,P,word2vec_recipe_40_HOM,0.25978515,0.2354117,0.2972188,0.24111472,0.31198344,0.24488457
artery,P,word2vec_recipe_40_HOM,0.1298314,0.13494131,0.14885221,0.14934883,0.15799667,0.16246775
trusty,P,word2vec_recipe_40_HOM,0.2852378,0.34004307,0.3460642,0.356403,0.3694015,0.37129852
smear,P,word2vec_recipe_40_HOM,0.3697494,0.45518497,0.46785995,0.45882982,0.4944187,0.44524816
acre,P,word2vec_recipe_40_HOM,0.2104985,0.16987187,0.23877165,0.19984084,0.2502948,0.2093118
wedge,P,word2vec_recipe_40_HOM,0.33765537,0.41767865,0.4088263,0.43386114,0.43585804,0.45960107
sticker,P,word2vec_recipe_40_HOM,0.30046064,0.3587864,0.37812617,0.44179007,0.40607938,0.43889266
rig,P,word2vec_recipe_40_HOM,0.25487792,0.28855485,0.2929497,0.28262767,0.30827835,0.27654448
occupy,P,word2vec_recipe_40_HOM,0.14306554,0.1503994,0.16780096,0.1633164,0.1774871,0.17051032
joint,P,word2vec_recipe_40_HOM,0.2471518,0.28142384,0.34425315,0.36109504,0.3860479,0.40096736
teach,P,word2vec_recipe_40_HOM,0.12593523,0.108354166,0.15066364,0.1348614,0.16242881,0.15147483
warm,P,word2vec_recipe_40_HOM,0.40347576,0.44951004,0.47034538,0.3926627,0.49295273,0.4021657
decadent,P,word2vec_recipe_40_HOM,0.2427917,0.31305555,0.31013185,0.35931358,0.34143636,0.36994562
pond,M,word2vec_recipe_40_HOM,0.2892302,0.27318966,0.3256712,0.297692,0.34196237,0.3141003
wars,P,word2vec_recipe_40_HOM,0.18842149,0.1652088,0.21466665,0.19548464,0.22483432,0.20751865
skate,H,word2vec_recipe_40_HOM,0.31135374,0.29510176,0.3811388,0.41539693,0.41302073,0.44235897
pluck,P,word2vec_recipe_40_HOM,0.32627523,0.2868294,0.38047972,0.36179394,0.40474486,0.39889494
stroke,P,word2vec_recipe_40_HOM,0.2903759,0.30498594,0.3518126,0.35617876,0.37478706,0.36001906
booth,P,word2vec_recipe_40_HOM,0.21982262,0.20243107,0.25008363,0.22814636,0.26182464,0.24455628
offend,P,word2vec_recipe_40_HOM,0.10679896,0.118508406,0.12392649,0.13530752,0.13316035,0.142285
vacuum,P,word2vec_recipe_40_HOM,0.30436674,0.29805282,0.37036204,0.36462584,0.39441177,0.40096432
hostess,P,word2vec_recipe_40_HOM,0.25292897,0.2665294,0.29263937,0.2951009,0.30933663,0.30244297
fussy,P,word2vec_recipe_40_HOM,0.18011233,0.1470092,0.21476378,0.17424366,0.2297967,0.18309307
pest,P,word2vec_recipe_40_HOM,0.28780466,0.2695479,0.33308822,0.31643036,0.3480304,0.33538583
juggle,P,word2vec_recipe_40_HOM,0.1750882,0.13979153,0.20128149,0.16675222,0.21194069,0.17679553
convention,P,word2vec_recipe_40_HOM,0.22487204,0.24657057,0.28598484,0.35163894,0.3040127,0.36789677
doom,P,word2vec_recipe_40_HOM,0.15475349,0.15715559,0.17652887,0.18345745,0.18535459,0.19159539
hump,P,word2vec_recipe_40_HOM,0.26285774,0.24644537,0.2955078,0.25920343,0.31147593,0.27685067
onion,P,word2vec_recipe_40_HOM,0.2845007,0.28804463,0.35111752,0.3107704,0.37703606,0.3325273
source,P,word2vec_recipe_40_HOM,0.4184785,0.46084186,0.4827599,0.48124027,0.50511515,0.47375372
stead,M,word2vec_recipe_40_HOM,0.41363972,0.4211328,0.45783904,0.4449234,0.47384322,0.4300603
fake,P,word2vec_recipe_40_HOM,0.3028859,0.29302752,0.3422365,0.31589288,0.3556382,0.32830703
journey,P,word2vec_recipe_40_HOM,0.1356953,0.106572606,0.15991537,0.13264138,0.1715025,0.14825632
develop,P,word2vec_recipe_40_HOM,0.32747895,0.38545156,0.4034153,0.41810244,0.43089718,0.41393727
snitch,M,word2vec_recipe_40_HOM,0.112532735,0.11537183,0.12870876,0.13045649,0.13762054,0.14286731
profile,P,word2vec_recipe_40_HOM,0.23679821,0.23499829,0.27209824,0.23657952,0.28554398,0.23957825
zap,P,word2vec_recipe_40_HOM,0.29913938,0.3012473,0.39718848,0.42600244,0.4496904,0.48924717
ugly,P,word2vec_recipe_40_HOM,0.3216239,0.3409541,0.37114775,0.35347793,0.3906091,0.3550204
intact,M,word2vec_recipe_40_HOM,0.33568025,0.3578606,0.39776146,0.3762418,0.4222149,0.39873633
laugh,P,word2vec_recipe_40_HOM,0.19464794,0.17097066,0.22657797,0.18113825,0.23890422,0.18782893
boat,P,word2vec_recipe_40_HOM,0.43515658,0.49956107,0.49854022,0.47977394,0.5166512,0.46789747
consult,P,word2vec_recipe_40_HOM,0.21140566,0.254755,0.26820603,0.3027457,0.2917825,0.30854413
equivalent,P,word2vec_recipe_40_HOM,0.3652615,0.3897784,0.41408002,0.45173052,0.43445054,0.45607984
upstanding,P,word2vec_recipe_40_HOM,0.25924987,0.28695926,0.32170242,0.32459527,0.34469968,0.3458044
century,P,word2vec_recipe_40_HOM,0.27503836,0.22835869,0.31855983,0.23296346,0.3352799,0.23989968
scum,P,word2vec_recipe_40_HOM,0.31484434,0.35732856,0.42199898,0.40691343,0.45338184,0.41439787
neurotic,P,word2vec_recipe_40_HOM,0.09740726,0.11542797,0.11821921,0.13857394,0.12876928,0.15392663
dealer,P,word2vec_recipe_40_HOM,0.13223183,0.15308954,0.15639858,0.17172535,0.16639,0.17039587
chain,P,word2vec_recipe_40_HOM,0.22068577,0.16994706,0.25577858,0.19404098,0.26880065,0.2090196
classy,M,word2vec_recipe_40_HOM,0.25929934,0.20743628,0.29043362,0.23314346,0.3015907,0.24320415
poisonous,P,word2vec_recipe_40_HOM,0.15623544,0.16015859,0.18355252,0.16880728,0.1951101,0.17854603
sweep,P,word2vec_recipe_40_HOM,0.34517056,0.33508548,0.39851472,0.38696742,0.41706535,0.40372223
brazen,P,word2vec_recipe_40_HOM,0.17383723,0.18618135,0.20486385,0.22735924,0.21746056,0.24503452
relish,P,word2vec_recipe_40_HOM,0.30982956,0.38097808,0.38960922,0.40597743,0.41816163,0.39804423
revenge,P,word2vec_recipe_40_HOM,0.1343353,0.145504,0.15570785,0.1734122,0.16664761,0.18322684
airspace,P,word2vec_recipe_40_HOM,0.25330457,0.25210106,0.29766577,0.3012418,0.3148677,0.32013175
upcoming,M,word2vec_recipe_40_HOM,0.13720101,0.12848325,0.1598553,0.14737235,0.17100115,0.15761273
arch,H,word2vec_recipe_40_HOM,0.17973994,0.18459095,0.21700545,0.2342303,0.23541442,0.2614624
visualize,P,word2vec_recipe_40_HOM,0.12162797,0.118928984,0.14575706,0.13892509,0.15504111,0.14351238
crispy,P,word2vec_recipe_40_HOM,0.3393628,0.440176,0.44544184,0.5219282,0.47735634,0.50876975
useless,P,word2vec_recipe_40_HOM,0.19909735,0.19143711,0.22644083,0.18951115,0.2383815,0.19545111
nut,P,word2vec_recipe_40_HOM,0.29711527,0.36560416,0.3617308,0.351839,0.3857444,0.33861795
fasten,P,word2vec_recipe_40_HOM,0.2747225,0.33462152,0.38664904,0.41054738,0.4266513,0.42568082
spatula,M,word2vec_recipe_40_HOM,0.2768073,0.33890563,0.39616466,0.4377104,0.44301316,0.44769043
shuttle,P,word2vec_recipe_40_HOM,0.17586644,0.16951896,0.20304714,0.18935393,0.21391639,0.19802347
nitrogen,P,word2vec_recipe_40_HOM,0.2749493,0.2976544,0.3254164,0.34814823,0.3476004,0.36293733
sofa,M,word2vec_recipe_40_HOM,0.22293238,0.20344128,0.25508773,0.22312444,0.26665726,0.22438405
prairie,M,word2vec_recipe_40_HOM,0.16656923,0.17343712,0.19611563,0.18859155,0.20932901,0.19612546
afford,P,word2vec_recipe_40_HOM,0.16736814,0.13601713,0.19689451,0.14918317,0.20754227,0.15835674
shank,P,word2vec_recipe_40_HOM,0.27761024,0.36004746,0.3699995,0.45057008,0.40724152,0.45575616
closet,P,word2vec_recipe_40_HOM,0.23979172,0.26167193,0.2905928,0.28828418,0.3078083,0.3044992
butler,M,word2vec_recipe_40_HOM,0.17955782,0.20013241,0.21809462,0.24437115,0.2347794,0.26104677
cop,H,word2vec_recipe_40_HOM,0.2876245,0.2769411,0.32294303,0.3226239,0.33830413,0.3297792
thud,P,word2vec_recipe_40_HOM,0.18814202,0.23003899,0.22262806,0.24168044,0.23779452,0.2496879
asset,P,word2vec_recipe_40_HOM,0.17642422,0.20853941,0.20697178,0.21513876,0.21962097,0.2231435
penetrate,P,word2vec_recipe_40_HOM,0.3711843,0.4536933,0.45303735,0.4863204,0.4803186,0.4742399
volcanic,P,word2vec_recipe_40_HOM,0.24965787,0.18498202,0.28258023,0.22397871,0.29492274,0.23551323
gravy,P,word2vec_recipe_40_HOM,0.35619608,0.4480608,0.44640484,0.4910419,0.4745943,0.48020548
casino,P,word2vec_recipe_40_HOM,0.23768291,0.2444244,0.30326852,0.295767,0.32908967,0.29482204
floppy,P,word2vec_recipe_40_HOM,0.26091546,0.2879948,0.31638482,0.32569462,0.34193954,0.33199373
dare,P,word2vec_recipe_40_HOM,0.27399158,0.2730002,0.32034838,0.2657202,0.33831275,0.25202313
mix,P,word2vec_recipe_40_HOM,0.32103437,0.3912176,0.3876967,0.40371078,0.410782,0.40887207
dynamite,P,word2vec_recipe_40_HOM,0.23056495,0.22130972,0.26300362,0.24696629,0.2760357,0.26046592
pizza,M,word2vec_recipe_40_HOM,0.31599623,0.35561234,0.40767625,0.42323744,0.44332856,0.42823878
arrogant,P,word2vec_recipe_40_HOM,0.17084444,0.18654324,0.20344359,0.21584311,0.2169952,0.23574495
canopy,P,word2vec_recipe_40_HOM,0.13937178,0.17725472,0.16855411,0.21861863,0.17962097,0.23898935
crater,P,word2vec_recipe_40_HOM,0.35126328,0.37297416,0.44672653,0.49835494,0.47882628,0.5142411
thermos,P,word2vec_recipe_40_HOM,0.31768662,0.3467878,0.38526085,0.42059073,0.41396907,0.4442504
palace,P,word2vec_recipe_40_HOM,0.17398426,0.16834402,0.20382752,0.19993457,0.21606481,0.20955437
nuclear,P,word2vec_recipe_40_HOM,0.15723702,0.18676606,0.18152517,0.20801148,0.19186485,0.22196348
page,H,word2vec_recipe_40_HOM,0.31781474,0.18005033,0.38070947,0.21666633,0.41044915,0.24931978
wilt,P,word2vec_recipe_40_HOM,0.33239445,0.3854513,0.41797745,0.4654531,0.44765863,0.45568916
writer,P,word2vec_recipe_40_HOM,0.14286129,0.13400657,0.17532654,0.16481824,0.1883059,0.1795457
souvenir,M,word2vec_recipe_40_HOM,0.13091958,0.13680917,0.14898415,0.15628347,0.15766935,0.16904539
unhealthy,P,word2vec_recipe_40_HOM,0.12018778,0.12571771,0.14174344,0.14345442,0.15074408,0.15075275
tart,H,word2vec_recipe_40_HOM,0.26724574,0.3560891,0.39238483,0.5059607,0.43597806,0.51716614
overtime,P,word2vec_recipe_40_HOM,0.14954405,0.17040199,0.17580542,0.20830144,0.18604632,0.22076675
sire,P,word2vec_recipe_40_HOM,0.22819753,0.24253727,0.26779884,0.2800531,0.283814,0.2975338
summer,P,word2vec_recipe_40_HOM,0.2818927,0.3287732,0.3518532,0.37336293,0.37288526,0.36478937
coleslaw,M,word2vec_recipe_40_HOM,0.2908668,0.39339417,0.384682,0.42512265,0.41691327,0.42363837
mortar,H,word2vec_recipe_40_HOM,0.2460123,0.28707573,0.37086815,0.39035434,0.41521454,0.42245248
insomnia,M,word2vec_recipe_40_HOM,0.16102639,0.18461825,0.19023447,0.20680813,0.20199512,0.21653943
spend,P,word2vec_recipe_40_HOM,0.2938562,0.21863018,0.3320738,0.20710027,0.34406945,0.2086174
concession,P,word2vec_recipe_40_HOM,0.14317219,0.11786559,0.1623788,0.13936426,0.17215352,0.14971279
screw,P,word2vec_recipe_40_HOM,0.31128293,0.35266006,0.42272937,0.41743594,0.4690525,0.47165826
guru,P,word2vec_recipe_40_HOM,0.13210554,0.13982764,0.1519266,0.16880615,0.16033828,0.18182707
recital,P,word2vec_recipe_40_HOM,0.13157251,0.1413846,0.15357909,0.168145,0.1644257,0.18344559
sentence,P,word2vec_recipe_40_HOM,0.10690552,0.103666954,0.12629011,0.12572974,0.13622488,0.14016616
blossom,P,word2vec_recipe_40_HOM,0.38067913,0.39071387,0.44875678,0.4606917,0.4710842,0.48314947
amount,P,word2vec_recipe_40_HOM,0.37660274,0.4343032,0.4781703,0.48445317,0.5053702,0.45849454
comment,P,word2vec_recipe_40_HOM,0.24656281,0.19824715,0.27497932,0.21515444,0.28685397,0.22408906
await,P,word2vec_recipe_40_HOM,0.2526304,0.19664845,0.2920154,0.21034016,0.30707946,0.21490073
stuffy,P,word2vec_recipe_40_HOM,0.14341216,0.17194848,0.16724724,0.19688587,0.17643914,0.2122729
dime,M,word2vec_recipe_40_HOM,0.2826246,0.29509613,0.379008,0.38507232,0.41334316,0.40084845
impressive,M,word2vec_recipe_40_HOM,0.22944064,0.26104954,0.28251263,0.29228988,0.30292204,0.29699942
settle,H,word2vec_recipe_40_HOM,0.3569358,0.45354035,0.42344275,0.44413304,0.44449538,0.42503285
decoration,P,word2vec_recipe_40_HOM,0.31618518,0.32536155,0.38138378,0.37282097,0.40494773,0.3841824
digestion,P,word2vec_recipe_40_HOM,0.19504566,0.18117276,0.23823471,0.21271043,0.25521794,0.21563272
relaxation,P,word2vec_recipe_40_HOM,0.13982019,0.13435736,0.16266516,0.15167414,0.17255233,0.16463894
budget,P,word2vec_recipe_40_HOM,0.25772315,0.25306904,0.29745278,0.28454673,0.31325093,0.2887219
sloppy,P,word2vec_recipe_40_HOM,0.29862812,0.35506204,0.37412944,0.3303215,0.39972064,0.34012446
grain,P,word2vec_recipe_40_HOM,0.41011748,0.4325207,0.49078727,0.48106688,0.5174263,0.49647826
disconnect,P,word2vec_recipe_40_HOM,0.17600112,0.19258831,0.2201063,0.24913682,0.24116966,0.27205396
bypass,P,word2vec_recipe_40_HOM,0.17066908,0.13380934,0.19610077,0.15448882,0.20640044,0.16367407
swear,P,word2vec_recipe_40_HOM,0.13539673,0.1071817,0.15838102,0.13325568,0.16879039,0.14696169
junk,H,word2vec_recipe_40_HOM,0.29126364,0.29978535,0.33226907,0.30657095,0.34527656,0.30647132
poster,M,word2vec_recipe_40_HOM,0.23679848,0.2293,0.2788533,0.26284453,0.29775637,0.2864256
sickness,P,word2vec_recipe_40_HOM,0.1427833,0.13753617,0.16547662,0.1586543,0.17571285,0.1711005
exercise,P,word2vec_recipe_40_HOM,0.1845245,0.18653871,0.20963593,0.18110248,0.22045784,0.18783751
widow,P,word2vec_recipe_40_HOM,0.19119343,0.19925423,0.21827641,0.22437656,0.2304483,0.23591645
seafood,M,word2vec_recipe_40_HOM,0.27786025,0.3748755,0.34455064,0.4000912,0.36861247,0.38579184
breakfast,P,word2vec_recipe_40_HOM,0.31071305,0.32864648,0.37129182,0.37165904,0.39143997,0.36374968
snob,P,word2vec_recipe_40_HOM,0.109075114,0.107177116,0.12950735,0.12799175,0.13864468,0.14420515
capture,P,word2vec_recipe_40_HOM,0.31466264,0.36770004,0.38579667,0.3954166,0.41029644,0.4022308
assign,P,word2vec_recipe_40_HOM,0.13465412,0.12619117,0.15818523,0.14656965,0.16769142,0.15954717
horseshoe,P,word2vec_recipe_40_HOM,0.2653634,0.2643877,0.3097219,0.32765642,0.33164573,0.3456018
calf,H,word2vec_recipe_40_HOM,0.23442237,0.24320659,0.28099307,0.26187316,0.29800576,0.2693772
hunk,P,word2vec_recipe_40_HOM,0.38780886,0.4547621,0.46008182,0.48650455,0.48191202,0.46820787
provide,P,word2vec_recipe_40_HOM,0.3065072,0.32679993,0.36461484,0.32030594,0.3871271,0.3228808
pill,P,word2vec_recipe_40_HOM,0.24212709,0.2678095,0.2754811,0.2928605,0.2895152,0.29212338
bottom,P,word2vec_recipe_40_HOM,0.37442032,0.34006497,0.45141667,0.35394928,0.4758991,0.3618338
quadrant,P,word2vec_recipe_40_HOM,0.27688402,0.30079567,0.3371758,0.3154752,0.35966986,0.32928142
sod,P,word2vec_recipe_40_HOM,0.07917544,0.026404858,0.09260613,0.0345466,0.10002861,0.038462892
sneeze,P,word2vec_recipe_40_HOM,0.08812226,0.10931221,0.107444376,0.139284,0.1158016,0.14947614
tango,P,word2vec_recipe_40_HOM,0.18618843,0.2110289,0.22586328,0.2674325,0.24579681,0.28733307
burst,P,word2vec_recipe_40_HOM,0.39283258,0.4748945,0.4849811,0.54389864,0.5127399,0.5232198
literal,P,word2vec_recipe_40_HOM,0.19692257,0.16539095,0.2228431,0.185895,0.23359443,0.19288406
dame,P,word2vec_recipe_40_HOM,0.15006316,0.16306883,0.1703314,0.17978294,0.17889695,0.18887658
fellow,P,word2vec_recipe_40_HOM,0.12498417,0.11552415,0.14980957,0.13998817,0.16163822,0.1558377
gauze,P,word2vec_recipe_40_HOM,0.25638527,0.30101,0.34712344,0.40719572,0.38566697,0.44730234
moisture,M,word2vec_recipe_40_HOM,0.35210496,0.37161177,0.42085987,0.40178034,0.4493728,0.3910149
shape,P,word2vec_recipe_40_HOM,0.33292252,0.38744563,0.40732768,0.3770249,0.4408435,0.3897911
pretzel,P,word2vec_recipe_40_HOM,0.34334975,0.3762481,0.41762,0.43176183,0.4436915,0.44352105
brunette,P,word2vec_recipe_40_HOM,0.19492808,0.19571184,0.21976614,0.22114621,0.22998065,0.22661176
temper,P,word2vec_recipe_40_HOM,0.37155735,0.42023262,0.44608992,0.45271865,0.47430938,0.44719058
frown,P,word2vec_recipe_40_HOM,0.18190005,0.1911771,0.2137888,0.23069483,0.22711344,0.24658835
category,M,word2vec_recipe_40_HOM,0.24250178,0.19703835,0.27675822,0.20906118,0.2904049,0.21556
bonus,P,word2vec_recipe_40_HOM,0.2827465,0.24887657,0.31168818,0.2846907,0.32497162,0.3034946
harmful,M,word2vec_recipe_40_HOM,0.13756292,0.15225486,0.17408475,0.19336316,0.19037868,0.2052618
dab,H,word2vec_recipe_40_HOM,0.3644837,0.4474967,0.43997604,0.44443324,0.46499726,0.4372602
attend,P,word2vec_recipe_40_HOM,0.15570423,0.13315359,0.18127728,0.15284237,0.19179332,0.16295396
hatchet,P,word2vec_recipe_40_HOM,0.17464264,0.21585418,0.20782171,0.26009697,0.22596268,0.2774085
bedroom,M,word2vec_recipe_40_HOM,0.1280237,0.13781805,0.1508807,0.15273944,0.16201164,0.1658494
field,P,word2vec_recipe_40_HOM,0.41549778,0.43047592,0.4734606,0.43878436,0.49224526,0.450412
basin,P,word2vec_recipe_40_HOM,0.39685166,0.4562422,0.46805692,0.51964927,0.49126893,0.52488625
intense,P,word2vec_recipe_40_HOM,0.23739319,0.24810477,0.3001784,0.294317,0.32633084,0.30883962
weirdo,M,word2vec_recipe_40_HOM,0.10851993,0.10101624,0.13246839,0.13608696,0.14250408,0.14808507
cloudy,P,word2vec_recipe_40_HOM,0.31456763,0.32253283,0.37946957,0.35444272,0.40146545,0.35826167
maple,P,word2vec_recipe_40_HOM,0.2840239,0.35708362,0.3779806,0.42333072,0.41406524,0.4509178
distract,P,word2vec_recipe_40_HOM,0.111604795,0.11888681,0.13285553,0.13725354,0.14204925,0.15032186
nod,P,word2vec_recipe_40_HOM,0.16899435,0.14502145,0.19226651,0.16308402,0.20190498,0.17489529
horrible,P,word2vec_recipe_40_HOM,0.15778956,0.15843639,0.18200031,0.16698638,0.1937461,0.17694429
orchid,P,word2vec_recipe_40_HOM,0.20687148,0.25302756,0.27015275,0.2878062,0.29597354,0.31136578
fret,H,word2vec_recipe_40_HOM,0.22907698,0.20483151,0.27495342,0.19735321,0.29197177,0.2075756
liable,P,word2vec_recipe_40_HOM,0.14445396,0.15226614,0.17196785,0.16443698,0.18345036,0.17225689
overcoat,M,word2vec_recipe_40_HOM,0.15884925,0.14904064,0.18318522,0.16572356,0.19514889,0.17738439
cavity,M,word2vec_recipe_40_HOM,0.311814,0.3767771,0.4115201,0.44006553,0.44785145,0.46918687
impression,P,word2vec_recipe_40_HOM,0.39455652,0.46047318,0.48891833,0.48316112,0.5158626,0.47787866
vent,P,word2vec_recipe_40_HOM,0.3293069,0.40000162,0.43719852,0.45079038,0.47138652,0.46336642
walnut,P,word2vec_recipe_40_HOM,0.36351743,0.3890799,0.43085673,0.37469906,0.45254794,0.37024048
tribute,P,word2vec_recipe_40_HOM,0.13860998,0.13810062,0.16186212,0.16187567,0.17140496,0.17469783
wager,P,word2vec_recipe_40_HOM,0.10314953,0.0964525,0.12609142,0.12458302,0.1364308,0.13709563
inventory,P,word2vec_recipe_40_HOM,0.11967118,0.123093374,0.13825805,0.14426932,0.14686374,0.15675214
wiggle,P,word2vec_recipe_40_HOM,0.33415014,0.38417888,0.40324998,0.41198716,0.42658928,0.41651112
aggressive,P,word2vec_recipe_40_HOM,0.2310698,0.21697724,0.2726764,0.2502436,0.29198438,0.26344427
clown,P,word2vec_recipe_40_HOM,0.15729813,0.17953418,0.1994232,0.24753228,0.22194842,0.27624598
hassle,P,word2vec_recipe_40_HOM,0.2335097,0.1615223,0.2645171,0.17363706,0.27611148,0.18131655
sauerkraut,M,word2vec_recipe_40_HOM,0.32694215,0.373385,0.41971374,0.395232,0.44850758,0.38420627
hydraulic,P,word2vec_recipe_40_HOM,0.28020293,0.2863479,0.32643807,0.32274643,0.34354383,0.32457808
chocolate,P,word2vec_recipe_40_HOM,0.19391532,0.2844059,0.29402328,0.38072348,0.33354768,0.39777774
volume,P,word2vec_recipe_40_HOM,0.3176661,0.35498688,0.4293457,0.4575317,0.4699354,0.48681068
plantation,P,word2vec_recipe_40_HOM,0.20689642,0.21014972,0.23734568,0.2035606,0.2516937,0.20420896
lamp,P,word2vec_recipe_40_HOM,0.3309857,0.306418,0.37459943,0.34106532,0.39120263,0.33726576
shelter,P,word2vec_recipe_40_HOM,0.15322483,0.18858571,0.17902039,0.21736358,0.19020496,0.2337167
salary,M,word2vec_recipe_40_HOM,0.20480783,0.25283074,0.23588341,0.2971485,0.24859737,0.31094056
vanish,P,word2vec_recipe_40_HOM,0.16445163,0.14325093,0.18996087,0.16052479,0.20226058,0.17126946
fanatic,P,word2vec_recipe_40_HOM,0.12238608,0.11321905,0.14274749,0.14558467,0.15258923,0.15460595
leech,P,word2vec_recipe_40_HOM,0.18329775,0.16838205,0.21007463,0.17752756,0.22187851,0.19081114
notebook,M,word2vec_recipe_40_HOM,0.20605588,0.22532362,0.24683109,0.2546404,0.26124328,0.27189505
driver,P,word2vec_recipe_40_HOM,0.2282856,0.24083966,0.27298197,0.29594502,0.2944802,0.31499192
sympathy,P,word2vec_recipe_40_HOM,0.2646338,0.28033692,0.4019428,0.37041864,0.45436355,0.37289387
priest,P,word2vec_recipe_40_HOM,0.13479123,0.14129265,0.15663618,0.16525212,0.16682549,0.17679188
reap,P,word2vec_recipe_40_HOM,0.12026088,0.13252063,0.13980435,0.14470491,0.14861023,0.15593979
communion,P,word2vec_recipe_40_HOM,0.18924032,0.19838539,0.23937894,0.23958361,0.26124772,0.25284088
ladder,P,word2vec_recipe_40_HOM,0.23404291,0.23395798,0.26897946,0.27926534,0.28560248,0.29324877
defeat,P,word2vec_recipe_40_HOM,0.12809439,0.10985694,0.14912814,0.14093386,0.15862174,0.1538162
bitter,P,word2vec_recipe_40_HOM,0.3112468,0.3218521,0.36722454,0.31653094,0.38812074,0.33040527
maintain,P,word2vec_recipe_40_HOM,0.36783165,0.47429872,0.4626295,0.5120745,0.49496892,0.4894159
dainty,P,word2vec_recipe_40_HOM,0.325185,0.32895106,0.37138778,0.3688829,0.3884832,0.37678328
fuzz,M,word2vec_recipe_40_HOM,0.2567809,0.2625398,0.3192417,0.33299327,0.34942394,0.37939447
medium,P,word2vec_recipe_40_HOM,0.28099707,0.3772492,0.40397727,0.40408513,0.44770828,0.42683214
tact,M,word2vec_recipe_40_HOM,0.3176826,0.30668315,0.37872082,0.37526146,0.40144676,0.3793391
former,H,word2vec_recipe_40_HOM,0.22171926,0.14971952,0.25200036,0.18042123,0.2643351,0.18586646
doll,P,word2vec_recipe_40_HOM,0.20583495,0.2078587,0.2617961,0.25801626,0.28666237,0.2873416
rail,H,word2vec_recipe_40_HOM,0.18573137,0.1938501,0.21580698,0.2235595,0.22786911,0.23773189
slab,P,word2vec_recipe_40_HOM,0.43311158,0.35529098,0.48355594,0.37769893,0.50104034,0.38811237
potion,M,word2vec_recipe_40_HOM,0.2541216,0.209248,0.29213393,0.2566093,0.3090596,0.27959943
musical,P,word2vec_recipe_40_HOM,0.16298404,0.16694376,0.19977997,0.2242886,0.21549064,0.2394953
turnout,P,word2vec_recipe_40_HOM,0.23039028,0.2594071,0.27311718,0.29232955,0.29175627,0.3087515
guilty,P,word2vec_recipe_40_HOM,0.17036939,0.14961582,0.19601837,0.16245557,0.20728078,0.16988723
landmark,P,word2vec_recipe_40_HOM,0.120241836,0.13495845,0.13991182,0.16429554,0.14864403,0.17923227
blade,P,word2vec_recipe_40_HOM,0.31329423,0.38635442,0.40010872,0.46956074,0.44191414,0.50551385
buttermilk,P,word2vec_recipe_40_HOM,0.3385421,0.29092818,0.3941678,0.31931886,0.42028672,0.35051128
blueberry,P,word2vec_recipe_40_HOM,0.22076833,0.25282198,0.30087262,0.30504122,0.32971382,0.31319484
rise,P,word2vec_recipe_40_HOM,0.2824257,0.3187937,0.40781674,0.4434383,0.4562567,0.48100156
ocean,P,word2vec_recipe_40_HOM,0.332349,0.28321442,0.38353446,0.30948856,0.39981937,0.31415313
dribble,P,word2vec_recipe_40_HOM,0.39313492,0.45787758,0.46814656,0.42543995,0.49263093,0.42936465
nurse,P,word2vec_recipe_40_HOM,0.14725018,0.1918813,0.173872,0.19501555,0.18329266,0.1875438
bedtime,M,word2vec_recipe_40_HOM,0.25160235,0.2871633,0.3099081,0.31537896,0.3320276,0.31932035
starch,P,word2vec_recipe_40_HOM,0.35886818,0.42658415,0.45116794,0.47826737,0.48057777,0.4650774
spank,H,word2vec_recipe_40_HOM,0.27169132,0.21715036,0.3075812,0.24653567,0.3208057,0.2603642
downright,P,word2vec_recipe_40_HOM,0.13956554,0.14282984,0.16127947,0.15799655,0.17291735,0.16792965
undo,P,word2vec_recipe_40_HOM,0.2672522,0.247585,0.3115143,0.2876914,0.32723507,0.29450157
unstable,P,word2vec_recipe_40_HOM,0.16276205,0.15440442,0.18573578,0.1723947,0.19771603,0.18367106
strive,P,word2vec_recipe_40_HOM,0.1396561,0.118509404,0.16186962,0.13785812,0.17174889,0.14975591
stew,P,word2vec_recipe_40_HOM,0.2923477,0.40973035,0.37087357,0.40429667,0.40122822,0.39453092
flat,H,word2vec_recipe_40_HOM,0.34891576,0.31206542,0.39413586,0.3524952,0.41047505,0.34550864
cube,H,word2vec_recipe_40_HOM,0.39700848,0.39689553,0.4833927,0.45959505,0.50879633,0.46255302
mango,M,word2vec_recipe_40_HOM,0.24247952,0.33822814,0.31808877,0.37021592,0.34758824,0.37735897
submit,P,word2vec_recipe_40_HOM,0.106634796,0.102033176,0.1265554,0.12950982,0.13781154,0.1450555
nowadays,P,word2vec_recipe_40_HOM,0.14601666,0.14183973,0.1711679,0.15904117,0.18134043,0.16523409
mound,P,word2vec_recipe_40_HOM,0.37037647,0.47775996,0.4615475,0.5034516,0.490409,0.48679677
leap,P,word2vec_recipe_40_HOM,0.17311732,0.11714201,0.20568058,0.17260586,0.2184277,0.19590104
inhale,P,word2vec_recipe_40_HOM,0.27004588,0.2528366,0.31529444,0.27181858,0.33306748,0.26948962
bayou,M,word2vec_recipe_40_HOM,0.31776983,0.31163657,0.366098,0.30311397,0.38267678,0.30463904
redo,P,word2vec_recipe_40_HOM,0.24048524,0.15771043,0.27059734,0.18652207,0.28153118,0.19922514
sponge,P,word2vec_recipe_40_HOM,0.3219786,0.39235702,0.39679927,0.42447513,0.42057362,0.42680278
spell,H,word2vec_recipe_40_HOM,0.18141817,0.18366359,0.21208042,0.19536202,0.22561142,0.20458858
successful,P,word2vec_recipe_40_HOM,0.22305727,0.16923994,0.252401,0.19722232,0.26377007,0.20169158
charcoal,P,word2vec_recipe_40_HOM,0.24260028,0.32282048,0.3427685,0.39290255,0.4015781,0.4371687
teeny,M,word2vec_recipe_40_HOM,0.35792416,0.42246693,0.43251428,0.41417447,0.4539293,0.40482208
resource,P,word2vec_recipe_40_HOM,0.12392886,0.12590331,0.14475167,0.14042357,0.15381157,0.15386209
invite,P,word2vec_recipe_40_HOM,0.24129939,0.24370195,0.2994473,0.26927084,0.3213363,0.2821226
threaten,P,word2vec_recipe_40_HOM,0.3355815,0.32426322,0.3815677,0.32202032,0.4007164,0.3350647
girdle,P,word2vec_recipe_40_HOM,0.2683845,0.21818115,0.30229747,0.2319259,0.31459522,0.24869628
rookie,P,word2vec_recipe_40_HOM,0.18233548,0.1616002,0.20737486,0.19242232,0.21891928,0.20560755
snack,P,word2vec_recipe_40_HOM,0.2972824,0.39143333,0.36348498,0.41725314,0.38959777,0.4282153
clock,H,word2vec_recipe_40_HOM,0.35249978,0.32506287,0.3969359,0.34737983,0.41255492,0.33544484
terrible,P,word2vec_recipe_40_HOM,0.17012212,0.16304636,0.1971469,0.17961192,0.20795082,0.1829141
film,P,word2vec_recipe_40_HOM,0.32847008,0.29492143,0.43512627,0.39350045,0.46967027,0.41969496
ribbon,P,word2vec_recipe_40_HOM,0.3688828,0.39293012,0.4258074,0.37075353,0.44599238,0.37493905
mint,H,word2vec_recipe_40_HOM,0.28503418,0.34873238,0.34098336,0.3873559,0.36909455,0.41561148
dizzy,P,word2vec_recipe_40_HOM,0.16173747,0.1744933,0.18574697,0.19608927,0.19527829,0.2091373
smooth,P,word2vec_recipe_40_HOM,0.26436946,0.32605147,0.36102962,0.40544623,0.39493576,0.40103173
awaken,P,word2vec_recipe_40_HOM,0.23434384,0.2306981,0.2763509,0.24221873,0.2918181,0.24480352
minimum,P,word2vec_recipe_40_HOM,0.3680216,0.31032163,0.44261023,0.3633718,0.4743296,0.38341537
excitement,P,word2vec_recipe_40_HOM,0.121443056,0.12553297,0.14094639,0.1422573,0.15023315,0.15263219
ghastly,P,word2vec_recipe_40_HOM,0.18832031,0.21213804,0.21933343,0.2421417,0.23189098,0.25283253
wallet,M,word2vec_recipe_40_HOM,0.1645903,0.14097433,0.18965796,0.16102341,0.19985527,0.16601187
nephew,M,word2vec_recipe_40_HOM,0.0898978,0.102963485,0.11142256,0.12484186,0.12238585,0.14381081
waffle,H,word2vec_recipe_40_HOM,0.32623878,0.4034591,0.45990768,0.53037286,0.5058325,0.5408524
fighter,P,word2vec_recipe_40_HOM,0.16722235,0.16592532,0.1894779,0.19169465,0.19905941,0.20214158
clap,P,word2vec_recipe_40_HOM,0.32974008,0.36766946,0.39465415,0.4380851,0.41592342,0.44814166
imply,P,word2vec_recipe_40_HOM,0.111992635,0.12527561,0.1310227,0.13202062,0.13991837,0.14208013
fit,H,word2vec_recipe_40_HOM,0.38007692,0.44322595,0.44379374,0.3814087,0.46230263,0.36239415
parrot,P,word2vec_recipe_40_HOM,0.20892444,0.22956535,0.23668118,0.23871545,0.24829394,0.24750452
diarrhea,M,word2vec_recipe_40_HOM,0.12995899,0.14657888,0.1554231,0.16585226,0.16687652,0.17645833
applause,P,word2vec_recipe_40_HOM,0.18753095,0.17634264,0.23711455,0.2207959,0.25449798,0.23021987
grinder,P,word2vec_recipe_40_HOM,0.27558765,0.2934615,0.3948431,0.3881755,0.44678771,0.44674972
breast,P,word2vec_recipe_40_HOM,0.25579315,0.364115,0.34058896,0.44946367,0.38054934,0.46459013
ego,P,word2vec_recipe_40_HOM,0.086996146,0.09448511,0.102933414,0.119073495,0.11038602,0.13038011
policy,H,word2vec_recipe_40_HOM,0.14167176,0.14090793,0.16598254,0.15629534,0.17660588,0.16030063
private,P,word2vec_recipe_40_HOM,0.13085996,0.1350839,0.15986833,0.16401163,0.17161007,0.17735535
mystery,P,word2vec_recipe_40_HOM,0.20087917,0.1295386,0.2312453,0.16374265,0.24617456,0.18100774
hose,P,word2vec_recipe_40_HOM,0.19697028,0.24246803,0.24816027,0.31226864,0.26993373,0.3362136
boa,P,word2vec_recipe_40_HOM,0.16680713,0.17188881,0.19765043,0.2074089,0.21143906,0.22571155
clearance,P,word2vec_recipe_40_HOM,0.31521702,0.32720003,0.36122537,0.3403917,0.3807741,0.3516068
genius,P,word2vec_recipe_40_HOM,0.14079905,0.13165186,0.16352633,0.14637864,0.17398453,0.16251943
boil,H,word2vec_recipe_40_HOM,0.32971895,0.34276208,0.41660726,0.36279136,0.45068404,0.3906281
idiot,P,word2vec_recipe_40_HOM,0.22692573,0.21715169,0.25977123,0.23881643,0.27369863,0.25497034
meal,H,word2vec_recipe_40_HOM,0.4128992,0.50858355,0.48347867,0.50919485,0.5079592,0.5261475
neat,P,word2vec_recipe_40_HOM,0.2602919,0.28037223,0.31626326,0.3068728,0.33652675,0.31350282
cupboard,M,word2vec_recipe_40_HOM,0.2647035,0.32048866,0.348628,0.38514686,0.37419036,0.3897175
folk,P,word2vec_recipe_40_HOM,0.4037498,0.43108135,0.45306653,0.38264495,0.46922997,0.37151715
suggest,P,word2vec_recipe_40_HOM,0.30256003,0.30591762,0.3652845,0.2781897,0.38225716,0.25923464
extensive,P,word2vec_recipe_40_HOM,0.11480411,0.11887405,0.13250999,0.1356169,0.14039604,0.14620158
mushy,P,word2vec_recipe_40_HOM,0.29670486,0.3341627,0.3657261,0.3779355,0.39418778,0.38058925
vomit,P,word2vec_recipe_40_HOM,0.14529935,0.17868619,0.17197475,0.21253471,0.18324625,0.22688365
daytime,M,word2vec_recipe_40_HOM,0.16377029,0.19989476,0.20144749,0.22657073,0.21697025,0.242597
prostate,P,word2vec_recipe_40_HOM,0.10744254,0.124500714,0.13091566,0.149793,0.14213008,0.16559485
horizontal,M,word2vec_recipe_40_HOM,0.26716945,0.3122624,0.33475822,0.3547275,0.36147788,0.35174742
fuss,P,word2vec_recipe_40_HOM,0.31129736,0.29121864,0.35386768,0.2831373,0.37042487,0.27883863
fiber,P,word2vec_recipe_40_HOM,0.18452334,0.18344645,0.25376928,0.16342716,0.27508077,0.13166232
fame,P,word2vec_recipe_40_HOM,0.139986,0.12185275,0.16071342,0.1514376,0.17194271,0.16571365
mule,H,word2vec_recipe_40_HOM,0.13027969,0.1432628,0.1728818,0.19854721,0.19654585,0.2255043
lagoon,P,word2vec_recipe_40_HOM,0.1755924,0.1648326,0.2223743,0.22353017,0.2426483,0.25122094
crank,P,word2vec_recipe_40_HOM,0.41774434,0.47755012,0.4897026,0.4549648,0.5131521,0.46251592
immediate,P,word2vec_recipe_40_HOM,0.36296386,0.32837176,0.4182527,0.34147748,0.43703607,0.34594518
letter,P,word2vec_recipe_40_HOM,0.34994978,0.38755947,0.42195514,0.3950847,0.44841635,0.39441466
distant,P,word2vec_recipe_40_HOM,0.097113885,0.10820461,0.116758734,0.13541955,0.12632298,0.14801404
shrink,P,word2vec_recipe_40_HOM,0.35145128,0.45164582,0.42777786,0.3950969,0.45091462,0.37419784
upward,P,word2vec_recipe_40_HOM,0.24553314,0.28069344,0.30954644,0.3228331,0.3332702,0.32592753
dip,P,word2vec_recipe_40_HOM,0.4134621,0.42800838,0.48764142,0.4535584,0.51098615,0.4529611
functional,P,word2vec_recipe_40_HOM,0.08449125,0.104751304,0.10193616,0.12604149,0.1106946,0.13874775
chest,P,word2vec_recipe_40_HOM,0.31298882,0.3179436,0.3612236,0.33642435,0.3822844,0.35297182
carefree,M,word2vec_recipe_40_HOM,0.1606721,0.15668187,0.1857006,0.18586954,0.19667244,0.19741143
slot,P,word2vec_recipe_40_HOM,0.36215022,0.40608922,0.42644206,0.41356888,0.44850105,0.42624912
intestine,P,word2vec_recipe_40_HOM,0.18775985,0.20505878,0.26431865,0.30633017,0.29886445,0.34655595
linen,P,word2vec_recipe_40_HOM,0.25228366,0.28437823,0.37743482,0.40326625,0.42802963,0.43874356
value,P,word2vec_recipe_40_HOM,0.21905908,0.19031407,0.2623527,0.22994438,0.28719926,0.21977891
beg,P,word2vec_recipe_40_HOM,0.1281428,0.11663321,0.15154813,0.14517108,0.16251783,0.1559645
shoulder,P,word2vec_recipe_40_HOM,0.21941917,0.31605187,0.31484345,0.3822524,0.350177,0.38690978
cheerful,P,word2vec_recipe_40_HOM,0.15595233,0.12918228,0.1801994,0.16295129,0.19167054,0.17972441
jury,P,word2vec_recipe_40_HOM,0.08871405,0.10438763,0.10963066,0.13032193,0.118213154,0.14224827
roast,P,word2vec_recipe_40_HOM,0.2994048,0.3428188,0.37982422,0.42599902,0.41471022,0.42461202
restore,P,word2vec_recipe_40_HOM,0.3687213,0.34118217,0.4360289,0.403635,0.45787045,0.40523
classroom,M,word2vec_recipe_40_HOM,0.16905463,0.1758713,0.20195411,0.20993586,0.21647923,0.22463772
millimeter,M,word2vec_recipe_40_HOM,0.2106555,0.19723016,0.25765896,0.23874551,0.27900264,0.25768673
defective,P,word2vec_recipe_40_HOM,0.27670088,0.33151314,0.3391032,0.39526814,0.366389,0.41396874
humidity,P,word2vec_recipe_40_HOM,0.2881207,0.2989558,0.36429414,0.32803878,0.38948545,0.33117148
dwarf,P,word2vec_recipe_40_HOM,0.18579963,0.2245784,0.21612245,0.26501167,0.2287218,0.28510538
cheek,P,word2vec_recipe_40_HOM,0.33672547,0.32729656,0.38692772,0.3824841,0.4057605,0.39309156
appetite,P,word2vec_recipe_40_HOM,0.27722895,0.3277153,0.3314976,0.33365607,0.35376266,0.3272332
recommend,P,word2vec_recipe_40_HOM,0.2724211,0.30755723,0.34726465,0.29346338,0.36946517,0.2733731
powerful,P,word2vec_recipe_40_HOM,0.290012,0.3245224,0.35110047,0.38424432,0.37532356,0.3922094
consistent,P,word2vec_recipe_40_HOM,0.33865553,0.3667814,0.40848768,0.38704127,0.4334101,0.39625233
squeaky,M,word2vec_recipe_40_HOM,0.3056598,0.32426345,0.34205788,0.31212914,0.35849053,0.30760804
wreath,P,word2vec_recipe_40_HOM,0.2719032,0.3120598,0.34322062,0.37902838,0.37070248,0.38344717
worldwide,P,word2vec_recipe_40_HOM,0.12585405,0.13376053,0.1470973,0.15554698,0.156665,0.17415102
teacher,M,word2vec_recipe_40_HOM,0.10412806,0.11504173,0.1288825,0.13277495,0.14202444,0.15276042
improper,P,word2vec_recipe_40_HOM,0.13020702,0.15036029,0.15198572,0.17149593,0.16226844,0.1801622
puddle,P,word2vec_recipe_40_HOM,0.38103402,0.4219265,0.44897258,0.46467382,0.46928975,0.4591384
despair,P,word2vec_recipe_40_HOM,0.17437625,0.15331236,0.20638363,0.17198536,0.21999548,0.18464014
purgatory,P,word2vec_recipe_40_HOM,0.2505311,0.2508704,0.30666998,0.26212296,0.32322323,0.26088324
dirt,P,word2vec_recipe_40_HOM,0.34999737,0.40244144,0.4391748,0.45155898,0.46926188,0.46079737
pupil,H,word2vec_recipe_40_HOM,0.21643972,0.21055195,0.27909744,0.25385243,0.3126095,0.2937847
spatter,P,word2vec_recipe_40_HOM,0.29005486,0.3551592,0.39771572,0.44105923,0.43348774,0.43879706
oasis,P,word2vec_recipe_40_HOM,0.20303766,0.22395527,0.24343368,0.26424393,0.25933713,0.27913252
serum,P,word2vec_recipe_40_HOM,0.16808793,0.16647933,0.19804578,0.20273235,0.20926034,0.20968388
silk,P,word2vec_recipe_40_HOM,0.39683872,0.4084438,0.48148468,0.5057088,0.50991315,0.49971515
pooch,M,word2vec_recipe_40_HOM,0.21403623,0.20410886,0.24980381,0.23032221,0.26411197,0.24291924
smash,P,word2vec_recipe_40_HOM,0.3087619,0.41509324,0.4253541,0.48975816,0.46574062,0.5046334
handsome,P,word2vec_recipe_40_HOM,0.29196748,0.29152253,0.326046,0.2959607,0.33919638,0.29666904
criticism,P,word2vec_recipe_40_HOM,0.1912044,0.14892933,0.22042389,0.17758878,0.23249169,0.18752576
telegram,M,word2vec_recipe_40_HOM,0.14437525,0.14607833,0.16788857,0.16793711,0.17961885,0.1861616
accelerate,P,word2vec_recipe_40_HOM,0.24299808,0.26982793,0.2906529,0.27401617,0.31033814,0.28552195
trifle,P,word2vec_recipe_40_HOM,0.34304544,0.4147049,0.4236948,0.44889447,0.44959122,0.42819512
drift,P,word2vec_recipe_40_HOM,0.22509849,0.18915641,0.25907725,0.20277822,0.2712071,0.21403898
slit,P,word2vec_recipe_40_HOM,0.3210814,0.36074546,0.39560494,0.39132705,0.42659026,0.3923115
intend,P,word2vec_recipe_40_HOM,0.349995,0.33482468,0.4243028,0.32376397,0.44599903,0.30905935
obvious,P,word2vec_recipe_40_HOM,0.2563444,0.24847889,0.29480597,0.2675303,0.31028882,0.27102047
bran,M,word2vec_recipe_40_HOM,0.28997728,0.35217935,0.39335185,0.4170517,0.43106887,0.43014643
candle,P,word2vec_recipe_40_HOM,0.3711828,0.39829472,0.4437825,0.45480868,0.46710235,0.45654747
chore,P,word2vec_recipe_40_HOM,0.11512673,0.104817845,0.13694674,0.13101797,0.14657731,0.14063254
ignore,M,word2vec_recipe_40_HOM,0.2835425,0.20332152,0.31617376,0.1997554,0.32967147,0.20811926
regal,P,word2vec_recipe_40_HOM,0.22689691,0.18851544,0.25715762,0.19389029,0.269093,0.2121045
initial,P,word2vec_recipe_40_HOM,0.28340483,0.27765092,0.32585606,0.28448814,0.34407955,0.2887667
hunger,P,word2vec_recipe_40_HOM,0.15509892,0.13727318,0.18954615,0.16358265,0.20218284,0.17944646
liberate,P,word2vec_recipe_40_HOM,0.18127039,0.18712594,0.2084077,0.22990468,0.21978976,0.24145882
caramel,P,word2vec_recipe_40_HOM,0.30201158,0.33903337,0.38247105,0.41709736,0.41251922,0.42658427
windmill,P,word2vec_recipe_40_HOM,0.23159747,0.25475976,0.26761678,0.28916898,0.28452957,0.3089449
darn,H,word2vec_recipe_40_HOM,0.20067668,0.21871743,0.24866606,0.25111055,0.26686582,0.24878007
manger,M,word2vec_recipe_40_HOM,0.15676787,0.14494014,0.17662016,0.1735536,0.185143,0.18185389
outdoor,M,word2vec_recipe_40_HOM,0.30884513,0.32949334,0.4211779,0.42958534,0.4611498,0.442324
raft,H,word2vec_recipe_40_HOM,0.3599835,0.34662896,0.4081401,0.38949272,0.42489928,0.39734244
ketchup,M,word2vec_recipe_40_HOM,0.26948842,0.31470627,0.35859057,0.3697193,0.39864853,0.39698014
equation,P,word2vec_recipe_40_HOM,0.11571113,0.13111897,0.13518015,0.14748184,0.14306684,0.15990007
novel,H,word2vec_recipe_40_HOM,0.1055972,0.1058851,0.12735327,0.13210328,0.13844319,0.14700443
salad,P,word2vec_recipe_40_HOM,0.29660553,0.3562697,0.36240792,0.35590324,0.38793457,0.3501184
newspaper,P,word2vec_recipe_40_HOM,0.3281332,0.37253433,0.39828327,0.4045394,0.4246889,0.41505522
flask,P,word2vec_recipe_40_HOM,0.26429105,0.28617278,0.30959415,0.35568568,0.3290883,0.37480655
toothpaste,M,word2vec_recipe_40_HOM,0.3280692,0.34832284,0.3766795,0.3553506,0.3942976,0.35611063
nuisance,M,word2vec_recipe_40_HOM,0.18110308,0.13793756,0.20435517,0.1457731,0.21357876,0.1545271
disagree,P,word2vec_recipe_40_HOM,0.077536,0.09224099,0.09611485,0.11779783,0.10552721,0.13213217
station,P,word2vec_recipe_40_HOM,0.41622257,0.4829148,0.50438523,0.49865538,0.52585006,0.47021568
entrance,H,word2vec_recipe_40_HOM,0.16080405,0.16844259,0.19887727,0.22913209,0.21788114,0.25523162
signature,P,word2vec_recipe_40_HOM,0.27165574,0.28709528,0.3100576,0.2980805,0.32441258,0.30291903
ridge,P,word2vec_recipe_40_HOM,0.33326998,0.37481415,0.3886911,0.36807156,0.40787697,0.38527465
bless,P,word2vec_recipe_40_HOM,0.15175132,0.12806879,0.17740071,0.15089077,0.19041294,0.16889809
hatch,H,word2vec_recipe_40_HOM,0.3422475,0.31608838,0.39181477,0.33937886,0.41373116,0.37560394
iodine,P,word2vec_recipe_40_HOM,0.11882947,0.10070017,0.19600512,0.1279427,0.22404978,0.13119622
manual,P,word2vec_recipe_40_HOM,0.28098854,0.30799362,0.3752962,0.41035542,0.4236563,0.46921924
hangover,M,word2vec_recipe_40_HOM,0.27599305,0.22822769,0.30903813,0.24561709,0.32182068,0.25447085
session,P,word2vec_recipe_40_HOM,0.2621878,0.22816086,0.30620375,0.24589424,0.32156983,0.25532982
freak,H,word2vec_recipe_40_HOM,0.22982995,0.17304541,0.266967,0.19469617,0.280841,0.20278892
gum,H,word2vec_recipe_40_HOM,0.29832608,0.29546878,0.3878059,0.36741078,0.4227941,0.42812738
invoke,P,word2vec_recipe_40_HOM,0.14327317,0.1411768,0.16383843,0.16083597,0.17337315,0.16874288
curse,P,word2vec_recipe_40_HOM,0.09567022,0.10163318,0.11285267,0.124078885,0.12185358,0.13455899
allergy,M,word2vec_recipe_40_HOM,0.21516518,0.23951927,0.26579416,0.24696414,0.28155932,0.25176036
prompt,P,word2vec_recipe_40_HOM,0.11991508,0.12584352,0.13897015,0.13640414,0.14724018,0.1473183
groove,P,word2vec_recipe_40_HOM,0.26884604,0.29723382,0.31955838,0.32888943,0.3419172,0.32733697
brag,P,word2vec_recipe_40_HOM,0.19238773,0.17213097,0.21709576,0.19418743,0.22830385,0.20934917
theme,P,word2vec_recipe_40_HOM,0.24084504,0.23962009,0.27307478,0.25055763,0.286668,0.25748765
election,P,word2vec_recipe_40_HOM,0.17130288,0.14453132,0.19996916,0.17506474,0.21203762,0.18803734
karate,M,word2vec_recipe_40_HOM,0.14016353,0.13015005,0.15878221,0.14974077,0.1677048,0.1575324
extension,P,word2vec_recipe_40_HOM,0.20333762,0.1724147,0.235457,0.19036135,0.24902707,0.20311306
sky,P,word2vec_recipe_40_HOM,0.43310413,0.34628573,0.47998738,0.37521383,0.495989,0.36808473
yen,H,word2vec_recipe_40_HOM,0.30911297,0.26956818,0.3554746,0.31570932,0.37311482,0.31401455
cathedral,P,word2vec_recipe_40_HOM,0.16322088,0.16131552,0.20554642,0.20187141,0.22433306,0.21957968
lateral,P,word2vec_recipe_40_HOM,0.1723586,0.21371065,0.21245009,0.26548707,0.23298432,0.28992426
cardboard,M,word2vec_recipe_40_HOM,0.30875212,0.29900634,0.36280662,0.33869523,0.3813956,0.35017428
discover,P,word2vec_recipe_40_HOM,0.12558904,0.122595824,0.1465274,0.13618916,0.15519394,0.14801691
zip,H,word2vec_recipe_40_HOM,0.17557602,0.18824854,0.32452336,0.3059019,0.40018097,0.3970338
alligator,M,word2vec_recipe_40_HOM,0.3397489,0.429674,0.38887334,0.40219858,0.4080993,0.39165455
dedication,P,word2vec_recipe_40_HOM,0.16089834,0.18256785,0.1818676,0.19949931,0.19034113,0.2018124
crutch,P,word2vec_recipe_40_HOM,0.18659845,0.19010834,0.21663515,0.19740747,0.22881792,0.20725286
gross,P,word2vec_recipe_40_HOM,0.2134634,0.21393171,0.2606089,0.23288637,0.27732888,0.23600064
behalf,P,word2vec_recipe_40_HOM,0.17745623,0.14523917,0.20956945,0.17012304,0.22411463,0.1878357
fist,P,word2vec_recipe_40_HOM,0.32099,0.33953056,0.4059501,0.44959337,0.44061098,0.47157606
clubhouse,M,word2vec_recipe_40_HOM,0.16910677,0.17297338,0.19467324,0.19968498,0.20520736,0.2066274
coil,H,word2vec_recipe_40_HOM,0.21637928,0.27500942,0.2891163,0.31551063,0.31790477,0.33537576
bait,P,word2vec_recipe_40_HOM,0.26372764,0.22683145,0.29612094,0.23777167,0.30787686,0.24440874
activate,P,word2vec_recipe_40_HOM,0.30702808,0.37378806,0.40433252,0.4507785,0.44086212,0.48875356
difficult,P,word2vec_recipe_40_HOM,0.2777997,0.23640746,0.3258538,0.251319,0.3431054,0.2479542
tiara,P,word2vec_recipe_40_HOM,0.21661906,0.24689074,0.2552987,0.2953149,0.27068275,0.3097329
slack,H,word2vec_recipe_40_HOM,0.20576337,0.1845408,0.26528388,0.2509067,0.29370666,0.27628917
bleed,P,word2vec_recipe_40_HOM,0.34482536,0.34404105,0.3991446,0.28920865,0.41653618,0.29242936
valve,P,word2vec_recipe_40_HOM,0.343528,0.35669723,0.4400233,0.45533594,0.4818997,0.5001992
express,P,word2vec_recipe_40_HOM,0.41289902,0.27833995,0.45415333,0.29873827,0.46846175,0.30142266
midnight,P,word2vec_recipe_40_HOM,0.26997858,0.27457768,0.30941227,0.2882587,0.32542259,0.30038255
volatile,P,word2vec_recipe_40_HOM,0.2118206,0.22077614,0.25523695,0.24310896,0.2722514,0.263518
sudden,P,word2vec_recipe_40_HOM,0.29128164,0.24750507,0.33340684,0.2462692,0.3482641,0.25508088
taste,P,word2vec_recipe_40_HOM,0.22485991,0.22574562,0.29088372,0.27412093,0.32353333,0.29635838
tub,P,word2vec_recipe_40_HOM,0.3767861,0.43794715,0.44794858,0.45370162,0.47276247,0.46639082
pencil,P,word2vec_recipe_40_HOM,0.26960927,0.2754395,0.31767035,0.31094918,0.3367011,0.3229985
blend,P,word2vec_recipe_40_HOM,0.32077685,0.39503464,0.38839054,0.43504208,0.41377053,0.4364003
survive,P,word2vec_recipe_40_HOM,0.13780293,0.11852763,0.1645291,0.14912026,0.17588302,0.16293474
riot,P,word2vec_recipe_40_HOM,0.15123865,0.15173176,0.17331083,0.17436796,0.18346949,0.17825471
tent,P,word2vec_recipe_40_HOM,0.34540567,0.35386208,0.43584797,0.3939261,0.46540892,0.39849314
polite,P,word2vec_recipe_40_HOM,0.20713267,0.25484407,0.2530432,0.26599276,0.2701935,0.26156726
shower,H,word2vec_recipe_40_HOM,0.4084342,0.41423428,0.45915294,0.4168672,0.47546113,0.4161452
scold,P,word2vec_recipe_40_HOM,0.1356958,0.13108122,0.1593416,0.14215632,0.16937357,0.16093361
ruthless,M,word2vec_recipe_40_HOM,0.1584812,0.17328781,0.18360749,0.20118663,0.19529282,0.21253145
historic,P,word2vec_recipe_40_HOM,0.11328095,0.12617442,0.13751662,0.15507615,0.14825737,0.16842034
convenient,P,word2vec_recipe_40_HOM,0.2961567,0.27074045,0.33286273,0.25621852,0.34570122,0.24196318
tolerant,P,word2vec_recipe_40_HOM,0.15119545,0.14040813,0.17566238,0.15453666,0.18609321,0.16676323
pool,H,word2vec_recipe_40_HOM,0.40486994,0.45631227,0.47160664,0.5158086,0.492906,0.49868172
icebox,P,word2vec_recipe_40_HOM,0.37827247,0.2748399,0.41681334,0.2739537,0.43070614,0.2732538
belief,P,word2vec_recipe_40_HOM,0.14238352,0.13128674,0.16375814,0.14506373,0.1738758,0.15395357
polar,P,word2vec_recipe_40_HOM,0.21989886,0.23014443,0.2563958,0.28394657,0.2716887,0.2959696
handful,P,word2vec_recipe_40_HOM,0.3800826,0.45172825,0.4777272,0.48879173,0.50772804,0.4947151
picky,M,word2vec_recipe_40_HOM,0.19831279,0.19471481,0.23370948,0.20580825,0.24841174,0.2081238
sunglasses,M,word2vec_recipe_40_HOM,0.17432061,0.1838821,0.20672777,0.23657104,0.22214992,0.26022118
rumble,P,word2vec_recipe_40_HOM,0.24544851,0.21336785,0.27279162,0.2242053,0.28422505,0.23569126
tofu,M,word2vec_recipe_40_HOM,0.30289456,0.3406912,0.38377067,0.41364634,0.41197085,0.41146865
scream,P,word2vec_recipe_40_HOM,0.2861759,0.2462001,0.33103028,0.27996922,0.3473056,0.29910624
coaster,P,word2vec_recipe_40_HOM,0.21886075,0.22578466,0.24834889,0.26096135,0.2610774,0.26736927
cash,P,word2vec_recipe_40_HOM,0.13982335,0.11742412,0.1609331,0.13753553,0.1712019,0.15292554
mode,H,word2vec_recipe_40_HOM,0.37888533,0.37706956,0.46197933,0.4391123,0.4980752,0.49768654
forum,P,word2vec_recipe_40_HOM,0.13388106,0.12945548,0.16121958,0.15155606,0.17346643,0.16733804
posse,P,word2vec_recipe_40_HOM,0.12729621,0.15503906,0.15912263,0.18459834,0.17558704,0.20549321
swarm,H,word2vec_recipe_40_HOM,0.13531816,0.1483591,0.15403695,0.17865485,0.16294079,0.18713607
compete,P,word2vec_recipe_40_HOM,0.20547418,0.16770133,0.23172611,0.18616395,0.24138814,0.19303945
swell,P,word2vec_recipe_40_HOM,0.37021908,0.43713608,0.45592406,0.46453336,0.48172364,0.4671035
memo,M,word2vec_recipe_40_HOM,0.12127261,0.12421274,0.14384682,0.1442322,0.15433101,0.16000894
motor,P,word2vec_recipe_40_HOM,0.3120598,0.41027012,0.42703846,0.4422671,0.4765086,0.481539
print,P,word2vec_recipe_40_HOM,0.2723984,0.24169752,0.32091275,0.27920228,0.34043622,0.30182117
patio,P,word2vec_recipe_40_HOM,0.24826741,0.23860557,0.28922614,0.28215337,0.3045396,0.28017557
stump,P,word2vec_recipe_40_HOM,0.21486063,0.20206334,0.2574035,0.2543182,0.27944118,0.2824473
demo,P,word2vec_recipe_40_HOM,0.11014106,0.13160461,0.1364251,0.14819941,0.14794052,0.15688093
lunchtime,M,word2vec_recipe_40_HOM,0.27844235,0.25504926,0.32298198,0.2791386,0.34089905,0.27895513
bird,P,word2vec_recipe_40_HOM,0.23171929,0.30215746,0.34345385,0.418301,0.387113,0.44935244
tortoise,P,word2vec_recipe_40_HOM,0.19188419,0.20718454,0.22331277,0.24402168,0.23739302,0.25840425
tomb,P,word2vec_recipe_40_HOM,0.18383989,0.21458778,0.21602744,0.22953276,0.23115799,0.24271911
scarecrow,P,word2vec_recipe_40_HOM,0.18938097,0.20246136,0.24413635,0.27594543,0.26808912,0.3001747
phase,P,word2vec_recipe_40_HOM,0.40031028,0.37970176,0.4459321,0.33557487,0.46223637,0.33361474
flop,P,word2vec_recipe_40_HOM,0.37902036,0.41417396,0.43400443,0.40269223,0.45237637,0.40922874
rooster,M,word2vec_recipe_40_HOM,0.2600634,0.25270724,0.30382112,0.28869486,0.3207629,0.30439645
horror,P,word2vec_recipe_40_HOM,0.08342616,0.10098985,0.100377046,0.121229544,0.109293364,0.135319
compassion,M,word2vec_recipe_40_HOM,0.15979545,0.19858141,0.21142018,0.22730269,0.23014027,0.22412537
confess,P,word2vec_recipe_40_HOM,0.11045424,0.09485903,0.13146041,0.12775041,0.14218754,0.14040425
unleash,M,word2vec_recipe_40_HOM,0.14289086,0.13349018,0.16190496,0.1664335,0.17078455,0.17626382
deodorant,P,word2vec_recipe_40_HOM,0.16574898,0.17632514,0.19511527,0.19245799,0.20737186,0.1978937
tension,P,word2vec_recipe_40_HOM,0.22076416,0.25057024,0.26382762,0.2895826,0.2845829,0.30746284
homesick,M,word2vec_recipe_40_HOM,0.12668711,0.14084822,0.15107375,0.16096845,0.16214448,0.1708916
football,P,word2vec_recipe_40_HOM,0.31457224,0.29662308,0.36015502,0.31461743,0.3795167,0.31632257
thong,P,word2vec_recipe_40_HOM,0.15645066,0.17187303,0.18297203,0.1954207,0.19381207,0.20704778
poodle,M,word2vec_recipe_40_HOM,0.19803655,0.20409061,0.2268917,0.20717339,0.23810393,0.20707397
dangerous,M,word2vec_recipe_40_HOM,0.22804534,0.19525826,0.26252228,0.20880903,0.27646634,0.2231977
study,P,word2vec_recipe_40_HOM,0.14001846,0.13167097,0.16043147,0.14937197,0.16966507,0.16353375
explode,P,word2vec_recipe_40_HOM,0.31885415,0.32210183,0.37139878,0.30927005,0.38982132,0.29072043
distinct,P,word2vec_recipe_40_HOM,0.3209466,0.30763003,0.3724078,0.32842323,0.39332798,0.35063753
crummy,P,word2vec_recipe_40_HOM,0.21543738,0.19800405,0.25214458,0.22964375,0.26489726,0.24639441
choice,P,word2vec_recipe_40_HOM,0.28308013,0.3675562,0.37891608,0.42570347,0.4164179,0.41755635
residual,P,word2vec_recipe_40_HOM,0.3782305,0.3402768,0.4157231,0.36527312,0.43201393,0.36185914
carnival,P,word2vec_recipe_40_HOM,0.23584564,0.21375549,0.26533827,0.22551374,0.27641165,0.22999826
slop,P,word2vec_recipe_40_HOM,0.30499178,0.26215583,0.34219554,0.28489864,0.35706028,0.29522038
thump,P,word2vec_recipe_40_HOM,0.252031,0.30438367,0.3334427,0.3379765,0.35837266,0.33451203
vest,P,word2vec_recipe_40_HOM,0.20328116,0.20736326,0.2367314,0.26606765,0.25073266,0.27885354
fireplace,P,word2vec_recipe_40_HOM,0.2670946,0.32060638,0.32801196,0.39451614,0.35405064,0.42011508
measure,P,word2vec_recipe_40_HOM,0.39995456,0.3749117,0.45677888,0.41105548,0.47816116,0.4330729
pyramid,P,word2vec_recipe_40_HOM,0.36738706,0.3395963,0.4230365,0.39639977,0.4429516,0.4023615
duck,H,word2vec_recipe_40_HOM,0.2381722,0.29700282,0.34099331,0.4324541,0.3784723,0.4538916
foot,P,word2vec_recipe_40_HOM,0.3227624,0.3291661,0.37879056,0.3682437,0.39819556,0.38692003
dictionary,P,word2vec_recipe_40_HOM,0.09974302,0.10656489,0.11810963,0.13596922,0.12830926,0.15212592
disguise,P,word2vec_recipe_40_HOM,0.20640814,0.15429,0.2325358,0.1576756,0.2440018,0.1697783
mosquito,M,word2vec_recipe_40_HOM,0.1659639,0.19081363,0.19331299,0.2211111,0.20639575,0.23636189
butter,P,word2vec_recipe_40_HOM,0.26336223,0.30355853,0.39154825,0.38750082,0.42739287,0.3841075
horizon,P,word2vec_recipe_40_HOM,0.24954729,0.2595604,0.28493622,0.27069652,0.29944512,0.2792084
blaze,H,word2vec_recipe_40_HOM,0.21762006,0.29505318,0.32702497,0.40447035,0.36202297,0.41613546
student,P,word2vec_recipe_40_HOM,0.17095268,0.17497249,0.19839628,0.21026301,0.21043499,0.21457471
sinful,P,word2vec_recipe_40_HOM,0.2525104,0.2723979,0.30891502,0.33653417,0.33083144,0.34559113
build,P,word2vec_recipe_40_HOM,0.40630975,0.4402165,0.47527993,0.4461726,0.497995,0.45382822
incident,P,word2vec_recipe_40_HOM,0.17612043,0.15537624,0.19961216,0.1866532,0.2089312,0.19878401
aside,P,word2vec_recipe_40_HOM,0.3985688,0.44317862,0.4878035,0.42447725,0.51324755,0.41611162
unlikely,P,word2vec_recipe_40_HOM,0.31538028,0.2294966,0.35488355,0.23656431,0.36967427,0.23965564
picnic,P,word2vec_recipe_40_HOM,0.28348693,0.33264405,0.35144168,0.37692633,0.37484917,0.3835477
pasture,P,word2vec_recipe_40_HOM,0.12050589,0.10785734,0.14025444,0.13179998,0.14971924,0.14424996
group,P,word2vec_recipe_40_HOM,0.3517968,0.30479437,0.40033257,0.30385798,0.41754135,0.30229437
precious,P,word2vec_recipe_40_HOM,0.2588601,0.2174199,0.29099,0.23468897,0.30569527,0.24534668
depot,P,word2vec_recipe_40_HOM,0.1391991,0.14668797,0.16492552,0.15391666,0.17647755,0.165842
portal,P,word2vec_recipe_40_HOM,0.12456377,0.14282729,0.1433597,0.17488386,0.15214482,0.18421249
outdoors,P,word2vec_recipe_40_HOM,0.26700473,0.3189169,0.32801014,0.3767323,0.35269725,0.3912288
toil,H,word2vec_recipe_40_HOM,0.23776403,0.23764734,0.2680341,0.24481198,0.28041482,0.26024458
monitor,P,word2vec_recipe_40_HOM,0.3160965,0.39786053,0.37356064,0.3927145,0.3962887,0.4125543
dilemma,P,word2vec_recipe_40_HOM,0.13360843,0.14416918,0.15342048,0.17242137,0.16212742,0.18165335
gadget,M,word2vec_recipe_40_HOM,0.19103126,0.19441292,0.22837014,0.19806606,0.2423305,0.20372087
sample,P,word2vec_recipe_40_HOM,0.34194496,0.38180023,0.41061473,0.3544574,0.43029788,0.34698698
staple,H,word2vec_recipe_40_HOM,0.31983402,0.2724863,0.3598517,0.28505364,0.3762415,0.2921586
drain,P,word2vec_recipe_40_HOM,0.37478486,0.36489633,0.44594085,0.37623724,0.47152624,0.3858611
buffer,H,word2vec_recipe_40_HOM,0.16603689,0.20951128,0.19644397,0.23431335,0.20984672,0.2428979
success,P,word2vec_recipe_40_HOM,0.2507709,0.1708009,0.28132474,0.17740904,0.2942348,0.1986586
witness,P,word2vec_recipe_40_HOM,0.10752249,0.10004097,0.12545681,0.12602037,0.13328046,0.1373074
thumb,P,word2vec_recipe_40_HOM,0.25010818,0.3379892,0.37056157,0.4499443,0.4147324,0.45387667
velvet,P,word2vec_recipe_40_HOM,0.30639055,0.30061924,0.35612163,0.27547714,0.37557107,0.2708466
stingy,P,word2vec_recipe_40_HOM,0.27645472,0.23306316,0.32701272,0.2341208,0.34472275,0.2444951
parade,P,word2vec_recipe_40_HOM,0.16613781,0.17033745,0.19007641,0.19899139,0.20091103,0.20321853
necklace,M,word2vec_recipe_40_HOM,0.19720466,0.20986372,0.24128337,0.2569514,0.25967738,0.28241283
arise,P,word2vec_recipe_40_HOM,0.20521562,0.1793173,0.24322775,0.22388594,0.2593987,0.2400114
anal,P,word2vec_recipe_40_HOM,0.14158906,0.16108279,0.1681517,0.19184598,0.17968394,0.20205544
cook,P,word2vec_recipe_40_HOM,0.36800665,0.39504457,0.44756493,0.39282936,0.470391,0.3885839
carpet,P,word2vec_recipe_40_HOM,0.22808132,0.22487761,0.27105322,0.27348584,0.29112533,0.29471582
highlight,P,word2vec_recipe_40_HOM,0.18219753,0.18877903,0.23584326,0.23956478,0.25865394,0.26160914
grizzly,P,word2vec_recipe_40_HOM,0.16798538,0.15931356,0.19406171,0.19517988,0.20354193,0.20605293
blank,P,word2vec_recipe_40_HOM,0.24068479,0.22317141,0.27922124,0.26775104,0.29413098,0.27486473
funk,H,word2vec_recipe_40_HOM,0.15115945,0.18800893,0.17473805,0.21103758,0.1846648,0.2259068
enhance,M,word2vec_recipe_40_HOM,0.2315598,0.2926102,0.29540807,0.32469454,0.32546437,0.32991147
shaker,P,word2vec_recipe_40_HOM,0.21447282,0.23029327,0.29609263,0.26860917,0.33366576,0.29395497
phrase,P,word2vec_recipe_40_HOM,0.12547497,0.10768278,0.14853822,0.1372121,0.1581776,0.14546254
perfection,P,word2vec_recipe_40_HOM,0.31820092,0.24573998,0.3556704,0.2612331,0.3680135,0.26226935
scripture,P,word2vec_recipe_40_HOM,0.18992075,0.16050899,0.23773192,0.20543782,0.25650144,0.21849799
sociable,P,word2vec_recipe_40_HOM,0.18200341,0.2369651,0.26292565,0.32523856,0.29161415,0.33355278
knuckle,P,word2vec_recipe_40_HOM,0.3218666,0.3303269,0.3832778,0.38531297,0.41108,0.40915114
shatter,P,word2vec_recipe_40_HOM,0.20024376,0.1680674,0.23100793,0.19478545,0.24556017,0.20618257
dummy,P,word2vec_recipe_40_HOM,0.17460945,0.19226189,0.2016904,0.21801108,0.21200982,0.226627
bridge,H,word2vec_recipe_40_HOM,0.2481232,0.23528351,0.2804732,0.250548,0.29232803,0.2656097
grind,P,word2vec_recipe_40_HOM,0.31051484,0.3672499,0.39898503,0.4083791,0.4374173,0.43660414
puzzle,P,word2vec_recipe_40_HOM,0.23574111,0.24601547,0.28114045,0.27326843,0.29898307,0.2883141
skunk,P,word2vec_recipe_40_HOM,0.13927034,0.15244687,0.16646011,0.18158111,0.17838296,0.18611221
viewer,P,word2vec_recipe_40_HOM,0.44192347,0.5142049,0.5201173,0.50403756,0.54533416,0.4889202
jest,P,word2vec_recipe_40_HOM,0.19722885,0.23499842,0.24497108,0.30346626,0.26961508,0.33071318
compliment,P,word2vec_recipe_40_HOM,0.24624237,0.31667218,0.30654013,0.3648257,0.33183503,0.36907277
hoot,P,word2vec_recipe_40_HOM,0.1770118,0.15570898,0.20367485,0.18919642,0.21506676,0.19946802
formal,P,word2vec_recipe_40_HOM,0.23873034,0.24000908,0.29027352,0.26182136,0.3065995,0.2592531
pilot,P,word2vec_recipe_40_HOM,0.35507685,0.35009587,0.4301933,0.44346815,0.4557036,0.46292824
harsh,P,word2vec_recipe_40_HOM,0.2224212,0.25387713,0.26369512,0.25806105,0.28026435,0.25790623
simple,P,word2vec_recipe_40_HOM,0.3228442,0.34645545,0.3676006,0.37166366,0.38625962,0.38629967
bastard,P,word2vec_recipe_40_HOM,0.15851632,0.17298928,0.18661495,0.20259935,0.19954683,0.21088453
gel,P,word2vec_recipe_40_HOM,0.3285542,0.3329815,0.40664276,0.41905707,0.43549213,0.43649215
monastery,M,word2vec_recipe_40_HOM,0.17606862,0.19564492,0.19945088,0.21224026,0.21029858,0.21872817
belly,P,word2vec_recipe_40_HOM,0.2814644,0.332936,0.35749084,0.37252194,0.38227096,0.40245113
traffic,P,word2vec_recipe_40_HOM,0.19642337,0.20535362,0.22668348,0.23952433,0.23806587,0.24625176
kinky,P,word2vec_recipe_40_HOM,0.19129352,0.22345611,0.22408092,0.26968837,0.24038555,0.296885
rash,H,word2vec_recipe_40_HOM,0.15129824,0.15501049,0.20124674,0.21455088,0.22154541,0.23520085
assault,P,word2vec_recipe_40_HOM,0.15330103,0.1780767,0.17560767,0.20072049,0.18533154,0.20842002
cross,P,word2vec_recipe_40_HOM,0.26846436,0.29322064,0.33394095,0.34606966,0.360275,0.35427147
style,P,word2vec_recipe_40_HOM,0.3226793,0.23253775,0.3670868,0.27189413,0.38196152,0.27218094
pad,H,word2vec_recipe_40_HOM,0.3189333,0.21374793,0.3787965,0.27421308,0.40295488,0.29581305
oatmeal,P,word2vec_recipe_40_HOM,0.28448194,0.3871193,0.35219043,0.34975594,0.37634194,0.33863115
facial,P,word2vec_recipe_40_HOM,0.25407165,0.26955745,0.30729446,0.30871934,0.33230796,0.3366399
delight,P,word2vec_recipe_40_HOM,0.24723382,0.27182198,0.30203435,0.2395479,0.3188976,0.24136035
ether,P,word2vec_recipe_40_HOM,0.17381856,0.19427928,0.20114131,0.22932339,0.21279524,0.25240704
stomach,P,word2vec_recipe_40_HOM,0.22136779,0.23257662,0.2900758,0.32321802,0.3169097,0.35003775
diaper,P,word2vec_recipe_40_HOM,0.2584412,0.27994704,0.3048643,0.31494293,0.32416263,0.32867178
syndrome,P,word2vec_recipe_40_HOM,0.13276783,0.13096817,0.1566582,0.14431734,0.16726135,0.15670922
expertise,M,word2vec_recipe_40_HOM,0.097668685,0.1077631,0.115107514,0.1277195,0.124042794,0.14185701
army,P,word2vec_recipe_40_HOM,0.30610737,0.22977147,0.33954105,0.24478665,0.35225946,0.24536818
roadside,P,word2vec_recipe_40_HOM,0.19753948,0.20368427,0.2262072,0.21544038,0.23761168,0.22003205
appetizer,M,word2vec_recipe_40_HOM,0.2743908,0.35484383,0.40439782,0.44472775,0.43991128,0.43898773
float,P,word2vec_recipe_40_HOM,0.42546868,0.40803474,0.50051606,0.46036977,0.52350503,0.46210414
challenge,P,word2vec_recipe_40_HOM,0.20904775,0.17863472,0.23445006,0.18343371,0.24572767,0.1892895
lonely,P,word2vec_recipe_40_HOM,0.13910362,0.13757785,0.16070816,0.14785323,0.16994089,0.16208124
sauce,P,word2vec_recipe_40_HOM,0.26406407,0.28651637,0.35011342,0.31979707,0.38150775,0.3419259
commence,M,word2vec_recipe_40_HOM,0.22680616,0.20311621,0.2543492,0.21928914,0.2653978,0.2270603
goof,P,word2vec_recipe_40_HOM,0.20539662,0.1607736,0.23662896,0.18693642,0.25013423,0.20213826
galley,P,word2vec_recipe_40_HOM,0.12480886,0.14236888,0.14464039,0.16006964,0.15487187,0.17231463
tradition,P,word2vec_recipe_40_HOM,0.23431325,0.22136223,0.26776588,0.24295905,0.2812091,0.24342832
cheap,P,word2vec_recipe_40_HOM,0.24183044,0.27717578,0.29015633,0.28194177,0.30799562,0.2879939
fantastic,P,word2vec_recipe_40_HOM,0.16732363,0.22926167,0.26051375,0.3308568,0.2927334,0.34541565
delicious,P,word2vec_recipe_40_HOM,0.1824184,0.24077043,0.28094378,0.3436606,0.3183744,0.35880023
frail,H,word2vec_recipe_40_HOM,0.0962529,0.09873544,0.11695565,0.12684295,0.12544893,0.1423921
funnel,P,word2vec_recipe_40_HOM,0.3914357,0.4028598,0.4559096,0.46656308,0.48000175,0.48767772
hedge,P,word2vec_recipe_40_HOM,0.13965797,0.1543947,0.16092005,0.17301519,0.16942474,0.18738371
uncertain,P,word2vec_recipe_40_HOM,0.13161944,0.1168329,0.15222515,0.141945,0.16257586,0.1540849
depression,P,word2vec_recipe_40_HOM,0.2795803,0.3446715,0.42311263,0.4684879,0.46748528,0.4771147
temptation,P,word2vec_recipe_40_HOM,0.35788918,0.36144784,0.41555214,0.3501088,0.43435383,0.33933637
jail,P,word2vec_recipe_40_HOM,0.14277248,0.15388441,0.17083372,0.17175396,0.18321289,0.18239719
depend,P,word2vec_recipe_40_HOM,0.28773028,0.353482,0.4108023,0.40154696,0.4515345,0.40005377
diner,P,word2vec_recipe_40_HOM,0.3492072,0.34286663,0.42183223,0.3590562,0.44182777,0.3641226
quail,H,word2vec_recipe_40_HOM,0.2757206,0.27625188,0.38384393,0.45614302,0.4223848,0.4772722
space,P,word2vec_recipe_40_HOM,0.34421223,0.42234194,0.4081153,0.3746711,0.42815238,0.35270855
slum,P,word2vec_recipe_40_HOM,0.1180828,0.14230092,0.14152926,0.16802664,0.15141098,0.18019718
hip,H,word2vec_recipe_40_HOM,0.31770247,0.31645218,0.38199893,0.39794064,0.4061139,0.4184417
fix,P,word2vec_recipe_40_HOM,0.34603208,0.30733904,0.38715458,0.30478212,0.4023822,0.32043466
persist,P,word2vec_recipe_40_HOM,0.0969197,0.10907333,0.116042815,0.13399428,0.12460255,0.14779952
serve,P,word2vec_recipe_40_HOM,0.29452604,0.3661562,0.4277131,0.4235356,0.47126067,0.41848555
range,P,word2vec_recipe_40_HOM,0.34634838,0.37390968,0.41345546,0.39820707,0.43531564,0.39489815
foolish,P,word2vec_recipe_40_HOM,0.13752958,0.12709752,0.15808186,0.156766,0.16712143,0.16615142
explosive,P,word2vec_recipe_40_HOM,0.16440885,0.14762114,0.18663299,0.16164866,0.19626944,0.17164297
immune,P,word2vec_recipe_40_HOM,0.13414629,0.14935797,0.17574339,0.18946342,0.1970011,0.20983364
thrive,P,word2vec_recipe_40_HOM,0.13003156,0.13314746,0.15100391,0.1506966,0.16166292,0.16217947
synthetic,P,word2vec_recipe_40_HOM,0.18913934,0.21338406,0.22425346,0.25650015,0.23796077,0.2578696
blah,P,word2vec_recipe_40_HOM,0.12430991,0.12820354,0.14455855,0.14240965,0.15419425,0.15233028
compromise,P,word2vec_recipe_40_HOM,0.15895286,0.14757536,0.18002512,0.16544421,0.18865772,0.17427549
cucumber,P,word2vec_recipe_40_HOM,0.2514859,0.32281768,0.3335882,0.37471387,0.36470768,0.39146084
illness,P,word2vec_recipe_40_HOM,0.36528453,0.33458,0.44699204,0.30316955,0.46651337,0.2798963
sketchy,P,word2vec_recipe_40_HOM,0.07225122,0.087130725,0.08820877,0.115964346,0.09644264,0.12930875
calcium,P,word2vec_recipe_40_HOM,0.18246707,0.1547705,0.24747223,0.18984294,0.28217685,0.16082273
bulk,P,word2vec_recipe_40_HOM,0.3433535,0.3384806,0.47977698,0.48399672,0.5277978,0.5177515
iceberg,P,word2vec_recipe_40_HOM,0.2581283,0.30844888,0.36777228,0.40655288,0.4067293,0.41702154
arm,H,word2vec_recipe_40_HOM,0.34553394,0.34488717,0.40234044,0.35742015,0.42034027,0.35064504
vanishing,P,word2vec_recipe_40_HOM,0.116949484,0.11445486,0.1511572,0.16240476,0.16701737,0.17772162
cease,P,word2vec_recipe_40_HOM,0.25665244,0.25630394,0.30314353,0.31972185,0.32459408,0.33077988
faucet,M,word2vec_recipe_40_HOM,0.35367128,0.41303948,0.41084626,0.43360424,0.43682373,0.4437043
shudder,P,word2vec_recipe_40_HOM,0.08225403,0.08781996,0.100082785,0.115427904,0.10891958,0.13026905
mission,P,word2vec_recipe_40_HOM,0.3249299,0.3012059,0.36273628,0.32522613,0.37825412,0.3438192
campaign,P,word2vec_recipe_40_HOM,0.11797234,0.13999361,0.1353827,0.15599336,0.14438298,0.16674288
secondary,P,word2vec_recipe_40_HOM,0.24587473,0.28500873,0.3193562,0.35248852,0.34476745,0.36195257
uneasy,P,word2vec_recipe_40_HOM,0.11495521,0.12373515,0.13360868,0.15492508,0.1431635,0.1669099
anxiety,P,word2vec_recipe_40_HOM,0.14911583,0.14446844,0.17791158,0.17818719,0.19087128,0.19034596
savior,P,word2vec_recipe_40_HOM,0.13340344,0.15291691,0.15609813,0.18966296,0.16576847,0.20300183
clarify,P,word2vec_recipe_40_HOM,0.41511708,0.4134581,0.46419972,0.4440205,0.48164243,0.42992383
acute,P,word2vec_recipe_40_HOM,0.20503826,0.23174864,0.25087482,0.24854326,0.27012017,0.27313468
patent,P,word2vec_recipe_40_HOM,0.26649147,0.29445657,0.30126634,0.30242926,0.3144021,0.3102925
muddy,P,word2vec_recipe_40_HOM,0.3250944,0.35270178,0.3715417,0.38604882,0.3903154,0.4024291
thunder,P,word2vec_recipe_40_HOM,0.1991587,0.16686393,0.22805165,0.19938083,0.23976038,0.21716018
pose,H,word2vec_recipe_40_HOM,0.1546827,0.14027664,0.17974302,0.16215515,0.19041492,0.1781079
total,P,word2vec_recipe_40_HOM,0.26726893,0.09902184,0.29516685,0.08630787,0.30687046,0.103424415
lesson,P,word2vec_recipe_40_HOM,0.09426443,0.0920062,0.113220304,0.12184717,0.12421166,0.13755877
judge,P,word2vec_recipe_40_HOM,0.25481293,0.23972309,0.30018035,0.24236153,0.31503695,0.23123409
female,P,word2vec_recipe_40_HOM,0.18370087,0.21481216,0.21692558,0.23126289,0.2309306,0.23465207
scenario,P,word2vec_recipe_40_HOM,0.11065678,0.09576539,0.13013647,0.121774636,0.13992934,0.13626032
pistol,P,word2vec_recipe_40_HOM,0.15504144,0.15565304,0.18118577,0.19426417,0.19139236,0.20696077
dissolve,P,word2vec_recipe_40_HOM,0.331535,0.3676197,0.42568278,0.43166393,0.4627839,0.4332407
chick,P,word2vec_recipe_40_HOM,0.29316312,0.3135087,0.3844501,0.38202277,0.42116493,0.40543258
squash,H,word2vec_recipe_40_HOM,0.2765982,0.34911317,0.3886106,0.43905792,0.43103138,0.44430712
gazelle,M,word2vec_recipe_40_HOM,0.14641373,0.15124997,0.18163295,0.20231523,0.19612087,0.22435683
veal,P,word2vec_recipe_40_HOM,0.2639793,0.3425583,0.35563868,0.43802193,0.39537948,0.44686782
pile,H,word2vec_recipe_40_HOM,0.3528965,0.46086642,0.4485362,0.47655997,0.47817397,0.43760097
loser,P,word2vec_recipe_40_HOM,0.16904923,0.1320849,0.20185639,0.16969357,0.21484669,0.190027
boast,P,word2vec_recipe_40_HOM,0.17498913,0.17704418,0.20067413,0.20331138,0.21250392,0.21004866
clasp,P,word2vec_recipe_40_HOM,0.23342732,0.2629555,0.29332873,0.30643484,0.31878754,0.32565022
proximity,M,word2vec_recipe_40_HOM,0.19305262,0.2135734,0.22189091,0.22997114,0.23477909,0.23621447
sensory,P,word2vec_recipe_40_HOM,0.13495734,0.14652546,0.15852399,0.16269349,0.16767651,0.17283647
permission,P,word2vec_recipe_40_HOM,0.19714439,0.20817906,0.24316433,0.2073813,0.26285353,0.22767754
lover,P,word2vec_recipe_40_HOM,0.2803057,0.24557379,0.321412,0.25107732,0.33707118,0.2564906
starter,P,word2vec_recipe_40_HOM,0.30017635,0.3585128,0.3926258,0.43942827,0.42569625,0.45543632
pro,H,word2vec_recipe_40_HOM,0.3326604,0.18698727,0.37007028,0.15444358,0.38322848,0.15776698
poverty,P,word2vec_recipe_40_HOM,0.1412138,0.12824772,0.16100779,0.15360911,0.16982815,0.16928333
random,P,word2vec_recipe_40_HOM,0.33850136,0.34972,0.38549346,0.3364532,0.4053801,0.34633538
lethal,M,word2vec_recipe_40_HOM,0.14781238,0.17276432,0.17296827,0.19220784,0.18425715,0.20114197
indoor,M,word2vec_recipe_40_HOM,0.2888151,0.33111522,0.39227742,0.40851596,0.4367342,0.4412959
staff,H,word2vec_recipe_40_HOM,0.23140566,0.15891564,0.25957283,0.18240537,0.27092648,0.19401263
unattended,M,word2vec_recipe_40_HOM,0.2993453,0.20034312,0.33964074,0.22142808,0.35621735,0.23692818
torch,P,word2vec_recipe_40_HOM,0.36649963,0.45454505,0.48490784,0.5229951,0.514649,0.5220514
official,P,word2vec_recipe_40_HOM,0.20036022,0.17892082,0.22842714,0.19333582,0.24091169,0.20903555
obtain,P,word2vec_recipe_40_HOM,0.35815972,0.37341872,0.434174,0.39096412,0.46408117,0.40385103
gown,P,word2vec_recipe_40_HOM,0.14152162,0.17317344,0.17103107,0.21575205,0.18646668,0.24452569
blackjack,P,word2vec_recipe_40_HOM,0.12592025,0.15012184,0.15359774,0.18365888,0.16538778,0.19971718
sodium,M,word2vec_recipe_40_HOM,0.18201318,0.16198532,0.23149404,0.1382659,0.24838848,0.110359766
outrageous,P,word2vec_recipe_40_HOM,0.20284775,0.20333104,0.2381702,0.24131675,0.25241685,0.24844755
plunge,P,word2vec_recipe_40_HOM,0.33779877,0.40141106,0.45904198,0.4801812,0.49889,0.48053622
coach,P,word2vec_recipe_40_HOM,0.15033641,0.1410316,0.1736931,0.16221906,0.18373832,0.17707297
rude,P,word2vec_recipe_40_HOM,0.09660965,0.10372713,0.11233213,0.124057874,0.1198914,0.13646707
church,P,word2vec_recipe_40_HOM,0.27107078,0.31018358,0.31661487,0.3086852,0.33588207,0.30689326
rock,H,word2vec_recipe_40_HOM,0.45593747,0.4597872,0.50308836,0.45956895,0.5206449,0.46882543
offensive,P,word2vec_recipe_40_HOM,0.10754496,0.12517624,0.12829834,0.14823636,0.13784765,0.15840232
strawberry,P,word2vec_recipe_40_HOM,0.22432014,0.28486678,0.30848315,0.33418858,0.33818984,0.34323493
invitation,P,word2vec_recipe_40_HOM,0.13996923,0.13637877,0.16454613,0.16681214,0.17543118,0.17809515
gloss,H,word2vec_recipe_40_HOM,0.3787933,0.4114825,0.4740639,0.4553921,0.5028454,0.46809217
mistletoe,P,word2vec_recipe_40_HOM,0.18937597,0.22784081,0.22790922,0.24362244,0.24292481,0.26191798
rot,P,word2vec_recipe_40_HOM,0.20839491,0.20544796,0.23824346,0.22317187,0.25133497,0.23129629
possess,P,word2vec_recipe_40_HOM,0.13557509,0.1235512,0.15951987,0.14355695,0.16906673,0.15337327
lottery,P,word2vec_recipe_40_HOM,0.16039556,0.1880947,0.18551901,0.21682417,0.19632702,0.2318366
invaluable,M,word2vec_recipe_40_HOM,0.094399266,0.10491064,0.11335996,0.12639482,0.12121307,0.13976271
jiffy,M,word2vec_recipe_40_HOM,0.36960238,0.31970292,0.41518497,0.30303475,0.43032146,0.29294172
hermit,P,word2vec_recipe_40_HOM,0.1016164,0.117367975,0.1328507,0.15880238,0.1506801,0.17644453
token,P,word2vec_recipe_40_HOM,0.16016261,0.14452016,0.1828627,0.16921487,0.19250667,0.17828786
telephone,P,word2vec_recipe_40_HOM,0.23696573,0.22553226,0.28219402,0.2288242,0.29656067,0.2306924
complain,P,word2vec_recipe_40_HOM,0.11393467,0.108023435,0.13745566,0.1309673,0.14904176,0.14105083
atop,P,word2vec_recipe_40_HOM,0.3519497,0.4165758,0.42211822,0.42830956,0.44664297,0.4299097
horsepower,P,word2vec_recipe_40_HOM,0.23397243,0.22573394,0.28927818,0.26769996,0.31054807,0.26842675
harp,P,word2vec_recipe_40_HOM,0.17303224,0.2033438,0.20200926,0.23978125,0.21432571,0.25508788
joke,P,word2vec_recipe_40_HOM,0.144568,0.14388883,0.17156784,0.15308893,0.18212557,0.16435166
bald,P,word2vec_recipe_40_HOM,0.2622261,0.24013868,0.30409348,0.23765399,0.32072753,0.24455021
fuzzy,P,word2vec_recipe_40_HOM,0.2523066,0.26728213,0.3741056,0.39135668,0.4163536,0.4184751
turf,P,word2vec_recipe_40_HOM,0.21980372,0.19585541,0.26494637,0.22273736,0.2813123,0.24227019
sword,P,word2vec_recipe_40_HOM,0.2898651,0.30825657,0.32577446,0.36299106,0.34223682,0.37847695
library,P,word2vec_recipe_40_HOM,0.1403875,0.123254545,0.1618597,0.13476333,0.17322677,0.15641731
third,P,word2vec_recipe_40_HOM,0.38175532,0.47469878,0.47154927,0.48244423,0.5005886,0.45877907
thermostat,M,word2vec_recipe_40_HOM,0.22753873,0.25461575,0.2715872,0.28599018,0.29347065,0.30423424
sprinkle,P,word2vec_recipe_40_HOM,0.2726425,0.32849875,0.3858173,0.38444752,0.4212539,0.38092333
obscure,P,word2vec_recipe_40_HOM,0.1099468,0.11789868,0.1279377,0.14331995,0.1362472,0.15288213
unfamiliar,P,word2vec_recipe_40_HOM,0.15952706,0.15488924,0.18313096,0.16141677,0.19384399,0.16602626
ferret,P,word2vec_recipe_40_HOM,0.15812449,0.1892618,0.18162434,0.21359046,0.19071263,0.22668129
complaint,P,word2vec_recipe_40_HOM,0.09784611,0.10207687,0.1170169,0.12772492,0.12608697,0.13673447
inch,P,word2vec_recipe_40_HOM,0.23784104,0.27788678,0.3347545,0.35944122,0.3729921,0.36308143
convince,M,word2vec_recipe_40_HOM,0.0811579,0.09808323,0.096611746,0.11728535,0.10544083,0.12999277
peasant,P,word2vec_recipe_40_HOM,0.29327944,0.33710402,0.34688392,0.3770976,0.3691213,0.37889487
fiery,P,word2vec_recipe_40_HOM,0.26610854,0.27862248,0.31509826,0.32413173,0.33404008,0.32397076
rump,P,word2vec_recipe_40_HOM,0.28508502,0.333836,0.3609327,0.3840855,0.3917066,0.39573258
awake,P,word2vec_recipe_40_HOM,0.2502639,0.24958938,0.2893047,0.27519253,0.30556187,0.290331
toast,H,word2vec_recipe_40_HOM,0.35646912,0.39547947,0.44280282,0.44687438,0.47693092,0.45880753
reaction,P,word2vec_recipe_40_HOM,0.23572488,0.24702862,0.28512257,0.26247248,0.30437934,0.2735139
quest,P,word2vec_recipe_40_HOM,0.18188639,0.17986488,0.2065634,0.19343868,0.21720248,0.20463909
yogurt,M,word2vec_recipe_40_HOM,0.31316304,0.41000924,0.39930642,0.47401056,0.42986268,0.47450128
common,P,word2vec_recipe_40_HOM,0.2438796,0.284178,0.29238486,0.29513296,0.3098502,0.29380777
fluff,P,word2vec_recipe_40_HOM,0.45456114,0.5140117,0.5572331,0.53981435,0.58784235,0.53644896
rich,P,word2vec_recipe_40_HOM,0.30183023,0.33303413,0.365506,0.39459345,0.3952834,0.41027817
mistress,P,word2vec_recipe_40_HOM,0.14286906,0.1746532,0.16720764,0.20214562,0.17694959,0.21620458
reload,M,word2vec_recipe_40_HOM,0.18962188,0.19404148,0.21936354,0.23468588,0.23109291,0.24835183
aroma,P,word2vec_recipe_40_HOM,0.26971665,0.32258987,0.38026336,0.4306964,0.41632965,0.45996767
model,P,word2vec_recipe_40_HOM,0.26998603,0.28978875,0.33463925,0.33966166,0.35794175,0.36301282
social,P,word2vec_recipe_40_HOM,0.17368007,0.16105643,0.20163006,0.17678638,0.21337701,0.18877693
pregnant,P,word2vec_recipe_40_HOM,0.1846023,0.18142822,0.2255384,0.18589315,0.23926045,0.19176133
disturb,P,word2vec_recipe_40_HOM,0.3579515,0.36213592,0.43897802,0.4279564,0.46954167,0.4327245
peel,H,word2vec_recipe_40_HOM,0.3076385,0.3593993,0.40283307,0.41642115,0.43526763,0.43229082
cleanse,P,word2vec_recipe_40_HOM,0.20673975,0.20660144,0.2574793,0.27815124,0.2799478,0.29638535
puff,P,word2vec_recipe_40_HOM,0.34519038,0.411929,0.41311562,0.44012144,0.43807748,0.44113702
overdose,P,word2vec_recipe_40_HOM,0.15061472,0.1874567,0.17956688,0.2207883,0.19225347,0.24071138
brain,P,word2vec_recipe_40_HOM,0.27394387,0.2827376,0.3221064,0.30811447,0.3400944,0.31926784
cigarette,M,word2vec_recipe_40_HOM,0.23860316,0.2422617,0.2822343,0.28633276,0.30195218,0.30426812
grief,P,word2vec_recipe_40_HOM,0.10724411,0.10824809,0.12854487,0.13350768,0.13915187,0.14337978
bungalow,M,word2vec_recipe_40_HOM,0.1322256,0.14905046,0.15373756,0.17522103,0.16247185,0.18641514
heresy,P,word2vec_recipe_40_HOM,0.07126988,0.08482996,0.08533905,0.11374787,0.09349554,0.12845473
union,P,word2vec_recipe_40_HOM,0.2908344,0.21614431,0.32599744,0.23494582,0.33860427,0.23347656
wartime,M,word2vec_recipe_40_HOM,0.12937374,0.1413463,0.14995177,0.16365604,0.15946597,0.17814215
bathe,P,word2vec_recipe_40_HOM,0.3804736,0.4768473,0.44121677,0.4309623,0.46349984,0.44483048
avoid,P,word2vec_recipe_40_HOM,0.30004814,0.36688232,0.395256,0.44891554,0.43374497,0.45825523
sweetie,M,word2vec_recipe_40_HOM,0.19333975,0.20105667,0.22265734,0.2275175,0.23366527,0.24174409
greed,M,word2vec_recipe_40_HOM,0.27982226,0.28918993,0.31716207,0.3026518,0.33308616,0.31827408
short,P,word2vec_recipe_40_HOM,0.40213722,0.44334516,0.46965513,0.47573233,0.49561432,0.46294877
trailer,P,word2vec_recipe_40_HOM,0.15879098,0.1417201,0.1859659,0.17063652,0.19731678,0.18281727
booze,P,word2vec_recipe_40_HOM,0.26248947,0.24745068,0.3129002,0.30611554,0.3351365,0.33508012
lobe,P,word2vec_recipe_40_HOM,0.31738546,0.31434983,0.3624348,0.33921486,0.38037685,0.34650028
negative,P,word2vec_recipe_40_HOM,0.16737267,0.15479869,0.19024794,0.16756575,0.20033114,0.1729342
bicycle,P,word2vec_recipe_40_HOM,0.20837918,0.22311367,0.25420192,0.25933605,0.2730902,0.28066143
circular,P,word2vec_recipe_40_HOM,0.31417266,0.36398673,0.3683657,0.35861644,0.3882976,0.36534056
creature,P,word2vec_recipe_40_HOM,0.18506497,0.19199185,0.21862893,0.2386479,0.23373643,0.26234472
farmhouse,M,word2vec_recipe_40_HOM,0.25364238,0.2770066,0.28822625,0.2919538,0.30239537,0.2902375
heaven,P,word2vec_recipe_40_HOM,0.2756595,0.28640994,0.31955382,0.32127208,0.33550903,0.3216567
persistent,P,word2vec_recipe_40_HOM,0.11796328,0.11446707,0.13874274,0.14149417,0.14857985,0.1540397
chap,H,word2vec_recipe_40_HOM,0.13157736,0.1352771,0.16558203,0.17643848,0.18443406,0.19761206
avocado,P,word2vec_recipe_40_HOM,0.23652688,0.32876286,0.33119938,0.3819061,0.36483276,0.38276342
sneak,P,word2vec_recipe_40_HOM,0.2441845,0.18922429,0.27915594,0.20075843,0.2934053,0.20319556
swine,P,word2vec_recipe_40_HOM,0.10760937,0.13366671,0.12572339,0.15654284,0.13324158,0.16819584
organ,P,word2vec_recipe_40_HOM,0.23087072,0.23432301,0.27678624,0.27696884,0.29700902,0.29282448
nifty,M,word2vec_recipe_40_HOM,0.18124674,0.14747697,0.20906994,0.17284504,0.22090709,0.18055144
imminent,M,word2vec_recipe_40_HOM,0.19014671,0.20719169,0.21864736,0.21472993,0.23162651,0.218758
voice,P,word2vec_recipe_40_HOM,0.1278433,0.1365574,0.14682186,0.14895053,0.15733585,0.16266125
memory,P,word2vec_recipe_40_HOM,0.15709308,0.1649681,0.1890979,0.18776006,0.20241302,0.1909934
lumber,H,word2vec_recipe_40_HOM,0.154981,0.16057903,0.17762847,0.16304006,0.18750735,0.17238799
broadcast,P,word2vec_recipe_40_HOM,0.118511245,0.13081613,0.1412113,0.15635991,0.15137629,0.165691
famous,P,word2vec_recipe_40_HOM,0.16460337,0.16477199,0.19553785,0.1995748,0.21107174,0.20637329
speck,P,word2vec_recipe_40_HOM,0.32584518,0.35393944,0.4099003,0.44309214,0.43697122,0.45673907
pickle,P,word2vec_recipe_40_HOM,0.27947852,0.34039617,0.37812352,0.4186313,0.41426414,0.43302628
unhappy,P,word2vec_recipe_40_HOM,0.10448168,0.10940903,0.12323972,0.1297535,0.13224992,0.1412867
tropical,P,word2vec_recipe_40_HOM,0.262919,0.30493265,0.32230502,0.34400484,0.3454649,0.347175
loyal,M,word2vec_recipe_40_HOM,0.09990101,0.10551746,0.11820449,0.12642902,0.12877108,0.14329666
comfy,M,word2vec_recipe_40_HOM,0.18375914,0.16967374,0.21095787,0.18779337,0.22255974,0.19967209
retract,P,word2vec_recipe_40_HOM,0.15230045,0.18337609,0.183186,0.21088393,0.19795536,0.22604488
balcony,P,word2vec_recipe_40_HOM,0.16695492,0.18575886,0.19951244,0.19900759,0.21301922,0.20419605
combo,P,word2vec_recipe_40_HOM,0.31091577,0.3253825,0.36399856,0.30847347,0.38047072,0.3138244
friction,P,word2vec_recipe_40_HOM,0.22732851,0.22080143,0.26765084,0.27708736,0.2876708,0.28008026
canvas,P,word2vec_recipe_40_HOM,0.25721756,0.2558282,0.32026923,0.35178104,0.34575173,0.36629853
domain,P,word2vec_recipe_40_HOM,0.11693378,0.12094602,0.1457346,0.159094,0.16090664,0.18286006
baseball,P,word2vec_recipe_40_HOM,0.29001555,0.34185845,0.34327984,0.349982,0.3629464,0.3576164
growth,P,word2vec_recipe_40_HOM,0.2175471,0.19826148,0.2726506,0.2557615,0.29647496,0.27523604
putter,H,word2vec_recipe_40_HOM,0.29502884,0.26315486,0.34957412,0.31866407,0.37255263,0.34552032
thirst,P,word2vec_recipe_40_HOM,0.18379815,0.23102894,0.22722179,0.26741645,0.24547559,0.28393242
instant,P,word2vec_recipe_40_HOM,0.40631714,0.38627824,0.47789833,0.4385184,0.50119424,0.45322686
crown,P,word2vec_recipe_40_HOM,0.3832191,0.3002657,0.42837602,0.3682885,0.44720283,0.407898
gold,P,word2vec_recipe_40_HOM,0.40293851,0.5139937,0.47836837,0.5316539,0.5030548,0.49910128
insurance,P,word2vec_recipe_40_HOM,0.26896536,0.2562014,0.31463328,0.23335864,0.32937354,0.24691914
merchant,P,word2vec_recipe_40_HOM,0.12925723,0.16416004,0.15284231,0.18903862,0.16279896,0.1974569
cavern,P,word2vec_recipe_40_HOM,0.2027682,0.24504629,0.23556197,0.2778501,0.25202763,0.29497132
satin,P,word2vec_recipe_40_HOM,0.3802307,0.3866916,0.42770958,0.38483807,0.44621116,0.4014298
riddle,H,word2vec_recipe_40_HOM,0.2342014,0.23909548,0.26885107,0.28361887,0.284227,0.2985773
double,P,word2vec_recipe_40_HOM,0.3697109,0.42366508,0.47438076,0.45617202,0.5113503,0.4597158
copy,P,word2vec_recipe_40_HOM,0.24437419,0.2591872,0.28251582,0.26050434,0.29644835,0.27011508
error,P,word2vec_recipe_40_HOM,0.25648123,0.15950699,0.2846467,0.18747722,0.2980914,0.19652371
deduct,P,word2vec_recipe_40_HOM,0.21009465,0.22462614,0.24827823,0.2785625,0.26410088,0.28507546
ghost,P,word2vec_recipe_40_HOM,0.28472856,0.25404644,0.33277595,0.28570688,0.35707635,0.30027685
assumption,P,word2vec_recipe_40_HOM,0.07836199,0.08821638,0.09655186,0.11438967,0.10579712,0.13037758
filter,P,word2vec_recipe_40_HOM,0.24969406,0.336979,0.36021674,0.43595898,0.4089798,0.4854357
gasp,P,word2vec_recipe_40_HOM,0.15574706,0.12086061,0.17899716,0.13679832,0.18853857,0.15012825
festive,P,word2vec_recipe_40_HOM,0.2822929,0.37741947,0.3582741,0.44254804,0.38959956,0.4546554
faithful,P,word2vec_recipe_40_HOM,0.13400522,0.12676717,0.15619116,0.15713456,0.16673465,0.16915636
upper,P,word2vec_recipe_40_HOM,0.30851963,0.29045972,0.4212305,0.40246627,0.45719054,0.42033717
slip,H,word2vec_recipe_40_HOM,0.36792028,0.461388,0.4589872,0.49329805,0.4868515,0.4805788
milk,P,word2vec_recipe_40_HOM,0.2988246,0.3875794,0.37552112,0.37851557,0.40404785,0.3816637
album,P,word2vec_recipe_40_HOM,0.17621464,0.17548458,0.20068835,0.20628926,0.20987804,0.21585637
lingo,M,word2vec_recipe_40_HOM,0.17754014,0.1706128,0.20169444,0.18216978,0.21230938,0.19387037
tingle,P,word2vec_recipe_40_HOM,0.18940589,0.18941294,0.2152013,0.21472576,0.22774637,0.22163767
cheese,P,word2vec_recipe_40_HOM,0.2465761,0.27891985,0.32427746,0.3362957,0.35634285,0.35858685
vampire,P,word2vec_recipe_40_HOM,0.20179395,0.23951031,0.24339558,0.28961265,0.26037002,0.30311617
autumn,M,word2vec_recipe_40_HOM,0.28554672,0.36365378,0.3340536,0.38364962,0.3512467,0.37193432
noisy,P,word2vec_recipe_40_HOM,0.16397198,0.14659172,0.19269627,0.16692004,0.2047254,0.18381645
tower,H,word2vec_recipe_40_HOM,0.40731826,0.39659843,0.45904326,0.41694185,0.47767198,0.42698175
fingernail,M,word2vec_recipe_40_HOM,0.271419,0.2771023,0.32406354,0.33025298,0.34438905,0.33991507
humility,M,word2vec_recipe_40_HOM,0.19345622,0.21768692,0.22546783,0.21379346,0.23678759,0.22042969
cave,P,word2vec_recipe_40_HOM,0.21268892,0.18999298,0.24139029,0.19753689,0.25439918,0.21293515
magazine,P,word2vec_recipe_40_HOM,0.20986977,0.23446465,0.2705494,0.27656054,0.29851583,0.28065214
brat,M,word2vec_recipe_40_HOM,0.29841375,0.3736179,0.3720841,0.41002426,0.40341476,0.41539833
fatal,P,word2vec_recipe_40_HOM,0.16412312,0.16215324,0.18938391,0.17822368,0.20048034,0.19392227
aggression,P,word2vec_recipe_40_HOM,0.26128364,0.28421536,0.3020484,0.29249835,0.31868124,0.29644215
gallon,P,word2vec_recipe_40_HOM,0.28662714,0.35411444,0.38087738,0.41682413,0.41841793,0.4514879
leg,P,word2vec_recipe_40_HOM,0.2611342,0.35222054,0.3431822,0.43046215,0.37848768,0.45209244
attentive,P,word2vec_recipe_40_HOM,0.14411071,0.13423765,0.16853693,0.15783958,0.18097275,0.16873935
trail,P,word2vec_recipe_40_HOM,0.44558173,0.56021166,0.51906073,0.5022171,0.5425194,0.47222495
ferocious,P,word2vec_recipe_40_HOM,0.15926364,0.16224714,0.18298249,0.1790593,0.19189686,0.1893069
silverware,P,word2vec_recipe_40_HOM,0.20833655,0.1892902,0.23919475,0.22069006,0.250933,0.2284646
sinner,M,word2vec_recipe_40_HOM,0.16582532,0.19249652,0.18662746,0.20607485,0.19698411,0.21379189
oven,M,word2vec_recipe_40_HOM,0.33470502,0.28805867,0.40358475,0.2941188,0.4252472,0.33504054
unwind,P,word2vec_recipe_40_HOM,0.24246085,0.22477211,0.28291118,0.26624513,0.29929942,0.28942648
coronation,M,word2vec_recipe_40_HOM,0.14865763,0.16079003,0.17643382,0.19702817,0.18835251,0.20614131
barge,P,word2vec_recipe_40_HOM,0.12712577,0.1507217,0.14881125,0.1772413,0.15821697,0.18827541
sand,P,word2vec_recipe_40_HOM,0.35133153,0.4122613,0.45152673,0.49624452,0.48262733,0.50658053
purchase,P,word2vec_recipe_40_HOM,0.25333828,0.27828312,0.3452229,0.35251984,0.3758783,0.36173403
tan,P,word2vec_recipe_40_HOM,0.2994039,0.3255719,0.39124885,0.4234863,0.4362853,0.45638525
tangle,P,word2vec_recipe_40_HOM,0.31267378,0.2742785,0.35407743,0.3391805,0.3709023,0.36077592
hover,P,word2vec_recipe_40_HOM,0.23029537,0.19183147,0.25996172,0.19598152,0.2727424,0.21385503
tumor,P,word2vec_recipe_40_HOM,0.10095382,0.13331088,0.12494268,0.15603669,0.13657278,0.17202023
slam,H,word2vec_recipe_40_HOM,0.32309753,0.35780331,0.38320592,0.36728448,0.40305427,0.37746456
moral,P,word2vec_recipe_40_HOM,0.16894741,0.14115997,0.20682009,0.16351005,0.21961449,0.17191206
ditch,P,word2vec_recipe_40_HOM,0.36984044,0.33484972,0.41692397,0.3800522,0.43439806,0.38436085
flesh,P,word2vec_recipe_40_HOM,0.34843034,0.41152894,0.42555985,0.4618226,0.45630684,0.47157636
dim,P,word2vec_recipe_40_HOM,0.2571531,0.29359245,0.33100423,0.33381876,0.36025596,0.34206912
instinct,P,word2vec_recipe_40_HOM,0.11502141,0.121273346,0.13768795,0.14365971,0.1476738,0.15479754
demand,P,word2vec_recipe_40_HOM,0.16174817,0.17733401,0.18503974,0.1955218,0.19662702,0.2040205
royalty,P,word2vec_recipe_40_HOM,0.15493771,0.16896127,0.17652404,0.20006308,0.18640462,0.20901959
irregular,P,word2vec_recipe_40_HOM,0.32515636,0.31276923,0.38315547,0.34870583,0.4044548,0.36988008
pub,M,word2vec_recipe_40_HOM,0.26009798,0.25940776,0.29775944,0.26477817,0.31297013,0.26527318
crumb,P,word2vec_recipe_40_HOM,0.31847125,0.3604616,0.39213958,0.40124395,0.4234826,0.42624375
extent,P,word2vec_recipe_40_HOM,0.15685768,0.1525838,0.18153448,0.17115533,0.19283096,0.181434
deploy,P,word2vec_recipe_40_HOM,0.1575155,0.17754269,0.18302998,0.20368464,0.19313145,0.21416189
lunatic,P,word2vec_recipe_40_HOM,0.11071658,0.104507186,0.13183367,0.13050656,0.14154719,0.14629957
barbecue,P,word2vec_recipe_40_HOM,0.25987643,0.25667676,0.33948117,0.3310553,0.36853024,0.34877342
orderly,P,word2vec_recipe_40_HOM,0.23186591,0.24902514,0.27433386,0.27206805,0.2901198,0.29376233
index,P,word2vec_recipe_40_HOM,0.2623373,0.3010339,0.37056518,0.4015131,0.40512145,0.41083023
cuddle,P,word2vec_recipe_40_HOM,0.153666,0.19948685,0.1777478,0.2229459,0.18832268,0.23757085
dangle,P,word2vec_recipe_40_HOM,0.20452185,0.23127045,0.24729672,0.25994787,0.26577213,0.28712672
grave,H,word2vec_recipe_40_HOM,0.20589456,0.19538541,0.23858,0.21763317,0.249629,0.21634191
payday,M,word2vec_recipe_40_HOM,0.1983354,0.18298583,0.2302472,0.18790518,0.24520771,0.20492038
dent,H,word2vec_recipe_40_HOM,0.2775586,0.35279033,0.4054314,0.4499586,0.44703567,0.46605903
buckle,P,word2vec_recipe_40_HOM,0.28680095,0.32507366,0.35439372,0.36222517,0.37859267,0.34521905
orgy,P,word2vec_recipe_40_HOM,0.14677767,0.17357902,0.16833004,0.2004295,0.1783455,0.21773233
beer,P,word2vec_recipe_40_HOM,0.35901898,0.38761824,0.445513,0.44769067,0.47129226,0.4410978
oyster,P,word2vec_recipe_40_HOM,0.39504284,0.4578221,0.44616157,0.42616963,0.4655743,0.42888707
cousin,P,word2vec_recipe_40_HOM,0.18339089,0.20705691,0.21955311,0.22473654,0.23433343,0.23137227
jolt,P,word2vec_recipe_40_HOM,0.23608363,0.17584679,0.27095893,0.21408476,0.28308195,0.22344673
retail,P,word2vec_recipe_40_HOM,0.2354661,0.28758946,0.31219438,0.32409197,0.33412293,0.3193653
guard,P,word2vec_recipe_40_HOM,0.33632794,0.35256213,0.3893634,0.36146498,0.4104712,0.37592065
bolt,H,word2vec_recipe_40_HOM,0.17783022,0.18749146,0.21100657,0.23644634,0.2262587,0.26111606
mortal,P,word2vec_recipe_40_HOM,0.20558424,0.23502597,0.3075967,0.37908578,0.34327653,0.41364062
omelet,M,word2vec_recipe_40_HOM,0.3135352,0.43112302,0.46145794,0.5610619,0.5036392,0.5660811
phenomenal,P,word2vec_recipe_40_HOM,0.15350595,0.15922111,0.18464144,0.19027507,0.19548653,0.19182739
envy,P,word2vec_recipe_40_HOM,0.20676354,0.22043869,0.24067274,0.24876626,0.25410444,0.26000065
knob,P,word2vec_recipe_40_HOM,0.44572735,0.5432352,0.5169275,0.55470675,0.53839,0.527612
zing,P,word2vec_recipe_40_HOM,0.2705341,0.3113159,0.33489707,0.3309959,0.35887122,0.33993903
meditation,P,word2vec_recipe_40_HOM,0.17660846,0.18234032,0.20324251,0.21386431,0.21340896,0.21957704
afloat,P,word2vec_recipe_40_HOM,0.23785646,0.21468598,0.26796958,0.24980034,0.28011796,0.2612005
chart,P,word2vec_recipe_40_HOM,0.3122199,0.33226365,0.37582743,0.3774993,0.39963982,0.39192435
dry,P,word2vec_recipe_40_HOM,0.40432033,0.32388154,0.4683127,0.35818902,0.49506652,0.37882593
ample,M,word2vec_recipe_40_HOM,0.43596825,0.49215454,0.50882727,0.46325347,0.52772,0.44961974
evidence,P,word2vec_recipe_40_HOM,0.15330836,0.1501435,0.18329132,0.17846462,0.19565925,0.1907887
crack,P,word2vec_recipe_40_HOM,0.41567937,0.48971322,0.4851604,0.4921241,0.5081936,0.49083585
exhaustion,P,word2vec_recipe_40_HOM,0.107527055,0.10535952,0.12536584,0.13017184,0.13466455,0.14761542
juice,P,word2vec_recipe_40_HOM,0.2401884,0.23555726,0.30961275,0.32594934,0.3452627,0.3534645
couch,P,word2vec_recipe_40_HOM,0.2159791,0.17690387,0.2518501,0.20555057,0.26612687,0.21392576
industry,P,word2vec_recipe_40_HOM,0.16782533,0.16231112,0.19358274,0.16825145,0.20527714,0.17710818
prodigy,P,word2vec_recipe_40_HOM,0.14136863,0.12361054,0.1655039,0.16225034,0.17799382,0.17682774
freedom,P,word2vec_recipe_40_HOM,0.19741489,0.20259255,0.22274622,0.22734086,0.23352657,0.2290143
stripe,H,word2vec_recipe_40_HOM,0.3033795,0.27055714,0.35120675,0.29118624,0.37199166,0.3222128
butcher,P,word2vec_recipe_40_HOM,0.33198372,0.3426278,0.39360058,0.40776455,0.41559845,0.4138989
inspection,P,word2vec_recipe_40_HOM,0.122114144,0.13064568,0.14246221,0.14841215,0.1524216,0.15888296
beast,P,word2vec_recipe_40_HOM,0.27961177,0.24846542,0.3154217,0.26337275,0.32957312,0.27085245
confidence,P,word2vec_recipe_40_HOM,0.172349,0.11865941,0.19656119,0.15221052,0.20783801,0.16025887
eggplant,M,word2vec_recipe_40_HOM,0.29490656,0.3746202,0.3867976,0.44679308,0.41713166,0.4492225
horse,P,word2vec_recipe_40_HOM,0.3211863,0.2568003,0.3646781,0.32284388,0.3820082,0.34051913
agreeable,P,word2vec_recipe_40_HOM,0.16847889,0.17196408,0.1952971,0.19407932,0.20792797,0.20299937
exclude,P,word2vec_recipe_40_HOM,0.29729015,0.21475922,0.33779013,0.23107398,0.3519239,0.24403824
supper,P,word2vec_recipe_40_HOM,0.25697422,0.3144188,0.32301822,0.35124066,0.3476783,0.34674686
purple,P,word2vec_recipe_40_HOM,0.3586585,0.4086271,0.42492086,0.46571925,0.45006743,0.47766435
anatomy,P,word2vec_recipe_40_HOM,0.18978134,0.21495922,0.21737145,0.26761356,0.22874844,0.27972904
hum,P,word2vec_recipe_40_HOM,0.14852834,0.13556623,0.17554073,0.17299475,0.18689224,0.18861859
fifty,P,word2vec_recipe_40_HOM,0.36865848,0.42659736,0.43510905,0.45077723,0.45568207,0.4589252
secure,P,word2vec_recipe_40_HOM,0.28996545,0.35308674,0.39446303,0.4178522,0.43048283,0.43164843
dismiss,P,word2vec_recipe_40_HOM,0.09756259,0.098859034,0.11301067,0.12658983,0.121085875,0.13803652
view,P,word2vec_recipe_40_HOM,0.33016604,0.2828741,0.3703743,0.278473,0.38621688,0.28144538
chapter,P,word2vec_recipe_40_HOM,0.17780457,0.15501277,0.20807424,0.18108909,0.22082588,0.19071868
sweater,P,word2vec_recipe_40_HOM,0.1904295,0.20807321,0.22708696,0.24389488,0.2403854,0.25538456
loss,P,word2vec_recipe_40_HOM,0.2712969,0.2436448,0.31154728,0.26561928,0.33016214,0.27766284
inflation,P,word2vec_recipe_40_HOM,0.17372476,0.19622375,0.20352928,0.23109685,0.21598673,0.24847466
fiddle,P,word2vec_recipe_40_HOM,0.21600123,0.15673691,0.24057226,0.16966696,0.25117892,0.18067606
shine,P,word2vec_recipe_40_HOM,0.33264044,0.373682,0.4006331,0.36137572,0.42564815,0.36568746
foul,P,word2vec_recipe_40_HOM,0.24035943,0.24054992,0.28017825,0.2828485,0.29371667,0.2805705
drama,P,word2vec_recipe_40_HOM,0.1591039,0.1366915,0.1816071,0.16320544,0.1919456,0.1709846
soldier,P,word2vec_recipe_40_HOM,0.242481,0.23477207,0.27002388,0.25619906,0.2813824,0.26660827
beam,P,word2vec_recipe_40_HOM,0.23208956,0.23396887,0.26490253,0.25321525,0.27850762,0.26029488
plant,P,word2vec_recipe_40_HOM,0.31898075,0.30913502,0.37197334,0.33186278,0.38906217,0.34255493
deny,P,word2vec_recipe_40_HOM,0.09284224,0.10623146,0.1116072,0.12213471,0.12071268,0.13693528
peach,P,word2vec_recipe_40_HOM,0.22603628,0.30342475,0.31283757,0.34661534,0.3475808,0.35715747
bluff,H,word2vec_recipe_40_HOM,0.13559484,0.1334816,0.1567043,0.15670215,0.16684833,0.16874169
mall,P,word2vec_recipe_40_HOM,0.21366659,0.1767062,0.24386397,0.20038518,0.2560237,0.21533796
manicure,P,word2vec_recipe_40_HOM,0.10460134,0.11462799,0.12155131,0.13149616,0.12944765,0.14322783
spectrum,P,word2vec_recipe_40_HOM,0.28610092,0.2873751,0.32886496,0.27480236,0.34375167,0.2641657
sip,P,word2vec_recipe_40_HOM,0.2912255,0.35286132,0.3542952,0.39857718,0.38013747,0.40768656
consent,P,word2vec_recipe_40_HOM,0.116861716,0.12697144,0.14176922,0.15188229,0.15294622,0.1618722
proverbial,P,word2vec_recipe_40_HOM,0.17329067,0.18316334,0.19943103,0.20475937,0.20965752,0.21261728
influence,P,word2vec_recipe_40_HOM,0.15050754,0.14236534,0.17605272,0.16301079,0.18720265,0.17797421
league,H,word2vec_recipe_40_HOM,0.2341588,0.22724262,0.2683555,0.23955445,0.28181386,0.24124321
loft,P,word2vec_recipe_40_HOM,0.17299213,0.18251733,0.1983799,0.22157183,0.20964874,0.23024476
shove,P,word2vec_recipe_40_HOM,0.33814484,0.42699996,0.396804,0.4232304,0.41819954,0.40817136
luscious,P,word2vec_recipe_40_HOM,0.29761323,0.33634087,0.35290447,0.38092035,0.3775698,0.39214233
passion,P,word2vec_recipe_40_HOM,0.29090446,0.33525792,0.3504889,0.36374214,0.37146348,0.35658398
pep,P,word2vec_recipe_40_HOM,0.2599085,0.23589891,0.30251172,0.2883967,0.32285178,0.3124601
cockeyed,P,word2vec_recipe_40_HOM,0.10569034,0.12416716,0.14855409,0.16481401,0.16525263,0.18141156
instance,P,word2vec_recipe_40_HOM,0.2880133,0.29974055,0.3321239,0.3040173,0.34784466,0.29959512
prolong,P,word2vec_recipe_40_HOM,0.19886872,0.20161815,0.23324163,0.23642755,0.24898604,0.24634121
slave,P,word2vec_recipe_40_HOM,0.0946253,0.09478432,0.114005335,0.12552959,0.12312202,0.1409836
imitate,P,word2vec_recipe_40_HOM,0.2336671,0.21582112,0.267851,0.25187835,0.2829945,0.2663282
raspberry,P,word2vec_recipe_40_HOM,0.22527404,0.2944749,0.3116553,0.35236654,0.34346095,0.36692947
luxurious,P,word2vec_recipe_40_HOM,0.27245343,0.28558183,0.3199275,0.31033173,0.33905056,0.32528207
humane,P,word2vec_recipe_40_HOM,0.10982473,0.12080287,0.12661806,0.13358995,0.13578734,0.1464809
nitrate,P,word2vec_recipe_40_HOM,0.18038943,0.17726162,0.21252389,0.17288886,0.22337197,0.15066364
redhead,P,word2vec_recipe_40_HOM,0.15294671,0.16328089,0.18057317,0.19782802,0.19091927,0.20753926
cautious,M,word2vec_recipe_40_HOM,0.2776792,0.27930713,0.3354137,0.29400516,0.35611138,0.2860938
streak,P,word2vec_recipe_40_HOM,0.3532106,0.2824844,0.4001026,0.3363343,0.41591945,0.35346708
savvy,P,word2vec_recipe_40_HOM,0.2101368,0.1763003,0.23695208,0.18946753,0.24749935,0.19489247
inland,P,word2vec_recipe_40_HOM,0.1294369,0.14041702,0.15183018,0.1723451,0.16308104,0.18959136
solve,P,word2vec_recipe_40_HOM,0.18833233,0.16167885,0.21514802,0.16803223,0.22590888,0.17333712
honest,P,word2vec_recipe_40_HOM,0.16401118,0.13946186,0.19323409,0.16230392,0.2060754,0.17536633
strict,P,word2vec_recipe_40_HOM,0.16942962,0.15409763,0.19442885,0.17566414,0.20652963,0.17839645
rack,H,word2vec_recipe_40_HOM,0.34181422,0.3193301,0.4292612,0.37423423,0.45714387,0.39297056
mood,H,word2vec_recipe_40_HOM,0.25630146,0.2290121,0.29269016,0.228451,0.3055522,0.23179008
queen,P,word2vec_recipe_40_HOM,0.26119167,0.22921765,0.29396874,0.24356279,0.30612648,0.25243378
shop,P,word2vec_recipe_40_HOM,0.26394492,0.27322257,0.3177069,0.30135858,0.33864525,0.3091357
nook,M,word2vec_recipe_40_HOM,0.38761234,0.39222848,0.44857743,0.39799908,0.4676722,0.3936235
executive,P,word2vec_recipe_40_HOM,0.121548995,0.12400433,0.14378697,0.1586782,0.1550938,0.17183451
fabric,P,word2vec_recipe_40_HOM,0.25101155,0.2761841,0.30674204,0.31361002,0.3302401,0.34008828
fraction,P,word2vec_recipe_40_HOM,0.30019212,0.24108906,0.33985442,0.23958261,0.35377166,0.25295666
stain,P,word2vec_recipe_40_HOM,0.31440482,0.29788503,0.3697165,0.33082935,0.39187014,0.34020644
withstand,P,word2vec_recipe_40_HOM,0.26649094,0.20953768,0.30100435,0.20493054,0.31434506,0.20970769
jellyfish,P,word2vec_recipe_40_HOM,0.31587607,0.34516925,0.36837968,0.38641852,0.3875262,0.39150447
select,P,word2vec_recipe_40_HOM,0.32915556,0.32684544,0.43771797,0.43371397,0.48640764,0.47123325
peninsula,M,word2vec_recipe_40_HOM,0.18143019,0.16127151,0.20649405,0.18407801,0.21710305,0.19146007
dude,P,word2vec_recipe_40_HOM,0.13694167,0.14387745,0.15944396,0.1676601,0.17014572,0.17948504
soot,P,word2vec_recipe_40_HOM,0.21117322,0.22159177,0.2581369,0.26416445,0.27597737,0.2961865
jungle,P,word2vec_recipe_40_HOM,0.21071276,0.23220177,0.24703556,0.26432207,0.2615634,0.27830094
hereafter,P,word2vec_recipe_40_HOM,0.18064271,0.18843472,0.20262627,0.1792865,0.21227035,0.18569113
revelation,P,word2vec_recipe_40_HOM,0.11153011,0.12024528,0.12920542,0.1422134,0.1376374,0.15531275
railway,P,word2vec_recipe_40_HOM,0.15441267,0.14605764,0.17569235,0.18146288,0.18459328,0.1901481
potato,P,word2vec_recipe_40_HOM,0.26892292,0.33368018,0.34479082,0.35732505,0.37961587,0.3632939
multiply,H,word2vec_recipe_40_HOM,0.2598157,0.27039832,0.3014744,0.26053363,0.3174755,0.2595489
crucial,M,word2vec_recipe_40_HOM,0.24894682,0.25340676,0.29944077,0.23726997,0.31773117,0.22863857
collection,P,word2vec_recipe_40_HOM,0.22338009,0.1953487,0.25608054,0.20434149,0.2715947,0.21824062
island,P,word2vec_recipe_40_HOM,0.31778094,0.3048331,0.35651603,0.30007136,0.3715245,0.3023455
steamer,P,word2vec_recipe_40_HOM,0.36487547,0.40995628,0.47934297,0.5387537,0.5135009,0.55286175
virgin,P,word2vec_recipe_40_HOM,0.29669443,0.33160758,0.39901757,0.41597882,0.4339918,0.42931035
gate,P,word2vec_recipe_40_HOM,0.26766378,0.25533134,0.30520523,0.28673986,0.3195013,0.29223633
liege,P,word2vec_recipe_40_HOM,0.21798745,0.24769238,0.26038963,0.24112783,0.27459925,0.2363054
bouquet,P,word2vec_recipe_40_HOM,0.29777133,0.3467176,0.41113025,0.45086393,0.4432846,0.4636837
confident,P,word2vec_recipe_40_HOM,0.19529732,0.16649371,0.22225836,0.17706321,0.23456506,0.18382882
delicate,P,word2vec_recipe_40_HOM,0.315632,0.29067844,0.36059976,0.31049785,0.3794389,0.32335678
bid,P,word2vec_recipe_40_HOM,0.15168491,0.14406124,0.1745109,0.16084614,0.1846844,0.17176355
marriage,P,word2vec_recipe_40_HOM,0.22744298,0.22110957,0.26347572,0.22146292,0.27700397,0.23055759
attention,P,word2vec_recipe_40_HOM,0.30414686,0.2527438,0.3494876,0.23440276,0.36326995,0.23694456
uncommon,P,word2vec_recipe_40_HOM,0.16290666,0.16270943,0.18535675,0.17463425,0.19571136,0.18288635
massage,P,word2vec_recipe_40_HOM,0.38004094,0.4587442,0.4615802,0.50604343,0.48695958,0.50590926
fever,P,word2vec_recipe_40_HOM,0.17659649,0.19155605,0.20436735,0.2144316,0.21744072,0.22465093
brick,P,word2vec_recipe_40_HOM,0.434265,0.43263695,0.4848393,0.42458344,0.50147444,0.43974283
span,H,word2vec_recipe_40_HOM,0.2808934,0.26061586,0.3241982,0.2631521,0.34171867,0.26954705
stabilize,P,word2vec_recipe_40_HOM,0.40474576,0.38723105,0.47918594,0.43753532,0.5025307,0.44118243
saddle,P,word2vec_recipe_40_HOM,0.26513395,0.3188805,0.32143086,0.3981165,0.34800595,0.42672315
blink,P,word2vec_recipe_40_HOM,0.2345669,0.18815994,0.26594624,0.19611636,0.27700612,0.20001926
grip,P,word2vec_recipe_40_HOM,0.30266994,0.34633803,0.3510306,0.3349913,0.36966705,0.34865952
prudent,P,word2vec_recipe_40_HOM,0.124052465,0.10947323,0.14639944,0.13947867,0.15699439,0.15436861
diameter,P,word2vec_recipe_40_HOM,0.2734478,0.31461358,0.3258785,0.32517985,0.34666854,0.3263896
career,P,word2vec_recipe_40_HOM,0.089410245,0.09613382,0.106879346,0.12257838,0.11731486,0.13935046
discussion,M,word2vec_recipe_40_HOM,0.10764692,0.103961565,0.12635651,0.13339135,0.13583712,0.14402612
notorious,M,word2vec_recipe_40_HOM,0.17135301,0.15158586,0.20127486,0.16608712,0.21252769,0.175691
funeral,P,word2vec_recipe_40_HOM,0.16217723,0.16553117,0.19026247,0.16781454,0.20197406,0.17883575
aspect,P,word2vec_recipe_40_HOM,0.17312188,0.15373941,0.19873333,0.17815378,0.20864482,0.1858934
chess,H,word2vec_recipe_40_HOM,0.3176586,0.25885817,0.36393508,0.2516372,0.37994033,0.2516781
surplus,P,word2vec_recipe_40_HOM,0.36507574,0.31395572,0.4303869,0.37852132,0.45425034,0.40700743
rush,H,word2vec_recipe_40_HOM,0.30360895,0.2400717,0.3439674,0.21218684,0.35791367,0.21333875
cattle,M,word2vec_recipe_40_HOM,0.1619773,0.1688007,0.19388957,0.19412,0.20668998,0.20388243
fresh,P,word2vec_recipe_40_HOM,0.31686077,0.30087903,0.36758065,0.359241,0.39125466,0.3817349
tiger,P,word2vec_recipe_40_HOM,0.3401624,0.29839817,0.38701645,0.32153323,0.40367353,0.32785922
invisible,P,word2vec_recipe_40_HOM,0.1797109,0.1671841,0.20994273,0.19427834,0.2215812,0.20484504
probe,P,word2vec_recipe_40_HOM,0.2654159,0.2443171,0.3283189,0.27325547,0.36508843,0.33186364
saloon,P,word2vec_recipe_40_HOM,0.17080776,0.1726635,0.19565935,0.19830279,0.20630169,0.20539282
sandbox,M,word2vec_recipe_40_HOM,0.13931343,0.17580242,0.16239886,0.19888203,0.17307116,0.21204117
nasal,P,word2vec_recipe_40_HOM,0.11730442,0.14634997,0.14580734,0.17234607,0.15877205,0.1807441
relation,P,word2vec_recipe_40_HOM,0.14246008,0.1258251,0.1622314,0.14358005,0.17138854,0.15400691
storm,P,word2vec_recipe_40_HOM,0.2033072,0.21458122,0.23747103,0.24996826,0.2536706,0.26952785
attempt,P,word2vec_recipe_40_HOM,0.27821988,0.19892904,0.3162171,0.20128125,0.32982665,0.20827788
exquisite,P,word2vec_recipe_40_HOM,0.24007007,0.28412545,0.29136017,0.3312485,0.3123249,0.35077858
shotgun,M,word2vec_recipe_40_HOM,0.15525596,0.15313527,0.1801222,0.18491723,0.19059844,0.1915446
alarm,P,word2vec_recipe_40_HOM,0.36470956,0.30221516,0.41157162,0.33101925,0.4285009,0.35028076
traction,P,word2vec_recipe_40_HOM,0.14474614,0.16937976,0.17304944,0.19423833,0.18707447,0.20811287
blunt,P,word2vec_recipe_40_HOM,0.29159206,0.2652378,0.34489813,0.35923764,0.36913615,0.37018445
sidekick,P,word2vec_recipe_40_HOM,0.14823362,0.15532464,0.175238,0.19826843,0.18555751,0.2115376
rainbow,P,word2vec_recipe_40_HOM,0.32222047,0.37152424,0.3823302,0.36997026,0.40091488,0.37094298
fireworks,P,word2vec_recipe_40_HOM,0.21379843,0.23630062,0.25256452,0.28439215,0.26811093,0.3039766
macaroni,M,word2vec_recipe_40_HOM,0.22503868,0.28084183,0.3111197,0.34514832,0.34550622,0.35899675
hairline,P,word2vec_recipe_40_HOM,0.17092368,0.19057572,0.20568514,0.24210294,0.22234787,0.26574573
ponytail,M,word2vec_recipe_40_HOM,0.16601428,0.1925544,0.20011066,0.24002212,0.21529354,0.25968164
birth,P,word2vec_recipe_40_HOM,0.088202864,0.10394762,0.10655685,0.13166958,0.11716237,0.14896606
involve,P,word2vec_recipe_40_HOM,0.24509892,0.18494625,0.2725355,0.1829562,0.28381705,0.19003342
bruise,P,word2vec_recipe_40_HOM,0.37117216,0.41420183,0.45944324,0.48737085,0.4884919,0.5130964
sermon,P,word2vec_recipe_40_HOM,0.20425706,0.22266053,0.23258229,0.26937053,0.24481104,0.28645405
suffocate,P,word2vec_recipe_40_HOM,0.17092952,0.21506192,0.21472135,0.25902623,0.23020835,0.2654601
panda,P,word2vec_recipe_40_HOM,0.24064064,0.22372742,0.28460342,0.28191686,0.30425584,0.30908126
info,M,word2vec_recipe_40_HOM,0.2374012,0.19187789,0.2866465,0.16153917,0.3071049,0.15476814
breather,P,word2vec_recipe_40_HOM,0.098662995,0.12078772,0.119528085,0.14619942,0.12928647,0.15892167
routine,P,word2vec_recipe_40_HOM,0.16459484,0.13240942,0.1898045,0.15307349,0.1999201,0.16595665
unsafe,P,word2vec_recipe_40_HOM,0.11467669,0.11876091,0.13535263,0.14804031,0.14439732,0.15847343
realistic,P,word2vec_recipe_40_HOM,0.21183118,0.23460598,0.25428095,0.2529052,0.2686752,0.26073378
canary,P,word2vec_recipe_40_HOM,0.20458826,0.18881333,0.23398557,0.22968967,0.24643911,0.23650756
paddle,P,word2vec_recipe_40_HOM,0.28258175,0.33220848,0.43210503,0.42983907,0.49105254,0.48811695
celebrate,P,word2vec_recipe_40_HOM,0.17386863,0.15709494,0.20355979,0.17953418,0.21625961,0.1871061
corpus,P,word2vec_recipe_40_HOM,0.19330457,0.22783145,0.22326845,0.2695545,0.2360011,0.28258783
twist,P,word2vec_recipe_40_HOM,0.31615704,0.3846054,0.38620278,0.42642462,0.411949,0.41885316
apply,P,word2vec_recipe_40_HOM,0.3769341,0.43830985,0.4509005,0.42778945,0.47423416,0.4325919
prepare,P,word2vec_recipe_40_HOM,0.38523683,0.4728398,0.4578489,0.45449632,0.48014057,0.41926906
priceless,P,word2vec_recipe_40_HOM,0.1709386,0.16820477,0.19569923,0.1991239,0.20539995,0.20580362
juicy,P,word2vec_recipe_40_HOM,0.36026004,0.41628426,0.43211418,0.41795376,0.4559783,0.42265356
jiggle,P,word2vec_recipe_40_HOM,0.27597973,0.29508308,0.40899697,0.3809648,0.44817612,0.38147008
sushi,M,word2vec_recipe_40_HOM,0.25511742,0.26232135,0.34219515,0.35502607,0.38262308,0.39346087
incubator,P,word2vec_recipe_40_HOM,0.13657019,0.17063229,0.16560963,0.20660457,0.17848957,0.21914297
unique,P,word2vec_recipe_40_HOM,0.19747421,0.25813347,0.2534169,0.29160383,0.27817592,0.3075491
wrinkle,H,word2vec_recipe_40_HOM,0.36671978,0.41267577,0.46011433,0.4485772,0.48709628,0.4445108
excellent,M,word2vec_recipe_40_HOM,0.26582295,0.31105673,0.35930076,0.39267176,0.3963109,0.40912494
madman,M,word2vec_recipe_40_HOM,0.12046504,0.10564534,0.14396825,0.1271021,0.15408953,0.13796763
compare,P,word2vec_recipe_40_HOM,0.19139823,0.1549461,0.21978846,0.1798334,0.2305513,0.18466453
spine,P,word2vec_recipe_40_HOM,0.20870368,0.23547429,0.28085813,0.3056459,0.31312275,0.34121552
lively,P,word2vec_recipe_40_HOM,0.37347215,0.36872658,0.435695,0.2850787,0.45904198,0.30086145
happiness,P,word2vec_recipe_40_HOM,0.25168976,0.2644187,0.31115562,0.31125063,0.33118343,0.3041462
sundown,M,word2vec_recipe_40_HOM,0.22049153,0.20392935,0.25024527,0.23615997,0.2609896,0.24488422
crash,H,word2vec_recipe_40_HOM,0.3428522,0.36957344,0.39034474,0.37789953,0.4073007,0.37358063
cover,P,word2vec_recipe_40_HOM,0.39611626,0.4302466,0.478493,0.3953103,0.50215316,0.3923037
steep,H,word2vec_recipe_40_HOM,0.30938596,0.38285187,0.43108577,0.46257052,0.47130895,0.4773217
primary,P,word2vec_recipe_40_HOM,0.33435112,0.35031158,0.38520336,0.37292418,0.40327626,0.3803844
kamikaze,M,word2vec_recipe_40_HOM,0.11764093,0.13855965,0.15581694,0.19100665,0.17739628,0.22641528
reunion,P,word2vec_recipe_40_HOM,0.20507562,0.1970588,0.23725133,0.238379,0.2513258,0.23446196
companion,P,word2vec_recipe_40_HOM,0.22031398,0.26355752,0.26197883,0.281205,0.27956846,0.29565147
catcher,P,word2vec_recipe_40_HOM,0.23652129,0.23262043,0.27174035,0.26323092,0.2850755,0.2790972
occasional,P,word2vec_recipe_40_HOM,0.40442362,0.42646176,0.4788374,0.46164867,0.5017826,0.46295878
motorcycle,P,word2vec_recipe_40_HOM,0.16823426,0.21672644,0.20242925,0.26116145,0.2189072,0.28095078
wallow,P,word2vec_recipe_40_HOM,0.20111223,0.23749733,0.23420908,0.26631817,0.24645004,0.27865183
spit,H,word2vec_recipe_40_HOM,0.3757709,0.40824068,0.43347922,0.41914725,0.45586678,0.44426227
tuxedo,P,word2vec_recipe_40_HOM,0.2514964,0.25909582,0.29059088,0.27940804,0.308169,0.3021762
belong,P,word2vec_recipe_40_HOM,0.10877923,0.10272575,0.1278937,0.12652397,0.13831924,0.13841413
pup,P,word2vec_recipe_40_HOM,0.21514969,0.21413945,0.2500556,0.23089191,0.26452953,0.23267153
liner,H,word2vec_recipe_40_HOM,0.35421187,0.33098698,0.42832702,0.38797894,0.45726937,0.44135216
ecstasy,P,word2vec_recipe_40_HOM,0.17068776,0.18161263,0.19698046,0.20369288,0.20763996,0.20839296
hack,H,word2vec_recipe_40_HOM,0.25419325,0.235153,0.30571413,0.3018861,0.32676056,0.33288312
hound,P,word2vec_recipe_40_HOM,0.18437079,0.21072844,0.21514958,0.22862881,0.22860481,0.23925039
begin,P,word2vec_recipe_40_HOM,0.36495468,0.45645416,0.4793604,0.49528477,0.5169234,0.49850166
afternoon,P,word2vec_recipe_40_HOM,0.2826077,0.31718704,0.36018166,0.35888138,0.39037353,0.36579934
fruitcake,P,word2vec_recipe_40_HOM,0.3248136,0.261329,0.3702168,0.29962334,0.38797095,0.28950915
decision,P,word2vec_recipe_40_HOM,0.16012129,0.12650917,0.18475518,0.14756034,0.19559613,0.15549068
statement,P,word2vec_recipe_40_HOM,0.1282949,0.113458894,0.14944136,0.13563539,0.1586515,0.14716196
moat,M,word2vec_recipe_40_HOM,0.26970568,0.24880485,0.3034684,0.28175557,0.31974715,0.30138493
expel,P,word2vec_recipe_40_HOM,0.3580129,0.39029914,0.4347704,0.46802494,0.4626664,0.48671508
zoom,P,word2vec_recipe_40_HOM,0.22631685,0.24488553,0.26798096,0.2847102,0.2874728,0.2973317
lifetime,P,word2vec_recipe_40_HOM,0.25226247,0.2038743,0.28638747,0.20622817,0.299296,0.20851009
snowman,M,word2vec_recipe_40_HOM,0.2033201,0.2037167,0.2556223,0.27830493,0.28055242,0.30116397
accuracy,M,word2vec_recipe_40_HOM,0.3615873,0.35313508,0.43012297,0.37674335,0.45082626,0.35844275
pebble,P,word2vec_recipe_40_HOM,0.34271654,0.374765,0.3940144,0.39118442,0.4122516,0.39335105
refrain,H,word2vec_recipe_40_HOM,0.29781306,0.23419072,0.33342716,0.23693588,0.3476872,0.24849278
surf,P,word2vec_recipe_40_HOM,0.21973643,0.21682365,0.2626229,0.23493628,0.27719426,0.25146532
tone,P,word2vec_recipe_40_HOM,0.34398785,0.32110116,0.39645585,0.34259942,0.41495258,0.3443346
hamburger,M,word2vec_recipe_40_HOM,0.25086415,0.31709683,0.33258992,0.33806697,0.3679438,0.35699594
naughty,P,word2vec_recipe_40_HOM,0.23542623,0.25465763,0.28185806,0.28500575,0.2997447,0.28447616
presence,P,word2vec_recipe_40_HOM,0.18677676,0.17883103,0.21260782,0.19402973,0.22499073,0.2033748
gorge,P,word2vec_recipe_40_HOM,0.115493774,0.113554046,0.13466926,0.13230269,0.14411311,0.14320803
sailor,P,word2vec_recipe_40_HOM,0.15730484,0.1546969,0.17995216,0.17694017,0.18994254,0.18925816
decide,P,word2vec_recipe_40_HOM,0.24346097,0.25058252,0.2822419,0.23917781,0.29752856,0.23213841
fail,P,word2vec_recipe_40_HOM,0.33672774,0.33785865,0.41554835,0.32223466,0.4384726,0.30965784
banquet,P,word2vec_recipe_40_HOM,0.19904672,0.19833668,0.22645713,0.22125039,0.23644684,0.22503784
domestic,P,word2vec_recipe_40_HOM,0.35768107,0.32533705,0.41269672,0.31967118,0.42927063,0.31166098
tug,P,word2vec_recipe_40_HOM,0.27423176,0.28548148,0.3165046,0.31766495,0.3338311,0.32969907
authority,P,word2vec_recipe_40_HOM,0.102094755,0.104484454,0.11775923,0.12944144,0.12647335,0.14390449
brunch,P,word2vec_recipe_40_HOM,0.3196799,0.31386557,0.39297703,0.39471853,0.41616988,0.39413154
abide,P,word2vec_recipe_40_HOM,0.09604512,0.09438853,0.11349931,0.12329138,0.122065134,0.13601987
elbow,P,word2vec_recipe_40_HOM,0.31140158,0.29726478,0.38590735,0.335296,0.42080957,0.37060857
land,P,word2vec_recipe_40_HOM,0.2769896,0.22983417,0.32579848,0.21889688,0.3424146,0.2281043
pun,P,word2vec_recipe_40_HOM,0.22050974,0.15392645,0.24645847,0.15911916,0.25773373,0.1675091
sunlight,M,word2vec_recipe_40_HOM,0.3282324,0.36287254,0.3996985,0.41358414,0.42470145,0.4252837
tedious,M,word2vec_recipe_40_HOM,0.21574545,0.19115011,0.27196157,0.19795938,0.29088435,0.20727907
amigo,M,word2vec_recipe_40_HOM,0.18680704,0.16106194,0.21226639,0.1986126,0.22328651,0.20732404
sock,H,word2vec_recipe_40_HOM,0.37359506,0.31642437,0.42025065,0.35278603,0.43351477,0.34371936
experience,P,word2vec_recipe_40_HOM,0.17454816,0.15488209,0.204743,0.16775404,0.21492569,0.18054695
relocate,P,word2vec_recipe_40_HOM,0.15379722,0.19073534,0.18028818,0.21367097,0.1915176,0.22319444
fluke,H,word2vec_recipe_40_HOM,0.2363542,0.2818582,0.29074076,0.3383609,0.31731957,0.36303315
vinyl,M,word2vec_recipe_40_HOM,0.24467318,0.29583177,0.30167437,0.3596226,0.32502052,0.37202585
purse,P,word2vec_recipe_40_HOM,0.26991725,0.3436196,0.3454117,0.37467408,0.37339783,0.39123398
airplane,M,word2vec_recipe_40_HOM,0.16036288,0.1818625,0.18700513,0.22239497,0.19927597,0.23766103
symbol,P,word2vec_recipe_40_HOM,0.17344853,0.18748324,0.2051295,0.22126341,0.21864419,0.2295188
certainty,P,word2vec_recipe_40_HOM,0.10339545,0.112671405,0.12456427,0.13729131,0.1331898,0.14740984
distress,P,word2vec_recipe_40_HOM,0.12470639,0.12749957,0.14146462,0.14961381,0.14929928,0.15851395
suspicious,P,word2vec_recipe_40_HOM,0.09034536,0.095817715,0.10694599,0.12360694,0.11590137,0.1340674
deep,P,word2vec_recipe_40_HOM,0.36446124,0.439765,0.44853643,0.5314998,0.4783842,0.51300573
stow,P,word2vec_recipe_40_HOM,0.16443038,0.21417122,0.2117838,0.28040218,0.2335133,0.30294812
slug,H,word2vec_recipe_40_HOM,0.29091722,0.32795167,0.34509945,0.38760522,0.36568666,0.40235442
ethnic,P,word2vec_recipe_40_HOM,0.16815138,0.19728334,0.23869072,0.26467657,0.28003874,0.29195344
scoop,P,word2vec_recipe_40_HOM,0.33778548,0.3722882,0.4586673,0.50537163,0.50207216,0.53681135
corkscrew,P,word2vec_recipe_40_HOM,0.33011165,0.380278,0.39288703,0.39035162,0.4172416,0.39974132
access,P,word2vec_recipe_40_HOM,0.36951005,0.4674053,0.48097873,0.40668938,0.5047216,0.36827445
condition,P,word2vec_recipe_40_HOM,0.26955348,0.20752786,0.3086456,0.2499467,0.32224378,0.25738707
ton,P,word2vec_recipe_40_HOM,0.30100664,0.34441644,0.43715638,0.4727315,0.47424865,0.47439048
assume,P,word2vec_recipe_40_HOM,0.16923389,0.12994651,0.19000427,0.1430861,0.19964932,0.15593939
slimy,P,word2vec_recipe_40_HOM,0.25943542,0.30265293,0.31361425,0.32471874,0.33636948,0.32964367
dunk,P,word2vec_recipe_40_HOM,0.41621572,0.51562476,0.49897757,0.52248174,0.5233389,0.50454146
verify,M,word2vec_recipe_40_HOM,0.26757067,0.26602232,0.31839785,0.31476322,0.33926505,0.33848697
stir,H,word2vec_recipe_40_HOM,0.27417475,0.34632832,0.3696888,0.36229134,0.39809555,0.3680492
grumpy,M,word2vec_recipe_40_HOM,0.14023852,0.16809693,0.1629988,0.19128323,0.17304856,0.20674263
accessory,P,word2vec_recipe_40_HOM,0.2848608,0.33203015,0.35499284,0.41850752,0.38976583,0.44013247
locate,P,word2vec_recipe_40_HOM,0.278426,0.2588899,0.3174061,0.2798428,0.33292493,0.28677613
stamp,P,word2vec_recipe_40_HOM,0.28744444,0.24822721,0.3498347,0.28131905,0.38704863,0.32842878
goat,P,word2vec_recipe_40_HOM,0.22237548,0.3055356,0.3269547,0.384392,0.36818373,0.4104375
relevant,P,word2vec_recipe_40_HOM,0.11344761,0.11250103,0.1353416,0.1460152,0.14512414,0.15991944
race,H,word2vec_recipe_40_HOM,0.24664147,0.22582456,0.2843122,0.27385578,0.29896212,0.28272274
decent,P,word2vec_recipe_40_HOM,0.34469196,0.39802456,0.41394833,0.3594523,0.43380493,0.31160584
diagram,P,word2vec_recipe_40_HOM,0.2819417,0.27429256,0.33225772,0.27351135,0.3574118,0.30854
piggy,P,word2vec_recipe_40_HOM,0.22338772,0.22973606,0.2540994,0.25312278,0.26589048,0.25754434
indigenous,M,word2vec_recipe_40_HOM,0.09734762,0.114400424,0.11875087,0.14802925,0.12858067,0.1637126
pollen,M,word2vec_recipe_40_HOM,0.28682226,0.32512966,0.35246274,0.4106785,0.38206553,0.43110487
badger,P,word2vec_recipe_40_HOM,0.1254907,0.13408935,0.14479326,0.1629036,0.15281315,0.17190373
lens,P,word2vec_recipe_40_HOM,0.17373493,0.18884945,0.20010784,0.20754312,0.21082821,0.21904668
dump,P,word2vec_recipe_40_HOM,0.4375814,0.45299044,0.49429408,0.3832783,0.5118827,0.39260626
tonic,P,word2vec_recipe_40_HOM,0.19079211,0.23568462,0.2581932,0.2846962,0.28825292,0.30550328
penguin,M,word2vec_recipe_40_HOM,0.1654791,0.16352268,0.20906082,0.2386735,0.23184033,0.27151495
horny,P,word2vec_recipe_40_HOM,0.1289187,0.15468943,0.15613723,0.18756095,0.16732685,0.20221494
bloody,P,word2vec_recipe_40_HOM,0.2959208,0.24426194,0.35588697,0.31428224,0.38015515,0.33044088
rival,P,word2vec_recipe_40_HOM,0.23374084,0.24657731,0.2642138,0.21579133,0.27616364,0.21772827
attractive,P,word2vec_recipe_40_HOM,0.31609824,0.3404203,0.39898545,0.40019232,0.4294748,0.42301065
alien,P,word2vec_recipe_40_HOM,0.16306534,0.20246746,0.19331741,0.250872,0.21054775,0.27399403
lobster,P,word2vec_recipe_40_HOM,0.26488766,0.35003528,0.3633128,0.4466545,0.40077287,0.45110795
fanfare,P,word2vec_recipe_40_HOM,0.16851701,0.19025135,0.18960509,0.20933774,0.19981182,0.22052316
behavior,P,word2vec_recipe_40_HOM,0.1347291,0.13086095,0.15504195,0.14310788,0.16397676,0.15396154
breeze,P,word2vec_recipe_40_HOM,0.33495435,0.21886553,0.37697238,0.2699423,0.3941874,0.30228037
numb,P,word2vec_recipe_40_HOM,0.15534322,0.14950281,0.18104438,0.16619463,0.19239008,0.1769376
accessible,P,word2vec_recipe_40_HOM,0.22600047,0.1714011,0.25108117,0.18888052,0.2627959,0.19427972
texture,P,word2vec_recipe_40_HOM,0.25835842,0.31396404,0.32441875,0.38209522,0.35287887,0.38977218
upstairs,P,word2vec_recipe_40_HOM,0.19321749,0.14308818,0.22328955,0.17527723,0.23493615,0.18717422
deck,P,word2vec_recipe_40_HOM,0.24819121,0.235368,0.29216197,0.25930792,0.3069076,0.26855126
fold,H,word2vec_recipe_40_HOM,0.41232038,0.34370098,0.4779874,0.3496599,0.50041765,0.36545333
trailing,P,word2vec_recipe_40_HOM,0.18373604,0.22075723,0.22987936,0.26686737,0.24973935,0.28496337
motion,P,word2vec_recipe_40_HOM,0.26987422,0.35352692,0.37581944,0.41950136,0.4166246,0.42766216
bush,H,word2vec_recipe_40_HOM,0.38866293,0.34018493,0.4289682,0.37114,0.44303313,0.37395674
compose,P,word2vec_recipe_40_HOM,0.32844016,0.33676246,0.38487178,0.3625852,0.4075249,0.387993
spouse,M,word2vec_recipe_40_HOM,0.11307888,0.11504324,0.1375753,0.14292003,0.14844239,0.15774165
devil,P,word2vec_recipe_40_HOM,0.31807035,0.34435916,0.36429146,0.3087346,0.37923935,0.3123693
sleepy,P,word2vec_recipe_40_HOM,0.19299665,0.19450909,0.2226493,0.23504768,0.23621367,0.24927348
void,P,word2vec_recipe_40_HOM,0.31717008,0.3264221,0.37238008,0.36908746,0.3931923,0.374296
closure,P,word2vec_recipe_40_HOM,0.19180372,0.16142689,0.26903236,0.29789382,0.31436053,0.37584475
pelvic,M,word2vec_recipe_40_HOM,0.122235656,0.174368,0.17627622,0.25195614,0.20557256,0.28922358
cultural,M,word2vec_recipe_40_HOM,0.09685482,0.11707394,0.11312113,0.14469974,0.12224368,0.1608097
distribute,P,word2vec_recipe_40_HOM,0.3403303,0.44830668,0.46025127,0.4625632,0.49156684,0.44954062
merge,P,word2vec_recipe_40_HOM,0.31585792,0.33446816,0.41135368,0.40142104,0.43978462,0.38751355
bright,P,word2vec_recipe_40_HOM,0.33552843,0.35272676,0.44274697,0.5035109,0.48198137,0.53589445
kidney,P,word2vec_recipe_40_HOM,0.24269672,0.30296037,0.3365048,0.37845868,0.37201318,0.39944974
stall,H,word2vec_recipe_40_HOM,0.14917664,0.13126297,0.1722638,0.14929,0.18273395,0.15859233
altitude,P,word2vec_recipe_40_HOM,0.30013376,0.2670816,0.4219851,0.42285973,0.46039817,0.43688673
cigar,M,word2vec_recipe_40_HOM,0.30441624,0.31478876,0.38341716,0.35592672,0.41004485,0.37168515
flip,H,word2vec_recipe_40_HOM,0.35637537,0.4231092,0.44227475,0.4430097,0.4716071,0.43385273
pancake,P,word2vec_recipe_40_HOM,0.29111332,0.40253842,0.40920696,0.50912106,0.45445582,0.52131987
gourmet,P,word2vec_recipe_40_HOM,0.26783043,0.29607537,0.30359343,0.31333822,0.3172821,0.31082866
wholesale,P,word2vec_recipe_40_HOM,0.15475771,0.15811662,0.18508035,0.192608,0.19904505,0.19941148
gallery,P,word2vec_recipe_40_HOM,0.17238975,0.16877909,0.19968715,0.18757993,0.2112059,0.19874279
disposable,P,word2vec_recipe_40_HOM,0.35493916,0.3693424,0.42454186,0.4453493,0.44789138,0.46314403
pipe,H,word2vec_recipe_40_HOM,0.2656265,0.269202,0.33714196,0.3227215,0.37426263,0.35446054
triumph,P,word2vec_recipe_40_HOM,0.16443682,0.19528472,0.19341433,0.22635573,0.20554931,0.23508433
monk,M,word2vec_recipe_40_HOM,0.3039012,0.27174285,0.33959648,0.2988276,0.35319665,0.30047074
salon,P,word2vec_recipe_40_HOM,0.18325254,0.22547352,0.21638082,0.26464054,0.23179743,0.28256962
sinus,P,word2vec_recipe_40_HOM,0.13080181,0.15322407,0.17508818,0.20836401,0.19530404,0.22969031
mechanical,P,word2vec_recipe_40_HOM,0.23485914,0.25514737,0.28464714,0.3138108,0.3027465,0.31534067
thin,P,word2vec_recipe_40_HOM,0.33669218,0.34192765,0.4064685,0.34395936,0.43456313,0.36773875
wicked,P,word2vec_recipe_40_HOM,0.23288456,0.2582144,0.27374434,0.2813122,0.29087412,0.2938873
iron,P,word2vec_recipe_40_HOM,0.33638632,0.4098249,0.4448073,0.49958676,0.48141402,0.52321535
nugget,P,word2vec_recipe_40_HOM,0.40166482,0.47281417,0.45480332,0.46724257,0.4725624,0.46078125
cage,P,word2vec_recipe_40_HOM,0.21508567,0.20926067,0.2815321,0.29133585,0.31106344,0.33208868
asthma,M,word2vec_recipe_40_HOM,0.10252347,0.12896718,0.13732061,0.17399992,0.15134026,0.1864575
nickel,P,word2vec_recipe_40_HOM,0.24918684,0.27115375,0.33971116,0.34232104,0.37012097,0.3666123
atomic,P,word2vec_recipe_40_HOM,0.1545911,0.16718552,0.18395966,0.19490942,0.1953957,0.20700613
blitz,P,word2vec_recipe_40_HOM,0.22665372,0.25950503,0.34000516,0.34355468,0.3935494,0.38712633
mouthful,P,word2vec_recipe_40_HOM,0.25215292,0.2098398,0.28389513,0.20321834,0.2955644,0.20974112
orgasm,M,word2vec_recipe_40_HOM,0.13094553,0.14421707,0.15193366,0.17600024,0.1606374,0.18387486
toss,P,word2vec_recipe_40_HOM,0.32039827,0.3419545,0.39042515,0.36749488,0.41726136,0.37230733
keel,P,word2vec_recipe_40_HOM,0.14901653,0.17214835,0.21164578,0.26152906,0.24221924,0.29459423
charity,P,word2vec_recipe_40_HOM,0.35579956,0.3539122,0.4341363,0.35208705,0.46131003,0.34908512
match,H,word2vec_recipe_40_HOM,0.36684537,0.37423968,0.42915437,0.37012482,0.45144022,0.3625917
buff,H,word2vec_recipe_40_HOM,0.26785737,0.2593747,0.30868682,0.3073431,0.32481062,0.30864412
larger,P,word2vec_recipe_40_HOM,0.35913244,0.36829743,0.43642417,0.39272553,0.45868605,0.4031953
serpent,M,word2vec_recipe_40_HOM,0.21647425,0.22418308,0.24947478,0.2668696,0.26637253,0.29477853
petroleum,M,word2vec_recipe_40_HOM,0.19362205,0.17421088,0.219648,0.19855437,0.23031396,0.20619512
collapse,P,word2vec_recipe_40_HOM,0.32187104,0.41785577,0.4008263,0.41327977,0.4242453,0.37568736
reproduce,P,word2vec_recipe_40_HOM,0.11950894,0.10774557,0.13948834,0.12978637,0.14932548,0.14139266
giggle,P,word2vec_recipe_40_HOM,0.2331074,0.20623845,0.2729799,0.24118115,0.28838187,0.25013563
nylon,P,word2vec_recipe_40_HOM,0.37199494,0.35134646,0.43560782,0.44776714,0.46294495,0.4734559
inject,P,word2vec_recipe_40_HOM,0.33642673,0.3983445,0.4436212,0.45076683,0.4737099,0.4752634
window,P,word2vec_recipe_40_HOM,0.26761073,0.25129542,0.3212617,0.29105863,0.34202278,0.31592992
prison,P,word2vec_recipe_40_HOM,0.17553838,0.17200428,0.19981943,0.19436148,0.21051954,0.20651533
throat,P,word2vec_recipe_40_HOM,0.19865885,0.21702896,0.2528868,0.25651222,0.2760125,0.27309516
hint,P,word2vec_recipe_40_HOM,0.2971942,0.2408691,0.33453315,0.22357143,0.34770706,0.22378524
topless,P,word2vec_recipe_40_HOM,0.18567583,0.20101742,0.21231186,0.2101417,0.22393996,0.22690034
pantry,P,word2vec_recipe_40_HOM,0.3279592,0.3320864,0.3813437,0.37308988,0.3979048,0.3542232
blur,P,word2vec_recipe_40_HOM,0.22464249,0.15405308,0.25732157,0.19765696,0.2732588,0.21574311
golden,P,word2vec_recipe_40_HOM,0.336541,0.4164135,0.438735,0.4256263,0.47296458,0.4408979
battle,P,word2vec_recipe_40_HOM,0.21333668,0.16903298,0.23848395,0.18486984,0.24881078,0.2010214
groovy,M,word2vec_recipe_40_HOM,0.17212313,0.1885511,0.20354462,0.23174918,0.21515599,0.23486736
testament,P,word2vec_recipe_40_HOM,0.136712,0.13588014,0.1666379,0.17674157,0.17904893,0.1912758
salvation,P,word2vec_recipe_40_HOM,0.11775689,0.12615031,0.14492396,0.1597838,0.15609689,0.17123902
ensemble,P,word2vec_recipe_40_HOM,0.25088274,0.2511695,0.28744277,0.28082868,0.30068183,0.29147437
meticulous,M,word2vec_recipe_40_HOM,0.106853865,0.116102226,0.12968934,0.1444925,0.14022623,0.15868366
orchestra,P,word2vec_recipe_40_HOM,0.09748289,0.11800541,0.11978067,0.14436977,0.12987791,0.15867439
twilight,P,word2vec_recipe_40_HOM,0.19572215,0.2243407,0.23421581,0.2635542,0.2484285,0.27108282
rare,H,word2vec_recipe_40_HOM,0.25323153,0.2413424,0.3929221,0.34303775,0.43787572,0.40029898
aversion,P,word2vec_recipe_40_HOM,0.1682011,0.1352979,0.19761246,0.1518406,0.21001238,0.16762878
spinach,M,word2vec_recipe_40_HOM,0.28910065,0.3804919,0.3680078,0.43026802,0.39632615,0.4334138
scientific,P,word2vec_recipe_40_HOM,0.097389646,0.11513815,0.12070528,0.1457889,0.13090771,0.15280484
gunpowder,M,word2vec_recipe_40_HOM,0.20115633,0.2626974,0.24370867,0.31588376,0.26106605,0.3349373
greet,P,word2vec_recipe_40_HOM,0.18424061,0.18390712,0.21068029,0.19415179,0.2233282,0.20220335
improve,P,word2vec_recipe_40_HOM,0.26968187,0.3031261,0.32935864,0.32009447,0.3510993,0.30903503
imperial,H,word2vec_recipe_40_HOM,0.29644114,0.25339383,0.3447779,0.26500323,0.3616691,0.269563
inform,P,word2vec_recipe_40_HOM,0.09570751,0.10179573,0.11324259,0.124888144,0.12169899,0.13706279
daily,P,word2vec_recipe_40_HOM,0.3866328,0.3673018,0.43692505,0.41323087,0.45474434,0.40994918
trio,P,word2vec_recipe_40_HOM,0.3090243,0.30265185,0.3539734,0.33028266,0.3693493,0.34007204
rid,M,word2vec_recipe_40_HOM,0.38600764,0.347338,0.45044464,0.43201983,0.4738008,0.44007948
master,P,word2vec_recipe_40_HOM,0.3663873,0.3240279,0.4137962,0.33561152,0.43037283,0.35203096
sultan,P,word2vec_recipe_40_HOM,0.17986487,0.19875504,0.20682089,0.23493582,0.21821323,0.24015342
crude,P,word2vec_recipe_40_HOM,0.19903712,0.17271572,0.22162594,0.16934858,0.23217878,0.18487433
vintage,P,word2vec_recipe_40_HOM,0.21474162,0.16249818,0.2450741,0.18249305,0.2572428,0.20438139
slap,P,word2vec_recipe_40_HOM,0.35060436,0.36564964,0.42731464,0.42813784,0.45454013,0.4390693
contain,P,word2vec_recipe_40_HOM,0.3464598,0.2999446,0.39726117,0.3024379,0.41552126,0.30039653
facility,P,word2vec_recipe_40_HOM,0.13760778,0.1260742,0.1596319,0.14574537,0.16967428,0.15578592
soccer,M,word2vec_recipe_40_HOM,0.19677763,0.20484847,0.23995309,0.2604345,0.25952396,0.28108206
reckless,P,word2vec_recipe_40_HOM,0.12401301,0.12457636,0.14410518,0.14423677,0.15412721,0.15536536
selection,P,word2vec_recipe_40_HOM,0.35389143,0.3698733,0.4139746,0.4076908,0.4355732,0.41036603
title,P,word2vec_recipe_40_HOM,0.2344522,0.15587373,0.27896562,0.17538442,0.30584896,0.19160466
knife,P,word2vec_recipe_40_HOM,0.27735114,0.28409636,0.39040494,0.37682477,0.43394896,0.41756132
organize,P,word2vec_recipe_40_HOM,0.3567235,0.32588464,0.39810857,0.32006913,0.4129907,0.331269
swab,P,word2vec_recipe_40_HOM,0.2942902,0.2957788,0.34472194,0.35147017,0.36941934,0.36081043
persuade,P,word2vec_recipe_40_HOM,0.102545455,0.10340037,0.12218202,0.12935898,0.13268575,0.14616506
tolerance,P,word2vec_recipe_40_HOM,0.28630304,0.2856522,0.36541787,0.370928,0.39203566,0.38336518
burglar,M,word2vec_recipe_40_HOM,0.2275395,0.25643077,0.26469687,0.29435015,0.27932492,0.3089074
atmosphere,P,word2vec_recipe_40_HOM,0.21930929,0.1777768,0.2607793,0.2034623,0.27429223,0.20810136
hectic,P,word2vec_recipe_40_HOM,0.09020452,0.09717804,0.112085454,0.12534967,0.12116525,0.13687015
youth,P,word2vec_recipe_40_HOM,0.18702474,0.17767179,0.21372524,0.19756389,0.22669514,0.20909812
rub,P,word2vec_recipe_40_HOM,0.353508,0.4248735,0.42771167,0.44397187,0.45305642,0.42079443
faint,P,word2vec_recipe_40_HOM,0.31990242,0.30309236,0.3651906,0.33873078,0.3863275,0.35784727
dancer,M,word2vec_recipe_40_HOM,0.15983883,0.15757184,0.18277214,0.1687178,0.19322366,0.18573481
reckon,P,word2vec_recipe_40_HOM,0.087702714,0.09074404,0.10602051,0.12046701,0.11636708,0.13305283
trap,H,word2vec_recipe_40_HOM,0.3354552,0.3549788,0.3947004,0.39304903,0.41721165,0.4029066
circle,P,word2vec_recipe_40_HOM,0.2569162,0.21607135,0.30238536,0.22040649,0.32148308,0.24946736
flatten,P,word2vec_recipe_40_HOM,0.31145024,0.34982857,0.394809,0.39978778,0.42342728,0.401142
intention,P,word2vec_recipe_40_HOM,0.13771223,0.11814302,0.16230659,0.13691442,0.17310701,0.1501427
boot,P,word2vec_recipe_40_HOM,0.20732042,0.19484478,0.24610752,0.23410688,0.26513994,0.2625454
canal,P,word2vec_recipe_40_HOM,0.29577518,0.2941625,0.3379059,0.3285524,0.35357067,0.33627295
spot,P,word2vec_recipe_40_HOM,0.28884655,0.31251907,0.42126113,0.43804082,0.46838656,0.47403052
proud,P,word2vec_recipe_40_HOM,0.16555907,0.118129365,0.18973325,0.14770187,0.20071848,0.1610184
faulty,M,word2vec_recipe_40_HOM,0.19128688,0.2399672,0.22823393,0.26735932,0.24130848,0.2854739
artificial,P,word2vec_recipe_40_HOM,0.36712188,0.44077274,0.43323323,0.45889717,0.45789543,0.45150694
corner,P,word2vec_recipe_40_HOM,0.3297717,0.32915097,0.3875378,0.34746313,0.40714645,0.35035968
harmless,M,word2vec_recipe_40_HOM,0.16431166,0.1782343,0.19477843,0.19860959,0.20730028,0.20006782
yawn,P,word2vec_recipe_40_HOM,0.12165235,0.13795072,0.14453693,0.16180515,0.15446398,0.16953936
bland,P,word2vec_recipe_40_HOM,0.26834416,0.24396107,0.31309998,0.26968673,0.32854885,0.2816289
objective,P,word2vec_recipe_40_HOM,0.2082754,0.17862621,0.23854843,0.18814856,0.25125074,0.19758785
tin,P,word2vec_recipe_40_HOM,0.28170788,0.2752259,0.34298003,0.32769012,0.3740665,0.3575457
handy,P,word2vec_recipe_40_HOM,0.33797127,0.33861434,0.3923483,0.3043778,0.40893623,0.30053908
gardener,P,word2vec_recipe_40_HOM,0.12500584,0.14317566,0.14709295,0.17430855,0.1576808,0.18765247
enemy,P,word2vec_recipe_40_HOM,0.20734349,0.17511441,0.23621823,0.19071965,0.24787949,0.1958302
finger,P,word2vec_recipe_40_HOM,0.3075541,0.34991425,0.40413445,0.43742782,0.43795502,0.44481885
rape,H,word2vec_recipe_40_HOM,0.2742043,0.3260952,0.3368534,0.33284482,0.36330315,0.36237255
hustle,P,word2vec_recipe_40_HOM,0.21012557,0.21933101,0.24289651,0.2648268,0.25452885,0.280402
caress,P,word2vec_recipe_40_HOM,0.17054327,0.20113266,0.2053553,0.24994321,0.21874903,0.26126236
bomber,P,word2vec_recipe_40_HOM,0.14951725,0.15365444,0.17501944,0.17832455,0.18553326,0.18984203
capsule,P,word2vec_recipe_40_HOM,0.32551226,0.34287742,0.37225178,0.37401906,0.39123932,0.3934875
balance,P,word2vec_recipe_40_HOM,0.33343315,0.32037568,0.39011583,0.3339638,0.4162392,0.35469076
conquer,P,word2vec_recipe_40_HOM,0.11059855,0.1137137,0.13021505,0.12911178,0.139724,0.14367814
commission,P,word2vec_recipe_40_HOM,0.16316076,0.16041103,0.19636871,0.17142208,0.20954528,0.1799263
rib,H,word2vec_recipe_40_HOM,0.27855676,0.32928476,0.3554859,0.4055819,0.38772374,0.4132356
fertilizer,P,word2vec_recipe_40_HOM,0.1290259,0.15272933,0.14960128,0.17002937,0.15899359,0.17778482
crime,P,word2vec_recipe_40_HOM,0.20365477,0.18228069,0.22797184,0.19088,0.23830965,0.20203076
twinkle,P,word2vec_recipe_40_HOM,0.15935275,0.1867865,0.18860123,0.22303121,0.20098366,0.2370363
rat,P,word2vec_recipe_40_HOM,0.24748793,0.22841047,0.28560704,0.29176444,0.30249393,0.316902
shade,P,word2vec_recipe_40_HOM,0.31692916,0.39289483,0.4256269,0.4750256,0.47013313,0.49486616
risky,M,word2vec_recipe_40_HOM,0.10114597,0.105924204,0.121466085,0.13131538,0.13093194,0.14397143
cinnamon,P,word2vec_recipe_40_HOM,0.24473593,0.2857268,0.35874003,0.4027941,0.39882427,0.42242602
heartfelt,M,word2vec_recipe_40_HOM,0.2284226,0.25761342,0.28872785,0.23996879,0.30826092,0.23917751
jive,P,word2vec_recipe_40_HOM,0.15572713,0.19978839,0.17793459,0.21715035,0.1879782,0.23009616
painful,P,word2vec_recipe_40_HOM,0.15691492,0.16204695,0.1856887,0.19007188,0.1997131,0.20088299
drape,P,word2vec_recipe_40_HOM,0.34901515,0.3776511,0.40413737,0.3290602,0.42391357,0.31866178
chronic,P,word2vec_recipe_40_HOM,0.106477834,0.13175085,0.12613916,0.14806245,0.13585262,0.1582197
illusion,P,word2vec_recipe_40_HOM,0.16622686,0.1714107,0.1930747,0.1988789,0.20399733,0.20322971
stem,H,word2vec_recipe_40_HOM,0.26066524,0.3102937,0.3429338,0.37365973,0.37862507,0.40955678
nightmare,P,word2vec_recipe_40_HOM,0.17140198,0.126984,0.19680834,0.15489896,0.20684807,0.16480814
yell,P,word2vec_recipe_40_HOM,0.13311288,0.15333994,0.15651406,0.16000833,0.16697943,0.16216546
tilt,P,word2vec_recipe_40_HOM,0.37433177,0.44825354,0.45792305,0.440929,0.4831296,0.45051244
lodge,P,word2vec_recipe_40_HOM,0.2577361,0.17937283,0.2869337,0.19859089,0.298527,0.20830071
excite,P,word2vec_recipe_40_HOM,0.12707521,0.13074297,0.1508026,0.15028782,0.16083805,0.15909056
spruce,H,word2vec_recipe_40_HOM,0.30518037,0.29185903,0.347134,0.32819092,0.36260232,0.34334248
butterfly,P,word2vec_recipe_40_HOM,0.35487768,0.37053218,0.42010888,0.417767,0.44055274,0.41082373
puny,M,word2vec_recipe_40_HOM,0.11724528,0.11972656,0.13656706,0.14399283,0.14604883,0.14976701
pal,P,word2vec_recipe_40_HOM,0.22291744,0.16282974,0.25631955,0.19620247,0.26845458,0.21291201
cork,P,word2vec_recipe_40_HOM,0.27592415,0.28031945,0.35628772,0.38805065,0.39110816,0.42804506
snuff,H,word2vec_recipe_40_HOM,0.18398361,0.17916474,0.21429612,0.21111467,0.22545344,0.22183645
ogre,P,word2vec_recipe_40_HOM,0.20970002,0.22868624,0.25574467,0.2589162,0.27253705,0.27504334
underneath,P,word2vec_recipe_40_HOM,0.3408628,0.35844705,0.3915142,0.33461884,0.41145954,0.3387641
appearance,P,word2vec_recipe_40_HOM,0.29552326,0.35475183,0.35852906,0.3836588,0.38471758,0.38637006
cushion,P,word2vec_recipe_40_HOM,0.284219,0.2914356,0.32231513,0.29874176,0.33804467,0.3133872
platform,P,word2vec_recipe_40_HOM,0.24290581,0.24443188,0.2875723,0.28429946,0.30505404,0.30286708
foggy,P,word2vec_recipe_40_HOM,0.13944395,0.14373459,0.16387598,0.17158012,0.17472944,0.18315846
hen,M,word2vec_recipe_40_HOM,0.24595287,0.26707172,0.36450973,0.4342627,0.41824636,0.45634332
skirt,P,word2vec_recipe_40_HOM,0.24403112,0.24703927,0.33955324,0.30332112,0.37291032,0.3220832
allergic,P,word2vec_recipe_40_HOM,0.21898785,0.22171594,0.25511506,0.21284975,0.2710593,0.22180341
limp,H,word2vec_recipe_40_HOM,0.27310318,0.34071907,0.3638296,0.35673076,0.39790958,0.3682777
splash,P,word2vec_recipe_40_HOM,0.3474081,0.41890687,0.4306538,0.45725092,0.45693225,0.46485713
note,P,word2vec_recipe_40_HOM,0.25418192,0.32135734,0.32110965,0.31700775,0.3438366,0.30874267
sensible,P,word2vec_recipe_40_HOM,0.3035508,0.30515805,0.35776284,0.36651227,0.38051838,0.38010636
headless,P,word2vec_recipe_40_HOM,0.17683855,0.20013604,0.21556729,0.233408,0.23010218,0.2366448
rescue,P,word2vec_recipe_40_HOM,0.22194104,0.1791074,0.25215173,0.19523458,0.2647606,0.19982882
paradise,P,word2vec_recipe_40_HOM,0.33524102,0.32920125,0.37665436,0.31928086,0.39109534,0.32114613
verse,H,word2vec_recipe_40_HOM,0.11942065,0.12075556,0.14074878,0.14312266,0.15100372,0.15208898
melt,P,word2vec_recipe_40_HOM,0.36268204,0.33647957,0.43098548,0.36060467,0.45699692,0.37548983
brand,P,word2vec_recipe_40_HOM,0.34068018,0.3682469,0.41400552,0.44628632,0.44140807,0.4386562
punishment,P,word2vec_recipe_40_HOM,0.14984131,0.13473022,0.17490321,0.17649414,0.18493313,0.19004995
owner,M,word2vec_recipe_40_HOM,0.12345451,0.13173646,0.15425526,0.15983513,0.16758168,0.17830263
migraine,M,word2vec_recipe_40_HOM,0.10363398,0.12167952,0.1273914,0.1444438,0.13789627,0.1570544
unmarked,M,word2vec_recipe_40_HOM,0.19603483,0.21675816,0.2280135,0.24285991,0.24116682,0.266011
strain,H,word2vec_recipe_40_HOM,0.29373795,0.33951995,0.38885868,0.45451504,0.4264605,0.4665424
magnetic,P,word2vec_recipe_40_HOM,0.22623949,0.31578648,0.29396638,0.39429268,0.3205288,0.41416088
candy,P,word2vec_recipe_40_HOM,0.30527738,0.40726578,0.37044474,0.4885923,0.3985841,0.49243072
castle,P,word2vec_recipe_40_HOM,0.27554294,0.23857197,0.31043947,0.26901495,0.3271048,0.29846832
sin,H,word2vec_recipe_40_HOM,0.3005169,0.2489816,0.331768,0.24262251,0.34369656,0.245769
oral,P,word2vec_recipe_40_HOM,0.10665096,0.11601819,0.1276357,0.15470377,0.1385044,0.16998863
transition,M,word2vec_recipe_40_HOM,0.17107488,0.13568696,0.19518921,0.16780403,0.20612088,0.17445762
quartet,P,word2vec_recipe_40_HOM,0.15553139,0.13456796,0.17826155,0.16990907,0.18766144,0.18106687
washed,P,word2vec_recipe_40_HOM,0.35303578,0.46551844,0.43790844,0.48326597,0.46469787,0.4771216
maneuver,P,word2vec_recipe_40_HOM,0.18809445,0.18247624,0.21737377,0.2044304,0.23065424,0.21148154
pastry,P,word2vec_recipe_40_HOM,0.32884815,0.40810117,0.39932796,0.42887744,0.42726082,0.4324548
snot,P,word2vec_recipe_40_HOM,0.12964478,0.12571906,0.1511941,0.14241055,0.16149604,0.15859546
recent,P,word2vec_recipe_40_HOM,0.1463298,0.1464531,0.17493318,0.16944373,0.18762909,0.18706915
magnet,P,word2vec_recipe_40_HOM,0.18203048,0.21387856,0.22564413,0.2787279,0.2441795,0.2902626
example,P,word2vec_recipe_40_HOM,0.27735993,0.36730903,0.33469483,0.37825704,0.3533674,0.36677593
femur,P,word2vec_recipe_40_HOM,0.15372434,0.18935859,0.19120862,0.24495596,0.20895681,0.26568115
plump,H,word2vec_recipe_40_HOM,0.41929722,0.5193299,0.50413823,0.5331727,0.5313524,0.5442495
demon,P,word2vec_recipe_40_HOM,0.12938169,0.1412285,0.14796728,0.16312043,0.15601534,0.17594771
zipper,P,word2vec_recipe_40_HOM,0.14049926,0.19018938,0.2908837,0.31571934,0.3759837,0.39756402
stormy,P,word2vec_recipe_40_HOM,0.21107364,0.17048278,0.2502831,0.21358135,0.268849,0.2508665
initiate,P,word2vec_recipe_40_HOM,0.16877805,0.18945187,0.19438791,0.21044783,0.20535582,0.21859293
intent,H,word2vec_recipe_40_HOM,0.13401316,0.122728005,0.15613085,0.1396609,0.16610342,0.15235588
kingdom,P,word2vec_recipe_40_HOM,0.1103643,0.1207713,0.13177437,0.14993235,0.14181207,0.16301669
tidal,P,word2vec_recipe_40_HOM,0.18328664,0.20871073,0.21508217,0.24172017,0.22692618,0.25806025
ceremony,P,word2vec_recipe_40_HOM,0.10472779,0.10385878,0.12642218,0.13228267,0.13534892,0.14509585
leader,P,word2vec_recipe_40_HOM,0.10060952,0.09924516,0.11860234,0.12586306,0.12877221,0.14287685
eliminate,P,word2vec_recipe_40_HOM,0.36237937,0.3676256,0.42558742,0.39205956,0.4512945,0.39732623
kindly,P,word2vec_recipe_40_HOM,0.25819883,0.27548587,0.31942937,0.25621492,0.33700752,0.24453893
roulette,P,word2vec_recipe_40_HOM,0.14954945,0.18559471,0.17516136,0.22652744,0.18555866,0.2374328
brief,P,word2vec_recipe_40_HOM,0.38615203,0.4144241,0.44752082,0.42732042,0.4668639,0.42216274
unpack,P,word2vec_recipe_40_HOM,0.31056303,0.30966115,0.34910038,0.33869243,0.3638342,0.34971124
mansion,P,word2vec_recipe_40_HOM,0.17054097,0.16277629,0.1958322,0.17639285,0.20603181,0.18527994
bun,P,word2vec_recipe_40_HOM,0.2923892,0.34950635,0.388249,0.41378883,0.42494246,0.4281667
possession,P,word2vec_recipe_40_HOM,0.13339832,0.12571588,0.1522107,0.14053294,0.16029945,0.14650774
teenager,M,word2vec_recipe_40_HOM,0.07339703,0.087450564,0.09327087,0.11856731,0.10333556,0.13491315
broad,P,word2vec_recipe_40_HOM,0.41497296,0.39044407,0.48088846,0.42042637,0.50043374,0.44483286
thick,P,word2vec_recipe_40_HOM,0.36205322,0.39986947,0.4432032,0.47217143,0.47445244,0.49489567
brute,P,word2vec_recipe_40_HOM,0.16660146,0.1523304,0.19521849,0.15886106,0.20607173,0.16911732
ploy,M,word2vec_recipe_40_HOM,0.2072483,0.21654373,0.26370323,0.27962333,0.28040454,0.29797965
mackerel,P,word2vec_recipe_40_HOM,0.21586044,0.28194022,0.30118388,0.3652593,0.34326112,0.39244613
lizard,P,word2vec_recipe_40_HOM,0.19412477,0.21736869,0.21904884,0.2160011,0.22986087,0.21915567
pap,P,word2vec_recipe_40_HOM,0.2553783,0.2621852,0.29432198,0.28168568,0.3092882,0.30583847
clone,P,word2vec_recipe_40_HOM,0.24289565,0.26348582,0.2762309,0.2512232,0.28971317,0.25357687
section,P,word2vec_recipe_40_HOM,0.3512276,0.45867622,0.40848458,0.45016488,0.4293047,0.44748238
muck,P,word2vec_recipe_40_HOM,0.15631716,0.1619381,0.17826521,0.16871518,0.18815236,0.18100344
heartbeat,M,word2vec_recipe_40_HOM,0.11009972,0.10981533,0.12884459,0.13375114,0.13753238,0.1470221
sturdy,P,word2vec_recipe_40_HOM,0.3723609,0.38218018,0.42800757,0.44881874,0.44850922,0.4602661
output,P,word2vec_recipe_40_HOM,0.22740626,0.2327402,0.26566175,0.25503042,0.28326777,0.25738946
dive,P,word2vec_recipe_40_HOM,0.3626868,0.30011895,0.42103317,0.32937607,0.43926904,0.32130948
smile,P,word2vec_recipe_40_HOM,0.29048282,0.2818003,0.34000108,0.3516086,0.36206546,0.3506442
product,P,word2vec_recipe_40_HOM,0.42377526,0.34268364,0.47045013,0.32408008,0.48421845,0.3119618
frighten,P,word2vec_recipe_40_HOM,0.07610409,0.099705935,0.09280524,0.12864472,0.1018031,0.14119
worm,P,word2vec_recipe_40_HOM,0.2724952,0.28828895,0.33172324,0.30732074,0.35778722,0.3238098
eldest,M,word2vec_recipe_40_HOM,0.07440364,0.09018316,0.095267534,0.12303418,0.107103445,0.14038628
ointment,M,word2vec_recipe_40_HOM,0.16541095,0.18943787,0.18951195,0.20500645,0.20037563,0.21427983
chunk,P,word2vec_recipe_40_HOM,0.4128298,0.5108141,0.47794002,0.46466273,0.49845323,0.4383808
glance,P,word2vec_recipe_40_HOM,0.15090275,0.124685116,0.16966638,0.14476597,0.17898525,0.15076306
collar,P,word2vec_recipe_40_HOM,0.34458414,0.3300441,0.4019179,0.38749322,0.42402762,0.39241734
toothpick,M,word2vec_recipe_40_HOM,0.33810383,0.3959468,0.43358746,0.4048556,0.47311103,0.42870444
martini,M,word2vec_recipe_40_HOM,0.20018077,0.2481407,0.27957973,0.29292816,0.3198843,0.31005365
physical,P,word2vec_recipe_40_HOM,0.104055226,0.12799713,0.12446869,0.15065731,0.13581617,0.16468406
windshield,P,word2vec_recipe_40_HOM,0.16082327,0.16433546,0.21112256,0.2279868,0.2383715,0.25950494
filthy,P,word2vec_recipe_40_HOM,0.1705648,0.19312394,0.20748352,0.23006631,0.22170253,0.2494274
rubble,P,word2vec_recipe_40_HOM,0.30878633,0.37438643,0.36537412,0.4245193,0.38789567,0.44123605
neon,P,word2vec_recipe_40_HOM,0.25574538,0.30456805,0.34998965,0.37798324,0.39057904,0.38791224
publish,P,word2vec_recipe_40_HOM,0.08621517,0.090052396,0.10598288,0.1173166,0.114710785,0.1326559
angry,P,word2vec_recipe_40_HOM,0.25557578,0.26311362,0.28936404,0.27110076,0.30255792,0.2820407
jerky,H,word2vec_recipe_40_HOM,0.36757737,0.37777176,0.43524686,0.41147408,0.45897678,0.4028378
cobbler,P,word2vec_recipe_40_HOM,0.30703518,0.3181408,0.38356122,0.32593253,0.4146614,0.322965
depth,P,word2vec_recipe_40_HOM,0.4515571,0.5249355,0.5290632,0.58128065,0.5561653,0.5754608
screen,P,word2vec_recipe_40_HOM,0.4033224,0.3951712,0.4590109,0.46024308,0.48090675,0.4694835
penny,P,word2vec_recipe_40_HOM,0.40726393,0.39071658,0.47399893,0.36162382,0.49290475,0.36837262
acquire,P,word2vec_recipe_40_HOM,0.2940262,0.2900776,0.33596063,0.3102311,0.35454667,0.3205654
herring,P,word2vec_recipe_40_HOM,0.3263182,0.40060747,0.40237355,0.44352284,0.4301651,0.43691733
cactus,M,word2vec_recipe_40_HOM,0.37022066,0.36210915,0.43286625,0.36467448,0.4554954,0.37962228
ratio,P,word2vec_recipe_40_HOM,0.3305996,0.37459603,0.3949578,0.39650348,0.4158938,0.38000637
borderline,P,word2vec_recipe_40_HOM,0.17984283,0.14886189,0.2068033,0.16760135,0.21888459,0.17353943
bend,P,word2vec_recipe_40_HOM,0.32351944,0.33330047,0.38628328,0.37839067,0.41121456,0.39220977
cancel,P,word2vec_recipe_40_HOM,0.34797174,0.33782345,0.4508644,0.45187187,0.49528444,0.4979847
squirt,P,word2vec_recipe_40_HOM,0.38767284,0.42942002,0.44256806,0.44088644,0.46396512,0.44082925
mayonnaise,M,word2vec_recipe_40_HOM,0.25545633,0.32678688,0.35693878,0.4039168,0.3954086,0.42086464
chat,P,word2vec_recipe_40_HOM,0.2639916,0.24542409,0.3279453,0.31533748,0.35654664,0.35604826
renew,P,word2vec_recipe_40_HOM,0.19974664,0.21710525,0.23323053,0.24390638,0.24854794,0.25172877
promote,P,word2vec_recipe_40_HOM,0.3556414,0.40892783,0.43628296,0.47134292,0.46660912,0.47131318
liberty,P,word2vec_recipe_40_HOM,0.14744787,0.16007242,0.17120993,0.18485034,0.18112095,0.1964283
vibrant,P,word2vec_recipe_40_HOM,0.24107787,0.29630733,0.32973152,0.3588654,0.36384055,0.3683378
term,P,word2vec_recipe_40_HOM,0.3097841,0.25768796,0.35015288,0.26047218,0.36599565,0.2496481
tar,H,word2vec_recipe_40_HOM,0.3652529,0.3216689,0.40349784,0.32443878,0.41873974,0.32182965
cup,P,word2vec_recipe_40_HOM,0.34080625,0.39736098,0.40784797,0.42361403,0.43897125,0.42843544
dynamic,P,word2vec_recipe_40_HOM,0.15733364,0.16271763,0.18252939,0.18577026,0.19298452,0.19948205
spa,P,word2vec_recipe_40_HOM,0.19781813,0.22735386,0.23154458,0.25699028,0.24771328,0.2679532
drugstore,M,word2vec_recipe_40_HOM,0.30065775,0.30033192,0.35406795,0.35743564,0.37363833,0.37807465
transit,P,word2vec_recipe_40_HOM,0.14546093,0.14031416,0.17042145,0.16229807,0.18052904,0.17630427
shuffle,P,word2vec_recipe_40_HOM,0.29139495,0.28285775,0.33238006,0.31425765,0.34991363,0.31806463
rust,P,word2vec_recipe_40_HOM,0.35291788,0.3152639,0.4154711,0.40743044,0.4413757,0.41011396
bone,P,word2vec_recipe_40_HOM,0.27355272,0.3149258,0.3512046,0.38823092,0.38646927,0.43247682
indication,P,word2vec_recipe_40_HOM,0.227319,0.21638346,0.27064157,0.21699351,0.2871391,0.23531821
huddle,P,word2vec_recipe_40_HOM,0.12237559,0.13556343,0.14691205,0.16135742,0.15718603,0.16929486
coffin,M,word2vec_recipe_40_HOM,0.25118998,0.21290894,0.29938293,0.26552495,0.32136926,0.295569
annual,P,word2vec_recipe_40_HOM,0.13117394,0.13446891,0.15863629,0.15889308,0.17064515,0.17178173
poop,H,word2vec_recipe_40_HOM,0.17849602,0.2000187,0.22080092,0.256512,0.24199234,0.28282106
carbon,P,word2vec_recipe_40_HOM,0.3581101,0.38978684,0.4170978,0.38934726,0.43486294,0.38144472
tiresome,P,word2vec_recipe_40_HOM,0.073804475,0.09227287,0.092986315,0.11843631,0.1025263,0.1334053
octopus,P,word2vec_recipe_40_HOM,0.30754167,0.39519545,0.384462,0.44971767,0.41041145,0.46675536
spout,P,word2vec_recipe_40_HOM,0.33336782,0.37890902,0.40872192,0.44001308,0.44073516,0.4678464
dibs,P,word2vec_recipe_40_HOM,0.20037222,0.1722513,0.23010479,0.19660993,0.24101229,0.20287664
illegal,P,word2vec_recipe_40_HOM,0.09178332,0.113493115,0.1087093,0.13252234,0.1172014,0.14400576
map,P,word2vec_recipe_40_HOM,0.149246,0.13121678,0.21210057,0.21673669,0.23338109,0.22514719
roommate,M,word2vec_recipe_40_HOM,0.09062348,0.08951054,0.108691156,0.1222787,0.118668005,0.13540868
nearby,P,word2vec_recipe_40_HOM,0.38429627,0.3637799,0.44203076,0.35984728,0.4591539,0.35960987
universal,P,word2vec_recipe_40_HOM,0.2513376,0.20217697,0.2871022,0.21653698,0.30031994,0.22900207
precision,P,word2vec_recipe_40_HOM,0.34784466,0.34775007,0.39213407,0.35931024,0.41012985,0.36192566
everyday,P,word2vec_recipe_40_HOM,0.2928707,0.30733258,0.33165497,0.30658463,0.3441574,0.30468148
bake,P,word2vec_recipe_40_HOM,0.3944179,0.27982402,0.47643113,0.38525453,0.501997,0.40344155
disappoint,P,word2vec_recipe_40_HOM,0.08573931,0.09102895,0.106203616,0.1180545,0.11634755,0.13297236
ingenious,P,word2vec_recipe_40_HOM,0.1372455,0.13298497,0.16111675,0.16006152,0.17044353,0.17236745
pride,P,word2vec_recipe_40_HOM,0.22863892,0.19215532,0.26265454,0.2135905,0.2759567,0.22586277
bat,H,word2vec_recipe_40_HOM,0.30135855,0.22999717,0.34293172,0.26738358,0.36405885,0.28988197
passive,P,word2vec_recipe_40_HOM,0.23491809,0.23153187,0.2924279,0.27270353,0.31372842,0.26784414
version,P,word2vec_recipe_40_HOM,0.2720831,0.3246621,0.31640095,0.31848165,0.33290482,0.30770382
thirsty,P,word2vec_recipe_40_HOM,0.20765448,0.16978432,0.23375995,0.18399954,0.24468392,0.19375587
equipment,P,word2vec_recipe_40_HOM,0.4208385,0.4329863,0.48133644,0.44613916,0.5007808,0.44577846
organic,P,word2vec_recipe_40_HOM,0.31271183,0.36757526,0.36148316,0.37936416,0.3819297,0.3769788
launch,H,word2vec_recipe_40_HOM,0.22734277,0.23883472,0.26748282,0.29160923,0.28312203,0.29907846
latex,P,word2vec_recipe_40_HOM,0.24052529,0.29625642,0.34887385,0.34818065,0.37801126,0.3502972
clue,P,word2vec_recipe_40_HOM,0.12245271,0.10479637,0.14482297,0.13514152,0.15500468,0.14385666
modest,P,word2vec_recipe_40_HOM,0.2899801,0.28022802,0.3398682,0.28973335,0.35603097,0.30366483
beige,M,word2vec_recipe_40_HOM,0.24001,0.3038866,0.32232213,0.3817862,0.36727402,0.42447892
tap,H,word2vec_recipe_40_HOM,0.37449688,0.45030442,0.45749664,0.5094326,0.48494712,0.5061938
bounty,P,word2vec_recipe_40_HOM,0.30856997,0.25719994,0.34435478,0.26784497,0.3564012,0.27418542
nerve,P,word2vec_recipe_40_HOM,0.1415615,0.18625468,0.17620188,0.24400552,0.19405673,0.2711414
brew,P,word2vec_recipe_40_HOM,0.25988573,0.34241146,0.35524532,0.40775236,0.3917556,0.41725522
balloon,P,word2vec_recipe_40_HOM,0.35813236,0.42240426,0.42865756,0.4631727,0.45265433,0.45544726
hillbilly,P,word2vec_recipe_40_HOM,0.16031055,0.15007,0.18994638,0.16973306,0.20270519,0.18671975
neighbor,P,word2vec_recipe_40_HOM,0.145471,0.15296076,0.172548,0.16804087,0.18512923,0.18117182
pepperoni,M,word2vec_recipe_40_HOM,0.26327673,0.24717475,0.34668335,0.39791685,0.37886825,0.4269546
volcano,P,word2vec_recipe_40_HOM,0.3527864,0.3398176,0.40161857,0.36289644,0.4196892,0.3701282
worthwhile,M,word2vec_recipe_40_HOM,0.098146506,0.10466463,0.1161022,0.13068508,0.12593623,0.13990459
safari,P,word2vec_recipe_40_HOM,0.13753952,0.14225467,0.16192909,0.17902939,0.17276429,0.18794575
unwanted,M,word2vec_recipe_40_HOM,0.23393425,0.2518396,0.2988591,0.33411732,0.32870755,0.35861543
flick,P,word2vec_recipe_40_HOM,0.32926372,0.39261642,0.40949023,0.43573487,0.43771785,0.44398305
sculpture,P,word2vec_recipe_40_HOM,0.19843526,0.20990868,0.23197049,0.24932703,0.24667881,0.27336574
burden,H,word2vec_recipe_40_HOM,0.09919332,0.1105748,0.11578532,0.13580158,0.123555206,0.145269
dependent,P,word2vec_recipe_40_HOM,0.24836464,0.2884234,0.34287712,0.3526704,0.3753625,0.34964022
enjoyable,M,word2vec_recipe_40_HOM,0.1984584,0.17486088,0.22906972,0.18494865,0.242392,0.18647951
bandit,P,word2vec_recipe_40_HOM,0.13392316,0.14154547,0.1596976,0.18142816,0.1713883,0.20104326
commotion,P,word2vec_recipe_40_HOM,0.17917296,0.19903606,0.21577448,0.23259212,0.23012139,0.24469092
nausea,P,word2vec_recipe_40_HOM,0.11838566,0.123244755,0.14551188,0.15953238,0.15795435,0.16983056
rum,M,word2vec_recipe_40_HOM,0.19663802,0.24821247,0.27940413,0.30216902,0.31411612,0.32801175
internal,P,word2vec_recipe_40_HOM,0.25768158,0.18823949,0.31325188,0.25622842,0.35557374,0.31194943
conclusion,P,word2vec_recipe_40_HOM,0.13834497,0.129566,0.16015257,0.13825575,0.17175911,0.14896205
shock,H,word2vec_recipe_40_HOM,0.30727345,0.39627144,0.42965218,0.468818,0.47060135,0.48218104
horde,P,word2vec_recipe_40_HOM,0.17754932,0.14879797,0.20331948,0.16774637,0.21362434,0.17985076
menu,P,word2vec_recipe_40_HOM,0.26778334,0.2832674,0.31622842,0.3060549,0.33306235,0.31165057
citation,P,word2vec_recipe_40_HOM,0.19067442,0.17514926,0.21345766,0.20111412,0.22434373,0.20677006
factor,P,word2vec_recipe_40_HOM,0.2483397,0.23635018,0.27926823,0.23525332,0.29237276,0.23619302
technology,P,word2vec_recipe_40_HOM,0.12832351,0.12783308,0.1485849,0.14744179,0.15879264,0.15809304
arrival,P,word2vec_recipe_40_HOM,0.1529695,0.14071193,0.17771032,0.15020162,0.18916589,0.15788698
weakness,P,word2vec_recipe_40_HOM,0.08966608,0.09369411,0.10772896,0.12841356,0.11767298,0.14404377
distortion,P,word2vec_recipe_40_HOM,0.1575335,0.19778115,0.18566471,0.23104082,0.19846466,0.24544205
claim,P,word2vec_recipe_40_HOM,0.19592139,0.16788068,0.22396833,0.18431611,0.23595689,0.19396101
dusk,M,word2vec_recipe_40_HOM,0.22143635,0.23469612,0.25470796,0.2535581,0.26821253,0.26475978
miraculous,P,word2vec_recipe_40_HOM,0.16302817,0.15627979,0.1892536,0.16944495,0.19972277,0.18319869
fragrance,P,word2vec_recipe_40_HOM,0.2802238,0.3366646,0.3798948,0.43213907,0.41131043,0.44558495
wilderness,P,word2vec_recipe_40_HOM,0.20092793,0.20683168,0.22843611,0.20758374,0.24075843,0.21971418
bra,M,word2vec_recipe_40_HOM,0.16817711,0.2023073,0.19107921,0.23092785,0.2017897,0.23870493
swing,P,word2vec_recipe_40_HOM,0.2050914,0.24583237,0.23882847,0.2674385,0.2568827,0.28850713
rodeo,M,word2vec_recipe_40_HOM,0.10895642,0.1185987,0.1315751,0.15597448,0.14229524,0.16794363
turnip,P,word2vec_recipe_40_HOM,0.24597874,0.29373983,0.33635795,0.40055552,0.36727098,0.40745702
bash,P,word2vec_recipe_40_HOM,0.31086695,0.35164157,0.41351104,0.479564,0.45052457,0.5076441
energetic,P,word2vec_recipe_40_HOM,0.22097258,0.17894784,0.2488759,0.17993572,0.26040348,0.18574807
resolve,P,word2vec_recipe_40_HOM,0.09797996,0.11716499,0.11765521,0.14408381,0.12654795,0.15187569
string,P,word2vec_recipe_40_HOM,0.2824441,0.30598554,0.36728585,0.3926665,0.4049734,0.4140264
attract,P,word2vec_recipe_40_HOM,0.12176971,0.13117899,0.14227137,0.15396811,0.15259688,0.16143617
hemisphere,P,word2vec_recipe_40_HOM,0.18092272,0.19732612,0.20804739,0.23957105,0.22026993,0.25253746
colossal,M,word2vec_recipe_40_HOM,0.25871286,0.21996285,0.2924166,0.23763564,0.30513093,0.24711479
luxury,P,word2vec_recipe_40_HOM,0.23975405,0.25483903,0.27796066,0.27448094,0.29295617,0.28204158
glove,P,word2vec_recipe_40_HOM,0.3278875,0.32436708,0.39046916,0.38053697,0.41583428,0.39704838
personal,P,word2vec_recipe_40_HOM,0.20865183,0.24298237,0.29909113,0.31480092,0.33103028,0.32457373
claw,P,word2vec_recipe_40_HOM,0.25807813,0.28212515,0.36498028,0.36859238,0.40904245,0.40937334
nudge,P,word2vec_recipe_40_HOM,0.31242532,0.33583847,0.3713643,0.41010898,0.39440888,0.40437013
rally,H,word2vec_recipe_40_HOM,0.16844659,0.1691317,0.19202943,0.18818925,0.20366436,0.20223896
estate,P,word2vec_recipe_40_HOM,0.09534124,0.106063396,0.11838858,0.13223252,0.1366114,0.15186961
stomp,P,word2vec_recipe_40_HOM,0.2325426,0.22516157,0.2720498,0.25792494,0.28535476,0.26554522
cellular,P,word2vec_recipe_40_HOM,0.14399138,0.15463187,0.170574,0.18871985,0.18113701,0.20242995
safety,P,word2vec_recipe_40_HOM,0.2724992,0.2897245,0.32555103,0.3191486,0.34408233,0.3192714
bias,P,word2vec_recipe_40_HOM,0.2972032,0.30454352,0.37584904,0.33316708,0.4057512,0.34932885
clip,H,word2vec_recipe_40_HOM,0.39740908,0.3871476,0.45445836,0.40050253,0.47614208,0.42475978
mayor,M,word2vec_recipe_40_HOM,0.100885294,0.11938145,0.12291611,0.15035067,0.13207254,0.16388921
foremost,M,word2vec_recipe_40_HOM,0.2028656,0.19299278,0.23428223,0.20987126,0.24602951,0.21690582
machine,P,word2vec_recipe_40_HOM,0.301252,0.353696,0.40168858,0.46154293,0.44999677,0.5122955
honesty,P,word2vec_recipe_40_HOM,0.1334972,0.11484918,0.15480764,0.12936905,0.16532417,0.14348039
proportion,P,word2vec_recipe_40_HOM,0.2912712,0.34334168,0.35875547,0.35690176,0.37980625,0.3555651
genie,M,word2vec_recipe_40_HOM,0.122120455,0.15829666,0.14210442,0.1815753,0.15097839,0.19297193
sharp,P,word2vec_recipe_40_HOM,0.2582627,0.28947166,0.36218342,0.3580037,0.406551,0.39316577
plaid,P,word2vec_recipe_40_HOM,0.13516429,0.17223367,0.16355059,0.21237952,0.1754763,0.22389467
smother,P,word2vec_recipe_40_HOM,0.39277706,0.41647732,0.44308767,0.37334576,0.4601793,0.36569992
airport,M,word2vec_recipe_40_HOM,0.09926705,0.11562691,0.118166946,0.14378877,0.12766199,0.15852724
liter,M,word2vec_recipe_40_HOM,0.28758714,0.36284828,0.37691787,0.4258375,0.41222364,0.45056123
rate,H,word2vec_recipe_40_HOM,0.39662927,0.3173662,0.44200188,0.2950392,0.4562239,0.29789615
bonfire,M,word2vec_recipe_40_HOM,0.23496065,0.23241341,0.27262226,0.25077164,0.28688428,0.2568269
yoga,P,word2vec_recipe_40_HOM,0.19224568,0.1548078,0.22109929,0.17722902,0.2321276,0.1876484
tablet,P,word2vec_recipe_40_HOM,0.30471563,0.33799294,0.3823297,0.39764658,0.40793893,0.41315258
prone,P,word2vec_recipe_40_HOM,0.2680659,0.23813303,0.31609267,0.26791602,0.33325738,0.26648852
calendar,P,word2vec_recipe_40_HOM,0.18009886,0.14831561,0.20381373,0.16198605,0.2136812,0.17126495
background,P,word2vec_recipe_40_HOM,0.22683147,0.22973995,0.26518402,0.26967648,0.281721,0.27682984
endless,P,word2vec_recipe_40_HOM,0.24878196,0.26171178,0.31035632,0.28871873,0.33271202,0.29447034
tag,H,word2vec_recipe_40_HOM,0.35012007,0.33333367,0.41158637,0.32344607,0.43299258,0.34862956
backbone,P,word2vec_recipe_40_HOM,0.22854018,0.24855615,0.3054556,0.33947396,0.34480712,0.3868812
division,P,word2vec_recipe_40_HOM,0.22377226,0.21146558,0.27194947,0.24745706,0.2910012,0.28540558
needle,P,word2vec_recipe_40_HOM,0.2804342,0.3508699,0.36993718,0.42857182,0.40137374,0.42945114
hobo,P,word2vec_recipe_40_HOM,0.3813771,0.27935237,0.4297351,0.29799557,0.44563496,0.29354796
roach,H,word2vec_recipe_40_HOM,0.13947797,0.13373116,0.16315006,0.16082929,0.17280774,0.17438799
attach,P,word2vec_recipe_40_HOM,0.32231173,0.24069294,0.376402,0.3011314,0.40223807,0.32475838
catfish,M,word2vec_recipe_40_HOM,0.25228193,0.24580926,0.365972,0.396348,0.4107235,0.41085958
slick,H,word2vec_recipe_40_HOM,0.36722973,0.3994667,0.42090833,0.40604854,0.44222122,0.4059573
mystic,P,word2vec_recipe_40_HOM,0.14123945,0.14598899,0.16356753,0.16816214,0.17281476,0.18532917
majority,P,word2vec_recipe_40_HOM,0.36052263,0.33545443,0.41478625,0.3508941,0.43323502,0.35493356
seat,P,word2vec_recipe_40_HOM,0.34984678,0.3019343,0.39496526,0.3438925,0.41282785,0.36921093
yarn,P,word2vec_recipe_40_HOM,0.21082191,0.2596295,0.26156756,0.27686352,0.28403303,0.29390445
diamond,P,word2vec_recipe_40_HOM,0.3014551,0.3067954,0.37265453,0.3420367,0.40172902,0.3583885
lipstick,M,word2vec_recipe_40_HOM,0.19580059,0.20779112,0.22149016,0.22838205,0.23211464,0.24205703
bead,P,word2vec_recipe_40_HOM,0.43660903,0.4355333,0.54399294,0.5267529,0.57088447,0.53184205
enlighten,M,word2vec_recipe_40_HOM,0.13905104,0.15606254,0.15821585,0.18276231,0.1674922,0.19288401
medicine,P,word2vec_recipe_40_HOM,0.17474535,0.16812885,0.20458713,0.19254084,0.21882644,0.2087987
penalty,P,word2vec_recipe_40_HOM,0.1793516,0.14825651,0.20450762,0.16585727,0.21411365,0.17932172
oblivion,P,word2vec_recipe_40_HOM,0.29196838,0.30811387,0.33414486,0.3246506,0.34855828,0.33510494
district,P,word2vec_recipe_40_HOM,0.11296882,0.09658554,0.14622392,0.1403596,0.16257969,0.16639358
holler,P,word2vec_recipe_40_HOM,0.17901188,0.18446529,0.2071634,0.21254101,0.2187974,0.22438432
nap,H,word2vec_recipe_40_HOM,0.39190263,0.3969587,0.43850937,0.4091266,0.4541517,0.40530443
pattern,P,word2vec_recipe_40_HOM,0.24271889,0.30697215,0.3193532,0.34371433,0.35150814,0.35361657
warehouse,P,word2vec_recipe_40_HOM,0.14984004,0.15168993,0.19922811,0.2091512,0.22712444,0.23506208
exotic,P,word2vec_recipe_40_HOM,0.26674488,0.30719563,0.31424308,0.31593925,0.3346849,0.3335399
edit,P,word2vec_recipe_40_HOM,0.15146415,0.12679659,0.17587732,0.14176081,0.1873209,0.15549104
dodo,P,word2vec_recipe_40_HOM,0.18159065,0.21739583,0.2117978,0.23852563,0.22338322,0.24591736
sap,H,word2vec_recipe_40_HOM,0.26738718,0.2631408,0.3049196,0.28526986,0.31936768,0.30458558
elegant,P,word2vec_recipe_40_HOM,0.2693721,0.28259987,0.34642455,0.37636298,0.38086525,0.40783775
speed,P,word2vec_recipe_40_HOM,0.3009691,0.344377,0.4106727,0.38037232,0.45111176,0.39233598
molecular,M,word2vec_recipe_40_HOM,0.13726167,0.12804072,0.15558276,0.15428875,0.16382489,0.16348125
wax,H,word2vec_recipe_40_HOM,0.29830495,0.31311953,0.3960865,0.34319562,0.4286441,0.381417
sapphire,P,word2vec_recipe_40_HOM,0.1268377,0.13633284,0.1568415,0.19381116,0.17492272,0.2205908
camel,M,word2vec_recipe_40_HOM,0.30391484,0.34497803,0.35943958,0.3864116,0.37755996,0.39580128
system,P,word2vec_recipe_40_HOM,0.24592228,0.21590179,0.28129205,0.23058432,0.29606265,0.24816473
freshen,P,word2vec_recipe_40_HOM,0.34794018,0.31869832,0.38944012,0.33939347,0.40740976,0.344327
silent,P,word2vec_recipe_40_HOM,0.19433877,0.16182007,0.22622737,0.19741042,0.23813777,0.20057346
weaken,P,word2vec_recipe_40_HOM,0.20705065,0.20116127,0.23809932,0.199273,0.24945289,0.19896089
specialize,P,word2vec_recipe_40_HOM,0.12859622,0.13963377,0.15589498,0.17692928,0.16609655,0.1857489
approval,P,word2vec_recipe_40_HOM,0.15416743,0.13722204,0.17508513,0.15819578,0.18409497,0.17046805
blow,H,word2vec_recipe_40_HOM,0.33990142,0.3944806,0.40181854,0.37259257,0.4224721,0.3590022
ripple,P,word2vec_recipe_40_HOM,0.38191676,0.38583648,0.43608996,0.37986472,0.45531994,0.37900826
brig,P,word2vec_recipe_40_HOM,0.16483435,0.20058013,0.20344116,0.26464385,0.22292572,0.2947098
kangaroo,M,word2vec_recipe_40_HOM,0.3002883,0.28412566,0.34489807,0.28714135,0.36272326,0.3036097
empire,P,word2vec_recipe_40_HOM,0.21129695,0.2292888,0.25461835,0.23643497,0.27027583,0.23994316
suede,M,word2vec_recipe_40_HOM,0.16818042,0.19915041,0.2043262,0.24637204,0.22076918,0.26410028
overseas,P,word2vec_recipe_40_HOM,0.15245871,0.14391416,0.18125218,0.16430627,0.19241394,0.1799859
tickle,P,word2vec_recipe_40_HOM,0.15029702,0.13815269,0.17806703,0.17490007,0.18999858,0.18312046
hormone,P,word2vec_recipe_40_HOM,0.1301687,0.13172686,0.15979914,0.1654893,0.17260505,0.1801321
spook,P,word2vec_recipe_40_HOM,0.3361153,0.27350363,0.3711339,0.30846724,0.38559875,0.3285022
material,P,word2vec_recipe_40_HOM,0.29724693,0.29437757,0.3482235,0.35453808,0.37024263,0.36776206
celery,M,word2vec_recipe_40_HOM,0.2646267,0.27332228,0.32637867,0.30343494,0.35630623,0.32004586
trade,P,word2vec_recipe_40_HOM,0.19031213,0.15391926,0.21682602,0.18126081,0.22669688,0.19285904
chill,P,word2vec_recipe_40_HOM,0.27154976,0.35777327,0.41319892,0.426825,0.46060234,0.4309398
myth,P,word2vec_recipe_40_HOM,0.092751004,0.09494032,0.10929236,0.12095449,0.11782135,0.13465376
award,P,word2vec_recipe_40_HOM,0.18240745,0.19327873,0.2118215,0.1981962,0.22540554,0.20888002
waterfall,M,word2vec_recipe_40_HOM,0.20537126,0.2228877,0.23428017,0.25826862,0.24680287,0.27110484
nightly,P,word2vec_recipe_40_HOM,0.12443979,0.13539429,0.14296165,0.15049931,0.15163426,0.15588619
reindeer,M,word2vec_recipe_40_HOM,0.23639603,0.23429628,0.27990058,0.28010768,0.30389524,0.30090055
force,P,word2vec_recipe_40_HOM,0.35471773,0.33204955,0.45278874,0.46269003,0.4889518,0.5035981
extreme,P,word2vec_recipe_40_HOM,0.35250267,0.3366143,0.39686126,0.3382339,0.41403633,0.33728352
shiver,H,word2vec_recipe_40_HOM,0.21069857,0.20656982,0.24135159,0.23715322,0.25301397,0.25030652
portion,P,word2vec_recipe_40_HOM,0.3687497,0.32101974,0.43194535,0.31633934,0.45754382,0.3395963
sexy,P,word2vec_recipe_40_HOM,0.26355264,0.24888116,0.297444,0.2930077,0.31118083,0.3059865
gut,P,word2vec_recipe_40_HOM,0.265842,0.2701567,0.33985275,0.36061862,0.3681331,0.38619497
crawl,P,word2vec_recipe_40_HOM,0.21648276,0.22329475,0.25322732,0.23023699,0.268039,0.2415729
nationwide,M,word2vec_recipe_40_HOM,0.115062855,0.13545641,0.15919851,0.19595163,0.18520698,0.21923928
verb,M,word2vec_recipe_40_HOM,0.13016152,0.12525074,0.14944904,0.14322126,0.15883069,0.15533467
treatment,P,word2vec_recipe_40_HOM,0.20562062,0.1979352,0.2461652,0.21058479,0.26252824,0.22102085
alias,P,word2vec_recipe_40_HOM,0.112148546,0.12645532,0.1297266,0.15355489,0.1370861,0.16252726
sustain,P,word2vec_recipe_40_HOM,0.25404423,0.28491214,0.2993914,0.29168457,0.3168759,0.28931907
anonymous,M,word2vec_recipe_40_HOM,0.09896743,0.10928989,0.120798245,0.13716124,0.13081075,0.15319496
dairy,P,word2vec_recipe_40_HOM,0.32160756,0.36212212,0.39098266,0.4119186,0.4214172,0.41498888
carve,P,word2vec_recipe_40_HOM,0.36678368,0.40398258,0.43777114,0.41978964,0.4642177,0.4363714
colorful,P,word2vec_recipe_40_HOM,0.30459693,0.39603707,0.37007853,0.42072037,0.3961699,0.4312205
petite,P,word2vec_recipe_40_HOM,0.39999047,0.4372745,0.45348054,0.46734336,0.47189415,0.4578215
struggle,P,word2vec_recipe_40_HOM,0.1398031,0.11793434,0.16362154,0.14584602,0.1744107,0.1568115
cluster,P,word2vec_recipe_40_HOM,0.337265,0.33702525,0.40659168,0.38389054,0.43576005,0.4183642
exam,M,word2vec_recipe_40_HOM,0.18547226,0.13879937,0.22216758,0.19297871,0.23891355,0.21192068
wizard,P,word2vec_recipe_40_HOM,0.17868017,0.18315443,0.20659356,0.20770171,0.21875198,0.21697271
erect,P,word2vec_recipe_40_HOM,0.1639156,0.15381856,0.19688608,0.2035934,0.20955203,0.21710955
comeback,P,word2vec_recipe_40_HOM,0.19037142,0.20130022,0.22313583,0.21826543,0.23561738,0.22585988
math,M,word2vec_recipe_40_HOM,0.14867201,0.1282846,0.17071567,0.14479838,0.18168527,0.15485945
creator,P,word2vec_recipe_40_HOM,0.10277988,0.10820313,0.12201254,0.1388502,0.13188997,0.15537208
bump,P,word2vec_recipe_40_HOM,0.35700545,0.28554678,0.39971635,0.2866201,0.41492873,0.28380862
greasy,P,word2vec_recipe_40_HOM,0.2630399,0.24754052,0.3040192,0.24672185,0.32198715,0.24534672
buzzer,M,word2vec_recipe_40_HOM,0.22812721,0.22130379,0.28387523,0.2675792,0.3016096,0.2783738
zombie,P,word2vec_recipe_40_HOM,0.20769027,0.24543856,0.26817435,0.31626156,0.29209223,0.33286893
virtuous,P,word2vec_recipe_40_HOM,0.20000458,0.17912313,0.22707617,0.20882703,0.23899607,0.21163833
almond,P,word2vec_recipe_40_HOM,0.3040432,0.35695475,0.3637702,0.38210762,0.38562402,0.396657
grin,P,word2vec_recipe_40_HOM,0.13088435,0.13767663,0.15466751,0.1549863,0.16547112,0.16537209
terrific,P,word2vec_recipe_40_HOM,0.2376844,0.25825465,0.3248832,0.36706993,0.35523698,0.38331828
absence,P,word2vec_recipe_40_HOM,0.19940363,0.16781397,0.23082924,0.1915276,0.24354559,0.20806797
examine,P,word2vec_recipe_40_HOM,0.32670945,0.3134181,0.3675579,0.31447238,0.38282287,0.323704
unlucky,P,word2vec_recipe_40_HOM,0.08668132,0.09897103,0.1014584,0.12217332,0.10949047,0.13483375
creative,P,word2vec_recipe_40_HOM,0.26358038,0.2788326,0.30296218,0.24994731,0.31843463,0.2447265
rake,H,word2vec_recipe_40_HOM,0.427392,0.45161355,0.4811126,0.44938496,0.502573,0.4437539
container,P,word2vec_recipe_40_HOM,0.26237518,0.30887547,0.35809228,0.3780851,0.4005703,0.4224202
text,P,word2vec_recipe_40_HOM,0.16864033,0.16934028,0.19752075,0.18987308,0.21100464,0.20358892
prowl,P,word2vec_recipe_40_HOM,0.21212628,0.22579813,0.24225481,0.27130166,0.254645,0.28790855
bully,H,word2vec_recipe_40_HOM,0.21519105,0.19551052,0.24618237,0.22259295,0.2591147,0.22880389
cherry,P,word2vec_recipe_40_HOM,0.32085866,0.38115954,0.39839828,0.38606134,0.42572471,0.37892252
inferior,P,word2vec_recipe_40_HOM,0.18106145,0.1454322,0.20816535,0.1641812,0.21911737,0.16983005
waiter,P,word2vec_recipe_40_HOM,0.10788405,0.1090802,0.12876254,0.13555314,0.13896228,0.1515188
bridal,P,word2vec_recipe_40_HOM,0.20821548,0.26060623,0.2539817,0.28087997,0.273357,0.28955027
fate,P,word2vec_recipe_40_HOM,0.17587556,0.16114093,0.19970028,0.16245134,0.209183,0.17361297
wart,P,word2vec_recipe_40_HOM,0.16943909,0.18445091,0.19799206,0.23285225,0.21260409,0.25461212
absent,P,word2vec_recipe_40_HOM,0.17341879,0.18918319,0.19949776,0.19823295,0.21054815,0.21293892
invent,P,word2vec_recipe_40_HOM,0.12002914,0.1116719,0.1405292,0.14030358,0.15058199,0.15327226
knock,P,word2vec_recipe_40_HOM,0.35368797,0.42967916,0.42367542,0.43575665,0.44831833,0.41864267
sometime,P,word2vec_recipe_40_HOM,0.28568152,0.19024551,0.32067096,0.19722778,0.3345327,0.21089669
playful,P,word2vec_recipe_40_HOM,0.17771621,0.19911918,0.21246298,0.24261992,0.2281849,0.26370075
crumble,P,word2vec_recipe_40_HOM,0.39353448,0.40903884,0.46963102,0.4018549,0.49532008,0.42472455
slide,P,word2vec_recipe_40_HOM,0.3323419,0.40078467,0.42198294,0.42005014,0.4477524,0.41753906
muzzle,P,word2vec_recipe_40_HOM,0.12616315,0.15598272,0.1665039,0.21693417,0.19403262,0.25883868
unclear,M,word2vec_recipe_40_HOM,0.10067706,0.09689346,0.12031287,0.123233326,0.12995364,0.13662574
kite,P,word2vec_recipe_40_HOM,0.15982965,0.17752033,0.1954591,0.22803889,0.21466303,0.2601481
shark,H,word2vec_recipe_40_HOM,0.2826331,0.26644194,0.34067127,0.35106483,0.37169904,0.3746624
seek,P,word2vec_recipe_40_HOM,0.16890624,0.13353428,0.1915168,0.16516872,0.20252569,0.17547165
asleep,P,word2vec_recipe_40_HOM,0.13824205,0.12768234,0.15903662,0.14193235,0.17045033,0.15579702
regardless,P,word2vec_recipe_40_HOM,0.24244761,0.197575,0.27234253,0.19522355,0.28409863,0.19984311
carousel,P,word2vec_recipe_40_HOM,0.3486643,0.3390634,0.433321,0.4484991,0.4624002,0.46494424
wink,P,word2vec_recipe_40_HOM,0.23186252,0.23368405,0.2709585,0.27228966,0.28559968,0.28245437
departure,P,word2vec_recipe_40_HOM,0.10929809,0.1122109,0.12657045,0.13223517,0.13447289,0.1433717
injection,P,word2vec_recipe_40_HOM,0.30773538,0.36378062,0.39563996,0.39294788,0.42241317,0.41605324
support,P,word2vec_recipe_40_HOM,0.27082855,0.27994934,0.31889468,0.2995148,0.33624092,0.3102547
craze,P,word2vec_recipe_40_HOM,0.18044987,0.17793669,0.20955385,0.21273746,0.22237122,0.23198369
wisdom,P,word2vec_recipe_40_HOM,0.15351105,0.13025248,0.17903368,0.15883233,0.19046772,0.17076772
argue,P,word2vec_recipe_40_HOM,0.1029733,0.1025752,0.12436475,0.1295457,0.13444512,0.14262886
engagement,P,word2vec_recipe_40_HOM,0.20078678,0.18061724,0.22588843,0.20192373,0.2369261,0.21179011
unlock,P,word2vec_recipe_40_HOM,0.3791601,0.34085107,0.48095405,0.48482075,0.5186604,0.5111867
quality,P,word2vec_recipe_40_HOM,0.31384233,0.31943837,0.36458012,0.30654743,0.38090828,0.3043478
maniac,P,word2vec_recipe_40_HOM,0.13649233,0.15162563,0.16002037,0.16490756,0.17095493,0.17948572
warp,P,word2vec_recipe_40_HOM,0.27488375,0.2022731,0.35924804,0.3337927,0.3919922,0.37232774
finale,P,word2vec_recipe_40_HOM,0.283376,0.25713563,0.31973132,0.2695507,0.3332957,0.27950376
putt,P,word2vec_recipe_40_HOM,0.31292936,0.28268555,0.34553626,0.30884692,0.35904473,0.3138933
founder,H,word2vec_recipe_40_HOM,0.07524059,0.10492454,0.09664764,0.1384524,0.108585626,0.15758848
exposure,P,word2vec_recipe_40_HOM,0.2404006,0.23997124,0.29144946,0.26922995,0.31028923,0.2889182
popular,P,word2vec_recipe_40_HOM,0.23554547,0.2897923,0.29486018,0.3230361,0.3169156,0.3260335
lard,P,word2vec_recipe_40_HOM,0.39876562,0.47646615,0.4890702,0.5021245,0.51631194,0.48400792
excellence,P,word2vec_recipe_40_HOM,0.15780202,0.14843899,0.1809226,0.1682886,0.1915065,0.18536851
hesitation,M,word2vec_recipe_40_HOM,0.23364899,0.17774872,0.26664558,0.19429258,0.27877375,0.20034148
vineyard,M,word2vec_recipe_40_HOM,0.12335698,0.10137046,0.15672635,0.13478175,0.17487347,0.15659624
remedy,P,word2vec_recipe_40_HOM,0.2342896,0.22962148,0.28424585,0.25906706,0.3046729,0.2812068
prime,P,word2vec_recipe_40_HOM,0.27510464,0.32433847,0.34401947,0.36299396,0.3737722,0.36576548
charm,P,word2vec_recipe_40_HOM,0.22808358,0.1542767,0.25467378,0.1607984,0.26595965,0.17013296
crate,P,word2vec_recipe_40_HOM,0.21039489,0.20779438,0.24223422,0.24270412,0.25842902,0.26634833
twin,P,word2vec_recipe_40_HOM,0.3316006,0.3291243,0.38697076,0.37065482,0.40660256,0.36483568
statue,M,word2vec_recipe_40_HOM,0.138573,0.19405352,0.1705227,0.23793247,0.18650006,0.25915363
post,H,word2vec_recipe_40_HOM,0.22636071,0.24437171,0.29519686,0.2598234,0.31726977,0.25409752
descent,P,word2vec_recipe_40_HOM,0.11146746,0.12115356,0.13254745,0.14378795,0.14261825,0.15737784
handbag,P,word2vec_recipe_40_HOM,0.17653823,0.20159584,0.20974116,0.2425767,0.22732566,0.26527444
chant,P,word2vec_recipe_40_HOM,0.14514603,0.14664479,0.16731066,0.15875414,0.17689103,0.16727357
lint,P,word2vec_recipe_40_HOM,0.23325531,0.26153383,0.29166737,0.33276913,0.31986716,0.3481589
preview,P,word2vec_recipe_40_HOM,0.12502673,0.13284793,0.16382512,0.1613563,0.17759793,0.17202723
lush,P,word2vec_recipe_40_HOM,0.34711418,0.3221947,0.40670425,0.315753,0.4247843,0.32927608
accordance,P,word2vec_recipe_40_HOM,0.2715912,0.22758523,0.3474077,0.37745607,0.38264915,0.41726792
neutral,P,word2vec_recipe_40_HOM,0.32126763,0.40052956,0.42085937,0.47469413,0.44986004,0.47662643
fond,P,word2vec_recipe_40_HOM,0.34023005,0.4145719,0.4351097,0.4557103,0.46391445,0.44336542
grape,P,word2vec_recipe_40_HOM,0.33585566,0.4074934,0.3991087,0.40938473,0.41917694,0.42996827
treasure,P,word2vec_recipe_40_HOM,0.28851384,0.23468849,0.32132557,0.25447533,0.3351301,0.25966755
bladder,P,word2vec_recipe_40_HOM,0.13180105,0.12902515,0.17196746,0.19599462,0.18813916,0.21178284
cleaver,M,word2vec_recipe_40_HOM,0.2991941,0.35157132,0.40767875,0.43758634,0.44220078,0.45623097
tab,P,word2vec_recipe_40_HOM,0.40722114,0.44083178,0.4691298,0.4908213,0.49178478,0.4997669
harm,P,word2vec_recipe_40_HOM,0.18997714,0.18486461,0.22577688,0.19386862,0.24062222,0.1984573
stadium,M,word2vec_recipe_40_HOM,0.23337264,0.27529645,0.27567175,0.31141558,0.29355198,0.32808417
permanent,P,word2vec_recipe_40_HOM,0.20773819,0.23439334,0.25159714,0.2661949,0.26913026,0.28225806
outcome,M,word2vec_recipe_40_HOM,0.24192755,0.1818283,0.27799523,0.20959105,0.29184863,0.2122259
melon,M,word2vec_recipe_40_HOM,0.25063628,0.31984043,0.36372054,0.38816625,0.40026948,0.39993444
warming,P,word2vec_recipe_40_HOM,0.38376385,0.47882092,0.44108856,0.4244631,0.46205756,0.4263988
artistic,P,word2vec_recipe_40_HOM,0.1913021,0.20550258,0.23256788,0.24599326,0.24884185,0.26124963
dinosaur,P,word2vec_recipe_40_HOM,0.2909487,0.27962375,0.3379874,0.31854445,0.3577273,0.3405235
cranberry,P,word2vec_recipe_40_HOM,0.2409449,0.28685006,0.3301135,0.3564271,0.3635618,0.3624286
generate,P,word2vec_recipe_40_HOM,0.25873056,0.2527928,0.30213904,0.23853602,0.31770158,0.2562255
prove,P,word2vec_recipe_40_HOM,0.27387342,0.3343164,0.37864956,0.43379268,0.42429757,0.46818915
threat,P,word2vec_recipe_40_HOM,0.23524933,0.23223844,0.27519217,0.25931707,0.2898859,0.2658639
downfall,P,word2vec_recipe_40_HOM,0.1353625,0.14760841,0.15981475,0.18290591,0.1709428,0.19799358
admit,P,word2vec_recipe_40_HOM,0.17737095,0.13767533,0.20279346,0.16382,0.21610458,0.16525179
position,P,word2vec_recipe_40_HOM,0.2977733,0.27519158,0.42209867,0.38586777,0.45832363,0.40047982
alike,P,word2vec_recipe_40_HOM,0.1675969,0.1339597,0.19323331,0.15448208,0.20486775,0.1717768
laser,M,word2vec_recipe_40_HOM,0.16117963,0.20602919,0.24117409,0.30839807,0.2643317,0.3192658
bust,H,word2vec_recipe_40_HOM,0.2443002,0.22935621,0.27790305,0.23622735,0.2919134,0.24224275
tour,P,word2vec_recipe_40_HOM,0.16962522,0.14260069,0.19500466,0.16725029,0.20529394,0.18246062
pepper,P,word2vec_recipe_40_HOM,0.23175927,0.23376629,0.29518062,0.2688087,0.32020873,0.29302686
symphony,P,word2vec_recipe_40_HOM,0.21472612,0.19748722,0.2451908,0.22848484,0.25949422,0.23536208
fudge,H,word2vec_recipe_40_HOM,0.29761112,0.3616108,0.37982082,0.38159725,0.40724975,0.36928883
stallion,M,word2vec_recipe_40_HOM,0.1561719,0.15452892,0.1815734,0.18141867,0.19199757,0.19053555
eyeball,P,word2vec_recipe_40_HOM,0.3732066,0.31268805,0.41668782,0.30090007,0.43168965,0.29504693
perpetual,P,word2vec_recipe_40_HOM,0.18130523,0.18583153,0.2068268,0.20878826,0.21710163,0.21646729
villa,M,word2vec_recipe_40_HOM,0.1317745,0.14288962,0.1544335,0.17146243,0.16730702,0.1900705
chimpanzee,M,word2vec_recipe_40_HOM,0.13796839,0.14937933,0.16077328,0.18010162,0.17040804,0.1910244
naked,P,word2vec_recipe_40_HOM,0.3202767,0.27369648,0.35973367,0.30331048,0.37484854,0.320946
propeller,M,word2vec_recipe_40_HOM,0.22699061,0.27812418,0.26985082,0.30507767,0.28829208,0.31943083
lollipop,M,word2vec_recipe_40_HOM,0.28182012,0.3304858,0.35466588,0.33665738,0.38372985,0.36044925
poem,P,word2vec_recipe_40_HOM,0.1610446,0.16739218,0.18630968,0.18153459,0.19702156,0.19650008
decorator,M,word2vec_recipe_40_HOM,0.23458202,0.28092763,0.31372988,0.33549112,0.34884223,0.35476884
flashy,P,word2vec_recipe_40_HOM,0.08112287,0.091415554,0.09801169,0.11912737,0.10702881,0.12959665
heap,P,word2vec_recipe_40_HOM,0.385176,0.4982669,0.4662214,0.47939882,0.49446502,0.46433017
rumor,P,word2vec_recipe_40_HOM,0.18910286,0.1568111,0.21188553,0.16476569,0.22148494,0.17084002
potassium,M,word2vec_recipe_40_HOM,0.16631272,0.21388736,0.22964187,0.177839,0.25474548,0.16431005
gland,P,word2vec_recipe_40_HOM,0.21926308,0.22834878,0.25476417,0.25892204,0.26833203,0.2632436
washer,P,word2vec_recipe_40_HOM,0.2226675,0.28449845,0.26603496,0.29425257,0.28163648,0.29651964
summary,P,word2vec_recipe_40_HOM,0.17503563,0.15386754,0.20394583,0.17685089,0.21525867,0.18695109
expiration,P,word2vec_recipe_40_HOM,0.22549805,0.19583683,0.26849794,0.19438924,0.2831078,0.20154132
governor,P,word2vec_recipe_40_HOM,0.0979492,0.12838002,0.11792625,0.15283422,0.12694272,0.16451962
glorious,P,word2vec_recipe_40_HOM,0.31016213,0.3107691,0.35471234,0.31690058,0.3734066,0.3251356
cubicle,M,word2vec_recipe_40_HOM,0.10573415,0.12816435,0.12490897,0.145326,0.13365985,0.16080584
precaution,P,word2vec_recipe_40_HOM,0.22330078,0.20006222,0.2613764,0.24491328,0.27610284,0.2538207
approve,P,word2vec_recipe_40_HOM,0.08086693,0.094847396,0.09789679,0.12051848,0.10749414,0.13370146
weekly,P,word2vec_recipe_40_HOM,0.240612,0.23423114,0.27029532,0.2370761,0.2836118,0.24099587
blizzard,P,word2vec_recipe_40_HOM,0.2227006,0.24314408,0.26230857,0.2710121,0.27935442,0.28046846
border,P,word2vec_recipe_40_HOM,0.32708123,0.35126364,0.41929302,0.35701573,0.44459206,0.35271725
nighttime,M,word2vec_recipe_40_HOM,0.14271906,0.14763537,0.16338487,0.16606256,0.17262718,0.17362803
dandy,P,word2vec_recipe_40_HOM,0.31657195,0.31553242,0.3562883,0.30037838,0.37057182,0.30128315
suspicion,P,word2vec_recipe_40_HOM,0.10678937,0.10686027,0.12620297,0.1248293,0.13482699,0.1356982
science,P,word2vec_recipe_40_HOM,0.27995664,0.21890137,0.31552526,0.21975172,0.32722178,0.22432348
universe,P,word2vec_recipe_40_HOM,0.15790375,0.1422687,0.18063462,0.16323298,0.19092102,0.17488348
papaya,M,word2vec_recipe_40_HOM,0.23788503,0.31765124,0.33334455,0.40041414,0.3634911,0.39463633
superb,P,word2vec_recipe_40_HOM,0.22850445,0.26398316,0.28771806,0.32507583,0.31065023,0.33846325
spite,P,word2vec_recipe_40_HOM,0.12596175,0.1157105,0.14817552,0.13466465,0.15785256,0.14645411
finder,P,word2vec_recipe_40_HOM,0.17566529,0.15034465,0.2025045,0.17435233,0.21426037,0.18428819
affection,P,word2vec_recipe_40_HOM,0.1631896,0.14432818,0.18290314,0.15580064,0.19229591,0.16036727
liver,H,word2vec_recipe_40_HOM,0.29955044,0.37586966,0.40009582,0.46453905,0.42935225,0.46269175
discreet,P,word2vec_recipe_40_HOM,0.17489336,0.15923657,0.20296003,0.1952193,0.21497704,0.20914936
elect,P,word2vec_recipe_40_HOM,0.22998214,0.18729359,0.2560378,0.18398416,0.26724193,0.18574351
offshore,P,word2vec_recipe_40_HOM,0.10734339,0.12893318,0.12966444,0.15879832,0.13947915,0.1741888
creation,P,word2vec_recipe_40_HOM,0.24611135,0.2420823,0.27678525,0.23806167,0.2903678,0.23323491
ounce,H,word2vec_recipe_40_HOM,0.23697451,0.31733823,0.36242992,0.42946085,0.4125791,0.45873588
nonstop,M,word2vec_recipe_40_HOM,0.3211221,0.29578885,0.3858196,0.38825226,0.410662,0.40489376
leaf,P,word2vec_recipe_40_HOM,0.31337103,0.33751205,0.40355045,0.36216825,0.434665,0.3749398
despite,P,word2vec_recipe_40_HOM,0.17195036,0.16708197,0.19889449,0.18374306,0.21093841,0.19227912
reputation,P,word2vec_recipe_40_HOM,0.11670382,0.124442026,0.1395281,0.14200418,0.15023214,0.15645717
portrait,P,word2vec_recipe_40_HOM,0.16030587,0.18101044,0.18684015,0.21031773,0.19728127,0.22215916
tame,P,word2vec_recipe_40_HOM,0.2518476,0.22172113,0.29515627,0.261967,0.3131223,0.2725373
batter,H,word2vec_recipe_40_HOM,0.3543783,0.35077363,0.42241877,0.37228826,0.44535363,0.37744907
mop,P,word2vec_recipe_40_HOM,0.36987692,0.42310676,0.45344174,0.415533,0.47951567,0.4374883
warmquake,HOM*,word2vec_recipe_40_HOM,0.40253717,0.4072781,0.47016564,0.3982415,0.49013722,0.3936926
structalade,HOM*,word2vec_recipe_40_HOM,0.323793,0.39111644,0.39014104,0.40627626,0.41385022,0.42642733
aceadball,HOM*,word2vec_recipe_40_HOM,0.35621357,0.4445426,0.4382052,0.5075093,0.47029752,0.5081641
wooxact,HOM*,word2vec_recipe_40_HOM,0.39596516,0.41390893,0.5090146,0.52555764,0.547029,0.54614866
abutty,HOM*,word2vec_recipe_40_HOM,0.37318942,0.36567384,0.44691947,0.39989498,0.4685049,0.3922961
microwight,HOM*,word2vec_recipe_40_HOM,0.23644786,0.31545517,0.36109176,0.41569468,0.43000627,0.4718169
livide,HOM*,word2vec_recipe_40_HOM,0.37661353,0.44039342,0.46304142,0.4638346,0.4976243,0.47919858
clundae,HOM*,word2vec_recipe_40_HOM,0.2918918,0.30987206,0.4109062,0.43227646,0.45846403,0.45133302
scramender,HOM*,word2vec_recipe_40_HOM,0.38784027,0.39834586,0.46788445,0.45316333,0.49287206,0.44824618
elerune,HOM*,word2vec_recipe_40_HOM,0.36724067,0.39515555,0.45218614,0.4698834,0.4814275,0.4658025
threapinion,HOM*,word2vec_recipe_40_HOM,0.39425555,0.38952637,0.5078975,0.4942087,0.54230046,0.49619043
jeroam,HOM*,word2vec_recipe_40_HOM,0.36855954,0.43561304,0.4532525,0.47844633,0.48145485,0.47374028
originield,HOM*,word2vec_recipe_40_HOM,0.36783487,0.30764893,0.4096759,0.27108312,0.42287406,0.27065578
critamin,HOM*,word2vec_recipe_40_HOM,0.32027093,0.37204468,0.41088185,0.44297665,0.44411525,0.4586067
shelitation,HOM*,word2vec_recipe_40_HOM,0.40355545,0.33429638,0.47148705,0.3865075,0.49493706,0.41481525
ranome,HOM*,word2vec_recipe_40_HOM,0.29975984,0.37729415,0.37460694,0.3782392,0.40036637,0.3803454
wilookie,HOM*,word2vec_recipe_40_HOM,0.31122616,0.38058814,0.37844077,0.43838447,0.40281823,0.42530993
filliss,HOM*,word2vec_recipe_40_HOM,0.42246562,0.38552585,0.4881306,0.41418466,0.5082586,0.4239743
comfold,HOM*,word2vec_recipe_40_HOM,0.41964364,0.43824983,0.4809991,0.4480663,0.5037291,0.4512036
ripoodle,HOM*,word2vec_recipe_40_HOM,0.26044038,0.34538832,0.33965337,0.39819804,0.37501127,0.40515393
dontire,HOM*,word2vec_recipe_40_HOM,0.43655664,0.3459094,0.48337674,0.38578224,0.5000241,0.4002415
strorrange,HOM*,word2vec_recipe_40_HOM,0.33654106,0.40249705,0.43149346,0.4505482,0.46006835,0.429117
bittachment,HOM*,word2vec_recipe_40_HOM,0.39995533,0.4458539,0.48807198,0.41201133,0.5126865,0.39261997
speace,HOM*,word2vec_recipe_40_HOM,0.35010475,0.31861696,0.40652493,0.3933214,0.43006143,0.39962807
reackie,HOM*,word2vec_recipe_40_HOM,0.3032337,0.26678336,0.35901114,0.29128003,0.39218843,0.34189633
cruink,HOM*,word2vec_recipe_40_HOM,0.37798518,0.42703187,0.45134217,0.49341455,0.47873238,0.49760723
rollider,HOM*,word2vec_recipe_40_HOM,0.33821803,0.40231964,0.42034486,0.43257955,0.45446128,0.44656348
cheeseboo,HOM*,word2vec_recipe_40_HOM,0.38437724,0.40207186,0.44747803,0.41648945,0.4723706,0.40224943
cartine,HOM*,word2vec_recipe_40_HOM,0.30367604,0.34688714,0.38304496,0.4310703,0.4173249,0.4421129
stourve,HOM*,word2vec_recipe_40_HOM,0.35634702,0.33174983,0.40180382,0.33169875,0.4208649,0.34087655
purpograph,HOM*,word2vec_recipe_40_HOM,0.28721088,0.12691233,0.38126674,0.29528052,0.44123986,0.35724267
wintress,HOM*,word2vec_recipe_40_HOM,0.35210353,0.4296451,0.44377068,0.46124774,0.4736656,0.47387847
bimpfire,HOM*,word2vec_recipe_40_HOM,0.4445346,0.3825124,0.49164814,0.3861983,0.5076883,0.40910575
taucy,HOM*,word2vec_recipe_40_HOM,0.42878613,0.44957176,0.48157865,0.4407104,0.49773473,0.42480615
clioneer,HOM*,word2vec_recipe_40_HOM,0.4117847,0.45038033,0.48404405,0.48244023,0.509035,0.48081714
nimell,HOM*,word2vec_recipe_40_HOM,0.33288988,0.32513443,0.40377125,0.38256508,0.4292244,0.38181886
glaender,HOM*,word2vec_recipe_40_HOM,0.27853355,0.22393662,0.35324782,0.33843774,0.38934952,0.37799045
boultry,HOM*,word2vec_recipe_40_HOM,0.3686056,0.315155,0.43465734,0.3935095,0.460667,0.418019
drulastic,HOM*,word2vec_recipe_40_HOM,0.30159587,0.32213324,0.45512816,0.46525064,0.50857526,0.4975319
quoal,HOM*,word2vec_recipe_40_HOM,0.27903003,0.37958258,0.3877459,0.46417108,0.43281844,0.49349952
