word,ambiguity_type,model,nbhd_mean_distance
keg,P,word2vec_recipe_20_HOM_HALF,0.26415113
aristocrat,P,word2vec_recipe_20_HOM_HALF,0.21403134
novelty,P,word2vec_recipe_20_HOM_HALF,0.19619912
pirate,P,word2vec_recipe_20_HOM_HALF,0.24036531
gasoline,M,word2vec_recipe_20_HOM_HALF,0.13513365
fringe,P,word2vec_recipe_20_HOM_HALF,0.23156928
corral,P,word2vec_recipe_20_HOM_HALF,0.33822158
gopher,P,word2vec_recipe_20_HOM_HALF,0.24376509
substance,P,word2vec_recipe_20_HOM_HALF,0.3460734
flannel,P,word2vec_recipe_20_HOM_HALF,0.38311827
strap,P,word2vec_recipe_20_HOM_HALF,0.30639827
courtesy,P,word2vec_recipe_20_HOM_HALF,0.34899443
pitch,H,word2vec_recipe_20_HOM_HALF,0.40398967
countdown,P,word2vec_recipe_20_HOM_HALF,0.32450542
fiend,P,word2vec_recipe_20_HOM_HALF,0.18561195
generic,P,word2vec_recipe_20_HOM_HALF,0.27832982
marijuana,M,word2vec_recipe_20_HOM_HALF,0.29253304
pink,H,word2vec_recipe_20_HOM_HALF,0.48959887
perky,M,word2vec_recipe_20_HOM_HALF,0.3393406
society,P,word2vec_recipe_20_HOM_HALF,0.18529788
fearless,M,word2vec_recipe_20_HOM_HALF,0.21230595
lotion,P,word2vec_recipe_20_HOM_HALF,0.29578036
hoop,P,word2vec_recipe_20_HOM_HALF,0.32039946
cookie,P,word2vec_recipe_20_HOM_HALF,0.37707055
etiquette,M,word2vec_recipe_20_HOM_HALF,0.1416126
romantic,P,word2vec_recipe_20_HOM_HALF,0.26197588
square,P,word2vec_recipe_20_HOM_HALF,0.3217936
vibration,P,word2vec_recipe_20_HOM_HALF,0.1403941
isolate,P,word2vec_recipe_20_HOM_HALF,0.22266304
spacious,P,word2vec_recipe_20_HOM_HALF,0.26986963
toilet,P,word2vec_recipe_20_HOM_HALF,0.2406517
southwest,P,word2vec_recipe_20_HOM_HALF,0.29270476
corpse,M,word2vec_recipe_20_HOM_HALF,0.19801404
publisher,P,word2vec_recipe_20_HOM_HALF,0.15657151
accompany,P,word2vec_recipe_20_HOM_HALF,0.37877992
wildlife,M,word2vec_recipe_20_HOM_HALF,0.19503565
louse,P,word2vec_recipe_20_HOM_HALF,0.1445145
household,P,word2vec_recipe_20_HOM_HALF,0.2714733
lend,P,word2vec_recipe_20_HOM_HALF,0.28702855
despise,M,word2vec_recipe_20_HOM_HALF,0.111110754
attack,P,word2vec_recipe_20_HOM_HALF,0.32131281
cone,P,word2vec_recipe_20_HOM_HALF,0.3316503
rope,P,word2vec_recipe_20_HOM_HALF,0.32733247
agreement,P,word2vec_recipe_20_HOM_HALF,0.33448002
unable,M,word2vec_recipe_20_HOM_HALF,0.3150861
rainy,M,word2vec_recipe_20_HOM_HALF,0.3412551
gracious,P,word2vec_recipe_20_HOM_HALF,0.1977748
hind,H,word2vec_recipe_20_HOM_HALF,0.26541108
park,P,word2vec_recipe_20_HOM_HALF,0.3263442
detector,P,word2vec_recipe_20_HOM_HALF,0.20057921
armpit,M,word2vec_recipe_20_HOM_HALF,0.20281072
distance,P,word2vec_recipe_20_HOM_HALF,0.41004333
eager,M,word2vec_recipe_20_HOM_HALF,0.12805736
drum,P,word2vec_recipe_20_HOM_HALF,0.42047673
accident,P,word2vec_recipe_20_HOM_HALF,0.21240747
moon,P,word2vec_recipe_20_HOM_HALF,0.40155783
pansy,P,word2vec_recipe_20_HOM_HALF,0.2983386
reality,P,word2vec_recipe_20_HOM_HALF,0.12670536
equal,P,word2vec_recipe_20_HOM_HALF,0.41229263
regain,P,word2vec_recipe_20_HOM_HALF,0.28124866
dominion,P,word2vec_recipe_20_HOM_HALF,0.16630954
pudding,P,word2vec_recipe_20_HOM_HALF,0.41114983
wing,P,word2vec_recipe_20_HOM_HALF,0.38535407
greedy,P,word2vec_recipe_20_HOM_HALF,0.15598239
hoof,P,word2vec_recipe_20_HOM_HALF,0.23001228
poorly,P,word2vec_recipe_20_HOM_HALF,0.122313984
mink,P,word2vec_recipe_20_HOM_HALF,0.24388115
plumber,P,word2vec_recipe_20_HOM_HALF,0.12793164
toaster,H,word2vec_recipe_20_HOM_HALF,0.45954815
disposal,P,word2vec_recipe_20_HOM_HALF,0.2728333
pleasant,P,word2vec_recipe_20_HOM_HALF,0.2826625
airtight,P,word2vec_recipe_20_HOM_HALF,0.40073645
cancer,P,word2vec_recipe_20_HOM_HALF,0.21096344
critical,P,word2vec_recipe_20_HOM_HALF,0.29795113
cloak,P,word2vec_recipe_20_HOM_HALF,0.21725895
honor,P,word2vec_recipe_20_HOM_HALF,0.25180808
continue,P,word2vec_recipe_20_HOM_HALF,0.469683
placement,P,word2vec_recipe_20_HOM_HALF,0.33232412
panic,P,word2vec_recipe_20_HOM_HALF,0.30551073
rotation,P,word2vec_recipe_20_HOM_HALF,0.34294647
bug,P,word2vec_recipe_20_HOM_HALF,0.32442477
plaster,P,word2vec_recipe_20_HOM_HALF,0.31064495
territory,P,word2vec_recipe_20_HOM_HALF,0.16545528
infection,P,word2vec_recipe_20_HOM_HALF,0.18046774
heater,P,word2vec_recipe_20_HOM_HALF,0.34620902
tailor,P,word2vec_recipe_20_HOM_HALF,0.16582401
folder,P,word2vec_recipe_20_HOM_HALF,0.24321084
various,P,word2vec_recipe_20_HOM_HALF,0.38946357
assure,P,word2vec_recipe_20_HOM_HALF,0.42340893
green,P,word2vec_recipe_20_HOM_HALF,0.3529257
sweaty,P,word2vec_recipe_20_HOM_HALF,0.2877846
bogus,M,word2vec_recipe_20_HOM_HALF,0.13169089
drip,P,word2vec_recipe_20_HOM_HALF,0.47801694
horseback,P,word2vec_recipe_20_HOM_HALF,0.34674355
angle,H,word2vec_recipe_20_HOM_HALF,0.38060486
burp,P,word2vec_recipe_20_HOM_HALF,0.36093736
premature,M,word2vec_recipe_20_HOM_HALF,0.22090346
emphasize,P,word2vec_recipe_20_HOM_HALF,0.19715668
crook,P,word2vec_recipe_20_HOM_HALF,0.3496866
cardiac,P,word2vec_recipe_20_HOM_HALF,0.16450989
newborn,P,word2vec_recipe_20_HOM_HALF,0.15198503
grenade,P,word2vec_recipe_20_HOM_HALF,0.1709619
frisky,M,word2vec_recipe_20_HOM_HALF,0.21387407
goose,P,word2vec_recipe_20_HOM_HALF,0.3374751
anger,P,word2vec_recipe_20_HOM_HALF,0.13915184
burner,P,word2vec_recipe_20_HOM_HALF,0.3889226
mediocre,M,word2vec_recipe_20_HOM_HALF,0.12535173
lousy,P,word2vec_recipe_20_HOM_HALF,0.11247451
tack,P,word2vec_recipe_20_HOM_HALF,0.40291855
mercy,P,word2vec_recipe_20_HOM_HALF,0.14574564
insane,P,word2vec_recipe_20_HOM_HALF,0.33162865
vacant,P,word2vec_recipe_20_HOM_HALF,0.24453215
shrimp,P,word2vec_recipe_20_HOM_HALF,0.35902587
ski,P,word2vec_recipe_20_HOM_HALF,0.20194235
stack,P,word2vec_recipe_20_HOM_HALF,0.38091493
definition,P,word2vec_recipe_20_HOM_HALF,0.17889467
elephant,M,word2vec_recipe_20_HOM_HALF,0.47062367
injury,P,word2vec_recipe_20_HOM_HALF,0.1768169
computer,P,word2vec_recipe_20_HOM_HALF,0.22656484
misty,P,word2vec_recipe_20_HOM_HALF,0.16757053
stout,P,word2vec_recipe_20_HOM_HALF,0.43266034
electrical,M,word2vec_recipe_20_HOM_HALF,0.32186374
stampede,P,word2vec_recipe_20_HOM_HALF,0.21413574
context,P,word2vec_recipe_20_HOM_HALF,0.113582194
birthday,M,word2vec_recipe_20_HOM_HALF,0.2850564
pavement,P,word2vec_recipe_20_HOM_HALF,0.19670366
unsure,P,word2vec_recipe_20_HOM_HALF,0.33941305
monkey,P,word2vec_recipe_20_HOM_HALF,0.4193863
brisk,P,word2vec_recipe_20_HOM_HALF,0.41068432
clumsy,P,word2vec_recipe_20_HOM_HALF,0.106407575
beard,P,word2vec_recipe_20_HOM_HALF,0.32919556
frightful,P,word2vec_recipe_20_HOM_HALF,0.22927861
sweat,P,word2vec_recipe_20_HOM_HALF,0.43426487
stability,M,word2vec_recipe_20_HOM_HALF,0.3626469
strong,P,word2vec_recipe_20_HOM_HALF,0.34143746
singer,P,word2vec_recipe_20_HOM_HALF,0.29354113
platter,P,word2vec_recipe_20_HOM_HALF,0.46727157
horn,P,word2vec_recipe_20_HOM_HALF,0.42034882
sting,P,word2vec_recipe_20_HOM_HALF,0.33186802
singular,P,word2vec_recipe_20_HOM_HALF,0.17227137
health,P,word2vec_recipe_20_HOM_HALF,0.31919062
dazzle,P,word2vec_recipe_20_HOM_HALF,0.23176032
headache,P,word2vec_recipe_20_HOM_HALF,0.11835821
infant,P,word2vec_recipe_20_HOM_HALF,0.2624326
kitchen,M,word2vec_recipe_20_HOM_HALF,0.36254632
maker,P,word2vec_recipe_20_HOM_HALF,0.40875652
limit,P,word2vec_recipe_20_HOM_HALF,0.31670383
yard,H,word2vec_recipe_20_HOM_HALF,0.338569
expense,P,word2vec_recipe_20_HOM_HALF,0.17258176
snug,P,word2vec_recipe_20_HOM_HALF,0.41433877
tacky,H,word2vec_recipe_20_HOM_HALF,0.3769131
manipulate,P,word2vec_recipe_20_HOM_HALF,0.32600448
branch,P,word2vec_recipe_20_HOM_HALF,0.35890093
outright,P,word2vec_recipe_20_HOM_HALF,0.16181216
button,P,word2vec_recipe_20_HOM_HALF,0.48332518
hesitate,P,word2vec_recipe_20_HOM_HALF,0.23439226
jackpot,P,word2vec_recipe_20_HOM_HALF,0.12996653
reach,P,word2vec_recipe_20_HOM_HALF,0.48189723
workers,P,word2vec_recipe_20_HOM_HALF,0.1252925
block,P,word2vec_recipe_20_HOM_HALF,0.47824946
cradle,P,word2vec_recipe_20_HOM_HALF,0.3331766
peppermint,P,word2vec_recipe_20_HOM_HALF,0.35485494
solid,P,word2vec_recipe_20_HOM_HALF,0.41492394
clot,P,word2vec_recipe_20_HOM_HALF,0.21782516
tackle,P,word2vec_recipe_20_HOM_HALF,0.19771442
mural,P,word2vec_recipe_20_HOM_HALF,0.27219716
bakery,M,word2vec_recipe_20_HOM_HALF,0.3039474
dramatic,P,word2vec_recipe_20_HOM_HALF,0.29144168
grasp,P,word2vec_recipe_20_HOM_HALF,0.3784269
frog,H,word2vec_recipe_20_HOM_HALF,0.45408022
dig,P,word2vec_recipe_20_HOM_HALF,0.4253064
destiny,P,word2vec_recipe_20_HOM_HALF,0.36330512
module,P,word2vec_recipe_20_HOM_HALF,0.39063656
conviction,P,word2vec_recipe_20_HOM_HALF,0.18296868
tune,P,word2vec_recipe_20_HOM_HALF,0.30769944
vision,P,word2vec_recipe_20_HOM_HALF,0.15274459
shave,P,word2vec_recipe_20_HOM_HALF,0.452542
scan,P,word2vec_recipe_20_HOM_HALF,0.19095248
steam,P,word2vec_recipe_20_HOM_HALF,0.47592434
reopen,P,word2vec_recipe_20_HOM_HALF,0.3738302
keen,H,word2vec_recipe_20_HOM_HALF,0.34138873
latter,P,word2vec_recipe_20_HOM_HALF,0.27887863
partner,P,word2vec_recipe_20_HOM_HALF,0.23900698
cast,P,word2vec_recipe_20_HOM_HALF,0.41482848
brilliance,P,word2vec_recipe_20_HOM_HALF,0.14717904
similar,M,word2vec_recipe_20_HOM_HALF,0.44710118
pint,P,word2vec_recipe_20_HOM_HALF,0.37447304
countless,M,word2vec_recipe_20_HOM_HALF,0.18049744
scramble,P,word2vec_recipe_20_HOM_HALF,0.46434066
antique,P,word2vec_recipe_20_HOM_HALF,0.24302556
global,P,word2vec_recipe_20_HOM_HALF,0.13259065
shameless,P,word2vec_recipe_20_HOM_HALF,0.19694524
skip,P,word2vec_recipe_20_HOM_HALF,0.37702012
generation,P,word2vec_recipe_20_HOM_HALF,0.25962505
treat,P,word2vec_recipe_20_HOM_HALF,0.33285168
gobble,H,word2vec_recipe_20_HOM_HALF,0.33897343
mainstream,P,word2vec_recipe_20_HOM_HALF,0.13961531
sane,P,word2vec_recipe_20_HOM_HALF,0.16238356
rug,P,word2vec_recipe_20_HOM_HALF,0.26301005
paint,P,word2vec_recipe_20_HOM_HALF,0.3960223
passionate,P,word2vec_recipe_20_HOM_HALF,0.20508045
push,P,word2vec_recipe_20_HOM_HALF,0.42834798
liar,M,word2vec_recipe_20_HOM_HALF,0.17921883
deadly,P,word2vec_recipe_20_HOM_HALF,0.22587216
thorough,P,word2vec_recipe_20_HOM_HALF,0.45910928
fetish,P,word2vec_recipe_20_HOM_HALF,0.19476919
level,P,word2vec_recipe_20_HOM_HALF,0.5110317
offer,P,word2vec_recipe_20_HOM_HALF,0.41735557
jerk,H,word2vec_recipe_20_HOM_HALF,0.3435747
accurate,P,word2vec_recipe_20_HOM_HALF,0.3205316
train,P,word2vec_recipe_20_HOM_HALF,0.2643658
velocity,P,word2vec_recipe_20_HOM_HALF,0.2252507
bulletin,P,word2vec_recipe_20_HOM_HALF,0.2103315
nibble,P,word2vec_recipe_20_HOM_HALF,0.35169876
bacon,M,word2vec_recipe_20_HOM_HALF,0.39723188
cope,H,word2vec_recipe_20_HOM_HALF,0.1606046
ballet,P,word2vec_recipe_20_HOM_HALF,0.19148232
soak,P,word2vec_recipe_20_HOM_HALF,0.481566
crave,P,word2vec_recipe_20_HOM_HALF,0.19461647
revolution,P,word2vec_recipe_20_HOM_HALF,0.22687706
steady,P,word2vec_recipe_20_HOM_HALF,0.45908034
perfume,P,word2vec_recipe_20_HOM_HALF,0.3399765
subsequent,M,word2vec_recipe_20_HOM_HALF,0.38127327
subjective,P,word2vec_recipe_20_HOM_HALF,0.18918216
patient,P,word2vec_recipe_20_HOM_HALF,0.3044961
barefoot,M,word2vec_recipe_20_HOM_HALF,0.29521242
stale,P,word2vec_recipe_20_HOM_HALF,0.45246685
vortex,P,word2vec_recipe_20_HOM_HALF,0.44489723
invade,P,word2vec_recipe_20_HOM_HALF,0.1114648
fry,H,word2vec_recipe_20_HOM_HALF,0.45634007
fetch,P,word2vec_recipe_20_HOM_HALF,0.34649086
stressful,M,word2vec_recipe_20_HOM_HALF,0.1195801
fabulous,P,word2vec_recipe_20_HOM_HALF,0.26800272
cabin,P,word2vec_recipe_20_HOM_HALF,0.31588992
assistant,P,word2vec_recipe_20_HOM_HALF,0.24004893
fat,P,word2vec_recipe_20_HOM_HALF,0.39226234
contribute,P,word2vec_recipe_20_HOM_HALF,0.26512966
execute,P,word2vec_recipe_20_HOM_HALF,0.1885598
grub,P,word2vec_recipe_20_HOM_HALF,0.20421909
trend,P,word2vec_recipe_20_HOM_HALF,0.11438735
exhaust,P,word2vec_recipe_20_HOM_HALF,0.36212608
jealous,P,word2vec_recipe_20_HOM_HALF,0.13482833
squid,M,word2vec_recipe_20_HOM_HALF,0.36182708
fragile,P,word2vec_recipe_20_HOM_HALF,0.3466414
conclusive,M,word2vec_recipe_20_HOM_HALF,0.12475844
mingle,P,word2vec_recipe_20_HOM_HALF,0.42816064
quickie,M,word2vec_recipe_20_HOM_HALF,0.17494644
clinic,P,word2vec_recipe_20_HOM_HALF,0.13653497
tavern,P,word2vec_recipe_20_HOM_HALF,0.2468602
hefty,P,word2vec_recipe_20_HOM_HALF,0.43332374
aspirin,P,word2vec_recipe_20_HOM_HALF,0.26184207
humor,P,word2vec_recipe_20_HOM_HALF,0.33261186
ultimate,P,word2vec_recipe_20_HOM_HALF,0.25150493
fruity,P,word2vec_recipe_20_HOM_HALF,0.35764277
pardon,P,word2vec_recipe_20_HOM_HALF,0.1525888
consumer,P,word2vec_recipe_20_HOM_HALF,0.18770945
millennium,P,word2vec_recipe_20_HOM_HALF,0.24587299
zone,P,word2vec_recipe_20_HOM_HALF,0.3830193
appreciate,P,word2vec_recipe_20_HOM_HALF,0.17625408
walrus,M,word2vec_recipe_20_HOM_HALF,0.19696786
instrument,P,word2vec_recipe_20_HOM_HALF,0.33528683
vial,M,word2vec_recipe_20_HOM_HALF,0.21607053
microwave,P,word2vec_recipe_20_HOM_HALF,0.36296794
mustard,P,word2vec_recipe_20_HOM_HALF,0.32864717
camper,P,word2vec_recipe_20_HOM_HALF,0.1505892
epic,P,word2vec_recipe_20_HOM_HALF,0.21418726
lighthouse,M,word2vec_recipe_20_HOM_HALF,0.17330155
agony,P,word2vec_recipe_20_HOM_HALF,0.11047286
bike,P,word2vec_recipe_20_HOM_HALF,0.15587182
administer,P,word2vec_recipe_20_HOM_HALF,0.1870714
thrust,P,word2vec_recipe_20_HOM_HALF,0.24150497
basket,P,word2vec_recipe_20_HOM_HALF,0.47429457
capable,P,word2vec_recipe_20_HOM_HALF,0.30643302
edible,P,word2vec_recipe_20_HOM_HALF,0.34184307
series,P,word2vec_recipe_20_HOM_HALF,0.41558075
frenzy,P,word2vec_recipe_20_HOM_HALF,0.2739465
backpack,P,word2vec_recipe_20_HOM_HALF,0.25342497
fear,P,word2vec_recipe_20_HOM_HALF,0.25355586
gift,P,word2vec_recipe_20_HOM_HALF,0.390201
frequency,P,word2vec_recipe_20_HOM_HALF,0.35257745
caviar,M,word2vec_recipe_20_HOM_HALF,0.4139822
giant,P,word2vec_recipe_20_HOM_HALF,0.3815498
timer,P,word2vec_recipe_20_HOM_HALF,0.46860516
hobby,H,word2vec_recipe_20_HOM_HALF,0.1732256
scrape,P,word2vec_recipe_20_HOM_HALF,0.49586144
discretion,P,word2vec_recipe_20_HOM_HALF,0.33548126
location,P,word2vec_recipe_20_HOM_HALF,0.36724612
wolf,P,word2vec_recipe_20_HOM_HALF,0.2957425
shred,P,word2vec_recipe_20_HOM_HALF,0.45381114
solar,P,word2vec_recipe_20_HOM_HALF,0.43640208
rabbi,P,word2vec_recipe_20_HOM_HALF,0.12331865
essence,P,word2vec_recipe_20_HOM_HALF,0.44670373
dimension,P,word2vec_recipe_20_HOM_HALF,0.3805847
homecoming,P,word2vec_recipe_20_HOM_HALF,0.15637065
lease,P,word2vec_recipe_20_HOM_HALF,0.31298292
nameless,P,word2vec_recipe_20_HOM_HALF,0.13380775
evident,M,word2vec_recipe_20_HOM_HALF,0.29250842
flashlight,M,word2vec_recipe_20_HOM_HALF,0.20854527
diplomat,P,word2vec_recipe_20_HOM_HALF,0.29085743
exact,P,word2vec_recipe_20_HOM_HALF,0.3203981
debate,P,word2vec_recipe_20_HOM_HALF,0.16525598
pump,H,word2vec_recipe_20_HOM_HALF,0.30611083
healthy,P,word2vec_recipe_20_HOM_HALF,0.4726418
flank,P,word2vec_recipe_20_HOM_HALF,0.33437073
therapy,P,word2vec_recipe_20_HOM_HALF,0.19659905
crafty,M,word2vec_recipe_20_HOM_HALF,0.16556741
napalm,P,word2vec_recipe_20_HOM_HALF,0.18585545
industrial,P,word2vec_recipe_20_HOM_HALF,0.25211143
club,P,word2vec_recipe_20_HOM_HALF,0.4069913
efficiency,P,word2vec_recipe_20_HOM_HALF,0.26430786
racetrack,M,word2vec_recipe_20_HOM_HALF,0.15755217
orb,P,word2vec_recipe_20_HOM_HALF,0.16643286
girlfriend,P,word2vec_recipe_20_HOM_HALF,0.12487552
dispenser,M,word2vec_recipe_20_HOM_HALF,0.3592314
slant,P,word2vec_recipe_20_HOM_HALF,0.32520038
conscience,P,word2vec_recipe_20_HOM_HALF,0.18620834
immature,P,word2vec_recipe_20_HOM_HALF,0.2435385
connect,P,word2vec_recipe_20_HOM_HALF,0.2847475
truck,H,word2vec_recipe_20_HOM_HALF,0.34359506
banana,P,word2vec_recipe_20_HOM_HALF,0.37206483
weep,P,word2vec_recipe_20_HOM_HALF,0.40599445
goal,P,word2vec_recipe_20_HOM_HALF,0.40496555
purpose,P,word2vec_recipe_20_HOM_HALF,0.48354763
nation,P,word2vec_recipe_20_HOM_HALF,0.13196516
proper,P,word2vec_recipe_20_HOM_HALF,0.37612712
noon,M,word2vec_recipe_20_HOM_HALF,0.33610728
calculate,P,word2vec_recipe_20_HOM_HALF,0.37748486
salmon,P,word2vec_recipe_20_HOM_HALF,0.3580934
overhead,P,word2vec_recipe_20_HOM_HALF,0.2807316
mighty,P,word2vec_recipe_20_HOM_HALF,0.2681424
galaxy,P,word2vec_recipe_20_HOM_HALF,0.24348244
mirror,P,word2vec_recipe_20_HOM_HALF,0.29441234
crowd,P,word2vec_recipe_20_HOM_HALF,0.46930462
bullet,P,word2vec_recipe_20_HOM_HALF,0.3564354
fishy,P,word2vec_recipe_20_HOM_HALF,0.31222302
strike,P,word2vec_recipe_20_HOM_HALF,0.34231925
maternal,P,word2vec_recipe_20_HOM_HALF,0.09659299
havoc,P,word2vec_recipe_20_HOM_HALF,0.15221725
farce,P,word2vec_recipe_20_HOM_HALF,0.35092658
puck,M,word2vec_recipe_20_HOM_HALF,0.3659353
indulge,P,word2vec_recipe_20_HOM_HALF,0.29725227
lure,P,word2vec_recipe_20_HOM_HALF,0.16949312
jet,H,word2vec_recipe_20_HOM_HALF,0.37487194
buckshot,M,word2vec_recipe_20_HOM_HALF,0.21673276
efficient,P,word2vec_recipe_20_HOM_HALF,0.27043664
surround,P,word2vec_recipe_20_HOM_HALF,0.44682407
rocker,P,word2vec_recipe_20_HOM_HALF,0.35813043
topic,P,word2vec_recipe_20_HOM_HALF,0.16636169
compulsive,P,word2vec_recipe_20_HOM_HALF,0.09964551
sunshine,P,word2vec_recipe_20_HOM_HALF,0.3311878
subtle,P,word2vec_recipe_20_HOM_HALF,0.25529787
warmed,P,word2vec_recipe_20_HOM_HALF,0.46161038
geometry,P,word2vec_recipe_20_HOM_HALF,0.15673544
excessive,M,word2vec_recipe_20_HOM_HALF,0.467274
dine,P,word2vec_recipe_20_HOM_HALF,0.2209156
stagecoach,M,word2vec_recipe_20_HOM_HALF,0.1318041
antenna,P,word2vec_recipe_20_HOM_HALF,0.23826993
elderly,M,word2vec_recipe_20_HOM_HALF,0.18198359
talent,P,word2vec_recipe_20_HOM_HALF,0.09804538
tooth,P,word2vec_recipe_20_HOM_HALF,0.49284428
mute,P,word2vec_recipe_20_HOM_HALF,0.1721453
prosperity,M,word2vec_recipe_20_HOM_HALF,0.16836435
chowder,M,word2vec_recipe_20_HOM_HALF,0.41182026
tote,P,word2vec_recipe_20_HOM_HALF,0.32596475
starve,P,word2vec_recipe_20_HOM_HALF,0.1891233
moth,P,word2vec_recipe_20_HOM_HALF,0.21131392
mug,P,word2vec_recipe_20_HOM_HALF,0.3874903
panel,P,word2vec_recipe_20_HOM_HALF,0.27871847
tender,H,word2vec_recipe_20_HOM_HALF,0.3910448
robe,P,word2vec_recipe_20_HOM_HALF,0.22949623
expand,P,word2vec_recipe_20_HOM_HALF,0.4262543
flame,P,word2vec_recipe_20_HOM_HALF,0.42194498
positive,P,word2vec_recipe_20_HOM_HALF,0.17173012
hungry,P,word2vec_recipe_20_HOM_HALF,0.34897694
imperative,P,word2vec_recipe_20_HOM_HALF,0.21961112
bank,H,word2vec_recipe_20_HOM_HALF,0.37113258
bark,H,word2vec_recipe_20_HOM_HALF,0.38583755
harvest,P,word2vec_recipe_20_HOM_HALF,0.32840815
powder,P,word2vec_recipe_20_HOM_HALF,0.3509479
spur,P,word2vec_recipe_20_HOM_HALF,0.22454059
sensation,P,word2vec_recipe_20_HOM_HALF,0.40008926
brandy,P,word2vec_recipe_20_HOM_HALF,0.30715722
simmer,P,word2vec_recipe_20_HOM_HALF,0.3819861
compensate,P,word2vec_recipe_20_HOM_HALF,0.40024632
stinky,M,word2vec_recipe_20_HOM_HALF,0.2147298
grunt,P,word2vec_recipe_20_HOM_HALF,0.31520656
flush,H,word2vec_recipe_20_HOM_HALF,0.42457283
pulp,P,word2vec_recipe_20_HOM_HALF,0.4261511
welfare,P,word2vec_recipe_20_HOM_HALF,0.29674873
slumber,P,word2vec_recipe_20_HOM_HALF,0.20191923
pedestal,P,word2vec_recipe_20_HOM_HALF,0.39766297
stylish,M,word2vec_recipe_20_HOM_HALF,0.24949746
pity,P,word2vec_recipe_20_HOM_HALF,0.13607854
skilled,P,word2vec_recipe_20_HOM_HALF,0.38216552
fulfill,P,word2vec_recipe_20_HOM_HALF,0.16024977
skid,P,word2vec_recipe_20_HOM_HALF,0.23424307
crocodile,P,word2vec_recipe_20_HOM_HALF,0.33485702
tenth,P,word2vec_recipe_20_HOM_HALF,0.3558869
ingredient,P,word2vec_recipe_20_HOM_HALF,0.4372076
toot,P,word2vec_recipe_20_HOM_HALF,0.20255531
torpedo,P,word2vec_recipe_20_HOM_HALF,0.30277503
draw,P,word2vec_recipe_20_HOM_HALF,0.3816265
drill,H,word2vec_recipe_20_HOM_HALF,0.32766974
elegance,P,word2vec_recipe_20_HOM_HALF,0.30810863
rule,P,word2vec_recipe_20_HOM_HALF,0.38416395
tornado,M,word2vec_recipe_20_HOM_HALF,0.2541748
premium,P,word2vec_recipe_20_HOM_HALF,0.38182625
mellow,P,word2vec_recipe_20_HOM_HALF,0.38269275
watering,P,word2vec_recipe_20_HOM_HALF,0.32684177
scratch,P,word2vec_recipe_20_HOM_HALF,0.38875294
slow,P,word2vec_recipe_20_HOM_HALF,0.44072887
custom,P,word2vec_recipe_20_HOM_HALF,0.24590684
beach,P,word2vec_recipe_20_HOM_HALF,0.35346723
pesky,M,word2vec_recipe_20_HOM_HALF,0.2356339
kosher,P,word2vec_recipe_20_HOM_HALF,0.3309127
lemon,P,word2vec_recipe_20_HOM_HALF,0.34434932
backward,P,word2vec_recipe_20_HOM_HALF,0.26576552
redundant,P,word2vec_recipe_20_HOM_HALF,0.12688951
groundhog,M,word2vec_recipe_20_HOM_HALF,0.2604485
brow,P,word2vec_recipe_20_HOM_HALF,0.4288976
flag,H,word2vec_recipe_20_HOM_HALF,0.41240692
studio,P,word2vec_recipe_20_HOM_HALF,0.1350984
wet,P,word2vec_recipe_20_HOM_HALF,0.42362127
lung,M,word2vec_recipe_20_HOM_HALF,0.23326452
surface,P,word2vec_recipe_20_HOM_HALF,0.36404678
arrive,P,word2vec_recipe_20_HOM_HALF,0.39437196
skinny,P,word2vec_recipe_20_HOM_HALF,0.39062512
tasty,M,word2vec_recipe_20_HOM_HALF,0.40380153
remind,P,word2vec_recipe_20_HOM_HALF,0.22136544
drool,P,word2vec_recipe_20_HOM_HALF,0.22287966
swoop,P,word2vec_recipe_20_HOM_HALF,0.24535766
gas,P,word2vec_recipe_20_HOM_HALF,0.4062496
ankle,M,word2vec_recipe_20_HOM_HALF,0.19323981
scheme,P,word2vec_recipe_20_HOM_HALF,0.22999817
accomplish,P,word2vec_recipe_20_HOM_HALF,0.29957286
adapt,P,word2vec_recipe_20_HOM_HALF,0.27039722
massive,P,word2vec_recipe_20_HOM_HALF,0.25393876
proposal,P,word2vec_recipe_20_HOM_HALF,0.14815307
count,H,word2vec_recipe_20_HOM_HALF,0.4258813
minus,P,word2vec_recipe_20_HOM_HALF,0.45791522
champagne,P,word2vec_recipe_20_HOM_HALF,0.29780412
bath,P,word2vec_recipe_20_HOM_HALF,0.42807215
glitter,P,word2vec_recipe_20_HOM_HALF,0.31081134
soup,P,word2vec_recipe_20_HOM_HALF,0.38824332
portable,P,word2vec_recipe_20_HOM_HALF,0.48449317
skull,P,word2vec_recipe_20_HOM_HALF,0.2790762
garment,P,word2vec_recipe_20_HOM_HALF,0.26378375
unorthodox,M,word2vec_recipe_20_HOM_HALF,0.1553889
yacht,P,word2vec_recipe_20_HOM_HALF,0.16922319
jog,H,word2vec_recipe_20_HOM_HALF,0.20514657
inspire,P,word2vec_recipe_20_HOM_HALF,0.13318391
chin,P,word2vec_recipe_20_HOM_HALF,0.2964083
casserole,P,word2vec_recipe_20_HOM_HALF,0.36812365
nervous,P,word2vec_recipe_20_HOM_HALF,0.21339469
clamp,P,word2vec_recipe_20_HOM_HALF,0.41331634
relative,P,word2vec_recipe_20_HOM_HALF,0.2620647
batch,P,word2vec_recipe_20_HOM_HALF,0.45701814
loyalty,P,word2vec_recipe_20_HOM_HALF,0.41022578
brittle,P,word2vec_recipe_20_HOM_HALF,0.452227
junkie,P,word2vec_recipe_20_HOM_HALF,0.16591741
click,P,word2vec_recipe_20_HOM_HALF,0.34084433
population,P,word2vec_recipe_20_HOM_HALF,0.14261982
outline,P,word2vec_recipe_20_HOM_HALF,0.25308135
dud,P,word2vec_recipe_20_HOM_HALF,0.3285878
peep,H,word2vec_recipe_20_HOM_HALF,0.32487106
task,P,word2vec_recipe_20_HOM_HALF,0.29905888
coconut,P,word2vec_recipe_20_HOM_HALF,0.37593934
guardian,P,word2vec_recipe_20_HOM_HALF,0.17033176
runner,P,word2vec_recipe_20_HOM_HALF,0.37525618
moody,P,word2vec_recipe_20_HOM_HALF,0.1388973
diver,P,word2vec_recipe_20_HOM_HALF,0.20304379
constant,P,word2vec_recipe_20_HOM_HALF,0.43382213
cowgirl,P,word2vec_recipe_20_HOM_HALF,0.19815369
concern,P,word2vec_recipe_20_HOM_HALF,0.224458
remove,P,word2vec_recipe_20_HOM_HALF,0.43183848
cram,P,word2vec_recipe_20_HOM_HALF,0.44207588
disclosure,P,word2vec_recipe_20_HOM_HALF,0.1922751
prominent,P,word2vec_recipe_20_HOM_HALF,0.20315185
shift,P,word2vec_recipe_20_HOM_HALF,0.4677226
pinch,P,word2vec_recipe_20_HOM_HALF,0.48152933
adorable,P,word2vec_recipe_20_HOM_HALF,0.2242068
zebra,M,word2vec_recipe_20_HOM_HALF,0.30079138
tasteful,P,word2vec_recipe_20_HOM_HALF,0.23604646
stash,P,word2vec_recipe_20_HOM_HALF,0.3497834
bout,P,word2vec_recipe_20_HOM_HALF,0.4511942
rage,P,word2vec_recipe_20_HOM_HALF,0.17601328
crisp,P,word2vec_recipe_20_HOM_HALF,0.45943913
grow,P,word2vec_recipe_20_HOM_HALF,0.34778526
lair,P,word2vec_recipe_20_HOM_HALF,0.19204623
smudge,P,word2vec_recipe_20_HOM_HALF,0.25896505
virtue,P,word2vec_recipe_20_HOM_HALF,0.3356549
minimize,P,word2vec_recipe_20_HOM_HALF,0.37361455
tremble,P,word2vec_recipe_20_HOM_HALF,0.2974549
numerous,P,word2vec_recipe_20_HOM_HALF,0.367904
spoil,P,word2vec_recipe_20_HOM_HALF,0.2945244
strand,H,word2vec_recipe_20_HOM_HALF,0.434272
shabby,P,word2vec_recipe_20_HOM_HALF,0.17714693
notion,P,word2vec_recipe_20_HOM_HALF,0.120571606
shady,P,word2vec_recipe_20_HOM_HALF,0.28551057
porcelain,P,word2vec_recipe_20_HOM_HALF,0.36776567
leak,P,word2vec_recipe_20_HOM_HALF,0.41603684
untouched,P,word2vec_recipe_20_HOM_HALF,0.42613018
cluck,P,word2vec_recipe_20_HOM_HALF,0.15634568
badge,P,word2vec_recipe_20_HOM_HALF,0.16639186
rag,H,word2vec_recipe_20_HOM_HALF,0.43477213
agency,P,word2vec_recipe_20_HOM_HALF,0.15098938
kicker,P,word2vec_recipe_20_HOM_HALF,0.23439366
impossible,P,word2vec_recipe_20_HOM_HALF,0.44698596
splinter,P,word2vec_recipe_20_HOM_HALF,0.25471684
submission,P,word2vec_recipe_20_HOM_HALF,0.2096376
brighten,P,word2vec_recipe_20_HOM_HALF,0.3837286
character,P,word2vec_recipe_20_HOM_HALF,0.30755532
brink,P,word2vec_recipe_20_HOM_HALF,0.25411436
conscious,P,word2vec_recipe_20_HOM_HALF,0.24340317
cello,M,word2vec_recipe_20_HOM_HALF,0.25200722
hydrogen,M,word2vec_recipe_20_HOM_HALF,0.27768564
device,P,word2vec_recipe_20_HOM_HALF,0.40387207
seed,P,word2vec_recipe_20_HOM_HALF,0.43028557
feature,P,word2vec_recipe_20_HOM_HALF,0.3055511
infrared,P,word2vec_recipe_20_HOM_HALF,0.26908195
hammock,M,word2vec_recipe_20_HOM_HALF,0.20918149
boom,H,word2vec_recipe_20_HOM_HALF,0.3240093
dispense,P,word2vec_recipe_20_HOM_HALF,0.37501878
sever,P,word2vec_recipe_20_HOM_HALF,0.37312663
tier,H,word2vec_recipe_20_HOM_HALF,0.37404278
tall,P,word2vec_recipe_20_HOM_HALF,0.32366082
scrap,H,word2vec_recipe_20_HOM_HALF,0.4604609
outer,M,word2vec_recipe_20_HOM_HALF,0.37890399
journal,P,word2vec_recipe_20_HOM_HALF,0.16069481
humble,P,word2vec_recipe_20_HOM_HALF,0.20402525
collective,P,word2vec_recipe_20_HOM_HALF,0.10554753
cater,P,word2vec_recipe_20_HOM_HALF,0.19044338
lemonade,M,word2vec_recipe_20_HOM_HALF,0.30598363
pathetic,P,word2vec_recipe_20_HOM_HALF,0.1278063
mixture,P,word2vec_recipe_20_HOM_HALF,0.38982013
jumbo,P,word2vec_recipe_20_HOM_HALF,0.49653602
mattress,P,word2vec_recipe_20_HOM_HALF,0.14239557
sway,P,word2vec_recipe_20_HOM_HALF,0.21723484
adjust,P,word2vec_recipe_20_HOM_HALF,0.42574066
hippo,M,word2vec_recipe_20_HOM_HALF,0.25910354
pharmacy,P,word2vec_recipe_20_HOM_HALF,0.15574673
guilt,P,word2vec_recipe_20_HOM_HALF,0.33628023
yellow,P,word2vec_recipe_20_HOM_HALF,0.47962242
stretch,P,word2vec_recipe_20_HOM_HALF,0.34972683
untie,P,word2vec_recipe_20_HOM_HALF,0.43105835
invention,P,word2vec_recipe_20_HOM_HALF,0.13921875
sailboat,M,word2vec_recipe_20_HOM_HALF,0.24754947
degree,P,word2vec_recipe_20_HOM_HALF,0.4363282
strange,P,word2vec_recipe_20_HOM_HALF,0.23676743
corruption,P,word2vec_recipe_20_HOM_HALF,0.15170504
nutty,P,word2vec_recipe_20_HOM_HALF,0.42684186
evil,P,word2vec_recipe_20_HOM_HALF,0.22187483
grid,P,word2vec_recipe_20_HOM_HALF,0.44501355
probable,P,word2vec_recipe_20_HOM_HALF,0.11581758
lucid,P,word2vec_recipe_20_HOM_HALF,0.28700027
cheeky,M,word2vec_recipe_20_HOM_HALF,0.20107134
smart,P,word2vec_recipe_20_HOM_HALF,0.45095167
despicable,M,word2vec_recipe_20_HOM_HALF,0.17219965
olden,M,word2vec_recipe_20_HOM_HALF,0.2394892
suffice,P,word2vec_recipe_20_HOM_HALF,0.35400704
drug,P,word2vec_recipe_20_HOM_HALF,0.21198471
personnel,P,word2vec_recipe_20_HOM_HALF,0.14677052
scientist,M,word2vec_recipe_20_HOM_HALF,0.17539571
triple,P,word2vec_recipe_20_HOM_HALF,0.4263063
toll,H,word2vec_recipe_20_HOM_HALF,0.38643235
soil,H,word2vec_recipe_20_HOM_HALF,0.3527814
finesse,P,word2vec_recipe_20_HOM_HALF,0.10937837
near,P,word2vec_recipe_20_HOM_HALF,0.4464317
manly,M,word2vec_recipe_20_HOM_HALF,0.22268337
fling,P,word2vec_recipe_20_HOM_HALF,0.3831968
tolerate,P,word2vec_recipe_20_HOM_HALF,0.22589554
mechanism,P,word2vec_recipe_20_HOM_HALF,0.4196039
likeness,P,word2vec_recipe_20_HOM_HALF,0.3678921
magical,P,word2vec_recipe_20_HOM_HALF,0.3020349
strip,H,word2vec_recipe_20_HOM_HALF,0.34912753
squeeze,P,word2vec_recipe_20_HOM_HALF,0.46257386
gap,P,word2vec_recipe_20_HOM_HALF,0.37642598
tiny,M,word2vec_recipe_20_HOM_HALF,0.43602562
hockey,P,word2vec_recipe_20_HOM_HALF,0.31534046
label,P,word2vec_recipe_20_HOM_HALF,0.4575804
deserve,P,word2vec_recipe_20_HOM_HALF,0.17405514
prior,H,word2vec_recipe_20_HOM_HALF,0.47815335
salesman,M,word2vec_recipe_20_HOM_HALF,0.26490992
uncover,P,word2vec_recipe_20_HOM_HALF,0.45318696
flood,P,word2vec_recipe_20_HOM_HALF,0.33528274
design,P,word2vec_recipe_20_HOM_HALF,0.31528726
pottery,P,word2vec_recipe_20_HOM_HALF,0.3715967
lace,P,word2vec_recipe_20_HOM_HALF,0.39356834
bathtub,M,word2vec_recipe_20_HOM_HALF,0.38246685
plot,H,word2vec_recipe_20_HOM_HALF,0.18237929
benefit,P,word2vec_recipe_20_HOM_HALF,0.30376744
curtain,P,word2vec_recipe_20_HOM_HALF,0.26594993
chair,P,word2vec_recipe_20_HOM_HALF,0.2954321
skillet,M,word2vec_recipe_20_HOM_HALF,0.40079686
barber,P,word2vec_recipe_20_HOM_HALF,0.26687637
glory,P,word2vec_recipe_20_HOM_HALF,0.358445
proprietor,P,word2vec_recipe_20_HOM_HALF,0.11176062
input,P,word2vec_recipe_20_HOM_HALF,0.19754064
pure,P,word2vec_recipe_20_HOM_HALF,0.3792177
imitation,P,word2vec_recipe_20_HOM_HALF,0.44733664
adjacent,M,word2vec_recipe_20_HOM_HALF,0.3405446
mutant,M,word2vec_recipe_20_HOM_HALF,0.19478893
cable,P,word2vec_recipe_20_HOM_HALF,0.2464635
virtual,M,word2vec_recipe_20_HOM_HALF,0.12983578
basement,M,word2vec_recipe_20_HOM_HALF,0.25444672
keeper,P,word2vec_recipe_20_HOM_HALF,0.39437896
timely,P,word2vec_recipe_20_HOM_HALF,0.17893925
correct,P,word2vec_recipe_20_HOM_HALF,0.36805412
failure,P,word2vec_recipe_20_HOM_HALF,0.19398026
dress,P,word2vec_recipe_20_HOM_HALF,0.36211777
thinker,P,word2vec_recipe_20_HOM_HALF,0.17736141
observe,P,word2vec_recipe_20_HOM_HALF,0.29640746
muffin,M,word2vec_recipe_20_HOM_HALF,0.33848345
trunk,P,word2vec_recipe_20_HOM_HALF,0.30679113
sixth,P,word2vec_recipe_20_HOM_HALF,0.43743485
creamy,P,word2vec_recipe_20_HOM_HALF,0.43517497
glue,P,word2vec_recipe_20_HOM_HALF,0.30926323
itchy,P,word2vec_recipe_20_HOM_HALF,0.15805854
trick,P,word2vec_recipe_20_HOM_HALF,0.26753813
tummy,M,word2vec_recipe_20_HOM_HALF,0.27791175
hug,P,word2vec_recipe_20_HOM_HALF,0.32200703
midget,P,word2vec_recipe_20_HOM_HALF,0.40078804
guarantee,P,word2vec_recipe_20_HOM_HALF,0.20476502
legal,P,word2vec_recipe_20_HOM_HALF,0.22315012
honeymoon,P,word2vec_recipe_20_HOM_HALF,0.14946543
technique,P,word2vec_recipe_20_HOM_HALF,0.31007627
wander,P,word2vec_recipe_20_HOM_HALF,0.17005996
fragment,P,word2vec_recipe_20_HOM_HALF,0.22374822
pasta,P,word2vec_recipe_20_HOM_HALF,0.27130893
rugged,P,word2vec_recipe_20_HOM_HALF,0.25450274
rim,P,word2vec_recipe_20_HOM_HALF,0.44085884
lowly,P,word2vec_recipe_20_HOM_HALF,0.21696426
livery,P,word2vec_recipe_20_HOM_HALF,0.23146738
salami,M,word2vec_recipe_20_HOM_HALF,0.32626802
occur,P,word2vec_recipe_20_HOM_HALF,0.33111754
aquarium,P,word2vec_recipe_20_HOM_HALF,0.2968163
snap,P,word2vec_recipe_20_HOM_HALF,0.4711177
bony,P,word2vec_recipe_20_HOM_HALF,0.2858863
spiral,P,word2vec_recipe_20_HOM_HALF,0.35387525
nanny,M,word2vec_recipe_20_HOM_HALF,0.1928287
holder,P,word2vec_recipe_20_HOM_HALF,0.4514362
guidance,P,word2vec_recipe_20_HOM_HALF,0.32567078
severe,P,word2vec_recipe_20_HOM_HALF,0.28859398
burn,P,word2vec_recipe_20_HOM_HALF,0.36511913
season,P,word2vec_recipe_20_HOM_HALF,0.29683065
jingle,P,word2vec_recipe_20_HOM_HALF,0.2479833
flap,P,word2vec_recipe_20_HOM_HALF,0.31995368
clever,P,word2vec_recipe_20_HOM_HALF,0.23079304
complexion,P,word2vec_recipe_20_HOM_HALF,0.20755884
travel,P,word2vec_recipe_20_HOM_HALF,0.32507586
silver,P,word2vec_recipe_20_HOM_HALF,0.5041749
brilliant,P,word2vec_recipe_20_HOM_HALF,0.29954293
passenger,P,word2vec_recipe_20_HOM_HALF,0.18277508
ignition,P,word2vec_recipe_20_HOM_HALF,0.17868239
apartment,M,word2vec_recipe_20_HOM_HALF,0.15489659
prospect,P,word2vec_recipe_20_HOM_HALF,0.14480367
geisha,M,word2vec_recipe_20_HOM_HALF,0.16410112
basketball,P,word2vec_recipe_20_HOM_HALF,0.24358854
silence,P,word2vec_recipe_20_HOM_HALF,0.15324873
bother,P,word2vec_recipe_20_HOM_HALF,0.35220477
goldfish,M,word2vec_recipe_20_HOM_HALF,0.3663588
timetable,M,word2vec_recipe_20_HOM_HALF,0.23028243
trip,P,word2vec_recipe_20_HOM_HALF,0.261333
likely,P,word2vec_recipe_20_HOM_HALF,0.30741212
celestial,P,word2vec_recipe_20_HOM_HALF,0.27502236
intuition,P,word2vec_recipe_20_HOM_HALF,0.1379554
wand,P,word2vec_recipe_20_HOM_HALF,0.37394893
housewife,M,word2vec_recipe_20_HOM_HALF,0.15269011
beep,P,word2vec_recipe_20_HOM_HALF,0.43707612
rinse,P,word2vec_recipe_20_HOM_HALF,0.42277667
outward,P,word2vec_recipe_20_HOM_HALF,0.36238557
radiator,P,word2vec_recipe_20_HOM_HALF,0.22672053
hill,P,word2vec_recipe_20_HOM_HALF,0.29025415
kettle,P,word2vec_recipe_20_HOM_HALF,0.40968284
hula,M,word2vec_recipe_20_HOM_HALF,0.24362576
pouch,P,word2vec_recipe_20_HOM_HALF,0.45410758
admire,P,word2vec_recipe_20_HOM_HALF,0.28192198
joyous,M,word2vec_recipe_20_HOM_HALF,0.15233788
helpful,M,word2vec_recipe_20_HOM_HALF,0.34533012
bronze,P,word2vec_recipe_20_HOM_HALF,0.34005994
recite,P,word2vec_recipe_20_HOM_HALF,0.15367776
elastic,P,word2vec_recipe_20_HOM_HALF,0.43750903
dreary,P,word2vec_recipe_20_HOM_HALF,0.20981748
garage,P,word2vec_recipe_20_HOM_HALF,0.29433912
chamber,P,word2vec_recipe_20_HOM_HALF,0.43330872
electronic,P,word2vec_recipe_20_HOM_HALF,0.35451916
trace,H,word2vec_recipe_20_HOM_HALF,0.4267834
doorbell,M,word2vec_recipe_20_HOM_HALF,0.29679415
scale,H,word2vec_recipe_20_HOM_HALF,0.44482943
solution,P,word2vec_recipe_20_HOM_HALF,0.39806804
public,P,word2vec_recipe_20_HOM_HALF,0.13603555
column,P,word2vec_recipe_20_HOM_HALF,0.304909
battery,P,word2vec_recipe_20_HOM_HALF,0.30900958
laboratory,P,word2vec_recipe_20_HOM_HALF,0.12236065
crop,P,word2vec_recipe_20_HOM_HALF,0.30930108
devotion,P,word2vec_recipe_20_HOM_HALF,0.48917726
regional,P,word2vec_recipe_20_HOM_HALF,0.22586909
parcel,P,word2vec_recipe_20_HOM_HALF,0.3795159
seal,H,word2vec_recipe_20_HOM_HALF,0.40395692
insulin,P,word2vec_recipe_20_HOM_HALF,0.13480991
split,P,word2vec_recipe_20_HOM_HALF,0.5147892
overload,P,word2vec_recipe_20_HOM_HALF,0.40380833
eyebrow,P,word2vec_recipe_20_HOM_HALF,0.16878402
magic,P,word2vec_recipe_20_HOM_HALF,0.3941694
keyhole,M,word2vec_recipe_20_HOM_HALF,0.18727407
dispose,P,word2vec_recipe_20_HOM_HALF,0.39866388
jelly,P,word2vec_recipe_20_HOM_HALF,0.49750623
legend,P,word2vec_recipe_20_HOM_HALF,0.2098428
sideways,P,word2vec_recipe_20_HOM_HALF,0.35422423
werewolf,M,word2vec_recipe_20_HOM_HALF,0.20905228
clash,P,word2vec_recipe_20_HOM_HALF,0.15603279
boiler,P,word2vec_recipe_20_HOM_HALF,0.46310577
slime,P,word2vec_recipe_20_HOM_HALF,0.3995493
recognize,P,word2vec_recipe_20_HOM_HALF,0.23516418
nude,P,word2vec_recipe_20_HOM_HALF,0.24044788
insulation,P,word2vec_recipe_20_HOM_HALF,0.31373814
overlook,P,word2vec_recipe_20_HOM_HALF,0.09551507
straw,P,word2vec_recipe_20_HOM_HALF,0.44910282
culture,P,word2vec_recipe_20_HOM_HALF,0.37263316
search,P,word2vec_recipe_20_HOM_HALF,0.2419988
consider,P,word2vec_recipe_20_HOM_HALF,0.33821812
cosmetic,P,word2vec_recipe_20_HOM_HALF,0.11947079
poetic,P,word2vec_recipe_20_HOM_HALF,0.11867168
furious,P,word2vec_recipe_20_HOM_HALF,0.29681087
amuse,P,word2vec_recipe_20_HOM_HALF,0.23167332
stimulate,P,word2vec_recipe_20_HOM_HALF,0.16210346
battleship,M,word2vec_recipe_20_HOM_HALF,0.20910569
odor,P,word2vec_recipe_20_HOM_HALF,0.32312703
visual,P,word2vec_recipe_20_HOM_HALF,0.2912805
beak,P,word2vec_recipe_20_HOM_HALF,0.28055263
infamous,P,word2vec_recipe_20_HOM_HALF,0.1706069
bleach,P,word2vec_recipe_20_HOM_HALF,0.2799234
kerosene,M,word2vec_recipe_20_HOM_HALF,0.5334923
spark,P,word2vec_recipe_20_HOM_HALF,0.22304596
consensus,P,word2vec_recipe_20_HOM_HALF,0.0979129
apart,P,word2vec_recipe_20_HOM_HALF,0.44594184
diet,H,word2vec_recipe_20_HOM_HALF,0.37350696
scoot,P,word2vec_recipe_20_HOM_HALF,0.39411682
bouncy,P,word2vec_recipe_20_HOM_HALF,0.32178658
invest,P,word2vec_recipe_20_HOM_HALF,0.22230585
tease,P,word2vec_recipe_20_HOM_HALF,0.3106093
lean,H,word2vec_recipe_20_HOM_HALF,0.44465065
stab,P,word2vec_recipe_20_HOM_HALF,0.40564445
spooky,M,word2vec_recipe_20_HOM_HALF,0.27535415
unborn,P,word2vec_recipe_20_HOM_HALF,0.19313379
review,P,word2vec_recipe_20_HOM_HALF,0.29552287
lantern,P,word2vec_recipe_20_HOM_HALF,0.29018947
cuff,H,word2vec_recipe_20_HOM_HALF,0.24963108
rural,P,word2vec_recipe_20_HOM_HALF,0.1433805
weave,P,word2vec_recipe_20_HOM_HALF,0.37841603
soda,P,word2vec_recipe_20_HOM_HALF,0.37038282
heavy,P,word2vec_recipe_20_HOM_HALF,0.44133228
port,H,word2vec_recipe_20_HOM_HALF,0.3405741
shack,M,word2vec_recipe_20_HOM_HALF,0.29289517
final,P,word2vec_recipe_20_HOM_HALF,0.43198308
compass,P,word2vec_recipe_20_HOM_HALF,0.22975044
downward,P,word2vec_recipe_20_HOM_HALF,0.33003563
hull,H,word2vec_recipe_20_HOM_HALF,0.4157585
patch,P,word2vec_recipe_20_HOM_HALF,0.4738887
depart,P,word2vec_recipe_20_HOM_HALF,0.17868955
peaceful,P,word2vec_recipe_20_HOM_HALF,0.15222669
stud,H,word2vec_recipe_20_HOM_HALF,0.48084474
warmth,P,word2vec_recipe_20_HOM_HALF,0.41209793
grad,M,word2vec_recipe_20_HOM_HALF,0.2251303
circuit,P,word2vec_recipe_20_HOM_HALF,0.13548176
colonial,P,word2vec_recipe_20_HOM_HALF,0.24449548
customer,P,word2vec_recipe_20_HOM_HALF,0.10671887
store,P,word2vec_recipe_20_HOM_HALF,0.4422813
socket,P,word2vec_recipe_20_HOM_HALF,0.34710622
song,P,word2vec_recipe_20_HOM_HALF,0.23244272
glow,P,word2vec_recipe_20_HOM_HALF,0.4591008
descend,P,word2vec_recipe_20_HOM_HALF,0.15042454
rocket,H,word2vec_recipe_20_HOM_HALF,0.35168016
spray,H,word2vec_recipe_20_HOM_HALF,0.3359493
dawn,P,word2vec_recipe_20_HOM_HALF,0.26089025
entry,P,word2vec_recipe_20_HOM_HALF,0.25789633
snuggle,P,word2vec_recipe_20_HOM_HALF,0.35294694
removal,P,word2vec_recipe_20_HOM_HALF,0.4559106
fierce,P,word2vec_recipe_20_HOM_HALF,0.34959397
mushroom,P,word2vec_recipe_20_HOM_HALF,0.38814518
lug,H,word2vec_recipe_20_HOM_HALF,0.3721708
debris,P,word2vec_recipe_20_HOM_HALF,0.34677258
commercial,P,word2vec_recipe_20_HOM_HALF,0.34012115
scary,M,word2vec_recipe_20_HOM_HALF,0.27372336
boardwalk,M,word2vec_recipe_20_HOM_HALF,0.18854229
skin,P,word2vec_recipe_20_HOM_HALF,0.39717063
unfinished,P,word2vec_recipe_20_HOM_HALF,0.22526017
medication,P,word2vec_recipe_20_HOM_HALF,0.13187428
stepped,P,word2vec_recipe_20_HOM_HALF,0.13598466
affair,P,word2vec_recipe_20_HOM_HALF,0.2064984
sticky,P,word2vec_recipe_20_HOM_HALF,0.39042374
wipe,P,word2vec_recipe_20_HOM_HALF,0.46859956
barbarian,P,word2vec_recipe_20_HOM_HALF,0.17844625
beauty,P,word2vec_recipe_20_HOM_HALF,0.28488666
crybaby,M,word2vec_recipe_20_HOM_HALF,0.11529535
variation,P,word2vec_recipe_20_HOM_HALF,0.37620628
freezer,M,word2vec_recipe_20_HOM_HALF,0.38880497
abroad,P,word2vec_recipe_20_HOM_HALF,0.16358179
pork,P,word2vec_recipe_20_HOM_HALF,0.34055814
dioxide,M,word2vec_recipe_20_HOM_HALF,0.25570858
glide,P,word2vec_recipe_20_HOM_HALF,0.2818688
extend,P,word2vec_recipe_20_HOM_HALF,0.42976472
energy,P,word2vec_recipe_20_HOM_HALF,0.40436882
sport,P,word2vec_recipe_20_HOM_HALF,0.33998263
cheer,P,word2vec_recipe_20_HOM_HALF,0.2665297
confirm,P,word2vec_recipe_20_HOM_HALF,0.2759412
desire,P,word2vec_recipe_20_HOM_HALF,0.35453618
conceal,P,word2vec_recipe_20_HOM_HALF,0.20921947
shadow,P,word2vec_recipe_20_HOM_HALF,0.30781117
jump,P,word2vec_recipe_20_HOM_HALF,0.3636041
standby,P,word2vec_recipe_20_HOM_HALF,0.29058287
carcass,P,word2vec_recipe_20_HOM_HALF,0.37055215
loud,P,word2vec_recipe_20_HOM_HALF,0.2397307
napkin,P,word2vec_recipe_20_HOM_HALF,0.37135074
fridge,M,word2vec_recipe_20_HOM_HALF,0.39332607
ambush,P,word2vec_recipe_20_HOM_HALF,0.18304294
sublime,P,word2vec_recipe_20_HOM_HALF,0.27037156
kindness,P,word2vec_recipe_20_HOM_HALF,0.41416574
ginger,P,word2vec_recipe_20_HOM_HALF,0.36985236
curious,P,word2vec_recipe_20_HOM_HALF,0.15695383
boyfriend,P,word2vec_recipe_20_HOM_HALF,0.18736118
install,P,word2vec_recipe_20_HOM_HALF,0.34324512
saline,P,word2vec_recipe_20_HOM_HALF,0.29740417
jolly,P,word2vec_recipe_20_HOM_HALF,0.29897243
stick,H,word2vec_recipe_20_HOM_HALF,0.51897985
ledge,P,word2vec_recipe_20_HOM_HALF,0.24419732
explorer,P,word2vec_recipe_20_HOM_HALF,0.15203911
disrupt,P,word2vec_recipe_20_HOM_HALF,0.26821917
spoon,P,word2vec_recipe_20_HOM_HALF,0.48488346
useful,M,word2vec_recipe_20_HOM_HALF,0.31549388
recipe,P,word2vec_recipe_20_HOM_HALF,0.32978877
gratitude,M,word2vec_recipe_20_HOM_HALF,0.20441857
culinary,M,word2vec_recipe_20_HOM_HALF,0.31522065
pursuit,P,word2vec_recipe_20_HOM_HALF,0.11699959
culprit,M,word2vec_recipe_20_HOM_HALF,0.16029158
legendary,M,word2vec_recipe_20_HOM_HALF,0.16991678
litter,P,word2vec_recipe_20_HOM_HALF,0.31569418
jam,H,word2vec_recipe_20_HOM_HALF,0.39301464
endurance,P,word2vec_recipe_20_HOM_HALF,0.16605105
canine,P,word2vec_recipe_20_HOM_HALF,0.19366737
bartender,M,word2vec_recipe_20_HOM_HALF,0.14116535
prestige,P,word2vec_recipe_20_HOM_HALF,0.142564
feedback,P,word2vec_recipe_20_HOM_HALF,0.15539837
backyard,M,word2vec_recipe_20_HOM_HALF,0.2790549
luncheon,M,word2vec_recipe_20_HOM_HALF,0.41993165
cologne,M,word2vec_recipe_20_HOM_HALF,0.19230747
tool,P,word2vec_recipe_20_HOM_HALF,0.3730349
conjure,P,word2vec_recipe_20_HOM_HALF,0.12033053
dependable,M,word2vec_recipe_20_HOM_HALF,0.3511701
stink,P,word2vec_recipe_20_HOM_HALF,0.19563477
goddess,P,word2vec_recipe_20_HOM_HALF,0.34311455
gender,P,word2vec_recipe_20_HOM_HALF,0.22942488
spare,P,word2vec_recipe_20_HOM_HALF,0.38922608
impatient,P,word2vec_recipe_20_HOM_HALF,0.27016604
cock,H,word2vec_recipe_20_HOM_HALF,0.30819616
vital,P,word2vec_recipe_20_HOM_HALF,0.36576268
toothbrush,M,word2vec_recipe_20_HOM_HALF,0.28534877
booster,P,word2vec_recipe_20_HOM_HALF,0.32045114
dull,P,word2vec_recipe_20_HOM_HALF,0.46172452
pod,H,word2vec_recipe_20_HOM_HALF,0.46449876
thrill,P,word2vec_recipe_20_HOM_HALF,0.16687264
patriotic,M,word2vec_recipe_20_HOM_HALF,0.27054504
asbestos,P,word2vec_recipe_20_HOM_HALF,0.2973847
charge,P,word2vec_recipe_20_HOM_HALF,0.3559098
lullaby,P,word2vec_recipe_20_HOM_HALF,0.13095997
gruesome,M,word2vec_recipe_20_HOM_HALF,0.13965462
puke,P,word2vec_recipe_20_HOM_HALF,0.10717334
razor,P,word2vec_recipe_20_HOM_HALF,0.4568916
wall,P,word2vec_recipe_20_HOM_HALF,0.36026886
rowboat,M,word2vec_recipe_20_HOM_HALF,0.21356474
apparatus,P,word2vec_recipe_20_HOM_HALF,0.30637044
guitar,P,word2vec_recipe_20_HOM_HALF,0.21290402
wealth,P,word2vec_recipe_20_HOM_HALF,0.16823633
chip,H,word2vec_recipe_20_HOM_HALF,0.30481774
cocoa,P,word2vec_recipe_20_HOM_HALF,0.3595327
vote,P,word2vec_recipe_20_HOM_HALF,0.12201041
abandon,P,word2vec_recipe_20_HOM_HALF,0.18342766
overnight,P,word2vec_recipe_20_HOM_HALF,0.41589913
urban,P,word2vec_recipe_20_HOM_HALF,0.1617601
sorrow,P,word2vec_recipe_20_HOM_HALF,0.41318005
enlist,P,word2vec_recipe_20_HOM_HALF,0.1377891
stress,P,word2vec_recipe_20_HOM_HALF,0.26896426
runny,P,word2vec_recipe_20_HOM_HALF,0.34031212
pine,H,word2vec_recipe_20_HOM_HALF,0.38387194
covert,P,word2vec_recipe_20_HOM_HALF,0.23510465
knockout,P,word2vec_recipe_20_HOM_HALF,0.22245716
sunset,P,word2vec_recipe_20_HOM_HALF,0.32608873
salty,P,word2vec_recipe_20_HOM_HALF,0.36490768
renowned,M,word2vec_recipe_20_HOM_HALF,0.13258728
hazard,P,word2vec_recipe_20_HOM_HALF,0.18332398
vertical,P,word2vec_recipe_20_HOM_HALF,0.29863894
glimpse,P,word2vec_recipe_20_HOM_HALF,0.12772933
membrane,P,word2vec_recipe_20_HOM_HALF,0.37540472
structural,P,word2vec_recipe_20_HOM_HALF,0.2020819
foam,P,word2vec_recipe_20_HOM_HALF,0.433798
sensor,M,word2vec_recipe_20_HOM_HALF,0.17880826
temporary,P,word2vec_recipe_20_HOM_HALF,0.19067909
preacher,M,word2vec_recipe_20_HOM_HALF,0.20461151
blush,P,word2vec_recipe_20_HOM_HALF,0.36508188
mend,P,word2vec_recipe_20_HOM_HALF,0.23917273
kick,P,word2vec_recipe_20_HOM_HALF,0.3641077
tough,P,word2vec_recipe_20_HOM_HALF,0.4142297
local,P,word2vec_recipe_20_HOM_HALF,0.30632842
spy,P,word2vec_recipe_20_HOM_HALF,0.24853164
moist,P,word2vec_recipe_20_HOM_HALF,0.46256205
coat,P,word2vec_recipe_20_HOM_HALF,0.4742161
penicillin,M,word2vec_recipe_20_HOM_HALF,0.20656571
broom,P,word2vec_recipe_20_HOM_HALF,0.29697937
scar,P,word2vec_recipe_20_HOM_HALF,0.21762298
surgical,P,word2vec_recipe_20_HOM_HALF,0.24954209
alcoholic,P,word2vec_recipe_20_HOM_HALF,0.28932247
britches,M,word2vec_recipe_20_HOM_HALF,0.23295708
execution,P,word2vec_recipe_20_HOM_HALF,0.1087656
pound,H,word2vec_recipe_20_HOM_HALF,0.5215598
tobacco,P,word2vec_recipe_20_HOM_HALF,0.3603622
unicorn,M,word2vec_recipe_20_HOM_HALF,0.21626386
tidy,P,word2vec_recipe_20_HOM_HALF,0.30013135
metallic,P,word2vec_recipe_20_HOM_HALF,0.46108726
appeal,P,word2vec_recipe_20_HOM_HALF,0.29866335
assurance,P,word2vec_recipe_20_HOM_HALF,0.3373462
declare,P,word2vec_recipe_20_HOM_HALF,0.10405107
wild,P,word2vec_recipe_20_HOM_HALF,0.3887109
detect,P,word2vec_recipe_20_HOM_HALF,0.23723097
popcorn,P,word2vec_recipe_20_HOM_HALF,0.45067656
chicken,P,word2vec_recipe_20_HOM_HALF,0.3799753
cloud,P,word2vec_recipe_20_HOM_HALF,0.41033122
saucer,M,word2vec_recipe_20_HOM_HALF,0.47828948
notch,P,word2vec_recipe_20_HOM_HALF,0.43169707
nipple,P,word2vec_recipe_20_HOM_HALF,0.21003875
reborn,P,word2vec_recipe_20_HOM_HALF,0.18654497
immigrant,P,word2vec_recipe_20_HOM_HALF,0.15273303
madness,P,word2vec_recipe_20_HOM_HALF,0.25561133
plate,P,word2vec_recipe_20_HOM_HALF,0.465548
silly,P,word2vec_recipe_20_HOM_HALF,0.25885326
tumble,P,word2vec_recipe_20_HOM_HALF,0.4811393
raisin,M,word2vec_recipe_20_HOM_HALF,0.3410721
customary,P,word2vec_recipe_20_HOM_HALF,0.24272592
trumpet,P,word2vec_recipe_20_HOM_HALF,0.33393228
squirrel,P,word2vec_recipe_20_HOM_HALF,0.3925646
suspend,P,word2vec_recipe_20_HOM_HALF,0.4042029
exchange,P,word2vec_recipe_20_HOM_HALF,0.38412952
flavor,P,word2vec_recipe_20_HOM_HALF,0.2904047
glass,P,word2vec_recipe_20_HOM_HALF,0.36000577
bunch,P,word2vec_recipe_20_HOM_HALF,0.39919403
inspect,P,word2vec_recipe_20_HOM_HALF,0.4458092
bum,P,word2vec_recipe_20_HOM_HALF,0.30676767
large,P,word2vec_recipe_20_HOM_HALF,0.41989616
variety,P,word2vec_recipe_20_HOM_HALF,0.33944005
meantime,P,word2vec_recipe_20_HOM_HALF,0.5160274
princess,P,word2vec_recipe_20_HOM_HALF,0.26819873
suitable,M,word2vec_recipe_20_HOM_HALF,0.4725862
default,P,word2vec_recipe_20_HOM_HALF,0.20399244
shield,P,word2vec_recipe_20_HOM_HALF,0.4497517
propose,P,word2vec_recipe_20_HOM_HALF,0.118194096
rod,P,word2vec_recipe_20_HOM_HALF,0.3818745
gutter,P,word2vec_recipe_20_HOM_HALF,0.20461245
grapefruit,P,word2vec_recipe_20_HOM_HALF,0.31770742
chaos,P,word2vec_recipe_20_HOM_HALF,0.15509664
bus,H,word2vec_recipe_20_HOM_HALF,0.23038131
scooter,P,word2vec_recipe_20_HOM_HALF,0.2253839
rink,P,word2vec_recipe_20_HOM_HALF,0.2008754
round,P,word2vec_recipe_20_HOM_HALF,0.33388084
hamper,H,word2vec_recipe_20_HOM_HALF,0.18342827
pressure,P,word2vec_recipe_20_HOM_HALF,0.4239052
wacky,M,word2vec_recipe_20_HOM_HALF,0.2772313
allow,P,word2vec_recipe_20_HOM_HALF,0.4807179
withhold,P,word2vec_recipe_20_HOM_HALF,0.26085946
colony,P,word2vec_recipe_20_HOM_HALF,0.1310252
squeak,P,word2vec_recipe_20_HOM_HALF,0.44569093
halfway,P,word2vec_recipe_20_HOM_HALF,0.5131328
forward,P,word2vec_recipe_20_HOM_HALF,0.37586743
assess,P,word2vec_recipe_20_HOM_HALF,0.27870047
metal,P,word2vec_recipe_20_HOM_HALF,0.46052128
drummer,P,word2vec_recipe_20_HOM_HALF,0.17743173
strategy,P,word2vec_recipe_20_HOM_HALF,0.12129071
hippie,M,word2vec_recipe_20_HOM_HALF,0.18591724
farewell,P,word2vec_recipe_20_HOM_HALF,0.13096245
fly,H,word2vec_recipe_20_HOM_HALF,0.40973693
scroll,P,word2vec_recipe_20_HOM_HALF,0.24866304
bowl,H,word2vec_recipe_20_HOM_HALF,0.50153345
lounge,P,word2vec_recipe_20_HOM_HALF,0.18879148
meatball,P,word2vec_recipe_20_HOM_HALF,0.43157887
emperor,M,word2vec_recipe_20_HOM_HALF,0.20302148
sketch,P,word2vec_recipe_20_HOM_HALF,0.20608373
network,P,word2vec_recipe_20_HOM_HALF,0.44743648
throttle,P,word2vec_recipe_20_HOM_HALF,0.2231809
pregnancy,M,word2vec_recipe_20_HOM_HALF,0.18207544
breed,P,word2vec_recipe_20_HOM_HALF,0.19294891
flexible,P,word2vec_recipe_20_HOM_HALF,0.4342402
pillar,P,word2vec_recipe_20_HOM_HALF,0.24295458
continuous,M,word2vec_recipe_20_HOM_HALF,0.44537315
barn,M,word2vec_recipe_20_HOM_HALF,0.2858453
dinnertime,M,word2vec_recipe_20_HOM_HALF,0.37049857
latch,P,word2vec_recipe_20_HOM_HALF,0.34457627
bride,H,word2vec_recipe_20_HOM_HALF,0.24831551
announce,P,word2vec_recipe_20_HOM_HALF,0.16205998
appear,P,word2vec_recipe_20_HOM_HALF,0.47074378
complete,P,word2vec_recipe_20_HOM_HALF,0.40900615
delightful,M,word2vec_recipe_20_HOM_HALF,0.27099705
coronary,P,word2vec_recipe_20_HOM_HALF,0.15616998
epiphany,P,word2vec_recipe_20_HOM_HALF,0.15521362
accordion,P,word2vec_recipe_20_HOM_HALF,0.35488787
plaque,P,word2vec_recipe_20_HOM_HALF,0.26657653
replica,P,word2vec_recipe_20_HOM_HALF,0.15010837
cowboy,P,word2vec_recipe_20_HOM_HALF,0.31423414
crust,P,word2vec_recipe_20_HOM_HALF,0.3900051
tequila,M,word2vec_recipe_20_HOM_HALF,0.27465123
bag,P,word2vec_recipe_20_HOM_HALF,0.2921131
scarce,P,word2vec_recipe_20_HOM_HALF,0.1826834
brewery,M,word2vec_recipe_20_HOM_HALF,0.2045693
ornament,P,word2vec_recipe_20_HOM_HALF,0.3166145
fancy,P,word2vec_recipe_20_HOM_HALF,0.3308582
likelihood,P,word2vec_recipe_20_HOM_HALF,0.22212128
bind,P,word2vec_recipe_20_HOM_HALF,0.49981079
dorm,M,word2vec_recipe_20_HOM_HALF,0.2243967
cranky,P,word2vec_recipe_20_HOM_HALF,0.12475653
diploma,M,word2vec_recipe_20_HOM_HALF,0.22684583
rhythmic,M,word2vec_recipe_20_HOM_HALF,0.24636915
forecast,P,word2vec_recipe_20_HOM_HALF,0.1771909
mambo,P,word2vec_recipe_20_HOM_HALF,0.13142635
complicate,P,word2vec_recipe_20_HOM_HALF,0.11458582
stroll,P,word2vec_recipe_20_HOM_HALF,0.11635307
comet,M,word2vec_recipe_20_HOM_HALF,0.23757142
mocha,P,word2vec_recipe_20_HOM_HALF,0.28629598
situation,P,word2vec_recipe_20_HOM_HALF,0.22212517
missionary,P,word2vec_recipe_20_HOM_HALF,0.166558
glucose,P,word2vec_recipe_20_HOM_HALF,0.4208446
paste,H,word2vec_recipe_20_HOM_HALF,0.3777022
drawer,P,word2vec_recipe_20_HOM_HALF,0.35860577
skill,P,word2vec_recipe_20_HOM_HALF,0.34836787
dominate,P,word2vec_recipe_20_HOM_HALF,0.20086393
join,P,word2vec_recipe_20_HOM_HALF,0.34361783
tout,P,word2vec_recipe_20_HOM_HALF,0.30129382
sequence,P,word2vec_recipe_20_HOM_HALF,0.4168288
deliver,P,word2vec_recipe_20_HOM_HALF,0.24070813
succeed,P,word2vec_recipe_20_HOM_HALF,0.1141527
snip,P,word2vec_recipe_20_HOM_HALF,0.4380116
vegetable,P,word2vec_recipe_20_HOM_HALF,0.4161335
worthy,P,word2vec_recipe_20_HOM_HALF,0.19751583
pillow,P,word2vec_recipe_20_HOM_HALF,0.3474994
lap,H,word2vec_recipe_20_HOM_HALF,0.40547454
corn,H,word2vec_recipe_20_HOM_HALF,0.40788805
farmer,M,word2vec_recipe_20_HOM_HALF,0.37616497
sleeve,P,word2vec_recipe_20_HOM_HALF,0.47087428
wad,P,word2vec_recipe_20_HOM_HALF,0.42337868
addiction,M,word2vec_recipe_20_HOM_HALF,0.26226038
cosmic,P,word2vec_recipe_20_HOM_HALF,0.14765751
chunky,P,word2vec_recipe_20_HOM_HALF,0.41878903
funky,H,word2vec_recipe_20_HOM_HALF,0.32981595
pet,H,word2vec_recipe_20_HOM_HALF,0.41905865
confuse,P,word2vec_recipe_20_HOM_HALF,0.258583
persuasion,P,word2vec_recipe_20_HOM_HALF,0.15098584
innocent,P,word2vec_recipe_20_HOM_HALF,0.1650761
tragic,P,word2vec_recipe_20_HOM_HALF,0.11428125
register,P,word2vec_recipe_20_HOM_HALF,0.3144628
slump,P,word2vec_recipe_20_HOM_HALF,0.43990716
scarf,H,word2vec_recipe_20_HOM_HALF,0.2650101
marmalade,M,word2vec_recipe_20_HOM_HALF,0.39145252
consume,P,word2vec_recipe_20_HOM_HALF,0.35251158
rice,P,word2vec_recipe_20_HOM_HALF,0.3735922
pitcher,H,word2vec_recipe_20_HOM_HALF,0.30269834
sterile,P,word2vec_recipe_20_HOM_HALF,0.36142966
suffer,P,word2vec_recipe_20_HOM_HALF,0.20378739
logic,P,word2vec_recipe_20_HOM_HALF,0.22793162
sling,H,word2vec_recipe_20_HOM_HALF,0.47408175
intensive,P,word2vec_recipe_20_HOM_HALF,0.15596922
diabetic,P,word2vec_recipe_20_HOM_HALF,0.32801127
lobby,P,word2vec_recipe_20_HOM_HALF,0.12343352
furniture,M,word2vec_recipe_20_HOM_HALF,0.25307107
standard,P,word2vec_recipe_20_HOM_HALF,0.38224658
lash,H,word2vec_recipe_20_HOM_HALF,0.2113894
destroy,P,word2vec_recipe_20_HOM_HALF,0.3173803
jug,P,word2vec_recipe_20_HOM_HALF,0.3960453
champion,P,word2vec_recipe_20_HOM_HALF,0.2337254
guide,P,word2vec_recipe_20_HOM_HALF,0.38730562
plank,P,word2vec_recipe_20_HOM_HALF,0.40896782
compatible,P,word2vec_recipe_20_HOM_HALF,0.18324055
plug,P,word2vec_recipe_20_HOM_HALF,0.4238343
volunteer,P,word2vec_recipe_20_HOM_HALF,0.128972
hearty,P,word2vec_recipe_20_HOM_HALF,0.33701885
wool,P,word2vec_recipe_20_HOM_HALF,0.27802336
divine,P,word2vec_recipe_20_HOM_HALF,0.33004212
ideal,P,word2vec_recipe_20_HOM_HALF,0.3585698
mystical,P,word2vec_recipe_20_HOM_HALF,0.17244121
swordfish,M,word2vec_recipe_20_HOM_HALF,0.3155111
fatigue,P,word2vec_recipe_20_HOM_HALF,0.19544834
exception,P,word2vec_recipe_20_HOM_HALF,0.47893807
department,P,word2vec_recipe_20_HOM_HALF,0.28129867
chaser,P,word2vec_recipe_20_HOM_HALF,0.2531659
coherent,P,word2vec_recipe_20_HOM_HALF,0.20069084
corny,P,word2vec_recipe_20_HOM_HALF,0.2679731
formation,P,word2vec_recipe_20_HOM_HALF,0.43755665
planner,P,word2vec_recipe_20_HOM_HALF,0.15279467
marker,P,word2vec_recipe_20_HOM_HALF,0.28966075
prune,H,word2vec_recipe_20_HOM_HALF,0.3986703
patriot,M,word2vec_recipe_20_HOM_HALF,0.12817326
gain,P,word2vec_recipe_20_HOM_HALF,0.4002436
scalp,P,word2vec_recipe_20_HOM_HALF,0.2546433
bottle,P,word2vec_recipe_20_HOM_HALF,0.36906868
mention,P,word2vec_recipe_20_HOM_HALF,0.214311
glee,P,word2vec_recipe_20_HOM_HALF,0.21744968
childhood,M,word2vec_recipe_20_HOM_HALF,0.20225014
shake,P,word2vec_recipe_20_HOM_HALF,0.44243065
limb,H,word2vec_recipe_20_HOM_HALF,0.18179703
qualify,P,word2vec_recipe_20_HOM_HALF,0.11343759
voodoo,P,word2vec_recipe_20_HOM_HALF,0.2433941
monthly,P,word2vec_recipe_20_HOM_HALF,0.13855639
property,P,word2vec_recipe_20_HOM_HALF,0.27723953
sundae,M,word2vec_recipe_20_HOM_HALF,0.35387576
fashion,P,word2vec_recipe_20_HOM_HALF,0.42887822
copper,P,word2vec_recipe_20_HOM_HALF,0.49374858
hammer,P,word2vec_recipe_20_HOM_HALF,0.448016
bumper,P,word2vec_recipe_20_HOM_HALF,0.24879509
unknown,P,word2vec_recipe_20_HOM_HALF,0.23924637
press,H,word2vec_recipe_20_HOM_HALF,0.4451558
smoker,P,word2vec_recipe_20_HOM_HALF,0.3943036
formula,P,word2vec_recipe_20_HOM_HALF,0.34280568
conversion,P,word2vec_recipe_20_HOM_HALF,0.2291339
aviation,M,word2vec_recipe_20_HOM_HALF,0.13651891
chase,H,word2vec_recipe_20_HOM_HALF,0.2718916
user,P,word2vec_recipe_20_HOM_HALF,0.32456353
insect,P,word2vec_recipe_20_HOM_HALF,0.2061162
escape,P,word2vec_recipe_20_HOM_HALF,0.46342772
gag,H,word2vec_recipe_20_HOM_HALF,0.11520846
lifeless,P,word2vec_recipe_20_HOM_HALF,0.11882431
hubby,M,word2vec_recipe_20_HOM_HALF,0.23585156
sunrise,P,word2vec_recipe_20_HOM_HALF,0.32305127
refresh,P,word2vec_recipe_20_HOM_HALF,0.4192333
troll,H,word2vec_recipe_20_HOM_HALF,0.17852864
snowy,P,word2vec_recipe_20_HOM_HALF,0.4591049
breath,P,word2vec_recipe_20_HOM_HALF,0.3430477
straighten,P,word2vec_recipe_20_HOM_HALF,0.31934544
organism,P,word2vec_recipe_20_HOM_HALF,0.15558589
delay,P,word2vec_recipe_20_HOM_HALF,0.40323222
exterior,P,word2vec_recipe_20_HOM_HALF,0.4366613
cockpit,P,word2vec_recipe_20_HOM_HALF,0.21396509
thoughtful,P,word2vec_recipe_20_HOM_HALF,0.1374225
sage,H,word2vec_recipe_20_HOM_HALF,0.36832124
twig,M,word2vec_recipe_20_HOM_HALF,0.371739
shrine,P,word2vec_recipe_20_HOM_HALF,0.1858533
creepy,P,word2vec_recipe_20_HOM_HALF,0.2662728
cinch,P,word2vec_recipe_20_HOM_HALF,0.30434877
garbage,P,word2vec_recipe_20_HOM_HALF,0.37274238
alphabet,P,word2vec_recipe_20_HOM_HALF,0.42243588
cannon,P,word2vec_recipe_20_HOM_HALF,0.26917657
collect,P,word2vec_recipe_20_HOM_HALF,0.41617295
bench,P,word2vec_recipe_20_HOM_HALF,0.3754868
stiff,P,word2vec_recipe_20_HOM_HALF,0.34958673
meadow,P,word2vec_recipe_20_HOM_HALF,0.19177602
dishwasher,P,word2vec_recipe_20_HOM_HALF,0.3614621
cycle,P,word2vec_recipe_20_HOM_HALF,0.3920871
player,P,word2vec_recipe_20_HOM_HALF,0.18961963
bull,H,word2vec_recipe_20_HOM_HALF,0.3016336
brave,P,word2vec_recipe_20_HOM_HALF,0.2806815
nip,H,word2vec_recipe_20_HOM_HALF,0.32095042
format,P,word2vec_recipe_20_HOM_HALF,0.20557763
dish,P,word2vec_recipe_20_HOM_HALF,0.38870093
clerk,P,word2vec_recipe_20_HOM_HALF,0.13702881
tuck,P,word2vec_recipe_20_HOM_HALF,0.3694354
railroad,P,word2vec_recipe_20_HOM_HALF,0.21763863
circus,P,word2vec_recipe_20_HOM_HALF,0.33657646
stool,P,word2vec_recipe_20_HOM_HALF,0.20041813
dung,P,word2vec_recipe_20_HOM_HALF,0.11231634
flake,P,word2vec_recipe_20_HOM_HALF,0.52135205
stretcher,P,word2vec_recipe_20_HOM_HALF,0.24122812
tread,P,word2vec_recipe_20_HOM_HALF,0.37031674
wrestle,P,word2vec_recipe_20_HOM_HALF,0.18819824
certain,P,word2vec_recipe_20_HOM_HALF,0.381029
tendency,P,word2vec_recipe_20_HOM_HALF,0.40904292
beginner,M,word2vec_recipe_20_HOM_HALF,0.22170201
spree,P,word2vec_recipe_20_HOM_HALF,0.22422093
marrow,P,word2vec_recipe_20_HOM_HALF,0.39291972
clam,P,word2vec_recipe_20_HOM_HALF,0.39812145
spread,P,word2vec_recipe_20_HOM_HALF,0.43659565
howl,P,word2vec_recipe_20_HOM_HALF,0.3133341
snail,P,word2vec_recipe_20_HOM_HALF,0.44678402
mouse,P,word2vec_recipe_20_HOM_HALF,0.34141427
unpleasant,M,word2vec_recipe_20_HOM_HALF,0.2731047
score,P,word2vec_recipe_20_HOM_HALF,0.3950878
nature,P,word2vec_recipe_20_HOM_HALF,0.3054658
cupcake,M,word2vec_recipe_20_HOM_HALF,0.34536317
splendor,P,word2vec_recipe_20_HOM_HALF,0.18208021
femme,P,word2vec_recipe_20_HOM_HALF,0.19350289
caffeine,M,word2vec_recipe_20_HOM_HALF,0.20795357
wallpaper,P,word2vec_recipe_20_HOM_HALF,0.32820952
apocalypse,P,word2vec_recipe_20_HOM_HALF,0.164664
trim,P,word2vec_recipe_20_HOM_HALF,0.44007838
lime,H,word2vec_recipe_20_HOM_HALF,0.33873725
chimney,P,word2vec_recipe_20_HOM_HALF,0.41598648
assistance,P,word2vec_recipe_20_HOM_HALF,0.2610871
active,P,word2vec_recipe_20_HOM_HALF,0.45672658
incredible,P,word2vec_recipe_20_HOM_HALF,0.2590429
disengage,P,word2vec_recipe_20_HOM_HALF,0.14795795
cake,P,word2vec_recipe_20_HOM_HALF,0.39090493
lightning,P,word2vec_recipe_20_HOM_HALF,0.29650488
saliva,M,word2vec_recipe_20_HOM_HALF,0.15303534
unite,P,word2vec_recipe_20_HOM_HALF,0.3960791
damp,P,word2vec_recipe_20_HOM_HALF,0.41685754
diplomatic,P,word2vec_recipe_20_HOM_HALF,0.15330555
hopeless,P,word2vec_recipe_20_HOM_HALF,0.12543322
lazy,P,word2vec_recipe_20_HOM_HALF,0.36618736
supervise,M,word2vec_recipe_20_HOM_HALF,0.14125977
mandatory,P,word2vec_recipe_20_HOM_HALF,0.2758145
confusion,P,word2vec_recipe_20_HOM_HALF,0.16110575
hick,M,word2vec_recipe_20_HOM_HALF,0.17067301
cuisine,M,word2vec_recipe_20_HOM_HALF,0.2758616
breathe,P,word2vec_recipe_20_HOM_HALF,0.3324804
overrun,P,word2vec_recipe_20_HOM_HALF,0.15051945
highway,P,word2vec_recipe_20_HOM_HALF,0.23864453
calculator,P,word2vec_recipe_20_HOM_HALF,0.14897026
pry,H,word2vec_recipe_20_HOM_HALF,0.40630338
knack,P,word2vec_recipe_20_HOM_HALF,0.153208
molten,P,word2vec_recipe_20_HOM_HALF,0.38845795
fungus,P,word2vec_recipe_20_HOM_HALF,0.39688984
rebound,P,word2vec_recipe_20_HOM_HALF,0.14667498
explore,P,word2vec_recipe_20_HOM_HALF,0.24150638
spicy,P,word2vec_recipe_20_HOM_HALF,0.2994603
loaf,H,word2vec_recipe_20_HOM_HALF,0.4030067
graveyard,M,word2vec_recipe_20_HOM_HALF,0.2543005
puppy,P,word2vec_recipe_20_HOM_HALF,0.38877407
tempt,P,word2vec_recipe_20_HOM_HALF,0.17199722
hasty,P,word2vec_recipe_20_HOM_HALF,0.22244808
muster,P,word2vec_recipe_20_HOM_HALF,0.18866108
anticipate,P,word2vec_recipe_20_HOM_HALF,0.11238882
bunker,P,word2vec_recipe_20_HOM_HALF,0.15881145
nine,P,word2vec_recipe_20_HOM_HALF,0.47582296
northwest,P,word2vec_recipe_20_HOM_HALF,0.25163668
frame,P,word2vec_recipe_20_HOM_HALF,0.32790282
enzyme,M,word2vec_recipe_20_HOM_HALF,0.25538647
kitten,P,word2vec_recipe_20_HOM_HALF,0.19603571
jab,P,word2vec_recipe_20_HOM_HALF,0.3319897
lust,P,word2vec_recipe_20_HOM_HALF,0.21800724
posh,M,word2vec_recipe_20_HOM_HALF,0.29346088
alert,P,word2vec_recipe_20_HOM_HALF,0.27485815
vinegar,M,word2vec_recipe_20_HOM_HALF,0.33123738
bonnet,P,word2vec_recipe_20_HOM_HALF,0.4092475
duration,P,word2vec_recipe_20_HOM_HALF,0.37337384
conductor,P,word2vec_recipe_20_HOM_HALF,0.19253191
bubble,P,word2vec_recipe_20_HOM_HALF,0.4357522
garlic,P,word2vec_recipe_20_HOM_HALF,0.34433922
crossword,M,word2vec_recipe_20_HOM_HALF,0.17475969
settlement,P,word2vec_recipe_20_HOM_HALF,0.17359501
vet,H,word2vec_recipe_20_HOM_HALF,0.15989715
sacrifice,P,word2vec_recipe_20_HOM_HALF,0.18184727
aware,M,word2vec_recipe_20_HOM_HALF,0.270512
separation,P,word2vec_recipe_20_HOM_HALF,0.34695914
flute,P,word2vec_recipe_20_HOM_HALF,0.44826168
stripper,P,word2vec_recipe_20_HOM_HALF,0.3110151
handbook,M,word2vec_recipe_20_HOM_HALF,0.15344326
trigger,P,word2vec_recipe_20_HOM_HALF,0.22297078
malt,P,word2vec_recipe_20_HOM_HALF,0.44227067
fury,P,word2vec_recipe_20_HOM_HALF,0.22669466
external,P,word2vec_recipe_20_HOM_HALF,0.27675796
endeavor,P,word2vec_recipe_20_HOM_HALF,0.17308263
lava,P,word2vec_recipe_20_HOM_HALF,0.43406653
doodle,P,word2vec_recipe_20_HOM_HALF,0.17933065
mysterious,P,word2vec_recipe_20_HOM_HALF,0.17469618
absurd,P,word2vec_recipe_20_HOM_HALF,0.1942847
static,P,word2vec_recipe_20_HOM_HALF,0.25537464
brush,H,word2vec_recipe_20_HOM_HALF,0.4476165
memorable,P,word2vec_recipe_20_HOM_HALF,0.22121823
shorten,P,word2vec_recipe_20_HOM_HALF,0.42786723
purge,P,word2vec_recipe_20_HOM_HALF,0.37222022
timid,P,word2vec_recipe_20_HOM_HALF,0.15069179
lovely,P,word2vec_recipe_20_HOM_HALF,0.32735816
vodka,M,word2vec_recipe_20_HOM_HALF,0.25747186
lunar,P,word2vec_recipe_20_HOM_HALF,0.20398115
infinite,P,word2vec_recipe_20_HOM_HALF,0.18346071
medallion,P,word2vec_recipe_20_HOM_HALF,0.38940918
upholstery,P,word2vec_recipe_20_HOM_HALF,0.23146766
haystack,M,word2vec_recipe_20_HOM_HALF,0.3810351
coast,P,word2vec_recipe_20_HOM_HALF,0.35916805
sauna,P,word2vec_recipe_20_HOM_HALF,0.19820268
amaze,M,word2vec_recipe_20_HOM_HALF,0.14823851
operation,P,word2vec_recipe_20_HOM_HALF,0.35883877
survival,P,word2vec_recipe_20_HOM_HALF,0.15480874
perimeter,P,word2vec_recipe_20_HOM_HALF,0.37378258
dolphin,P,word2vec_recipe_20_HOM_HALF,0.27618933
feast,P,word2vec_recipe_20_HOM_HALF,0.28445777
brook,H,word2vec_recipe_20_HOM_HALF,0.5052845
poker,H,word2vec_recipe_20_HOM_HALF,0.25297457
teenage,M,word2vec_recipe_20_HOM_HALF,0.18834054
item,P,word2vec_recipe_20_HOM_HALF,0.37347838
rhubarb,M,word2vec_recipe_20_HOM_HALF,0.35583165
hometown,M,word2vec_recipe_20_HOM_HALF,0.12979028
hop,H,word2vec_recipe_20_HOM_HALF,0.3205184
mountain,P,word2vec_recipe_20_HOM_HALF,0.3573716
vague,P,word2vec_recipe_20_HOM_HALF,0.13426575
parent,P,word2vec_recipe_20_HOM_HALF,0.23823978
roof,P,word2vec_recipe_20_HOM_HALF,0.28545642
disperse,P,word2vec_recipe_20_HOM_HALF,0.47481397
cordial,P,word2vec_recipe_20_HOM_HALF,0.2821044
joyful,M,word2vec_recipe_20_HOM_HALF,0.16310471
pot,H,word2vec_recipe_20_HOM_HALF,0.4067839
trench,P,word2vec_recipe_20_HOM_HALF,0.36082017
track,P,word2vec_recipe_20_HOM_HALF,0.3286272
sparkle,P,word2vec_recipe_20_HOM_HALF,0.37114826
sly,P,word2vec_recipe_20_HOM_HALF,0.1202652
deception,P,word2vec_recipe_20_HOM_HALF,0.15396354
fiesta,M,word2vec_recipe_20_HOM_HALF,0.3019348
attraction,P,word2vec_recipe_20_HOM_HALF,0.14037414
rotate,P,word2vec_recipe_20_HOM_HALF,0.4458174
firm,H,word2vec_recipe_20_HOM_HALF,0.44358495
sufficient,M,word2vec_recipe_20_HOM_HALF,0.53097
haste,P,word2vec_recipe_20_HOM_HALF,0.14459127
rotten,P,word2vec_recipe_20_HOM_HALF,0.31618306
yield,P,word2vec_recipe_20_HOM_HALF,0.44774032
ammonia,P,word2vec_recipe_20_HOM_HALF,0.38627812
optimism,P,word2vec_recipe_20_HOM_HALF,0.17281118
scrub,H,word2vec_recipe_20_HOM_HALF,0.42754745
define,P,word2vec_recipe_20_HOM_HALF,0.22713476
include,P,word2vec_recipe_20_HOM_HALF,0.44367313
cocktail,H,word2vec_recipe_20_HOM_HALF,0.28577822
envelope,P,word2vec_recipe_20_HOM_HALF,0.526423
commitment,P,word2vec_recipe_20_HOM_HALF,0.10267514
ban,H,word2vec_recipe_20_HOM_HALF,0.37322968
trough,P,word2vec_recipe_20_HOM_HALF,0.46445328
presume,P,word2vec_recipe_20_HOM_HALF,0.11068528
matrimony,P,word2vec_recipe_20_HOM_HALF,0.13295557
adjustment,P,word2vec_recipe_20_HOM_HALF,0.37705776
leather,P,word2vec_recipe_20_HOM_HALF,0.4839915
desk,P,word2vec_recipe_20_HOM_HALF,0.17350648
actress,M,word2vec_recipe_20_HOM_HALF,0.14975837
disco,P,word2vec_recipe_20_HOM_HALF,0.29494378
dome,P,word2vec_recipe_20_HOM_HALF,0.41476458
exclusive,P,word2vec_recipe_20_HOM_HALF,0.25538266
nursery,P,word2vec_recipe_20_HOM_HALF,0.14888363
squat,P,word2vec_recipe_20_HOM_HALF,0.28309444
comb,P,word2vec_recipe_20_HOM_HALF,0.37075952
trader,P,word2vec_recipe_20_HOM_HALF,0.3333757
elusive,P,word2vec_recipe_20_HOM_HALF,0.15425637
grateful,P,word2vec_recipe_20_HOM_HALF,0.1751787
springtime,P,word2vec_recipe_20_HOM_HALF,0.33267653
lion,P,word2vec_recipe_20_HOM_HALF,0.29032508
pineapple,P,word2vec_recipe_20_HOM_HALF,0.37167728
induce,P,word2vec_recipe_20_HOM_HALF,0.18606167
fan,H,word2vec_recipe_20_HOM_HALF,0.40137637
pellet,P,word2vec_recipe_20_HOM_HALF,0.3149643
river,P,word2vec_recipe_20_HOM_HALF,0.3089639
rogue,P,word2vec_recipe_20_HOM_HALF,0.24042478
beacon,P,word2vec_recipe_20_HOM_HALF,0.33306992
hazardous,P,word2vec_recipe_20_HOM_HALF,0.118497774
cute,P,word2vec_recipe_20_HOM_HALF,0.33690244
definitive,P,word2vec_recipe_20_HOM_HALF,0.16581054
crisis,P,word2vec_recipe_20_HOM_HALF,0.21978384
obsessive,M,word2vec_recipe_20_HOM_HALF,0.15170895
tip,H,word2vec_recipe_20_HOM_HALF,0.3285107
groom,P,word2vec_recipe_20_HOM_HALF,0.23717695
assist,P,word2vec_recipe_20_HOM_HALF,0.41022834
adopt,P,word2vec_recipe_20_HOM_HALF,0.100417644
fellowship,P,word2vec_recipe_20_HOM_HALF,0.17080764
rubber,H,word2vec_recipe_20_HOM_HALF,0.4404655
substitute,P,word2vec_recipe_20_HOM_HALF,0.38416463
freestyle,P,word2vec_recipe_20_HOM_HALF,0.2772982
poison,P,word2vec_recipe_20_HOM_HALF,0.20322539
assembly,P,word2vec_recipe_20_HOM_HALF,0.48676223
pulse,H,word2vec_recipe_20_HOM_HALF,0.3710559
sorority,M,word2vec_recipe_20_HOM_HALF,0.15368806
snake,P,word2vec_recipe_20_HOM_HALF,0.33568084
lad,P,word2vec_recipe_20_HOM_HALF,0.22675298
sober,P,word2vec_recipe_20_HOM_HALF,0.15965585
trot,P,word2vec_recipe_20_HOM_HALF,0.1455056
frontier,P,word2vec_recipe_20_HOM_HALF,0.17648497
soothe,P,word2vec_recipe_20_HOM_HALF,0.17925918
drinker,P,word2vec_recipe_20_HOM_HALF,0.22412531
terrace,P,word2vec_recipe_20_HOM_HALF,0.16423634
host,H,word2vec_recipe_20_HOM_HALF,0.16439642
feed,P,word2vec_recipe_20_HOM_HALF,0.48005244
classic,P,word2vec_recipe_20_HOM_HALF,0.28521878
kimono,P,word2vec_recipe_20_HOM_HALF,0.18891792
incision,P,word2vec_recipe_20_HOM_HALF,0.37683845
overall,P,word2vec_recipe_20_HOM_HALF,0.36990383
tree,P,word2vec_recipe_20_HOM_HALF,0.260557
disastrous,M,word2vec_recipe_20_HOM_HALF,0.09721342
visible,P,word2vec_recipe_20_HOM_HALF,0.42696297
crunch,P,word2vec_recipe_20_HOM_HALF,0.40175018
cracker,P,word2vec_recipe_20_HOM_HALF,0.3542077
workshop,P,word2vec_recipe_20_HOM_HALF,0.20216846
native,P,word2vec_recipe_20_HOM_HALF,0.25867668
raid,P,word2vec_recipe_20_HOM_HALF,0.17730133
trout,P,word2vec_recipe_20_HOM_HALF,0.31657565
reef,H,word2vec_recipe_20_HOM_HALF,0.15216392
noise,P,word2vec_recipe_20_HOM_HALF,0.3684592
region,P,word2vec_recipe_20_HOM_HALF,0.2075942
furnace,P,word2vec_recipe_20_HOM_HALF,0.11472662
motto,P,word2vec_recipe_20_HOM_HALF,0.12761216
channel,P,word2vec_recipe_20_HOM_HALF,0.3105241
irony,P,word2vec_recipe_20_HOM_HALF,0.10950266
dread,P,word2vec_recipe_20_HOM_HALF,0.17924525
protein,M,word2vec_recipe_20_HOM_HALF,0.2690766
heed,P,word2vec_recipe_20_HOM_HALF,0.10134851
area,P,word2vec_recipe_20_HOM_HALF,0.44044685
fruit,P,word2vec_recipe_20_HOM_HALF,0.36545533
classical,P,word2vec_recipe_20_HOM_HALF,0.22639304
ranch,P,word2vec_recipe_20_HOM_HALF,0.36604297
security,P,word2vec_recipe_20_HOM_HALF,0.2388434
sidewalk,M,word2vec_recipe_20_HOM_HALF,0.17636564
pronounce,P,word2vec_recipe_20_HOM_HALF,0.11877679
fusion,P,word2vec_recipe_20_HOM_HALF,0.30466646
privacy,P,word2vec_recipe_20_HOM_HALF,0.15908593
buggy,H,word2vec_recipe_20_HOM_HALF,0.22535962
tramp,P,word2vec_recipe_20_HOM_HALF,0.17232063
serenity,M,word2vec_recipe_20_HOM_HALF,0.13192375
royal,P,word2vec_recipe_20_HOM_HALF,0.3452901
spill,H,word2vec_recipe_20_HOM_HALF,0.4122274
seventh,P,word2vec_recipe_20_HOM_HALF,0.44252923
dormant,P,word2vec_recipe_20_HOM_HALF,0.18325776
choose,P,word2vec_recipe_20_HOM_HALF,0.34763578
vast,P,word2vec_recipe_20_HOM_HALF,0.1381613
unlike,P,word2vec_recipe_20_HOM_HALF,0.33383945
tense,H,word2vec_recipe_20_HOM_HALF,0.12184064
origin,P,word2vec_recipe_20_HOM_HALF,0.1705006
coma,H,word2vec_recipe_20_HOM_HALF,0.15998015
apologize,P,word2vec_recipe_20_HOM_HALF,0.14529404
greenhouse,M,word2vec_recipe_20_HOM_HALF,0.18709536
sniff,P,word2vec_recipe_20_HOM_HALF,0.25862586
reader,P,word2vec_recipe_20_HOM_HALF,0.13179928
residue,P,word2vec_recipe_20_HOM_HALF,0.4109803
spinal,P,word2vec_recipe_20_HOM_HALF,0.21240222
horrid,P,word2vec_recipe_20_HOM_HALF,0.12267139
crease,P,word2vec_recipe_20_HOM_HALF,0.32212654
botanical,P,word2vec_recipe_20_HOM_HALF,0.1495486
wrist,P,word2vec_recipe_20_HOM_HALF,0.37703335
superstar,M,word2vec_recipe_20_HOM_HALF,0.16563225
earthquake,M,word2vec_recipe_20_HOM_HALF,0.4087072
resolution,P,word2vec_recipe_20_HOM_HALF,0.19126476
saucy,P,word2vec_recipe_20_HOM_HALF,0.4301368
helmet,M,word2vec_recipe_20_HOM_HALF,0.17084825
miracle,P,word2vec_recipe_20_HOM_HALF,0.40261897
obsession,P,word2vec_recipe_20_HOM_HALF,0.17360048
swap,P,word2vec_recipe_20_HOM_HALF,0.46814758
tuning,P,word2vec_recipe_20_HOM_HALF,0.32065198
injure,P,word2vec_recipe_20_HOM_HALF,0.1311254
skeleton,P,word2vec_recipe_20_HOM_HALF,0.30570558
lake,M,word2vec_recipe_20_HOM_HALF,0.27693626
tank,P,word2vec_recipe_20_HOM_HALF,0.27456164
freaky,P,word2vec_recipe_20_HOM_HALF,0.20642984
sugar,P,word2vec_recipe_20_HOM_HALF,0.3998202
draft,P,word2vec_recipe_20_HOM_HALF,0.43608204
connection,P,word2vec_recipe_20_HOM_HALF,0.25130656
pretend,P,word2vec_recipe_20_HOM_HALF,0.25070718
winter,P,word2vec_recipe_20_HOM_HALF,0.37644526
breach,P,word2vec_recipe_20_HOM_HALF,0.26455772
intricate,M,word2vec_recipe_20_HOM_HALF,0.2016103
stealth,M,word2vec_recipe_20_HOM_HALF,0.17512621
backside,P,word2vec_recipe_20_HOM_HALF,0.33684102
rupture,P,word2vec_recipe_20_HOM_HALF,0.18642887
incomplete,P,word2vec_recipe_20_HOM_HALF,0.14576457
drag,P,word2vec_recipe_20_HOM_HALF,0.38747382
institute,P,word2vec_recipe_20_HOM_HALF,0.16147111
exceed,P,word2vec_recipe_20_HOM_HALF,0.3703213
card,H,word2vec_recipe_20_HOM_HALF,0.31572282
artillery,P,word2vec_recipe_20_HOM_HALF,0.19382158
ghetto,P,word2vec_recipe_20_HOM_HALF,0.20344222
blueprint,P,word2vec_recipe_20_HOM_HALF,0.26058498
dirty,P,word2vec_recipe_20_HOM_HALF,0.41479647
gang,H,word2vec_recipe_20_HOM_HALF,0.240845
hurl,P,word2vec_recipe_20_HOM_HALF,0.22251423
pathway,M,word2vec_recipe_20_HOM_HALF,0.208005
chop,H,word2vec_recipe_20_HOM_HALF,0.38088
beef,P,word2vec_recipe_20_HOM_HALF,0.3556948
maiden,P,word2vec_recipe_20_HOM_HALF,0.14230484
wondrous,M,word2vec_recipe_20_HOM_HALF,0.14187239
realm,P,word2vec_recipe_20_HOM_HALF,0.14114232
ruse,M,word2vec_recipe_20_HOM_HALF,0.18884379
misery,P,word2vec_recipe_20_HOM_HALF,0.21064451
jealousy,P,word2vec_recipe_20_HOM_HALF,0.25438398
darkness,P,word2vec_recipe_20_HOM_HALF,0.4088553
helper,M,word2vec_recipe_20_HOM_HALF,0.3820639
chum,H,word2vec_recipe_20_HOM_HALF,0.27278268
turban,P,word2vec_recipe_20_HOM_HALF,0.342758
implement,P,word2vec_recipe_20_HOM_HALF,0.35541153
pointless,P,word2vec_recipe_20_HOM_HALF,0.109081976
pony,P,word2vec_recipe_20_HOM_HALF,0.25384894
pit,H,word2vec_recipe_20_HOM_HALF,0.40763593
farm,P,word2vec_recipe_20_HOM_HALF,0.40572354
subway,P,word2vec_recipe_20_HOM_HALF,0.23896785
honorable,P,word2vec_recipe_20_HOM_HALF,0.15578064
doubt,P,word2vec_recipe_20_HOM_HALF,0.27559733
occasion,P,word2vec_recipe_20_HOM_HALF,0.41510236
mild,P,word2vec_recipe_20_HOM_HALF,0.3639968
drunken,P,word2vec_recipe_20_HOM_HALF,0.33644554
gear,P,word2vec_recipe_20_HOM_HALF,0.27874884
dark,P,word2vec_recipe_20_HOM_HALF,0.4579915
potent,P,word2vec_recipe_20_HOM_HALF,0.27934143
trademark,P,word2vec_recipe_20_HOM_HALF,0.21867144
oxide,M,word2vec_recipe_20_HOM_HALF,0.24975055
pleasure,P,word2vec_recipe_20_HOM_HALF,0.25845218
definite,P,word2vec_recipe_20_HOM_HALF,0.5052512
snowball,P,word2vec_recipe_20_HOM_HALF,0.35753602
movement,P,word2vec_recipe_20_HOM_HALF,0.35612953
strengthen,P,word2vec_recipe_20_HOM_HALF,0.40712598
sesame,P,word2vec_recipe_20_HOM_HALF,0.34313324
summertime,M,word2vec_recipe_20_HOM_HALF,0.31587577
attitude,P,word2vec_recipe_20_HOM_HALF,0.23632082
homework,M,word2vec_recipe_20_HOM_HALF,0.109763764
careless,P,word2vec_recipe_20_HOM_HALF,0.12940478
delivery,P,word2vec_recipe_20_HOM_HALF,0.20966256
smoke,P,word2vec_recipe_20_HOM_HALF,0.45604035
hook,P,word2vec_recipe_20_HOM_HALF,0.43342268
tit,H,word2vec_recipe_20_HOM_HALF,0.20793521
brochure,M,word2vec_recipe_20_HOM_HALF,0.2042594
account,P,word2vec_recipe_20_HOM_HALF,0.38090226
prick,P,word2vec_recipe_20_HOM_HALF,0.44437423
gather,P,word2vec_recipe_20_HOM_HALF,0.43097383
cocoon,P,word2vec_recipe_20_HOM_HALF,0.25168517
sheep,P,word2vec_recipe_20_HOM_HALF,0.41713947
lettuce,P,word2vec_recipe_20_HOM_HALF,0.3721488
fool,P,word2vec_recipe_20_HOM_HALF,0.40454534
rave,P,word2vec_recipe_20_HOM_HALF,0.30083486
stream,P,word2vec_recipe_20_HOM_HALF,0.43952388
tricky,P,word2vec_recipe_20_HOM_HALF,0.28645745
decisive,P,word2vec_recipe_20_HOM_HALF,0.27965826
intake,P,word2vec_recipe_20_HOM_HALF,0.3547113
mess,P,word2vec_recipe_20_HOM_HALF,0.33512262
describe,P,word2vec_recipe_20_HOM_HALF,0.22345789
flock,H,word2vec_recipe_20_HOM_HALF,0.18733653
grab,P,word2vec_recipe_20_HOM_HALF,0.4229195
sucker,P,word2vec_recipe_20_HOM_HALF,0.3269087
den,P,word2vec_recipe_20_HOM_HALF,0.25921056
encore,P,word2vec_recipe_20_HOM_HALF,0.1544268
ambition,P,word2vec_recipe_20_HOM_HALF,0.2038015
middle,P,word2vec_recipe_20_HOM_HALF,0.44791794
feather,P,word2vec_recipe_20_HOM_HALF,0.4215306
motel,M,word2vec_recipe_20_HOM_HALF,0.1603643
drastic,P,word2vec_recipe_20_HOM_HALF,0.11325144
nail,P,word2vec_recipe_20_HOM_HALF,0.34436885
knit,P,word2vec_recipe_20_HOM_HALF,0.22227344
confession,P,word2vec_recipe_20_HOM_HALF,0.15322639
vicious,P,word2vec_recipe_20_HOM_HALF,0.24755527
nest,P,word2vec_recipe_20_HOM_HALF,0.45264712
dreamy,P,word2vec_recipe_20_HOM_HALF,0.3372566
hut,P,word2vec_recipe_20_HOM_HALF,0.30735362
rhythm,P,word2vec_recipe_20_HOM_HALF,0.23253238
instruct,P,word2vec_recipe_20_HOM_HALF,0.3256596
perform,P,word2vec_recipe_20_HOM_HALF,0.35478783
upstate,P,word2vec_recipe_20_HOM_HALF,0.18105038
kit,P,word2vec_recipe_20_HOM_HALF,0.4380218
producer,P,word2vec_recipe_20_HOM_HALF,0.12081079
monster,P,word2vec_recipe_20_HOM_HALF,0.32728875
goofy,M,word2vec_recipe_20_HOM_HALF,0.18559803
perk,H,word2vec_recipe_20_HOM_HALF,0.4636083
shaft,P,word2vec_recipe_20_HOM_HALF,0.33439007
suck,P,word2vec_recipe_20_HOM_HALF,0.3326928
primal,P,word2vec_recipe_20_HOM_HALF,0.28667867
invasion,P,word2vec_recipe_20_HOM_HALF,0.15343818
visa,P,word2vec_recipe_20_HOM_HALF,0.20600183
differ,P,word2vec_recipe_20_HOM_HALF,0.31196666
margin,P,word2vec_recipe_20_HOM_HALF,0.41771716
explosion,P,word2vec_recipe_20_HOM_HALF,0.40098587
disregard,P,word2vec_recipe_20_HOM_HALF,0.39712998
rear,H,word2vec_recipe_20_HOM_HALF,0.30929148
counter,H,word2vec_recipe_20_HOM_HALF,0.3992408
redneck,P,word2vec_recipe_20_HOM_HALF,0.2156802
familiar,P,word2vec_recipe_20_HOM_HALF,0.28851697
outfit,P,word2vec_recipe_20_HOM_HALF,0.32971868
hunt,P,word2vec_recipe_20_HOM_HALF,0.19392663
video,P,word2vec_recipe_20_HOM_HALF,0.30080473
trash,P,word2vec_recipe_20_HOM_HALF,0.42719242
meter,H,word2vec_recipe_20_HOM_HALF,0.3277544
chopper,P,word2vec_recipe_20_HOM_HALF,0.41047817
orchard,P,word2vec_recipe_20_HOM_HALF,0.27083325
scatter,P,word2vec_recipe_20_HOM_HALF,0.42280784
winner,M,word2vec_recipe_20_HOM_HALF,0.2983816
mush,H,word2vec_recipe_20_HOM_HALF,0.4383416
utility,P,word2vec_recipe_20_HOM_HALF,0.48484975
action,P,word2vec_recipe_20_HOM_HALF,0.41645223
rut,H,word2vec_recipe_20_HOM_HALF,0.16348639
melody,P,word2vec_recipe_20_HOM_HALF,0.23072132
television,P,word2vec_recipe_20_HOM_HALF,0.18357755
borrow,P,word2vec_recipe_20_HOM_HALF,0.16738127
danger,P,word2vec_recipe_20_HOM_HALF,0.325552
script,P,word2vec_recipe_20_HOM_HALF,0.15683976
curb,P,word2vec_recipe_20_HOM_HALF,0.1443035
tile,P,word2vec_recipe_20_HOM_HALF,0.39558747
strategic,P,word2vec_recipe_20_HOM_HALF,0.25129253
normal,P,word2vec_recipe_20_HOM_HALF,0.3185291
diabetes,M,word2vec_recipe_20_HOM_HALF,0.19339071
partial,P,word2vec_recipe_20_HOM_HALF,0.33403987
mitt,P,word2vec_recipe_20_HOM_HALF,0.4392973
fence,P,word2vec_recipe_20_HOM_HALF,0.2004816
fork,P,word2vec_recipe_20_HOM_HALF,0.47139132
lick,P,word2vec_recipe_20_HOM_HALF,0.3726165
overcome,P,word2vec_recipe_20_HOM_HALF,0.13889223
steer,H,word2vec_recipe_20_HOM_HALF,0.32605577
hallway,P,word2vec_recipe_20_HOM_HALF,0.20282397
cheat,P,word2vec_recipe_20_HOM_HALF,0.36337036
single,P,word2vec_recipe_20_HOM_HALF,0.4813719
shirt,M,word2vec_recipe_20_HOM_HALF,0.23319083
flight,H,word2vec_recipe_20_HOM_HALF,0.17588532
mixer,P,word2vec_recipe_20_HOM_HALF,0.3924136
thankful,M,word2vec_recipe_20_HOM_HALF,0.13694207
muscle,P,word2vec_recipe_20_HOM_HALF,0.35242474
behave,P,word2vec_recipe_20_HOM_HALF,0.1726382
suitcase,M,word2vec_recipe_20_HOM_HALF,0.14247333
price,P,word2vec_recipe_20_HOM_HALF,0.27440333
glamorous,M,word2vec_recipe_20_HOM_HALF,0.15658969
bowel,P,word2vec_recipe_20_HOM_HALF,0.47218734
advance,P,word2vec_recipe_20_HOM_HALF,0.43710425
curl,P,word2vec_recipe_20_HOM_HALF,0.4866379
delete,M,word2vec_recipe_20_HOM_HALF,0.32881427
cannibal,P,word2vec_recipe_20_HOM_HALF,0.12530726
rendezvous,P,word2vec_recipe_20_HOM_HALF,0.18428737
snow,P,word2vec_recipe_20_HOM_HALF,0.43097436
issue,P,word2vec_recipe_20_HOM_HALF,0.3041363
gorgeous,M,word2vec_recipe_20_HOM_HALF,0.33080617
lump,P,word2vec_recipe_20_HOM_HALF,0.5184546
cloth,P,word2vec_recipe_20_HOM_HALF,0.39623672
faith,P,word2vec_recipe_20_HOM_HALF,0.43293893
doubtful,P,word2vec_recipe_20_HOM_HALF,0.11554395
salute,P,word2vec_recipe_20_HOM_HALF,0.3569955
sulfur,P,word2vec_recipe_20_HOM_HALF,0.19704708
deed,P,word2vec_recipe_20_HOM_HALF,0.14182155
heat,P,word2vec_recipe_20_HOM_HALF,0.39994022
unbearable,M,word2vec_recipe_20_HOM_HALF,0.15350252
ambitious,P,word2vec_recipe_20_HOM_HALF,0.20942114
noble,P,word2vec_recipe_20_HOM_HALF,0.16440392
crystal,P,word2vec_recipe_20_HOM_HALF,0.44137093
underwater,P,word2vec_recipe_20_HOM_HALF,0.44508514
spaghetti,P,word2vec_recipe_20_HOM_HALF,0.31294104
pocket,P,word2vec_recipe_20_HOM_HALF,0.44246837
mental,P,word2vec_recipe_20_HOM_HALF,0.21921726
clipper,P,word2vec_recipe_20_HOM_HALF,0.17511843
jar,H,word2vec_recipe_20_HOM_HALF,0.35178602
minimal,M,word2vec_recipe_20_HOM_HALF,0.39369333
coin,P,word2vec_recipe_20_HOM_HALF,0.38642994
rejoice,P,word2vec_recipe_20_HOM_HALF,0.17035614
giraffe,M,word2vec_recipe_20_HOM_HALF,0.20181395
informal,P,word2vec_recipe_20_HOM_HALF,0.22499982
inner,P,word2vec_recipe_20_HOM_HALF,0.38690296
attendance,P,word2vec_recipe_20_HOM_HALF,0.12371633
utter,H,word2vec_recipe_20_HOM_HALF,0.34305024
mankind,P,word2vec_recipe_20_HOM_HALF,0.115912296
blob,P,word2vec_recipe_20_HOM_HALF,0.42573437
discard,P,word2vec_recipe_20_HOM_HALF,0.42093727
beetle,H,word2vec_recipe_20_HOM_HALF,0.25115758
pimple,M,word2vec_recipe_20_HOM_HALF,0.19294076
effort,P,word2vec_recipe_20_HOM_HALF,0.31137908
fish,P,word2vec_recipe_20_HOM_HALF,0.32987863
dust,P,word2vec_recipe_20_HOM_HALF,0.46828353
shortcut,P,word2vec_recipe_20_HOM_HALF,0.3624129
lift,P,word2vec_recipe_20_HOM_HALF,0.3953785
pig,P,word2vec_recipe_20_HOM_HALF,0.36751705
molasses,M,word2vec_recipe_20_HOM_HALF,0.41736823
belt,P,word2vec_recipe_20_HOM_HALF,0.23170775
uniform,P,word2vec_recipe_20_HOM_HALF,0.40801933
homestead,P,word2vec_recipe_20_HOM_HALF,0.15043955
apparent,P,word2vec_recipe_20_HOM_HALF,0.33329237
arrest,P,word2vec_recipe_20_HOM_HALF,0.350933
link,P,word2vec_recipe_20_HOM_HALF,0.38759246
solo,P,word2vec_recipe_20_HOM_HALF,0.44415152
adore,P,word2vec_recipe_20_HOM_HALF,0.14485289
floss,P,word2vec_recipe_20_HOM_HALF,0.41182563
lawn,H,word2vec_recipe_20_HOM_HALF,0.2402392
commodity,P,word2vec_recipe_20_HOM_HALF,0.13339578
righteous,P,word2vec_recipe_20_HOM_HALF,0.18956776
wagon,P,word2vec_recipe_20_HOM_HALF,0.38774124
allowance,P,word2vec_recipe_20_HOM_HALF,0.24517088
decorate,P,word2vec_recipe_20_HOM_HALF,0.36043894
smack,H,word2vec_recipe_20_HOM_HALF,0.3737936
chapel,P,word2vec_recipe_20_HOM_HALF,0.14917079
marvel,P,word2vec_recipe_20_HOM_HALF,0.29474866
furry,P,word2vec_recipe_20_HOM_HALF,0.32431415
stag,P,word2vec_recipe_20_HOM_HALF,0.15268715
assemble,P,word2vec_recipe_20_HOM_HALF,0.521355
box,H,word2vec_recipe_20_HOM_HALF,0.40447435
orbit,P,word2vec_recipe_20_HOM_HALF,0.15560049
laundry,P,word2vec_recipe_20_HOM_HALF,0.29466283
commit,P,word2vec_recipe_20_HOM_HALF,0.12743771
net,H,word2vec_recipe_20_HOM_HALF,0.33089924
hike,P,word2vec_recipe_20_HOM_HALF,0.25682753
slipper,M,word2vec_recipe_20_HOM_HALF,0.28899965
civil,P,word2vec_recipe_20_HOM_HALF,0.17854106
author,P,word2vec_recipe_20_HOM_HALF,0.22382292
meaningful,M,word2vec_recipe_20_HOM_HALF,0.23211819
importance,P,word2vec_recipe_20_HOM_HALF,0.17091417
venture,P,word2vec_recipe_20_HOM_HALF,0.13720526
shovel,P,word2vec_recipe_20_HOM_HALF,0.43133855
finish,P,word2vec_recipe_20_HOM_HALF,0.45279282
discomfort,P,word2vec_recipe_20_HOM_HALF,0.20578341
tire,H,word2vec_recipe_20_HOM_HALF,0.24220066
garden,P,word2vec_recipe_20_HOM_HALF,0.3380078
rearrange,P,word2vec_recipe_20_HOM_HALF,0.49339306
deluxe,P,word2vec_recipe_20_HOM_HALF,0.24306288
patron,P,word2vec_recipe_20_HOM_HALF,0.18147366
goody,P,word2vec_recipe_20_HOM_HALF,0.1943757
previous,P,word2vec_recipe_20_HOM_HALF,0.44869155
outlet,P,word2vec_recipe_20_HOM_HALF,0.22707635
comparison,P,word2vec_recipe_20_HOM_HALF,0.19298476
electric,P,word2vec_recipe_20_HOM_HALF,0.41058517
bathroom,P,word2vec_recipe_20_HOM_HALF,0.30380496
sheer,H,word2vec_recipe_20_HOM_HALF,0.27649197
insist,P,word2vec_recipe_20_HOM_HALF,0.34780684
original,P,word2vec_recipe_20_HOM_HALF,0.3947848
cheesecake,P,word2vec_recipe_20_HOM_HALF,0.3836178
unprepared,P,word2vec_recipe_20_HOM_HALF,0.3849034
ignite,P,word2vec_recipe_20_HOM_HALF,0.4353088
spotlight,P,word2vec_recipe_20_HOM_HALF,0.18044996
stage,P,word2vec_recipe_20_HOM_HALF,0.3718255
multiple,P,word2vec_recipe_20_HOM_HALF,0.4123342
protector,P,word2vec_recipe_20_HOM_HALF,0.44875404
creep,P,word2vec_recipe_20_HOM_HALF,0.2429884
sharpen,M,word2vec_recipe_20_HOM_HALF,0.40272227
nonsense,P,word2vec_recipe_20_HOM_HALF,0.15489075
absolute,P,word2vec_recipe_20_HOM_HALF,0.31985217
nasty,P,word2vec_recipe_20_HOM_HALF,0.2967806
mermaid,M,word2vec_recipe_20_HOM_HALF,0.2505686
flash,P,word2vec_recipe_20_HOM_HALF,0.5201139
piggyback,P,word2vec_recipe_20_HOM_HALF,0.18458384
blind,P,word2vec_recipe_20_HOM_HALF,0.48936942
billion,P,word2vec_recipe_20_HOM_HALF,0.23831478
stock,P,word2vec_recipe_20_HOM_HALF,0.36848086
messy,P,word2vec_recipe_20_HOM_HALF,0.28593153
doorway,M,word2vec_recipe_20_HOM_HALF,0.17688161
farmers,M,word2vec_recipe_20_HOM_HALF,0.38039178
suit,P,word2vec_recipe_20_HOM_HALF,0.3580507
seaweed,P,word2vec_recipe_20_HOM_HALF,0.30978978
heartbreak,M,word2vec_recipe_20_HOM_HALF,0.15040699
fountain,P,word2vec_recipe_20_HOM_HALF,0.32338005
planet,P,word2vec_recipe_20_HOM_HALF,0.2290952
vacation,P,word2vec_recipe_20_HOM_HALF,0.18923624
necessary,P,word2vec_recipe_20_HOM_HALF,0.4015748
ninth,P,word2vec_recipe_20_HOM_HALF,0.3071224
blame,P,word2vec_recipe_20_HOM_HALF,0.14386745
doorknob,M,word2vec_recipe_20_HOM_HALF,0.1846757
mutt,M,word2vec_recipe_20_HOM_HALF,0.13017268
height,P,word2vec_recipe_20_HOM_HALF,0.42647964
sensual,P,word2vec_recipe_20_HOM_HALF,0.2039145
contestant,P,word2vec_recipe_20_HOM_HALF,0.3737071
jig,H,word2vec_recipe_20_HOM_HALF,0.19510578
screwball,P,word2vec_recipe_20_HOM_HALF,0.13195235
cartoon,P,word2vec_recipe_20_HOM_HALF,0.24220026
tunnel,P,word2vec_recipe_20_HOM_HALF,0.4180096
vessel,P,word2vec_recipe_20_HOM_HALF,0.44110247
weapon,P,word2vec_recipe_20_HOM_HALF,0.27214366
peroxide,P,word2vec_recipe_20_HOM_HALF,0.29756048
contact,P,word2vec_recipe_20_HOM_HALF,0.47682515
neutralize,P,word2vec_recipe_20_HOM_HALF,0.24120925
slight,P,word2vec_recipe_20_HOM_HALF,0.45855588
stubborn,P,word2vec_recipe_20_HOM_HALF,0.31940493
ruler,P,word2vec_recipe_20_HOM_HALF,0.33739185
maximum,P,word2vec_recipe_20_HOM_HALF,0.4448127
signal,P,word2vec_recipe_20_HOM_HALF,0.46772778
ramp,P,word2vec_recipe_20_HOM_HALF,0.40175423
wrapped,P,word2vec_recipe_20_HOM_HALF,0.4573492
custard,M,word2vec_recipe_20_HOM_HALF,0.41329902
component,P,word2vec_recipe_20_HOM_HALF,0.33288413
suspension,P,word2vec_recipe_20_HOM_HALF,0.2677807
code,P,word2vec_recipe_20_HOM_HALF,0.23083371
loosen,P,word2vec_recipe_20_HOM_HALF,0.46395987
generous,P,word2vec_recipe_20_HOM_HALF,0.43969104
ham,H,word2vec_recipe_20_HOM_HALF,0.39771065
exist,P,word2vec_recipe_20_HOM_HALF,0.24248922
shout,P,word2vec_recipe_20_HOM_HALF,0.18985258
bold,P,word2vec_recipe_20_HOM_HALF,0.27691594
torture,P,word2vec_recipe_20_HOM_HALF,0.14203867
wrecking,P,word2vec_recipe_20_HOM_HALF,0.13461173
shampoo,P,word2vec_recipe_20_HOM_HALF,0.34612125
mare,H,word2vec_recipe_20_HOM_HALF,0.17316838
bundle,P,word2vec_recipe_20_HOM_HALF,0.4092783
snag,P,word2vec_recipe_20_HOM_HALF,0.13609463
method,P,word2vec_recipe_20_HOM_HALF,0.35454708
blazer,M,word2vec_recipe_20_HOM_HALF,0.33369625
approach,P,word2vec_recipe_20_HOM_HALF,0.25693905
anchor,P,word2vec_recipe_20_HOM_HALF,0.36000052
rattle,P,word2vec_recipe_20_HOM_HALF,0.27165294
espresso,M,word2vec_recipe_20_HOM_HALF,0.35350025
quit,P,word2vec_recipe_20_HOM_HALF,0.2924671
slate,P,word2vec_recipe_20_HOM_HALF,0.342322
repair,H,word2vec_recipe_20_HOM_HALF,0.32584834
create,P,word2vec_recipe_20_HOM_HALF,0.4315382
foil,H,word2vec_recipe_20_HOM_HALF,0.36339352
physician,P,word2vec_recipe_20_HOM_HALF,0.14027134
leaky,P,word2vec_recipe_20_HOM_HALF,0.18071632
rough,P,word2vec_recipe_20_HOM_HALF,0.4130357
month,P,word2vec_recipe_20_HOM_HALF,0.41049
indicate,P,word2vec_recipe_20_HOM_HALF,0.35444486
dispatch,P,word2vec_recipe_20_HOM_HALF,0.23933928
jazz,M,word2vec_recipe_20_HOM_HALF,0.36753854
incorrect,P,word2vec_recipe_20_HOM_HALF,0.16007082
watermelon,P,word2vec_recipe_20_HOM_HALF,0.34017906
ritual,P,word2vec_recipe_20_HOM_HALF,0.18122531
interior,P,word2vec_recipe_20_HOM_HALF,0.46732017
porch,P,word2vec_recipe_20_HOM_HALF,0.3151822
unload,P,word2vec_recipe_20_HOM_HALF,0.18227933
radius,P,word2vec_recipe_20_HOM_HALF,0.23602226
camp,H,word2vec_recipe_20_HOM_HALF,0.37713784
college,P,word2vec_recipe_20_HOM_HALF,0.22660893
stalk,H,word2vec_recipe_20_HOM_HALF,0.34788185
accord,P,word2vec_recipe_20_HOM_HALF,0.38865182
unreal,P,word2vec_recipe_20_HOM_HALF,0.12908943
spider,M,word2vec_recipe_20_HOM_HALF,0.448447
sweetheart,P,word2vec_recipe_20_HOM_HALF,0.25283816
torso,P,word2vec_recipe_20_HOM_HALF,0.21627297
animal,P,word2vec_recipe_20_HOM_HALF,0.3776665
climb,P,word2vec_recipe_20_HOM_HALF,0.41801652
detergent,P,word2vec_recipe_20_HOM_HALF,0.30747595
slope,P,word2vec_recipe_20_HOM_HALF,0.32580864
test,H,word2vec_recipe_20_HOM_HALF,0.46634948
dedicate,P,word2vec_recipe_20_HOM_HALF,0.16211095
weary,P,word2vec_recipe_20_HOM_HALF,0.10776499
pace,H,word2vec_recipe_20_HOM_HALF,0.4636733
painless,P,word2vec_recipe_20_HOM_HALF,0.17429419
hardware,P,word2vec_recipe_20_HOM_HALF,0.26903418
snappy,P,word2vec_recipe_20_HOM_HALF,0.3539806
ordinary,P,word2vec_recipe_20_HOM_HALF,0.36611545
marvelous,P,word2vec_recipe_20_HOM_HALF,0.30982253
gravel,P,word2vec_recipe_20_HOM_HALF,0.40903586
thermal,P,word2vec_recipe_20_HOM_HALF,0.31617507
spaceship,M,word2vec_recipe_20_HOM_HALF,0.24241114
layer,P,word2vec_recipe_20_HOM_HALF,0.46641055
disaster,P,word2vec_recipe_20_HOM_HALF,0.18180218
mile,P,word2vec_recipe_20_HOM_HALF,0.47487938
suggestion,P,word2vec_recipe_20_HOM_HALF,0.359072
devour,P,word2vec_recipe_20_HOM_HALF,0.44896853
shiny,P,word2vec_recipe_20_HOM_HALF,0.40256092
puffy,P,word2vec_recipe_20_HOM_HALF,0.43865964
sanity,P,word2vec_recipe_20_HOM_HALF,0.13126485
tend,H,word2vec_recipe_20_HOM_HALF,0.36720756
philosophy,P,word2vec_recipe_20_HOM_HALF,0.096120894
bite,P,word2vec_recipe_20_HOM_HALF,0.45966738
resident,P,word2vec_recipe_20_HOM_HALF,0.12098203
globe,P,word2vec_recipe_20_HOM_HALF,0.34991825
sled,P,word2vec_recipe_20_HOM_HALF,0.18530701
hat,P,word2vec_recipe_20_HOM_HALF,0.26406172
alley,H,word2vec_recipe_20_HOM_HALF,0.19550115
uptown,P,word2vec_recipe_20_HOM_HALF,0.16225712
eerie,M,word2vec_recipe_20_HOM_HALF,0.25271645
canoe,P,word2vec_recipe_20_HOM_HALF,0.40111294
boost,P,word2vec_recipe_20_HOM_HALF,0.34048778
soap,P,word2vec_recipe_20_HOM_HALF,0.35907406
choke,P,word2vec_recipe_20_HOM_HALF,0.38065416
apron,P,word2vec_recipe_20_HOM_HALF,0.28649846
homey,M,word2vec_recipe_20_HOM_HALF,0.23250473
liquor,P,word2vec_recipe_20_HOM_HALF,0.40170896
discipline,P,word2vec_recipe_20_HOM_HALF,0.23685613
dominant,P,word2vec_recipe_20_HOM_HALF,0.36380428
heavenly,P,word2vec_recipe_20_HOM_HALF,0.3172104
charger,P,word2vec_recipe_20_HOM_HALF,0.37493527
canteen,P,word2vec_recipe_20_HOM_HALF,0.14285073
switch,P,word2vec_recipe_20_HOM_HALF,0.47182998
driveway,M,word2vec_recipe_20_HOM_HALF,0.1791168
trivial,M,word2vec_recipe_20_HOM_HALF,0.111397475
sad,P,word2vec_recipe_20_HOM_HALF,0.29942167
smelly,M,word2vec_recipe_20_HOM_HALF,0.19383991
dislike,P,word2vec_recipe_20_HOM_HALF,0.2248489
ridiculous,M,word2vec_recipe_20_HOM_HALF,0.19396167
dubious,P,word2vec_recipe_20_HOM_HALF,0.116764195
spotless,P,word2vec_recipe_20_HOM_HALF,0.23306465
bikini,M,word2vec_recipe_20_HOM_HALF,0.26491883
viable,P,word2vec_recipe_20_HOM_HALF,0.1339365
triangle,P,word2vec_recipe_20_HOM_HALF,0.30317223
scorpion,P,word2vec_recipe_20_HOM_HALF,0.27270833
catalog,P,word2vec_recipe_20_HOM_HALF,0.16358744
chef,M,word2vec_recipe_20_HOM_HALF,0.28449416
pout,H,word2vec_recipe_20_HOM_HALF,0.4283142
symbolic,P,word2vec_recipe_20_HOM_HALF,0.1321238
celebrity,P,word2vec_recipe_20_HOM_HALF,0.14378515
agree,P,word2vec_recipe_20_HOM_HALF,0.13498144
cry,P,word2vec_recipe_20_HOM_HALF,0.29529104
expensive,P,word2vec_recipe_20_HOM_HALF,0.28979704
pamphlet,M,word2vec_recipe_20_HOM_HALF,0.18205181
renegade,P,word2vec_recipe_20_HOM_HALF,0.15040521
bop,H,word2vec_recipe_20_HOM_HALF,0.18664463
stray,P,word2vec_recipe_20_HOM_HALF,0.36665118
concept,P,word2vec_recipe_20_HOM_HALF,0.16206616
absorb,P,word2vec_recipe_20_HOM_HALF,0.4658709
laughter,P,word2vec_recipe_20_HOM_HALF,0.37537688
referee,P,word2vec_recipe_20_HOM_HALF,0.21954814
available,P,word2vec_recipe_20_HOM_HALF,0.30305552
upside,P,word2vec_recipe_20_HOM_HALF,0.47401428
load,P,word2vec_recipe_20_HOM_HALF,0.41798532
factory,M,word2vec_recipe_20_HOM_HALF,0.32760918
moonlight,P,word2vec_recipe_20_HOM_HALF,0.2236612
lighten,H,word2vec_recipe_20_HOM_HALF,0.4589666
rebuild,P,word2vec_recipe_20_HOM_HALF,0.23573723
moron,P,word2vec_recipe_20_HOM_HALF,0.17367437
trashy,M,word2vec_recipe_20_HOM_HALF,0.14832179
forehead,P,word2vec_recipe_20_HOM_HALF,0.18365811
overalls,P,word2vec_recipe_20_HOM_HALF,0.18997665
extraction,P,word2vec_recipe_20_HOM_HALF,0.35383278
alcohol,P,word2vec_recipe_20_HOM_HALF,0.39045972
completion,P,word2vec_recipe_20_HOM_HALF,0.4077262
remake,P,word2vec_recipe_20_HOM_HALF,0.34121487
server,P,word2vec_recipe_20_HOM_HALF,0.4429046
bulb,P,word2vec_recipe_20_HOM_HALF,0.40967616
passport,P,word2vec_recipe_20_HOM_HALF,0.12548986
maroon,H,word2vec_recipe_20_HOM_HALF,0.31375864
shaky,P,word2vec_recipe_20_HOM_HALF,0.32675683
jumper,H,word2vec_recipe_20_HOM_HALF,0.16315697
expert,P,word2vec_recipe_20_HOM_HALF,0.26087505
disease,P,word2vec_recipe_20_HOM_HALF,0.19862776
motivation,P,word2vec_recipe_20_HOM_HALF,0.100692876
wise,H,word2vec_recipe_20_HOM_HALF,0.3434647
historical,P,word2vec_recipe_20_HOM_HALF,0.12876378
parallel,P,word2vec_recipe_20_HOM_HALF,0.35355517
drown,P,word2vec_recipe_20_HOM_HALF,0.36705697
foolproof,P,word2vec_recipe_20_HOM_HALF,0.36764693
clover,P,word2vec_recipe_20_HOM_HALF,0.4274451
committee,M,word2vec_recipe_20_HOM_HALF,0.1454992
crap,M,word2vec_recipe_20_HOM_HALF,0.30607262
raccoon,P,word2vec_recipe_20_HOM_HALF,0.34800708
pearly,P,word2vec_recipe_20_HOM_HALF,0.33435363
pointer,P,word2vec_recipe_20_HOM_HALF,0.2637937
cab,H,word2vec_recipe_20_HOM_HALF,0.22637095
swipe,P,word2vec_recipe_20_HOM_HALF,0.4343332
analogy,P,word2vec_recipe_20_HOM_HALF,0.10406122
shame,P,word2vec_recipe_20_HOM_HALF,0.1635225
list,H,word2vec_recipe_20_HOM_HALF,0.36112365
curve,P,word2vec_recipe_20_HOM_HALF,0.400453
twirl,P,word2vec_recipe_20_HOM_HALF,0.44355598
frantic,P,word2vec_recipe_20_HOM_HALF,0.16121842
slice,P,word2vec_recipe_20_HOM_HALF,0.3711808
function,P,word2vec_recipe_20_HOM_HALF,0.42557204
spin,P,word2vec_recipe_20_HOM_HALF,0.50778085
graceful,M,word2vec_recipe_20_HOM_HALF,0.13831112
drought,P,word2vec_recipe_20_HOM_HALF,0.23322487
downtown,P,word2vec_recipe_20_HOM_HALF,0.15288098
expression,P,word2vec_recipe_20_HOM_HALF,0.17309278
sheet,H,word2vec_recipe_20_HOM_HALF,0.32719386
icy,P,word2vec_recipe_20_HOM_HALF,0.4328747
surgery,P,word2vec_recipe_20_HOM_HALF,0.16926174
risk,P,word2vec_recipe_20_HOM_HALF,0.44488195
shallow,P,word2vec_recipe_20_HOM_HALF,0.4237384
bandage,P,word2vec_recipe_20_HOM_HALF,0.19988008
mast,H,word2vec_recipe_20_HOM_HALF,0.30722225
crest,P,word2vec_recipe_20_HOM_HALF,0.29508266
decline,P,word2vec_recipe_20_HOM_HALF,0.09302235
peck,H,word2vec_recipe_20_HOM_HALF,0.32937145
legacy,P,word2vec_recipe_20_HOM_HALF,0.1553811
carton,P,word2vec_recipe_20_HOM_HALF,0.4558405
achieve,P,word2vec_recipe_20_HOM_HALF,0.4071023
gem,P,word2vec_recipe_20_HOM_HALF,0.46279883
habit,P,word2vec_recipe_20_HOM_HALF,0.16583645
speedy,M,word2vec_recipe_20_HOM_HALF,0.23303218
ponder,P,word2vec_recipe_20_HOM_HALF,0.16034941
germ,P,word2vec_recipe_20_HOM_HALF,0.37961063
favor,P,word2vec_recipe_20_HOM_HALF,0.27180633
swim,P,word2vec_recipe_20_HOM_HALF,0.3739801
weed,H,word2vec_recipe_20_HOM_HALF,0.37572974
mobile,P,word2vec_recipe_20_HOM_HALF,0.189537
rudder,P,word2vec_recipe_20_HOM_HALF,0.16203976
membership,P,word2vec_recipe_20_HOM_HALF,0.08849235
masquerade,P,word2vec_recipe_20_HOM_HALF,0.14544071
runaway,P,word2vec_recipe_20_HOM_HALF,0.19829497
ceramic,P,word2vec_recipe_20_HOM_HALF,0.4056937
tragedy,P,word2vec_recipe_20_HOM_HALF,0.13191426
commentary,P,word2vec_recipe_20_HOM_HALF,0.1769198
argument,P,word2vec_recipe_20_HOM_HALF,0.15071455
stable,H,word2vec_recipe_20_HOM_HALF,0.38778427
suction,P,word2vec_recipe_20_HOM_HALF,0.3022946
dense,P,word2vec_recipe_20_HOM_HALF,0.3553138
fund,P,word2vec_recipe_20_HOM_HALF,0.15903391
wholesome,P,word2vec_recipe_20_HOM_HALF,0.2998687
summon,P,word2vec_recipe_20_HOM_HALF,0.1299313
modern,P,word2vec_recipe_20_HOM_HALF,0.2844448
tempo,P,word2vec_recipe_20_HOM_HALF,0.16924052
crusty,P,word2vec_recipe_20_HOM_HALF,0.45297188
patience,P,word2vec_recipe_20_HOM_HALF,0.34835815
brood,P,word2vec_recipe_20_HOM_HALF,0.23053624
vanilla,P,word2vec_recipe_20_HOM_HALF,0.3566667
scare,P,word2vec_recipe_20_HOM_HALF,0.19070652
thread,P,word2vec_recipe_20_HOM_HALF,0.5062159
airline,P,word2vec_recipe_20_HOM_HALF,0.20277543
neck,P,word2vec_recipe_20_HOM_HALF,0.35179278
rob,P,word2vec_recipe_20_HOM_HALF,0.19818354
vine,P,word2vec_recipe_20_HOM_HALF,0.40844443
toxic,P,word2vec_recipe_20_HOM_HALF,0.21687114
imagine,P,word2vec_recipe_20_HOM_HALF,0.26111573
display,P,word2vec_recipe_20_HOM_HALF,0.38840345
discourage,P,word2vec_recipe_20_HOM_HALF,0.33970892
member,P,word2vec_recipe_20_HOM_HALF,0.29903382
artery,P,word2vec_recipe_20_HOM_HALF,0.14766416
trusty,P,word2vec_recipe_20_HOM_HALF,0.34610596
smear,P,word2vec_recipe_20_HOM_HALF,0.47389305
acre,P,word2vec_recipe_20_HOM_HALF,0.2337054
wedge,P,word2vec_recipe_20_HOM_HALF,0.40815648
sticker,P,word2vec_recipe_20_HOM_HALF,0.3818361
rig,P,word2vec_recipe_20_HOM_HALF,0.3205912
occupy,P,word2vec_recipe_20_HOM_HALF,0.15499683
joint,P,word2vec_recipe_20_HOM_HALF,0.3437939
teach,P,word2vec_recipe_20_HOM_HALF,0.13171855
warm,P,word2vec_recipe_20_HOM_HALF,0.47107112
decadent,P,word2vec_recipe_20_HOM_HALF,0.31887203
pond,M,word2vec_recipe_20_HOM_HALF,0.3329858
wars,P,word2vec_recipe_20_HOM_HALF,0.20054233
skate,H,word2vec_recipe_20_HOM_HALF,0.3776877
pluck,P,word2vec_recipe_20_HOM_HALF,0.3856535
stroke,P,word2vec_recipe_20_HOM_HALF,0.36771968
booth,P,word2vec_recipe_20_HOM_HALF,0.28477135
offend,P,word2vec_recipe_20_HOM_HALF,0.111293964
vacuum,P,word2vec_recipe_20_HOM_HALF,0.36746398
hostess,P,word2vec_recipe_20_HOM_HALF,0.30377075
above,P,word2vec_recipe_20_HOM_HALF,0.44599488
fussy,P,word2vec_recipe_20_HOM_HALF,0.23473623
pest,P,word2vec_recipe_20_HOM_HALF,0.31175908
juggle,P,word2vec_recipe_20_HOM_HALF,0.19548036
convention,P,word2vec_recipe_20_HOM_HALF,0.27802604
doom,P,word2vec_recipe_20_HOM_HALF,0.18722403
hump,P,word2vec_recipe_20_HOM_HALF,0.2764219
onion,P,word2vec_recipe_20_HOM_HALF,0.34588537
source,P,word2vec_recipe_20_HOM_HALF,0.4894736
stead,M,word2vec_recipe_20_HOM_HALF,0.44926098
fake,P,word2vec_recipe_20_HOM_HALF,0.3496833
journey,P,word2vec_recipe_20_HOM_HALF,0.15225811
develop,P,word2vec_recipe_20_HOM_HALF,0.40342227
snitch,M,word2vec_recipe_20_HOM_HALF,0.13255192
profile,P,word2vec_recipe_20_HOM_HALF,0.25799245
zap,P,word2vec_recipe_20_HOM_HALF,0.38969934
ugly,P,word2vec_recipe_20_HOM_HALF,0.38610387
intact,M,word2vec_recipe_20_HOM_HALF,0.4036647
laugh,P,word2vec_recipe_20_HOM_HALF,0.2280788
boat,P,word2vec_recipe_20_HOM_HALF,0.5036398
consult,P,word2vec_recipe_20_HOM_HALF,0.2631645
equivalent,P,word2vec_recipe_20_HOM_HALF,0.43426338
upstanding,P,word2vec_recipe_20_HOM_HALF,0.31224
century,P,word2vec_recipe_20_HOM_HALF,0.3281585
scum,P,word2vec_recipe_20_HOM_HALF,0.4179023
neurotic,P,word2vec_recipe_20_HOM_HALF,0.11202258
dealer,P,word2vec_recipe_20_HOM_HALF,0.16269618
chain,P,word2vec_recipe_20_HOM_HALF,0.23607224
classy,M,word2vec_recipe_20_HOM_HALF,0.28884923
poisonous,P,word2vec_recipe_20_HOM_HALF,0.19238372
sweep,P,word2vec_recipe_20_HOM_HALF,0.40909913
brazen,P,word2vec_recipe_20_HOM_HALF,0.2001682
relish,P,word2vec_recipe_20_HOM_HALF,0.3932037
revenge,P,word2vec_recipe_20_HOM_HALF,0.15716404
airspace,P,word2vec_recipe_20_HOM_HALF,0.31118014
upcoming,M,word2vec_recipe_20_HOM_HALF,0.15878853
arch,H,word2vec_recipe_20_HOM_HALF,0.21738715
visualize,P,word2vec_recipe_20_HOM_HALF,0.15057845
crispy,P,word2vec_recipe_20_HOM_HALF,0.4405479
useless,P,word2vec_recipe_20_HOM_HALF,0.2025753
nut,P,word2vec_recipe_20_HOM_HALF,0.35458317
fasten,P,word2vec_recipe_20_HOM_HALF,0.39709604
spatula,M,word2vec_recipe_20_HOM_HALF,0.39650452
shuttle,P,word2vec_recipe_20_HOM_HALF,0.2211893
nitrogen,P,word2vec_recipe_20_HOM_HALF,0.33476955
sofa,M,word2vec_recipe_20_HOM_HALF,0.2784709
prairie,M,word2vec_recipe_20_HOM_HALF,0.21089195
afford,P,word2vec_recipe_20_HOM_HALF,0.19368882
shank,P,word2vec_recipe_20_HOM_HALF,0.362331
closet,P,word2vec_recipe_20_HOM_HALF,0.28637937
butler,M,word2vec_recipe_20_HOM_HALF,0.2075258
cop,H,word2vec_recipe_20_HOM_HALF,0.31855667
thud,P,word2vec_recipe_20_HOM_HALF,0.24361262
asset,P,word2vec_recipe_20_HOM_HALF,0.21627481
penetrate,P,word2vec_recipe_20_HOM_HALF,0.44897676
volcanic,P,word2vec_recipe_20_HOM_HALF,0.24766052
gravy,P,word2vec_recipe_20_HOM_HALF,0.44397575
casino,P,word2vec_recipe_20_HOM_HALF,0.31139562
floppy,P,word2vec_recipe_20_HOM_HALF,0.33307743
dare,P,word2vec_recipe_20_HOM_HALF,0.32886678
mix,P,word2vec_recipe_20_HOM_HALF,0.39340413
dynamite,P,word2vec_recipe_20_HOM_HALF,0.24903429
pizza,M,word2vec_recipe_20_HOM_HALF,0.40822557
arrogant,P,word2vec_recipe_20_HOM_HALF,0.18198764
canopy,P,word2vec_recipe_20_HOM_HALF,0.17068228
crater,P,word2vec_recipe_20_HOM_HALF,0.44618848
thermos,P,word2vec_recipe_20_HOM_HALF,0.38214073
palace,P,word2vec_recipe_20_HOM_HALF,0.20468438
nuclear,P,word2vec_recipe_20_HOM_HALF,0.19480652
page,H,word2vec_recipe_20_HOM_HALF,0.38299522
wilt,P,word2vec_recipe_20_HOM_HALF,0.42093894
writer,P,word2vec_recipe_20_HOM_HALF,0.16547155
souvenir,M,word2vec_recipe_20_HOM_HALF,0.14384422
unhealthy,P,word2vec_recipe_20_HOM_HALF,0.15799585
tart,H,word2vec_recipe_20_HOM_HALF,0.39299035
overtime,P,word2vec_recipe_20_HOM_HALF,0.15918483
sire,P,word2vec_recipe_20_HOM_HALF,0.24467477
summer,P,word2vec_recipe_20_HOM_HALF,0.35058022
coleslaw,M,word2vec_recipe_20_HOM_HALF,0.38638076
mortar,H,word2vec_recipe_20_HOM_HALF,0.36819798
insomnia,M,word2vec_recipe_20_HOM_HALF,0.15057456
spend,P,word2vec_recipe_20_HOM_HALF,0.34175175
concession,P,word2vec_recipe_20_HOM_HALF,0.16484869
screw,P,word2vec_recipe_20_HOM_HALF,0.40990245
guru,P,word2vec_recipe_20_HOM_HALF,0.12993582
recital,P,word2vec_recipe_20_HOM_HALF,0.15458085
sentence,P,word2vec_recipe_20_HOM_HALF,0.12940373
blossom,P,word2vec_recipe_20_HOM_HALF,0.45170566
amount,P,word2vec_recipe_20_HOM_HALF,0.48633572
comment,P,word2vec_recipe_20_HOM_HALF,0.26746938
await,P,word2vec_recipe_20_HOM_HALF,0.25985155
stuffy,P,word2vec_recipe_20_HOM_HALF,0.17210387
dime,M,word2vec_recipe_20_HOM_HALF,0.3746072
impressive,M,word2vec_recipe_20_HOM_HALF,0.29758286
settle,H,word2vec_recipe_20_HOM_HALF,0.42602608
decoration,P,word2vec_recipe_20_HOM_HALF,0.39524972
digestion,P,word2vec_recipe_20_HOM_HALF,0.23728849
relaxation,P,word2vec_recipe_20_HOM_HALF,0.17540808
budget,P,word2vec_recipe_20_HOM_HALF,0.28400874
sloppy,P,word2vec_recipe_20_HOM_HALF,0.3691531
grain,P,word2vec_recipe_20_HOM_HALF,0.49037105
disconnect,P,word2vec_recipe_20_HOM_HALF,0.21579655
bypass,P,word2vec_recipe_20_HOM_HALF,0.19256918
swear,P,word2vec_recipe_20_HOM_HALF,0.15749747
junk,H,word2vec_recipe_20_HOM_HALF,0.32978824
poster,M,word2vec_recipe_20_HOM_HALF,0.28436568
sickness,P,word2vec_recipe_20_HOM_HALF,0.17193666
exercise,P,word2vec_recipe_20_HOM_HALF,0.2069693
widow,P,word2vec_recipe_20_HOM_HALF,0.23580831
seafood,M,word2vec_recipe_20_HOM_HALF,0.34027275
breakfast,P,word2vec_recipe_20_HOM_HALF,0.38141498
snob,P,word2vec_recipe_20_HOM_HALF,0.13680159
capture,P,word2vec_recipe_20_HOM_HALF,0.3861061
assign,P,word2vec_recipe_20_HOM_HALF,0.1452436
horseshoe,P,word2vec_recipe_20_HOM_HALF,0.30948487
calf,H,word2vec_recipe_20_HOM_HALF,0.2894025
hunk,P,word2vec_recipe_20_HOM_HALF,0.46653783
provide,P,word2vec_recipe_20_HOM_HALF,0.36800006
pill,P,word2vec_recipe_20_HOM_HALF,0.27741435
bottom,P,word2vec_recipe_20_HOM_HALF,0.4522642
quadrant,P,word2vec_recipe_20_HOM_HALF,0.3387349
sod,P,word2vec_recipe_20_HOM_HALF,0.09523211
smell,P,word2vec_recipe_20_HOM_HALF,0.36122403
sneeze,P,word2vec_recipe_20_HOM_HALF,0.1322506
tango,P,word2vec_recipe_20_HOM_HALF,0.23716538
burst,P,word2vec_recipe_20_HOM_HALF,0.48670486
literal,P,word2vec_recipe_20_HOM_HALF,0.22540821
dame,P,word2vec_recipe_20_HOM_HALF,0.15687665
fellow,P,word2vec_recipe_20_HOM_HALF,0.14486489
gauze,P,word2vec_recipe_20_HOM_HALF,0.36843526
moisture,M,word2vec_recipe_20_HOM_HALF,0.4234822
shape,P,word2vec_recipe_20_HOM_HALF,0.40825704
pretzel,P,word2vec_recipe_20_HOM_HALF,0.4085527
brunette,P,word2vec_recipe_20_HOM_HALF,0.191301
temper,P,word2vec_recipe_20_HOM_HALF,0.45280334
frown,P,word2vec_recipe_20_HOM_HALF,0.21073171
category,M,word2vec_recipe_20_HOM_HALF,0.28636387
bonus,P,word2vec_recipe_20_HOM_HALF,0.3162251
harmful,M,word2vec_recipe_20_HOM_HALF,0.177915
dab,H,word2vec_recipe_20_HOM_HALF,0.44980392
attend,P,word2vec_recipe_20_HOM_HALF,0.18612134
hatchet,P,word2vec_recipe_20_HOM_HALF,0.20950773
bedroom,M,word2vec_recipe_20_HOM_HALF,0.14511865
field,P,word2vec_recipe_20_HOM_HALF,0.47164103
basin,P,word2vec_recipe_20_HOM_HALF,0.46142554
intense,P,word2vec_recipe_20_HOM_HALF,0.3000407
weirdo,M,word2vec_recipe_20_HOM_HALF,0.12613404
cloudy,P,word2vec_recipe_20_HOM_HALF,0.3779488
maple,P,word2vec_recipe_20_HOM_HALF,0.38441423
distract,P,word2vec_recipe_20_HOM_HALF,0.14127672
nod,P,word2vec_recipe_20_HOM_HALF,0.18846227
horrible,P,word2vec_recipe_20_HOM_HALF,0.17844076
orchid,P,word2vec_recipe_20_HOM_HALF,0.26546592
fret,H,word2vec_recipe_20_HOM_HALF,0.28873298
element,P,word2vec_recipe_20_HOM_HALF,0.44321755
liable,P,word2vec_recipe_20_HOM_HALF,0.18551964
overcoat,M,word2vec_recipe_20_HOM_HALF,0.19024493
cavity,M,word2vec_recipe_20_HOM_HALF,0.41674277
impression,P,word2vec_recipe_20_HOM_HALF,0.49359912
vent,P,word2vec_recipe_20_HOM_HALF,0.4342233
walnut,P,word2vec_recipe_20_HOM_HALF,0.42904496
tribute,P,word2vec_recipe_20_HOM_HALF,0.17412283
wager,P,word2vec_recipe_20_HOM_HALF,0.11451242
inventory,P,word2vec_recipe_20_HOM_HALF,0.12522
wiggle,P,word2vec_recipe_20_HOM_HALF,0.39814797
aggressive,P,word2vec_recipe_20_HOM_HALF,0.2674649
bamboo,P,word2vec_recipe_20_HOM_HALF,0.43260115
clown,P,word2vec_recipe_20_HOM_HALF,0.19296226
hassle,P,word2vec_recipe_20_HOM_HALF,0.26179793
sauerkraut,M,word2vec_recipe_20_HOM_HALF,0.43281922
hydraulic,P,word2vec_recipe_20_HOM_HALF,0.31784302
chocolate,P,word2vec_recipe_20_HOM_HALF,0.29659152
volume,P,word2vec_recipe_20_HOM_HALF,0.42849523
plantation,P,word2vec_recipe_20_HOM_HALF,0.23698734
lamp,P,word2vec_recipe_20_HOM_HALF,0.3859122
shelter,P,word2vec_recipe_20_HOM_HALF,0.17744018
salary,M,word2vec_recipe_20_HOM_HALF,0.23480877
vanish,P,word2vec_recipe_20_HOM_HALF,0.20553792
fanatic,P,word2vec_recipe_20_HOM_HALF,0.14892012
leech,P,word2vec_recipe_20_HOM_HALF,0.23007847
notebook,M,word2vec_recipe_20_HOM_HALF,0.24440369
driver,P,word2vec_recipe_20_HOM_HALF,0.26972228
sympathy,P,word2vec_recipe_20_HOM_HALF,0.42588845
priest,P,word2vec_recipe_20_HOM_HALF,0.1647776
reap,P,word2vec_recipe_20_HOM_HALF,0.15444417
communion,P,word2vec_recipe_20_HOM_HALF,0.23758799
ladder,P,word2vec_recipe_20_HOM_HALF,0.2887336
defeat,P,word2vec_recipe_20_HOM_HALF,0.16107443
bitter,P,word2vec_recipe_20_HOM_HALF,0.3739539
maintain,P,word2vec_recipe_20_HOM_HALF,0.46314338
dainty,P,word2vec_recipe_20_HOM_HALF,0.37178895
fuzz,M,word2vec_recipe_20_HOM_HALF,0.33284014
medium,P,word2vec_recipe_20_HOM_HALF,0.41467655
tact,M,word2vec_recipe_20_HOM_HALF,0.38174424
former,H,word2vec_recipe_20_HOM_HALF,0.25666818
doll,P,word2vec_recipe_20_HOM_HALF,0.28218853
rail,H,word2vec_recipe_20_HOM_HALF,0.21125466
slab,P,word2vec_recipe_20_HOM_HALF,0.4907935
potion,M,word2vec_recipe_20_HOM_HALF,0.28953534
musical,P,word2vec_recipe_20_HOM_HALF,0.2040819
turnout,P,word2vec_recipe_20_HOM_HALF,0.28238913
guilty,P,word2vec_recipe_20_HOM_HALF,0.21559224
divide,P,word2vec_recipe_20_HOM_HALF,0.49382296
landmark,P,word2vec_recipe_20_HOM_HALF,0.13162437
blade,P,word2vec_recipe_20_HOM_HALF,0.39813134
buttermilk,P,word2vec_recipe_20_HOM_HALF,0.40138203
comfort,P,word2vec_recipe_20_HOM_HALF,0.36795312
blueberry,P,word2vec_recipe_20_HOM_HALF,0.30513045
rise,P,word2vec_recipe_20_HOM_HALF,0.4120539
ocean,P,word2vec_recipe_20_HOM_HALF,0.3910563
dribble,P,word2vec_recipe_20_HOM_HALF,0.47825518
nurse,P,word2vec_recipe_20_HOM_HALF,0.1663637
bedtime,M,word2vec_recipe_20_HOM_HALF,0.3356762
starch,P,word2vec_recipe_20_HOM_HALF,0.45290425
spank,H,word2vec_recipe_20_HOM_HALF,0.29467776
downright,P,word2vec_recipe_20_HOM_HALF,0.17247277
undo,P,word2vec_recipe_20_HOM_HALF,0.3320328
unstable,P,word2vec_recipe_20_HOM_HALF,0.18879354
strive,P,word2vec_recipe_20_HOM_HALF,0.16851716
stew,P,word2vec_recipe_20_HOM_HALF,0.37555528
flat,H,word2vec_recipe_20_HOM_HALF,0.39787042
cube,H,word2vec_recipe_20_HOM_HALF,0.48986247
mango,M,word2vec_recipe_20_HOM_HALF,0.32133856
submit,P,word2vec_recipe_20_HOM_HALF,0.12676959
nowadays,P,word2vec_recipe_20_HOM_HALF,0.17733374
mound,P,word2vec_recipe_20_HOM_HALF,0.46546245
leap,P,word2vec_recipe_20_HOM_HALF,0.2033654
inhale,P,word2vec_recipe_20_HOM_HALF,0.3043906
bayou,M,word2vec_recipe_20_HOM_HALF,0.36248168
redo,P,word2vec_recipe_20_HOM_HALF,0.25353128
sponge,P,word2vec_recipe_20_HOM_HALF,0.39311945
spell,H,word2vec_recipe_20_HOM_HALF,0.21559721
successful,P,word2vec_recipe_20_HOM_HALF,0.259115
charcoal,P,word2vec_recipe_20_HOM_HALF,0.3437907
attachment,P,word2vec_recipe_20_HOM_HALF,0.44075295
teeny,M,word2vec_recipe_20_HOM_HALF,0.4356322
resource,P,word2vec_recipe_20_HOM_HALF,0.13786201
invite,P,word2vec_recipe_20_HOM_HALF,0.30909386
threaten,P,word2vec_recipe_20_HOM_HALF,0.38103852
girdle,P,word2vec_recipe_20_HOM_HALF,0.28521362
rookie,P,word2vec_recipe_20_HOM_HALF,0.18991245
snack,P,word2vec_recipe_20_HOM_HALF,0.37462398
clock,H,word2vec_recipe_20_HOM_HALF,0.42062142
terrible,P,word2vec_recipe_20_HOM_HALF,0.20089987
film,P,word2vec_recipe_20_HOM_HALF,0.43446857
ribbon,P,word2vec_recipe_20_HOM_HALF,0.43491176
mint,H,word2vec_recipe_20_HOM_HALF,0.34298003
dizzy,P,word2vec_recipe_20_HOM_HALF,0.17387122
smooth,P,word2vec_recipe_20_HOM_HALF,0.35786042
spice,P,word2vec_recipe_20_HOM_HALF,0.4472098
awaken,P,word2vec_recipe_20_HOM_HALF,0.24308132
minimum,P,word2vec_recipe_20_HOM_HALF,0.45235622
excitement,P,word2vec_recipe_20_HOM_HALF,0.13895723
ghastly,P,word2vec_recipe_20_HOM_HALF,0.21936716
wallet,M,word2vec_recipe_20_HOM_HALF,0.19262461
nephew,M,word2vec_recipe_20_HOM_HALF,0.11215996
waffle,H,word2vec_recipe_20_HOM_HALF,0.46567523
fighter,P,word2vec_recipe_20_HOM_HALF,0.19015698
clap,P,word2vec_recipe_20_HOM_HALF,0.403979
imply,P,word2vec_recipe_20_HOM_HALF,0.1606322
fit,H,word2vec_recipe_20_HOM_HALF,0.4520456
parrot,P,word2vec_recipe_20_HOM_HALF,0.25790885
diarrhea,M,word2vec_recipe_20_HOM_HALF,0.16632025
applause,P,word2vec_recipe_20_HOM_HALF,0.22751871
grinder,P,word2vec_recipe_20_HOM_HALF,0.39338386
breast,P,word2vec_recipe_20_HOM_HALF,0.3387706
ego,P,word2vec_recipe_20_HOM_HALF,0.09786177
policy,H,word2vec_recipe_20_HOM_HALF,0.16430813
private,P,word2vec_recipe_20_HOM_HALF,0.1644377
mystery,P,word2vec_recipe_20_HOM_HALF,0.25321323
hose,P,word2vec_recipe_20_HOM_HALF,0.26280442
boa,P,word2vec_recipe_20_HOM_HALF,0.19630007
clearance,P,word2vec_recipe_20_HOM_HALF,0.36416408
genius,P,word2vec_recipe_20_HOM_HALF,0.18325377
boil,H,word2vec_recipe_20_HOM_HALF,0.42435697
idiot,P,word2vec_recipe_20_HOM_HALF,0.25853765
meal,H,word2vec_recipe_20_HOM_HALF,0.48905745
neat,P,word2vec_recipe_20_HOM_HALF,0.31860763
cupboard,M,word2vec_recipe_20_HOM_HALF,0.35471535
folk,P,word2vec_recipe_20_HOM_HALF,0.4667098
suggest,P,word2vec_recipe_20_HOM_HALF,0.36595482
extensive,P,word2vec_recipe_20_HOM_HALF,0.13370436
mushy,P,word2vec_recipe_20_HOM_HALF,0.36120296
vomit,P,word2vec_recipe_20_HOM_HALF,0.18808125
daytime,M,word2vec_recipe_20_HOM_HALF,0.20487799
prostate,P,word2vec_recipe_20_HOM_HALF,0.12535863
horizontal,M,word2vec_recipe_20_HOM_HALF,0.3258119
fuss,P,word2vec_recipe_20_HOM_HALF,0.35615513
fiber,P,word2vec_recipe_20_HOM_HALF,0.25447732
fame,P,word2vec_recipe_20_HOM_HALF,0.17371921
mule,H,word2vec_recipe_20_HOM_HALF,0.18542662
lagoon,P,word2vec_recipe_20_HOM_HALF,0.24229509
crank,P,word2vec_recipe_20_HOM_HALF,0.48280144
immediate,P,word2vec_recipe_20_HOM_HALF,0.4316865
letter,P,word2vec_recipe_20_HOM_HALF,0.4244595
distant,P,word2vec_recipe_20_HOM_HALF,0.1286416
shrink,P,word2vec_recipe_20_HOM_HALF,0.42551997
upward,P,word2vec_recipe_20_HOM_HALF,0.3057457
dip,P,word2vec_recipe_20_HOM_HALF,0.49032706
functional,P,word2vec_recipe_20_HOM_HALF,0.112389624
chest,P,word2vec_recipe_20_HOM_HALF,0.370873
carefree,M,word2vec_recipe_20_HOM_HALF,0.19659133
slot,P,word2vec_recipe_20_HOM_HALF,0.41683745
campfire,P,word2vec_recipe_20_HOM_HALF,0.4492163
intestine,P,word2vec_recipe_20_HOM_HALF,0.27972314
linen,P,word2vec_recipe_20_HOM_HALF,0.38165578
value,P,word2vec_recipe_20_HOM_HALF,0.26558524
beg,P,word2vec_recipe_20_HOM_HALF,0.14799991
shoulder,P,word2vec_recipe_20_HOM_HALF,0.31340155
cheerful,P,word2vec_recipe_20_HOM_HALF,0.18305266
jury,P,word2vec_recipe_20_HOM_HALF,0.13179533
roast,P,word2vec_recipe_20_HOM_HALF,0.38223708
restore,P,word2vec_recipe_20_HOM_HALF,0.44581223
classroom,M,word2vec_recipe_20_HOM_HALF,0.2143718
millimeter,M,word2vec_recipe_20_HOM_HALF,0.26566058
defective,P,word2vec_recipe_20_HOM_HALF,0.35080326
humidity,P,word2vec_recipe_20_HOM_HALF,0.36480743
dwarf,P,word2vec_recipe_20_HOM_HALF,0.23881277
cheek,P,word2vec_recipe_20_HOM_HALF,0.37480515
appetite,P,word2vec_recipe_20_HOM_HALF,0.33073246
recommend,P,word2vec_recipe_20_HOM_HALF,0.34395954
powerful,P,word2vec_recipe_20_HOM_HALF,0.35374746
consistent,P,word2vec_recipe_20_HOM_HALF,0.41409278
squeaky,M,word2vec_recipe_20_HOM_HALF,0.35281026
wreath,P,word2vec_recipe_20_HOM_HALF,0.34304488
worldwide,P,word2vec_recipe_20_HOM_HALF,0.13245054
teacher,M,word2vec_recipe_20_HOM_HALF,0.13722098
improper,P,word2vec_recipe_20_HOM_HALF,0.15879579
puddle,P,word2vec_recipe_20_HOM_HALF,0.45372832
despair,P,word2vec_recipe_20_HOM_HALF,0.20535624
purgatory,P,word2vec_recipe_20_HOM_HALF,0.30148748
dirt,P,word2vec_recipe_20_HOM_HALF,0.43614396
pupil,H,word2vec_recipe_20_HOM_HALF,0.29736102
spatter,P,word2vec_recipe_20_HOM_HALF,0.39687237
oasis,P,word2vec_recipe_20_HOM_HALF,0.22498886
serum,P,word2vec_recipe_20_HOM_HALF,0.20387746
silk,P,word2vec_recipe_20_HOM_HALF,0.49037945
pooch,M,word2vec_recipe_20_HOM_HALF,0.23571129
smash,P,word2vec_recipe_20_HOM_HALF,0.4261761
handsome,P,word2vec_recipe_20_HOM_HALF,0.32403603
criticism,P,word2vec_recipe_20_HOM_HALF,0.23187715
telegram,M,word2vec_recipe_20_HOM_HALF,0.15186152
accelerate,P,word2vec_recipe_20_HOM_HALF,0.28631404
trifle,P,word2vec_recipe_20_HOM_HALF,0.4320651
drift,P,word2vec_recipe_20_HOM_HALF,0.26351225
slit,P,word2vec_recipe_20_HOM_HALF,0.40434992
intend,P,word2vec_recipe_20_HOM_HALF,0.42157423
obvious,P,word2vec_recipe_20_HOM_HALF,0.3015997
bran,M,word2vec_recipe_20_HOM_HALF,0.38737595
candle,P,word2vec_recipe_20_HOM_HALF,0.44226125
chore,P,word2vec_recipe_20_HOM_HALF,0.14075914
ignore,M,word2vec_recipe_20_HOM_HALF,0.30398372
regal,P,word2vec_recipe_20_HOM_HALF,0.2447302
initial,P,word2vec_recipe_20_HOM_HALF,0.3191744
hunger,P,word2vec_recipe_20_HOM_HALF,0.20142712
liberate,P,word2vec_recipe_20_HOM_HALF,0.23021446
caramel,P,word2vec_recipe_20_HOM_HALF,0.37315214
windmill,P,word2vec_recipe_20_HOM_HALF,0.24569511
roller,P,word2vec_recipe_20_HOM_HALF,0.42429197
darn,H,word2vec_recipe_20_HOM_HALF,0.24096052
manger,M,word2vec_recipe_20_HOM_HALF,0.15068667
outdoor,M,word2vec_recipe_20_HOM_HALF,0.43383908
raft,H,word2vec_recipe_20_HOM_HALF,0.4127126
ketchup,M,word2vec_recipe_20_HOM_HALF,0.3631501
equation,P,word2vec_recipe_20_HOM_HALF,0.14824203
novel,H,word2vec_recipe_20_HOM_HALF,0.13602076
salad,P,word2vec_recipe_20_HOM_HALF,0.36442673
newspaper,P,word2vec_recipe_20_HOM_HALF,0.40344825
flask,P,word2vec_recipe_20_HOM_HALF,0.30788139
toothpaste,M,word2vec_recipe_20_HOM_HALF,0.37330848
nuisance,M,word2vec_recipe_20_HOM_HALF,0.20540375
disagree,P,word2vec_recipe_20_HOM_HALF,0.092902444
station,P,word2vec_recipe_20_HOM_HALF,0.52048874
entrance,H,word2vec_recipe_20_HOM_HALF,0.20032834
signature,P,word2vec_recipe_20_HOM_HALF,0.31311324
ridge,P,word2vec_recipe_20_HOM_HALF,0.38658538
bless,P,word2vec_recipe_20_HOM_HALF,0.19068602
hatch,H,word2vec_recipe_20_HOM_HALF,0.38491756
iodine,P,word2vec_recipe_20_HOM_HALF,0.20071784
manual,P,word2vec_recipe_20_HOM_HALF,0.39314064
hangover,M,word2vec_recipe_20_HOM_HALF,0.3260655
session,P,word2vec_recipe_20_HOM_HALF,0.33637592
freak,H,word2vec_recipe_20_HOM_HALF,0.28900778
gum,H,word2vec_recipe_20_HOM_HALF,0.39119798
invoke,P,word2vec_recipe_20_HOM_HALF,0.16830306
curse,P,word2vec_recipe_20_HOM_HALF,0.102345645
allergy,M,word2vec_recipe_20_HOM_HALF,0.25655767
prompt,P,word2vec_recipe_20_HOM_HALF,0.16083479
groove,P,word2vec_recipe_20_HOM_HALF,0.33444172
brag,P,word2vec_recipe_20_HOM_HALF,0.21055502
theme,P,word2vec_recipe_20_HOM_HALF,0.2874841
election,P,word2vec_recipe_20_HOM_HALF,0.19846153
karate,M,word2vec_recipe_20_HOM_HALF,0.158038
extension,P,word2vec_recipe_20_HOM_HALF,0.23358592
sky,P,word2vec_recipe_20_HOM_HALF,0.48770943
yen,H,word2vec_recipe_20_HOM_HALF,0.35244256
cathedral,P,word2vec_recipe_20_HOM_HALF,0.21342069
lateral,P,word2vec_recipe_20_HOM_HALF,0.20721272
cardboard,M,word2vec_recipe_20_HOM_HALF,0.3563674
discover,P,word2vec_recipe_20_HOM_HALF,0.14771405
zip,H,word2vec_recipe_20_HOM_HALF,0.32668546
alligator,M,word2vec_recipe_20_HOM_HALF,0.39280194
dedication,P,word2vec_recipe_20_HOM_HALF,0.17425863
crutch,P,word2vec_recipe_20_HOM_HALF,0.2098707
gross,P,word2vec_recipe_20_HOM_HALF,0.26254433
behalf,P,word2vec_recipe_20_HOM_HALF,0.21392874
fist,P,word2vec_recipe_20_HOM_HALF,0.41608727
clubhouse,M,word2vec_recipe_20_HOM_HALF,0.20605855
coil,H,word2vec_recipe_20_HOM_HALF,0.30018303
bait,P,word2vec_recipe_20_HOM_HALF,0.2910097
activate,P,word2vec_recipe_20_HOM_HALF,0.39982468
difficult,P,word2vec_recipe_20_HOM_HALF,0.33522645
tiara,P,word2vec_recipe_20_HOM_HALF,0.25109544
slack,H,word2vec_recipe_20_HOM_HALF,0.2721797
bleed,P,word2vec_recipe_20_HOM_HALF,0.39396805
valve,P,word2vec_recipe_20_HOM_HALF,0.4453562
express,P,word2vec_recipe_20_HOM_HALF,0.4533563
midnight,P,word2vec_recipe_20_HOM_HALF,0.32115686
volatile,P,word2vec_recipe_20_HOM_HALF,0.25588953
sudden,P,word2vec_recipe_20_HOM_HALF,0.33530954
taste,P,word2vec_recipe_20_HOM_HALF,0.30483112
tub,P,word2vec_recipe_20_HOM_HALF,0.43491283
pencil,P,word2vec_recipe_20_HOM_HALF,0.32051575
blend,P,word2vec_recipe_20_HOM_HALF,0.3880047
survive,P,word2vec_recipe_20_HOM_HALF,0.15523936
riot,P,word2vec_recipe_20_HOM_HALF,0.20115104
tent,P,word2vec_recipe_20_HOM_HALF,0.45043227
polite,P,word2vec_recipe_20_HOM_HALF,0.26577958
shower,H,word2vec_recipe_20_HOM_HALF,0.46916428
scold,P,word2vec_recipe_20_HOM_HALF,0.1538018
ruthless,M,word2vec_recipe_20_HOM_HALF,0.1669057
historic,P,word2vec_recipe_20_HOM_HALF,0.14893742
convenient,P,word2vec_recipe_20_HOM_HALF,0.34176692
tolerant,P,word2vec_recipe_20_HOM_HALF,0.18564932
pool,H,word2vec_recipe_20_HOM_HALF,0.47587344
icebox,P,word2vec_recipe_20_HOM_HALF,0.40136418
belief,P,word2vec_recipe_20_HOM_HALF,0.16249399
polar,P,word2vec_recipe_20_HOM_HALF,0.27436638
handful,P,word2vec_recipe_20_HOM_HALF,0.48151287
picky,M,word2vec_recipe_20_HOM_HALF,0.2251089
sunglasses,M,word2vec_recipe_20_HOM_HALF,0.2167533
rumble,P,word2vec_recipe_20_HOM_HALF,0.30137023
tofu,M,word2vec_recipe_20_HOM_HALF,0.3857613
scream,P,word2vec_recipe_20_HOM_HALF,0.3347242
coaster,P,word2vec_recipe_20_HOM_HALF,0.25008893
cash,P,word2vec_recipe_20_HOM_HALF,0.16679677
mode,H,word2vec_recipe_20_HOM_HALF,0.46472877
forum,P,word2vec_recipe_20_HOM_HALF,0.17374195
posse,P,word2vec_recipe_20_HOM_HALF,0.17568651
swarm,H,word2vec_recipe_20_HOM_HALF,0.17186247
compete,P,word2vec_recipe_20_HOM_HALF,0.21190478
swell,P,word2vec_recipe_20_HOM_HALF,0.45797202
memo,M,word2vec_recipe_20_HOM_HALF,0.14926594
motor,P,word2vec_recipe_20_HOM_HALF,0.41883513
print,P,word2vec_recipe_20_HOM_HALF,0.32348493
patio,P,word2vec_recipe_20_HOM_HALF,0.29578927
stump,P,word2vec_recipe_20_HOM_HALF,0.26222977
demo,P,word2vec_recipe_20_HOM_HALF,0.1412954
lunchtime,M,word2vec_recipe_20_HOM_HALF,0.315478
bird,P,word2vec_recipe_20_HOM_HALF,0.34286648
tortoise,P,word2vec_recipe_20_HOM_HALF,0.23442063
tomb,P,word2vec_recipe_20_HOM_HALF,0.22047697
scarecrow,P,word2vec_recipe_20_HOM_HALF,0.2522855
phase,P,word2vec_recipe_20_HOM_HALF,0.45880452
flop,P,word2vec_recipe_20_HOM_HALF,0.43470713
rooster,M,word2vec_recipe_20_HOM_HALF,0.30287746
horror,P,word2vec_recipe_20_HOM_HALF,0.10473234
compassion,M,word2vec_recipe_20_HOM_HALF,0.20742612
confess,P,word2vec_recipe_20_HOM_HALF,0.121196195
unleash,M,word2vec_recipe_20_HOM_HALF,0.17680174
deodorant,P,word2vec_recipe_20_HOM_HALF,0.20094019
tension,P,word2vec_recipe_20_HOM_HALF,0.2717667
homesick,M,word2vec_recipe_20_HOM_HALF,0.1645999
football,P,word2vec_recipe_20_HOM_HALF,0.36060715
thong,P,word2vec_recipe_20_HOM_HALF,0.19958092
poodle,M,word2vec_recipe_20_HOM_HALF,0.21530357
dangerous,M,word2vec_recipe_20_HOM_HALF,0.26412392
study,P,word2vec_recipe_20_HOM_HALF,0.16771053
pioneer,P,word2vec_recipe_20_HOM_HALF,0.27176186
explode,P,word2vec_recipe_20_HOM_HALF,0.37885875
distinct,P,word2vec_recipe_20_HOM_HALF,0.38079754
crummy,P,word2vec_recipe_20_HOM_HALF,0.28592739
choice,P,word2vec_recipe_20_HOM_HALF,0.3878877
residual,P,word2vec_recipe_20_HOM_HALF,0.41165054
carnival,P,word2vec_recipe_20_HOM_HALF,0.268906
slop,P,word2vec_recipe_20_HOM_HALF,0.31809562
thump,P,word2vec_recipe_20_HOM_HALF,0.34165794
vest,P,word2vec_recipe_20_HOM_HALF,0.23181504
fireplace,P,word2vec_recipe_20_HOM_HALF,0.30802062
measure,P,word2vec_recipe_20_HOM_HALF,0.46559975
pyramid,P,word2vec_recipe_20_HOM_HALF,0.43023598
duck,H,word2vec_recipe_20_HOM_HALF,0.34133404
foot,P,word2vec_recipe_20_HOM_HALF,0.38973778
dictionary,P,word2vec_recipe_20_HOM_HALF,0.13143359
disguise,P,word2vec_recipe_20_HOM_HALF,0.25170955
mosquito,M,word2vec_recipe_20_HOM_HALF,0.20465846
butter,P,word2vec_recipe_20_HOM_HALF,0.39947847
horizon,P,word2vec_recipe_20_HOM_HALF,0.27049798
blaze,H,word2vec_recipe_20_HOM_HALF,0.3468879
student,P,word2vec_recipe_20_HOM_HALF,0.18942961
sinful,P,word2vec_recipe_20_HOM_HALF,0.30959582
build,P,word2vec_recipe_20_HOM_HALF,0.47830427
incident,P,word2vec_recipe_20_HOM_HALF,0.18408898
aside,P,word2vec_recipe_20_HOM_HALF,0.5006731
unlikely,P,word2vec_recipe_20_HOM_HALF,0.35148644
picnic,P,word2vec_recipe_20_HOM_HALF,0.35561144
pasture,P,word2vec_recipe_20_HOM_HALF,0.1500901
group,P,word2vec_recipe_20_HOM_HALF,0.40351442
precious,P,word2vec_recipe_20_HOM_HALF,0.31608695
depot,P,word2vec_recipe_20_HOM_HALF,0.1857941
portal,P,word2vec_recipe_20_HOM_HALF,0.14086385
outdoors,P,word2vec_recipe_20_HOM_HALF,0.32538772
toil,H,word2vec_recipe_20_HOM_HALF,0.2908079
monitor,P,word2vec_recipe_20_HOM_HALF,0.36384243
dilemma,P,word2vec_recipe_20_HOM_HALF,0.1524669
gadget,M,word2vec_recipe_20_HOM_HALF,0.25216413
sample,P,word2vec_recipe_20_HOM_HALF,0.4146124
staple,H,word2vec_recipe_20_HOM_HALF,0.3685484
drain,P,word2vec_recipe_20_HOM_HALF,0.4533345
buffer,H,word2vec_recipe_20_HOM_HALF,0.20799045
success,P,word2vec_recipe_20_HOM_HALF,0.26832247
witness,P,word2vec_recipe_20_HOM_HALF,0.11634322
thumb,P,word2vec_recipe_20_HOM_HALF,0.3743353
velvet,P,word2vec_recipe_20_HOM_HALF,0.36441976
stingy,P,word2vec_recipe_20_HOM_HALF,0.34366006
parade,P,word2vec_recipe_20_HOM_HALF,0.18978089
necklace,M,word2vec_recipe_20_HOM_HALF,0.23587337
arise,P,word2vec_recipe_20_HOM_HALF,0.25608864
anal,P,word2vec_recipe_20_HOM_HALF,0.17274393
cook,P,word2vec_recipe_20_HOM_HALF,0.4429012
carpet,P,word2vec_recipe_20_HOM_HALF,0.304253
highlight,P,word2vec_recipe_20_HOM_HALF,0.24997413
grizzly,P,word2vec_recipe_20_HOM_HALF,0.18609878
blank,P,word2vec_recipe_20_HOM_HALF,0.28825402
funk,H,word2vec_recipe_20_HOM_HALF,0.2046289
enhance,M,word2vec_recipe_20_HOM_HALF,0.2939942
shaker,P,word2vec_recipe_20_HOM_HALF,0.30559388
phrase,P,word2vec_recipe_20_HOM_HALF,0.14010991
perfection,P,word2vec_recipe_20_HOM_HALF,0.35081902
scripture,P,word2vec_recipe_20_HOM_HALF,0.2378582
sociable,P,word2vec_recipe_20_HOM_HALF,0.2510127
knuckle,P,word2vec_recipe_20_HOM_HALF,0.387155
shatter,P,word2vec_recipe_20_HOM_HALF,0.26732957
dummy,P,word2vec_recipe_20_HOM_HALF,0.2007643
bridge,H,word2vec_recipe_20_HOM_HALF,0.27515912
grind,P,word2vec_recipe_20_HOM_HALF,0.3994859
puzzle,P,word2vec_recipe_20_HOM_HALF,0.2807309
skunk,P,word2vec_recipe_20_HOM_HALF,0.16987029
viewer,P,word2vec_recipe_20_HOM_HALF,0.5166504
jest,P,word2vec_recipe_20_HOM_HALF,0.24340683
compliment,P,word2vec_recipe_20_HOM_HALF,0.3102411
hoot,P,word2vec_recipe_20_HOM_HALF,0.19823825
formal,P,word2vec_recipe_20_HOM_HALF,0.28955856
pilot,P,word2vec_recipe_20_HOM_HALF,0.4244561
harsh,P,word2vec_recipe_20_HOM_HALF,0.27621788
simple,P,word2vec_recipe_20_HOM_HALF,0.36669457
bastard,P,word2vec_recipe_20_HOM_HALF,0.19733162
gel,P,word2vec_recipe_20_HOM_HALF,0.40861973
monastery,M,word2vec_recipe_20_HOM_HALF,0.1941807
belly,P,word2vec_recipe_20_HOM_HALF,0.35559627
traffic,P,word2vec_recipe_20_HOM_HALF,0.24814291
kinky,P,word2vec_recipe_20_HOM_HALF,0.2199536
rash,H,word2vec_recipe_20_HOM_HALF,0.2013032
assault,P,word2vec_recipe_20_HOM_HALF,0.19719124
cross,P,word2vec_recipe_20_HOM_HALF,0.32348096
style,P,word2vec_recipe_20_HOM_HALF,0.3774725
pad,H,word2vec_recipe_20_HOM_HALF,0.3828479
oatmeal,P,word2vec_recipe_20_HOM_HALF,0.3546859
facial,P,word2vec_recipe_20_HOM_HALF,0.33084255
delight,P,word2vec_recipe_20_HOM_HALF,0.29976
ether,P,word2vec_recipe_20_HOM_HALF,0.18607694
stomach,P,word2vec_recipe_20_HOM_HALF,0.29972067
diaper,P,word2vec_recipe_20_HOM_HALF,0.31992826
syndrome,P,word2vec_recipe_20_HOM_HALF,0.13911414
expertise,M,word2vec_recipe_20_HOM_HALF,0.116389364
army,P,word2vec_recipe_20_HOM_HALF,0.3385485
roadside,P,word2vec_recipe_20_HOM_HALF,0.22491756
appetizer,M,word2vec_recipe_20_HOM_HALF,0.4154693
opinion,P,word2vec_recipe_20_HOM_HALF,0.2917947
float,P,word2vec_recipe_20_HOM_HALF,0.5043892
challenge,P,word2vec_recipe_20_HOM_HALF,0.23496574
lonely,P,word2vec_recipe_20_HOM_HALF,0.17709047
bliss,P,word2vec_recipe_20_HOM_HALF,0.3462195
sauce,P,word2vec_recipe_20_HOM_HALF,0.35750443
commence,M,word2vec_recipe_20_HOM_HALF,0.23945099
goof,P,word2vec_recipe_20_HOM_HALF,0.2188475
galley,P,word2vec_recipe_20_HOM_HALF,0.14639276
tradition,P,word2vec_recipe_20_HOM_HALF,0.25210872
cheap,P,word2vec_recipe_20_HOM_HALF,0.29823467
fantastic,P,word2vec_recipe_20_HOM_HALF,0.26716572
delicious,P,word2vec_recipe_20_HOM_HALF,0.28318572
frail,H,word2vec_recipe_20_HOM_HALF,0.12276221
funnel,P,word2vec_recipe_20_HOM_HALF,0.45988917
hedge,P,word2vec_recipe_20_HOM_HALF,0.1565606
uncertain,P,word2vec_recipe_20_HOM_HALF,0.1666528
depression,P,word2vec_recipe_20_HOM_HALF,0.41896808
temptation,P,word2vec_recipe_20_HOM_HALF,0.42998615
jail,P,word2vec_recipe_20_HOM_HALF,0.17372873
depend,P,word2vec_recipe_20_HOM_HALF,0.40812302
diner,P,word2vec_recipe_20_HOM_HALF,0.43920353
quail,H,word2vec_recipe_20_HOM_HALF,0.3787868
space,P,word2vec_recipe_20_HOM_HALF,0.42840385
slum,P,word2vec_recipe_20_HOM_HALF,0.13992533
hip,H,word2vec_recipe_20_HOM_HALF,0.38071096
fix,P,word2vec_recipe_20_HOM_HALF,0.38838428
persist,P,word2vec_recipe_20_HOM_HALF,0.10675114
serve,P,word2vec_recipe_20_HOM_HALF,0.4340932
range,P,word2vec_recipe_20_HOM_HALF,0.41133514
foolish,P,word2vec_recipe_20_HOM_HALF,0.14062916
explosive,P,word2vec_recipe_20_HOM_HALF,0.1847355
immune,P,word2vec_recipe_20_HOM_HALF,0.18441486
thrive,P,word2vec_recipe_20_HOM_HALF,0.17436884
synthetic,P,word2vec_recipe_20_HOM_HALF,0.21368751
blah,P,word2vec_recipe_20_HOM_HALF,0.15379332
compromise,P,word2vec_recipe_20_HOM_HALF,0.1683839
cucumber,P,word2vec_recipe_20_HOM_HALF,0.33254287
illness,P,word2vec_recipe_20_HOM_HALF,0.4446734
sketchy,P,word2vec_recipe_20_HOM_HALF,0.08871265
calcium,P,word2vec_recipe_20_HOM_HALF,0.2593673
bulk,P,word2vec_recipe_20_HOM_HALF,0.47693643
iceberg,P,word2vec_recipe_20_HOM_HALF,0.37592447
arm,H,word2vec_recipe_20_HOM_HALF,0.4082903
vanishing,P,word2vec_recipe_20_HOM_HALF,0.17159666
cease,P,word2vec_recipe_20_HOM_HALF,0.30195558
faucet,M,word2vec_recipe_20_HOM_HALF,0.4169331
shudder,P,word2vec_recipe_20_HOM_HALF,0.11251262
mission,P,word2vec_recipe_20_HOM_HALF,0.35839874
campaign,P,word2vec_recipe_20_HOM_HALF,0.13303366
secondary,P,word2vec_recipe_20_HOM_HALF,0.30751
uneasy,P,word2vec_recipe_20_HOM_HALF,0.12072519
anxiety,P,word2vec_recipe_20_HOM_HALF,0.18620858
savior,P,word2vec_recipe_20_HOM_HALF,0.14964718
clarify,P,word2vec_recipe_20_HOM_HALF,0.47297937
acute,P,word2vec_recipe_20_HOM_HALF,0.2484003
patent,P,word2vec_recipe_20_HOM_HALF,0.28530267
muddy,P,word2vec_recipe_20_HOM_HALF,0.3869093
thunder,P,word2vec_recipe_20_HOM_HALF,0.22199659
pose,H,word2vec_recipe_20_HOM_HALF,0.16158281
bounce,P,word2vec_recipe_20_HOM_HALF,0.44801867
total,P,word2vec_recipe_20_HOM_HALF,0.30655527
lesson,P,word2vec_recipe_20_HOM_HALF,0.11788573
judge,P,word2vec_recipe_20_HOM_HALF,0.2955644
female,P,word2vec_recipe_20_HOM_HALF,0.23115791
scenario,P,word2vec_recipe_20_HOM_HALF,0.13417947
pistol,P,word2vec_recipe_20_HOM_HALF,0.19488902
dissolve,P,word2vec_recipe_20_HOM_HALF,0.4295601
chick,P,word2vec_recipe_20_HOM_HALF,0.39259392
squash,H,word2vec_recipe_20_HOM_HALF,0.38736275
gazelle,M,word2vec_recipe_20_HOM_HALF,0.17561164
veal,P,word2vec_recipe_20_HOM_HALF,0.35386875
pile,H,word2vec_recipe_20_HOM_HALF,0.44724378
loser,P,word2vec_recipe_20_HOM_HALF,0.21784453
boast,P,word2vec_recipe_20_HOM_HALF,0.2299962
clasp,P,word2vec_recipe_20_HOM_HALF,0.30714685
proximity,M,word2vec_recipe_20_HOM_HALF,0.23148027
sensory,P,word2vec_recipe_20_HOM_HALF,0.14235757
permission,P,word2vec_recipe_20_HOM_HALF,0.24745996
lover,P,word2vec_recipe_20_HOM_HALF,0.32489762
starter,P,word2vec_recipe_20_HOM_HALF,0.39292952
pro,H,word2vec_recipe_20_HOM_HALF,0.37099153
poverty,P,word2vec_recipe_20_HOM_HALF,0.1517541
random,P,word2vec_recipe_20_HOM_HALF,0.38727504
lethal,M,word2vec_recipe_20_HOM_HALF,0.18868557
indoor,M,word2vec_recipe_20_HOM_HALF,0.42262906
staff,H,word2vec_recipe_20_HOM_HALF,0.24934202
unattended,M,word2vec_recipe_20_HOM_HALF,0.3465839
torch,P,word2vec_recipe_20_HOM_HALF,0.48851615
official,P,word2vec_recipe_20_HOM_HALF,0.26348516
obtain,P,word2vec_recipe_20_HOM_HALF,0.4260401
gown,P,word2vec_recipe_20_HOM_HALF,0.18523228
blackjack,P,word2vec_recipe_20_HOM_HALF,0.163979
sodium,M,word2vec_recipe_20_HOM_HALF,0.23570326
outrageous,P,word2vec_recipe_20_HOM_HALF,0.24340044
plunge,P,word2vec_recipe_20_HOM_HALF,0.46122032
coach,P,word2vec_recipe_20_HOM_HALF,0.17879379
rude,P,word2vec_recipe_20_HOM_HALF,0.095860235
church,P,word2vec_recipe_20_HOM_HALF,0.31251445
rock,H,word2vec_recipe_20_HOM_HALF,0.50832146
offensive,P,word2vec_recipe_20_HOM_HALF,0.110047236
strawberry,P,word2vec_recipe_20_HOM_HALF,0.31328905
invitation,P,word2vec_recipe_20_HOM_HALF,0.17286678
gloss,H,word2vec_recipe_20_HOM_HALF,0.4801829
mistletoe,P,word2vec_recipe_20_HOM_HALF,0.23099926
rot,P,word2vec_recipe_20_HOM_HALF,0.2525719
possess,P,word2vec_recipe_20_HOM_HALF,0.15685838
lottery,P,word2vec_recipe_20_HOM_HALF,0.19699629
invaluable,M,word2vec_recipe_20_HOM_HALF,0.12997004
jiffy,M,word2vec_recipe_20_HOM_HALF,0.40228516
hermit,P,word2vec_recipe_20_HOM_HALF,0.13486047
token,P,word2vec_recipe_20_HOM_HALF,0.19548701
telephone,P,word2vec_recipe_20_HOM_HALF,0.2863707
complain,P,word2vec_recipe_20_HOM_HALF,0.13045776
atop,P,word2vec_recipe_20_HOM_HALF,0.4332797
horsepower,P,word2vec_recipe_20_HOM_HALF,0.29816005
harp,P,word2vec_recipe_20_HOM_HALF,0.21700886
joke,P,word2vec_recipe_20_HOM_HALF,0.17936215
bald,P,word2vec_recipe_20_HOM_HALF,0.30122066
fuzzy,P,word2vec_recipe_20_HOM_HALF,0.36958835
turf,P,word2vec_recipe_20_HOM_HALF,0.28934583
sword,P,word2vec_recipe_20_HOM_HALF,0.33090016
library,P,word2vec_recipe_20_HOM_HALF,0.15209241
third,P,word2vec_recipe_20_HOM_HALF,0.48028868
thermostat,M,word2vec_recipe_20_HOM_HALF,0.28973684
sprinkle,P,word2vec_recipe_20_HOM_HALF,0.3842381
obscure,P,word2vec_recipe_20_HOM_HALF,0.13087237
unfamiliar,P,word2vec_recipe_20_HOM_HALF,0.18411241
ferret,P,word2vec_recipe_20_HOM_HALF,0.18746452
complaint,P,word2vec_recipe_20_HOM_HALF,0.09954661
inch,P,word2vec_recipe_20_HOM_HALF,0.3429741
convince,M,word2vec_recipe_20_HOM_HALF,0.097296275
peasant,P,word2vec_recipe_20_HOM_HALF,0.34542504
fiery,P,word2vec_recipe_20_HOM_HALF,0.3167301
entire,P,word2vec_recipe_20_HOM_HALF,0.4640914
rump,P,word2vec_recipe_20_HOM_HALF,0.3456286
file,H,word2vec_recipe_20_HOM_HALF,0.44327167
awake,P,word2vec_recipe_20_HOM_HALF,0.30455709
toast,H,word2vec_recipe_20_HOM_HALF,0.45301265
reaction,P,word2vec_recipe_20_HOM_HALF,0.29176477
quest,P,word2vec_recipe_20_HOM_HALF,0.21944115
yogurt,M,word2vec_recipe_20_HOM_HALF,0.39656267
common,P,word2vec_recipe_20_HOM_HALF,0.29865643
fluff,P,word2vec_recipe_20_HOM_HALF,0.56273085
rich,P,word2vec_recipe_20_HOM_HALF,0.36688864
mistress,P,word2vec_recipe_20_HOM_HALF,0.17372657
reload,M,word2vec_recipe_20_HOM_HALF,0.21332209
aroma,P,word2vec_recipe_20_HOM_HALF,0.37365592
model,P,word2vec_recipe_20_HOM_HALF,0.3453072
social,P,word2vec_recipe_20_HOM_HALF,0.20854777
pregnant,P,word2vec_recipe_20_HOM_HALF,0.22160509
disturb,P,word2vec_recipe_20_HOM_HALF,0.43870488
peel,H,word2vec_recipe_20_HOM_HALF,0.41127345
cleanse,P,word2vec_recipe_20_HOM_HALF,0.2518457
puff,P,word2vec_recipe_20_HOM_HALF,0.41165733
overdose,P,word2vec_recipe_20_HOM_HALF,0.19918308
brain,P,word2vec_recipe_20_HOM_HALF,0.33135128
cigarette,M,word2vec_recipe_20_HOM_HALF,0.28766668
grief,P,word2vec_recipe_20_HOM_HALF,0.13342127
bungalow,M,word2vec_recipe_20_HOM_HALF,0.14440817
heresy,P,word2vec_recipe_20_HOM_HALF,0.086193115
union,P,word2vec_recipe_20_HOM_HALF,0.3422837
wartime,M,word2vec_recipe_20_HOM_HALF,0.13602822
bathe,P,word2vec_recipe_20_HOM_HALF,0.43347782
avoid,P,word2vec_recipe_20_HOM_HALF,0.39536425
sweetie,M,word2vec_recipe_20_HOM_HALF,0.2174347
greed,M,word2vec_recipe_20_HOM_HALF,0.28969818
short,P,word2vec_recipe_20_HOM_HALF,0.47163594
trailer,P,word2vec_recipe_20_HOM_HALF,0.20578493
booze,P,word2vec_recipe_20_HOM_HALF,0.30752933
lobe,P,word2vec_recipe_20_HOM_HALF,0.38221726
negative,P,word2vec_recipe_20_HOM_HALF,0.19777954
bicycle,P,word2vec_recipe_20_HOM_HALF,0.2589253
circular,P,word2vec_recipe_20_HOM_HALF,0.36932483
creature,P,word2vec_recipe_20_HOM_HALF,0.23433104
farmhouse,M,word2vec_recipe_20_HOM_HALF,0.29362905
heaven,P,word2vec_recipe_20_HOM_HALF,0.3213801
persistent,P,word2vec_recipe_20_HOM_HALF,0.13756414
chap,H,word2vec_recipe_20_HOM_HALF,0.17253569
avocado,P,word2vec_recipe_20_HOM_HALF,0.33329594
sneak,P,word2vec_recipe_20_HOM_HALF,0.28640062
swine,P,word2vec_recipe_20_HOM_HALF,0.1425018
organ,P,word2vec_recipe_20_HOM_HALF,0.27334893
nifty,M,word2vec_recipe_20_HOM_HALF,0.21475308
imminent,M,word2vec_recipe_20_HOM_HALF,0.220979
voice,P,word2vec_recipe_20_HOM_HALF,0.1257838
memory,P,word2vec_recipe_20_HOM_HALF,0.19673118
lumber,H,word2vec_recipe_20_HOM_HALF,0.17597921
broadcast,P,word2vec_recipe_20_HOM_HALF,0.14346945
famous,P,word2vec_recipe_20_HOM_HALF,0.18978378
speck,P,word2vec_recipe_20_HOM_HALF,0.42048922
pickle,P,word2vec_recipe_20_HOM_HALF,0.37347552
unhappy,P,word2vec_recipe_20_HOM_HALF,0.1355996
lid,P,word2vec_recipe_20_HOM_HALF,0.42062968
tropical,P,word2vec_recipe_20_HOM_HALF,0.31400198
loyal,M,word2vec_recipe_20_HOM_HALF,0.11231323
comfy,M,word2vec_recipe_20_HOM_HALF,0.22075067
retract,P,word2vec_recipe_20_HOM_HALF,0.16967373
balcony,P,word2vec_recipe_20_HOM_HALF,0.20950584
combo,P,word2vec_recipe_20_HOM_HALF,0.37091476
friction,P,word2vec_recipe_20_HOM_HALF,0.27569097
canvas,P,word2vec_recipe_20_HOM_HALF,0.31822732
domain,P,word2vec_recipe_20_HOM_HALF,0.16602446
baseball,P,word2vec_recipe_20_HOM_HALF,0.34645683
growth,P,word2vec_recipe_20_HOM_HALF,0.27770135
putter,H,word2vec_recipe_20_HOM_HALF,0.34681433
thirst,P,word2vec_recipe_20_HOM_HALF,0.22880793
instant,P,word2vec_recipe_20_HOM_HALF,0.48092833
crown,P,word2vec_recipe_20_HOM_HALF,0.4430555
gold,P,word2vec_recipe_20_HOM_HALF,0.48290578
insurance,P,word2vec_recipe_20_HOM_HALF,0.317992
merchant,P,word2vec_recipe_20_HOM_HALF,0.14495745
cavern,P,word2vec_recipe_20_HOM_HALF,0.2434042
satin,P,word2vec_recipe_20_HOM_HALF,0.4235606
riddle,H,word2vec_recipe_20_HOM_HALF,0.25404936
structure,P,word2vec_recipe_20_HOM_HALF,0.42059964
double,P,word2vec_recipe_20_HOM_HALF,0.4805429
copy,P,word2vec_recipe_20_HOM_HALF,0.29693714
error,P,word2vec_recipe_20_HOM_HALF,0.2928418
crab,H,word2vec_recipe_20_HOM_HALF,0.38656574
deduct,P,word2vec_recipe_20_HOM_HALF,0.23620147
ghost,P,word2vec_recipe_20_HOM_HALF,0.31335336
assumption,P,word2vec_recipe_20_HOM_HALF,0.10823657
filter,P,word2vec_recipe_20_HOM_HALF,0.3681842
gasp,P,word2vec_recipe_20_HOM_HALF,0.19154264
festive,P,word2vec_recipe_20_HOM_HALF,0.36844605
faithful,P,word2vec_recipe_20_HOM_HALF,0.15899298
upper,P,word2vec_recipe_20_HOM_HALF,0.4272971
slip,H,word2vec_recipe_20_HOM_HALF,0.45136428
milk,P,word2vec_recipe_20_HOM_HALF,0.3790685
album,P,word2vec_recipe_20_HOM_HALF,0.21893847
lingo,M,word2vec_recipe_20_HOM_HALF,0.17463875
tingle,P,word2vec_recipe_20_HOM_HALF,0.19620188
cheese,P,word2vec_recipe_20_HOM_HALF,0.32107112
vampire,P,word2vec_recipe_20_HOM_HALF,0.25274786
autumn,M,word2vec_recipe_20_HOM_HALF,0.3241813
noisy,P,word2vec_recipe_20_HOM_HALF,0.19854674
tower,H,word2vec_recipe_20_HOM_HALF,0.4733543
fingernail,M,word2vec_recipe_20_HOM_HALF,0.31877065
humility,M,word2vec_recipe_20_HOM_HALF,0.21820465
cave,P,word2vec_recipe_20_HOM_HALF,0.2513646
magazine,P,word2vec_recipe_20_HOM_HALF,0.2725894
brat,M,word2vec_recipe_20_HOM_HALF,0.3810009
crush,P,word2vec_recipe_20_HOM_HALF,0.46084008
fatal,P,word2vec_recipe_20_HOM_HALF,0.1828372
aggression,P,word2vec_recipe_20_HOM_HALF,0.3090393
gallon,P,word2vec_recipe_20_HOM_HALF,0.38535473
leg,P,word2vec_recipe_20_HOM_HALF,0.33595985
attentive,P,word2vec_recipe_20_HOM_HALF,0.17610784
trail,P,word2vec_recipe_20_HOM_HALF,0.5333553
ferocious,P,word2vec_recipe_20_HOM_HALF,0.17815684
silverware,P,word2vec_recipe_20_HOM_HALF,0.27158716
sinner,M,word2vec_recipe_20_HOM_HALF,0.17476709
oven,M,word2vec_recipe_20_HOM_HALF,0.41108072
unwind,P,word2vec_recipe_20_HOM_HALF,0.29226774
coronation,M,word2vec_recipe_20_HOM_HALF,0.180604
barge,P,word2vec_recipe_20_HOM_HALF,0.15502761
sand,P,word2vec_recipe_20_HOM_HALF,0.45650905
purchase,P,word2vec_recipe_20_HOM_HALF,0.35258457
tan,P,word2vec_recipe_20_HOM_HALF,0.3985363
tangle,P,word2vec_recipe_20_HOM_HALF,0.38760024
hover,P,word2vec_recipe_20_HOM_HALF,0.24751347
tumor,P,word2vec_recipe_20_HOM_HALF,0.108600855
slam,H,word2vec_recipe_20_HOM_HALF,0.38330692
moral,P,word2vec_recipe_20_HOM_HALF,0.19721983
ditch,P,word2vec_recipe_20_HOM_HALF,0.41889596
flesh,P,word2vec_recipe_20_HOM_HALF,0.42921582
dim,P,word2vec_recipe_20_HOM_HALF,0.30874664
instinct,P,word2vec_recipe_20_HOM_HALF,0.12775882
demand,P,word2vec_recipe_20_HOM_HALF,0.19257675
royalty,P,word2vec_recipe_20_HOM_HALF,0.19138615
irregular,P,word2vec_recipe_20_HOM_HALF,0.38615078
pub,M,word2vec_recipe_20_HOM_HALF,0.29062003
crumb,P,word2vec_recipe_20_HOM_HALF,0.3820833
extent,P,word2vec_recipe_20_HOM_HALF,0.19830765
deploy,P,word2vec_recipe_20_HOM_HALF,0.17766842
lunatic,P,word2vec_recipe_20_HOM_HALF,0.13089746
barbecue,P,word2vec_recipe_20_HOM_HALF,0.33908978
orderly,P,word2vec_recipe_20_HOM_HALF,0.27724555
index,P,word2vec_recipe_20_HOM_HALF,0.372444
cuddle,P,word2vec_recipe_20_HOM_HALF,0.19987428
dangle,P,word2vec_recipe_20_HOM_HALF,0.24879673
grave,H,word2vec_recipe_20_HOM_HALF,0.2299176
payday,M,word2vec_recipe_20_HOM_HALF,0.22994189
dent,H,word2vec_recipe_20_HOM_HALF,0.42017883
buckle,P,word2vec_recipe_20_HOM_HALF,0.3608264
orgy,P,word2vec_recipe_20_HOM_HALF,0.18084218
render,P,word2vec_recipe_20_HOM_HALF,0.4555782
beer,P,word2vec_recipe_20_HOM_HALF,0.43088093
oyster,P,word2vec_recipe_20_HOM_HALF,0.44809687
cousin,P,word2vec_recipe_20_HOM_HALF,0.22504856
jolt,P,word2vec_recipe_20_HOM_HALF,0.27167895
retail,P,word2vec_recipe_20_HOM_HALF,0.30063537
guard,P,word2vec_recipe_20_HOM_HALF,0.39776003
bolt,H,word2vec_recipe_20_HOM_HALF,0.20181961
mortal,P,word2vec_recipe_20_HOM_HALF,0.29975596
omelet,M,word2vec_recipe_20_HOM_HALF,0.4635987
phenomenal,P,word2vec_recipe_20_HOM_HALF,0.18342538
envy,P,word2vec_recipe_20_HOM_HALF,0.24190167
knob,P,word2vec_recipe_20_HOM_HALF,0.5148339
zing,P,word2vec_recipe_20_HOM_HALF,0.32834518
meditation,P,word2vec_recipe_20_HOM_HALF,0.20319298
afloat,P,word2vec_recipe_20_HOM_HALF,0.28764778
chart,P,word2vec_recipe_20_HOM_HALF,0.37863877
dry,P,word2vec_recipe_20_HOM_HALF,0.4756115
ample,M,word2vec_recipe_20_HOM_HALF,0.5036224
evidence,P,word2vec_recipe_20_HOM_HALF,0.17882423
crack,P,word2vec_recipe_20_HOM_HALF,0.48923373
exhaustion,P,word2vec_recipe_20_HOM_HALF,0.13155462
juice,P,word2vec_recipe_20_HOM_HALF,0.30772522
couch,P,word2vec_recipe_20_HOM_HALF,0.22700357
industry,P,word2vec_recipe_20_HOM_HALF,0.17689362
prodigy,P,word2vec_recipe_20_HOM_HALF,0.19121829
freedom,P,word2vec_recipe_20_HOM_HALF,0.21322204
stripe,H,word2vec_recipe_20_HOM_HALF,0.3616687
butcher,P,word2vec_recipe_20_HOM_HALF,0.39184842
inspection,P,word2vec_recipe_20_HOM_HALF,0.15739119
beast,P,word2vec_recipe_20_HOM_HALF,0.31661612
confidence,P,word2vec_recipe_20_HOM_HALF,0.18642244
eggplant,M,word2vec_recipe_20_HOM_HALF,0.3905405
horse,P,word2vec_recipe_20_HOM_HALF,0.3512546
agreeable,P,word2vec_recipe_20_HOM_HALF,0.18821184
exclude,P,word2vec_recipe_20_HOM_HALF,0.32586408
supper,P,word2vec_recipe_20_HOM_HALF,0.32558647
purple,P,word2vec_recipe_20_HOM_HALF,0.42245996
anatomy,P,word2vec_recipe_20_HOM_HALF,0.17915884
hum,P,word2vec_recipe_20_HOM_HALF,0.18948296
fifty,P,word2vec_recipe_20_HOM_HALF,0.4376362
secure,P,word2vec_recipe_20_HOM_HALF,0.38831174
dismiss,P,word2vec_recipe_20_HOM_HALF,0.11851504
view,P,word2vec_recipe_20_HOM_HALF,0.3385748
chapter,P,word2vec_recipe_20_HOM_HALF,0.22856075
sweater,P,word2vec_recipe_20_HOM_HALF,0.23722549
loss,P,word2vec_recipe_20_HOM_HALF,0.29705867
inflation,P,word2vec_recipe_20_HOM_HALF,0.20190935
fiddle,P,word2vec_recipe_20_HOM_HALF,0.24378428
shine,P,word2vec_recipe_20_HOM_HALF,0.40793735
foul,P,word2vec_recipe_20_HOM_HALF,0.30089477
drama,P,word2vec_recipe_20_HOM_HALF,0.19126835
soldier,P,word2vec_recipe_20_HOM_HALF,0.26297417
beam,P,word2vec_recipe_20_HOM_HALF,0.28583598
plant,P,word2vec_recipe_20_HOM_HALF,0.38217288
deny,P,word2vec_recipe_20_HOM_HALF,0.12053877
peach,P,word2vec_recipe_20_HOM_HALF,0.3160868
bluff,H,word2vec_recipe_20_HOM_HALF,0.14521825
mall,P,word2vec_recipe_20_HOM_HALF,0.24617672
manicure,P,word2vec_recipe_20_HOM_HALF,0.12579326
spectrum,P,word2vec_recipe_20_HOM_HALF,0.34361815
sip,P,word2vec_recipe_20_HOM_HALF,0.36814252
consent,P,word2vec_recipe_20_HOM_HALF,0.13227737
proverbial,P,word2vec_recipe_20_HOM_HALF,0.18766348
influence,P,word2vec_recipe_20_HOM_HALF,0.16805655
league,H,word2vec_recipe_20_HOM_HALF,0.26119626
loft,P,word2vec_recipe_20_HOM_HALF,0.20911163
shove,P,word2vec_recipe_20_HOM_HALF,0.41683307
luscious,P,word2vec_recipe_20_HOM_HALF,0.35751122
passion,P,word2vec_recipe_20_HOM_HALF,0.3512049
pep,P,word2vec_recipe_20_HOM_HALF,0.27869007
cockeyed,P,word2vec_recipe_20_HOM_HALF,0.15425193
instance,P,word2vec_recipe_20_HOM_HALF,0.3228475
prolong,P,word2vec_recipe_20_HOM_HALF,0.23408271
slave,P,word2vec_recipe_20_HOM_HALF,0.103774816
imitate,P,word2vec_recipe_20_HOM_HALF,0.2533943
raspberry,P,word2vec_recipe_20_HOM_HALF,0.31887853
luxurious,P,word2vec_recipe_20_HOM_HALF,0.2974208
humane,P,word2vec_recipe_20_HOM_HALF,0.116080835
nitrate,P,word2vec_recipe_20_HOM_HALF,0.2133653
redhead,P,word2vec_recipe_20_HOM_HALF,0.16387226
cautious,M,word2vec_recipe_20_HOM_HALF,0.3470967
streak,P,word2vec_recipe_20_HOM_HALF,0.39512044
savvy,P,word2vec_recipe_20_HOM_HALF,0.21418822
inland,P,word2vec_recipe_20_HOM_HALF,0.14908522
solve,P,word2vec_recipe_20_HOM_HALF,0.2494182
honest,P,word2vec_recipe_20_HOM_HALF,0.21036965
strict,P,word2vec_recipe_20_HOM_HALF,0.17842735
rack,H,word2vec_recipe_20_HOM_HALF,0.42678094
mood,H,word2vec_recipe_20_HOM_HALF,0.29923812
queen,P,word2vec_recipe_20_HOM_HALF,0.31208858
shop,P,word2vec_recipe_20_HOM_HALF,0.32805523
nook,M,word2vec_recipe_20_HOM_HALF,0.44628334
executive,P,word2vec_recipe_20_HOM_HALF,0.15299627
fabric,P,word2vec_recipe_20_HOM_HALF,0.3041011
fraction,P,word2vec_recipe_20_HOM_HALF,0.3279716
stain,P,word2vec_recipe_20_HOM_HALF,0.37102792
withstand,P,word2vec_recipe_20_HOM_HALF,0.29763418
jellyfish,P,word2vec_recipe_20_HOM_HALF,0.37852427
select,P,word2vec_recipe_20_HOM_HALF,0.43103066
peninsula,M,word2vec_recipe_20_HOM_HALF,0.21597286
dude,P,word2vec_recipe_20_HOM_HALF,0.16102476
soot,P,word2vec_recipe_20_HOM_HALF,0.26746556
jungle,P,word2vec_recipe_20_HOM_HALF,0.2635087
hereafter,P,word2vec_recipe_20_HOM_HALF,0.19162937
revelation,P,word2vec_recipe_20_HOM_HALF,0.12966762
railway,P,word2vec_recipe_20_HOM_HALF,0.17370032
potato,P,word2vec_recipe_20_HOM_HALF,0.34555492
multiply,H,word2vec_recipe_20_HOM_HALF,0.31736767
crucial,M,word2vec_recipe_20_HOM_HALF,0.29196537
collection,P,word2vec_recipe_20_HOM_HALF,0.2524061
unfold,P,word2vec_recipe_20_HOM_HALF,0.43136215
island,P,word2vec_recipe_20_HOM_HALF,0.35594147
steamer,P,word2vec_recipe_20_HOM_HALF,0.47448292
virgin,P,word2vec_recipe_20_HOM_HALF,0.41164103
gate,P,word2vec_recipe_20_HOM_HALF,0.2974196
liege,P,word2vec_recipe_20_HOM_HALF,0.27168262
bouquet,P,word2vec_recipe_20_HOM_HALF,0.42672673
confident,P,word2vec_recipe_20_HOM_HALF,0.24511568
delicate,P,word2vec_recipe_20_HOM_HALF,0.35789308
bid,P,word2vec_recipe_20_HOM_HALF,0.18256962
marriage,P,word2vec_recipe_20_HOM_HALF,0.25381616
attention,P,word2vec_recipe_20_HOM_HALF,0.35884994
uncommon,P,word2vec_recipe_20_HOM_HALF,0.18026204
massage,P,word2vec_recipe_20_HOM_HALF,0.46485958
fever,P,word2vec_recipe_20_HOM_HALF,0.20635986
brick,P,word2vec_recipe_20_HOM_HALF,0.48110542
span,H,word2vec_recipe_20_HOM_HALF,0.31137267
stabilize,P,word2vec_recipe_20_HOM_HALF,0.48251653
saddle,P,word2vec_recipe_20_HOM_HALF,0.31650588
blink,P,word2vec_recipe_20_HOM_HALF,0.2831207
grip,P,word2vec_recipe_20_HOM_HALF,0.3492035
prudent,P,word2vec_recipe_20_HOM_HALF,0.14172246
diameter,P,word2vec_recipe_20_HOM_HALF,0.332216
career,P,word2vec_recipe_20_HOM_HALF,0.11074907
discussion,M,word2vec_recipe_20_HOM_HALF,0.12142485
notorious,M,word2vec_recipe_20_HOM_HALF,0.1957854
funeral,P,word2vec_recipe_20_HOM_HALF,0.19282271
aspect,P,word2vec_recipe_20_HOM_HALF,0.19844976
chess,H,word2vec_recipe_20_HOM_HALF,0.3581465
surplus,P,word2vec_recipe_20_HOM_HALF,0.42687684
rush,H,word2vec_recipe_20_HOM_HALF,0.3533648
cattle,M,word2vec_recipe_20_HOM_HALF,0.20461252
fresh,P,word2vec_recipe_20_HOM_HALF,0.3645859
tiger,P,word2vec_recipe_20_HOM_HALF,0.36271107
invisible,P,word2vec_recipe_20_HOM_HALF,0.22831637
probe,P,word2vec_recipe_20_HOM_HALF,0.3373485
saloon,P,word2vec_recipe_20_HOM_HALF,0.16783519
sandbox,M,word2vec_recipe_20_HOM_HALF,0.15165567
nasal,P,word2vec_recipe_20_HOM_HALF,0.16017315
relation,P,word2vec_recipe_20_HOM_HALF,0.15034121
storm,P,word2vec_recipe_20_HOM_HALF,0.23817123
attempt,P,word2vec_recipe_20_HOM_HALF,0.31893504
exquisite,P,word2vec_recipe_20_HOM_HALF,0.28130507
shotgun,M,word2vec_recipe_20_HOM_HALF,0.18687525
alarm,P,word2vec_recipe_20_HOM_HALF,0.42137486
traction,P,word2vec_recipe_20_HOM_HALF,0.17902607
blunt,P,word2vec_recipe_20_HOM_HALF,0.35231847
sidekick,P,word2vec_recipe_20_HOM_HALF,0.1599767
rainbow,P,word2vec_recipe_20_HOM_HALF,0.39119992
fireworks,P,word2vec_recipe_20_HOM_HALF,0.25106078
macaroni,M,word2vec_recipe_20_HOM_HALF,0.31261098
hairline,P,word2vec_recipe_20_HOM_HALF,0.2181637
ponytail,M,word2vec_recipe_20_HOM_HALF,0.18167599
birth,P,word2vec_recipe_20_HOM_HALF,0.12085119
involve,P,word2vec_recipe_20_HOM_HALF,0.25790957
bruise,P,word2vec_recipe_20_HOM_HALF,0.4632218
sermon,P,word2vec_recipe_20_HOM_HALF,0.2176376
suffocate,P,word2vec_recipe_20_HOM_HALF,0.21428671
panda,P,word2vec_recipe_20_HOM_HALF,0.286037
info,M,word2vec_recipe_20_HOM_HALF,0.2705373
breather,P,word2vec_recipe_20_HOM_HALF,0.124884
routine,P,word2vec_recipe_20_HOM_HALF,0.20915939
unsafe,P,word2vec_recipe_20_HOM_HALF,0.14684506
realistic,P,word2vec_recipe_20_HOM_HALF,0.2421989
canary,P,word2vec_recipe_20_HOM_HALF,0.24614546
paddle,P,word2vec_recipe_20_HOM_HALF,0.41749296
celebrate,P,word2vec_recipe_20_HOM_HALF,0.20953846
corpus,P,word2vec_recipe_20_HOM_HALF,0.22374803
twist,P,word2vec_recipe_20_HOM_HALF,0.3930919
apply,P,word2vec_recipe_20_HOM_HALF,0.45213825
prepare,P,word2vec_recipe_20_HOM_HALF,0.45965713
priceless,P,word2vec_recipe_20_HOM_HALF,0.19053628
juicy,P,word2vec_recipe_20_HOM_HALF,0.42835313
jiggle,P,word2vec_recipe_20_HOM_HALF,0.37886485
sushi,M,word2vec_recipe_20_HOM_HALF,0.34701514
incubator,P,word2vec_recipe_20_HOM_HALF,0.18107882
unique,P,word2vec_recipe_20_HOM_HALF,0.25106356
wrinkle,H,word2vec_recipe_20_HOM_HALF,0.45305902
excellent,M,word2vec_recipe_20_HOM_HALF,0.34881568
madman,M,word2vec_recipe_20_HOM_HALF,0.13469048
compare,P,word2vec_recipe_20_HOM_HALF,0.20601599
spine,P,word2vec_recipe_20_HOM_HALF,0.27861327
lively,P,word2vec_recipe_20_HOM_HALF,0.43740836
happiness,P,word2vec_recipe_20_HOM_HALF,0.3216293
sundown,M,word2vec_recipe_20_HOM_HALF,0.25381976
crash,H,word2vec_recipe_20_HOM_HALF,0.39368027
cover,P,word2vec_recipe_20_HOM_HALF,0.4758332
steep,H,word2vec_recipe_20_HOM_HALF,0.43462536
primary,P,word2vec_recipe_20_HOM_HALF,0.38922632
kamikaze,M,word2vec_recipe_20_HOM_HALF,0.16321489
reunion,P,word2vec_recipe_20_HOM_HALF,0.23864998
companion,P,word2vec_recipe_20_HOM_HALF,0.26627824
catcher,P,word2vec_recipe_20_HOM_HALF,0.25910428
occasional,P,word2vec_recipe_20_HOM_HALF,0.47470638
motorcycle,P,word2vec_recipe_20_HOM_HALF,0.20277134
wallow,P,word2vec_recipe_20_HOM_HALF,0.20477958
spit,H,word2vec_recipe_20_HOM_HALF,0.42661393
tuxedo,P,word2vec_recipe_20_HOM_HALF,0.29522836
belong,P,word2vec_recipe_20_HOM_HALF,0.13859837
pup,P,word2vec_recipe_20_HOM_HALF,0.25753376
liner,H,word2vec_recipe_20_HOM_HALF,0.4431982
ecstasy,P,word2vec_recipe_20_HOM_HALF,0.19963011
hack,H,word2vec_recipe_20_HOM_HALF,0.31191868
hound,P,word2vec_recipe_20_HOM_HALF,0.21015152
begin,P,word2vec_recipe_20_HOM_HALF,0.48800808
afternoon,P,word2vec_recipe_20_HOM_HALF,0.35625285
fruitcake,P,word2vec_recipe_20_HOM_HALF,0.36982077
decision,P,word2vec_recipe_20_HOM_HALF,0.17673433
statement,P,word2vec_recipe_20_HOM_HALF,0.13932037
moat,M,word2vec_recipe_20_HOM_HALF,0.29117957
expel,P,word2vec_recipe_20_HOM_HALF,0.44767016
zoom,P,word2vec_recipe_20_HOM_HALF,0.2699791
lifetime,P,word2vec_recipe_20_HOM_HALF,0.28387344
snowman,M,word2vec_recipe_20_HOM_HALF,0.2625795
accuracy,M,word2vec_recipe_20_HOM_HALF,0.43265182
pebble,P,word2vec_recipe_20_HOM_HALF,0.41704667
refrain,H,word2vec_recipe_20_HOM_HALF,0.3321112
surf,P,word2vec_recipe_20_HOM_HALF,0.2731147
tone,P,word2vec_recipe_20_HOM_HALF,0.3877843
hamburger,M,word2vec_recipe_20_HOM_HALF,0.3312546
naughty,P,word2vec_recipe_20_HOM_HALF,0.28874266
presence,P,word2vec_recipe_20_HOM_HALF,0.21178885
gorge,P,word2vec_recipe_20_HOM_HALF,0.1393676
sailor,P,word2vec_recipe_20_HOM_HALF,0.17974979
decide,P,word2vec_recipe_20_HOM_HALF,0.2847783
fail,P,word2vec_recipe_20_HOM_HALF,0.42310077
banquet,P,word2vec_recipe_20_HOM_HALF,0.22839355
domestic,P,word2vec_recipe_20_HOM_HALF,0.43444678
tug,P,word2vec_recipe_20_HOM_HALF,0.3158659
authority,P,word2vec_recipe_20_HOM_HALF,0.117593504
brunch,P,word2vec_recipe_20_HOM_HALF,0.40059224
abide,P,word2vec_recipe_20_HOM_HALF,0.115747474
elbow,P,word2vec_recipe_20_HOM_HALF,0.39030638
land,P,word2vec_recipe_20_HOM_HALF,0.32384652
pun,P,word2vec_recipe_20_HOM_HALF,0.22796673
sunlight,M,word2vec_recipe_20_HOM_HALF,0.40033135
tedious,M,word2vec_recipe_20_HOM_HALF,0.26202253
amigo,M,word2vec_recipe_20_HOM_HALF,0.17713478
sock,H,word2vec_recipe_20_HOM_HALF,0.41685265
experience,P,word2vec_recipe_20_HOM_HALF,0.19900276
acid,P,word2vec_recipe_20_HOM_HALF,0.3290033
relocate,P,word2vec_recipe_20_HOM_HALF,0.19345693
fluke,H,word2vec_recipe_20_HOM_HALF,0.28841615
vinyl,M,word2vec_recipe_20_HOM_HALF,0.29517093
purse,P,word2vec_recipe_20_HOM_HALF,0.3670166
airplane,M,word2vec_recipe_20_HOM_HALF,0.17775448
symbol,P,word2vec_recipe_20_HOM_HALF,0.22221424
certainty,P,word2vec_recipe_20_HOM_HALF,0.11966708
lavender,P,word2vec_recipe_20_HOM_HALF,0.35156628
distress,P,word2vec_recipe_20_HOM_HALF,0.14387608
suspicious,P,word2vec_recipe_20_HOM_HALF,0.112110555
deep,P,word2vec_recipe_20_HOM_HALF,0.45767277
stow,P,word2vec_recipe_20_HOM_HALF,0.21888985
slug,H,word2vec_recipe_20_HOM_HALF,0.34132934
ethnic,P,word2vec_recipe_20_HOM_HALF,0.23991144
scoop,P,word2vec_recipe_20_HOM_HALF,0.46152252
corkscrew,P,word2vec_recipe_20_HOM_HALF,0.4058421
access,P,word2vec_recipe_20_HOM_HALF,0.4831184
condition,P,word2vec_recipe_20_HOM_HALF,0.28433934
ton,P,word2vec_recipe_20_HOM_HALF,0.44550627
assume,P,word2vec_recipe_20_HOM_HALF,0.17265896
slimy,P,word2vec_recipe_20_HOM_HALF,0.32268536
dunk,P,word2vec_recipe_20_HOM_HALF,0.5121399
verify,M,word2vec_recipe_20_HOM_HALF,0.32486808
stir,H,word2vec_recipe_20_HOM_HALF,0.37416354
grumpy,M,word2vec_recipe_20_HOM_HALF,0.17760883
accessory,P,word2vec_recipe_20_HOM_HALF,0.33903942
locate,P,word2vec_recipe_20_HOM_HALF,0.31155807
stamp,P,word2vec_recipe_20_HOM_HALF,0.34598348
goat,P,word2vec_recipe_20_HOM_HALF,0.31970444
relevant,P,word2vec_recipe_20_HOM_HALF,0.14745493
race,H,word2vec_recipe_20_HOM_HALF,0.27371395
decent,P,word2vec_recipe_20_HOM_HALF,0.41716942
diagram,P,word2vec_recipe_20_HOM_HALF,0.33447692
piggy,P,word2vec_recipe_20_HOM_HALF,0.2701057
indigenous,M,word2vec_recipe_20_HOM_HALF,0.12622835
pollen,M,word2vec_recipe_20_HOM_HALF,0.3621814
badger,P,word2vec_recipe_20_HOM_HALF,0.14163771
lens,P,word2vec_recipe_20_HOM_HALF,0.19256082
dump,P,word2vec_recipe_20_HOM_HALF,0.49379686
tonic,P,word2vec_recipe_20_HOM_HALF,0.2531983
ripe,P,word2vec_recipe_20_HOM_HALF,0.42310783
penguin,M,word2vec_recipe_20_HOM_HALF,0.20118646
horny,P,word2vec_recipe_20_HOM_HALF,0.14567916
bloody,P,word2vec_recipe_20_HOM_HALF,0.36592162
rival,P,word2vec_recipe_20_HOM_HALF,0.26119876
attractive,P,word2vec_recipe_20_HOM_HALF,0.39457467
alien,P,word2vec_recipe_20_HOM_HALF,0.19658037
lobster,P,word2vec_recipe_20_HOM_HALF,0.3658316
fanfare,P,word2vec_recipe_20_HOM_HALF,0.19043322
behavior,P,word2vec_recipe_20_HOM_HALF,0.16727047
breeze,P,word2vec_recipe_20_HOM_HALF,0.3970246
numb,P,word2vec_recipe_20_HOM_HALF,0.19836812
accessible,P,word2vec_recipe_20_HOM_HALF,0.23588757
texture,P,word2vec_recipe_20_HOM_HALF,0.3268879
upstairs,P,word2vec_recipe_20_HOM_HALF,0.25248975
deck,P,word2vec_recipe_20_HOM_HALF,0.285762
fold,H,word2vec_recipe_20_HOM_HALF,0.47930387
trailing,P,word2vec_recipe_20_HOM_HALF,0.22195661
motion,P,word2vec_recipe_20_HOM_HALF,0.378208
bush,H,word2vec_recipe_20_HOM_HALF,0.4261735
compose,P,word2vec_recipe_20_HOM_HALF,0.38001728
spouse,M,word2vec_recipe_20_HOM_HALF,0.146101
devil,P,word2vec_recipe_20_HOM_HALF,0.3787873
sleepy,P,word2vec_recipe_20_HOM_HALF,0.23091516
void,P,word2vec_recipe_20_HOM_HALF,0.3828665
closure,P,word2vec_recipe_20_HOM_HALF,0.273094
pelvic,M,word2vec_recipe_20_HOM_HALF,0.18168285
cultural,M,word2vec_recipe_20_HOM_HALF,0.116654724
distribute,P,word2vec_recipe_20_HOM_HALF,0.46858093
merge,P,word2vec_recipe_20_HOM_HALF,0.42390507
bright,P,word2vec_recipe_20_HOM_HALF,0.44166172
kidney,P,word2vec_recipe_20_HOM_HALF,0.3221816
stall,H,word2vec_recipe_20_HOM_HALF,0.19467002
altitude,P,word2vec_recipe_20_HOM_HALF,0.4213847
cigar,M,word2vec_recipe_20_HOM_HALF,0.3847535
flip,H,word2vec_recipe_20_HOM_HALF,0.4452143
pancake,P,word2vec_recipe_20_HOM_HALF,0.41951802
gourmet,P,word2vec_recipe_20_HOM_HALF,0.30385658
wholesale,P,word2vec_recipe_20_HOM_HALF,0.17507881
gallery,P,word2vec_recipe_20_HOM_HALF,0.21707788
disposable,P,word2vec_recipe_20_HOM_HALF,0.43832782
pipe,H,word2vec_recipe_20_HOM_HALF,0.3497073
triumph,P,word2vec_recipe_20_HOM_HALF,0.188456
monk,M,word2vec_recipe_20_HOM_HALF,0.33821374
salon,P,word2vec_recipe_20_HOM_HALF,0.21555343
sinus,P,word2vec_recipe_20_HOM_HALF,0.18350838
mechanical,P,word2vec_recipe_20_HOM_HALF,0.3022373
thin,P,word2vec_recipe_20_HOM_HALF,0.41629514
wicked,P,word2vec_recipe_20_HOM_HALF,0.2774674
iron,P,word2vec_recipe_20_HOM_HALF,0.44227058
nugget,P,word2vec_recipe_20_HOM_HALF,0.45741922
cage,P,word2vec_recipe_20_HOM_HALF,0.27702457
vitamin,M,word2vec_recipe_20_HOM_HALF,0.2908506
asthma,M,word2vec_recipe_20_HOM_HALF,0.1377948
nickel,P,word2vec_recipe_20_HOM_HALF,0.33259827
atomic,P,word2vec_recipe_20_HOM_HALF,0.2032568
blitz,P,word2vec_recipe_20_HOM_HALF,0.3472172
mouthful,P,word2vec_recipe_20_HOM_HALF,0.28806546
orgasm,M,word2vec_recipe_20_HOM_HALF,0.16866362
toss,P,word2vec_recipe_20_HOM_HALF,0.3949467
keel,P,word2vec_recipe_20_HOM_HALF,0.22297394
charity,P,word2vec_recipe_20_HOM_HALF,0.44728854
match,H,word2vec_recipe_20_HOM_HALF,0.41811252
buff,H,word2vec_recipe_20_HOM_HALF,0.3112796
larger,P,word2vec_recipe_20_HOM_HALF,0.4416489
serpent,M,word2vec_recipe_20_HOM_HALF,0.25535035
petroleum,M,word2vec_recipe_20_HOM_HALF,0.23857936
collapse,P,word2vec_recipe_20_HOM_HALF,0.40060374
reproduce,P,word2vec_recipe_20_HOM_HALF,0.13898852
giggle,P,word2vec_recipe_20_HOM_HALF,0.2744363
nylon,P,word2vec_recipe_20_HOM_HALF,0.44777778
inject,P,word2vec_recipe_20_HOM_HALF,0.4436512
window,P,word2vec_recipe_20_HOM_HALF,0.3222658
prison,P,word2vec_recipe_20_HOM_HALF,0.20966534
throat,P,word2vec_recipe_20_HOM_HALF,0.25646242
hint,P,word2vec_recipe_20_HOM_HALF,0.34570998
topless,P,word2vec_recipe_20_HOM_HALF,0.20966518
pantry,P,word2vec_recipe_20_HOM_HALF,0.3850463
blur,P,word2vec_recipe_20_HOM_HALF,0.2381391
golden,P,word2vec_recipe_20_HOM_HALF,0.44634974
battle,P,word2vec_recipe_20_HOM_HALF,0.22907034
groovy,M,word2vec_recipe_20_HOM_HALF,0.22211151
testament,P,word2vec_recipe_20_HOM_HALF,0.1688378
salvation,P,word2vec_recipe_20_HOM_HALF,0.14640315
ensemble,P,word2vec_recipe_20_HOM_HALF,0.29251578
meticulous,M,word2vec_recipe_20_HOM_HALF,0.12856218
orchestra,P,word2vec_recipe_20_HOM_HALF,0.11000682
spear,H,word2vec_recipe_20_HOM_HALF,0.43508473
twilight,P,word2vec_recipe_20_HOM_HALF,0.22817248
rare,H,word2vec_recipe_20_HOM_HALF,0.39810714
aversion,P,word2vec_recipe_20_HOM_HALF,0.2003783
spinach,M,word2vec_recipe_20_HOM_HALF,0.3603558
scientific,P,word2vec_recipe_20_HOM_HALF,0.13236858
gunpowder,M,word2vec_recipe_20_HOM_HALF,0.22066776
greet,P,word2vec_recipe_20_HOM_HALF,0.23540406
improve,P,word2vec_recipe_20_HOM_HALF,0.33463284
imperial,H,word2vec_recipe_20_HOM_HALF,0.34731683
inform,P,word2vec_recipe_20_HOM_HALF,0.10232585
daily,P,word2vec_recipe_20_HOM_HALF,0.4333744
trio,P,word2vec_recipe_20_HOM_HALF,0.3732768
rid,M,word2vec_recipe_20_HOM_HALF,0.46683493
master,P,word2vec_recipe_20_HOM_HALF,0.43387893
sultan,P,word2vec_recipe_20_HOM_HALF,0.22575594
crude,P,word2vec_recipe_20_HOM_HALF,0.19118041
vintage,P,word2vec_recipe_20_HOM_HALF,0.25034055
slap,P,word2vec_recipe_20_HOM_HALF,0.44049045
contain,P,word2vec_recipe_20_HOM_HALF,0.39882037
facility,P,word2vec_recipe_20_HOM_HALF,0.15455116
soccer,M,word2vec_recipe_20_HOM_HALF,0.23994155
reckless,P,word2vec_recipe_20_HOM_HALF,0.15522699
selection,P,word2vec_recipe_20_HOM_HALF,0.41856587
title,P,word2vec_recipe_20_HOM_HALF,0.28288355
knife,P,word2vec_recipe_20_HOM_HALF,0.38948846
organize,P,word2vec_recipe_20_HOM_HALF,0.39956573
swab,P,word2vec_recipe_20_HOM_HALF,0.34660423
persuade,P,word2vec_recipe_20_HOM_HALF,0.13309656
tolerance,P,word2vec_recipe_20_HOM_HALF,0.3812053
burglar,M,word2vec_recipe_20_HOM_HALF,0.25341326
atmosphere,P,word2vec_recipe_20_HOM_HALF,0.25291383
hectic,P,word2vec_recipe_20_HOM_HALF,0.10469518
youth,P,word2vec_recipe_20_HOM_HALF,0.2108634
rub,P,word2vec_recipe_20_HOM_HALF,0.42874128
faint,P,word2vec_recipe_20_HOM_HALF,0.3815351
dancer,M,word2vec_recipe_20_HOM_HALF,0.17451118
reckon,P,word2vec_recipe_20_HOM_HALF,0.11806653
trap,H,word2vec_recipe_20_HOM_HALF,0.40319085
circle,P,word2vec_recipe_20_HOM_HALF,0.30500114
flatten,P,word2vec_recipe_20_HOM_HALF,0.4015853
intention,P,word2vec_recipe_20_HOM_HALF,0.16063875
boot,P,word2vec_recipe_20_HOM_HALF,0.27561164
canal,P,word2vec_recipe_20_HOM_HALF,0.34218022
spot,P,word2vec_recipe_20_HOM_HALF,0.426116
proud,P,word2vec_recipe_20_HOM_HALF,0.18868694
faulty,M,word2vec_recipe_20_HOM_HALF,0.22331287
artificial,P,word2vec_recipe_20_HOM_HALF,0.43067637
quart,P,word2vec_recipe_20_HOM_HALF,0.39055836
corner,P,word2vec_recipe_20_HOM_HALF,0.39809024
harmless,M,word2vec_recipe_20_HOM_HALF,0.1964063
yawn,P,word2vec_recipe_20_HOM_HALF,0.17785214
tape,P,word2vec_recipe_20_HOM_HALF,0.32771027
bland,P,word2vec_recipe_20_HOM_HALF,0.2957444
objective,P,word2vec_recipe_20_HOM_HALF,0.24284717
tin,P,word2vec_recipe_20_HOM_HALF,0.3515551
handy,P,word2vec_recipe_20_HOM_HALF,0.38331833
gardener,P,word2vec_recipe_20_HOM_HALF,0.13325624
enemy,P,word2vec_recipe_20_HOM_HALF,0.25612473
finger,P,word2vec_recipe_20_HOM_HALF,0.41152465
rape,H,word2vec_recipe_20_HOM_HALF,0.33787683
hustle,P,word2vec_recipe_20_HOM_HALF,0.2562464
caress,P,word2vec_recipe_20_HOM_HALF,0.19925058
bomber,P,word2vec_recipe_20_HOM_HALF,0.1668511
capsule,P,word2vec_recipe_20_HOM_HALF,0.37631962
balance,P,word2vec_recipe_20_HOM_HALF,0.39964268
conquer,P,word2vec_recipe_20_HOM_HALF,0.13783236
commission,P,word2vec_recipe_20_HOM_HALF,0.21167976
rib,H,word2vec_recipe_20_HOM_HALF,0.35418233
fertilizer,P,word2vec_recipe_20_HOM_HALF,0.18527842
crime,P,word2vec_recipe_20_HOM_HALF,0.24460289
twinkle,P,word2vec_recipe_20_HOM_HALF,0.19794881
rat,P,word2vec_recipe_20_HOM_HALF,0.30017453
shade,P,word2vec_recipe_20_HOM_HALF,0.42795697
risky,M,word2vec_recipe_20_HOM_HALF,0.1354498
cider,M,word2vec_recipe_20_HOM_HALF,0.3790331
cinnamon,P,word2vec_recipe_20_HOM_HALF,0.35783765
heartfelt,M,word2vec_recipe_20_HOM_HALF,0.29401433
jive,P,word2vec_recipe_20_HOM_HALF,0.17951511
painful,P,word2vec_recipe_20_HOM_HALF,0.19129765
drape,P,word2vec_recipe_20_HOM_HALF,0.3939724
chronic,P,word2vec_recipe_20_HOM_HALF,0.13485447
illusion,P,word2vec_recipe_20_HOM_HALF,0.16791834
stem,H,word2vec_recipe_20_HOM_HALF,0.34135592
nightmare,P,word2vec_recipe_20_HOM_HALF,0.20272966
yell,P,word2vec_recipe_20_HOM_HALF,0.16626081
tilt,P,word2vec_recipe_20_HOM_HALF,0.46357882
lodge,P,word2vec_recipe_20_HOM_HALF,0.2736971
excite,P,word2vec_recipe_20_HOM_HALF,0.15287928
spruce,H,word2vec_recipe_20_HOM_HALF,0.36398706
butterfly,P,word2vec_recipe_20_HOM_HALF,0.43073383
puny,M,word2vec_recipe_20_HOM_HALF,0.13564175
pal,P,word2vec_recipe_20_HOM_HALF,0.27535602
cork,P,word2vec_recipe_20_HOM_HALF,0.36532116
snuff,H,word2vec_recipe_20_HOM_HALF,0.2080258
ogre,P,word2vec_recipe_20_HOM_HALF,0.2578117
underneath,P,word2vec_recipe_20_HOM_HALF,0.38941488
appearance,P,word2vec_recipe_20_HOM_HALF,0.3569598
cushion,P,word2vec_recipe_20_HOM_HALF,0.3342124
platform,P,word2vec_recipe_20_HOM_HALF,0.2925656
foggy,P,word2vec_recipe_20_HOM_HALF,0.1611864
hen,M,word2vec_recipe_20_HOM_HALF,0.3676984
skirt,P,word2vec_recipe_20_HOM_HALF,0.3363434
allergic,P,word2vec_recipe_20_HOM_HALF,0.27442628
limp,H,word2vec_recipe_20_HOM_HALF,0.35992086
splash,P,word2vec_recipe_20_HOM_HALF,0.4382716
note,P,word2vec_recipe_20_HOM_HALF,0.32098037
sensible,P,word2vec_recipe_20_HOM_HALF,0.361467
headless,P,word2vec_recipe_20_HOM_HALF,0.2152296
rescue,P,word2vec_recipe_20_HOM_HALF,0.24926485
paradise,P,word2vec_recipe_20_HOM_HALF,0.37499622
verse,H,word2vec_recipe_20_HOM_HALF,0.14747319
melt,P,word2vec_recipe_20_HOM_HALF,0.4353052
brand,P,word2vec_recipe_20_HOM_HALF,0.41379237
punishment,P,word2vec_recipe_20_HOM_HALF,0.16518661
owner,M,word2vec_recipe_20_HOM_HALF,0.16213626
migraine,M,word2vec_recipe_20_HOM_HALF,0.13699326
unmarked,M,word2vec_recipe_20_HOM_HALF,0.20122036
strain,H,word2vec_recipe_20_HOM_HALF,0.3981136
magnetic,P,word2vec_recipe_20_HOM_HALF,0.28774557
candy,P,word2vec_recipe_20_HOM_HALF,0.37667048
castle,P,word2vec_recipe_20_HOM_HALF,0.313425
sin,H,word2vec_recipe_20_HOM_HALF,0.32864475
oral,P,word2vec_recipe_20_HOM_HALF,0.13392727
poultry,M,word2vec_recipe_20_HOM_HALF,0.3931719
transition,M,word2vec_recipe_20_HOM_HALF,0.20431493
quartet,P,word2vec_recipe_20_HOM_HALF,0.17798541
washed,P,word2vec_recipe_20_HOM_HALF,0.43411607
maneuver,P,word2vec_recipe_20_HOM_HALF,0.23215456
pastry,P,word2vec_recipe_20_HOM_HALF,0.40476072
snot,P,word2vec_recipe_20_HOM_HALF,0.1366212
recent,P,word2vec_recipe_20_HOM_HALF,0.18629529
magnet,P,word2vec_recipe_20_HOM_HALF,0.22237565
example,P,word2vec_recipe_20_HOM_HALF,0.35933083
femur,P,word2vec_recipe_20_HOM_HALF,0.20926972
plump,H,word2vec_recipe_20_HOM_HALF,0.5123613
demon,P,word2vec_recipe_20_HOM_HALF,0.1388269
zipper,P,word2vec_recipe_20_HOM_HALF,0.29846492
stormy,P,word2vec_recipe_20_HOM_HALF,0.22563194
initiate,P,word2vec_recipe_20_HOM_HALF,0.19846046
intent,H,word2vec_recipe_20_HOM_HALF,0.13378465
kingdom,P,word2vec_recipe_20_HOM_HALF,0.13365756
tidal,P,word2vec_recipe_20_HOM_HALF,0.22173396
ceremony,P,word2vec_recipe_20_HOM_HALF,0.13147828
leader,P,word2vec_recipe_20_HOM_HALF,0.12693553
eliminate,P,word2vec_recipe_20_HOM_HALF,0.44057667
kindly,P,word2vec_recipe_20_HOM_HALF,0.31225234
roulette,P,word2vec_recipe_20_HOM_HALF,0.175925
brief,P,word2vec_recipe_20_HOM_HALF,0.44980973
unpack,P,word2vec_recipe_20_HOM_HALF,0.35917702
mansion,P,word2vec_recipe_20_HOM_HALF,0.20479643
bun,P,word2vec_recipe_20_HOM_HALF,0.39709857
possession,P,word2vec_recipe_20_HOM_HALF,0.14869481
teenager,M,word2vec_recipe_20_HOM_HALF,0.09246748
broad,P,word2vec_recipe_20_HOM_HALF,0.49185145
thick,P,word2vec_recipe_20_HOM_HALF,0.45867798
brute,P,word2vec_recipe_20_HOM_HALF,0.209585
ploy,M,word2vec_recipe_20_HOM_HALF,0.25482875
mackerel,P,word2vec_recipe_20_HOM_HALF,0.31415868
lizard,P,word2vec_recipe_20_HOM_HALF,0.20832796
pap,P,word2vec_recipe_20_HOM_HALF,0.3104553
clone,P,word2vec_recipe_20_HOM_HALF,0.28361228
section,P,word2vec_recipe_20_HOM_HALF,0.41176105
muck,P,word2vec_recipe_20_HOM_HALF,0.168271
wooden,P,word2vec_recipe_20_HOM_HALF,0.50806296
heartbeat,M,word2vec_recipe_20_HOM_HALF,0.12674524
sturdy,P,word2vec_recipe_20_HOM_HALF,0.43609655
output,P,word2vec_recipe_20_HOM_HALF,0.2735243
dive,P,word2vec_recipe_20_HOM_HALF,0.41089135
smile,P,word2vec_recipe_20_HOM_HALF,0.36155233
shelf,P,word2vec_recipe_20_HOM_HALF,0.43506816
product,P,word2vec_recipe_20_HOM_HALF,0.4633722
frighten,P,word2vec_recipe_20_HOM_HALF,0.09780328
worm,P,word2vec_recipe_20_HOM_HALF,0.3366514
eldest,M,word2vec_recipe_20_HOM_HALF,0.100307874
ointment,M,word2vec_recipe_20_HOM_HALF,0.2330926
chunk,P,word2vec_recipe_20_HOM_HALF,0.47257358
glance,P,word2vec_recipe_20_HOM_HALF,0.15763663
collar,P,word2vec_recipe_20_HOM_HALF,0.40570068
toothpick,M,word2vec_recipe_20_HOM_HALF,0.43286204
martini,M,word2vec_recipe_20_HOM_HALF,0.28512096
physical,P,word2vec_recipe_20_HOM_HALF,0.12104214
windshield,P,word2vec_recipe_20_HOM_HALF,0.22137885
filthy,P,word2vec_recipe_20_HOM_HALF,0.19722219
rubble,P,word2vec_recipe_20_HOM_HALF,0.37722832
neon,P,word2vec_recipe_20_HOM_HALF,0.33629352
publish,P,word2vec_recipe_20_HOM_HALF,0.112555504
angry,P,word2vec_recipe_20_HOM_HALF,0.29972658
jerky,H,word2vec_recipe_20_HOM_HALF,0.44002092
cobbler,P,word2vec_recipe_20_HOM_HALF,0.38876304
depth,P,word2vec_recipe_20_HOM_HALF,0.5367841
screen,P,word2vec_recipe_20_HOM_HALF,0.4622658
arrange,P,word2vec_recipe_20_HOM_HALF,0.42452404
penny,P,word2vec_recipe_20_HOM_HALF,0.48061046
acquire,P,word2vec_recipe_20_HOM_HALF,0.34461093
herring,P,word2vec_recipe_20_HOM_HALF,0.41430932
cactus,M,word2vec_recipe_20_HOM_HALF,0.43459648
ratio,P,word2vec_recipe_20_HOM_HALF,0.39517802
borderline,P,word2vec_recipe_20_HOM_HALF,0.20033523
bend,P,word2vec_recipe_20_HOM_HALF,0.3903122
cancel,P,word2vec_recipe_20_HOM_HALF,0.46537313
squirt,P,word2vec_recipe_20_HOM_HALF,0.44538295
mayonnaise,M,word2vec_recipe_20_HOM_HALF,0.35767075
chat,P,word2vec_recipe_20_HOM_HALF,0.32209918
renew,P,word2vec_recipe_20_HOM_HALF,0.24323346
promote,P,word2vec_recipe_20_HOM_HALF,0.44566235
liberty,P,word2vec_recipe_20_HOM_HALF,0.18712996
vibrant,P,word2vec_recipe_20_HOM_HALF,0.34766492
term,P,word2vec_recipe_20_HOM_HALF,0.36058939
tar,H,word2vec_recipe_20_HOM_HALF,0.41274196
cup,P,word2vec_recipe_20_HOM_HALF,0.41691157
dynamic,P,word2vec_recipe_20_HOM_HALF,0.19296522
spa,P,word2vec_recipe_20_HOM_HALF,0.23529828
drugstore,M,word2vec_recipe_20_HOM_HALF,0.34124362
transit,P,word2vec_recipe_20_HOM_HALF,0.19524212
shuffle,P,word2vec_recipe_20_HOM_HALF,0.3465187
rust,P,word2vec_recipe_20_HOM_HALF,0.42388093
bone,P,word2vec_recipe_20_HOM_HALF,0.3584495
indication,P,word2vec_recipe_20_HOM_HALF,0.2840447
huddle,P,word2vec_recipe_20_HOM_HALF,0.14456716
coffin,M,word2vec_recipe_20_HOM_HALF,0.28714415
annual,P,word2vec_recipe_20_HOM_HALF,0.15073277
poop,H,word2vec_recipe_20_HOM_HALF,0.23502393
carbon,P,word2vec_recipe_20_HOM_HALF,0.42061958
tiresome,P,word2vec_recipe_20_HOM_HALF,0.09350334
octopus,P,word2vec_recipe_20_HOM_HALF,0.38128352
spout,P,word2vec_recipe_20_HOM_HALF,0.41470182
dibs,P,word2vec_recipe_20_HOM_HALF,0.20708716
illegal,P,word2vec_recipe_20_HOM_HALF,0.1079888
map,P,word2vec_recipe_20_HOM_HALF,0.19352512
roommate,M,word2vec_recipe_20_HOM_HALF,0.10436548
nearby,P,word2vec_recipe_20_HOM_HALF,0.44443503
universal,P,word2vec_recipe_20_HOM_HALF,0.28439522
precision,P,word2vec_recipe_20_HOM_HALF,0.3837268
everyday,P,word2vec_recipe_20_HOM_HALF,0.3364353
bake,P,word2vec_recipe_20_HOM_HALF,0.48253068
disappoint,P,word2vec_recipe_20_HOM_HALF,0.09628498
ingenious,P,word2vec_recipe_20_HOM_HALF,0.16029868
pride,P,word2vec_recipe_20_HOM_HALF,0.26676962
bat,H,word2vec_recipe_20_HOM_HALF,0.35220608
passive,P,word2vec_recipe_20_HOM_HALF,0.28607354
version,P,word2vec_recipe_20_HOM_HALF,0.30140927
thirsty,P,word2vec_recipe_20_HOM_HALF,0.23525971
equipment,P,word2vec_recipe_20_HOM_HALF,0.48872072
organic,P,word2vec_recipe_20_HOM_HALF,0.36163825
launch,H,word2vec_recipe_20_HOM_HALF,0.25199318
latex,P,word2vec_recipe_20_HOM_HALF,0.35414574
clue,P,word2vec_recipe_20_HOM_HALF,0.1608506
modest,P,word2vec_recipe_20_HOM_HALF,0.33990443
beige,M,word2vec_recipe_20_HOM_HALF,0.33668908
tap,H,word2vec_recipe_20_HOM_HALF,0.46531954
bounty,P,word2vec_recipe_20_HOM_HALF,0.35724148
nerve,P,word2vec_recipe_20_HOM_HALF,0.18362173
brew,P,word2vec_recipe_20_HOM_HALF,0.35497352
balloon,P,word2vec_recipe_20_HOM_HALF,0.43248343
hillbilly,P,word2vec_recipe_20_HOM_HALF,0.19059561
neighbor,P,word2vec_recipe_20_HOM_HALF,0.19198623
pepperoni,M,word2vec_recipe_20_HOM_HALF,0.34967926
volcano,P,word2vec_recipe_20_HOM_HALF,0.40491435
worthwhile,M,word2vec_recipe_20_HOM_HALF,0.1305347
photograph,P,word2vec_recipe_20_HOM_HALF,0.3507972
safari,P,word2vec_recipe_20_HOM_HALF,0.16640554
unwanted,M,word2vec_recipe_20_HOM_HALF,0.3043228
flick,P,word2vec_recipe_20_HOM_HALF,0.42273805
sculpture,P,word2vec_recipe_20_HOM_HALF,0.22352609
burden,H,word2vec_recipe_20_HOM_HALF,0.105145864
dependent,P,word2vec_recipe_20_HOM_HALF,0.34867808
enjoyable,M,word2vec_recipe_20_HOM_HALF,0.23338637
bandit,P,word2vec_recipe_20_HOM_HALF,0.16340008
commotion,P,word2vec_recipe_20_HOM_HALF,0.21860233
nausea,P,word2vec_recipe_20_HOM_HALF,0.15326358
rum,M,word2vec_recipe_20_HOM_HALF,0.28556466
internal,P,word2vec_recipe_20_HOM_HALF,0.3256093
conclusion,P,word2vec_recipe_20_HOM_HALF,0.1657785
shock,H,word2vec_recipe_20_HOM_HALF,0.435608
horde,P,word2vec_recipe_20_HOM_HALF,0.17766973
menu,P,word2vec_recipe_20_HOM_HALF,0.31642234
citation,P,word2vec_recipe_20_HOM_HALF,0.20826982
factor,P,word2vec_recipe_20_HOM_HALF,0.26889238
technology,P,word2vec_recipe_20_HOM_HALF,0.13616994
arrival,P,word2vec_recipe_20_HOM_HALF,0.18151808
weakness,P,word2vec_recipe_20_HOM_HALF,0.10823665
distortion,P,word2vec_recipe_20_HOM_HALF,0.19263253
claim,P,word2vec_recipe_20_HOM_HALF,0.22338118
dusk,M,word2vec_recipe_20_HOM_HALF,0.25838917
miraculous,P,word2vec_recipe_20_HOM_HALF,0.16416472
fragrance,P,word2vec_recipe_20_HOM_HALF,0.370078
wilderness,P,word2vec_recipe_20_HOM_HALF,0.24491863
bra,M,word2vec_recipe_20_HOM_HALF,0.2088356
swing,P,word2vec_recipe_20_HOM_HALF,0.24540514
rodeo,M,word2vec_recipe_20_HOM_HALF,0.12045196
turnip,P,word2vec_recipe_20_HOM_HALF,0.33580735
bash,P,word2vec_recipe_20_HOM_HALF,0.41765344
energetic,P,word2vec_recipe_20_HOM_HALF,0.22919518
resolve,P,word2vec_recipe_20_HOM_HALF,0.11090496
string,P,word2vec_recipe_20_HOM_HALF,0.37741992
attract,P,word2vec_recipe_20_HOM_HALF,0.15426867
hemisphere,P,word2vec_recipe_20_HOM_HALF,0.22983137
colossal,M,word2vec_recipe_20_HOM_HALF,0.3108709
luxury,P,word2vec_recipe_20_HOM_HALF,0.2737769
glove,P,word2vec_recipe_20_HOM_HALF,0.39036176
personal,P,word2vec_recipe_20_HOM_HALF,0.30278197
claw,P,word2vec_recipe_20_HOM_HALF,0.37358487
nudge,P,word2vec_recipe_20_HOM_HALF,0.37023866
rally,H,word2vec_recipe_20_HOM_HALF,0.19073111
estate,P,word2vec_recipe_20_HOM_HALF,0.11735836
stomp,P,word2vec_recipe_20_HOM_HALF,0.26002946
cellular,P,word2vec_recipe_20_HOM_HALF,0.17350788
safety,P,word2vec_recipe_20_HOM_HALF,0.32803717
bias,P,word2vec_recipe_20_HOM_HALF,0.3807241
clip,H,word2vec_recipe_20_HOM_HALF,0.44463784
mayor,M,word2vec_recipe_20_HOM_HALF,0.1234432
foremost,M,word2vec_recipe_20_HOM_HALF,0.23887105
machine,P,word2vec_recipe_20_HOM_HALF,0.4117677
honesty,P,word2vec_recipe_20_HOM_HALF,0.16257158
proportion,P,word2vec_recipe_20_HOM_HALF,0.36243805
genie,M,word2vec_recipe_20_HOM_HALF,0.15810655
sharp,P,word2vec_recipe_20_HOM_HALF,0.36810243
plaid,P,word2vec_recipe_20_HOM_HALF,0.16962755
smother,P,word2vec_recipe_20_HOM_HALF,0.4358715
airport,M,word2vec_recipe_20_HOM_HALF,0.13454437
liter,M,word2vec_recipe_20_HOM_HALF,0.37113234
rate,H,word2vec_recipe_20_HOM_HALF,0.45258465
bonfire,M,word2vec_recipe_20_HOM_HALF,0.28698713
yoga,P,word2vec_recipe_20_HOM_HALF,0.22193237
tablet,P,word2vec_recipe_20_HOM_HALF,0.38855678
prone,P,word2vec_recipe_20_HOM_HALF,0.31952712
calendar,P,word2vec_recipe_20_HOM_HALF,0.22723742
background,P,word2vec_recipe_20_HOM_HALF,0.27282825
endless,P,word2vec_recipe_20_HOM_HALF,0.31505036
tag,H,word2vec_recipe_20_HOM_HALF,0.42768973
backbone,P,word2vec_recipe_20_HOM_HALF,0.3150496
division,P,word2vec_recipe_20_HOM_HALF,0.26794583
needle,P,word2vec_recipe_20_HOM_HALF,0.37521276
hobo,P,word2vec_recipe_20_HOM_HALF,0.43815768
roach,H,word2vec_recipe_20_HOM_HALF,0.16247118
attach,P,word2vec_recipe_20_HOM_HALF,0.37915298
catfish,M,word2vec_recipe_20_HOM_HALF,0.36286384
slick,H,word2vec_recipe_20_HOM_HALF,0.41768405
mystic,P,word2vec_recipe_20_HOM_HALF,0.16487025
majority,P,word2vec_recipe_20_HOM_HALF,0.43491155
seat,P,word2vec_recipe_20_HOM_HALF,0.38977376
yarn,P,word2vec_recipe_20_HOM_HALF,0.26540324
diamond,P,word2vec_recipe_20_HOM_HALF,0.36980325
lipstick,M,word2vec_recipe_20_HOM_HALF,0.21816385
bead,P,word2vec_recipe_20_HOM_HALF,0.54609185
enlighten,M,word2vec_recipe_20_HOM_HALF,0.15723428
medicine,P,word2vec_recipe_20_HOM_HALF,0.20951788
penalty,P,word2vec_recipe_20_HOM_HALF,0.19206297
oblivion,P,word2vec_recipe_20_HOM_HALF,0.3272885
district,P,word2vec_recipe_20_HOM_HALF,0.14654683
holler,P,word2vec_recipe_20_HOM_HALF,0.21635613
nap,H,word2vec_recipe_20_HOM_HALF,0.4536836
pattern,P,word2vec_recipe_20_HOM_HALF,0.3164864
warehouse,P,word2vec_recipe_20_HOM_HALF,0.19910866
exotic,P,word2vec_recipe_20_HOM_HALF,0.3158017
edit,P,word2vec_recipe_20_HOM_HALF,0.1757912
dodo,P,word2vec_recipe_20_HOM_HALF,0.19146645
sap,H,word2vec_recipe_20_HOM_HALF,0.27594385
elegant,P,word2vec_recipe_20_HOM_HALF,0.34003022
speed,P,word2vec_recipe_20_HOM_HALF,0.41475973
molecular,M,word2vec_recipe_20_HOM_HALF,0.14723188
wax,H,word2vec_recipe_20_HOM_HALF,0.4043572
sapphire,P,word2vec_recipe_20_HOM_HALF,0.17524903
camel,M,word2vec_recipe_20_HOM_HALF,0.3513976
system,P,word2vec_recipe_20_HOM_HALF,0.26581872
freshen,P,word2vec_recipe_20_HOM_HALF,0.3994158
silent,P,word2vec_recipe_20_HOM_HALF,0.23025885
weaken,P,word2vec_recipe_20_HOM_HALF,0.23971945
specialize,P,word2vec_recipe_20_HOM_HALF,0.1545823
approval,P,word2vec_recipe_20_HOM_HALF,0.17419855
blow,H,word2vec_recipe_20_HOM_HALF,0.39906234
ripple,P,word2vec_recipe_20_HOM_HALF,0.4455485
brig,P,word2vec_recipe_20_HOM_HALF,0.21007667
kangaroo,M,word2vec_recipe_20_HOM_HALF,0.32399166
empire,P,word2vec_recipe_20_HOM_HALF,0.23925263
suede,M,word2vec_recipe_20_HOM_HALF,0.2116486
overseas,P,word2vec_recipe_20_HOM_HALF,0.18676764
tickle,P,word2vec_recipe_20_HOM_HALF,0.16954786
hormone,P,word2vec_recipe_20_HOM_HALF,0.15524179
spook,P,word2vec_recipe_20_HOM_HALF,0.37170467
material,P,word2vec_recipe_20_HOM_HALF,0.34849605
celery,M,word2vec_recipe_20_HOM_HALF,0.32130873
trade,P,word2vec_recipe_20_HOM_HALF,0.21836096
chill,P,word2vec_recipe_20_HOM_HALF,0.4260584
myth,P,word2vec_recipe_20_HOM_HALF,0.093635656
award,P,word2vec_recipe_20_HOM_HALF,0.2233863
waterfall,M,word2vec_recipe_20_HOM_HALF,0.20444244
nightly,P,word2vec_recipe_20_HOM_HALF,0.14548314
reindeer,M,word2vec_recipe_20_HOM_HALF,0.26544833
force,P,word2vec_recipe_20_HOM_HALF,0.45084527
extreme,P,word2vec_recipe_20_HOM_HALF,0.3910791
shiver,H,word2vec_recipe_20_HOM_HALF,0.2524276
portion,P,word2vec_recipe_20_HOM_HALF,0.42879504
sexy,P,word2vec_recipe_20_HOM_HALF,0.29926255
gut,P,word2vec_recipe_20_HOM_HALF,0.31982315
crawl,P,word2vec_recipe_20_HOM_HALF,0.25457633
nationwide,M,word2vec_recipe_20_HOM_HALF,0.15676548
verb,M,word2vec_recipe_20_HOM_HALF,0.15372725
treatment,P,word2vec_recipe_20_HOM_HALF,0.25974885
alias,P,word2vec_recipe_20_HOM_HALF,0.1254394
sustain,P,word2vec_recipe_20_HOM_HALF,0.29519567
anonymous,M,word2vec_recipe_20_HOM_HALF,0.11449304
dairy,P,word2vec_recipe_20_HOM_HALF,0.39099118
carve,P,word2vec_recipe_20_HOM_HALF,0.43802607
colorful,P,word2vec_recipe_20_HOM_HALF,0.3803636
petite,P,word2vec_recipe_20_HOM_HALF,0.47009042
struggle,P,word2vec_recipe_20_HOM_HALF,0.16321285
cluster,P,word2vec_recipe_20_HOM_HALF,0.41155213
exam,M,word2vec_recipe_20_HOM_HALF,0.23751579
wizard,P,word2vec_recipe_20_HOM_HALF,0.20594974
erect,P,word2vec_recipe_20_HOM_HALF,0.20746699
comeback,P,word2vec_recipe_20_HOM_HALF,0.23376411
math,M,word2vec_recipe_20_HOM_HALF,0.19541313
creator,P,word2vec_recipe_20_HOM_HALF,0.12103404
bump,P,word2vec_recipe_20_HOM_HALF,0.3987329
greasy,P,word2vec_recipe_20_HOM_HALF,0.30771333
buzzer,M,word2vec_recipe_20_HOM_HALF,0.30385324
zombie,P,word2vec_recipe_20_HOM_HALF,0.27060542
virtuous,P,word2vec_recipe_20_HOM_HALF,0.25043455
almond,P,word2vec_recipe_20_HOM_HALF,0.36909807
cling,P,word2vec_recipe_20_HOM_HALF,0.43214878
grin,P,word2vec_recipe_20_HOM_HALF,0.16183922
terrific,P,word2vec_recipe_20_HOM_HALF,0.32034194
absence,P,word2vec_recipe_20_HOM_HALF,0.22948454
examine,P,word2vec_recipe_20_HOM_HALF,0.3557392
unlucky,P,word2vec_recipe_20_HOM_HALF,0.09186984
creative,P,word2vec_recipe_20_HOM_HALF,0.29476684
rake,H,word2vec_recipe_20_HOM_HALF,0.47703725
container,P,word2vec_recipe_20_HOM_HALF,0.34998122
text,P,word2vec_recipe_20_HOM_HALF,0.21804215
prowl,P,word2vec_recipe_20_HOM_HALF,0.27397746
bully,H,word2vec_recipe_20_HOM_HALF,0.24126013
cherry,P,word2vec_recipe_20_HOM_HALF,0.40472427
inferior,P,word2vec_recipe_20_HOM_HALF,0.23075081
waiter,P,word2vec_recipe_20_HOM_HALF,0.1287125
bridal,P,word2vec_recipe_20_HOM_HALF,0.2643175
fate,P,word2vec_recipe_20_HOM_HALF,0.20305373
wart,P,word2vec_recipe_20_HOM_HALF,0.20506439
absent,P,word2vec_recipe_20_HOM_HALF,0.1861938
invent,P,word2vec_recipe_20_HOM_HALF,0.1487982
knock,P,word2vec_recipe_20_HOM_HALF,0.4223149
sometime,P,word2vec_recipe_20_HOM_HALF,0.32334483
playful,P,word2vec_recipe_20_HOM_HALF,0.20612158
crumble,P,word2vec_recipe_20_HOM_HALF,0.4713892
slide,P,word2vec_recipe_20_HOM_HALF,0.42130986
muzzle,P,word2vec_recipe_20_HOM_HALF,0.16904326
unclear,M,word2vec_recipe_20_HOM_HALF,0.11812847
noodle,H,word2vec_recipe_20_HOM_HALF,0.3681191
kite,P,word2vec_recipe_20_HOM_HALF,0.20050779
shark,H,word2vec_recipe_20_HOM_HALF,0.3470558
seek,P,word2vec_recipe_20_HOM_HALF,0.19051442
asleep,P,word2vec_recipe_20_HOM_HALF,0.1480383
regardless,P,word2vec_recipe_20_HOM_HALF,0.26098067
carousel,P,word2vec_recipe_20_HOM_HALF,0.4383029
wink,P,word2vec_recipe_20_HOM_HALF,0.27081344
departure,P,word2vec_recipe_20_HOM_HALF,0.120101355
injection,P,word2vec_recipe_20_HOM_HALF,0.40495986
support,P,word2vec_recipe_20_HOM_HALF,0.31896722
craze,P,word2vec_recipe_20_HOM_HALF,0.20101267
wisdom,P,word2vec_recipe_20_HOM_HALF,0.18700786
argue,P,word2vec_recipe_20_HOM_HALF,0.1349781
engagement,P,word2vec_recipe_20_HOM_HALF,0.22628479
unlock,P,word2vec_recipe_20_HOM_HALF,0.47691128
quality,P,word2vec_recipe_20_HOM_HALF,0.35868055
maniac,P,word2vec_recipe_20_HOM_HALF,0.15951718
warp,P,word2vec_recipe_20_HOM_HALF,0.3652596
finale,P,word2vec_recipe_20_HOM_HALF,0.32456034
putt,P,word2vec_recipe_20_HOM_HALF,0.35232925
founder,H,word2vec_recipe_20_HOM_HALF,0.10824514
exposure,P,word2vec_recipe_20_HOM_HALF,0.30365205
popular,P,word2vec_recipe_20_HOM_HALF,0.3024122
lard,P,word2vec_recipe_20_HOM_HALF,0.49043012
excellence,P,word2vec_recipe_20_HOM_HALF,0.20777908
hesitation,M,word2vec_recipe_20_HOM_HALF,0.26135463
vineyard,M,word2vec_recipe_20_HOM_HALF,0.16619648
remedy,P,word2vec_recipe_20_HOM_HALF,0.28349945
prime,P,word2vec_recipe_20_HOM_HALF,0.34799203
charm,P,word2vec_recipe_20_HOM_HALF,0.2730985
crate,P,word2vec_recipe_20_HOM_HALF,0.25508073
twin,P,word2vec_recipe_20_HOM_HALF,0.3923418
statue,M,word2vec_recipe_20_HOM_HALF,0.19065946
post,H,word2vec_recipe_20_HOM_HALF,0.27648214
descent,P,word2vec_recipe_20_HOM_HALF,0.120410345
handbag,P,word2vec_recipe_20_HOM_HALF,0.22481333
chant,P,word2vec_recipe_20_HOM_HALF,0.15030259
lint,P,word2vec_recipe_20_HOM_HALF,0.30451995
preview,P,word2vec_recipe_20_HOM_HALF,0.16197138
lush,P,word2vec_recipe_20_HOM_HALF,0.41652238
accordance,P,word2vec_recipe_20_HOM_HALF,0.35744095
neutral,P,word2vec_recipe_20_HOM_HALF,0.4290628
fond,P,word2vec_recipe_20_HOM_HALF,0.4361715
grape,P,word2vec_recipe_20_HOM_HALF,0.40041715
treasure,P,word2vec_recipe_20_HOM_HALF,0.35063562
bladder,P,word2vec_recipe_20_HOM_HALF,0.17849934
dozen,P,word2vec_recipe_20_HOM_HALF,0.41491544
cleaver,M,word2vec_recipe_20_HOM_HALF,0.41128203
tab,P,word2vec_recipe_20_HOM_HALF,0.4825502
harm,P,word2vec_recipe_20_HOM_HALF,0.23306996
stadium,M,word2vec_recipe_20_HOM_HALF,0.28952608
permanent,P,word2vec_recipe_20_HOM_HALF,0.26404914
outcome,M,word2vec_recipe_20_HOM_HALF,0.28142038
melon,M,word2vec_recipe_20_HOM_HALF,0.37269914
warming,P,word2vec_recipe_20_HOM_HALF,0.44710267
artistic,P,word2vec_recipe_20_HOM_HALF,0.2218886
dinosaur,P,word2vec_recipe_20_HOM_HALF,0.33664283
cranberry,P,word2vec_recipe_20_HOM_HALF,0.33578068
generate,P,word2vec_recipe_20_HOM_HALF,0.31161937
prove,P,word2vec_recipe_20_HOM_HALF,0.37655595
threat,P,word2vec_recipe_20_HOM_HALF,0.2709036
downfall,P,word2vec_recipe_20_HOM_HALF,0.17447299
admit,P,word2vec_recipe_20_HOM_HALF,0.19640672
position,P,word2vec_recipe_20_HOM_HALF,0.42358288
alike,P,word2vec_recipe_20_HOM_HALF,0.19440016
laser,M,word2vec_recipe_20_HOM_HALF,0.24482958
bust,H,word2vec_recipe_20_HOM_HALF,0.2769754
tour,P,word2vec_recipe_20_HOM_HALF,0.18692431
pepper,P,word2vec_recipe_20_HOM_HALF,0.29054704
symphony,P,word2vec_recipe_20_HOM_HALF,0.24290302
fudge,H,word2vec_recipe_20_HOM_HALF,0.38482425
stallion,M,word2vec_recipe_20_HOM_HALF,0.19889894
eyeball,P,word2vec_recipe_20_HOM_HALF,0.42119393
perpetual,P,word2vec_recipe_20_HOM_HALF,0.19351001
villa,M,word2vec_recipe_20_HOM_HALF,0.15726613
chimpanzee,M,word2vec_recipe_20_HOM_HALF,0.1922269
naked,P,word2vec_recipe_20_HOM_HALF,0.35255665
propeller,M,word2vec_recipe_20_HOM_HALF,0.25687492
lollipop,M,word2vec_recipe_20_HOM_HALF,0.36281282
poem,P,word2vec_recipe_20_HOM_HALF,0.20039926
decorator,M,word2vec_recipe_20_HOM_HALF,0.30585107
flashy,P,word2vec_recipe_20_HOM_HALF,0.11607607
heap,P,word2vec_recipe_20_HOM_HALF,0.4720043
rumor,P,word2vec_recipe_20_HOM_HALF,0.17693654
potassium,M,word2vec_recipe_20_HOM_HALF,0.23416021
gland,P,word2vec_recipe_20_HOM_HALF,0.2542168
washer,P,word2vec_recipe_20_HOM_HALF,0.27983105
summary,P,word2vec_recipe_20_HOM_HALF,0.19924934
expiration,P,word2vec_recipe_20_HOM_HALF,0.28255007
governor,P,word2vec_recipe_20_HOM_HALF,0.11545832
glorious,P,word2vec_recipe_20_HOM_HALF,0.3591378
cubicle,M,word2vec_recipe_20_HOM_HALF,0.12979409
precaution,P,word2vec_recipe_20_HOM_HALF,0.2575283
approve,P,word2vec_recipe_20_HOM_HALF,0.10728195
weekly,P,word2vec_recipe_20_HOM_HALF,0.26751193
blizzard,P,word2vec_recipe_20_HOM_HALF,0.26563063
border,P,word2vec_recipe_20_HOM_HALF,0.42555922
nighttime,M,word2vec_recipe_20_HOM_HALF,0.18026794
dandy,P,word2vec_recipe_20_HOM_HALF,0.34980497
suspicion,P,word2vec_recipe_20_HOM_HALF,0.12229512
science,P,word2vec_recipe_20_HOM_HALF,0.24674183
universe,P,word2vec_recipe_20_HOM_HALF,0.20109332
papaya,M,word2vec_recipe_20_HOM_HALF,0.33655375
superb,P,word2vec_recipe_20_HOM_HALF,0.2854223
spite,P,word2vec_recipe_20_HOM_HALF,0.1484473
finder,P,word2vec_recipe_20_HOM_HALF,0.20380388
affection,P,word2vec_recipe_20_HOM_HALF,0.17577446
liver,H,word2vec_recipe_20_HOM_HALF,0.40182245
discreet,P,word2vec_recipe_20_HOM_HALF,0.17731743
elect,P,word2vec_recipe_20_HOM_HALF,0.26828247
offshore,P,word2vec_recipe_20_HOM_HALF,0.13644615
creation,P,word2vec_recipe_20_HOM_HALF,0.27782002
ounce,H,word2vec_recipe_20_HOM_HALF,0.35809472
nonstop,M,word2vec_recipe_20_HOM_HALF,0.37292546
leaf,P,word2vec_recipe_20_HOM_HALF,0.40058577
despite,P,word2vec_recipe_20_HOM_HALF,0.19992393
reputation,P,word2vec_recipe_20_HOM_HALF,0.13754275
portrait,P,word2vec_recipe_20_HOM_HALF,0.18655935
tame,P,word2vec_recipe_20_HOM_HALF,0.284206
batter,H,word2vec_recipe_20_HOM_HALF,0.42302808
mop,P,word2vec_recipe_20_HOM_HALF,0.45732307
moistdae,HOM*,word2vec_recipe_20_HOM_HALF,0.47426927
outsin,HOM*,word2vec_recipe_20_HOM_HALF,0.39929608
tastoratory,HOM*,word2vec_recipe_20_HOM_HALF,0.4002453
cholass,HOM*,word2vec_recipe_20_HOM_HALF,0.4787013
sauerfreez,HOM*,word2vec_recipe_20_HOM_HALF,0.39230588
toothium,HOM*,word2vec_recipe_20_HOM_HALF,0.4140095
quivity,HOM*,word2vec_recipe_20_HOM_HALF,0.42232147
coleslamp,HOM*,word2vec_recipe_20_HOM_HALF,0.3795087
salatable,HOM*,word2vec_recipe_20_HOM_HALF,0.3504844
chowdushi,HOM*,word2vec_recipe_20_HOM_HALF,0.4341083
outgurt,HOM*,word2vec_recipe_20_HOM_HALF,0.44819295
pultrorgeous,HOM*,word2vec_recipe_20_HOM_HALF,0.38523975
usebarb,HOM*,word2vec_recipe_20_HOM_HALF,0.35682377
pepperolinary,HOM*,word2vec_recipe_20_HOM_HALF,0.36861995
magchen,HOM*,word2vec_recipe_20_HOM_HALF,0.46680394
baconade,HOM*,word2vec_recipe_20_HOM_HALF,0.40508777
excellinach,HOM*,word2vec_recipe_20_HOM_HALF,0.36264023
literesta,HOM*,word2vec_recipe_20_HOM_HALF,0.41683024
vodimilar,HOM*,word2vec_recipe_20_HOM_HALF,0.27890006
speedaminy,HOM*,word2vec_recipe_20_HOM_HALF,0.325526
