word,ambiguity_type,model,nbhd_dist_20,nbhd_pairdist_20,nbhd_dist_100,nbhd_pairdist_100,nbhd_dist_200,nbhd_pairdist_200
keg,P,word2vec_recipe_50_HOM_HALF,0.20169827,0.2649094,0.24320534,0.3026389,0.26126343,0.30943576
aristocrat,P,word2vec_recipe_50_HOM_HALF,0.13663425,0.16158365,0.16235422,0.18694864,0.17307492,0.19526072
novelty,P,word2vec_recipe_50_HOM_HALF,0.15438975,0.18131284,0.18996067,0.23008828,0.20695187,0.2532031
pirate,P,word2vec_recipe_50_HOM_HALF,0.20072564,0.21658303,0.23426749,0.23937911,0.2462067,0.25204015
gasoline,M,word2vec_recipe_50_HOM_HALF,0.12847964,0.1339166,0.15155742,0.15766555,0.16136533,0.16750428
fringe,P,word2vec_recipe_50_HOM_HALF,0.19219458,0.19484378,0.23017961,0.25032118,0.24807182,0.27315062
corral,P,word2vec_recipe_50_HOM_HALF,0.32044193,0.28779742,0.35800582,0.30865133,0.37206212,0.31973457
gopher,P,word2vec_recipe_50_HOM_HALF,0.20893562,0.22484855,0.23317195,0.24408743,0.24497116,0.25503346
substance,P,word2vec_recipe_50_HOM_HALF,0.28904742,0.33434713,0.34117454,0.33447334,0.36143607,0.34243912
flannel,P,word2vec_recipe_50_HOM_HALF,0.33087254,0.22934997,0.37602735,0.25221205,0.3911685,0.25468332
strap,P,word2vec_recipe_50_HOM_HALF,0.23606753,0.19842118,0.2858721,0.25215077,0.30831516,0.27917045
courtesy,P,word2vec_recipe_50_HOM_HALF,0.2918584,0.2450445,0.33761624,0.26310253,0.35489938,0.27261612
pitch,H,word2vec_recipe_50_HOM_HALF,0.3369119,0.28965053,0.39045256,0.3512514,0.40996262,0.3660391
countdown,P,word2vec_recipe_50_HOM_HALF,0.28545213,0.24274057,0.31932157,0.25729093,0.33106583,0.2592306
fiend,P,word2vec_recipe_50_HOM_HALF,0.16847111,0.14367,0.1947523,0.14864075,0.20507124,0.15853177
generic,P,word2vec_recipe_50_HOM_HALF,0.24792619,0.22841884,0.28632763,0.2349707,0.3000253,0.2410728
marijuana,M,word2vec_recipe_50_HOM_HALF,0.25187162,0.27367675,0.28809196,0.31733632,0.30248442,0.3349247
pink,H,word2vec_recipe_50_HOM_HALF,0.36452702,0.41792983,0.48413035,0.5062199,0.5214256,0.5116649
perky,M,word2vec_recipe_50_HOM_HALF,0.2931108,0.27943975,0.33662456,0.27663988,0.35115364,0.29456064
society,P,word2vec_recipe_50_HOM_HALF,0.15564138,0.14011186,0.18079232,0.16632429,0.19319828,0.18413141
fearless,M,word2vec_recipe_50_HOM_HALF,0.16689268,0.15359703,0.18971734,0.15654597,0.20014758,0.17254142
lotion,P,word2vec_recipe_50_HOM_HALF,0.25140542,0.22841802,0.30588835,0.30448487,0.33271515,0.32196772
hoop,P,word2vec_recipe_50_HOM_HALF,0.2752313,0.23210646,0.30848902,0.26699588,0.32150298,0.27054298
cookie,P,word2vec_recipe_50_HOM_HALF,0.29871884,0.30675605,0.3653044,0.3489442,0.39152253,0.38015628
etiquette,M,word2vec_recipe_50_HOM_HALF,0.12658419,0.13518335,0.14569336,0.158792,0.15403903,0.16825657
romantic,P,word2vec_recipe_50_HOM_HALF,0.21689332,0.23684986,0.2554018,0.26477617,0.2713126,0.27168706
square,P,word2vec_recipe_50_HOM_HALF,0.25114062,0.27814883,0.3080946,0.3144997,0.33343795,0.33159342
vibration,P,word2vec_recipe_50_HOM_HALF,0.13095447,0.1519379,0.15056276,0.18391016,0.15901631,0.18733947
isolate,P,word2vec_recipe_50_HOM_HALF,0.22165723,0.22286518,0.25817794,0.2883272,0.27266547,0.28846532
spacious,P,word2vec_recipe_50_HOM_HALF,0.22855124,0.25545722,0.26188642,0.28685367,0.2773207,0.3028014
toilet,P,word2vec_recipe_50_HOM_HALF,0.1898143,0.23945616,0.23842064,0.2819899,0.257465,0.30052885
southwest,P,word2vec_recipe_50_HOM_HALF,0.20368877,0.2652164,0.28787348,0.31602618,0.31301716,0.29196092
corpse,M,word2vec_recipe_50_HOM_HALF,0.15845278,0.16215384,0.19003235,0.18037826,0.20161064,0.19657062
publisher,P,word2vec_recipe_50_HOM_HALF,0.099111795,0.11995802,0.14968854,0.17016868,0.17128879,0.197753
accompany,P,word2vec_recipe_50_HOM_HALF,0.28025314,0.39105293,0.37773585,0.46617964,0.4124079,0.47086972
wildlife,M,word2vec_recipe_50_HOM_HALF,0.15931599,0.1648129,0.1849814,0.18530494,0.19570217,0.19358194
louse,P,word2vec_recipe_50_HOM_HALF,0.13172047,0.14523499,0.15529498,0.16706084,0.16530234,0.18243335
household,P,word2vec_recipe_50_HOM_HALF,0.23716164,0.18895249,0.26352516,0.1894873,0.27478817,0.20404606
lend,P,word2vec_recipe_50_HOM_HALF,0.22362967,0.23020653,0.2811099,0.27338603,0.30561763,0.28000277
despise,M,word2vec_recipe_50_HOM_HALF,0.084308416,0.09323369,0.10233897,0.11925309,0.11154944,0.13363442
attack,P,word2vec_recipe_50_HOM_HALF,0.2704937,0.24156371,0.31675884,0.28109258,0.332534,0.28864405
cone,P,word2vec_recipe_50_HOM_HALF,0.27327263,0.27356738,0.32920143,0.31285456,0.35175094,0.33672598
rope,P,word2vec_recipe_50_HOM_HALF,0.23080857,0.29426372,0.3202547,0.3197064,0.35004982,0.32843974
agreement,P,word2vec_recipe_50_HOM_HALF,0.28168535,0.2560957,0.32777354,0.23897664,0.34255952,0.23897214
unable,M,word2vec_recipe_50_HOM_HALF,0.25276366,0.23740141,0.30114838,0.23426999,0.31667826,0.23037568
rainy,M,word2vec_recipe_50_HOM_HALF,0.26598948,0.28639495,0.3371703,0.31605992,0.36772156,0.3307595
gracious,P,word2vec_recipe_50_HOM_HALF,0.1484462,0.13801265,0.17247134,0.16769962,0.18265145,0.1779182
hind,H,word2vec_recipe_50_HOM_HALF,0.20163615,0.2263419,0.2521353,0.30147466,0.27990225,0.34351996
park,P,word2vec_recipe_50_HOM_HALF,0.2800482,0.21701023,0.3166678,0.24204217,0.33054656,0.2511661
detector,P,word2vec_recipe_50_HOM_HALF,0.16760437,0.17463246,0.20305295,0.18038823,0.21536827,0.18660378
armpit,M,word2vec_recipe_50_HOM_HALF,0.17912307,0.1921875,0.21486694,0.22764955,0.2307187,0.24813712
distance,P,word2vec_recipe_50_HOM_HALF,0.3687334,0.35526532,0.4149568,0.37313843,0.42986733,0.36813587
eager,M,word2vec_recipe_50_HOM_HALF,0.10188035,0.10898802,0.123019494,0.13251114,0.13344671,0.1426315
drum,P,word2vec_recipe_50_HOM_HALF,0.35281444,0.29670167,0.40410972,0.38098994,0.42319608,0.39063624
accident,P,word2vec_recipe_50_HOM_HALF,0.16674711,0.12592605,0.19155489,0.14545068,0.20331089,0.15713465
moon,P,word2vec_recipe_50_HOM_HALF,0.34838778,0.36068422,0.41734412,0.38000837,0.4393448,0.3938624
pansy,P,word2vec_recipe_50_HOM_HALF,0.22157283,0.27938548,0.28235385,0.36779264,0.30539522,0.38334608
reality,P,word2vec_recipe_50_HOM_HALF,0.104170084,0.113991775,0.12213854,0.13023913,0.13108726,0.13933486
equal,P,word2vec_recipe_50_HOM_HALF,0.32988125,0.3683172,0.41410613,0.43779707,0.44220275,0.42839453
regain,P,word2vec_recipe_50_HOM_HALF,0.22637787,0.20030648,0.26598087,0.24697156,0.28332278,0.2655358
dominion,P,word2vec_recipe_50_HOM_HALF,0.13694282,0.124600545,0.16037637,0.14657804,0.17108834,0.15900722
pudding,P,word2vec_recipe_50_HOM_HALF,0.3400812,0.44604707,0.40287983,0.426998,0.42547417,0.4205851
wing,P,word2vec_recipe_50_HOM_HALF,0.2748616,0.3325443,0.39623109,0.43262842,0.4404229,0.4578126
greedy,P,word2vec_recipe_50_HOM_HALF,0.12851226,0.11095197,0.15349427,0.13104877,0.16500424,0.14674285
hoof,P,word2vec_recipe_50_HOM_HALF,0.19491251,0.20150305,0.22225,0.2453854,0.2332535,0.26709065
poorly,P,word2vec_recipe_50_HOM_HALF,0.11147652,0.11415625,0.13250892,0.13432516,0.14218907,0.14635393
mink,P,word2vec_recipe_50_HOM_HALF,0.20193946,0.22516093,0.22587113,0.24633488,0.23626588,0.25569284
plumber,P,word2vec_recipe_50_HOM_HALF,0.114751995,0.10773433,0.13516176,0.13001625,0.14514548,0.1457609
toaster,H,word2vec_recipe_50_HOM_HALF,0.3700372,0.4210189,0.44830427,0.50002474,0.47734493,0.5069368
disposal,P,word2vec_recipe_50_HOM_HALF,0.2353956,0.25306278,0.28304103,0.30362687,0.30362466,0.3111141
pleasant,P,word2vec_recipe_50_HOM_HALF,0.23816156,0.21567732,0.2860577,0.27731532,0.3079428,0.29848772
airtight,P,word2vec_recipe_50_HOM_HALF,0.28178912,0.33876142,0.39869115,0.3993643,0.44506294,0.42401245
cancer,P,word2vec_recipe_50_HOM_HALF,0.17153963,0.1464737,0.21616295,0.18405648,0.23628424,0.20314467
critical,P,word2vec_recipe_50_HOM_HALF,0.23803513,0.20436463,0.28613937,0.22785847,0.3023303,0.22627068
cloak,P,word2vec_recipe_50_HOM_HALF,0.18145628,0.19572176,0.21071412,0.20791787,0.22397034,0.21620224
honor,P,word2vec_recipe_50_HOM_HALF,0.19444558,0.16849117,0.22468096,0.18699528,0.23761679,0.20022173
continue,P,word2vec_recipe_50_HOM_HALF,0.3944277,0.42708072,0.46429905,0.40869242,0.48502707,0.385463
placement,P,word2vec_recipe_50_HOM_HALF,0.2742908,0.31009662,0.32285732,0.31067583,0.34077972,0.32591137
panic,P,word2vec_recipe_50_HOM_HALF,0.2600198,0.26861495,0.30698514,0.26107663,0.32444087,0.27042058
rotation,P,word2vec_recipe_50_HOM_HALF,0.2953357,0.2803813,0.33365017,0.2904056,0.35066062,0.29612747
bug,P,word2vec_recipe_50_HOM_HALF,0.2738456,0.26428428,0.32392758,0.32657456,0.34245986,0.34756348
plaster,P,word2vec_recipe_50_HOM_HALF,0.2713669,0.2837045,0.32481346,0.3318185,0.3444846,0.3430558
territory,P,word2vec_recipe_50_HOM_HALF,0.14567241,0.13718943,0.16889888,0.15626143,0.1796296,0.17090623
infection,P,word2vec_recipe_50_HOM_HALF,0.12567501,0.13955167,0.16097432,0.17928438,0.17648399,0.19660096
heater,P,word2vec_recipe_50_HOM_HALF,0.2992629,0.2938944,0.34840596,0.35704634,0.368875,0.37876123
tailor,P,word2vec_recipe_50_HOM_HALF,0.14794728,0.17785461,0.1789477,0.2012092,0.19240876,0.20537685
folder,P,word2vec_recipe_50_HOM_HALF,0.22440557,0.23444267,0.2590158,0.27371377,0.275616,0.28743994
various,P,word2vec_recipe_50_HOM_HALF,0.31856194,0.35562634,0.38562733,0.38844103,0.40867433,0.39033517
assure,P,word2vec_recipe_50_HOM_HALF,0.34980965,0.389701,0.4314479,0.34048048,0.45336968,0.32642797
green,P,word2vec_recipe_50_HOM_HALF,0.29172686,0.27894202,0.35608074,0.32947654,0.378052,0.34626946
sweaty,P,word2vec_recipe_50_HOM_HALF,0.24371497,0.21781467,0.2784851,0.2354341,0.29234037,0.24340533
bogus,M,word2vec_recipe_50_HOM_HALF,0.12495168,0.12819393,0.14774562,0.15029256,0.15667683,0.16671099
drip,P,word2vec_recipe_50_HOM_HALF,0.40668035,0.40696827,0.48076218,0.473723,0.50539637,0.48258486
horseback,P,word2vec_recipe_50_HOM_HALF,0.30753845,0.25744244,0.35295853,0.2958832,0.367681,0.29840404
angle,H,word2vec_recipe_50_HOM_HALF,0.29648605,0.33238316,0.37816978,0.33792147,0.40607086,0.3394244
burp,P,word2vec_recipe_50_HOM_HALF,0.287196,0.3217659,0.33630422,0.36043224,0.35817283,0.36988828
premature,M,word2vec_recipe_50_HOM_HALF,0.17634173,0.1961821,0.21263023,0.23370488,0.23006664,0.23325989
emphasize,P,word2vec_recipe_50_HOM_HALF,0.15757883,0.15160912,0.18231118,0.16579957,0.19361421,0.17992435
crook,P,word2vec_recipe_50_HOM_HALF,0.3125804,0.26967195,0.35773876,0.33683985,0.3740538,0.35289443
cardiac,P,word2vec_recipe_50_HOM_HALF,0.1331935,0.1448762,0.15348798,0.16546834,0.16185288,0.1715702
newborn,P,word2vec_recipe_50_HOM_HALF,0.15002906,0.15109773,0.17276289,0.17022358,0.18254952,0.1848489
grenade,P,word2vec_recipe_50_HOM_HALF,0.15025367,0.1607961,0.17941514,0.18127428,0.19032392,0.19551098
frisky,M,word2vec_recipe_50_HOM_HALF,0.17813556,0.16423775,0.20759846,0.18012404,0.22078866,0.18190329
goose,P,word2vec_recipe_50_HOM_HALF,0.20431092,0.25141147,0.3299023,0.42367142,0.381617,0.4590327
anger,P,word2vec_recipe_50_HOM_HALF,0.13760948,0.11918665,0.1611706,0.14018022,0.17052189,0.1541772
burner,P,word2vec_recipe_50_HOM_HALF,0.28753942,0.36334702,0.38280174,0.41880924,0.41578963,0.43731728
mediocre,M,word2vec_recipe_50_HOM_HALF,0.09142571,0.102705106,0.10764687,0.12573189,0.11523846,0.1363013
lousy,P,word2vec_recipe_50_HOM_HALF,0.087616466,0.09921306,0.10351686,0.120018825,0.11263302,0.13370247
tack,P,word2vec_recipe_50_HOM_HALF,0.3575086,0.28185245,0.4026061,0.33450013,0.4191494,0.35561612
mercy,P,word2vec_recipe_50_HOM_HALF,0.12416134,0.111717395,0.14902015,0.1453425,0.16075625,0.16250843
insane,P,word2vec_recipe_50_HOM_HALF,0.2778298,0.22592558,0.31532666,0.23034556,0.32856902,0.22940423
vacant,P,word2vec_recipe_50_HOM_HALF,0.2000685,0.22548589,0.22802518,0.25211522,0.24180806,0.2646516
shrimp,P,word2vec_recipe_50_HOM_HALF,0.24057171,0.32321858,0.35481116,0.43256313,0.39274922,0.4284076
ski,P,word2vec_recipe_50_HOM_HALF,0.18535817,0.19768511,0.21760628,0.20904869,0.22968306,0.22012964
stack,P,word2vec_recipe_50_HOM_HALF,0.32025665,0.36225057,0.38390934,0.33951363,0.40418234,0.35043603
definition,P,word2vec_recipe_50_HOM_HALF,0.1620191,0.14709596,0.18742186,0.16725844,0.19849527,0.17719358
elephant,M,word2vec_recipe_50_HOM_HALF,0.41707468,0.31472194,0.47063687,0.3658182,0.48837456,0.38314614
injury,P,word2vec_recipe_50_HOM_HALF,0.14246932,0.15591423,0.17068154,0.18318138,0.18160252,0.19331364
computer,P,word2vec_recipe_50_HOM_HALF,0.19087584,0.16143912,0.2229414,0.16083337,0.23553428,0.17058784
misty,P,word2vec_recipe_50_HOM_HALF,0.17668656,0.19248497,0.20271131,0.22663157,0.21559645,0.23490267
stout,P,word2vec_recipe_50_HOM_HALF,0.32497567,0.38899577,0.43742532,0.45833096,0.47072563,0.45265192
electrical,M,word2vec_recipe_50_HOM_HALF,0.25376564,0.2521851,0.34412006,0.40563327,0.38603324,0.46018314
stampede,P,word2vec_recipe_50_HOM_HALF,0.18176728,0.1634536,0.20973422,0.18924043,0.22110938,0.20050652
context,P,word2vec_recipe_50_HOM_HALF,0.09892926,0.10452103,0.11823558,0.12206553,0.12764987,0.13577558
birthday,M,word2vec_recipe_50_HOM_HALF,0.24920774,0.26070726,0.2863492,0.2808348,0.301863,0.28967384
pavement,P,word2vec_recipe_50_HOM_HALF,0.17851532,0.17501648,0.21339498,0.21254365,0.2268217,0.2281155
unsure,P,word2vec_recipe_50_HOM_HALF,0.28152752,0.24873668,0.3316796,0.2539552,0.35065702,0.25300145
monkey,P,word2vec_recipe_50_HOM_HALF,0.34567708,0.25716573,0.41106057,0.29050416,0.43174034,0.29602197
brisk,P,word2vec_recipe_50_HOM_HALF,0.3122633,0.29081818,0.39910468,0.36293685,0.43667382,0.40234476
clumsy,P,word2vec_recipe_50_HOM_HALF,0.08546297,0.10061948,0.10450654,0.12638034,0.11327772,0.14135672
beard,P,word2vec_recipe_50_HOM_HALF,0.2645902,0.28256315,0.330725,0.36446694,0.35827088,0.38033146
frightful,P,word2vec_recipe_50_HOM_HALF,0.17234159,0.1752256,0.19795395,0.19136213,0.20878002,0.19215465
sweat,P,word2vec_recipe_50_HOM_HALF,0.32918638,0.3793296,0.43036294,0.42770293,0.46300155,0.42365986
stability,M,word2vec_recipe_50_HOM_HALF,0.32238346,0.26527578,0.3636605,0.28193212,0.37973458,0.29572254
strong,P,word2vec_recipe_50_HOM_HALF,0.3121063,0.30742872,0.35810173,0.30327863,0.3746499,0.30065626
singer,P,word2vec_recipe_50_HOM_HALF,0.23117475,0.19541618,0.2589345,0.20384574,0.26912692,0.2153606
platter,P,word2vec_recipe_50_HOM_HALF,0.34939858,0.4036087,0.4558574,0.46199152,0.49049795,0.46039233
horn,P,word2vec_recipe_50_HOM_HALF,0.35507202,0.39457884,0.4169341,0.39170033,0.43771937,0.39382604
sting,P,word2vec_recipe_50_HOM_HALF,0.26691893,0.20564881,0.31299174,0.2648061,0.3325582,0.27943394
singular,P,word2vec_recipe_50_HOM_HALF,0.14507838,0.1435667,0.16711813,0.16194326,0.17560597,0.16779831
health,P,word2vec_recipe_50_HOM_HALF,0.2778397,0.30452073,0.3259312,0.3196941,0.3438163,0.3076169
dazzle,P,word2vec_recipe_50_HOM_HALF,0.18515958,0.20240906,0.22537702,0.24520947,0.23921417,0.2549457
headache,P,word2vec_recipe_50_HOM_HALF,0.096122794,0.11495882,0.112071864,0.13761777,0.12071695,0.14858557
infant,P,word2vec_recipe_50_HOM_HALF,0.24913557,0.19943747,0.28048044,0.24200849,0.2917925,0.24255688
kitchen,M,word2vec_recipe_50_HOM_HALF,0.28852665,0.30272162,0.37134156,0.38577032,0.40927163,0.42519102
maker,P,word2vec_recipe_50_HOM_HALF,0.28795135,0.33039546,0.40616617,0.4417554,0.45478088,0.4774993
limit,P,word2vec_recipe_50_HOM_HALF,0.28312677,0.20981273,0.31845233,0.22758052,0.3326043,0.2238379
yard,H,word2vec_recipe_50_HOM_HALF,0.3020585,0.2655393,0.34262875,0.29617363,0.35868672,0.31300327
expense,P,word2vec_recipe_50_HOM_HALF,0.15333578,0.1347354,0.1771219,0.16013595,0.18772884,0.16860348
snug,P,word2vec_recipe_50_HOM_HALF,0.3331396,0.40596187,0.4133855,0.41193798,0.43699554,0.41430947
tacky,H,word2vec_recipe_50_HOM_HALF,0.280008,0.2975546,0.37910122,0.35990632,0.42222497,0.38958558
manipulate,P,word2vec_recipe_50_HOM_HALF,0.2881424,0.24263507,0.33383095,0.27291197,0.35245687,0.28992274
branch,P,word2vec_recipe_50_HOM_HALF,0.28010476,0.35746208,0.35632038,0.3978414,0.38411334,0.4144339
outright,P,word2vec_recipe_50_HOM_HALF,0.13671693,0.1388661,0.16044888,0.15618104,0.17197916,0.16781552
button,P,word2vec_recipe_50_HOM_HALF,0.3929037,0.48041695,0.47437203,0.54692465,0.5047853,0.54771024
hesitate,P,word2vec_recipe_50_HOM_HALF,0.19530882,0.15882961,0.22605179,0.16162805,0.239985,0.17357534
jackpot,P,word2vec_recipe_50_HOM_HALF,0.0955243,0.12325413,0.13533226,0.17698471,0.15428776,0.19420148
reach,P,word2vec_recipe_50_HOM_HALF,0.39685354,0.37409696,0.47379494,0.38298774,0.5001782,0.39450336
workers,P,word2vec_recipe_50_HOM_HALF,0.092290975,0.10195675,0.115509965,0.13101508,0.12557471,0.14804043
block,P,word2vec_recipe_50_HOM_HALF,0.4207174,0.46665162,0.48167014,0.46468627,0.50026983,0.45872274
cradle,P,word2vec_recipe_50_HOM_HALF,0.27391952,0.27775928,0.31669763,0.3257085,0.3342489,0.33465475
peppermint,P,word2vec_recipe_50_HOM_HALF,0.28158608,0.33438504,0.34447876,0.38031206,0.37273586,0.39372182
solid,P,word2vec_recipe_50_HOM_HALF,0.35387546,0.3386093,0.41529885,0.3673837,0.43721974,0.37683824
clot,P,word2vec_recipe_50_HOM_HALF,0.1914474,0.19522274,0.22424446,0.20525856,0.23846257,0.22033098
tackle,P,word2vec_recipe_50_HOM_HALF,0.18753491,0.1412104,0.21059732,0.16358277,0.22100578,0.17255567
mural,P,word2vec_recipe_50_HOM_HALF,0.25227165,0.28476295,0.2880921,0.3267029,0.30209047,0.33567587
bakery,M,word2vec_recipe_50_HOM_HALF,0.2666412,0.24207394,0.3023586,0.25501153,0.3156854,0.26305735
dramatic,P,word2vec_recipe_50_HOM_HALF,0.25814533,0.24684273,0.3031337,0.28683817,0.32172936,0.29950905
grasp,P,word2vec_recipe_50_HOM_HALF,0.30839652,0.35503975,0.37922043,0.37124854,0.40182555,0.38167
frog,H,word2vec_recipe_50_HOM_HALF,0.36710057,0.43932536,0.44369546,0.4648812,0.4670095,0.44238803
dig,P,word2vec_recipe_50_HOM_HALF,0.36808795,0.3922541,0.42608625,0.3425141,0.4453907,0.33449024
destiny,P,word2vec_recipe_50_HOM_HALF,0.2998119,0.3186406,0.3538664,0.36218888,0.37311855,0.37865573
module,P,word2vec_recipe_50_HOM_HALF,0.33936146,0.32448822,0.38278267,0.3567804,0.39958954,0.38104004
conviction,P,word2vec_recipe_50_HOM_HALF,0.16543008,0.16495083,0.19035879,0.18581423,0.20047024,0.20342097
tune,P,word2vec_recipe_50_HOM_HALF,0.28209466,0.2724269,0.31590825,0.2743551,0.3283927,0.2697051
vision,P,word2vec_recipe_50_HOM_HALF,0.1269484,0.13222529,0.1487839,0.15617464,0.15771222,0.16969134
shave,P,word2vec_recipe_50_HOM_HALF,0.33288926,0.3868325,0.44342667,0.4753379,0.48203877,0.48727274
scan,P,word2vec_recipe_50_HOM_HALF,0.15014903,0.1851384,0.1753278,0.21939209,0.18686582,0.236706
steam,P,word2vec_recipe_50_HOM_HALF,0.39227065,0.4773487,0.4749851,0.4992486,0.5022249,0.49901012
reopen,P,word2vec_recipe_50_HOM_HALF,0.33594996,0.2912258,0.37882447,0.32543594,0.39552888,0.32976085
keen,H,word2vec_recipe_50_HOM_HALF,0.27883643,0.28406584,0.32274747,0.30333346,0.33828256,0.31650114
latter,P,word2vec_recipe_50_HOM_HALF,0.2540105,0.18335027,0.28366107,0.17690793,0.2957374,0.19221368
partner,P,word2vec_recipe_50_HOM_HALF,0.19474718,0.15645395,0.23593329,0.20455122,0.25430813,0.22521618
cast,P,word2vec_recipe_50_HOM_HALF,0.29824963,0.38555458,0.40396973,0.47625962,0.44662166,0.49889722
brilliance,P,word2vec_recipe_50_HOM_HALF,0.13944024,0.1271661,0.16170312,0.15303664,0.16985887,0.16266906
similar,M,word2vec_recipe_50_HOM_HALF,0.37616298,0.47037476,0.4416653,0.4489323,0.46176422,0.430527
pint,P,word2vec_recipe_50_HOM_HALF,0.26526073,0.2611743,0.36852133,0.40370265,0.41715455,0.4572811
countless,M,word2vec_recipe_50_HOM_HALF,0.15877019,0.16514188,0.18389976,0.17280048,0.19547406,0.18072365
scramble,P,word2vec_recipe_50_HOM_HALF,0.34280643,0.41828316,0.44699147,0.4901039,0.4793705,0.47996783
antique,P,word2vec_recipe_50_HOM_HALF,0.2092895,0.21323624,0.2394392,0.24083066,0.25260326,0.24957964
global,P,word2vec_recipe_50_HOM_HALF,0.122826576,0.1325702,0.1414286,0.15862878,0.15104783,0.16929626
shameless,P,word2vec_recipe_50_HOM_HALF,0.16964337,0.16757421,0.19436169,0.19349386,0.20372182,0.20600027
skip,P,word2vec_recipe_50_HOM_HALF,0.31871727,0.33664376,0.38113707,0.32282817,0.40035012,0.30087838
generation,P,word2vec_recipe_50_HOM_HALF,0.21352252,0.17525293,0.24710423,0.18353753,0.25973725,0.19639803
treat,P,word2vec_recipe_50_HOM_HALF,0.28371698,0.3609581,0.32743442,0.35069084,0.34421268,0.33769307
gobble,H,word2vec_recipe_50_HOM_HALF,0.2892364,0.2848293,0.33419856,0.26691037,0.35201,0.26384684
mainstream,P,word2vec_recipe_50_HOM_HALF,0.09621636,0.13557482,0.122023106,0.1671092,0.13229688,0.17541312
sane,P,word2vec_recipe_50_HOM_HALF,0.13858242,0.15028696,0.16097595,0.17233633,0.16945784,0.17971301
rug,P,word2vec_recipe_50_HOM_HALF,0.22392082,0.2732731,0.26421347,0.2839459,0.2818005,0.3031911
paint,P,word2vec_recipe_50_HOM_HALF,0.28668648,0.32146704,0.39269185,0.36921978,0.4263867,0.38875303
passionate,P,word2vec_recipe_50_HOM_HALF,0.18812962,0.20611481,0.21479839,0.23295376,0.22716351,0.24593627
push,P,word2vec_recipe_50_HOM_HALF,0.3407766,0.42495233,0.4137269,0.4321689,0.43748614,0.4128431
liar,M,word2vec_recipe_50_HOM_HALF,0.17956582,0.18859372,0.20977679,0.20981069,0.22019905,0.21721675
deadly,P,word2vec_recipe_50_HOM_HALF,0.19047792,0.20403576,0.22257566,0.21590292,0.23634475,0.23735693
thorough,P,word2vec_recipe_50_HOM_HALF,0.40210837,0.36591247,0.44901475,0.35333827,0.46689475,0.37111798
fetish,P,word2vec_recipe_50_HOM_HALF,0.190846,0.21278052,0.21731395,0.23557295,0.22830527,0.25293773
level,P,word2vec_recipe_50_HOM_HALF,0.43353963,0.42355254,0.50087005,0.44761088,0.5223998,0.45615405
offer,P,word2vec_recipe_50_HOM_HALF,0.34043887,0.43208915,0.41390646,0.4564606,0.4374134,0.4423523
jerk,H,word2vec_recipe_50_HOM_HALF,0.300552,0.3360399,0.3457733,0.31433585,0.3658293,0.30937627
accurate,P,word2vec_recipe_50_HOM_HALF,0.2650532,0.28816923,0.31911287,0.29396766,0.3391867,0.2917986
train,P,word2vec_recipe_50_HOM_HALF,0.22648299,0.23097132,0.2662379,0.24768116,0.28539443,0.27456307
velocity,P,word2vec_recipe_50_HOM_HALF,0.18503551,0.21700493,0.22834374,0.27883062,0.24457823,0.29590508
bulletin,P,word2vec_recipe_50_HOM_HALF,0.19067112,0.18269588,0.21548367,0.1893743,0.22639756,0.20016518
nibble,P,word2vec_recipe_50_HOM_HALF,0.30528802,0.23588574,0.34076852,0.2358731,0.35373986,0.24420376
bacon,M,word2vec_recipe_50_HOM_HALF,0.28879666,0.36489525,0.3865149,0.4493348,0.42226776,0.4561497
cope,H,word2vec_recipe_50_HOM_HALF,0.12453216,0.1190552,0.1451045,0.13723135,0.1540428,0.15021287
ballet,P,word2vec_recipe_50_HOM_HALF,0.16049075,0.17955261,0.18486254,0.20576213,0.19641541,0.21644412
soak,P,word2vec_recipe_50_HOM_HALF,0.38302642,0.47693452,0.4776981,0.48198888,0.5075069,0.47700414
crave,P,word2vec_recipe_50_HOM_HALF,0.16598986,0.14390205,0.1884746,0.14652652,0.19835232,0.15983166
revolution,P,word2vec_recipe_50_HOM_HALF,0.20139222,0.15913214,0.23423971,0.17789385,0.2460665,0.1922759
steady,P,word2vec_recipe_50_HOM_HALF,0.32869035,0.39607593,0.45654237,0.5076015,0.5034216,0.52500105
perfume,P,word2vec_recipe_50_HOM_HALF,0.27053198,0.2872306,0.33466214,0.33207983,0.3608538,0.34387037
subsequent,M,word2vec_recipe_50_HOM_HALF,0.33849362,0.3472177,0.38876837,0.32062396,0.40702668,0.31376752
subjective,P,word2vec_recipe_50_HOM_HALF,0.15447728,0.15942544,0.18288349,0.1650632,0.19476753,0.17500743
patient,P,word2vec_recipe_50_HOM_HALF,0.24515393,0.1742387,0.280954,0.21186231,0.2941906,0.20894858
barefoot,M,word2vec_recipe_50_HOM_HALF,0.20251176,0.26109964,0.28556725,0.3052582,0.31250387,0.31079033
stale,P,word2vec_recipe_50_HOM_HALF,0.3883584,0.384795,0.45520663,0.41470167,0.476874,0.41201493
vortex,P,word2vec_recipe_50_HOM_HALF,0.364101,0.45881805,0.42388165,0.4819288,0.44755378,0.48322016
invade,P,word2vec_recipe_50_HOM_HALF,0.108688176,0.113280915,0.12524909,0.13573378,0.13370486,0.14510491
fry,H,word2vec_recipe_50_HOM_HALF,0.3402173,0.44533384,0.44502908,0.51900846,0.4783947,0.5093115
fetch,P,word2vec_recipe_50_HOM_HALF,0.275072,0.24015984,0.3072439,0.24613766,0.319536,0.25458297
stressful,M,word2vec_recipe_50_HOM_HALF,0.11411945,0.10477983,0.13538048,0.14012861,0.14453547,0.1540647
fabulous,P,word2vec_recipe_50_HOM_HALF,0.17776787,0.2518868,0.26180026,0.34456736,0.2906261,0.36251006
cabin,P,word2vec_recipe_50_HOM_HALF,0.27622318,0.26896536,0.31540486,0.2923265,0.33110985,0.30784708
assistant,P,word2vec_recipe_50_HOM_HALF,0.20691928,0.17315942,0.23919657,0.19609745,0.2517428,0.20534368
fat,P,word2vec_recipe_50_HOM_HALF,0.33423257,0.23577239,0.37314355,0.1324254,0.3890509,0.11282687
contribute,P,word2vec_recipe_50_HOM_HALF,0.21094759,0.20146315,0.25535005,0.23358637,0.2749745,0.26176634
execute,P,word2vec_recipe_50_HOM_HALF,0.18300536,0.16796078,0.20997274,0.19960086,0.22082466,0.20574029
grub,P,word2vec_recipe_50_HOM_HALF,0.16330883,0.19654001,0.18998188,0.20754914,0.20211235,0.21480049
trend,P,word2vec_recipe_50_HOM_HALF,0.09314586,0.09004698,0.11277734,0.12332232,0.12211872,0.13568842
exhaust,P,word2vec_recipe_50_HOM_HALF,0.29611656,0.30918765,0.36248496,0.39344126,0.39220497,0.40645018
jealous,P,word2vec_recipe_50_HOM_HALF,0.10774641,0.106610544,0.12867731,0.13457127,0.13818985,0.14744098
squid,M,word2vec_recipe_50_HOM_HALF,0.23635086,0.32516217,0.3580858,0.4506166,0.39682534,0.47679725
fragile,P,word2vec_recipe_50_HOM_HALF,0.29800418,0.23126815,0.3417877,0.24944031,0.3589123,0.2573141
conclusive,M,word2vec_recipe_50_HOM_HALF,0.10538094,0.09888145,0.12689371,0.12716545,0.13682517,0.141627
mingle,P,word2vec_recipe_50_HOM_HALF,0.28306088,0.35891274,0.42230895,0.4568293,0.45971444,0.4579448
quickie,M,word2vec_recipe_50_HOM_HALF,0.1444596,0.13174996,0.17304796,0.14775886,0.18750836,0.1653646
clinic,P,word2vec_recipe_50_HOM_HALF,0.11915586,0.118553326,0.13942593,0.15215285,0.14913258,0.16562325
tavern,P,word2vec_recipe_50_HOM_HALF,0.20421696,0.16807087,0.23589964,0.18894453,0.24882856,0.19626687
hefty,P,word2vec_recipe_50_HOM_HALF,0.34937507,0.38904557,0.43435898,0.4674583,0.4663394,0.4746145
aspirin,P,word2vec_recipe_50_HOM_HALF,0.22415642,0.23225039,0.25448474,0.24014631,0.26695785,0.2430815
humor,P,word2vec_recipe_50_HOM_HALF,0.23438525,0.2459142,0.3294116,0.33469242,0.36439407,0.32344985
ultimate,P,word2vec_recipe_50_HOM_HALF,0.2281388,0.2530191,0.26135197,0.24297862,0.27958003,0.24919637
fruity,P,word2vec_recipe_50_HOM_HALF,0.2980488,0.34982017,0.3490141,0.3615529,0.36860234,0.3712186
pardon,P,word2vec_recipe_50_HOM_HALF,0.16805536,0.16416095,0.18861847,0.17848833,0.19827998,0.19251046
consumer,P,word2vec_recipe_50_HOM_HALF,0.15830179,0.14120254,0.18475042,0.16413474,0.19597265,0.1760629
millennium,P,word2vec_recipe_50_HOM_HALF,0.19818366,0.1701078,0.22351545,0.18588956,0.23333679,0.19787173
zone,P,word2vec_recipe_50_HOM_HALF,0.30343252,0.31147504,0.38517562,0.38692635,0.42143482,0.4320665
appreciate,P,word2vec_recipe_50_HOM_HALF,0.14062013,0.124456495,0.16507155,0.15471862,0.17462297,0.16261646
walrus,M,word2vec_recipe_50_HOM_HALF,0.19168906,0.17695992,0.21544279,0.19592403,0.22603971,0.21009074
instrument,P,word2vec_recipe_50_HOM_HALF,0.2518967,0.31168124,0.31070083,0.35246578,0.33404517,0.35674217
vial,M,word2vec_recipe_50_HOM_HALF,0.17461976,0.16731232,0.20251879,0.19695024,0.2128181,0.20575738
microwave,P,word2vec_recipe_50_HOM_HALF,0.22555843,0.3096165,0.35271758,0.403534,0.42409456,0.46965718
mustard,P,word2vec_recipe_50_HOM_HALF,0.24739547,0.29805514,0.3228525,0.368504,0.35642055,0.37600255
camper,P,word2vec_recipe_50_HOM_HALF,0.12676068,0.12318424,0.14922768,0.15723361,0.15976325,0.17052859
epic,P,word2vec_recipe_50_HOM_HALF,0.16996741,0.18304066,0.19451423,0.21350332,0.20562896,0.22231314
lighthouse,M,word2vec_recipe_50_HOM_HALF,0.16169558,0.15967616,0.18357891,0.18113284,0.19266565,0.19346859
agony,P,word2vec_recipe_50_HOM_HALF,0.10717648,0.11529929,0.12567158,0.13910346,0.1349831,0.15070711
bike,P,word2vec_recipe_50_HOM_HALF,0.13411167,0.11952231,0.15895884,0.15139511,0.17064896,0.16874658
administer,P,word2vec_recipe_50_HOM_HALF,0.19840328,0.1850201,0.2217739,0.20663077,0.23097263,0.21396458
thrust,P,word2vec_recipe_50_HOM_HALF,0.13744669,0.11926362,0.23384693,0.25740436,0.28842267,0.31954926
basket,P,word2vec_recipe_50_HOM_HALF,0.38382173,0.4206072,0.46757716,0.50338256,0.49667332,0.5141063
capable,P,word2vec_recipe_50_HOM_HALF,0.27483994,0.21006946,0.30653068,0.21757056,0.31959304,0.22755115
edible,P,word2vec_recipe_50_HOM_HALF,0.292291,0.27911198,0.34184876,0.34075564,0.36318192,0.36327904
series,P,word2vec_recipe_50_HOM_HALF,0.33810535,0.34333515,0.4126102,0.4214225,0.43745658,0.42413408
frenzy,P,word2vec_recipe_50_HOM_HALF,0.23394315,0.19140276,0.25994512,0.22184448,0.27049962,0.22859758
backpack,P,word2vec_recipe_50_HOM_HALF,0.21668072,0.2532252,0.25527412,0.25746703,0.26854733,0.26349154
fear,P,word2vec_recipe_50_HOM_HALF,0.21682589,0.20642267,0.2463706,0.194883,0.25885326,0.2053067
gift,P,word2vec_recipe_50_HOM_HALF,0.3148757,0.33263883,0.3908525,0.37107897,0.41536477,0.36542425
frequency,P,word2vec_recipe_50_HOM_HALF,0.29830742,0.30146655,0.34771642,0.33597687,0.368219,0.3451913
caviar,M,word2vec_recipe_50_HOM_HALF,0.324086,0.39373508,0.40898895,0.45814732,0.4377255,0.46366483
giant,P,word2vec_recipe_50_HOM_HALF,0.33559608,0.34608787,0.38148522,0.37114635,0.39829403,0.36809975
timer,P,word2vec_recipe_50_HOM_HALF,0.37839043,0.35138032,0.4517982,0.44690254,0.4803465,0.47217324
hobby,H,word2vec_recipe_50_HOM_HALF,0.13162227,0.1575218,0.16966546,0.1887296,0.18586978,0.19753937
scrape,P,word2vec_recipe_50_HOM_HALF,0.36506963,0.44429496,0.49532163,0.5082898,0.52961355,0.5271997
discretion,P,word2vec_recipe_50_HOM_HALF,0.26415166,0.23694503,0.323252,0.2723608,0.34435463,0.27483597
location,P,word2vec_recipe_50_HOM_HALF,0.25826508,0.3260416,0.35817996,0.42587367,0.40260923,0.44015104
wolf,P,word2vec_recipe_50_HOM_HALF,0.26849586,0.22094692,0.30058047,0.22455102,0.31284377,0.22862293
shred,P,word2vec_recipe_50_HOM_HALF,0.34301805,0.43009514,0.44872287,0.46951774,0.47877517,0.4498864
solar,P,word2vec_recipe_50_HOM_HALF,0.38960063,0.36425927,0.45371282,0.4206296,0.47793594,0.401214
rabbi,P,word2vec_recipe_50_HOM_HALF,0.11929016,0.09984186,0.14395972,0.14107747,0.15362528,0.15483433
essence,P,word2vec_recipe_50_HOM_HALF,0.39002258,0.3739091,0.44091138,0.42279315,0.45844498,0.43216476
dimension,P,word2vec_recipe_50_HOM_HALF,0.3353767,0.27043378,0.37548405,0.285311,0.39101875,0.29774356
homecoming,P,word2vec_recipe_50_HOM_HALF,0.12875557,0.12404499,0.15032253,0.14744854,0.16025391,0.16088133
lease,P,word2vec_recipe_50_HOM_HALF,0.2563921,0.2277432,0.31572223,0.28552267,0.3482216,0.31874767
nameless,P,word2vec_recipe_50_HOM_HALF,0.099986926,0.11721693,0.120044425,0.14721288,0.12970991,0.16102687
evident,M,word2vec_recipe_50_HOM_HALF,0.2614542,0.2629004,0.30232286,0.2594593,0.31898057,0.25978097
flashlight,M,word2vec_recipe_50_HOM_HALF,0.17773725,0.2187883,0.21037972,0.254252,0.22333601,0.26243642
diplomat,P,word2vec_recipe_50_HOM_HALF,0.24448626,0.2453114,0.2807317,0.2892251,0.29835072,0.31759095
exact,P,word2vec_recipe_50_HOM_HALF,0.2619695,0.28099972,0.31537417,0.27806684,0.3356012,0.28140324
debate,P,word2vec_recipe_50_HOM_HALF,0.13689324,0.124027215,0.1572412,0.14239398,0.16650406,0.15551437
pump,H,word2vec_recipe_50_HOM_HALF,0.26705426,0.26634243,0.30977824,0.30544654,0.32801345,0.31404835
healthy,P,word2vec_recipe_50_HOM_HALF,0.3720593,0.42987114,0.46681964,0.44102174,0.4937271,0.43713155
flank,P,word2vec_recipe_50_HOM_HALF,0.22725454,0.28184253,0.33704373,0.3513391,0.37457335,0.3439059
therapy,P,word2vec_recipe_50_HOM_HALF,0.16531909,0.16374214,0.19004412,0.17758967,0.201712,0.19054869
crafty,M,word2vec_recipe_50_HOM_HALF,0.1395088,0.119071424,0.16358179,0.14750543,0.17418894,0.1572311
napalm,P,word2vec_recipe_50_HOM_HALF,0.1419218,0.12725383,0.16468062,0.15186793,0.17492515,0.1588938
industrial,P,word2vec_recipe_50_HOM_HALF,0.21808787,0.18070632,0.25131187,0.20361994,0.26562428,0.21485017
club,P,word2vec_recipe_50_HOM_HALF,0.32156613,0.26908612,0.40654477,0.32583308,0.43695465,0.32110775
efficiency,P,word2vec_recipe_50_HOM_HALF,0.19704434,0.20012733,0.24057962,0.24380708,0.25646532,0.23945068
racetrack,M,word2vec_recipe_50_HOM_HALF,0.1380772,0.130804,0.16485235,0.17071636,0.17778185,0.19318366
orb,P,word2vec_recipe_50_HOM_HALF,0.14769739,0.17265202,0.16972713,0.20158944,0.17926307,0.21921907
girlfriend,P,word2vec_recipe_50_HOM_HALF,0.082465515,0.08940066,0.10709823,0.12953566,0.11880845,0.14542541
dispenser,M,word2vec_recipe_50_HOM_HALF,0.31687757,0.34764534,0.36483517,0.38764533,0.38681367,0.40832776
slant,P,word2vec_recipe_50_HOM_HALF,0.2572714,0.27473438,0.3178364,0.26696315,0.33965346,0.28836462
conscience,P,word2vec_recipe_50_HOM_HALF,0.13954587,0.13092226,0.16727318,0.15438914,0.17914397,0.16413456
immature,P,word2vec_recipe_50_HOM_HALF,0.19892022,0.23127377,0.23867911,0.26109225,0.25433567,0.2698273
connect,P,word2vec_recipe_50_HOM_HALF,0.2578413,0.27007005,0.30442584,0.29047886,0.32542664,0.31606275
truck,H,word2vec_recipe_50_HOM_HALF,0.2929712,0.29047883,0.34461716,0.3422889,0.36327493,0.34714925
banana,P,word2vec_recipe_50_HOM_HALF,0.32078195,0.35042897,0.37407178,0.34057656,0.39706215,0.33057472
weep,P,word2vec_recipe_50_HOM_HALF,0.3660107,0.32305285,0.41034657,0.30696428,0.4271543,0.3046936
goal,P,word2vec_recipe_50_HOM_HALF,0.34393916,0.2718307,0.39097038,0.27868778,0.4062262,0.2788525
purpose,P,word2vec_recipe_50_HOM_HALF,0.40333843,0.42396745,0.46916062,0.45734423,0.49053967,0.44529253
nation,P,word2vec_recipe_50_HOM_HALF,0.10160401,0.118713304,0.12158316,0.13939048,0.1318371,0.15426707
proper,P,word2vec_recipe_50_HOM_HALF,0.32303125,0.3732097,0.38024366,0.3741056,0.399958,0.3619127
noon,M,word2vec_recipe_50_HOM_HALF,0.2719696,0.29031506,0.33098248,0.3403338,0.3551531,0.34988317
calculate,P,word2vec_recipe_50_HOM_HALF,0.30698434,0.34626952,0.35804376,0.37264687,0.3800357,0.39021108
salmon,P,word2vec_recipe_50_HOM_HALF,0.22649157,0.25591087,0.33876678,0.36290407,0.38795125,0.386235
overhead,P,word2vec_recipe_50_HOM_HALF,0.223575,0.27424237,0.26675025,0.2964112,0.28444564,0.30463138
mighty,P,word2vec_recipe_50_HOM_HALF,0.2329255,0.25013295,0.27240866,0.27816263,0.28901187,0.2881612
galaxy,P,word2vec_recipe_50_HOM_HALF,0.20898545,0.19245073,0.24306387,0.22665274,0.25714487,0.2372046
mirror,P,word2vec_recipe_50_HOM_HALF,0.24492589,0.24507397,0.28239048,0.26942664,0.29764724,0.27768493
crowd,P,word2vec_recipe_50_HOM_HALF,0.36156356,0.390462,0.45993382,0.40487647,0.48740578,0.40996566
bullet,P,word2vec_recipe_50_HOM_HALF,0.2845683,0.28771105,0.35241702,0.37164453,0.3851618,0.41835195
fishy,P,word2vec_recipe_50_HOM_HALF,0.25343335,0.24173523,0.29270923,0.27507558,0.31178004,0.29037523
strike,P,word2vec_recipe_50_HOM_HALF,0.28282398,0.30826887,0.33710068,0.32107252,0.35713866,0.32572842
maternal,P,word2vec_recipe_50_HOM_HALF,0.08012351,0.089690015,0.102124244,0.12184774,0.113335915,0.1399577
havoc,P,word2vec_recipe_50_HOM_HALF,0.13032831,0.14981946,0.15978864,0.19367914,0.17153418,0.20188746
farce,P,word2vec_recipe_50_HOM_HALF,0.30194715,0.32215858,0.35148796,0.35005236,0.36973464,0.37021542
puck,M,word2vec_recipe_50_HOM_HALF,0.31328458,0.3513557,0.37059048,0.3658113,0.38927445,0.36471152
indulge,P,word2vec_recipe_50_HOM_HALF,0.27162832,0.24260989,0.3056273,0.25079915,0.3193575,0.2504374
lure,P,word2vec_recipe_50_HOM_HALF,0.15212896,0.19682375,0.17719403,0.23151265,0.18787195,0.24332446
jet,H,word2vec_recipe_50_HOM_HALF,0.3143788,0.30150482,0.3599973,0.3359834,0.3777522,0.35219643
buckshot,M,word2vec_recipe_50_HOM_HALF,0.19381236,0.19372497,0.22548722,0.23863237,0.23884267,0.25786406
efficient,P,word2vec_recipe_50_HOM_HALF,0.24699974,0.19814606,0.27722418,0.21462531,0.2898068,0.21242517
surround,P,word2vec_recipe_50_HOM_HALF,0.33996397,0.4039345,0.43464658,0.4625563,0.46892086,0.4705247
rocker,P,word2vec_recipe_50_HOM_HALF,0.2933638,0.3148131,0.3513314,0.38786587,0.37491253,0.397557
topic,P,word2vec_recipe_50_HOM_HALF,0.12621114,0.12858795,0.14884725,0.14509186,0.15968566,0.15776682
compulsive,P,word2vec_recipe_50_HOM_HALF,0.07722573,0.088704064,0.09445106,0.116186954,0.10423811,0.12890723
sunshine,P,word2vec_recipe_50_HOM_HALF,0.28917688,0.2446401,0.3258483,0.2805217,0.3402995,0.2889702
subtle,P,word2vec_recipe_50_HOM_HALF,0.19546434,0.23590523,0.253426,0.28635415,0.2851366,0.3038951
warmed,P,word2vec_recipe_50_HOM_HALF,0.3926468,0.38015532,0.45695212,0.37578005,0.47749177,0.3790458
geometry,P,word2vec_recipe_50_HOM_HALF,0.11875658,0.14596528,0.1481381,0.17871553,0.15894528,0.19117405
excessive,M,word2vec_recipe_50_HOM_HALF,0.38827425,0.3920249,0.46235466,0.43324423,0.48997045,0.44769683
dine,P,word2vec_recipe_50_HOM_HALF,0.20957227,0.1623285,0.23628026,0.1697197,0.24745661,0.17873898
stagecoach,M,word2vec_recipe_50_HOM_HALF,0.11014278,0.13109922,0.1296882,0.156033,0.13865906,0.16983639
antenna,P,word2vec_recipe_50_HOM_HALF,0.18188596,0.17028679,0.22630666,0.23304091,0.24831538,0.26682025
elderly,M,word2vec_recipe_50_HOM_HALF,0.14679667,0.15989979,0.17883042,0.15930322,0.1910307,0.16776776
talent,P,word2vec_recipe_50_HOM_HALF,0.08291817,0.09808342,0.10307917,0.12434917,0.112135544,0.13752446
tooth,P,word2vec_recipe_50_HOM_HALF,0.37954074,0.45342347,0.48344898,0.50906986,0.51757437,0.51284415
mute,P,word2vec_recipe_50_HOM_HALF,0.14892346,0.17601988,0.17693381,0.19824776,0.1914833,0.21006523
prosperity,M,word2vec_recipe_50_HOM_HALF,0.13771372,0.16658244,0.16235779,0.19327818,0.17268078,0.205135
chowder,M,word2vec_recipe_50_HOM_HALF,0.30582827,0.36313823,0.40812075,0.3924791,0.44144687,0.37636444
tote,P,word2vec_recipe_50_HOM_HALF,0.2914601,0.3297097,0.3418842,0.37514988,0.36486655,0.39563757
starve,P,word2vec_recipe_50_HOM_HALF,0.15552573,0.14122286,0.18112364,0.16900693,0.19146352,0.18259557
moth,P,word2vec_recipe_50_HOM_HALF,0.17829451,0.20592684,0.20741986,0.23660518,0.21845837,0.23717117
mug,P,word2vec_recipe_50_HOM_HALF,0.31132647,0.38263312,0.38236213,0.42316636,0.41416702,0.43719354
panel,P,word2vec_recipe_50_HOM_HALF,0.24952511,0.22759208,0.28684816,0.26406935,0.30392438,0.2870114
tender,H,word2vec_recipe_50_HOM_HALF,0.28506407,0.2985506,0.39252385,0.35653296,0.42615137,0.3660959
robe,P,word2vec_recipe_50_HOM_HALF,0.19298247,0.22097729,0.2259791,0.2664489,0.24203852,0.2867436
expand,P,word2vec_recipe_50_HOM_HALF,0.3670879,0.39809296,0.43824002,0.39510033,0.45963284,0.37721488
flame,P,word2vec_recipe_50_HOM_HALF,0.3224771,0.40055427,0.4151717,0.4493227,0.44544688,0.46789637
positive,P,word2vec_recipe_50_HOM_HALF,0.13997106,0.12381846,0.16045733,0.14223272,0.16975908,0.15209092
hungry,P,word2vec_recipe_50_HOM_HALF,0.2953619,0.27085495,0.3499997,0.29711676,0.3693113,0.29203293
imperative,P,word2vec_recipe_50_HOM_HALF,0.21899131,0.15851189,0.2528469,0.17514433,0.26667544,0.18570444
bank,H,word2vec_recipe_50_HOM_HALF,0.301004,0.2935409,0.37361005,0.37021822,0.41744187,0.42016026
bark,H,word2vec_recipe_50_HOM_HALF,0.31455255,0.3680325,0.3835545,0.40318763,0.4136227,0.42219824
harvest,P,word2vec_recipe_50_HOM_HALF,0.28249073,0.26690724,0.32595634,0.29049945,0.34108436,0.28080258
powder,P,word2vec_recipe_50_HOM_HALF,0.26267686,0.2633717,0.3473626,0.32862422,0.38108283,0.36105576
spur,P,word2vec_recipe_50_HOM_HALF,0.17947821,0.19198154,0.20681599,0.22864187,0.22025414,0.2514171
sensation,P,word2vec_recipe_50_HOM_HALF,0.36038095,0.32964158,0.4113141,0.35126582,0.43042278,0.37067035
brandy,P,word2vec_recipe_50_HOM_HALF,0.19192478,0.2642262,0.30433828,0.34965712,0.34689018,0.38447222
simmer,P,word2vec_recipe_50_HOM_HALF,0.29608795,0.29195163,0.37321055,0.31921163,0.40527996,0.3489731
compensate,P,word2vec_recipe_50_HOM_HALF,0.3309726,0.30560368,0.38163742,0.3245213,0.3994776,0.3308152
stinky,M,word2vec_recipe_50_HOM_HALF,0.18997276,0.16506813,0.21705505,0.19665377,0.22770856,0.20323642
grunt,P,word2vec_recipe_50_HOM_HALF,0.26025295,0.22410646,0.30823213,0.2526149,0.32800275,0.263252
flush,H,word2vec_recipe_50_HOM_HALF,0.37048525,0.38652915,0.42647576,0.39707258,0.44965985,0.4121541
pulp,P,word2vec_recipe_50_HOM_HALF,0.33087987,0.3962366,0.42081073,0.48663446,0.45484927,0.50406057
welfare,P,word2vec_recipe_50_HOM_HALF,0.24928841,0.22185528,0.28364486,0.26469892,0.29735324,0.2711959
slumber,P,word2vec_recipe_50_HOM_HALF,0.17515938,0.21216857,0.21665499,0.24154973,0.23492248,0.25982583
pedestal,P,word2vec_recipe_50_HOM_HALF,0.34768763,0.36699706,0.39761266,0.40816617,0.42094368,0.41768867
stylish,M,word2vec_recipe_50_HOM_HALF,0.20155045,0.19820541,0.23733181,0.23275405,0.2518692,0.24117227
pity,P,word2vec_recipe_50_HOM_HALF,0.084561884,0.10082163,0.10284002,0.1233891,0.11092115,0.13453832
skilled,P,word2vec_recipe_50_HOM_HALF,0.29565433,0.33348367,0.39316377,0.4129023,0.43484733,0.4322233
fulfill,P,word2vec_recipe_50_HOM_HALF,0.11465921,0.120681666,0.13826996,0.15032275,0.14860617,0.15516162
skid,P,word2vec_recipe_50_HOM_HALF,0.25465894,0.25816715,0.285424,0.2699692,0.29816556,0.27969098
crocodile,P,word2vec_recipe_50_HOM_HALF,0.2805758,0.27266657,0.31993932,0.32414708,0.33521652,0.3285569
tenth,P,word2vec_recipe_50_HOM_HALF,0.2263008,0.30315226,0.3311652,0.36314642,0.36263716,0.36028105
ingredient,P,word2vec_recipe_50_HOM_HALF,0.37036476,0.38438743,0.422139,0.33501518,0.43879062,0.33160287
toot,P,word2vec_recipe_50_HOM_HALF,0.1652714,0.15699582,0.18978761,0.18448083,0.19985825,0.19069937
torpedo,P,word2vec_recipe_50_HOM_HALF,0.23536953,0.2487939,0.2875372,0.27991518,0.31104052,0.30365902
draw,P,word2vec_recipe_50_HOM_HALF,0.3162666,0.28319833,0.37194085,0.2906282,0.39409894,0.31433195
drill,H,word2vec_recipe_50_HOM_HALF,0.26992854,0.25655958,0.31180412,0.29368207,0.32897627,0.3070905
elegance,P,word2vec_recipe_50_HOM_HALF,0.27442747,0.2526899,0.31640765,0.28394562,0.3313307,0.29696783
rule,P,word2vec_recipe_50_HOM_HALF,0.32413518,0.25403595,0.36129993,0.2608744,0.37510014,0.26672208
tornado,M,word2vec_recipe_50_HOM_HALF,0.21717754,0.19699341,0.24595729,0.2109757,0.25747013,0.22430167
premium,P,word2vec_recipe_50_HOM_HALF,0.3474088,0.34229875,0.3920719,0.36190593,0.4077969,0.37385574
mellow,P,word2vec_recipe_50_HOM_HALF,0.30765685,0.36210167,0.38665065,0.38085574,0.41786578,0.38137713
watering,P,word2vec_recipe_50_HOM_HALF,0.28193432,0.24618652,0.32012385,0.27297994,0.33436915,0.28058577
scratch,P,word2vec_recipe_50_HOM_HALF,0.34655306,0.3442871,0.3880486,0.3234094,0.40222037,0.33535218
slow,P,word2vec_recipe_50_HOM_HALF,0.30630213,0.32573855,0.43250427,0.4673592,0.47599792,0.45221752
custom,P,word2vec_recipe_50_HOM_HALF,0.21702722,0.1672719,0.23959297,0.17234468,0.25048122,0.18504876
beach,P,word2vec_recipe_50_HOM_HALF,0.31918448,0.2535779,0.3582642,0.27295482,0.37223983,0.2880987
pesky,M,word2vec_recipe_50_HOM_HALF,0.19334444,0.19828697,0.22760144,0.24368721,0.24256207,0.24632283
kosher,P,word2vec_recipe_50_HOM_HALF,0.2585235,0.27021664,0.32244167,0.3323944,0.3526877,0.35432318
lemon,P,word2vec_recipe_50_HOM_HALF,0.26360816,0.30174845,0.3443579,0.3571142,0.37884864,0.3886481
backward,P,word2vec_recipe_50_HOM_HALF,0.22536238,0.26498973,0.2695867,0.2859561,0.29052833,0.30098793
redundant,P,word2vec_recipe_50_HOM_HALF,0.114134096,0.11636164,0.13352914,0.13665603,0.14153086,0.14235613
groundhog,M,word2vec_recipe_50_HOM_HALF,0.22838303,0.16709453,0.25442296,0.18598463,0.26386464,0.19723468
brow,P,word2vec_recipe_50_HOM_HALF,0.34517145,0.36588043,0.41590935,0.40662065,0.44283018,0.43498135
flag,H,word2vec_recipe_50_HOM_HALF,0.37581617,0.333559,0.42927173,0.3471281,0.44905663,0.37097
studio,P,word2vec_recipe_50_HOM_HALF,0.11651971,0.11633034,0.13729823,0.15292889,0.14662322,0.16475181
wet,P,word2vec_recipe_50_HOM_HALF,0.34689173,0.38400033,0.4209818,0.40162134,0.44696915,0.41255152
lung,M,word2vec_recipe_50_HOM_HALF,0.19023295,0.1984443,0.23069987,0.24361582,0.24610259,0.25885502
surface,P,word2vec_recipe_50_HOM_HALF,0.28080046,0.22403519,0.36329842,0.28143716,0.40163,0.29455703
arrive,P,word2vec_recipe_50_HOM_HALF,0.32502732,0.2833473,0.38273406,0.27026474,0.4020887,0.27849722
skinny,P,word2vec_recipe_50_HOM_HALF,0.3420738,0.35684785,0.39016402,0.37773252,0.40838447,0.3803444
tasty,M,word2vec_recipe_50_HOM_HALF,0.3122772,0.35185578,0.40046537,0.3958864,0.42829034,0.41018265
remind,P,word2vec_recipe_50_HOM_HALF,0.19481085,0.14367165,0.22381468,0.17346287,0.23752834,0.18486802
drool,P,word2vec_recipe_50_HOM_HALF,0.20812759,0.14897405,0.23977886,0.18074451,0.25272682,0.19020203
swoop,P,word2vec_recipe_50_HOM_HALF,0.2107817,0.22186628,0.24306493,0.26263636,0.25623947,0.27007115
gas,P,word2vec_recipe_50_HOM_HALF,0.3315715,0.3620887,0.39762366,0.43137088,0.4315169,0.45451054
ankle,M,word2vec_recipe_50_HOM_HALF,0.133714,0.16722684,0.19249147,0.25910485,0.21843724,0.28800687
scheme,P,word2vec_recipe_50_HOM_HALF,0.20271102,0.21897343,0.23093206,0.21921001,0.24363205,0.22179812
accomplish,P,word2vec_recipe_50_HOM_HALF,0.2523374,0.2090691,0.2798901,0.21923548,0.2913628,0.22154717
adapt,P,word2vec_recipe_50_HOM_HALF,0.21735223,0.21665539,0.25803798,0.23009507,0.27472866,0.23156053
massive,P,word2vec_recipe_50_HOM_HALF,0.19137895,0.12733331,0.21494138,0.15074126,0.22458406,0.15606686
proposal,P,word2vec_recipe_50_HOM_HALF,0.121810496,0.14428876,0.14418288,0.17195901,0.1541891,0.18841578
count,H,word2vec_recipe_50_HOM_HALF,0.38004172,0.33821702,0.43104374,0.38823634,0.45003334,0.3972545
minus,P,word2vec_recipe_50_HOM_HALF,0.38261548,0.46692535,0.45881262,0.48852938,0.4808999,0.4942929
champagne,P,word2vec_recipe_50_HOM_HALF,0.23104613,0.2546681,0.3109722,0.31568208,0.34045154,0.3378943
bath,P,word2vec_recipe_50_HOM_HALF,0.31270123,0.37179214,0.4168546,0.45742354,0.4585515,0.4780965
glitter,P,word2vec_recipe_50_HOM_HALF,0.21806312,0.26681435,0.30664873,0.32947797,0.33997285,0.3481365
soup,P,word2vec_recipe_50_HOM_HALF,0.32790622,0.41197217,0.38981065,0.4216483,0.41334262,0.40819827
portable,P,word2vec_recipe_50_HOM_HALF,0.41318527,0.41440636,0.47815636,0.50231457,0.50285417,0.5202722
skull,P,word2vec_recipe_50_HOM_HALF,0.24230914,0.20633191,0.2845871,0.24978511,0.30533412,0.27849838
garment,P,word2vec_recipe_50_HOM_HALF,0.22546096,0.24430671,0.25854123,0.28298432,0.2732993,0.29282108
unorthodox,M,word2vec_recipe_50_HOM_HALF,0.14153287,0.12518182,0.16222073,0.15024178,0.17144175,0.16278994
yacht,P,word2vec_recipe_50_HOM_HALF,0.16128463,0.16616966,0.18714552,0.2020073,0.19817387,0.2126175
jog,H,word2vec_recipe_50_HOM_HALF,0.20448342,0.20058237,0.23355381,0.20539589,0.24485675,0.21848716
inspire,P,word2vec_recipe_50_HOM_HALF,0.10962012,0.10855629,0.12907483,0.141904,0.13959055,0.15918377
chin,P,word2vec_recipe_50_HOM_HALF,0.2485059,0.2358522,0.29294476,0.28002095,0.3118965,0.2989154
casserole,P,word2vec_recipe_50_HOM_HALF,0.2865122,0.3179098,0.35498393,0.2956683,0.38132182,0.3191215
nervous,P,word2vec_recipe_50_HOM_HALF,0.18312474,0.14780077,0.21659142,0.16112341,0.23140912,0.16841863
clamp,P,word2vec_recipe_50_HOM_HALF,0.3535325,0.35618278,0.41613555,0.41645947,0.43885195,0.4243438
relative,P,word2vec_recipe_50_HOM_HALF,0.23220769,0.18176255,0.26153997,0.1949406,0.27219573,0.1939846
batch,P,word2vec_recipe_50_HOM_HALF,0.400393,0.3580089,0.45716417,0.3770868,0.47708407,0.3738014
loyalty,P,word2vec_recipe_50_HOM_HALF,0.26448283,0.26114407,0.39839473,0.35905057,0.43827584,0.35327423
brittle,P,word2vec_recipe_50_HOM_HALF,0.35872954,0.4300909,0.4405357,0.4638999,0.4708421,0.4652143
junkie,P,word2vec_recipe_50_HOM_HALF,0.14989172,0.14529754,0.17134477,0.17592047,0.18127255,0.18936668
click,P,word2vec_recipe_50_HOM_HALF,0.2624157,0.26399174,0.33782628,0.30250922,0.36771825,0.32217494
population,P,word2vec_recipe_50_HOM_HALF,0.1151981,0.11570095,0.13852948,0.14919534,0.15010318,0.16213784
outline,P,word2vec_recipe_50_HOM_HALF,0.19027738,0.1761403,0.2380594,0.24764988,0.2634215,0.28415903
dud,P,word2vec_recipe_50_HOM_HALF,0.2844824,0.25734368,0.3224538,0.3129782,0.3381237,0.31913224
peep,H,word2vec_recipe_50_HOM_HALF,0.26791626,0.25918227,0.31874108,0.2904931,0.34048194,0.309308
task,P,word2vec_recipe_50_HOM_HALF,0.24861696,0.22675727,0.29906568,0.22259653,0.315881,0.22463913
coconut,P,word2vec_recipe_50_HOM_HALF,0.30716676,0.37908027,0.3789426,0.4052907,0.40253177,0.42101118
guardian,P,word2vec_recipe_50_HOM_HALF,0.15915057,0.16693279,0.18272685,0.19092165,0.19269203,0.2016515
runner,P,word2vec_recipe_50_HOM_HALF,0.31271243,0.23675095,0.36762592,0.30264032,0.3882055,0.33260405
moody,P,word2vec_recipe_50_HOM_HALF,0.11999556,0.13149293,0.13961345,0.15131885,0.14824772,0.1635105
diver,P,word2vec_recipe_50_HOM_HALF,0.156672,0.17579764,0.20185287,0.22955945,0.22268562,0.25159445
constant,P,word2vec_recipe_50_HOM_HALF,0.35102987,0.4299871,0.4197653,0.46226123,0.44651893,0.44943896
cowgirl,P,word2vec_recipe_50_HOM_HALF,0.16451165,0.15413813,0.18926764,0.17848225,0.19940262,0.19598971
concern,P,word2vec_recipe_50_HOM_HALF,0.19813545,0.17795122,0.22519918,0.19671151,0.23780675,0.19649619
remove,P,word2vec_recipe_50_HOM_HALF,0.330628,0.33270383,0.42300206,0.3676791,0.45322573,0.3663702
cram,P,word2vec_recipe_50_HOM_HALF,0.38462391,0.34842747,0.44513446,0.39800107,0.4673361,0.40589467
disclosure,P,word2vec_recipe_50_HOM_HALF,0.15461074,0.13965957,0.18253557,0.1464644,0.19401069,0.1574941
prominent,P,word2vec_recipe_50_HOM_HALF,0.16920619,0.18742248,0.20580325,0.23143576,0.22370204,0.24864908
shift,P,word2vec_recipe_50_HOM_HALF,0.40044266,0.39625168,0.46650445,0.4208339,0.48583958,0.41868922
pinch,P,word2vec_recipe_50_HOM_HALF,0.40238276,0.41082895,0.4787446,0.4708378,0.50316644,0.4812609
adorable,P,word2vec_recipe_50_HOM_HALF,0.19063179,0.19845532,0.22542247,0.24042764,0.24084927,0.24776685
zebra,M,word2vec_recipe_50_HOM_HALF,0.25617003,0.26734436,0.30315375,0.30471075,0.32169017,0.33142
tasteful,P,word2vec_recipe_50_HOM_HALF,0.19061379,0.1933927,0.22009157,0.2343293,0.23274884,0.2407248
stash,P,word2vec_recipe_50_HOM_HALF,0.29388544,0.22976841,0.35228738,0.33092085,0.37433225,0.35915506
bout,P,word2vec_recipe_50_HOM_HALF,0.33127308,0.33298638,0.43814903,0.4433932,0.46789536,0.46461657
rage,P,word2vec_recipe_50_HOM_HALF,0.18186447,0.16177782,0.20594046,0.16965842,0.21587236,0.17830762
crisp,P,word2vec_recipe_50_HOM_HALF,0.33778414,0.43213975,0.45665514,0.5077507,0.49168214,0.50027496
grow,P,word2vec_recipe_50_HOM_HALF,0.31776506,0.3077222,0.36152595,0.29373595,0.37636012,0.2859285
lair,P,word2vec_recipe_50_HOM_HALF,0.17607826,0.211151,0.20644291,0.24917822,0.21979146,0.26880142
smudge,P,word2vec_recipe_50_HOM_HALF,0.24064188,0.2268834,0.27286854,0.23865668,0.2846211,0.2518188
virtue,P,word2vec_recipe_50_HOM_HALF,0.29164487,0.2592031,0.32895294,0.276403,0.34522355,0.28985015
minimize,P,word2vec_recipe_50_HOM_HALF,0.29515338,0.29751945,0.3538768,0.3433124,0.37784997,0.34562624
tremble,P,word2vec_recipe_50_HOM_HALF,0.20474906,0.24118014,0.2931707,0.3208456,0.3267765,0.33734927
numerous,P,word2vec_recipe_50_HOM_HALF,0.3013782,0.3277185,0.34909183,0.29588798,0.36546683,0.29007563
spoil,P,word2vec_recipe_50_HOM_HALF,0.24902697,0.21558903,0.2958159,0.24204329,0.3135143,0.25040242
strand,H,word2vec_recipe_50_HOM_HALF,0.33618623,0.3234855,0.41555858,0.40472642,0.4456347,0.40940675
shabby,P,word2vec_recipe_50_HOM_HALF,0.13210201,0.119671576,0.15639423,0.14327498,0.16811118,0.1551034
notion,P,word2vec_recipe_50_HOM_HALF,0.1025298,0.101188086,0.1191693,0.12625693,0.12725767,0.1350135
shady,P,word2vec_recipe_50_HOM_HALF,0.24145219,0.2645071,0.2886165,0.29829434,0.30387712,0.29364076
porcelain,P,word2vec_recipe_50_HOM_HALF,0.28017828,0.35761154,0.37027252,0.4474896,0.40645638,0.48485985
leak,P,word2vec_recipe_50_HOM_HALF,0.34316158,0.3833515,0.42203286,0.36250106,0.445358,0.34240377
untouched,P,word2vec_recipe_50_HOM_HALF,0.37776613,0.3005028,0.42881665,0.32689506,0.44664747,0.33585843
cluck,P,word2vec_recipe_50_HOM_HALF,0.14076665,0.15251692,0.16276272,0.18117115,0.1727507,0.19131187
badge,P,word2vec_recipe_50_HOM_HALF,0.14302945,0.16573948,0.16934809,0.21138342,0.18042685,0.22155772
rag,H,word2vec_recipe_50_HOM_HALF,0.36105317,0.44549304,0.42201433,0.4759055,0.44532353,0.4648162
agency,P,word2vec_recipe_50_HOM_HALF,0.1267679,0.14102641,0.15318033,0.1669356,0.16413511,0.17902437
kicker,P,word2vec_recipe_50_HOM_HALF,0.2093238,0.21797532,0.24033916,0.25418764,0.25344375,0.264319
impossible,P,word2vec_recipe_50_HOM_HALF,0.37814635,0.34451285,0.43952674,0.35216427,0.4592988,0.34023675
splinter,P,word2vec_recipe_50_HOM_HALF,0.21933992,0.22754446,0.250656,0.22640727,0.2636565,0.22983359
submission,P,word2vec_recipe_50_HOM_HALF,0.18787839,0.14296034,0.21756145,0.17206691,0.23067802,0.1855609
brighten,P,word2vec_recipe_50_HOM_HALF,0.3002439,0.3400406,0.3770727,0.35519043,0.40484834,0.36864847
character,P,word2vec_recipe_50_HOM_HALF,0.25704068,0.28423175,0.2999156,0.3095794,0.31733537,0.30973947
brink,P,word2vec_recipe_50_HOM_HALF,0.18821236,0.18834865,0.24942003,0.27764904,0.27914613,0.31290928
conscious,P,word2vec_recipe_50_HOM_HALF,0.19938144,0.20172359,0.23908322,0.21818471,0.25309116,0.22149031
cello,M,word2vec_recipe_50_HOM_HALF,0.21650228,0.25233626,0.2627735,0.31760165,0.2876953,0.35702157
hydrogen,M,word2vec_recipe_50_HOM_HALF,0.20153292,0.23348558,0.26132745,0.27705747,0.2844029,0.29068568
device,P,word2vec_recipe_50_HOM_HALF,0.33161587,0.35918412,0.39591342,0.4098217,0.41893345,0.42565864
seed,P,word2vec_recipe_50_HOM_HALF,0.34985897,0.3209021,0.4368575,0.4101915,0.46572307,0.4275069
feature,P,word2vec_recipe_50_HOM_HALF,0.25870493,0.2426031,0.31082547,0.2746911,0.32932442,0.27616847
infrared,P,word2vec_recipe_50_HOM_HALF,0.2006303,0.22394843,0.25911757,0.3139856,0.28108284,0.32779697
hammock,M,word2vec_recipe_50_HOM_HALF,0.18136258,0.23522617,0.21713348,0.27102357,0.23102018,0.27982923
boom,H,word2vec_recipe_50_HOM_HALF,0.30023757,0.23340797,0.33459458,0.27378082,0.34835267,0.27820575
dispense,P,word2vec_recipe_50_HOM_HALF,0.32040444,0.30328956,0.36988613,0.3503519,0.39281166,0.38233048
sever,P,word2vec_recipe_50_HOM_HALF,0.291303,0.20150875,0.36355785,0.29660985,0.39463535,0.34970224
tier,H,word2vec_recipe_50_HOM_HALF,0.31628042,0.31574458,0.3864262,0.34338492,0.41086227,0.362224
tall,P,word2vec_recipe_50_HOM_HALF,0.24562779,0.24187618,0.3190791,0.3307893,0.3506511,0.35245746
scrap,H,word2vec_recipe_50_HOM_HALF,0.3564638,0.41855785,0.4540575,0.46648276,0.48473233,0.45144057
outer,M,word2vec_recipe_50_HOM_HALF,0.29613414,0.28194487,0.36911952,0.36422297,0.4039289,0.39226577
journal,P,word2vec_recipe_50_HOM_HALF,0.13580647,0.13398279,0.16784383,0.16281396,0.18191978,0.1800839
humble,P,word2vec_recipe_50_HOM_HALF,0.17701626,0.15991946,0.20807245,0.18219402,0.21998428,0.19868286
collective,P,word2vec_recipe_50_HOM_HALF,0.07813897,0.091251545,0.09684481,0.12699592,0.10619485,0.14115037
cater,P,word2vec_recipe_50_HOM_HALF,0.16250256,0.16064121,0.19139487,0.1752345,0.20302536,0.18464023
lemonade,M,word2vec_recipe_50_HOM_HALF,0.24810997,0.29569012,0.31446147,0.3172622,0.34212714,0.33213085
pathetic,P,word2vec_recipe_50_HOM_HALF,0.10259453,0.10308544,0.11895448,0.123303406,0.1279701,0.13834932
mixture,P,word2vec_recipe_50_HOM_HALF,0.27966896,0.30692834,0.38536763,0.3397497,0.41379106,0.34395108
jumbo,P,word2vec_recipe_50_HOM_HALF,0.39016327,0.42957282,0.47357354,0.4930868,0.5036108,0.50999874
mattress,P,word2vec_recipe_50_HOM_HALF,0.13062474,0.13292478,0.15059198,0.14859705,0.15946753,0.15604237
sway,P,word2vec_recipe_50_HOM_HALF,0.1761162,0.17389636,0.1989223,0.18167968,0.20821957,0.19035377
adjust,P,word2vec_recipe_50_HOM_HALF,0.32349354,0.371598,0.4279326,0.39931083,0.46255407,0.40343305
hippo,M,word2vec_recipe_50_HOM_HALF,0.21248779,0.19608802,0.24025804,0.19331577,0.2503477,0.2056543
pharmacy,P,word2vec_recipe_50_HOM_HALF,0.13264084,0.14328635,0.15481313,0.15805395,0.16591413,0.16629063
guilt,P,word2vec_recipe_50_HOM_HALF,0.27785668,0.30464095,0.3324108,0.34036234,0.35276634,0.34593734
yellow,P,word2vec_recipe_50_HOM_HALF,0.39063954,0.45636147,0.47776806,0.52152544,0.5063138,0.5269372
stretch,P,word2vec_recipe_50_HOM_HALF,0.29069152,0.3562694,0.36055017,0.3978931,0.3842445,0.38511157
untie,P,word2vec_recipe_50_HOM_HALF,0.3611617,0.37227395,0.42532673,0.40616274,0.4504355,0.42070973
invention,P,word2vec_recipe_50_HOM_HALF,0.12719743,0.11417389,0.15175937,0.13625662,0.16377617,0.15270649
sailboat,M,word2vec_recipe_50_HOM_HALF,0.2083879,0.22588623,0.2393468,0.26749608,0.25419605,0.28663886
degree,P,word2vec_recipe_50_HOM_HALF,0.354641,0.347761,0.42901662,0.3201893,0.45381442,0.32587066
strange,P,word2vec_recipe_50_HOM_HALF,0.20438854,0.17814754,0.24175483,0.19500524,0.25624695,0.20230009
corruption,P,word2vec_recipe_50_HOM_HALF,0.121760726,0.12154493,0.14286803,0.1510291,0.15353024,0.16609487
nutty,P,word2vec_recipe_50_HOM_HALF,0.34324306,0.42868233,0.4142981,0.46926925,0.44622025,0.4948953
evil,P,word2vec_recipe_50_HOM_HALF,0.20182161,0.21450889,0.23454557,0.23853062,0.24691986,0.24343416
grid,P,word2vec_recipe_50_HOM_HALF,0.39531022,0.4287246,0.4453978,0.4445159,0.4633657,0.4303335
probable,P,word2vec_recipe_50_HOM_HALF,0.09071676,0.09443359,0.10769867,0.122350186,0.117204934,0.13726045
lucid,P,word2vec_recipe_50_HOM_HALF,0.24543837,0.23985665,0.2773775,0.27232715,0.28956267,0.28618512
cheeky,M,word2vec_recipe_50_HOM_HALF,0.1760734,0.19575979,0.20515686,0.21156453,0.2162313,0.22157227
smart,P,word2vec_recipe_50_HOM_HALF,0.39782083,0.32850224,0.44364816,0.3403791,0.45952043,0.32940722
despicable,M,word2vec_recipe_50_HOM_HALF,0.13143139,0.12216612,0.15193534,0.15065213,0.16028814,0.16346869
olden,M,word2vec_recipe_50_HOM_HALF,0.22795019,0.15491351,0.25831512,0.18553436,0.2702405,0.18193372
suffice,P,word2vec_recipe_50_HOM_HALF,0.34119695,0.22326754,0.3773003,0.2247863,0.39042774,0.22398496
drug,P,word2vec_recipe_50_HOM_HALF,0.16944417,0.17032836,0.21647571,0.21238299,0.23500866,0.22333804
personnel,P,word2vec_recipe_50_HOM_HALF,0.1239295,0.125576,0.14435606,0.15302153,0.15327781,0.16164841
scientist,M,word2vec_recipe_50_HOM_HALF,0.15937914,0.16342705,0.18354785,0.1835591,0.19503433,0.20007476
triple,P,word2vec_recipe_50_HOM_HALF,0.36206967,0.2869332,0.42380056,0.28899014,0.4428221,0.306053
toll,H,word2vec_recipe_50_HOM_HALF,0.30252957,0.29251987,0.36365616,0.27094078,0.38509205,0.2853536
soil,H,word2vec_recipe_50_HOM_HALF,0.26980478,0.31173858,0.3402113,0.3717833,0.37247953,0.38479072
finesse,P,word2vec_recipe_50_HOM_HALF,0.0999921,0.11031252,0.11820551,0.1277746,0.12829208,0.14161754
near,P,word2vec_recipe_50_HOM_HALF,0.3787578,0.2249104,0.44765985,0.37238058,0.47855896,0.40980953
manly,M,word2vec_recipe_50_HOM_HALF,0.2023367,0.18379186,0.22999497,0.1955179,0.24370041,0.2088519
fling,P,word2vec_recipe_50_HOM_HALF,0.34036943,0.25448442,0.3819145,0.27598432,0.39818996,0.30350605
tolerate,P,word2vec_recipe_50_HOM_HALF,0.17964773,0.1693274,0.20541663,0.16219988,0.21689774,0.17511125
mechanism,P,word2vec_recipe_50_HOM_HALF,0.3606659,0.41592002,0.41505966,0.43580946,0.4380883,0.4448477
likeness,P,word2vec_recipe_50_HOM_HALF,0.28439054,0.30143777,0.37150645,0.3523442,0.39850017,0.37585244
magical,P,word2vec_recipe_50_HOM_HALF,0.2650262,0.2813019,0.29771292,0.2984298,0.31206372,0.31340396
strip,H,word2vec_recipe_50_HOM_HALF,0.29334974,0.33630875,0.34124774,0.3480276,0.36239907,0.3386573
squeeze,P,word2vec_recipe_50_HOM_HALF,0.35263067,0.3982454,0.4639949,0.4618909,0.49521354,0.46943325
gap,P,word2vec_recipe_50_HOM_HALF,0.3193987,0.383399,0.38061824,0.34804106,0.4004229,0.34841323
tiny,M,word2vec_recipe_50_HOM_HALF,0.3374406,0.3920561,0.41867787,0.43448198,0.44488457,0.4372421
hockey,P,word2vec_recipe_50_HOM_HALF,0.24584821,0.29064748,0.29045475,0.29477665,0.30845863,0.30153927
label,P,word2vec_recipe_50_HOM_HALF,0.3595884,0.43197668,0.45749816,0.504873,0.49007356,0.506543
deserve,P,word2vec_recipe_50_HOM_HALF,0.14904547,0.14796454,0.17242528,0.16295145,0.1831586,0.16898853
prior,H,word2vec_recipe_50_HOM_HALF,0.3841235,0.37454498,0.4822987,0.41694936,0.5095296,0.406441
salesman,M,word2vec_recipe_50_HOM_HALF,0.24916768,0.24989726,0.2848649,0.2527439,0.29773393,0.26503524
uncover,P,word2vec_recipe_50_HOM_HALF,0.3919621,0.35263434,0.44882834,0.3551696,0.46969262,0.3659721
flood,P,word2vec_recipe_50_HOM_HALF,0.28270864,0.24884705,0.33648303,0.30179653,0.36009678,0.32873183
design,P,word2vec_recipe_50_HOM_HALF,0.23989317,0.30300936,0.3116082,0.33537441,0.33637643,0.33263907
pottery,P,word2vec_recipe_50_HOM_HALF,0.28804109,0.35361382,0.3708502,0.442556,0.4046727,0.47779512
lace,P,word2vec_recipe_50_HOM_HALF,0.3500622,0.31259263,0.39330098,0.34468767,0.4110266,0.35376236
bathtub,M,word2vec_recipe_50_HOM_HALF,0.31218344,0.28067613,0.36100233,0.31738648,0.3791517,0.31431508
plot,H,word2vec_recipe_50_HOM_HALF,0.16430011,0.16800743,0.18970512,0.20323029,0.20170581,0.22110146
benefit,P,word2vec_recipe_50_HOM_HALF,0.264005,0.23449878,0.30482382,0.23148794,0.3188271,0.23284726
curtain,P,word2vec_recipe_50_HOM_HALF,0.21815853,0.25780204,0.26926702,0.30217797,0.2879881,0.31211954
chair,P,word2vec_recipe_50_HOM_HALF,0.24351251,0.2664011,0.2945603,0.3190311,0.31665134,0.32914764
skillet,M,word2vec_recipe_50_HOM_HALF,0.2848485,0.3777911,0.3973259,0.39467418,0.43703973,0.40755787
barber,P,word2vec_recipe_50_HOM_HALF,0.22115982,0.2751305,0.26945224,0.31304035,0.29001412,0.33056527
glory,P,word2vec_recipe_50_HOM_HALF,0.31693944,0.26311672,0.3712447,0.27933756,0.38970047,0.30103534
proprietor,P,word2vec_recipe_50_HOM_HALF,0.09574861,0.10884915,0.1169444,0.14811562,0.12578829,0.16015054
input,P,word2vec_recipe_50_HOM_HALF,0.15441115,0.13061628,0.17708777,0.1450596,0.18815622,0.15877348
pure,P,word2vec_recipe_50_HOM_HALF,0.31529364,0.34110978,0.3726973,0.3932181,0.39752403,0.41368663
imitation,P,word2vec_recipe_50_HOM_HALF,0.37598032,0.37858298,0.43781003,0.424094,0.4612116,0.43025938
adjacent,M,word2vec_recipe_50_HOM_HALF,0.28369182,0.27632955,0.3419992,0.32398206,0.36417407,0.33234018
mutant,M,word2vec_recipe_50_HOM_HALF,0.15212767,0.14593779,0.1785856,0.16959666,0.18895791,0.18149646
cable,P,word2vec_recipe_50_HOM_HALF,0.20297387,0.25276837,0.23594877,0.27358365,0.2506975,0.2797742
virtual,M,word2vec_recipe_50_HOM_HALF,0.10540998,0.110652104,0.12504993,0.14673625,0.13451397,0.16273196
basement,M,word2vec_recipe_50_HOM_HALF,0.18904193,0.2603103,0.25627336,0.2967767,0.27829194,0.3028977
keeper,P,word2vec_recipe_50_HOM_HALF,0.32103467,0.33407038,0.37906158,0.36789602,0.4020391,0.36927778
timely,P,word2vec_recipe_50_HOM_HALF,0.16197261,0.12719916,0.18343061,0.16342935,0.19304161,0.1683217
correct,P,word2vec_recipe_50_HOM_HALF,0.31146613,0.33652657,0.37412164,0.3462325,0.40185836,0.36580437
failure,P,word2vec_recipe_50_HOM_HALF,0.16537619,0.13387424,0.19229716,0.1554237,0.20416465,0.17132346
dress,P,word2vec_recipe_50_HOM_HALF,0.29045016,0.28772113,0.35485432,0.3491992,0.38291642,0.36573696
thinker,P,word2vec_recipe_50_HOM_HALF,0.15228805,0.15045978,0.17495856,0.1829372,0.18483272,0.19554414
observe,P,word2vec_recipe_50_HOM_HALF,0.25177905,0.22880417,0.2884215,0.25507763,0.30401173,0.26279083
muffin,M,word2vec_recipe_50_HOM_HALF,0.20143244,0.24451771,0.30872425,0.3065725,0.37567198,0.40061468
trunk,P,word2vec_recipe_50_HOM_HALF,0.24998519,0.2146241,0.30713132,0.26929122,0.33126327,0.31077412
sixth,P,word2vec_recipe_50_HOM_HALF,0.33212906,0.39626583,0.4259348,0.415384,0.45334014,0.41634977
creamy,P,word2vec_recipe_50_HOM_HALF,0.34673983,0.42896244,0.4341865,0.49590018,0.46400148,0.50292283
glue,P,word2vec_recipe_50_HOM_HALF,0.26323435,0.18649998,0.31046474,0.24476843,0.33453053,0.2908175
itchy,P,word2vec_recipe_50_HOM_HALF,0.10815754,0.14337546,0.14181772,0.17814066,0.15577465,0.18433313
trick,P,word2vec_recipe_50_HOM_HALF,0.23852019,0.1926833,0.2670524,0.1867772,0.2784826,0.18028778
tummy,M,word2vec_recipe_50_HOM_HALF,0.23525736,0.189408,0.27919263,0.22802398,0.2945051,0.24130967
hug,P,word2vec_recipe_50_HOM_HALF,0.28094462,0.2798835,0.3225809,0.3088925,0.34108976,0.32170504
midget,P,word2vec_recipe_50_HOM_HALF,0.33714464,0.26993588,0.39954197,0.3672654,0.4294451,0.41637123
guarantee,P,word2vec_recipe_50_HOM_HALF,0.17552255,0.12019024,0.197164,0.14393167,0.20644481,0.15715551
legal,P,word2vec_recipe_50_HOM_HALF,0.18828127,0.17733629,0.21644203,0.19716056,0.2272885,0.20330445
honeymoon,P,word2vec_recipe_50_HOM_HALF,0.1310655,0.12577063,0.15394218,0.14909722,0.16419081,0.16097516
technique,P,word2vec_recipe_50_HOM_HALF,0.25333685,0.23777378,0.28834832,0.23126948,0.301123,0.24145092
wander,P,word2vec_recipe_50_HOM_HALF,0.13984922,0.13049464,0.16402157,0.15534075,0.1756939,0.1640719
fragment,P,word2vec_recipe_50_HOM_HALF,0.21286353,0.242774,0.24863292,0.26935354,0.26382163,0.29022235
pasta,P,word2vec_recipe_50_HOM_HALF,0.14804396,0.18930355,0.26892862,0.34123236,0.32339206,0.37777397
rugged,P,word2vec_recipe_50_HOM_HALF,0.21628328,0.20368946,0.24504368,0.21369796,0.25770307,0.21641506
rim,P,word2vec_recipe_50_HOM_HALF,0.34474584,0.4281964,0.4382851,0.4596267,0.46443757,0.45408252
lowly,P,word2vec_recipe_50_HOM_HALF,0.21007764,0.21582395,0.24121557,0.2250284,0.25351176,0.23080137
livery,P,word2vec_recipe_50_HOM_HALF,0.18022205,0.21706413,0.22227313,0.27133715,0.24008518,0.29836014
salami,M,word2vec_recipe_50_HOM_HALF,0.20198295,0.2401085,0.31838235,0.37038213,0.35772994,0.4004223
occur,P,word2vec_recipe_50_HOM_HALF,0.29984397,0.3033752,0.34562707,0.31299108,0.36315942,0.31918505
aquarium,P,word2vec_recipe_50_HOM_HALF,0.24800496,0.23775578,0.29730356,0.29727504,0.31625628,0.30042875
snap,P,word2vec_recipe_50_HOM_HALF,0.38618082,0.3906138,0.4704161,0.4542793,0.5005591,0.4696016
bony,P,word2vec_recipe_50_HOM_HALF,0.21329129,0.20446287,0.2771355,0.29446,0.309859,0.34253478
spiral,P,word2vec_recipe_50_HOM_HALF,0.28731114,0.2990612,0.3485019,0.36264706,0.371566,0.37600103
nanny,M,word2vec_recipe_50_HOM_HALF,0.14677879,0.15630727,0.17732635,0.19485882,0.19112934,0.21208814
holder,P,word2vec_recipe_50_HOM_HALF,0.391177,0.45322907,0.45206612,0.46466255,0.4755354,0.47345152
guidance,P,word2vec_recipe_50_HOM_HALF,0.25354257,0.26903462,0.3105091,0.31095165,0.33599225,0.33379394
severe,P,word2vec_recipe_50_HOM_HALF,0.2640626,0.17529896,0.29701877,0.18775797,0.3088392,0.19805005
burn,P,word2vec_recipe_50_HOM_HALF,0.28770134,0.3159692,0.36446503,0.3631322,0.39389932,0.35462722
season,P,word2vec_recipe_50_HOM_HALF,0.23051408,0.22577278,0.29633537,0.26088318,0.3250859,0.28200123
jingle,P,word2vec_recipe_50_HOM_HALF,0.21201615,0.21024635,0.2424646,0.20333934,0.25355682,0.20739165
flap,P,word2vec_recipe_50_HOM_HALF,0.26586953,0.2760838,0.3174186,0.34563577,0.34334174,0.35806808
clever,P,word2vec_recipe_50_HOM_HALF,0.21070807,0.19760501,0.23707548,0.18776873,0.24861668,0.18873616
complexion,P,word2vec_recipe_50_HOM_HALF,0.18119153,0.17795363,0.21251558,0.20552021,0.22520564,0.20899068
travel,P,word2vec_recipe_50_HOM_HALF,0.26506606,0.29942995,0.32029524,0.32595354,0.33886704,0.3238608
silver,P,word2vec_recipe_50_HOM_HALF,0.43886423,0.3930233,0.49416053,0.43448237,0.51243424,0.43871146
brilliant,P,word2vec_recipe_50_HOM_HALF,0.25910124,0.28835517,0.3115205,0.31324682,0.33108124,0.3103452
passenger,P,word2vec_recipe_50_HOM_HALF,0.15701015,0.18179853,0.1889318,0.21601267,0.2074614,0.24593417
ignition,P,word2vec_recipe_50_HOM_HALF,0.15800454,0.18246625,0.1864285,0.20690359,0.19808659,0.2191577
apartment,M,word2vec_recipe_50_HOM_HALF,0.14546208,0.11886456,0.16638136,0.14725424,0.17737572,0.15786591
prospect,P,word2vec_recipe_50_HOM_HALF,0.105853535,0.11261532,0.12608728,0.14065145,0.13614008,0.15574639
geisha,M,word2vec_recipe_50_HOM_HALF,0.1346409,0.16723914,0.15607008,0.18670574,0.1655772,0.19613959
basketball,P,word2vec_recipe_50_HOM_HALF,0.19706106,0.18382156,0.23244165,0.23635735,0.24993473,0.26710558
silence,P,word2vec_recipe_50_HOM_HALF,0.11501998,0.11442421,0.13191508,0.13222304,0.14079101,0.14131269
bother,P,word2vec_recipe_50_HOM_HALF,0.29711068,0.2783354,0.34589967,0.28306484,0.36471656,0.27083227
goldfish,M,word2vec_recipe_50_HOM_HALF,0.28294927,0.32587928,0.3650265,0.4267142,0.40060225,0.4570668
timetable,M,word2vec_recipe_50_HOM_HALF,0.2164083,0.19676031,0.25279742,0.2776981,0.2692694,0.2794419
trip,P,word2vec_recipe_50_HOM_HALF,0.22522664,0.17663297,0.25949645,0.19559786,0.27182582,0.20523296
likely,P,word2vec_recipe_50_HOM_HALF,0.2532529,0.24170166,0.29533583,0.22696435,0.30905688,0.22716096
celestial,P,word2vec_recipe_50_HOM_HALF,0.24777874,0.22553769,0.28557017,0.2310253,0.2983802,0.23608755
intuition,P,word2vec_recipe_50_HOM_HALF,0.114936575,0.10996201,0.13763018,0.13162683,0.14702186,0.14747268
wand,P,word2vec_recipe_50_HOM_HALF,0.27575368,0.25434518,0.37185264,0.3929116,0.41274506,0.45807514
housewife,M,word2vec_recipe_50_HOM_HALF,0.1164879,0.12753363,0.13780382,0.15778677,0.1468663,0.1677027
beep,P,word2vec_recipe_50_HOM_HALF,0.30709663,0.32757923,0.4293017,0.41447276,0.47594634,0.44954678
rinse,P,word2vec_recipe_50_HOM_HALF,0.33070984,0.4334457,0.42568237,0.45843452,0.45724723,0.45729086
outward,P,word2vec_recipe_50_HOM_HALF,0.27711162,0.3213807,0.36108226,0.36923683,0.38999835,0.38165727
radiator,P,word2vec_recipe_50_HOM_HALF,0.21312785,0.22459815,0.24954882,0.22711144,0.26279268,0.22839504
hill,P,word2vec_recipe_50_HOM_HALF,0.24022648,0.25520936,0.2783343,0.26965785,0.29432675,0.2628538
kettle,P,word2vec_recipe_50_HOM_HALF,0.2961874,0.38641274,0.4065906,0.4446089,0.44716355,0.46651337
hula,M,word2vec_recipe_50_HOM_HALF,0.21364228,0.20014437,0.24701427,0.2405373,0.25961724,0.24529
pouch,P,word2vec_recipe_50_HOM_HALF,0.36770782,0.43756965,0.4555183,0.46407256,0.48197097,0.4581399
admire,P,word2vec_recipe_50_HOM_HALF,0.241448,0.19972095,0.2812487,0.22726016,0.296659,0.23444104
joyous,M,word2vec_recipe_50_HOM_HALF,0.12528738,0.1455166,0.14669856,0.1818351,0.15578106,0.19133715
helpful,M,word2vec_recipe_50_HOM_HALF,0.30497736,0.27437985,0.34265378,0.260375,0.35747582,0.25631276
bronze,P,word2vec_recipe_50_HOM_HALF,0.27526498,0.30894986,0.34283793,0.37141153,0.37352028,0.4052997
recite,P,word2vec_recipe_50_HOM_HALF,0.11218019,0.10440377,0.13151917,0.13067017,0.14031936,0.14294834
elastic,P,word2vec_recipe_50_HOM_HALF,0.27958137,0.3171865,0.42972153,0.44126835,0.47876275,0.47268832
dreary,P,word2vec_recipe_50_HOM_HALF,0.16631024,0.20028469,0.19777231,0.21261655,0.2109576,0.21312612
garage,P,word2vec_recipe_50_HOM_HALF,0.22728595,0.26507455,0.29082555,0.29613665,0.31107378,0.28877595
chamber,P,word2vec_recipe_50_HOM_HALF,0.38184756,0.41586053,0.4360525,0.46732256,0.46078113,0.4772605
electronic,P,word2vec_recipe_50_HOM_HALF,0.29449573,0.32973123,0.35157233,0.43130088,0.38124558,0.45525938
trace,H,word2vec_recipe_50_HOM_HALF,0.3636537,0.31274793,0.4196745,0.3998397,0.43823776,0.38140944
doorbell,M,word2vec_recipe_50_HOM_HALF,0.22669001,0.22842564,0.28371203,0.24537654,0.30238968,0.2600056
scale,H,word2vec_recipe_50_HOM_HALF,0.38045958,0.44202858,0.44382998,0.40404212,0.4634308,0.38288414
solution,P,word2vec_recipe_50_HOM_HALF,0.33058268,0.3955781,0.40114835,0.44657823,0.43119666,0.46851635
public,P,word2vec_recipe_50_HOM_HALF,0.106294654,0.10735365,0.1268536,0.13044448,0.13851085,0.15170966
column,P,word2vec_recipe_50_HOM_HALF,0.28663507,0.2645907,0.32377952,0.28020132,0.3368607,0.287273
battery,P,word2vec_recipe_50_HOM_HALF,0.24212587,0.23773739,0.27858236,0.26196903,0.29417586,0.2735764
laboratory,P,word2vec_recipe_50_HOM_HALF,0.10482484,0.12217419,0.12552229,0.14939958,0.13508628,0.16199318
crop,P,word2vec_recipe_50_HOM_HALF,0.27997234,0.20674084,0.31458116,0.2298374,0.32719657,0.23030259
devotion,P,word2vec_recipe_50_HOM_HALF,0.41201955,0.47464833,0.4824991,0.47676834,0.5042952,0.4784854
regional,P,word2vec_recipe_50_HOM_HALF,0.19686425,0.18602146,0.22191033,0.20011406,0.2335486,0.2127359
parcel,P,word2vec_recipe_50_HOM_HALF,0.30782536,0.34739396,0.37943432,0.3927477,0.40964654,0.40334642
seal,H,word2vec_recipe_50_HOM_HALF,0.32656282,0.38484108,0.39544147,0.43328527,0.43005425,0.45589375
insulin,P,word2vec_recipe_50_HOM_HALF,0.0962183,0.11928508,0.12405248,0.15326282,0.13765667,0.16578227
split,P,word2vec_recipe_50_HOM_HALF,0.42380905,0.4547401,0.51485914,0.49216503,0.5412686,0.47239813
overload,P,word2vec_recipe_50_HOM_HALF,0.35382244,0.39389858,0.39795503,0.36604643,0.4154291,0.36090717
eyebrow,P,word2vec_recipe_50_HOM_HALF,0.1317298,0.16587543,0.1658617,0.21109155,0.18726657,0.24546035
magic,P,word2vec_recipe_50_HOM_HALF,0.3379466,0.3081491,0.3748353,0.29998472,0.38684455,0.3107132
keyhole,M,word2vec_recipe_50_HOM_HALF,0.16444793,0.19391975,0.2004432,0.23255646,0.21449581,0.24818687
dispose,P,word2vec_recipe_50_HOM_HALF,0.33538538,0.31193972,0.3873658,0.34251842,0.40875512,0.37101424
jelly,P,word2vec_recipe_50_HOM_HALF,0.41116467,0.46176293,0.48961648,0.46323276,0.5158392,0.47620177
legend,P,word2vec_recipe_50_HOM_HALF,0.16960597,0.16241337,0.19799003,0.17603372,0.21028607,0.18824482
sideways,P,word2vec_recipe_50_HOM_HALF,0.3109712,0.27998188,0.35359576,0.3102217,0.3693903,0.32313648
werewolf,M,word2vec_recipe_50_HOM_HALF,0.16503377,0.18994848,0.19786333,0.22910395,0.21252814,0.2440385
clash,P,word2vec_recipe_50_HOM_HALF,0.11971761,0.14916891,0.14287072,0.17151314,0.15358977,0.17945418
boiler,P,word2vec_recipe_50_HOM_HALF,0.33269635,0.35104394,0.45343757,0.42471573,0.4951023,0.45079014
slime,P,word2vec_recipe_50_HOM_HALF,0.337592,0.32631627,0.38618714,0.375282,0.40748137,0.38015142
recognize,P,word2vec_recipe_50_HOM_HALF,0.1937025,0.1758309,0.22334929,0.18459392,0.23614173,0.19270986
nude,P,word2vec_recipe_50_HOM_HALF,0.19944921,0.22243153,0.23031826,0.24567525,0.2435021,0.26356545
insulation,P,word2vec_recipe_50_HOM_HALF,0.25403935,0.26432857,0.29505274,0.2851166,0.3125312,0.2963461
overlook,P,word2vec_recipe_50_HOM_HALF,0.09420606,0.109463,0.11576142,0.12539893,0.12632,0.14175814
straw,P,word2vec_recipe_50_HOM_HALF,0.36666542,0.44793418,0.4390751,0.4681756,0.46431586,0.47344282
culture,P,word2vec_recipe_50_HOM_HALF,0.29858592,0.3461283,0.37853596,0.39958155,0.40850857,0.41454545
search,P,word2vec_recipe_50_HOM_HALF,0.19969739,0.17747861,0.23166199,0.2087457,0.2437183,0.21016014
consider,P,word2vec_recipe_50_HOM_HALF,0.286325,0.31049365,0.33320144,0.27344757,0.34912518,0.26384953
cosmetic,P,word2vec_recipe_50_HOM_HALF,0.11004622,0.115105726,0.12955186,0.13745356,0.1381474,0.14520165
poetic,P,word2vec_recipe_50_HOM_HALF,0.10498589,0.10157687,0.12524422,0.13286306,0.13405262,0.1508357
furious,P,word2vec_recipe_50_HOM_HALF,0.2559886,0.27908677,0.30705786,0.29725242,0.32461068,0.3011224
amuse,P,word2vec_recipe_50_HOM_HALF,0.19132103,0.20079874,0.22279455,0.20876712,0.23406875,0.21424201
stimulate,P,word2vec_recipe_50_HOM_HALF,0.14224109,0.14273383,0.16608994,0.16957857,0.17453748,0.17440039
battleship,M,word2vec_recipe_50_HOM_HALF,0.14476421,0.17880577,0.19347148,0.26020494,0.21773499,0.28862414
odor,P,word2vec_recipe_50_HOM_HALF,0.26750654,0.25690073,0.30998036,0.2913839,0.32952842,0.300692
visual,P,word2vec_recipe_50_HOM_HALF,0.2581662,0.29032668,0.3002683,0.27469388,0.31731376,0.27884606
beak,P,word2vec_recipe_50_HOM_HALF,0.20746604,0.23416504,0.27735797,0.3014585,0.31122014,0.3369038
infamous,P,word2vec_recipe_50_HOM_HALF,0.13958666,0.13642605,0.16064996,0.15818346,0.17088772,0.16579798
bleach,P,word2vec_recipe_50_HOM_HALF,0.20925298,0.26058206,0.28176922,0.33886793,0.3123059,0.36445257
kerosene,M,word2vec_recipe_50_HOM_HALF,0.4692297,0.48376778,0.52987003,0.5060743,0.5498965,0.515674
spark,P,word2vec_recipe_50_HOM_HALF,0.17475402,0.18650517,0.20442985,0.19963536,0.21750247,0.20765162
consensus,P,word2vec_recipe_50_HOM_HALF,0.08270482,0.09528285,0.10046781,0.11781133,0.109028876,0.13320746
apart,P,word2vec_recipe_50_HOM_HALF,0.34981903,0.28911975,0.43120125,0.35912687,0.46425164,0.3868577
diet,H,word2vec_recipe_50_HOM_HALF,0.3098743,0.33836555,0.36189583,0.36158165,0.37871656,0.34846067
scoot,P,word2vec_recipe_50_HOM_HALF,0.35212177,0.31075707,0.40099502,0.3522739,0.41887796,0.35952005
bouncy,P,word2vec_recipe_50_HOM_HALF,0.27739024,0.31704178,0.33921528,0.34623545,0.36653602,0.36189112
invest,P,word2vec_recipe_50_HOM_HALF,0.18599261,0.16717525,0.22034082,0.1812317,0.23389259,0.18432847
tease,P,word2vec_recipe_50_HOM_HALF,0.27369797,0.2800645,0.3205588,0.31892902,0.3396817,0.32815844
lean,H,word2vec_recipe_50_HOM_HALF,0.36045077,0.37053436,0.43131068,0.3913131,0.45176733,0.37045956
stab,P,word2vec_recipe_50_HOM_HALF,0.3181871,0.35267013,0.41435635,0.4805727,0.4471315,0.5005249
spooky,M,word2vec_recipe_50_HOM_HALF,0.22989467,0.2548024,0.2815572,0.29081827,0.30750066,0.3184519
unborn,P,word2vec_recipe_50_HOM_HALF,0.17404744,0.17754127,0.1968548,0.19145627,0.20655268,0.20467424
review,P,word2vec_recipe_50_HOM_HALF,0.2499021,0.22731453,0.2880238,0.21351367,0.30225253,0.22437747
lantern,P,word2vec_recipe_50_HOM_HALF,0.2454422,0.26739717,0.29299372,0.28229186,0.30988997,0.28429484
cuff,H,word2vec_recipe_50_HOM_HALF,0.20500965,0.23678908,0.23894325,0.2743924,0.25607845,0.28787017
rural,P,word2vec_recipe_50_HOM_HALF,0.11228011,0.114321925,0.13476193,0.14736578,0.14545742,0.16075447
weave,P,word2vec_recipe_50_HOM_HALF,0.31992507,0.33770028,0.3776324,0.3359263,0.40034333,0.3372384
soda,P,word2vec_recipe_50_HOM_HALF,0.29835263,0.32689026,0.36980614,0.33830956,0.3994424,0.37587243
heavy,P,word2vec_recipe_50_HOM_HALF,0.3303097,0.36507824,0.42581108,0.4454488,0.46051532,0.4711835
port,H,word2vec_recipe_50_HOM_HALF,0.22609282,0.32783568,0.33376417,0.4445768,0.37935075,0.46387577
shack,M,word2vec_recipe_50_HOM_HALF,0.24903324,0.22012961,0.2862324,0.2304128,0.3026936,0.244875
final,P,word2vec_recipe_50_HOM_HALF,0.37689334,0.4260871,0.43404248,0.40263095,0.45417,0.37920097
compass,P,word2vec_recipe_50_HOM_HALF,0.19896899,0.19907592,0.23577763,0.25366738,0.24985683,0.28098163
downward,P,word2vec_recipe_50_HOM_HALF,0.26772022,0.29093486,0.31892696,0.33206898,0.34068644,0.3439031
hull,H,word2vec_recipe_50_HOM_HALF,0.3207435,0.3902301,0.4080561,0.45258564,0.44152588,0.46757987
patch,P,word2vec_recipe_50_HOM_HALF,0.4087854,0.41592392,0.4779329,0.44950923,0.49860078,0.4428951
depart,P,word2vec_recipe_50_HOM_HALF,0.13027647,0.15793027,0.15540387,0.17464344,0.16529922,0.18086822
peaceful,P,word2vec_recipe_50_HOM_HALF,0.12335245,0.123404354,0.14574282,0.14898476,0.15402213,0.15775047
stud,H,word2vec_recipe_50_HOM_HALF,0.4025979,0.40064344,0.47194347,0.44469658,0.49556544,0.4527184
warmth,P,word2vec_recipe_50_HOM_HALF,0.3525995,0.33760142,0.40123937,0.33994025,0.41953635,0.33384553
grad,M,word2vec_recipe_50_HOM_HALF,0.22990534,0.1748822,0.25972942,0.20376767,0.27188215,0.21249668
circuit,P,word2vec_recipe_50_HOM_HALF,0.12116456,0.12436987,0.14272256,0.14138728,0.15309626,0.15429157
colonial,P,word2vec_recipe_50_HOM_HALF,0.18315195,0.14739826,0.21314377,0.16472517,0.22760053,0.1790971
customer,P,word2vec_recipe_50_HOM_HALF,0.09896524,0.09781476,0.11791262,0.120484546,0.12713893,0.1365032
store,P,word2vec_recipe_50_HOM_HALF,0.31474063,0.37121743,0.43546498,0.42746735,0.4767753,0.45732954
socket,P,word2vec_recipe_50_HOM_HALF,0.26821524,0.2341188,0.33190185,0.31685746,0.35990655,0.34654713
song,P,word2vec_recipe_50_HOM_HALF,0.17107062,0.18737893,0.20410444,0.20257327,0.21725953,0.20709985
glow,P,word2vec_recipe_50_HOM_HALF,0.3853322,0.45616844,0.45084152,0.49100357,0.47482058,0.49682245
descend,P,word2vec_recipe_50_HOM_HALF,0.13650696,0.14162514,0.16091812,0.16656585,0.17064068,0.17908311
rocket,H,word2vec_recipe_50_HOM_HALF,0.26173776,0.2941273,0.34006116,0.3867904,0.37149298,0.4093475
spray,H,word2vec_recipe_50_HOM_HALF,0.2220786,0.26192886,0.33571303,0.33954284,0.38283417,0.3782414
dawn,P,word2vec_recipe_50_HOM_HALF,0.20765325,0.20322298,0.24327387,0.20679922,0.25573373,0.21275948
entry,P,word2vec_recipe_50_HOM_HALF,0.21849665,0.1674624,0.24420708,0.1870524,0.25465763,0.19406372
snuggle,P,word2vec_recipe_50_HOM_HALF,0.29888725,0.2780668,0.35172,0.35386693,0.3711833,0.3642
removal,P,word2vec_recipe_50_HOM_HALF,0.39788792,0.34947753,0.45721698,0.4136765,0.47650683,0.42528984
fierce,P,word2vec_recipe_50_HOM_HALF,0.28792122,0.2937561,0.33977082,0.348348,0.35685334,0.3641743
mushroom,P,word2vec_recipe_50_HOM_HALF,0.30948576,0.35672197,0.38842338,0.4268284,0.4166652,0.4283949
lug,H,word2vec_recipe_50_HOM_HALF,0.25739628,0.32008255,0.36557305,0.4184203,0.40212527,0.44668823
debris,P,word2vec_recipe_50_HOM_HALF,0.25302044,0.3219925,0.3419792,0.40720436,0.382853,0.43483397
commercial,P,word2vec_recipe_50_HOM_HALF,0.29330447,0.35782853,0.3433179,0.36526647,0.36207673,0.37588754
scary,M,word2vec_recipe_50_HOM_HALF,0.23932986,0.24892764,0.27902615,0.30308262,0.29305476,0.3032589
boardwalk,M,word2vec_recipe_50_HOM_HALF,0.15449071,0.159548,0.18060999,0.17499405,0.19064032,0.18396759
skin,P,word2vec_recipe_50_HOM_HALF,0.33676493,0.42594436,0.39295468,0.40619382,0.4191365,0.42392924
unfinished,P,word2vec_recipe_50_HOM_HALF,0.19795975,0.18080533,0.22954744,0.20929222,0.24309067,0.22264177
medication,P,word2vec_recipe_50_HOM_HALF,0.110690616,0.13238905,0.1295489,0.14496522,0.13853517,0.15500604
stepped,P,word2vec_recipe_50_HOM_HALF,0.12012579,0.108588114,0.1402707,0.13283654,0.14979719,0.14388967
affair,P,word2vec_recipe_50_HOM_HALF,0.17676964,0.14505997,0.20181276,0.15406646,0.2125909,0.17315069
sticky,P,word2vec_recipe_50_HOM_HALF,0.29732877,0.31692111,0.38483045,0.37511164,0.4243007,0.3854854
wipe,P,word2vec_recipe_50_HOM_HALF,0.4002245,0.4390094,0.4635581,0.48882177,0.48897523,0.48736534
barbarian,P,word2vec_recipe_50_HOM_HALF,0.15594348,0.18879807,0.1845614,0.21445732,0.19663124,0.22774114
beauty,P,word2vec_recipe_50_HOM_HALF,0.2543311,0.24451417,0.2892354,0.23047476,0.30120766,0.23179546
crybaby,M,word2vec_recipe_50_HOM_HALF,0.0949998,0.11441942,0.12986974,0.1522906,0.14709216,0.17083228
variation,P,word2vec_recipe_50_HOM_HALF,0.26883447,0.3493229,0.36870155,0.41939542,0.39894432,0.43125287
freezer,M,word2vec_recipe_50_HOM_HALF,0.26667723,0.36086679,0.3812663,0.41804326,0.41934493,0.43120918
abroad,P,word2vec_recipe_50_HOM_HALF,0.14165322,0.14589895,0.16753122,0.16297255,0.17857884,0.17033438
pork,P,word2vec_recipe_50_HOM_HALF,0.2432483,0.32362533,0.3409309,0.39718622,0.37440178,0.38395986
dioxide,M,word2vec_recipe_50_HOM_HALF,0.19657007,0.24954163,0.24913509,0.27568278,0.27483284,0.29601246
glide,P,word2vec_recipe_50_HOM_HALF,0.23261948,0.25557882,0.2775507,0.303282,0.3002488,0.31673527
extend,P,word2vec_recipe_50_HOM_HALF,0.32587942,0.36974734,0.42972758,0.4023926,0.45900708,0.4073626
energy,P,word2vec_recipe_50_HOM_HALF,0.33589756,0.33939892,0.39323357,0.38045892,0.41619712,0.3873809
sport,P,word2vec_recipe_50_HOM_HALF,0.2660249,0.29012573,0.32495072,0.36950636,0.34566772,0.3766886
cheer,P,word2vec_recipe_50_HOM_HALF,0.22550873,0.23087536,0.2659085,0.28089374,0.28198,0.2919835
confirm,P,word2vec_recipe_50_HOM_HALF,0.23281205,0.22452894,0.28009343,0.25121075,0.29677826,0.25255665
desire,P,word2vec_recipe_50_HOM_HALF,0.26452604,0.33546448,0.3529655,0.3181139,0.3822338,0.3254961
conceal,P,word2vec_recipe_50_HOM_HALF,0.15428913,0.18512826,0.1963201,0.23869495,0.21537094,0.26062936
shadow,P,word2vec_recipe_50_HOM_HALF,0.25858572,0.23806427,0.29029912,0.26339445,0.30261427,0.26752716
jump,P,word2vec_recipe_50_HOM_HALF,0.30995148,0.34916037,0.36598516,0.37286925,0.38524494,0.363179
standby,P,word2vec_recipe_50_HOM_HALF,0.25621098,0.21793602,0.2869193,0.2167441,0.29787788,0.226531
carcass,P,word2vec_recipe_50_HOM_HALF,0.27192903,0.3647464,0.36249477,0.42826512,0.4017948,0.45794117
loud,P,word2vec_recipe_50_HOM_HALF,0.18118544,0.19412924,0.22467543,0.21910635,0.24066167,0.22400737
napkin,P,word2vec_recipe_50_HOM_HALF,0.2861036,0.30292088,0.3703033,0.3953667,0.4092909,0.43715292
fridge,M,word2vec_recipe_50_HOM_HALF,0.24889107,0.3125361,0.37982202,0.40222526,0.42314622,0.41305542
ambush,P,word2vec_recipe_50_HOM_HALF,0.14326851,0.16210663,0.16553043,0.18242797,0.17467554,0.19147798
sublime,P,word2vec_recipe_50_HOM_HALF,0.22487214,0.26414856,0.27188522,0.30386385,0.2899727,0.3225293
kindness,P,word2vec_recipe_50_HOM_HALF,0.24549516,0.2738894,0.40466815,0.36837548,0.46109068,0.3978352
ginger,P,word2vec_recipe_50_HOM_HALF,0.29729003,0.3415841,0.3695637,0.38525498,0.3968649,0.4088219
curious,P,word2vec_recipe_50_HOM_HALF,0.12157973,0.10914043,0.1456314,0.13788559,0.1559412,0.15551995
boyfriend,P,word2vec_recipe_50_HOM_HALF,0.16585419,0.15409374,0.19915065,0.18491805,0.21297559,0.19168988
install,P,word2vec_recipe_50_HOM_HALF,0.25993612,0.33502918,0.3302334,0.41163304,0.36043876,0.44722378
saline,P,word2vec_recipe_50_HOM_HALF,0.25943297,0.2916933,0.30446857,0.3301415,0.3222124,0.3437071
jolly,P,word2vec_recipe_50_HOM_HALF,0.25081477,0.25761724,0.29546154,0.27819762,0.31264722,0.28833246
stick,H,word2vec_recipe_50_HOM_HALF,0.43197078,0.41763306,0.5074432,0.4351246,0.52951163,0.4406681
ledge,P,word2vec_recipe_50_HOM_HALF,0.2217238,0.21651596,0.2615681,0.26233596,0.27896935,0.28746483
explorer,P,word2vec_recipe_50_HOM_HALF,0.13090326,0.13310494,0.15257163,0.1642085,0.16194393,0.17607798
disrupt,P,word2vec_recipe_50_HOM_HALF,0.21988396,0.20495215,0.25898263,0.2128891,0.2763403,0.23061533
spoon,P,word2vec_recipe_50_HOM_HALF,0.3918479,0.49303883,0.47012162,0.44955176,0.49524528,0.4222039
useful,M,word2vec_recipe_50_HOM_HALF,0.27830872,0.29493764,0.31919917,0.28237993,0.33468625,0.2667896
recipe,P,word2vec_recipe_50_HOM_HALF,0.2833231,0.29814315,0.32783112,0.329149,0.3459924,0.33350533
gratitude,M,word2vec_recipe_50_HOM_HALF,0.15776877,0.16142014,0.18450442,0.17901331,0.1959293,0.1908693
culinary,M,word2vec_recipe_50_HOM_HALF,0.28175244,0.26244706,0.32546803,0.23551992,0.34130463,0.24268852
pursuit,P,word2vec_recipe_50_HOM_HALF,0.09287929,0.09382281,0.11056355,0.12191962,0.11971548,0.1378827
culprit,M,word2vec_recipe_50_HOM_HALF,0.15424731,0.14616464,0.17627192,0.17350298,0.18608476,0.1849289
legendary,M,word2vec_recipe_50_HOM_HALF,0.1465117,0.1541071,0.17258587,0.1878163,0.18239456,0.20105664
litter,P,word2vec_recipe_50_HOM_HALF,0.27685556,0.21844126,0.32191738,0.28273243,0.3408758,0.30326647
jam,H,word2vec_recipe_50_HOM_HALF,0.2971844,0.346453,0.3882044,0.4301331,0.4195614,0.43896288
endurance,P,word2vec_recipe_50_HOM_HALF,0.1479117,0.15273255,0.16954082,0.16812576,0.17875984,0.17937766
canine,P,word2vec_recipe_50_HOM_HALF,0.15998733,0.1711641,0.18925156,0.18851562,0.20098291,0.20199284
bartender,M,word2vec_recipe_50_HOM_HALF,0.1243064,0.1171168,0.1446205,0.14736563,0.1544676,0.15783747
prestige,P,word2vec_recipe_50_HOM_HALF,0.11529404,0.11039275,0.1374542,0.1470439,0.14933652,0.1700959
feedback,P,word2vec_recipe_50_HOM_HALF,0.11966918,0.10845417,0.13956274,0.13915862,0.14878303,0.14832476
backyard,M,word2vec_recipe_50_HOM_HALF,0.24021879,0.26070535,0.27967334,0.29007593,0.2959479,0.29742315
luncheon,M,word2vec_recipe_50_HOM_HALF,0.328907,0.3438241,0.4029492,0.39356944,0.433154,0.4085042
cologne,M,word2vec_recipe_50_HOM_HALF,0.1658872,0.16432022,0.1914007,0.19030783,0.20443359,0.21404952
tool,P,word2vec_recipe_50_HOM_HALF,0.29232728,0.323572,0.3727929,0.36062843,0.39623052,0.3857131
conjure,P,word2vec_recipe_50_HOM_HALF,0.10337923,0.093827225,0.12239725,0.13127127,0.13101259,0.14573784
dependable,M,word2vec_recipe_50_HOM_HALF,0.2973974,0.27949154,0.3480611,0.30309445,0.3661306,0.30593312
stink,P,word2vec_recipe_50_HOM_HALF,0.1607227,0.14503846,0.18405385,0.16499566,0.19465381,0.17030616
goddess,P,word2vec_recipe_50_HOM_HALF,0.28581628,0.26749432,0.3303862,0.28086928,0.35113984,0.29006717
gender,P,word2vec_recipe_50_HOM_HALF,0.20639113,0.21114399,0.23841509,0.24236958,0.25075758,0.25220367
spare,P,word2vec_recipe_50_HOM_HALF,0.30612308,0.3067608,0.3794,0.33459044,0.40565678,0.33500692
impatient,P,word2vec_recipe_50_HOM_HALF,0.23933575,0.15490302,0.2720533,0.17946813,0.28566676,0.18643847
cock,H,word2vec_recipe_50_HOM_HALF,0.2620136,0.18613763,0.30009595,0.21135132,0.31338796,0.22200735
vital,P,word2vec_recipe_50_HOM_HALF,0.30612844,0.33894128,0.36688793,0.39185527,0.3931356,0.41867065
toothbrush,M,word2vec_recipe_50_HOM_HALF,0.22690368,0.25956517,0.2853004,0.32666472,0.3112588,0.3428356
booster,P,word2vec_recipe_50_HOM_HALF,0.2851505,0.23523015,0.3274787,0.2802145,0.34274498,0.28444695
dull,P,word2vec_recipe_50_HOM_HALF,0.40571547,0.4068873,0.4640542,0.4231598,0.48338544,0.43355107
pod,H,word2vec_recipe_50_HOM_HALF,0.35146123,0.4084376,0.45780668,0.5083794,0.4924188,0.524426
thrill,P,word2vec_recipe_50_HOM_HALF,0.13058202,0.13149221,0.15235624,0.14944763,0.16265796,0.16148439
patriotic,M,word2vec_recipe_50_HOM_HALF,0.2176219,0.232987,0.26150718,0.28419065,0.27878064,0.28770223
asbestos,P,word2vec_recipe_50_HOM_HALF,0.28000835,0.22903728,0.31547746,0.24081565,0.3299962,0.25690567
charge,P,word2vec_recipe_50_HOM_HALF,0.21103756,0.24504231,0.33568516,0.36058787,0.37236893,0.3857746
lullaby,P,word2vec_recipe_50_HOM_HALF,0.11834703,0.14717585,0.14083268,0.17681147,0.15014325,0.18600647
gruesome,M,word2vec_recipe_50_HOM_HALF,0.12776975,0.12746273,0.14742813,0.14000463,0.15663682,0.15544409
puke,P,word2vec_recipe_50_HOM_HALF,0.09725741,0.109464474,0.11510019,0.12808025,0.123706706,0.14126495
razor,P,word2vec_recipe_50_HOM_HALF,0.35712415,0.32277888,0.45039982,0.43303204,0.4819166,0.4851869
wall,P,word2vec_recipe_50_HOM_HALF,0.30284724,0.31530887,0.3536959,0.35212994,0.37109733,0.3478814
rowboat,M,word2vec_recipe_50_HOM_HALF,0.17803714,0.21180618,0.20694965,0.24238491,0.21818727,0.24930494
apparatus,P,word2vec_recipe_50_HOM_HALF,0.24744582,0.24832982,0.2941505,0.30827755,0.31100315,0.3000235
guitar,P,word2vec_recipe_50_HOM_HALF,0.20099938,0.18090318,0.23395622,0.22455584,0.25163382,0.2556513
wealth,P,word2vec_recipe_50_HOM_HALF,0.13635625,0.12958103,0.1594701,0.16071504,0.16979852,0.17671621
chip,H,word2vec_recipe_50_HOM_HALF,0.25540704,0.17526056,0.30252352,0.19932343,0.32431233,0.23039141
cocoa,P,word2vec_recipe_50_HOM_HALF,0.2990798,0.38933566,0.35600722,0.41472724,0.38170516,0.42306823
vote,P,word2vec_recipe_50_HOM_HALF,0.10066917,0.10932891,0.119485274,0.12329036,0.1280338,0.14103843
abandon,P,word2vec_recipe_50_HOM_HALF,0.15947369,0.1304211,0.18585739,0.15404172,0.19662495,0.1648888
overnight,P,word2vec_recipe_50_HOM_HALF,0.3024594,0.3560367,0.3975089,0.3959857,0.44139984,0.4213419
urban,P,word2vec_recipe_50_HOM_HALF,0.14547318,0.13442014,0.16960861,0.16984192,0.18006755,0.17900881
sorrow,P,word2vec_recipe_50_HOM_HALF,0.29553446,0.29747713,0.3991317,0.3563379,0.43518382,0.34587973
enlist,P,word2vec_recipe_50_HOM_HALF,0.12476556,0.12329268,0.14802162,0.1504739,0.15814365,0.15881467
stress,P,word2vec_recipe_50_HOM_HALF,0.24365826,0.1693126,0.2703864,0.1730869,0.2807552,0.18536854
runny,P,word2vec_recipe_50_HOM_HALF,0.27523914,0.2969322,0.33487746,0.30709696,0.36106855,0.32220125
pine,H,word2vec_recipe_50_HOM_HALF,0.30082583,0.34668168,0.38259262,0.42690903,0.4137333,0.45042765
covert,P,word2vec_recipe_50_HOM_HALF,0.21252859,0.240619,0.2450604,0.27276176,0.25903493,0.28569844
knockout,P,word2vec_recipe_50_HOM_HALF,0.19061589,0.21026377,0.22081803,0.2387321,0.23314428,0.25014764
sunset,P,word2vec_recipe_50_HOM_HALF,0.27582306,0.22361404,0.313242,0.26879138,0.32860282,0.2829026
salty,P,word2vec_recipe_50_HOM_HALF,0.3150869,0.29346442,0.3620302,0.29091197,0.379682,0.29008123
renowned,M,word2vec_recipe_50_HOM_HALF,0.11741209,0.129095,0.13920769,0.15359582,0.14964132,0.16801406
hazard,P,word2vec_recipe_50_HOM_HALF,0.15773174,0.16157745,0.19102995,0.18398522,0.20373392,0.19206044
vertical,P,word2vec_recipe_50_HOM_HALF,0.22677116,0.27886257,0.2886348,0.32774323,0.31157482,0.34272447
glimpse,P,word2vec_recipe_50_HOM_HALF,0.10087128,0.1087891,0.11853738,0.12921198,0.12690018,0.13987446
membrane,P,word2vec_recipe_50_HOM_HALF,0.2783781,0.3245568,0.35907012,0.36709124,0.39075428,0.39532638
structural,P,word2vec_recipe_50_HOM_HALF,0.17950101,0.16851814,0.21294694,0.18582742,0.22721797,0.19986786
foam,P,word2vec_recipe_50_HOM_HALF,0.34347525,0.4350723,0.42677894,0.45829776,0.45589805,0.457963
sensor,M,word2vec_recipe_50_HOM_HALF,0.17296389,0.18785694,0.19740802,0.20603254,0.20763166,0.2122158
temporary,P,word2vec_recipe_50_HOM_HALF,0.18278906,0.16316776,0.20578526,0.17465428,0.21676083,0.18195774
preacher,M,word2vec_recipe_50_HOM_HALF,0.17209557,0.15237898,0.20662084,0.18544294,0.22180748,0.19414674
blush,P,word2vec_recipe_50_HOM_HALF,0.30842477,0.3600765,0.36350596,0.38642183,0.38316333,0.38467184
mend,P,word2vec_recipe_50_HOM_HALF,0.20670995,0.22280793,0.24519058,0.24699976,0.2619427,0.2625044
kick,P,word2vec_recipe_50_HOM_HALF,0.30774122,0.35686675,0.37085807,0.3562599,0.3912115,0.35617256
tough,P,word2vec_recipe_50_HOM_HALF,0.30775917,0.3204467,0.40571496,0.36408153,0.44767988,0.42352197
local,P,word2vec_recipe_50_HOM_HALF,0.23675314,0.29290843,0.3045657,0.3372607,0.32999256,0.3211814
spy,P,word2vec_recipe_50_HOM_HALF,0.17388324,0.20871136,0.23573723,0.24379866,0.25553527,0.24740998
moist,P,word2vec_recipe_50_HOM_HALF,0.389561,0.36400023,0.45498866,0.41024634,0.4828083,0.43506542
coat,P,word2vec_recipe_50_HOM_HALF,0.40417323,0.4253679,0.46822202,0.4263048,0.49158227,0.41618863
penicillin,M,word2vec_recipe_50_HOM_HALF,0.17924218,0.1763562,0.20428324,0.19502369,0.2149097,0.20215254
broom,P,word2vec_recipe_50_HOM_HALF,0.25784513,0.25713548,0.3071727,0.2835921,0.32826817,0.2974031
scar,P,word2vec_recipe_50_HOM_HALF,0.17718883,0.21242307,0.21342562,0.257877,0.23171654,0.28463602
surgical,P,word2vec_recipe_50_HOM_HALF,0.1948287,0.24893768,0.24938677,0.26325455,0.26832736,0.27247626
alcoholic,P,word2vec_recipe_50_HOM_HALF,0.23076868,0.2069282,0.27639169,0.25304115,0.29669183,0.27746367
britches,M,word2vec_recipe_50_HOM_HALF,0.20916411,0.21950543,0.24081726,0.23703243,0.2522905,0.24395335
execution,P,word2vec_recipe_50_HOM_HALF,0.07742904,0.094065756,0.0942001,0.11872449,0.10237366,0.13245064
pound,H,word2vec_recipe_50_HOM_HALF,0.4314745,0.4715142,0.5097801,0.4949578,0.53633714,0.44848585
tobacco,P,word2vec_recipe_50_HOM_HALF,0.3006302,0.31331515,0.3508827,0.36272392,0.37173507,0.39055485
unicorn,M,word2vec_recipe_50_HOM_HALF,0.16309066,0.19852516,0.20941633,0.25320494,0.23137386,0.28630355
tidy,P,word2vec_recipe_50_HOM_HALF,0.26366276,0.25963515,0.3092124,0.28410366,0.3286216,0.3080565
metallic,P,word2vec_recipe_50_HOM_HALF,0.3842363,0.41133803,0.45828983,0.49147755,0.4796566,0.47443956
appeal,P,word2vec_recipe_50_HOM_HALF,0.25742847,0.2598433,0.29978013,0.262183,0.31712312,0.2629533
assurance,P,word2vec_recipe_50_HOM_HALF,0.296249,0.2999285,0.34537175,0.32799476,0.36384186,0.3287893
declare,P,word2vec_recipe_50_HOM_HALF,0.09284834,0.10293948,0.106521256,0.12153324,0.11461275,0.13389859
wild,P,word2vec_recipe_50_HOM_HALF,0.32094574,0.37797084,0.38318485,0.37645885,0.4049505,0.38239774
detect,P,word2vec_recipe_50_HOM_HALF,0.21741645,0.20059285,0.24878767,0.22419108,0.26215342,0.24265644
popcorn,P,word2vec_recipe_50_HOM_HALF,0.31960338,0.3637849,0.44142094,0.44994628,0.47737724,0.45329693
chicken,P,word2vec_recipe_50_HOM_HALF,0.2646624,0.34435436,0.36815625,0.44849423,0.406959,0.44069013
cloud,P,word2vec_recipe_50_HOM_HALF,0.35658294,0.33650267,0.40534228,0.34895656,0.42126632,0.34179345
saucer,M,word2vec_recipe_50_HOM_HALF,0.38536924,0.39990848,0.4562913,0.43498325,0.48130476,0.45856783
notch,P,word2vec_recipe_50_HOM_HALF,0.37423593,0.31144992,0.41837472,0.33376902,0.4363342,0.34589955
nipple,P,word2vec_recipe_50_HOM_HALF,0.16875584,0.18850823,0.19845058,0.23240344,0.21073253,0.25482172
reborn,P,word2vec_recipe_50_HOM_HALF,0.16493155,0.19049557,0.19341941,0.22916777,0.20593357,0.24057083
immigrant,P,word2vec_recipe_50_HOM_HALF,0.13915715,0.15140945,0.15828834,0.16971438,0.16739833,0.17979082
madness,P,word2vec_recipe_50_HOM_HALF,0.21606429,0.19431482,0.25361347,0.23303321,0.2673136,0.24360684
plate,P,word2vec_recipe_50_HOM_HALF,0.35816652,0.38248053,0.45664367,0.4364777,0.4871253,0.43682975
silly,P,word2vec_recipe_50_HOM_HALF,0.24246141,0.23541586,0.27427733,0.22971192,0.2886298,0.2300241
tumble,P,word2vec_recipe_50_HOM_HALF,0.40146208,0.4663286,0.4724117,0.49629247,0.49638313,0.49656904
raisin,M,word2vec_recipe_50_HOM_HALF,0.26880753,0.3692978,0.33731437,0.33437768,0.3629517,0.32588875
customary,P,word2vec_recipe_50_HOM_HALF,0.21208847,0.15834388,0.24304783,0.19699216,0.25459343,0.19201496
trumpet,P,word2vec_recipe_50_HOM_HALF,0.25569683,0.30741677,0.33076078,0.3870027,0.35968962,0.39121976
squirrel,P,word2vec_recipe_50_HOM_HALF,0.2947536,0.3752483,0.3857748,0.43891475,0.42184147,0.44725943
suspend,P,word2vec_recipe_50_HOM_HALF,0.34464365,0.30992115,0.41345683,0.41998076,0.44274262,0.4403962
exchange,P,word2vec_recipe_50_HOM_HALF,0.28702807,0.26457238,0.37993625,0.20882642,0.40355453,0.19732241
flavor,P,word2vec_recipe_50_HOM_HALF,0.22662166,0.24909632,0.2851981,0.29297146,0.31139302,0.29862565
glass,P,word2vec_recipe_50_HOM_HALF,0.28811967,0.28481865,0.3643648,0.38750318,0.39544925,0.40752828
bunch,P,word2vec_recipe_50_HOM_HALF,0.33634493,0.39532128,0.40233362,0.42517325,0.4313091,0.43749222
inspect,P,word2vec_recipe_50_HOM_HALF,0.3735481,0.38931468,0.43226796,0.4384384,0.45354682,0.45489326
bum,P,word2vec_recipe_50_HOM_HALF,0.23537703,0.2392121,0.30398774,0.33447084,0.33093402,0.35533547
large,P,word2vec_recipe_50_HOM_HALF,0.288675,0.3950193,0.41991395,0.49083242,0.4601411,0.48384014
variety,P,word2vec_recipe_50_HOM_HALF,0.25949615,0.3373455,0.3338865,0.37567982,0.36026734,0.3744932
meantime,P,word2vec_recipe_50_HOM_HALF,0.4336001,0.47148514,0.4992128,0.46025962,0.51934105,0.4603126
princess,P,word2vec_recipe_50_HOM_HALF,0.22033322,0.2357167,0.2545198,0.24826367,0.26714376,0.24837132
suitable,M,word2vec_recipe_50_HOM_HALF,0.400706,0.42584324,0.46280873,0.4639502,0.4842569,0.47069126
default,P,word2vec_recipe_50_HOM_HALF,0.20366088,0.20977928,0.23861924,0.23522048,0.25194916,0.2380456
shield,P,word2vec_recipe_50_HOM_HALF,0.3555265,0.40056664,0.44201058,0.4270064,0.47256765,0.43703696
propose,P,word2vec_recipe_50_HOM_HALF,0.09790151,0.10611601,0.115816504,0.13156691,0.12357107,0.14208758
rod,P,word2vec_recipe_50_HOM_HALF,0.34050798,0.3085242,0.39534718,0.33301353,0.4171152,0.35769296
gutter,P,word2vec_recipe_50_HOM_HALF,0.1713211,0.2082418,0.2043598,0.23752125,0.2190752,0.24612498
grapefruit,P,word2vec_recipe_50_HOM_HALF,0.21909317,0.275897,0.31047437,0.38211817,0.34900773,0.4030566
chaos,P,word2vec_recipe_50_HOM_HALF,0.12473472,0.13063768,0.1464099,0.15685494,0.1553427,0.16571553
bus,H,word2vec_recipe_50_HOM_HALF,0.20608702,0.21489076,0.23853281,0.26402444,0.25392008,0.28029698
scooter,P,word2vec_recipe_50_HOM_HALF,0.18063791,0.18750688,0.20699489,0.21389599,0.21901585,0.2254462
rink,P,word2vec_recipe_50_HOM_HALF,0.17543474,0.19381951,0.21577281,0.2396194,0.23561905,0.26617193
round,P,word2vec_recipe_50_HOM_HALF,0.28446034,0.29630855,0.327954,0.3002054,0.3475503,0.31024095
hamper,H,word2vec_recipe_50_HOM_HALF,0.17308715,0.15553947,0.19667518,0.18070853,0.20600006,0.19161145
pressure,P,word2vec_recipe_50_HOM_HALF,0.31768215,0.36168754,0.4189351,0.45344418,0.46575928,0.4876166
wacky,M,word2vec_recipe_50_HOM_HALF,0.16973865,0.1470275,0.21897398,0.1864614,0.23763412,0.19966619
allow,P,word2vec_recipe_50_HOM_HALF,0.38618186,0.40919736,0.4717023,0.351952,0.4954049,0.35502702
withhold,P,word2vec_recipe_50_HOM_HALF,0.23489936,0.2367912,0.27042177,0.26664853,0.28509274,0.28152794
colony,P,word2vec_recipe_50_HOM_HALF,0.13452396,0.12914506,0.15310462,0.15316181,0.16078934,0.16420087
squeak,P,word2vec_recipe_50_HOM_HALF,0.3836745,0.40315872,0.43101135,0.4090493,0.44858316,0.39904904
halfway,P,word2vec_recipe_50_HOM_HALF,0.40724665,0.43322545,0.5027881,0.45817065,0.52748084,0.4428669
forward,P,word2vec_recipe_50_HOM_HALF,0.3111362,0.31786978,0.37031287,0.35981074,0.39324805,0.37662768
assess,P,word2vec_recipe_50_HOM_HALF,0.23641272,0.22198229,0.26842612,0.2364622,0.28261113,0.23260987
metal,P,word2vec_recipe_50_HOM_HALF,0.3931035,0.43914643,0.45142972,0.50063044,0.47625983,0.5100767
drummer,P,word2vec_recipe_50_HOM_HALF,0.16627982,0.1863318,0.19193909,0.2137232,0.20514809,0.22967473
strategy,P,word2vec_recipe_50_HOM_HALF,0.11864166,0.11525879,0.13570817,0.14182027,0.14405286,0.14876363
hippie,M,word2vec_recipe_50_HOM_HALF,0.16524902,0.16934147,0.19115938,0.19337574,0.20138189,0.20054293
farewell,P,word2vec_recipe_50_HOM_HALF,0.11556727,0.13005978,0.13447244,0.15815476,0.14364061,0.17171381
fly,H,word2vec_recipe_50_HOM_HALF,0.35599276,0.37721747,0.40830615,0.36181772,0.42596015,0.35563868
scroll,P,word2vec_recipe_50_HOM_HALF,0.20249853,0.2043858,0.23924264,0.24757057,0.2544643,0.26666915
bowl,H,word2vec_recipe_50_HOM_HALF,0.40322918,0.40400162,0.4847265,0.44949833,0.5115615,0.45182917
lounge,P,word2vec_recipe_50_HOM_HALF,0.16225646,0.18557249,0.18977511,0.20740181,0.20112874,0.22056273
meatball,P,word2vec_recipe_50_HOM_HALF,0.34832495,0.40609097,0.42555064,0.45823446,0.45145145,0.44662684
emperor,M,word2vec_recipe_50_HOM_HALF,0.14475289,0.17345247,0.19775386,0.25009874,0.22361717,0.28427202
sketch,P,word2vec_recipe_50_HOM_HALF,0.16256168,0.1902182,0.19128643,0.2359086,0.20447987,0.2555687
network,P,word2vec_recipe_50_HOM_HALF,0.3096551,0.3578688,0.43409386,0.36188546,0.46900445,0.34697467
throttle,P,word2vec_recipe_50_HOM_HALF,0.18933775,0.17720562,0.21794721,0.20494995,0.22945923,0.21561621
pregnancy,M,word2vec_recipe_50_HOM_HALF,0.1431748,0.13844082,0.1718205,0.17448013,0.18417402,0.18652382
breed,P,word2vec_recipe_50_HOM_HALF,0.17222898,0.17684993,0.19642802,0.18675068,0.20655218,0.19392781
flexible,P,word2vec_recipe_50_HOM_HALF,0.35521024,0.32810238,0.43412048,0.40567467,0.4560431,0.4085913
pillar,P,word2vec_recipe_50_HOM_HALF,0.20721789,0.23780149,0.23551281,0.26145083,0.24700971,0.27066696
continuous,M,word2vec_recipe_50_HOM_HALF,0.35844332,0.4110504,0.43515033,0.45929107,0.46198967,0.4644002
barn,M,word2vec_recipe_50_HOM_HALF,0.24420194,0.19434656,0.2840751,0.2483794,0.3043536,0.2786145
dinnertime,M,word2vec_recipe_50_HOM_HALF,0.33648768,0.3181594,0.38584244,0.3599427,0.40466905,0.35334885
latch,P,word2vec_recipe_50_HOM_HALF,0.25954452,0.31526682,0.33992887,0.38813663,0.36579072,0.39692727
bride,H,word2vec_recipe_50_HOM_HALF,0.20367703,0.20521984,0.23250328,0.21764567,0.24450676,0.22570102
announce,P,word2vec_recipe_50_HOM_HALF,0.13504764,0.14227521,0.15550569,0.16551393,0.16523243,0.17551126
appear,P,word2vec_recipe_50_HOM_HALF,0.39623055,0.47803637,0.46699426,0.47013876,0.49286816,0.44952545
complete,P,word2vec_recipe_50_HOM_HALF,0.33744735,0.3001851,0.40469098,0.32509086,0.42582053,0.35049573
delightful,M,word2vec_recipe_50_HOM_HALF,0.21505392,0.25776196,0.28014657,0.32851073,0.3051551,0.34510085
coronary,P,word2vec_recipe_50_HOM_HALF,0.11761341,0.1301196,0.13932325,0.15239649,0.14907049,0.17078213
epiphany,P,word2vec_recipe_50_HOM_HALF,0.114776775,0.1320768,0.13547604,0.1575714,0.14511433,0.16976394
accordion,P,word2vec_recipe_50_HOM_HALF,0.27261955,0.27530488,0.3403394,0.32393593,0.3637397,0.3391772
plaque,P,word2vec_recipe_50_HOM_HALF,0.21030116,0.21521015,0.25136578,0.26019698,0.27078325,0.28538242
replica,P,word2vec_recipe_50_HOM_HALF,0.16352578,0.16939029,0.18745236,0.18895768,0.19787984,0.19917534
cowboy,P,word2vec_recipe_50_HOM_HALF,0.26946503,0.28069296,0.3084984,0.25699434,0.32458392,0.2516038
crust,P,word2vec_recipe_50_HOM_HALF,0.29328492,0.36467752,0.38711062,0.4369998,0.42228684,0.44981903
tequila,M,word2vec_recipe_50_HOM_HALF,0.20586845,0.21117733,0.2706712,0.24834904,0.30218732,0.2800515
bag,P,word2vec_recipe_50_HOM_HALF,0.17510377,0.19414383,0.2951814,0.30842203,0.3710906,0.39658713
scarce,P,word2vec_recipe_50_HOM_HALF,0.16477206,0.14850418,0.1895149,0.17657837,0.20064375,0.18312672
brewery,M,word2vec_recipe_50_HOM_HALF,0.17284112,0.16000378,0.196132,0.17858289,0.2072423,0.19058286
ornament,P,word2vec_recipe_50_HOM_HALF,0.25765106,0.27899835,0.30516294,0.29040027,0.32803342,0.30720064
fancy,P,word2vec_recipe_50_HOM_HALF,0.27673525,0.29873767,0.32876694,0.31967616,0.34912747,0.3317364
likelihood,P,word2vec_recipe_50_HOM_HALF,0.19652891,0.17701262,0.22934115,0.20756076,0.24352352,0.22003503
bind,P,word2vec_recipe_50_HOM_HALF,0.41909188,0.5053831,0.49110103,0.49957827,0.5145053,0.48998165
dorm,M,word2vec_recipe_50_HOM_HALF,0.1906844,0.17328578,0.22340623,0.20309442,0.23612066,0.21276021
cranky,P,word2vec_recipe_50_HOM_HALF,0.112907305,0.12681042,0.13331549,0.14763753,0.14235307,0.1647814
diploma,M,word2vec_recipe_50_HOM_HALF,0.17073952,0.20335016,0.20436314,0.26298997,0.2216167,0.28650707
rhythmic,M,word2vec_recipe_50_HOM_HALF,0.19438252,0.24656421,0.23920055,0.27975318,0.2573776,0.28484833
forecast,P,word2vec_recipe_50_HOM_HALF,0.13487956,0.15354769,0.15786141,0.1742922,0.16709095,0.182931
mambo,P,word2vec_recipe_50_HOM_HALF,0.09558131,0.12258975,0.11235853,0.14918485,0.12084183,0.15976587
complicate,P,word2vec_recipe_50_HOM_HALF,0.092864394,0.0985401,0.11085528,0.12689298,0.119038336,0.13750425
stroll,P,word2vec_recipe_50_HOM_HALF,0.108409345,0.098501824,0.12653339,0.13119926,0.13508315,0.14418255
comet,M,word2vec_recipe_50_HOM_HALF,0.20974195,0.22113343,0.24148302,0.24539119,0.25413144,0.2680894
mocha,P,word2vec_recipe_50_HOM_HALF,0.23892693,0.2783523,0.29432002,0.31652933,0.31879416,0.3243382
situation,P,word2vec_recipe_50_HOM_HALF,0.19201016,0.1388599,0.21828064,0.16738644,0.22882012,0.17439145
missionary,P,word2vec_recipe_50_HOM_HALF,0.14125493,0.17220867,0.16708608,0.19705272,0.17770284,0.21026611
glucose,P,word2vec_recipe_50_HOM_HALF,0.36947486,0.4096859,0.4221472,0.46097198,0.4442073,0.46382472
paste,H,word2vec_recipe_50_HOM_HALF,0.29952538,0.24869263,0.37065706,0.30902755,0.3996022,0.3420081
drawer,P,word2vec_recipe_50_HOM_HALF,0.3161699,0.3007584,0.3599368,0.31855917,0.3780671,0.31770384
skill,P,word2vec_recipe_50_HOM_HALF,0.31881618,0.21507815,0.3532535,0.21648154,0.36539298,0.21676692
dominate,P,word2vec_recipe_50_HOM_HALF,0.16053951,0.15297012,0.19228283,0.19164126,0.20581749,0.20115487
join,P,word2vec_recipe_50_HOM_HALF,0.29514447,0.31010693,0.34954274,0.34003925,0.37229744,0.35739765
tout,P,word2vec_recipe_50_HOM_HALF,0.26364928,0.2684468,0.31473592,0.32343197,0.33331594,0.32854804
sequence,P,word2vec_recipe_50_HOM_HALF,0.3395452,0.38511002,0.41909045,0.46416634,0.44878256,0.4596908
deliver,P,word2vec_recipe_50_HOM_HALF,0.20151713,0.17473519,0.2348054,0.19708255,0.2490859,0.20000637
succeed,P,word2vec_recipe_50_HOM_HALF,0.09790473,0.100594655,0.12008057,0.12413268,0.130488,0.14065845
snip,P,word2vec_recipe_50_HOM_HALF,0.36336705,0.38471478,0.44188648,0.44108057,0.46962094,0.4546603
vegetable,P,word2vec_recipe_50_HOM_HALF,0.35018855,0.38063848,0.41803727,0.33572978,0.44001046,0.33546433
worthy,P,word2vec_recipe_50_HOM_HALF,0.18309596,0.1810593,0.2105711,0.19982785,0.22255105,0.20782337
pillow,P,word2vec_recipe_50_HOM_HALF,0.29779935,0.31366187,0.34726644,0.3368023,0.3679694,0.35142514
lap,H,word2vec_recipe_50_HOM_HALF,0.33616963,0.32380405,0.3940244,0.3498475,0.41417488,0.3579328
corn,H,word2vec_recipe_50_HOM_HALF,0.3270517,0.3946077,0.4065292,0.43534908,0.43851236,0.42182052
farmer,M,word2vec_recipe_50_HOM_HALF,0.3207986,0.297573,0.35979515,0.27664733,0.37272704,0.2760977
sleeve,P,word2vec_recipe_50_HOM_HALF,0.38652277,0.43329605,0.46219337,0.47667265,0.4864924,0.4741842
wad,P,word2vec_recipe_50_HOM_HALF,0.34680334,0.3291844,0.42800593,0.4031975,0.45623016,0.44106728
addiction,M,word2vec_recipe_50_HOM_HALF,0.21056,0.21852995,0.26298028,0.2284073,0.2829826,0.23984265
cosmic,P,word2vec_recipe_50_HOM_HALF,0.11608462,0.1310878,0.13593344,0.15620682,0.14610536,0.1701905
chunky,P,word2vec_recipe_50_HOM_HALF,0.33571702,0.34110105,0.42345658,0.45522758,0.45406333,0.47706524
funky,H,word2vec_recipe_50_HOM_HALF,0.27639252,0.29301003,0.32202205,0.32853726,0.33724323,0.33014977
pet,H,word2vec_recipe_50_HOM_HALF,0.32715848,0.37075692,0.417241,0.42916104,0.44327432,0.4306822
confuse,P,word2vec_recipe_50_HOM_HALF,0.20945919,0.14906272,0.23523234,0.17260249,0.24641947,0.18314624
persuasion,P,word2vec_recipe_50_HOM_HALF,0.11505749,0.11874108,0.13175519,0.13830803,0.13952175,0.15144894
innocent,P,word2vec_recipe_50_HOM_HALF,0.1362458,0.14874241,0.1605384,0.1650108,0.1712196,0.17645127
tragic,P,word2vec_recipe_50_HOM_HALF,0.094854295,0.10339984,0.11512093,0.13615116,0.12489159,0.14760444
register,P,word2vec_recipe_50_HOM_HALF,0.23874736,0.23526248,0.29652858,0.24465358,0.34067145,0.30002877
slump,P,word2vec_recipe_50_HOM_HALF,0.38703445,0.41088843,0.45424613,0.46703497,0.48088577,0.4564749
scarf,H,word2vec_recipe_50_HOM_HALF,0.20480695,0.18320328,0.25774744,0.24165474,0.2846105,0.28053227
marmalade,M,word2vec_recipe_50_HOM_HALF,0.31186503,0.3683928,0.38894385,0.4076686,0.41390046,0.4316644
consume,P,word2vec_recipe_50_HOM_HALF,0.3091776,0.23801339,0.34238136,0.24233274,0.35472724,0.24804488
rice,P,word2vec_recipe_50_HOM_HALF,0.29031938,0.357945,0.366651,0.40683356,0.39920694,0.40711907
pitcher,H,word2vec_recipe_50_HOM_HALF,0.23998022,0.2849934,0.30287945,0.3279875,0.3332111,0.35137293
sterile,P,word2vec_recipe_50_HOM_HALF,0.21005896,0.2597817,0.3602372,0.38771918,0.42611045,0.44920465
suffer,P,word2vec_recipe_50_HOM_HALF,0.17486218,0.15393038,0.20303632,0.17978223,0.21431057,0.18729226
logic,P,word2vec_recipe_50_HOM_HALF,0.18525226,0.17256187,0.21390688,0.19997744,0.22479764,0.20344876
sling,H,word2vec_recipe_50_HOM_HALF,0.42779255,0.44153237,0.47244126,0.4409328,0.48796758,0.46619484
intensive,P,word2vec_recipe_50_HOM_HALF,0.14001547,0.13719533,0.1669904,0.15041941,0.17854819,0.15944049
diabetic,P,word2vec_recipe_50_HOM_HALF,0.28072685,0.3644878,0.3278584,0.32640144,0.34469482,0.31315565
lobby,P,word2vec_recipe_50_HOM_HALF,0.100266255,0.124039076,0.12169359,0.14515068,0.13109468,0.15221758
furniture,M,word2vec_recipe_50_HOM_HALF,0.19794498,0.2187103,0.25511804,0.27809444,0.2783827,0.29608014
standard,P,word2vec_recipe_50_HOM_HALF,0.2926205,0.2225246,0.37643325,0.3184912,0.41790175,0.39839453
lash,H,word2vec_recipe_50_HOM_HALF,0.2031275,0.24408673,0.23062931,0.26533812,0.24193397,0.28282362
destroy,P,word2vec_recipe_50_HOM_HALF,0.28121108,0.28433102,0.32120636,0.26026526,0.33754155,0.26043046
jug,P,word2vec_recipe_50_HOM_HALF,0.31680113,0.34322366,0.38713098,0.4296938,0.41350704,0.44603834
champion,P,word2vec_recipe_50_HOM_HALF,0.19550963,0.17260179,0.2282028,0.21507314,0.24262649,0.22555347
guide,P,word2vec_recipe_50_HOM_HALF,0.32125852,0.3121555,0.3801054,0.3336236,0.398828,0.35645813
plank,P,word2vec_recipe_50_HOM_HALF,0.31132418,0.39770755,0.4038358,0.462521,0.43665153,0.48993737
compatible,P,word2vec_recipe_50_HOM_HALF,0.17109224,0.1871758,0.1999702,0.18016002,0.21169572,0.18266109
plug,P,word2vec_recipe_50_HOM_HALF,0.34904775,0.37613076,0.4130584,0.4433516,0.44023326,0.45572612
volunteer,P,word2vec_recipe_50_HOM_HALF,0.10052399,0.11446474,0.120408274,0.13366406,0.13131402,0.15059665
hearty,P,word2vec_recipe_50_HOM_HALF,0.27969566,0.34417564,0.3406004,0.40066686,0.36536086,0.3906675
wool,P,word2vec_recipe_50_HOM_HALF,0.25200364,0.26944205,0.2920849,0.30386713,0.3120798,0.32393092
divine,P,word2vec_recipe_50_HOM_HALF,0.25128797,0.26071396,0.33440983,0.34449512,0.36304635,0.3606724
ideal,P,word2vec_recipe_50_HOM_HALF,0.30364937,0.35135695,0.3531816,0.31473112,0.36953002,0.304548
mystical,P,word2vec_recipe_50_HOM_HALF,0.14764619,0.16859592,0.17060593,0.18400522,0.18069813,0.20215823
swordfish,M,word2vec_recipe_50_HOM_HALF,0.21766667,0.26440877,0.31013277,0.38261583,0.3455131,0.38815895
fatigue,P,word2vec_recipe_50_HOM_HALF,0.16156407,0.17775992,0.19858389,0.19868195,0.2161173,0.21628223
exception,P,word2vec_recipe_50_HOM_HALF,0.40236506,0.44771904,0.47587287,0.47645015,0.50092185,0.4821652
department,P,word2vec_recipe_50_HOM_HALF,0.23083726,0.21301067,0.2799803,0.25245053,0.30200514,0.26634473
chaser,P,word2vec_recipe_50_HOM_HALF,0.18674855,0.20460251,0.22001232,0.23833063,0.23580433,0.26227006
coherent,P,word2vec_recipe_50_HOM_HALF,0.15209945,0.1682607,0.21173026,0.24553889,0.24255306,0.26965123
corny,P,word2vec_recipe_50_HOM_HALF,0.24145894,0.21945195,0.28232944,0.24009074,0.29805958,0.24792255
formation,P,word2vec_recipe_50_HOM_HALF,0.3756864,0.42552733,0.43497947,0.4108875,0.454976,0.4095372
planner,P,word2vec_recipe_50_HOM_HALF,0.14079218,0.14463948,0.16188097,0.15257637,0.17224789,0.16708823
marker,P,word2vec_recipe_50_HOM_HALF,0.24405631,0.23364381,0.296413,0.26273498,0.31886905,0.28675297
prune,H,word2vec_recipe_50_HOM_HALF,0.3140157,0.37930813,0.40219727,0.4166213,0.43131503,0.39399847
patriot,M,word2vec_recipe_50_HOM_HALF,0.110290006,0.13981381,0.12621903,0.16251738,0.13359113,0.17021818
gain,P,word2vec_recipe_50_HOM_HALF,0.34432414,0.32748023,0.39161354,0.3370563,0.4096468,0.33576742
scalp,P,word2vec_recipe_50_HOM_HALF,0.20355885,0.22051686,0.25519753,0.26585314,0.2778918,0.2776635
bottle,P,word2vec_recipe_50_HOM_HALF,0.28797737,0.28845456,0.362833,0.3847532,0.3947619,0.42190263
mention,P,word2vec_recipe_50_HOM_HALF,0.17647538,0.14822334,0.2056931,0.16033162,0.21777138,0.17186064
glee,P,word2vec_recipe_50_HOM_HALF,0.16534767,0.18541622,0.19137554,0.22146502,0.20335904,0.2224669
childhood,M,word2vec_recipe_50_HOM_HALF,0.16911009,0.16429903,0.19780356,0.1756469,0.21134555,0.19037217
shake,P,word2vec_recipe_50_HOM_HALF,0.36832827,0.42313287,0.43478888,0.45122394,0.46246952,0.48301554
limb,H,word2vec_recipe_50_HOM_HALF,0.14297526,0.16511688,0.17072512,0.1909883,0.18158458,0.19248338
qualify,P,word2vec_recipe_50_HOM_HALF,0.10160579,0.10196888,0.120689504,0.124350585,0.12985657,0.13770239
voodoo,P,word2vec_recipe_50_HOM_HALF,0.21084766,0.19686188,0.24344628,0.21806373,0.25803116,0.22951616
monthly,P,word2vec_recipe_50_HOM_HALF,0.12061199,0.11911013,0.14531998,0.14584796,0.15666224,0.1602525
property,P,word2vec_recipe_50_HOM_HALF,0.22241971,0.20498385,0.27026042,0.21727422,0.28878948,0.22482117
sundae,M,word2vec_recipe_50_HOM_HALF,0.2938766,0.34528354,0.35233852,0.33116913,0.37562987,0.33639053
fashion,P,word2vec_recipe_50_HOM_HALF,0.35231328,0.37328842,0.4198206,0.374279,0.44243872,0.3829795
copper,P,word2vec_recipe_50_HOM_HALF,0.40877748,0.43461552,0.4883329,0.47816867,0.51396465,0.4615705
hammer,P,word2vec_recipe_50_HOM_HALF,0.3197178,0.40078858,0.43898886,0.49736285,0.48112598,0.51530504
bumper,P,word2vec_recipe_50_HOM_HALF,0.19947203,0.19170795,0.22815359,0.2118619,0.23929513,0.21718179
unknown,P,word2vec_recipe_50_HOM_HALF,0.18021354,0.16140564,0.21112828,0.17969178,0.22412212,0.19266196
press,H,word2vec_recipe_50_HOM_HALF,0.35226315,0.43487749,0.44503173,0.4489951,0.47456893,0.4562592
smoker,P,word2vec_recipe_50_HOM_HALF,0.30555928,0.33667287,0.388773,0.40173006,0.42919648,0.4493379
formula,P,word2vec_recipe_50_HOM_HALF,0.2954882,0.26540858,0.33798555,0.28428668,0.35276717,0.28970104
conversion,P,word2vec_recipe_50_HOM_HALF,0.19413373,0.20822006,0.23685497,0.22250952,0.2521371,0.23167527
aviation,M,word2vec_recipe_50_HOM_HALF,0.10273588,0.12750585,0.14415501,0.18674794,0.16720125,0.22026417
chase,H,word2vec_recipe_50_HOM_HALF,0.23930857,0.22061568,0.2765692,0.22985063,0.29044276,0.24441919
user,P,word2vec_recipe_50_HOM_HALF,0.2606328,0.2573217,0.312313,0.3017499,0.33048618,0.29842257
insect,P,word2vec_recipe_50_HOM_HALF,0.16708258,0.1455211,0.19724129,0.1845491,0.21109577,0.1986291
escape,P,word2vec_recipe_50_HOM_HALF,0.35466045,0.4281269,0.45839322,0.47336802,0.4928492,0.46557373
gag,H,word2vec_recipe_50_HOM_HALF,0.10177431,0.10874769,0.12024107,0.13458951,0.12830557,0.14178133
lifeless,P,word2vec_recipe_50_HOM_HALF,0.106156155,0.12009737,0.12554409,0.14326535,0.13471219,0.15641582
hubby,M,word2vec_recipe_50_HOM_HALF,0.18190983,0.20521308,0.22329268,0.21537344,0.24023572,0.21505703
sunrise,P,word2vec_recipe_50_HOM_HALF,0.27436474,0.22699845,0.31445315,0.2538507,0.3327095,0.2690006
refresh,P,word2vec_recipe_50_HOM_HALF,0.2999273,0.37910393,0.40596402,0.45374945,0.44817275,0.47315043
troll,H,word2vec_recipe_50_HOM_HALF,0.14246082,0.14392889,0.16245694,0.17203511,0.1713631,0.185503
snowy,P,word2vec_recipe_50_HOM_HALF,0.4025322,0.40785384,0.44899616,0.42228198,0.46609002,0.43248653
breath,P,word2vec_recipe_50_HOM_HALF,0.2916326,0.28875172,0.34093162,0.27511942,0.35995317,0.2875162
straighten,P,word2vec_recipe_50_HOM_HALF,0.28132215,0.2636224,0.31787297,0.2907644,0.3338671,0.29688793
organism,P,word2vec_recipe_50_HOM_HALF,0.12375007,0.11319586,0.14645986,0.1414366,0.15668958,0.15290235
delay,P,word2vec_recipe_50_HOM_HALF,0.33902708,0.3038376,0.39918506,0.32863387,0.41992232,0.33324444
exterior,P,word2vec_recipe_50_HOM_HALF,0.35785243,0.43517154,0.43317837,0.4254161,0.45644188,0.4323589
cockpit,P,word2vec_recipe_50_HOM_HALF,0.20578715,0.22394764,0.23850338,0.26350042,0.2520413,0.27880844
thoughtful,P,word2vec_recipe_50_HOM_HALF,0.10583587,0.11517956,0.124646224,0.13612229,0.13480969,0.14994855
sage,H,word2vec_recipe_50_HOM_HALF,0.2701211,0.29110348,0.35597625,0.35890996,0.3847555,0.38494414
twig,M,word2vec_recipe_50_HOM_HALF,0.27975097,0.34482735,0.3493331,0.4052924,0.37505385,0.4183507
shrine,P,word2vec_recipe_50_HOM_HALF,0.16917329,0.19954373,0.19490683,0.22954756,0.20739199,0.24623872
creepy,P,word2vec_recipe_50_HOM_HALF,0.22907706,0.24316984,0.2777841,0.29325703,0.2986586,0.3074812
cinch,P,word2vec_recipe_50_HOM_HALF,0.26703686,0.22983703,0.30224046,0.25095367,0.31591916,0.26216686
garbage,P,word2vec_recipe_50_HOM_HALF,0.3119108,0.36141735,0.3720267,0.38753185,0.39345902,0.4030711
alphabet,P,word2vec_recipe_50_HOM_HALF,0.373257,0.34053677,0.42521095,0.34577003,0.44143608,0.35317662
cannon,P,word2vec_recipe_50_HOM_HALF,0.22938125,0.21012414,0.2669056,0.24115148,0.28053826,0.24988462
collect,P,word2vec_recipe_50_HOM_HALF,0.31701928,0.3690718,0.40720832,0.39462674,0.4341785,0.4042822
bench,P,word2vec_recipe_50_HOM_HALF,0.29320598,0.36959663,0.36927533,0.4013011,0.40024817,0.4079985
stiff,P,word2vec_recipe_50_HOM_HALF,0.25465262,0.29643887,0.35058558,0.34380266,0.38578182,0.37097934
meadow,P,word2vec_recipe_50_HOM_HALF,0.155119,0.17852771,0.18009636,0.20946167,0.19100136,0.21737728
dishwasher,P,word2vec_recipe_50_HOM_HALF,0.28755817,0.28505364,0.35403308,0.36246413,0.3793066,0.37950972
cycle,P,word2vec_recipe_50_HOM_HALF,0.27337018,0.3037855,0.38318226,0.4068662,0.43578207,0.45448887
player,P,word2vec_recipe_50_HOM_HALF,0.16833441,0.17799322,0.20293152,0.22983159,0.2188023,0.25182235
bull,H,word2vec_recipe_50_HOM_HALF,0.25480407,0.2635627,0.30014598,0.2773397,0.31671023,0.29610917
brave,P,word2vec_recipe_50_HOM_HALF,0.22135994,0.18654129,0.26054686,0.20471,0.27544293,0.21525122
nip,H,word2vec_recipe_50_HOM_HALF,0.26658922,0.25162202,0.30171466,0.2853248,0.3160807,0.30782574
format,P,word2vec_recipe_50_HOM_HALF,0.18078296,0.15295433,0.20804544,0.1728337,0.22038229,0.1821604
dish,P,word2vec_recipe_50_HOM_HALF,0.31307477,0.32851216,0.37824717,0.35161138,0.40898955,0.3820088
clerk,P,word2vec_recipe_50_HOM_HALF,0.11888651,0.14267439,0.14222741,0.15608817,0.15211831,0.1588877
tuck,P,word2vec_recipe_50_HOM_HALF,0.2941441,0.33578932,0.36249554,0.38837123,0.38984835,0.39664814
railroad,P,word2vec_recipe_50_HOM_HALF,0.21571545,0.18008237,0.24298826,0.19707374,0.25388837,0.1975648
circus,P,word2vec_recipe_50_HOM_HALF,0.281929,0.25509104,0.33543247,0.31823847,0.357457,0.3418641
stool,P,word2vec_recipe_50_HOM_HALF,0.17678615,0.18498686,0.20807838,0.20734255,0.22102745,0.22422841
dung,P,word2vec_recipe_50_HOM_HALF,0.050029945,0.068026416,0.10440224,0.14841716,0.12947935,0.18384811
flake,P,word2vec_recipe_50_HOM_HALF,0.42217255,0.4798073,0.5119112,0.5088724,0.5412251,0.5187537
stretcher,P,word2vec_recipe_50_HOM_HALF,0.20219159,0.19290398,0.23004228,0.22395095,0.24125095,0.23384346
tread,P,word2vec_recipe_50_HOM_HALF,0.30399355,0.3234871,0.35601348,0.35349593,0.3754557,0.36430803
wrestle,P,word2vec_recipe_50_HOM_HALF,0.16253838,0.14948735,0.1878819,0.18472429,0.1985783,0.19576143
certain,P,word2vec_recipe_50_HOM_HALF,0.33000407,0.3215076,0.3777531,0.2884593,0.39369038,0.26625738
tendency,P,word2vec_recipe_50_HOM_HALF,0.33810058,0.34871784,0.4101709,0.35642442,0.43246123,0.35684404
beginner,M,word2vec_recipe_50_HOM_HALF,0.19240698,0.14012444,0.2183816,0.1565335,0.22955391,0.17178011
spree,P,word2vec_recipe_50_HOM_HALF,0.20621376,0.23125538,0.23972626,0.27477607,0.25392276,0.29646534
marrow,P,word2vec_recipe_50_HOM_HALF,0.3066439,0.34322304,0.3863672,0.43151337,0.41367584,0.44398493
clam,P,word2vec_recipe_50_HOM_HALF,0.30131558,0.31368333,0.3979024,0.41319093,0.43491843,0.41751093
spread,P,word2vec_recipe_50_HOM_HALF,0.35940194,0.42617336,0.43892384,0.39767247,0.46501285,0.40090197
howl,P,word2vec_recipe_50_HOM_HALF,0.24967666,0.2765319,0.32156152,0.3940347,0.35126016,0.42539147
snail,P,word2vec_recipe_50_HOM_HALF,0.3668031,0.4747583,0.43207029,0.4521258,0.45671883,0.44937763
mouse,P,word2vec_recipe_50_HOM_HALF,0.2831641,0.22420126,0.3351431,0.29947993,0.3591114,0.32128704
unpleasant,M,word2vec_recipe_50_HOM_HALF,0.23261288,0.2508544,0.28260127,0.28404796,0.30174395,0.28913093
score,P,word2vec_recipe_50_HOM_HALF,0.31047794,0.35882133,0.38344067,0.39093983,0.4185025,0.3913324
nature,P,word2vec_recipe_50_HOM_HALF,0.26662844,0.23245922,0.29952073,0.2385301,0.31292972,0.24862844
cupcake,M,word2vec_recipe_50_HOM_HALF,0.23261145,0.2746774,0.32441244,0.31937724,0.37089184,0.41009918
splendor,P,word2vec_recipe_50_HOM_HALF,0.1507007,0.15016863,0.17423216,0.17229785,0.18447806,0.18427432
femme,P,word2vec_recipe_50_HOM_HALF,0.15250602,0.17731965,0.186769,0.20906875,0.20291844,0.21820945
caffeine,M,word2vec_recipe_50_HOM_HALF,0.19277649,0.20565578,0.22833616,0.22269021,0.24204022,0.22637393
wallpaper,P,word2vec_recipe_50_HOM_HALF,0.27591664,0.2488222,0.31462944,0.26607817,0.33206084,0.27827492
apocalypse,P,word2vec_recipe_50_HOM_HALF,0.15155627,0.18386465,0.17328298,0.20220898,0.18260522,0.21149683
trim,P,word2vec_recipe_50_HOM_HALF,0.34991235,0.38748848,0.43155482,0.42850468,0.46325257,0.45892504
lime,H,word2vec_recipe_50_HOM_HALF,0.2701511,0.34547856,0.33735916,0.37069497,0.3664672,0.40241143
chimney,P,word2vec_recipe_50_HOM_HALF,0.31730676,0.32394993,0.39857405,0.42567685,0.42735985,0.45186844
assistance,P,word2vec_recipe_50_HOM_HALF,0.22828004,0.17883986,0.26290825,0.21669072,0.27765203,0.23378628
active,P,word2vec_recipe_50_HOM_HALF,0.36237422,0.33062938,0.44542018,0.4204093,0.47623563,0.43409073
incredible,P,word2vec_recipe_50_HOM_HALF,0.19771652,0.24515468,0.26006877,0.32369754,0.28469798,0.34100893
disengage,P,word2vec_recipe_50_HOM_HALF,0.13036467,0.14349271,0.15798746,0.18222427,0.16898003,0.19369902
cake,P,word2vec_recipe_50_HOM_HALF,0.30531278,0.39375716,0.3876053,0.43826208,0.41508442,0.43491915
lightning,P,word2vec_recipe_50_HOM_HALF,0.26229584,0.22423668,0.2931008,0.24854136,0.3050665,0.25308934
saliva,M,word2vec_recipe_50_HOM_HALF,0.119747125,0.123600595,0.14381145,0.1380865,0.15347955,0.15038359
unite,P,word2vec_recipe_50_HOM_HALF,0.33042526,0.3100858,0.37120497,0.3447115,0.3850012,0.3544781
damp,P,word2vec_recipe_50_HOM_HALF,0.27422133,0.28379345,0.40466344,0.41560918,0.45240304,0.43812588
diplomatic,P,word2vec_recipe_50_HOM_HALF,0.12788668,0.15456322,0.1518297,0.18134412,0.16246992,0.19027005
hopeless,P,word2vec_recipe_50_HOM_HALF,0.10379885,0.09939405,0.122986704,0.12629358,0.13296685,0.13981162
lazy,P,word2vec_recipe_50_HOM_HALF,0.28976718,0.2928253,0.35149327,0.34006462,0.3719551,0.3427098
supervise,M,word2vec_recipe_50_HOM_HALF,0.13575615,0.13566028,0.15552907,0.14778098,0.16536829,0.15838552
mandatory,P,word2vec_recipe_50_HOM_HALF,0.22483885,0.16556543,0.26045886,0.16955289,0.27612352,0.18077627
confusion,P,word2vec_recipe_50_HOM_HALF,0.12987724,0.119981214,0.15248246,0.14674683,0.16305105,0.15738434
hick,M,word2vec_recipe_50_HOM_HALF,0.14414227,0.14554387,0.17946102,0.16992192,0.19728076,0.19736755
cuisine,M,word2vec_recipe_50_HOM_HALF,0.23568282,0.23835434,0.27571967,0.24685557,0.29044482,0.25868952
breathe,P,word2vec_recipe_50_HOM_HALF,0.27849403,0.2532039,0.3180332,0.25697526,0.33169526,0.2617554
overrun,P,word2vec_recipe_50_HOM_HALF,0.12335094,0.120732784,0.14342396,0.14491227,0.15200323,0.15401551
highway,P,word2vec_recipe_50_HOM_HALF,0.20399208,0.19594845,0.23104687,0.21802756,0.24250713,0.23110385
calculator,P,word2vec_recipe_50_HOM_HALF,0.12092556,0.1179854,0.14444079,0.14504603,0.15506393,0.15671265
pry,H,word2vec_recipe_50_HOM_HALF,0.33770096,0.36539826,0.40847793,0.39464337,0.4359832,0.42526987
knack,P,word2vec_recipe_50_HOM_HALF,0.12186954,0.114051014,0.14346568,0.13581707,0.1537437,0.14740744
molten,P,word2vec_recipe_50_HOM_HALF,0.32685775,0.34575692,0.39710206,0.35674974,0.41983128,0.3630361
fungus,P,word2vec_recipe_50_HOM_HALF,0.310107,0.3375634,0.40053192,0.41325912,0.43530977,0.43740216
rebound,P,word2vec_recipe_50_HOM_HALF,0.13759205,0.16245529,0.16154847,0.19053458,0.1745134,0.2063019
explore,P,word2vec_recipe_50_HOM_HALF,0.24440154,0.20138672,0.27441424,0.20592158,0.286226,0.20828354
spicy,P,word2vec_recipe_50_HOM_HALF,0.22212544,0.30986285,0.29449138,0.35140663,0.31636208,0.34251708
loaf,H,word2vec_recipe_50_HOM_HALF,0.2896048,0.29716977,0.40035114,0.38736466,0.44495597,0.42726094
graveyard,M,word2vec_recipe_50_HOM_HALF,0.20993498,0.21021917,0.25506887,0.27181253,0.27829158,0.2965391
puppy,P,word2vec_recipe_50_HOM_HALF,0.32343856,0.30745202,0.38496226,0.34031886,0.40820587,0.33368778
tempt,P,word2vec_recipe_50_HOM_HALF,0.14976218,0.121399604,0.17567043,0.1482129,0.18677352,0.16065603
hasty,P,word2vec_recipe_50_HOM_HALF,0.21904533,0.16935179,0.24979232,0.18984498,0.26232722,0.19317745
muster,P,word2vec_recipe_50_HOM_HALF,0.16556473,0.12054824,0.18896656,0.15172942,0.19851087,0.15873708
anticipate,P,word2vec_recipe_50_HOM_HALF,0.0990297,0.10591242,0.115059465,0.12432665,0.12411423,0.13510463
bunker,P,word2vec_recipe_50_HOM_HALF,0.15819402,0.14552289,0.18483296,0.17654978,0.19658683,0.1882862
nine,P,word2vec_recipe_50_HOM_HALF,0.35579553,0.43434915,0.47580838,0.4753802,0.50345385,0.46253037
northwest,P,word2vec_recipe_50_HOM_HALF,0.20431912,0.23136173,0.24840811,0.26828712,0.26496133,0.27660573
frame,P,word2vec_recipe_50_HOM_HALF,0.2931998,0.23928234,0.33147863,0.2721468,0.34843823,0.28932682
enzyme,M,word2vec_recipe_50_HOM_HALF,0.19655085,0.18309812,0.252846,0.236772,0.27764255,0.26529306
kitten,P,word2vec_recipe_50_HOM_HALF,0.1582934,0.16837978,0.19521448,0.21539968,0.21708809,0.24932851
jab,P,word2vec_recipe_50_HOM_HALF,0.2731994,0.30071056,0.34396094,0.36297265,0.36928543,0.380628
lust,P,word2vec_recipe_50_HOM_HALF,0.19343427,0.19113372,0.2201618,0.20814404,0.23237833,0.21069041
posh,M,word2vec_recipe_50_HOM_HALF,0.24475849,0.22693798,0.2796891,0.2700471,0.29301137,0.27541867
alert,P,word2vec_recipe_50_HOM_HALF,0.23270217,0.22358106,0.26524556,0.21386069,0.277849,0.22827022
vinegar,M,word2vec_recipe_50_HOM_HALF,0.2359653,0.28166762,0.32395992,0.34229758,0.35514,0.3557861
bonnet,P,word2vec_recipe_50_HOM_HALF,0.3376711,0.3245348,0.41409838,0.35079643,0.44409683,0.37252694
duration,P,word2vec_recipe_50_HOM_HALF,0.31298688,0.34659082,0.37081036,0.38242993,0.39354455,0.38713822
conductor,P,word2vec_recipe_50_HOM_HALF,0.1478215,0.15221629,0.17158912,0.15895623,0.18192977,0.16852215
bubble,P,word2vec_recipe_50_HOM_HALF,0.35125202,0.4222255,0.43244317,0.46407646,0.46347368,0.4738084
garlic,P,word2vec_recipe_50_HOM_HALF,0.27339986,0.30562618,0.33883366,0.31956217,0.3616894,0.3354639
crossword,M,word2vec_recipe_50_HOM_HALF,0.15868986,0.18882927,0.18763214,0.22790383,0.19983262,0.24836323
settlement,P,word2vec_recipe_50_HOM_HALF,0.1378569,0.14552476,0.16317713,0.17297617,0.17435524,0.18489817
vet,H,word2vec_recipe_50_HOM_HALF,0.13764098,0.12364424,0.16657849,0.1531832,0.17955807,0.17062314
sacrifice,P,word2vec_recipe_50_HOM_HALF,0.18421581,0.15582663,0.20603693,0.15652145,0.21469527,0.16607527
aware,M,word2vec_recipe_50_HOM_HALF,0.24217895,0.19226442,0.27443868,0.21148922,0.2870383,0.21330701
separation,P,word2vec_recipe_50_HOM_HALF,0.2710944,0.24895191,0.3211959,0.28137422,0.3409687,0.2872274
flute,P,word2vec_recipe_50_HOM_HALF,0.35104403,0.40047932,0.44005272,0.484271,0.47301662,0.4926922
stripper,P,word2vec_recipe_50_HOM_HALF,0.23993413,0.28557476,0.2954932,0.34816635,0.32238862,0.3747759
handbook,M,word2vec_recipe_50_HOM_HALF,0.14863105,0.14499892,0.17425944,0.16781543,0.1846113,0.18244231
trigger,P,word2vec_recipe_50_HOM_HALF,0.20073667,0.16967022,0.23055454,0.18815893,0.24159774,0.19680364
malt,P,word2vec_recipe_50_HOM_HALF,0.37820965,0.44185412,0.44895592,0.45148602,0.47357056,0.46807694
fury,P,word2vec_recipe_50_HOM_HALF,0.17123519,0.15921134,0.19451188,0.19307974,0.20476307,0.2012211
external,P,word2vec_recipe_50_HOM_HALF,0.20217243,0.21735126,0.26750576,0.30169097,0.29849327,0.3313538
endeavor,P,word2vec_recipe_50_HOM_HALF,0.14583643,0.13141061,0.16755447,0.13913345,0.17705467,0.14925724
lava,P,word2vec_recipe_50_HOM_HALF,0.3693437,0.38421425,0.42573965,0.4085929,0.44737732,0.40235567
doodle,P,word2vec_recipe_50_HOM_HALF,0.16345704,0.12782629,0.18656315,0.15252843,0.19763291,0.16622746
mysterious,P,word2vec_recipe_50_HOM_HALF,0.16554579,0.14702299,0.19176522,0.16875617,0.20236547,0.18243279
absurd,P,word2vec_recipe_50_HOM_HALF,0.14946468,0.13508144,0.17302732,0.15869562,0.18293183,0.17552032
static,P,word2vec_recipe_50_HOM_HALF,0.20816524,0.18978998,0.24652763,0.21739253,0.2654306,0.24348243
brush,H,word2vec_recipe_50_HOM_HALF,0.36383173,0.36893243,0.44554794,0.44128802,0.47422177,0.42482626
memorable,P,word2vec_recipe_50_HOM_HALF,0.1874031,0.21529709,0.22045498,0.23743147,0.23362285,0.23808691
shorten,P,word2vec_recipe_50_HOM_HALF,0.35917735,0.38151124,0.41764846,0.37670416,0.4386605,0.37144583
purge,P,word2vec_recipe_50_HOM_HALF,0.2834377,0.26400504,0.37486753,0.3824037,0.40464288,0.41804013
timid,P,word2vec_recipe_50_HOM_HALF,0.13871875,0.112881854,0.16700542,0.14731345,0.17926829,0.15978687
lovely,P,word2vec_recipe_50_HOM_HALF,0.23890164,0.31144497,0.32221156,0.36076292,0.350813,0.36484927
vodka,M,word2vec_recipe_50_HOM_HALF,0.19314766,0.17868748,0.2527026,0.22774798,0.2839511,0.27328458
lunar,P,word2vec_recipe_50_HOM_HALF,0.15374653,0.14575915,0.18612963,0.17684132,0.19957127,0.19368894
infinite,P,word2vec_recipe_50_HOM_HALF,0.15366913,0.14616066,0.17945418,0.155908,0.19015701,0.16368179
medallion,P,word2vec_recipe_50_HOM_HALF,0.29877597,0.3806881,0.38788164,0.45852998,0.42001995,0.4719702
upholstery,P,word2vec_recipe_50_HOM_HALF,0.16455144,0.21136193,0.19848156,0.24496934,0.21397743,0.26223975
haystack,M,word2vec_recipe_50_HOM_HALF,0.3170696,0.30362424,0.36466205,0.32950613,0.38503525,0.35450268
coast,P,word2vec_recipe_50_HOM_HALF,0.30236548,0.2506374,0.34405738,0.2717911,0.35944548,0.27884534
sauna,P,word2vec_recipe_50_HOM_HALF,0.16486385,0.17072065,0.18909721,0.20052993,0.19958733,0.20683113
amaze,M,word2vec_recipe_50_HOM_HALF,0.10700719,0.11520548,0.13040091,0.1409735,0.1428014,0.1548626
operation,P,word2vec_recipe_50_HOM_HALF,0.2921483,0.2815265,0.3479388,0.30198047,0.36596432,0.2860636
survival,P,word2vec_recipe_50_HOM_HALF,0.13943,0.15895917,0.15899616,0.1725265,0.16885506,0.18680657
perimeter,P,word2vec_recipe_50_HOM_HALF,0.30358228,0.3359754,0.3724571,0.34814405,0.39658692,0.3522713
dolphin,P,word2vec_recipe_50_HOM_HALF,0.22487454,0.20265366,0.25346574,0.21585213,0.2642715,0.22198892
feast,P,word2vec_recipe_50_HOM_HALF,0.2429668,0.19320709,0.27226612,0.22498682,0.28412643,0.23422207
brook,H,word2vec_recipe_50_HOM_HALF,0.44118533,0.41956374,0.50556374,0.43593067,0.52576905,0.4331545
poker,H,word2vec_recipe_50_HOM_HALF,0.21767798,0.15587635,0.24606359,0.17700782,0.25637758,0.18869407
teenage,M,word2vec_recipe_50_HOM_HALF,0.15028267,0.14355557,0.18435547,0.16563122,0.19792454,0.18290378
item,P,word2vec_recipe_50_HOM_HALF,0.35460672,0.26863056,0.38995814,0.26265204,0.40284976,0.27270663
rhubarb,M,word2vec_recipe_50_HOM_HALF,0.2556408,0.31528544,0.35280532,0.35651857,0.39340627,0.36637452
hometown,M,word2vec_recipe_50_HOM_HALF,0.09940459,0.12438193,0.11827605,0.14985476,0.12760313,0.1658058
hop,H,word2vec_recipe_50_HOM_HALF,0.27194852,0.26608306,0.3149245,0.3217011,0.334247,0.34334147
mountain,P,word2vec_recipe_50_HOM_HALF,0.3182973,0.26962507,0.35704502,0.26360703,0.36989322,0.25273478
vague,P,word2vec_recipe_50_HOM_HALF,0.12580417,0.11741341,0.1454981,0.13852362,0.15589051,0.1507487
parent,P,word2vec_recipe_50_HOM_HALF,0.20101051,0.18341747,0.2274476,0.19736414,0.23860794,0.19697838
roof,P,word2vec_recipe_50_HOM_HALF,0.22254913,0.18609385,0.29036754,0.24547519,0.31993866,0.27785328
disperse,P,word2vec_recipe_50_HOM_HALF,0.37779406,0.4564728,0.47328496,0.50911003,0.4999508,0.5075493
cordial,P,word2vec_recipe_50_HOM_HALF,0.24415874,0.22770283,0.2914653,0.28355503,0.31478536,0.31005532
joyful,M,word2vec_recipe_50_HOM_HALF,0.1401658,0.14716494,0.16117649,0.17067286,0.17201549,0.18786445
pot,H,word2vec_recipe_50_HOM_HALF,0.30928493,0.3720188,0.4046033,0.4354109,0.43650642,0.4412746
trench,P,word2vec_recipe_50_HOM_HALF,0.28927726,0.33619252,0.35127676,0.35582584,0.3758101,0.36048624
track,P,word2vec_recipe_50_HOM_HALF,0.30052367,0.23617429,0.33426303,0.26088348,0.34731004,0.2665499
sparkle,P,word2vec_recipe_50_HOM_HALF,0.32106906,0.3289089,0.374018,0.38687447,0.39666992,0.40383193
sly,P,word2vec_recipe_50_HOM_HALF,0.09677376,0.12054051,0.11079976,0.14150709,0.11784145,0.1504858
deception,P,word2vec_recipe_50_HOM_HALF,0.13773814,0.16601889,0.1590275,0.18585557,0.16766423,0.19734934
fiesta,M,word2vec_recipe_50_HOM_HALF,0.21642008,0.27672732,0.30961043,0.3360334,0.3372214,0.32554266
attraction,P,word2vec_recipe_50_HOM_HALF,0.11449357,0.116110705,0.13514017,0.1333699,0.14532349,0.15105572
rotate,P,word2vec_recipe_50_HOM_HALF,0.3585404,0.45060548,0.44081202,0.43475518,0.46213043,0.42928854
firm,H,word2vec_recipe_50_HOM_HALF,0.3739036,0.33511382,0.4456772,0.399248,0.4701996,0.41904873
sufficient,M,word2vec_recipe_50_HOM_HALF,0.44034448,0.5240858,0.529483,0.50230885,0.5535388,0.4903127
haste,P,word2vec_recipe_50_HOM_HALF,0.11412249,0.11081422,0.13893758,0.14039321,0.14845237,0.15054487
rotten,P,word2vec_recipe_50_HOM_HALF,0.2596554,0.30557293,0.31367818,0.33517233,0.3359274,0.3436997
yield,P,word2vec_recipe_50_HOM_HALF,0.33675662,0.3447459,0.4514366,0.3998924,0.49198833,0.4346618
ammonia,P,word2vec_recipe_50_HOM_HALF,0.28586775,0.32587883,0.3766696,0.41423428,0.40929422,0.44057158
optimism,P,word2vec_recipe_50_HOM_HALF,0.14403586,0.12530805,0.16655764,0.14623682,0.17581135,0.1596279
scrub,H,word2vec_recipe_50_HOM_HALF,0.34866768,0.41488278,0.42267242,0.4219359,0.4504738,0.40454116
define,P,word2vec_recipe_50_HOM_HALF,0.18990274,0.18744951,0.22395326,0.23547374,0.23977177,0.25193468
include,P,word2vec_recipe_50_HOM_HALF,0.35727128,0.39508522,0.440121,0.4066741,0.4649733,0.38991943
cocktail,H,word2vec_recipe_50_HOM_HALF,0.2422626,0.2398376,0.29393804,0.25866207,0.32169393,0.2781146
envelope,P,word2vec_recipe_50_HOM_HALF,0.43438584,0.5396409,0.5177977,0.543871,0.542127,0.52024025
commitment,P,word2vec_recipe_50_HOM_HALF,0.09497806,0.10144495,0.11141983,0.11970411,0.12072512,0.1343459
ban,H,word2vec_recipe_50_HOM_HALF,0.32840186,0.14590544,0.38791823,0.25000027,0.41345188,0.34065187
trough,P,word2vec_recipe_50_HOM_HALF,0.4135743,0.41970307,0.4587003,0.39862493,0.47483313,0.39115924
presume,P,word2vec_recipe_50_HOM_HALF,0.09179401,0.09325369,0.113049604,0.11876829,0.12458982,0.13396008
matrimony,P,word2vec_recipe_50_HOM_HALF,0.1251915,0.12804031,0.15261774,0.16185322,0.16613731,0.18084686
adjustment,P,word2vec_recipe_50_HOM_HALF,0.32079488,0.31253493,0.3704561,0.3205396,0.38854405,0.32770866
leather,P,word2vec_recipe_50_HOM_HALF,0.4250744,0.39277127,0.4721824,0.41496205,0.49071518,0.4007837
desk,P,word2vec_recipe_50_HOM_HALF,0.15466332,0.14594635,0.17710973,0.17798431,0.18888779,0.18331859
actress,M,word2vec_recipe_50_HOM_HALF,0.15258965,0.16600575,0.18116418,0.19315168,0.19167088,0.20059761
disco,P,word2vec_recipe_50_HOM_HALF,0.2555039,0.2330471,0.2916489,0.2859187,0.30718845,0.3026768
dome,P,word2vec_recipe_50_HOM_HALF,0.36529297,0.39008912,0.41687608,0.37698036,0.4338547,0.3886349
exclusive,P,word2vec_recipe_50_HOM_HALF,0.21089044,0.16130373,0.24377903,0.19012412,0.2558426,0.20514727
nursery,P,word2vec_recipe_50_HOM_HALF,0.13582689,0.13822037,0.15376072,0.15894063,0.16312076,0.17474633
squat,P,word2vec_recipe_50_HOM_HALF,0.23135833,0.23598601,0.27018434,0.2751519,0.28665775,0.29059145
comb,P,word2vec_recipe_50_HOM_HALF,0.32787833,0.30887118,0.37127343,0.31781334,0.39130595,0.3423704
trader,P,word2vec_recipe_50_HOM_HALF,0.27121133,0.2954837,0.33560792,0.35429662,0.36687088,0.3572021
elusive,P,word2vec_recipe_50_HOM_HALF,0.1528244,0.13945772,0.17517684,0.15558313,0.18509635,0.16845137
grateful,P,word2vec_recipe_50_HOM_HALF,0.14295521,0.12573694,0.16625017,0.14411816,0.17632309,0.15419933
springtime,P,word2vec_recipe_50_HOM_HALF,0.28505796,0.31025895,0.3267198,0.3146958,0.34287566,0.31923643
lion,P,word2vec_recipe_50_HOM_HALF,0.23188272,0.23120804,0.26809424,0.25513473,0.2832095,0.2606153
pineapple,P,word2vec_recipe_50_HOM_HALF,0.27360457,0.35104123,0.368545,0.41931772,0.40351745,0.43424726
induce,P,word2vec_recipe_50_HOM_HALF,0.16026035,0.1398369,0.18570872,0.15866823,0.19548005,0.17087424
fan,H,word2vec_recipe_50_HOM_HALF,0.32018757,0.18096302,0.39310282,0.23968698,0.42634583,0.28154224
pellet,P,word2vec_recipe_50_HOM_HALF,0.254922,0.26240036,0.3052034,0.34298128,0.32847634,0.3758797
river,P,word2vec_recipe_50_HOM_HALF,0.26502115,0.24808697,0.30852216,0.2629668,0.32473624,0.27163476
rogue,P,word2vec_recipe_50_HOM_HALF,0.21016534,0.20574926,0.2422106,0.21324004,0.25459114,0.21769744
beacon,P,word2vec_recipe_50_HOM_HALF,0.2869864,0.21389507,0.32516983,0.23423906,0.33776855,0.2440945
hazardous,P,word2vec_recipe_50_HOM_HALF,0.11325656,0.11142641,0.13528873,0.14231019,0.1451121,0.14872606
cute,P,word2vec_recipe_50_HOM_HALF,0.2764507,0.30623552,0.33121192,0.33316505,0.35280132,0.3421126
definitive,P,word2vec_recipe_50_HOM_HALF,0.13387775,0.13114583,0.15741244,0.15928228,0.16733155,0.16983207
crisis,P,word2vec_recipe_50_HOM_HALF,0.16633064,0.16946338,0.18821777,0.18727405,0.19753546,0.19794062
obsessive,M,word2vec_recipe_50_HOM_HALF,0.12515959,0.12836856,0.14666007,0.13870071,0.15596247,0.15209499
tip,H,word2vec_recipe_50_HOM_HALF,0.23981154,0.18329166,0.3275951,0.3315217,0.36376113,0.35496533
groom,P,word2vec_recipe_50_HOM_HALF,0.19176155,0.20651668,0.23488663,0.26258627,0.25191653,0.29226318
assist,P,word2vec_recipe_50_HOM_HALF,0.35463107,0.39500847,0.42097735,0.41362843,0.4435151,0.40305948
adopt,P,word2vec_recipe_50_HOM_HALF,0.07980655,0.10000429,0.094984114,0.119806044,0.10372667,0.13252097
fellowship,P,word2vec_recipe_50_HOM_HALF,0.14518599,0.17938943,0.17314312,0.19795448,0.184962,0.20193852
rubber,H,word2vec_recipe_50_HOM_HALF,0.30487818,0.3261465,0.43481746,0.4778354,0.47590408,0.5115701
substitute,P,word2vec_recipe_50_HOM_HALF,0.2706014,0.32237056,0.3805862,0.44192994,0.4176854,0.45950356
freestyle,P,word2vec_recipe_50_HOM_HALF,0.2483501,0.26102096,0.283786,0.30260238,0.29803145,0.3048986
poison,P,word2vec_recipe_50_HOM_HALF,0.17444949,0.17478353,0.20157091,0.20200425,0.21442813,0.21290293
assembly,P,word2vec_recipe_50_HOM_HALF,0.4063611,0.40236413,0.4817292,0.40496236,0.50236213,0.40166128
pulse,H,word2vec_recipe_50_HOM_HALF,0.25205016,0.30628437,0.36903772,0.3787686,0.42560056,0.41961393
sorority,M,word2vec_recipe_50_HOM_HALF,0.12831679,0.14908516,0.15462893,0.17877927,0.16580123,0.19371942
snake,P,word2vec_recipe_50_HOM_HALF,0.2591919,0.28886288,0.3375925,0.35971513,0.36582556,0.37109196
lad,P,word2vec_recipe_50_HOM_HALF,0.2081335,0.24383812,0.23863041,0.26069987,0.25111073,0.27052304
sober,P,word2vec_recipe_50_HOM_HALF,0.13511208,0.119951494,0.15935497,0.16696124,0.16893679,0.17912096
trot,P,word2vec_recipe_50_HOM_HALF,0.1250256,0.12584552,0.14771816,0.1556217,0.15720598,0.16805151
frontier,P,word2vec_recipe_50_HOM_HALF,0.15052797,0.16958828,0.1764884,0.18453933,0.1885322,0.19416274
soothe,P,word2vec_recipe_50_HOM_HALF,0.15024212,0.14940308,0.1865506,0.19817473,0.20402402,0.2220677
drinker,P,word2vec_recipe_50_HOM_HALF,0.20125286,0.21562172,0.23031932,0.24909802,0.24340752,0.24373369
terrace,P,word2vec_recipe_50_HOM_HALF,0.14673115,0.14751315,0.16833113,0.17265205,0.17798573,0.1801623
host,H,word2vec_recipe_50_HOM_HALF,0.12799123,0.107438326,0.15538555,0.13793206,0.16758698,0.15522817
feed,P,word2vec_recipe_50_HOM_HALF,0.37002546,0.42316997,0.48138875,0.4869079,0.51204115,0.48858368
classic,P,word2vec_recipe_50_HOM_HALF,0.2358491,0.29585442,0.28070188,0.3077722,0.29738376,0.3097473
kimono,P,word2vec_recipe_50_HOM_HALF,0.1467242,0.17014672,0.1955082,0.24545564,0.21872117,0.27424908
incision,P,word2vec_recipe_50_HOM_HALF,0.30717614,0.3549367,0.37862438,0.39634505,0.40573785,0.4059071
overall,P,word2vec_recipe_50_HOM_HALF,0.32001504,0.27344602,0.3629507,0.3015085,0.3805765,0.31206113
tree,P,word2vec_recipe_50_HOM_HALF,0.2157552,0.24178158,0.26078317,0.27506456,0.28254604,0.29398546
disastrous,M,word2vec_recipe_50_HOM_HALF,0.09873843,0.106871374,0.11649535,0.12873118,0.12541847,0.13888821
visible,P,word2vec_recipe_50_HOM_HALF,0.3372806,0.37398994,0.41772717,0.4252694,0.45159477,0.43340665
crunch,P,word2vec_recipe_50_HOM_HALF,0.33725634,0.35165855,0.39386368,0.37717822,0.4151812,0.36175752
cracker,P,word2vec_recipe_50_HOM_HALF,0.24870293,0.32905945,0.3505086,0.4082975,0.39188197,0.43288773
workshop,P,word2vec_recipe_50_HOM_HALF,0.15604338,0.16967168,0.20127451,0.21873428,0.2268055,0.2527522
native,P,word2vec_recipe_50_HOM_HALF,0.22119078,0.2431889,0.26120293,0.27329618,0.27694198,0.26355717
raid,P,word2vec_recipe_50_HOM_HALF,0.16335365,0.13754958,0.19061995,0.16658804,0.20137939,0.17251205
trout,P,word2vec_recipe_50_HOM_HALF,0.20149572,0.23297194,0.30559695,0.3493645,0.35693532,0.38914627
reef,H,word2vec_recipe_50_HOM_HALF,0.13362771,0.14731215,0.15441757,0.17319302,0.16379513,0.18759812
noise,P,word2vec_recipe_50_HOM_HALF,0.27171594,0.31334275,0.3625663,0.3641912,0.39251855,0.36312577
region,P,word2vec_recipe_50_HOM_HALF,0.15592977,0.13367294,0.20486003,0.17769973,0.2298642,0.19045717
furnace,P,word2vec_recipe_50_HOM_HALF,0.09427486,0.12534136,0.114401504,0.14453176,0.12412832,0.16102044
motto,P,word2vec_recipe_50_HOM_HALF,0.08908814,0.09042925,0.10946291,0.11828348,0.11909618,0.13333099
channel,P,word2vec_recipe_50_HOM_HALF,0.27996126,0.2776905,0.32343397,0.31907192,0.34290305,0.34079558
irony,P,word2vec_recipe_50_HOM_HALF,0.095784456,0.10314924,0.11485952,0.13335897,0.1238947,0.14913796
dread,P,word2vec_recipe_50_HOM_HALF,0.16315626,0.20032592,0.18962817,0.22904883,0.20035242,0.24726398
protein,M,word2vec_recipe_50_HOM_HALF,0.21713653,0.20278138,0.26993245,0.16101624,0.28602338,0.1456729
heed,P,word2vec_recipe_50_HOM_HALF,0.09077575,0.100693375,0.11024313,0.12094709,0.11855612,0.1333543
area,P,word2vec_recipe_50_HOM_HALF,0.34817854,0.35759866,0.43452036,0.43423468,0.46199822,0.4456692
fruit,P,word2vec_recipe_50_HOM_HALF,0.2750179,0.33783868,0.36650494,0.4242667,0.4000579,0.43103805
classical,P,word2vec_recipe_50_HOM_HALF,0.17677721,0.15689851,0.20284224,0.17614304,0.21340218,0.18413122
ranch,P,word2vec_recipe_50_HOM_HALF,0.29243907,0.36913705,0.3645635,0.38808995,0.38890716,0.38306955
security,P,word2vec_recipe_50_HOM_HALF,0.22038524,0.20502771,0.2517888,0.20394005,0.26445916,0.21262778
sidewalk,M,word2vec_recipe_50_HOM_HALF,0.15500158,0.1832794,0.18480633,0.21443422,0.19605407,0.2199569
pronounce,P,word2vec_recipe_50_HOM_HALF,0.1045985,0.10036461,0.12512198,0.1304659,0.13358633,0.14075522
fusion,P,word2vec_recipe_50_HOM_HALF,0.25621364,0.27546108,0.2936766,0.317874,0.30755788,0.32020292
privacy,P,word2vec_recipe_50_HOM_HALF,0.11730848,0.1446434,0.1610722,0.1837255,0.17876014,0.1960424
buggy,H,word2vec_recipe_50_HOM_HALF,0.18601641,0.21323179,0.22555985,0.24792491,0.24474253,0.28086627
tramp,P,word2vec_recipe_50_HOM_HALF,0.1586797,0.19328728,0.18044142,0.21903594,0.18979046,0.2285557
serenity,M,word2vec_recipe_50_HOM_HALF,0.096299835,0.11174825,0.117328614,0.14382681,0.12609619,0.15700424
royal,P,word2vec_recipe_50_HOM_HALF,0.29448754,0.28305054,0.34257424,0.31701884,0.36560333,0.33797875
spill,H,word2vec_recipe_50_HOM_HALF,0.3434252,0.41329864,0.4212036,0.40196002,0.44609892,0.37593773
seventh,P,word2vec_recipe_50_HOM_HALF,0.29583204,0.37086064,0.41836536,0.45201793,0.45123863,0.44323912
dormant,P,word2vec_recipe_50_HOM_HALF,0.14914823,0.15401645,0.17710108,0.18263125,0.18831204,0.19618465
choose,P,word2vec_recipe_50_HOM_HALF,0.2928849,0.29495522,0.34574538,0.284681,0.36281052,0.2832739
vast,P,word2vec_recipe_50_HOM_HALF,0.12903836,0.12009607,0.14819688,0.13973261,0.15814589,0.15180434
unlike,P,word2vec_recipe_50_HOM_HALF,0.29338264,0.292622,0.3335073,0.27290756,0.34852394,0.27126378
tense,H,word2vec_recipe_50_HOM_HALF,0.09245286,0.105281115,0.11100196,0.13451321,0.11915861,0.14491807
origin,P,word2vec_recipe_50_HOM_HALF,0.1557449,0.14261033,0.18136173,0.16505294,0.19267207,0.1810855
coma,H,word2vec_recipe_50_HOM_HALF,0.14337113,0.12057701,0.16522619,0.14814453,0.17678554,0.1616655
apologize,P,word2vec_recipe_50_HOM_HALF,0.108798504,0.11040334,0.12831877,0.13191831,0.13816345,0.14629827
greenhouse,M,word2vec_recipe_50_HOM_HALF,0.14736462,0.17991637,0.17319793,0.20952156,0.18412155,0.2198543
sniff,P,word2vec_recipe_50_HOM_HALF,0.21759316,0.19902974,0.25181833,0.21394527,0.26515916,0.2282228
reader,P,word2vec_recipe_50_HOM_HALF,0.107586645,0.10426372,0.1266436,0.1307383,0.13692306,0.14567968
residue,P,word2vec_recipe_50_HOM_HALF,0.3304049,0.35543808,0.40978134,0.40468675,0.44062406,0.42345694
spinal,P,word2vec_recipe_50_HOM_HALF,0.15592512,0.18248715,0.20800796,0.27106097,0.23708515,0.3096325
horrid,P,word2vec_recipe_50_HOM_HALF,0.122590646,0.120700285,0.1441279,0.14052841,0.1537981,0.15156832
crease,P,word2vec_recipe_50_HOM_HALF,0.2613175,0.29110053,0.3152891,0.34292302,0.33973584,0.35436496
botanical,P,word2vec_recipe_50_HOM_HALF,0.14992456,0.17333229,0.18155733,0.22159816,0.19419311,0.23491968
wrist,P,word2vec_recipe_50_HOM_HALF,0.32417402,0.3285171,0.37933844,0.37475628,0.4002651,0.39149302
superstar,M,word2vec_recipe_50_HOM_HALF,0.13143556,0.12549077,0.15454082,0.14458168,0.1644265,0.16019924
earthquake,M,word2vec_recipe_50_HOM_HALF,0.28449082,0.16388983,0.33535728,0.20914331,0.3562172,0.2234429
resolution,P,word2vec_recipe_50_HOM_HALF,0.16124342,0.18408777,0.18753214,0.21001264,0.19911169,0.21738842
saucy,P,word2vec_recipe_50_HOM_HALF,0.34603155,0.4033845,0.4186433,0.44153744,0.44189626,0.41555044
helmet,M,word2vec_recipe_50_HOM_HALF,0.14425358,0.1762928,0.17905955,0.2326945,0.19709171,0.25734502
miracle,P,word2vec_recipe_50_HOM_HALF,0.29299778,0.34242803,0.4039116,0.4313603,0.43840966,0.4292865
obsession,P,word2vec_recipe_50_HOM_HALF,0.14866073,0.15762335,0.17428492,0.18282047,0.18510994,0.19229566
swap,P,word2vec_recipe_50_HOM_HALF,0.3995392,0.4034136,0.46760476,0.41242197,0.49015304,0.4037188
tuning,P,word2vec_recipe_50_HOM_HALF,0.27088448,0.28099692,0.31808472,0.28981727,0.3365371,0.3058997
injure,P,word2vec_recipe_50_HOM_HALF,0.10435917,0.11937336,0.12359502,0.13847813,0.13309944,0.14856456
skeleton,P,word2vec_recipe_50_HOM_HALF,0.25804844,0.26210976,0.31060523,0.31935945,0.3347361,0.33996764
lake,M,word2vec_recipe_50_HOM_HALF,0.23559093,0.26680195,0.28740945,0.2949208,0.30536845,0.28974438
tank,P,word2vec_recipe_50_HOM_HALF,0.23445852,0.26874948,0.27256915,0.29290095,0.2891208,0.31091976
freaky,P,word2vec_recipe_50_HOM_HALF,0.1865159,0.17274177,0.21580637,0.20419322,0.22964123,0.21869048
sugar,P,word2vec_recipe_50_HOM_HALF,0.3096896,0.37451708,0.3934796,0.37409878,0.42514825,0.38592157
draft,P,word2vec_recipe_50_HOM_HALF,0.27123034,0.30640694,0.42981282,0.43756592,0.4808198,0.4793496
connection,P,word2vec_recipe_50_HOM_HALF,0.21913221,0.24288033,0.2502773,0.2851292,0.2644981,0.2828708
pretend,P,word2vec_recipe_50_HOM_HALF,0.21767373,0.17105912,0.24675015,0.18674356,0.25938413,0.19850086
winter,P,word2vec_recipe_50_HOM_HALF,0.30072743,0.330612,0.3744921,0.3819316,0.3963191,0.392273
breach,P,word2vec_recipe_50_HOM_HALF,0.21588592,0.20584522,0.24650326,0.21542686,0.25901335,0.22534138
intricate,M,word2vec_recipe_50_HOM_HALF,0.15580456,0.18104705,0.18866599,0.22142212,0.20424432,0.23472522
stealth,M,word2vec_recipe_50_HOM_HALF,0.12761652,0.1461812,0.15154026,0.17578626,0.16164856,0.1887607
backside,P,word2vec_recipe_50_HOM_HALF,0.29124752,0.27712962,0.34013587,0.31765768,0.36192712,0.3358118
rupture,P,word2vec_recipe_50_HOM_HALF,0.15283938,0.17054874,0.1842073,0.20370206,0.19981328,0.21665066
incomplete,P,word2vec_recipe_50_HOM_HALF,0.14272918,0.1206823,0.16706632,0.16046777,0.17746788,0.16239712
drag,P,word2vec_recipe_50_HOM_HALF,0.31273907,0.35285622,0.38762257,0.40408197,0.41702628,0.42974487
institute,P,word2vec_recipe_50_HOM_HALF,0.1272423,0.12991585,0.1519898,0.154776,0.16504104,0.1747746
exceed,P,word2vec_recipe_50_HOM_HALF,0.3343252,0.29218033,0.3895085,0.3350769,0.41577777,0.37104863
card,H,word2vec_recipe_50_HOM_HALF,0.29190964,0.2666401,0.34179935,0.2933356,0.36085138,0.31116715
artillery,P,word2vec_recipe_50_HOM_HALF,0.16822419,0.17793286,0.20789097,0.2155405,0.22327137,0.23312137
ghetto,P,word2vec_recipe_50_HOM_HALF,0.19062053,0.18420337,0.21948002,0.19905642,0.23046863,0.20669983
blueprint,P,word2vec_recipe_50_HOM_HALF,0.21171293,0.2134048,0.24353527,0.23517606,0.2559457,0.24464697
dirty,P,word2vec_recipe_50_HOM_HALF,0.36159348,0.29823995,0.39854348,0.3200695,0.41170156,0.31867447
gang,H,word2vec_recipe_50_HOM_HALF,0.20850201,0.18237168,0.23311119,0.20895544,0.24274151,0.21608508
hurl,P,word2vec_recipe_50_HOM_HALF,0.16911119,0.18012363,0.20084499,0.2240041,0.21324162,0.24216653
pathway,M,word2vec_recipe_50_HOM_HALF,0.1695213,0.18645333,0.2023146,0.23399544,0.21939524,0.25616816
chop,H,word2vec_recipe_50_HOM_HALF,0.27341375,0.33087116,0.37054998,0.39844257,0.40522063,0.40819153
beef,P,word2vec_recipe_50_HOM_HALF,0.2485722,0.34169847,0.35506657,0.37590235,0.38887292,0.3741923
maiden,P,word2vec_recipe_50_HOM_HALF,0.12034287,0.1393961,0.14402796,0.16216928,0.15354222,0.17598237
wondrous,M,word2vec_recipe_50_HOM_HALF,0.12270095,0.14909928,0.1451007,0.17079678,0.15422957,0.18192093
realm,P,word2vec_recipe_50_HOM_HALF,0.14402533,0.14881577,0.16449131,0.16493157,0.17387447,0.17183693
ruse,M,word2vec_recipe_50_HOM_HALF,0.15990636,0.18337792,0.18993472,0.23502678,0.20311637,0.2510375
misery,P,word2vec_recipe_50_HOM_HALF,0.19963786,0.18857677,0.22893333,0.1947817,0.24080983,0.20416951
jealousy,P,word2vec_recipe_50_HOM_HALF,0.22216515,0.2027351,0.26079965,0.20510474,0.27443868,0.2139345
darkness,P,word2vec_recipe_50_HOM_HALF,0.3307887,0.33517006,0.40275654,0.3832455,0.4264761,0.37286457
helper,M,word2vec_recipe_50_HOM_HALF,0.31575435,0.34474167,0.36810866,0.3599282,0.38851687,0.34936196
chum,H,word2vec_recipe_50_HOM_HALF,0.26087958,0.19444649,0.29012766,0.21912359,0.30082077,0.2316555
turban,P,word2vec_recipe_50_HOM_HALF,0.294165,0.32027268,0.34731182,0.38264242,0.3679796,0.40196815
implement,P,word2vec_recipe_50_HOM_HALF,0.28307676,0.32545194,0.3541674,0.3751428,0.38149372,0.4018297
pointless,P,word2vec_recipe_50_HOM_HALF,0.08127748,0.0969573,0.098745614,0.11842888,0.1075304,0.13253647
pony,P,word2vec_recipe_50_HOM_HALF,0.2346352,0.2565986,0.2779427,0.31686392,0.29677054,0.34888843
pit,H,word2vec_recipe_50_HOM_HALF,0.29511562,0.35766327,0.390958,0.44215792,0.42662612,0.46934637
farm,P,word2vec_recipe_50_HOM_HALF,0.32213843,0.35806847,0.3945904,0.3403139,0.41661018,0.3490378
subway,P,word2vec_recipe_50_HOM_HALF,0.19653079,0.23213047,0.23304999,0.2580073,0.24639316,0.26227054
honorable,P,word2vec_recipe_50_HOM_HALF,0.12090461,0.12034904,0.14593722,0.15498133,0.15620992,0.17187099
doubt,P,word2vec_recipe_50_HOM_HALF,0.23067617,0.16582428,0.26091245,0.16133858,0.2736094,0.16898486
occasion,P,word2vec_recipe_50_HOM_HALF,0.368241,0.2925498,0.41538534,0.28146592,0.4321273,0.2780884
mild,P,word2vec_recipe_50_HOM_HALF,0.32207954,0.3140737,0.36936423,0.3534142,0.39008668,0.3780749
drunken,P,word2vec_recipe_50_HOM_HALF,0.29475147,0.3132699,0.3300739,0.32866314,0.34436044,0.33245143
gear,P,word2vec_recipe_50_HOM_HALF,0.239449,0.22137256,0.2744986,0.25204474,0.2884374,0.2551099
dark,P,word2vec_recipe_50_HOM_HALF,0.3855874,0.39857975,0.44880253,0.47686046,0.47256553,0.48491973
potent,P,word2vec_recipe_50_HOM_HALF,0.23383121,0.24465385,0.28595573,0.27497318,0.3079296,0.29428467
trademark,P,word2vec_recipe_50_HOM_HALF,0.17297545,0.14663899,0.20815359,0.17327286,0.22525312,0.19434728
oxide,M,word2vec_recipe_50_HOM_HALF,0.19426295,0.284899,0.2539943,0.34632778,0.27580205,0.35537282
pleasure,P,word2vec_recipe_50_HOM_HALF,0.20908871,0.18087494,0.24293396,0.20751926,0.25580302,0.21703807
definite,P,word2vec_recipe_50_HOM_HALF,0.4388693,0.4570548,0.50041026,0.3806816,0.5183571,0.36567506
snowball,P,word2vec_recipe_50_HOM_HALF,0.3180197,0.23916394,0.35406184,0.2655941,0.36902702,0.2641647
movement,P,word2vec_recipe_50_HOM_HALF,0.26895592,0.3157399,0.34547856,0.37078816,0.37150002,0.37432867
strengthen,P,word2vec_recipe_50_HOM_HALF,0.34881702,0.3048229,0.402562,0.33691028,0.4202687,0.34236845
sesame,P,word2vec_recipe_50_HOM_HALF,0.26736155,0.29495126,0.33969003,0.3777498,0.37435502,0.3955668
summertime,M,word2vec_recipe_50_HOM_HALF,0.25991175,0.30299202,0.31186667,0.34404263,0.32836297,0.35338417
attitude,P,word2vec_recipe_50_HOM_HALF,0.19918124,0.18125391,0.22755106,0.21673955,0.2378617,0.22882691
homework,M,word2vec_recipe_50_HOM_HALF,0.09966226,0.10926462,0.11946099,0.13142374,0.1294199,0.14374383
careless,P,word2vec_recipe_50_HOM_HALF,0.09513377,0.09702188,0.11366899,0.12513794,0.123857014,0.13829377
delivery,P,word2vec_recipe_50_HOM_HALF,0.17399076,0.12692705,0.19878668,0.15293899,0.2105925,0.16735287
smoke,P,word2vec_recipe_50_HOM_HALF,0.38295397,0.31362733,0.44829246,0.43441874,0.4722515,0.45358133
hook,P,word2vec_recipe_50_HOM_HALF,0.30768204,0.40651146,0.42145595,0.5041914,0.46627587,0.53241813
tit,H,word2vec_recipe_50_HOM_HALF,0.18630418,0.15211812,0.21244375,0.17175691,0.22367524,0.18669721
brochure,M,word2vec_recipe_50_HOM_HALF,0.18541941,0.19955027,0.21318722,0.24560776,0.22448093,0.2648542
account,P,word2vec_recipe_50_HOM_HALF,0.3180409,0.28957596,0.36319974,0.30749926,0.38019034,0.2942937
prick,P,word2vec_recipe_50_HOM_HALF,0.3133986,0.37229303,0.44039452,0.48099405,0.48251694,0.48699394
gather,P,word2vec_recipe_50_HOM_HALF,0.36721838,0.43908632,0.42753088,0.4454621,0.45059967,0.43962735
cocoon,P,word2vec_recipe_50_HOM_HALF,0.2238557,0.21077067,0.26865038,0.27015555,0.28830266,0.30125204
sheep,P,word2vec_recipe_50_HOM_HALF,0.35080183,0.35432708,0.39842018,0.38439298,0.41558045,0.3800371
lettuce,P,word2vec_recipe_50_HOM_HALF,0.2607222,0.32371098,0.37027523,0.4129563,0.41101918,0.42297035
fool,P,word2vec_recipe_50_HOM_HALF,0.33204728,0.36766648,0.39589545,0.41347715,0.42024657,0.41370028
rave,P,word2vec_recipe_50_HOM_HALF,0.24813652,0.25458294,0.28837928,0.23421434,0.30207387,0.23372915
stream,P,word2vec_recipe_50_HOM_HALF,0.30483273,0.39372522,0.4377384,0.4926711,0.4848577,0.50053823
tricky,P,word2vec_recipe_50_HOM_HALF,0.25097185,0.21697159,0.29220346,0.19491233,0.30711746,0.20002532
decisive,P,word2vec_recipe_50_HOM_HALF,0.22875896,0.2594361,0.27345553,0.2939782,0.2929612,0.31217209
intake,P,word2vec_recipe_50_HOM_HALF,0.29217306,0.2787944,0.34611958,0.3027747,0.3610857,0.28812963
mess,P,word2vec_recipe_50_HOM_HALF,0.2827457,0.23864262,0.32547605,0.22413498,0.3404072,0.22149527
describe,P,word2vec_recipe_50_HOM_HALF,0.19655636,0.15410422,0.22159432,0.15470283,0.2320165,0.16281354
flock,H,word2vec_recipe_50_HOM_HALF,0.1712832,0.16420841,0.19331658,0.18130696,0.20266868,0.19434531
grab,P,word2vec_recipe_50_HOM_HALF,0.3706563,0.31329927,0.41900608,0.34092402,0.43621415,0.33997962
sucker,P,word2vec_recipe_50_HOM_HALF,0.28297192,0.29478565,0.33154827,0.3195133,0.34938905,0.34162778
den,P,word2vec_recipe_50_HOM_HALF,0.23950657,0.21664913,0.2772078,0.26876757,0.2925528,0.26983458
encore,P,word2vec_recipe_50_HOM_HALF,0.15011336,0.14278916,0.17221096,0.16815789,0.18220791,0.17855017
ambition,P,word2vec_recipe_50_HOM_HALF,0.17074965,0.18863942,0.20237614,0.20709404,0.21317682,0.20874351
middle,P,word2vec_recipe_50_HOM_HALF,0.35023022,0.3871125,0.44303638,0.39777422,0.46723977,0.407176
feather,P,word2vec_recipe_50_HOM_HALF,0.3783465,0.34742883,0.4251891,0.3648047,0.44178748,0.37104562
motel,M,word2vec_recipe_50_HOM_HALF,0.1305435,0.14488247,0.15174179,0.17183426,0.16174042,0.18198396
drastic,P,word2vec_recipe_50_HOM_HALF,0.09531405,0.11047165,0.114204735,0.13190477,0.1239267,0.15009196
nail,P,word2vec_recipe_50_HOM_HALF,0.28549245,0.2853804,0.3324793,0.31480575,0.35129347,0.33741674
knit,P,word2vec_recipe_50_HOM_HALF,0.17629859,0.1891858,0.20571212,0.21942046,0.2192675,0.23190291
confession,P,word2vec_recipe_50_HOM_HALF,0.13743687,0.109439395,0.16119236,0.13426779,0.17213066,0.14750373
vicious,P,word2vec_recipe_50_HOM_HALF,0.17912507,0.16199547,0.20621854,0.19387397,0.21646069,0.21385668
nest,P,word2vec_recipe_50_HOM_HALF,0.3687689,0.41421962,0.44951755,0.46933526,0.47551125,0.45594716
dreamy,P,word2vec_recipe_50_HOM_HALF,0.2833083,0.27662432,0.32664323,0.30211598,0.3431587,0.31167498
hut,P,word2vec_recipe_50_HOM_HALF,0.26223442,0.27577686,0.3166716,0.3043732,0.335383,0.29783306
rhythm,P,word2vec_recipe_50_HOM_HALF,0.20396149,0.20320606,0.23601982,0.21184875,0.24890491,0.21795884
instruct,P,word2vec_recipe_50_HOM_HALF,0.27691823,0.22498989,0.3134376,0.23369405,0.32751626,0.2384793
perform,P,word2vec_recipe_50_HOM_HALF,0.29614657,0.26633418,0.34883747,0.29224488,0.36839515,0.28697026
upstate,P,word2vec_recipe_50_HOM_HALF,0.14860216,0.16574511,0.16886425,0.18839556,0.1778127,0.19847381
kit,P,word2vec_recipe_50_HOM_HALF,0.37780496,0.37974334,0.42909133,0.37765908,0.44642457,0.38715738
producer,P,word2vec_recipe_50_HOM_HALF,0.09924589,0.116825104,0.12611131,0.15729202,0.138481,0.1736531
monster,P,word2vec_recipe_50_HOM_HALF,0.2770795,0.24180111,0.3227414,0.2925352,0.34150028,0.31125036
goofy,M,word2vec_recipe_50_HOM_HALF,0.15629044,0.16259821,0.18035705,0.17544754,0.19152942,0.18683611
perk,H,word2vec_recipe_50_HOM_HALF,0.34729627,0.3721503,0.46216816,0.47667667,0.49813554,0.488543
shaft,P,word2vec_recipe_50_HOM_HALF,0.26740134,0.32900894,0.33308217,0.3772956,0.35980648,0.3910673
suck,P,word2vec_recipe_50_HOM_HALF,0.27853385,0.26637188,0.32117996,0.28200117,0.33770218,0.28837335
primal,P,word2vec_recipe_50_HOM_HALF,0.23930831,0.22788852,0.27169085,0.23796192,0.28395978,0.23775977
invasion,P,word2vec_recipe_50_HOM_HALF,0.13238505,0.15057686,0.15706068,0.18892752,0.16693176,0.19977184
visa,P,word2vec_recipe_50_HOM_HALF,0.16982244,0.11946945,0.19240688,0.14813377,0.20159447,0.15693201
differ,P,word2vec_recipe_50_HOM_HALF,0.24374907,0.2826774,0.31381834,0.29681072,0.33872715,0.3072321
margin,P,word2vec_recipe_50_HOM_HALF,0.3235806,0.3279452,0.41154033,0.3130011,0.43720046,0.29771364
explosion,P,word2vec_recipe_50_HOM_HALF,0.33955115,0.3234442,0.38758737,0.34182373,0.40380505,0.3449249
disregard,P,word2vec_recipe_50_HOM_HALF,0.3422839,0.24550976,0.3811542,0.26427808,0.39427367,0.25579828
rear,H,word2vec_recipe_50_HOM_HALF,0.24539094,0.21319805,0.29829043,0.3138102,0.32504487,0.35262746
counter,H,word2vec_recipe_50_HOM_HALF,0.31314018,0.32776624,0.39773127,0.4064583,0.42856583,0.4085921
redneck,P,word2vec_recipe_50_HOM_HALF,0.19120118,0.17978615,0.21903306,0.19015285,0.229622,0.20174508
familiar,P,word2vec_recipe_50_HOM_HALF,0.24455662,0.24108724,0.27633944,0.22627963,0.28925908,0.22535972
outfit,P,word2vec_recipe_50_HOM_HALF,0.28577042,0.32427704,0.33928862,0.38355517,0.3624473,0.39942616
hunt,P,word2vec_recipe_50_HOM_HALF,0.18516073,0.1298024,0.20825541,0.16760884,0.21894707,0.18162681
video,P,word2vec_recipe_50_HOM_HALF,0.2178894,0.23798534,0.28292054,0.27639213,0.30756968,0.26864275
trash,P,word2vec_recipe_50_HOM_HALF,0.35149118,0.422413,0.4243577,0.42773974,0.4480967,0.43339604
meter,H,word2vec_recipe_50_HOM_HALF,0.2744275,0.31118524,0.31537735,0.37111294,0.3317931,0.37621143
chopper,P,word2vec_recipe_50_HOM_HALF,0.3184801,0.3303747,0.40962556,0.40257177,0.45113197,0.44175348
orchard,P,word2vec_recipe_50_HOM_HALF,0.24295704,0.24945332,0.276836,0.26977465,0.29018834,0.2815555
scatter,P,word2vec_recipe_50_HOM_HALF,0.328697,0.43273804,0.41844517,0.44605336,0.44760254,0.4318327
winner,M,word2vec_recipe_50_HOM_HALF,0.24917677,0.24965936,0.2844248,0.26217726,0.30001083,0.2624312
mush,H,word2vec_recipe_50_HOM_HALF,0.37875944,0.387951,0.4311171,0.36617383,0.44734994,0.35878742
utility,P,word2vec_recipe_50_HOM_HALF,0.4133172,0.4251918,0.47781852,0.485314,0.5017529,0.4894746
action,P,word2vec_recipe_50_HOM_HALF,0.35332078,0.4001961,0.41535264,0.43419218,0.43775004,0.428213
rut,H,word2vec_recipe_50_HOM_HALF,0.1294333,0.11861788,0.1516387,0.14308274,0.16103451,0.15337756
melody,P,word2vec_recipe_50_HOM_HALF,0.19870467,0.20279369,0.22117794,0.21510786,0.23172599,0.2281688
television,P,word2vec_recipe_50_HOM_HALF,0.1482603,0.15090525,0.17525162,0.17014137,0.1882055,0.18295453
borrow,P,word2vec_recipe_50_HOM_HALF,0.13354476,0.11799496,0.15684985,0.1381063,0.16781265,0.15379839
danger,P,word2vec_recipe_50_HOM_HALF,0.27104124,0.24241637,0.31080338,0.2569625,0.32946014,0.26364458
script,P,word2vec_recipe_50_HOM_HALF,0.16524903,0.13438414,0.18640748,0.15222597,0.19597244,0.16527168
curb,P,word2vec_recipe_50_HOM_HALF,0.117721975,0.11713093,0.13755906,0.13940623,0.14754389,0.15065853
tile,P,word2vec_recipe_50_HOM_HALF,0.32062447,0.36503038,0.38433918,0.3935935,0.40456674,0.4007793
strategic,P,word2vec_recipe_50_HOM_HALF,0.22753422,0.22101681,0.2617102,0.25482416,0.27434975,0.26559308
normal,P,word2vec_recipe_50_HOM_HALF,0.2684084,0.24110027,0.30327594,0.22074153,0.31642318,0.23135366
diabetes,M,word2vec_recipe_50_HOM_HALF,0.1619026,0.15350078,0.18611647,0.1769812,0.19839084,0.18504559
partial,P,word2vec_recipe_50_HOM_HALF,0.29894766,0.19708598,0.3278615,0.19602202,0.3389677,0.20623489
mitt,P,word2vec_recipe_50_HOM_HALF,0.35140958,0.38265705,0.4420849,0.43807095,0.46925163,0.44587213
fence,P,word2vec_recipe_50_HOM_HALF,0.15899071,0.16854863,0.19616038,0.22059532,0.21891327,0.25211242
fork,P,word2vec_recipe_50_HOM_HALF,0.36970457,0.43878442,0.46828926,0.5170409,0.5137892,0.5289596
lick,P,word2vec_recipe_50_HOM_HALF,0.3214719,0.22584644,0.36660182,0.25343555,0.38112587,0.25503755
overcome,P,word2vec_recipe_50_HOM_HALF,0.12664074,0.11749629,0.15228689,0.15505615,0.16247046,0.16429992
steer,H,word2vec_recipe_50_HOM_HALF,0.30649298,0.23773508,0.3390907,0.25148827,0.35080326,0.2510912
hallway,P,word2vec_recipe_50_HOM_HALF,0.16169205,0.19277847,0.18986247,0.23628862,0.20151138,0.24999058
cheat,P,word2vec_recipe_50_HOM_HALF,0.30691987,0.24541809,0.3504426,0.24340789,0.36443496,0.25425115
single,P,word2vec_recipe_50_HOM_HALF,0.38620275,0.46952116,0.4733403,0.48975953,0.50296074,0.4742736
shirt,M,word2vec_recipe_50_HOM_HALF,0.18613327,0.19863655,0.23068687,0.25083426,0.25215644,0.2691353
flight,H,word2vec_recipe_50_HOM_HALF,0.14226766,0.16322157,0.16373989,0.18169616,0.17353155,0.19061348
mixer,P,word2vec_recipe_50_HOM_HALF,0.24783957,0.34179246,0.38413584,0.40299696,0.4370168,0.44074297
thankful,M,word2vec_recipe_50_HOM_HALF,0.12335765,0.09684444,0.14624822,0.13290873,0.15648492,0.14546284
muscle,P,word2vec_recipe_50_HOM_HALF,0.27379355,0.25224173,0.3414121,0.33937195,0.37396753,0.36606342
behave,P,word2vec_recipe_50_HOM_HALF,0.14694224,0.12961163,0.17360573,0.14735462,0.18643886,0.1639342
suitcase,M,word2vec_recipe_50_HOM_HALF,0.12766041,0.13151021,0.14935632,0.15441786,0.15847519,0.16767699
price,P,word2vec_recipe_50_HOM_HALF,0.24687514,0.23300779,0.2775194,0.24078594,0.29127997,0.24745041
glamorous,M,word2vec_recipe_50_HOM_HALF,0.14233081,0.12570056,0.16116394,0.14272876,0.1701173,0.15466861
bowel,P,word2vec_recipe_50_HOM_HALF,0.37488335,0.39563736,0.4634621,0.45537204,0.49107513,0.45161396
advance,P,word2vec_recipe_50_HOM_HALF,0.2983101,0.3716487,0.4232995,0.44232744,0.46778145,0.45768443
curl,P,word2vec_recipe_50_HOM_HALF,0.42372972,0.47340462,0.47971517,0.43320236,0.50051695,0.43692857
delete,M,word2vec_recipe_50_HOM_HALF,0.28432006,0.3527836,0.33688986,0.37447578,0.35792565,0.37492386
cannibal,P,word2vec_recipe_50_HOM_HALF,0.128275,0.14759499,0.15504529,0.18018651,0.16639064,0.19662783
rendezvous,P,word2vec_recipe_50_HOM_HALF,0.15500197,0.1695583,0.18818626,0.20356497,0.20097408,0.2117115
snow,P,word2vec_recipe_50_HOM_HALF,0.32326466,0.33764732,0.42206746,0.4296007,0.45563662,0.43689913
issue,P,word2vec_recipe_50_HOM_HALF,0.24343029,0.22478104,0.28796524,0.22704738,0.30370328,0.23200047
gorgeous,M,word2vec_recipe_50_HOM_HALF,0.25885192,0.29764616,0.3215671,0.35163385,0.34510303,0.36398336
lump,P,word2vec_recipe_50_HOM_HALF,0.45756617,0.46057284,0.5115943,0.43326318,0.52687675,0.42367768
cloth,P,word2vec_recipe_50_HOM_HALF,0.25977,0.2899725,0.39151207,0.42414483,0.44359306,0.45247212
faith,P,word2vec_recipe_50_HOM_HALF,0.28143695,0.27704373,0.43280286,0.3528418,0.4776288,0.35755664
doubtful,P,word2vec_recipe_50_HOM_HALF,0.08582499,0.091042936,0.106527336,0.12184898,0.11638048,0.13936327
salute,P,word2vec_recipe_50_HOM_HALF,0.30312127,0.25875074,0.3509091,0.30258712,0.37127566,0.34746495
sulfur,P,word2vec_recipe_50_HOM_HALF,0.15841484,0.16760418,0.18577796,0.1845104,0.19902691,0.20022438
deed,P,word2vec_recipe_50_HOM_HALF,0.099219404,0.10682594,0.116842546,0.12378773,0.12505634,0.13601008
heat,P,word2vec_recipe_50_HOM_HALF,0.3434467,0.31227446,0.3998423,0.3377688,0.42213494,0.35831305
unbearable,M,word2vec_recipe_50_HOM_HALF,0.13870609,0.14461404,0.15905184,0.1588352,0.16945125,0.16716191
ambitious,P,word2vec_recipe_50_HOM_HALF,0.17195189,0.16062087,0.20125097,0.15910529,0.21271116,0.1667773
noble,P,word2vec_recipe_50_HOM_HALF,0.1443029,0.14579564,0.17126219,0.17594238,0.18212236,0.18664303
crystal,P,word2vec_recipe_50_HOM_HALF,0.38540614,0.35783073,0.4399916,0.38160336,0.4596844,0.38628995
underwater,P,word2vec_recipe_50_HOM_HALF,0.37231314,0.40842673,0.43648458,0.40954003,0.4583742,0.4210515
spaghetti,P,word2vec_recipe_50_HOM_HALF,0.21191481,0.26062733,0.3152378,0.36191353,0.35529533,0.39058992
pocket,P,word2vec_recipe_50_HOM_HALF,0.38128087,0.42443115,0.43624863,0.4618877,0.4581238,0.46855167
mental,P,word2vec_recipe_50_HOM_HALF,0.18337046,0.16122025,0.20936048,0.16745894,0.2200808,0.17431043
clipper,P,word2vec_recipe_50_HOM_HALF,0.13499309,0.14014466,0.15812546,0.16441771,0.16846216,0.17682223
jar,H,word2vec_recipe_50_HOM_HALF,0.26310223,0.32611954,0.34790897,0.39145684,0.3951474,0.4383251
minimal,M,word2vec_recipe_50_HOM_HALF,0.35114825,0.3024748,0.3902027,0.282916,0.40506876,0.28237987
coin,P,word2vec_recipe_50_HOM_HALF,0.31110185,0.2530814,0.36962304,0.3179508,0.39112818,0.34314454
rejoice,P,word2vec_recipe_50_HOM_HALF,0.14818028,0.13104953,0.17350294,0.15221961,0.18369716,0.1673273
giraffe,M,word2vec_recipe_50_HOM_HALF,0.17363296,0.19501793,0.20119087,0.22326843,0.21293654,0.2320529
informal,P,word2vec_recipe_50_HOM_HALF,0.1903482,0.19386725,0.22148637,0.21022722,0.23401833,0.21685255
inner,P,word2vec_recipe_50_HOM_HALF,0.30556208,0.3195537,0.3679228,0.33288977,0.39450386,0.35801622
attendance,P,word2vec_recipe_50_HOM_HALF,0.1279466,0.12244432,0.14573872,0.14466245,0.15337151,0.15565312
utter,H,word2vec_recipe_50_HOM_HALF,0.32014656,0.2792127,0.35853562,0.30163774,0.37341326,0.31084028
mankind,P,word2vec_recipe_50_HOM_HALF,0.101034805,0.11069069,0.1179142,0.13363363,0.12651473,0.1452993
blob,P,word2vec_recipe_50_HOM_HALF,0.32042295,0.39897168,0.42713046,0.50645685,0.4573656,0.5011242
discard,P,word2vec_recipe_50_HOM_HALF,0.33391348,0.38101307,0.41507193,0.4137399,0.44449726,0.43926698
beetle,H,word2vec_recipe_50_HOM_HALF,0.20620306,0.19415121,0.24360077,0.2467781,0.26166546,0.2712333
pimple,M,word2vec_recipe_50_HOM_HALF,0.1732305,0.17631355,0.2001073,0.19163814,0.21123524,0.19833623
effort,P,word2vec_recipe_50_HOM_HALF,0.26595008,0.2425489,0.30480424,0.23089202,0.31920567,0.22287989
fish,P,word2vec_recipe_50_HOM_HALF,0.20975924,0.23474279,0.32173878,0.37396395,0.3760124,0.42005005
dust,P,word2vec_recipe_50_HOM_HALF,0.37536585,0.4357769,0.46788177,0.43972427,0.49481115,0.44616485
shortcut,P,word2vec_recipe_50_HOM_HALF,0.30591458,0.31398356,0.353825,0.35595417,0.37101746,0.36011434
lift,P,word2vec_recipe_50_HOM_HALF,0.32308096,0.38494384,0.3892359,0.39943466,0.4121041,0.38857543
pig,P,word2vec_recipe_50_HOM_HALF,0.30245957,0.3716787,0.36209637,0.41365126,0.38580284,0.4187469
molasses,M,word2vec_recipe_50_HOM_HALF,0.3313727,0.4256881,0.41556367,0.45376933,0.4410911,0.44384414
belt,P,word2vec_recipe_50_HOM_HALF,0.19276081,0.19831322,0.23432879,0.24234058,0.25743657,0.26935077
uniform,P,word2vec_recipe_50_HOM_HALF,0.32715458,0.37704438,0.39686054,0.42584214,0.42489448,0.43907443
homestead,P,word2vec_recipe_50_HOM_HALF,0.12522203,0.12815389,0.1460827,0.14634785,0.15567365,0.16066521
apparent,P,word2vec_recipe_50_HOM_HALF,0.26149896,0.25742105,0.3199538,0.31899253,0.34169456,0.32652947
arrest,P,word2vec_recipe_50_HOM_HALF,0.27761212,0.34159833,0.35302016,0.40600654,0.3814343,0.41852152
link,P,word2vec_recipe_50_HOM_HALF,0.31186935,0.2594451,0.37682548,0.35517398,0.40050262,0.3501542
solo,P,word2vec_recipe_50_HOM_HALF,0.39300084,0.323684,0.43515882,0.36988643,0.4489864,0.37762797
adore,P,word2vec_recipe_50_HOM_HALF,0.116326965,0.10547771,0.13676022,0.13404985,0.14726314,0.14689966
floss,P,word2vec_recipe_50_HOM_HALF,0.34070784,0.34739104,0.40765363,0.35813466,0.4286891,0.36652762
lawn,H,word2vec_recipe_50_HOM_HALF,0.189802,0.22026066,0.22559,0.25572306,0.2417339,0.2674696
commodity,P,word2vec_recipe_50_HOM_HALF,0.11378646,0.12053289,0.13118388,0.13893242,0.13893616,0.14749487
righteous,P,word2vec_recipe_50_HOM_HALF,0.17782968,0.18939239,0.1997878,0.21624082,0.20941852,0.23106739
wagon,P,word2vec_recipe_50_HOM_HALF,0.34684548,0.3290145,0.39088547,0.2735191,0.4062928,0.27831352
allowance,P,word2vec_recipe_50_HOM_HALF,0.21158922,0.17659664,0.25067025,0.25834644,0.26531577,0.27891845
decorate,P,word2vec_recipe_50_HOM_HALF,0.27285734,0.3079527,0.35116342,0.35621694,0.3843695,0.38033822
smack,H,word2vec_recipe_50_HOM_HALF,0.28981602,0.38043022,0.3711849,0.42972496,0.40072098,0.44529623
chapel,P,word2vec_recipe_50_HOM_HALF,0.12855811,0.1333398,0.15234904,0.15715894,0.16284616,0.17310394
marvel,P,word2vec_recipe_50_HOM_HALF,0.26729196,0.23181137,0.2994492,0.23708338,0.31242144,0.24694912
furry,P,word2vec_recipe_50_HOM_HALF,0.22716212,0.26109666,0.32619485,0.352348,0.3613618,0.3701294
stag,P,word2vec_recipe_50_HOM_HALF,0.12162167,0.13816322,0.14248687,0.15920994,0.15112814,0.17059211
assemble,P,word2vec_recipe_50_HOM_HALF,0.42218074,0.46155426,0.5107932,0.42965084,0.5331166,0.4327039
box,H,word2vec_recipe_50_HOM_HALF,0.3010351,0.30617228,0.40936002,0.43491182,0.4543435,0.45335814
orbit,P,word2vec_recipe_50_HOM_HALF,0.10122113,0.12022047,0.12916785,0.15960832,0.14368841,0.17583516
laundry,P,word2vec_recipe_50_HOM_HALF,0.24340841,0.25173163,0.29339805,0.29020575,0.3144781,0.29079732
commit,P,word2vec_recipe_50_HOM_HALF,0.117345765,0.1130742,0.13487913,0.13806584,0.14302847,0.14872085
net,H,word2vec_recipe_50_HOM_HALF,0.2965507,0.20155495,0.33224434,0.15109421,0.3426011,0.12960096
hike,P,word2vec_recipe_50_HOM_HALF,0.22386436,0.19876698,0.25687984,0.21737342,0.26987875,0.22950958
slipper,M,word2vec_recipe_50_HOM_HALF,0.2468658,0.25573358,0.28063655,0.28260016,0.2962383,0.29130366
civil,P,word2vec_recipe_50_HOM_HALF,0.13835862,0.12300886,0.16527604,0.15850051,0.17899437,0.17295536
author,P,word2vec_recipe_50_HOM_HALF,0.17963155,0.2042733,0.21439257,0.20740694,0.23090908,0.2263072
meaningful,M,word2vec_recipe_50_HOM_HALF,0.18688755,0.19140121,0.22042668,0.20361006,0.23344174,0.2098786
importance,P,word2vec_recipe_50_HOM_HALF,0.13512728,0.11987554,0.15599683,0.14272669,0.16538697,0.15209875
venture,P,word2vec_recipe_50_HOM_HALF,0.09526411,0.09256966,0.115855716,0.11901297,0.12505813,0.13512322
shovel,P,word2vec_recipe_50_HOM_HALF,0.35039762,0.37999687,0.42622352,0.39651844,0.4502408,0.40878075
finish,P,word2vec_recipe_50_HOM_HALF,0.38513678,0.38880837,0.44272453,0.34712192,0.46090347,0.3476495
discomfort,P,word2vec_recipe_50_HOM_HALF,0.16888578,0.15996979,0.19878456,0.19395056,0.21143019,0.20227957
tire,H,word2vec_recipe_50_HOM_HALF,0.20828226,0.21909283,0.24242978,0.25688517,0.2571335,0.2741644
garden,P,word2vec_recipe_50_HOM_HALF,0.2913182,0.32581887,0.33824167,0.32094264,0.35593125,0.3213993
rearrange,P,word2vec_recipe_50_HOM_HALF,0.42643347,0.43742046,0.4936687,0.42879,0.51491034,0.43805185
deluxe,P,word2vec_recipe_50_HOM_HALF,0.20012906,0.16816042,0.2328927,0.17275149,0.24837941,0.19130069
patron,P,word2vec_recipe_50_HOM_HALF,0.13026254,0.14846039,0.16805601,0.19442266,0.18955182,0.22807534
goody,P,word2vec_recipe_50_HOM_HALF,0.17617628,0.1668034,0.20696244,0.1957281,0.22045353,0.20010781
previous,P,word2vec_recipe_50_HOM_HALF,0.37868032,0.41027835,0.43671802,0.39797217,0.45599982,0.3953466
outlet,P,word2vec_recipe_50_HOM_HALF,0.18151407,0.21052021,0.2158395,0.2395095,0.23083346,0.25486308
comparison,P,word2vec_recipe_50_HOM_HALF,0.16055802,0.13990395,0.18468446,0.15189396,0.1953445,0.16649868
electric,P,word2vec_recipe_50_HOM_HALF,0.28486797,0.30196866,0.40615898,0.41667438,0.4566041,0.43469405
bathroom,P,word2vec_recipe_50_HOM_HALF,0.26253766,0.27386177,0.3055833,0.30790445,0.32463753,0.32379946
sheer,H,word2vec_recipe_50_HOM_HALF,0.2325097,0.19095552,0.2656501,0.20510793,0.27944183,0.21088642
insist,P,word2vec_recipe_50_HOM_HALF,0.2917821,0.21754509,0.3398367,0.21670823,0.35326204,0.22404368
original,P,word2vec_recipe_50_HOM_HALF,0.3505571,0.25555888,0.39083484,0.22978716,0.4056009,0.2501233
cheesecake,P,word2vec_recipe_50_HOM_HALF,0.2869467,0.38511947,0.3779064,0.44056827,0.4081668,0.44429517
unprepared,P,word2vec_recipe_50_HOM_HALF,0.2913476,0.20825924,0.3784684,0.33110863,0.4183735,0.373723
ignite,P,word2vec_recipe_50_HOM_HALF,0.3002876,0.3437903,0.4302564,0.4932323,0.47345793,0.5164858
spotlight,P,word2vec_recipe_50_HOM_HALF,0.18450342,0.19314842,0.21166681,0.21614075,0.22297908,0.22823507
stage,P,word2vec_recipe_50_HOM_HALF,0.25778496,0.19382074,0.36350605,0.3437051,0.4352121,0.44446114
multiple,P,word2vec_recipe_50_HOM_HALF,0.35146433,0.3320307,0.40214992,0.3300561,0.41806424,0.32981327
protector,P,word2vec_recipe_50_HOM_HALF,0.37572256,0.39832214,0.44081497,0.46091494,0.4634417,0.46166494
creep,P,word2vec_recipe_50_HOM_HALF,0.21831627,0.18184926,0.24909301,0.20615129,0.26315767,0.2171948
sharpen,M,word2vec_recipe_50_HOM_HALF,0.35274798,0.38273957,0.4038744,0.40646437,0.4227081,0.42000014
nonsense,P,word2vec_recipe_50_HOM_HALF,0.13330448,0.118968144,0.15520102,0.14190027,0.16509281,0.15400523
absolute,P,word2vec_recipe_50_HOM_HALF,0.27234432,0.24040931,0.30888337,0.25598583,0.32292,0.25894767
nasty,P,word2vec_recipe_50_HOM_HALF,0.24569395,0.26374522,0.29578102,0.28506678,0.3155203,0.2918301
mermaid,M,word2vec_recipe_50_HOM_HALF,0.21293843,0.24291849,0.25396165,0.29272744,0.27194065,0.3034635
flash,P,word2vec_recipe_50_HOM_HALF,0.4673702,0.49161,0.5172433,0.46053007,0.5329956,0.44812775
piggyback,P,word2vec_recipe_50_HOM_HALF,0.17030764,0.20405667,0.19356658,0.2392573,0.20373417,0.2518515
blind,P,word2vec_recipe_50_HOM_HALF,0.3828324,0.42819932,0.48566052,0.504684,0.5135174,0.5131647
billion,P,word2vec_recipe_50_HOM_HALF,0.21420702,0.17655784,0.23915555,0.17533416,0.24939321,0.18175581
stock,P,word2vec_recipe_50_HOM_HALF,0.2594485,0.29728127,0.3635337,0.4038616,0.39625108,0.40629572
messy,P,word2vec_recipe_50_HOM_HALF,0.25135103,0.2357275,0.28965646,0.21909663,0.30434892,0.22291695
doorway,M,word2vec_recipe_50_HOM_HALF,0.1423665,0.16303994,0.17945154,0.21304803,0.20142074,0.24732497
farmers,M,word2vec_recipe_50_HOM_HALF,0.3204819,0.30370975,0.3711699,0.33016324,0.387681,0.32420194
suit,P,word2vec_recipe_50_HOM_HALF,0.25738224,0.29482266,0.34719265,0.36535746,0.38138434,0.37370497
seaweed,P,word2vec_recipe_50_HOM_HALF,0.23615932,0.32365924,0.3037941,0.3644285,0.34142122,0.38614723
heartbreak,M,word2vec_recipe_50_HOM_HALF,0.112320185,0.14666991,0.13708876,0.1841479,0.14722727,0.1918946
fountain,P,word2vec_recipe_50_HOM_HALF,0.27112573,0.26759008,0.31292784,0.30062872,0.33533496,0.31868127
planet,P,word2vec_recipe_50_HOM_HALF,0.20365629,0.16779149,0.22764662,0.18287192,0.23765013,0.19191977
vacation,P,word2vec_recipe_50_HOM_HALF,0.1692206,0.15840855,0.1954728,0.18924907,0.20712866,0.20295502
necessary,P,word2vec_recipe_50_HOM_HALF,0.28893128,0.25422058,0.40061986,0.31728193,0.4344507,0.3419062
ninth,P,word2vec_recipe_50_HOM_HALF,0.22873132,0.28880253,0.29770607,0.30021596,0.32028413,0.2901941
blame,P,word2vec_recipe_50_HOM_HALF,0.11651321,0.115282,0.14066888,0.14272176,0.15290056,0.15441756
doorknob,M,word2vec_recipe_50_HOM_HALF,0.14876424,0.16668804,0.19002685,0.22857508,0.2114775,0.26044604
mutt,M,word2vec_recipe_50_HOM_HALF,0.10153971,0.12080028,0.12310757,0.14392146,0.13445199,0.1615135
height,P,word2vec_recipe_50_HOM_HALF,0.353048,0.3826662,0.40793732,0.37366635,0.4268547,0.36735582
sensual,P,word2vec_recipe_50_HOM_HALF,0.16298752,0.15972228,0.18613645,0.19338556,0.19552632,0.1977403
contestant,P,word2vec_recipe_50_HOM_HALF,0.3040864,0.26255322,0.35783252,0.27416283,0.37868127,0.2903285
jig,H,word2vec_recipe_50_HOM_HALF,0.15768424,0.19306919,0.19394684,0.24175513,0.20712125,0.2517394
screwball,P,word2vec_recipe_50_HOM_HALF,0.09652682,0.11941616,0.12809813,0.15451016,0.14431547,0.17203954
cartoon,P,word2vec_recipe_50_HOM_HALF,0.2166946,0.21119313,0.24763446,0.21813738,0.26003423,0.23584929
tunnel,P,word2vec_recipe_50_HOM_HALF,0.363086,0.35050973,0.41824013,0.40109974,0.4381303,0.4134169
vessel,P,word2vec_recipe_50_HOM_HALF,0.38514698,0.41313893,0.43833652,0.4547276,0.4585907,0.462851
weapon,P,word2vec_recipe_50_HOM_HALF,0.23424812,0.18368912,0.26540643,0.1910719,0.27901706,0.2060898
peroxide,P,word2vec_recipe_50_HOM_HALF,0.21580748,0.23088925,0.27810162,0.29423332,0.30286467,0.30375165
contact,P,word2vec_recipe_50_HOM_HALF,0.419396,0.3879923,0.47581553,0.4325604,0.4969368,0.42917177
neutralize,P,word2vec_recipe_50_HOM_HALF,0.20043579,0.20788549,0.24699907,0.23559368,0.26682857,0.25490302
slight,P,word2vec_recipe_50_HOM_HALF,0.39776924,0.3741432,0.45143697,0.38546726,0.47283685,0.40435916
stubborn,P,word2vec_recipe_50_HOM_HALF,0.26653305,0.28351653,0.31795824,0.32525864,0.34016183,0.3352377
ruler,P,word2vec_recipe_50_HOM_HALF,0.2703415,0.3136481,0.3341787,0.32677978,0.35783616,0.3407396
maximum,P,word2vec_recipe_50_HOM_HALF,0.37149566,0.4206862,0.42961532,0.37647256,0.44891876,0.3837548
signal,P,word2vec_recipe_50_HOM_HALF,0.335516,0.33074614,0.4511288,0.412075,0.49143454,0.45434332
ramp,P,word2vec_recipe_50_HOM_HALF,0.32424355,0.3947604,0.40066525,0.45039454,0.4279386,0.4493812
wrapped,P,word2vec_recipe_50_HOM_HALF,0.37572348,0.47228137,0.46370846,0.5229564,0.49258408,0.5217327
custard,M,word2vec_recipe_50_HOM_HALF,0.31438845,0.43224263,0.4063813,0.47722217,0.43529594,0.4898079
component,P,word2vec_recipe_50_HOM_HALF,0.29235977,0.23217674,0.3265008,0.24067962,0.3400345,0.24922217
suspension,P,word2vec_recipe_50_HOM_HALF,0.24663135,0.23175384,0.28229752,0.27516758,0.297191,0.28466666
code,P,word2vec_recipe_50_HOM_HALF,0.18971305,0.15238598,0.21890785,0.16957983,0.23092945,0.18662232
loosen,P,word2vec_recipe_50_HOM_HALF,0.3632875,0.39234337,0.46662667,0.46217784,0.50022453,0.46461797
generous,P,word2vec_recipe_50_HOM_HALF,0.35235775,0.4448954,0.4369432,0.4844713,0.4651413,0.47802275
ham,H,word2vec_recipe_50_HOM_HALF,0.3294082,0.44056815,0.38777184,0.429158,0.41340274,0.4338056
exist,P,word2vec_recipe_50_HOM_HALF,0.21568021,0.18194519,0.24950962,0.18891619,0.262477,0.20062809
shout,P,word2vec_recipe_50_HOM_HALF,0.16947262,0.13187341,0.19747348,0.15920162,0.20914331,0.18056472
bold,P,word2vec_recipe_50_HOM_HALF,0.22966516,0.19866844,0.275759,0.2444434,0.29654542,0.27799225
torture,P,word2vec_recipe_50_HOM_HALF,0.1312727,0.11823997,0.15389736,0.13804856,0.16409071,0.15118013
wrecking,P,word2vec_recipe_50_HOM_HALF,0.107467294,0.12964538,0.12569156,0.14850633,0.1337761,0.16188283
shampoo,P,word2vec_recipe_50_HOM_HALF,0.26067668,0.2518112,0.3399812,0.331913,0.3744027,0.36934793
mare,H,word2vec_recipe_50_HOM_HALF,0.12351446,0.11859688,0.16353573,0.17421713,0.185603,0.19747636
bundle,P,word2vec_recipe_50_HOM_HALF,0.32076126,0.40593368,0.40262708,0.44665962,0.43188652,0.45077905
snag,P,word2vec_recipe_50_HOM_HALF,0.1251001,0.13446306,0.14690816,0.1502511,0.1564136,0.15895604
method,P,word2vec_recipe_50_HOM_HALF,0.2817608,0.27819723,0.3476943,0.33596456,0.37129197,0.34741977
blazer,M,word2vec_recipe_50_HOM_HALF,0.29581967,0.257194,0.3362544,0.28167427,0.35094246,0.28302598
approach,P,word2vec_recipe_50_HOM_HALF,0.23397799,0.16240697,0.26292598,0.16859348,0.27427167,0.18271
anchor,P,word2vec_recipe_50_HOM_HALF,0.30366927,0.2837737,0.3472323,0.28259015,0.36537215,0.31595883
rattle,P,word2vec_recipe_50_HOM_HALF,0.23008828,0.233102,0.27217242,0.26289874,0.2874284,0.2742559
espresso,M,word2vec_recipe_50_HOM_HALF,0.24021015,0.3058083,0.34965202,0.4017051,0.3902942,0.43034473
quit,P,word2vec_recipe_50_HOM_HALF,0.23619659,0.19990967,0.27157423,0.19685246,0.28664443,0.20606837
slate,P,word2vec_recipe_50_HOM_HALF,0.28894737,0.30505538,0.33573338,0.34846446,0.3546318,0.36944228
repair,H,word2vec_recipe_50_HOM_HALF,0.2521054,0.24822235,0.31061187,0.293294,0.33166876,0.30745178
create,P,word2vec_recipe_50_HOM_HALF,0.35825405,0.43122384,0.42474973,0.41246727,0.45009983,0.39038345
foil,H,word2vec_recipe_50_HOM_HALF,0.24109061,0.27252373,0.36057183,0.36118364,0.40377662,0.37859347
physician,P,word2vec_recipe_50_HOM_HALF,0.103858545,0.11700399,0.12757924,0.14647077,0.13895884,0.16118085
leaky,P,word2vec_recipe_50_HOM_HALF,0.17022319,0.16206086,0.1999342,0.19980556,0.21112701,0.20625512
rough,P,word2vec_recipe_50_HOM_HALF,0.3486484,0.3917244,0.4164482,0.4627886,0.4430983,0.4816353
month,P,word2vec_recipe_50_HOM_HALF,0.27778214,0.33834335,0.40877196,0.3986875,0.45036247,0.42508906
indicate,P,word2vec_recipe_50_HOM_HALF,0.28892642,0.3067671,0.34013683,0.30434638,0.35785303,0.29934907
dispatch,P,word2vec_recipe_50_HOM_HALF,0.20979314,0.21794754,0.24024923,0.25127047,0.25249654,0.25112787
jazz,M,word2vec_recipe_50_HOM_HALF,0.30551997,0.293031,0.35380104,0.28399077,0.37245855,0.28935692
incorrect,P,word2vec_recipe_50_HOM_HALF,0.14952865,0.14949146,0.17026216,0.16421735,0.1805945,0.17872302
watermelon,P,word2vec_recipe_50_HOM_HALF,0.2428151,0.29173508,0.33836517,0.35499328,0.3730555,0.38127798
ritual,P,word2vec_recipe_50_HOM_HALF,0.15726486,0.13880895,0.18126422,0.1505901,0.1907322,0.16850312
interior,P,word2vec_recipe_50_HOM_HALF,0.36706242,0.43077376,0.4597184,0.45172572,0.48541397,0.443059
porch,P,word2vec_recipe_50_HOM_HALF,0.26224765,0.2576348,0.31811178,0.31844905,0.33886218,0.32702225
unload,P,word2vec_recipe_50_HOM_HALF,0.14076069,0.16832672,0.16552351,0.18998927,0.17582281,0.20260967
radius,P,word2vec_recipe_50_HOM_HALF,0.19416136,0.20847493,0.23094027,0.24715544,0.2468789,0.27350917
camp,H,word2vec_recipe_50_HOM_HALF,0.3110953,0.32102668,0.36402184,0.3148659,0.38183975,0.30463457
college,P,word2vec_recipe_50_HOM_HALF,0.20846781,0.19430608,0.24085897,0.22798394,0.25281885,0.23478608
stalk,H,word2vec_recipe_50_HOM_HALF,0.2700823,0.31917483,0.352965,0.39460528,0.3877277,0.41269946
accord,P,word2vec_recipe_50_HOM_HALF,0.335106,0.32154068,0.39079022,0.3423478,0.41122726,0.3430566
unreal,P,word2vec_recipe_50_HOM_HALF,0.10779934,0.13592465,0.12794109,0.1590831,0.1365067,0.1724822
spider,M,word2vec_recipe_50_HOM_HALF,0.39347154,0.41318145,0.44835836,0.38347587,0.46834683,0.38996282
sweetheart,P,word2vec_recipe_50_HOM_HALF,0.20473596,0.20770237,0.24497692,0.2426775,0.2612002,0.24733181
torso,P,word2vec_recipe_50_HOM_HALF,0.17438014,0.19434835,0.22193526,0.2524335,0.246417,0.28192374
animal,P,word2vec_recipe_50_HOM_HALF,0.3365252,0.3143485,0.38387108,0.3563731,0.3996446,0.3497232
climb,P,word2vec_recipe_50_HOM_HALF,0.3453361,0.37193146,0.4105415,0.40099835,0.4339778,0.4160291
detergent,P,word2vec_recipe_50_HOM_HALF,0.23576307,0.27728298,0.31952193,0.32921144,0.35259378,0.34976345
slope,P,word2vec_recipe_50_HOM_HALF,0.25808495,0.25531176,0.3001733,0.30252498,0.31658632,0.3178432
test,H,word2vec_recipe_50_HOM_HALF,0.36648983,0.44746685,0.45410764,0.46693996,0.48226207,0.45563793
dedicate,P,word2vec_recipe_50_HOM_HALF,0.12968841,0.11451303,0.15296356,0.13730195,0.16211998,0.14853457
weary,P,word2vec_recipe_50_HOM_HALF,0.08303499,0.09482393,0.103380375,0.12358224,0.11239994,0.13837633
pace,H,word2vec_recipe_50_HOM_HALF,0.3892842,0.33763146,0.44773126,0.38383183,0.4700985,0.40485638
painless,P,word2vec_recipe_50_HOM_HALF,0.15415335,0.16434819,0.17736362,0.19088769,0.18738441,0.20243846
hardware,P,word2vec_recipe_50_HOM_HALF,0.1927512,0.18371832,0.25961074,0.26261783,0.28742966,0.28972095
snappy,P,word2vec_recipe_50_HOM_HALF,0.31384388,0.3184473,0.3578243,0.33937988,0.3746334,0.34126005
ordinary,P,word2vec_recipe_50_HOM_HALF,0.31699774,0.28864676,0.36016026,0.2764372,0.3745649,0.27368012
marvelous,P,word2vec_recipe_50_HOM_HALF,0.25384584,0.27513283,0.30751544,0.31658515,0.3258733,0.32476693
gravel,P,word2vec_recipe_50_HOM_HALF,0.30649048,0.36747336,0.40773624,0.4844814,0.44251466,0.49923983
thermal,P,word2vec_recipe_50_HOM_HALF,0.26442078,0.29728076,0.31035358,0.34203845,0.33009624,0.3676722
spaceship,M,word2vec_recipe_50_HOM_HALF,0.18988273,0.20956568,0.22534874,0.23818575,0.24014835,0.25683862
layer,P,word2vec_recipe_50_HOM_HALF,0.39260647,0.4496875,0.4659466,0.4348233,0.4915637,0.43204585
disaster,P,word2vec_recipe_50_HOM_HALF,0.15165704,0.13774772,0.17462997,0.153333,0.18479908,0.16281126
mile,P,word2vec_recipe_50_HOM_HALF,0.41832858,0.28254002,0.46144032,0.29088134,0.47603494,0.29584485
suggestion,P,word2vec_recipe_50_HOM_HALF,0.29050747,0.3483351,0.35760826,0.34862566,0.38036564,0.35173598
devour,P,word2vec_recipe_50_HOM_HALF,0.3431235,0.38038322,0.43398684,0.40124246,0.46127594,0.3916475
shiny,P,word2vec_recipe_50_HOM_HALF,0.32015467,0.35742188,0.39420196,0.39170617,0.423302,0.39896628
puffy,P,word2vec_recipe_50_HOM_HALF,0.35342252,0.45292163,0.4282453,0.48398408,0.45620948,0.49332896
sanity,P,word2vec_recipe_50_HOM_HALF,0.120966114,0.11658274,0.13984594,0.13715735,0.14858589,0.15189044
tend,H,word2vec_recipe_50_HOM_HALF,0.28498998,0.3267655,0.35538697,0.3099505,0.3758339,0.2837727
philosophy,P,word2vec_recipe_50_HOM_HALF,0.08616368,0.09870059,0.10372591,0.12591104,0.11248558,0.14099902
bite,P,word2vec_recipe_50_HOM_HALF,0.37570104,0.3662586,0.45608306,0.4654374,0.4904526,0.46595675
resident,P,word2vec_recipe_50_HOM_HALF,0.09248639,0.10808527,0.11496427,0.14486313,0.12574415,0.16234922
globe,P,word2vec_recipe_50_HOM_HALF,0.27347696,0.2619778,0.33761722,0.360646,0.36415616,0.40227848
sled,P,word2vec_recipe_50_HOM_HALF,0.15298639,0.17919812,0.18657734,0.21715689,0.2059424,0.24410881
hat,P,word2vec_recipe_50_HOM_HALF,0.2125375,0.21093395,0.2642379,0.25116932,0.2893086,0.28905538
alley,H,word2vec_recipe_50_HOM_HALF,0.14889897,0.14631653,0.17363462,0.17855944,0.18420626,0.18953931
uptown,P,word2vec_recipe_50_HOM_HALF,0.15130393,0.1498602,0.17531551,0.177588,0.18585436,0.19156125
eerie,M,word2vec_recipe_50_HOM_HALF,0.20002067,0.20081182,0.24266922,0.20321731,0.25595576,0.20763643
canoe,P,word2vec_recipe_50_HOM_HALF,0.31839308,0.3874704,0.38609886,0.42676073,0.4074763,0.41953364
boost,P,word2vec_recipe_50_HOM_HALF,0.28817913,0.26872188,0.33480743,0.30095044,0.3537455,0.31802934
soap,P,word2vec_recipe_50_HOM_HALF,0.29209632,0.3095078,0.37066188,0.34832978,0.40245572,0.3774634
choke,P,word2vec_recipe_50_HOM_HALF,0.24265265,0.2652741,0.36192918,0.37863365,0.404956,0.4115415
apron,P,word2vec_recipe_50_HOM_HALF,0.24102053,0.23364136,0.28831655,0.29945466,0.309591,0.319021
homey,M,word2vec_recipe_50_HOM_HALF,0.19962788,0.217553,0.23262703,0.2321458,0.2471956,0.24333306
liquor,P,word2vec_recipe_50_HOM_HALF,0.3407251,0.35077918,0.40159497,0.35865372,0.42571446,0.39297807
discipline,P,word2vec_recipe_50_HOM_HALF,0.18418646,0.19304343,0.2276276,0.22306158,0.24137688,0.22260769
dominant,P,word2vec_recipe_50_HOM_HALF,0.31293774,0.31054085,0.3711748,0.36008844,0.39273262,0.3670493
heavenly,P,word2vec_recipe_50_HOM_HALF,0.26146778,0.23050077,0.3137372,0.27572557,0.33206832,0.27774233
charger,P,word2vec_recipe_50_HOM_HALF,0.25524503,0.2578846,0.37060845,0.36186108,0.40625587,0.39792153
canteen,P,word2vec_recipe_50_HOM_HALF,0.13268349,0.15522785,0.15407969,0.19024631,0.16406128,0.20080338
switch,P,word2vec_recipe_50_HOM_HALF,0.40263206,0.4663411,0.46613944,0.49575156,0.48839608,0.48490825
driveway,M,word2vec_recipe_50_HOM_HALF,0.13204204,0.14227225,0.14993955,0.15432653,0.15853275,0.16248174
trivial,M,word2vec_recipe_50_HOM_HALF,0.08712917,0.09191117,0.10533766,0.120585464,0.11289638,0.13448533
sad,P,word2vec_recipe_50_HOM_HALF,0.24576946,0.22773945,0.28949884,0.24172045,0.3052263,0.23932935
smelly,M,word2vec_recipe_50_HOM_HALF,0.16005008,0.17351688,0.18920031,0.1844667,0.20246656,0.19643423
dislike,P,word2vec_recipe_50_HOM_HALF,0.19432437,0.18072774,0.22200532,0.1855909,0.23500438,0.19454542
ridiculous,M,word2vec_recipe_50_HOM_HALF,0.14951931,0.15625708,0.1827032,0.17259288,0.19571187,0.18229476
dubious,P,word2vec_recipe_50_HOM_HALF,0.08825658,0.09887965,0.10776234,0.122151636,0.11767887,0.13742153
spotless,P,word2vec_recipe_50_HOM_HALF,0.18159874,0.1881621,0.21226701,0.21984145,0.22442383,0.23270147
bikini,M,word2vec_recipe_50_HOM_HALF,0.22374852,0.21400723,0.25727278,0.24105467,0.27071816,0.24558838
viable,P,word2vec_recipe_50_HOM_HALF,0.100298785,0.10101355,0.124792665,0.13354929,0.1363088,0.15014404
triangle,P,word2vec_recipe_50_HOM_HALF,0.23695835,0.29286635,0.2976847,0.34071815,0.3234259,0.34467643
scorpion,P,word2vec_recipe_50_HOM_HALF,0.21885073,0.21016128,0.2556845,0.24914819,0.271442,0.2675628
catalog,P,word2vec_recipe_50_HOM_HALF,0.1341104,0.1326261,0.15820475,0.15982251,0.16955772,0.17500421
chef,M,word2vec_recipe_50_HOM_HALF,0.23687735,0.25976238,0.2825984,0.2613908,0.30050102,0.24987797
pout,H,word2vec_recipe_50_HOM_HALF,0.3558274,0.3719857,0.42158166,0.36667296,0.44249725,0.37088668
symbolic,P,word2vec_recipe_50_HOM_HALF,0.11146899,0.11057337,0.13007687,0.13424556,0.13868076,0.1426465
celebrity,P,word2vec_recipe_50_HOM_HALF,0.13004595,0.13337703,0.14767739,0.15783222,0.15617684,0.17272055
agree,P,word2vec_recipe_50_HOM_HALF,0.13697019,0.12041282,0.15924044,0.13928881,0.16912204,0.15288055
cry,P,word2vec_recipe_50_HOM_HALF,0.25340968,0.19423491,0.29520705,0.22691104,0.30993503,0.23694985
expensive,P,word2vec_recipe_50_HOM_HALF,0.2319409,0.27541927,0.28459346,0.2913394,0.3036844,0.29597983
pamphlet,M,word2vec_recipe_50_HOM_HALF,0.14351732,0.15142356,0.16880745,0.16261756,0.17963165,0.18030299
renegade,P,word2vec_recipe_50_HOM_HALF,0.1259825,0.12208555,0.14561647,0.1480753,0.15504597,0.16225877
bop,H,word2vec_recipe_50_HOM_HALF,0.14854483,0.15025508,0.17532814,0.18623747,0.18637843,0.19771382
stray,P,word2vec_recipe_50_HOM_HALF,0.28281683,0.30010682,0.36154625,0.35339043,0.39503747,0.38500553
concept,P,word2vec_recipe_50_HOM_HALF,0.1428453,0.15041067,0.16794693,0.15930435,0.17869125,0.17019531
absorb,P,word2vec_recipe_50_HOM_HALF,0.3700212,0.45793068,0.46019658,0.45870093,0.4881604,0.44487095
laughter,P,word2vec_recipe_50_HOM_HALF,0.2366431,0.28120232,0.36090747,0.3506415,0.4121602,0.34620592
referee,P,word2vec_recipe_50_HOM_HALF,0.1744339,0.18193735,0.21160978,0.22987942,0.23137508,0.26399234
available,P,word2vec_recipe_50_HOM_HALF,0.2298075,0.24343513,0.3283704,0.29934284,0.36914393,0.3257419
upside,P,word2vec_recipe_50_HOM_HALF,0.38992608,0.4313732,0.47545964,0.46627256,0.50201404,0.47563228
load,P,word2vec_recipe_50_HOM_HALF,0.37063614,0.36881873,0.42354766,0.39850032,0.44098935,0.39625302
factory,M,word2vec_recipe_50_HOM_HALF,0.28330922,0.2860064,0.32471967,0.2964707,0.33994904,0.29899862
moonlight,P,word2vec_recipe_50_HOM_HALF,0.19429284,0.17208469,0.218603,0.20220529,0.22823879,0.21072747
lighten,H,word2vec_recipe_50_HOM_HALF,0.39248967,0.39277127,0.45108753,0.41247833,0.47957098,0.43737403
rebuild,P,word2vec_recipe_50_HOM_HALF,0.20134589,0.1805008,0.23031595,0.1974718,0.2431416,0.20559084
moron,P,word2vec_recipe_50_HOM_HALF,0.136022,0.16009231,0.15977407,0.18890594,0.16934417,0.20096816
trashy,M,word2vec_recipe_50_HOM_HALF,0.13540854,0.12767282,0.15724726,0.1489163,0.16706315,0.1606258
forehead,P,word2vec_recipe_50_HOM_HALF,0.13134912,0.17758526,0.16928965,0.2238406,0.18919364,0.25956446
overalls,P,word2vec_recipe_50_HOM_HALF,0.15443316,0.18389139,0.17999275,0.21017905,0.18988574,0.2189322
extraction,P,word2vec_recipe_50_HOM_HALF,0.29176992,0.27136445,0.33188584,0.29170126,0.34660894,0.29971814
alcohol,P,word2vec_recipe_50_HOM_HALF,0.31719896,0.36736643,0.38208047,0.43255112,0.40866897,0.43825704
completion,P,word2vec_recipe_50_HOM_HALF,0.33034614,0.30136228,0.3870707,0.35627618,0.40939614,0.3586452
remake,P,word2vec_recipe_50_HOM_HALF,0.31979516,0.2479642,0.35515144,0.26914528,0.3677665,0.28690347
server,P,word2vec_recipe_50_HOM_HALF,0.3581833,0.3898449,0.44329348,0.4210642,0.47431716,0.4212416
bulb,P,word2vec_recipe_50_HOM_HALF,0.31692085,0.34651262,0.3920253,0.37390643,0.42180213,0.39178506
passport,P,word2vec_recipe_50_HOM_HALF,0.11173825,0.1159549,0.13213816,0.15001564,0.14232604,0.16906413
maroon,H,word2vec_recipe_50_HOM_HALF,0.25000447,0.26855922,0.29707354,0.3161211,0.31630778,0.3244924
shaky,P,word2vec_recipe_50_HOM_HALF,0.22780009,0.23929435,0.3229553,0.3142028,0.35600543,0.32021767
jumper,H,word2vec_recipe_50_HOM_HALF,0.14790499,0.1456149,0.16640247,0.1638249,0.17597908,0.1792496
expert,P,word2vec_recipe_50_HOM_HALF,0.22243161,0.18426174,0.2515365,0.19726561,0.26336816,0.20506662
disease,P,word2vec_recipe_50_HOM_HALF,0.15539315,0.1403051,0.19683295,0.17661141,0.21516643,0.19136679
motivation,P,word2vec_recipe_50_HOM_HALF,0.09173435,0.106051065,0.108104,0.12781838,0.116030425,0.14206535
wise,H,word2vec_recipe_50_HOM_HALF,0.22590426,0.22442621,0.33657238,0.330786,0.37545308,0.3517608
historical,P,word2vec_recipe_50_HOM_HALF,0.10360746,0.117209375,0.122353144,0.14699727,0.13327897,0.16100402
parallel,P,word2vec_recipe_50_HOM_HALF,0.27269673,0.31316164,0.34333152,0.35653907,0.36695766,0.36356327
drown,P,word2vec_recipe_50_HOM_HALF,0.30458286,0.30279285,0.35910076,0.27809563,0.37863106,0.28603852
foolproof,P,word2vec_recipe_50_HOM_HALF,0.31115833,0.33168298,0.36909086,0.3374644,0.3888771,0.33865753
clover,P,word2vec_recipe_50_HOM_HALF,0.3614023,0.36506763,0.42663476,0.43974057,0.45053032,0.45799044
committee,M,word2vec_recipe_50_HOM_HALF,0.12143202,0.13270079,0.14116074,0.16007411,0.14917837,0.17563866
crap,M,word2vec_recipe_50_HOM_HALF,0.28193086,0.26979253,0.32919544,0.25362167,0.34682,0.24787629
raccoon,P,word2vec_recipe_50_HOM_HALF,0.29201853,0.35056794,0.34845778,0.35892472,0.36909926,0.3514825
pearly,P,word2vec_recipe_50_HOM_HALF,0.30876198,0.30761,0.35705242,0.36507714,0.37468287,0.39176786
pointer,P,word2vec_recipe_50_HOM_HALF,0.18786012,0.2524571,0.25672624,0.31123304,0.279992,0.31752202
cab,H,word2vec_recipe_50_HOM_HALF,0.190203,0.1964738,0.22513552,0.2414062,0.24281128,0.2684243
swipe,P,word2vec_recipe_50_HOM_HALF,0.37195224,0.4002669,0.4195375,0.4173975,0.43757722,0.4220399
analogy,P,word2vec_recipe_50_HOM_HALF,0.082107864,0.095352165,0.09991946,0.11825735,0.10885977,0.12954073
shame,P,word2vec_recipe_50_HOM_HALF,0.12563476,0.12945186,0.14829065,0.14080673,0.15884227,0.15135992
list,H,word2vec_recipe_50_HOM_HALF,0.3000613,0.31594107,0.36143506,0.30181807,0.38168484,0.30117399
curve,P,word2vec_recipe_50_HOM_HALF,0.3187782,0.34093642,0.39656267,0.39441198,0.42569587,0.39936343
twirl,P,word2vec_recipe_50_HOM_HALF,0.37021682,0.40183163,0.4342582,0.45083678,0.45939386,0.46643624
frantic,P,word2vec_recipe_50_HOM_HALF,0.14006838,0.113986515,0.15855436,0.13787271,0.16677004,0.14866526
slice,P,word2vec_recipe_50_HOM_HALF,0.3009457,0.31593835,0.36402476,0.3367827,0.39241585,0.35205376
function,P,word2vec_recipe_50_HOM_HALF,0.32764685,0.35204515,0.4128085,0.43245733,0.44915795,0.45952252
spin,P,word2vec_recipe_50_HOM_HALF,0.42581838,0.45159397,0.49595585,0.5168012,0.5171854,0.5096811
graceful,M,word2vec_recipe_50_HOM_HALF,0.11941405,0.11559128,0.13946524,0.1464563,0.14907938,0.15795597
drought,P,word2vec_recipe_50_HOM_HALF,0.21061698,0.1919107,0.23741509,0.19776286,0.24733128,0.20285043
downtown,P,word2vec_recipe_50_HOM_HALF,0.12711346,0.13319473,0.15248944,0.15714765,0.16372932,0.17193374
expression,P,word2vec_recipe_50_HOM_HALF,0.1478607,0.18229492,0.17417496,0.21001275,0.18773003,0.21928826
sheet,H,word2vec_recipe_50_HOM_HALF,0.2508839,0.25996655,0.32471916,0.2950271,0.3576573,0.30898106
icy,P,word2vec_recipe_50_HOM_HALF,0.35573685,0.38627613,0.43514344,0.44805107,0.4643911,0.4461062
surgery,P,word2vec_recipe_50_HOM_HALF,0.13100417,0.12766157,0.15328978,0.14697702,0.16247123,0.15945244
risk,P,word2vec_recipe_50_HOM_HALF,0.34044114,0.36322784,0.43278313,0.3330817,0.4568728,0.31030548
shallow,P,word2vec_recipe_50_HOM_HALF,0.36665502,0.4067992,0.4204396,0.44627646,0.4467613,0.47719386
bandage,P,word2vec_recipe_50_HOM_HALF,0.16581354,0.19572453,0.1946863,0.23477903,0.2083125,0.25658634
mast,H,word2vec_recipe_50_HOM_HALF,0.25140095,0.26845777,0.29826698,0.32247797,0.3172897,0.3370863
crest,P,word2vec_recipe_50_HOM_HALF,0.24675259,0.24088484,0.2797016,0.2613067,0.2925971,0.27204147
decline,P,word2vec_recipe_50_HOM_HALF,0.08001288,0.10404581,0.098559275,0.13043652,0.107006624,0.14320104
peck,H,word2vec_recipe_50_HOM_HALF,0.2726254,0.30502334,0.3263399,0.3193917,0.34328872,0.317892
legacy,P,word2vec_recipe_50_HOM_HALF,0.120231435,0.12279701,0.13705456,0.14739454,0.14555809,0.16162841
carton,P,word2vec_recipe_50_HOM_HALF,0.3776363,0.40805596,0.45051727,0.449992,0.476308,0.47112402
achieve,P,word2vec_recipe_50_HOM_HALF,0.30435103,0.30371848,0.3983045,0.34963706,0.43805024,0.3855791
gem,P,word2vec_recipe_50_HOM_HALF,0.40664667,0.37432572,0.46106908,0.40749642,0.48112845,0.4126205
habit,P,word2vec_recipe_50_HOM_HALF,0.13376746,0.12028436,0.15567933,0.13587482,0.16467564,0.14892912
speedy,M,word2vec_recipe_50_HOM_HALF,0.18520136,0.16279477,0.21956715,0.1779553,0.2377295,0.19632517
ponder,P,word2vec_recipe_50_HOM_HALF,0.1366224,0.11111641,0.15676664,0.13717514,0.16620179,0.14795087
germ,P,word2vec_recipe_50_HOM_HALF,0.27859944,0.3445407,0.38004288,0.45554122,0.4147085,0.47300822
favor,P,word2vec_recipe_50_HOM_HALF,0.23526683,0.14693286,0.25940278,0.1676528,0.26942515,0.17708401
swim,P,word2vec_recipe_50_HOM_HALF,0.32629317,0.24180289,0.36333707,0.26951483,0.37753716,0.26358116
weed,H,word2vec_recipe_50_HOM_HALF,0.30174816,0.33803448,0.37962064,0.38759917,0.40675735,0.37866437
mobile,P,word2vec_recipe_50_HOM_HALF,0.16376784,0.14540228,0.1868449,0.16235964,0.19653195,0.17472725
rudder,P,word2vec_recipe_50_HOM_HALF,0.14320739,0.16918668,0.1700786,0.18224864,0.1812922,0.18962806
membership,P,word2vec_recipe_50_HOM_HALF,0.07200803,0.09113033,0.08961956,0.12040676,0.098252915,0.13500434
masquerade,P,word2vec_recipe_50_HOM_HALF,0.13605669,0.13305765,0.15718324,0.1639107,0.16627854,0.17391068
runaway,P,word2vec_recipe_50_HOM_HALF,0.16202442,0.1719151,0.18693163,0.20008025,0.19620796,0.20638616
ceramic,P,word2vec_recipe_50_HOM_HALF,0.3181792,0.3881562,0.39425164,0.44958848,0.42824504,0.4721236
tragedy,P,word2vec_recipe_50_HOM_HALF,0.1003734,0.09569807,0.12030442,0.12501454,0.13083047,0.1405508
commentary,P,word2vec_recipe_50_HOM_HALF,0.1410332,0.1621269,0.17867029,0.19220589,0.1936563,0.19524144
argument,P,word2vec_recipe_50_HOM_HALF,0.13226192,0.13418123,0.14995158,0.14005488,0.15807542,0.15018088
stable,H,word2vec_recipe_50_HOM_HALF,0.34615812,0.25204924,0.38194093,0.2911415,0.39523447,0.30834463
suction,P,word2vec_recipe_50_HOM_HALF,0.25130975,0.23462978,0.2958146,0.2839526,0.31304988,0.30014336
dense,P,word2vec_recipe_50_HOM_HALF,0.30683023,0.3510724,0.35614434,0.36147425,0.37618783,0.36630368
fund,P,word2vec_recipe_50_HOM_HALF,0.13911323,0.11278337,0.15966703,0.14906344,0.16874512,0.16201606
wholesome,P,word2vec_recipe_50_HOM_HALF,0.24666317,0.29448777,0.2960424,0.3541512,0.31628633,0.36249706
summon,P,word2vec_recipe_50_HOM_HALF,0.11451018,0.11878105,0.13109598,0.13849272,0.13959408,0.14885801
modern,P,word2vec_recipe_50_HOM_HALF,0.24523604,0.24068968,0.27589768,0.22645786,0.28818583,0.23740725
tempo,P,word2vec_recipe_50_HOM_HALF,0.16755149,0.16250822,0.1925471,0.18556784,0.20179972,0.1923612
crusty,P,word2vec_recipe_50_HOM_HALF,0.36716533,0.36410382,0.4461235,0.46861395,0.4752285,0.49289376
patience,P,word2vec_recipe_50_HOM_HALF,0.2878312,0.252839,0.34477434,0.29495493,0.36586463,0.279291
brood,P,word2vec_recipe_50_HOM_HALF,0.20357399,0.17942242,0.23284917,0.20427433,0.24350566,0.22008814
vanilla,P,word2vec_recipe_50_HOM_HALF,0.27896827,0.29776374,0.349018,0.31377208,0.37688988,0.3492265
scare,P,word2vec_recipe_50_HOM_HALF,0.16375668,0.14024325,0.18943232,0.15078773,0.20038469,0.16113943
thread,P,word2vec_recipe_50_HOM_HALF,0.3923306,0.3708579,0.50556624,0.47862715,0.5398678,0.4837088
airline,P,word2vec_recipe_50_HOM_HALF,0.174351,0.19160584,0.2030522,0.2138241,0.21522829,0.22733618
neck,P,word2vec_recipe_50_HOM_HALF,0.26698965,0.33533764,0.35272485,0.39420807,0.38934708,0.4266396
rob,P,word2vec_recipe_50_HOM_HALF,0.15576036,0.16730426,0.1830458,0.18571037,0.1955135,0.20315635
vine,P,word2vec_recipe_50_HOM_HALF,0.34573787,0.4159268,0.40249413,0.4409956,0.42455846,0.4399326
toxic,P,word2vec_recipe_50_HOM_HALF,0.17973396,0.19817215,0.21425022,0.21579468,0.2290894,0.22301596
imagine,P,word2vec_recipe_50_HOM_HALF,0.22861142,0.1642959,0.25083688,0.16644885,0.26067442,0.1719186
display,P,word2vec_recipe_50_HOM_HALF,0.33843583,0.3268684,0.3812661,0.33546513,0.398899,0.3594786
discourage,P,word2vec_recipe_50_HOM_HALF,0.27400255,0.30388093,0.33522293,0.3324292,0.35809833,0.3510227
member,P,word2vec_recipe_50_HOM_HALF,0.2533826,0.21556622,0.28827012,0.21753526,0.30258608,0.22501154
artery,P,word2vec_recipe_50_HOM_HALF,0.11892994,0.12233552,0.13771474,0.14492477,0.14672741,0.15716942
trusty,P,word2vec_recipe_50_HOM_HALF,0.2837001,0.32632285,0.34414464,0.373942,0.36925673,0.37383017
smear,P,word2vec_recipe_50_HOM_HALF,0.3766849,0.45876268,0.4737522,0.45922017,0.5006552,0.4517768
acre,P,word2vec_recipe_50_HOM_HALF,0.21427223,0.20437467,0.24199383,0.21939048,0.25274572,0.2218717
wedge,P,word2vec_recipe_50_HOM_HALF,0.33578688,0.38468167,0.4077094,0.43719766,0.4354429,0.45795727
sticker,P,word2vec_recipe_50_HOM_HALF,0.30804795,0.37013778,0.38153836,0.42536342,0.407241,0.41536465
rig,P,word2vec_recipe_50_HOM_HALF,0.2543726,0.27179703,0.2988003,0.2801582,0.31415826,0.28990644
occupy,P,word2vec_recipe_50_HOM_HALF,0.13610666,0.13252085,0.15841314,0.1503492,0.16739383,0.15942386
joint,P,word2vec_recipe_50_HOM_HALF,0.24823204,0.28695756,0.34030837,0.3656969,0.38188758,0.4024251
teach,P,word2vec_recipe_50_HOM_HALF,0.10254755,0.09167706,0.12748604,0.13372093,0.13843137,0.14704481
warm,P,word2vec_recipe_50_HOM_HALF,0.39885378,0.41710255,0.47472817,0.40977496,0.49661934,0.40680832
decadent,P,word2vec_recipe_50_HOM_HALF,0.24412315,0.31627867,0.31980097,0.3599314,0.35105523,0.37884846
pond,M,word2vec_recipe_50_HOM_HALF,0.30629092,0.28804862,0.34566107,0.32368332,0.36150974,0.32690948
wars,P,word2vec_recipe_50_HOM_HALF,0.17361733,0.16863327,0.20073102,0.19114184,0.21122645,0.19688037
skate,H,word2vec_recipe_50_HOM_HALF,0.29747277,0.2863856,0.36720893,0.3942965,0.39996448,0.42738023
pluck,P,word2vec_recipe_50_HOM_HALF,0.32404196,0.26392654,0.37998244,0.35977104,0.40604097,0.39229622
stroke,P,word2vec_recipe_50_HOM_HALF,0.2908442,0.30281886,0.34550872,0.33762172,0.36682385,0.34629238
booth,P,word2vec_recipe_50_HOM_HALF,0.24198064,0.233957,0.2709364,0.2518022,0.28318396,0.255145
offend,P,word2vec_recipe_50_HOM_HALF,0.09980401,0.108872786,0.12042638,0.12618338,0.13002422,0.14021648
vacuum,P,word2vec_recipe_50_HOM_HALF,0.29879242,0.28822982,0.36467057,0.36522013,0.3910157,0.39506552
hostess,P,word2vec_recipe_50_HOM_HALF,0.27566543,0.29343444,0.3125706,0.30968085,0.3267415,0.31075078
above,P,word2vec_recipe_50_HOM_HALF,0.35605162,0.3618528,0.42820045,0.40418777,0.4540516,0.41096747
fussy,P,word2vec_recipe_50_HOM_HALF,0.19484249,0.16735576,0.22746344,0.16909783,0.24183701,0.17878862
pest,P,word2vec_recipe_50_HOM_HALF,0.2764526,0.2769427,0.31627083,0.30804476,0.33220452,0.32685238
juggle,P,word2vec_recipe_50_HOM_HALF,0.16973518,0.1517589,0.19329426,0.16566002,0.20339571,0.1727737
convention,P,word2vec_recipe_50_HOM_HALF,0.22730283,0.2612923,0.2806296,0.33618993,0.2989683,0.36983505
doom,P,word2vec_recipe_50_HOM_HALF,0.1515437,0.1546018,0.17446432,0.17381553,0.18424526,0.18570349
hump,P,word2vec_recipe_50_HOM_HALF,0.27132422,0.26747432,0.30575496,0.28837988,0.32119775,0.29687953
onion,P,word2vec_recipe_50_HOM_HALF,0.27526778,0.2712738,0.35081643,0.31000552,0.37835842,0.33599427
source,P,word2vec_recipe_50_HOM_HALF,0.39804226,0.41982478,0.47174895,0.45247334,0.4954983,0.44483668
stead,M,word2vec_recipe_50_HOM_HALF,0.39794123,0.41916412,0.4552491,0.43230787,0.4727095,0.43254906
fake,P,word2vec_recipe_50_HOM_HALF,0.30172312,0.30156943,0.34421796,0.33069155,0.35819772,0.3341646
journey,P,word2vec_recipe_50_HOM_HALF,0.14132924,0.11222575,0.16428016,0.13159044,0.17626518,0.14968096
develop,P,word2vec_recipe_50_HOM_HALF,0.33754843,0.41231576,0.406391,0.42044127,0.43378508,0.4127419
snitch,M,word2vec_recipe_50_HOM_HALF,0.112508416,0.106827475,0.1304908,0.1323697,0.13817029,0.14294969
profile,P,word2vec_recipe_50_HOM_HALF,0.22509055,0.20680085,0.2616621,0.23462363,0.27577797,0.23875542
zap,P,word2vec_recipe_50_HOM_HALF,0.27836046,0.27246797,0.38265654,0.4092082,0.4353936,0.47367036
ugly,P,word2vec_recipe_50_HOM_HALF,0.32988667,0.34714404,0.37960252,0.3605624,0.39770278,0.36206606
intact,M,word2vec_recipe_50_HOM_HALF,0.30925465,0.33490622,0.38340893,0.37347296,0.40742046,0.38363725
laugh,P,word2vec_recipe_50_HOM_HALF,0.19182971,0.18040271,0.22045824,0.17252505,0.23275588,0.18085001
boat,P,word2vec_recipe_50_HOM_HALF,0.43399912,0.520531,0.5018314,0.49628106,0.5202484,0.48323652
consult,P,word2vec_recipe_50_HOM_HALF,0.20944813,0.25348568,0.26592448,0.31231537,0.28985327,0.31315693
equivalent,P,word2vec_recipe_50_HOM_HALF,0.3708905,0.42422634,0.42125064,0.4515686,0.4408701,0.45758888
upstanding,P,word2vec_recipe_50_HOM_HALF,0.25539398,0.30257276,0.3153123,0.3362699,0.3363492,0.34614584
century,P,word2vec_recipe_50_HOM_HALF,0.2846242,0.21292855,0.32898027,0.23377697,0.34472123,0.23644233
scum,P,word2vec_recipe_50_HOM_HALF,0.3115992,0.3681073,0.41858777,0.41248482,0.45182952,0.42119005
neurotic,P,word2vec_recipe_50_HOM_HALF,0.093708076,0.10868209,0.113639295,0.13051696,0.12456188,0.1463251
dealer,P,word2vec_recipe_50_HOM_HALF,0.1251974,0.13284189,0.14931452,0.15708677,0.15909424,0.17205617
chain,P,word2vec_recipe_50_HOM_HALF,0.19978528,0.16350849,0.23039673,0.18184294,0.24371338,0.19880053
classy,M,word2vec_recipe_50_HOM_HALF,0.26334518,0.2294279,0.29288304,0.22562602,0.30553338,0.24008837
poisonous,P,word2vec_recipe_50_HOM_HALF,0.15292725,0.15367168,0.17980728,0.18688287,0.19111687,0.18794376
sweep,P,word2vec_recipe_50_HOM_HALF,0.34890383,0.34108558,0.4055648,0.39413676,0.42669556,0.41770786
brazen,P,word2vec_recipe_50_HOM_HALF,0.1857073,0.20332389,0.21050665,0.24038833,0.22099692,0.25476325
relish,P,word2vec_recipe_50_HOM_HALF,0.3117709,0.36844543,0.38958818,0.39342108,0.4167298,0.39000648
revenge,P,word2vec_recipe_50_HOM_HALF,0.13112862,0.13164073,0.15092833,0.1632695,0.15972218,0.1720601
airspace,P,word2vec_recipe_50_HOM_HALF,0.2503363,0.25833726,0.29983538,0.32521057,0.31830278,0.34193897
upcoming,M,word2vec_recipe_50_HOM_HALF,0.12836656,0.1321512,0.1504211,0.15167898,0.16133294,0.15975711
arch,H,word2vec_recipe_50_HOM_HALF,0.18408747,0.18928663,0.2222999,0.23926507,0.23871964,0.26394942
visualize,P,word2vec_recipe_50_HOM_HALF,0.13995937,0.1293404,0.16424695,0.14478184,0.17384003,0.1572047
crispy,P,word2vec_recipe_50_HOM_HALF,0.33530432,0.4208803,0.4348361,0.49262822,0.46664765,0.50220495
useless,P,word2vec_recipe_50_HOM_HALF,0.17766161,0.15218431,0.2009756,0.1692924,0.21092992,0.18251425
nut,P,word2vec_recipe_50_HOM_HALF,0.2852822,0.37038547,0.3555482,0.34864026,0.37883157,0.33233458
fasten,P,word2vec_recipe_50_HOM_HALF,0.282046,0.34483472,0.3907409,0.42191836,0.4297419,0.43184707
spatula,M,word2vec_recipe_50_HOM_HALF,0.2508403,0.3263318,0.3816686,0.41932657,0.43030274,0.4400747
shuttle,P,word2vec_recipe_50_HOM_HALF,0.20601325,0.19459867,0.23305139,0.21158536,0.24356014,0.2154123
nitrogen,P,word2vec_recipe_50_HOM_HALF,0.26865798,0.2660364,0.3223491,0.34248853,0.34416172,0.37074304
sofa,M,word2vec_recipe_50_HOM_HALF,0.23257811,0.20533901,0.26061752,0.22733445,0.2727961,0.22581643
prairie,M,word2vec_recipe_50_HOM_HALF,0.1769479,0.16820404,0.20595719,0.18760642,0.21871878,0.19595726
afford,P,word2vec_recipe_50_HOM_HALF,0.1773432,0.13793711,0.19950838,0.1438322,0.2094225,0.1554795
shank,P,word2vec_recipe_50_HOM_HALF,0.269526,0.36065528,0.35532203,0.43925172,0.39170197,0.44951788
closet,P,word2vec_recipe_50_HOM_HALF,0.2487869,0.27161044,0.29642147,0.28732583,0.31313983,0.29337823
butler,M,word2vec_recipe_50_HOM_HALF,0.17214844,0.20655715,0.2102164,0.2410759,0.22802599,0.26462278
cop,H,word2vec_recipe_50_HOM_HALF,0.2690228,0.26352894,0.30662283,0.2934815,0.31954587,0.3071646
thud,P,word2vec_recipe_50_HOM_HALF,0.17295697,0.20701244,0.21546192,0.24209668,0.23206654,0.24869838
asset,P,word2vec_recipe_50_HOM_HALF,0.1790914,0.19344503,0.20745687,0.21583413,0.21969123,0.2177741
penetrate,P,word2vec_recipe_50_HOM_HALF,0.36715758,0.41782394,0.44299516,0.46913135,0.46968353,0.45289218
volcanic,P,word2vec_recipe_50_HOM_HALF,0.23209329,0.1929747,0.26452613,0.22933167,0.27865094,0.2384138
gravy,P,word2vec_recipe_50_HOM_HALF,0.34917095,0.4473923,0.4373116,0.48350078,0.4650521,0.478365
casino,P,word2vec_recipe_50_HOM_HALF,0.24658017,0.25594854,0.31378388,0.28531578,0.33838445,0.296281
floppy,P,word2vec_recipe_50_HOM_HALF,0.26598597,0.2939145,0.31944528,0.3314848,0.34313872,0.33347932
dare,P,word2vec_recipe_50_HOM_HALF,0.25993827,0.27409354,0.30547684,0.26130542,0.3235327,0.26078382
mix,P,word2vec_recipe_50_HOM_HALF,0.32347393,0.3900187,0.3890664,0.40380016,0.410643,0.40573618
dynamite,P,word2vec_recipe_50_HOM_HALF,0.21743755,0.205089,0.24844533,0.23311394,0.2610908,0.24157915
pizza,M,word2vec_recipe_50_HOM_HALF,0.3067344,0.35681954,0.40275434,0.4439223,0.44039094,0.44881523
arrogant,P,word2vec_recipe_50_HOM_HALF,0.16676287,0.17873895,0.19374602,0.21197288,0.20637098,0.22416843
canopy,P,word2vec_recipe_50_HOM_HALF,0.14536047,0.17672996,0.17597847,0.2307687,0.18821636,0.24614806
crater,P,word2vec_recipe_50_HOM_HALF,0.3433854,0.39032388,0.44311264,0.49218467,0.47377372,0.5025163
thermos,P,word2vec_recipe_50_HOM_HALF,0.326613,0.33837822,0.39000553,0.42294434,0.41823944,0.45057094
palace,P,word2vec_recipe_50_HOM_HALF,0.18610227,0.17930637,0.20992498,0.20342948,0.22061884,0.20811108
nuclear,P,word2vec_recipe_50_HOM_HALF,0.16627893,0.171021,0.19167623,0.20045993,0.20285565,0.21543476
page,H,word2vec_recipe_50_HOM_HALF,0.31308788,0.18541713,0.37526798,0.2323997,0.4048311,0.27264106
wilt,P,word2vec_recipe_50_HOM_HALF,0.33712378,0.42760962,0.4178538,0.46012363,0.44537148,0.45203373
writer,P,word2vec_recipe_50_HOM_HALF,0.14383563,0.12297805,0.17543961,0.16131034,0.18773952,0.1745805
souvenir,M,word2vec_recipe_50_HOM_HALF,0.12167503,0.12375624,0.14217195,0.1468297,0.1510998,0.16502999
unhealthy,P,word2vec_recipe_50_HOM_HALF,0.122018054,0.13051456,0.14267595,0.14478116,0.15263446,0.15508357
tart,H,word2vec_recipe_50_HOM_HALF,0.26545346,0.35945976,0.39358577,0.49596816,0.43784228,0.51790804
overtime,P,word2vec_recipe_50_HOM_HALF,0.15039249,0.16905105,0.17812502,0.20824741,0.18826546,0.2199935
sire,P,word2vec_recipe_50_HOM_HALF,0.22806454,0.24428147,0.26474637,0.28272292,0.2798677,0.29892746
summer,P,word2vec_recipe_50_HOM_HALF,0.27104288,0.3013426,0.34501496,0.35704726,0.3655765,0.3461485
coleslaw,M,word2vec_recipe_50_HOM_HALF,0.26994538,0.37713906,0.37546766,0.41246513,0.40954018,0.40608573
mortar,H,word2vec_recipe_50_HOM_HALF,0.23603137,0.28090543,0.36293155,0.3972497,0.40743068,0.4258314
insomnia,M,word2vec_recipe_50_HOM_HALF,0.14080136,0.16092739,0.16909972,0.18541212,0.1817926,0.19919327
spend,P,word2vec_recipe_50_HOM_HALF,0.31399965,0.26177585,0.35288453,0.23962517,0.36604884,0.23101872
concession,P,word2vec_recipe_50_HOM_HALF,0.109884284,0.11477095,0.12917112,0.13528565,0.13888706,0.14446065
screw,P,word2vec_recipe_50_HOM_HALF,0.28725922,0.3067647,0.4063624,0.39966494,0.45666394,0.44985348
guru,P,word2vec_recipe_50_HOM_HALF,0.14023995,0.12664114,0.16049114,0.1593849,0.1695575,0.17475392
recital,P,word2vec_recipe_50_HOM_HALF,0.13954625,0.15116379,0.16133566,0.17499703,0.171819,0.18544023
sentence,P,word2vec_recipe_50_HOM_HALF,0.10876913,0.10657958,0.12728134,0.13068208,0.13759087,0.13936973
blossom,P,word2vec_recipe_50_HOM_HALF,0.37906,0.41528922,0.44900954,0.46966073,0.47263473,0.47508648
amount,P,word2vec_recipe_50_HOM_HALF,0.37883276,0.43238807,0.4771384,0.47140265,0.5041019,0.45683742
comment,P,word2vec_recipe_50_HOM_HALF,0.2528998,0.18875442,0.28325665,0.21613945,0.29483998,0.22283465
await,P,word2vec_recipe_50_HOM_HALF,0.23182619,0.16388634,0.26689586,0.19834441,0.2790729,0.20670493
stuffy,P,word2vec_recipe_50_HOM_HALF,0.14574592,0.18522201,0.16862608,0.21782808,0.17826809,0.22844483
dime,M,word2vec_recipe_50_HOM_HALF,0.26927328,0.27404767,0.37269807,0.3790234,0.41007248,0.3963558
impressive,M,word2vec_recipe_50_HOM_HALF,0.23746975,0.28497723,0.28935075,0.31614503,0.3110739,0.30627427
settle,H,word2vec_recipe_50_HOM_HALF,0.36094704,0.44307488,0.42242375,0.42760932,0.44465867,0.40659833
decoration,P,word2vec_recipe_50_HOM_HALF,0.3172533,0.30361816,0.3811113,0.3625418,0.40428203,0.38181642
digestion,P,word2vec_recipe_50_HOM_HALF,0.19606936,0.18638694,0.24033323,0.20166929,0.25888166,0.21097012
relaxation,P,word2vec_recipe_50_HOM_HALF,0.13367335,0.14439338,0.15371846,0.14865506,0.16189085,0.1622059
budget,P,word2vec_recipe_50_HOM_HALF,0.25258118,0.23370005,0.29337397,0.27720785,0.309101,0.28548586
sloppy,P,word2vec_recipe_50_HOM_HALF,0.2948629,0.35639554,0.37461254,0.3255567,0.39923507,0.3159097
grain,P,word2vec_recipe_50_HOM_HALF,0.40838742,0.4442417,0.48770022,0.47434503,0.5140089,0.4913247
disconnect,P,word2vec_recipe_50_HOM_HALF,0.16298606,0.192639,0.204704,0.24577454,0.22330193,0.26506594
bypass,P,word2vec_recipe_50_HOM_HALF,0.16874492,0.122310854,0.19279738,0.15378362,0.20282567,0.16258939
swear,P,word2vec_recipe_50_HOM_HALF,0.14122014,0.12272161,0.16570169,0.1404428,0.1761021,0.15572944
junk,H,word2vec_recipe_50_HOM_HALF,0.2901453,0.31280908,0.3315448,0.30687305,0.3478846,0.30858025
poster,M,word2vec_recipe_50_HOM_HALF,0.2388505,0.22560813,0.2810476,0.26089033,0.29976478,0.283018
sickness,P,word2vec_recipe_50_HOM_HALF,0.12818214,0.12756827,0.15913425,0.16441733,0.17324536,0.17909868
exercise,P,word2vec_recipe_50_HOM_HALF,0.19016716,0.16678928,0.21607874,0.18207322,0.22699405,0.1856384
widow,P,word2vec_recipe_50_HOM_HALF,0.20134465,0.19979118,0.22991161,0.22954354,0.24162523,0.23436248
seafood,M,word2vec_recipe_50_HOM_HALF,0.2635513,0.34524265,0.34252155,0.3995151,0.36864167,0.3980978
breakfast,P,word2vec_recipe_50_HOM_HALF,0.31375927,0.313445,0.37362927,0.37682036,0.39262584,0.36942998
snob,P,word2vec_recipe_50_HOM_HALF,0.11574356,0.11451809,0.13469258,0.1338364,0.143395,0.14767468
capture,P,word2vec_recipe_50_HOM_HALF,0.31827384,0.37609226,0.3863359,0.3908753,0.41164866,0.3953256
assign,P,word2vec_recipe_50_HOM_HALF,0.13685,0.12171711,0.15931685,0.14931856,0.1688877,0.1649839
horseshoe,P,word2vec_recipe_50_HOM_HALF,0.25955677,0.26120856,0.308587,0.31198573,0.32822978,0.3360614
calf,H,word2vec_recipe_50_HOM_HALF,0.24381728,0.25099152,0.28676826,0.25932693,0.30092534,0.26340193
hunk,P,word2vec_recipe_50_HOM_HALF,0.39621204,0.44832885,0.4622063,0.45508653,0.48433244,0.4489672
provide,P,word2vec_recipe_50_HOM_HALF,0.2980606,0.30144253,0.3573708,0.3187375,0.3778342,0.31231603
pill,P,word2vec_recipe_50_HOM_HALF,0.2504967,0.28306523,0.28415278,0.32471657,0.29978028,0.33122543
bottom,P,word2vec_recipe_50_HOM_HALF,0.36328354,0.33820876,0.44155273,0.3421908,0.46579194,0.36268973
quadrant,P,word2vec_recipe_50_HOM_HALF,0.2914177,0.26009652,0.34772834,0.31461373,0.37015682,0.3349995
sod,P,word2vec_recipe_50_HOM_HALF,0.08207873,0.043376684,0.095959075,0.037891448,0.10298338,0.0431823
smell,P,word2vec_recipe_50_HOM_HALF,0.265949,0.32007855,0.3607875,0.41009653,0.39074668,0.40858182
sneeze,P,word2vec_recipe_50_HOM_HALF,0.12057223,0.13011481,0.14014105,0.15016972,0.14911243,0.15829839
tango,P,word2vec_recipe_50_HOM_HALF,0.19603224,0.20398031,0.2346883,0.25656542,0.25342572,0.27336317
burst,P,word2vec_recipe_50_HOM_HALF,0.3928129,0.47267312,0.4822097,0.5367519,0.50888824,0.5320441
literal,P,word2vec_recipe_50_HOM_HALF,0.17197785,0.16382511,0.19853218,0.18576428,0.2090741,0.1909241
dame,P,word2vec_recipe_50_HOM_HALF,0.13839534,0.15633367,0.16198567,0.18133107,0.17100689,0.18458377
fellow,P,word2vec_recipe_50_HOM_HALF,0.13844809,0.11247232,0.16376017,0.14271298,0.17562541,0.15742542
gauze,P,word2vec_recipe_50_HOM_HALF,0.26016912,0.30049416,0.34824792,0.4103318,0.38604712,0.4411168
moisture,M,word2vec_recipe_50_HOM_HALF,0.3386025,0.3758579,0.41620857,0.4018129,0.44394195,0.386257
shape,P,word2vec_recipe_50_HOM_HALF,0.32664442,0.39469537,0.40216178,0.38381138,0.436632,0.40186217
pretzel,P,word2vec_recipe_50_HOM_HALF,0.33882782,0.37597343,0.40792885,0.42118356,0.433783,0.44237372
brunette,P,word2vec_recipe_50_HOM_HALF,0.18267667,0.19684838,0.20710564,0.20688176,0.21690683,0.21929416
temper,P,word2vec_recipe_50_HOM_HALF,0.3637916,0.38964814,0.43979594,0.4574793,0.4676489,0.44081303
frown,P,word2vec_recipe_50_HOM_HALF,0.17734376,0.19880195,0.20509326,0.23083813,0.21719646,0.2444284
category,M,word2vec_recipe_50_HOM_HALF,0.23019066,0.18197611,0.26218218,0.20180891,0.2754271,0.2095205
bonus,P,word2vec_recipe_50_HOM_HALF,0.26955742,0.23348583,0.30483913,0.30159575,0.3187335,0.3188762
harmful,M,word2vec_recipe_50_HOM_HALF,0.14491597,0.15227905,0.17408232,0.19384953,0.18740949,0.20408952
dab,H,word2vec_recipe_50_HOM_HALF,0.36631817,0.4553073,0.4481847,0.46316743,0.47262067,0.4608125
attend,P,word2vec_recipe_50_HOM_HALF,0.15894619,0.13621634,0.18623176,0.15475725,0.19761814,0.1654786
hatchet,P,word2vec_recipe_50_HOM_HALF,0.17119865,0.21600224,0.2085045,0.26411384,0.22612758,0.2788101
bedroom,M,word2vec_recipe_50_HOM_HALF,0.1253639,0.1463126,0.14689974,0.1530338,0.15643689,0.1632547
field,P,word2vec_recipe_50_HOM_HALF,0.40634853,0.40198895,0.4636103,0.4318316,0.48418793,0.43488193
basin,P,word2vec_recipe_50_HOM_HALF,0.38259906,0.45091018,0.45511624,0.49949422,0.47969434,0.5170034
intense,P,word2vec_recipe_50_HOM_HALF,0.24513598,0.27036297,0.30495518,0.2944277,0.33227298,0.31244782
weirdo,M,word2vec_recipe_50_HOM_HALF,0.1048007,0.099192664,0.12057944,0.12832928,0.12862903,0.1395354
cloudy,P,word2vec_recipe_50_HOM_HALF,0.31256178,0.322835,0.3691209,0.35500655,0.39055794,0.3604828
maple,P,word2vec_recipe_50_HOM_HALF,0.28507605,0.34420583,0.37716332,0.42491323,0.4121857,0.44312716
distract,P,word2vec_recipe_50_HOM_HALF,0.10527327,0.12488388,0.12628885,0.13825655,0.13626169,0.14946699
nod,P,word2vec_recipe_50_HOM_HALF,0.16166353,0.12371248,0.18317361,0.14771117,0.19355549,0.16648166
horrible,P,word2vec_recipe_50_HOM_HALF,0.14933491,0.15016444,0.1760221,0.16350612,0.18786646,0.17213865
orchid,P,word2vec_recipe_50_HOM_HALF,0.20867853,0.23504157,0.26479045,0.29068613,0.28925034,0.30605343
fret,H,word2vec_recipe_50_HOM_HALF,0.23153877,0.20238762,0.27642432,0.20234768,0.29269633,0.2034938
element,P,word2vec_recipe_50_HOM_HALF,0.35006255,0.37484473,0.42931533,0.44579604,0.45703837,0.4641758
liable,P,word2vec_recipe_50_HOM_HALF,0.1423187,0.14654854,0.17041649,0.16672866,0.18199785,0.17586134
overcoat,M,word2vec_recipe_50_HOM_HALF,0.19188094,0.16043869,0.21989112,0.19283067,0.23369369,0.20041333
cavity,M,word2vec_recipe_50_HOM_HALF,0.2911621,0.34374017,0.41254494,0.4495831,0.45217857,0.46569243
impression,P,word2vec_recipe_50_HOM_HALF,0.38348028,0.4537994,0.48345047,0.48687926,0.5122211,0.48544112
vent,P,word2vec_recipe_50_HOM_HALF,0.32959768,0.41562012,0.435638,0.4595578,0.46741128,0.4561994
walnut,P,word2vec_recipe_50_HOM_HALF,0.3566345,0.39101043,0.43140817,0.36424747,0.45376146,0.35091382
tribute,P,word2vec_recipe_50_HOM_HALF,0.13445587,0.12852143,0.15767023,0.1522665,0.16737568,0.16936956
wager,P,word2vec_recipe_50_HOM_HALF,0.10912217,0.10299452,0.13073012,0.12841888,0.14150244,0.14227512
inventory,P,word2vec_recipe_50_HOM_HALF,0.11630492,0.11901785,0.13752738,0.14603056,0.14588256,0.15551254
wiggle,P,word2vec_recipe_50_HOM_HALF,0.33765918,0.34572837,0.40388262,0.40963447,0.42564642,0.40387765
aggressive,P,word2vec_recipe_50_HOM_HALF,0.22105715,0.22094326,0.26454276,0.2622384,0.28358993,0.26698223
bamboo,P,word2vec_recipe_50_HOM_HALF,0.3480199,0.3940453,0.4340259,0.47800362,0.4652916,0.47592536
clown,P,word2vec_recipe_50_HOM_HALF,0.14918406,0.18904221,0.18858944,0.23923759,0.20906895,0.26405424
hassle,P,word2vec_recipe_50_HOM_HALF,0.21987171,0.18026017,0.24964306,0.18402952,0.26158836,0.1798342
sauerkraut,M,word2vec_recipe_50_HOM_HALF,0.3298455,0.38838854,0.42434695,0.39351353,0.45139602,0.38861975
hydraulic,P,word2vec_recipe_50_HOM_HALF,0.27575025,0.33569625,0.3261713,0.34603825,0.3432917,0.34747
chocolate,P,word2vec_recipe_50_HOM_HALF,0.19506033,0.28662544,0.2932572,0.37545288,0.3339747,0.3925969
volume,P,word2vec_recipe_50_HOM_HALF,0.3095888,0.3316563,0.4212863,0.45470557,0.46110457,0.48725474
plantation,P,word2vec_recipe_50_HOM_HALF,0.18652599,0.15430982,0.2157203,0.18587579,0.22884929,0.19382823
lamp,P,word2vec_recipe_50_HOM_HALF,0.3287672,0.3053678,0.37564182,0.35142964,0.39249873,0.35469642
shelter,P,word2vec_recipe_50_HOM_HALF,0.15696397,0.18937322,0.18291241,0.21600954,0.19409567,0.22875923
salary,M,word2vec_recipe_50_HOM_HALF,0.21022752,0.24160618,0.23997337,0.27112332,0.25317365,0.285383
vanish,P,word2vec_recipe_50_HOM_HALF,0.16433416,0.1239389,0.19224067,0.15425871,0.20398106,0.16643555
fanatic,P,word2vec_recipe_50_HOM_HALF,0.112910464,0.10787619,0.13483113,0.13853252,0.1444662,0.14534678
leech,P,word2vec_recipe_50_HOM_HALF,0.20255081,0.17490783,0.2337838,0.19932035,0.24618748,0.20626812
notebook,M,word2vec_recipe_50_HOM_HALF,0.18947148,0.18348156,0.22364005,0.22788897,0.2354553,0.23712368
driver,P,word2vec_recipe_50_HOM_HALF,0.22708587,0.2598368,0.27534685,0.3163153,0.29575974,0.33761048
sympathy,P,word2vec_recipe_50_HOM_HALF,0.27336392,0.29022157,0.4170897,0.38223746,0.46970063,0.38516968
priest,P,word2vec_recipe_50_HOM_HALF,0.123316266,0.13210756,0.14896694,0.16000044,0.15995279,0.17697556
reap,P,word2vec_recipe_50_HOM_HALF,0.12231275,0.1238808,0.14290321,0.14051543,0.15235722,0.14930381
communion,P,word2vec_recipe_50_HOM_HALF,0.1899877,0.1815028,0.24812883,0.23978885,0.2717756,0.24667329
ladder,P,word2vec_recipe_50_HOM_HALF,0.23969023,0.23108366,0.28024554,0.27918234,0.29590502,0.30422008
defeat,P,word2vec_recipe_50_HOM_HALF,0.1258029,0.11439707,0.14635989,0.13464503,0.1555369,0.14410302
bitter,P,word2vec_recipe_50_HOM_HALF,0.31148106,0.30899101,0.36996108,0.33626643,0.39182413,0.3400557
maintain,P,word2vec_recipe_50_HOM_HALF,0.36022156,0.4576699,0.45503587,0.5143674,0.48686296,0.48854667
dainty,P,word2vec_recipe_50_HOM_HALF,0.33349305,0.31586945,0.38221508,0.3693753,0.39965463,0.37838227
fuzz,M,word2vec_recipe_50_HOM_HALF,0.2531703,0.2576908,0.3154668,0.34653744,0.34696066,0.38618395
medium,P,word2vec_recipe_50_HOM_HALF,0.27712435,0.36675423,0.40006074,0.40909642,0.4441706,0.42194843
tact,M,word2vec_recipe_50_HOM_HALF,0.31229198,0.31637356,0.37933636,0.36763257,0.40364158,0.38923648
former,H,word2vec_recipe_50_HOM_HALF,0.2039324,0.1369654,0.2303819,0.16822712,0.24212468,0.1776854
doll,P,word2vec_recipe_50_HOM_HALF,0.22196457,0.2068396,0.27661267,0.26640406,0.3023139,0.29612386
rail,H,word2vec_recipe_50_HOM_HALF,0.18588546,0.17395844,0.20990835,0.20627981,0.21998276,0.21565136
slab,P,word2vec_recipe_50_HOM_HALF,0.41878456,0.36884704,0.47536618,0.39647624,0.49433923,0.39170954
potion,M,word2vec_recipe_50_HOM_HALF,0.256497,0.21268493,0.29755178,0.26637968,0.31311727,0.28075048
musical,P,word2vec_recipe_50_HOM_HALF,0.16005997,0.17369053,0.20135918,0.23702216,0.21817158,0.25651327
turnout,P,word2vec_recipe_50_HOM_HALF,0.23876698,0.2532631,0.28268474,0.28695336,0.30148932,0.30296174
guilty,P,word2vec_recipe_50_HOM_HALF,0.18489325,0.15957905,0.21098071,0.17816609,0.22278236,0.18859883
divide,P,word2vec_recipe_50_HOM_HALF,0.3490588,0.39275506,0.48539641,0.47804037,0.52340585,0.49528423
landmark,P,word2vec_recipe_50_HOM_HALF,0.10958781,0.124185756,0.12731248,0.1549709,0.13590737,0.16679595
blade,P,word2vec_recipe_50_HOM_HALF,0.3131563,0.40817764,0.3961746,0.46112904,0.4357138,0.496819
buttermilk,P,word2vec_recipe_50_HOM_HALF,0.33732802,0.28111446,0.38663456,0.32223248,0.41269708,0.34868222
comfort,P,word2vec_recipe_50_HOM_HALF,0.32976145,0.31233674,0.36656556,0.32308638,0.38013494,0.31558105
blueberry,P,word2vec_recipe_50_HOM_HALF,0.22731741,0.27130306,0.30923805,0.31095016,0.3391333,0.32621452
rise,P,word2vec_recipe_50_HOM_HALF,0.29139605,0.33369774,0.41339985,0.44217095,0.46211624,0.48501366
ocean,P,word2vec_recipe_50_HOM_HALF,0.33255845,0.28210467,0.38660607,0.33154356,0.40324855,0.33411524
dribble,P,word2vec_recipe_50_HOM_HALF,0.39649233,0.45694813,0.47174254,0.42804122,0.49414963,0.40887338
nurse,P,word2vec_recipe_50_HOM_HALF,0.13728335,0.16773053,0.16348946,0.18467605,0.17485866,0.19124518
bedtime,M,word2vec_recipe_50_HOM_HALF,0.26601294,0.2944474,0.31983855,0.31294566,0.3405752,0.32570365
starch,P,word2vec_recipe_50_HOM_HALF,0.36130232,0.41106433,0.44414476,0.4829626,0.47583798,0.49023673
spank,H,word2vec_recipe_50_HOM_HALF,0.25422326,0.23126064,0.29430884,0.25948057,0.3096658,0.26060408
downright,P,word2vec_recipe_50_HOM_HALF,0.15287018,0.1515909,0.1805136,0.16752851,0.1928457,0.17387119
undo,P,word2vec_recipe_50_HOM_HALF,0.28010812,0.2813839,0.3230899,0.29162958,0.34091228,0.2944608
unstable,P,word2vec_recipe_50_HOM_HALF,0.16759592,0.14820412,0.19485694,0.16786636,0.20711558,0.18614733
strive,P,word2vec_recipe_50_HOM_HALF,0.14867893,0.118730605,0.17244707,0.14083707,0.1823699,0.15264258
stew,P,word2vec_recipe_50_HOM_HALF,0.29330206,0.39760178,0.3662558,0.3947389,0.39572293,0.39420438
flat,H,word2vec_recipe_50_HOM_HALF,0.34269693,0.31358853,0.38540837,0.34501424,0.4023954,0.3370934
cube,H,word2vec_recipe_50_HOM_HALF,0.40356845,0.42863786,0.48654002,0.4574416,0.5103283,0.46524423
mango,M,word2vec_recipe_50_HOM_HALF,0.23662555,0.33309242,0.32495555,0.37438667,0.35582176,0.37708429
submit,P,word2vec_recipe_50_HOM_HALF,0.104955,0.09476887,0.12657605,0.12854598,0.13772473,0.1401377
nowadays,P,word2vec_recipe_50_HOM_HALF,0.14446136,0.13741614,0.16559805,0.15916042,0.17486094,0.16453572
mound,P,word2vec_recipe_50_HOM_HALF,0.36572617,0.4798715,0.45274574,0.5117325,0.48278332,0.49192494
leap,P,word2vec_recipe_50_HOM_HALF,0.1684144,0.12552547,0.20298842,0.18957397,0.21528211,0.20299004
inhale,P,word2vec_recipe_50_HOM_HALF,0.26780206,0.26429766,0.31230736,0.2680199,0.32968768,0.27232975
bayou,M,word2vec_recipe_50_HOM_HALF,0.28143767,0.2924953,0.33083856,0.28595915,0.34912392,0.29701564
redo,P,word2vec_recipe_50_HOM_HALF,0.23893376,0.18140718,0.27311814,0.19051036,0.28515533,0.19643544
sponge,P,word2vec_recipe_50_HOM_HALF,0.32239154,0.3896054,0.39138553,0.41846743,0.4131215,0.42391002
spell,H,word2vec_recipe_50_HOM_HALF,0.17414024,0.17522343,0.2052996,0.19517462,0.21940109,0.21319132
successful,P,word2vec_recipe_50_HOM_HALF,0.21803205,0.18230157,0.24561174,0.18521589,0.25716832,0.19100045
charcoal,P,word2vec_recipe_50_HOM_HALF,0.23130265,0.31390452,0.330946,0.3891205,0.38949367,0.42553774
attachment,P,word2vec_recipe_50_HOM_HALF,0.28099823,0.32144764,0.4296725,0.43307853,0.48372102,0.48567113
teeny,M,word2vec_recipe_50_HOM_HALF,0.3771134,0.40725678,0.4458388,0.42807227,0.46746242,0.43738282
resource,P,word2vec_recipe_50_HOM_HALF,0.112871364,0.10908873,0.13641828,0.1380973,0.14615697,0.1488857
invite,P,word2vec_recipe_50_HOM_HALF,0.25149885,0.26025212,0.30220163,0.27193242,0.32234564,0.27630135
threaten,P,word2vec_recipe_50_HOM_HALF,0.31204396,0.27736676,0.36374518,0.30956265,0.38443044,0.31692335
girdle,P,word2vec_recipe_50_HOM_HALF,0.2654155,0.18550535,0.29529852,0.21730079,0.30640638,0.22827454
rookie,P,word2vec_recipe_50_HOM_HALF,0.17739366,0.18157612,0.20032749,0.19349323,0.21067192,0.2061451
snack,P,word2vec_recipe_50_HOM_HALF,0.29639527,0.36282825,0.36821476,0.4264465,0.3953337,0.4261431
clock,H,word2vec_recipe_50_HOM_HALF,0.35938346,0.31862038,0.39701256,0.34199294,0.41267037,0.35447088
terrible,P,word2vec_recipe_50_HOM_HALF,0.17737286,0.17188925,0.20492478,0.17682949,0.21681003,0.18719003
film,P,word2vec_recipe_50_HOM_HALF,0.3210802,0.28655884,0.42823026,0.39156708,0.46230668,0.41328275
ribbon,P,word2vec_recipe_50_HOM_HALF,0.36379105,0.40317777,0.42082104,0.3758393,0.4429291,0.37613732
mint,H,word2vec_recipe_50_HOM_HALF,0.27909747,0.3218116,0.33683583,0.3817697,0.36557877,0.40848652
dizzy,P,word2vec_recipe_50_HOM_HALF,0.16807632,0.1751952,0.1917675,0.19538431,0.20237236,0.20322895
smooth,P,word2vec_recipe_50_HOM_HALF,0.25762042,0.3231685,0.35624835,0.389652,0.3897243,0.38979635
spice,P,word2vec_recipe_50_HOM_HALF,0.37759608,0.39513898,0.44152492,0.42078036,0.46687987,0.44230372
awaken,P,word2vec_recipe_50_HOM_HALF,0.23583987,0.24164334,0.27220738,0.23844975,0.28632522,0.24404043
minimum,P,word2vec_recipe_50_HOM_HALF,0.34649104,0.3106693,0.42934334,0.3576576,0.46331286,0.39078116
excitement,P,word2vec_recipe_50_HOM_HALF,0.11758281,0.114235364,0.13441339,0.13947633,0.14295073,0.14716214
ghastly,P,word2vec_recipe_50_HOM_HALF,0.19202642,0.21661133,0.21906708,0.24070697,0.23081037,0.2559622
wallet,M,word2vec_recipe_50_HOM_HALF,0.15227096,0.12694173,0.17929186,0.15536208,0.19024704,0.1651887
nephew,M,word2vec_recipe_50_HOM_HALF,0.08997368,0.09041763,0.11315321,0.12739632,0.12520236,0.14712283
waffle,H,word2vec_recipe_50_HOM_HALF,0.32171816,0.40177163,0.45700538,0.5174393,0.50166327,0.5375156
fighter,P,word2vec_recipe_50_HOM_HALF,0.1866,0.16955176,0.21339399,0.20000975,0.22402206,0.20744759
clap,P,word2vec_recipe_50_HOM_HALF,0.325949,0.3486003,0.3881573,0.41404375,0.4089922,0.42779678
imply,P,word2vec_recipe_50_HOM_HALF,0.115786634,0.11273857,0.13834083,0.13382345,0.14848588,0.14588955
fit,H,word2vec_recipe_50_HOM_HALF,0.3798414,0.4516362,0.43894562,0.39507592,0.4566186,0.38599032
parrot,P,word2vec_recipe_50_HOM_HALF,0.22197072,0.24189071,0.25506517,0.2593328,0.26731914,0.26458794
diarrhea,M,word2vec_recipe_50_HOM_HALF,0.14106485,0.1396297,0.1666072,0.17628402,0.1777681,0.18668869
applause,P,word2vec_recipe_50_HOM_HALF,0.17029583,0.14852512,0.21162096,0.19393389,0.22708736,0.19311348
grinder,P,word2vec_recipe_50_HOM_HALF,0.2700192,0.29570976,0.39322865,0.38799462,0.44438446,0.44718966
breast,P,word2vec_recipe_50_HOM_HALF,0.24774556,0.34455082,0.33325005,0.4417022,0.3738366,0.4592437
ego,P,word2vec_recipe_50_HOM_HALF,0.082459494,0.09756515,0.09982532,0.117211826,0.107276335,0.13160147
policy,H,word2vec_recipe_50_HOM_HALF,0.13992356,0.15317161,0.16183862,0.15514173,0.1726882,0.16471912
private,P,word2vec_recipe_50_HOM_HALF,0.13473405,0.14100601,0.16407448,0.1717036,0.17661814,0.18221496
mystery,P,word2vec_recipe_50_HOM_HALF,0.19921908,0.1297633,0.2301096,0.16383334,0.2434601,0.18468589
hose,P,word2vec_recipe_50_HOM_HALF,0.2051266,0.25253722,0.25193202,0.3215902,0.2736966,0.33918813
boa,P,word2vec_recipe_50_HOM_HALF,0.20201902,0.18242119,0.2395499,0.22321402,0.25682855,0.25567806
clearance,P,word2vec_recipe_50_HOM_HALF,0.3194413,0.3143375,0.36885157,0.34659567,0.38745484,0.35851738
genius,P,word2vec_recipe_50_HOM_HALF,0.1584899,0.14162287,0.17993513,0.15999486,0.18996136,0.1686904
boil,H,word2vec_recipe_50_HOM_HALF,0.32464343,0.32161552,0.4143504,0.3617619,0.45014045,0.38121846
idiot,P,word2vec_recipe_50_HOM_HALF,0.23214474,0.18637036,0.26274025,0.22241221,0.2762517,0.24227168
meal,H,word2vec_recipe_50_HOM_HALF,0.40199813,0.4845843,0.47421798,0.51193964,0.50237215,0.5212353
neat,P,word2vec_recipe_50_HOM_HALF,0.2614037,0.26897904,0.32126114,0.28682742,0.34103766,0.3037214
cupboard,M,word2vec_recipe_50_HOM_HALF,0.26059905,0.32603866,0.33541834,0.37099612,0.36238304,0.38345402
folk,P,word2vec_recipe_50_HOM_HALF,0.40218472,0.4433383,0.45296302,0.4144064,0.4692551,0.40338364
suggest,P,word2vec_recipe_50_HOM_HALF,0.3114662,0.34267953,0.37194443,0.2782725,0.38922477,0.26306254
extensive,P,word2vec_recipe_50_HOM_HALF,0.10974207,0.12026535,0.12781441,0.13377078,0.13531527,0.14517204
mushy,P,word2vec_recipe_50_HOM_HALF,0.29881778,0.32198298,0.36595818,0.3956332,0.39307582,0.38915724
vomit,P,word2vec_recipe_50_HOM_HALF,0.14899836,0.16751255,0.17407875,0.20070753,0.18560798,0.21669063
daytime,M,word2vec_recipe_50_HOM_HALF,0.16404565,0.18746075,0.19719036,0.21157512,0.21167469,0.21653059
prostate,P,word2vec_recipe_50_HOM_HALF,0.092812456,0.11350918,0.11699066,0.14749068,0.1277514,0.15736309
horizontal,M,word2vec_recipe_50_HOM_HALF,0.24327007,0.27858776,0.30798677,0.34306914,0.33380294,0.34431005
fuss,P,word2vec_recipe_50_HOM_HALF,0.31232285,0.3016088,0.35247704,0.2666655,0.3672929,0.28873214
fiber,P,word2vec_recipe_50_HOM_HALF,0.18038598,0.19306974,0.25036162,0.14841887,0.27112493,0.1299709
fame,P,word2vec_recipe_50_HOM_HALF,0.12794045,0.122001365,0.14847077,0.14540358,0.15956135,0.16491562
mule,H,word2vec_recipe_50_HOM_HALF,0.12585887,0.14181629,0.17026286,0.19543217,0.19341442,0.22520998
lagoon,P,word2vec_recipe_50_HOM_HALF,0.18630497,0.19049366,0.22886583,0.22913286,0.24765885,0.25246444
crank,P,word2vec_recipe_50_HOM_HALF,0.41221437,0.45034638,0.4802626,0.45322198,0.5016839,0.45032334
immediate,P,word2vec_recipe_50_HOM_HALF,0.3530441,0.328395,0.40971565,0.34021357,0.42894036,0.3451809
letter,P,word2vec_recipe_50_HOM_HALF,0.35423607,0.3980265,0.42730835,0.39804947,0.45239106,0.40692666
distant,P,word2vec_recipe_50_HOM_HALF,0.099935204,0.100923575,0.12291279,0.13136382,0.1330139,0.1470968
shrink,P,word2vec_recipe_50_HOM_HALF,0.35655037,0.44062108,0.42613927,0.39424106,0.44913033,0.36831504
upward,P,word2vec_recipe_50_HOM_HALF,0.24392542,0.29362473,0.31100592,0.32907367,0.3348919,0.33784574
dip,P,word2vec_recipe_50_HOM_HALF,0.41834038,0.46438813,0.48666936,0.4459308,0.50811815,0.44457158
functional,P,word2vec_recipe_50_HOM_HALF,0.09466143,0.11239819,0.11231455,0.13859905,0.12140322,0.1470673
chest,P,word2vec_recipe_50_HOM_HALF,0.3195057,0.31850356,0.3645121,0.34011963,0.38552123,0.3562176
carefree,M,word2vec_recipe_50_HOM_HALF,0.17105559,0.1643528,0.19857843,0.18340272,0.20784958,0.19167009
slot,P,word2vec_recipe_50_HOM_HALF,0.36846733,0.43234253,0.43101743,0.4434845,0.45217744,0.45616913
campfire,P,word2vec_recipe_50_HOM_HALF,0.36507207,0.38020507,0.44289932,0.44233754,0.47034508,0.45553795
intestine,P,word2vec_recipe_50_HOM_HALF,0.20436868,0.207976,0.27844602,0.313946,0.3104384,0.35188186
linen,P,word2vec_recipe_50_HOM_HALF,0.24729986,0.2747749,0.36817497,0.39204884,0.42109862,0.43905318
value,P,word2vec_recipe_50_HOM_HALF,0.20521095,0.15116847,0.26582888,0.25626776,0.29316854,0.2745702
beg,P,word2vec_recipe_50_HOM_HALF,0.12332146,0.10110056,0.14628477,0.14173318,0.15712152,0.15387784
shoulder,P,word2vec_recipe_50_HOM_HALF,0.21149275,0.30366328,0.3092147,0.38918197,0.34693795,0.38838285
cheerful,P,word2vec_recipe_50_HOM_HALF,0.15212557,0.13333057,0.17614809,0.15482825,0.18669723,0.16804065
jury,P,word2vec_recipe_50_HOM_HALF,0.09713314,0.10222732,0.11722699,0.12864904,0.12637423,0.14133829
roast,P,word2vec_recipe_50_HOM_HALF,0.30006653,0.3333837,0.3790791,0.42392808,0.41373605,0.42073676
restore,P,word2vec_recipe_50_HOM_HALF,0.37136763,0.3726098,0.43650153,0.39112592,0.4572676,0.3963231
classroom,M,word2vec_recipe_50_HOM_HALF,0.1730154,0.18802193,0.20952171,0.2167225,0.22311816,0.22974136
millimeter,M,word2vec_recipe_50_HOM_HALF,0.20518926,0.19664265,0.2500751,0.23293509,0.2715354,0.25607684
defective,P,word2vec_recipe_50_HOM_HALF,0.3015873,0.3558117,0.3588567,0.41337377,0.38418987,0.42290074
humidity,P,word2vec_recipe_50_HOM_HALF,0.30433097,0.319734,0.3705303,0.3431102,0.3937085,0.338996
dwarf,P,word2vec_recipe_50_HOM_HALF,0.17400905,0.21050942,0.20902309,0.2457192,0.22088501,0.25457326
cheek,P,word2vec_recipe_50_HOM_HALF,0.32700372,0.34975097,0.37560883,0.37569267,0.39597756,0.39653966
appetite,P,word2vec_recipe_50_HOM_HALF,0.27310613,0.3123476,0.32772818,0.33642894,0.34987855,0.3236048
recommend,P,word2vec_recipe_50_HOM_HALF,0.26274008,0.28656453,0.3435974,0.29289037,0.3655984,0.27926075
powerful,P,word2vec_recipe_50_HOM_HALF,0.28367838,0.28205585,0.34888,0.3826187,0.37006927,0.3897615
consistent,P,word2vec_recipe_50_HOM_HALF,0.34569272,0.34365922,0.41017357,0.39985132,0.43491843,0.39702904
squeaky,M,word2vec_recipe_50_HOM_HALF,0.28207257,0.29479235,0.32286015,0.30012673,0.3378447,0.29439613
wreath,P,word2vec_recipe_50_HOM_HALF,0.2642834,0.29128692,0.3351774,0.3745813,0.3633989,0.38823697
worldwide,P,word2vec_recipe_50_HOM_HALF,0.13122424,0.12746759,0.15146638,0.14679936,0.16095573,0.1606368
teacher,M,word2vec_recipe_50_HOM_HALF,0.11259706,0.10136301,0.13808289,0.13551995,0.15088816,0.15613584
improper,P,word2vec_recipe_50_HOM_HALF,0.13260372,0.1436715,0.15340655,0.16872261,0.1642898,0.1794041
puddle,P,word2vec_recipe_50_HOM_HALF,0.3735508,0.42273095,0.43813968,0.45318305,0.4587093,0.44690973
despair,P,word2vec_recipe_50_HOM_HALF,0.16941372,0.1297625,0.19989076,0.16281924,0.21371506,0.17772882
purgatory,P,word2vec_recipe_50_HOM_HALF,0.24310274,0.23738594,0.2951919,0.24708554,0.31345117,0.25383678
dirt,P,word2vec_recipe_50_HOM_HALF,0.34151247,0.3761892,0.43244782,0.43605182,0.46501088,0.4596541
pupil,H,word2vec_recipe_50_HOM_HALF,0.21620965,0.20109901,0.28439975,0.2645455,0.31701577,0.29436347
spatter,P,word2vec_recipe_50_HOM_HALF,0.30348593,0.35237303,0.40474814,0.42887768,0.4401336,0.4419236
oasis,P,word2vec_recipe_50_HOM_HALF,0.18998067,0.2107668,0.22549167,0.25365388,0.23966347,0.26328844
serum,P,word2vec_recipe_50_HOM_HALF,0.15547244,0.18067415,0.1824994,0.19455142,0.19250569,0.19952568
silk,P,word2vec_recipe_50_HOM_HALF,0.40630713,0.4509942,0.48053038,0.4898218,0.50737995,0.4928272
pooch,M,word2vec_recipe_50_HOM_HALF,0.22072506,0.20574972,0.25292382,0.24407336,0.26713753,0.25224608
smash,P,word2vec_recipe_50_HOM_HALF,0.29739457,0.41200748,0.41964734,0.49952725,0.4639948,0.5149089
handsome,P,word2vec_recipe_50_HOM_HALF,0.2874329,0.28171837,0.32809737,0.31333783,0.3438211,0.31333283
criticism,P,word2vec_recipe_50_HOM_HALF,0.20303373,0.18036163,0.2339864,0.18905777,0.24532352,0.19923262
telegram,M,word2vec_recipe_50_HOM_HALF,0.14562215,0.15189742,0.17201737,0.16603585,0.1842423,0.18273887
accelerate,P,word2vec_recipe_50_HOM_HALF,0.23011145,0.25955138,0.2870672,0.28312013,0.30741376,0.29238668
trifle,P,word2vec_recipe_50_HOM_HALF,0.3544408,0.41314626,0.43439338,0.45855194,0.45980743,0.44220638
drift,P,word2vec_recipe_50_HOM_HALF,0.21311311,0.1650901,0.24136087,0.18097925,0.25309274,0.18926594
slit,P,word2vec_recipe_50_HOM_HALF,0.32342857,0.3478918,0.40135127,0.39093226,0.43204102,0.40329695
intend,P,word2vec_recipe_50_HOM_HALF,0.35280305,0.35946736,0.42589647,0.3359758,0.4462799,0.32069013
obvious,P,word2vec_recipe_50_HOM_HALF,0.25788468,0.25877368,0.29910672,0.26968756,0.31495392,0.2749001
bran,M,word2vec_recipe_50_HOM_HALF,0.28453618,0.3448843,0.39097005,0.4127582,0.43110284,0.42296138
candle,P,word2vec_recipe_50_HOM_HALF,0.3627587,0.39740917,0.43611676,0.45444804,0.46068236,0.46624228
chore,P,word2vec_recipe_50_HOM_HALF,0.12825187,0.12434969,0.14714232,0.1363284,0.1557141,0.14446397
ignore,M,word2vec_recipe_50_HOM_HALF,0.2716702,0.17777663,0.3012793,0.18326956,0.31392372,0.19229022
regal,P,word2vec_recipe_50_HOM_HALF,0.20190065,0.17508924,0.23303205,0.19198348,0.24589203,0.20169604
initial,P,word2vec_recipe_50_HOM_HALF,0.2721313,0.2427163,0.31185994,0.26671466,0.32911262,0.28650546
hunger,P,word2vec_recipe_50_HOM_HALF,0.14865474,0.14098313,0.18078424,0.16312629,0.19374584,0.17146304
liberate,P,word2vec_recipe_50_HOM_HALF,0.18333259,0.22440617,0.21456854,0.23897879,0.22709236,0.24860938
caramel,P,word2vec_recipe_50_HOM_HALF,0.29061908,0.31383324,0.36692306,0.40416256,0.39702356,0.40157905
windmill,P,word2vec_recipe_50_HOM_HALF,0.21567082,0.22456244,0.25332105,0.27147743,0.27014512,0.29437065
roller,P,word2vec_recipe_50_HOM_HALF,0.32977903,0.37216476,0.43030503,0.4807239,0.4636628,0.48242974
darn,H,word2vec_recipe_50_HOM_HALF,0.2058228,0.2211063,0.25254712,0.23844029,0.27030748,0.23579167
manger,M,word2vec_recipe_50_HOM_HALF,0.123500206,0.11606757,0.14430135,0.14621319,0.1541897,0.16027775
outdoor,M,word2vec_recipe_50_HOM_HALF,0.32029572,0.32622328,0.42422616,0.42137823,0.46190286,0.44312647
raft,H,word2vec_recipe_50_HOM_HALF,0.35942382,0.36513892,0.410712,0.37865433,0.42877495,0.39789444
ketchup,M,word2vec_recipe_50_HOM_HALF,0.24687462,0.27897313,0.35060364,0.3680168,0.39272186,0.3997691
equation,P,word2vec_recipe_50_HOM_HALF,0.13777,0.15298244,0.15846445,0.1632401,0.16784431,0.1733507
novel,H,word2vec_recipe_50_HOM_HALF,0.12130721,0.10901209,0.14370154,0.13295077,0.15457435,0.14968519
salad,P,word2vec_recipe_50_HOM_HALF,0.2935595,0.33826292,0.36164397,0.35236275,0.3871239,0.34530675
newspaper,P,word2vec_recipe_50_HOM_HALF,0.329033,0.378524,0.3986161,0.40335816,0.42307413,0.42375693
flask,P,word2vec_recipe_50_HOM_HALF,0.24526349,0.2617653,0.28935018,0.33334532,0.30634454,0.34428436
toothpaste,M,word2vec_recipe_50_HOM_HALF,0.30546677,0.3341015,0.35626984,0.36440447,0.37434664,0.37824154
nuisance,M,word2vec_recipe_50_HOM_HALF,0.18913975,0.1564511,0.21234654,0.1631116,0.22252278,0.16955762
disagree,P,word2vec_recipe_50_HOM_HALF,0.083877556,0.09996666,0.10248695,0.12257582,0.11226342,0.13454954
station,P,word2vec_recipe_50_HOM_HALF,0.4279521,0.49264938,0.5195929,0.5242485,0.5417575,0.5067206
entrance,H,word2vec_recipe_50_HOM_HALF,0.16354556,0.17637882,0.20208918,0.23152387,0.22142233,0.26080054
signature,P,word2vec_recipe_50_HOM_HALF,0.28366977,0.26645896,0.31869102,0.29375035,0.3326525,0.3012168
ridge,P,word2vec_recipe_50_HOM_HALF,0.3226391,0.34545708,0.38344783,0.3770715,0.404856,0.38854092
bless,P,word2vec_recipe_50_HOM_HALF,0.17646149,0.1262118,0.20148186,0.15505289,0.21382575,0.16809106
hatch,H,word2vec_recipe_50_HOM_HALF,0.33960629,0.334654,0.396421,0.36334664,0.41622636,0.39785454
iodine,P,word2vec_recipe_50_HOM_HALF,0.10624393,0.08462568,0.19908802,0.20869468,0.23619953,0.23412517
manual,P,word2vec_recipe_50_HOM_HALF,0.29124975,0.31717223,0.3852155,0.41737306,0.43240958,0.46128374
hangover,M,word2vec_recipe_50_HOM_HALF,0.28720963,0.2252931,0.32094902,0.24615543,0.33464828,0.25421345
session,P,word2vec_recipe_50_HOM_HALF,0.26596802,0.2615972,0.30943587,0.27509463,0.32703224,0.26588354
freak,H,word2vec_recipe_50_HOM_HALF,0.23160057,0.1617012,0.27097467,0.190181,0.2847926,0.20182727
gum,H,word2vec_recipe_50_HOM_HALF,0.3056955,0.30437866,0.39814284,0.3873891,0.43143058,0.4240771
invoke,P,word2vec_recipe_50_HOM_HALF,0.12880877,0.1395459,0.15329984,0.16428402,0.16286953,0.16970968
curse,P,word2vec_recipe_50_HOM_HALF,0.07830541,0.0998601,0.09526298,0.120757274,0.10440976,0.13157234
allergy,M,word2vec_recipe_50_HOM_HALF,0.20479786,0.21883965,0.2584413,0.25802127,0.27594626,0.26071903
prompt,P,word2vec_recipe_50_HOM_HALF,0.101695314,0.10487872,0.12085322,0.13203944,0.12922049,0.14345911
groove,P,word2vec_recipe_50_HOM_HALF,0.28017488,0.30536237,0.33112526,0.33879742,0.3526772,0.3323192
brag,P,word2vec_recipe_50_HOM_HALF,0.1920425,0.16299175,0.22103843,0.18601026,0.2340569,0.19923115
theme,P,word2vec_recipe_50_HOM_HALF,0.24708167,0.2494001,0.2830146,0.2664038,0.29703858,0.27507758
election,P,word2vec_recipe_50_HOM_HALF,0.16142496,0.16278088,0.18805474,0.17409547,0.20133811,0.18737227
karate,M,word2vec_recipe_50_HOM_HALF,0.14468752,0.13708374,0.16428293,0.16326033,0.17277955,0.1704514
extension,P,word2vec_recipe_50_HOM_HALF,0.19470556,0.15413216,0.22519998,0.18618663,0.23861192,0.20142475
sky,P,word2vec_recipe_50_HOM_HALF,0.4388702,0.33662167,0.48829374,0.3480197,0.504987,0.3649982
yen,H,word2vec_recipe_50_HOM_HALF,0.29993373,0.24528523,0.3468375,0.28829765,0.36400792,0.29886803
cathedral,P,word2vec_recipe_50_HOM_HALF,0.15584399,0.17533875,0.19435176,0.18388914,0.21185984,0.20152776
lateral,P,word2vec_recipe_50_HOM_HALF,0.16373196,0.19791485,0.2061437,0.25605676,0.2265959,0.28540573
cardboard,M,word2vec_recipe_50_HOM_HALF,0.30313888,0.3210279,0.35459292,0.3293679,0.3732789,0.34906495
discover,P,word2vec_recipe_50_HOM_HALF,0.13143721,0.11176205,0.15198258,0.13473065,0.16057499,0.1476486
zip,H,word2vec_recipe_50_HOM_HALF,0.17969537,0.19602986,0.33165866,0.30215868,0.40817833,0.40564203
alligator,M,word2vec_recipe_50_HOM_HALF,0.33142906,0.40826827,0.38358638,0.40588787,0.40180182,0.3852141
dedication,P,word2vec_recipe_50_HOM_HALF,0.1724672,0.17171818,0.19924311,0.20533884,0.20828773,0.2115942
crutch,P,word2vec_recipe_50_HOM_HALF,0.16125529,0.14453346,0.18465321,0.15617178,0.19486761,0.16840923
gross,P,word2vec_recipe_50_HOM_HALF,0.21202514,0.23177077,0.26282132,0.23612666,0.2806729,0.2330798
behalf,P,word2vec_recipe_50_HOM_HALF,0.17989165,0.15503615,0.21257696,0.17436731,0.22725682,0.1942273
fist,P,word2vec_recipe_50_HOM_HALF,0.32528904,0.34091294,0.40990746,0.45477974,0.44591895,0.45801958
clubhouse,M,word2vec_recipe_50_HOM_HALF,0.17799678,0.17181045,0.20494622,0.20110817,0.21664257,0.21379653
coil,H,word2vec_recipe_50_HOM_HALF,0.2292752,0.28066838,0.3003732,0.31384262,0.32807004,0.33089107
bait,P,word2vec_recipe_50_HOM_HALF,0.26541123,0.21745625,0.29501536,0.22675437,0.30687892,0.22840832
activate,P,word2vec_recipe_50_HOM_HALF,0.2987403,0.36122918,0.39448532,0.45674005,0.43240494,0.4892009
difficult,P,word2vec_recipe_50_HOM_HALF,0.28513283,0.2550702,0.33375928,0.25154176,0.3507512,0.24207403
tiara,P,word2vec_recipe_50_HOM_HALF,0.20963398,0.21361373,0.24632803,0.27446464,0.26324946,0.30139586
slack,H,word2vec_recipe_50_HOM_HALF,0.22170845,0.16888848,0.27980277,0.23643173,0.30596918,0.26969394
bleed,P,word2vec_recipe_50_HOM_HALF,0.34320673,0.32105163,0.39097187,0.31168783,0.40833533,0.29485023
valve,P,word2vec_recipe_50_HOM_HALF,0.34009555,0.35381234,0.44230983,0.46368915,0.4823259,0.50454086
express,P,word2vec_recipe_50_HOM_HALF,0.42482248,0.2953302,0.46620327,0.30620292,0.47875962,0.32096162
midnight,P,word2vec_recipe_50_HOM_HALF,0.2660261,0.25871658,0.3041836,0.28154266,0.31935006,0.2943698
volatile,P,word2vec_recipe_50_HOM_HALF,0.2153574,0.24906152,0.26014903,0.24619581,0.27679217,0.25980628
sudden,P,word2vec_recipe_50_HOM_HALF,0.28375733,0.24677359,0.32801387,0.24185227,0.3428936,0.23781836
taste,P,word2vec_recipe_50_HOM_HALF,0.23185793,0.23804279,0.29603684,0.27951324,0.3272329,0.30682787
tub,P,word2vec_recipe_50_HOM_HALF,0.34793845,0.41747424,0.42434546,0.43668398,0.4501944,0.44810894
pencil,P,word2vec_recipe_50_HOM_HALF,0.25414222,0.26672578,0.30607897,0.31308696,0.3256601,0.32130143
blend,P,word2vec_recipe_50_HOM_HALF,0.3163607,0.3812315,0.3817549,0.4273063,0.40685242,0.43236786
survive,P,word2vec_recipe_50_HOM_HALF,0.14779696,0.11739605,0.17094168,0.14786594,0.1825154,0.16049455
riot,P,word2vec_recipe_50_HOM_HALF,0.17123643,0.15788166,0.20105194,0.20573086,0.2133995,0.2196479
tent,P,word2vec_recipe_50_HOM_HALF,0.3496248,0.37453902,0.44051772,0.39827362,0.46979836,0.40596333
polite,P,word2vec_recipe_50_HOM_HALF,0.21778181,0.28669545,0.26758912,0.30262402,0.2860272,0.29531473
shower,H,word2vec_recipe_50_HOM_HALF,0.41711116,0.3986675,0.46934006,0.41579965,0.48769256,0.4371256
scold,P,word2vec_recipe_50_HOM_HALF,0.12860164,0.12150927,0.15092827,0.1420917,0.16225122,0.15921552
ruthless,M,word2vec_recipe_50_HOM_HALF,0.15528366,0.18325134,0.18078846,0.20220888,0.19192424,0.21366856
historic,P,word2vec_recipe_50_HOM_HALF,0.12584513,0.12941909,0.14735006,0.15630461,0.15906209,0.17066438
convenient,P,word2vec_recipe_50_HOM_HALF,0.29869834,0.28949016,0.3334915,0.25600305,0.3457553,0.24923196
tolerant,P,word2vec_recipe_50_HOM_HALF,0.1678641,0.13998523,0.19130743,0.16125228,0.20168048,0.1763468
pool,H,word2vec_recipe_50_HOM_HALF,0.40719432,0.46696746,0.4724079,0.47766563,0.49169868,0.4672392
icebox,P,word2vec_recipe_50_HOM_HALF,0.35833982,0.2708436,0.39511603,0.263999,0.4089339,0.25580278
belief,P,word2vec_recipe_50_HOM_HALF,0.14416716,0.12230597,0.16543968,0.13894063,0.17489098,0.15187413
polar,P,word2vec_recipe_50_HOM_HALF,0.21386047,0.2390614,0.2524812,0.27097178,0.26897064,0.2979428
handful,P,word2vec_recipe_50_HOM_HALF,0.3612288,0.43213984,0.46852243,0.49688515,0.499861,0.49174052
picky,M,word2vec_recipe_50_HOM_HALF,0.19581774,0.20701355,0.22871262,0.21578181,0.2439537,0.20783086
sunglasses,M,word2vec_recipe_50_HOM_HALF,0.18736169,0.2079582,0.21853979,0.24289648,0.23247214,0.2630739
rumble,P,word2vec_recipe_50_HOM_HALF,0.25878748,0.22414741,0.29541853,0.23515336,0.30831653,0.23841631
tofu,M,word2vec_recipe_50_HOM_HALF,0.30802292,0.36147374,0.3916892,0.4186097,0.42046127,0.42407456
scream,P,word2vec_recipe_50_HOM_HALF,0.29763404,0.26438227,0.3402137,0.29666513,0.35680175,0.29767272
coaster,P,word2vec_recipe_50_HOM_HALF,0.2140058,0.22111927,0.24726307,0.26846308,0.26190594,0.28194475
cash,P,word2vec_recipe_50_HOM_HALF,0.13615277,0.11183157,0.15988001,0.14347449,0.17022201,0.1564071
mode,H,word2vec_recipe_50_HOM_HALF,0.3892196,0.37909898,0.4730874,0.45448613,0.5046623,0.49389073
forum,P,word2vec_recipe_50_HOM_HALF,0.1451585,0.12208304,0.17009522,0.15264979,0.18097752,0.1675688
posse,P,word2vec_recipe_50_HOM_HALF,0.12734823,0.146653,0.15873097,0.18148562,0.173039,0.19697241
swarm,H,word2vec_recipe_50_HOM_HALF,0.14820215,0.16486569,0.1720383,0.18731529,0.18199499,0.20297872
compete,P,word2vec_recipe_50_HOM_HALF,0.18403831,0.16377355,0.21397728,0.17214714,0.22478329,0.17821683
swell,P,word2vec_recipe_50_HOM_HALF,0.37476102,0.45860726,0.45889977,0.49551392,0.485925,0.48188272
memo,M,word2vec_recipe_50_HOM_HALF,0.12550405,0.12410534,0.14601356,0.14981332,0.15507816,0.16034617
motor,P,word2vec_recipe_50_HOM_HALF,0.30627757,0.40341476,0.4173265,0.42787924,0.46639198,0.46532467
print,P,word2vec_recipe_50_HOM_HALF,0.27543083,0.2465524,0.3306538,0.29458323,0.35180718,0.31474236
patio,P,word2vec_recipe_50_HOM_HALF,0.25950095,0.25416377,0.29736346,0.26899105,0.31272748,0.27107075
stump,P,word2vec_recipe_50_HOM_HALF,0.22455418,0.18635239,0.268303,0.2592585,0.28912494,0.2822017
demo,P,word2vec_recipe_50_HOM_HALF,0.11955255,0.12372639,0.14378692,0.14922796,0.15477176,0.15506633
lunchtime,M,word2vec_recipe_50_HOM_HALF,0.27821153,0.25797024,0.3168627,0.27356535,0.33294237,0.26704708
bird,P,word2vec_recipe_50_HOM_HALF,0.22468106,0.2904209,0.3430597,0.42323306,0.3887057,0.44903862
tortoise,P,word2vec_recipe_50_HOM_HALF,0.18439041,0.21223478,0.21903929,0.27499512,0.23368043,0.29467204
tomb,P,word2vec_recipe_50_HOM_HALF,0.18915315,0.20530182,0.22218445,0.22493882,0.23499294,0.23087339
scarecrow,P,word2vec_recipe_50_HOM_HALF,0.1965938,0.21466768,0.24153149,0.27619547,0.26479918,0.296928
phase,P,word2vec_recipe_50_HOM_HALF,0.40202314,0.37095946,0.44942608,0.3439682,0.46640152,0.32981244
flop,P,word2vec_recipe_50_HOM_HALF,0.37526846,0.3775737,0.4244981,0.3736057,0.44209564,0.38627622
rooster,M,word2vec_recipe_50_HOM_HALF,0.26687038,0.27059174,0.3052085,0.28738534,0.32089353,0.31120038
horror,P,word2vec_recipe_50_HOM_HALF,0.07367934,0.087742366,0.09488585,0.12228902,0.10471006,0.1382764
compassion,M,word2vec_recipe_50_HOM_HALF,0.15880325,0.17640504,0.19797273,0.18590921,0.21226734,0.19270985
confess,P,word2vec_recipe_50_HOM_HALF,0.099413484,0.102337606,0.11898034,0.12471852,0.13061193,0.13939387
unleash,M,word2vec_recipe_50_HOM_HALF,0.16773793,0.16851754,0.18826881,0.19586673,0.1983413,0.20996003
deodorant,P,word2vec_recipe_50_HOM_HALF,0.17973875,0.17609356,0.21077973,0.19818558,0.22270285,0.2065189
tension,P,word2vec_recipe_50_HOM_HALF,0.23613255,0.2598323,0.27836394,0.29884723,0.29737282,0.31287825
homesick,M,word2vec_recipe_50_HOM_HALF,0.12729979,0.14146525,0.15421614,0.1575542,0.1666467,0.17345372
football,P,word2vec_recipe_50_HOM_HALF,0.31068078,0.28361458,0.35977876,0.29976532,0.38090432,0.32035267
thong,P,word2vec_recipe_50_HOM_HALF,0.15368137,0.16842161,0.18192153,0.18814166,0.19385013,0.20011872
poodle,M,word2vec_recipe_50_HOM_HALF,0.1624841,0.1537306,0.18345004,0.17941716,0.19268292,0.18445413
dangerous,M,word2vec_recipe_50_HOM_HALF,0.23239568,0.19896658,0.27152577,0.22118132,0.28608838,0.22869337
study,P,word2vec_recipe_50_HOM_HALF,0.12975648,0.11462221,0.15031904,0.14220864,0.16005304,0.16158527
pioneer,P,word2vec_recipe_50_HOM_HALF,0.21113995,0.255417,0.26192677,0.3051682,0.28214467,0.30370423
explode,P,word2vec_recipe_50_HOM_HALF,0.3163628,0.31900543,0.36490658,0.2981568,0.38208312,0.29520208
distinct,P,word2vec_recipe_50_HOM_HALF,0.32417542,0.2998889,0.38131753,0.3459118,0.40277076,0.35375312
crummy,P,word2vec_recipe_50_HOM_HALF,0.21807256,0.20005845,0.24928679,0.22202912,0.2615966,0.23481633
choice,P,word2vec_recipe_50_HOM_HALF,0.283849,0.3821244,0.3869474,0.4154172,0.42444953,0.4244207
residual,P,word2vec_recipe_50_HOM_HALF,0.36912307,0.3546339,0.41679302,0.35012674,0.43390998,0.35541835
carnival,P,word2vec_recipe_50_HOM_HALF,0.23832044,0.19458316,0.26890635,0.20885679,0.27944243,0.22095169
slop,P,word2vec_recipe_50_HOM_HALF,0.29672092,0.2492586,0.33813503,0.2876605,0.35485375,0.29270273
thump,P,word2vec_recipe_50_HOM_HALF,0.2446512,0.29752544,0.33313462,0.34758946,0.3599596,0.3523583
vest,P,word2vec_recipe_50_HOM_HALF,0.20431547,0.23342441,0.23622274,0.27310425,0.24968167,0.283322
fireplace,P,word2vec_recipe_50_HOM_HALF,0.2583075,0.30152202,0.31722257,0.38085768,0.34280312,0.40610328
measure,P,word2vec_recipe_50_HOM_HALF,0.40610066,0.35483825,0.46591496,0.4156403,0.4858186,0.4454705
pyramid,P,word2vec_recipe_50_HOM_HALF,0.36006933,0.3551761,0.41615197,0.38125327,0.43695167,0.40066788
duck,H,word2vec_recipe_50_HOM_HALF,0.23695254,0.29526243,0.3338734,0.43257198,0.37305954,0.44632465
foot,P,word2vec_recipe_50_HOM_HALF,0.33314988,0.3452921,0.38452998,0.39227352,0.40430695,0.40580598
dictionary,P,word2vec_recipe_50_HOM_HALF,0.10716121,0.11083958,0.12733321,0.13777438,0.13797426,0.15637785
disguise,P,word2vec_recipe_50_HOM_HALF,0.20639129,0.16058473,0.23220621,0.16223763,0.24213319,0.16674173
mosquito,M,word2vec_recipe_50_HOM_HALF,0.16329461,0.18565275,0.18590139,0.20004337,0.19563027,0.21254429
butter,P,word2vec_recipe_50_HOM_HALF,0.26690346,0.2970542,0.3959299,0.38129592,0.4310852,0.37930724
horizon,P,word2vec_recipe_50_HOM_HALF,0.22660975,0.18939495,0.2635768,0.24952607,0.27857694,0.26496395
blaze,H,word2vec_recipe_50_HOM_HALF,0.25232148,0.30722064,0.34492734,0.38726005,0.3751898,0.40099666
student,P,word2vec_recipe_50_HOM_HALF,0.16510233,0.18478413,0.19250058,0.20228985,0.20448148,0.21488108
sinful,P,word2vec_recipe_50_HOM_HALF,0.24047239,0.2793815,0.294355,0.3256431,0.31527,0.3313364
build,P,word2vec_recipe_50_HOM_HALF,0.4059692,0.41589507,0.47525537,0.4385201,0.49850923,0.45826465
incident,P,word2vec_recipe_50_HOM_HALF,0.15660705,0.16184577,0.18280256,0.18814954,0.19415738,0.20197497
aside,P,word2vec_recipe_50_HOM_HALF,0.41167307,0.4353752,0.4968973,0.42219898,0.5226343,0.42413652
unlikely,P,word2vec_recipe_50_HOM_HALF,0.32739127,0.2633817,0.36843282,0.24475086,0.3842391,0.25044242
picnic,P,word2vec_recipe_50_HOM_HALF,0.28223768,0.32993162,0.3471339,0.35778022,0.37072444,0.37725246
pasture,P,word2vec_recipe_50_HOM_HALF,0.13173059,0.1195878,0.15572682,0.13950339,0.16469894,0.14989083
group,P,word2vec_recipe_50_HOM_HALF,0.35183018,0.27052134,0.39558885,0.2860094,0.41316608,0.29263383
precious,P,word2vec_recipe_50_HOM_HALF,0.24166532,0.2311877,0.2803165,0.24421436,0.29470193,0.2485726
depot,P,word2vec_recipe_50_HOM_HALF,0.15400831,0.13608769,0.18213856,0.15621847,0.19355732,0.17031829
portal,P,word2vec_recipe_50_HOM_HALF,0.13683358,0.17854846,0.15760727,0.19032244,0.16730103,0.20173995
outdoors,P,word2vec_recipe_50_HOM_HALF,0.26962212,0.30333823,0.3339588,0.37016612,0.35956302,0.3987181
toil,H,word2vec_recipe_50_HOM_HALF,0.23272249,0.2275964,0.26130337,0.22759895,0.27241772,0.2337861
monitor,P,word2vec_recipe_50_HOM_HALF,0.3139333,0.39646384,0.37088138,0.40465224,0.3932447,0.41432783
dilemma,P,word2vec_recipe_50_HOM_HALF,0.12838677,0.1419199,0.14963853,0.17387612,0.15891857,0.18034665
gadget,M,word2vec_recipe_50_HOM_HALF,0.18653306,0.17660671,0.22701961,0.20123164,0.24129583,0.19940476
sample,P,word2vec_recipe_50_HOM_HALF,0.33835718,0.3716839,0.4055877,0.3522856,0.4247329,0.34191087
staple,H,word2vec_recipe_50_HOM_HALF,0.32804832,0.28202337,0.37042743,0.31028822,0.38574296,0.30836084
drain,P,word2vec_recipe_50_HOM_HALF,0.37251535,0.39845368,0.44703716,0.3916611,0.47415376,0.3874694
buffer,H,word2vec_recipe_50_HOM_HALF,0.19573343,0.21315914,0.22456558,0.23486648,0.2371182,0.24276318
success,P,word2vec_recipe_50_HOM_HALF,0.24405654,0.17479394,0.2733895,0.1756229,0.28531894,0.19077651
witness,P,word2vec_recipe_50_HOM_HALF,0.10877285,0.107792586,0.12993981,0.12617968,0.13953249,0.14195222
thumb,P,word2vec_recipe_50_HOM_HALF,0.2572145,0.35444093,0.37461346,0.45636025,0.4167424,0.45775723
velvet,P,word2vec_recipe_50_HOM_HALF,0.3074677,0.2728819,0.36039367,0.26304278,0.3778737,0.2652617
stingy,P,word2vec_recipe_50_HOM_HALF,0.28789407,0.25277406,0.34065816,0.22982581,0.35660613,0.2318747
parade,P,word2vec_recipe_50_HOM_HALF,0.1499424,0.15151457,0.17250538,0.1677567,0.18247804,0.18486658
necklace,M,word2vec_recipe_50_HOM_HALF,0.20123002,0.21205623,0.24649224,0.25230765,0.26522142,0.27423266
arise,P,word2vec_recipe_50_HOM_HALF,0.2013032,0.17394638,0.2367066,0.22471987,0.25218642,0.24002033
anal,P,word2vec_recipe_50_HOM_HALF,0.15073311,0.17036228,0.17911619,0.20327032,0.1920377,0.21532854
cook,P,word2vec_recipe_50_HOM_HALF,0.3760571,0.41963783,0.44108146,0.39527145,0.46211,0.39460796
carpet,P,word2vec_recipe_50_HOM_HALF,0.22890882,0.24261694,0.2698404,0.27970165,0.2890431,0.29280627
highlight,P,word2vec_recipe_50_HOM_HALF,0.1906271,0.18154941,0.23780991,0.23042974,0.2589226,0.25785732
grizzly,P,word2vec_recipe_50_HOM_HALF,0.14326,0.15061864,0.1680233,0.17398284,0.17797402,0.18362759
blank,P,word2vec_recipe_50_HOM_HALF,0.2347213,0.2064835,0.27438828,0.25972238,0.29041496,0.2790589
funk,H,word2vec_recipe_50_HOM_HALF,0.18183684,0.19799633,0.20850807,0.22654423,0.22009674,0.24273203
enhance,M,word2vec_recipe_50_HOM_HALF,0.2413164,0.26936913,0.30638188,0.31767443,0.33591077,0.32591543
shaker,P,word2vec_recipe_50_HOM_HALF,0.22145514,0.23952213,0.30177692,0.27416405,0.33962104,0.2980535
phrase,P,word2vec_recipe_50_HOM_HALF,0.13022232,0.116988696,0.15235169,0.13389827,0.16164237,0.14976512
perfection,P,word2vec_recipe_50_HOM_HALF,0.32434413,0.29010618,0.35849243,0.27593544,0.37175357,0.276413
scripture,P,word2vec_recipe_50_HOM_HALF,0.18083751,0.15816732,0.22402987,0.19933274,0.24187878,0.2121271
sociable,P,word2vec_recipe_50_HOM_HALF,0.1781961,0.22757667,0.256129,0.32740995,0.2850712,0.34124327
knuckle,P,word2vec_recipe_50_HOM_HALF,0.31369123,0.29974753,0.3782426,0.37977555,0.40408397,0.39829078
shatter,P,word2vec_recipe_50_HOM_HALF,0.2116963,0.18735352,0.24614026,0.20198275,0.2607466,0.21138176
dummy,P,word2vec_recipe_50_HOM_HALF,0.1629233,0.20065899,0.18586995,0.22000264,0.19698223,0.23357749
bridge,H,word2vec_recipe_50_HOM_HALF,0.2542132,0.20060456,0.2904685,0.27268818,0.30462646,0.27827185
grind,P,word2vec_recipe_50_HOM_HALF,0.30622798,0.35569984,0.39663774,0.41429725,0.43734062,0.44906944
puzzle,P,word2vec_recipe_50_HOM_HALF,0.233216,0.24011303,0.2764059,0.27063653,0.29619393,0.29823664
skunk,P,word2vec_recipe_50_HOM_HALF,0.13655564,0.14111058,0.16293083,0.16141187,0.17366952,0.17426765
viewer,P,word2vec_recipe_50_HOM_HALF,0.4467072,0.523465,0.52221185,0.5056168,0.54224503,0.482962
jest,P,word2vec_recipe_50_HOM_HALF,0.18840292,0.23335785,0.23435326,0.2966453,0.2614598,0.3289967
compliment,P,word2vec_recipe_50_HOM_HALF,0.24981467,0.276866,0.3056237,0.34737325,0.32871315,0.35221693
hoot,P,word2vec_recipe_50_HOM_HALF,0.17344801,0.15052187,0.20324196,0.17763941,0.2150116,0.1872989
formal,P,word2vec_recipe_50_HOM_HALF,0.22943835,0.23912387,0.27674434,0.24918003,0.29196712,0.24644536
pilot,P,word2vec_recipe_50_HOM_HALF,0.36731586,0.36670837,0.4383099,0.46044677,0.4621108,0.46538258
harsh,P,word2vec_recipe_50_HOM_HALF,0.23776472,0.26842263,0.28103453,0.27337623,0.2990503,0.2704048
simple,P,word2vec_recipe_50_HOM_HALF,0.3184114,0.3565765,0.36354217,0.38406557,0.38051164,0.38109303
bastard,P,word2vec_recipe_50_HOM_HALF,0.14646116,0.16556256,0.1782145,0.20445935,0.19158863,0.21764414
gel,P,word2vec_recipe_50_HOM_HALF,0.31998315,0.31637603,0.40373984,0.41823038,0.43435577,0.4569481
monastery,M,word2vec_recipe_50_HOM_HALF,0.16832872,0.18050249,0.19665943,0.20046626,0.20750163,0.20597671
belly,P,word2vec_recipe_50_HOM_HALF,0.28699067,0.33528256,0.36063993,0.38891378,0.38365355,0.40584233
traffic,P,word2vec_recipe_50_HOM_HALF,0.2226876,0.21244949,0.25646496,0.24835694,0.2693281,0.2594632
kinky,P,word2vec_recipe_50_HOM_HALF,0.18964303,0.21654476,0.22417364,0.26860726,0.2385031,0.2794231
rash,H,word2vec_recipe_50_HOM_HALF,0.1499761,0.15708284,0.19218488,0.21597447,0.21134698,0.23225904
assault,P,word2vec_recipe_50_HOM_HALF,0.15841502,0.17647323,0.18560247,0.19836882,0.19623224,0.21141353
cross,P,word2vec_recipe_50_HOM_HALF,0.26856,0.27475518,0.33561915,0.3462636,0.36113113,0.35409266
style,P,word2vec_recipe_50_HOM_HALF,0.32409808,0.2451408,0.36748597,0.26678827,0.38140452,0.26764545
pad,H,word2vec_recipe_50_HOM_HALF,0.2993041,0.17819454,0.3674115,0.26210314,0.394639,0.2885334
oatmeal,P,word2vec_recipe_50_HOM_HALF,0.28650624,0.3823519,0.35322842,0.3480382,0.37853006,0.3432842
facial,P,word2vec_recipe_50_HOM_HALF,0.2590152,0.2541637,0.31766388,0.32636374,0.3442097,0.345337
delight,P,word2vec_recipe_50_HOM_HALF,0.2448663,0.22705999,0.2940391,0.22852525,0.3108427,0.23487735
ether,P,word2vec_recipe_50_HOM_HALF,0.16383673,0.20080046,0.18871285,0.23797925,0.20025206,0.25122666
stomach,P,word2vec_recipe_50_HOM_HALF,0.23735018,0.24671848,0.30165315,0.3208914,0.3267855,0.34196618
diaper,P,word2vec_recipe_50_HOM_HALF,0.25677615,0.2995585,0.31041273,0.32253778,0.33012927,0.33673698
syndrome,P,word2vec_recipe_50_HOM_HALF,0.11523931,0.12510666,0.1392358,0.14203613,0.14964382,0.1540342
expertise,M,word2vec_recipe_50_HOM_HALF,0.1003962,0.10331764,0.116124555,0.1273028,0.12466985,0.13797514
army,P,word2vec_recipe_50_HOM_HALF,0.30262214,0.23614983,0.33644816,0.22286533,0.34936446,0.22906123
roadside,P,word2vec_recipe_50_HOM_HALF,0.20080152,0.19159529,0.22806059,0.21672127,0.23966178,0.22194566
appetizer,M,word2vec_recipe_50_HOM_HALF,0.27266246,0.35232285,0.40626976,0.44654313,0.44228208,0.4369711
opinion,P,word2vec_recipe_50_HOM_HALF,0.25229084,0.19880596,0.28371918,0.20662895,0.29580772,0.21161011
float,P,word2vec_recipe_50_HOM_HALF,0.4267253,0.4231118,0.5067495,0.46075186,0.5300016,0.46941495
challenge,P,word2vec_recipe_50_HOM_HALF,0.21499439,0.1837672,0.24237001,0.19498867,0.25230217,0.20403819
lonely,P,word2vec_recipe_50_HOM_HALF,0.14260116,0.12571228,0.16240865,0.1478962,0.17280911,0.16149926
bliss,P,word2vec_recipe_50_HOM_HALF,0.2943898,0.24882832,0.3291872,0.26328167,0.343674,0.27160424
sauce,P,word2vec_recipe_50_HOM_HALF,0.27164847,0.28919372,0.35371357,0.31748158,0.3855309,0.34478238
commence,M,word2vec_recipe_50_HOM_HALF,0.20219453,0.17309323,0.23192775,0.18926023,0.2430358,0.19732434
goof,P,word2vec_recipe_50_HOM_HALF,0.19555762,0.17661655,0.2272505,0.18323462,0.24172994,0.19358431
galley,P,word2vec_recipe_50_HOM_HALF,0.12856856,0.13084982,0.15160477,0.15485616,0.1624315,0.17111719
tradition,P,word2vec_recipe_50_HOM_HALF,0.2172097,0.21131954,0.25215894,0.22094937,0.26643518,0.2165478
cheap,P,word2vec_recipe_50_HOM_HALF,0.248939,0.2775839,0.29670438,0.27325562,0.31275532,0.28809005
fantastic,P,word2vec_recipe_50_HOM_HALF,0.1719909,0.23940793,0.261511,0.33198082,0.29422995,0.35158828
delicious,P,word2vec_recipe_50_HOM_HALF,0.18824326,0.24471655,0.28490236,0.35097626,0.3226516,0.36587498
frail,H,word2vec_recipe_50_HOM_HALF,0.104257464,0.106414534,0.12423549,0.12979926,0.13297044,0.14187086
funnel,P,word2vec_recipe_50_HOM_HALF,0.39003298,0.38402784,0.45381775,0.47667065,0.47830296,0.4891343
hedge,P,word2vec_recipe_50_HOM_HALF,0.14025469,0.13621716,0.16208725,0.17380293,0.17054157,0.18044102
uncertain,P,word2vec_recipe_50_HOM_HALF,0.13328686,0.119645216,0.15726623,0.14141686,0.16836128,0.1526218
depression,P,word2vec_recipe_50_HOM_HALF,0.27913833,0.33738133,0.4261943,0.4709986,0.471602,0.47131097
temptation,P,word2vec_recipe_50_HOM_HALF,0.3580194,0.35848293,0.41223535,0.32729742,0.42963946,0.32432437
jail,P,word2vec_recipe_50_HOM_HALF,0.1265963,0.1405225,0.15157986,0.16198242,0.1639851,0.17656164
depend,P,word2vec_recipe_50_HOM_HALF,0.2826672,0.34318307,0.40232742,0.3979574,0.44337308,0.39397717
diner,P,word2vec_recipe_50_HOM_HALF,0.34317866,0.34460917,0.41668645,0.3567615,0.4384977,0.35405007
quail,H,word2vec_recipe_50_HOM_HALF,0.27222702,0.24609844,0.37584084,0.44982025,0.4153547,0.47498238
space,P,word2vec_recipe_50_HOM_HALF,0.3531096,0.45314103,0.42739388,0.40008798,0.45020172,0.37393248
slum,P,word2vec_recipe_50_HOM_HALF,0.109526776,0.13621575,0.13505368,0.16443445,0.14553605,0.17226247
hip,H,word2vec_recipe_50_HOM_HALF,0.30992645,0.312766,0.3670487,0.37629586,0.38750073,0.39578873
fix,P,word2vec_recipe_50_HOM_HALF,0.35518426,0.30602682,0.39844155,0.31559014,0.41331252,0.32328683
persist,P,word2vec_recipe_50_HOM_HALF,0.09687845,0.10478709,0.11617745,0.12477472,0.12646587,0.14069915
serve,P,word2vec_recipe_50_HOM_HALF,0.29565042,0.36686394,0.42738715,0.4165933,0.47004837,0.4195445
range,P,word2vec_recipe_50_HOM_HALF,0.3385644,0.36759436,0.4067238,0.39251825,0.4295102,0.39605975
foolish,P,word2vec_recipe_50_HOM_HALF,0.1047946,0.10878375,0.1247516,0.12816511,0.13422522,0.14344668
explosive,P,word2vec_recipe_50_HOM_HALF,0.13963677,0.13085352,0.16303821,0.15843543,0.17407566,0.17261745
immune,P,word2vec_recipe_50_HOM_HALF,0.14961049,0.16365942,0.18416774,0.18840995,0.20311233,0.20855732
thrive,P,word2vec_recipe_50_HOM_HALF,0.13692456,0.131355,0.16214015,0.16197519,0.17405762,0.17241037
synthetic,P,word2vec_recipe_50_HOM_HALF,0.18838541,0.1936203,0.22165905,0.24719678,0.23591705,0.25507692
blah,P,word2vec_recipe_50_HOM_HALF,0.126815,0.120250404,0.14622918,0.13911647,0.15550159,0.15701933
compromise,P,word2vec_recipe_50_HOM_HALF,0.15586238,0.14072563,0.17671743,0.16151118,0.18630779,0.16613667
cucumber,P,word2vec_recipe_50_HOM_HALF,0.24475154,0.29308718,0.32755584,0.37992054,0.35737747,0.39440453
illness,P,word2vec_recipe_50_HOM_HALF,0.35653317,0.3278896,0.44365758,0.323059,0.46576843,0.311262
sketchy,P,word2vec_recipe_50_HOM_HALF,0.07138677,0.0904569,0.0868923,0.11759966,0.095258094,0.13113579
calcium,P,word2vec_recipe_50_HOM_HALF,0.17244494,0.16396493,0.24660178,0.20411652,0.2832518,0.18516065
bulk,P,word2vec_recipe_50_HOM_HALF,0.34219238,0.35005584,0.47982964,0.49430063,0.5250098,0.5158023
iceberg,P,word2vec_recipe_50_HOM_HALF,0.26313776,0.2937366,0.36465213,0.40605578,0.40105465,0.40817755
arm,H,word2vec_recipe_50_HOM_HALF,0.3381726,0.2686452,0.39202827,0.30957443,0.40958884,0.32102305
vanishing,P,word2vec_recipe_50_HOM_HALF,0.1341682,0.11435645,0.1693932,0.1618114,0.1851646,0.1760105
cease,P,word2vec_recipe_50_HOM_HALF,0.2574944,0.26612106,0.3054897,0.30500448,0.32670674,0.31959268
faucet,M,word2vec_recipe_50_HOM_HALF,0.3509161,0.38898212,0.40396133,0.42188028,0.4284282,0.44079757
shudder,P,word2vec_recipe_50_HOM_HALF,0.101170324,0.0944453,0.11883075,0.122015305,0.1278916,0.13458335
mission,P,word2vec_recipe_50_HOM_HALF,0.30927083,0.28040963,0.34984553,0.32523218,0.36435783,0.33098376
campaign,P,word2vec_recipe_50_HOM_HALF,0.11509669,0.12161347,0.1356031,0.1492424,0.1448774,0.16385785
secondary,P,word2vec_recipe_50_HOM_HALF,0.24291639,0.27212033,0.31568772,0.34654453,0.3434999,0.35982618
uneasy,P,word2vec_recipe_50_HOM_HALF,0.10190841,0.110433094,0.12380058,0.147296,0.13357025,0.16085671
anxiety,P,word2vec_recipe_50_HOM_HALF,0.149138,0.15337107,0.17594406,0.18578151,0.18729217,0.18912967
savior,P,word2vec_recipe_50_HOM_HALF,0.12865618,0.15495294,0.15342925,0.18831399,0.16465408,0.1983771
clarify,P,word2vec_recipe_50_HOM_HALF,0.42815787,0.48665628,0.479331,0.42051756,0.49654728,0.4285586
acute,P,word2vec_recipe_50_HOM_HALF,0.19940832,0.21467651,0.24313366,0.2677293,0.26332307,0.28514606
patent,P,word2vec_recipe_50_HOM_HALF,0.2576494,0.27728066,0.29729483,0.2920689,0.31188524,0.28985012
muddy,P,word2vec_recipe_50_HOM_HALF,0.32017162,0.37911996,0.36808777,0.38505143,0.385543,0.38359216
thunder,P,word2vec_recipe_50_HOM_HALF,0.19465265,0.16604602,0.22102262,0.19278903,0.23213634,0.20285565
pose,H,word2vec_recipe_50_HOM_HALF,0.14891192,0.15013082,0.1741465,0.17598212,0.18507732,0.18123788
bounce,P,word2vec_recipe_50_HOM_HALF,0.36641568,0.4029644,0.44680965,0.4366175,0.47161156,0.4278229
total,P,word2vec_recipe_50_HOM_HALF,0.26902324,0.112008035,0.30096167,0.10483484,0.31444484,0.10828983
lesson,P,word2vec_recipe_50_HOM_HALF,0.097311266,0.08950704,0.118685916,0.12499011,0.12907639,0.14096834
judge,P,word2vec_recipe_50_HOM_HALF,0.2543357,0.24026932,0.2943554,0.22543271,0.3080196,0.22263251
female,P,word2vec_recipe_50_HOM_HALF,0.18753502,0.19833428,0.22477973,0.21286176,0.2390607,0.22843349
scenario,P,word2vec_recipe_50_HOM_HALF,0.11526628,0.10807047,0.13593826,0.12893249,0.14580694,0.14157557
pistol,P,word2vec_recipe_50_HOM_HALF,0.14668928,0.17497356,0.17048657,0.19343834,0.18180698,0.20697086
dissolve,P,word2vec_recipe_50_HOM_HALF,0.3319596,0.3678474,0.43297917,0.43079394,0.469982,0.44054022
chick,P,word2vec_recipe_50_HOM_HALF,0.2857728,0.3138772,0.37943843,0.38226932,0.41624284,0.4057198
squash,H,word2vec_recipe_50_HOM_HALF,0.26918635,0.34942725,0.38438112,0.43719742,0.42642036,0.44085956
gazelle,M,word2vec_recipe_50_HOM_HALF,0.1437492,0.1608044,0.16899796,0.18307704,0.17889708,0.19410911
veal,P,word2vec_recipe_50_HOM_HALF,0.2599785,0.35076392,0.35196945,0.43007153,0.39195618,0.45091525
pile,H,word2vec_recipe_50_HOM_HALF,0.34744066,0.4299184,0.43481404,0.45836854,0.4637728,0.4419873
loser,P,word2vec_recipe_50_HOM_HALF,0.1677841,0.14755242,0.20453298,0.1671641,0.21804665,0.18691747
boast,P,word2vec_recipe_50_HOM_HALF,0.17402592,0.16688971,0.20782138,0.207922,0.22043042,0.21284458
clasp,P,word2vec_recipe_50_HOM_HALF,0.23426886,0.26953834,0.2940196,0.3097973,0.31788135,0.32430196
proximity,M,word2vec_recipe_50_HOM_HALF,0.17958152,0.19140427,0.20741805,0.22438546,0.21920429,0.22041145
sensory,P,word2vec_recipe_50_HOM_HALF,0.1302561,0.13199323,0.14929713,0.15317212,0.1582377,0.1677899
permission,P,word2vec_recipe_50_HOM_HALF,0.20826688,0.19214989,0.25744352,0.21873367,0.27796742,0.226785
lover,P,word2vec_recipe_50_HOM_HALF,0.27902448,0.28532282,0.32583055,0.2691637,0.34300712,0.26606023
starter,P,word2vec_recipe_50_HOM_HALF,0.29279035,0.37957397,0.3837331,0.42969233,0.41848037,0.44952944
pro,H,word2vec_recipe_50_HOM_HALF,0.3353359,0.21733783,0.37538207,0.19623989,0.38883424,0.18660752
poverty,P,word2vec_recipe_50_HOM_HALF,0.11415951,0.12527443,0.1339882,0.15023345,0.14331898,0.16147664
random,P,word2vec_recipe_50_HOM_HALF,0.3469757,0.36935776,0.39293382,0.34291795,0.41063082,0.34537882
lethal,M,word2vec_recipe_50_HOM_HALF,0.17949598,0.20720875,0.20516458,0.21914834,0.21711351,0.22910371
indoor,M,word2vec_recipe_50_HOM_HALF,0.2901169,0.32574597,0.38973996,0.39552867,0.43382126,0.4410538
staff,H,word2vec_recipe_50_HOM_HALF,0.23117462,0.1583848,0.2560601,0.18093146,0.26709667,0.19177216
unattended,M,word2vec_recipe_50_HOM_HALF,0.29590344,0.21208525,0.33799088,0.23590395,0.353664,0.24428311
torch,P,word2vec_recipe_50_HOM_HALF,0.37816134,0.48501432,0.49539185,0.49232012,0.5245982,0.50286615
official,P,word2vec_recipe_50_HOM_HALF,0.2075474,0.20363258,0.23341402,0.20845515,0.24392535,0.2138531
obtain,P,word2vec_recipe_50_HOM_HALF,0.34974724,0.38929147,0.42342147,0.39276895,0.45463508,0.39918423
gown,P,word2vec_recipe_50_HOM_HALF,0.14247164,0.17670427,0.17178626,0.2197671,0.18780583,0.24623384
blackjack,P,word2vec_recipe_50_HOM_HALF,0.13911286,0.14483997,0.1727454,0.19238897,0.18613404,0.21048652
sodium,M,word2vec_recipe_50_HOM_HALF,0.17741416,0.15804549,0.22939089,0.13561179,0.24655437,0.114244595
outrageous,P,word2vec_recipe_50_HOM_HALF,0.19991782,0.19763161,0.23089236,0.23172966,0.24603605,0.23525722
plunge,P,word2vec_recipe_50_HOM_HALF,0.32911944,0.39473313,0.4589,0.46283984,0.50038517,0.49081293
coach,P,word2vec_recipe_50_HOM_HALF,0.15162936,0.14294367,0.17841738,0.17562373,0.1895361,0.18148892
rude,P,word2vec_recipe_50_HOM_HALF,0.08174645,0.09171325,0.09748528,0.1169295,0.10609705,0.13122275
church,P,word2vec_recipe_50_HOM_HALF,0.27714777,0.2964616,0.32677367,0.30066073,0.3444638,0.30753678
rock,H,word2vec_recipe_50_HOM_HALF,0.4488718,0.43031198,0.50798,0.4612443,0.5261828,0.4615559
offensive,P,word2vec_recipe_50_HOM_HALF,0.1119856,0.12614985,0.12944862,0.15144932,0.1376913,0.1603402
strawberry,P,word2vec_recipe_50_HOM_HALF,0.22316353,0.29446673,0.31396517,0.34033465,0.344383,0.34992993
invitation,P,word2vec_recipe_50_HOM_HALF,0.12987447,0.14026786,0.15240058,0.16005102,0.16198266,0.16979146
gloss,H,word2vec_recipe_50_HOM_HALF,0.37506637,0.40399346,0.4737445,0.44910523,0.502863,0.4659357
mistletoe,P,word2vec_recipe_50_HOM_HALF,0.18400282,0.21134079,0.21376921,0.23563164,0.2291751,0.25208107
rot,P,word2vec_recipe_50_HOM_HALF,0.20735088,0.21357128,0.24170022,0.24771014,0.25456518,0.25384587
possess,P,word2vec_recipe_50_HOM_HALF,0.12698981,0.11460232,0.1502026,0.14371875,0.15941103,0.15150495
lottery,P,word2vec_recipe_50_HOM_HALF,0.16768782,0.18815729,0.19348507,0.20842178,0.20450649,0.21979547
invaluable,M,word2vec_recipe_50_HOM_HALF,0.12367012,0.11799653,0.14596151,0.14866458,0.1555719,0.15610713
jiffy,M,word2vec_recipe_50_HOM_HALF,0.33989972,0.2467402,0.37949884,0.26355398,0.394743,0.26122838
hermit,P,word2vec_recipe_50_HOM_HALF,0.092721984,0.11643032,0.12459905,0.15018305,0.14143786,0.16822056
token,P,word2vec_recipe_50_HOM_HALF,0.16403067,0.1524887,0.1902012,0.16408312,0.20025647,0.17669226
telephone,P,word2vec_recipe_50_HOM_HALF,0.23680925,0.21837828,0.28049538,0.23530383,0.2960026,0.23670034
complain,P,word2vec_recipe_50_HOM_HALF,0.10185118,0.109548815,0.12433557,0.13190062,0.13462418,0.14209782
atop,P,word2vec_recipe_50_HOM_HALF,0.34139353,0.38792694,0.41386944,0.40866703,0.44028583,0.4271586
horsepower,P,word2vec_recipe_50_HOM_HALF,0.25808728,0.25289539,0.30813342,0.2989532,0.3266157,0.30438212
harp,P,word2vec_recipe_50_HOM_HALF,0.17967007,0.20411873,0.20860983,0.25380722,0.22195584,0.27181536
joke,P,word2vec_recipe_50_HOM_HALF,0.14634131,0.12247896,0.17025213,0.15057312,0.18137096,0.1624678
bald,P,word2vec_recipe_50_HOM_HALF,0.25344723,0.22945136,0.29684183,0.25935525,0.31522384,0.26007086
fuzzy,P,word2vec_recipe_50_HOM_HALF,0.25355956,0.2677731,0.36671206,0.38945845,0.4072084,0.4265462
turf,P,word2vec_recipe_50_HOM_HALF,0.21569176,0.18880706,0.25776732,0.2296774,0.2735038,0.24302623
sword,P,word2vec_recipe_50_HOM_HALF,0.31057316,0.34510458,0.34688455,0.3812702,0.36341447,0.39353693
library,P,word2vec_recipe_50_HOM_HALF,0.13792636,0.11052177,0.16268986,0.13847075,0.17463511,0.15797777
third,P,word2vec_recipe_50_HOM_HALF,0.37769994,0.45821133,0.4698892,0.46845362,0.5012434,0.4568077
thermostat,M,word2vec_recipe_50_HOM_HALF,0.23623541,0.2483302,0.27818608,0.2803698,0.29958573,0.29390362
sprinkle,P,word2vec_recipe_50_HOM_HALF,0.25789258,0.3210846,0.37585557,0.3838424,0.41183597,0.3863822
obscure,P,word2vec_recipe_50_HOM_HALF,0.10616125,0.11800934,0.12539354,0.13859649,0.13370979,0.15249673
unfamiliar,P,word2vec_recipe_50_HOM_HALF,0.16754723,0.14689164,0.19091086,0.16224329,0.20130232,0.17040345
ferret,P,word2vec_recipe_50_HOM_HALF,0.15972309,0.18090774,0.1821097,0.21320873,0.19158845,0.2242418
complaint,P,word2vec_recipe_50_HOM_HALF,0.08168164,0.09765057,0.09697486,0.120492905,0.10564577,0.13275483
inch,P,word2vec_recipe_50_HOM_HALF,0.23861489,0.26898557,0.33711347,0.35704374,0.3742982,0.3607352
convince,M,word2vec_recipe_50_HOM_HALF,0.08350676,0.10197472,0.10064396,0.1253046,0.10872448,0.13663274
peasant,P,word2vec_recipe_50_HOM_HALF,0.29730523,0.32276833,0.3492407,0.36816782,0.3707181,0.37834567
fiery,P,word2vec_recipe_50_HOM_HALF,0.26180568,0.3084399,0.3126708,0.33528185,0.33137855,0.3283301
entire,P,word2vec_recipe_50_HOM_HALF,0.42355576,0.37938538,0.46561378,0.3732056,0.48116136,0.37516198
rump,P,word2vec_recipe_50_HOM_HALF,0.26489756,0.3243675,0.33713466,0.3856583,0.36816987,0.38626173
file,H,word2vec_recipe_50_HOM_HALF,0.39284962,0.39020592,0.44975117,0.4095565,0.46978873,0.41959894
awake,P,word2vec_recipe_50_HOM_HALF,0.26236776,0.2627044,0.3010415,0.30368346,0.31797007,0.31232548
toast,H,word2vec_recipe_50_HOM_HALF,0.3595611,0.39907447,0.4462191,0.4516733,0.4778125,0.4641036
reaction,P,word2vec_recipe_50_HOM_HALF,0.24102929,0.23225763,0.2849129,0.24946885,0.30499494,0.2631976
quest,P,word2vec_recipe_50_HOM_HALF,0.18855862,0.17028648,0.21549931,0.1866505,0.22708672,0.19263245
yogurt,M,word2vec_recipe_50_HOM_HALF,0.2929979,0.38523147,0.39285386,0.47282827,0.4247488,0.47500336
common,P,word2vec_recipe_50_HOM_HALF,0.25501904,0.28322372,0.29853857,0.2784997,0.31592202,0.27598208
fluff,P,word2vec_recipe_50_HOM_HALF,0.46202534,0.5036701,0.5597047,0.5557645,0.5875866,0.5417232
rich,P,word2vec_recipe_50_HOM_HALF,0.29588616,0.33534774,0.36323014,0.39819068,0.3935897,0.4079088
mistress,P,word2vec_recipe_50_HOM_HALF,0.14096865,0.16032371,0.16343355,0.19141783,0.1736113,0.20083393
reload,M,word2vec_recipe_50_HOM_HALF,0.20386016,0.21137236,0.22957544,0.24591167,0.24191944,0.25039908
aroma,P,word2vec_recipe_50_HOM_HALF,0.25932518,0.31984338,0.372595,0.4162515,0.41073176,0.44264877
model,P,word2vec_recipe_50_HOM_HALF,0.27947602,0.30028558,0.34242675,0.34925693,0.36603576,0.36654755
social,P,word2vec_recipe_50_HOM_HALF,0.18474917,0.17788637,0.21414037,0.18258007,0.22648545,0.19999312
pregnant,P,word2vec_recipe_50_HOM_HALF,0.18175393,0.1907513,0.22064751,0.18621898,0.23458207,0.18866593
disturb,P,word2vec_recipe_50_HOM_HALF,0.34854394,0.38334602,0.4300206,0.42361075,0.4612735,0.41041255
peel,H,word2vec_recipe_50_HOM_HALF,0.3122599,0.3586602,0.40506008,0.41662598,0.43632454,0.43657833
cleanse,P,word2vec_recipe_50_HOM_HALF,0.1995484,0.21139355,0.24830729,0.2603278,0.27152357,0.27328998
puff,P,word2vec_recipe_50_HOM_HALF,0.3440006,0.40669388,0.41646993,0.43825313,0.44090942,0.44297475
overdose,P,word2vec_recipe_50_HOM_HALF,0.16399682,0.18058611,0.19647415,0.23394752,0.21021171,0.25203064
brain,P,word2vec_recipe_50_HOM_HALF,0.29298067,0.28628728,0.3343128,0.3044,0.350672,0.32036725
cigarette,M,word2vec_recipe_50_HOM_HALF,0.2353123,0.23365498,0.27520677,0.27404088,0.29369107,0.305001
grief,P,word2vec_recipe_50_HOM_HALF,0.10145793,0.10577923,0.11938303,0.12891957,0.12850218,0.13851237
bungalow,M,word2vec_recipe_50_HOM_HALF,0.12719159,0.14510359,0.14994715,0.16781016,0.15944079,0.18168338
heresy,P,word2vec_recipe_50_HOM_HALF,0.0765815,0.09374356,0.09140526,0.11510624,0.09953142,0.13062567
union,P,word2vec_recipe_50_HOM_HALF,0.294597,0.19922148,0.32834804,0.22196403,0.34114984,0.23736691
wartime,M,word2vec_recipe_50_HOM_HALF,0.121656455,0.13164124,0.14300928,0.16171211,0.15240917,0.17733921
bathe,P,word2vec_recipe_50_HOM_HALF,0.376584,0.41865966,0.43192276,0.4334912,0.4518503,0.43383598
avoid,P,word2vec_recipe_50_HOM_HALF,0.3003778,0.36818787,0.3933892,0.45082355,0.43060067,0.4433668
sweetie,M,word2vec_recipe_50_HOM_HALF,0.18670021,0.19234484,0.21614727,0.22213377,0.22733268,0.2290348
greed,M,word2vec_recipe_50_HOM_HALF,0.27410585,0.26827344,0.31483144,0.3086479,0.32951236,0.32769132
short,P,word2vec_recipe_50_HOM_HALF,0.3987272,0.44570792,0.47156605,0.47134247,0.49575967,0.45922187
trailer,P,word2vec_recipe_50_HOM_HALF,0.16601536,0.15319198,0.1871457,0.1740698,0.1966384,0.1807467
booze,P,word2vec_recipe_50_HOM_HALF,0.24902329,0.2715863,0.29808804,0.3043454,0.3231742,0.33496675
lobe,P,word2vec_recipe_50_HOM_HALF,0.31508818,0.34838927,0.36006165,0.34916157,0.37750527,0.35674313
negative,P,word2vec_recipe_50_HOM_HALF,0.17849135,0.15056992,0.20156308,0.16418731,0.211295,0.17761753
bicycle,P,word2vec_recipe_50_HOM_HALF,0.21391928,0.22664851,0.2582899,0.27068746,0.2776153,0.29145375
circular,P,word2vec_recipe_50_HOM_HALF,0.30880514,0.35950243,0.36567298,0.36246762,0.38745666,0.3620937
creature,P,word2vec_recipe_50_HOM_HALF,0.18343654,0.18475275,0.21625295,0.23860872,0.23192322,0.26328966
farmhouse,M,word2vec_recipe_50_HOM_HALF,0.22723643,0.21361174,0.26019993,0.2507378,0.27446187,0.26202917
heaven,P,word2vec_recipe_50_HOM_HALF,0.29003504,0.29023436,0.33338016,0.32927716,0.34978285,0.33615255
persistent,P,word2vec_recipe_50_HOM_HALF,0.10979885,0.101726234,0.12879866,0.1392285,0.13843639,0.15194348
chap,H,word2vec_recipe_50_HOM_HALF,0.12939474,0.14261594,0.1598273,0.17561482,0.17684624,0.19921263
avocado,P,word2vec_recipe_50_HOM_HALF,0.24221894,0.33189353,0.33241263,0.38762587,0.3656277,0.39137888
sneak,P,word2vec_recipe_50_HOM_HALF,0.26875082,0.18950558,0.30255866,0.2127782,0.31556943,0.22243296
swine,P,word2vec_recipe_50_HOM_HALF,0.12900178,0.14174165,0.14956802,0.16606212,0.157478,0.1783817
organ,P,word2vec_recipe_50_HOM_HALF,0.21564534,0.22947715,0.26746973,0.27433577,0.2877224,0.29539683
nifty,M,word2vec_recipe_50_HOM_HALF,0.18365753,0.15868114,0.2114479,0.17788544,0.22264206,0.18509778
imminent,M,word2vec_recipe_50_HOM_HALF,0.19571182,0.20405683,0.22594704,0.22073047,0.2387363,0.2251533
voice,P,word2vec_recipe_50_HOM_HALF,0.12263097,0.11549259,0.14125355,0.13779204,0.15054041,0.15252942
memory,P,word2vec_recipe_50_HOM_HALF,0.15833972,0.15981352,0.18918878,0.17769763,0.20202835,0.19300674
lumber,H,word2vec_recipe_50_HOM_HALF,0.14719659,0.14102097,0.16862847,0.15484372,0.1785606,0.16784057
broadcast,P,word2vec_recipe_50_HOM_HALF,0.15082279,0.14908525,0.17794223,0.17298853,0.1896818,0.18438816
famous,P,word2vec_recipe_50_HOM_HALF,0.16240013,0.1699144,0.19349675,0.19561118,0.2059557,0.20196322
speck,P,word2vec_recipe_50_HOM_HALF,0.33022135,0.3539271,0.41257876,0.44926792,0.44250175,0.46413818
pickle,P,word2vec_recipe_50_HOM_HALF,0.28141472,0.35792395,0.37374592,0.42070028,0.41073555,0.4389041
unhappy,P,word2vec_recipe_50_HOM_HALF,0.116203964,0.119257815,0.13355315,0.13568233,0.1423669,0.1473476
lid,P,word2vec_recipe_50_HOM_HALF,0.34208363,0.37729314,0.41955596,0.4680353,0.4529952,0.4696415
tropical,P,word2vec_recipe_50_HOM_HALF,0.2695414,0.3257271,0.3252174,0.35030338,0.34745392,0.35106266
loyal,M,word2vec_recipe_50_HOM_HALF,0.10150659,0.10039879,0.1219894,0.12746003,0.1333693,0.14377712
comfy,M,word2vec_recipe_50_HOM_HALF,0.18300319,0.16316457,0.20908847,0.18189587,0.21993113,0.19580911
retract,P,word2vec_recipe_50_HOM_HALF,0.15538219,0.16648503,0.1851675,0.20713787,0.20190449,0.22725576
balcony,P,word2vec_recipe_50_HOM_HALF,0.16594543,0.18320967,0.19512658,0.19855739,0.2067119,0.20634773
combo,P,word2vec_recipe_50_HOM_HALF,0.3107834,0.3103574,0.3588073,0.31875384,0.37498483,0.31588393
friction,P,word2vec_recipe_50_HOM_HALF,0.22672805,0.23271656,0.2654674,0.27524325,0.28329858,0.28199932
canvas,P,word2vec_recipe_50_HOM_HALF,0.2624752,0.26105177,0.32656497,0.3447504,0.35079476,0.35999137
domain,P,word2vec_recipe_50_HOM_HALF,0.13137147,0.13729325,0.15802994,0.16961473,0.17249951,0.193648
baseball,P,word2vec_recipe_50_HOM_HALF,0.27568325,0.33723992,0.3340208,0.3683574,0.3548233,0.36771753
growth,P,word2vec_recipe_50_HOM_HALF,0.21305625,0.19104126,0.26552832,0.24552901,0.28847998,0.265624
putter,H,word2vec_recipe_50_HOM_HALF,0.27489153,0.24893834,0.32866678,0.295343,0.35167268,0.32251528
thirst,P,word2vec_recipe_50_HOM_HALF,0.1792396,0.22131218,0.22254199,0.27049562,0.24080956,0.28719768
instant,P,word2vec_recipe_50_HOM_HALF,0.40543693,0.40572914,0.47047856,0.42534298,0.49441925,0.44631934
crown,P,word2vec_recipe_50_HOM_HALF,0.38221967,0.28769523,0.42724812,0.37875614,0.44486272,0.42191005
gold,P,word2vec_recipe_50_HOM_HALF,0.39506945,0.48824283,0.47500974,0.52719945,0.5007349,0.5202866
insurance,P,word2vec_recipe_50_HOM_HALF,0.26322728,0.2514856,0.31098545,0.23031972,0.3268552,0.23202422
merchant,P,word2vec_recipe_50_HOM_HALF,0.122500375,0.15748844,0.14699827,0.18434818,0.15775752,0.19399896
cavern,P,word2vec_recipe_50_HOM_HALF,0.22524948,0.26775634,0.2615976,0.3012704,0.27643055,0.31403494
satin,P,word2vec_recipe_50_HOM_HALF,0.3662158,0.4153482,0.41743276,0.389405,0.43563148,0.3861685
riddle,H,word2vec_recipe_50_HOM_HALF,0.2220921,0.2394075,0.25866294,0.28456286,0.2738965,0.30697337
structure,P,word2vec_recipe_50_HOM_HALF,0.35843658,0.35432106,0.4161414,0.33648762,0.4370034,0.3427102
double,P,word2vec_recipe_50_HOM_HALF,0.37059528,0.36616075,0.47649774,0.45154926,0.51364535,0.44613424
copy,P,word2vec_recipe_50_HOM_HALF,0.2601733,0.25763384,0.30064684,0.2755843,0.31540477,0.28511742
error,P,word2vec_recipe_50_HOM_HALF,0.26095942,0.1748367,0.29199362,0.18631351,0.30506793,0.19394484
crab,H,word2vec_recipe_50_HOM_HALF,0.28204465,0.36602473,0.3823331,0.41895953,0.4171218,0.42234385
deduct,P,word2vec_recipe_50_HOM_HALF,0.20857215,0.23425022,0.24022585,0.27572376,0.25427514,0.286958
ghost,P,word2vec_recipe_50_HOM_HALF,0.28343883,0.24961248,0.33147871,0.28098768,0.35943934,0.29984042
assumption,P,word2vec_recipe_50_HOM_HALF,0.09809528,0.096423216,0.11500086,0.122889675,0.12388001,0.13643835
filter,P,word2vec_recipe_50_HOM_HALF,0.25399476,0.34234384,0.36724427,0.44224268,0.41548836,0.47714525
gasp,P,word2vec_recipe_50_HOM_HALF,0.173518,0.13759154,0.19673806,0.15009347,0.20797634,0.16178544
festive,P,word2vec_recipe_50_HOM_HALF,0.28041953,0.38580886,0.35553932,0.43872994,0.3841519,0.45011112
faithful,P,word2vec_recipe_50_HOM_HALF,0.13407953,0.123330615,0.1580409,0.15044168,0.16831823,0.16529085
upper,P,word2vec_recipe_50_HOM_HALF,0.30797368,0.30165592,0.4165609,0.41452157,0.45456064,0.41287255
slip,H,word2vec_recipe_50_HOM_HALF,0.36368328,0.43151703,0.4508959,0.49060097,0.4788633,0.46191552
milk,P,word2vec_recipe_50_HOM_HALF,0.29476255,0.37272975,0.37265283,0.37784374,0.4016192,0.36922452
album,P,word2vec_recipe_50_HOM_HALF,0.1782228,0.20870796,0.20039593,0.22411191,0.21012096,0.23205674
lingo,M,word2vec_recipe_50_HOM_HALF,0.15369093,0.18703574,0.1797437,0.21336831,0.19040863,0.22320293
tingle,P,word2vec_recipe_50_HOM_HALF,0.17139958,0.17635211,0.20144401,0.20461993,0.21400131,0.22023472
cheese,P,word2vec_recipe_50_HOM_HALF,0.24047971,0.28697526,0.31218004,0.32974946,0.34371215,0.3514631
vampire,P,word2vec_recipe_50_HOM_HALF,0.21377587,0.24909474,0.25889277,0.29108974,0.2780668,0.30869
autumn,M,word2vec_recipe_50_HOM_HALF,0.2704947,0.3611995,0.32507476,0.37463447,0.34360564,0.37154278
noisy,P,word2vec_recipe_50_HOM_HALF,0.15167074,0.1513984,0.18006788,0.16219737,0.19386524,0.17254555
tower,H,word2vec_recipe_50_HOM_HALF,0.42188716,0.39728954,0.4746288,0.41978663,0.4938179,0.43515337
fingernail,M,word2vec_recipe_50_HOM_HALF,0.26804343,0.27362862,0.32078937,0.33063596,0.34232888,0.35039654
humility,M,word2vec_recipe_50_HOM_HALF,0.16870716,0.21041694,0.19747253,0.23635176,0.20949177,0.2399372
cave,P,word2vec_recipe_50_HOM_HALF,0.2267704,0.18675518,0.25502002,0.21081324,0.26730278,0.2106955
magazine,P,word2vec_recipe_50_HOM_HALF,0.21242484,0.22995824,0.2695673,0.27232677,0.29486087,0.2778868
brat,M,word2vec_recipe_50_HOM_HALF,0.30521798,0.37423697,0.3720497,0.41711465,0.40197617,0.40056938
crush,P,word2vec_recipe_50_HOM_HALF,0.35688657,0.43280303,0.46106097,0.52854246,0.4993916,0.5445057
fatal,P,word2vec_recipe_50_HOM_HALF,0.16021502,0.15099594,0.1861427,0.18190087,0.19679743,0.1934274
aggression,P,word2vec_recipe_50_HOM_HALF,0.26965794,0.29283646,0.316964,0.30315724,0.3329458,0.30906704
gallon,P,word2vec_recipe_50_HOM_HALF,0.2931138,0.36834538,0.38366085,0.42171592,0.4214052,0.4526166
leg,P,word2vec_recipe_50_HOM_HALF,0.2547804,0.34430698,0.33318585,0.42148867,0.36857453,0.44771695
attentive,P,word2vec_recipe_50_HOM_HALF,0.16068862,0.1512389,0.1904305,0.17404516,0.20471601,0.18606533
trail,P,word2vec_recipe_50_HOM_HALF,0.44576126,0.5633609,0.5300285,0.52397424,0.5518209,0.50314146
ferocious,P,word2vec_recipe_50_HOM_HALF,0.15450855,0.14249296,0.17527968,0.17286173,0.18458551,0.18406162
silverware,P,word2vec_recipe_50_HOM_HALF,0.22607031,0.2169338,0.2541216,0.22964011,0.2654542,0.24140508
sinner,M,word2vec_recipe_50_HOM_HALF,0.17831881,0.17887448,0.19906677,0.19002159,0.20813778,0.2024355
oven,M,word2vec_recipe_50_HOM_HALF,0.34162492,0.32243583,0.42246026,0.3135366,0.44395506,0.3344264
unwind,P,word2vec_recipe_50_HOM_HALF,0.22566834,0.22067066,0.26316312,0.26271638,0.2788429,0.2838017
coronation,M,word2vec_recipe_50_HOM_HALF,0.1552909,0.17812465,0.18122844,0.19751675,0.1920544,0.20927587
barge,P,word2vec_recipe_50_HOM_HALF,0.12020552,0.14246124,0.14046493,0.17512219,0.14935361,0.18785173
sand,P,word2vec_recipe_50_HOM_HALF,0.34623343,0.4276131,0.44867778,0.49165127,0.47960135,0.49419564
purchase,P,word2vec_recipe_50_HOM_HALF,0.24241428,0.2822791,0.33494473,0.35804066,0.36693642,0.3601271
tan,P,word2vec_recipe_50_HOM_HALF,0.2934257,0.3414617,0.3838515,0.41982916,0.4260155,0.44962803
tangle,P,word2vec_recipe_50_HOM_HALF,0.3214888,0.3149678,0.36631733,0.37128007,0.3821062,0.38699034
hover,P,word2vec_recipe_50_HOM_HALF,0.21302705,0.19065818,0.24870646,0.20233604,0.2620845,0.20302178
tumor,P,word2vec_recipe_50_HOM_HALF,0.09388337,0.11891684,0.11776629,0.15331814,0.13002813,0.16793793
slam,H,word2vec_recipe_50_HOM_HALF,0.33545655,0.35820305,0.40049,0.39382,0.42234355,0.3892717
moral,P,word2vec_recipe_50_HOM_HALF,0.17008467,0.15049501,0.20615214,0.15838842,0.21870491,0.17175634
ditch,P,word2vec_recipe_50_HOM_HALF,0.35909373,0.3339236,0.4046304,0.37583727,0.42137372,0.36996996
flesh,P,word2vec_recipe_50_HOM_HALF,0.349317,0.41551566,0.4312895,0.46098047,0.45997107,0.48188075
dim,P,word2vec_recipe_50_HOM_HALF,0.24696657,0.28704733,0.32351196,0.32403624,0.35208076,0.32585594
instinct,P,word2vec_recipe_50_HOM_HALF,0.09269289,0.10514427,0.1107067,0.13199295,0.11980244,0.1409793
demand,P,word2vec_recipe_50_HOM_HALF,0.16173862,0.17145428,0.18692024,0.2007241,0.19731937,0.20539331
royalty,P,word2vec_recipe_50_HOM_HALF,0.16053362,0.17411667,0.1866625,0.20420174,0.19832541,0.21782695
irregular,P,word2vec_recipe_50_HOM_HALF,0.31264028,0.30549964,0.37636676,0.355196,0.39938727,0.3648385
pub,M,word2vec_recipe_50_HOM_HALF,0.25183582,0.2541798,0.28609222,0.25772697,0.3006487,0.2539231
crumb,P,word2vec_recipe_50_HOM_HALF,0.3081611,0.35636315,0.3882827,0.4043997,0.42245716,0.42701405
extent,P,word2vec_recipe_50_HOM_HALF,0.17512575,0.16613747,0.20036432,0.1770876,0.2118494,0.19541301
deploy,P,word2vec_recipe_50_HOM_HALF,0.14994493,0.187455,0.17375162,0.20929536,0.18319708,0.21844383
lunatic,P,word2vec_recipe_50_HOM_HALF,0.11850909,0.11823253,0.13613687,0.13247754,0.144589,0.14631967
barbecue,P,word2vec_recipe_50_HOM_HALF,0.253195,0.25735733,0.33627114,0.33226296,0.36544037,0.3448058
orderly,P,word2vec_recipe_50_HOM_HALF,0.22931676,0.23512603,0.27090257,0.2681673,0.28778422,0.28393647
index,P,word2vec_recipe_50_HOM_HALF,0.27249074,0.28948277,0.37367547,0.39722607,0.40588102,0.40814155
cuddle,P,word2vec_recipe_50_HOM_HALF,0.1481428,0.1823574,0.17261164,0.21462876,0.18272668,0.2253573
dangle,P,word2vec_recipe_50_HOM_HALF,0.18804558,0.20998678,0.22757713,0.2501379,0.24592656,0.27053174
grave,H,word2vec_recipe_50_HOM_HALF,0.19988807,0.1694532,0.22758095,0.19078147,0.2395656,0.19577631
payday,M,word2vec_recipe_50_HOM_HALF,0.20811793,0.17009899,0.23765947,0.19363472,0.253394,0.2000965
dent,H,word2vec_recipe_50_HOM_HALF,0.27826566,0.35581246,0.41289395,0.45183018,0.45338684,0.4604671
buckle,P,word2vec_recipe_50_HOM_HALF,0.28329843,0.33206,0.3533869,0.34796882,0.37748566,0.34185722
orgy,P,word2vec_recipe_50_HOM_HALF,0.16182129,0.16073859,0.18894665,0.20113772,0.19901714,0.21360447
render,P,word2vec_recipe_50_HOM_HALF,0.34742543,0.40542722,0.4491299,0.47204986,0.47862643,0.46915787
beer,P,word2vec_recipe_50_HOM_HALF,0.33347535,0.38312072,0.42860088,0.43539098,0.4579415,0.45431718
oyster,P,word2vec_recipe_50_HOM_HALF,0.40061188,0.4367511,0.44932595,0.41266695,0.46847785,0.41442886
cousin,P,word2vec_recipe_50_HOM_HALF,0.19910154,0.21309069,0.23118587,0.22350894,0.24367905,0.22791407
jolt,P,word2vec_recipe_50_HOM_HALF,0.2313457,0.18972443,0.26082745,0.21234284,0.27240694,0.22045362
retail,P,word2vec_recipe_50_HOM_HALF,0.23487714,0.28935727,0.298927,0.28712076,0.31953767,0.28710335
guard,P,word2vec_recipe_50_HOM_HALF,0.3502597,0.37056237,0.39909938,0.3892647,0.4197023,0.39923662
bolt,H,word2vec_recipe_50_HOM_HALF,0.17602345,0.19280387,0.21214992,0.23337539,0.22982514,0.26104796
mortal,P,word2vec_recipe_50_HOM_HALF,0.21013427,0.23396347,0.30714446,0.37628698,0.3442892,0.4105454
omelet,M,word2vec_recipe_50_HOM_HALF,0.2879928,0.39898816,0.45106754,0.5347285,0.49359882,0.5520068
phenomenal,P,word2vec_recipe_50_HOM_HALF,0.15953565,0.1745689,0.18968071,0.18686433,0.20164625,0.19185752
envy,P,word2vec_recipe_50_HOM_HALF,0.21143058,0.21815693,0.25024226,0.24689542,0.2628478,0.2607395
knob,P,word2vec_recipe_50_HOM_HALF,0.44572154,0.51553655,0.5114114,0.50947803,0.5328475,0.5034103
zing,P,word2vec_recipe_50_HOM_HALF,0.26592326,0.29872498,0.32746297,0.32724786,0.3509864,0.3470849
meditation,P,word2vec_recipe_50_HOM_HALF,0.19092262,0.2056749,0.21609142,0.2214081,0.22653988,0.23110534
afloat,P,word2vec_recipe_50_HOM_HALF,0.24771257,0.23507683,0.28400716,0.26772875,0.29561687,0.28009757
chart,P,word2vec_recipe_50_HOM_HALF,0.31152844,0.3361838,0.3793545,0.3858446,0.4025752,0.40274185
dry,P,word2vec_recipe_50_HOM_HALF,0.39747873,0.3133971,0.46232262,0.3475415,0.4898711,0.3825834
ample,M,word2vec_recipe_50_HOM_HALF,0.4284386,0.4584954,0.49377233,0.42514247,0.51207286,0.42358896
evidence,P,word2vec_recipe_50_HOM_HALF,0.15959272,0.15446958,0.18773022,0.18482505,0.1994426,0.19134203
crack,P,word2vec_recipe_50_HOM_HALF,0.41791597,0.4956874,0.48564997,0.50182736,0.50835305,0.49722978
exhaustion,P,word2vec_recipe_50_HOM_HALF,0.120048024,0.122258045,0.13743007,0.14509429,0.14520675,0.15407754
juice,P,word2vec_recipe_50_HOM_HALF,0.23646465,0.2511627,0.30747378,0.32949302,0.34572792,0.36022875
couch,P,word2vec_recipe_50_HOM_HALF,0.21244323,0.1900683,0.2508249,0.21021582,0.2652115,0.21533361
industry,P,word2vec_recipe_50_HOM_HALF,0.16924751,0.15617782,0.19539672,0.17119043,0.20643291,0.18041575
prodigy,P,word2vec_recipe_50_HOM_HALF,0.15239386,0.12774447,0.17983061,0.16381015,0.1915534,0.18074526
freedom,P,word2vec_recipe_50_HOM_HALF,0.20528749,0.19922951,0.23084505,0.21457827,0.24121101,0.2202002
stripe,H,word2vec_recipe_50_HOM_HALF,0.3146046,0.2674844,0.36211288,0.3041566,0.38295305,0.32730603
butcher,P,word2vec_recipe_50_HOM_HALF,0.33540994,0.37109283,0.3938235,0.40389067,0.4143588,0.40836895
inspection,P,word2vec_recipe_50_HOM_HALF,0.113261916,0.11416976,0.13631882,0.14632037,0.1467391,0.16121511
beast,P,word2vec_recipe_50_HOM_HALF,0.26916453,0.25958365,0.31065634,0.28137153,0.32592693,0.2795855
confidence,P,word2vec_recipe_50_HOM_HALF,0.16005357,0.13178478,0.18503074,0.14831313,0.19674629,0.16280812
eggplant,M,word2vec_recipe_50_HOM_HALF,0.27017874,0.3469802,0.37462333,0.45535034,0.40922427,0.4576562
horse,P,word2vec_recipe_50_HOM_HALF,0.30517066,0.2891457,0.3521341,0.34241557,0.37075874,0.35093784
agreeable,P,word2vec_recipe_50_HOM_HALF,0.16829582,0.17546025,0.20231757,0.20105469,0.21639566,0.21258163
exclude,P,word2vec_recipe_50_HOM_HALF,0.29123318,0.23142111,0.33573264,0.24257861,0.35134396,0.2553817
supper,P,word2vec_recipe_50_HOM_HALF,0.26319063,0.3329252,0.32718232,0.3567679,0.35125858,0.34191313
purple,P,word2vec_recipe_50_HOM_HALF,0.35093784,0.3806534,0.42215458,0.47458705,0.44830155,0.48510328
anatomy,P,word2vec_recipe_50_HOM_HALF,0.17137685,0.21056575,0.19420181,0.2426486,0.20373249,0.25265294
hum,P,word2vec_recipe_50_HOM_HALF,0.13172638,0.1431829,0.15484817,0.16995351,0.1650565,0.18057558
fifty,P,word2vec_recipe_50_HOM_HALF,0.36564487,0.4310791,0.43325788,0.43629947,0.4541709,0.43662065
secure,P,word2vec_recipe_50_HOM_HALF,0.27780184,0.3473146,0.3800972,0.4173795,0.41598815,0.42282006
dismiss,P,word2vec_recipe_50_HOM_HALF,0.11577499,0.11548512,0.13550293,0.13929668,0.14453298,0.15218975
view,P,word2vec_recipe_50_HOM_HALF,0.2875893,0.26018575,0.3447658,0.27757904,0.36714318,0.29411986
chapter,P,word2vec_recipe_50_HOM_HALF,0.19987008,0.17818996,0.23069571,0.18850283,0.24223427,0.19947854
sweater,P,word2vec_recipe_50_HOM_HALF,0.20111942,0.21112804,0.2325306,0.23752944,0.2453294,0.24939312
loss,P,word2vec_recipe_50_HOM_HALF,0.26929408,0.21935086,0.31492224,0.25765297,0.335425,0.27879617
inflation,P,word2vec_recipe_50_HOM_HALF,0.16745566,0.18508705,0.19729623,0.21711424,0.20921563,0.22331426
fiddle,P,word2vec_recipe_50_HOM_HALF,0.22015259,0.1612973,0.24699663,0.16208152,0.2589498,0.17568967
shine,P,word2vec_recipe_50_HOM_HALF,0.32822555,0.3577262,0.38828453,0.36178473,0.4113667,0.34913287
foul,P,word2vec_recipe_50_HOM_HALF,0.23191734,0.25388372,0.2725356,0.2789327,0.287402,0.28279746
drama,P,word2vec_recipe_50_HOM_HALF,0.15916082,0.15509349,0.1850005,0.16457525,0.19512069,0.17384422
soldier,P,word2vec_recipe_50_HOM_HALF,0.23196669,0.22754465,0.26092422,0.26017794,0.27267283,0.26669702
beam,P,word2vec_recipe_50_HOM_HALF,0.22115798,0.22588705,0.25911736,0.24827155,0.27530903,0.26484504
plant,P,word2vec_recipe_50_HOM_HALF,0.3277475,0.30572817,0.38203093,0.34777832,0.40111747,0.36340198
deny,P,word2vec_recipe_50_HOM_HALF,0.089362495,0.10475681,0.108359,0.12567534,0.1176815,0.13683519
peach,P,word2vec_recipe_50_HOM_HALF,0.22339995,0.29344833,0.31251907,0.33900163,0.34812832,0.36140195
bluff,H,word2vec_recipe_50_HOM_HALF,0.13224043,0.14459176,0.1566882,0.16667396,0.16633748,0.17238146
mall,P,word2vec_recipe_50_HOM_HALF,0.20977744,0.19802932,0.23805958,0.21405694,0.24965633,0.22488602
manicure,P,word2vec_recipe_50_HOM_HALF,0.11453031,0.12016576,0.13130008,0.140047,0.13979173,0.15105239
spectrum,P,word2vec_recipe_50_HOM_HALF,0.2964674,0.2944404,0.34487346,0.2826765,0.36023894,0.27877894
sip,P,word2vec_recipe_50_HOM_HALF,0.28411657,0.33352372,0.35923457,0.40527958,0.38779023,0.42331386
consent,P,word2vec_recipe_50_HOM_HALF,0.114371195,0.12298138,0.13959694,0.14909211,0.15007287,0.1603844
proverbial,P,word2vec_recipe_50_HOM_HALF,0.16643938,0.16875452,0.1911123,0.2001056,0.20100497,0.2075138
influence,P,word2vec_recipe_50_HOM_HALF,0.1340914,0.13647258,0.16196205,0.15666726,0.17402092,0.16936578
league,H,word2vec_recipe_50_HOM_HALF,0.2287898,0.19621897,0.25754544,0.2287844,0.27016696,0.23273383
loft,P,word2vec_recipe_50_HOM_HALF,0.17454238,0.17741835,0.20141992,0.21071474,0.21283032,0.22248398
shove,P,word2vec_recipe_50_HOM_HALF,0.3538301,0.42058784,0.40753075,0.42255694,0.42773667,0.39466658
luscious,P,word2vec_recipe_50_HOM_HALF,0.29465023,0.33988112,0.35010955,0.3847903,0.37354946,0.38637185
passion,P,word2vec_recipe_50_HOM_HALF,0.2830836,0.33015916,0.3420995,0.36372864,0.3638228,0.36955956
pep,P,word2vec_recipe_50_HOM_HALF,0.24147348,0.23180725,0.28254277,0.28186306,0.30197254,0.3047732
cockeyed,P,word2vec_recipe_50_HOM_HALF,0.10547461,0.12031358,0.14399259,0.16574588,0.16073766,0.18044783
instance,P,word2vec_recipe_50_HOM_HALF,0.27240902,0.24281698,0.30994773,0.26506886,0.32481846,0.26932508
prolong,P,word2vec_recipe_50_HOM_HALF,0.19504991,0.19758211,0.23385698,0.21839626,0.24810421,0.2308843
slave,P,word2vec_recipe_50_HOM_HALF,0.100768805,0.09412056,0.1194094,0.13143782,0.12836675,0.14311269
imitate,P,word2vec_recipe_50_HOM_HALF,0.22254403,0.20048155,0.25949317,0.2470668,0.27573705,0.2666006
raspberry,P,word2vec_recipe_50_HOM_HALF,0.23061042,0.2942889,0.31475174,0.35420343,0.34599096,0.34632587
luxurious,P,word2vec_recipe_50_HOM_HALF,0.24686816,0.25513503,0.29908392,0.3007639,0.31967235,0.3160753
humane,P,word2vec_recipe_50_HOM_HALF,0.08698853,0.0985264,0.104516916,0.12420838,0.113245696,0.13565454
nitrate,P,word2vec_recipe_50_HOM_HALF,0.18380633,0.1862302,0.22803368,0.24382268,0.2446033,0.23820896
redhead,P,word2vec_recipe_50_HOM_HALF,0.13742876,0.15720773,0.16573459,0.20113268,0.17662479,0.21501622
cautious,M,word2vec_recipe_50_HOM_HALF,0.29021123,0.2870955,0.3446102,0.30655816,0.36564255,0.29161704
streak,P,word2vec_recipe_50_HOM_HALF,0.35016257,0.2874319,0.3929032,0.32859525,0.40896043,0.3471845
savvy,P,word2vec_recipe_50_HOM_HALF,0.17861545,0.1367628,0.20273066,0.15322042,0.21362412,0.16354316
inland,P,word2vec_recipe_50_HOM_HALF,0.14016093,0.16332157,0.16474992,0.1855339,0.1756001,0.1964352
solve,P,word2vec_recipe_50_HOM_HALF,0.20292135,0.16181031,0.23359272,0.17532398,0.24532755,0.1777345
honest,P,word2vec_recipe_50_HOM_HALF,0.16819142,0.14425695,0.19165143,0.16032079,0.20539218,0.17759831
strict,P,word2vec_recipe_50_HOM_HALF,0.15445593,0.1379389,0.18368897,0.16365053,0.1944785,0.17879418
rack,H,word2vec_recipe_50_HOM_HALF,0.33056945,0.31085625,0.42156515,0.3604267,0.44897056,0.36976355
mood,H,word2vec_recipe_50_HOM_HALF,0.26559234,0.20586826,0.2986356,0.22654288,0.3113331,0.23668955
queen,P,word2vec_recipe_50_HOM_HALF,0.27745277,0.26251623,0.31082806,0.26535892,0.32271183,0.26721644
shop,P,word2vec_recipe_50_HOM_HALF,0.2700618,0.2713021,0.3173928,0.28704196,0.33726075,0.28985408
nook,M,word2vec_recipe_50_HOM_HALF,0.36396617,0.42514828,0.43052754,0.3876164,0.45044997,0.38557523
executive,P,word2vec_recipe_50_HOM_HALF,0.11967025,0.12867929,0.14655909,0.15166602,0.16009922,0.1739164
fabric,P,word2vec_recipe_50_HOM_HALF,0.25329393,0.27870515,0.30312824,0.3170614,0.32595646,0.34188387
fraction,P,word2vec_recipe_50_HOM_HALF,0.30941248,0.25489926,0.34447822,0.2844933,0.35824716,0.30176097
stain,P,word2vec_recipe_50_HOM_HALF,0.31277752,0.27511483,0.36601233,0.33945504,0.38766488,0.3458523
withstand,P,word2vec_recipe_50_HOM_HALF,0.26007468,0.17757377,0.29514092,0.20045277,0.3089734,0.20701495
jellyfish,P,word2vec_recipe_50_HOM_HALF,0.31723315,0.35716134,0.36685523,0.37879196,0.3862796,0.38994756
select,P,word2vec_recipe_50_HOM_HALF,0.3235848,0.32723236,0.43027794,0.42670986,0.47553834,0.46923155
peninsula,M,word2vec_recipe_50_HOM_HALF,0.17868075,0.16651207,0.20303898,0.18100622,0.21391861,0.19149321
dude,P,word2vec_recipe_50_HOM_HALF,0.13294852,0.1455379,0.1575757,0.17498358,0.16729729,0.18588977
soot,P,word2vec_recipe_50_HOM_HALF,0.22899334,0.24370518,0.27327,0.27534613,0.2914525,0.2970601
jungle,P,word2vec_recipe_50_HOM_HALF,0.23363066,0.23416096,0.2717822,0.26801485,0.28697982,0.2815084
hereafter,P,word2vec_recipe_50_HOM_HALF,0.17302199,0.15661965,0.19528696,0.17996995,0.20441635,0.18488869
revelation,P,word2vec_recipe_50_HOM_HALF,0.1157106,0.123680994,0.13269937,0.15060966,0.1411356,0.16026452
railway,P,word2vec_recipe_50_HOM_HALF,0.14136548,0.15438275,0.16113015,0.18116592,0.17043686,0.18817964
potato,P,word2vec_recipe_50_HOM_HALF,0.27083546,0.32822266,0.3450432,0.35893327,0.37989676,0.35842243
multiply,H,word2vec_recipe_50_HOM_HALF,0.2668679,0.26724443,0.3106059,0.2660673,0.32901666,0.27977443
crucial,M,word2vec_recipe_50_HOM_HALF,0.24130364,0.23647617,0.28588733,0.22563179,0.30335224,0.2220293
collection,P,word2vec_recipe_50_HOM_HALF,0.22900304,0.21153618,0.2641856,0.21365434,0.27797115,0.22488177
unfold,P,word2vec_recipe_50_HOM_HALF,0.3390131,0.40083236,0.4274025,0.41906402,0.45342082,0.4207687
island,P,word2vec_recipe_50_HOM_HALF,0.3126773,0.29558137,0.35456944,0.29290628,0.36924317,0.29661167
steamer,P,word2vec_recipe_50_HOM_HALF,0.34906593,0.3953337,0.46476156,0.5042618,0.49964345,0.5290658
virgin,P,word2vec_recipe_50_HOM_HALF,0.29679546,0.35040322,0.39837608,0.41740918,0.43298608,0.4268713
gate,P,word2vec_recipe_50_HOM_HALF,0.27159077,0.25430706,0.30929795,0.2852882,0.3240202,0.29886007
liege,P,word2vec_recipe_50_HOM_HALF,0.2061652,0.23881593,0.25620174,0.23834641,0.27195445,0.24089284
bouquet,P,word2vec_recipe_50_HOM_HALF,0.312256,0.37712604,0.41848022,0.4424083,0.44899014,0.44260684
confident,P,word2vec_recipe_50_HOM_HALF,0.20398192,0.16668226,0.2390707,0.17434016,0.2536016,0.1795733
delicate,P,word2vec_recipe_50_HOM_HALF,0.30354849,0.30354437,0.3468658,0.308836,0.3655781,0.3055254
bid,P,word2vec_recipe_50_HOM_HALF,0.14127651,0.12879471,0.16253436,0.15031868,0.17190723,0.16046315
marriage,P,word2vec_recipe_50_HOM_HALF,0.22375682,0.21817508,0.25956067,0.22251372,0.27230558,0.22100984
attention,P,word2vec_recipe_50_HOM_HALF,0.30585867,0.2587072,0.35404456,0.22256836,0.36758915,0.22783887
uncommon,P,word2vec_recipe_50_HOM_HALF,0.15946531,0.15554407,0.18344438,0.17233686,0.19363804,0.18076846
massage,P,word2vec_recipe_50_HOM_HALF,0.3741272,0.4410839,0.4537156,0.49151927,0.48016754,0.50905406
fever,P,word2vec_recipe_50_HOM_HALF,0.1785818,0.1878818,0.20288946,0.21129407,0.21296296,0.21932673
brick,P,word2vec_recipe_50_HOM_HALF,0.41528875,0.37356338,0.46782613,0.40407887,0.48413762,0.41135547
span,H,word2vec_recipe_50_HOM_HALF,0.26754266,0.22181122,0.3043711,0.2575997,0.31807548,0.2564396
stabilize,P,word2vec_recipe_50_HOM_HALF,0.40579873,0.4278605,0.4710238,0.41628844,0.49172828,0.42495584
saddle,P,word2vec_recipe_50_HOM_HALF,0.25799897,0.30571973,0.31731394,0.37959865,0.34441298,0.4096836
blink,P,word2vec_recipe_50_HOM_HALF,0.24955145,0.18572547,0.28385106,0.19752686,0.29560554,0.20000364
grip,P,word2vec_recipe_50_HOM_HALF,0.28827962,0.29165536,0.3421372,0.3275711,0.36116418,0.3448198
prudent,P,word2vec_recipe_50_HOM_HALF,0.1205587,0.10618209,0.14269483,0.1402059,0.15366155,0.15346631
diameter,P,word2vec_recipe_50_HOM_HALF,0.26890048,0.30760258,0.31894597,0.32389483,0.3391298,0.3267433
career,P,word2vec_recipe_50_HOM_HALF,0.0823123,0.09341869,0.10140613,0.12159322,0.112383,0.14256185
discussion,M,word2vec_recipe_50_HOM_HALF,0.09910192,0.10300562,0.11804343,0.12839103,0.12797299,0.14299679
notorious,M,word2vec_recipe_50_HOM_HALF,0.18180618,0.15927668,0.2081463,0.16528381,0.21856546,0.17486843
funeral,P,word2vec_recipe_50_HOM_HALF,0.17094603,0.16393276,0.19593558,0.16584188,0.207824,0.17837167
aspect,P,word2vec_recipe_50_HOM_HALF,0.16621473,0.15206376,0.19343548,0.17371905,0.20487002,0.18763782
chess,H,word2vec_recipe_50_HOM_HALF,0.31497973,0.26876202,0.3578901,0.23953824,0.37478417,0.24470611
surplus,P,word2vec_recipe_50_HOM_HALF,0.3516015,0.32508934,0.41591674,0.37829885,0.44241372,0.39433858
rush,H,word2vec_recipe_50_HOM_HALF,0.29702908,0.19624288,0.33155704,0.206553,0.34377372,0.21487153
cattle,M,word2vec_recipe_50_HOM_HALF,0.17525029,0.1709992,0.20373783,0.19583154,0.21518175,0.20426539
fresh,P,word2vec_recipe_50_HOM_HALF,0.31547713,0.30302534,0.3731527,0.3503115,0.39684808,0.37933037
tiger,P,word2vec_recipe_50_HOM_HALF,0.33643034,0.32934678,0.37913987,0.313497,0.39449772,0.32932925
invisible,P,word2vec_recipe_50_HOM_HALF,0.21425717,0.19536018,0.24730173,0.21526465,0.25876918,0.22399126
probe,P,word2vec_recipe_50_HOM_HALF,0.27277416,0.2708871,0.3350947,0.30353615,0.3692778,0.3492971
saloon,P,word2vec_recipe_50_HOM_HALF,0.1586382,0.17398132,0.17815885,0.18818416,0.18656635,0.19534095
sandbox,M,word2vec_recipe_50_HOM_HALF,0.12435584,0.15224464,0.1457899,0.17270514,0.1551785,0.18755913
nasal,P,word2vec_recipe_50_HOM_HALF,0.10889789,0.12514538,0.13757615,0.15752387,0.15004224,0.17011115
relation,P,word2vec_recipe_50_HOM_HALF,0.11052324,0.10458455,0.1308983,0.1351206,0.13970023,0.14530042
storm,P,word2vec_recipe_50_HOM_HALF,0.20426734,0.22332641,0.23777746,0.25176173,0.253566,0.26975346
attempt,P,word2vec_recipe_50_HOM_HALF,0.28455037,0.1751788,0.3225501,0.21235262,0.33618027,0.21527892
exquisite,P,word2vec_recipe_50_HOM_HALF,0.22158697,0.2568539,0.2767426,0.3163289,0.29954347,0.33798784
shotgun,M,word2vec_recipe_50_HOM_HALF,0.15815453,0.14964777,0.18413489,0.18260469,0.19344859,0.19497198
alarm,P,word2vec_recipe_50_HOM_HALF,0.36782128,0.36391312,0.41059387,0.35911953,0.42980224,0.37208694
traction,P,word2vec_recipe_50_HOM_HALF,0.14477102,0.15934877,0.17364706,0.19015622,0.18772553,0.20981455
blunt,P,word2vec_recipe_50_HOM_HALF,0.28872707,0.27156794,0.3399349,0.34282604,0.36455643,0.36498517
sidekick,P,word2vec_recipe_50_HOM_HALF,0.13321233,0.15904073,0.1574019,0.18373075,0.16818398,0.19874512
rainbow,P,word2vec_recipe_50_HOM_HALF,0.33923358,0.3562421,0.39887935,0.38151032,0.41861957,0.38658717
fireworks,P,word2vec_recipe_50_HOM_HALF,0.21544723,0.2310496,0.2505261,0.28634995,0.26577163,0.2968858
macaroni,M,word2vec_recipe_50_HOM_HALF,0.20387192,0.27876747,0.3088837,0.34753272,0.34395126,0.36336493
hairline,P,word2vec_recipe_50_HOM_HALF,0.17556491,0.19366148,0.2110557,0.24022554,0.22861244,0.26425096
ponytail,M,word2vec_recipe_50_HOM_HALF,0.16804984,0.20708202,0.19918013,0.24721387,0.21248536,0.26325974
birth,P,word2vec_recipe_50_HOM_HALF,0.091215506,0.107311636,0.110212296,0.13236725,0.119714715,0.14857945
involve,P,word2vec_recipe_50_HOM_HALF,0.22418198,0.1874041,0.25051188,0.18571593,0.26082748,0.19349708
bruise,P,word2vec_recipe_50_HOM_HALF,0.36181957,0.43659908,0.44945657,0.5094343,0.48132914,0.5109595
sermon,P,word2vec_recipe_50_HOM_HALF,0.19193971,0.19760907,0.22555214,0.24036135,0.23871572,0.25284714
suffocate,P,word2vec_recipe_50_HOM_HALF,0.1570828,0.19732474,0.20642914,0.24268408,0.22461796,0.25329342
panda,P,word2vec_recipe_50_HOM_HALF,0.24207655,0.2126975,0.28879103,0.2918333,0.3078285,0.312121
info,M,word2vec_recipe_50_HOM_HALF,0.24377315,0.20749561,0.28851783,0.15921806,0.30980304,0.16011788
breather,P,word2vec_recipe_50_HOM_HALF,0.11134336,0.12958887,0.13069487,0.14607538,0.1390718,0.15243298
routine,P,word2vec_recipe_50_HOM_HALF,0.1614366,0.12673582,0.18481709,0.15065187,0.19507028,0.16167742
unsafe,P,word2vec_recipe_50_HOM_HALF,0.1122307,0.11786993,0.1343038,0.15067133,0.1447009,0.15699583
realistic,P,word2vec_recipe_50_HOM_HALF,0.21366735,0.24206938,0.25375426,0.2570456,0.26925546,0.27113363
canary,P,word2vec_recipe_50_HOM_HALF,0.21277912,0.20218667,0.24197349,0.2428006,0.2538674,0.24912582
paddle,P,word2vec_recipe_50_HOM_HALF,0.27154726,0.3214839,0.41410646,0.42095685,0.4712059,0.47982186
celebrate,P,word2vec_recipe_50_HOM_HALF,0.17980173,0.15742254,0.20521872,0.17698933,0.21753442,0.18672471
corpus,P,word2vec_recipe_50_HOM_HALF,0.20472674,0.24023889,0.2384482,0.26489577,0.25095874,0.27450606
twist,P,word2vec_recipe_50_HOM_HALF,0.32043523,0.38980615,0.39051273,0.41681916,0.4180888,0.42409477
apply,P,word2vec_recipe_50_HOM_HALF,0.37342206,0.41847014,0.44641113,0.42787826,0.4712182,0.42540792
prepare,P,word2vec_recipe_50_HOM_HALF,0.38139004,0.4644563,0.45372525,0.4368128,0.47730124,0.4173146
priceless,P,word2vec_recipe_50_HOM_HALF,0.16204882,0.16197622,0.18924794,0.18957028,0.19985382,0.19956963
juicy,P,word2vec_recipe_50_HOM_HALF,0.3544892,0.40460032,0.43191978,0.422537,0.45676124,0.4302262
jiggle,P,word2vec_recipe_50_HOM_HALF,0.2593877,0.29651272,0.38738412,0.35950252,0.42690805,0.36386138
sushi,M,word2vec_recipe_50_HOM_HALF,0.25474626,0.26287186,0.34338343,0.36299422,0.3854753,0.39859754
incubator,P,word2vec_recipe_50_HOM_HALF,0.16011696,0.19121376,0.19397046,0.23122986,0.20817244,0.24920525
unique,P,word2vec_recipe_50_HOM_HALF,0.20447274,0.25923106,0.25603577,0.29238006,0.27970487,0.3045889
wrinkle,H,word2vec_recipe_50_HOM_HALF,0.36542308,0.38494712,0.4525394,0.43071163,0.47993964,0.43440494
excellent,M,word2vec_recipe_50_HOM_HALF,0.2569053,0.31339264,0.34637842,0.3966718,0.38101062,0.3989166
madman,M,word2vec_recipe_50_HOM_HALF,0.11688562,0.117676586,0.13622262,0.13410927,0.14561325,0.14167716
compare,P,word2vec_recipe_50_HOM_HALF,0.19658415,0.16029482,0.2236857,0.1714957,0.23463596,0.17920877
spine,P,word2vec_recipe_50_HOM_HALF,0.20732613,0.20944186,0.27531597,0.30187315,0.30712458,0.33883968
lively,P,word2vec_recipe_50_HOM_HALF,0.36587858,0.3794422,0.42707595,0.27385655,0.45148036,0.29042348
happiness,P,word2vec_recipe_50_HOM_HALF,0.26811352,0.28169152,0.32168296,0.31758133,0.33975017,0.29665473
sundown,M,word2vec_recipe_50_HOM_HALF,0.21631554,0.19888613,0.24783108,0.23779346,0.2588899,0.24172378
crash,H,word2vec_recipe_50_HOM_HALF,0.32589382,0.30265167,0.37872055,0.3455222,0.39865288,0.3517477
cover,P,word2vec_recipe_50_HOM_HALF,0.3925216,0.4484542,0.47207713,0.40678364,0.49571455,0.38506564
steep,H,word2vec_recipe_50_HOM_HALF,0.3140842,0.37991685,0.43705827,0.46918848,0.47457352,0.48230782
primary,P,word2vec_recipe_50_HOM_HALF,0.33057168,0.35945457,0.37935898,0.38320172,0.3987827,0.3950129
kamikaze,M,word2vec_recipe_50_HOM_HALF,0.12054118,0.13440214,0.15984385,0.19706522,0.17941688,0.22666506
reunion,P,word2vec_recipe_50_HOM_HALF,0.2038168,0.18127659,0.23914671,0.22711782,0.25294948,0.23246093
companion,P,word2vec_recipe_50_HOM_HALF,0.2166764,0.2576528,0.2541993,0.28610384,0.2717005,0.2888065
catcher,P,word2vec_recipe_50_HOM_HALF,0.23248938,0.22579499,0.27238324,0.28123164,0.2865342,0.3018278
occasional,P,word2vec_recipe_50_HOM_HALF,0.40636602,0.42850435,0.4764246,0.4814232,0.4986165,0.46095404
motorcycle,P,word2vec_recipe_50_HOM_HALF,0.17332463,0.21304981,0.21218212,0.27418828,0.23068382,0.29792783
wallow,P,word2vec_recipe_50_HOM_HALF,0.16464601,0.18549901,0.19124989,0.22338572,0.20307434,0.24681304
spit,H,word2vec_recipe_50_HOM_HALF,0.3687161,0.35468253,0.42177272,0.40340194,0.44278395,0.42076886
tuxedo,P,word2vec_recipe_50_HOM_HALF,0.25843406,0.22679706,0.29998267,0.272387,0.31715527,0.28809097
belong,P,word2vec_recipe_50_HOM_HALF,0.10937476,0.1039784,0.1255427,0.12637812,0.13506807,0.14169912
pup,P,word2vec_recipe_50_HOM_HALF,0.2085226,0.15712927,0.24029453,0.19621693,0.25433832,0.215
liner,H,word2vec_recipe_50_HOM_HALF,0.36107534,0.3118469,0.43145144,0.37640458,0.46346635,0.42642662
ecstasy,P,word2vec_recipe_50_HOM_HALF,0.15511206,0.16961788,0.17754753,0.19210166,0.1876006,0.20313233
hack,H,word2vec_recipe_50_HOM_HALF,0.24006274,0.20947465,0.2960793,0.30000582,0.3180705,0.33343738
hound,P,word2vec_recipe_50_HOM_HALF,0.17333473,0.19157138,0.1993082,0.20259023,0.2112693,0.20658621
begin,P,word2vec_recipe_50_HOM_HALF,0.36398774,0.46246722,0.48097947,0.50740284,0.5205432,0.5114338
afternoon,P,word2vec_recipe_50_HOM_HALF,0.27333325,0.2927035,0.34779456,0.36167738,0.3787745,0.3752959
fruitcake,P,word2vec_recipe_50_HOM_HALF,0.3157615,0.3009542,0.36072773,0.27412266,0.376983,0.2763841
decision,P,word2vec_recipe_50_HOM_HALF,0.15480965,0.12683581,0.17711034,0.1410969,0.18660523,0.15048645
statement,P,word2vec_recipe_50_HOM_HALF,0.11318378,0.108580515,0.13840383,0.1355393,0.14808725,0.14888436
moat,M,word2vec_recipe_50_HOM_HALF,0.25931782,0.2512731,0.29699457,0.27816704,0.31260917,0.29852232
expel,P,word2vec_recipe_50_HOM_HALF,0.3680165,0.4104557,0.44306663,0.4885625,0.47114444,0.49818885
zoom,P,word2vec_recipe_50_HOM_HALF,0.2413058,0.2750056,0.28957564,0.33612892,0.30992362,0.35559356
lifetime,P,word2vec_recipe_50_HOM_HALF,0.2588479,0.20177338,0.29013222,0.20839857,0.30232674,0.20809868
snowman,M,word2vec_recipe_50_HOM_HALF,0.20575313,0.22282751,0.25830773,0.28162885,0.28432757,0.30268967
accuracy,M,word2vec_recipe_50_HOM_HALF,0.36306405,0.36745438,0.4305882,0.36490795,0.45108145,0.37862512
pebble,P,word2vec_recipe_50_HOM_HALF,0.35823032,0.38543263,0.4055019,0.40317002,0.42352566,0.40237787
refrain,H,word2vec_recipe_50_HOM_HALF,0.28028002,0.2288633,0.3157953,0.23859064,0.33167127,0.24395537
surf,P,word2vec_recipe_50_HOM_HALF,0.23530594,0.21576302,0.27975178,0.2516599,0.29451463,0.26534736
tone,P,word2vec_recipe_50_HOM_HALF,0.33905363,0.3175483,0.38379422,0.30451193,0.40196362,0.31343472
hamburger,M,word2vec_recipe_50_HOM_HALF,0.24605301,0.295136,0.3227275,0.32423922,0.35736597,0.3405974
naughty,P,word2vec_recipe_50_HOM_HALF,0.23994455,0.2580953,0.27885446,0.27522314,0.2955189,0.2725926
presence,P,word2vec_recipe_50_HOM_HALF,0.18795094,0.16937214,0.2125543,0.1960359,0.22454494,0.20577812
gorge,P,word2vec_recipe_50_HOM_HALF,0.13285895,0.113449834,0.15216188,0.1492956,0.16147602,0.1573665
sailor,P,word2vec_recipe_50_HOM_HALF,0.14948303,0.16100802,0.17368977,0.17630677,0.18296814,0.18628831
decide,P,word2vec_recipe_50_HOM_HALF,0.23999627,0.25098908,0.27550897,0.22679155,0.29031253,0.22975966
fail,P,word2vec_recipe_50_HOM_HALF,0.32617098,0.32654694,0.4066458,0.31119758,0.43136394,0.30075526
banquet,P,word2vec_recipe_50_HOM_HALF,0.21404123,0.19632706,0.24184467,0.22447161,0.2523152,0.22977762
domestic,P,word2vec_recipe_50_HOM_HALF,0.3772501,0.3551389,0.42546698,0.3326309,0.4407981,0.3275272
tug,P,word2vec_recipe_50_HOM_HALF,0.25782776,0.27425802,0.30205318,0.3049598,0.32109374,0.3284844
authority,P,word2vec_recipe_50_HOM_HALF,0.10591304,0.09936461,0.124785125,0.12801464,0.13381475,0.1451452
brunch,P,word2vec_recipe_50_HOM_HALF,0.3117267,0.33399394,0.38770223,0.3830848,0.4113087,0.38562816
abide,P,word2vec_recipe_50_HOM_HALF,0.08303277,0.09441041,0.103274375,0.12324667,0.11232113,0.13564335
elbow,P,word2vec_recipe_50_HOM_HALF,0.30044603,0.28443015,0.38817215,0.35602412,0.42291272,0.37781605
land,P,word2vec_recipe_50_HOM_HALF,0.28454852,0.23458031,0.3313483,0.22709422,0.346031,0.23494846
pun,P,word2vec_recipe_50_HOM_HALF,0.19455078,0.13642569,0.21650419,0.1535596,0.22621967,0.16436115
sunlight,M,word2vec_recipe_50_HOM_HALF,0.3274277,0.3520851,0.39303052,0.3979645,0.41740817,0.39505264
tedious,M,word2vec_recipe_50_HOM_HALF,0.21752414,0.20092466,0.27179933,0.22137915,0.29067433,0.2164714
amigo,M,word2vec_recipe_50_HOM_HALF,0.14181662,0.15113162,0.16264127,0.16904287,0.17287883,0.18213251
sock,H,word2vec_recipe_50_HOM_HALF,0.37016782,0.3532197,0.4070376,0.3319273,0.4204856,0.32330534
experience,P,word2vec_recipe_50_HOM_HALF,0.17486115,0.16196427,0.19940828,0.16009647,0.21005923,0.16924892
acid,P,word2vec_recipe_50_HOM_HALF,0.25339106,0.3070739,0.3306571,0.34099895,0.36241746,0.34831923
relocate,P,word2vec_recipe_50_HOM_HALF,0.17503646,0.18389416,0.19686282,0.21378884,0.20686974,0.21712855
fluke,H,word2vec_recipe_50_HOM_HALF,0.22610378,0.26720282,0.28599423,0.32407907,0.31458598,0.3605133
vinyl,M,word2vec_recipe_50_HOM_HALF,0.23130138,0.29842257,0.2871297,0.35342154,0.31064394,0.37208608
purse,P,word2vec_recipe_50_HOM_HALF,0.28678676,0.33375847,0.3608048,0.36338472,0.3914259,0.39886644
airplane,M,word2vec_recipe_50_HOM_HALF,0.1547158,0.17794369,0.18164702,0.21404876,0.1932822,0.23018664
symbol,P,word2vec_recipe_50_HOM_HALF,0.18861346,0.1894601,0.21739987,0.2256277,0.23110351,0.24182071
certainty,P,word2vec_recipe_50_HOM_HALF,0.13728435,0.14797953,0.16217485,0.1614513,0.17189966,0.1654849
lavender,P,word2vec_recipe_50_HOM_HALF,0.25525054,0.2962418,0.3449324,0.37049657,0.3737317,0.3957505
distress,P,word2vec_recipe_50_HOM_HALF,0.12222898,0.12082024,0.13900499,0.14640306,0.14678591,0.15751342
suspicious,P,word2vec_recipe_50_HOM_HALF,0.10384965,0.11022221,0.11976791,0.13222265,0.12723799,0.14144273
deep,P,word2vec_recipe_50_HOM_HALF,0.3588081,0.43861017,0.44574952,0.5063813,0.47558025,0.501213
stow,P,word2vec_recipe_50_HOM_HALF,0.18137474,0.22025776,0.22548218,0.27755284,0.24936336,0.3074634
slug,H,word2vec_recipe_50_HOM_HALF,0.2873789,0.3479926,0.340371,0.37334153,0.3612625,0.38553894
ethnic,P,word2vec_recipe_50_HOM_HALF,0.17028776,0.19215868,0.23753673,0.25612158,0.27819142,0.2893812
scoop,P,word2vec_recipe_50_HOM_HALF,0.34054738,0.37189943,0.45559788,0.5024909,0.49995515,0.5284979
corkscrew,P,word2vec_recipe_50_HOM_HALF,0.3352341,0.40454376,0.3989684,0.41102374,0.42387584,0.4160339
access,P,word2vec_recipe_50_HOM_HALF,0.37119696,0.4477434,0.4781125,0.41678184,0.50285554,0.38243794
condition,P,word2vec_recipe_50_HOM_HALF,0.26109618,0.2137578,0.29935682,0.25630128,0.31440473,0.26493877
ton,P,word2vec_recipe_50_HOM_HALF,0.30316353,0.35031798,0.44079745,0.47024918,0.47636294,0.4726146
assume,P,word2vec_recipe_50_HOM_HALF,0.14990507,0.12898253,0.17276627,0.14679092,0.18358345,0.15762632
slimy,P,word2vec_recipe_50_HOM_HALF,0.27131292,0.30929366,0.32480052,0.33319828,0.34768623,0.33108273
dunk,P,word2vec_recipe_50_HOM_HALF,0.41958714,0.5192933,0.5007804,0.49526954,0.5220578,0.48462403
verify,M,word2vec_recipe_50_HOM_HALF,0.29085284,0.28470618,0.33944744,0.3380188,0.3571326,0.3508194
stir,H,word2vec_recipe_50_HOM_HALF,0.27607948,0.3434951,0.37197348,0.37453568,0.39830887,0.36574748
grumpy,M,word2vec_recipe_50_HOM_HALF,0.13914669,0.16266109,0.16178507,0.19538271,0.17225383,0.2080999
accessory,P,word2vec_recipe_50_HOM_HALF,0.26281923,0.29954708,0.34582725,0.40793547,0.38295716,0.44773096
locate,P,word2vec_recipe_50_HOM_HALF,0.26873645,0.26295194,0.30993077,0.28473908,0.32517695,0.29489684
stamp,P,word2vec_recipe_50_HOM_HALF,0.28794575,0.25375995,0.3542415,0.28680924,0.39158028,0.33735406
goat,P,word2vec_recipe_50_HOM_HALF,0.2137973,0.29320952,0.31859967,0.38294488,0.35825744,0.40269586
relevant,P,word2vec_recipe_50_HOM_HALF,0.12906326,0.12785263,0.14950144,0.15335833,0.16050312,0.1655662
race,H,word2vec_recipe_50_HOM_HALF,0.23803921,0.24164459,0.27144143,0.275724,0.28763634,0.2853003
decent,P,word2vec_recipe_50_HOM_HALF,0.33814517,0.4179985,0.41595843,0.3719588,0.4379651,0.33650497
diagram,P,word2vec_recipe_50_HOM_HALF,0.26788113,0.23833825,0.32550552,0.270872,0.35161072,0.3024288
piggy,P,word2vec_recipe_50_HOM_HALF,0.23271027,0.2473754,0.2615536,0.25641507,0.2742666,0.2644463
indigenous,M,word2vec_recipe_50_HOM_HALF,0.099468455,0.11966846,0.1196495,0.14777742,0.12993984,0.16269831
pollen,M,word2vec_recipe_50_HOM_HALF,0.28618324,0.31538448,0.35742626,0.39975408,0.38630542,0.43193027
badger,P,word2vec_recipe_50_HOM_HALF,0.120208934,0.1434611,0.14051245,0.16814895,0.14957948,0.17928393
lens,P,word2vec_recipe_50_HOM_HALF,0.18591645,0.20623845,0.21294446,0.22061735,0.22496489,0.22977349
dump,P,word2vec_recipe_50_HOM_HALF,0.4395017,0.44646505,0.49403363,0.38789576,0.512648,0.38553998
tonic,P,word2vec_recipe_50_HOM_HALF,0.18577734,0.23437038,0.25536036,0.2940867,0.28960305,0.31104496
ripe,P,word2vec_recipe_50_HOM_HALF,0.32941005,0.38578713,0.41786933,0.45030636,0.4519795,0.4768429
penguin,M,word2vec_recipe_50_HOM_HALF,0.17469522,0.18659297,0.21467367,0.22681578,0.23831165,0.26747707
horny,P,word2vec_recipe_50_HOM_HALF,0.101197146,0.1399867,0.1253791,0.17425299,0.13455254,0.18466899
bloody,P,word2vec_recipe_50_HOM_HALF,0.29747564,0.28017673,0.35670754,0.29952314,0.37902004,0.31879723
rival,P,word2vec_recipe_50_HOM_HALF,0.2411751,0.26039353,0.2740836,0.23312558,0.2859215,0.23222117
attractive,P,word2vec_recipe_50_HOM_HALF,0.31176126,0.35114276,0.3941115,0.40078944,0.42697597,0.4281289
alien,P,word2vec_recipe_50_HOM_HALF,0.16120204,0.20864488,0.19660474,0.24502464,0.2161845,0.27128428
lobster,P,word2vec_recipe_50_HOM_HALF,0.25205708,0.33532774,0.3599991,0.43392393,0.39841852,0.4392883
fanfare,P,word2vec_recipe_50_HOM_HALF,0.16269584,0.16911727,0.1876821,0.20697492,0.19690944,0.21966714
behavior,P,word2vec_recipe_50_HOM_HALF,0.13914648,0.12816621,0.16015801,0.15247355,0.16983551,0.16134
breeze,P,word2vec_recipe_50_HOM_HALF,0.33044067,0.20966074,0.37924713,0.2808913,0.3968222,0.30753076
numb,P,word2vec_recipe_50_HOM_HALF,0.15070245,0.1446783,0.17845301,0.16424051,0.18992671,0.17712778
accessible,P,word2vec_recipe_50_HOM_HALF,0.22788641,0.16841118,0.25468722,0.18568745,0.2658913,0.19980414
texture,P,word2vec_recipe_50_HOM_HALF,0.2561725,0.31315002,0.32097134,0.36823383,0.34804443,0.37691927
upstairs,P,word2vec_recipe_50_HOM_HALF,0.20330624,0.16375165,0.23402923,0.17170428,0.24662405,0.18604967
deck,P,word2vec_recipe_50_HOM_HALF,0.23990543,0.23041083,0.27761883,0.2663467,0.29424107,0.2840586
fold,H,word2vec_recipe_50_HOM_HALF,0.41818875,0.32091004,0.47969073,0.34926945,0.501891,0.3800872
trailing,P,word2vec_recipe_50_HOM_HALF,0.16804114,0.2111396,0.20854525,0.25254714,0.22759518,0.27108783
motion,P,word2vec_recipe_50_HOM_HALF,0.26860195,0.33861145,0.37067237,0.41932324,0.41265294,0.4272864
bush,H,word2vec_recipe_50_HOM_HALF,0.38285506,0.35730118,0.42102143,0.37778643,0.43430802,0.38005224
compose,P,word2vec_recipe_50_HOM_HALF,0.32480043,0.29762638,0.37500295,0.36546683,0.39878097,0.38402143
spouse,M,word2vec_recipe_50_HOM_HALF,0.13001736,0.12538089,0.15291639,0.14409131,0.16453137,0.15695019
devil,P,word2vec_recipe_50_HOM_HALF,0.30951428,0.33794153,0.3573423,0.30645683,0.37320787,0.30190873
sleepy,P,word2vec_recipe_50_HOM_HALF,0.19660658,0.19934893,0.223939,0.22781831,0.2367467,0.24179216
void,P,word2vec_recipe_50_HOM_HALF,0.31573376,0.32449514,0.37417737,0.3645231,0.39652947,0.37323913
closure,P,word2vec_recipe_50_HOM_HALF,0.20976493,0.16342434,0.27966547,0.3098536,0.3202301,0.38263077
pelvic,M,word2vec_recipe_50_HOM_HALF,0.12601458,0.17461193,0.18148413,0.25239882,0.21052669,0.2924501
cultural,M,word2vec_recipe_50_HOM_HALF,0.09479141,0.1101725,0.11499834,0.14289477,0.12378349,0.15725051
distribute,P,word2vec_recipe_50_HOM_HALF,0.34284824,0.46513757,0.45608586,0.48380092,0.4848462,0.44726998
merge,P,word2vec_recipe_50_HOM_HALF,0.33301726,0.33847895,0.42287502,0.39129058,0.44864738,0.36466062
bright,P,word2vec_recipe_50_HOM_HALF,0.3247295,0.3409742,0.43596265,0.4924504,0.47490302,0.5273829
kidney,P,word2vec_recipe_50_HOM_HALF,0.23557797,0.29685867,0.32727396,0.37060788,0.36416352,0.3886893
stall,H,word2vec_recipe_50_HOM_HALF,0.15705495,0.13242064,0.18101059,0.15143266,0.19156662,0.16317102
altitude,P,word2vec_recipe_50_HOM_HALF,0.29188865,0.26493892,0.40574113,0.406965,0.44520319,0.42117938
cigar,M,word2vec_recipe_50_HOM_HALF,0.29925448,0.32580933,0.36985615,0.33326572,0.39572442,0.3377217
flip,H,word2vec_recipe_50_HOM_HALF,0.34815198,0.40400353,0.43323207,0.43190762,0.46085355,0.4289186
pancake,P,word2vec_recipe_50_HOM_HALF,0.2915084,0.4086707,0.40823364,0.50291455,0.45367992,0.5212477
gourmet,P,word2vec_recipe_50_HOM_HALF,0.26643664,0.2816901,0.2998831,0.2997223,0.31342018,0.2983788
wholesale,P,word2vec_recipe_50_HOM_HALF,0.14717779,0.14733726,0.17237818,0.17042702,0.1839081,0.18436216
gallery,P,word2vec_recipe_50_HOM_HALF,0.16999763,0.17545505,0.20113425,0.19235155,0.21427023,0.2023193
disposable,P,word2vec_recipe_50_HOM_HALF,0.35415825,0.3490904,0.4279638,0.45262194,0.45211783,0.47161034
pipe,H,word2vec_recipe_50_HOM_HALF,0.26039234,0.27399972,0.33273846,0.32115284,0.36977494,0.35917172
triumph,P,word2vec_recipe_50_HOM_HALF,0.14412285,0.159878,0.16632502,0.18096463,0.17613068,0.19537981
monk,M,word2vec_recipe_50_HOM_HALF,0.28999633,0.2745722,0.32761288,0.2927051,0.34313002,0.30133432
salon,P,word2vec_recipe_50_HOM_HALF,0.19075905,0.22461838,0.21776368,0.2500659,0.23088814,0.26498607
sinus,P,word2vec_recipe_50_HOM_HALF,0.13384475,0.16214028,0.17143421,0.20617725,0.18903923,0.22176199
mechanical,P,word2vec_recipe_50_HOM_HALF,0.2411462,0.27652252,0.2948443,0.312957,0.3133931,0.32979888
thin,P,word2vec_recipe_50_HOM_HALF,0.33817172,0.34067643,0.4077714,0.35199466,0.4351388,0.36470637
wicked,P,word2vec_recipe_50_HOM_HALF,0.22510627,0.2668116,0.27036777,0.31007913,0.28724086,0.3084101
iron,P,word2vec_recipe_50_HOM_HALF,0.3206172,0.3996837,0.42698616,0.48061612,0.46344733,0.5039036
nugget,P,word2vec_recipe_50_HOM_HALF,0.40191492,0.4981741,0.45806435,0.49723458,0.476214,0.4747537
cage,P,word2vec_recipe_50_HOM_HALF,0.2193264,0.21585357,0.28161287,0.2889568,0.3113838,0.33188477
vitamin,M,word2vec_recipe_50_HOM_HALF,0.18513207,0.15269656,0.2842033,0.21664295,0.33072305,0.21163237
asthma,M,word2vec_recipe_50_HOM_HALF,0.123642065,0.13815287,0.15873806,0.17993921,0.17375985,0.19300483
nickel,P,word2vec_recipe_50_HOM_HALF,0.23046224,0.25931317,0.3310732,0.3352438,0.3649424,0.3455291
atomic,P,word2vec_recipe_50_HOM_HALF,0.14331877,0.16674098,0.16888896,0.18349475,0.18033533,0.19441241
blitz,P,word2vec_recipe_50_HOM_HALF,0.22920609,0.27522346,0.34713325,0.34546477,0.40068576,0.3865769
mouthful,P,word2vec_recipe_50_HOM_HALF,0.2576333,0.16820097,0.28287026,0.1910072,0.29299143,0.19961303
orgasm,M,word2vec_recipe_50_HOM_HALF,0.12986374,0.13186081,0.15116291,0.16674261,0.1608926,0.17524545
toss,P,word2vec_recipe_50_HOM_HALF,0.31125748,0.32144728,0.3889704,0.3505997,0.41429123,0.3578919
keel,P,word2vec_recipe_50_HOM_HALF,0.15363884,0.17931432,0.21605684,0.2662644,0.24519593,0.30043995
charity,P,word2vec_recipe_50_HOM_HALF,0.36516264,0.35765323,0.43952215,0.34836558,0.4659552,0.35304794
match,H,word2vec_recipe_50_HOM_HALF,0.3643967,0.3684664,0.42874402,0.37606978,0.44986656,0.38002762
buff,H,word2vec_recipe_50_HOM_HALF,0.28569055,0.2825995,0.32174423,0.31393284,0.3370043,0.31313512
larger,P,word2vec_recipe_50_HOM_HALF,0.3520899,0.37810057,0.42877156,0.39265528,0.45045447,0.39875448
serpent,M,word2vec_recipe_50_HOM_HALF,0.21239996,0.18532768,0.24848023,0.25714406,0.26518756,0.28774714
petroleum,M,word2vec_recipe_50_HOM_HALF,0.20977083,0.19713022,0.24348621,0.22254983,0.2556183,0.23248164
collapse,P,word2vec_recipe_50_HOM_HALF,0.32291955,0.4015745,0.3987916,0.41110566,0.4242318,0.37945986
reproduce,P,word2vec_recipe_50_HOM_HALF,0.113005,0.10421393,0.13333628,0.1268025,0.14269416,0.13947119
giggle,P,word2vec_recipe_50_HOM_HALF,0.22945556,0.19614296,0.26748028,0.2243421,0.28213695,0.23845568
nylon,P,word2vec_recipe_50_HOM_HALF,0.3885317,0.35863858,0.452898,0.44323817,0.47881156,0.46741802
inject,P,word2vec_recipe_50_HOM_HALF,0.34334797,0.399728,0.44508195,0.45875692,0.4746756,0.4783626
window,P,word2vec_recipe_50_HOM_HALF,0.2685074,0.2521637,0.3155883,0.29419926,0.33616188,0.30446368
prison,P,word2vec_recipe_50_HOM_HALF,0.17495036,0.18032135,0.19964598,0.20551626,0.2103892,0.21006946
throat,P,word2vec_recipe_50_HOM_HALF,0.20430675,0.20934954,0.25981173,0.2697779,0.2830774,0.2784346
hint,P,word2vec_recipe_50_HOM_HALF,0.29791263,0.22567646,0.331996,0.23507339,0.34539574,0.23851211
topless,P,word2vec_recipe_50_HOM_HALF,0.19200815,0.18852502,0.22293615,0.21616259,0.23494881,0.22549854
pantry,P,word2vec_recipe_50_HOM_HALF,0.32718378,0.34516618,0.37594137,0.3484153,0.39241755,0.35430816
blur,P,word2vec_recipe_50_HOM_HALF,0.2088592,0.16504136,0.24051712,0.18981409,0.2558121,0.20720063
golden,P,word2vec_recipe_50_HOM_HALF,0.33204868,0.40161973,0.43194154,0.4260657,0.466085,0.43019038
battle,P,word2vec_recipe_50_HOM_HALF,0.19978485,0.16986915,0.22249426,0.17590034,0.23307301,0.18456411
groovy,M,word2vec_recipe_50_HOM_HALF,0.1797221,0.2159739,0.20740494,0.23817483,0.21980526,0.25462955
testament,P,word2vec_recipe_50_HOM_HALF,0.12559815,0.12599225,0.15358432,0.16069011,0.16527285,0.17612681
salvation,P,word2vec_recipe_50_HOM_HALF,0.12593082,0.1271068,0.14944679,0.15448852,0.15950936,0.16756672
ensemble,P,word2vec_recipe_50_HOM_HALF,0.26119465,0.2744902,0.3005614,0.30879194,0.31730634,0.3250585
meticulous,M,word2vec_recipe_50_HOM_HALF,0.104178,0.11909522,0.12949727,0.14928636,0.14115472,0.16366631
orchestra,P,word2vec_recipe_50_HOM_HALF,0.0859239,0.1059445,0.10684161,0.13852914,0.11735052,0.15520144
spear,H,word2vec_recipe_50_HOM_HALF,0.35836998,0.44509777,0.4328428,0.45937553,0.45838088,0.45846596
twilight,P,word2vec_recipe_50_HOM_HALF,0.18764085,0.21807459,0.2255757,0.24147691,0.23924866,0.26094094
rare,H,word2vec_recipe_50_HOM_HALF,0.25892645,0.24119522,0.38949376,0.34507877,0.43175584,0.38711068
aversion,P,word2vec_recipe_50_HOM_HALF,0.16987503,0.14724328,0.19529465,0.16266741,0.20600511,0.16918409
spinach,M,word2vec_recipe_50_HOM_HALF,0.26514733,0.37515548,0.35658637,0.42158863,0.38538873,0.41024566
scientific,P,word2vec_recipe_50_HOM_HALF,0.10510619,0.12023535,0.1272014,0.14599387,0.13737175,0.15899673
gunpowder,M,word2vec_recipe_50_HOM_HALF,0.17385128,0.2436184,0.21631533,0.2908519,0.23615456,0.31016728
greet,P,word2vec_recipe_50_HOM_HALF,0.18385942,0.17933598,0.21329792,0.19092819,0.22575146,0.19730638
improve,P,word2vec_recipe_50_HOM_HALF,0.26812124,0.2972039,0.32234815,0.28776857,0.34287685,0.27919286
imperial,H,word2vec_recipe_50_HOM_HALF,0.2842057,0.25765866,0.33062553,0.24546641,0.34678352,0.25157169
inform,P,word2vec_recipe_50_HOM_HALF,0.09026049,0.10024429,0.10668386,0.12562822,0.11522022,0.13635339
daily,P,word2vec_recipe_50_HOM_HALF,0.36501333,0.29058117,0.41166276,0.3567322,0.43564487,0.390734
trio,P,word2vec_recipe_50_HOM_HALF,0.3266323,0.29372054,0.36947155,0.33299357,0.38505402,0.34044623
rid,M,word2vec_recipe_50_HOM_HALF,0.3720494,0.36683345,0.44661564,0.43865147,0.4712215,0.43951422
master,P,word2vec_recipe_50_HOM_HALF,0.37866622,0.33891433,0.42588466,0.3507985,0.44370636,0.3576316
sultan,P,word2vec_recipe_50_HOM_HALF,0.16938634,0.17455627,0.19630441,0.20800406,0.20778002,0.21460593
crude,P,word2vec_recipe_50_HOM_HALF,0.17933157,0.15879145,0.20360129,0.17320469,0.21275005,0.18130422
vintage,P,word2vec_recipe_50_HOM_HALF,0.22498818,0.17789957,0.25539756,0.19537058,0.26668125,0.2100282
slap,P,word2vec_recipe_50_HOM_HALF,0.3541073,0.38029656,0.4320345,0.41478083,0.45801657,0.4290682
contain,P,word2vec_recipe_50_HOM_HALF,0.33914477,0.31009486,0.38357353,0.29265302,0.40117133,0.29023263
facility,P,word2vec_recipe_50_HOM_HALF,0.13092092,0.121491164,0.15511842,0.147454,0.16623008,0.1591387
soccer,M,word2vec_recipe_50_HOM_HALF,0.18761602,0.19540775,0.22779807,0.25499728,0.24758369,0.2725303
reckless,P,word2vec_recipe_50_HOM_HALF,0.109490715,0.106315926,0.12794045,0.13233823,0.1358516,0.1421658
selection,P,word2vec_recipe_50_HOM_HALF,0.3639841,0.37696576,0.42706653,0.41981396,0.44871068,0.4235664
title,P,word2vec_recipe_50_HOM_HALF,0.23397484,0.15520497,0.27716717,0.17642866,0.30300823,0.19152628
knife,P,word2vec_recipe_50_HOM_HALF,0.26958615,0.27770638,0.38695562,0.37375936,0.42744362,0.41734716
organize,P,word2vec_recipe_50_HOM_HALF,0.34198835,0.2958156,0.3862257,0.3359323,0.40199935,0.3481774
swab,P,word2vec_recipe_50_HOM_HALF,0.29713115,0.3033247,0.35838577,0.3556775,0.38329414,0.37676793
persuade,P,word2vec_recipe_50_HOM_HALF,0.097657755,0.10192684,0.11726863,0.13058972,0.12694837,0.14450227
tolerance,P,word2vec_recipe_50_HOM_HALF,0.27841094,0.29357243,0.359713,0.37195668,0.38879842,0.38488615
burglar,M,word2vec_recipe_50_HOM_HALF,0.22526333,0.26593962,0.260749,0.3055351,0.27462855,0.31403443
atmosphere,P,word2vec_recipe_50_HOM_HALF,0.22565183,0.19882126,0.26364982,0.19871576,0.2779098,0.20498972
hectic,P,word2vec_recipe_50_HOM_HALF,0.090852275,0.099891014,0.111055516,0.12843136,0.1201067,0.14027235
youth,P,word2vec_recipe_50_HOM_HALF,0.17197502,0.16195162,0.19920437,0.19402468,0.21011837,0.20440036
rub,P,word2vec_recipe_50_HOM_HALF,0.36434907,0.4544325,0.42935288,0.4211097,0.45226845,0.41028053
faint,P,word2vec_recipe_50_HOM_HALF,0.3275187,0.3259795,0.37471393,0.35465363,0.39558774,0.36928102
dancer,M,word2vec_recipe_50_HOM_HALF,0.14572653,0.16096191,0.16525677,0.18593647,0.17432968,0.19250827
reckon,P,word2vec_recipe_50_HOM_HALF,0.1043002,0.10366211,0.12455779,0.12361325,0.133811,0.1362878
trap,H,word2vec_recipe_50_HOM_HALF,0.33011422,0.33543655,0.3887685,0.38664204,0.41174918,0.39252904
circle,P,word2vec_recipe_50_HOM_HALF,0.25482112,0.2161707,0.30233973,0.23090108,0.32168555,0.24351168
flatten,P,word2vec_recipe_50_HOM_HALF,0.31727442,0.3559317,0.3960503,0.3980933,0.42312145,0.40983564
intention,P,word2vec_recipe_50_HOM_HALF,0.14417265,0.11820405,0.16579643,0.13529514,0.17658493,0.14686885
boot,P,word2vec_recipe_50_HOM_HALF,0.21030632,0.19811928,0.25046617,0.23981772,0.2686727,0.25832447
canal,P,word2vec_recipe_50_HOM_HALF,0.28153276,0.24887392,0.32321453,0.31065023,0.34117016,0.32594845
spot,P,word2vec_recipe_50_HOM_HALF,0.28550282,0.31214476,0.41855544,0.44261953,0.46650374,0.46984372
proud,P,word2vec_recipe_50_HOM_HALF,0.16257298,0.13821705,0.1878551,0.1473275,0.19864087,0.15831037
faulty,M,word2vec_recipe_50_HOM_HALF,0.18938656,0.23897514,0.22463742,0.27025193,0.23945469,0.28166255
artificial,P,word2vec_recipe_50_HOM_HALF,0.36986718,0.43345973,0.43297935,0.44716617,0.45882958,0.46655756
quart,P,word2vec_recipe_50_HOM_HALF,0.2510184,0.29675922,0.38304284,0.48508427,0.43028712,0.5238161
corner,P,word2vec_recipe_50_HOM_HALF,0.31890973,0.32708016,0.3820173,0.35690692,0.40615663,0.35738078
harmless,M,word2vec_recipe_50_HOM_HALF,0.1643239,0.17969295,0.19587794,0.20081061,0.20918609,0.20471631
yawn,P,word2vec_recipe_50_HOM_HALF,0.1561288,0.1642601,0.181498,0.18467262,0.19157125,0.18810837
tape,P,word2vec_recipe_50_HOM_HALF,0.26017457,0.27578905,0.33197808,0.34537005,0.35814935,0.36480948
bland,P,word2vec_recipe_50_HOM_HALF,0.25395688,0.20990925,0.2950238,0.25256804,0.30940917,0.25446302
objective,P,word2vec_recipe_50_HOM_HALF,0.21710026,0.14976656,0.24817532,0.18832473,0.2598198,0.19958748
tin,P,word2vec_recipe_50_HOM_HALF,0.2746547,0.22850594,0.339356,0.31089148,0.37517264,0.35854363
handy,P,word2vec_recipe_50_HOM_HALF,0.32060462,0.33490464,0.37191528,0.30084732,0.388745,0.29136905
gardener,P,word2vec_recipe_50_HOM_HALF,0.14102757,0.15531696,0.16200179,0.19215973,0.17077248,0.20306608
enemy,P,word2vec_recipe_50_HOM_HALF,0.22058856,0.18311302,0.24688557,0.19193524,0.2588808,0.20061181
finger,P,word2vec_recipe_50_HOM_HALF,0.31324688,0.35748193,0.40747017,0.43876883,0.4385247,0.43878692
rape,H,word2vec_recipe_50_HOM_HALF,0.2684732,0.32558343,0.33479872,0.32585138,0.3618704,0.3620542
hustle,P,word2vec_recipe_50_HOM_HALF,0.18857253,0.22537021,0.21773235,0.2658987,0.22992292,0.2818345
caress,P,word2vec_recipe_50_HOM_HALF,0.16525976,0.2033538,0.19672409,0.22697838,0.21067066,0.24432468
bomber,P,word2vec_recipe_50_HOM_HALF,0.15098183,0.16623272,0.17307378,0.18718241,0.18297286,0.19151634
capsule,P,word2vec_recipe_50_HOM_HALF,0.3104517,0.3281875,0.35788453,0.3700489,0.376676,0.38711932
balance,P,word2vec_recipe_50_HOM_HALF,0.3353246,0.3105657,0.39028096,0.3203385,0.41422597,0.3334501
conquer,P,word2vec_recipe_50_HOM_HALF,0.11671847,0.10519483,0.13402838,0.12547028,0.14186087,0.13795076
commission,P,word2vec_recipe_50_HOM_HALF,0.18683681,0.17313576,0.22958574,0.17860535,0.2436256,0.19091828
rib,H,word2vec_recipe_50_HOM_HALF,0.27484378,0.32461685,0.35000297,0.39264682,0.3797686,0.40154496
fertilizer,P,word2vec_recipe_50_HOM_HALF,0.16758294,0.18090166,0.1891855,0.20032477,0.19995984,0.20375809
crime,P,word2vec_recipe_50_HOM_HALF,0.19738963,0.16392013,0.21774271,0.18155025,0.22641228,0.1910053
twinkle,P,word2vec_recipe_50_HOM_HALF,0.1700095,0.16585241,0.19421041,0.20451494,0.20488305,0.21517141
rat,P,word2vec_recipe_50_HOM_HALF,0.25112882,0.257756,0.2930444,0.29516992,0.31035984,0.30995172
shade,P,word2vec_recipe_50_HOM_HALF,0.30605608,0.37318638,0.41871557,0.4540732,0.4609673,0.49061728
risky,M,word2vec_recipe_50_HOM_HALF,0.10060855,0.11176114,0.11919304,0.12878062,0.12839526,0.14083102
cider,M,word2vec_recipe_50_HOM_HALF,0.29854324,0.3910283,0.3813204,0.43400317,0.41660893,0.44667602
cinnamon,P,word2vec_recipe_50_HOM_HALF,0.24893722,0.291254,0.35926327,0.3922798,0.39598733,0.42490152
heartfelt,M,word2vec_recipe_50_HOM_HALF,0.2351056,0.2591236,0.2873451,0.24764329,0.3037916,0.23356281
jive,P,word2vec_recipe_50_HOM_HALF,0.1284094,0.16026962,0.14909491,0.18480618,0.15731166,0.1930566
painful,P,word2vec_recipe_50_HOM_HALF,0.15028302,0.1622987,0.17672428,0.18323135,0.18864872,0.19004184
drape,P,word2vec_recipe_50_HOM_HALF,0.34417087,0.3634141,0.40042606,0.32094055,0.41820922,0.31240717
chronic,P,word2vec_recipe_50_HOM_HALF,0.109692,0.13509043,0.13002385,0.14524081,0.14034316,0.16015393
illusion,P,word2vec_recipe_50_HOM_HALF,0.13205922,0.13846926,0.1558098,0.1681271,0.1658028,0.17190121
stem,H,word2vec_recipe_50_HOM_HALF,0.25527468,0.3057543,0.3351773,0.37689653,0.37164125,0.41330317
nightmare,P,word2vec_recipe_50_HOM_HALF,0.14864719,0.13281177,0.16853938,0.14862038,0.17876141,0.1587698
yell,P,word2vec_recipe_50_HOM_HALF,0.13399868,0.12714456,0.16038695,0.15310517,0.17227992,0.1606206
tilt,P,word2vec_recipe_50_HOM_HALF,0.37477788,0.44471565,0.4510144,0.42072353,0.47646615,0.4311007
lodge,P,word2vec_recipe_50_HOM_HALF,0.26017576,0.2016261,0.29004782,0.20305695,0.30091298,0.20914912
excite,P,word2vec_recipe_50_HOM_HALF,0.12287247,0.12157264,0.14692134,0.14152172,0.15748139,0.15645714
spruce,H,word2vec_recipe_50_HOM_HALF,0.31561083,0.3035665,0.35880092,0.3449171,0.37498137,0.35880738
butterfly,P,word2vec_recipe_50_HOM_HALF,0.35717702,0.4148644,0.4214453,0.41151568,0.44171336,0.40403965
puny,M,word2vec_recipe_50_HOM_HALF,0.113056615,0.12564598,0.13292591,0.13958381,0.14171201,0.15242672
pal,P,word2vec_recipe_50_HOM_HALF,0.23596938,0.19113736,0.26725635,0.20206523,0.28025904,0.2086437
cork,P,word2vec_recipe_50_HOM_HALF,0.27885756,0.2871835,0.3628249,0.38418046,0.3967585,0.42266554
snuff,H,word2vec_recipe_50_HOM_HALF,0.18626627,0.18444866,0.21459131,0.22348963,0.22668095,0.23139377
ogre,P,word2vec_recipe_50_HOM_HALF,0.20785427,0.23030683,0.25676122,0.2662808,0.27251282,0.2785065
underneath,P,word2vec_recipe_50_HOM_HALF,0.33593768,0.31427622,0.38392207,0.3279388,0.40151224,0.3326601
appearance,P,word2vec_recipe_50_HOM_HALF,0.2934823,0.33874893,0.3546931,0.37984976,0.38166282,0.3847898
cushion,P,word2vec_recipe_50_HOM_HALF,0.29726186,0.27775222,0.33187214,0.30264938,0.3477932,0.31852636
platform,P,word2vec_recipe_50_HOM_HALF,0.23972487,0.24924694,0.28240827,0.2865205,0.30043402,0.3070546
foggy,P,word2vec_recipe_50_HOM_HALF,0.13571647,0.14439702,0.1582063,0.16612206,0.16821902,0.17929503
hen,M,word2vec_recipe_50_HOM_HALF,0.22633561,0.2495787,0.3559348,0.4295463,0.41132778,0.4516447
skirt,P,word2vec_recipe_50_HOM_HALF,0.24455257,0.27605367,0.338313,0.31382307,0.36998063,0.31833825
allergic,P,word2vec_recipe_50_HOM_HALF,0.2195389,0.21455178,0.26267192,0.2258552,0.27944982,0.22725013
limp,H,word2vec_recipe_50_HOM_HALF,0.27638143,0.33299524,0.36512157,0.3543456,0.39884746,0.37073103
splash,P,word2vec_recipe_50_HOM_HALF,0.3467999,0.4118287,0.437067,0.47037935,0.4660206,0.47671908
note,P,word2vec_recipe_50_HOM_HALF,0.2543704,0.33623868,0.32206807,0.33436728,0.34271735,0.3174042
sensible,P,word2vec_recipe_50_HOM_HALF,0.29909235,0.31024492,0.35618892,0.37462208,0.3821236,0.39346933
headless,P,word2vec_recipe_50_HOM_HALF,0.1720587,0.20601887,0.21364298,0.2471357,0.22938606,0.25327402
rescue,P,word2vec_recipe_50_HOM_HALF,0.20101683,0.15515122,0.2251067,0.16743419,0.23592308,0.17686011
paradise,P,word2vec_recipe_50_HOM_HALF,0.33669278,0.30694947,0.37670106,0.32194138,0.38978904,0.31086373
verse,H,word2vec_recipe_50_HOM_HALF,0.1331819,0.12468739,0.15462552,0.1440272,0.16549662,0.15915945
melt,P,word2vec_recipe_50_HOM_HALF,0.36690745,0.34878427,0.43043,0.35890773,0.4556762,0.36348248
brand,P,word2vec_recipe_50_HOM_HALF,0.3357814,0.3781353,0.41451997,0.43844002,0.4404043,0.4492369
punishment,P,word2vec_recipe_50_HOM_HALF,0.15006165,0.13246757,0.17340611,0.16621402,0.18405919,0.1787234
owner,M,word2vec_recipe_50_HOM_HALF,0.1351774,0.1341266,0.1647196,0.15943882,0.1803042,0.17618237
migraine,M,word2vec_recipe_50_HOM_HALF,0.10014324,0.11215555,0.120962486,0.14179108,0.13099927,0.15636231
unmarked,M,word2vec_recipe_50_HOM_HALF,0.19601703,0.21186773,0.22670113,0.25050926,0.24035966,0.27277657
strain,H,word2vec_recipe_50_HOM_HALF,0.29917386,0.32312247,0.39818668,0.46047354,0.43589965,0.46986294
magnetic,P,word2vec_recipe_50_HOM_HALF,0.22599213,0.32204598,0.29130876,0.39268452,0.31827927,0.41382042
candy,P,word2vec_recipe_50_HOM_HALF,0.30654734,0.39494696,0.37043908,0.47725654,0.39850226,0.48529962
castle,P,word2vec_recipe_50_HOM_HALF,0.2622568,0.24720299,0.30703247,0.26062793,0.3267206,0.29055756
sin,H,word2vec_recipe_50_HOM_HALF,0.30338478,0.26141196,0.3423933,0.24871223,0.35654426,0.25148794
oral,P,word2vec_recipe_50_HOM_HALF,0.116113804,0.12737505,0.14050594,0.15594904,0.1532122,0.17170244
poultry,M,word2vec_recipe_50_HOM_HALF,0.31621653,0.27489224,0.39440402,0.40282324,0.42248994,0.42331743
transition,M,word2vec_recipe_50_HOM_HALF,0.17251994,0.13269256,0.1953197,0.16238001,0.20605339,0.17172495
quartet,P,word2vec_recipe_50_HOM_HALF,0.15463325,0.130049,0.17652349,0.15915446,0.18509942,0.1690075
washed,P,word2vec_recipe_50_HOM_HALF,0.35047728,0.43201607,0.431851,0.47487652,0.45729035,0.47333053
maneuver,P,word2vec_recipe_50_HOM_HALF,0.19284156,0.19358864,0.21992658,0.19860701,0.23297407,0.21303831
pastry,P,word2vec_recipe_50_HOM_HALF,0.32602972,0.39570862,0.39519402,0.44482183,0.4216374,0.4439295
snot,P,word2vec_recipe_50_HOM_HALF,0.12579109,0.12890491,0.1472933,0.15193982,0.15722644,0.16577165
recent,P,word2vec_recipe_50_HOM_HALF,0.14540109,0.14133346,0.17034802,0.16049075,0.1831776,0.18010631
magnet,P,word2vec_recipe_50_HOM_HALF,0.17082448,0.2284533,0.21058354,0.2894439,0.22770886,0.2975063
example,P,word2vec_recipe_50_HOM_HALF,0.29594868,0.36732316,0.35442552,0.39077315,0.374324,0.3805752
femur,P,word2vec_recipe_50_HOM_HALF,0.166524,0.18676738,0.21260792,0.25313002,0.23137406,0.27990133
plump,H,word2vec_recipe_50_HOM_HALF,0.42200595,0.5169033,0.5049143,0.55147034,0.53284323,0.54220134
demon,P,word2vec_recipe_50_HOM_HALF,0.14162154,0.14693831,0.16084023,0.1724899,0.16915743,0.17822854
zipper,P,word2vec_recipe_50_HOM_HALF,0.13615686,0.18755484,0.28843126,0.3033521,0.3751049,0.39688605
stormy,P,word2vec_recipe_50_HOM_HALF,0.19473892,0.1461567,0.23041952,0.20911062,0.2494611,0.23509495
initiate,P,word2vec_recipe_50_HOM_HALF,0.16373013,0.18583857,0.19291517,0.21054976,0.20466028,0.21501465
intent,H,word2vec_recipe_50_HOM_HALF,0.123964,0.1187957,0.14563262,0.13639896,0.15558352,0.1508049
kingdom,P,word2vec_recipe_50_HOM_HALF,0.1085379,0.11374589,0.12915769,0.14640903,0.13951813,0.16078912
tidal,P,word2vec_recipe_50_HOM_HALF,0.18034747,0.21914345,0.20696096,0.25768325,0.21866196,0.26227456
ceremony,P,word2vec_recipe_50_HOM_HALF,0.11463769,0.10988485,0.13609451,0.1385654,0.14504546,0.1497926
leader,P,word2vec_recipe_50_HOM_HALF,0.100388184,0.09575902,0.12231467,0.124239564,0.13337392,0.1405981
eliminate,P,word2vec_recipe_50_HOM_HALF,0.3619981,0.41798976,0.42797294,0.41821846,0.45428485,0.41647318
kindly,P,word2vec_recipe_50_HOM_HALF,0.26759857,0.2626273,0.33717242,0.27221343,0.35746014,0.2552584
roulette,P,word2vec_recipe_50_HOM_HALF,0.15493487,0.19596344,0.18129942,0.22714297,0.19231245,0.23981509
brief,P,word2vec_recipe_50_HOM_HALF,0.3937387,0.46344697,0.4526907,0.44683662,0.4723872,0.43386093
unpack,P,word2vec_recipe_50_HOM_HALF,0.2941754,0.29917184,0.3340474,0.3229939,0.34961167,0.33680865
mansion,P,word2vec_recipe_50_HOM_HALF,0.15888917,0.14282711,0.18492459,0.17163911,0.19499868,0.17726046
bun,P,word2vec_recipe_50_HOM_HALF,0.2979361,0.3685064,0.39762703,0.414928,0.43381524,0.4252837
possession,P,word2vec_recipe_50_HOM_HALF,0.121728085,0.12697081,0.13937765,0.14916211,0.14769253,0.15548764
teenager,M,word2vec_recipe_50_HOM_HALF,0.0754682,0.09162483,0.09497857,0.11957932,0.10495323,0.13490285
broad,P,word2vec_recipe_50_HOM_HALF,0.4118085,0.36816293,0.4744124,0.44023365,0.4956752,0.45269486
thick,P,word2vec_recipe_50_HOM_HALF,0.36194476,0.39719155,0.44482815,0.448168,0.47480538,0.46481705
brute,P,word2vec_recipe_50_HOM_HALF,0.17503984,0.15951853,0.19635952,0.15860824,0.20546184,0.16874857
ploy,M,word2vec_recipe_50_HOM_HALF,0.21869421,0.23138802,0.2710589,0.27049568,0.2907258,0.28453413
mackerel,P,word2vec_recipe_50_HOM_HALF,0.22009273,0.280121,0.3067901,0.37228447,0.3483695,0.39829126
lizard,P,word2vec_recipe_50_HOM_HALF,0.18148582,0.18690352,0.21175617,0.20970938,0.22312558,0.21098067
pap,P,word2vec_recipe_50_HOM_HALF,0.2634943,0.27496478,0.30521357,0.2919722,0.32322493,0.30834273
clone,P,word2vec_recipe_50_HOM_HALF,0.23886545,0.20477068,0.27751696,0.23939328,0.29226497,0.2471294
section,P,word2vec_recipe_50_HOM_HALF,0.3509591,0.44280773,0.4075105,0.43494755,0.42826813,0.4359016
muck,P,word2vec_recipe_50_HOM_HALF,0.14307337,0.14295998,0.16735254,0.16830602,0.17867154,0.1772536
wooden,P,word2vec_recipe_50_HOM_HALF,0.39018327,0.40029672,0.49938816,0.5224699,0.54133886,0.54219544
heartbeat,M,word2vec_recipe_50_HOM_HALF,0.10352419,0.11237658,0.12272789,0.12980697,0.13152955,0.14412928
sturdy,P,word2vec_recipe_50_HOM_HALF,0.36518154,0.36742628,0.42446464,0.45882177,0.44519326,0.4661255
output,P,word2vec_recipe_50_HOM_HALF,0.22368002,0.26148808,0.2711086,0.28059673,0.28973335,0.28012872
dive,P,word2vec_recipe_50_HOM_HALF,0.36582452,0.3431903,0.41924003,0.32077911,0.43720078,0.3060012
smile,P,word2vec_recipe_50_HOM_HALF,0.3060726,0.2673846,0.35817066,0.36342993,0.38047278,0.35769853
shelf,P,word2vec_recipe_50_HOM_HALF,0.35648656,0.34532884,0.42868477,0.39280844,0.45285407,0.40379125
product,P,word2vec_recipe_50_HOM_HALF,0.41570434,0.35792905,0.45912415,0.3208195,0.47412086,0.33576575
frighten,P,word2vec_recipe_50_HOM_HALF,0.08369547,0.10701585,0.100031525,0.12662482,0.109794885,0.14172672
worm,P,word2vec_recipe_50_HOM_HALF,0.26863918,0.29072273,0.32903913,0.31928077,0.354285,0.33348587
eldest,M,word2vec_recipe_50_HOM_HALF,0.068947464,0.08889938,0.0897695,0.11943152,0.10150896,0.13737482
ointment,M,word2vec_recipe_50_HOM_HALF,0.16523635,0.19332816,0.19132696,0.21021987,0.20147792,0.22349629
chunk,P,word2vec_recipe_50_HOM_HALF,0.39550483,0.4736621,0.4599676,0.43654585,0.4823735,0.42737606
glance,P,word2vec_recipe_50_HOM_HALF,0.1346874,0.1196022,0.157807,0.14106557,0.16726786,0.15038784
collar,P,word2vec_recipe_50_HOM_HALF,0.34410775,0.37150738,0.39686364,0.39236024,0.41678405,0.3970395
toothpick,M,word2vec_recipe_50_HOM_HALF,0.30717427,0.3480824,0.41640687,0.38182735,0.4573111,0.41713515
martini,M,word2vec_recipe_50_HOM_HALF,0.19066301,0.25610113,0.28569415,0.29609814,0.32550836,0.31445575
physical,P,word2vec_recipe_50_HOM_HALF,0.09839511,0.11921352,0.12374196,0.14955173,0.13524544,0.16267134
windshield,P,word2vec_recipe_50_HOM_HALF,0.18654332,0.17550759,0.2360259,0.22584592,0.2621786,0.2612193
filthy,P,word2vec_recipe_50_HOM_HALF,0.15905209,0.16554421,0.1921959,0.21523714,0.20958874,0.23793574
rubble,P,word2vec_recipe_50_HOM_HALF,0.2977736,0.33864808,0.3597087,0.40526417,0.38345963,0.43273306
neon,P,word2vec_recipe_50_HOM_HALF,0.25072342,0.28702405,0.34509957,0.3845255,0.38539013,0.39347324
publish,P,word2vec_recipe_50_HOM_HALF,0.09473338,0.09977258,0.113785274,0.12382836,0.123070545,0.13611911
angry,P,word2vec_recipe_50_HOM_HALF,0.254022,0.25472814,0.29015353,0.29008687,0.3047837,0.29868385
jerky,H,word2vec_recipe_50_HOM_HALF,0.364883,0.3809166,0.4316057,0.40524223,0.4553383,0.40342486
cobbler,P,word2vec_recipe_50_HOM_HALF,0.31827006,0.31585866,0.39312994,0.33570397,0.4222126,0.32424355
depth,P,word2vec_recipe_50_HOM_HALF,0.44733196,0.53925806,0.5285814,0.58557695,0.5531806,0.5606613
screen,P,word2vec_recipe_50_HOM_HALF,0.409024,0.4040978,0.46667185,0.47481441,0.48595566,0.4710437
arrange,P,word2vec_recipe_50_HOM_HALF,0.31670028,0.39074883,0.42363852,0.4432255,0.45239753,0.4407432
penny,P,word2vec_recipe_50_HOM_HALF,0.41224664,0.35753798,0.4778109,0.3627116,0.49714166,0.35229775
acquire,P,word2vec_recipe_50_HOM_HALF,0.30870146,0.31546438,0.34760228,0.32555738,0.3649962,0.34408754
herring,P,word2vec_recipe_50_HOM_HALF,0.32975107,0.42007622,0.40588892,0.44606024,0.43295822,0.4419274
cactus,M,word2vec_recipe_50_HOM_HALF,0.3701108,0.36113143,0.4335278,0.35791683,0.4547757,0.3560222
ratio,P,word2vec_recipe_50_HOM_HALF,0.33142126,0.35350555,0.39520124,0.38648602,0.41374612,0.38874868
borderline,P,word2vec_recipe_50_HOM_HALF,0.18427762,0.14181444,0.20921168,0.15565006,0.2200089,0.17327954
bend,P,word2vec_recipe_50_HOM_HALF,0.31929645,0.34125602,0.3919792,0.396442,0.41864386,0.39515123
cancel,P,word2vec_recipe_50_HOM_HALF,0.3583585,0.35374442,0.4697138,0.46662036,0.51141655,0.5177865
squirt,P,word2vec_recipe_50_HOM_HALF,0.38040727,0.42582878,0.42908996,0.42725214,0.45010856,0.43429038
mayonnaise,M,word2vec_recipe_50_HOM_HALF,0.24166074,0.31859028,0.35533863,0.40434614,0.39289895,0.41315952
chat,P,word2vec_recipe_50_HOM_HALF,0.2568794,0.23793526,0.3198002,0.3148294,0.34798858,0.34678352
renew,P,word2vec_recipe_50_HOM_HALF,0.20158911,0.23233311,0.2361826,0.25237572,0.25305045,0.25196108
promote,P,word2vec_recipe_50_HOM_HALF,0.36116993,0.42027184,0.43568152,0.44896767,0.46151048,0.45423603
liberty,P,word2vec_recipe_50_HOM_HALF,0.1518257,0.17118889,0.17383648,0.18641187,0.18307142,0.19341975
vibrant,P,word2vec_recipe_50_HOM_HALF,0.24449186,0.2822851,0.33960167,0.36105108,0.37527207,0.3775358
term,P,word2vec_recipe_50_HOM_HALF,0.3162518,0.2567669,0.3529824,0.24626064,0.36734596,0.2518958
tar,H,word2vec_recipe_50_HOM_HALF,0.35420126,0.356664,0.3970617,0.3373748,0.41313285,0.33598164
cup,P,word2vec_recipe_50_HOM_HALF,0.34257084,0.405789,0.41171527,0.41533285,0.44132316,0.42656142
dynamic,P,word2vec_recipe_50_HOM_HALF,0.15448077,0.15566644,0.18206643,0.195459,0.19213915,0.20548101
spa,P,word2vec_recipe_50_HOM_HALF,0.20783179,0.2437223,0.2377724,0.25512013,0.25129363,0.25901875
drugstore,M,word2vec_recipe_50_HOM_HALF,0.27532917,0.27217433,0.32477146,0.3326716,0.34546798,0.34598124
transit,P,word2vec_recipe_50_HOM_HALF,0.16675845,0.1810734,0.19004677,0.18875828,0.19992802,0.20014748
shuffle,P,word2vec_recipe_50_HOM_HALF,0.2916519,0.28463006,0.3346386,0.2982268,0.35048202,0.31856441
rust,P,word2vec_recipe_50_HOM_HALF,0.37025484,0.3387978,0.43231156,0.40462348,0.45534217,0.40845796
bone,P,word2vec_recipe_50_HOM_HALF,0.2725533,0.32886684,0.35439107,0.38858745,0.3914022,0.42966852
indication,P,word2vec_recipe_50_HOM_HALF,0.24184069,0.2196119,0.27694663,0.22402194,0.29214168,0.23003209
huddle,P,word2vec_recipe_50_HOM_HALF,0.124517694,0.14246461,0.14568768,0.16861136,0.15499002,0.17278422
coffin,M,word2vec_recipe_50_HOM_HALF,0.23447165,0.21580586,0.28479755,0.26391175,0.3090025,0.30073565
annual,P,word2vec_recipe_50_HOM_HALF,0.12734786,0.14229414,0.15018559,0.15335585,0.16252175,0.16741455
poop,H,word2vec_recipe_50_HOM_HALF,0.1858609,0.21624008,0.2244676,0.25635928,0.24423394,0.28010544
carbon,P,word2vec_recipe_50_HOM_HALF,0.36842942,0.39197537,0.42184663,0.37413287,0.43945488,0.3764268
tiresome,P,word2vec_recipe_50_HOM_HALF,0.07295841,0.088926464,0.091675475,0.11938377,0.1015082,0.13341892
octopus,P,word2vec_recipe_50_HOM_HALF,0.28980586,0.35434303,0.3728348,0.4417462,0.39963055,0.458571
spout,P,word2vec_recipe_50_HOM_HALF,0.33571577,0.394603,0.41354135,0.42913905,0.44554955,0.46196043
dibs,P,word2vec_recipe_50_HOM_HALF,0.17991857,0.15662363,0.20804232,0.17047188,0.21895951,0.18481475
illegal,P,word2vec_recipe_50_HOM_HALF,0.096093096,0.11053296,0.11267276,0.13542344,0.12051729,0.14619412
map,P,word2vec_recipe_50_HOM_HALF,0.13700233,0.12388672,0.20618464,0.2150194,0.22982116,0.22688852
roommate,M,word2vec_recipe_50_HOM_HALF,0.087415144,0.094220735,0.10881541,0.12529056,0.119308375,0.14209317
nearby,P,word2vec_recipe_50_HOM_HALF,0.37805116,0.36430892,0.42741385,0.3526552,0.4446083,0.35191134
universal,P,word2vec_recipe_50_HOM_HALF,0.23349681,0.17058551,0.26497847,0.18731815,0.27738956,0.21007413
precision,P,word2vec_recipe_50_HOM_HALF,0.32774782,0.31530616,0.37693632,0.33988884,0.3969748,0.3403664
everyday,P,word2vec_recipe_50_HOM_HALF,0.2894785,0.2785753,0.32661307,0.2912415,0.33988038,0.30467305
bake,P,word2vec_recipe_50_HOM_HALF,0.40045804,0.2941997,0.47886848,0.3978044,0.5032392,0.4054674
disappoint,P,word2vec_recipe_50_HOM_HALF,0.08725474,0.099187315,0.10791039,0.12732899,0.11764017,0.1374304
ingenious,P,word2vec_recipe_50_HOM_HALF,0.13801962,0.14189433,0.16096553,0.15738302,0.1709985,0.16517507
pride,P,word2vec_recipe_50_HOM_HALF,0.23225152,0.2126939,0.2648322,0.22948806,0.27683744,0.23411193
bat,H,word2vec_recipe_50_HOM_HALF,0.28577536,0.23561506,0.32899678,0.25985795,0.35359323,0.2908856
passive,P,word2vec_recipe_50_HOM_HALF,0.21828942,0.21169335,0.27645585,0.24674743,0.2966742,0.24456142
version,P,word2vec_recipe_50_HOM_HALF,0.25539148,0.27633753,0.29824838,0.29324135,0.31623733,0.29785088
thirsty,P,word2vec_recipe_50_HOM_HALF,0.21833006,0.1836488,0.24329796,0.18059213,0.25388235,0.18448812
equipment,P,word2vec_recipe_50_HOM_HALF,0.4243854,0.43337318,0.4821303,0.43566132,0.5001938,0.4344828
organic,P,word2vec_recipe_50_HOM_HALF,0.31070012,0.3594532,0.36622784,0.38352665,0.38534623,0.39372948
launch,H,word2vec_recipe_50_HOM_HALF,0.24084422,0.23571083,0.27751052,0.28147587,0.29314965,0.30366918
latex,P,word2vec_recipe_50_HOM_HALF,0.24050467,0.29215991,0.3471455,0.3569719,0.37637985,0.35063165
clue,P,word2vec_recipe_50_HOM_HALF,0.130245,0.1238377,0.15063635,0.1376049,0.16183415,0.1488558
modest,P,word2vec_recipe_50_HOM_HALF,0.2973596,0.3028761,0.34668204,0.28068307,0.36298966,0.29873818
beige,M,word2vec_recipe_50_HOM_HALF,0.24028644,0.2820125,0.3224457,0.3759208,0.36339858,0.4221297
tap,H,word2vec_recipe_50_HOM_HALF,0.37391493,0.4607425,0.46619555,0.5010794,0.49444154,0.50891125
bounty,P,word2vec_recipe_50_HOM_HALF,0.2992547,0.27412358,0.33617875,0.27752686,0.34995732,0.27276856
nerve,P,word2vec_recipe_50_HOM_HALF,0.14110975,0.18322416,0.17756511,0.24884172,0.19837998,0.27820784
brew,P,word2vec_recipe_50_HOM_HALF,0.27104875,0.3490691,0.3601035,0.4107139,0.39593863,0.41957802
balloon,P,word2vec_recipe_50_HOM_HALF,0.36193323,0.4540291,0.43286145,0.48068973,0.45594245,0.47808057
hillbilly,P,word2vec_recipe_50_HOM_HALF,0.15480235,0.14116764,0.18602346,0.16902506,0.1997182,0.18356822
neighbor,P,word2vec_recipe_50_HOM_HALF,0.15212387,0.13606481,0.17982423,0.17281733,0.19219819,0.18348874
pepperoni,M,word2vec_recipe_50_HOM_HALF,0.24499445,0.2523458,0.34208098,0.38823092,0.37652808,0.41153228
volcano,P,word2vec_recipe_50_HOM_HALF,0.35153332,0.38308984,0.41088676,0.37857077,0.4292509,0.38085824
worthwhile,M,word2vec_recipe_50_HOM_HALF,0.10665591,0.11060648,0.12551118,0.13228317,0.13521391,0.14484788
photograph,P,word2vec_recipe_50_HOM_HALF,0.22261214,0.13970973,0.350806,0.29302123,0.41072243,0.29572406
safari,P,word2vec_recipe_50_HOM_HALF,0.14066508,0.14855333,0.1655738,0.18123338,0.17622831,0.18851258
unwanted,M,word2vec_recipe_50_HOM_HALF,0.2505358,0.27067795,0.31367454,0.3446275,0.34430686,0.36421332
flick,P,word2vec_recipe_50_HOM_HALF,0.3403555,0.4125776,0.41366008,0.43688187,0.4378582,0.4339306
sculpture,P,word2vec_recipe_50_HOM_HALF,0.18541297,0.20980352,0.22346619,0.2545792,0.23987511,0.27446246
burden,H,word2vec_recipe_50_HOM_HALF,0.090062246,0.10804328,0.10819034,0.13268384,0.11669874,0.14382124
dependent,P,word2vec_recipe_50_HOM_HALF,0.25852072,0.3244705,0.3412736,0.3422015,0.37413132,0.33585924
enjoyable,M,word2vec_recipe_50_HOM_HALF,0.20214896,0.17360376,0.23350193,0.18837005,0.24581818,0.19242704
bandit,P,word2vec_recipe_50_HOM_HALF,0.124739364,0.15008835,0.14785223,0.1787161,0.15739617,0.1911936
commotion,P,word2vec_recipe_50_HOM_HALF,0.18403625,0.21679436,0.21613143,0.24671546,0.22947802,0.2569462
nausea,P,word2vec_recipe_50_HOM_HALF,0.10704706,0.12565969,0.13731717,0.15939862,0.15138449,0.17586316
rum,M,word2vec_recipe_50_HOM_HALF,0.19110028,0.23748092,0.27573767,0.2938244,0.31289035,0.32649875
internal,P,word2vec_recipe_50_HOM_HALF,0.2663526,0.23738056,0.3224297,0.26163816,0.36254662,0.30747896
conclusion,P,word2vec_recipe_50_HOM_HALF,0.15604271,0.14155084,0.18201247,0.15377468,0.1930664,0.16022226
shock,H,word2vec_recipe_50_HOM_HALF,0.2956521,0.37722272,0.42699143,0.45958272,0.46840608,0.47346166
horde,P,word2vec_recipe_50_HOM_HALF,0.1691989,0.16057797,0.19192585,0.16967502,0.20261045,0.18019165
menu,P,word2vec_recipe_50_HOM_HALF,0.2600433,0.2756254,0.3075503,0.30954626,0.3249922,0.30550894
citation,P,word2vec_recipe_50_HOM_HALF,0.18986885,0.18635139,0.21954447,0.2122907,0.23076473,0.22793785
factor,P,word2vec_recipe_50_HOM_HALF,0.24425416,0.22343412,0.27604046,0.22905615,0.28943384,0.2418405
technology,P,word2vec_recipe_50_HOM_HALF,0.12451802,0.11835957,0.14775637,0.14167537,0.15825617,0.1564091
arrival,P,word2vec_recipe_50_HOM_HALF,0.16155627,0.13521045,0.18698204,0.15326391,0.1973859,0.16420466
weakness,P,word2vec_recipe_50_HOM_HALF,0.08698059,0.090903,0.10719544,0.13233219,0.116414964,0.1471832
distortion,P,word2vec_recipe_50_HOM_HALF,0.15432647,0.19425556,0.18114184,0.22651216,0.1931016,0.24083364
claim,P,word2vec_recipe_50_HOM_HALF,0.18664446,0.1708397,0.21263418,0.19237731,0.22564316,0.19942164
dusk,M,word2vec_recipe_50_HOM_HALF,0.23958711,0.23675941,0.27406812,0.2709608,0.2885909,0.28813916
miraculous,P,word2vec_recipe_50_HOM_HALF,0.15408552,0.1564696,0.17969826,0.16855708,0.19028358,0.17565988
fragrance,P,word2vec_recipe_50_HOM_HALF,0.25772732,0.2989552,0.35926655,0.3839583,0.39103484,0.41201782
wilderness,P,word2vec_recipe_50_HOM_HALF,0.20105739,0.21829504,0.23108794,0.22775254,0.24384701,0.2292625
bra,M,word2vec_recipe_50_HOM_HALF,0.19159098,0.22956501,0.21995726,0.2664025,0.23056222,0.27721876
swing,P,word2vec_recipe_50_HOM_HALF,0.20664947,0.23870544,0.24497999,0.28314877,0.26108927,0.29117754
rodeo,M,word2vec_recipe_50_HOM_HALF,0.09940588,0.11855804,0.12201119,0.15148349,0.131899,0.163229
turnip,P,word2vec_recipe_50_HOM_HALF,0.24885428,0.32637757,0.34196645,0.40696862,0.3732992,0.413155
bash,P,word2vec_recipe_50_HOM_HALF,0.3031667,0.36499816,0.40374923,0.48785043,0.44351256,0.5113647
energetic,P,word2vec_recipe_50_HOM_HALF,0.2150971,0.17970046,0.24110472,0.18129368,0.2521081,0.18111862
resolve,P,word2vec_recipe_50_HOM_HALF,0.10394647,0.11600613,0.12491659,0.14307322,0.13326931,0.15392217
string,P,word2vec_recipe_50_HOM_HALF,0.28788322,0.33448806,0.3752455,0.3976252,0.4124919,0.4059324
attract,P,word2vec_recipe_50_HOM_HALF,0.13142988,0.12815803,0.1539889,0.15390114,0.16483547,0.16453475
hemisphere,P,word2vec_recipe_50_HOM_HALF,0.18546775,0.19376202,0.21509326,0.23747177,0.22759102,0.25293446
colossal,M,word2vec_recipe_50_HOM_HALF,0.2657186,0.24596192,0.29851973,0.24454895,0.31162307,0.243792
luxury,P,word2vec_recipe_50_HOM_HALF,0.24051432,0.23731014,0.27495012,0.27315196,0.28911805,0.27872995
glove,P,word2vec_recipe_50_HOM_HALF,0.3156578,0.30661836,0.38574433,0.3816039,0.41086784,0.39114386
personal,P,word2vec_recipe_50_HOM_HALF,0.20769438,0.23620324,0.29404655,0.31248316,0.32784423,0.32508984
claw,P,word2vec_recipe_50_HOM_HALF,0.2638924,0.2851121,0.36927426,0.37458444,0.4121255,0.41188115
nudge,P,word2vec_recipe_50_HOM_HALF,0.31452265,0.34756446,0.3762095,0.40486893,0.4002109,0.4080833
rally,H,word2vec_recipe_50_HOM_HALF,0.15502623,0.16805923,0.18071787,0.19018497,0.19167021,0.20211811
estate,P,word2vec_recipe_50_HOM_HALF,0.0875895,0.094050504,0.112870306,0.1229153,0.1313895,0.1518438
stomp,P,word2vec_recipe_50_HOM_HALF,0.2421258,0.20712602,0.27715808,0.23365779,0.28955564,0.24025911
cellular,P,word2vec_recipe_50_HOM_HALF,0.14621799,0.16032547,0.17124031,0.19613457,0.18150663,0.20562156
safety,P,word2vec_recipe_50_HOM_HALF,0.26715112,0.280093,0.32113892,0.30666694,0.3409781,0.31336728
bias,P,word2vec_recipe_50_HOM_HALF,0.29681802,0.3368795,0.37564656,0.33306926,0.40567172,0.34527835
clip,H,word2vec_recipe_50_HOM_HALF,0.3758587,0.34745213,0.44181252,0.39891383,0.46258822,0.42291006
mayor,M,word2vec_recipe_50_HOM_HALF,0.094754,0.10986284,0.113845,0.14403716,0.12458124,0.16074759
foremost,M,word2vec_recipe_50_HOM_HALF,0.20261078,0.17946038,0.2311404,0.2089085,0.24288422,0.22037058
machine,P,word2vec_recipe_50_HOM_HALF,0.31468338,0.34598485,0.40644944,0.45073685,0.45005387,0.49868506
honesty,P,word2vec_recipe_50_HOM_HALF,0.13921675,0.11150056,0.16352613,0.13433048,0.17378616,0.14688565
proportion,P,word2vec_recipe_50_HOM_HALF,0.29719153,0.34680185,0.36030743,0.36095557,0.38082895,0.3606935
genie,M,word2vec_recipe_50_HOM_HALF,0.11687034,0.13652775,0.13414355,0.16170156,0.14302331,0.17388941
sharp,P,word2vec_recipe_50_HOM_HALF,0.26389414,0.26647654,0.36683875,0.3626965,0.41034675,0.39128682
plaid,P,word2vec_recipe_50_HOM_HALF,0.14388493,0.17379898,0.17460538,0.22092605,0.18705826,0.24086387
smother,P,word2vec_recipe_50_HOM_HALF,0.3890656,0.38791984,0.43579262,0.3608384,0.4528259,0.35981518
airport,M,word2vec_recipe_50_HOM_HALF,0.11909123,0.1385726,0.1359488,0.15369533,0.14418791,0.16273698
liter,M,word2vec_recipe_50_HOM_HALF,0.2745831,0.3436399,0.35586524,0.42343637,0.39110526,0.44782972
rate,H,word2vec_recipe_50_HOM_HALF,0.39853635,0.28318852,0.44124573,0.2940214,0.45542708,0.2892268
bonfire,M,word2vec_recipe_50_HOM_HALF,0.24484345,0.26051292,0.28178886,0.27936122,0.2970946,0.28031725
yoga,P,word2vec_recipe_50_HOM_HALF,0.19185872,0.15953961,0.21655878,0.17799714,0.22763897,0.19141303
tablet,P,word2vec_recipe_50_HOM_HALF,0.31130368,0.34134752,0.38004845,0.39946178,0.40509427,0.42305693
prone,P,word2vec_recipe_50_HOM_HALF,0.25792462,0.22663525,0.30650902,0.26356405,0.32343543,0.2592563
calendar,P,word2vec_recipe_50_HOM_HALF,0.18735601,0.14761792,0.21440463,0.1759764,0.22416191,0.18219584
background,P,word2vec_recipe_50_HOM_HALF,0.23354879,0.22696386,0.26818275,0.246421,0.28374302,0.26507974
endless,P,word2vec_recipe_50_HOM_HALF,0.24970388,0.27608502,0.31416032,0.29694685,0.33617663,0.30297616
tag,H,word2vec_recipe_50_HOM_HALF,0.3636018,0.32835066,0.42882416,0.338341,0.4483843,0.36134952
backbone,P,word2vec_recipe_50_HOM_HALF,0.22784333,0.22914676,0.30819464,0.34451732,0.3468119,0.38264984
division,P,word2vec_recipe_50_HOM_HALF,0.22036095,0.22669484,0.27064914,0.28950393,0.28904736,0.30165985
needle,P,word2vec_recipe_50_HOM_HALF,0.30091453,0.3442064,0.3868551,0.43001324,0.4188677,0.45196098
hobo,P,word2vec_recipe_50_HOM_HALF,0.36769542,0.3206775,0.42110503,0.29122207,0.43850854,0.30089214
roach,H,word2vec_recipe_50_HOM_HALF,0.12745427,0.13137645,0.1476754,0.15625733,0.15679224,0.1706528
attach,P,word2vec_recipe_50_HOM_HALF,0.31425816,0.21851437,0.37411994,0.2865762,0.40086755,0.32775888
catfish,M,word2vec_recipe_50_HOM_HALF,0.24008253,0.24204172,0.34987298,0.38702148,0.39447236,0.39963785
slick,H,word2vec_recipe_50_HOM_HALF,0.36900446,0.45860818,0.4216885,0.41842437,0.44226113,0.39773998
mystic,P,word2vec_recipe_50_HOM_HALF,0.13992439,0.14854477,0.16114624,0.17520925,0.170086,0.18533845
majority,P,word2vec_recipe_50_HOM_HALF,0.36013755,0.32961854,0.41590816,0.35919625,0.43382752,0.35009798
seat,P,word2vec_recipe_50_HOM_HALF,0.34401807,0.27608043,0.3889381,0.3300458,0.40684116,0.35212505
yarn,P,word2vec_recipe_50_HOM_HALF,0.22541928,0.26569661,0.27454534,0.2687391,0.29734412,0.2973645
diamond,P,word2vec_recipe_50_HOM_HALF,0.3028794,0.3089525,0.37574768,0.3504943,0.4040233,0.35749218
lipstick,M,word2vec_recipe_50_HOM_HALF,0.16684663,0.18109031,0.19136654,0.20550494,0.20065121,0.21006596
bead,P,word2vec_recipe_50_HOM_HALF,0.412887,0.4163765,0.53021204,0.5194964,0.55792207,0.5117683
enlighten,M,word2vec_recipe_50_HOM_HALF,0.132534,0.16659462,0.15865415,0.20419136,0.16929252,0.2165667
medicine,P,word2vec_recipe_50_HOM_HALF,0.18006554,0.16258954,0.20733345,0.20019741,0.22022812,0.21062629
penalty,P,word2vec_recipe_50_HOM_HALF,0.17021883,0.14886147,0.19454828,0.17464177,0.20434007,0.18613572
oblivion,P,word2vec_recipe_50_HOM_HALF,0.2798523,0.32758704,0.3238262,0.3311523,0.33961853,0.3317399
district,P,word2vec_recipe_50_HOM_HALF,0.10427554,0.09207102,0.13802266,0.1354261,0.15757696,0.16691723
holler,P,word2vec_recipe_50_HOM_HALF,0.16594818,0.17282347,0.19275677,0.19698612,0.20415202,0.2160321
nap,H,word2vec_recipe_50_HOM_HALF,0.3845347,0.38591614,0.43282697,0.3893347,0.4502581,0.40220967
pattern,P,word2vec_recipe_50_HOM_HALF,0.24456315,0.30791852,0.31954396,0.35076454,0.3541632,0.3569469
warehouse,P,word2vec_recipe_50_HOM_HALF,0.15207994,0.16469344,0.19734728,0.20786382,0.22192866,0.23201013
exotic,P,word2vec_recipe_50_HOM_HALF,0.26895863,0.29650056,0.3176772,0.31264204,0.340322,0.34180126
edit,P,word2vec_recipe_50_HOM_HALF,0.15319781,0.14010571,0.18081181,0.14389086,0.19262077,0.1554355
dodo,P,word2vec_recipe_50_HOM_HALF,0.19675827,0.2188913,0.2301834,0.24656253,0.24319458,0.2543757
sap,H,word2vec_recipe_50_HOM_HALF,0.2465101,0.25330594,0.28251755,0.27437404,0.29857618,0.28798106
elegant,P,word2vec_recipe_50_HOM_HALF,0.27502936,0.27925333,0.3484876,0.3788762,0.38180187,0.41614854
speed,P,word2vec_recipe_50_HOM_HALF,0.3013217,0.3694218,0.40638724,0.3762953,0.44647977,0.39139587
molecular,M,word2vec_recipe_50_HOM_HALF,0.13599756,0.13151285,0.15468709,0.14662485,0.16240697,0.15624876
wax,H,word2vec_recipe_50_HOM_HALF,0.28959045,0.29587632,0.39054343,0.35988745,0.42413345,0.39249346
sapphire,P,word2vec_recipe_50_HOM_HALF,0.12790664,0.13769358,0.16117771,0.1959731,0.18010888,0.22095135
camel,M,word2vec_recipe_50_HOM_HALF,0.3005951,0.3238521,0.348068,0.38062772,0.36838546,0.39667687
system,P,word2vec_recipe_50_HOM_HALF,0.22855082,0.17830643,0.2631069,0.21033567,0.27771422,0.22087911
freshen,P,word2vec_recipe_50_HOM_HALF,0.35935917,0.34795776,0.40383705,0.37128246,0.41985336,0.3757081
silent,P,word2vec_recipe_50_HOM_HALF,0.19838104,0.15276872,0.22521135,0.18862543,0.23668902,0.20013672
weaken,P,word2vec_recipe_50_HOM_HALF,0.19513707,0.19385403,0.22755602,0.21445164,0.241007,0.2247005
specialize,P,word2vec_recipe_50_HOM_HALF,0.113783225,0.13702336,0.13954654,0.16586559,0.15061411,0.17423923
approval,P,word2vec_recipe_50_HOM_HALF,0.13968149,0.12537284,0.16498591,0.15336995,0.17500657,0.16499653
blow,H,word2vec_recipe_50_HOM_HALF,0.33629096,0.40296215,0.39672932,0.37062785,0.41896117,0.36974564
ripple,P,word2vec_recipe_50_HOM_HALF,0.38928166,0.40134144,0.4401475,0.3858622,0.4595894,0.38999638
brig,P,word2vec_recipe_50_HOM_HALF,0.16692069,0.19494599,0.21457759,0.28274015,0.23547398,0.30495337
kangaroo,M,word2vec_recipe_50_HOM_HALF,0.29831368,0.29310223,0.34098253,0.3044525,0.35855615,0.2957639
empire,P,word2vec_recipe_50_HOM_HALF,0.20476265,0.22134638,0.24245982,0.23928107,0.2565734,0.23748316
suede,M,word2vec_recipe_50_HOM_HALF,0.16878909,0.19722492,0.20724128,0.23945315,0.22334847,0.25483975
overseas,P,word2vec_recipe_50_HOM_HALF,0.14538722,0.15248176,0.17001998,0.16637166,0.18211915,0.17841302
tickle,P,word2vec_recipe_50_HOM_HALF,0.12693416,0.12787049,0.15322858,0.1655236,0.16651943,0.1749243
hormone,P,word2vec_recipe_50_HOM_HALF,0.12645298,0.13594502,0.15536425,0.16334768,0.16723484,0.17769593
spook,P,word2vec_recipe_50_HOM_HALF,0.3254488,0.2532215,0.3590059,0.24756579,0.37053448,0.25400797
material,P,word2vec_recipe_50_HOM_HALF,0.3031091,0.27621138,0.35154122,0.3390216,0.37146878,0.35637262
celery,M,word2vec_recipe_50_HOM_HALF,0.25816718,0.2821132,0.32496712,0.30800647,0.35433137,0.3271414
trade,P,word2vec_recipe_50_HOM_HALF,0.19170265,0.14209808,0.21674244,0.1686049,0.22726592,0.1773794
chill,P,word2vec_recipe_50_HOM_HALF,0.27555293,0.3508294,0.4175895,0.43414804,0.46651033,0.44218662
myth,P,word2vec_recipe_50_HOM_HALF,0.07930245,0.09491753,0.096324995,0.11932788,0.1044132,0.1312333
award,P,word2vec_recipe_50_HOM_HALF,0.17175615,0.1937984,0.2041278,0.19346026,0.21704727,0.20606819
waterfall,M,word2vec_recipe_50_HOM_HALF,0.18476227,0.1973986,0.20960388,0.21618901,0.21847214,0.22624967
nightly,P,word2vec_recipe_50_HOM_HALF,0.12272136,0.12794529,0.1416582,0.1446555,0.15067817,0.15335007
reindeer,M,word2vec_recipe_50_HOM_HALF,0.2220527,0.24657357,0.27100655,0.28024676,0.2938255,0.30291662
force,P,word2vec_recipe_50_HOM_HALF,0.3483734,0.33436885,0.44435406,0.46089932,0.4809491,0.5101455
extreme,P,word2vec_recipe_50_HOM_HALF,0.34584454,0.31670135,0.39415836,0.33313912,0.41200218,0.3325952
shiver,H,word2vec_recipe_50_HOM_HALF,0.21469721,0.2052227,0.24959734,0.25318956,0.26182103,0.26416025
portion,P,word2vec_recipe_50_HOM_HALF,0.3687119,0.3349468,0.42644706,0.31225586,0.44975743,0.34169295
sexy,P,word2vec_recipe_50_HOM_HALF,0.262335,0.28444007,0.30388948,0.31429806,0.31952563,0.3264443
gut,P,word2vec_recipe_50_HOM_HALF,0.24731418,0.27440968,0.32939035,0.35961762,0.35974458,0.38830283
crawl,P,word2vec_recipe_50_HOM_HALF,0.21188705,0.19070195,0.2492726,0.22642697,0.26395896,0.23538032
nationwide,M,word2vec_recipe_50_HOM_HALF,0.10622209,0.12640932,0.14979348,0.19792266,0.17216948,0.21288249
verb,M,word2vec_recipe_50_HOM_HALF,0.1339773,0.12991264,0.15294221,0.15058011,0.16170932,0.16092826
treatment,P,word2vec_recipe_50_HOM_HALF,0.21398744,0.20623076,0.25565636,0.22402495,0.27195835,0.22574472
alias,P,word2vec_recipe_50_HOM_HALF,0.119089104,0.12818094,0.14087147,0.15526205,0.14995709,0.16717353
sustain,P,word2vec_recipe_50_HOM_HALF,0.2803784,0.31763673,0.3249344,0.35025403,0.34137404,0.33473045
anonymous,M,word2vec_recipe_50_HOM_HALF,0.10987967,0.10735038,0.12968038,0.13592263,0.13883126,0.14976484
dairy,P,word2vec_recipe_50_HOM_HALF,0.3123882,0.36611548,0.38723356,0.40374115,0.41757527,0.41869313
carve,P,word2vec_recipe_50_HOM_HALF,0.3553761,0.4565114,0.43330905,0.42252582,0.4615006,0.44201034
colorful,P,word2vec_recipe_50_HOM_HALF,0.30797574,0.39187607,0.37156975,0.4293377,0.39606935,0.42764902
petite,P,word2vec_recipe_50_HOM_HALF,0.40383363,0.47474983,0.45372945,0.46387315,0.47032166,0.43858778
struggle,P,word2vec_recipe_50_HOM_HALF,0.15521024,0.12920283,0.18053298,0.15250187,0.19266401,0.16027491
cluster,P,word2vec_recipe_50_HOM_HALF,0.3351468,0.299988,0.40426716,0.37385255,0.43399623,0.41485265
exam,M,word2vec_recipe_50_HOM_HALF,0.19329987,0.12710615,0.23394637,0.18931408,0.2498003,0.20499937
wizard,P,word2vec_recipe_50_HOM_HALF,0.19919077,0.19202526,0.22573465,0.20435986,0.2379395,0.22007774
erect,P,word2vec_recipe_50_HOM_HALF,0.16712897,0.1674862,0.19620642,0.21145952,0.20934811,0.22339688
comeback,P,word2vec_recipe_50_HOM_HALF,0.19455965,0.19475296,0.22322103,0.21132636,0.23507519,0.21580093
math,M,word2vec_recipe_50_HOM_HALF,0.1488705,0.1267062,0.17098565,0.14708221,0.18217772,0.15462707
creator,P,word2vec_recipe_50_HOM_HALF,0.098815754,0.113465875,0.11793178,0.13618897,0.12777485,0.15165944
bump,P,word2vec_recipe_50_HOM_HALF,0.34442517,0.30817947,0.3897129,0.2884269,0.40649512,0.27869445
greasy,P,word2vec_recipe_50_HOM_HALF,0.28061315,0.25862056,0.32343024,0.25304466,0.34171498,0.24928918
buzzer,M,word2vec_recipe_50_HOM_HALF,0.24031632,0.23842472,0.29709208,0.30650175,0.3150883,0.3015225
zombie,P,word2vec_recipe_50_HOM_HALF,0.2193208,0.2708825,0.27369338,0.3208071,0.29544792,0.33587363
virtuous,P,word2vec_recipe_50_HOM_HALF,0.21410239,0.19513407,0.24462368,0.21689543,0.2570489,0.22247696
almond,P,word2vec_recipe_50_HOM_HALF,0.29903537,0.35118276,0.36420104,0.39825144,0.38649058,0.40109247
cling,P,word2vec_recipe_50_HOM_HALF,0.324148,0.31080902,0.43017918,0.39866707,0.4635556,0.42584488
grin,P,word2vec_recipe_50_HOM_HALF,0.12520757,0.13264865,0.1457829,0.14909764,0.15534626,0.1619918
terrific,P,word2vec_recipe_50_HOM_HALF,0.2353632,0.25290355,0.3252848,0.36087775,0.35534203,0.38060692
absence,P,word2vec_recipe_50_HOM_HALF,0.20092794,0.18203665,0.23227823,0.20120127,0.24496093,0.21444507
examine,P,word2vec_recipe_50_HOM_HALF,0.318303,0.28151318,0.3615023,0.31738856,0.37818626,0.3392521
unlucky,P,word2vec_recipe_50_HOM_HALF,0.099024735,0.10122528,0.117967874,0.12870584,0.12622528,0.14137354
creative,P,word2vec_recipe_50_HOM_HALF,0.26754516,0.2633087,0.3091661,0.25597706,0.32629204,0.26344106
rake,H,word2vec_recipe_50_HOM_HALF,0.41121626,0.40665978,0.46957287,0.42700386,0.4902016,0.42186743
container,P,word2vec_recipe_50_HOM_HALF,0.2565523,0.2979422,0.3492971,0.37677988,0.39359492,0.4233973
text,P,word2vec_recipe_50_HOM_HALF,0.1789315,0.16537249,0.21070094,0.20651464,0.2245316,0.2172801
prowl,P,word2vec_recipe_50_HOM_HALF,0.22174087,0.26554486,0.25396264,0.29937157,0.2669909,0.31205806
bully,H,word2vec_recipe_50_HOM_HALF,0.20651767,0.18789083,0.23682125,0.2165813,0.24890687,0.23152009
cherry,P,word2vec_recipe_50_HOM_HALF,0.3222101,0.3795232,0.40144607,0.39369345,0.4280823,0.38665628
inferior,P,word2vec_recipe_50_HOM_HALF,0.20089948,0.1610594,0.22795376,0.17876047,0.23831095,0.18160853
waiter,P,word2vec_recipe_50_HOM_HALF,0.115811385,0.11189545,0.13773507,0.13133888,0.14894901,0.14905755
bridal,P,word2vec_recipe_50_HOM_HALF,0.22426541,0.26298317,0.2690999,0.2828436,0.2854488,0.28553712
fate,P,word2vec_recipe_50_HOM_HALF,0.17591147,0.15206976,0.2003421,0.16575776,0.20994385,0.17567305
wart,P,word2vec_recipe_50_HOM_HALF,0.15786794,0.1774835,0.18961804,0.22953054,0.2036193,0.25087798
absent,P,word2vec_recipe_50_HOM_HALF,0.17211512,0.17567533,0.19953541,0.20163994,0.2098963,0.21905257
invent,P,word2vec_recipe_50_HOM_HALF,0.11868669,0.11201192,0.14235556,0.13489306,0.15351802,0.14866309
knock,P,word2vec_recipe_50_HOM_HALF,0.36066324,0.4479423,0.43657532,0.45063105,0.46220466,0.45110977
sometime,P,word2vec_recipe_50_HOM_HALF,0.29432058,0.25686917,0.3331902,0.2314941,0.34607846,0.22914277
playful,P,word2vec_recipe_50_HOM_HALF,0.19389294,0.20740905,0.22763744,0.25485563,0.24147335,0.27429596
crumble,P,word2vec_recipe_50_HOM_HALF,0.39239547,0.41461766,0.46693498,0.41634926,0.4910716,0.40953758
slide,P,word2vec_recipe_50_HOM_HALF,0.33263797,0.40205875,0.4204088,0.41408497,0.44710448,0.4206414
muzzle,P,word2vec_recipe_50_HOM_HALF,0.12796013,0.16106394,0.17180449,0.21814336,0.19870187,0.26094136
unclear,M,word2vec_recipe_50_HOM_HALF,0.087905124,0.09448109,0.1046583,0.12364946,0.11314085,0.13492398
noodle,H,word2vec_recipe_50_HOM_HALF,0.30460685,0.33630544,0.36315602,0.36726004,0.3878765,0.3639834
kite,P,word2vec_recipe_50_HOM_HALF,0.16976944,0.18454295,0.20699662,0.23361035,0.22646561,0.2676892
shark,H,word2vec_recipe_50_HOM_HALF,0.27129766,0.2733633,0.33253515,0.34848857,0.365595,0.3667985
seek,P,word2vec_recipe_50_HOM_HALF,0.16679235,0.12903179,0.19274977,0.16165334,0.20397754,0.17491639
asleep,P,word2vec_recipe_50_HOM_HALF,0.13842933,0.12947103,0.16686107,0.14926696,0.17875202,0.16526839
regardless,P,word2vec_recipe_50_HOM_HALF,0.2451165,0.18278594,0.27780855,0.19155398,0.29026362,0.19626744
carousel,P,word2vec_recipe_50_HOM_HALF,0.35112396,0.3311787,0.4343214,0.46302944,0.46235856,0.46958485
wink,P,word2vec_recipe_50_HOM_HALF,0.23005502,0.23315161,0.26566452,0.26473132,0.28022465,0.2807662
departure,P,word2vec_recipe_50_HOM_HALF,0.11788378,0.10835867,0.1348744,0.13204628,0.1424387,0.14390351
injection,P,word2vec_recipe_50_HOM_HALF,0.3094759,0.3695782,0.38682732,0.41498956,0.41373459,0.42152628
support,P,word2vec_recipe_50_HOM_HALF,0.274053,0.26167014,0.31657013,0.29077253,0.33382034,0.30502665
craze,P,word2vec_recipe_50_HOM_HALF,0.18471721,0.16731793,0.21489806,0.20630021,0.22780819,0.21965137
wisdom,P,word2vec_recipe_50_HOM_HALF,0.17621675,0.16139387,0.20556305,0.17705554,0.21702945,0.18306299
argue,P,word2vec_recipe_50_HOM_HALF,0.10461184,0.11126657,0.12632477,0.12873682,0.13603139,0.14265428
engagement,P,word2vec_recipe_50_HOM_HALF,0.17413011,0.16415189,0.20328812,0.18842031,0.21483764,0.197787
unlock,P,word2vec_recipe_50_HOM_HALF,0.34950987,0.3110994,0.4603072,0.46021998,0.50356704,0.51239014
quality,P,word2vec_recipe_50_HOM_HALF,0.31854728,0.27408338,0.36481017,0.2881951,0.38022125,0.28957337
maniac,P,word2vec_recipe_50_HOM_HALF,0.104190804,0.11596752,0.12888908,0.1434875,0.13924517,0.15384626
warp,P,word2vec_recipe_50_HOM_HALF,0.28175646,0.20653355,0.36030078,0.33882907,0.39139736,0.37220064
finale,P,word2vec_recipe_50_HOM_HALF,0.28212437,0.2668152,0.3234152,0.28604424,0.3381713,0.3008699
putt,P,word2vec_recipe_50_HOM_HALF,0.29823956,0.2627776,0.3342761,0.29668143,0.34781465,0.30895874
founder,H,word2vec_recipe_50_HOM_HALF,0.077084415,0.10410408,0.0973381,0.14034885,0.109196894,0.15920639
exposure,P,word2vec_recipe_50_HOM_HALF,0.23903008,0.25368804,0.28962043,0.25113085,0.3090981,0.26772955
popular,P,word2vec_recipe_50_HOM_HALF,0.2383159,0.3002107,0.29399186,0.32708704,0.31585297,0.31637174
lard,P,word2vec_recipe_50_HOM_HALF,0.39214692,0.4473852,0.48478544,0.50814945,0.5112692,0.493479
excellence,P,word2vec_recipe_50_HOM_HALF,0.16645913,0.1512915,0.19215582,0.17379832,0.2031726,0.18721229
hesitation,M,word2vec_recipe_50_HOM_HALF,0.21878195,0.1677567,0.25099403,0.19114749,0.2645827,0.19332364
vineyard,M,word2vec_recipe_50_HOM_HALF,0.13628052,0.105213776,0.17009798,0.14020331,0.18795784,0.16213918
remedy,P,word2vec_recipe_50_HOM_HALF,0.23632923,0.22926816,0.28551984,0.25128335,0.3054839,0.2695779
prime,P,word2vec_recipe_50_HOM_HALF,0.27105817,0.30684844,0.34254378,0.34534067,0.37146294,0.36434838
charm,P,word2vec_recipe_50_HOM_HALF,0.23854995,0.14934792,0.26679996,0.15817143,0.27767056,0.17675683
crate,P,word2vec_recipe_50_HOM_HALF,0.22443554,0.21877414,0.25565973,0.25954726,0.26944852,0.28159088
twin,P,word2vec_recipe_50_HOM_HALF,0.32448918,0.31211197,0.38374555,0.3775403,0.40526718,0.37621388
statue,M,word2vec_recipe_50_HOM_HALF,0.16432895,0.20413446,0.19615659,0.24063328,0.21118367,0.26486862
post,H,word2vec_recipe_50_HOM_HALF,0.21587607,0.2291621,0.27479136,0.26847872,0.2952213,0.26053807
descent,P,word2vec_recipe_50_HOM_HALF,0.12917402,0.11901877,0.15114914,0.1505604,0.16119069,0.16699943
handbag,P,word2vec_recipe_50_HOM_HALF,0.1858976,0.20392676,0.22177762,0.24026763,0.23857363,0.2663932
chant,P,word2vec_recipe_50_HOM_HALF,0.14445803,0.14283876,0.16601829,0.15187791,0.17540531,0.16756116
lint,P,word2vec_recipe_50_HOM_HALF,0.24581504,0.28013405,0.3022671,0.34409338,0.3300808,0.36050743
preview,P,word2vec_recipe_50_HOM_HALF,0.12866142,0.14037448,0.16832708,0.16439557,0.18212053,0.18024002
lush,P,word2vec_recipe_50_HOM_HALF,0.36091915,0.33174956,0.4174095,0.3286473,0.43556014,0.31717372
accordance,P,word2vec_recipe_50_HOM_HALF,0.2871518,0.25297707,0.3550806,0.37783185,0.39158484,0.41857046
neutral,P,word2vec_recipe_50_HOM_HALF,0.31990233,0.39139614,0.42120534,0.47314268,0.4531929,0.47651967
fond,P,word2vec_recipe_50_HOM_HALF,0.33256835,0.3837759,0.4286455,0.45227554,0.45835465,0.45135018
grape,P,word2vec_recipe_50_HOM_HALF,0.3236302,0.40509355,0.38782722,0.40866324,0.41057006,0.41876903
treasure,P,word2vec_recipe_50_HOM_HALF,0.30058426,0.24205972,0.33324733,0.25360605,0.34605217,0.26522276
bladder,P,word2vec_recipe_50_HOM_HALF,0.14293706,0.14153595,0.17833172,0.19519915,0.19635017,0.21021587
dozen,P,word2vec_recipe_50_HOM_HALF,0.32014766,0.37242836,0.41585007,0.42587465,0.45254272,0.45518553
cleaver,M,word2vec_recipe_50_HOM_HALF,0.29926166,0.35075545,0.39216614,0.42328906,0.42720804,0.45806137
tab,P,word2vec_recipe_50_HOM_HALF,0.41266012,0.41846183,0.4734245,0.47797817,0.49588692,0.49897355
harm,P,word2vec_recipe_50_HOM_HALF,0.19590974,0.18342379,0.22798972,0.19903335,0.24216603,0.1965144
stadium,M,word2vec_recipe_50_HOM_HALF,0.2475801,0.28963795,0.2899688,0.32495344,0.309238,0.32992065
permanent,P,word2vec_recipe_50_HOM_HALF,0.21571246,0.25101176,0.26566634,0.29406595,0.2838384,0.30900335
outcome,M,word2vec_recipe_50_HOM_HALF,0.24481192,0.18115486,0.28184402,0.19308493,0.29561913,0.21097434
melon,M,word2vec_recipe_50_HOM_HALF,0.24229655,0.32427117,0.36037678,0.39978158,0.40337798,0.42288432
warming,P,word2vec_recipe_50_HOM_HALF,0.38142374,0.45471913,0.4411827,0.43322402,0.46194717,0.42711866
artistic,P,word2vec_recipe_50_HOM_HALF,0.19126162,0.19504154,0.2292907,0.2348741,0.24502754,0.239567
dinosaur,P,word2vec_recipe_50_HOM_HALF,0.27981132,0.2779628,0.331759,0.3315019,0.35169685,0.34263325
cranberry,P,word2vec_recipe_50_HOM_HALF,0.23615651,0.27794027,0.32511988,0.34484908,0.35798264,0.35822767
generate,P,word2vec_recipe_50_HOM_HALF,0.2679823,0.26729697,0.30476376,0.27131423,0.32073048,0.263685
prove,P,word2vec_recipe_50_HOM_HALF,0.26536506,0.33424973,0.37096798,0.42344478,0.41682106,0.45843056
threat,P,word2vec_recipe_50_HOM_HALF,0.2454582,0.23827054,0.2784249,0.2641447,0.2918256,0.26359725
downfall,P,word2vec_recipe_50_HOM_HALF,0.13929035,0.14747104,0.16798156,0.18471599,0.18030171,0.20093906
admit,P,word2vec_recipe_50_HOM_HALF,0.16471462,0.13614275,0.19555357,0.16065976,0.20914654,0.17300676
position,P,word2vec_recipe_50_HOM_HALF,0.30492955,0.27870157,0.4237295,0.40343842,0.4594944,0.4079958
alike,P,word2vec_recipe_50_HOM_HALF,0.17147145,0.13884164,0.1967635,0.16383806,0.20821083,0.17886229
laser,M,word2vec_recipe_50_HOM_HALF,0.16664436,0.20719562,0.23679122,0.29104373,0.25937152,0.2995863
bust,H,word2vec_recipe_50_HOM_HALF,0.23989153,0.22607124,0.27513787,0.229385,0.28999197,0.23539038
tour,P,word2vec_recipe_50_HOM_HALF,0.18054122,0.1511254,0.20728485,0.175182,0.21777451,0.18223462
pepper,P,word2vec_recipe_50_HOM_HALF,0.22715874,0.22257343,0.28863892,0.26095077,0.3141862,0.2801983
symphony,P,word2vec_recipe_50_HOM_HALF,0.21145637,0.17004675,0.24380903,0.216222,0.25755867,0.22741167
fudge,H,word2vec_recipe_50_HOM_HALF,0.30116254,0.3561737,0.38039267,0.38874742,0.4065741,0.3831341
stallion,M,word2vec_recipe_50_HOM_HALF,0.16657475,0.16207531,0.19097084,0.17903703,0.2010524,0.1883575
eyeball,P,word2vec_recipe_50_HOM_HALF,0.37079918,0.280651,0.4194029,0.29177594,0.43555912,0.28946778
perpetual,P,word2vec_recipe_50_HOM_HALF,0.15426417,0.17769684,0.17571509,0.18941095,0.18511993,0.19803488
villa,M,word2vec_recipe_50_HOM_HALF,0.1273677,0.13509573,0.15383774,0.16569953,0.16712224,0.18823728
chimpanzee,M,word2vec_recipe_50_HOM_HALF,0.15107325,0.15788879,0.17577793,0.18164691,0.18633018,0.19067745
naked,P,word2vec_recipe_50_HOM_HALF,0.31926426,0.2900749,0.35518685,0.29225087,0.3689493,0.31024948
propeller,M,word2vec_recipe_50_HOM_HALF,0.219135,0.27931136,0.2630597,0.31878364,0.28202933,0.34109664
lollipop,M,word2vec_recipe_50_HOM_HALF,0.28778774,0.31036147,0.3538273,0.3453037,0.38469067,0.36993212
poem,P,word2vec_recipe_50_HOM_HALF,0.1746899,0.1701466,0.19956791,0.18141522,0.21084304,0.19913554
decorator,M,word2vec_recipe_50_HOM_HALF,0.23274484,0.2726679,0.31279105,0.327871,0.34840176,0.35450608
flashy,P,word2vec_recipe_50_HOM_HALF,0.08701086,0.10140705,0.10311112,0.12208159,0.110981315,0.13599497
heap,P,word2vec_recipe_50_HOM_HALF,0.3769922,0.48738015,0.45574638,0.471059,0.48191643,0.47037753
rumor,P,word2vec_recipe_50_HOM_HALF,0.15868932,0.13209195,0.17872202,0.14786805,0.18697657,0.15464844
potassium,M,word2vec_recipe_50_HOM_HALF,0.14718838,0.19017623,0.20413572,0.17931911,0.2280954,0.16454886
gland,P,word2vec_recipe_50_HOM_HALF,0.20027319,0.1928801,0.24123482,0.23828779,0.25705025,0.2597495
washer,P,word2vec_recipe_50_HOM_HALF,0.23402488,0.28218487,0.27938494,0.2934309,0.29720357,0.29653153
summary,P,word2vec_recipe_50_HOM_HALF,0.18201922,0.13888502,0.2093339,0.1628017,0.21993801,0.17501079
expiration,P,word2vec_recipe_50_HOM_HALF,0.23226707,0.19098312,0.26934648,0.19877124,0.283172,0.21212634
governor,P,word2vec_recipe_50_HOM_HALF,0.08778719,0.11722868,0.10534188,0.14375584,0.11409031,0.15682031
glorious,P,word2vec_recipe_50_HOM_HALF,0.2939919,0.2961838,0.33994308,0.3167226,0.3609821,0.33181006
cubicle,M,word2vec_recipe_50_HOM_HALF,0.09773552,0.12624164,0.112924024,0.14812878,0.11997835,0.15568179
precaution,P,word2vec_recipe_50_HOM_HALF,0.23422909,0.22292797,0.271552,0.23566473,0.28596097,0.24853076
approve,P,word2vec_recipe_50_HOM_HALF,0.07507465,0.09121749,0.092456944,0.119599536,0.10124352,0.13343455
weekly,P,word2vec_recipe_50_HOM_HALF,0.22488889,0.16156296,0.26021254,0.19957532,0.27432597,0.21856314
blizzard,P,word2vec_recipe_50_HOM_HALF,0.22516516,0.23735312,0.269573,0.27960646,0.28635028,0.29560566
border,P,word2vec_recipe_50_HOM_HALF,0.31672555,0.35384476,0.41244218,0.36429194,0.43913457,0.36594406
nighttime,M,word2vec_recipe_50_HOM_HALF,0.164374,0.18446083,0.19222647,0.21029322,0.2041524,0.22534595
dandy,P,word2vec_recipe_50_HOM_HALF,0.30908412,0.26906088,0.3498621,0.28205016,0.3644915,0.29125506
suspicion,P,word2vec_recipe_50_HOM_HALF,0.08899411,0.09392305,0.107096046,0.123483725,0.11569416,0.13918898
science,P,word2vec_recipe_50_HOM_HALF,0.2190096,0.19335282,0.24953157,0.18948662,0.26138958,0.1967564
universe,P,word2vec_recipe_50_HOM_HALF,0.1611801,0.15531528,0.18401644,0.16083868,0.19349535,0.1740584
papaya,M,word2vec_recipe_50_HOM_HALF,0.2353518,0.307339,0.3374552,0.4022771,0.36790094,0.39891866
superb,P,word2vec_recipe_50_HOM_HALF,0.21767184,0.24740258,0.2783905,0.32884657,0.3006024,0.34291044
spite,P,word2vec_recipe_50_HOM_HALF,0.13765204,0.124724284,0.15813188,0.14256783,0.16717371,0.14845774
finder,P,word2vec_recipe_50_HOM_HALF,0.18640697,0.16341618,0.21803245,0.19454704,0.23079552,0.20909062
affection,P,word2vec_recipe_50_HOM_HALF,0.14363304,0.14572555,0.16433765,0.15139769,0.17461564,0.16177535
liver,H,word2vec_recipe_50_HOM_HALF,0.29026276,0.3746098,0.3947278,0.46519977,0.42644078,0.4553289
discreet,P,word2vec_recipe_50_HOM_HALF,0.16649723,0.16229038,0.19492608,0.18789783,0.20494534,0.19513427
elect,P,word2vec_recipe_50_HOM_HALF,0.23528227,0.18480235,0.26691353,0.1966651,0.2797355,0.19729254
offshore,P,word2vec_recipe_50_HOM_HALF,0.10650183,0.12992802,0.12555936,0.15767504,0.13508606,0.17032793
creation,P,word2vec_recipe_50_HOM_HALF,0.25184307,0.20478357,0.28274962,0.21920246,0.29585147,0.22700424
ounce,H,word2vec_recipe_50_HOM_HALF,0.23303208,0.3209914,0.35774666,0.42943937,0.406777,0.45895225
nonstop,M,word2vec_recipe_50_HOM_HALF,0.31291434,0.31999925,0.3806691,0.38522485,0.40804306,0.4109829
leaf,P,word2vec_recipe_50_HOM_HALF,0.30855915,0.34477654,0.39924005,0.36010405,0.43043026,0.37442654
despite,P,word2vec_recipe_50_HOM_HALF,0.17000353,0.16767353,0.19527721,0.17571352,0.20631145,0.19130722
reputation,P,word2vec_recipe_50_HOM_HALF,0.11863534,0.12369116,0.1393433,0.14264892,0.14878446,0.15714456
portrait,P,word2vec_recipe_50_HOM_HALF,0.1591485,0.1865028,0.18470132,0.21129753,0.1955019,0.22315246
tame,P,word2vec_recipe_50_HOM_HALF,0.2378529,0.21102154,0.27707118,0.24958916,0.29421645,0.2662045
batter,H,word2vec_recipe_50_HOM_HALF,0.35479063,0.34997886,0.42266652,0.37536132,0.4461224,0.3893071
mop,P,word2vec_recipe_50_HOM_HALF,0.36078948,0.42472237,0.4429904,0.42149472,0.46938798,0.42197743
moistdae,HOM*,word2vec_recipe_50_HOM_HALF,0.39932567,0.37148747,0.4686298,0.42030436,0.49135694,0.40585807
outsin,HOM*,word2vec_recipe_50_HOM_HALF,0.2627126,0.32231617,0.39150262,0.45654312,0.43477404,0.4704143
tastoratory,HOM*,word2vec_recipe_50_HOM_HALF,0.30960009,0.3463448,0.39435062,0.39458627,0.42116678,0.3914334
cholass,HOM*,word2vec_recipe_50_HOM_HALF,0.40270835,0.49102333,0.48169684,0.45585093,0.5034877,0.43328506
sauerfreez,HOM*,word2vec_recipe_50_HOM_HALF,0.2765798,0.35592982,0.3833494,0.39759794,0.42033672,0.42207813
toothium,HOM*,word2vec_recipe_50_HOM_HALF,0.32861885,0.33792096,0.41916934,0.31363887,0.43985116,0.2562686
quivity,HOM*,word2vec_recipe_50_HOM_HALF,0.29726177,0.37313437,0.4194437,0.4541921,0.45861924,0.47389552
coleslamp,HOM*,word2vec_recipe_50_HOM_HALF,0.27782506,0.36370602,0.38226116,0.4142716,0.4141448,0.40393606
salatable,HOM*,word2vec_recipe_50_HOM_HALF,0.25033262,0.24691936,0.34988007,0.36979336,0.38271263,0.40194717
chowdushi,HOM*,word2vec_recipe_50_HOM_HALF,0.35400245,0.3861457,0.43392888,0.4113735,0.4621601,0.41017446
outgurt,HOM*,word2vec_recipe_50_HOM_HALF,0.35718277,0.38813964,0.44705415,0.4553079,0.47450256,0.45380956
pultrorgeous,HOM*,word2vec_recipe_50_HOM_HALF,0.3020156,0.27861267,0.38307643,0.375834,0.41314545,0.40381446
usebarb,HOM*,word2vec_recipe_50_HOM_HALF,0.2546113,0.3122197,0.3528589,0.35993233,0.39349267,0.36510262
pepperolinary,HOM*,word2vec_recipe_50_HOM_HALF,0.27995887,0.27278423,0.37128094,0.39202213,0.4057511,0.42369238
magchen,HOM*,word2vec_recipe_50_HOM_HALF,0.3964942,0.4985112,0.4672014,0.48951772,0.49326804,0.48732972
baconade,HOM*,word2vec_recipe_50_HOM_HALF,0.3034144,0.3822528,0.39927015,0.44743696,0.4336692,0.45278096
excellinach,HOM*,word2vec_recipe_50_HOM_HALF,0.26879293,0.36947128,0.35920194,0.4133668,0.38759777,0.40678832
literesta,HOM*,word2vec_recipe_50_HOM_HALF,0.35377604,0.36072022,0.40615898,0.38109747,0.4232855,0.3678458
vodimilar,HOM*,word2vec_recipe_50_HOM_HALF,0.22772646,0.17519897,0.27848834,0.21001923,0.30366775,0.25565594
speedaminy,HOM*,word2vec_recipe_50_HOM_HALF,0.22636616,0.1475258,0.30832034,0.21115571,0.3461737,0.1987025
cupcine,HOM*,word2vec_recipe_50_HOM_HALF,0.26484624,0.39439034,0.35814708,0.45807666,0.39334977,0.4754126
helpfish,HOM*,word2vec_recipe_50_HOM_HALF,0.27347523,0.25813282,0.36847478,0.3760786,0.40396285,0.3866629
bayouxzessive,HOM*,word2vec_recipe_50_HOM_HALF,0.4244825,0.43863094,0.4968172,0.4674647,0.5184118,0.4554252
custance,HOM*,word2vec_recipe_50_HOM_HALF,0.31377897,0.43878213,0.40629458,0.4848586,0.43536285,0.48580644
baswofish,HOM*,word2vec_recipe_50_HOM_HALF,0.2793766,0.27681994,0.35103318,0.33300683,0.3766552,0.33739063
seafuffin,HOM*,word2vec_recipe_50_HOM_HALF,0.2563645,0.2770361,0.3607219,0.3545537,0.41020525,0.42787847
omlephant,HOM*,word2vec_recipe_50_HOM_HALF,0.29568022,0.40638718,0.44898105,0.52671033,0.48864877,0.5340882
wackigar,HOM*,word2vec_recipe_50_HOM_HALF,0.36890823,0.36865517,0.43653136,0.42468187,0.46005172,0.42559874
melonquake,HOM*,word2vec_recipe_50_HOM_HALF,0.25526887,0.3122405,0.36235574,0.39076835,0.40111503,0.41151762
eggdayplan,HOM*,word2vec_recipe_50_HOM_HALF,0.26611274,0.34080905,0.3753773,0.44337,0.41150093,0.44550863
jyiffartini,HOM*,word2vec_recipe_50_HOM_HALF,0.22130752,0.24535045,0.30421078,0.28516367,0.339958,0.30474132
inrid,HOM*,word2vec_recipe_50_HOM_HALF,0.41639844,0.3669988,0.4841123,0.4121308,0.5057288,0.4188667
skillotein,HOM*,word2vec_recipe_50_HOM_HALF,0.2962977,0.3556498,0.41281092,0.40188882,0.45320633,0.40712714
luncheopresso,HOM*,word2vec_recipe_50_HOM_HALF,0.2687495,0.3077516,0.36690933,0.38210607,0.40233248,0.4055593
tinyroni,HOM*,word2vec_recipe_50_HOM_HALF,0.25738436,0.28592718,0.35327718,0.34254724,0.38443425,0.35942248
spideryonnaise,HOM*,word2vec_recipe_50_HOM_HALF,0.24918611,0.32518047,0.36057922,0.40563813,0.3975834,0.4131455
squidlight,HOM*,word2vec_recipe_50_HOM_HALF,0.23366117,0.32797804,0.34792575,0.4346293,0.38592613,0.45460308
fridgeburger,HOM*,word2vec_recipe_50_HOM_HALF,0.3736351,0.4981522,0.4656364,0.5025737,0.49278235,0.48976254
autula,HOM*,word2vec_recipe_50_HOM_HALF,0.2484016,0.3263318,0.3835208,0.42269605,0.43441597,0.4553103
saucassium,HOM*,word2vec_recipe_50_HOM_HALF,0.3232591,0.18589379,0.3564862,0.11844906,0.368106,0.11616008
cavifficient,HOM*,word2vec_recipe_50_HOM_HALF,0.42398033,0.48415697,0.506634,0.47403213,0.52790594,0.4580133
henfo,HOM*,word2vec_recipe_50_HOM_HALF,0.1966093,0.24870178,0.35223666,0.42669243,0.41073158,0.4635286
cleavertime,HOM*,word2vec_recipe_50_HOM_HALF,0.37637204,0.41944513,0.45256612,0.45611772,0.47789878,0.4566922
horiquila,HOM*,word2vec_recipe_50_HOM_HALF,0.30040443,0.24479632,0.3621635,0.28176212,0.3872773,0.3031802
vinetizer,HOM*,word2vec_recipe_50_HOM_HALF,0.23270741,0.28382096,0.32057992,0.344678,0.35236228,0.35122854
celerypizza,HOM*,word2vec_recipe_50_HOM_HALF,0.37049258,0.3912889,0.4299536,0.372312,0.45138305,0.37048358
farmtact,HOM*,word2vec_recipe_50_HOM_HALF,0.32045954,0.33841416,0.3930137,0.3739391,0.4171746,0.4022024
cupaya,HOM*,word2vec_recipe_50_HOM_HALF,0.23855281,0.28593817,0.34697708,0.40641552,0.37823287,0.41296157
cardchup,HOM*,word2vec_recipe_50_HOM_HALF,0.2765531,0.28950995,0.3842575,0.3745601,0.42337734,0.41419667
toven,HOM*,word2vec_recipe_50_HOM_HALF,0.34085137,0.3040645,0.42205685,0.31306165,0.4430913,0.3297885
