word,ambiguity_type,model,nbhd_dist_20,nbhd_pairdist_20,nbhd_dist_100,nbhd_pairdist_100,nbhd_dist_200,nbhd_pairdist_200
keg,P,word2vec_recipe_20_HYP_HALF,0.21355149,0.2637146,0.25826925,0.32806864,0.28216282,0.3525652
aristocrat,P,word2vec_recipe_20_HYP_HALF,0.17407507,0.19787292,0.2066294,0.22456431,0.21947825,0.23277317
novelty,P,word2vec_recipe_20_HYP_HALF,0.15542832,0.17788601,0.18884993,0.22266558,0.20622575,0.25140092
pirate,P,word2vec_recipe_20_HYP_HALF,0.19929874,0.21343157,0.23299906,0.24582478,0.24579035,0.2521042
gasoline,M,word2vec_recipe_20_HYP_HALF,0.118820235,0.12699264,0.13782655,0.1413352,0.14642346,0.1514265
fringe,P,word2vec_recipe_20_HYP_HALF,0.18053363,0.20775719,0.21927011,0.24812087,0.23827681,0.2758104
corral,P,word2vec_recipe_20_HYP_HALF,0.30444112,0.26332864,0.33970755,0.27881747,0.35147828,0.28386635
gopher,P,word2vec_recipe_20_HYP_HALF,0.20524211,0.19725004,0.23071294,0.22364487,0.24101809,0.23736386
substance,P,word2vec_recipe_20_HYP_HALF,0.28811395,0.31809044,0.34377298,0.3457175,0.3648577,0.35254806
flannel,P,word2vec_recipe_20_HYP_HALF,0.32961628,0.21841595,0.3746296,0.24082878,0.38938048,0.25402907
strap,P,word2vec_recipe_20_HYP_HALF,0.22768521,0.20777717,0.2770653,0.24796177,0.2997173,0.276223
courtesy,P,word2vec_recipe_20_HYP_HALF,0.2919475,0.23698398,0.33640394,0.24965306,0.35208836,0.24981388
pitch,H,word2vec_recipe_20_HYP_HALF,0.323805,0.29728997,0.37769112,0.32096216,0.39680266,0.33724394
countdown,P,word2vec_recipe_20_HYP_HALF,0.28974348,0.22269243,0.32129332,0.2394145,0.33321685,0.2536618
fiend,P,word2vec_recipe_20_HYP_HALF,0.14132287,0.11616965,0.16439137,0.14456032,0.17557156,0.1526058
generic,P,word2vec_recipe_20_HYP_HALF,0.23589055,0.22666217,0.27627262,0.23007573,0.29071817,0.23980871
marijuana,M,word2vec_recipe_20_HYP_HALF,0.2579983,0.30695552,0.2960554,0.34045526,0.31139144,0.35941705
pink,H,word2vec_recipe_20_HYP_HALF,0.36856285,0.42963105,0.489866,0.5258553,0.52961355,0.53588706
perky,M,word2vec_recipe_20_HYP_HALF,0.3089764,0.2799949,0.34255195,0.27226844,0.3554696,0.26909813
society,P,word2vec_recipe_20_HYP_HALF,0.15985563,0.14567395,0.18668398,0.17148206,0.19802624,0.18363723
fearless,M,word2vec_recipe_20_HYP_HALF,0.17717907,0.16289085,0.19802327,0.16836938,0.20834346,0.17461966
lotion,P,word2vec_recipe_20_HYP_HALF,0.24104998,0.22622164,0.2965832,0.2976698,0.32266483,0.310311
hoop,P,word2vec_recipe_20_HYP_HALF,0.27142745,0.25930843,0.3079338,0.28503847,0.3230387,0.2898137
cookie,P,word2vec_recipe_20_HYP_HALF,0.30621272,0.3115563,0.37012827,0.3520908,0.39424956,0.37707895
etiquette,M,word2vec_recipe_20_HYP_HALF,0.11714549,0.13607411,0.13462915,0.1568398,0.14352879,0.16561705
romantic,P,word2vec_recipe_20_HYP_HALF,0.21940485,0.24241297,0.26332343,0.27921134,0.28024232,0.28654945
square,P,word2vec_recipe_20_HYP_HALF,0.26658583,0.3083379,0.32350972,0.32443282,0.3486453,0.34314513
vibration,P,word2vec_recipe_20_HYP_HALF,0.12141843,0.140454,0.1375958,0.16306575,0.14668582,0.17214403
isolate,P,word2vec_recipe_20_HYP_HALF,0.20516105,0.1593667,0.23368074,0.1525496,0.24408183,0.12081665
spacious,P,word2vec_recipe_20_HYP_HALF,0.22977917,0.254596,0.26426697,0.29077363,0.28044465,0.30452687
toilet,P,word2vec_recipe_20_HYP_HALF,0.18790922,0.24002676,0.23399788,0.2909058,0.25327972,0.30490533
southwest,P,word2vec_recipe_20_HYP_HALF,0.21921234,0.27408376,0.3000702,0.30936515,0.32463914,0.30362862
corpse,M,word2vec_recipe_20_HYP_HALF,0.15873776,0.17314923,0.19209689,0.192694,0.20563976,0.20610195
publisher,P,word2vec_recipe_20_HYP_HALF,0.10482009,0.11762228,0.15421522,0.17358188,0.17693812,0.19571275
accompany,P,word2vec_recipe_20_HYP_HALF,0.28285375,0.3871518,0.38558888,0.47825414,0.42215043,0.4898316
wildlife,M,word2vec_recipe_20_HYP_HALF,0.14608654,0.14479882,0.17358601,0.17603801,0.18399294,0.18299612
louse,P,word2vec_recipe_20_HYP_HALF,0.12801331,0.13724466,0.15280555,0.17163691,0.16313271,0.18708798
household,P,word2vec_recipe_20_HYP_HALF,0.23237503,0.17627823,0.2578777,0.18096758,0.26853535,0.18783316
lend,P,word2vec_recipe_20_HYP_HALF,0.21935411,0.20397396,0.27610818,0.269135,0.29944384,0.28238207
despise,M,word2vec_recipe_20_HYP_HALF,0.0871788,0.099089816,0.106514305,0.12079487,0.11648863,0.13698645
attack,P,word2vec_recipe_20_HYP_HALF,0.2726906,0.2802657,0.3187246,0.28968266,0.33432883,0.29984736
cone,P,word2vec_recipe_20_HYP_HALF,0.28491628,0.28104684,0.33229855,0.32467446,0.35317826,0.32845718
rope,P,word2vec_recipe_20_HYP_HALF,0.23404674,0.2941912,0.32428777,0.3185466,0.35641137,0.33967823
agreement,P,word2vec_recipe_20_HYP_HALF,0.27306232,0.2535231,0.31877714,0.21777163,0.33429518,0.23102602
unable,M,word2vec_recipe_20_HYP_HALF,0.28145105,0.26041716,0.329334,0.26165605,0.3453415,0.25634226
rainy,M,word2vec_recipe_20_HYP_HALF,0.2801425,0.29058045,0.3399763,0.31084052,0.36500108,0.31851527
gracious,P,word2vec_recipe_20_HYP_HALF,0.156949,0.13206933,0.18205671,0.1619351,0.19243851,0.17879976
hind,H,word2vec_recipe_20_HYP_HALF,0.20879188,0.22267553,0.26392114,0.31913796,0.29034454,0.35246557
park,P,word2vec_recipe_20_HYP_HALF,0.28855032,0.22629508,0.32081383,0.23012029,0.33405903,0.2361418
detector,P,word2vec_recipe_20_HYP_HALF,0.16527578,0.18269765,0.1961034,0.18764794,0.20761871,0.18579234
armpit,M,word2vec_recipe_20_HYP_HALF,0.17051819,0.19897537,0.2071207,0.23438694,0.22366706,0.25033256
distance,P,word2vec_recipe_20_HYP_HALF,0.37174502,0.3629217,0.41917014,0.37317413,0.43473777,0.3841645
eager,M,word2vec_recipe_20_HYP_HALF,0.11400221,0.10492529,0.13468483,0.13431649,0.14486869,0.14363432
drum,P,word2vec_recipe_20_HYP_HALF,0.3540893,0.35817176,0.40308866,0.35611972,0.42324507,0.38300958
accident,P,word2vec_recipe_20_HYP_HALF,0.17536688,0.12529474,0.20436619,0.14993641,0.21718723,0.16227165
moon,P,word2vec_recipe_20_HYP_HALF,0.33304933,0.37390557,0.39818245,0.3867577,0.41919994,0.39198938
pansy,P,word2vec_recipe_20_HYP_HALF,0.22792539,0.29432985,0.29147622,0.36834192,0.31691226,0.39198142
reality,P,word2vec_recipe_20_HYP_HALF,0.10542504,0.100674525,0.12358842,0.12865001,0.13289052,0.14032625
equal,P,word2vec_recipe_20_HYP_HALF,0.33055627,0.37119454,0.41702747,0.44449332,0.44669303,0.43998548
regain,P,word2vec_recipe_20_HYP_HALF,0.23433177,0.2001363,0.27345544,0.23449898,0.28896496,0.26344115
dominion,P,word2vec_recipe_20_HYP_HALF,0.1276975,0.12592743,0.14994775,0.14528933,0.16141655,0.15450852
pudding,P,word2vec_recipe_20_HYP_HALF,0.34099108,0.41252205,0.40413132,0.419321,0.42736566,0.41326514
wing,P,word2vec_recipe_20_HYP_HALF,0.27758744,0.32259697,0.39735332,0.43203345,0.44391465,0.45509884
greedy,P,word2vec_recipe_20_HYP_HALF,0.13144758,0.11647169,0.15807778,0.13596591,0.16966487,0.14932546
hoof,P,word2vec_recipe_20_HYP_HALF,0.19360155,0.2355701,0.21996684,0.26229742,0.23137699,0.27337006
poorly,P,word2vec_recipe_20_HYP_HALF,0.10693979,0.1051572,0.12681803,0.12982102,0.13533531,0.14172806
mink,P,word2vec_recipe_20_HYP_HALF,0.20322672,0.23741667,0.23473011,0.26670384,0.24864757,0.28572804
plumber,P,word2vec_recipe_20_HYP_HALF,0.12923348,0.13511665,0.14813367,0.14830163,0.15753506,0.15889366
toaster,H,word2vec_recipe_20_HYP_HALF,0.36845416,0.43921706,0.45455265,0.50965834,0.48439938,0.5230468
disposal,P,word2vec_recipe_20_HYP_HALF,0.23088846,0.25622883,0.27548838,0.28849795,0.29420197,0.30065864
pleasant,P,word2vec_recipe_20_HYP_HALF,0.21468385,0.21764678,0.2697244,0.28985944,0.29316032,0.3108653
airtight,P,word2vec_recipe_20_HYP_HALF,0.2777064,0.343301,0.40249473,0.4038742,0.4505092,0.43218932
cancer,P,word2vec_recipe_20_HYP_HALF,0.16484508,0.1503231,0.21089321,0.17900886,0.23013817,0.19833702
critical,P,word2vec_recipe_20_HYP_HALF,0.24141853,0.22876173,0.29509822,0.25035575,0.31302994,0.25146356
cloak,P,word2vec_recipe_20_HYP_HALF,0.18049996,0.19173233,0.20845066,0.20773828,0.22159344,0.21892576
honor,P,word2vec_recipe_20_HYP_HALF,0.20217785,0.18215752,0.23203361,0.19282855,0.24419208,0.20096281
continue,P,word2vec_recipe_20_HYP_HALF,0.38858262,0.44378853,0.46418267,0.40507188,0.48689988,0.38367438
placement,P,word2vec_recipe_20_HYP_HALF,0.27916515,0.30271718,0.32977033,0.32936674,0.34736007,0.32747674
panic,P,word2vec_recipe_20_HYP_HALF,0.26077148,0.24327259,0.3060875,0.2573709,0.32519722,0.2647907
rotation,P,word2vec_recipe_20_HYP_HALF,0.30508453,0.32281083,0.343629,0.3040801,0.35938403,0.3148314
bug,P,word2vec_recipe_20_HYP_HALF,0.2720037,0.26333252,0.32625595,0.32531637,0.3471261,0.34597397
plaster,P,word2vec_recipe_20_HYP_HALF,0.2617601,0.28053117,0.3110858,0.3159756,0.3305967,0.33347225
territory,P,word2vec_recipe_20_HYP_HALF,0.14913486,0.12837894,0.17610125,0.16007979,0.18636765,0.16795796
infection,P,word2vec_recipe_20_HYP_HALF,0.13465051,0.1424615,0.16843443,0.18155065,0.18485343,0.20337397
heater,P,word2vec_recipe_20_HYP_HALF,0.27789825,0.29391375,0.32464015,0.33221793,0.34426203,0.35159183
tailor,P,word2vec_recipe_20_HYP_HALF,0.1349237,0.15827239,0.16622773,0.17869394,0.17937161,0.19396003
folder,P,word2vec_recipe_20_HYP_HALF,0.21968253,0.22294122,0.2579886,0.2672731,0.2743534,0.2814276
various,P,word2vec_recipe_20_HYP_HALF,0.31778997,0.34060276,0.38382733,0.37607986,0.4055105,0.37746796
assure,P,word2vec_recipe_20_HYP_HALF,0.35146886,0.37518123,0.42577878,0.34615928,0.44583836,0.3282501
green,P,word2vec_recipe_20_HYP_HALF,0.2860145,0.28753003,0.34840095,0.32364422,0.37335575,0.34687608
sweaty,P,word2vec_recipe_20_HYP_HALF,0.2277976,0.18602373,0.26691526,0.22288804,0.28205502,0.22885127
bogus,M,word2vec_recipe_20_HYP_HALF,0.11849494,0.11610266,0.13825022,0.14400093,0.14798953,0.1596497
drip,P,word2vec_recipe_20_HYP_HALF,0.40075952,0.40201026,0.47595656,0.48599258,0.5037796,0.47887748
horseback,P,word2vec_recipe_20_HYP_HALF,0.30645433,0.2805959,0.3579197,0.29763728,0.37382573,0.3046903
angle,H,word2vec_recipe_20_HYP_HALF,0.3004426,0.33159858,0.38483617,0.3536172,0.41193032,0.34825
burp,P,word2vec_recipe_20_HYP_HALF,0.308316,0.30536285,0.35676685,0.35936794,0.3765251,0.3794008
premature,M,word2vec_recipe_20_HYP_HALF,0.18309458,0.21503243,0.22167286,0.23430116,0.23837428,0.24233378
emphasize,P,word2vec_recipe_20_HYP_HALF,0.16132548,0.14729597,0.186495,0.16369708,0.19619538,0.17309095
crook,P,word2vec_recipe_20_HYP_HALF,0.31488642,0.27927956,0.36318576,0.34298125,0.3798686,0.37500557
cardiac,P,word2vec_recipe_20_HYP_HALF,0.13448186,0.14815694,0.15334874,0.16620214,0.162667,0.17884877
newborn,P,word2vec_recipe_20_HYP_HALF,0.16074377,0.15875348,0.18428849,0.17793638,0.19449997,0.18545426
grenade,P,word2vec_recipe_20_HYP_HALF,0.1443207,0.16775955,0.17224795,0.20391785,0.18308559,0.21383908
frisky,M,word2vec_recipe_20_HYP_HALF,0.18172427,0.18501607,0.21223706,0.17874855,0.22612335,0.17884552
goose,P,word2vec_recipe_20_HYP_HALF,0.20897143,0.26084644,0.33508804,0.42592177,0.38580087,0.45655307
anger,P,word2vec_recipe_20_HYP_HALF,0.12899089,0.111789726,0.1500188,0.13892604,0.15906158,0.15246964
burner,P,word2vec_recipe_20_HYP_HALF,0.28909454,0.36746556,0.38262516,0.4399522,0.41618103,0.45428628
mediocre,M,word2vec_recipe_20_HYP_HALF,0.09701438,0.1144493,0.11299226,0.13067344,0.12168752,0.13931255
lousy,P,word2vec_recipe_20_HYP_HALF,0.08468834,0.09443892,0.10398605,0.12114502,0.11272877,0.13375513
tack,P,word2vec_recipe_20_HYP_HALF,0.34037197,0.27066422,0.38608876,0.31754863,0.40366665,0.35063663
mercy,P,word2vec_recipe_20_HYP_HALF,0.121309355,0.114564285,0.14361304,0.14276367,0.15548316,0.16326603
insane,P,word2vec_recipe_20_HYP_HALF,0.28308225,0.2332177,0.32277542,0.21877012,0.3356706,0.23214844
vacant,P,word2vec_recipe_20_HYP_HALF,0.22675541,0.20812412,0.25895116,0.26744482,0.2721978,0.27926233
shrimp,P,word2vec_recipe_20_HYP_HALF,0.24360585,0.32598832,0.35630143,0.4380539,0.39370182,0.43450415
ski,P,word2vec_recipe_20_HYP_HALF,0.20544691,0.20712909,0.23696163,0.23436785,0.24955414,0.24066631
stack,P,word2vec_recipe_20_HYP_HALF,0.32116574,0.3525844,0.3838038,0.34927365,0.4054695,0.35382193
definition,P,word2vec_recipe_20_HYP_HALF,0.17073198,0.14969043,0.19441259,0.17029731,0.20443958,0.18107434
elephant,M,word2vec_recipe_20_HYP_HALF,0.4013974,0.3941,0.46574992,0.39963403,0.48688012,0.40101734
injury,P,word2vec_recipe_20_HYP_HALF,0.15230456,0.14877906,0.18040621,0.17489405,0.19181961,0.18684793
computer,P,word2vec_recipe_20_HYP_HALF,0.1963702,0.15489785,0.23082608,0.1687326,0.24380648,0.17784587
misty,P,word2vec_recipe_20_HYP_HALF,0.14692263,0.16804615,0.17033218,0.19292927,0.18097101,0.20539773
stout,P,word2vec_recipe_20_HYP_HALF,0.31641406,0.3918479,0.43294522,0.45707047,0.46812302,0.46171442
electrical,M,word2vec_recipe_20_HYP_HALF,0.21825294,0.24122012,0.31294835,0.39153263,0.3613791,0.45001537
stampede,P,word2vec_recipe_20_HYP_HALF,0.19130811,0.17898564,0.22009361,0.18718871,0.23080319,0.19543873
context,P,word2vec_recipe_20_HYP_HALF,0.104161225,0.10188818,0.12367379,0.124516785,0.13282189,0.13974558
birthday,M,word2vec_recipe_20_HYP_HALF,0.24697904,0.24557923,0.29014435,0.27974838,0.3064304,0.28165594
pavement,P,word2vec_recipe_20_HYP_HALF,0.14670289,0.14392269,0.17217539,0.16815044,0.18252476,0.17511407
unsure,P,word2vec_recipe_20_HYP_HALF,0.29088777,0.24054246,0.3360293,0.26717237,0.35479423,0.26562253
monkey,P,word2vec_recipe_20_HYP_HALF,0.3566884,0.285266,0.4217264,0.31259272,0.44286576,0.3150856
brisk,P,word2vec_recipe_20_HYP_HALF,0.32667997,0.30495423,0.41417798,0.38637397,0.45023644,0.40431368
clumsy,P,word2vec_recipe_20_HYP_HALF,0.084123395,0.094107345,0.10359632,0.1269005,0.113459736,0.14318913
beard,P,word2vec_recipe_20_HYP_HALF,0.26795977,0.2750409,0.3291152,0.34940568,0.35589942,0.37847197
frightful,P,word2vec_recipe_20_HYP_HALF,0.17361538,0.18219952,0.19581772,0.18588915,0.20717423,0.20447963
sweat,P,word2vec_recipe_20_HYP_HALF,0.33008718,0.37129113,0.42174095,0.3972624,0.45137414,0.41017842
stability,M,word2vec_recipe_20_HYP_HALF,0.33277613,0.24852227,0.37124902,0.29001465,0.38591287,0.30231196
strong,P,word2vec_recipe_20_HYP_HALF,0.30622444,0.29286733,0.35899147,0.31351146,0.37804738,0.3143247
singer,P,word2vec_recipe_20_HYP_HALF,0.26218426,0.24939442,0.2984289,0.25772765,0.31037465,0.26953658
platter,P,word2vec_recipe_20_HYP_HALF,0.34105894,0.3944783,0.46067142,0.49500176,0.4966259,0.47317252
horn,P,word2vec_recipe_20_HYP_HALF,0.35313517,0.36859754,0.40558025,0.37585038,0.4271728,0.37434602
sting,P,word2vec_recipe_20_HYP_HALF,0.28281564,0.24126661,0.3225311,0.27579466,0.34025627,0.29630873
singular,P,word2vec_recipe_20_HYP_HALF,0.124855235,0.14042124,0.14477211,0.15429829,0.15205474,0.15984726
health,P,word2vec_recipe_20_HYP_HALF,0.27209446,0.2895921,0.32436916,0.32392985,0.34278652,0.31562868
dazzle,P,word2vec_recipe_20_HYP_HALF,0.19954924,0.2208312,0.23043671,0.2283602,0.24361774,0.24267967
headache,P,word2vec_recipe_20_HYP_HALF,0.09181907,0.10353636,0.10984812,0.13425626,0.11807619,0.14731702
infant,P,word2vec_recipe_20_HYP_HALF,0.24992602,0.24767944,0.28399178,0.28002203,0.29778254,0.2758025
kitchen,M,word2vec_recipe_20_HYP_HALF,0.29475433,0.28297845,0.3688513,0.38619336,0.4052266,0.41876498
maker,P,word2vec_recipe_20_HYP_HALF,0.29596558,0.3382924,0.41436204,0.43802345,0.45946348,0.46962753
limit,P,word2vec_recipe_20_HYP_HALF,0.27217475,0.21582595,0.31018,0.21433784,0.3234481,0.2264656
yard,H,word2vec_recipe_20_HYP_HALF,0.29296356,0.26959887,0.33847076,0.3045003,0.3561442,0.31593484
expense,P,word2vec_recipe_20_HYP_HALF,0.14590183,0.13175888,0.1682089,0.15532695,0.17859836,0.16581222
snug,P,word2vec_recipe_20_HYP_HALF,0.32620946,0.39302263,0.41027412,0.42568916,0.43565345,0.41581193
tacky,H,word2vec_recipe_20_HYP_HALF,0.27230793,0.30419162,0.37419927,0.3701159,0.41768754,0.38683835
manipulate,P,word2vec_recipe_20_HYP_HALF,0.29697752,0.264254,0.33829537,0.283853,0.3551895,0.30307528
branch,P,word2vec_recipe_20_HYP_HALF,0.2895899,0.351427,0.36691117,0.4040455,0.39474815,0.4265506
outright,P,word2vec_recipe_20_HYP_HALF,0.14029329,0.14126036,0.16569212,0.15947966,0.178136,0.17284179
button,P,word2vec_recipe_20_HYP_HALF,0.39255017,0.46317863,0.47748548,0.5584895,0.50753456,0.5600743
hesitate,P,word2vec_recipe_20_HYP_HALF,0.19416197,0.14876418,0.22671813,0.16292012,0.24181119,0.18227647
jackpot,P,word2vec_recipe_20_HYP_HALF,0.09753317,0.12643325,0.13016841,0.17228036,0.14460845,0.1887811
reach,P,word2vec_recipe_20_HYP_HALF,0.3928046,0.41824353,0.4718731,0.40069357,0.49945244,0.40646636
workers,P,word2vec_recipe_20_HYP_HALF,0.09740962,0.11673511,0.11631365,0.13821416,0.1260416,0.15380552
block,P,word2vec_recipe_20_HYP_HALF,0.42941386,0.47589326,0.49058667,0.484654,0.5086661,0.46948722
cradle,P,word2vec_recipe_20_HYP_HALF,0.2803367,0.3102875,0.32636073,0.33459297,0.3442551,0.3382223
peppermint,P,word2vec_recipe_20_HYP_HALF,0.28345948,0.3385469,0.3487049,0.37612468,0.3753511,0.39195272
solid,P,word2vec_recipe_20_HYP_HALF,0.37223056,0.39081204,0.4296664,0.37818187,0.4509536,0.3847864
clot,P,word2vec_recipe_20_HYP_HALF,0.18227899,0.17500097,0.2202263,0.2141729,0.23445004,0.23031977
tackle,P,word2vec_recipe_20_HYP_HALF,0.19684437,0.14337704,0.22418901,0.1662037,0.23389019,0.17565948
mural,P,word2vec_recipe_20_HYP_HALF,0.24988003,0.28146747,0.29027566,0.31846523,0.3051256,0.33122396
bakery,M,word2vec_recipe_20_HYP_HALF,0.26338023,0.23125964,0.30589342,0.25901133,0.32071865,0.25573933
dramatic,P,word2vec_recipe_20_HYP_HALF,0.2529356,0.25750524,0.29656836,0.28184977,0.31573513,0.28925723
grasp,P,word2vec_recipe_20_HYP_HALF,0.31185418,0.34789506,0.38590196,0.39130932,0.40942985,0.3829933
frog,H,word2vec_recipe_20_HYP_HALF,0.3736504,0.43405128,0.44848236,0.45046762,0.47017708,0.44262
dig,P,word2vec_recipe_20_HYP_HALF,0.3606809,0.38700286,0.41351837,0.33138958,0.43158787,0.3177541
destiny,P,word2vec_recipe_20_HYP_HALF,0.29718095,0.31082243,0.3530253,0.356516,0.3732175,0.37337828
module,P,word2vec_recipe_20_HYP_HALF,0.3259983,0.31145304,0.3716751,0.36273536,0.39060447,0.3796629
conviction,P,word2vec_recipe_20_HYP_HALF,0.17513676,0.17776804,0.19711247,0.18944111,0.20674199,0.20527837
tune,P,word2vec_recipe_20_HYP_HALF,0.27903208,0.2936286,0.31513584,0.2934374,0.32875624,0.2877622
vision,P,word2vec_recipe_20_HYP_HALF,0.13590297,0.15082416,0.15867867,0.1693037,0.1694658,0.18421069
shave,P,word2vec_recipe_20_HYP_HALF,0.34119663,0.396139,0.45135835,0.47988227,0.49075973,0.49093306
scan,P,word2vec_recipe_20_HYP_HALF,0.13880427,0.1641111,0.1622033,0.19963077,0.17212765,0.21484655
steam,P,word2vec_recipe_20_HYP_HALF,0.3895665,0.47569543,0.47534522,0.5042798,0.50380003,0.5049403
reopen,P,word2vec_recipe_20_HYP_HALF,0.32450464,0.27916583,0.37167165,0.3314635,0.39045414,0.34520075
keen,H,word2vec_recipe_20_HYP_HALF,0.2902422,0.27297997,0.3355119,0.3171535,0.35288104,0.33468285
latter,P,word2vec_recipe_20_HYP_HALF,0.25687283,0.14507496,0.28390956,0.1707277,0.2943722,0.17916797
partner,P,word2vec_recipe_20_HYP_HALF,0.19193354,0.14955306,0.22765656,0.20583832,0.24724172,0.23414207
cast,P,word2vec_recipe_20_HYP_HALF,0.30060446,0.39484006,0.4107278,0.47992247,0.45280924,0.50366414
brilliance,P,word2vec_recipe_20_HYP_HALF,0.12386198,0.1308282,0.14425491,0.14086598,0.15343532,0.1541779
similar,M,word2vec_recipe_20_HYP_HALF,0.37098515,0.47412646,0.43712252,0.43542686,0.46002167,0.43692222
pint,P,word2vec_recipe_20_HYP_HALF,0.25097728,0.26714432,0.35712796,0.39614266,0.4049793,0.44768438
countless,M,word2vec_recipe_20_HYP_HALF,0.15590778,0.1766491,0.17782183,0.17593512,0.18839546,0.18326528
scramble,P,word2vec_recipe_20_HYP_HALF,0.3548159,0.41018745,0.4552905,0.49438468,0.484587,0.4944052
antique,P,word2vec_recipe_20_HYP_HALF,0.21697561,0.20103659,0.24976082,0.23310427,0.26221934,0.24626867
global,P,word2vec_recipe_20_HYP_HALF,0.106005594,0.1237621,0.12621589,0.1517884,0.13596277,0.1661357
shameless,P,word2vec_recipe_20_HYP_HALF,0.18157685,0.16571002,0.20886426,0.19873847,0.21998465,0.21036597
skip,P,word2vec_recipe_20_HYP_HALF,0.308135,0.33871478,0.36978194,0.29536638,0.38853145,0.28864518
generation,P,word2vec_recipe_20_HYP_HALF,0.23008919,0.18024485,0.26237708,0.1925829,0.2754942,0.2068426
treat,P,word2vec_recipe_20_HYP_HALF,0.29167068,0.32441604,0.3352876,0.3330615,0.3516752,0.32219234
gobble,H,word2vec_recipe_20_HYP_HALF,0.30407608,0.27280042,0.35130593,0.27601063,0.370686,0.29022896
mainstream,P,word2vec_recipe_20_HYP_HALF,0.101148054,0.12711336,0.12556225,0.15424938,0.13531418,0.16306086
sane,P,word2vec_recipe_20_HYP_HALF,0.13189009,0.13814043,0.15253778,0.1501436,0.16174087,0.16152498
rug,P,word2vec_recipe_20_HYP_HALF,0.22134753,0.2548357,0.2633473,0.27495548,0.2790804,0.28404436
paint,P,word2vec_recipe_20_HYP_HALF,0.28582275,0.32119465,0.3821878,0.36479065,0.41484475,0.36906338
passionate,P,word2vec_recipe_20_HYP_HALF,0.17185323,0.18453613,0.19628532,0.20973833,0.20779563,0.22089289
push,P,word2vec_recipe_20_HYP_HALF,0.34728694,0.41586027,0.41640693,0.4264623,0.44061527,0.4243393
liar,M,word2vec_recipe_20_HYP_HALF,0.18074231,0.1862667,0.20654494,0.2094717,0.2168016,0.22452822
deadly,P,word2vec_recipe_20_HYP_HALF,0.1850926,0.19486338,0.21646994,0.221646,0.22977524,0.22711812
thorough,P,word2vec_recipe_20_HYP_HALF,0.41187972,0.3841711,0.45491454,0.35189667,0.46943882,0.34369612
fetish,P,word2vec_recipe_20_HYP_HALF,0.17789811,0.17874733,0.20554201,0.21736868,0.21756016,0.22935559
level,P,word2vec_recipe_20_HYP_HALF,0.4306636,0.41606265,0.4992321,0.435135,0.5211744,0.4541483
offer,P,word2vec_recipe_20_HYP_HALF,0.33849278,0.43194878,0.41002998,0.44836015,0.4329632,0.44142285
jerk,H,word2vec_recipe_20_HYP_HALF,0.30710667,0.33216193,0.35497558,0.3049644,0.37280074,0.3135178
accurate,P,word2vec_recipe_20_HYP_HALF,0.26633912,0.26556414,0.32131767,0.2833659,0.34057295,0.28327745
train,P,word2vec_recipe_20_HYP_HALF,0.22025764,0.20623863,0.261459,0.24480349,0.28080812,0.2697779
velocity,P,word2vec_recipe_20_HYP_HALF,0.18838748,0.2040712,0.23027152,0.27910864,0.25242567,0.3060616
bulletin,P,word2vec_recipe_20_HYP_HALF,0.1943592,0.16553478,0.22279786,0.19468959,0.23316677,0.2006871
nibble,P,word2vec_recipe_20_HYP_HALF,0.30804628,0.2468688,0.34328067,0.23790029,0.3579646,0.24907483
bacon,M,word2vec_recipe_20_HYP_HALF,0.3189265,0.40303588,0.40294048,0.46835533,0.43497002,0.47178882
cope,H,word2vec_recipe_20_HYP_HALF,0.13789399,0.12820446,0.15803331,0.14320855,0.16771764,0.15372187
ballet,P,word2vec_recipe_20_HYP_HALF,0.17134848,0.19054481,0.19816901,0.22765926,0.20927826,0.24046904
soak,P,word2vec_recipe_20_HYP_HALF,0.38989598,0.457461,0.47313336,0.46447504,0.50245553,0.46002895
crave,P,word2vec_recipe_20_HYP_HALF,0.17443147,0.15118754,0.19594395,0.15603113,0.2059905,0.1655798
revolution,P,word2vec_recipe_20_HYP_HALF,0.20062208,0.18563396,0.23097202,0.19229718,0.24169704,0.20042288
steady,P,word2vec_recipe_20_HYP_HALF,0.3377133,0.403853,0.46383584,0.517562,0.50991243,0.52277297
perfume,P,word2vec_recipe_20_HYP_HALF,0.27685708,0.27683657,0.33895457,0.34077892,0.36509186,0.35220352
subsequent,M,word2vec_recipe_20_HYP_HALF,0.3338775,0.33190224,0.37993708,0.3363738,0.39748096,0.32090488
subjective,P,word2vec_recipe_20_HYP_HALF,0.15554366,0.15353113,0.18272646,0.17342153,0.1950367,0.1813685
patient,P,word2vec_recipe_20_HYP_HALF,0.26435873,0.18968812,0.29981473,0.21352653,0.315453,0.22475572
barefoot,M,word2vec_recipe_20_HYP_HALF,0.20345178,0.25554782,0.2890889,0.31312048,0.31792364,0.32245624
stale,P,word2vec_recipe_20_HYP_HALF,0.38676032,0.35868767,0.45121917,0.41831124,0.4728388,0.42034057
vortex,P,word2vec_recipe_20_HYP_HALF,0.3839323,0.4639876,0.44706494,0.5036771,0.471324,0.5115827
invade,P,word2vec_recipe_20_HYP_HALF,0.11670051,0.122755185,0.13301082,0.1373691,0.14068364,0.14998528
fry,H,word2vec_recipe_20_HYP_HALF,0.3361021,0.441262,0.44516703,0.51774836,0.478094,0.5108167
fetch,P,word2vec_recipe_20_HYP_HALF,0.29751664,0.24694484,0.3323059,0.23798181,0.3457215,0.24494682
stressful,M,word2vec_recipe_20_HYP_HALF,0.10080898,0.1103003,0.11985512,0.12881692,0.12972547,0.1431317
fabulous,P,word2vec_recipe_20_HYP_HALF,0.17999479,0.2516642,0.2559425,0.3366072,0.28608295,0.3562778
cabin,P,word2vec_recipe_20_HYP_HALF,0.27921376,0.2677161,0.3164225,0.2933432,0.33189502,0.30708766
assistant,P,word2vec_recipe_20_HYP_HALF,0.21856156,0.19392496,0.24934703,0.20863464,0.26167047,0.21898384
fat,P,word2vec_recipe_20_HYP_HALF,0.34406358,0.25687382,0.38239327,0.13471869,0.3976996,0.12249413
contribute,P,word2vec_recipe_20_HYP_HALF,0.21126588,0.20888865,0.25229126,0.23073925,0.26993707,0.25150076
execute,P,word2vec_recipe_20_HYP_HALF,0.18730521,0.19480671,0.21453892,0.21429683,0.22702056,0.22362822
grub,P,word2vec_recipe_20_HYP_HALF,0.17278938,0.18500178,0.20147227,0.21110114,0.21215461,0.22317582
trend,P,word2vec_recipe_20_HYP_HALF,0.09468551,0.10358091,0.1146139,0.13201828,0.122732304,0.14348406
exhaust,P,word2vec_recipe_20_HYP_HALF,0.31007457,0.3072614,0.37581292,0.38338864,0.40199372,0.41108593
jealous,P,word2vec_recipe_20_HYP_HALF,0.12709227,0.12074473,0.14780693,0.1401083,0.15699252,0.14961918
squid,M,word2vec_recipe_20_HYP_HALF,0.24586602,0.33565208,0.35785782,0.4510582,0.39517415,0.47297895
fragile,P,word2vec_recipe_20_HYP_HALF,0.29727715,0.25868344,0.34149274,0.24460115,0.35874698,0.2503612
conclusive,M,word2vec_recipe_20_HYP_HALF,0.1189705,0.0927511,0.1419249,0.13207524,0.15166666,0.1456423
mingle,P,word2vec_recipe_20_HYP_HALF,0.27929574,0.36917806,0.41997078,0.4655335,0.45670518,0.44749394
quickie,M,word2vec_recipe_20_HYP_HALF,0.17148547,0.12550703,0.20585123,0.15960178,0.2226093,0.17416085
clinic,P,word2vec_recipe_20_HYP_HALF,0.124722555,0.12485914,0.14340088,0.15478729,0.15332364,0.16877173
tavern,P,word2vec_recipe_20_HYP_HALF,0.2030774,0.15247697,0.23736033,0.18779649,0.24959052,0.19758348
hefty,P,word2vec_recipe_20_HYP_HALF,0.34165087,0.39109325,0.4276616,0.45901632,0.45895845,0.4533826
aspirin,P,word2vec_recipe_20_HYP_HALF,0.2057204,0.18665314,0.23591006,0.22210234,0.24767978,0.23159917
humor,P,word2vec_recipe_20_HYP_HALF,0.23291734,0.258887,0.32954633,0.33580557,0.36834648,0.33379278
ultimate,P,word2vec_recipe_20_HYP_HALF,0.21805188,0.2554817,0.25446084,0.24464948,0.2718932,0.250518
fruity,P,word2vec_recipe_20_HYP_HALF,0.3029845,0.333704,0.35030487,0.35437235,0.36985543,0.35728204
pardon,P,word2vec_recipe_20_HYP_HALF,0.15611215,0.14879541,0.17746252,0.17913358,0.18621334,0.18946372
consumer,P,word2vec_recipe_20_HYP_HALF,0.17770854,0.14319535,0.20423704,0.17056605,0.21483807,0.1856922
millennium,P,word2vec_recipe_20_HYP_HALF,0.21088243,0.19980384,0.24197192,0.21495761,0.25263464,0.223874
zone,P,word2vec_recipe_20_HYP_HALF,0.31134778,0.30534646,0.38927728,0.3894049,0.4259269,0.42770845
appreciate,P,word2vec_recipe_20_HYP_HALF,0.15443292,0.1270849,0.17505085,0.15358599,0.18411338,0.1599611
walrus,M,word2vec_recipe_20_HYP_HALF,0.17734103,0.17046636,0.19730616,0.18947549,0.20661537,0.19854355
instrument,P,word2vec_recipe_20_HYP_HALF,0.25810486,0.30189598,0.3214377,0.35671675,0.3442082,0.35653716
vial,M,word2vec_recipe_20_HYP_HALF,0.16074792,0.17124224,0.1887458,0.19331743,0.20047493,0.20781404
microwave,P,word2vec_recipe_20_HYP_HALF,0.22810066,0.31156278,0.35558644,0.41164473,0.42694747,0.4791543
mustard,P,word2vec_recipe_20_HYP_HALF,0.24492839,0.28601226,0.32390177,0.36047772,0.35484818,0.37145767
camper,P,word2vec_recipe_20_HYP_HALF,0.12302945,0.11673691,0.14401184,0.15118901,0.1543078,0.1673258
epic,P,word2vec_recipe_20_HYP_HALF,0.17959394,0.18310505,0.20521493,0.20570813,0.2156116,0.21766505
lighthouse,M,word2vec_recipe_20_HYP_HALF,0.17087579,0.18315807,0.19397402,0.19334297,0.20343213,0.19891098
agony,P,word2vec_recipe_20_HYP_HALF,0.090263456,0.10130277,0.1078853,0.12569973,0.11564434,0.13758218
bike,P,word2vec_recipe_20_HYP_HALF,0.124962434,0.12529232,0.14958648,0.15571372,0.16047612,0.16987759
administer,P,word2vec_recipe_20_HYP_HALF,0.17228553,0.16364361,0.19517538,0.17810419,0.20527731,0.18493062
thrust,P,word2vec_recipe_20_HYP_HALF,0.13866809,0.13392736,0.23354985,0.2631046,0.2834244,0.322046
basket,P,word2vec_recipe_20_HYP_HALF,0.39014083,0.42141208,0.4754805,0.49396408,0.5057362,0.51310724
capable,P,word2vec_recipe_20_HYP_HALF,0.27552885,0.18912043,0.30828816,0.22308281,0.3213044,0.22383451
edible,P,word2vec_recipe_20_HYP_HALF,0.2939173,0.28705367,0.34857047,0.32706922,0.36971238,0.3591173
series,P,word2vec_recipe_20_HYP_HALF,0.33358955,0.3292466,0.4119658,0.41875502,0.43918595,0.43193924
frenzy,P,word2vec_recipe_20_HYP_HALF,0.23800722,0.2100655,0.2702239,0.23960143,0.28305614,0.25107187
backpack,P,word2vec_recipe_20_HYP_HALF,0.21785465,0.2236158,0.25251207,0.2513116,0.26664418,0.25757098
fear,P,word2vec_recipe_20_HYP_HALF,0.22664662,0.21295547,0.26086396,0.21930352,0.2732109,0.2196664
gift,P,word2vec_recipe_20_HYP_HALF,0.3024438,0.34025124,0.38363692,0.35271993,0.40833762,0.3545761
frequency,P,word2vec_recipe_20_HYP_HALF,0.30099806,0.34446523,0.35292667,0.3514322,0.373836,0.36014542
caviar,M,word2vec_recipe_20_HYP_HALF,0.33949858,0.38251954,0.4218864,0.4710791,0.45132565,0.47413686
giant,P,word2vec_recipe_20_HYP_HALF,0.34102973,0.32620987,0.38358685,0.37230146,0.399144,0.3680836
timer,P,word2vec_recipe_20_HYP_HALF,0.39071348,0.3488486,0.45724842,0.4459214,0.4856665,0.4640412
hobby,H,word2vec_recipe_20_HYP_HALF,0.13827631,0.16449772,0.17857489,0.20059633,0.19432232,0.20871037
scrape,P,word2vec_recipe_20_HYP_HALF,0.35014057,0.42837134,0.49046424,0.49791932,0.5258085,0.5185337
discretion,P,word2vec_recipe_20_HYP_HALF,0.26114023,0.23379368,0.32630876,0.26575077,0.34883767,0.26905483
location,P,word2vec_recipe_20_HYP_HALF,0.2621832,0.3281862,0.36223477,0.42019698,0.40592957,0.4418676
wolf,P,word2vec_recipe_20_HYP_HALF,0.27586848,0.2260405,0.3094676,0.22892761,0.32286775,0.23974024
shred,P,word2vec_recipe_20_HYP_HALF,0.34240565,0.4202948,0.4536444,0.47346422,0.48714173,0.46332237
solar,P,word2vec_recipe_20_HYP_HALF,0.355826,0.30103707,0.42897964,0.38297102,0.4546724,0.3837191
rabbi,P,word2vec_recipe_20_HYP_HALF,0.105530046,0.110814616,0.1274637,0.14214556,0.13699491,0.1516155
essence,P,word2vec_recipe_20_HYP_HALF,0.39619252,0.43620968,0.44609562,0.42350993,0.46471795,0.43297246
dimension,P,word2vec_recipe_20_HYP_HALF,0.32763308,0.28531206,0.3700947,0.28487524,0.38666135,0.2891478
homecoming,P,word2vec_recipe_20_HYP_HALF,0.13318628,0.12929331,0.15405977,0.1520192,0.16346411,0.16599236
lease,P,word2vec_recipe_20_HYP_HALF,0.25027862,0.24158375,0.3095581,0.27694607,0.34620392,0.32132033
nameless,P,word2vec_recipe_20_HYP_HALF,0.09800452,0.11882143,0.11719295,0.14521217,0.12672609,0.16270378
evident,M,word2vec_recipe_20_HYP_HALF,0.25417125,0.22270784,0.293185,0.23828891,0.3073788,0.24140815
flashlight,M,word2vec_recipe_20_HYP_HALF,0.16425247,0.19164072,0.19602546,0.22278076,0.21003197,0.23912787
diplomat,P,word2vec_recipe_20_HYP_HALF,0.24986663,0.27235878,0.2951806,0.32279733,0.31436178,0.33797172
exact,P,word2vec_recipe_20_HYP_HALF,0.27394393,0.27656212,0.3315812,0.2941753,0.3522983,0.2834339
debate,P,word2vec_recipe_20_HYP_HALF,0.12975542,0.12507692,0.15007475,0.1430158,0.15974922,0.1516822
pump,H,word2vec_recipe_20_HYP_HALF,0.2625899,0.2521718,0.30588877,0.30064836,0.3227189,0.31436062
healthy,P,word2vec_recipe_20_HYP_HALF,0.38371187,0.43699348,0.47345567,0.44522667,0.50023127,0.44301572
flank,P,word2vec_recipe_20_HYP_HALF,0.22425993,0.2842145,0.32930362,0.3411691,0.36750177,0.34266305
therapy,P,word2vec_recipe_20_HYP_HALF,0.166754,0.1658718,0.19196509,0.17516501,0.20218597,0.18713795
crafty,M,word2vec_recipe_20_HYP_HALF,0.16024913,0.13531663,0.18384781,0.1522984,0.1945063,0.16575125
napalm,P,word2vec_recipe_20_HYP_HALF,0.13713811,0.14632885,0.16122402,0.14698362,0.17083646,0.15698873
industrial,P,word2vec_recipe_20_HYP_HALF,0.214253,0.19390815,0.24589178,0.21296252,0.25775883,0.2133809
club,P,word2vec_recipe_20_HYP_HALF,0.32951146,0.26896533,0.4141355,0.31997287,0.44233674,0.32167533
efficiency,P,word2vec_recipe_20_HYP_HALF,0.18502764,0.18575749,0.22631373,0.21881191,0.24092396,0.22372857
racetrack,M,word2vec_recipe_20_HYP_HALF,0.12814744,0.1375385,0.15336746,0.17334533,0.16626999,0.19171785
orb,P,word2vec_recipe_20_HYP_HALF,0.13303119,0.17153019,0.15510656,0.19633825,0.16553913,0.21183972
girlfriend,P,word2vec_recipe_20_HYP_HALF,0.08927893,0.10020492,0.1105406,0.13122974,0.121387556,0.14560269
dispenser,M,word2vec_recipe_20_HYP_HALF,0.30733433,0.29627475,0.35206267,0.3704785,0.37406105,0.39524835
slant,P,word2vec_recipe_20_HYP_HALF,0.27247176,0.2883081,0.33117005,0.28247324,0.35203353,0.29707664
conscience,P,word2vec_recipe_20_HYP_HALF,0.1525824,0.1391843,0.17966217,0.16052729,0.19318362,0.17338519
immature,P,word2vec_recipe_20_HYP_HALF,0.19853202,0.20386566,0.24008702,0.22990356,0.25478202,0.25156647
connect,P,word2vec_recipe_20_HYP_HALF,0.24054725,0.26293275,0.28513202,0.28447527,0.30627233,0.31032452
truck,H,word2vec_recipe_20_HYP_HALF,0.2855038,0.27837744,0.33389926,0.3256955,0.35386655,0.34308466
banana,P,word2vec_recipe_20_HYP_HALF,0.3184603,0.36228207,0.3764594,0.3369729,0.39911285,0.3339246
weep,P,word2vec_recipe_20_HYP_HALF,0.3581455,0.31889927,0.4074707,0.28623173,0.4239973,0.29297617
goal,P,word2vec_recipe_20_HYP_HALF,0.35149682,0.31538045,0.3951533,0.29777378,0.4085865,0.2836295
purpose,P,word2vec_recipe_20_HYP_HALF,0.39783794,0.40526366,0.46696323,0.44207567,0.4888488,0.4293161
nation,P,word2vec_recipe_20_HYP_HALF,0.113881625,0.12039594,0.13616735,0.14636564,0.14556517,0.15935807
proper,P,word2vec_recipe_20_HYP_HALF,0.3335814,0.39528844,0.3867025,0.38792276,0.40676194,0.3720889
noon,M,word2vec_recipe_20_HYP_HALF,0.27801442,0.31920692,0.33930913,0.35555318,0.36532676,0.35927632
calculate,P,word2vec_recipe_20_HYP_HALF,0.32646817,0.34233353,0.3745192,0.38168272,0.39534652,0.3926954
salmon,P,word2vec_recipe_20_HYP_HALF,0.2178638,0.2500252,0.34272462,0.36696804,0.39255834,0.39147016
overhead,P,word2vec_recipe_20_HYP_HALF,0.2316207,0.27239296,0.27967656,0.3123167,0.2974411,0.31396013
mighty,P,word2vec_recipe_20_HYP_HALF,0.23628871,0.23438948,0.2783096,0.2798957,0.29590932,0.29191798
galaxy,P,word2vec_recipe_20_HYP_HALF,0.21966319,0.20738786,0.25378892,0.24047504,0.26915893,0.24983893
mirror,P,word2vec_recipe_20_HYP_HALF,0.2602883,0.23921749,0.29645532,0.26938304,0.31118846,0.2822606
crowd,P,word2vec_recipe_20_HYP_HALF,0.38289708,0.40277305,0.48164055,0.43683785,0.507563,0.4308109
bullet,P,word2vec_recipe_20_HYP_HALF,0.28636536,0.2753872,0.35903224,0.35928756,0.3936235,0.42522192
fishy,P,word2vec_recipe_20_HYP_HALF,0.2555838,0.26425362,0.29830056,0.27684906,0.31634456,0.2849417
strike,P,word2vec_recipe_20_HYP_HALF,0.29156455,0.32126588,0.34498823,0.34984732,0.3638546,0.34945843
maternal,P,word2vec_recipe_20_HYP_HALF,0.07229696,0.09150256,0.093029216,0.12297576,0.10407406,0.14096348
havoc,P,word2vec_recipe_20_HYP_HALF,0.10887003,0.123510495,0.13026863,0.14736186,0.13926366,0.15953472
farce,P,word2vec_recipe_20_HYP_HALF,0.29747194,0.29606578,0.3406571,0.3461478,0.35553637,0.34463647
puck,M,word2vec_recipe_20_HYP_HALF,0.30412078,0.3443974,0.36525914,0.35981122,0.3840805,0.36407882
indulge,P,word2vec_recipe_20_HYP_HALF,0.27475932,0.24207653,0.31207353,0.25699878,0.32754558,0.2601831
lure,P,word2vec_recipe_20_HYP_HALF,0.16466428,0.19759169,0.18948185,0.22419073,0.20052795,0.23682576
jet,H,word2vec_recipe_20_HYP_HALF,0.32675686,0.30012167,0.37314492,0.3348904,0.39018,0.34342366
buckshot,M,word2vec_recipe_20_HYP_HALF,0.1834698,0.17687185,0.21239628,0.21300918,0.22403973,0.22936194
efficient,P,word2vec_recipe_20_HYP_HALF,0.24867196,0.21894653,0.2804865,0.21437539,0.2933504,0.21375576
surround,P,word2vec_recipe_20_HYP_HALF,0.35131064,0.44355893,0.44207397,0.50293404,0.47563824,0.5020435
rocker,P,word2vec_recipe_20_HYP_HALF,0.27805346,0.31737447,0.33670443,0.39737698,0.3612815,0.40320396
topic,P,word2vec_recipe_20_HYP_HALF,0.14048386,0.14625174,0.16439092,0.16159628,0.1745184,0.1738218
compulsive,P,word2vec_recipe_20_HYP_HALF,0.0705569,0.085921995,0.08982663,0.11732376,0.10047874,0.13227925
sunshine,P,word2vec_recipe_20_HYP_HALF,0.30301675,0.24085803,0.33683318,0.30404776,0.35142672,0.2936428
subtle,P,word2vec_recipe_20_HYP_HALF,0.19411322,0.23123199,0.25851205,0.29133704,0.2924956,0.30984908
warmed,P,word2vec_recipe_20_HYP_HALF,0.39119875,0.35613328,0.45803612,0.37758893,0.47908133,0.3801329
geometry,P,word2vec_recipe_20_HYP_HALF,0.11650725,0.14951745,0.14077951,0.17234631,0.15116772,0.18443356
excessive,M,word2vec_recipe_20_HYP_HALF,0.39193323,0.38739556,0.4618043,0.4273834,0.48975104,0.4478924
dine,P,word2vec_recipe_20_HYP_HALF,0.18362729,0.13811727,0.20714955,0.15870444,0.21733692,0.16950798
stagecoach,M,word2vec_recipe_20_HYP_HALF,0.108051464,0.13253677,0.12568729,0.15553142,0.13368356,0.16693643
antenna,P,word2vec_recipe_20_HYP_HALF,0.20878065,0.18241775,0.2545635,0.23715855,0.27736935,0.27187708
elderly,M,word2vec_recipe_20_HYP_HALF,0.14744851,0.15829137,0.1835158,0.16233075,0.19590208,0.17244676
talent,P,word2vec_recipe_20_HYP_HALF,0.07662948,0.101138346,0.09358318,0.12281998,0.10279686,0.13792421
tooth,P,word2vec_recipe_20_HYP_HALF,0.39676985,0.45671216,0.4970406,0.5041297,0.5296218,0.5347053
mute,P,word2vec_recipe_20_HYP_HALF,0.15413228,0.17325912,0.18543798,0.20403145,0.19924158,0.21145856
prosperity,M,word2vec_recipe_20_HYP_HALF,0.14660552,0.1671018,0.17346717,0.19712004,0.18460964,0.2077875
chowder,M,word2vec_recipe_20_HYP_HALF,0.3045248,0.35747123,0.39945066,0.37474886,0.42925513,0.37711474
tote,P,word2vec_recipe_20_HYP_HALF,0.29424804,0.34274524,0.33664522,0.3801412,0.35968167,0.39701214
starve,P,word2vec_recipe_20_HYP_HALF,0.16339724,0.15872456,0.1858615,0.17765237,0.19628075,0.18754143
moth,P,word2vec_recipe_20_HYP_HALF,0.16750701,0.18429089,0.19749574,0.20334893,0.20758988,0.20640889
mug,P,word2vec_recipe_20_HYP_HALF,0.30756038,0.3817955,0.38147563,0.4202783,0.41250205,0.43304828
panel,P,word2vec_recipe_20_HYP_HALF,0.26028723,0.23376781,0.29774797,0.2597912,0.31536672,0.28611076
tender,H,word2vec_recipe_20_HYP_HALF,0.28308922,0.31971896,0.38433635,0.36393696,0.4190806,0.36299032
robe,P,word2vec_recipe_20_HYP_HALF,0.19805709,0.22755663,0.23236234,0.2625598,0.24811393,0.28973502
expand,P,word2vec_recipe_20_HYP_HALF,0.3706518,0.4275385,0.43887085,0.39604127,0.46133843,0.36962965
flame,P,word2vec_recipe_20_HYP_HALF,0.3233447,0.39148957,0.41337043,0.454483,0.44382766,0.46810082
positive,P,word2vec_recipe_20_HYP_HALF,0.13370095,0.1261134,0.15407427,0.1441255,0.16428268,0.15348853
hungry,P,word2vec_recipe_20_HYP_HALF,0.2980245,0.29092583,0.3579908,0.30883583,0.3776019,0.3004089
imperative,P,word2vec_recipe_20_HYP_HALF,0.2090859,0.15843028,0.23989977,0.18360133,0.2535693,0.19217725
bank,H,word2vec_recipe_20_HYP_HALF,0.2964621,0.2836735,0.36372966,0.36338502,0.40571687,0.41068897
bark,H,word2vec_recipe_20_HYP_HALF,0.31531987,0.35028496,0.38779962,0.41354904,0.41805,0.4218428
harvest,P,word2vec_recipe_20_HYP_HALF,0.28390035,0.29921752,0.327952,0.29550546,0.34358197,0.28555533
powder,P,word2vec_recipe_20_HYP_HALF,0.25067726,0.25158605,0.3407545,0.334945,0.37452945,0.3579152
spur,P,word2vec_recipe_20_HYP_HALF,0.18202533,0.18598808,0.21514818,0.22800207,0.22957286,0.248819
sensation,P,word2vec_recipe_20_HYP_HALF,0.35338494,0.32169724,0.40862215,0.36568817,0.4297188,0.37690714
brandy,P,word2vec_recipe_20_HYP_HALF,0.195625,0.27746832,0.30436993,0.35921857,0.34483573,0.37504986
simmer,P,word2vec_recipe_20_HYP_HALF,0.29430532,0.28683147,0.37375107,0.3191864,0.40366408,0.34714293
compensate,P,word2vec_recipe_20_HYP_HALF,0.34291625,0.33452603,0.39549816,0.34868485,0.41456452,0.35315663
stinky,M,word2vec_recipe_20_HYP_HALF,0.1910646,0.17232758,0.2247576,0.19151095,0.23801476,0.20401499
grunt,P,word2vec_recipe_20_HYP_HALF,0.24493742,0.20975871,0.2896777,0.25846803,0.31005964,0.26646653
flush,H,word2vec_recipe_20_HYP_HALF,0.3685243,0.37671998,0.42600894,0.40776312,0.44728374,0.41462377
pulp,P,word2vec_recipe_20_HYP_HALF,0.33515534,0.4028479,0.42622876,0.4877753,0.46065968,0.51535803
welfare,P,word2vec_recipe_20_HYP_HALF,0.25570995,0.2426301,0.28433946,0.26759756,0.29621184,0.27294615
slumber,P,word2vec_recipe_20_HYP_HALF,0.16625875,0.19634487,0.20672362,0.23529209,0.22281437,0.24794577
pedestal,P,word2vec_recipe_20_HYP_HALF,0.35155648,0.3629243,0.4012872,0.40430632,0.42483857,0.41219413
stylish,M,word2vec_recipe_20_HYP_HALF,0.21119562,0.20597439,0.24511567,0.22892737,0.25835532,0.24091616
pity,P,word2vec_recipe_20_HYP_HALF,0.09646566,0.096059665,0.113048516,0.12546085,0.12168889,0.13684423
skilled,P,word2vec_recipe_20_HYP_HALF,0.27084297,0.2905891,0.36972982,0.39455318,0.41009027,0.4264521
fulfill,P,word2vec_recipe_20_HYP_HALF,0.13352057,0.12302501,0.15639038,0.1553894,0.16660818,0.16724905
skid,P,word2vec_recipe_20_HYP_HALF,0.2348514,0.250191,0.26937816,0.27909142,0.28208312,0.30668232
crocodile,P,word2vec_recipe_20_HYP_HALF,0.27822703,0.30012533,0.32307774,0.34355813,0.3398865,0.35856396
tenth,P,word2vec_recipe_20_HYP_HALF,0.2313072,0.28873092,0.34006676,0.36835423,0.37352103,0.36720714
ingredient,P,word2vec_recipe_20_HYP_HALF,0.38035697,0.4059593,0.42517564,0.35774043,0.4436924,0.34450024
toot,P,word2vec_recipe_20_HYP_HALF,0.15955047,0.16592678,0.18364744,0.1860622,0.19375126,0.19431132
torpedo,P,word2vec_recipe_20_HYP_HALF,0.24788587,0.2944304,0.30006978,0.3006712,0.32563028,0.31992227
draw,P,word2vec_recipe_20_HYP_HALF,0.32388908,0.28104225,0.37957284,0.29457936,0.40037522,0.31693277
drill,H,word2vec_recipe_20_HYP_HALF,0.2998245,0.272233,0.34140685,0.28878134,0.3575108,0.30255246
elegance,P,word2vec_recipe_20_HYP_HALF,0.26642078,0.25699177,0.31136787,0.2802066,0.32575005,0.28672013
rule,P,word2vec_recipe_20_HYP_HALF,0.34592062,0.2730066,0.38514718,0.27768683,0.3999058,0.2927958
tornado,M,word2vec_recipe_20_HYP_HALF,0.22026463,0.20511793,0.2507726,0.22400154,0.26250947,0.23228489
premium,P,word2vec_recipe_20_HYP_HALF,0.33330354,0.30019063,0.38361263,0.36240405,0.4013162,0.38229492
mellow,P,word2vec_recipe_20_HYP_HALF,0.29943234,0.35744163,0.3836792,0.36724833,0.41470978,0.36969453
watering,P,word2vec_recipe_20_HYP_HALF,0.26757833,0.24792522,0.30447966,0.27241832,0.3187333,0.27964234
scratch,P,word2vec_recipe_20_HYP_HALF,0.34594944,0.34638512,0.39262497,0.35109013,0.4083089,0.33885184
slow,P,word2vec_recipe_20_HYP_HALF,0.3038303,0.30644313,0.42870736,0.44977358,0.47550294,0.45976132
custom,P,word2vec_recipe_20_HYP_HALF,0.2044084,0.15841022,0.22955382,0.1705666,0.24014169,0.18149306
beach,P,word2vec_recipe_20_HYP_HALF,0.32230896,0.27682412,0.35963425,0.29358512,0.37402412,0.30254647
pesky,M,word2vec_recipe_20_HYP_HALF,0.20076236,0.2132326,0.23079292,0.22905205,0.24498162,0.2409998
kosher,P,word2vec_recipe_20_HYP_HALF,0.2678725,0.28996548,0.33112386,0.3365249,0.3627227,0.35158592
lemon,P,word2vec_recipe_20_HYP_HALF,0.26195142,0.30606136,0.33916435,0.3699393,0.37104672,0.38511196
backward,P,word2vec_recipe_20_HYP_HALF,0.21743567,0.2674035,0.26525554,0.2899319,0.2872759,0.3068017
redundant,P,word2vec_recipe_20_HYP_HALF,0.106263876,0.10447033,0.1255917,0.12720466,0.13433653,0.13768537
groundhog,M,word2vec_recipe_20_HYP_HALF,0.23936126,0.1884324,0.27069035,0.20533687,0.28248218,0.21138516
brow,P,word2vec_recipe_20_HYP_HALF,0.3448801,0.3999353,0.41006705,0.41631836,0.4362519,0.43370205
flag,H,word2vec_recipe_20_HYP_HALF,0.37567213,0.31765172,0.42747426,0.3591506,0.44781396,0.37068623
studio,P,word2vec_recipe_20_HYP_HALF,0.10488887,0.11395968,0.124412425,0.14707844,0.13370828,0.16171947
wet,P,word2vec_recipe_20_HYP_HALF,0.34279364,0.38267955,0.4166829,0.38869599,0.4445411,0.4163755
lung,M,word2vec_recipe_20_HYP_HALF,0.18592548,0.2017614,0.22902781,0.24188225,0.24540693,0.26016563
surface,P,word2vec_recipe_20_HYP_HALF,0.27183366,0.22173652,0.35536614,0.27748778,0.3932983,0.29026634
arrive,P,word2vec_recipe_20_HYP_HALF,0.3380015,0.2815353,0.4006391,0.29604608,0.4196814,0.29495427
skinny,P,word2vec_recipe_20_HYP_HALF,0.34686807,0.39269352,0.40046048,0.388178,0.4193341,0.3931542
tasty,M,word2vec_recipe_20_HYP_HALF,0.33035153,0.3866046,0.40894878,0.40525967,0.43744227,0.4049798
remind,P,word2vec_recipe_20_HYP_HALF,0.19698611,0.15277159,0.22601952,0.16359344,0.23990496,0.17066367
drool,P,word2vec_recipe_20_HYP_HALF,0.2001563,0.14384018,0.23371385,0.18493377,0.24928112,0.19415866
swoop,P,word2vec_recipe_20_HYP_HALF,0.20098309,0.20813389,0.23291875,0.2582548,0.24868187,0.27079546
gas,P,word2vec_recipe_20_HYP_HALF,0.33787242,0.37383896,0.40334263,0.42510802,0.43707818,0.46752518
ankle,M,word2vec_recipe_20_HYP_HALF,0.12939365,0.16948079,0.19584149,0.26371342,0.22356027,0.29115647
scheme,P,word2vec_recipe_20_HYP_HALF,0.19479415,0.20604312,0.22951527,0.22542582,0.24335073,0.23197827
accomplish,P,word2vec_recipe_20_HYP_HALF,0.2593727,0.17601927,0.29289106,0.21728012,0.3053691,0.21412571
adapt,P,word2vec_recipe_20_HYP_HALF,0.22699833,0.22744392,0.27017048,0.24379966,0.2876425,0.24264526
massive,P,word2vec_recipe_20_HYP_HALF,0.22355175,0.14626004,0.24608321,0.15221928,0.25658044,0.16355285
proposal,P,word2vec_recipe_20_HYP_HALF,0.123480536,0.15110451,0.14626615,0.18099408,0.1564252,0.1984021
count,H,word2vec_recipe_20_HYP_HALF,0.38116053,0.34160754,0.432424,0.37039572,0.45064464,0.36055592
minus,P,word2vec_recipe_20_HYP_HALF,0.3752287,0.48387468,0.45143577,0.48140126,0.47368053,0.48074058
champagne,P,word2vec_recipe_20_HYP_HALF,0.212787,0.24825361,0.29131657,0.2932655,0.3214856,0.31771833
bath,P,word2vec_recipe_20_HYP_HALF,0.31648737,0.37259308,0.41707683,0.4574292,0.45664898,0.47636342
glitter,P,word2vec_recipe_20_HYP_HALF,0.22358227,0.2713513,0.31024945,0.3299081,0.34362906,0.34694722
soup,P,word2vec_recipe_20_HYP_HALF,0.31973776,0.4198967,0.38269508,0.40065938,0.40823936,0.39697358
portable,P,word2vec_recipe_20_HYP_HALF,0.42942184,0.42752224,0.4883656,0.49407485,0.5123969,0.5149237
skull,P,word2vec_recipe_20_HYP_HALF,0.22325006,0.18918025,0.26061553,0.24749595,0.2819613,0.26990062
garment,P,word2vec_recipe_20_HYP_HALF,0.21376708,0.24701397,0.2540943,0.29254973,0.26968494,0.30049184
unorthodox,M,word2vec_recipe_20_HYP_HALF,0.13494368,0.12829559,0.15911213,0.14308618,0.1703761,0.15770137
yacht,P,word2vec_recipe_20_HYP_HALF,0.16432062,0.17476824,0.19021028,0.20041025,0.20091473,0.20733929
jog,H,word2vec_recipe_20_HYP_HALF,0.20830683,0.21174873,0.23871785,0.22985913,0.25124425,0.23324746
inspire,P,word2vec_recipe_20_HYP_HALF,0.1164939,0.12233837,0.14159669,0.15182365,0.15267901,0.16672482
chin,P,word2vec_recipe_20_HYP_HALF,0.24845776,0.2470393,0.29070988,0.27057874,0.30949378,0.2978657
casserole,P,word2vec_recipe_20_HYP_HALF,0.2920216,0.32693207,0.3575156,0.2970843,0.3826832,0.3288752
nervous,P,word2vec_recipe_20_HYP_HALF,0.19172342,0.15064734,0.22537382,0.15523629,0.239964,0.16716202
clamp,P,word2vec_recipe_20_HYP_HALF,0.34927434,0.33951655,0.41150066,0.4050927,0.43606088,0.4319498
relative,P,word2vec_recipe_20_HYP_HALF,0.23705602,0.17378536,0.2664501,0.1899685,0.2784723,0.20007958
batch,P,word2vec_recipe_20_HYP_HALF,0.40718198,0.34994653,0.45890823,0.37528747,0.4781655,0.37480792
loyalty,P,word2vec_recipe_20_HYP_HALF,0.2649055,0.25770912,0.39051616,0.347451,0.42719707,0.34492856
brittle,P,word2vec_recipe_20_HYP_HALF,0.35414863,0.422551,0.4393018,0.45275635,0.46885708,0.4576183
junkie,P,word2vec_recipe_20_HYP_HALF,0.1308341,0.14219196,0.15580809,0.17352745,0.16732974,0.18628831
click,P,word2vec_recipe_20_HYP_HALF,0.26396972,0.27156284,0.33048877,0.29562026,0.35742742,0.31756446
population,P,word2vec_recipe_20_HYP_HALF,0.116701744,0.11872744,0.1389929,0.14894031,0.148981,0.16395679
outline,P,word2vec_recipe_20_HYP_HALF,0.20210722,0.18419547,0.2469034,0.25013685,0.27237117,0.28348
dud,P,word2vec_recipe_20_HYP_HALF,0.26931185,0.2620693,0.31106246,0.3026301,0.32733354,0.32430106
peep,H,word2vec_recipe_20_HYP_HALF,0.2690585,0.253146,0.3215709,0.30561334,0.34574157,0.33301693
task,P,word2vec_recipe_20_HYP_HALF,0.27022666,0.263394,0.3235521,0.23301765,0.34038582,0.23694648
coconut,P,word2vec_recipe_20_HYP_HALF,0.30395767,0.3722323,0.3759753,0.41604614,0.4010383,0.4201273
guardian,P,word2vec_recipe_20_HYP_HALF,0.13197704,0.14054754,0.1546946,0.16583964,0.16382447,0.17765006
runner,P,word2vec_recipe_20_HYP_HALF,0.3150093,0.21590397,0.36679444,0.30751932,0.38745415,0.32663503
moody,P,word2vec_recipe_20_HYP_HALF,0.12403099,0.12960692,0.14324483,0.156547,0.1515801,0.16474152
diver,P,word2vec_recipe_20_HYP_HALF,0.16048034,0.17881715,0.20689747,0.2207012,0.22744758,0.2493799
constant,P,word2vec_recipe_20_HYP_HALF,0.3566664,0.43874565,0.43205836,0.4865935,0.4593765,0.47347242
cowgirl,P,word2vec_recipe_20_HYP_HALF,0.18314496,0.17163537,0.2098321,0.19678155,0.22040771,0.20071323
concern,P,word2vec_recipe_20_HYP_HALF,0.19733568,0.17895834,0.2277018,0.19217668,0.2418693,0.19946826
remove,P,word2vec_recipe_20_HYP_HALF,0.34317523,0.36174873,0.43293205,0.3682829,0.46261036,0.3715061
cram,P,word2vec_recipe_20_HYP_HALF,0.38117436,0.33469185,0.441918,0.40381947,0.4652166,0.41469786
disclosure,P,word2vec_recipe_20_HYP_HALF,0.1665181,0.13762984,0.19577526,0.14482877,0.20803057,0.15861729
prominent,P,word2vec_recipe_20_HYP_HALF,0.16642657,0.18257439,0.20619494,0.23268276,0.22382034,0.25029045
shift,P,word2vec_recipe_20_HYP_HALF,0.41605026,0.41923997,0.48218465,0.42930317,0.50218284,0.43028423
pinch,P,word2vec_recipe_20_HYP_HALF,0.40314394,0.4090364,0.47863072,0.4593249,0.50395477,0.47650713
adorable,P,word2vec_recipe_20_HYP_HALF,0.17895786,0.19716823,0.219231,0.250667,0.23651503,0.25513855
zebra,M,word2vec_recipe_20_HYP_HALF,0.25154036,0.24915959,0.30009243,0.30125192,0.32025558,0.32151207
tasteful,P,word2vec_recipe_20_HYP_HALF,0.18574223,0.21028107,0.21441424,0.22838448,0.22878158,0.24030268
stash,P,word2vec_recipe_20_HYP_HALF,0.29911312,0.25893033,0.3512602,0.3268503,0.37373084,0.36137432
bout,P,word2vec_recipe_20_HYP_HALF,0.36069238,0.32473,0.4635414,0.4614435,0.49382672,0.4796424
rage,P,word2vec_recipe_20_HYP_HALF,0.17438385,0.14530912,0.19820157,0.17006385,0.2084834,0.17828152
crisp,P,word2vec_recipe_20_HYP_HALF,0.33875546,0.43224594,0.45793316,0.51142514,0.493564,0.50673985
grow,P,word2vec_recipe_20_HYP_HALF,0.3251491,0.32212064,0.3693096,0.29545492,0.38397732,0.28256378
lair,P,word2vec_recipe_20_HYP_HALF,0.18944791,0.23322174,0.21730109,0.27180737,0.22958164,0.28930506
smudge,P,word2vec_recipe_20_HYP_HALF,0.2237606,0.20414382,0.2575387,0.23285735,0.27063137,0.24863416
virtue,P,word2vec_recipe_20_HYP_HALF,0.28733048,0.24894027,0.32652128,0.25209188,0.34279928,0.2726136
minimize,P,word2vec_recipe_20_HYP_HALF,0.30802596,0.3289995,0.37112945,0.38276032,0.3994339,0.36665982
tremble,P,word2vec_recipe_20_HYP_HALF,0.20917276,0.23429607,0.31344947,0.3304789,0.34793532,0.32652035
numerous,P,word2vec_recipe_20_HYP_HALF,0.3009921,0.3221664,0.3501893,0.30800068,0.36575586,0.29616615
spoil,P,word2vec_recipe_20_HYP_HALF,0.2504113,0.23331314,0.2946118,0.25035647,0.31161627,0.2498805
strand,H,word2vec_recipe_20_HYP_HALF,0.3490221,0.32942626,0.42714325,0.4142703,0.4565271,0.41832355
shabby,P,word2vec_recipe_20_HYP_HALF,0.14064443,0.115886614,0.16339207,0.14852865,0.17538849,0.1626916
notion,P,word2vec_recipe_20_HYP_HALF,0.09065628,0.0948077,0.107572645,0.1191374,0.115846574,0.13076313
shady,P,word2vec_recipe_20_HYP_HALF,0.23126332,0.26051918,0.28330958,0.2988533,0.30134332,0.2988814
porcelain,P,word2vec_recipe_20_HYP_HALF,0.28866726,0.37404382,0.37107408,0.4537872,0.40835962,0.4860022
leak,P,word2vec_recipe_20_HYP_HALF,0.32291785,0.4028107,0.41158545,0.36851647,0.43594682,0.35398993
untouched,P,word2vec_recipe_20_HYP_HALF,0.3819826,0.32673547,0.43198127,0.3378824,0.449599,0.34589615
cluck,P,word2vec_recipe_20_HYP_HALF,0.14303952,0.15647739,0.16845621,0.17401336,0.17827706,0.18479994
badge,P,word2vec_recipe_20_HYP_HALF,0.13912812,0.17650169,0.16353649,0.21666302,0.17484705,0.23512663
rag,H,word2vec_recipe_20_HYP_HALF,0.3610013,0.45850417,0.42669156,0.48251152,0.45196924,0.46082652
agency,P,word2vec_recipe_20_HYP_HALF,0.11656077,0.13844164,0.13960531,0.16072842,0.14943704,0.17362192
kicker,P,word2vec_recipe_20_HYP_HALF,0.18981957,0.22450234,0.22454342,0.24840716,0.23740031,0.2597206
impossible,P,word2vec_recipe_20_HYP_HALF,0.36948383,0.33977947,0.43727955,0.35125035,0.45766017,0.3517023
splinter,P,word2vec_recipe_20_HYP_HALF,0.20700088,0.21499245,0.24073453,0.22101003,0.25479725,0.22682457
submission,P,word2vec_recipe_20_HYP_HALF,0.1886722,0.1370453,0.21635017,0.16882567,0.22813676,0.18149003
brighten,P,word2vec_recipe_20_HYP_HALF,0.30637762,0.3346145,0.37791604,0.34966683,0.4051093,0.36873588
character,P,word2vec_recipe_20_HYP_HALF,0.25287065,0.29850042,0.29772472,0.2940443,0.31578827,0.30901536
brink,P,word2vec_recipe_20_HYP_HALF,0.19568977,0.20170349,0.25140753,0.27429152,0.2797708,0.30784684
conscious,P,word2vec_recipe_20_HYP_HALF,0.21161108,0.20032787,0.24989612,0.2201023,0.2631675,0.22680771
cello,M,word2vec_recipe_20_HYP_HALF,0.21088639,0.22802953,0.26233464,0.31469736,0.28898993,0.356472
hydrogen,M,word2vec_recipe_20_HYP_HALF,0.20075592,0.21495238,0.26787642,0.27776405,0.2914117,0.2974194
device,P,word2vec_recipe_20_HYP_HALF,0.33544675,0.36145908,0.39860427,0.41739106,0.4229792,0.42771932
seed,P,word2vec_recipe_20_HYP_HALF,0.33291912,0.31576306,0.4267103,0.39619604,0.45639732,0.41180888
feature,P,word2vec_recipe_20_HYP_HALF,0.26085013,0.24651949,0.30883458,0.25745207,0.3262055,0.24837321
infrared,P,word2vec_recipe_20_HYP_HALF,0.1977478,0.22642958,0.2638925,0.32029718,0.28588182,0.35090727
hammock,M,word2vec_recipe_20_HYP_HALF,0.1782496,0.23164259,0.21129139,0.2683232,0.22657381,0.276098
boom,H,word2vec_recipe_20_HYP_HALF,0.2794968,0.24425441,0.31977874,0.25792778,0.3346169,0.27356514
dispense,P,word2vec_recipe_20_HYP_HALF,0.3208688,0.3034921,0.3702849,0.35961434,0.39311698,0.38209507
sever,P,word2vec_recipe_20_HYP_HALF,0.29266807,0.227649,0.35807192,0.29461494,0.38972428,0.3438519
tier,H,word2vec_recipe_20_HYP_HALF,0.31292313,0.30757895,0.38616523,0.35259625,0.4115306,0.3711184
tall,P,word2vec_recipe_20_HYP_HALF,0.25264338,0.22913213,0.32309482,0.3311852,0.3538536,0.33688998
scrap,H,word2vec_recipe_20_HYP_HALF,0.3457687,0.41225684,0.45213482,0.45816982,0.48367077,0.45282495
outer,M,word2vec_recipe_20_HYP_HALF,0.30504176,0.3047183,0.37811142,0.3727394,0.41084382,0.40026736
journal,P,word2vec_recipe_20_HYP_HALF,0.1399047,0.13548955,0.17006436,0.15495087,0.18404537,0.17366001
humble,P,word2vec_recipe_20_HYP_HALF,0.18785027,0.19271353,0.220038,0.19515981,0.23353867,0.2043313
collective,P,word2vec_recipe_20_HYP_HALF,0.0934538,0.10224286,0.11564666,0.13546993,0.12491896,0.15005061
cater,P,word2vec_recipe_20_HYP_HALF,0.15761313,0.15877299,0.18541288,0.17883176,0.19812545,0.18559903
lemonade,M,word2vec_recipe_20_HYP_HALF,0.23771688,0.28142977,0.29842788,0.31511888,0.32651803,0.3269435
pathetic,P,word2vec_recipe_20_HYP_HALF,0.099175654,0.10054471,0.11540406,0.122397825,0.1249073,0.13772288
mixture,P,word2vec_recipe_20_HYP_HALF,0.28355414,0.31403372,0.38549092,0.33218828,0.41351882,0.34261176
jumbo,P,word2vec_recipe_20_HYP_HALF,0.40306744,0.4502404,0.48279893,0.50492233,0.51127183,0.51352453
mattress,P,word2vec_recipe_20_HYP_HALF,0.128972,0.13100858,0.15010141,0.14737293,0.15958788,0.16093376
sway,P,word2vec_recipe_20_HYP_HALF,0.16776785,0.17706467,0.1909047,0.1869549,0.19972835,0.19072142
adjust,P,word2vec_recipe_20_HYP_HALF,0.32606348,0.39342117,0.43184993,0.40920502,0.46719772,0.41165996
hippo,M,word2vec_recipe_20_HYP_HALF,0.2077235,0.1977857,0.23574518,0.20702742,0.24575844,0.21421358
pharmacy,P,word2vec_recipe_20_HYP_HALF,0.11678322,0.11819485,0.13866124,0.14873926,0.14891753,0.16072024
guilt,P,word2vec_recipe_20_HYP_HALF,0.29656398,0.3100045,0.344009,0.34119242,0.36047333,0.3442518
yellow,P,word2vec_recipe_20_HYP_HALF,0.3925273,0.45082313,0.47636098,0.5232533,0.5032149,0.5174047
stretch,P,word2vec_recipe_20_HYP_HALF,0.28290412,0.3715894,0.3506658,0.37057158,0.3738958,0.3762606
untie,P,word2vec_recipe_20_HYP_HALF,0.35806534,0.36166182,0.428794,0.41864273,0.45588806,0.43141085
invention,P,word2vec_recipe_20_HYP_HALF,0.13259897,0.115740776,0.16015658,0.14250514,0.17284347,0.15619949
sailboat,M,word2vec_recipe_20_HYP_HALF,0.21874265,0.23863254,0.2495883,0.26879835,0.26347774,0.2748839
degree,P,word2vec_recipe_20_HYP_HALF,0.35116643,0.33280605,0.42687917,0.33909106,0.45364606,0.34742343
strange,P,word2vec_recipe_20_HYP_HALF,0.20566829,0.1959108,0.2479067,0.21867217,0.26310897,0.22525732
corruption,P,word2vec_recipe_20_HYP_HALF,0.1394056,0.12851477,0.16205102,0.15814224,0.17258134,0.17570442
nutty,P,word2vec_recipe_20_HYP_HALF,0.3487888,0.42740518,0.419442,0.487975,0.4500755,0.5069791
evil,P,word2vec_recipe_20_HYP_HALF,0.20373051,0.20789589,0.233038,0.23823673,0.24542463,0.24015892
grid,P,word2vec_recipe_20_HYP_HALF,0.39060405,0.43947288,0.45080006,0.46295723,0.46951282,0.45141825
probable,P,word2vec_recipe_20_HYP_HALF,0.0785601,0.08666125,0.09906789,0.121455066,0.107387856,0.13609254
lucid,P,word2vec_recipe_20_HYP_HALF,0.2513836,0.2433402,0.28635612,0.29946616,0.3011954,0.31669024
cheeky,M,word2vec_recipe_20_HYP_HALF,0.17814064,0.17190373,0.20482138,0.20336601,0.21540926,0.2122961
smart,P,word2vec_recipe_20_HYP_HALF,0.40235442,0.34999767,0.44563672,0.32795358,0.4607876,0.32364634
despicable,M,word2vec_recipe_20_HYP_HALF,0.1533279,0.14591788,0.1732115,0.16591652,0.18245254,0.1763823
olden,M,word2vec_recipe_20_HYP_HALF,0.20612216,0.14344953,0.23062554,0.16488005,0.24127346,0.17182364
suffice,P,word2vec_recipe_20_HYP_HALF,0.30733055,0.20446312,0.3411164,0.20026697,0.3535569,0.20431712
drug,P,word2vec_recipe_20_HYP_HALF,0.18288125,0.18170059,0.22473656,0.21456695,0.24151501,0.22841857
personnel,P,word2vec_recipe_20_HYP_HALF,0.11932971,0.1348337,0.14231834,0.1474525,0.15249363,0.15727738
scientist,M,word2vec_recipe_20_HYP_HALF,0.15502949,0.17589684,0.18411787,0.188681,0.19564186,0.20729642
triple,P,word2vec_recipe_20_HYP_HALF,0.3762749,0.28891078,0.42691317,0.28129867,0.44703513,0.29527923
toll,H,word2vec_recipe_20_HYP_HALF,0.30031884,0.2452342,0.3624342,0.2769876,0.38390967,0.27249986
soil,H,word2vec_recipe_20_HYP_HALF,0.28080985,0.33343926,0.34516343,0.3515732,0.37651333,0.38463926
finesse,P,word2vec_recipe_20_HYP_HALF,0.10475471,0.1088545,0.122072704,0.12539332,0.13095258,0.13932244
near,P,word2vec_recipe_20_HYP_HALF,0.36640227,0.25463188,0.4408715,0.36058056,0.47390878,0.40975645
manly,M,word2vec_recipe_20_HYP_HALF,0.21819416,0.19064108,0.24867877,0.20586622,0.26167405,0.22060741
fling,P,word2vec_recipe_20_HYP_HALF,0.3354293,0.27392066,0.37771493,0.30278316,0.39443177,0.32749546
tolerate,P,word2vec_recipe_20_HYP_HALF,0.1867117,0.1537383,0.21522507,0.17136303,0.22786531,0.18771338
mechanism,P,word2vec_recipe_20_HYP_HALF,0.37331325,0.4000157,0.43033767,0.44296944,0.45336685,0.45921138
likeness,P,word2vec_recipe_20_HYP_HALF,0.28462422,0.30626595,0.37804988,0.4009552,0.40678024,0.3991628
magical,P,word2vec_recipe_20_HYP_HALF,0.24976078,0.24942821,0.28806758,0.29209802,0.30336323,0.3068951
strip,H,word2vec_recipe_20_HYP_HALF,0.2904545,0.337591,0.33861464,0.34802786,0.3625585,0.33893174
squeeze,P,word2vec_recipe_20_HYP_HALF,0.35267562,0.40033486,0.4665239,0.46511695,0.497883,0.46803114
gap,P,word2vec_recipe_20_HYP_HALF,0.30778232,0.3757136,0.36982268,0.3539249,0.39007586,0.34757072
tiny,M,word2vec_recipe_20_HYP_HALF,0.34533983,0.39988232,0.42314503,0.42594564,0.4491835,0.4245578
hockey,P,word2vec_recipe_20_HYP_HALF,0.2450864,0.30178323,0.29642287,0.30715662,0.31442553,0.31139532
label,P,word2vec_recipe_20_HYP_HALF,0.35334292,0.41658065,0.45123613,0.5038753,0.4869107,0.519663
deserve,P,word2vec_recipe_20_HYP_HALF,0.14628375,0.15208088,0.1702889,0.16542414,0.18023244,0.17123099
prior,H,word2vec_recipe_20_HYP_HALF,0.39483154,0.35563713,0.48836857,0.4352284,0.5159861,0.4318788
salesman,M,word2vec_recipe_20_HYP_HALF,0.21622272,0.20246239,0.24530923,0.21035017,0.2579293,0.21697544
uncover,P,word2vec_recipe_20_HYP_HALF,0.3903469,0.3420598,0.45057186,0.3493791,0.47119546,0.3796626
flood,P,word2vec_recipe_20_HYP_HALF,0.2844178,0.23661193,0.3358913,0.2967925,0.3595343,0.33123735
design,P,word2vec_recipe_20_HYP_HALF,0.24844217,0.33438095,0.31373394,0.3225747,0.33827853,0.3320267
pottery,P,word2vec_recipe_20_HYP_HALF,0.28713733,0.36252472,0.3697737,0.44187135,0.4052948,0.47720236
lace,P,word2vec_recipe_20_HYP_HALF,0.35491472,0.27967548,0.39522454,0.34138846,0.41266125,0.35564873
bathtub,M,word2vec_recipe_20_HYP_HALF,0.2969967,0.25841427,0.34433183,0.2903208,0.3628952,0.30058444
plot,H,word2vec_recipe_20_HYP_HALF,0.15864816,0.16876438,0.18457837,0.18638097,0.19550592,0.19830108
benefit,P,word2vec_recipe_20_HYP_HALF,0.24978009,0.21992034,0.28734347,0.22446391,0.30007005,0.22575551
curtain,P,word2vec_recipe_20_HYP_HALF,0.22019772,0.25715125,0.26438382,0.30090007,0.28387052,0.31812394
chair,P,word2vec_recipe_20_HYP_HALF,0.22971943,0.26396742,0.28339854,0.30202338,0.30594096,0.3197206
skillet,M,word2vec_recipe_20_HYP_HALF,0.30016866,0.3502565,0.39530742,0.3941694,0.43528077,0.40842837
barber,P,word2vec_recipe_20_HYP_HALF,0.21844527,0.26652974,0.2696368,0.312936,0.29172486,0.32752123
glory,P,word2vec_recipe_20_HYP_HALF,0.3044058,0.24577942,0.35592607,0.29099882,0.37505615,0.3057047
proprietor,P,word2vec_recipe_20_HYP_HALF,0.097321086,0.11652102,0.120139964,0.15252128,0.13013993,0.171054
input,P,word2vec_recipe_20_HYP_HALF,0.1676965,0.12590885,0.19442451,0.15267555,0.2047824,0.16053161
pure,P,word2vec_recipe_20_HYP_HALF,0.32498336,0.34966826,0.377184,0.3926464,0.39973274,0.41537008
imitation,P,word2vec_recipe_20_HYP_HALF,0.3802859,0.39280117,0.44678628,0.4338697,0.46928,0.44419444
adjacent,M,word2vec_recipe_20_HYP_HALF,0.28480083,0.26854223,0.34098953,0.3106254,0.36307734,0.33102012
mutant,M,word2vec_recipe_20_HYP_HALF,0.14107983,0.15025096,0.16501337,0.16582564,0.17466901,0.17623013
cable,P,word2vec_recipe_20_HYP_HALF,0.20586231,0.24078616,0.24448496,0.26987904,0.2612838,0.28361082
virtual,M,word2vec_recipe_20_HYP_HALF,0.090485215,0.11589317,0.10924329,0.14542033,0.11799621,0.1614443
basement,M,word2vec_recipe_20_HYP_HALF,0.19338898,0.26276085,0.2601062,0.30128688,0.28406903,0.30767906
keeper,P,word2vec_recipe_20_HYP_HALF,0.3305627,0.372219,0.3853525,0.3831542,0.41110626,0.3884758
timely,P,word2vec_recipe_20_HYP_HALF,0.17277229,0.1320286,0.19553213,0.15644218,0.2053269,0.16675727
correct,P,word2vec_recipe_20_HYP_HALF,0.31372398,0.34619868,0.3731971,0.35539213,0.4026339,0.38075128
failure,P,word2vec_recipe_20_HYP_HALF,0.17108956,0.14551522,0.19874911,0.15986164,0.2100418,0.17836384
dress,P,word2vec_recipe_20_HYP_HALF,0.29938927,0.3148149,0.36058667,0.35220194,0.38758397,0.36903536
thinker,P,word2vec_recipe_20_HYP_HALF,0.16581222,0.1834561,0.19065762,0.19899051,0.20181385,0.21122634
observe,P,word2vec_recipe_20_HYP_HALF,0.26011112,0.2658531,0.2966905,0.25334024,0.3125557,0.2650563
muffin,M,word2vec_recipe_20_HYP_HALF,0.22234249,0.24873286,0.3373127,0.33791736,0.39721745,0.4297079
trunk,P,word2vec_recipe_20_HYP_HALF,0.24261567,0.22188663,0.29280055,0.2641805,0.31559855,0.29694068
sixth,P,word2vec_recipe_20_HYP_HALF,0.32891306,0.40706268,0.4251007,0.42445996,0.4536501,0.42490727
creamy,P,word2vec_recipe_20_HYP_HALF,0.35168642,0.4217023,0.4342311,0.4828465,0.46206033,0.4921199
glue,P,word2vec_recipe_20_HYP_HALF,0.2657753,0.18263523,0.3083025,0.24142088,0.33027077,0.28424054
itchy,P,word2vec_recipe_20_HYP_HALF,0.106175445,0.14102145,0.13551812,0.1721773,0.14872165,0.18163477
trick,P,word2vec_recipe_20_HYP_HALF,0.22136445,0.19443248,0.2508364,0.17110446,0.2619682,0.17847823
tummy,M,word2vec_recipe_20_HYP_HALF,0.24157755,0.21500504,0.2801971,0.25242507,0.29564574,0.26143909
hug,P,word2vec_recipe_20_HYP_HALF,0.26235473,0.28954792,0.3070668,0.30421978,0.32664597,0.31807587
midget,P,word2vec_recipe_20_HYP_HALF,0.35197553,0.3310163,0.41323105,0.41123727,0.43591592,0.43939102
guarantee,P,word2vec_recipe_20_HYP_HALF,0.17550257,0.13401742,0.19730198,0.14595683,0.20685299,0.15704505
legal,P,word2vec_recipe_20_HYP_HALF,0.19846751,0.17766422,0.22615963,0.20205307,0.23700088,0.21186778
honeymoon,P,word2vec_recipe_20_HYP_HALF,0.12413053,0.12287529,0.14579394,0.14953296,0.15503183,0.1601617
technique,P,word2vec_recipe_20_HYP_HALF,0.2637686,0.2590648,0.29911396,0.23188315,0.31233856,0.23852995
wander,P,word2vec_recipe_20_HYP_HALF,0.14554456,0.1263497,0.17481643,0.15290053,0.18750721,0.16507779
fragment,P,word2vec_recipe_20_HYP_HALF,0.21398301,0.23020524,0.24778578,0.28380364,0.26144603,0.2939831
pasta,P,word2vec_recipe_20_HYP_HALF,0.14522097,0.19024871,0.2647536,0.34454185,0.31930274,0.3705995
rugged,P,word2vec_recipe_20_HYP_HALF,0.21560375,0.16576187,0.24409969,0.18593797,0.25670207,0.20285207
rim,P,word2vec_recipe_20_HYP_HALF,0.34244126,0.43290216,0.43363246,0.4453079,0.46318084,0.45294794
lowly,P,word2vec_recipe_20_HYP_HALF,0.20664544,0.20960385,0.23357973,0.21036103,0.24500197,0.21822137
livery,P,word2vec_recipe_20_HYP_HALF,0.19168119,0.22956699,0.22961088,0.28703612,0.24551228,0.30317762
salami,M,word2vec_recipe_20_HYP_HALF,0.21345663,0.25564352,0.32184678,0.37518305,0.36261177,0.40322807
occur,P,word2vec_recipe_20_HYP_HALF,0.2971836,0.30983594,0.34049466,0.31618175,0.35823914,0.32712898
aquarium,P,word2vec_recipe_20_HYP_HALF,0.23871103,0.23393364,0.28609404,0.2822941,0.30395603,0.28934696
snap,P,word2vec_recipe_20_HYP_HALF,0.38686126,0.3744202,0.47047135,0.45421562,0.5013353,0.46299282
bony,P,word2vec_recipe_20_HYP_HALF,0.23275861,0.2042374,0.29004252,0.30501467,0.32341096,0.3530444
spiral,P,word2vec_recipe_20_HYP_HALF,0.2933777,0.32340968,0.34916267,0.3641874,0.37325516,0.37714148
nanny,M,word2vec_recipe_20_HYP_HALF,0.15031806,0.17917797,0.18044406,0.20791821,0.19378696,0.21869493
holder,P,word2vec_recipe_20_HYP_HALF,0.39001623,0.40122017,0.4556264,0.47256348,0.48064885,0.48265663
guidance,P,word2vec_recipe_20_HYP_HALF,0.26354057,0.28103366,0.32058978,0.32175878,0.34396052,0.33557233
severe,P,word2vec_recipe_20_HYP_HALF,0.25095457,0.16463423,0.2889069,0.18763235,0.30284756,0.20273311
burn,P,word2vec_recipe_20_HYP_HALF,0.28048855,0.32336017,0.35758945,0.3371677,0.38689384,0.3449899
season,P,word2vec_recipe_20_HYP_HALF,0.2326777,0.23266484,0.2969593,0.26787698,0.32444036,0.28909266
jingle,P,word2vec_recipe_20_HYP_HALF,0.2210451,0.20000906,0.24823365,0.21311988,0.25965545,0.21685332
flap,P,word2vec_recipe_20_HYP_HALF,0.2595644,0.27485618,0.30983165,0.3430815,0.3354536,0.35750258
clever,P,word2vec_recipe_20_HYP_HALF,0.20144705,0.1631298,0.22807501,0.16630659,0.24003696,0.17340045
complexion,P,word2vec_recipe_20_HYP_HALF,0.17769551,0.1761673,0.20819972,0.19842196,0.22014225,0.20722403
travel,P,word2vec_recipe_20_HYP_HALF,0.27086136,0.31464717,0.3292268,0.32179523,0.34754312,0.3313871
silver,P,word2vec_recipe_20_HYP_HALF,0.4342494,0.4464554,0.4887432,0.45614806,0.5093078,0.46160322
brilliant,P,word2vec_recipe_20_HYP_HALF,0.25316554,0.2806895,0.30800718,0.31553698,0.32820004,0.31808782
passenger,P,word2vec_recipe_20_HYP_HALF,0.15446588,0.1769019,0.18457149,0.21619546,0.20031746,0.24412793
ignition,P,word2vec_recipe_20_HYP_HALF,0.14216626,0.1629063,0.1681184,0.19129053,0.17942962,0.20319432
apartment,M,word2vec_recipe_20_HYP_HALF,0.13838552,0.11921318,0.15955341,0.14761841,0.16876975,0.15855168
prospect,P,word2vec_recipe_20_HYP_HALF,0.11196287,0.12917776,0.13194045,0.15604843,0.14165506,0.16230029
geisha,M,word2vec_recipe_20_HYP_HALF,0.13549814,0.1589482,0.15783201,0.19179842,0.16784805,0.20508222
basketball,P,word2vec_recipe_20_HYP_HALF,0.20731059,0.1890651,0.24117349,0.23566069,0.2584489,0.26195976
silence,P,word2vec_recipe_20_HYP_HALF,0.10306829,0.10212148,0.12260328,0.12272529,0.13046913,0.13505207
bother,P,word2vec_recipe_20_HYP_HALF,0.29881248,0.2910081,0.34914413,0.28397998,0.3684324,0.2747671
goldfish,M,word2vec_recipe_20_HYP_HALF,0.2773379,0.33377686,0.3610918,0.43450797,0.39709255,0.45729658
timetable,M,word2vec_recipe_20_HYP_HALF,0.19391003,0.22627804,0.2386505,0.27299148,0.25614116,0.28240538
trip,P,word2vec_recipe_20_HYP_HALF,0.23975912,0.19875011,0.2735461,0.19634521,0.28800556,0.20833032
likely,P,word2vec_recipe_20_HYP_HALF,0.26854062,0.25962013,0.31046692,0.24698871,0.325185,0.24019358
celestial,P,word2vec_recipe_20_HYP_HALF,0.23620221,0.2371083,0.26900557,0.23701377,0.28111133,0.24149053
intuition,P,word2vec_recipe_20_HYP_HALF,0.12313573,0.11687099,0.14455986,0.13454576,0.15472528,0.15278801
wand,P,word2vec_recipe_20_HYP_HALF,0.28058648,0.2767579,0.374218,0.38606524,0.41509178,0.45675167
housewife,M,word2vec_recipe_20_HYP_HALF,0.11055845,0.11779253,0.13305223,0.15038525,0.14266282,0.16326648
beep,P,word2vec_recipe_20_HYP_HALF,0.32016784,0.3131428,0.4398888,0.42023936,0.48263565,0.45443848
rinse,P,word2vec_recipe_20_HYP_HALF,0.33029196,0.4370574,0.42239112,0.43902177,0.45205992,0.45137182
outward,P,word2vec_recipe_20_HYP_HALF,0.26950422,0.32015938,0.35523006,0.3788762,0.38487548,0.3810166
radiator,P,word2vec_recipe_20_HYP_HALF,0.19253285,0.22209612,0.23337424,0.24458818,0.24869682,0.236121
hill,P,word2vec_recipe_20_HYP_HALF,0.22956963,0.25845873,0.26489344,0.266303,0.2801592,0.2618413
kettle,P,word2vec_recipe_20_HYP_HALF,0.28931028,0.37026918,0.40168232,0.42530772,0.4390644,0.43995073
hula,M,word2vec_recipe_20_HYP_HALF,0.21438634,0.21583702,0.24452808,0.23028706,0.25884378,0.24307409
pouch,P,word2vec_recipe_20_HYP_HALF,0.37056243,0.44200504,0.4523338,0.45668852,0.48009032,0.45113185
admire,P,word2vec_recipe_20_HYP_HALF,0.25059965,0.21475542,0.29573753,0.25173116,0.31266996,0.24715927
joyous,M,word2vec_recipe_20_HYP_HALF,0.12204087,0.15330166,0.1423497,0.18186317,0.15240513,0.19709831
helpful,M,word2vec_recipe_20_HYP_HALF,0.289579,0.24262303,0.3317135,0.24814022,0.34696168,0.24912605
bronze,P,word2vec_recipe_20_HYP_HALF,0.27030143,0.29387856,0.33677042,0.3720196,0.3636293,0.38978842
recite,P,word2vec_recipe_20_HYP_HALF,0.11777689,0.10957649,0.13551675,0.13638222,0.14447987,0.14811002
elastic,P,word2vec_recipe_20_HYP_HALF,0.28303385,0.31120026,0.4293023,0.4493899,0.4800264,0.47778207
dreary,P,word2vec_recipe_20_HYP_HALF,0.1711157,0.19766945,0.20546088,0.21149217,0.21866696,0.21616063
garage,P,word2vec_recipe_20_HYP_HALF,0.2319442,0.26256487,0.29390278,0.29189467,0.3136689,0.2862928
chamber,P,word2vec_recipe_20_HYP_HALF,0.37850365,0.40322468,0.43841746,0.4608753,0.4652279,0.47867572
electronic,P,word2vec_recipe_20_HYP_HALF,0.28993958,0.3330243,0.35294563,0.42412993,0.3838816,0.45829308
trace,H,word2vec_recipe_20_HYP_HALF,0.37129003,0.3332885,0.4283564,0.39080784,0.44978833,0.43167594
doorbell,M,word2vec_recipe_20_HYP_HALF,0.22448567,0.24012238,0.2848262,0.2707512,0.3049082,0.274831
scale,H,word2vec_recipe_20_HYP_HALF,0.3873047,0.44878432,0.44622684,0.40947315,0.46293563,0.40313688
solution,P,word2vec_recipe_20_HYP_HALF,0.3326684,0.4124396,0.39740932,0.44148692,0.42730471,0.4616688
public,P,word2vec_recipe_20_HYP_HALF,0.123297915,0.11567131,0.1450454,0.13824348,0.15542321,0.15542655
column,P,word2vec_recipe_20_HYP_HALF,0.26919043,0.26252362,0.30750248,0.2837776,0.32258576,0.28313947
battery,P,word2vec_recipe_20_HYP_HALF,0.25517815,0.23168075,0.29546452,0.26461974,0.31089446,0.28659874
laboratory,P,word2vec_recipe_20_HYP_HALF,0.10168276,0.11662532,0.12239265,0.15201001,0.13072816,0.16597682
crop,P,word2vec_recipe_20_HYP_HALF,0.2656982,0.2117798,0.30053112,0.23866875,0.3136797,0.23754096
devotion,P,word2vec_recipe_20_HYP_HALF,0.4108618,0.47799304,0.48547325,0.48605368,0.50855136,0.48204008
regional,P,word2vec_recipe_20_HYP_HALF,0.19362439,0.17583609,0.22107445,0.19593939,0.23406109,0.21170498
parcel,P,word2vec_recipe_20_HYP_HALF,0.30455765,0.33952004,0.37896425,0.39516652,0.40847436,0.40445694
seal,H,word2vec_recipe_20_HYP_HALF,0.32431734,0.39212528,0.3992371,0.4336385,0.43131334,0.45468983
insulin,P,word2vec_recipe_20_HYP_HALF,0.09097711,0.11624219,0.116716325,0.15329131,0.12855335,0.16635852
split,P,word2vec_recipe_20_HYP_HALF,0.4252413,0.48340508,0.51004976,0.48695445,0.53448176,0.4671578
overload,P,word2vec_recipe_20_HYP_HALF,0.354832,0.3425553,0.40018412,0.3698168,0.4175877,0.3531938
eyebrow,P,word2vec_recipe_20_HYP_HALF,0.1378332,0.17148337,0.17479646,0.21527478,0.19629988,0.25031084
magic,P,word2vec_recipe_20_HYP_HALF,0.33844203,0.28986922,0.38044536,0.29433066,0.39431694,0.30800474
keyhole,M,word2vec_recipe_20_HYP_HALF,0.16056666,0.19174358,0.19208679,0.22927798,0.20602456,0.2495977
dispose,P,word2vec_recipe_20_HYP_HALF,0.34214497,0.29664287,0.3956238,0.33975196,0.41683403,0.37228265
jelly,P,word2vec_recipe_20_HYP_HALF,0.41201863,0.492219,0.4977369,0.48815277,0.5260438,0.49284074
legend,P,word2vec_recipe_20_HYP_HALF,0.16555548,0.15459728,0.19023243,0.17083588,0.20101191,0.18434274
sideways,P,word2vec_recipe_20_HYP_HALF,0.31348586,0.31593582,0.35720292,0.31874004,0.3758253,0.32751474
werewolf,M,word2vec_recipe_20_HYP_HALF,0.1665803,0.19954285,0.20228699,0.24264558,0.21601985,0.25461334
clash,P,word2vec_recipe_20_HYP_HALF,0.12646806,0.15110546,0.1561347,0.18564501,0.16784036,0.19629101
boiler,P,word2vec_recipe_20_HYP_HALF,0.33988047,0.3493334,0.46062908,0.439681,0.5019253,0.45008886
slime,P,word2vec_recipe_20_HYP_HALF,0.34321052,0.3263018,0.3904099,0.39179134,0.4095563,0.39437428
recognize,P,word2vec_recipe_20_HYP_HALF,0.20595118,0.18806192,0.23884274,0.20016971,0.2523039,0.20191182
nude,P,word2vec_recipe_20_HYP_HALF,0.19654362,0.20945688,0.23287825,0.2432524,0.24634421,0.25723526
insulation,P,word2vec_recipe_20_HYP_HALF,0.25818557,0.25849804,0.30138794,0.3018059,0.3185549,0.30380505
overlook,P,word2vec_recipe_20_HYP_HALF,0.0938045,0.1025281,0.11335709,0.12431587,0.12295766,0.14070664
straw,P,word2vec_recipe_20_HYP_HALF,0.37175035,0.4543001,0.44087875,0.4701489,0.4663973,0.46705586
culture,P,word2vec_recipe_20_HYP_HALF,0.28935888,0.3241423,0.3664303,0.38174292,0.39330158,0.38241288
search,P,word2vec_recipe_20_HYP_HALF,0.20768277,0.19308634,0.23714113,0.20308827,0.25066754,0.20847926
consider,P,word2vec_recipe_20_HYP_HALF,0.28111178,0.3344825,0.32618767,0.27624896,0.34115332,0.25849834
cosmetic,P,word2vec_recipe_20_HYP_HALF,0.10668695,0.1050078,0.12598573,0.13700154,0.13521565,0.14629504
poetic,P,word2vec_recipe_20_HYP_HALF,0.110165134,0.11387743,0.12916231,0.14039867,0.13766249,0.15070704
furious,P,word2vec_recipe_20_HYP_HALF,0.23547606,0.25517267,0.29388362,0.30809432,0.3139495,0.31878906
amuse,P,word2vec_recipe_20_HYP_HALF,0.19591583,0.18250708,0.22983345,0.21482463,0.24185407,0.22517686
stimulate,P,word2vec_recipe_20_HYP_HALF,0.14409772,0.1471238,0.17018986,0.16508308,0.18230988,0.17844985
battleship,M,word2vec_recipe_20_HYP_HALF,0.13633907,0.17246982,0.18326938,0.25599417,0.20676865,0.2851421
odor,P,word2vec_recipe_20_HYP_HALF,0.27632627,0.27381855,0.32108974,0.29371706,0.33942986,0.3068859
visual,P,word2vec_recipe_20_HYP_HALF,0.25783986,0.2812727,0.30139646,0.28399813,0.31766596,0.27154782
beak,P,word2vec_recipe_20_HYP_HALF,0.22789812,0.26949748,0.29479876,0.316308,0.3255624,0.3449347
infamous,P,word2vec_recipe_20_HYP_HALF,0.13281485,0.13144444,0.15290366,0.15366021,0.1628833,0.16680695
bleach,P,word2vec_recipe_20_HYP_HALF,0.21283153,0.24698444,0.28033412,0.34368,0.31034958,0.36436534
kerosene,M,word2vec_recipe_20_HYP_HALF,0.45540643,0.45962223,0.5168538,0.48511317,0.5379355,0.5064083
spark,P,word2vec_recipe_20_HYP_HALF,0.18088701,0.17956944,0.21747026,0.21658745,0.23302421,0.22341612
consensus,P,word2vec_recipe_20_HYP_HALF,0.08276814,0.094589,0.09812708,0.11435244,0.107187465,0.13205232
apart,P,word2vec_recipe_20_HYP_HALF,0.3727037,0.2810655,0.44567168,0.35354906,0.4778998,0.39578202
diet,H,word2vec_recipe_20_HYP_HALF,0.324212,0.35098174,0.378039,0.3536634,0.39636737,0.35999966
scoot,P,word2vec_recipe_20_HYP_HALF,0.3456575,0.33010995,0.39248225,0.3506935,0.41070625,0.359152
bouncy,P,word2vec_recipe_20_HYP_HALF,0.27839047,0.3095158,0.33962196,0.34108087,0.36557698,0.35111338
invest,P,word2vec_recipe_20_HYP_HALF,0.18667747,0.17185554,0.21796827,0.16419743,0.23031414,0.1750239
tease,P,word2vec_recipe_20_HYP_HALF,0.27936137,0.28120986,0.31932482,0.3210957,0.33801642,0.33838898
lean,H,word2vec_recipe_20_HYP_HALF,0.3607635,0.3556055,0.4367232,0.42309698,0.45871207,0.39774156
stab,P,word2vec_recipe_20_HYP_HALF,0.2980396,0.33333153,0.3993983,0.44607794,0.43732327,0.47667646
spooky,M,word2vec_recipe_20_HYP_HALF,0.22004466,0.24649948,0.2698453,0.28002638,0.29637986,0.31003246
unborn,P,word2vec_recipe_20_HYP_HALF,0.17627773,0.19167714,0.20112318,0.21413466,0.21078818,0.22307745
review,P,word2vec_recipe_20_HYP_HALF,0.24552803,0.22423153,0.28422052,0.21812172,0.2993601,0.22990063
lantern,P,word2vec_recipe_20_HYP_HALF,0.24389675,0.25969887,0.29071507,0.2880375,0.30749452,0.29377
cuff,H,word2vec_recipe_20_HYP_HALF,0.21408868,0.2247395,0.24938679,0.27482206,0.26893613,0.2908392
rural,P,word2vec_recipe_20_HYP_HALF,0.12330471,0.1276243,0.14262651,0.15453964,0.15310697,0.1687143
weave,P,word2vec_recipe_20_HYP_HALF,0.31602404,0.351202,0.3730651,0.34343773,0.39458084,0.3397155
soda,P,word2vec_recipe_20_HYP_HALF,0.3011753,0.33574495,0.37166646,0.36605647,0.40233752,0.37983614
heavy,P,word2vec_recipe_20_HYP_HALF,0.34015456,0.36887294,0.43314624,0.46821925,0.46524647,0.4693273
port,H,word2vec_recipe_20_HYP_HALF,0.23562577,0.331546,0.34159675,0.4498018,0.3864074,0.470671
shack,M,word2vec_recipe_20_HYP_HALF,0.2689058,0.2456499,0.30708343,0.24610625,0.32314882,0.24918869
final,P,word2vec_recipe_20_HYP_HALF,0.37074262,0.4205949,0.42948994,0.39152506,0.44808042,0.38102365
compass,P,word2vec_recipe_20_HYP_HALF,0.18682262,0.19378203,0.21919475,0.2433605,0.23421769,0.27211455
downward,P,word2vec_recipe_20_HYP_HALF,0.28110057,0.31750107,0.3326229,0.33608663,0.3549922,0.35598916
hull,H,word2vec_recipe_20_HYP_HALF,0.31799212,0.37452522,0.40317634,0.44294253,0.4354821,0.4700794
patch,P,word2vec_recipe_20_HYP_HALF,0.4151805,0.39059013,0.4822185,0.44892365,0.5036011,0.45565978
depart,P,word2vec_recipe_20_HYP_HALF,0.13903365,0.14684752,0.15996331,0.16248196,0.16962877,0.1703345
peaceful,P,word2vec_recipe_20_HYP_HALF,0.12531039,0.12414899,0.14560515,0.14674719,0.1549799,0.15776505
stud,H,word2vec_recipe_20_HYP_HALF,0.40896526,0.3945559,0.48331428,0.42860898,0.5066727,0.44776124
warmth,P,word2vec_recipe_20_HYP_HALF,0.35154232,0.36690918,0.40196872,0.3522823,0.42201588,0.34750152
grad,M,word2vec_recipe_20_HYP_HALF,0.22395423,0.17731453,0.25263798,0.19792593,0.26433635,0.20863606
circuit,P,word2vec_recipe_20_HYP_HALF,0.12445791,0.13216563,0.1443841,0.14471208,0.15438488,0.15711889
colonial,P,word2vec_recipe_20_HYP_HALF,0.20106153,0.15688819,0.23308338,0.18757498,0.24823238,0.19027881
customer,P,word2vec_recipe_20_HYP_HALF,0.0875659,0.09529287,0.10634289,0.1244459,0.117085114,0.13861002
store,P,word2vec_recipe_20_HYP_HALF,0.31831267,0.3646033,0.43838254,0.4237616,0.48182568,0.45673418
socket,P,word2vec_recipe_20_HYP_HALF,0.2710566,0.23837696,0.33498684,0.30365145,0.3612626,0.3442481
song,P,word2vec_recipe_20_HYP_HALF,0.18064018,0.18788984,0.2104172,0.20794468,0.22424977,0.21022807
glow,P,word2vec_recipe_20_HYP_HALF,0.3942782,0.46340507,0.46175343,0.50041085,0.48503387,0.500502
descend,P,word2vec_recipe_20_HYP_HALF,0.12596586,0.13717414,0.1519753,0.16581929,0.1622126,0.17423864
rocket,H,word2vec_recipe_20_HYP_HALF,0.26417887,0.30013525,0.34634277,0.40362996,0.37722024,0.41885376
spray,H,word2vec_recipe_20_HYP_HALF,0.21730384,0.27121943,0.3314109,0.3429434,0.3798796,0.38628307
dawn,P,word2vec_recipe_20_HYP_HALF,0.2218431,0.21379554,0.25454864,0.20629199,0.26707345,0.22083403
entry,P,word2vec_recipe_20_HYP_HALF,0.21635692,0.14923628,0.24598809,0.18037134,0.25771666,0.19397916
snuggle,P,word2vec_recipe_20_HYP_HALF,0.30275324,0.3224045,0.34749892,0.34075356,0.36493614,0.3526431
removal,P,word2vec_recipe_20_HYP_HALF,0.40186653,0.35982093,0.46149638,0.39821893,0.48149264,0.421753
fierce,P,word2vec_recipe_20_HYP_HALF,0.28624624,0.28921264,0.34295064,0.35630918,0.36278138,0.37909517
mushroom,P,word2vec_recipe_20_HYP_HALF,0.3072664,0.36469567,0.38892227,0.43781796,0.41751602,0.42925513
lug,H,word2vec_recipe_20_HYP_HALF,0.25154454,0.3084892,0.3618411,0.41842154,0.3960749,0.44303814
debris,P,word2vec_recipe_20_HYP_HALF,0.25168628,0.32193702,0.3422778,0.40524068,0.3818303,0.42633364
commercial,P,word2vec_recipe_20_HYP_HALF,0.2867908,0.33815655,0.3421408,0.36935568,0.3640612,0.37119037
scary,M,word2vec_recipe_20_HYP_HALF,0.22872698,0.23095456,0.27384478,0.2870374,0.2900655,0.28867334
boardwalk,M,word2vec_recipe_20_HYP_HALF,0.15853213,0.15795399,0.18115039,0.18334234,0.19073911,0.18869303
skin,P,word2vec_recipe_20_HYP_HALF,0.338008,0.43869275,0.3998036,0.4258672,0.4261449,0.4350463
unfinished,P,word2vec_recipe_20_HYP_HALF,0.19486971,0.18276364,0.2192586,0.20529006,0.23056775,0.21560302
medication,P,word2vec_recipe_20_HYP_HALF,0.09629216,0.110046364,0.11421776,0.13842373,0.1227404,0.14899229
stepped,P,word2vec_recipe_20_HYP_HALF,0.12527487,0.11985141,0.14539135,0.14187978,0.15473704,0.14917861
affair,P,word2vec_recipe_20_HYP_HALF,0.18266973,0.14489904,0.20632744,0.15240088,0.21735428,0.16548696
sticky,P,word2vec_recipe_20_HYP_HALF,0.3020958,0.31297588,0.38970816,0.38003364,0.4268504,0.388513
wipe,P,word2vec_recipe_20_HYP_HALF,0.39793128,0.4478254,0.46396157,0.47341657,0.48872253,0.48378062
barbarian,P,word2vec_recipe_20_HYP_HALF,0.14061233,0.17106964,0.1620896,0.19696201,0.17177916,0.21467812
beauty,P,word2vec_recipe_20_HYP_HALF,0.24753094,0.20706318,0.2828057,0.22752824,0.2962284,0.23075032
crybaby,M,word2vec_recipe_20_HYP_HALF,0.09856078,0.11488762,0.12976724,0.15019068,0.14727408,0.17091767
variation,P,word2vec_recipe_20_HYP_HALF,0.26590136,0.34437913,0.37026268,0.42700005,0.40096873,0.42162538
freezer,M,word2vec_recipe_20_HYP_HALF,0.29381853,0.38691628,0.39099962,0.4156167,0.42749158,0.4354106
abroad,P,word2vec_recipe_20_HYP_HALF,0.14052366,0.15626512,0.16753338,0.1762645,0.17941974,0.18740821
pork,P,word2vec_recipe_20_HYP_HALF,0.22717099,0.31665227,0.33551422,0.39690834,0.37205428,0.37789556
dioxide,M,word2vec_recipe_20_HYP_HALF,0.19364847,0.2431791,0.25012264,0.2796711,0.2733785,0.28800878
glide,P,word2vec_recipe_20_HYP_HALF,0.24742386,0.2699733,0.2927269,0.30508077,0.31524473,0.31779456
extend,P,word2vec_recipe_20_HYP_HALF,0.33352774,0.40047425,0.4259576,0.40467358,0.45358825,0.40631202
energy,P,word2vec_recipe_20_HYP_HALF,0.34504753,0.32834938,0.39733827,0.3633472,0.41884437,0.36908686
sport,P,word2vec_recipe_20_HYP_HALF,0.26931506,0.2695927,0.33331123,0.35542357,0.35526285,0.38342017
cheer,P,word2vec_recipe_20_HYP_HALF,0.23449168,0.23043464,0.2769462,0.28787145,0.2936746,0.30236977
confirm,P,word2vec_recipe_20_HYP_HALF,0.22531156,0.22142307,0.273004,0.24822207,0.29110074,0.25195545
desire,P,word2vec_recipe_20_HYP_HALF,0.2545554,0.33076036,0.34970418,0.3465493,0.38061008,0.3352589
conceal,P,word2vec_recipe_20_HYP_HALF,0.16958506,0.19224903,0.21287948,0.24961753,0.23494476,0.27275196
shadow,P,word2vec_recipe_20_HYP_HALF,0.28075475,0.25039235,0.31720757,0.28675482,0.33157903,0.2998226
jump,P,word2vec_recipe_20_HYP_HALF,0.3024575,0.34928977,0.35600495,0.36587855,0.37667727,0.36060485
standby,P,word2vec_recipe_20_HYP_HALF,0.28338856,0.22400756,0.31662953,0.23400721,0.32897037,0.23756838
carcass,P,word2vec_recipe_20_HYP_HALF,0.27638233,0.3582338,0.36441734,0.4347957,0.4039251,0.46419707
loud,P,word2vec_recipe_20_HYP_HALF,0.19745019,0.19404621,0.23559012,0.22041187,0.2505823,0.22792822
napkin,P,word2vec_recipe_20_HYP_HALF,0.27802366,0.29805505,0.3615244,0.39346865,0.40171674,0.42893535
fridge,M,word2vec_recipe_20_HYP_HALF,0.255517,0.2947179,0.38872,0.40651798,0.4326452,0.43104956
ambush,P,word2vec_recipe_20_HYP_HALF,0.13501127,0.14707945,0.1596109,0.17530935,0.16939454,0.18356037
sublime,P,word2vec_recipe_20_HYP_HALF,0.22597833,0.2774522,0.26797014,0.3148369,0.2853851,0.32372555
kindness,P,word2vec_recipe_20_HYP_HALF,0.245783,0.2793514,0.39825565,0.36808175,0.45537907,0.39091545
ginger,P,word2vec_recipe_20_HYP_HALF,0.30298322,0.3645327,0.37102264,0.38931137,0.39662525,0.40375546
curious,P,word2vec_recipe_20_HYP_HALF,0.12779546,0.11703007,0.14780325,0.1405484,0.15795103,0.15089388
boyfriend,P,word2vec_recipe_20_HYP_HALF,0.16229255,0.15208557,0.19201578,0.17865762,0.2059264,0.18291543
install,P,word2vec_recipe_20_HYP_HALF,0.28092322,0.3266999,0.3458936,0.41494325,0.37493613,0.44968212
saline,P,word2vec_recipe_20_HYP_HALF,0.24427557,0.26777723,0.2902709,0.30920428,0.3079682,0.31677893
jolly,P,word2vec_recipe_20_HYP_HALF,0.23759696,0.22334073,0.29654607,0.29286012,0.31782925,0.3125744
stick,H,word2vec_recipe_20_HYP_HALF,0.4427518,0.45766214,0.514046,0.46413335,0.5367593,0.46729764
ledge,P,word2vec_recipe_20_HYP_HALF,0.22328317,0.21665384,0.26442933,0.2630294,0.28233176,0.2899026
explorer,P,word2vec_recipe_20_HYP_HALF,0.14285119,0.15147741,0.16807163,0.18672967,0.1782828,0.20037976
disrupt,P,word2vec_recipe_20_HYP_HALF,0.23033068,0.2231091,0.26958346,0.22011572,0.28775513,0.22557436
spoon,P,word2vec_recipe_20_HYP_HALF,0.3989296,0.47178638,0.47618324,0.4451655,0.49936986,0.423242
useful,M,word2vec_recipe_20_HYP_HALF,0.2835446,0.3420514,0.33687115,0.28170627,0.35405442,0.28056484
recipe,P,word2vec_recipe_20_HYP_HALF,0.28018495,0.30145898,0.32423532,0.32780087,0.3429386,0.33201635
gratitude,M,word2vec_recipe_20_HYP_HALF,0.1637892,0.15738612,0.19656691,0.18802567,0.21011762,0.19336759
culinary,M,word2vec_recipe_20_HYP_HALF,0.28400752,0.23547119,0.328899,0.23593217,0.34415042,0.23932788
pursuit,P,word2vec_recipe_20_HYP_HALF,0.09177414,0.10246053,0.11097277,0.13034505,0.12112161,0.14970848
culprit,M,word2vec_recipe_20_HYP_HALF,0.12951943,0.1319125,0.14844656,0.14994836,0.15729834,0.15729268
legendary,M,word2vec_recipe_20_HYP_HALF,0.14319663,0.1568433,0.16959073,0.19107653,0.18009682,0.20305732
litter,P,word2vec_recipe_20_HYP_HALF,0.2807293,0.21477722,0.32537445,0.28379518,0.3451008,0.3072212
jam,H,word2vec_recipe_20_HYP_HALF,0.28467122,0.3295294,0.38120818,0.4247251,0.4160855,0.43832353
endurance,P,word2vec_recipe_20_HYP_HALF,0.15263048,0.14784393,0.17313589,0.16581625,0.18263465,0.17318644
canine,P,word2vec_recipe_20_HYP_HALF,0.15406318,0.15424003,0.18123607,0.1831636,0.1926345,0.1922051
bartender,M,word2vec_recipe_20_HYP_HALF,0.11936684,0.12074985,0.14011735,0.14652154,0.14985052,0.16289513
prestige,P,word2vec_recipe_20_HYP_HALF,0.10990109,0.10488174,0.13546792,0.15019259,0.14762406,0.17615671
feedback,P,word2vec_recipe_20_HYP_HALF,0.11279812,0.10575548,0.13225934,0.13283224,0.14210528,0.14731501
backyard,M,word2vec_recipe_20_HYP_HALF,0.23500243,0.26087627,0.27627832,0.28888226,0.29262424,0.30010357
luncheon,M,word2vec_recipe_20_HYP_HALF,0.34924334,0.3604536,0.42106748,0.4028759,0.4486513,0.40523678
cologne,M,word2vec_recipe_20_HYP_HALF,0.16570309,0.16482013,0.19329274,0.19752514,0.20572172,0.21198508
tool,P,word2vec_recipe_20_HYP_HALF,0.29799682,0.33851683,0.371903,0.37495893,0.39637184,0.39287764
conjure,P,word2vec_recipe_20_HYP_HALF,0.09639512,0.106399015,0.11571931,0.13749927,0.12496962,0.1471379
dependable,M,word2vec_recipe_20_HYP_HALF,0.29941106,0.30024722,0.34785202,0.31525078,0.36562663,0.31466684
stink,P,word2vec_recipe_20_HYP_HALF,0.17176756,0.16594172,0.19546412,0.17248479,0.20620209,0.1779143
goddess,P,word2vec_recipe_20_HYP_HALF,0.2816703,0.267262,0.33692184,0.28673643,0.35671175,0.29931572
gender,P,word2vec_recipe_20_HYP_HALF,0.20087937,0.21486527,0.23381563,0.24257919,0.24726607,0.25934952
spare,P,word2vec_recipe_20_HYP_HALF,0.3180052,0.31482318,0.39180902,0.3555913,0.41859353,0.3636578
impatient,P,word2vec_recipe_20_HYP_HALF,0.24146879,0.15676239,0.27407062,0.17120752,0.289895,0.18131271
cock,H,word2vec_recipe_20_HYP_HALF,0.26288873,0.18223134,0.30414838,0.20893584,0.31846848,0.21383189
vital,P,word2vec_recipe_20_HYP_HALF,0.30235094,0.3349861,0.36249936,0.40020126,0.38718826,0.40526387
toothbrush,M,word2vec_recipe_20_HYP_HALF,0.2249779,0.27379775,0.28159222,0.32854685,0.30697486,0.3460207
booster,P,word2vec_recipe_20_HYP_HALF,0.25911847,0.23206948,0.30101126,0.26150215,0.3180357,0.27500135
dull,P,word2vec_recipe_20_HYP_HALF,0.4112501,0.45341644,0.46870002,0.44183603,0.48726043,0.44134325
pod,H,word2vec_recipe_20_HYP_HALF,0.3464182,0.42756394,0.45962745,0.52150935,0.49298668,0.52286977
thrill,P,word2vec_recipe_20_HYP_HALF,0.14510633,0.14318441,0.16742334,0.16684438,0.17608951,0.17420867
patriotic,M,word2vec_recipe_20_HYP_HALF,0.22182815,0.24587704,0.2605523,0.28171608,0.2785271,0.28701246
asbestos,P,word2vec_recipe_20_HYP_HALF,0.27140442,0.25420246,0.310624,0.25063062,0.32604462,0.26674262
charge,P,word2vec_recipe_20_HYP_HALF,0.21633175,0.26295435,0.35144353,0.36451337,0.38856182,0.40029126
lullaby,P,word2vec_recipe_20_HYP_HALF,0.11177323,0.13080634,0.13325293,0.16802847,0.14267272,0.18435225
gruesome,M,word2vec_recipe_20_HYP_HALF,0.1362112,0.13435273,0.1555346,0.14417961,0.16488332,0.15802248
puke,P,word2vec_recipe_20_HYP_HALF,0.08419905,0.10498407,0.10029196,0.121979274,0.10917694,0.13357581
razor,P,word2vec_recipe_20_HYP_HALF,0.3624402,0.35626084,0.45582312,0.44852486,0.48552218,0.49145293
wall,P,word2vec_recipe_20_HYP_HALF,0.2993332,0.30847526,0.35403985,0.33202237,0.372419,0.34174165
rowboat,M,word2vec_recipe_20_HYP_HALF,0.17660521,0.20105714,0.20261234,0.22484349,0.21377978,0.24214785
apparatus,P,word2vec_recipe_20_HYP_HALF,0.24971673,0.27679977,0.29697913,0.31499845,0.31438988,0.3142494
guitar,P,word2vec_recipe_20_HYP_HALF,0.18290761,0.17665298,0.21552084,0.21605213,0.23341967,0.24766968
wealth,P,word2vec_recipe_20_HYP_HALF,0.14087234,0.14659001,0.16241676,0.16657431,0.17246704,0.18326119
chip,H,word2vec_recipe_20_HYP_HALF,0.2534988,0.18786183,0.30266902,0.19669466,0.32253173,0.2301207
cocoa,P,word2vec_recipe_20_HYP_HALF,0.29369688,0.39764392,0.35048345,0.3999211,0.374654,0.415288
vote,P,word2vec_recipe_20_HYP_HALF,0.1172329,0.10541853,0.13842945,0.13286264,0.14769447,0.14453821
abandon,P,word2vec_recipe_20_HYP_HALF,0.17982917,0.14931755,0.20818213,0.15554276,0.21985026,0.16755994
overnight,P,word2vec_recipe_20_HYP_HALF,0.3065642,0.37077248,0.39805302,0.401792,0.4403088,0.4310041
urban,P,word2vec_recipe_20_HYP_HALF,0.15647969,0.14104818,0.18040815,0.16544892,0.19056168,0.17940383
sorrow,P,word2vec_recipe_20_HYP_HALF,0.2829252,0.29382145,0.3931453,0.3476493,0.43291008,0.3305562
enlist,P,word2vec_recipe_20_HYP_HALF,0.10368226,0.11436527,0.12581387,0.13364212,0.13583447,0.14703006
stress,P,word2vec_recipe_20_HYP_HALF,0.23061332,0.16476372,0.25600177,0.16590555,0.2677313,0.17756867
runny,P,word2vec_recipe_20_HYP_HALF,0.2830823,0.29476854,0.3409871,0.30926338,0.36645326,0.32249445
pine,H,word2vec_recipe_20_HYP_HALF,0.3014292,0.36504653,0.3792503,0.42821664,0.41074312,0.45586777
covert,P,word2vec_recipe_20_HYP_HALF,0.20710203,0.22848237,0.24501923,0.2813779,0.25940508,0.29330683
knockout,P,word2vec_recipe_20_HYP_HALF,0.19324979,0.22725426,0.2219074,0.24847095,0.23326592,0.25025758
sunset,P,word2vec_recipe_20_HYP_HALF,0.28207502,0.23460288,0.32069916,0.2644856,0.3374492,0.28679982
salty,P,word2vec_recipe_20_HYP_HALF,0.3187942,0.3004498,0.36844197,0.29418182,0.3866546,0.3146953
renowned,M,word2vec_recipe_20_HYP_HALF,0.119301535,0.13510022,0.13933958,0.15547949,0.14942862,0.17011638
hazard,P,word2vec_recipe_20_HYP_HALF,0.15632911,0.15897295,0.19200742,0.18556565,0.20484513,0.18678938
vertical,P,word2vec_recipe_20_HYP_HALF,0.22402194,0.283753,0.28707117,0.33127704,0.31111223,0.33849004
glimpse,P,word2vec_recipe_20_HYP_HALF,0.10579933,0.11156539,0.12373185,0.12673219,0.13179287,0.13880004
membrane,P,word2vec_recipe_20_HYP_HALF,0.28053457,0.3310511,0.36164856,0.3742921,0.39322072,0.4024484
structural,P,word2vec_recipe_20_HYP_HALF,0.1869407,0.17030126,0.21796022,0.20572126,0.23105565,0.21280403
foam,P,word2vec_recipe_20_HYP_HALF,0.34357023,0.44047466,0.43006974,0.4689543,0.45979318,0.46709922
sensor,M,word2vec_recipe_20_HYP_HALF,0.15278463,0.15354791,0.17424227,0.16721973,0.18468094,0.1775398
temporary,P,word2vec_recipe_20_HYP_HALF,0.15722728,0.14967002,0.18027346,0.15911835,0.19015488,0.16730131
preacher,M,word2vec_recipe_20_HYP_HALF,0.16763134,0.15745904,0.20006798,0.18850097,0.21348251,0.19627471
blush,P,word2vec_recipe_20_HYP_HALF,0.3186745,0.33063605,0.3707709,0.37250185,0.3902825,0.37843502
mend,P,word2vec_recipe_20_HYP_HALF,0.20284276,0.2103923,0.23605224,0.246331,0.25292206,0.26751703
kick,P,word2vec_recipe_20_HYP_HALF,0.30127555,0.35841545,0.36886108,0.36172628,0.39149323,0.3579731
tough,P,word2vec_recipe_20_HYP_HALF,0.312004,0.32027534,0.40614754,0.37825227,0.44408157,0.41490117
local,P,word2vec_recipe_20_HYP_HALF,0.23818898,0.2797458,0.30388996,0.3298223,0.33394504,0.33364922
spy,P,word2vec_recipe_20_HYP_HALF,0.17116025,0.20881654,0.21933162,0.21846223,0.23601776,0.22592694
moist,P,word2vec_recipe_20_HYP_HALF,0.38641888,0.35933468,0.45876166,0.42123017,0.48624688,0.4355992
coat,P,word2vec_recipe_20_HYP_HALF,0.40176672,0.40457493,0.46365154,0.42623815,0.48690656,0.42760167
penicillin,M,word2vec_recipe_20_HYP_HALF,0.16048606,0.1637832,0.18568525,0.1700885,0.19621636,0.18145326
broom,P,word2vec_recipe_20_HYP_HALF,0.25049037,0.26610044,0.29577446,0.27361643,0.3173853,0.30150878
scar,P,word2vec_recipe_20_HYP_HALF,0.17193651,0.20146771,0.2145955,0.25065535,0.23225164,0.27524754
surgical,P,word2vec_recipe_20_HYP_HALF,0.18613732,0.22695845,0.23143257,0.25123078,0.24702987,0.25785747
alcoholic,P,word2vec_recipe_20_HYP_HALF,0.22618613,0.20871624,0.27906886,0.26105133,0.30063865,0.283698
britches,M,word2vec_recipe_20_HYP_HALF,0.19322635,0.19814843,0.22127974,0.21781719,0.23143521,0.22837672
execution,P,word2vec_recipe_20_HYP_HALF,0.08484811,0.09666086,0.100654624,0.12252136,0.108419,0.13538831
pound,H,word2vec_recipe_20_HYP_HALF,0.4344046,0.460922,0.51434714,0.4794835,0.5403841,0.45655087
tobacco,P,word2vec_recipe_20_HYP_HALF,0.30484593,0.3108839,0.35658532,0.37955496,0.37623185,0.39841402
unicorn,M,word2vec_recipe_20_HYP_HALF,0.16292994,0.20135473,0.20584193,0.25679797,0.22903612,0.28860965
tidy,P,word2vec_recipe_20_HYP_HALF,0.25568038,0.24971624,0.3011402,0.28676632,0.31912044,0.30731896
metallic,P,word2vec_recipe_20_HYP_HALF,0.38450688,0.4156965,0.45621747,0.457919,0.4770111,0.4527897
appeal,P,word2vec_recipe_20_HYP_HALF,0.24745026,0.2581381,0.29326633,0.26839364,0.31151173,0.27006432
assurance,P,word2vec_recipe_20_HYP_HALF,0.29143697,0.2815441,0.33763433,0.30635366,0.35383174,0.31798187
declare,P,word2vec_recipe_20_HYP_HALF,0.095591985,0.10337824,0.11277997,0.12542361,0.12066271,0.13634935
wild,P,word2vec_recipe_20_HYP_HALF,0.32398945,0.37636578,0.37707955,0.37061748,0.39827842,0.37150598
detect,P,word2vec_recipe_20_HYP_HALF,0.20144252,0.19437273,0.23487072,0.22298273,0.24868102,0.24046025
popcorn,P,word2vec_recipe_20_HYP_HALF,0.32773766,0.35221016,0.4546642,0.4561652,0.49065492,0.46428695
chicken,P,word2vec_recipe_20_HYP_HALF,0.2692718,0.36039758,0.37433964,0.45120245,0.41361275,0.4517993
cloud,P,word2vec_recipe_20_HYP_HALF,0.36158597,0.34027177,0.40860832,0.33791634,0.42441133,0.33798534
saucer,M,word2vec_recipe_20_HYP_HALF,0.39616293,0.390246,0.46898383,0.4338262,0.49420756,0.45902032
notch,P,word2vec_recipe_20_HYP_HALF,0.39352116,0.32913858,0.43535736,0.36481854,0.451922,0.3699526
nipple,P,word2vec_recipe_20_HYP_HALF,0.1827049,0.1980477,0.21581261,0.23615289,0.23107658,0.25393698
reborn,P,word2vec_recipe_20_HYP_HALF,0.1417954,0.1742823,0.16497712,0.2006887,0.17491491,0.21234073
immigrant,P,word2vec_recipe_20_HYP_HALF,0.14191759,0.14949948,0.16209207,0.16724084,0.1711539,0.179065
madness,P,word2vec_recipe_20_HYP_HALF,0.21824467,0.20844209,0.25223243,0.2393686,0.26682085,0.24998632
plate,P,word2vec_recipe_20_HYP_HALF,0.34105057,0.37894067,0.45912802,0.43965507,0.4909694,0.45059747
silly,P,word2vec_recipe_20_HYP_HALF,0.23456673,0.20363277,0.26730496,0.21721753,0.2803205,0.2132893
tumble,P,word2vec_recipe_20_HYP_HALF,0.39940298,0.5075116,0.46833402,0.52295136,0.49289313,0.5162293
raisin,M,word2vec_recipe_20_HYP_HALF,0.26279134,0.3456208,0.33305874,0.32517648,0.3603411,0.31984916
customary,P,word2vec_recipe_20_HYP_HALF,0.21672702,0.1500577,0.24466185,0.16997439,0.25614604,0.17969576
trumpet,P,word2vec_recipe_20_HYP_HALF,0.26101726,0.29571107,0.33146867,0.3924996,0.3605984,0.3984924
squirrel,P,word2vec_recipe_20_HYP_HALF,0.3034689,0.39351273,0.39417934,0.44956475,0.428109,0.45010957
suspend,P,word2vec_recipe_20_HYP_HALF,0.33587217,0.33845434,0.40575227,0.409136,0.4329181,0.43711108
exchange,P,word2vec_recipe_20_HYP_HALF,0.2903967,0.2755699,0.3889946,0.22214961,0.41431725,0.19736563
flavor,P,word2vec_recipe_20_HYP_HALF,0.2275075,0.2410217,0.2889802,0.29097867,0.3172265,0.29765844
glass,P,word2vec_recipe_20_HYP_HALF,0.27085286,0.2832622,0.35704994,0.36188385,0.39164826,0.39462677
bunch,P,word2vec_recipe_20_HYP_HALF,0.33791703,0.3759658,0.4037692,0.42563248,0.43184963,0.43223742
inspect,P,word2vec_recipe_20_HYP_HALF,0.37375766,0.3928836,0.43180788,0.43698242,0.45404685,0.45160404
bum,P,word2vec_recipe_20_HYP_HALF,0.2540245,0.25372338,0.31945622,0.34580478,0.34642246,0.3679454
large,P,word2vec_recipe_20_HYP_HALF,0.28101003,0.38727164,0.4115234,0.4851212,0.457136,0.48440897
variety,P,word2vec_recipe_20_HYP_HALF,0.2588391,0.34702492,0.32932845,0.3737491,0.35537842,0.37645704
meantime,P,word2vec_recipe_20_HYP_HALF,0.44059953,0.4657845,0.5075302,0.46018466,0.5268986,0.4554956
princess,P,word2vec_recipe_20_HYP_HALF,0.2268955,0.23122983,0.25733852,0.24277441,0.26920602,0.23980966
suitable,M,word2vec_recipe_20_HYP_HALF,0.389712,0.44117364,0.45450386,0.46848458,0.47559097,0.4623938
default,P,word2vec_recipe_20_HYP_HALF,0.19368866,0.19767393,0.22841643,0.22276802,0.24250446,0.22903454
shield,P,word2vec_recipe_20_HYP_HALF,0.35631892,0.40872207,0.4415192,0.40920165,0.47261295,0.4268463
propose,P,word2vec_recipe_20_HYP_HALF,0.09926466,0.10247044,0.11806714,0.12795226,0.12666817,0.14098766
rod,P,word2vec_recipe_20_HYP_HALF,0.31940755,0.30141085,0.3806748,0.3333402,0.4037075,0.35733244
gutter,P,word2vec_recipe_20_HYP_HALF,0.17436907,0.18351369,0.1986757,0.21175854,0.21139126,0.23567307
grapefruit,P,word2vec_recipe_20_HYP_HALF,0.21856633,0.27545798,0.312044,0.37456682,0.35075006,0.40086508
chaos,P,word2vec_recipe_20_HYP_HALF,0.12179128,0.12207962,0.14254296,0.14689466,0.15088445,0.16003384
bus,H,word2vec_recipe_20_HYP_HALF,0.1975272,0.2168428,0.2353258,0.2574897,0.25366125,0.2759834
scooter,P,word2vec_recipe_20_HYP_HALF,0.18307307,0.17418832,0.20998135,0.20122273,0.22086799,0.21417615
rink,P,word2vec_recipe_20_HYP_HALF,0.16341934,0.1762852,0.20477098,0.22946538,0.22377914,0.2612883
round,P,word2vec_recipe_20_HYP_HALF,0.28357062,0.3191704,0.3312437,0.30374905,0.35216674,0.30524516
hamper,H,word2vec_recipe_20_HYP_HALF,0.15732671,0.13789526,0.1809626,0.16138986,0.19112115,0.17554238
pressure,P,word2vec_recipe_20_HYP_HALF,0.3268182,0.365749,0.4197483,0.44369346,0.46476418,0.48340172
wacky,M,word2vec_recipe_20_HYP_HALF,0.21527727,0.16510506,0.26906317,0.20194493,0.2890906,0.2092813
allow,P,word2vec_recipe_20_HYP_HALF,0.39417836,0.40861905,0.47949305,0.36686143,0.5008526,0.36692527
withhold,P,word2vec_recipe_20_HYP_HALF,0.21112852,0.19793385,0.23833393,0.21770972,0.24947059,0.23288706
colony,P,word2vec_recipe_20_HYP_HALF,0.11140778,0.12178306,0.13179038,0.14856584,0.14084543,0.15973435
squeak,P,word2vec_recipe_20_HYP_HALF,0.38564903,0.37558883,0.43479988,0.418327,0.45323962,0.4023455
halfway,P,word2vec_recipe_20_HYP_HALF,0.4108542,0.43486735,0.503236,0.46386334,0.52765954,0.46131045
forward,P,word2vec_recipe_20_HYP_HALF,0.31146488,0.3104826,0.37394845,0.35932055,0.39594182,0.3699265
assess,P,word2vec_recipe_20_HYP_HALF,0.23390624,0.23461579,0.26816836,0.22413367,0.28356603,0.22992249
metal,P,word2vec_recipe_20_HYP_HALF,0.39641532,0.4256385,0.46090126,0.49552354,0.48519787,0.5051229
drummer,P,word2vec_recipe_20_HYP_HALF,0.14933904,0.1778098,0.17435353,0.21093203,0.18524563,0.2302996
strategy,P,word2vec_recipe_20_HYP_HALF,0.098337315,0.107625335,0.11625743,0.12795624,0.12449148,0.1405437
hippie,M,word2vec_recipe_20_HYP_HALF,0.16618016,0.15726124,0.18860191,0.18035159,0.19696978,0.18722571
farewell,P,word2vec_recipe_20_HYP_HALF,0.11491166,0.13450484,0.13533083,0.15756992,0.14458565,0.16787554
fly,H,word2vec_recipe_20_HYP_HALF,0.3636774,0.38165283,0.41162094,0.38040334,0.42925668,0.37291172
scroll,P,word2vec_recipe_20_HYP_HALF,0.2060833,0.21957676,0.24268587,0.2535833,0.26054445,0.27454507
bowl,H,word2vec_recipe_20_HYP_HALF,0.40142798,0.4042349,0.49333125,0.46921992,0.52038026,0.46363774
lounge,P,word2vec_recipe_20_HYP_HALF,0.16745457,0.18773404,0.19558245,0.2113425,0.20770133,0.2244689
meatball,P,word2vec_recipe_20_HYP_HALF,0.35692534,0.4082083,0.4335444,0.46049312,0.45984328,0.46275318
emperor,M,word2vec_recipe_20_HYP_HALF,0.14179102,0.16814148,0.1926435,0.25444597,0.21728556,0.27649206
sketch,P,word2vec_recipe_20_HYP_HALF,0.16837947,0.20928383,0.19654043,0.2401567,0.21126449,0.2593874
network,P,word2vec_recipe_20_HYP_HALF,0.3188701,0.36453724,0.43842834,0.37666595,0.47200274,0.3443191
throttle,P,word2vec_recipe_20_HYP_HALF,0.2032677,0.19932944,0.2329146,0.2278062,0.24422802,0.23336963
pregnancy,M,word2vec_recipe_20_HYP_HALF,0.14919965,0.13719806,0.17956312,0.1803273,0.1915132,0.19406347
breed,P,word2vec_recipe_20_HYP_HALF,0.17047654,0.17114176,0.19476387,0.18896806,0.2062606,0.20030801
flexible,P,word2vec_recipe_20_HYP_HALF,0.37971592,0.3665272,0.44620994,0.4099954,0.4665615,0.4137027
pillar,P,word2vec_recipe_20_HYP_HALF,0.21912494,0.22269791,0.25012586,0.2551223,0.26165494,0.26698703
continuous,M,word2vec_recipe_20_HYP_HALF,0.3521493,0.41486686,0.4344702,0.4636971,0.46263477,0.4733694
barn,M,word2vec_recipe_20_HYP_HALF,0.22630951,0.1927045,0.26984408,0.2525646,0.29015115,0.27930653
dinnertime,M,word2vec_recipe_20_HYP_HALF,0.31013104,0.30862704,0.36362484,0.32760718,0.38337815,0.32441285
latch,P,word2vec_recipe_20_HYP_HALF,0.26660782,0.315061,0.3451114,0.38830528,0.37368882,0.41848198
bride,H,word2vec_recipe_20_HYP_HALF,0.20848426,0.20592119,0.24596386,0.22683558,0.2587556,0.24415337
announce,P,word2vec_recipe_20_HYP_HALF,0.11941655,0.11641043,0.13951752,0.1435571,0.1484706,0.1545137
appear,P,word2vec_recipe_20_HYP_HALF,0.3985309,0.47175124,0.46789187,0.45606866,0.49101883,0.4540965
complete,P,word2vec_recipe_20_HYP_HALF,0.3430177,0.31661248,0.41067094,0.34034088,0.4322145,0.35530996
delightful,M,word2vec_recipe_20_HYP_HALF,0.19362289,0.2600872,0.27120873,0.34630352,0.30235615,0.36307895
coronary,P,word2vec_recipe_20_HYP_HALF,0.13492028,0.13915968,0.15686187,0.16903894,0.16743873,0.1859294
epiphany,P,word2vec_recipe_20_HYP_HALF,0.1240057,0.14292215,0.1462217,0.16759312,0.1554863,0.17732263
accordion,P,word2vec_recipe_20_HYP_HALF,0.28601035,0.27920803,0.35572338,0.3223812,0.37869334,0.33911783
plaque,P,word2vec_recipe_20_HYP_HALF,0.21727526,0.20846047,0.2608087,0.24968679,0.280396,0.28045952
replica,P,word2vec_recipe_20_HYP_HALF,0.1384393,0.13742626,0.16141647,0.1675813,0.17134975,0.18507776
cowboy,P,word2vec_recipe_20_HYP_HALF,0.27201533,0.2680957,0.3185926,0.2771807,0.33583114,0.2614593
crust,P,word2vec_recipe_20_HYP_HALF,0.29863515,0.37563178,0.38600844,0.4276165,0.4215198,0.44080868
tequila,M,word2vec_recipe_20_HYP_HALF,0.21503541,0.19413476,0.27913022,0.24753048,0.30982313,0.2786625
bag,P,word2vec_recipe_20_HYP_HALF,0.17483614,0.19546981,0.2945698,0.30956027,0.37191626,0.39602137
scarce,P,word2vec_recipe_20_HYP_HALF,0.15605304,0.15196627,0.17969957,0.16123295,0.19010395,0.17207745
brewery,M,word2vec_recipe_20_HYP_HALF,0.1996024,0.18482594,0.22426176,0.19165376,0.23547386,0.20678003
ornament,P,word2vec_recipe_20_HYP_HALF,0.26173186,0.29449636,0.31343344,0.3037757,0.33610415,0.31535727
fancy,P,word2vec_recipe_20_HYP_HALF,0.27255303,0.30927536,0.3293065,0.3221646,0.34898078,0.33442768
likelihood,P,word2vec_recipe_20_HYP_HALF,0.18308365,0.16835508,0.21921197,0.1950711,0.2346053,0.2104646
bind,P,word2vec_recipe_20_HYP_HALF,0.4256982,0.5258928,0.49620807,0.48922238,0.51763326,0.4784594
dorm,M,word2vec_recipe_20_HYP_HALF,0.21885267,0.18039896,0.2503104,0.21398452,0.26195556,0.21801709
cranky,P,word2vec_recipe_20_HYP_HALF,0.10386147,0.11321053,0.12458941,0.13275355,0.13361643,0.14392976
diploma,M,word2vec_recipe_20_HYP_HALF,0.19026203,0.23018123,0.22502224,0.28067738,0.24007282,0.30420968
rhythmic,M,word2vec_recipe_20_HYP_HALF,0.21022813,0.24725606,0.25687066,0.29080045,0.27571192,0.29393798
forecast,P,word2vec_recipe_20_HYP_HALF,0.15821226,0.15634814,0.18215963,0.17734304,0.19240686,0.19329707
mambo,P,word2vec_recipe_20_HYP_HALF,0.11627456,0.13931014,0.13360111,0.15997203,0.14178842,0.17026697
complicate,P,word2vec_recipe_20_HYP_HALF,0.09519863,0.096996285,0.112243354,0.121309586,0.12032263,0.13549292
stroll,P,word2vec_recipe_20_HYP_HALF,0.095893756,0.09187783,0.116706565,0.12989466,0.12576646,0.14549164
comet,M,word2vec_recipe_20_HYP_HALF,0.20103607,0.20584884,0.23865166,0.24017988,0.25149354,0.25110066
mocha,P,word2vec_recipe_20_HYP_HALF,0.23051064,0.26520935,0.28937596,0.30734918,0.31502646,0.3225633
situation,P,word2vec_recipe_20_HYP_HALF,0.20016265,0.1426668,0.22491051,0.16270384,0.23553567,0.17186113
missionary,P,word2vec_recipe_20_HYP_HALF,0.13506676,0.15159957,0.15776978,0.17178704,0.16862999,0.18305513
glucose,P,word2vec_recipe_20_HYP_HALF,0.36033934,0.42328537,0.41690755,0.4613437,0.43991017,0.47390693
paste,H,word2vec_recipe_20_HYP_HALF,0.30864456,0.27007848,0.37059334,0.31575143,0.39849404,0.34524807
drawer,P,word2vec_recipe_20_HYP_HALF,0.31399712,0.28983188,0.36189342,0.35088903,0.37978417,0.3501913
skill,P,word2vec_recipe_20_HYP_HALF,0.29770017,0.25421834,0.33913934,0.23044148,0.35324273,0.220866
dominate,P,word2vec_recipe_20_HYP_HALF,0.16290283,0.18494594,0.19953367,0.21201819,0.21511833,0.22276872
join,P,word2vec_recipe_20_HYP_HALF,0.27572712,0.2958287,0.34027588,0.34424484,0.36551568,0.35083583
tout,P,word2vec_recipe_20_HYP_HALF,0.2517007,0.2853875,0.29854375,0.30935246,0.31744394,0.31794858
sequence,P,word2vec_recipe_20_HYP_HALF,0.33563882,0.3956701,0.4125061,0.46510845,0.44130322,0.4668852
deliver,P,word2vec_recipe_20_HYP_HALF,0.212346,0.1809698,0.24385867,0.19759233,0.2569088,0.2008335
succeed,P,word2vec_recipe_20_HYP_HALF,0.092219934,0.098541796,0.112927645,0.12141747,0.123333514,0.13490234
snip,P,word2vec_recipe_20_HYP_HALF,0.36382765,0.362637,0.4456781,0.44544008,0.47302952,0.4437805
vegetable,P,word2vec_recipe_20_HYP_HALF,0.35037547,0.3908106,0.42299402,0.34480605,0.4446441,0.32853287
worthy,P,word2vec_recipe_20_HYP_HALF,0.16376838,0.16052155,0.19266346,0.18770379,0.20375526,0.19190513
pillow,P,word2vec_recipe_20_HYP_HALF,0.29726002,0.31498682,0.34746882,0.35401377,0.36504212,0.35227802
lap,H,word2vec_recipe_20_HYP_HALF,0.3296467,0.326475,0.38630912,0.33940122,0.40861902,0.35176775
corn,H,word2vec_recipe_20_HYP_HALF,0.32851452,0.38104972,0.4102629,0.43270367,0.4428125,0.43022993
farmer,M,word2vec_recipe_20_HYP_HALF,0.32885468,0.3066091,0.37322628,0.3108359,0.38830698,0.29036587
sleeve,P,word2vec_recipe_20_HYP_HALF,0.38376826,0.38114592,0.46688843,0.47867212,0.49208656,0.4786771
wad,P,word2vec_recipe_20_HYP_HALF,0.34238857,0.32945657,0.42337486,0.42173856,0.45331725,0.44901344
addiction,M,word2vec_recipe_20_HYP_HALF,0.21516414,0.21710694,0.26642993,0.23294897,0.2873062,0.2360387
cosmic,P,word2vec_recipe_20_HYP_HALF,0.11976956,0.13395202,0.14086965,0.1566061,0.15172525,0.17427552
chunky,P,word2vec_recipe_20_HYP_HALF,0.33713198,0.35456184,0.42435732,0.44940338,0.45525682,0.47134522
funky,H,word2vec_recipe_20_HYP_HALF,0.29042223,0.29773924,0.32994613,0.32783273,0.3451504,0.32590106
pet,H,word2vec_recipe_20_HYP_HALF,0.33794588,0.36571923,0.4237896,0.4315418,0.44857118,0.44463134
confuse,P,word2vec_recipe_20_HYP_HALF,0.23234907,0.19528261,0.2625407,0.19007076,0.27531075,0.1989461
persuasion,P,word2vec_recipe_20_HYP_HALF,0.13024724,0.13533919,0.15050358,0.15377104,0.15927166,0.16357087
innocent,P,word2vec_recipe_20_HYP_HALF,0.13140514,0.13325663,0.1533744,0.15945573,0.16415782,0.17189837
tragic,P,word2vec_recipe_20_HYP_HALF,0.092737965,0.09519966,0.11345049,0.13012522,0.12415376,0.14537849
register,P,word2vec_recipe_20_HYP_HALF,0.24332614,0.23424579,0.30399004,0.24894698,0.3471974,0.29940015
slump,P,word2vec_recipe_20_HYP_HALF,0.36192316,0.36956978,0.4439787,0.41037393,0.4721495,0.433926
scarf,H,word2vec_recipe_20_HYP_HALF,0.20756833,0.20791063,0.2571193,0.24788174,0.2849005,0.2827098
marmalade,M,word2vec_recipe_20_HYP_HALF,0.31119737,0.36759925,0.3955669,0.43133515,0.42183763,0.4374018
consume,P,word2vec_recipe_20_HYP_HALF,0.31812203,0.3109019,0.3573317,0.28555697,0.37176993,0.27828717
rice,P,word2vec_recipe_20_HYP_HALF,0.29165992,0.3496595,0.37400854,0.4104169,0.40619057,0.4129749
pitcher,H,word2vec_recipe_20_HYP_HALF,0.24354906,0.28663087,0.3022825,0.33191127,0.3325875,0.3439898
sterile,P,word2vec_recipe_20_HYP_HALF,0.20483167,0.25381842,0.35945404,0.381507,0.42589858,0.43857208
suffer,P,word2vec_recipe_20_HYP_HALF,0.18330655,0.17574337,0.21197592,0.17992303,0.22366086,0.18156773
logic,P,word2vec_recipe_20_HYP_HALF,0.20189933,0.17778362,0.2287016,0.21668257,0.24119642,0.22196355
sling,H,word2vec_recipe_20_HYP_HALF,0.4232762,0.43668228,0.47001576,0.44725713,0.48571095,0.47096655
intensive,P,word2vec_recipe_20_HYP_HALF,0.13798392,0.15765727,0.1640772,0.1588448,0.17497925,0.16047435
diabetic,P,word2vec_recipe_20_HYP_HALF,0.2780389,0.35382938,0.3285527,0.31215438,0.34422654,0.31480074
lobby,P,word2vec_recipe_20_HYP_HALF,0.10354295,0.12034717,0.12487249,0.1458376,0.1344217,0.15216412
furniture,M,word2vec_recipe_20_HYP_HALF,0.19743013,0.22041516,0.25628394,0.28523058,0.28162372,0.30123243
standard,P,word2vec_recipe_20_HYP_HALF,0.29765695,0.25140134,0.38478002,0.3551558,0.42580304,0.396322
lash,H,word2vec_recipe_20_HYP_HALF,0.19217828,0.23225151,0.21898043,0.26654902,0.2291901,0.28023347
destroy,P,word2vec_recipe_20_HYP_HALF,0.26941377,0.24579047,0.30588502,0.24698453,0.32091314,0.25734624
jug,P,word2vec_recipe_20_HYP_HALF,0.32554936,0.35086316,0.39019153,0.40876305,0.41620368,0.45252442
champion,P,word2vec_recipe_20_HYP_HALF,0.19303608,0.18751091,0.2246076,0.20869502,0.2393053,0.22336723
guide,P,word2vec_recipe_20_HYP_HALF,0.316389,0.2949572,0.3778436,0.35078233,0.39888358,0.3588482
plank,P,word2vec_recipe_20_HYP_HALF,0.3124677,0.40510508,0.40888822,0.47427177,0.4397204,0.4844792
compatible,P,word2vec_recipe_20_HYP_HALF,0.16469486,0.15393579,0.1884632,0.173151,0.19924472,0.18008831
plug,P,word2vec_recipe_20_HYP_HALF,0.3598291,0.3814217,0.42205247,0.43905714,0.4479216,0.4629551
volunteer,P,word2vec_recipe_20_HYP_HALF,0.10059284,0.116456375,0.12283423,0.13931334,0.13365975,0.15339209
hearty,P,word2vec_recipe_20_HYP_HALF,0.27619928,0.3566161,0.33895802,0.40861994,0.36484087,0.40348268
wool,P,word2vec_recipe_20_HYP_HALF,0.2486578,0.24393673,0.2900382,0.28014633,0.30722946,0.28585008
divine,P,word2vec_recipe_20_HYP_HALF,0.25902176,0.26658925,0.33731216,0.34661064,0.36534512,0.3641628
ideal,P,word2vec_recipe_20_HYP_HALF,0.30641732,0.35948822,0.35904327,0.32457843,0.37736496,0.3166166
mystical,P,word2vec_recipe_20_HYP_HALF,0.15608358,0.17276312,0.183841,0.19932567,0.19514042,0.21134175
swordfish,M,word2vec_recipe_20_HYP_HALF,0.22731237,0.26791847,0.31363952,0.3830003,0.3483245,0.39470956
fatigue,P,word2vec_recipe_20_HYP_HALF,0.16713782,0.16563144,0.20748287,0.2017354,0.22598094,0.21663378
exception,P,word2vec_recipe_20_HYP_HALF,0.39954016,0.37694615,0.47521245,0.46220478,0.5017845,0.47021025
department,P,word2vec_recipe_20_HYP_HALF,0.23079094,0.2420634,0.28438142,0.2662742,0.30898255,0.28636524
chaser,P,word2vec_recipe_20_HYP_HALF,0.18560931,0.18896009,0.21970864,0.22739917,0.2368998,0.2539708
coherent,P,word2vec_recipe_20_HYP_HALF,0.15370536,0.15133305,0.20592993,0.2247227,0.23333164,0.25333825
corny,P,word2vec_recipe_20_HYP_HALF,0.24245012,0.20868827,0.28337428,0.23050363,0.29861405,0.23682818
formation,P,word2vec_recipe_20_HYP_HALF,0.3865772,0.38342452,0.44162244,0.41008505,0.45952433,0.41088057
planner,P,word2vec_recipe_20_HYP_HALF,0.14128694,0.14512694,0.16513526,0.14983836,0.1753579,0.16296872
marker,P,word2vec_recipe_20_HYP_HALF,0.24329266,0.24221905,0.30264103,0.26767987,0.32594246,0.2884559
prune,H,word2vec_recipe_20_HYP_HALF,0.31342572,0.38282123,0.40204132,0.40760753,0.42943344,0.39190787
patriot,M,word2vec_recipe_20_HYP_HALF,0.13481882,0.15523998,0.1558747,0.17661045,0.16433395,0.18317422
gain,P,word2vec_recipe_20_HYP_HALF,0.32923144,0.323331,0.38305897,0.3145674,0.40091094,0.3176708
scalp,P,word2vec_recipe_20_HYP_HALF,0.20193847,0.2400409,0.25758955,0.25672638,0.28026858,0.28031382
bottle,P,word2vec_recipe_20_HYP_HALF,0.27420738,0.2750803,0.35593113,0.3848683,0.38806733,0.41298887
mention,P,word2vec_recipe_20_HYP_HALF,0.1896334,0.15138912,0.21789314,0.16880172,0.22953972,0.17817976
glee,P,word2vec_recipe_20_HYP_HALF,0.16223973,0.2011909,0.19087835,0.23107617,0.20380932,0.24210347
childhood,M,word2vec_recipe_20_HYP_HALF,0.16985826,0.1746772,0.20280288,0.18564393,0.21611229,0.19141491
shake,P,word2vec_recipe_20_HYP_HALF,0.36610255,0.4033303,0.43411088,0.44317,0.46213517,0.47347677
limb,H,word2vec_recipe_20_HYP_HALF,0.17456427,0.17969288,0.20451424,0.21352051,0.21684565,0.21991631
qualify,P,word2vec_recipe_20_HYP_HALF,0.114136815,0.100180626,0.13402571,0.13140237,0.14273182,0.14167033
voodoo,P,word2vec_recipe_20_HYP_HALF,0.19384941,0.19295429,0.22570536,0.22143242,0.23924264,0.23406161
monthly,P,word2vec_recipe_20_HYP_HALF,0.121841274,0.118583485,0.1453706,0.1476512,0.15474583,0.157265
property,P,word2vec_recipe_20_HYP_HALF,0.2299908,0.21623176,0.27763364,0.22436582,0.29499036,0.2295198
sundae,M,word2vec_recipe_20_HYP_HALF,0.28757522,0.33119354,0.3511442,0.33107504,0.37353417,0.33079576
fashion,P,word2vec_recipe_20_HYP_HALF,0.35332167,0.36613238,0.41851223,0.38203248,0.43992233,0.38748273
copper,P,word2vec_recipe_20_HYP_HALF,0.40849036,0.44603467,0.48217162,0.4732834,0.5070436,0.4557662
hammer,P,word2vec_recipe_20_HYP_HALF,0.31798506,0.38741088,0.4417734,0.4942816,0.48287243,0.51458144
bumper,P,word2vec_recipe_20_HYP_HALF,0.21585731,0.2040619,0.2453775,0.21803442,0.25636265,0.22896062
unknown,P,word2vec_recipe_20_HYP_HALF,0.20389965,0.1857566,0.23418808,0.20923567,0.24674693,0.2097988
press,H,word2vec_recipe_20_HYP_HALF,0.35503155,0.42927253,0.44821775,0.46366763,0.47790042,0.4561057
smoker,P,word2vec_recipe_20_HYP_HALF,0.30572957,0.34266543,0.39058354,0.41747305,0.4298806,0.4559246
formula,P,word2vec_recipe_20_HYP_HALF,0.30185118,0.25307742,0.33959857,0.29210854,0.35436887,0.28820458
conversion,P,word2vec_recipe_20_HYP_HALF,0.1948119,0.213133,0.22906506,0.20790066,0.24500172,0.21409917
aviation,M,word2vec_recipe_20_HYP_HALF,0.09618433,0.12455021,0.13958402,0.18566602,0.16282307,0.2213027
chase,H,word2vec_recipe_20_HYP_HALF,0.24889207,0.18009762,0.28271616,0.22933318,0.2968123,0.24226123
user,P,word2vec_recipe_20_HYP_HALF,0.2683528,0.27121928,0.31661862,0.2722138,0.33432806,0.2782677
insect,P,word2vec_recipe_20_HYP_HALF,0.1618183,0.15358481,0.19118083,0.19513947,0.20469418,0.21048188
escape,P,word2vec_recipe_20_HYP_HALF,0.34822395,0.4147396,0.45129058,0.46656007,0.48567253,0.4604672
gag,H,word2vec_recipe_20_HYP_HALF,0.09200225,0.10550816,0.10909073,0.12711474,0.117065765,0.13779448
lifeless,P,word2vec_recipe_20_HYP_HALF,0.104944035,0.12450102,0.12193987,0.14272116,0.13171247,0.15674879
hubby,M,word2vec_recipe_20_HYP_HALF,0.18620762,0.21547985,0.23683152,0.23562409,0.25509015,0.23437576
sunrise,P,word2vec_recipe_20_HYP_HALF,0.27335915,0.23648426,0.31474608,0.2570661,0.3331238,0.27774468
refresh,P,word2vec_recipe_20_HYP_HALF,0.30383468,0.38980567,0.40795586,0.44935206,0.4491159,0.4760791
troll,H,word2vec_recipe_20_HYP_HALF,0.13683996,0.14227894,0.16066396,0.17423226,0.17050463,0.19209376
snowy,P,word2vec_recipe_20_HYP_HALF,0.3979053,0.35913718,0.4420701,0.4286728,0.4589427,0.42823556
breath,P,word2vec_recipe_20_HYP_HALF,0.29217416,0.2618164,0.33985147,0.28214672,0.3577379,0.2959714
straighten,P,word2vec_recipe_20_HYP_HALF,0.27720523,0.25577536,0.31660813,0.28338477,0.33463684,0.29813847
organism,P,word2vec_recipe_20_HYP_HALF,0.14770158,0.1327578,0.16819741,0.14935493,0.17834464,0.15301903
delay,P,word2vec_recipe_20_HYP_HALF,0.34896317,0.32649043,0.40737066,0.32856086,0.4266308,0.32526773
exterior,P,word2vec_recipe_20_HYP_HALF,0.3558008,0.43839082,0.42859325,0.44296226,0.45139083,0.4464623
cockpit,P,word2vec_recipe_20_HYP_HALF,0.1919013,0.22769842,0.22651082,0.25415498,0.24056518,0.27364188
thoughtful,P,word2vec_recipe_20_HYP_HALF,0.11498101,0.12768646,0.13319358,0.14406206,0.1426444,0.15573782
sage,H,word2vec_recipe_20_HYP_HALF,0.2759922,0.28836143,0.36582765,0.3618704,0.3934664,0.37424022
twig,M,word2vec_recipe_20_HYP_HALF,0.30045223,0.3650566,0.36969543,0.43200448,0.39622933,0.45450664
shrine,P,word2vec_recipe_20_HYP_HALF,0.17275405,0.21035057,0.2081724,0.25644022,0.2227779,0.2697117
creepy,P,word2vec_recipe_20_HYP_HALF,0.20695114,0.22512874,0.25228783,0.274235,0.2746336,0.2985805
cinch,P,word2vec_recipe_20_HYP_HALF,0.27362937,0.2302768,0.30857694,0.24378042,0.32230926,0.24825503
garbage,P,word2vec_recipe_20_HYP_HALF,0.3065166,0.3457248,0.3722985,0.38674515,0.3949923,0.39700165
alphabet,P,word2vec_recipe_20_HYP_HALF,0.38116097,0.34563717,0.42574978,0.3688116,0.4399756,0.34698007
cannon,P,word2vec_recipe_20_HYP_HALF,0.21749291,0.2067543,0.2500813,0.23172344,0.26257914,0.23648243
collect,P,word2vec_recipe_20_HYP_HALF,0.32648042,0.38222793,0.4118348,0.39156997,0.4386293,0.40526506
bench,P,word2vec_recipe_20_HYP_HALF,0.29784676,0.35398495,0.37121025,0.38020128,0.39943284,0.38656095
stiff,P,word2vec_recipe_20_HYP_HALF,0.25006038,0.2929505,0.34499973,0.35546005,0.38128975,0.3764833
meadow,P,word2vec_recipe_20_HYP_HALF,0.17809227,0.18231685,0.20178752,0.21169995,0.21183434,0.22436264
dishwasher,P,word2vec_recipe_20_HYP_HALF,0.29059514,0.30341926,0.35659245,0.3685192,0.38371512,0.3925264
cycle,P,word2vec_recipe_20_HYP_HALF,0.28550127,0.33698666,0.3985141,0.41860685,0.45001101,0.47062832
player,P,word2vec_recipe_20_HYP_HALF,0.14474449,0.17244014,0.18040162,0.22281529,0.19506472,0.23697099
bull,H,word2vec_recipe_20_HYP_HALF,0.24660954,0.22996548,0.2888094,0.28302372,0.3054756,0.29180223
brave,P,word2vec_recipe_20_HYP_HALF,0.22817643,0.18392931,0.26630417,0.20810571,0.2808328,0.2165032
nip,H,word2vec_recipe_20_HYP_HALF,0.27612612,0.26986253,0.31404486,0.30297562,0.32998535,0.31842402
format,P,word2vec_recipe_20_HYP_HALF,0.16630928,0.13539289,0.19522406,0.16436431,0.20915787,0.18113598
dish,P,word2vec_recipe_20_HYP_HALF,0.31762993,0.32982972,0.3841843,0.3697447,0.4137237,0.3927066
clerk,P,word2vec_recipe_20_HYP_HALF,0.124591365,0.13038525,0.14351559,0.14888364,0.15156783,0.15923564
tuck,P,word2vec_recipe_20_HYP_HALF,0.29571244,0.33539295,0.36545658,0.38774827,0.39269146,0.38790762
railroad,P,word2vec_recipe_20_HYP_HALF,0.18825415,0.15556428,0.21615078,0.1757977,0.22770862,0.1807836
circus,P,word2vec_recipe_20_HYP_HALF,0.26804724,0.26096287,0.3173109,0.30680168,0.33793908,0.33006835
stool,P,word2vec_recipe_20_HYP_HALF,0.17986806,0.185449,0.20915651,0.21504082,0.2224722,0.22328562
dung,P,word2vec_recipe_20_HYP_HALF,0.053889632,0.071942784,0.11020589,0.15268259,0.13618924,0.18566997
flake,P,word2vec_recipe_20_HYP_HALF,0.4321505,0.5291878,0.5169682,0.52626854,0.5457854,0.52223146
stretcher,P,word2vec_recipe_20_HYP_HALF,0.22314148,0.20574683,0.2504112,0.21969514,0.2612899,0.22363535
tread,P,word2vec_recipe_20_HYP_HALF,0.30901766,0.35651353,0.3613525,0.37706915,0.38202134,0.3897494
wrestle,P,word2vec_recipe_20_HYP_HALF,0.16070701,0.1533468,0.1840499,0.17754228,0.19445938,0.18648636
certain,P,word2vec_recipe_20_HYP_HALF,0.3182588,0.31040245,0.37230456,0.28449836,0.3900313,0.26308492
tendency,P,word2vec_recipe_20_HYP_HALF,0.34421247,0.35269973,0.41440597,0.35824564,0.4370347,0.3467398
beginner,M,word2vec_recipe_20_HYP_HALF,0.18112965,0.13764305,0.20621899,0.15477961,0.21616657,0.16554993
spree,P,word2vec_recipe_20_HYP_HALF,0.2007732,0.2215504,0.23828651,0.27482092,0.2544691,0.29376206
marrow,P,word2vec_recipe_20_HYP_HALF,0.30560124,0.34372708,0.38812009,0.4404657,0.4165004,0.45443183
clam,P,word2vec_recipe_20_HYP_HALF,0.29980826,0.3044015,0.3969973,0.40642345,0.43273106,0.4169736
spread,P,word2vec_recipe_20_HYP_HALF,0.36509767,0.4177411,0.44113788,0.3976971,0.46678197,0.40567356
howl,P,word2vec_recipe_20_HYP_HALF,0.23868294,0.24177712,0.30142125,0.34095937,0.32892418,0.37337708
snail,P,word2vec_recipe_20_HYP_HALF,0.3713998,0.43319443,0.4389319,0.43744805,0.4637229,0.43825746
mouse,P,word2vec_recipe_20_HYP_HALF,0.28029257,0.22940996,0.33282372,0.27808663,0.35775852,0.31423014
unpleasant,M,word2vec_recipe_20_HYP_HALF,0.2287442,0.24881725,0.27756763,0.28281802,0.2971642,0.29875407
score,P,word2vec_recipe_20_HYP_HALF,0.30284807,0.35855323,0.38423753,0.38412306,0.42023668,0.39254874
nature,P,word2vec_recipe_20_HYP_HALF,0.26281914,0.21358095,0.29946303,0.23823936,0.314426,0.24902922
cupcake,M,word2vec_recipe_20_HYP_HALF,0.25420016,0.28040025,0.3422571,0.3605049,0.38398808,0.42775565
splendor,P,word2vec_recipe_20_HYP_HALF,0.15021715,0.15596098,0.17104177,0.17584018,0.18005146,0.18549056
femme,P,word2vec_recipe_20_HYP_HALF,0.1426548,0.16628926,0.18484953,0.20406911,0.20114975,0.21549858
caffeine,M,word2vec_recipe_20_HYP_HALF,0.19756997,0.21478885,0.23508629,0.24195117,0.24981453,0.2401783
wallpaper,P,word2vec_recipe_20_HYP_HALF,0.29084256,0.24524666,0.3298185,0.2748147,0.3443042,0.28835943
apocalypse,P,word2vec_recipe_20_HYP_HALF,0.16043746,0.17810945,0.18236893,0.19271804,0.19200125,0.20608486
trim,P,word2vec_recipe_20_HYP_HALF,0.3510766,0.38722327,0.42927608,0.42463145,0.46051857,0.46187398
lime,H,word2vec_recipe_20_HYP_HALF,0.26553643,0.33853734,0.33593372,0.37391403,0.3653412,0.40239903
chimney,P,word2vec_recipe_20_HYP_HALF,0.3262192,0.32245952,0.40604618,0.43440273,0.43497068,0.45265746
assistance,P,word2vec_recipe_20_HYP_HALF,0.23053141,0.19628176,0.2629009,0.20834422,0.27486613,0.22228396
active,P,word2vec_recipe_20_HYP_HALF,0.36947688,0.33128765,0.45491338,0.42471465,0.48389348,0.45264828
incredible,P,word2vec_recipe_20_HYP_HALF,0.21060666,0.2566177,0.27063456,0.3251593,0.2922579,0.33445188
disengage,P,word2vec_recipe_20_HYP_HALF,0.13636695,0.15742007,0.16652073,0.19841358,0.17985687,0.21885206
cake,P,word2vec_recipe_20_HYP_HALF,0.30622822,0.39242822,0.3857961,0.42368633,0.4148214,0.4212789
lightning,P,word2vec_recipe_20_HYP_HALF,0.26810116,0.24052542,0.3029635,0.24517833,0.31432304,0.24836731
saliva,M,word2vec_recipe_20_HYP_HALF,0.13742544,0.13092929,0.16219208,0.15034178,0.17299815,0.15896606
unite,P,word2vec_recipe_20_HYP_HALF,0.28693423,0.26993465,0.32933176,0.30937734,0.3445012,0.3342722
damp,P,word2vec_recipe_20_HYP_HALF,0.26111412,0.2723506,0.3991474,0.40297666,0.44579878,0.43763193
diplomatic,P,word2vec_recipe_20_HYP_HALF,0.1275514,0.14372113,0.14872761,0.17746463,0.15838294,0.18815489
hopeless,P,word2vec_recipe_20_HYP_HALF,0.09093329,0.099783,0.11180726,0.12260973,0.12173469,0.13499035
lazy,P,word2vec_recipe_20_HYP_HALF,0.3065433,0.31297958,0.36022177,0.34901923,0.37973487,0.36028418
supervise,M,word2vec_recipe_20_HYP_HALF,0.12854934,0.13540344,0.14711572,0.14586209,0.15601276,0.15584157
mandatory,P,word2vec_recipe_20_HYP_HALF,0.23126741,0.18254197,0.26763964,0.18180442,0.281793,0.18345764
confusion,P,word2vec_recipe_20_HYP_HALF,0.14051495,0.1383792,0.1617723,0.15045276,0.17150411,0.15870306
hick,M,word2vec_recipe_20_HYP_HALF,0.14355278,0.12636231,0.17503397,0.17700185,0.19112071,0.20379315
cuisine,M,word2vec_recipe_20_HYP_HALF,0.24241176,0.23330258,0.2852808,0.25576964,0.30174083,0.25545716
breathe,P,word2vec_recipe_20_HYP_HALF,0.27013978,0.23174594,0.31004083,0.23430368,0.32375365,0.23645005
overrun,P,word2vec_recipe_20_HYP_HALF,0.12644415,0.11660413,0.14675084,0.14528467,0.15677296,0.15637605
highway,P,word2vec_recipe_20_HYP_HALF,0.19437435,0.20179111,0.2249592,0.22192436,0.23799393,0.2377267
calculator,P,word2vec_recipe_20_HYP_HALF,0.1170056,0.13059215,0.14104877,0.15901658,0.15209533,0.171081
pry,H,word2vec_recipe_20_HYP_HALF,0.3304871,0.36753395,0.40369567,0.3965649,0.4319683,0.4212124
knack,P,word2vec_recipe_20_HYP_HALF,0.12043978,0.10897404,0.14034238,0.13148488,0.14975291,0.14438018
molten,P,word2vec_recipe_20_HYP_HALF,0.31257224,0.3482262,0.3881559,0.36058775,0.41223466,0.36907142
fungus,P,word2vec_recipe_20_HYP_HALF,0.30251443,0.3204682,0.392962,0.41393307,0.42480546,0.4387042
rebound,P,word2vec_recipe_20_HYP_HALF,0.11448965,0.1405101,0.13754761,0.17293975,0.14930812,0.1907247
explore,P,word2vec_recipe_20_HYP_HALF,0.21093805,0.21218376,0.2477459,0.21638389,0.2621025,0.2209483
spicy,P,word2vec_recipe_20_HYP_HALF,0.22755003,0.3164715,0.30375415,0.3714233,0.32569706,0.3567394
loaf,H,word2vec_recipe_20_HYP_HALF,0.28179535,0.28514484,0.3913591,0.37319657,0.4378185,0.40925303
graveyard,M,word2vec_recipe_20_HYP_HALF,0.2107363,0.20152135,0.25676167,0.2702513,0.27979624,0.30412036
puppy,P,word2vec_recipe_20_HYP_HALF,0.3185636,0.34437642,0.3837783,0.3504161,0.4052503,0.35171676
tempt,P,word2vec_recipe_20_HYP_HALF,0.1463043,0.11724251,0.16817257,0.14274034,0.17858143,0.15570702
hasty,P,word2vec_recipe_20_HYP_HALF,0.19398108,0.14275044,0.22229032,0.17551854,0.23470838,0.18299259
muster,P,word2vec_recipe_20_HYP_HALF,0.16950867,0.12601446,0.19447495,0.14566466,0.20451252,0.15734331
anticipate,P,word2vec_recipe_20_HYP_HALF,0.10422821,0.0947686,0.1229717,0.121319115,0.13265818,0.13706008
bunker,P,word2vec_recipe_20_HYP_HALF,0.13284062,0.14171493,0.15721026,0.16851524,0.16690658,0.17545818
nine,P,word2vec_recipe_20_HYP_HALF,0.35173768,0.4375638,0.47490203,0.46735185,0.50361174,0.46606225
northwest,P,word2vec_recipe_20_HYP_HALF,0.20590952,0.23881735,0.2466727,0.2664979,0.26352605,0.27972567
frame,P,word2vec_recipe_20_HYP_HALF,0.2938777,0.24684204,0.33559102,0.26349667,0.35408238,0.2939812
enzyme,M,word2vec_recipe_20_HYP_HALF,0.19586655,0.20544803,0.25056696,0.24186045,0.27433166,0.26444465
kitten,P,word2vec_recipe_20_HYP_HALF,0.16220967,0.16957313,0.20004076,0.2135443,0.22227716,0.24655266
jab,P,word2vec_recipe_20_HYP_HALF,0.2745897,0.285411,0.33926123,0.36486673,0.36400723,0.36717305
lust,P,word2vec_recipe_20_HYP_HALF,0.17884621,0.1828966,0.21036808,0.20652732,0.22456607,0.21468467
posh,M,word2vec_recipe_20_HYP_HALF,0.26380363,0.21682282,0.2981924,0.27215645,0.31125745,0.28047225
alert,P,word2vec_recipe_20_HYP_HALF,0.21735942,0.19539358,0.24423675,0.18818362,0.25524154,0.20028488
vinegar,M,word2vec_recipe_20_HYP_HALF,0.2561761,0.2867287,0.32653457,0.33810282,0.3577472,0.3488445
bonnet,P,word2vec_recipe_20_HYP_HALF,0.32633656,0.31720936,0.40464842,0.33138248,0.43418008,0.35488662
duration,P,word2vec_recipe_20_HYP_HALF,0.32577237,0.37078536,0.38088548,0.394925,0.40181354,0.39114505
conductor,P,word2vec_recipe_20_HYP_HALF,0.14500129,0.14466774,0.17327164,0.15980709,0.18476586,0.1726907
bubble,P,word2vec_recipe_20_HYP_HALF,0.35157406,0.4110444,0.4303014,0.46898082,0.4613782,0.48419556
garlic,P,word2vec_recipe_20_HYP_HALF,0.278886,0.30108222,0.34285066,0.32197616,0.36748683,0.33732504
crossword,M,word2vec_recipe_20_HYP_HALF,0.14464411,0.17235567,0.16898361,0.20914966,0.1793924,0.22199745
settlement,P,word2vec_recipe_20_HYP_HALF,0.13652036,0.12914386,0.15740387,0.16795994,0.16724552,0.18231139
vet,H,word2vec_recipe_20_HYP_HALF,0.13588631,0.13188843,0.16084404,0.1545136,0.17220314,0.17192614
sacrifice,P,word2vec_recipe_20_HYP_HALF,0.16724701,0.12909408,0.18889426,0.14326492,0.19929728,0.15235174
aware,M,word2vec_recipe_20_HYP_HALF,0.23876743,0.19611047,0.2708676,0.20111123,0.28334376,0.21137734
separation,P,word2vec_recipe_20_HYP_HALF,0.29205012,0.26250103,0.34510535,0.3184053,0.3659639,0.3194314
flute,P,word2vec_recipe_20_HYP_HALF,0.36088014,0.4090125,0.44575366,0.4791519,0.480375,0.4956813
stripper,P,word2vec_recipe_20_HYP_HALF,0.2542029,0.29730883,0.30955592,0.34660497,0.33649707,0.37362704
handbook,M,word2vec_recipe_20_HYP_HALF,0.14746301,0.15224165,0.16925947,0.17208274,0.17968056,0.18179733
trigger,P,word2vec_recipe_20_HYP_HALF,0.1764936,0.15537038,0.20458694,0.17201942,0.21623117,0.18478346
malt,P,word2vec_recipe_20_HYP_HALF,0.37586993,0.4146482,0.44200203,0.4520374,0.4648098,0.4666153
fury,P,word2vec_recipe_20_HYP_HALF,0.18046121,0.19586647,0.20382263,0.21124473,0.214867,0.21238345
external,P,word2vec_recipe_20_HYP_HALF,0.20618439,0.2157827,0.271653,0.30000058,0.3011663,0.32996827
endeavor,P,word2vec_recipe_20_HYP_HALF,0.1415931,0.13105139,0.1644085,0.1420231,0.17443617,0.15449458
lava,P,word2vec_recipe_20_HYP_HALF,0.3639558,0.37789062,0.42420578,0.39659345,0.44297203,0.3920328
doodle,P,word2vec_recipe_20_HYP_HALF,0.16321859,0.1315868,0.18648548,0.14979497,0.19829014,0.16723813
mysterious,P,word2vec_recipe_20_HYP_HALF,0.14920984,0.14695577,0.17494003,0.17633337,0.18631962,0.19101097
absurd,P,word2vec_recipe_20_HYP_HALF,0.13784656,0.13265866,0.15840848,0.15486167,0.16809693,0.15921332
static,P,word2vec_recipe_20_HYP_HALF,0.20402277,0.18976523,0.25221738,0.23101972,0.27369142,0.26198813
brush,H,word2vec_recipe_20_HYP_HALF,0.3482975,0.36442184,0.4328135,0.43390307,0.46210423,0.43417066
memorable,P,word2vec_recipe_20_HYP_HALF,0.18553637,0.18757552,0.21449748,0.21315107,0.22807422,0.22729859
shorten,P,word2vec_recipe_20_HYP_HALF,0.36290154,0.35885227,0.421267,0.37069282,0.44314995,0.35372826
purge,P,word2vec_recipe_20_HYP_HALF,0.28978035,0.2826317,0.37460926,0.38067362,0.40317982,0.3989943
timid,P,word2vec_recipe_20_HYP_HALF,0.12563343,0.109172754,0.1498106,0.13901392,0.16218941,0.15736817
lovely,P,word2vec_recipe_20_HYP_HALF,0.23777959,0.30640975,0.32511082,0.36496407,0.35335898,0.36224395
vodka,M,word2vec_recipe_20_HYP_HALF,0.19156191,0.17772564,0.25582546,0.23361425,0.28752694,0.26950943
lunar,P,word2vec_recipe_20_HYP_HALF,0.15247677,0.16217197,0.18294424,0.19497766,0.19530651,0.20432335
infinite,P,word2vec_recipe_20_HYP_HALF,0.15652333,0.13894735,0.18084078,0.15861005,0.19276087,0.16738321
medallion,P,word2vec_recipe_20_HYP_HALF,0.2993924,0.37723625,0.390966,0.46449453,0.4249867,0.4701177
upholstery,P,word2vec_recipe_20_HYP_HALF,0.18004782,0.21055526,0.21824807,0.25776887,0.23521137,0.27105802
haystack,M,word2vec_recipe_20_HYP_HALF,0.33014077,0.30601865,0.37762493,0.3229559,0.39747387,0.3338379
coast,P,word2vec_recipe_20_HYP_HALF,0.30357453,0.25533354,0.34624958,0.27288085,0.3632753,0.27900717
sauna,P,word2vec_recipe_20_HYP_HALF,0.17842424,0.18740314,0.20418298,0.21027425,0.21386567,0.22227895
amaze,M,word2vec_recipe_20_HYP_HALF,0.11016671,0.1173178,0.13485813,0.14488266,0.14628947,0.15578918
operation,P,word2vec_recipe_20_HYP_HALF,0.27996743,0.2676104,0.32828322,0.29046357,0.34590912,0.27577358
survival,P,word2vec_recipe_20_HYP_HALF,0.1437939,0.14250594,0.16696678,0.17012314,0.17744164,0.18316905
perimeter,P,word2vec_recipe_20_HYP_HALF,0.30676347,0.31982368,0.37430626,0.3496543,0.39762452,0.34006783
dolphin,P,word2vec_recipe_20_HYP_HALF,0.2317849,0.2170055,0.2687074,0.23450193,0.28291285,0.23827364
feast,P,word2vec_recipe_20_HYP_HALF,0.25525486,0.2335211,0.28639868,0.219629,0.2977725,0.2431825
brook,H,word2vec_recipe_20_HYP_HALF,0.4502371,0.42224243,0.5056957,0.4269749,0.5236028,0.43197876
poker,H,word2vec_recipe_20_HYP_HALF,0.22713129,0.17653422,0.25312474,0.17871064,0.26341993,0.1888094
teenage,M,word2vec_recipe_20_HYP_HALF,0.16147973,0.1587311,0.19965677,0.17333315,0.21382639,0.18553728
item,P,word2vec_recipe_20_HYP_HALF,0.35766837,0.23190342,0.39379612,0.2657137,0.40771493,0.26940662
rhubarb,M,word2vec_recipe_20_HYP_HALF,0.2523751,0.30514586,0.34591258,0.34583408,0.38481942,0.36169487
hometown,M,word2vec_recipe_20_HYP_HALF,0.10512946,0.120619014,0.12674081,0.15304734,0.13601172,0.16804934
hop,H,word2vec_recipe_20_HYP_HALF,0.27982908,0.28877032,0.3262986,0.32456747,0.34482354,0.3529963
mountain,P,word2vec_recipe_20_HYP_HALF,0.3243942,0.24222751,0.35877773,0.26295698,0.3716199,0.26412544
vague,P,word2vec_recipe_20_HYP_HALF,0.109083965,0.11283827,0.1292577,0.1351894,0.13946724,0.14682837
parent,P,word2vec_recipe_20_HYP_HALF,0.19501042,0.16433437,0.2197615,0.16827753,0.23100227,0.18236487
roof,P,word2vec_recipe_20_HYP_HALF,0.22079225,0.18619461,0.29184228,0.24170813,0.323205,0.27668512
disperse,P,word2vec_recipe_20_HYP_HALF,0.3860675,0.4771093,0.47806028,0.5038666,0.5043009,0.49309048
cordial,P,word2vec_recipe_20_HYP_HALF,0.23183632,0.22314842,0.27456614,0.28467172,0.29619932,0.29280493
joyful,M,word2vec_recipe_20_HYP_HALF,0.13091311,0.14503004,0.15549384,0.16443671,0.16694619,0.18388902
pot,H,word2vec_recipe_20_HYP_HALF,0.28899387,0.35775012,0.3962619,0.4118718,0.4300785,0.42360187
trench,P,word2vec_recipe_20_HYP_HALF,0.306501,0.32393974,0.36422706,0.34373963,0.38596725,0.36352456
track,P,word2vec_recipe_20_HYP_HALF,0.30481762,0.25762528,0.338112,0.27632296,0.35104135,0.2773468
sparkle,P,word2vec_recipe_20_HYP_HALF,0.31149632,0.35050783,0.36891833,0.38175473,0.391035,0.39825195
sly,P,word2vec_recipe_20_HYP_HALF,0.095774636,0.11272663,0.11580679,0.1435532,0.12420681,0.15144527
deception,P,word2vec_recipe_20_HYP_HALF,0.14857948,0.18015625,0.17064637,0.19235982,0.18135232,0.20463087
fiesta,M,word2vec_recipe_20_HYP_HALF,0.2040186,0.2844068,0.30429593,0.33643457,0.3311969,0.32629734
attraction,P,word2vec_recipe_20_HYP_HALF,0.12085068,0.12876575,0.14314517,0.14518902,0.1519979,0.15445405
rotate,P,word2vec_recipe_20_HYP_HALF,0.3606122,0.43236294,0.44518337,0.45641515,0.46967012,0.4318043
firm,H,word2vec_recipe_20_HYP_HALF,0.37666583,0.3606995,0.44714797,0.40593198,0.47163898,0.42610464
sufficient,M,word2vec_recipe_20_HYP_HALF,0.4451302,0.49556237,0.52658767,0.51792204,0.5498804,0.4930605
haste,P,word2vec_recipe_20_HYP_HALF,0.10968347,0.10948494,0.13186136,0.14161173,0.14114137,0.15349977
rotten,P,word2vec_recipe_20_HYP_HALF,0.26203778,0.2976299,0.31951928,0.33781448,0.3429398,0.35547313
yield,P,word2vec_recipe_20_HYP_HALF,0.32682365,0.3488258,0.4440482,0.40488687,0.4816509,0.407353
ammonia,P,word2vec_recipe_20_HYP_HALF,0.28410426,0.33142638,0.37245467,0.41817716,0.405793,0.43956602
optimism,P,word2vec_recipe_20_HYP_HALF,0.14946465,0.1458784,0.1750763,0.16108114,0.18552768,0.17141998
scrub,H,word2vec_recipe_20_HYP_HALF,0.35398453,0.3870407,0.42510074,0.42713016,0.45390242,0.41678017
define,P,word2vec_recipe_20_HYP_HALF,0.18874682,0.19561107,0.22764103,0.23961084,0.24191551,0.25808603
include,P,word2vec_recipe_20_HYP_HALF,0.35255215,0.39647758,0.43491563,0.3950288,0.45972025,0.38275695
cocktail,H,word2vec_recipe_20_HYP_HALF,0.2362674,0.25063694,0.2899116,0.25805375,0.319954,0.27946648
envelope,P,word2vec_recipe_20_HYP_HALF,0.43224135,0.52967,0.51798785,0.55093473,0.54231143,0.5278631
commitment,P,word2vec_recipe_20_HYP_HALF,0.09513571,0.09289476,0.11453206,0.12140648,0.123482056,0.13539685
ban,H,word2vec_recipe_20_HYP_HALF,0.31449005,0.13061279,0.38437924,0.25204968,0.41247413,0.35302114
trough,P,word2vec_recipe_20_HYP_HALF,0.4092373,0.42922863,0.4637899,0.403052,0.48320115,0.3939554
presume,P,word2vec_recipe_20_HYP_HALF,0.08482712,0.087605216,0.10536151,0.11385791,0.11507618,0.12993447
matrimony,P,word2vec_recipe_20_HYP_HALF,0.1255799,0.13776514,0.14915489,0.16200748,0.16037667,0.17671975
adjustment,P,word2vec_recipe_20_HYP_HALF,0.3159756,0.2941987,0.3685277,0.3066434,0.3881347,0.31723818
leather,P,word2vec_recipe_20_HYP_HALF,0.4335948,0.40826285,0.4855168,0.40125355,0.50195277,0.4090328
desk,P,word2vec_recipe_20_HYP_HALF,0.15319139,0.15283851,0.17685987,0.17416042,0.18853733,0.18808883
actress,M,word2vec_recipe_20_HYP_HALF,0.13285334,0.1496933,0.15606347,0.16710328,0.16596907,0.1799584
disco,P,word2vec_recipe_20_HYP_HALF,0.2626974,0.22848213,0.29942364,0.28383708,0.31465527,0.30219674
dome,P,word2vec_recipe_20_HYP_HALF,0.3564147,0.3854269,0.401706,0.37426496,0.41838646,0.3739416
exclusive,P,word2vec_recipe_20_HYP_HALF,0.22681265,0.18197757,0.2573719,0.21534124,0.26920328,0.22223154
nursery,P,word2vec_recipe_20_HYP_HALF,0.11848132,0.13000946,0.13886599,0.15452856,0.1486225,0.17268647
squat,P,word2vec_recipe_20_HYP_HALF,0.24069838,0.22971031,0.28160003,0.2892982,0.2966563,0.30256128
comb,P,word2vec_recipe_20_HYP_HALF,0.33376428,0.3083161,0.37532234,0.31337056,0.39387497,0.33544716
trader,P,word2vec_recipe_20_HYP_HALF,0.2673551,0.28674662,0.3272978,0.35016242,0.358767,0.35936612
elusive,P,word2vec_recipe_20_HYP_HALF,0.12016501,0.12703182,0.13993858,0.14229913,0.1490714,0.15435256
grateful,P,word2vec_recipe_20_HYP_HALF,0.13715689,0.13117066,0.15957722,0.142317,0.17004566,0.15466888
springtime,P,word2vec_recipe_20_HYP_HALF,0.27310634,0.32643044,0.3152727,0.31042567,0.33193713,0.31400338
lion,P,word2vec_recipe_20_HYP_HALF,0.24410045,0.22517648,0.27885795,0.24462117,0.29201755,0.2552061
pineapple,P,word2vec_recipe_20_HYP_HALF,0.27262124,0.36445752,0.36789536,0.42221415,0.40205264,0.4316022
induce,P,word2vec_recipe_20_HYP_HALF,0.14460132,0.1390093,0.16995786,0.15393938,0.17989907,0.16352305
fan,H,word2vec_recipe_20_HYP_HALF,0.32065684,0.1883694,0.3931611,0.23986323,0.42930767,0.28630963
pellet,P,word2vec_recipe_20_HYP_HALF,0.26418698,0.25393626,0.3169338,0.35533407,0.33962014,0.38090354
river,P,word2vec_recipe_20_HYP_HALF,0.2538018,0.2540932,0.2991055,0.27166012,0.314893,0.26849914
rogue,P,word2vec_recipe_20_HYP_HALF,0.21182439,0.19036832,0.24225861,0.21079287,0.25384015,0.22079284
beacon,P,word2vec_recipe_20_HYP_HALF,0.29953957,0.20230758,0.33821097,0.23375264,0.35177594,0.24714415
hazardous,P,word2vec_recipe_20_HYP_HALF,0.11309652,0.11296627,0.13564217,0.14034402,0.14560468,0.15049744
cute,P,word2vec_recipe_20_HYP_HALF,0.27400097,0.28077167,0.3282666,0.32702225,0.35073373,0.32905102
definitive,P,word2vec_recipe_20_HYP_HALF,0.13624842,0.12761165,0.16221625,0.16831149,0.1732132,0.18053667
crisis,P,word2vec_recipe_20_HYP_HALF,0.17329551,0.16084072,0.19689845,0.189526,0.20632988,0.20118926
obsessive,M,word2vec_recipe_20_HYP_HALF,0.13168728,0.11551681,0.15276003,0.13587527,0.16266903,0.14689988
tip,H,word2vec_recipe_20_HYP_HALF,0.22949548,0.17945439,0.31934756,0.32883146,0.35527787,0.35348907
groom,P,word2vec_recipe_20_HYP_HALF,0.18917802,0.20477949,0.23267551,0.25395456,0.250515,0.2810487
assist,P,word2vec_recipe_20_HYP_HALF,0.34097865,0.40963653,0.4077114,0.4137578,0.4315874,0.40028867
adopt,P,word2vec_recipe_20_HYP_HALF,0.08459678,0.10066305,0.10152054,0.119358934,0.10975057,0.13287158
fellowship,P,word2vec_recipe_20_HYP_HALF,0.16221671,0.20986098,0.18803214,0.21434592,0.19916126,0.21661393
rubber,H,word2vec_recipe_20_HYP_HALF,0.31496492,0.34777138,0.438061,0.4719366,0.4785468,0.51081836
substitute,P,word2vec_recipe_20_HYP_HALF,0.26843563,0.33555892,0.37843773,0.43832842,0.41279402,0.45461354
freestyle,P,word2vec_recipe_20_HYP_HALF,0.25167784,0.2546075,0.28770044,0.2942718,0.30195886,0.29597002
poison,P,word2vec_recipe_20_HYP_HALF,0.16766825,0.17965698,0.19695778,0.20416704,0.20875084,0.21548069
assembly,P,word2vec_recipe_20_HYP_HALF,0.4127431,0.39580077,0.4890599,0.39388534,0.5105233,0.40113586
pulse,H,word2vec_recipe_20_HYP_HALF,0.23600654,0.30148387,0.36748925,0.38608938,0.4250716,0.4092538
sorority,M,word2vec_recipe_20_HYP_HALF,0.13051437,0.1522368,0.1529613,0.18536401,0.16357662,0.19779032
snake,P,word2vec_recipe_20_HYP_HALF,0.25839004,0.29937086,0.33236685,0.3683786,0.35938168,0.38382855
lad,P,word2vec_recipe_20_HYP_HALF,0.19273393,0.201361,0.22776018,0.25312158,0.2411108,0.2632313
sober,P,word2vec_recipe_20_HYP_HALF,0.12350559,0.13684571,0.14680482,0.15585439,0.15759775,0.1738225
trot,P,word2vec_recipe_20_HYP_HALF,0.14269018,0.12915611,0.1621177,0.15864816,0.17038906,0.1700194
frontier,P,word2vec_recipe_20_HYP_HALF,0.14656158,0.16985844,0.17323768,0.18144251,0.18635948,0.19778939
soothe,P,word2vec_recipe_20_HYP_HALF,0.15930784,0.15595776,0.19735834,0.21355371,0.21651143,0.23683782
drinker,P,word2vec_recipe_20_HYP_HALF,0.20142528,0.21801144,0.2311737,0.23671724,0.24400124,0.23238401
terrace,P,word2vec_recipe_20_HYP_HALF,0.1461848,0.14147785,0.16954567,0.17163461,0.17943543,0.18074033
host,H,word2vec_recipe_20_HYP_HALF,0.13348362,0.1245674,0.15656453,0.14262341,0.16787148,0.16101027
feed,P,word2vec_recipe_20_HYP_HALF,0.37055314,0.43511415,0.4787316,0.5044777,0.5103064,0.49498802
classic,P,word2vec_recipe_20_HYP_HALF,0.2439514,0.2797159,0.2867396,0.31368756,0.30275565,0.30994186
kimono,P,word2vec_recipe_20_HYP_HALF,0.15023169,0.17674725,0.20017685,0.24897258,0.22326429,0.27563944
incision,P,word2vec_recipe_20_HYP_HALF,0.31058428,0.3527393,0.3805562,0.40315053,0.40875852,0.40854213
overall,P,word2vec_recipe_20_HYP_HALF,0.3256711,0.2848475,0.3706034,0.29876608,0.38789132,0.31294543
tree,P,word2vec_recipe_20_HYP_HALF,0.22255294,0.25874054,0.26948375,0.2909813,0.28975338,0.29941505
disastrous,M,word2vec_recipe_20_HYP_HALF,0.08723366,0.10228222,0.10448227,0.12644675,0.11333538,0.13769099
visible,P,word2vec_recipe_20_HYP_HALF,0.33937216,0.38387534,0.42071447,0.43249014,0.4550768,0.43846592
crunch,P,word2vec_recipe_20_HYP_HALF,0.32882708,0.3449813,0.39078245,0.3743208,0.41283962,0.36596572
cracker,P,word2vec_recipe_20_HYP_HALF,0.24905463,0.33500984,0.34919444,0.4105529,0.3892513,0.4294298
workshop,P,word2vec_recipe_20_HYP_HALF,0.16671889,0.17099859,0.21615484,0.22405608,0.23898572,0.25149003
native,P,word2vec_recipe_20_HYP_HALF,0.21310802,0.22111204,0.25181487,0.255998,0.26766425,0.2625334
raid,P,word2vec_recipe_20_HYP_HALF,0.16129288,0.14261518,0.1873193,0.15664369,0.19851445,0.17143105
trout,P,word2vec_recipe_20_HYP_HALF,0.19549511,0.22412227,0.30636805,0.353337,0.35983318,0.3820203
reef,H,word2vec_recipe_20_HYP_HALF,0.12097172,0.137332,0.144857,0.1782424,0.15522218,0.1876471
noise,P,word2vec_recipe_20_HYP_HALF,0.26804644,0.31205302,0.36447093,0.3615504,0.3941359,0.36197168
region,P,word2vec_recipe_20_HYP_HALF,0.15115352,0.13855997,0.20025307,0.17178637,0.22359055,0.18869731
furnace,P,word2vec_recipe_20_HYP_HALF,0.099685356,0.113327034,0.11944904,0.14693627,0.1283378,0.16368884
motto,P,word2vec_recipe_20_HYP_HALF,0.09548594,0.09830502,0.11600317,0.11766655,0.1261566,0.13537505
channel,P,word2vec_recipe_20_HYP_HALF,0.27341646,0.2802179,0.32141486,0.3245699,0.34039658,0.33963236
irony,P,word2vec_recipe_20_HYP_HALF,0.09958204,0.101424344,0.11790501,0.13516961,0.1270049,0.14740273
dread,P,word2vec_recipe_20_HYP_HALF,0.16130856,0.18511958,0.18415245,0.21818723,0.19296974,0.22626184
protein,M,word2vec_recipe_20_HYP_HALF,0.18976751,0.18967262,0.24963075,0.14871408,0.2703988,0.1326235
heed,P,word2vec_recipe_20_HYP_HALF,0.080053,0.08748148,0.09921867,0.1183404,0.10879614,0.13194886
area,P,word2vec_recipe_20_HYP_HALF,0.35235712,0.36483762,0.43723565,0.43831715,0.4661139,0.45914444
fruit,P,word2vec_recipe_20_HYP_HALF,0.27146533,0.33616832,0.36352235,0.4137984,0.3959347,0.42432714
classical,P,word2vec_recipe_20_HYP_HALF,0.20167823,0.19177248,0.22703946,0.21914317,0.23775162,0.22531036
ranch,P,word2vec_recipe_20_HYP_HALF,0.29202533,0.36903372,0.36979607,0.3949448,0.39548278,0.39601383
security,P,word2vec_recipe_20_HYP_HALF,0.21132712,0.17767735,0.24492346,0.19676536,0.25660023,0.20428376
sidewalk,M,word2vec_recipe_20_HYP_HALF,0.14510262,0.17368704,0.17743331,0.21832561,0.19088466,0.22978608
pronounce,P,word2vec_recipe_20_HYP_HALF,0.098208025,0.10440933,0.117100246,0.12771732,0.12626708,0.13933547
fusion,P,word2vec_recipe_20_HYP_HALF,0.25904924,0.28637016,0.294191,0.3053284,0.30723086,0.3069829
privacy,P,word2vec_recipe_20_HYP_HALF,0.11231937,0.1420106,0.15914537,0.179453,0.17871067,0.19585888
buggy,H,word2vec_recipe_20_HYP_HALF,0.20072773,0.21127544,0.24397673,0.27093422,0.2612735,0.29600772
tramp,P,word2vec_recipe_20_HYP_HALF,0.15519616,0.16736977,0.17463118,0.19377993,0.18364698,0.20672737
serenity,M,word2vec_recipe_20_HYP_HALF,0.10231365,0.11402819,0.122222215,0.14162664,0.13134809,0.15541053
royal,P,word2vec_recipe_20_HYP_HALF,0.27917245,0.26110938,0.3255529,0.30139965,0.34836486,0.3300073
spill,H,word2vec_recipe_20_HYP_HALF,0.33726025,0.40876344,0.41474828,0.39929143,0.44022834,0.36112252
seventh,P,word2vec_recipe_20_HYP_HALF,0.30578956,0.35959187,0.4250844,0.43971422,0.4583546,0.44197387
dormant,P,word2vec_recipe_20_HYP_HALF,0.1662688,0.17331141,0.18986717,0.19831589,0.20102762,0.20712075
choose,P,word2vec_recipe_20_HYP_HALF,0.29061058,0.3000556,0.3452072,0.28364098,0.36162293,0.29312912
vast,P,word2vec_recipe_20_HYP_HALF,0.12677237,0.1215226,0.14760678,0.14236413,0.15643124,0.15291004
unlike,P,word2vec_recipe_20_HYP_HALF,0.29272112,0.28249186,0.33284175,0.2787665,0.34652397,0.27562857
tense,H,word2vec_recipe_20_HYP_HALF,0.0908833,0.10328113,0.106836945,0.12318646,0.11548416,0.13594534
origin,P,word2vec_recipe_20_HYP_HALF,0.15264466,0.14990853,0.17368904,0.17236209,0.18413135,0.18642275
coma,H,word2vec_recipe_20_HYP_HALF,0.14627104,0.11671396,0.16828345,0.15971467,0.17835255,0.16985701
apologize,P,word2vec_recipe_20_HYP_HALF,0.122108504,0.12190782,0.14316224,0.13879533,0.15394348,0.14863133
greenhouse,M,word2vec_recipe_20_HYP_HALF,0.16623913,0.20317508,0.19505687,0.2443071,0.20662789,0.2507106
sniff,P,word2vec_recipe_20_HYP_HALF,0.22147842,0.21661732,0.25404626,0.23362717,0.26836383,0.23145859
reader,P,word2vec_recipe_20_HYP_HALF,0.11511233,0.10889567,0.13737687,0.14524455,0.1483733,0.15844741
residue,P,word2vec_recipe_20_HYP_HALF,0.3408588,0.344678,0.4189311,0.40325612,0.45022136,0.42777783
spinal,P,word2vec_recipe_20_HYP_HALF,0.15593311,0.17908943,0.2090392,0.27085876,0.23989703,0.31470573
horrid,P,word2vec_recipe_20_HYP_HALF,0.10079203,0.10382333,0.12146018,0.12978125,0.1307691,0.14283599
crease,P,word2vec_recipe_20_HYP_HALF,0.2649536,0.28897887,0.32427132,0.35571855,0.34845507,0.36148444
botanical,P,word2vec_recipe_20_HYP_HALF,0.12580913,0.15732968,0.15319677,0.19378431,0.16446882,0.20770806
wrist,P,word2vec_recipe_20_HYP_HALF,0.32119644,0.3142762,0.3804611,0.40193886,0.40400872,0.39377242
superstar,M,word2vec_recipe_20_HYP_HALF,0.14475767,0.13517459,0.16914973,0.15784304,0.1791789,0.16511303
earthquake,M,word2vec_recipe_20_HYP_HALF,0.342247,0.21949612,0.39854008,0.2434347,0.4184747,0.2585556
resolution,P,word2vec_recipe_20_HYP_HALF,0.15979715,0.190733,0.18255417,0.20350271,0.1935597,0.21593305
saucy,P,word2vec_recipe_20_HYP_HALF,0.3496765,0.4145927,0.4232953,0.4462704,0.44671395,0.44233593
helmet,M,word2vec_recipe_20_HYP_HALF,0.1401319,0.1812291,0.17384963,0.22411826,0.19239281,0.25457245
miracle,P,word2vec_recipe_20_HYP_HALF,0.3065762,0.37127128,0.40791678,0.4337396,0.44088218,0.43750873
obsession,P,word2vec_recipe_20_HYP_HALF,0.15891398,0.15807551,0.18442124,0.18914664,0.19488053,0.2065004
swap,P,word2vec_recipe_20_HYP_HALF,0.3966065,0.40720895,0.4671108,0.42155918,0.48864442,0.4010872
tuning,P,word2vec_recipe_20_HYP_HALF,0.27821282,0.28961125,0.3257944,0.29264575,0.34692514,0.31075144
injure,P,word2vec_recipe_20_HYP_HALF,0.113223255,0.12472814,0.13133703,0.14183499,0.14228432,0.15500648
skeleton,P,word2vec_recipe_20_HYP_HALF,0.26480597,0.27285442,0.31847447,0.32474908,0.34219703,0.3455692
lake,M,word2vec_recipe_20_HYP_HALF,0.23698589,0.27896908,0.28651237,0.3059987,0.30563188,0.30275264
tank,P,word2vec_recipe_20_HYP_HALF,0.23803087,0.26114672,0.27709875,0.31326002,0.29558364,0.32616946
freaky,P,word2vec_recipe_20_HYP_HALF,0.1701012,0.17884812,0.20197651,0.2142183,0.21425009,0.22825757
sugar,P,word2vec_recipe_20_HYP_HALF,0.304654,0.36781567,0.39103305,0.3796659,0.42063758,0.37508595
draft,P,word2vec_recipe_20_HYP_HALF,0.27004856,0.3007733,0.43278968,0.4470044,0.4826023,0.47623402
connection,P,word2vec_recipe_20_HYP_HALF,0.20668681,0.24038723,0.23978892,0.2739422,0.25257012,0.27933034
pretend,P,word2vec_recipe_20_HYP_HALF,0.23196986,0.18125828,0.25968814,0.19580771,0.27016854,0.20791274
winter,P,word2vec_recipe_20_HYP_HALF,0.30392736,0.33595985,0.38094285,0.38622108,0.4032626,0.39020967
breach,P,word2vec_recipe_20_HYP_HALF,0.21674755,0.19714539,0.24358875,0.20882739,0.25662145,0.22622406
intricate,M,word2vec_recipe_20_HYP_HALF,0.16885056,0.19092838,0.20411402,0.23248723,0.22035195,0.2509604
stealth,M,word2vec_recipe_20_HYP_HALF,0.16192861,0.17425694,0.18598157,0.2103024,0.19624712,0.2180902
backside,P,word2vec_recipe_20_HYP_HALF,0.28696027,0.25504154,0.33575928,0.3174915,0.355588,0.33585325
rupture,P,word2vec_recipe_20_HYP_HALF,0.15993181,0.17146324,0.19170044,0.1930483,0.2047215,0.2110216
incomplete,P,word2vec_recipe_20_HYP_HALF,0.14164418,0.12292539,0.16494791,0.15632907,0.1749611,0.16705818
drag,P,word2vec_recipe_20_HYP_HALF,0.324342,0.36818764,0.39185277,0.40827158,0.41894472,0.43213207
institute,P,word2vec_recipe_20_HYP_HALF,0.12007183,0.13054372,0.1483538,0.15440346,0.16218273,0.17215878
exceed,P,word2vec_recipe_20_HYP_HALF,0.31929135,0.25563186,0.37742794,0.3010298,0.40198144,0.35128313
card,H,word2vec_recipe_20_HYP_HALF,0.2904467,0.26340663,0.33961967,0.2823328,0.35870034,0.3021163
artillery,P,word2vec_recipe_20_HYP_HALF,0.16337381,0.17579685,0.19955248,0.21733327,0.21591651,0.22846411
ghetto,P,word2vec_recipe_20_HYP_HALF,0.17501473,0.15138108,0.19807273,0.17680806,0.20868771,0.19048266
blueprint,P,word2vec_recipe_20_HYP_HALF,0.21572323,0.1924112,0.25126752,0.22530279,0.26529875,0.24488887
dirty,P,word2vec_recipe_20_HYP_HALF,0.3703295,0.32443294,0.406292,0.30924293,0.41961002,0.32159427
gang,H,word2vec_recipe_20_HYP_HALF,0.21481352,0.1814534,0.24002731,0.22368915,0.25081453,0.23144373
hurl,P,word2vec_recipe_20_HYP_HALF,0.19267505,0.19946648,0.21801966,0.23804912,0.22945338,0.24888623
pathway,M,word2vec_recipe_20_HYP_HALF,0.16341588,0.18050785,0.20215218,0.23393682,0.2190483,0.2569797
chop,H,word2vec_recipe_20_HYP_HALF,0.28872478,0.3414814,0.38195568,0.39980972,0.41675785,0.40525332
beef,P,word2vec_recipe_20_HYP_HALF,0.23599033,0.33773202,0.3494996,0.3655437,0.38488984,0.37370238
maiden,P,word2vec_recipe_20_HYP_HALF,0.12971011,0.14296497,0.15084252,0.17935535,0.16174024,0.19014114
wondrous,M,word2vec_recipe_20_HYP_HALF,0.12976357,0.14052111,0.14770433,0.16999523,0.15530287,0.17825234
realm,P,word2vec_recipe_20_HYP_HALF,0.13093309,0.14662842,0.15289614,0.15863824,0.16263881,0.16991094
ruse,M,word2vec_recipe_20_HYP_HALF,0.15440878,0.20145205,0.18324977,0.23675947,0.19564983,0.25361708
misery,P,word2vec_recipe_20_HYP_HALF,0.19561394,0.18293557,0.22619058,0.18973906,0.23856874,0.2008882
jealousy,P,word2vec_recipe_20_HYP_HALF,0.21454267,0.18633115,0.24999067,0.185675,0.2626668,0.20092697
darkness,P,word2vec_recipe_20_HYP_HALF,0.34171784,0.3689766,0.41432872,0.4200998,0.43850312,0.4158442
helper,M,word2vec_recipe_20_HYP_HALF,0.3237012,0.34168458,0.3793308,0.36328292,0.39887452,0.35626212
chum,H,word2vec_recipe_20_HYP_HALF,0.27961525,0.22862794,0.3184695,0.26285824,0.33173093,0.2767229
turban,P,word2vec_recipe_20_HYP_HALF,0.29043335,0.31194177,0.3400023,0.39364427,0.35892913,0.4090845
implement,P,word2vec_recipe_20_HYP_HALF,0.28867802,0.34496745,0.35692734,0.38329554,0.38401985,0.40171897
pointless,P,word2vec_recipe_20_HYP_HALF,0.07961856,0.101075,0.09454533,0.121403165,0.102873914,0.13351776
pony,P,word2vec_recipe_20_HYP_HALF,0.2175177,0.23982053,0.2613209,0.30703184,0.27945304,0.3354281
pit,H,word2vec_recipe_20_HYP_HALF,0.30473238,0.36137092,0.40020666,0.4448689,0.43357444,0.47249225
farm,P,word2vec_recipe_20_HYP_HALF,0.32805175,0.34187716,0.39986217,0.33805743,0.42192513,0.33076903
subway,P,word2vec_recipe_20_HYP_HALF,0.19058602,0.22634216,0.22918957,0.25376344,0.24520507,0.26171127
honorable,P,word2vec_recipe_20_HYP_HALF,0.11286633,0.120944574,0.1376503,0.1526106,0.1492202,0.16960579
doubt,P,word2vec_recipe_20_HYP_HALF,0.25312766,0.16753545,0.2838604,0.17471726,0.29687816,0.18126926
occasion,P,word2vec_recipe_20_HYP_HALF,0.3754092,0.31927216,0.42312905,0.2894664,0.4397062,0.2839457
mild,P,word2vec_recipe_20_HYP_HALF,0.31480786,0.30856988,0.36598372,0.3523937,0.38564765,0.37108856
drunken,P,word2vec_recipe_20_HYP_HALF,0.2854152,0.29533988,0.32417783,0.31806386,0.33899528,0.31818622
gear,P,word2vec_recipe_20_HYP_HALF,0.22674882,0.20926593,0.26204357,0.23004375,0.27618247,0.24014798
dark,P,word2vec_recipe_20_HYP_HALF,0.38740212,0.37257826,0.4497452,0.47106284,0.47390682,0.48243144
potent,P,word2vec_recipe_20_HYP_HALF,0.23396793,0.22650105,0.27882662,0.26441318,0.29825053,0.2808459
trademark,P,word2vec_recipe_20_HYP_HALF,0.1834578,0.14903724,0.21727356,0.17360389,0.23376463,0.19490968
oxide,M,word2vec_recipe_20_HYP_HALF,0.19856903,0.28397328,0.25495952,0.32642722,0.27479652,0.3314801
pleasure,P,word2vec_recipe_20_HYP_HALF,0.21643774,0.21696419,0.24760868,0.21338835,0.2608558,0.21881647
definite,P,word2vec_recipe_20_HYP_HALF,0.4368071,0.42636603,0.4990145,0.40784547,0.51857054,0.39685634
snowball,P,word2vec_recipe_20_HYP_HALF,0.3202077,0.27948874,0.36214733,0.2665977,0.3766587,0.2716192
movement,P,word2vec_recipe_20_HYP_HALF,0.279155,0.32360545,0.3487586,0.36614072,0.37287438,0.36140224
strengthen,P,word2vec_recipe_20_HYP_HALF,0.34946775,0.32748425,0.39663202,0.33925357,0.4161769,0.33630708
sesame,P,word2vec_recipe_20_HYP_HALF,0.27394035,0.3187077,0.34462747,0.37728375,0.3769721,0.3908792
summertime,M,word2vec_recipe_20_HYP_HALF,0.25799975,0.33848363,0.32099974,0.3707922,0.34250528,0.3745103
attitude,P,word2vec_recipe_20_HYP_HALF,0.18588802,0.18710071,0.21347484,0.20830625,0.22472022,0.21855167
homework,M,word2vec_recipe_20_HYP_HALF,0.09277384,0.10077776,0.10999524,0.123401694,0.11994314,0.13818917
careless,P,word2vec_recipe_20_HYP_HALF,0.10978053,0.10570478,0.13141266,0.13180879,0.14043911,0.14457645
delivery,P,word2vec_recipe_20_HYP_HALF,0.1614434,0.13292858,0.18312973,0.15043777,0.19395353,0.16195138
smoke,P,word2vec_recipe_20_HYP_HALF,0.38858408,0.31898978,0.45404938,0.4551267,0.48108664,0.4664838
hook,P,word2vec_recipe_20_HYP_HALF,0.3132911,0.40402833,0.4289939,0.5026427,0.4722818,0.53110105
tit,H,word2vec_recipe_20_HYP_HALF,0.16710146,0.1421053,0.19203264,0.16806948,0.2023139,0.1771249
brochure,M,word2vec_recipe_20_HYP_HALF,0.17353962,0.18085518,0.20489459,0.24084702,0.21857968,0.2605377
account,P,word2vec_recipe_20_HYP_HALF,0.3292881,0.3210705,0.37147877,0.29094496,0.3874015,0.28261498
prick,P,word2vec_recipe_20_HYP_HALF,0.31322137,0.37629226,0.43697244,0.47844845,0.47612584,0.49259663
gather,P,word2vec_recipe_20_HYP_HALF,0.3718844,0.39259642,0.42641872,0.42980108,0.44970918,0.42592618
cocoon,P,word2vec_recipe_20_HYP_HALF,0.2154878,0.20984393,0.2563225,0.27920035,0.27315173,0.3044385
sheep,P,word2vec_recipe_20_HYP_HALF,0.36101618,0.34864098,0.4101039,0.39301318,0.42848742,0.3941076
lettuce,P,word2vec_recipe_20_HYP_HALF,0.26109144,0.32830864,0.37094325,0.41940287,0.411106,0.42680088
fool,P,word2vec_recipe_20_HYP_HALF,0.3304809,0.37700036,0.39190155,0.40198803,0.41481072,0.40929013
rave,P,word2vec_recipe_20_HYP_HALF,0.26084533,0.26532462,0.30661342,0.2624251,0.3200787,0.26076618
stream,P,word2vec_recipe_20_HYP_HALF,0.31540146,0.40381432,0.4388837,0.48897055,0.48354053,0.50255525
tricky,P,word2vec_recipe_20_HYP_HALF,0.24476297,0.18562067,0.28356388,0.17854673,0.29793242,0.1872307
decisive,P,word2vec_recipe_20_HYP_HALF,0.22354536,0.24989432,0.2663128,0.28855816,0.28425875,0.30267462
intake,P,word2vec_recipe_20_HYP_HALF,0.29226923,0.25212193,0.34350857,0.29473105,0.35787034,0.2888439
mess,P,word2vec_recipe_20_HYP_HALF,0.2820161,0.21339129,0.32140073,0.2242879,0.33508256,0.22422221
describe,P,word2vec_recipe_20_HYP_HALF,0.20523389,0.15849727,0.23032087,0.16504018,0.24146613,0.1678341
flock,H,word2vec_recipe_20_HYP_HALF,0.16885148,0.16342168,0.19396786,0.18601675,0.20465682,0.18772608
grab,P,word2vec_recipe_20_HYP_HALF,0.3677403,0.27433297,0.41310093,0.33132443,0.43065748,0.32442564
sucker,P,word2vec_recipe_20_HYP_HALF,0.2809777,0.30260223,0.33152583,0.33263963,0.35002527,0.34346363
den,P,word2vec_recipe_20_HYP_HALF,0.23728004,0.22674629,0.26950675,0.25146383,0.28094637,0.2638888
encore,P,word2vec_recipe_20_HYP_HALF,0.15417252,0.13556619,0.17726015,0.1652121,0.18668194,0.17222428
ambition,P,word2vec_recipe_20_HYP_HALF,0.14697526,0.156647,0.17396824,0.17566274,0.18487065,0.18502566
middle,P,word2vec_recipe_20_HYP_HALF,0.34667972,0.38771385,0.44229048,0.40995723,0.47120187,0.42906153
feather,P,word2vec_recipe_20_HYP_HALF,0.36798266,0.37760857,0.4161087,0.36964244,0.4331046,0.36934003
motel,M,word2vec_recipe_20_HYP_HALF,0.13098392,0.15172976,0.15728936,0.17998567,0.16781393,0.19106038
drastic,P,word2vec_recipe_20_HYP_HALF,0.09203134,0.10499492,0.10982829,0.12986928,0.11933377,0.14579533
nail,P,word2vec_recipe_20_HYP_HALF,0.29513362,0.3014686,0.33992594,0.34360594,0.35874465,0.35073116
knit,P,word2vec_recipe_20_HYP_HALF,0.19550803,0.20144919,0.22588956,0.23315345,0.2391465,0.24581817
confession,P,word2vec_recipe_20_HYP_HALF,0.1275488,0.10717432,0.15268655,0.13527398,0.16489963,0.14948148
vicious,P,word2vec_recipe_20_HYP_HALF,0.19068687,0.16231221,0.2156689,0.19504106,0.22608526,0.2051716
nest,P,word2vec_recipe_20_HYP_HALF,0.37495112,0.43979463,0.44881326,0.45101357,0.4740132,0.46258807
dreamy,P,word2vec_recipe_20_HYP_HALF,0.28692523,0.27740753,0.33212718,0.29296395,0.34962228,0.30723688
hut,P,word2vec_recipe_20_HYP_HALF,0.24961896,0.25875634,0.31495968,0.30255723,0.3366867,0.3027811
rhythm,P,word2vec_recipe_20_HYP_HALF,0.1891718,0.15885317,0.21957494,0.1719994,0.23132527,0.18855308
instruct,P,word2vec_recipe_20_HYP_HALF,0.2769354,0.22073638,0.31368405,0.23010579,0.32747918,0.2350748
perform,P,word2vec_recipe_20_HYP_HALF,0.30302626,0.27248836,0.35197178,0.265756,0.3719104,0.26930577
upstate,P,word2vec_recipe_20_HYP_HALF,0.13725638,0.1645074,0.1573921,0.1767305,0.16683353,0.18684834
kit,P,word2vec_recipe_20_HYP_HALF,0.39331323,0.37899962,0.4460464,0.38631472,0.4634679,0.39168814
producer,P,word2vec_recipe_20_HYP_HALF,0.094823085,0.115117356,0.11910296,0.15444005,0.13187225,0.17169537
monster,P,word2vec_recipe_20_HYP_HALF,0.27216446,0.23474169,0.31798068,0.29774252,0.33536163,0.30686387
goofy,M,word2vec_recipe_20_HYP_HALF,0.14537935,0.14013968,0.17417146,0.17849964,0.18676467,0.1891426
perk,H,word2vec_recipe_20_HYP_HALF,0.35200194,0.38099644,0.46380657,0.48320615,0.5003652,0.4934879
shaft,P,word2vec_recipe_20_HYP_HALF,0.274028,0.3327153,0.33742404,0.39135435,0.36221337,0.3998832
suck,P,word2vec_recipe_20_HYP_HALF,0.2811062,0.2645482,0.32498318,0.2735587,0.34040767,0.27624992
primal,P,word2vec_recipe_20_HYP_HALF,0.2528631,0.24010707,0.2894329,0.2462226,0.30286598,0.24866293
invasion,P,word2vec_recipe_20_HYP_HALF,0.12717037,0.14934888,0.14670387,0.16705453,0.15574726,0.18580544
visa,P,word2vec_recipe_20_HYP_HALF,0.17097896,0.13614398,0.19509478,0.14847362,0.2051717,0.15762962
differ,P,word2vec_recipe_20_HYP_HALF,0.24427328,0.3008528,0.31563786,0.31145048,0.34140494,0.29884332
margin,P,word2vec_recipe_20_HYP_HALF,0.32094902,0.3358651,0.40705776,0.30238432,0.43190992,0.3025701
explosion,P,word2vec_recipe_20_HYP_HALF,0.34202507,0.33493802,0.39652076,0.34450844,0.4149012,0.3485844
disregard,P,word2vec_recipe_20_HYP_HALF,0.38162246,0.3244261,0.41961545,0.28815845,0.43286788,0.2900123
rear,H,word2vec_recipe_20_HYP_HALF,0.2366246,0.21349193,0.29505742,0.31709087,0.32218826,0.34818304
counter,H,word2vec_recipe_20_HYP_HALF,0.30596915,0.31916663,0.3928723,0.37486517,0.4240984,0.4025611
redneck,P,word2vec_recipe_20_HYP_HALF,0.19675677,0.18614523,0.22553043,0.19507857,0.23691243,0.21180576
familiar,P,word2vec_recipe_20_HYP_HALF,0.250793,0.22198464,0.281486,0.21284707,0.29317772,0.21862729
outfit,P,word2vec_recipe_20_HYP_HALF,0.28258651,0.31786817,0.33523715,0.37976527,0.36134103,0.39922547
hunt,P,word2vec_recipe_20_HYP_HALF,0.18527648,0.14440979,0.21441174,0.18213867,0.22739437,0.19584133
video,P,word2vec_recipe_20_HYP_HALF,0.21760535,0.24749386,0.28657168,0.2743438,0.31057128,0.27238646
trash,P,word2vec_recipe_20_HYP_HALF,0.35040063,0.41083428,0.4245552,0.4374824,0.44906017,0.445455
meter,H,word2vec_recipe_20_HYP_HALF,0.27787608,0.32791397,0.3169853,0.34742042,0.3339451,0.34879053
chopper,P,word2vec_recipe_20_HYP_HALF,0.30907163,0.31911588,0.40499023,0.40479293,0.4497515,0.4375361
orchard,P,word2vec_recipe_20_HYP_HALF,0.24128354,0.22879589,0.27343774,0.25139964,0.2867052,0.26337084
scatter,P,word2vec_recipe_20_HYP_HALF,0.32561874,0.43360358,0.42229226,0.45837817,0.45135555,0.43257734
winner,M,word2vec_recipe_20_HYP_HALF,0.25460824,0.26973346,0.29133865,0.2653458,0.30607718,0.27620095
mush,H,word2vec_recipe_20_HYP_HALF,0.3822694,0.39313042,0.43338907,0.37028378,0.4526149,0.36366352
utility,P,word2vec_recipe_20_HYP_HALF,0.40989143,0.43174332,0.4776708,0.4964142,0.5021504,0.5140916
action,P,word2vec_recipe_20_HYP_HALF,0.35397854,0.39645892,0.40648514,0.41314355,0.42767715,0.42230555
rut,H,word2vec_recipe_20_HYP_HALF,0.14155936,0.1281895,0.16391611,0.14484276,0.17211862,0.1520035
melody,P,word2vec_recipe_20_HYP_HALF,0.20953779,0.18779829,0.23392898,0.22194012,0.24345589,0.22696298
television,P,word2vec_recipe_20_HYP_HALF,0.15850501,0.1587873,0.18691593,0.18379585,0.20024842,0.1903163
borrow,P,word2vec_recipe_20_HYP_HALF,0.13814464,0.11569742,0.15839098,0.13507758,0.16866015,0.14950706
danger,P,word2vec_recipe_20_HYP_HALF,0.29372373,0.2642604,0.3384221,0.28597692,0.35607564,0.28664005
script,P,word2vec_recipe_20_HYP_HALF,0.13871613,0.11632004,0.15928598,0.13778894,0.16936702,0.1553448
curb,P,word2vec_recipe_20_HYP_HALF,0.1143801,0.11717019,0.13308956,0.14100808,0.1416678,0.15253174
tile,P,word2vec_recipe_20_HYP_HALF,0.3356783,0.36355287,0.39650285,0.40038466,0.41766083,0.40902573
strategic,P,word2vec_recipe_20_HYP_HALF,0.2133809,0.21569914,0.24831317,0.24766538,0.2615374,0.2622647
normal,P,word2vec_recipe_20_HYP_HALF,0.27660972,0.25024486,0.31776556,0.2502286,0.3325457,0.2360835
diabetes,M,word2vec_recipe_20_HYP_HALF,0.17931075,0.18135595,0.20591414,0.18149276,0.2172864,0.19150414
partial,P,word2vec_recipe_20_HYP_HALF,0.30605966,0.19782034,0.33887967,0.20577595,0.35061333,0.20544282
mitt,P,word2vec_recipe_20_HYP_HALF,0.34715348,0.3892675,0.43843484,0.4284664,0.46739444,0.43784755
fence,P,word2vec_recipe_20_HYP_HALF,0.16098072,0.18427143,0.19905548,0.21755242,0.22229742,0.25584272
fork,P,word2vec_recipe_20_HYP_HALF,0.36557093,0.40342414,0.46807167,0.50702083,0.51356435,0.5278827
lick,P,word2vec_recipe_20_HYP_HALF,0.3181305,0.22681054,0.35667634,0.23990399,0.3710987,0.24984619
overcome,P,word2vec_recipe_20_HYP_HALF,0.11154517,0.123659246,0.13290836,0.14672872,0.14258362,0.16237482
steer,H,word2vec_recipe_20_HYP_HALF,0.3225264,0.23351158,0.36029357,0.27135205,0.37279814,0.2748576
hallway,P,word2vec_recipe_20_HYP_HALF,0.16496596,0.19385174,0.19304574,0.22600266,0.20574027,0.24442889
cheat,P,word2vec_recipe_20_HYP_HALF,0.30617934,0.21726164,0.3452245,0.21827686,0.35843572,0.23354262
single,P,word2vec_recipe_20_HYP_HALF,0.38709208,0.47772026,0.47868565,0.5067224,0.50984025,0.4902397
shirt,M,word2vec_recipe_20_HYP_HALF,0.1844987,0.18672012,0.2261033,0.24000464,0.24778114,0.27143836
flight,H,word2vec_recipe_20_HYP_HALF,0.15687795,0.18065657,0.18181898,0.18770616,0.19295,0.20167454
mixer,P,word2vec_recipe_20_HYP_HALF,0.25030774,0.35114655,0.37943456,0.3994584,0.4343672,0.42846826
thankful,M,word2vec_recipe_20_HYP_HALF,0.11427438,0.09888741,0.1369481,0.12991276,0.14687632,0.1445387
muscle,P,word2vec_recipe_20_HYP_HALF,0.29329214,0.29809156,0.36181942,0.3430796,0.39351547,0.36838034
behave,P,word2vec_recipe_20_HYP_HALF,0.13658981,0.11189732,0.16229282,0.14246921,0.1729826,0.15338384
suitcase,M,word2vec_recipe_20_HYP_HALF,0.1182249,0.12709013,0.13854809,0.13961181,0.1479392,0.15381506
price,P,word2vec_recipe_20_HYP_HALF,0.24570484,0.24569954,0.2787353,0.24909943,0.29325297,0.2549573
glamorous,M,word2vec_recipe_20_HYP_HALF,0.14947727,0.13671125,0.17000164,0.15408415,0.17966221,0.16881941
bowel,P,word2vec_recipe_20_HYP_HALF,0.35692042,0.4026968,0.4545949,0.46520704,0.4828212,0.4597933
advance,P,word2vec_recipe_20_HYP_HALF,0.30798376,0.3876069,0.42924222,0.45554116,0.47273108,0.46067935
curl,P,word2vec_recipe_20_HYP_HALF,0.42729282,0.4640187,0.48513642,0.46774054,0.5072036,0.45763075
delete,M,word2vec_recipe_20_HYP_HALF,0.27526617,0.33024442,0.32958448,0.3749364,0.35193416,0.37772226
cannibal,P,word2vec_recipe_20_HYP_HALF,0.12242136,0.13742809,0.13934045,0.16277577,0.14765169,0.1720744
rendezvous,P,word2vec_recipe_20_HYP_HALF,0.15733202,0.18114997,0.18596451,0.19571511,0.19835407,0.20530371
snow,P,word2vec_recipe_20_HYP_HALF,0.3225698,0.32522994,0.4247664,0.43543413,0.4594131,0.44145575
issue,P,word2vec_recipe_20_HYP_HALF,0.24343438,0.22953327,0.2851432,0.22364858,0.3007024,0.24290603
gorgeous,M,word2vec_recipe_20_HYP_HALF,0.25302905,0.33017743,0.32238078,0.3667856,0.3480854,0.35985735
lump,P,word2vec_recipe_20_HYP_HALF,0.46722072,0.5114578,0.5240544,0.46583232,0.5410157,0.43863526
cloth,P,word2vec_recipe_20_HYP_HALF,0.25975913,0.28940257,0.39090452,0.41855392,0.44150007,0.4502209
faith,P,word2vec_recipe_20_HYP_HALF,0.2665294,0.26563716,0.41296083,0.34038535,0.45971498,0.3505167
doubtful,P,word2vec_recipe_20_HYP_HALF,0.09364865,0.09441955,0.11246996,0.124132395,0.12263864,0.14083889
salute,P,word2vec_recipe_20_HYP_HALF,0.31522536,0.27180994,0.35919845,0.3312278,0.37513652,0.3458706
sulfur,P,word2vec_recipe_20_HYP_HALF,0.16455325,0.14247851,0.19645172,0.18741964,0.20977367,0.20195305
deed,P,word2vec_recipe_20_HYP_HALF,0.10520969,0.104944475,0.123616114,0.12439439,0.13288806,0.13699898
heat,P,word2vec_recipe_20_HYP_HALF,0.32527262,0.2983442,0.38516462,0.335606,0.4101068,0.3576691
unbearable,M,word2vec_recipe_20_HYP_HALF,0.13467157,0.12261158,0.15735978,0.1506023,0.16768385,0.16040428
ambitious,P,word2vec_recipe_20_HYP_HALF,0.18982282,0.16567768,0.21547739,0.16952893,0.22745492,0.17361978
noble,P,word2vec_recipe_20_HYP_HALF,0.15576455,0.16225578,0.18016772,0.1855918,0.19066593,0.19431879
crystal,P,word2vec_recipe_20_HYP_HALF,0.3853004,0.35487655,0.44603637,0.40554002,0.4667625,0.40642476
underwater,P,word2vec_recipe_20_HYP_HALF,0.3740036,0.40910885,0.4375578,0.39820683,0.45946983,0.40923068
spaghetti,P,word2vec_recipe_20_HYP_HALF,0.21621223,0.25031525,0.31425104,0.36214843,0.35215965,0.38371783
pocket,P,word2vec_recipe_20_HYP_HALF,0.37441677,0.41105503,0.43553716,0.45729014,0.45856354,0.4637321
mental,P,word2vec_recipe_20_HYP_HALF,0.18559349,0.14881416,0.21127658,0.17200525,0.22320129,0.17768247
clipper,P,word2vec_recipe_20_HYP_HALF,0.1438517,0.14450413,0.16962086,0.16977257,0.18075024,0.17939775
jar,H,word2vec_recipe_20_HYP_HALF,0.24321035,0.31100768,0.3362827,0.37115413,0.38552588,0.42283124
minimal,M,word2vec_recipe_20_HYP_HALF,0.35078666,0.3413235,0.39256227,0.2927548,0.4085402,0.2837779
coin,P,word2vec_recipe_20_HYP_HALF,0.3302922,0.2743876,0.3864846,0.33186805,0.40789756,0.35966903
rejoice,P,word2vec_recipe_20_HYP_HALF,0.15271366,0.13654506,0.17303939,0.14394468,0.18184936,0.15495446
giraffe,M,word2vec_recipe_20_HYP_HALF,0.17938703,0.20385265,0.20866415,0.24422823,0.22078773,0.2604784
informal,P,word2vec_recipe_20_HYP_HALF,0.18815479,0.20201027,0.2226686,0.23511529,0.2383112,0.23282747
inner,P,word2vec_recipe_20_HYP_HALF,0.3045988,0.29785877,0.37384063,0.35758305,0.4005597,0.36878288
attendance,P,word2vec_recipe_20_HYP_HALF,0.10068239,0.102019645,0.11964039,0.13063122,0.1282889,0.142343
utter,H,word2vec_recipe_20_HYP_HALF,0.30421603,0.25556156,0.34154522,0.28982928,0.35528168,0.2973967
mankind,P,word2vec_recipe_20_HYP_HALF,0.11434007,0.11834307,0.13232084,0.13884409,0.14085189,0.14973246
blob,P,word2vec_recipe_20_HYP_HALF,0.32260895,0.41495803,0.42168212,0.50615734,0.45377305,0.50433093
discard,P,word2vec_recipe_20_HYP_HALF,0.33991772,0.36974972,0.425034,0.42488983,0.45384157,0.44978216
beetle,H,word2vec_recipe_20_HYP_HALF,0.19163637,0.2053006,0.23235396,0.24245039,0.25029528,0.2677277
pimple,M,word2vec_recipe_20_HYP_HALF,0.17943606,0.17122078,0.20442961,0.18344954,0.21470296,0.18929024
effort,P,word2vec_recipe_20_HYP_HALF,0.26707226,0.2502702,0.306877,0.22637281,0.32027704,0.2138022
fish,P,word2vec_recipe_20_HYP_HALF,0.204021,0.23072273,0.32047394,0.3776625,0.37924266,0.4195286
dust,P,word2vec_recipe_20_HYP_HALF,0.37719265,0.41773674,0.46273422,0.43959317,0.48948494,0.4432773
shortcut,P,word2vec_recipe_20_HYP_HALF,0.31604224,0.3520539,0.365275,0.36837384,0.38245896,0.37257847
lift,P,word2vec_recipe_20_HYP_HALF,0.3270309,0.39024055,0.40013072,0.39299247,0.4243695,0.39730492
pig,P,word2vec_recipe_20_HYP_HALF,0.31263438,0.37671435,0.3753352,0.42166752,0.39709634,0.42836523
molasses,M,word2vec_recipe_20_HYP_HALF,0.34252203,0.42346632,0.41937253,0.4568265,0.44519848,0.44142696
belt,P,word2vec_recipe_20_HYP_HALF,0.18104026,0.19686283,0.22203602,0.24013719,0.24292682,0.26158968
uniform,P,word2vec_recipe_20_HYP_HALF,0.3308968,0.40515992,0.4035379,0.44292837,0.42989823,0.45005497
homestead,P,word2vec_recipe_20_HYP_HALF,0.11611329,0.11723126,0.1381737,0.14378609,0.14788155,0.15841158
apparent,P,word2vec_recipe_20_HYP_HALF,0.28584155,0.28094888,0.33952975,0.33046278,0.35936365,0.35123384
arrest,P,word2vec_recipe_20_HYP_HALF,0.27200717,0.34185386,0.3465493,0.4042318,0.37500492,0.40995088
link,P,word2vec_recipe_20_HYP_HALF,0.312961,0.2954576,0.38664004,0.35901242,0.4111094,0.3713539
solo,P,word2vec_recipe_20_HYP_HALF,0.39722055,0.332396,0.43603927,0.36273623,0.4481707,0.3602676
adore,P,word2vec_recipe_20_HYP_HALF,0.124494836,0.1172907,0.14667635,0.13959074,0.15644136,0.14819184
floss,P,word2vec_recipe_20_HYP_HALF,0.3365882,0.29070133,0.40287676,0.3523667,0.4231273,0.3679818
lawn,H,word2vec_recipe_20_HYP_HALF,0.19070975,0.23804317,0.22954677,0.25828412,0.24693531,0.26891056
commodity,P,word2vec_recipe_20_HYP_HALF,0.12238456,0.1293733,0.1414404,0.14551897,0.15068802,0.15653762
righteous,P,word2vec_recipe_20_HYP_HALF,0.15303385,0.15057498,0.17786518,0.18636791,0.18850863,0.20257041
wagon,P,word2vec_recipe_20_HYP_HALF,0.32748508,0.28608,0.3717995,0.2643058,0.38872162,0.26533705
allowance,P,word2vec_recipe_20_HYP_HALF,0.2101847,0.20938708,0.24570398,0.23937537,0.26006415,0.25432268
decorate,P,word2vec_recipe_20_HYP_HALF,0.27344674,0.3057878,0.353991,0.36746475,0.38413483,0.37615693
smack,H,word2vec_recipe_20_HYP_HALF,0.2985961,0.38792136,0.38078758,0.4407669,0.41162938,0.4558249
chapel,P,word2vec_recipe_20_HYP_HALF,0.13488838,0.123467006,0.15565802,0.16055632,0.16595143,0.17088555
marvel,P,word2vec_recipe_20_HYP_HALF,0.26844174,0.24236211,0.3041588,0.24308841,0.31727794,0.25119135
furry,P,word2vec_recipe_20_HYP_HALF,0.21751547,0.24300003,0.32031268,0.34076273,0.35919166,0.37406534
stag,P,word2vec_recipe_20_HYP_HALF,0.11068086,0.120962106,0.12940422,0.14886528,0.13925804,0.15963669
assemble,P,word2vec_recipe_20_HYP_HALF,0.42060852,0.46175689,0.51859605,0.45620933,0.54342294,0.44138995
box,H,word2vec_recipe_20_HYP_HALF,0.30105406,0.2987716,0.41138417,0.42502955,0.45601752,0.4511945
orbit,P,word2vec_recipe_20_HYP_HALF,0.11748073,0.1336316,0.14471424,0.15978009,0.15748833,0.17787695
laundry,P,word2vec_recipe_20_HYP_HALF,0.24312222,0.25146806,0.29747856,0.2861002,0.31966022,0.29727936
commit,P,word2vec_recipe_20_HYP_HALF,0.11392373,0.12351177,0.13416016,0.14203607,0.14212225,0.1486895
net,H,word2vec_recipe_20_HYP_HALF,0.29361624,0.194677,0.33075845,0.13405508,0.34146458,0.1193478
hike,P,word2vec_recipe_20_HYP_HALF,0.23489377,0.22813354,0.26903743,0.24988073,0.28372523,0.25839627
slipper,M,word2vec_recipe_20_HYP_HALF,0.24929598,0.2660136,0.2919258,0.2901723,0.30896074,0.30051464
civil,P,word2vec_recipe_20_HYP_HALF,0.1510067,0.14686538,0.18008544,0.17290913,0.19273622,0.18678784
author,P,word2vec_recipe_20_HYP_HALF,0.17727478,0.1709729,0.21303368,0.20859706,0.23008823,0.22323368
meaningful,M,word2vec_recipe_20_HYP_HALF,0.17760193,0.20805858,0.21768302,0.23989649,0.2320896,0.23386022
importance,P,word2vec_recipe_20_HYP_HALF,0.14232251,0.1261764,0.16446894,0.14510764,0.17385775,0.15142278
venture,P,word2vec_recipe_20_HYP_HALF,0.106652975,0.0993063,0.12684503,0.12820248,0.13587172,0.14032681
shovel,P,word2vec_recipe_20_HYP_HALF,0.34491962,0.37493962,0.41862142,0.39063194,0.44131747,0.39650363
finish,P,word2vec_recipe_20_HYP_HALF,0.3937019,0.3982296,0.4426781,0.35143638,0.4589695,0.34248057
discomfort,P,word2vec_recipe_20_HYP_HALF,0.16493355,0.1616611,0.19479696,0.17786328,0.2073629,0.19602048
tire,H,word2vec_recipe_20_HYP_HALF,0.2061052,0.20112163,0.23879705,0.2430662,0.2518245,0.25081018
garden,P,word2vec_recipe_20_HYP_HALF,0.27982563,0.28948674,0.32905474,0.31781396,0.34723595,0.31757748
rearrange,P,word2vec_recipe_20_HYP_HALF,0.42482537,0.44234025,0.49374565,0.43883994,0.51641846,0.4601961
deluxe,P,word2vec_recipe_20_HYP_HALF,0.19740213,0.16319197,0.23130035,0.17801623,0.24816437,0.18990014
patron,P,word2vec_recipe_20_HYP_HALF,0.13926667,0.14434147,0.17977689,0.2027346,0.20182283,0.2326727
goody,P,word2vec_recipe_20_HYP_HALF,0.16375296,0.17577404,0.20006189,0.19386116,0.21507601,0.20249316
previous,P,word2vec_recipe_20_HYP_HALF,0.3891682,0.4189881,0.43925855,0.3946039,0.45776147,0.37945446
outlet,P,word2vec_recipe_20_HYP_HALF,0.18501453,0.20384668,0.22004323,0.24146977,0.23425448,0.26199025
comparison,P,word2vec_recipe_20_HYP_HALF,0.16861339,0.14412875,0.19507189,0.16330932,0.20601958,0.17556183
electric,P,word2vec_recipe_20_HYP_HALF,0.2745232,0.28243673,0.39660192,0.4003401,0.44986993,0.4424489
bathroom,P,word2vec_recipe_20_HYP_HALF,0.24647537,0.24811293,0.28869653,0.29346988,0.30827075,0.31359756
sheer,H,word2vec_recipe_20_HYP_HALF,0.25021872,0.20565034,0.28049636,0.20412183,0.29340523,0.21910681
insist,P,word2vec_recipe_20_HYP_HALF,0.2939227,0.23709306,0.3372876,0.23896328,0.3509406,0.2304491
original,P,word2vec_recipe_20_HYP_HALF,0.36319038,0.2464251,0.4056243,0.26871285,0.4194495,0.26677915
cheesecake,P,word2vec_recipe_20_HYP_HALF,0.28563586,0.37544715,0.38056192,0.4455301,0.41006264,0.43807977
unprepared,P,word2vec_recipe_20_HYP_HALF,0.29418874,0.2169684,0.38193372,0.33523577,0.4226702,0.37547442
ignite,P,word2vec_recipe_20_HYP_HALF,0.2987045,0.33971155,0.43406337,0.50292444,0.47715482,0.52611995
spotlight,P,word2vec_recipe_20_HYP_HALF,0.17284751,0.1672419,0.19511032,0.19891025,0.20516606,0.2146413
stage,P,word2vec_recipe_20_HYP_HALF,0.26171625,0.20168564,0.36616975,0.33816984,0.43543494,0.441894
multiple,P,word2vec_recipe_20_HYP_HALF,0.35897443,0.35169876,0.4071599,0.32792833,0.42317912,0.32936507
protector,P,word2vec_recipe_20_HYP_HALF,0.38092262,0.41608593,0.44724557,0.4530765,0.4691885,0.4802335
creep,P,word2vec_recipe_20_HYP_HALF,0.2119884,0.1929239,0.24930485,0.21402588,0.2632636,0.22448795
sharpen,M,word2vec_recipe_20_HYP_HALF,0.35503596,0.36811185,0.40371022,0.3891356,0.42127442,0.4008217
nonsense,P,word2vec_recipe_20_HYP_HALF,0.1406891,0.145791,0.16372925,0.15419537,0.17290339,0.1619548
absolute,P,word2vec_recipe_20_HYP_HALF,0.28284916,0.25539386,0.32220283,0.27876544,0.3383673,0.2669007
nasty,P,word2vec_recipe_20_HYP_HALF,0.23552565,0.25137973,0.28202564,0.27341902,0.2999781,0.2775632
mermaid,M,word2vec_recipe_20_HYP_HALF,0.21999514,0.2379031,0.26134643,0.28807303,0.27807692,0.29606855
flash,P,word2vec_recipe_20_HYP_HALF,0.47146973,0.5053341,0.51789284,0.44902363,0.531924,0.44137245
piggyback,P,word2vec_recipe_20_HYP_HALF,0.14406793,0.17300716,0.16826215,0.21055748,0.17854664,0.22146147
blind,P,word2vec_recipe_20_HYP_HALF,0.38285497,0.46450776,0.48809773,0.49998927,0.51753014,0.5124795
billion,P,word2vec_recipe_20_HYP_HALF,0.20613134,0.16994978,0.23106539,0.18349676,0.24189971,0.18623301
stock,P,word2vec_recipe_20_HYP_HALF,0.25996786,0.29163563,0.36256194,0.39398828,0.39437485,0.41124701
messy,P,word2vec_recipe_20_HYP_HALF,0.25027704,0.22454372,0.2879138,0.20739165,0.30112904,0.20518225
doorway,M,word2vec_recipe_20_HYP_HALF,0.13410474,0.16880564,0.166656,0.21283104,0.1866315,0.24195452
farmers,M,word2vec_recipe_20_HYP_HALF,0.31430525,0.3187215,0.38073856,0.3539578,0.4009739,0.35424045
suit,P,word2vec_recipe_20_HYP_HALF,0.26731735,0.3031671,0.35578987,0.36896405,0.39120692,0.37249127
seaweed,P,word2vec_recipe_20_HYP_HALF,0.23242621,0.31800187,0.3029564,0.3596288,0.34006986,0.38357022
heartbreak,M,word2vec_recipe_20_HYP_HALF,0.11211948,0.15006816,0.13894165,0.18770146,0.15024143,0.19914138
fountain,P,word2vec_recipe_20_HYP_HALF,0.27927622,0.2502538,0.31864262,0.30859348,0.33886322,0.33245626
planet,P,word2vec_recipe_20_HYP_HALF,0.20291014,0.18500341,0.23017207,0.2097342,0.24140446,0.21858801
vacation,P,word2vec_recipe_20_HYP_HALF,0.15158746,0.14927259,0.17452003,0.17936386,0.18539435,0.19394074
necessary,P,word2vec_recipe_20_HYP_HALF,0.28108126,0.25637236,0.39938518,0.33514342,0.43680683,0.35663983
ninth,P,word2vec_recipe_20_HYP_HALF,0.23167971,0.29445842,0.32239285,0.32432362,0.34813282,0.31689635
blame,P,word2vec_recipe_20_HYP_HALF,0.11181265,0.10722064,0.13651328,0.1384223,0.14859562,0.15323456
doorknob,M,word2vec_recipe_20_HYP_HALF,0.14482,0.16504206,0.18586116,0.21386184,0.2088807,0.2528139
mutt,M,word2vec_recipe_20_HYP_HALF,0.096682005,0.10150709,0.122486226,0.1404343,0.13621913,0.1593572
height,P,word2vec_recipe_20_HYP_HALF,0.35868633,0.40187424,0.4183279,0.36876395,0.43615666,0.37056825
sensual,P,word2vec_recipe_20_HYP_HALF,0.15834734,0.15522492,0.18309642,0.18511331,0.19194405,0.19385315
contestant,P,word2vec_recipe_20_HYP_HALF,0.30217642,0.24106815,0.36137336,0.28687102,0.3826691,0.29167265
jig,H,word2vec_recipe_20_HYP_HALF,0.15818754,0.18867926,0.19132054,0.2395758,0.20574158,0.26057515
screwball,P,word2vec_recipe_20_HYP_HALF,0.08734433,0.11459874,0.118715286,0.15358357,0.13389981,0.17056057
cartoon,P,word2vec_recipe_20_HYP_HALF,0.22176166,0.22699158,0.2551267,0.23324642,0.26833048,0.25187886
tunnel,P,word2vec_recipe_20_HYP_HALF,0.36113924,0.32811794,0.41523537,0.40676597,0.43529284,0.41330108
vessel,P,word2vec_recipe_20_HYP_HALF,0.38496813,0.42667502,0.43989524,0.4565113,0.4598977,0.4711527
weapon,P,word2vec_recipe_20_HYP_HALF,0.23732355,0.18166636,0.2679426,0.1959632,0.28033364,0.20087343
peroxide,P,word2vec_recipe_20_HYP_HALF,0.21415564,0.22555213,0.28163433,0.290325,0.3098177,0.31186607
contact,P,word2vec_recipe_20_HYP_HALF,0.43115926,0.44162223,0.48772156,0.44050074,0.5112372,0.44909346
neutralize,P,word2vec_recipe_20_HYP_HALF,0.19768532,0.21464333,0.24108528,0.25000665,0.25991035,0.26735732
slight,P,word2vec_recipe_20_HYP_HALF,0.40426755,0.3647397,0.45321143,0.38966107,0.47384277,0.40094784
stubborn,P,word2vec_recipe_20_HYP_HALF,0.25767574,0.2754089,0.31136897,0.30990362,0.33129716,0.31521693
ruler,P,word2vec_recipe_20_HYP_HALF,0.27188006,0.28217748,0.33746856,0.3205647,0.36153007,0.341358
maximum,P,word2vec_recipe_20_HYP_HALF,0.37735108,0.35013375,0.4313684,0.38108027,0.4500428,0.38412702
signal,P,word2vec_recipe_20_HYP_HALF,0.33914933,0.34536198,0.45969123,0.42503163,0.5007156,0.4763638
ramp,P,word2vec_recipe_20_HYP_HALF,0.32434085,0.40447402,0.40132615,0.45242372,0.4286729,0.45318812
wrapped,P,word2vec_recipe_20_HYP_HALF,0.37187752,0.44741318,0.46260402,0.51753074,0.49198583,0.52720994
custard,M,word2vec_recipe_20_HYP_HALF,0.33391753,0.4441968,0.41039783,0.48724946,0.43814147,0.4863748
component,P,word2vec_recipe_20_HYP_HALF,0.30875635,0.2508625,0.34167185,0.25978994,0.3551217,0.266896
suspension,P,word2vec_recipe_20_HYP_HALF,0.23769312,0.25378525,0.27160326,0.2552194,0.28671813,0.28312635
code,P,word2vec_recipe_20_HYP_HALF,0.19473226,0.15291949,0.22672604,0.1728551,0.23866375,0.1865033
loosen,P,word2vec_recipe_20_HYP_HALF,0.36415085,0.39292732,0.46785724,0.4711146,0.5026898,0.46613598
generous,P,word2vec_recipe_20_HYP_HALF,0.351066,0.42996112,0.43860105,0.5015008,0.46798715,0.49258047
ham,H,word2vec_recipe_20_HYP_HALF,0.3331507,0.43223968,0.39304924,0.4463791,0.4187361,0.43920025
exist,P,word2vec_recipe_20_HYP_HALF,0.2217269,0.18060623,0.25624043,0.19126682,0.27000132,0.20593265
shout,P,word2vec_recipe_20_HYP_HALF,0.17689298,0.1583303,0.20294769,0.16978982,0.2145999,0.18593435
bold,P,word2vec_recipe_20_HYP_HALF,0.23660477,0.22232252,0.28002492,0.24848086,0.30157,0.28154325
torture,P,word2vec_recipe_20_HYP_HALF,0.104952194,0.1013565,0.12466809,0.124370374,0.1355902,0.13722791
wrecking,P,word2vec_recipe_20_HYP_HALF,0.11581826,0.14230137,0.13999233,0.16376555,0.14982492,0.1735384
shampoo,P,word2vec_recipe_20_HYP_HALF,0.25922722,0.2628186,0.34013653,0.34567222,0.37519196,0.3734385
mare,H,word2vec_recipe_20_HYP_HALF,0.12821546,0.13592269,0.1684474,0.1778865,0.19031996,0.2013912
bundle,P,word2vec_recipe_20_HYP_HALF,0.31202835,0.3871061,0.40433684,0.45028174,0.43642434,0.4653504
snag,P,word2vec_recipe_20_HYP_HALF,0.13245925,0.13282155,0.15850641,0.16701247,0.16985339,0.17510287
method,P,word2vec_recipe_20_HYP_HALF,0.3023259,0.2950611,0.36231276,0.33762547,0.38383538,0.35200053
blazer,M,word2vec_recipe_20_HYP_HALF,0.28243515,0.23355424,0.32645822,0.26466465,0.34311095,0.27814093
approach,P,word2vec_recipe_20_HYP_HALF,0.22310778,0.14510699,0.25329208,0.16866568,0.26456815,0.17905492
anchor,P,word2vec_recipe_20_HYP_HALF,0.31164318,0.3206305,0.35320115,0.31136337,0.37124893,0.33285707
rattle,P,word2vec_recipe_20_HYP_HALF,0.24507213,0.21335293,0.28579098,0.26255298,0.30306497,0.2732795
espresso,M,word2vec_recipe_20_HYP_HALF,0.2513597,0.3078416,0.34665883,0.3953547,0.38606423,0.42516303
quit,P,word2vec_recipe_20_HYP_HALF,0.24603482,0.23369014,0.28523207,0.22724372,0.30088833,0.22983696
slate,P,word2vec_recipe_20_HYP_HALF,0.2919791,0.29910785,0.34478024,0.35603175,0.36593774,0.37743244
repair,H,word2vec_recipe_20_HYP_HALF,0.2731677,0.2937227,0.33299488,0.3187633,0.3545441,0.3274447
create,P,word2vec_recipe_20_HYP_HALF,0.3601777,0.42452952,0.43008628,0.40930143,0.45491216,0.3825626
foil,H,word2vec_recipe_20_HYP_HALF,0.23618789,0.27926865,0.35449898,0.35616845,0.39634433,0.37255034
physician,P,word2vec_recipe_20_HYP_HALF,0.10847242,0.11641071,0.13427335,0.14439376,0.14612064,0.15731744
leaky,P,word2vec_recipe_20_HYP_HALF,0.15255384,0.15818843,0.17913793,0.17993723,0.19039015,0.19416144
rough,P,word2vec_recipe_20_HYP_HALF,0.3424594,0.38903606,0.40852135,0.45207494,0.43436578,0.4705417
month,P,word2vec_recipe_20_HYP_HALF,0.27947047,0.33775955,0.40820977,0.41122007,0.45247787,0.41954204
indicate,P,word2vec_recipe_20_HYP_HALF,0.28178722,0.3057431,0.34480873,0.34120014,0.36573654,0.3243097
dispatch,P,word2vec_recipe_20_HYP_HALF,0.21767306,0.2158088,0.24671529,0.2438416,0.25900745,0.24474493
jazz,M,word2vec_recipe_20_HYP_HALF,0.30248702,0.3021106,0.3595232,0.28684258,0.37624022,0.28336403
incorrect,P,word2vec_recipe_20_HYP_HALF,0.132049,0.13985199,0.15491885,0.16152543,0.16464576,0.17248963
watermelon,P,word2vec_recipe_20_HYP_HALF,0.2478797,0.28687394,0.34048808,0.35575482,0.3751336,0.37590146
ritual,P,word2vec_recipe_20_HYP_HALF,0.16029933,0.14369783,0.18297859,0.16106783,0.19304046,0.17275959
interior,P,word2vec_recipe_20_HYP_HALF,0.35978842,0.45682198,0.4624496,0.4599432,0.48824558,0.4545952
porch,P,word2vec_recipe_20_HYP_HALF,0.267924,0.26517582,0.32924244,0.32697847,0.3512224,0.34245038
unload,P,word2vec_recipe_20_HYP_HALF,0.16869265,0.21508022,0.19059631,0.23261619,0.19982724,0.23922978
radius,P,word2vec_recipe_20_HYP_HALF,0.20236714,0.21407218,0.23936859,0.24082924,0.2570008,0.2674627
camp,H,word2vec_recipe_20_HYP_HALF,0.31494355,0.31168947,0.36695966,0.31446722,0.3837953,0.30722478
college,P,word2vec_recipe_20_HYP_HALF,0.18906029,0.1904612,0.22074257,0.22393213,0.23280416,0.23171702
stalk,H,word2vec_recipe_20_HYP_HALF,0.25855857,0.3047303,0.3490937,0.38207704,0.38444683,0.40555692
accord,P,word2vec_recipe_20_HYP_HALF,0.33945873,0.30682302,0.39702183,0.3423125,0.41712376,0.33836204
unreal,P,word2vec_recipe_20_HYP_HALF,0.12601551,0.1425251,0.14546488,0.16185583,0.15356554,0.17020659
spider,M,word2vec_recipe_20_HYP_HALF,0.39444083,0.4414173,0.44632185,0.3914654,0.46630883,0.38792208
sweetheart,P,word2vec_recipe_20_HYP_HALF,0.2032229,0.20644017,0.23522834,0.22585584,0.2511152,0.23609783
torso,P,word2vec_recipe_20_HYP_HALF,0.17529325,0.19622354,0.22170658,0.26336366,0.24421932,0.28124222
animal,P,word2vec_recipe_20_HYP_HALF,0.33657676,0.3167349,0.37558252,0.34750086,0.3935972,0.34385622
climb,P,word2vec_recipe_20_HYP_HALF,0.3574534,0.43185374,0.42436555,0.41659316,0.4463651,0.43380433
detergent,P,word2vec_recipe_20_HYP_HALF,0.22905388,0.27072442,0.31410357,0.3363313,0.34865406,0.34917855
slope,P,word2vec_recipe_20_HYP_HALF,0.27925777,0.2672306,0.31255025,0.31097984,0.32580078,0.32062027
test,H,word2vec_recipe_20_HYP_HALF,0.3761412,0.44052324,0.45616895,0.47114605,0.48378268,0.4469524
dedicate,P,word2vec_recipe_20_HYP_HALF,0.13474792,0.10722763,0.15670925,0.1349778,0.16565794,0.14538515
weary,P,word2vec_recipe_20_HYP_HALF,0.092966504,0.094680555,0.11273108,0.12875801,0.12159619,0.14670141
pace,H,word2vec_recipe_20_HYP_HALF,0.38352162,0.34851226,0.4402662,0.3754234,0.4611504,0.4029231
painless,P,word2vec_recipe_20_HYP_HALF,0.15312298,0.1482084,0.18074757,0.18130992,0.19132012,0.19844414
hardware,P,word2vec_recipe_20_HYP_HALF,0.1862633,0.18983208,0.25671422,0.2633543,0.28605065,0.30054387
snappy,P,word2vec_recipe_20_HYP_HALF,0.295709,0.3267354,0.3421104,0.32975054,0.3609442,0.32779238
ordinary,P,word2vec_recipe_20_HYP_HALF,0.31796193,0.2956728,0.35682926,0.27424273,0.36957157,0.2642373
marvelous,P,word2vec_recipe_20_HYP_HALF,0.2550644,0.278117,0.30425993,0.3011688,0.322232,0.30892348
gravel,P,word2vec_recipe_20_HYP_HALF,0.2957674,0.35810816,0.40088597,0.47930586,0.4372159,0.4977041
thermal,P,word2vec_recipe_20_HYP_HALF,0.26334992,0.28310773,0.30983672,0.34742332,0.32998702,0.3706594
spaceship,M,word2vec_recipe_20_HYP_HALF,0.19662437,0.19320221,0.22501789,0.23686863,0.23730563,0.24114329
layer,P,word2vec_recipe_20_HYP_HALF,0.38962382,0.44930282,0.46795517,0.43803784,0.4926593,0.44379878
disaster,P,word2vec_recipe_20_HYP_HALF,0.14856584,0.12141637,0.17163658,0.14998172,0.18205643,0.15749568
mile,P,word2vec_recipe_20_HYP_HALF,0.43103966,0.32626343,0.47495624,0.30073842,0.488681,0.3046185
suggestion,P,word2vec_recipe_20_HYP_HALF,0.28954825,0.35377663,0.35782963,0.34755817,0.37961936,0.35174125
devour,P,word2vec_recipe_20_HYP_HALF,0.3499012,0.39809906,0.4368696,0.4138065,0.46404022,0.3971019
shiny,P,word2vec_recipe_20_HYP_HALF,0.3231942,0.3588575,0.40108418,0.41484126,0.4281778,0.41381115
puffy,P,word2vec_recipe_20_HYP_HALF,0.35066396,0.42906228,0.42952743,0.49311435,0.45680785,0.49426827
sanity,P,word2vec_recipe_20_HYP_HALF,0.109500885,0.10904667,0.12701558,0.13176705,0.13661416,0.14917055
tend,H,word2vec_recipe_20_HYP_HALF,0.2997331,0.33088693,0.3695492,0.3116185,0.39147422,0.28460285
philosophy,P,word2vec_recipe_20_HYP_HALF,0.084844895,0.099031374,0.10240743,0.12504484,0.1106209,0.1403565
bite,P,word2vec_recipe_20_HYP_HALF,0.3651343,0.322576,0.4462527,0.42426464,0.4828727,0.46406183
resident,P,word2vec_recipe_20_HYP_HALF,0.10356678,0.11623259,0.12502524,0.14987172,0.13508156,0.16444075
globe,P,word2vec_recipe_20_HYP_HALF,0.27826282,0.24068087,0.33724514,0.3687722,0.36284313,0.40512612
sled,P,word2vec_recipe_20_HYP_HALF,0.14517629,0.17757316,0.1747499,0.21396208,0.19179249,0.24185468
hat,P,word2vec_recipe_20_HYP_HALF,0.21198244,0.2149189,0.2620633,0.24812348,0.28796056,0.28403255
alley,H,word2vec_recipe_20_HYP_HALF,0.14359383,0.151181,0.1670105,0.17770174,0.17712729,0.18670426
uptown,P,word2vec_recipe_20_HYP_HALF,0.14758602,0.14786334,0.16815157,0.17753352,0.17809385,0.1870108
eerie,M,word2vec_recipe_20_HYP_HALF,0.19483697,0.18335554,0.23850198,0.1923865,0.2523794,0.20249109
canoe,P,word2vec_recipe_20_HYP_HALF,0.32541436,0.38710067,0.3913766,0.4240021,0.41394207,0.42633078
boost,P,word2vec_recipe_20_HYP_HALF,0.2913038,0.29782292,0.3392606,0.30422494,0.35831127,0.3150297
soap,P,word2vec_recipe_20_HYP_HALF,0.28215483,0.29219472,0.35727477,0.34560564,0.3891005,0.36782715
choke,P,word2vec_recipe_20_HYP_HALF,0.25010014,0.26456955,0.376494,0.37912723,0.42161024,0.40930033
apron,P,word2vec_recipe_20_HYP_HALF,0.23520513,0.22903189,0.28482577,0.29803446,0.30540627,0.32076958
homey,M,word2vec_recipe_20_HYP_HALF,0.2120072,0.21064238,0.24641365,0.23805194,0.26036042,0.24874604
liquor,P,word2vec_recipe_20_HYP_HALF,0.35198408,0.31289715,0.40565938,0.3565179,0.4296848,0.37426385
discipline,P,word2vec_recipe_20_HYP_HALF,0.18103215,0.19269952,0.221766,0.19579875,0.23642266,0.19673933
dominant,P,word2vec_recipe_20_HYP_HALF,0.30759805,0.2986183,0.3694425,0.35485968,0.3915843,0.37440282
heavenly,P,word2vec_recipe_20_HYP_HALF,0.26292047,0.22091755,0.3127576,0.24866197,0.33153856,0.26137167
charger,P,word2vec_recipe_20_HYP_HALF,0.24757266,0.25042918,0.36376628,0.36145473,0.400038,0.39562255
canteen,P,word2vec_recipe_20_HYP_HALF,0.11404959,0.14359093,0.13512105,0.17297445,0.14435148,0.18568595
switch,P,word2vec_recipe_20_HYP_HALF,0.40076318,0.4665757,0.46555275,0.49108472,0.48795137,0.48042724
driveway,M,word2vec_recipe_20_HYP_HALF,0.15489341,0.1602004,0.17756197,0.1744229,0.18780866,0.1861093
trivial,M,word2vec_recipe_20_HYP_HALF,0.095760055,0.09884849,0.112344,0.12341665,0.12025936,0.13679501
sad,P,word2vec_recipe_20_HYP_HALF,0.25542182,0.2579393,0.29920486,0.25685427,0.3167129,0.2567009
smelly,M,word2vec_recipe_20_HYP_HALF,0.1743935,0.16361599,0.20271927,0.19676057,0.21457577,0.1992788
dislike,P,word2vec_recipe_20_HYP_HALF,0.18965007,0.1752632,0.21917467,0.17977558,0.23091416,0.18689187
ridiculous,M,word2vec_recipe_20_HYP_HALF,0.15864782,0.16059543,0.18814069,0.17653696,0.2010736,0.18518671
dubious,P,word2vec_recipe_20_HYP_HALF,0.08846488,0.09612893,0.1059757,0.12410945,0.115413606,0.13768162
spotless,P,word2vec_recipe_20_HYP_HALF,0.2061741,0.20622665,0.23432411,0.20874414,0.24608761,0.22129424
bikini,M,word2vec_recipe_20_HYP_HALF,0.20838292,0.19552891,0.24530722,0.23206577,0.2607107,0.2549778
viable,P,word2vec_recipe_20_HYP_HALF,0.09349481,0.09637335,0.11617844,0.12672926,0.12646216,0.14278978
triangle,P,word2vec_recipe_20_HYP_HALF,0.24190259,0.31199157,0.2993888,0.34033445,0.32622024,0.34974307
scorpion,P,word2vec_recipe_20_HYP_HALF,0.21098194,0.22854221,0.24789196,0.2535132,0.2642316,0.26618814
catalog,P,word2vec_recipe_20_HYP_HALF,0.14253242,0.16010752,0.16890477,0.1788526,0.17909229,0.19130659
chef,M,word2vec_recipe_20_HYP_HALF,0.25031295,0.2523017,0.28658572,0.24138421,0.30067044,0.23631094
pout,H,word2vec_recipe_20_HYP_HALF,0.3579385,0.36845756,0.4141271,0.34464693,0.4349852,0.35137528
symbolic,P,word2vec_recipe_20_HYP_HALF,0.11070683,0.10665172,0.12884434,0.13545927,0.1371708,0.146832
celebrity,P,word2vec_recipe_20_HYP_HALF,0.12876077,0.15172942,0.14911576,0.171529,0.1588452,0.18494639
agree,P,word2vec_recipe_20_HYP_HALF,0.12273332,0.1169609,0.14403413,0.13388553,0.15388861,0.14719152
cry,P,word2vec_recipe_20_HYP_HALF,0.25761718,0.2077186,0.29731262,0.23308101,0.31262183,0.23197034
expensive,P,word2vec_recipe_20_HYP_HALF,0.2418404,0.28869033,0.29317313,0.30157116,0.3110931,0.29032093
pamphlet,M,word2vec_recipe_20_HYP_HALF,0.12758467,0.13119812,0.15041876,0.15064715,0.16115548,0.16433771
renegade,P,word2vec_recipe_20_HYP_HALF,0.12193334,0.12708823,0.14413047,0.15504931,0.15347691,0.16186212
bop,H,word2vec_recipe_20_HYP_HALF,0.13965046,0.15743847,0.16737033,0.18953064,0.17828487,0.2004409
stray,P,word2vec_recipe_20_HYP_HALF,0.2734796,0.2996558,0.35084203,0.35606343,0.38392916,0.38605532
concept,P,word2vec_recipe_20_HYP_HALF,0.13934563,0.13919546,0.16348463,0.15858054,0.17465441,0.16874541
absorb,P,word2vec_recipe_20_HYP_HALF,0.37812856,0.46813288,0.46329537,0.47238594,0.48932135,0.4354671
laughter,P,word2vec_recipe_20_HYP_HALF,0.2398558,0.28546074,0.36308804,0.34605,0.41437355,0.3591667
referee,P,word2vec_recipe_20_HYP_HALF,0.17645729,0.1933453,0.21370819,0.24365644,0.2313128,0.27060902
available,P,word2vec_recipe_20_HYP_HALF,0.21117845,0.2324664,0.30436218,0.29920113,0.3483024,0.32249653
upside,P,word2vec_recipe_20_HYP_HALF,0.38479063,0.4523333,0.46871346,0.463231,0.49693352,0.47420773
load,P,word2vec_recipe_20_HYP_HALF,0.38575977,0.34544906,0.43167153,0.37634698,0.44688854,0.37337932
factory,M,word2vec_recipe_20_HYP_HALF,0.29196858,0.2997947,0.33353806,0.30644017,0.34863845,0.31164718
moonlight,P,word2vec_recipe_20_HYP_HALF,0.19612888,0.18105823,0.22461233,0.21234834,0.23593196,0.22298208
lighten,H,word2vec_recipe_20_HYP_HALF,0.38477337,0.36037445,0.44548866,0.40976915,0.47495934,0.43103302
rebuild,P,word2vec_recipe_20_HYP_HALF,0.21548803,0.22065231,0.24461405,0.22344092,0.2560302,0.2254421
moron,P,word2vec_recipe_20_HYP_HALF,0.13654959,0.15701365,0.15571426,0.18286481,0.1647399,0.19103584
trashy,M,word2vec_recipe_20_HYP_HALF,0.14148737,0.12259554,0.16415995,0.14407437,0.17402756,0.15418819
forehead,P,word2vec_recipe_20_HYP_HALF,0.13505062,0.17442974,0.16810437,0.22337379,0.187056,0.2503356
overalls,P,word2vec_recipe_20_HYP_HALF,0.15327093,0.18482047,0.18110928,0.21316995,0.19408908,0.23222817
extraction,P,word2vec_recipe_20_HYP_HALF,0.2924075,0.23350418,0.33216342,0.29206154,0.34860793,0.29224035
alcohol,P,word2vec_recipe_20_HYP_HALF,0.31878647,0.3743807,0.3854258,0.43820468,0.4111782,0.44104248
completion,P,word2vec_recipe_20_HYP_HALF,0.35268235,0.3430016,0.4069422,0.37263212,0.4282296,0.3849681
remake,P,word2vec_recipe_20_HYP_HALF,0.32335082,0.26062608,0.36105555,0.27542475,0.37390846,0.28078476
server,P,word2vec_recipe_20_HYP_HALF,0.34969014,0.36567903,0.44024578,0.43312833,0.4750062,0.443396
bulb,P,word2vec_recipe_20_HYP_HALF,0.31093,0.34799063,0.40084785,0.39011592,0.43223357,0.40695378
passport,P,word2vec_recipe_20_HYP_HALF,0.11224735,0.12609202,0.13018623,0.15757191,0.13853906,0.16916586
maroon,H,word2vec_recipe_20_HYP_HALF,0.26570386,0.2891988,0.31242242,0.3253775,0.33099464,0.32852343
shaky,P,word2vec_recipe_20_HYP_HALF,0.22334981,0.23557502,0.3308318,0.32784027,0.3687299,0.33278197
jumper,H,word2vec_recipe_20_HYP_HALF,0.12760231,0.12902941,0.14664516,0.15788408,0.15568136,0.1718912
expert,P,word2vec_recipe_20_HYP_HALF,0.20892394,0.19320862,0.23886663,0.20966025,0.249735,0.21144216
disease,P,word2vec_recipe_20_HYP_HALF,0.15319873,0.1435903,0.19187629,0.17870525,0.2102853,0.19049792
motivation,P,word2vec_recipe_20_HYP_HALF,0.08184524,0.09431523,0.095163,0.11803171,0.10313914,0.13246793
wise,H,word2vec_recipe_20_HYP_HALF,0.2440624,0.23212829,0.34796187,0.33041412,0.38619247,0.3511434
historical,P,word2vec_recipe_20_HYP_HALF,0.10148816,0.114047706,0.12227583,0.14541589,0.13250677,0.16401203
parallel,P,word2vec_recipe_20_HYP_HALF,0.28096956,0.31465894,0.3528803,0.35613742,0.3776812,0.37940857
drown,P,word2vec_recipe_20_HYP_HALF,0.29393566,0.2927392,0.3573626,0.28712562,0.37820587,0.28122938
foolproof,P,word2vec_recipe_20_HYP_HALF,0.30817503,0.32253516,0.3693942,0.3293972,0.3888972,0.32989478
clover,P,word2vec_recipe_20_HYP_HALF,0.36758897,0.4152354,0.4353969,0.45931494,0.45898345,0.4562286
committee,M,word2vec_recipe_20_HYP_HALF,0.12705085,0.1271179,0.14812297,0.16288579,0.15698949,0.17717522
crap,M,word2vec_recipe_20_HYP_HALF,0.28673664,0.26918492,0.33317494,0.2479915,0.34930894,0.24450125
raccoon,P,word2vec_recipe_20_HYP_HALF,0.29351425,0.3414203,0.34617406,0.35733408,0.36639747,0.3543818
pearly,P,word2vec_recipe_20_HYP_HALF,0.2865654,0.29562896,0.34016952,0.3450709,0.35895798,0.35606357
pointer,P,word2vec_recipe_20_HYP_HALF,0.1822718,0.25057545,0.25554878,0.31314972,0.28186592,0.3282209
cab,H,word2vec_recipe_20_HYP_HALF,0.2004325,0.2020458,0.23666407,0.25779632,0.25583306,0.27611637
swipe,P,word2vec_recipe_20_HYP_HALF,0.36504155,0.40376195,0.4138142,0.40539166,0.4329036,0.41017818
analogy,P,word2vec_recipe_20_HYP_HALF,0.095658936,0.095093496,0.114308745,0.11977478,0.12360376,0.13362956
shame,P,word2vec_recipe_20_HYP_HALF,0.15473011,0.13530242,0.17632446,0.15571567,0.18672359,0.16533218
list,H,word2vec_recipe_20_HYP_HALF,0.29513657,0.27408653,0.35767436,0.30634037,0.37715122,0.29484662
curve,P,word2vec_recipe_20_HYP_HALF,0.32045883,0.3479439,0.3988449,0.38983092,0.42444628,0.39399272
twirl,P,word2vec_recipe_20_HYP_HALF,0.3846968,0.42624056,0.44458336,0.4743627,0.46869782,0.48835635
frantic,P,word2vec_recipe_20_HYP_HALF,0.14537847,0.12330715,0.16541186,0.14277926,0.17393944,0.15207629
slice,P,word2vec_recipe_20_HYP_HALF,0.30579144,0.3172569,0.37230518,0.3515479,0.39930177,0.3663902
function,P,word2vec_recipe_20_HYP_HALF,0.3285019,0.36225784,0.41355434,0.4315734,0.45047286,0.4603416
spin,P,word2vec_recipe_20_HYP_HALF,0.4369495,0.47693223,0.50893193,0.51794314,0.5312862,0.52782863
graceful,M,word2vec_recipe_20_HYP_HALF,0.13230214,0.12053024,0.15313159,0.14884965,0.16375439,0.16229096
drought,P,word2vec_recipe_20_HYP_HALF,0.23507066,0.25848705,0.26870963,0.24905716,0.28188515,0.25669965
downtown,P,word2vec_recipe_20_HYP_HALF,0.12899211,0.14252333,0.15407778,0.16055177,0.16489033,0.17351662
expression,P,word2vec_recipe_20_HYP_HALF,0.13936059,0.16707885,0.16815865,0.20309974,0.18143398,0.21706282
sheet,H,word2vec_recipe_20_HYP_HALF,0.25942323,0.25446153,0.32862395,0.2910303,0.36210346,0.3117189
icy,P,word2vec_recipe_20_HYP_HALF,0.34545198,0.38257018,0.42479038,0.4225177,0.45471013,0.434989
surgery,P,word2vec_recipe_20_HYP_HALF,0.14037912,0.1412645,0.16162933,0.15917385,0.1719825,0.16684853
risk,P,word2vec_recipe_20_HYP_HALF,0.35126662,0.37489682,0.44565633,0.3453334,0.4724719,0.34399566
shallow,P,word2vec_recipe_20_HYP_HALF,0.36129147,0.38881645,0.41835898,0.4530632,0.44547763,0.47641754
bandage,P,word2vec_recipe_20_HYP_HALF,0.1736555,0.18993942,0.20716263,0.23281902,0.22342323,0.2541603
mast,H,word2vec_recipe_20_HYP_HALF,0.27676302,0.28783303,0.32277188,0.33988172,0.34001,0.3607949
crest,P,word2vec_recipe_20_HYP_HALF,0.24646945,0.2388545,0.2788559,0.27953702,0.2910869,0.2891747
decline,P,word2vec_recipe_20_HYP_HALF,0.08210149,0.102652095,0.09749364,0.12629798,0.10582952,0.13944195
peck,H,word2vec_recipe_20_HYP_HALF,0.25175682,0.2892753,0.30038092,0.293706,0.315661,0.29240778
legacy,P,word2vec_recipe_20_HYP_HALF,0.12998813,0.13013789,0.15108165,0.15676136,0.16046363,0.17122783
carton,P,word2vec_recipe_20_HYP_HALF,0.35449898,0.37992582,0.4401702,0.44940773,0.46697286,0.45956537
achieve,P,word2vec_recipe_20_HYP_HALF,0.30666798,0.31873176,0.40145835,0.35228515,0.43978444,0.38522977
gem,P,word2vec_recipe_20_HYP_HALF,0.434481,0.40170005,0.47990224,0.47019014,0.49819657,0.47556153
habit,P,word2vec_recipe_20_HYP_HALF,0.15057257,0.12510943,0.17307259,0.14722143,0.18246502,0.15330718
speedy,M,word2vec_recipe_20_HYP_HALF,0.19891442,0.15700251,0.24096312,0.18185176,0.2602845,0.21068315
ponder,P,word2vec_recipe_20_HYP_HALF,0.14218758,0.12918998,0.16432434,0.1429103,0.17417294,0.15266421
germ,P,word2vec_recipe_20_HYP_HALF,0.27447724,0.34458473,0.3748246,0.45522588,0.41143167,0.47500616
favor,P,word2vec_recipe_20_HYP_HALF,0.24956699,0.15320267,0.2759887,0.17945322,0.2866403,0.18626611
swim,P,word2vec_recipe_20_HYP_HALF,0.31682855,0.27326465,0.35630822,0.2674082,0.3712303,0.2766351
weed,H,word2vec_recipe_20_HYP_HALF,0.30858308,0.3485584,0.37884152,0.36296287,0.40661174,0.3673353
mobile,P,word2vec_recipe_20_HYP_HALF,0.1611132,0.16879219,0.18517779,0.17468958,0.19512191,0.1865731
rudder,P,word2vec_recipe_20_HYP_HALF,0.14383471,0.1511069,0.17240115,0.18533014,0.18343689,0.18929449
membership,P,word2vec_recipe_20_HYP_HALF,0.079625,0.098140866,0.094451286,0.12203754,0.10222111,0.13447608
masquerade,P,word2vec_recipe_20_HYP_HALF,0.10979196,0.12683754,0.13067138,0.15834641,0.14038424,0.16757168
runaway,P,word2vec_recipe_20_HYP_HALF,0.14519507,0.15763772,0.16724662,0.18082878,0.1765339,0.19208619
ceramic,P,word2vec_recipe_20_HYP_HALF,0.32680446,0.38903144,0.40902328,0.46282315,0.44376573,0.4791001
tragedy,P,word2vec_recipe_20_HYP_HALF,0.10518037,0.1018613,0.12619244,0.13994844,0.13651918,0.15063524
commentary,P,word2vec_recipe_20_HYP_HALF,0.14887998,0.15869646,0.18772842,0.1855796,0.20127176,0.1976011
argument,P,word2vec_recipe_20_HYP_HALF,0.122906245,0.12182581,0.14335312,0.13296708,0.15195942,0.14729899
stable,H,word2vec_recipe_20_HYP_HALF,0.34805408,0.2521803,0.38775963,0.29071498,0.40196815,0.3008969
suction,P,word2vec_recipe_20_HYP_HALF,0.26069874,0.25951838,0.3011064,0.27667958,0.31803066,0.30483106
dense,P,word2vec_recipe_20_HYP_HALF,0.3068493,0.31894332,0.35651553,0.3635692,0.37745553,0.3707588
fund,P,word2vec_recipe_20_HYP_HALF,0.12860897,0.12068827,0.15132222,0.14760464,0.16133171,0.16094045
wholesome,P,word2vec_recipe_20_HYP_HALF,0.25002244,0.2797847,0.30782866,0.35716245,0.33035564,0.36568558
summon,P,word2vec_recipe_20_HYP_HALF,0.1179814,0.12169653,0.13428795,0.13923198,0.14255674,0.15029155
modern,P,word2vec_recipe_20_HYP_HALF,0.22959498,0.23183532,0.26366434,0.22769858,0.27678782,0.23700738
tempo,P,word2vec_recipe_20_HYP_HALF,0.19309247,0.20828106,0.2224543,0.22437307,0.23383932,0.22964346
crusty,P,word2vec_recipe_20_HYP_HALF,0.3684876,0.37951148,0.4457032,0.47781932,0.4743759,0.4835208
patience,P,word2vec_recipe_20_HYP_HALF,0.2849388,0.2409628,0.34980553,0.29188696,0.371287,0.26609376
brood,P,word2vec_recipe_20_HYP_HALF,0.21707244,0.19111542,0.24409759,0.22758609,0.25437787,0.24473205
vanilla,P,word2vec_recipe_20_HYP_HALF,0.28200197,0.2928911,0.35516247,0.32558164,0.38271767,0.36089647
scare,P,word2vec_recipe_20_HYP_HALF,0.16119626,0.12876874,0.18760866,0.14703254,0.19900852,0.15890454
thread,P,word2vec_recipe_20_HYP_HALF,0.39172563,0.3722625,0.5059632,0.4859624,0.5401499,0.47582313
airline,P,word2vec_recipe_20_HYP_HALF,0.16481784,0.18567005,0.19292744,0.21897715,0.20465428,0.22527573
neck,P,word2vec_recipe_20_HYP_HALF,0.26268536,0.32858834,0.34973904,0.39077023,0.38773376,0.41992432
rob,P,word2vec_recipe_20_HYP_HALF,0.17407282,0.18608066,0.20438877,0.220624,0.2179502,0.23066425
vine,P,word2vec_recipe_20_HYP_HALF,0.34253916,0.39947373,0.40110764,0.42836225,0.42467842,0.439624
toxic,P,word2vec_recipe_20_HYP_HALF,0.17891239,0.1880833,0.21536675,0.21243723,0.23117715,0.22210395
imagine,P,word2vec_recipe_20_HYP_HALF,0.23086178,0.15801388,0.25701532,0.16941819,0.2680262,0.17773761
display,P,word2vec_recipe_20_HYP_HALF,0.34334272,0.3222555,0.3885562,0.34330302,0.40548447,0.35400707
discourage,P,word2vec_recipe_20_HYP_HALF,0.26705226,0.29699147,0.3181733,0.33776703,0.33986437,0.35102636
member,P,word2vec_recipe_20_HYP_HALF,0.25501364,0.22102343,0.29365513,0.22441609,0.30738166,0.23312692
artery,P,word2vec_recipe_20_HYP_HALF,0.11171154,0.1306488,0.12854281,0.1435619,0.13711281,0.15360156
trusty,P,word2vec_recipe_20_HYP_HALF,0.28110844,0.33355263,0.342135,0.34965897,0.36571634,0.36768508
smear,P,word2vec_recipe_20_HYP_HALF,0.37188375,0.4654523,0.47088856,0.4536896,0.49752808,0.45223448
acre,P,word2vec_recipe_20_HYP_HALF,0.19930041,0.18378559,0.22633915,0.21565518,0.23942907,0.2195981
wedge,P,word2vec_recipe_20_HYP_HALF,0.33860523,0.39498857,0.4054743,0.43260738,0.43282837,0.4517927
sticker,P,word2vec_recipe_20_HYP_HALF,0.3104368,0.36781138,0.38643986,0.44154766,0.41216537,0.43806884
rig,P,word2vec_recipe_20_HYP_HALF,0.27290964,0.24596237,0.31755617,0.28764188,0.33289963,0.29301387
occupy,P,word2vec_recipe_20_HYP_HALF,0.13532439,0.13432409,0.15615785,0.16227645,0.16631207,0.1703607
joint,P,word2vec_recipe_20_HYP_HALF,0.23953506,0.28464806,0.34092999,0.36842412,0.38559905,0.41073036
teach,P,word2vec_recipe_20_HYP_HALF,0.11398921,0.10607354,0.13714164,0.1350706,0.1485273,0.14774852
warm,P,word2vec_recipe_20_HYP_HALF,0.4018198,0.43835574,0.47152755,0.4125321,0.49464753,0.40820915
decadent,P,word2vec_recipe_20_HYP_HALF,0.24591677,0.31342086,0.31497797,0.3550796,0.34574494,0.36982378
pond,M,word2vec_recipe_20_HYP_HALF,0.2979607,0.30660135,0.33354038,0.316607,0.3494764,0.3225111
wars,P,word2vec_recipe_20_HYP_HALF,0.19587187,0.1965551,0.22369823,0.20687969,0.2348123,0.21835186
skate,H,word2vec_recipe_20_HYP_HALF,0.29119888,0.25524798,0.36392453,0.38800266,0.3988925,0.42538676
pluck,P,word2vec_recipe_20_HYP_HALF,0.3352538,0.27658072,0.38691476,0.3593472,0.4125038,0.39538422
stroke,P,word2vec_recipe_20_HYP_HALF,0.28766492,0.3028167,0.34432125,0.3404695,0.3670521,0.34238467
booth,P,word2vec_recipe_20_HYP_HALF,0.238783,0.23212108,0.27073222,0.25092205,0.2818367,0.26221102
offend,P,word2vec_recipe_20_HYP_HALF,0.10381578,0.1042128,0.12395963,0.124457836,0.13300282,0.1418948
vacuum,P,word2vec_recipe_20_HYP_HALF,0.30056894,0.29815015,0.36257613,0.36072832,0.38715446,0.3901553
hostess,P,word2vec_recipe_20_HYP_HALF,0.26156753,0.27544704,0.3013614,0.30535737,0.31802005,0.30864987
above,P,word2vec_recipe_20_HYP_HALF,0.3576197,0.37271172,0.44212258,0.4191131,0.4689338,0.42212296
fussy,P,word2vec_recipe_20_HYP_HALF,0.18484876,0.14666647,0.21631418,0.16955715,0.2308771,0.17684281
pest,P,word2vec_recipe_20_HYP_HALF,0.27138925,0.2803793,0.3116637,0.30664405,0.32661355,0.31739405
juggle,P,word2vec_recipe_20_HYP_HALF,0.1674173,0.13588087,0.19212076,0.15933198,0.20138323,0.16573557
convention,P,word2vec_recipe_20_HYP_HALF,0.22691402,0.23811172,0.2825601,0.33397788,0.30192938,0.3598408
doom,P,word2vec_recipe_20_HYP_HALF,0.1564927,0.14454384,0.18097775,0.16664036,0.19102007,0.18358292
hump,P,word2vec_recipe_20_HYP_HALF,0.2496221,0.2471632,0.2859476,0.2651199,0.30087236,0.2860412
onion,P,word2vec_recipe_20_HYP_HALF,0.27587318,0.2691822,0.3439202,0.30449834,0.37206352,0.32736063
source,P,word2vec_recipe_20_HYP_HALF,0.40795022,0.47296104,0.48136464,0.49392837,0.5058567,0.4747583
stead,M,word2vec_recipe_20_HYP_HALF,0.39686885,0.38290268,0.44552594,0.3923169,0.4607517,0.38280454
fake,P,word2vec_recipe_20_HYP_HALF,0.31328702,0.29432118,0.3494827,0.3228572,0.3623832,0.33612153
journey,P,word2vec_recipe_20_HYP_HALF,0.14690794,0.1195499,0.16916656,0.13736527,0.17902523,0.15112002
develop,P,word2vec_recipe_20_HYP_HALF,0.33107716,0.39229792,0.40832847,0.41557476,0.43578666,0.40638104
snitch,M,word2vec_recipe_20_HYP_HALF,0.10473975,0.10729704,0.12268387,0.12727728,0.13096207,0.1393847
profile,P,word2vec_recipe_20_HYP_HALF,0.22869043,0.20918043,0.26597217,0.23483394,0.2794177,0.24656895
zap,P,word2vec_recipe_20_HYP_HALF,0.29116517,0.3060444,0.39411414,0.41933608,0.4490937,0.4863077
ugly,P,word2vec_recipe_20_HYP_HALF,0.31694552,0.34724027,0.36788505,0.34199694,0.38534883,0.34646407
intact,M,word2vec_recipe_20_HYP_HALF,0.3394882,0.34089074,0.39646608,0.36969075,0.42032525,0.400773
laugh,P,word2vec_recipe_20_HYP_HALF,0.19611076,0.16639513,0.23044823,0.17583172,0.24316561,0.1843235
boat,P,word2vec_recipe_20_HYP_HALF,0.4382854,0.5117851,0.50290966,0.4960815,0.522631,0.473067
consult,P,word2vec_recipe_20_HYP_HALF,0.21141836,0.25471744,0.2648456,0.3045665,0.28774422,0.31140953
equivalent,P,word2vec_recipe_20_HYP_HALF,0.36347595,0.4188095,0.41702908,0.4538539,0.43698582,0.46520728
upstanding,P,word2vec_recipe_20_HYP_HALF,0.26197842,0.30229115,0.32558808,0.3281414,0.34675226,0.3352896
century,P,word2vec_recipe_20_HYP_HALF,0.27720767,0.21137518,0.32059816,0.23895061,0.3360667,0.23372568
scum,P,word2vec_recipe_20_HYP_HALF,0.30541152,0.35457963,0.4165866,0.41770694,0.4502724,0.41982988
neurotic,P,word2vec_recipe_20_HYP_HALF,0.08715303,0.09674331,0.107318506,0.12786315,0.11814206,0.14578554
dealer,P,word2vec_recipe_20_HYP_HALF,0.13199419,0.16101608,0.15753008,0.17299806,0.16798407,0.18129922
chain,P,word2vec_recipe_20_HYP_HALF,0.22282764,0.1809742,0.25194976,0.21189441,0.26478165,0.22073252
classy,M,word2vec_recipe_20_HYP_HALF,0.24685192,0.21480228,0.27666953,0.21887195,0.2894014,0.22726429
poisonous,P,word2vec_recipe_20_HYP_HALF,0.15338056,0.15573835,0.18034917,0.17952046,0.19152135,0.18171018
sweep,P,word2vec_recipe_20_HYP_HALF,0.33904934,0.33887428,0.39543653,0.39596376,0.41505036,0.40668792
brazen,P,word2vec_recipe_20_HYP_HALF,0.1676645,0.20810747,0.19524443,0.24322188,0.20681843,0.25815415
relish,P,word2vec_recipe_20_HYP_HALF,0.310537,0.39309397,0.39100373,0.41034624,0.41734597,0.38112667
revenge,P,word2vec_recipe_20_HYP_HALF,0.14942053,0.16162553,0.17367896,0.1817048,0.18295439,0.19513065
airspace,P,word2vec_recipe_20_HYP_HALF,0.24822919,0.2683269,0.29073644,0.29865032,0.30869284,0.3117385
upcoming,M,word2vec_recipe_20_HYP_HALF,0.13635187,0.11876226,0.16036898,0.14415239,0.17097676,0.15792039
arch,H,word2vec_recipe_20_HYP_HALF,0.17823492,0.20344993,0.21308869,0.23410249,0.22998695,0.26469332
visualize,P,word2vec_recipe_20_HYP_HALF,0.14917216,0.1308629,0.17111805,0.14886348,0.18127245,0.1592031
crispy,P,word2vec_recipe_20_HYP_HALF,0.3366,0.44855735,0.44390014,0.52382463,0.47497696,0.5190271
useless,P,word2vec_recipe_20_HYP_HALF,0.18421456,0.16072251,0.20981985,0.17619883,0.2202012,0.18184021
nut,P,word2vec_recipe_20_HYP_HALF,0.29365352,0.36299047,0.35942233,0.33983755,0.38113937,0.32982317
fasten,P,word2vec_recipe_20_HYP_HALF,0.28054363,0.33682588,0.38177368,0.4055429,0.4207799,0.42685655
spatula,M,word2vec_recipe_20_HYP_HALF,0.27993566,0.35170743,0.3984034,0.43580836,0.44515023,0.45150337
shuttle,P,word2vec_recipe_20_HYP_HALF,0.19057778,0.17603499,0.21690823,0.19808577,0.2272868,0.20436579
nitrogen,P,word2vec_recipe_20_HYP_HALF,0.27675298,0.30561915,0.33007896,0.3478145,0.35324094,0.3721144
sofa,M,word2vec_recipe_20_HYP_HALF,0.2372109,0.20776607,0.2678799,0.22628883,0.28033572,0.23718435
prairie,M,word2vec_recipe_20_HYP_HALF,0.17199132,0.15857592,0.20075823,0.18735674,0.21357441,0.19629328
afford,P,word2vec_recipe_20_HYP_HALF,0.1730045,0.1278917,0.19862136,0.1451575,0.21002845,0.15241104
shank,P,word2vec_recipe_20_HYP_HALF,0.26694074,0.36037505,0.3556138,0.4370504,0.3927348,0.448311
closet,P,word2vec_recipe_20_HYP_HALF,0.2536388,0.24324061,0.29555392,0.28399613,0.31063473,0.28370997
butler,M,word2vec_recipe_20_HYP_HALF,0.1708944,0.19284979,0.2052341,0.24280618,0.21946888,0.25570875
cop,H,word2vec_recipe_20_HYP_HALF,0.26417428,0.26079392,0.30027133,0.30323973,0.31602126,0.32147735
thud,P,word2vec_recipe_20_HYP_HALF,0.1755267,0.21462166,0.21593219,0.24150054,0.23223646,0.24536973
asset,P,word2vec_recipe_20_HYP_HALF,0.18402445,0.19788067,0.21323143,0.21336728,0.2244794,0.22513257
penetrate,P,word2vec_recipe_20_HYP_HALF,0.37132066,0.45521614,0.44982994,0.47191045,0.47651818,0.4643515
volcanic,P,word2vec_recipe_20_HYP_HALF,0.22697742,0.1837389,0.256001,0.20489067,0.26745078,0.21710266
gravy,P,word2vec_recipe_20_HYP_HALF,0.35285294,0.4494487,0.43773124,0.4812205,0.4655944,0.4640588
casino,P,word2vec_recipe_20_HYP_HALF,0.2498086,0.26375338,0.3105185,0.29437804,0.33441532,0.2950752
floppy,P,word2vec_recipe_20_HYP_HALF,0.28083566,0.31756777,0.33375755,0.33600426,0.3575622,0.33594394
dare,P,word2vec_recipe_20_HYP_HALF,0.28829783,0.29428074,0.3391452,0.2760554,0.35829508,0.27224332
mix,P,word2vec_recipe_20_HYP_HALF,0.33074307,0.40342698,0.39447162,0.4134441,0.41616035,0.4097457
dynamite,P,word2vec_recipe_20_HYP_HALF,0.21935017,0.24764611,0.2482443,0.24426238,0.25971615,0.25513577
pizza,M,word2vec_recipe_20_HYP_HALF,0.31560746,0.3727647,0.40828824,0.43837306,0.44534847,0.44755384
arrogant,P,word2vec_recipe_20_HYP_HALF,0.17846254,0.17859423,0.2118621,0.22598484,0.2239824,0.24262129
canopy,P,word2vec_recipe_20_HYP_HALF,0.13483128,0.17423846,0.16269295,0.21710017,0.17539363,0.23578027
crater,P,word2vec_recipe_20_HYP_HALF,0.35084376,0.39868844,0.44606805,0.49598262,0.4769776,0.50616676
thermos,P,word2vec_recipe_20_HYP_HALF,0.3019807,0.30408335,0.3725398,0.4108359,0.40250766,0.44613156
palace,P,word2vec_recipe_20_HYP_HALF,0.16555563,0.17888203,0.19523743,0.20278874,0.20750476,0.20791209
nuclear,P,word2vec_recipe_20_HYP_HALF,0.16505082,0.18447517,0.18956354,0.20728166,0.200852,0.2173408
page,H,word2vec_recipe_20_HYP_HALF,0.30658218,0.17642751,0.3726471,0.21601804,0.4020469,0.2405329
wilt,P,word2vec_recipe_20_HYP_HALF,0.33619076,0.4247328,0.41875306,0.4506685,0.44714534,0.4424254
writer,P,word2vec_recipe_20_HYP_HALF,0.14475484,0.15090404,0.17555597,0.16750209,0.18894616,0.18111943
souvenir,M,word2vec_recipe_20_HYP_HALF,0.1410676,0.1433463,0.1629965,0.16925444,0.17243248,0.18125816
unhealthy,P,word2vec_recipe_20_HYP_HALF,0.11656922,0.11925599,0.13594703,0.1435533,0.14523211,0.15185015
tart,H,word2vec_recipe_20_HYP_HALF,0.2608533,0.35969907,0.39139065,0.50594753,0.43292373,0.5211664
overtime,P,word2vec_recipe_20_HYP_HALF,0.1306704,0.15875587,0.15395066,0.1924854,0.16499573,0.20956203
sire,P,word2vec_recipe_20_HYP_HALF,0.23404947,0.24056183,0.273293,0.2745484,0.28918195,0.2967169
summer,P,word2vec_recipe_20_HYP_HALF,0.26074672,0.30923802,0.33956376,0.34013793,0.362425,0.34040263
coleslaw,M,word2vec_recipe_20_HYP_HALF,0.29485664,0.403008,0.38602036,0.43992946,0.41814792,0.42125425
mortar,H,word2vec_recipe_20_HYP_HALF,0.24314356,0.28653216,0.367877,0.4015705,0.41052574,0.42349198
insomnia,M,word2vec_recipe_20_HYP_HALF,0.12743768,0.15214333,0.15878628,0.18780854,0.17169124,0.19595227
spend,P,word2vec_recipe_20_HYP_HALF,0.29822236,0.210322,0.3388696,0.21527137,0.35156044,0.21637969
concession,P,word2vec_recipe_20_HYP_HALF,0.10815253,0.106277086,0.12478447,0.12726165,0.1336967,0.13821946
screw,P,word2vec_recipe_20_HYP_HALF,0.28570512,0.31773826,0.40829659,0.38314575,0.45960197,0.4445476
guru,P,word2vec_recipe_20_HYP_HALF,0.09686562,0.11485989,0.11733784,0.1502695,0.1258916,0.16431232
recital,P,word2vec_recipe_20_HYP_HALF,0.13211232,0.15060775,0.15390675,0.17304023,0.16380768,0.1822661
sentence,P,word2vec_recipe_20_HYP_HALF,0.106844425,0.10765765,0.12510397,0.12590998,0.13490525,0.1422345
blossom,P,word2vec_recipe_20_HYP_HALF,0.3813122,0.39681807,0.44596314,0.45963895,0.46873096,0.46734306
amount,P,word2vec_recipe_20_HYP_HALF,0.38340467,0.4915663,0.48033893,0.49950078,0.5066382,0.4756514
comment,P,word2vec_recipe_20_HYP_HALF,0.23354514,0.19258,0.26280117,0.20982793,0.27508095,0.21960132
await,P,word2vec_recipe_20_HYP_HALF,0.23885643,0.18275623,0.27262446,0.19967587,0.28773978,0.21557358
stuffy,P,word2vec_recipe_20_HYP_HALF,0.14957175,0.19469866,0.173114,0.22003523,0.18271801,0.22967228
dime,M,word2vec_recipe_20_HYP_HALF,0.2818225,0.27773657,0.37482107,0.39058268,0.40967396,0.39886704
impressive,M,word2vec_recipe_20_HYP_HALF,0.24280517,0.2631471,0.30154574,0.3229508,0.32230031,0.309673
settle,H,word2vec_recipe_20_HYP_HALF,0.36625415,0.4634656,0.4276873,0.42995778,0.44884834,0.43034673
decoration,P,word2vec_recipe_20_HYP_HALF,0.3160225,0.33358133,0.37770134,0.36557543,0.40144494,0.38403302
digestion,P,word2vec_recipe_20_HYP_HALF,0.2097146,0.18742931,0.2516992,0.19996758,0.26912126,0.2144944
relaxation,P,word2vec_recipe_20_HYP_HALF,0.14439121,0.13768929,0.16855133,0.1603333,0.17837465,0.17473486
budget,P,word2vec_recipe_20_HYP_HALF,0.25556672,0.25743815,0.29514295,0.28610545,0.3103219,0.29725614
sloppy,P,word2vec_recipe_20_HYP_HALF,0.29449922,0.3297209,0.371651,0.30835053,0.39599818,0.31082422
grain,P,word2vec_recipe_20_HYP_HALF,0.41913494,0.44237128,0.4983188,0.4784057,0.5227328,0.48494834
disconnect,P,word2vec_recipe_20_HYP_HALF,0.17190921,0.1945187,0.21084681,0.24338315,0.23037365,0.2669781
bypass,P,word2vec_recipe_20_HYP_HALF,0.16989854,0.13525933,0.19210497,0.1529333,0.20323086,0.16263476
swear,P,word2vec_recipe_20_HYP_HALF,0.1370794,0.117521495,0.16421089,0.14040963,0.17489691,0.15167144
junk,H,word2vec_recipe_20_HYP_HALF,0.29104346,0.29293907,0.32843238,0.29613066,0.3421986,0.30138174
poster,M,word2vec_recipe_20_HYP_HALF,0.25761396,0.23007789,0.29816678,0.2738185,0.316344,0.29593235
sickness,P,word2vec_recipe_20_HYP_HALF,0.14544193,0.14688255,0.1678331,0.16165374,0.17936333,0.1721922
exercise,P,word2vec_recipe_20_HYP_HALF,0.18344764,0.15634416,0.20847356,0.16807108,0.2198714,0.17301305
widow,P,word2vec_recipe_20_HYP_HALF,0.18836637,0.17466448,0.22182207,0.22004332,0.23500413,0.23233977
seafood,M,word2vec_recipe_20_HYP_HALF,0.26128238,0.34501454,0.33988643,0.38865867,0.3648015,0.38822168
breakfast,P,word2vec_recipe_20_HYP_HALF,0.31798676,0.31878513,0.38173744,0.36905098,0.40210068,0.36917323
snob,P,word2vec_recipe_20_HYP_HALF,0.1262168,0.14180198,0.14687496,0.14813776,0.15577358,0.15801404
capture,P,word2vec_recipe_20_HYP_HALF,0.31606948,0.37876216,0.38309714,0.38985983,0.40553847,0.3875648
assign,P,word2vec_recipe_20_HYP_HALF,0.13262251,0.12534457,0.15614913,0.14496042,0.16631493,0.15716559
horseshoe,P,word2vec_recipe_20_HYP_HALF,0.2542308,0.26745334,0.3069516,0.32335344,0.32972813,0.34257767
calf,H,word2vec_recipe_20_HYP_HALF,0.23682587,0.23451954,0.2833196,0.2537649,0.30076534,0.26199394
hunk,P,word2vec_recipe_20_HYP_HALF,0.3905263,0.46682975,0.4572548,0.45973378,0.47657657,0.4466998
provide,P,word2vec_recipe_20_HYP_HALF,0.30059633,0.31856155,0.36405,0.31826675,0.38680398,0.32325894
pill,P,word2vec_recipe_20_HYP_HALF,0.23331745,0.2567741,0.27669182,0.3148361,0.29493535,0.33496684
bottom,P,word2vec_recipe_20_HYP_HALF,0.3710165,0.3398402,0.45273912,0.35411167,0.47525063,0.37056258
quadrant,P,word2vec_recipe_20_HYP_HALF,0.2781281,0.2763835,0.33646667,0.31782782,0.3614036,0.33199438
sod,P,word2vec_recipe_20_HYP_HALF,0.06881527,0.03279581,0.08235348,0.03044707,0.08964048,0.035710193
smell,P,word2vec_recipe_20_HYP_HALF,0.26391098,0.32176247,0.35514313,0.40935028,0.3859128,0.39649174
sneeze,P,word2vec_recipe_20_HYP_HALF,0.09810398,0.116715014,0.11734867,0.13757299,0.12602894,0.15139888
tango,P,word2vec_recipe_20_HYP_HALF,0.19591412,0.19543158,0.24014753,0.26707876,0.258476,0.2866734
burst,P,word2vec_recipe_20_HYP_HALF,0.38683257,0.4869977,0.48119232,0.5556067,0.50958765,0.5515747
literal,P,word2vec_recipe_20_HYP_HALF,0.1749427,0.16503291,0.19983253,0.18885787,0.20945945,0.19955325
dame,P,word2vec_recipe_20_HYP_HALF,0.1333888,0.14739874,0.15656513,0.17473517,0.16586018,0.19090727
fellow,P,word2vec_recipe_20_HYP_HALF,0.13427693,0.11296419,0.15782551,0.14221112,0.16892181,0.15518396
gauze,P,word2vec_recipe_20_HYP_HALF,0.26450428,0.30140486,0.35348037,0.40432617,0.3909561,0.44841537
moisture,M,word2vec_recipe_20_HYP_HALF,0.36136225,0.38336426,0.42991534,0.4060517,0.45729622,0.40505528
shape,P,word2vec_recipe_20_HYP_HALF,0.3281001,0.36791593,0.40486413,0.39322352,0.43937492,0.4110915
pretzel,P,word2vec_recipe_20_HYP_HALF,0.33970097,0.38268974,0.41078073,0.43806636,0.43674573,0.43588004
brunette,P,word2vec_recipe_20_HYP_HALF,0.18173085,0.19617626,0.20946994,0.21649429,0.21989658,0.23094235
temper,P,word2vec_recipe_20_HYP_HALF,0.36220092,0.42422882,0.44164693,0.44326913,0.46967986,0.44807333
frown,P,word2vec_recipe_20_HYP_HALF,0.17743488,0.18765976,0.20778643,0.22058372,0.2208499,0.23645398
category,M,word2vec_recipe_20_HYP_HALF,0.24328355,0.1885187,0.28014478,0.20307629,0.29373068,0.20974307
bonus,P,word2vec_recipe_20_HYP_HALF,0.2704137,0.23352665,0.30625665,0.2899808,0.32001495,0.31003398
harmful,M,word2vec_recipe_20_HYP_HALF,0.14476345,0.1588895,0.1760634,0.19350022,0.19008671,0.20055325
dab,H,word2vec_recipe_20_HYP_HALF,0.36257768,0.45895055,0.4527332,0.48368794,0.4789615,0.46421984
attend,P,word2vec_recipe_20_HYP_HALF,0.14690459,0.13564628,0.17028216,0.14926025,0.18119545,0.16013311
hatchet,P,word2vec_recipe_20_HYP_HALF,0.17980607,0.222598,0.21679354,0.26684314,0.23413758,0.278994
bedroom,M,word2vec_recipe_20_HYP_HALF,0.11792191,0.14115754,0.13773173,0.14732927,0.14802666,0.15592417
field,P,word2vec_recipe_20_HYP_HALF,0.41395956,0.41285232,0.4704921,0.42869923,0.4902123,0.43879437
basin,P,word2vec_recipe_20_HYP_HALF,0.3778643,0.4445366,0.44688302,0.5006492,0.4717775,0.5171
intense,P,word2vec_recipe_20_HYP_HALF,0.23205766,0.2536152,0.29561585,0.28356192,0.32253754,0.30669063
weirdo,M,word2vec_recipe_20_HYP_HALF,0.09577137,0.10149905,0.11562957,0.13141187,0.1236183,0.13952167
cloudy,P,word2vec_recipe_20_HYP_HALF,0.32209298,0.32642242,0.3857292,0.3705978,0.40826753,0.3761437
maple,P,word2vec_recipe_20_HYP_HALF,0.29323483,0.36026788,0.3874314,0.43097705,0.4206518,0.44727105
distract,P,word2vec_recipe_20_HYP_HALF,0.120074406,0.12513612,0.13803907,0.14237899,0.14808299,0.15197513
nod,P,word2vec_recipe_20_HYP_HALF,0.1503835,0.12742293,0.17221466,0.14878662,0.18250671,0.16777669
horrible,P,word2vec_recipe_20_HYP_HALF,0.16054207,0.1508688,0.18437758,0.16102661,0.19612001,0.168175
orchid,P,word2vec_recipe_20_HYP_HALF,0.21588846,0.2653643,0.27178872,0.284122,0.29626462,0.306494
fret,H,word2vec_recipe_20_HYP_HALF,0.25467023,0.24378735,0.304152,0.22163516,0.32130593,0.22969747
element,P,word2vec_recipe_20_HYP_HALF,0.35434687,0.40545604,0.43699792,0.44786686,0.46663353,0.4726889
liable,P,word2vec_recipe_20_HYP_HALF,0.15351677,0.14378858,0.18047443,0.16823919,0.19234131,0.17970496
overcoat,M,word2vec_recipe_20_HYP_HALF,0.16920736,0.1682252,0.19938217,0.1870775,0.2114516,0.19037448
cavity,M,word2vec_recipe_20_HYP_HALF,0.29869342,0.37772292,0.4095792,0.43565267,0.4485967,0.46638164
impression,P,word2vec_recipe_20_HYP_HALF,0.39362445,0.45145133,0.49025914,0.4949379,0.51754725,0.49193546
vent,P,word2vec_recipe_20_HYP_HALF,0.32572407,0.39294252,0.4306998,0.4486617,0.46332374,0.45131025
walnut,P,word2vec_recipe_20_HYP_HALF,0.35878885,0.39100802,0.42537582,0.37158367,0.4466821,0.36716014
tribute,P,word2vec_recipe_20_HYP_HALF,0.13365056,0.13720341,0.15483132,0.15935722,0.16465867,0.17050518
wager,P,word2vec_recipe_20_HYP_HALF,0.10823028,0.10089912,0.1308268,0.12912405,0.14083199,0.14234924
inventory,P,word2vec_recipe_20_HYP_HALF,0.10870008,0.11241991,0.12598675,0.1353284,0.1341546,0.14599182
wiggle,P,word2vec_recipe_20_HYP_HALF,0.33880705,0.3834568,0.40327278,0.41346532,0.42546663,0.40584517
aggressive,P,word2vec_recipe_20_HYP_HALF,0.22271581,0.21736908,0.26418105,0.2633741,0.28428245,0.2734582
bamboo,P,word2vec_recipe_20_HYP_HALF,0.34144348,0.4033229,0.43034142,0.48125717,0.46375,0.48389152
clown,P,word2vec_recipe_20_HYP_HALF,0.1592823,0.17532374,0.20289525,0.23762776,0.22441287,0.2737861
hassle,P,word2vec_recipe_20_HYP_HALF,0.23104355,0.18239689,0.26091847,0.16970906,0.27252543,0.17756607
sauerkraut,M,word2vec_recipe_20_HYP_HALF,0.333211,0.381513,0.42551795,0.3951788,0.45414343,0.3878374
hydraulic,P,word2vec_recipe_20_HYP_HALF,0.26055664,0.2913675,0.3081398,0.33701485,0.32566956,0.34489873
chocolate,P,word2vec_recipe_20_HYP_HALF,0.19635046,0.279267,0.29303813,0.3782334,0.33507514,0.38787404
volume,P,word2vec_recipe_20_HYP_HALF,0.31137747,0.3303217,0.42027733,0.44187298,0.46079743,0.48300108
plantation,P,word2vec_recipe_20_HYP_HALF,0.19853398,0.20811181,0.22856386,0.2071246,0.24172015,0.21008928
lamp,P,word2vec_recipe_20_HYP_HALF,0.3233703,0.2906938,0.36878276,0.32644165,0.38650087,0.33763623
shelter,P,word2vec_recipe_20_HYP_HALF,0.17114154,0.1964087,0.19641756,0.22319421,0.20696506,0.22965935
salary,M,word2vec_recipe_20_HYP_HALF,0.20346057,0.22973238,0.23418173,0.28566837,0.24670942,0.29920965
vanish,P,word2vec_recipe_20_HYP_HALF,0.18548366,0.13108447,0.21185389,0.16497895,0.22381197,0.17248823
fanatic,P,word2vec_recipe_20_HYP_HALF,0.12277265,0.11376094,0.14120226,0.13940632,0.15022501,0.14851119
leech,P,word2vec_recipe_20_HYP_HALF,0.20098718,0.2172258,0.22961847,0.21331692,0.24259579,0.21679328
notebook,M,word2vec_recipe_20_HYP_HALF,0.20395747,0.20933323,0.23981819,0.23878165,0.25236386,0.255648
driver,P,word2vec_recipe_20_HYP_HALF,0.21874699,0.26240912,0.26523432,0.3003728,0.2853626,0.31547606
sympathy,P,word2vec_recipe_20_HYP_HALF,0.25988865,0.27671286,0.407096,0.36769477,0.46074554,0.3839841
priest,P,word2vec_recipe_20_HYP_HALF,0.12415264,0.13690817,0.14896795,0.16122368,0.15854031,0.17579442
reap,P,word2vec_recipe_20_HYP_HALF,0.114749745,0.10968375,0.13673103,0.13388403,0.1463148,0.14663655
communion,P,word2vec_recipe_20_HYP_HALF,0.18492877,0.19643758,0.23697807,0.23716682,0.25930014,0.24770494
ladder,P,word2vec_recipe_20_HYP_HALF,0.2435344,0.24693817,0.2780093,0.2828562,0.29431835,0.2945607
defeat,P,word2vec_recipe_20_HYP_HALF,0.1427712,0.12419811,0.16220911,0.14086251,0.17071575,0.14934467
bitter,P,word2vec_recipe_20_HYP_HALF,0.30801392,0.27021158,0.36393872,0.3150161,0.3850617,0.32422662
maintain,P,word2vec_recipe_20_HYP_HALF,0.36374515,0.47952187,0.46407646,0.52680105,0.49636418,0.50178796
dainty,P,word2vec_recipe_20_HYP_HALF,0.32646233,0.35047722,0.37599778,0.37967348,0.39401084,0.39175183
fuzz,M,word2vec_recipe_20_HYP_HALF,0.25177392,0.25860775,0.30909848,0.33559257,0.33805668,0.37498507
medium,P,word2vec_recipe_20_HYP_HALF,0.2763729,0.3563984,0.40305448,0.4184945,0.4467391,0.422425
tact,M,word2vec_recipe_20_HYP_HALF,0.3355945,0.31269968,0.3889153,0.36121976,0.41116607,0.3775394
former,H,word2vec_recipe_20_HYP_HALF,0.20743358,0.14468059,0.23613529,0.17063619,0.24830382,0.18059698
doll,P,word2vec_recipe_20_HYP_HALF,0.2152951,0.20992933,0.27017954,0.26932493,0.2961791,0.29639864
rail,H,word2vec_recipe_20_HYP_HALF,0.20529485,0.20893747,0.23303129,0.23899628,0.24412388,0.24942456
slab,P,word2vec_recipe_20_HYP_HALF,0.4339068,0.38863492,0.48881835,0.36720777,0.5064812,0.39504638
potion,M,word2vec_recipe_20_HYP_HALF,0.27145642,0.21292174,0.30812547,0.2602594,0.32364875,0.28576735
musical,P,word2vec_recipe_20_HYP_HALF,0.14936027,0.16915955,0.19218214,0.22910616,0.20985031,0.24860696
turnout,P,word2vec_recipe_20_HYP_HALF,0.23520263,0.2624748,0.27783173,0.29587686,0.29502055,0.30638358
guilty,P,word2vec_recipe_20_HYP_HALF,0.17672093,0.14692666,0.20672633,0.17230368,0.21950653,0.1760416
divide,P,word2vec_recipe_20_HYP_HALF,0.34841844,0.3867502,0.48601964,0.50400764,0.5237803,0.5045743
landmark,P,word2vec_recipe_20_HYP_HALF,0.102378525,0.11563181,0.12309238,0.149221,0.13177316,0.16368803
blade,P,word2vec_recipe_20_HYP_HALF,0.3141547,0.38068694,0.39720404,0.4509125,0.438199,0.49922645
buttermilk,P,word2vec_recipe_20_HYP_HALF,0.34784085,0.3323073,0.40089095,0.33243054,0.4261119,0.35248247
comfort,P,word2vec_recipe_20_HYP_HALF,0.3265245,0.3293881,0.3642445,0.31488457,0.37796387,0.31956786
blueberry,P,word2vec_recipe_20_HYP_HALF,0.2188478,0.26340374,0.30166396,0.3036376,0.3298849,0.30939907
rise,P,word2vec_recipe_20_HYP_HALF,0.28625458,0.32642013,0.40550196,0.44271654,0.45453918,0.4823632
ocean,P,word2vec_recipe_20_HYP_HALF,0.32021195,0.27607274,0.37387273,0.31777164,0.39249694,0.32943487
dribble,P,word2vec_recipe_20_HYP_HALF,0.39919358,0.48378313,0.48021647,0.42366225,0.50390226,0.42504132
nurse,P,word2vec_recipe_20_HYP_HALF,0.120046064,0.13249329,0.13950555,0.15395781,0.14863534,0.16341184
bedtime,M,word2vec_recipe_20_HYP_HALF,0.26817408,0.28039333,0.32506597,0.31926602,0.34572327,0.32616773
starch,P,word2vec_recipe_20_HYP_HALF,0.36080542,0.4257901,0.44502556,0.4742065,0.4735898,0.46682787
spank,H,word2vec_recipe_20_HYP_HALF,0.26099238,0.2125597,0.30596864,0.25367635,0.32171327,0.26061648
downright,P,word2vec_recipe_20_HYP_HALF,0.1470516,0.15108271,0.17250557,0.15951684,0.184557,0.17736594
undo,P,word2vec_recipe_20_HYP_HALF,0.26943693,0.27212137,0.3138323,0.28226754,0.33189714,0.29994822
unstable,P,word2vec_recipe_20_HYP_HALF,0.15687989,0.14814185,0.18270329,0.16483535,0.19369622,0.18035321
strive,P,word2vec_recipe_20_HYP_HALF,0.14170417,0.10207588,0.16609794,0.13896756,0.17608625,0.14868155
stew,P,word2vec_recipe_20_HYP_HALF,0.29109028,0.3991274,0.37014106,0.4111995,0.39853945,0.3888177
flat,H,word2vec_recipe_20_HYP_HALF,0.34461403,0.30647185,0.38919228,0.3367876,0.40683326,0.3441931
cube,H,word2vec_recipe_20_HYP_HALF,0.40055555,0.40786842,0.48720604,0.4477321,0.51297915,0.4603406
mango,M,word2vec_recipe_20_HYP_HALF,0.22959635,0.32100773,0.31226543,0.35744655,0.34551197,0.37353447
submit,P,word2vec_recipe_20_HYP_HALF,0.101790406,0.105844,0.124586344,0.13235845,0.13417773,0.14477931
nowadays,P,word2vec_recipe_20_HYP_HALF,0.1488364,0.14411202,0.1738901,0.15608914,0.18432091,0.16072549
mound,P,word2vec_recipe_20_HYP_HALF,0.37032264,0.48865882,0.46401674,0.52391565,0.49543595,0.51443994
leap,P,word2vec_recipe_20_HYP_HALF,0.16246016,0.12281294,0.1969136,0.17629598,0.20975247,0.19346501
inhale,P,word2vec_recipe_20_HYP_HALF,0.25995868,0.23546714,0.30350286,0.2626392,0.32001662,0.26289982
bayou,M,word2vec_recipe_20_HYP_HALF,0.29369807,0.27084062,0.35191754,0.2939826,0.3704971,0.29623878
redo,P,word2vec_recipe_20_HYP_HALF,0.26010147,0.1661767,0.2898034,0.19027695,0.30085447,0.20383614
sponge,P,word2vec_recipe_20_HYP_HALF,0.31062746,0.38832855,0.38482967,0.4067458,0.40909043,0.40761134
spell,H,word2vec_recipe_20_HYP_HALF,0.18249471,0.17598785,0.21493065,0.1962521,0.22843565,0.21802308
successful,P,word2vec_recipe_20_HYP_HALF,0.22221772,0.19227715,0.24828081,0.19042712,0.25960428,0.20016812
charcoal,P,word2vec_recipe_20_HYP_HALF,0.24068436,0.32751042,0.3370291,0.39350748,0.39550287,0.43287894
attachment,P,word2vec_recipe_20_HYP_HALF,0.2780723,0.3256411,0.42959645,0.42544523,0.48575076,0.48326227
teeny,M,word2vec_recipe_20_HYP_HALF,0.36304694,0.40577796,0.44113362,0.43390626,0.46269906,0.41770893
resource,P,word2vec_recipe_20_HYP_HALF,0.11279273,0.121340506,0.13577981,0.14182805,0.14566797,0.15269996
invite,P,word2vec_recipe_20_HYP_HALF,0.25052446,0.26884693,0.30830148,0.2930955,0.3298046,0.296663
threaten,P,word2vec_recipe_20_HYP_HALF,0.31710595,0.3110491,0.37084472,0.3431874,0.3934806,0.34672344
girdle,P,word2vec_recipe_20_HYP_HALF,0.24589387,0.20194332,0.27465352,0.21436109,0.28638244,0.22616714
rookie,P,word2vec_recipe_20_HYP_HALF,0.15627553,0.15585618,0.1867145,0.1880015,0.19871584,0.19754536
snack,P,word2vec_recipe_20_HYP_HALF,0.30108517,0.37710765,0.36995247,0.4201492,0.39566794,0.41473153
clock,H,word2vec_recipe_20_HYP_HALF,0.36475712,0.30686352,0.4022229,0.32969272,0.41672978,0.3300967
terrible,P,word2vec_recipe_20_HYP_HALF,0.17202315,0.14934003,0.19842114,0.16804081,0.209723,0.17827272
film,P,word2vec_recipe_20_HYP_HALF,0.32911828,0.29519063,0.4387542,0.41025957,0.47110954,0.43355986
ribbon,P,word2vec_recipe_20_HYP_HALF,0.37534565,0.40657625,0.43299672,0.38347545,0.45453689,0.3984582
mint,H,word2vec_recipe_20_HYP_HALF,0.28633946,0.33700067,0.34644145,0.3852652,0.37423283,0.41296968
dizzy,P,word2vec_recipe_20_HYP_HALF,0.15893836,0.16347343,0.18399176,0.1822252,0.19353296,0.19921051
smooth,P,word2vec_recipe_20_HYP_HALF,0.2638152,0.3207126,0.36392155,0.38812876,0.3978157,0.3898694
spice,P,word2vec_recipe_20_HYP_HALF,0.3793106,0.40171322,0.44511455,0.42882404,0.47044498,0.44130513
awaken,P,word2vec_recipe_20_HYP_HALF,0.21610208,0.20040219,0.25033545,0.21876802,0.26313806,0.22198272
minimum,P,word2vec_recipe_20_HYP_HALF,0.3671824,0.33731177,0.44597504,0.3692919,0.47703698,0.4012305
excitement,P,word2vec_recipe_20_HYP_HALF,0.12327733,0.120498545,0.14105679,0.14497778,0.15027323,0.1532186
ghastly,P,word2vec_recipe_20_HYP_HALF,0.17135575,0.1913668,0.20058945,0.21818952,0.21133538,0.23224321
wallet,M,word2vec_recipe_20_HYP_HALF,0.14829513,0.1242469,0.17179848,0.14836739,0.18193945,0.15822859
nephew,M,word2vec_recipe_20_HYP_HALF,0.08510195,0.09311043,0.10793721,0.12785234,0.11906308,0.14570805
waffle,H,word2vec_recipe_20_HYP_HALF,0.32711232,0.40226883,0.4608678,0.5291618,0.5076548,0.5389466
fighter,P,word2vec_recipe_20_HYP_HALF,0.1721333,0.1803905,0.19615966,0.19857746,0.20584801,0.2029871
clap,P,word2vec_recipe_20_HYP_HALF,0.344776,0.38490763,0.40335143,0.4160466,0.42410955,0.44592834
imply,P,word2vec_recipe_20_HYP_HALF,0.11298317,0.11519699,0.13542394,0.13468389,0.1450287,0.14358382
fit,H,word2vec_recipe_20_HYP_HALF,0.38569695,0.46603668,0.4513493,0.40887487,0.47157615,0.37672266
parrot,P,word2vec_recipe_20_HYP_HALF,0.22022876,0.23667729,0.253508,0.27476498,0.26686665,0.2804936
diarrhea,M,word2vec_recipe_20_HYP_HALF,0.13131616,0.137291,0.15496047,0.16042307,0.1663614,0.16816881
applause,P,word2vec_recipe_20_HYP_HALF,0.18009564,0.15909913,0.22279507,0.18976302,0.23779917,0.20060012
grinder,P,word2vec_recipe_20_HYP_HALF,0.27215725,0.30984765,0.39478666,0.39883915,0.44721258,0.46031347
breast,P,word2vec_recipe_20_HYP_HALF,0.25285468,0.35147867,0.3350489,0.4445333,0.37650958,0.46162784
ego,P,word2vec_recipe_20_HYP_HALF,0.089816846,0.093258664,0.10769164,0.117304556,0.11571565,0.13249977
policy,H,word2vec_recipe_20_HYP_HALF,0.13296723,0.11842129,0.1600307,0.14893264,0.1720537,0.15885498
private,P,word2vec_recipe_20_HYP_HALF,0.14011022,0.13325797,0.16644734,0.16564354,0.17830151,0.17852671
mystery,P,word2vec_recipe_20_HYP_HALF,0.20020814,0.13319139,0.23275177,0.15997566,0.24797812,0.17891951
hose,P,word2vec_recipe_20_HYP_HALF,0.19589062,0.23710686,0.25051078,0.3262281,0.2740924,0.3388355
boa,P,word2vec_recipe_20_HYP_HALF,0.21086705,0.17796732,0.24947229,0.22888994,0.26659146,0.2581342
clearance,P,word2vec_recipe_20_HYP_HALF,0.31223664,0.31152368,0.36878026,0.34622163,0.3896344,0.3650604
genius,P,word2vec_recipe_20_HYP_HALF,0.15716384,0.14987552,0.17946054,0.15125082,0.18979426,0.16267997
boil,H,word2vec_recipe_20_HYP_HALF,0.3385029,0.34713966,0.41630086,0.35723397,0.4498377,0.37711358
idiot,P,word2vec_recipe_20_HYP_HALF,0.23991887,0.21283565,0.27659518,0.2444546,0.28996253,0.24694867
meal,H,word2vec_recipe_20_HYP_HALF,0.4106636,0.47786206,0.47885773,0.50077045,0.5038871,0.50965506
neat,P,word2vec_recipe_20_HYP_HALF,0.26659578,0.27814826,0.3183724,0.29016104,0.33854836,0.3179658
cupboard,M,word2vec_recipe_20_HYP_HALF,0.2585042,0.319883,0.34912455,0.3868266,0.3784014,0.39543393
folk,P,word2vec_recipe_20_HYP_HALF,0.38787165,0.40994903,0.44830808,0.44855592,0.47027984,0.43017343
suggest,P,word2vec_recipe_20_HYP_HALF,0.30584678,0.32425857,0.3663789,0.27617523,0.3841381,0.26660395
extensive,P,word2vec_recipe_20_HYP_HALF,0.12981442,0.114669465,0.14871913,0.14228213,0.15730898,0.15091765
mushy,P,word2vec_recipe_20_HYP_HALF,0.29141936,0.34565338,0.36297643,0.38263252,0.3904644,0.38036707
vomit,P,word2vec_recipe_20_HYP_HALF,0.15844488,0.20052785,0.18589999,0.2244584,0.1981126,0.23777251
daytime,M,word2vec_recipe_20_HYP_HALF,0.15308514,0.16494426,0.18747538,0.19366238,0.20014113,0.19899254
prostate,P,word2vec_recipe_20_HYP_HALF,0.10747081,0.114475384,0.13000162,0.14595692,0.1406149,0.15809938
horizontal,M,word2vec_recipe_20_HYP_HALF,0.25821337,0.2982492,0.32555336,0.34508413,0.3533012,0.3531255
fuss,P,word2vec_recipe_20_HYP_HALF,0.3079385,0.2735462,0.34992447,0.28128415,0.36480954,0.2848025
fiber,P,word2vec_recipe_20_HYP_HALF,0.1707947,0.18244857,0.24634427,0.1460662,0.26859182,0.13079782
fame,P,word2vec_recipe_20_HYP_HALF,0.14995137,0.119865224,0.17168152,0.15134542,0.18167503,0.16633119
mule,H,word2vec_recipe_20_HYP_HALF,0.13819852,0.14302947,0.18275861,0.19962102,0.20633438,0.22748664
lagoon,P,word2vec_recipe_20_HYP_HALF,0.20017727,0.20292011,0.23980576,0.23741348,0.25775954,0.25903273
crank,P,word2vec_recipe_20_HYP_HALF,0.40405264,0.43122718,0.4679073,0.44724444,0.48953128,0.44696388
immediate,P,word2vec_recipe_20_HYP_HALF,0.35816818,0.34080255,0.4135035,0.3368643,0.4321481,0.34341973
letter,P,word2vec_recipe_20_HYP_HALF,0.35251275,0.40093175,0.4230293,0.40703818,0.44914162,0.39795086
distant,P,word2vec_recipe_20_HYP_HALF,0.10569762,0.10802111,0.12359257,0.13942628,0.13249865,0.15402174
shrink,P,word2vec_recipe_20_HYP_HALF,0.34856877,0.4443977,0.4253438,0.39955595,0.44887528,0.37047163
upward,P,word2vec_recipe_20_HYP_HALF,0.25725812,0.30235827,0.32181892,0.32442534,0.34606847,0.3367244
dip,P,word2vec_recipe_20_HYP_HALF,0.41524744,0.426081,0.48426187,0.44575986,0.50605154,0.43640143
functional,P,word2vec_recipe_20_HYP_HALF,0.099707305,0.10941824,0.119793154,0.13738118,0.12856752,0.14952576
chest,P,word2vec_recipe_20_HYP_HALF,0.32199082,0.32802472,0.37197345,0.35430276,0.39167204,0.3696248
carefree,M,word2vec_recipe_20_HYP_HALF,0.17758766,0.16205762,0.20269369,0.18980749,0.21283607,0.20282082
slot,P,word2vec_recipe_20_HYP_HALF,0.35252902,0.39170855,0.41631183,0.41075385,0.43793908,0.4267898
campfire,P,word2vec_recipe_20_HYP_HALF,0.36182398,0.3796541,0.43900472,0.43510684,0.46660033,0.457548
intestine,P,word2vec_recipe_20_HYP_HALF,0.2134221,0.21159048,0.28457946,0.3147785,0.31689292,0.35548285
linen,P,word2vec_recipe_20_HYP_HALF,0.24992558,0.2812796,0.3774358,0.40466076,0.43037024,0.44444332
value,P,word2vec_recipe_20_HYP_HALF,0.22504544,0.1887953,0.26930577,0.23634219,0.2882695,0.21211907
beg,P,word2vec_recipe_20_HYP_HALF,0.13517164,0.13438815,0.15826741,0.15185276,0.16925484,0.16095623
shoulder,P,word2vec_recipe_20_HYP_HALF,0.20960295,0.30584913,0.30883923,0.391447,0.3455343,0.39764452
cheerful,P,word2vec_recipe_20_HYP_HALF,0.1459957,0.13407803,0.16868934,0.15434505,0.17815854,0.16665477
jury,P,word2vec_recipe_20_HYP_HALF,0.09789795,0.10360885,0.116627544,0.12794313,0.12532137,0.14302643
roast,P,word2vec_recipe_20_HYP_HALF,0.30133682,0.3373364,0.37931338,0.4204045,0.41218078,0.42138124
restore,P,word2vec_recipe_20_HYP_HALF,0.38919693,0.35824716,0.45135406,0.40124235,0.4723403,0.405842
classroom,M,word2vec_recipe_20_HYP_HALF,0.1805635,0.19256641,0.21501896,0.22009622,0.22892757,0.23501265
millimeter,M,word2vec_recipe_20_HYP_HALF,0.21761608,0.20088279,0.26087222,0.25134364,0.2821945,0.26709157
defective,P,word2vec_recipe_20_HYP_HALF,0.29626626,0.33830175,0.35533902,0.39117333,0.3814316,0.41363803
humidity,P,word2vec_recipe_20_HYP_HALF,0.28803504,0.31110427,0.35636938,0.3173261,0.38093483,0.313055
dwarf,P,word2vec_recipe_20_HYP_HALF,0.19805482,0.24195114,0.22614929,0.26742893,0.23876028,0.28522158
cheek,P,word2vec_recipe_20_HYP_HALF,0.3234096,0.35936606,0.37064734,0.38513407,0.38997278,0.39568925
appetite,P,word2vec_recipe_20_HYP_HALF,0.28802735,0.33473352,0.34146133,0.32753998,0.36426303,0.33098945
recommend,P,word2vec_recipe_20_HYP_HALF,0.26619872,0.28350198,0.34589553,0.29517558,0.36852416,0.2797559
powerful,P,word2vec_recipe_20_HYP_HALF,0.2923302,0.30043864,0.35286593,0.37426156,0.374915,0.39007464
consistent,P,word2vec_recipe_20_HYP_HALF,0.35633755,0.3590373,0.42050117,0.39357746,0.44468835,0.39937228
squeaky,M,word2vec_recipe_20_HYP_HALF,0.29326186,0.32699084,0.34478733,0.30847856,0.3626214,0.3254522
wreath,P,word2vec_recipe_20_HYP_HALF,0.2735506,0.32067412,0.342761,0.38457236,0.3716258,0.39143515
worldwide,P,word2vec_recipe_20_HYP_HALF,0.12562959,0.13114065,0.14940894,0.15454292,0.15993474,0.1643939
teacher,M,word2vec_recipe_20_HYP_HALF,0.10985234,0.10435401,0.1349667,0.13334247,0.1480162,0.15469024
improper,P,word2vec_recipe_20_HYP_HALF,0.1288249,0.14467594,0.14917392,0.15895192,0.15963559,0.17248486
puddle,P,word2vec_recipe_20_HYP_HALF,0.3659777,0.42029992,0.43743375,0.43750244,0.4582107,0.4222923
despair,P,word2vec_recipe_20_HYP_HALF,0.18249165,0.16216865,0.21126823,0.18403004,0.22418442,0.19205782
purgatory,P,word2vec_recipe_20_HYP_HALF,0.23059532,0.22829422,0.2845208,0.24387659,0.30141655,0.24993536
dirt,P,word2vec_recipe_20_HYP_HALF,0.34781352,0.3737741,0.43359318,0.44077408,0.46207467,0.451854
pupil,H,word2vec_recipe_20_HYP_HALF,0.22331758,0.2038184,0.29201993,0.2658421,0.32357466,0.29295585
spatter,P,word2vec_recipe_20_HYP_HALF,0.3003979,0.3619287,0.3989929,0.4399612,0.43381393,0.43503222
oasis,P,word2vec_recipe_20_HYP_HALF,0.19410402,0.22241597,0.22891422,0.24999717,0.24406151,0.26688275
serum,P,word2vec_recipe_20_HYP_HALF,0.16565266,0.1832754,0.19298983,0.19582614,0.20413387,0.20257032
silk,P,word2vec_recipe_20_HYP_HALF,0.39902264,0.45718765,0.47812462,0.5018717,0.5052986,0.4985178
pooch,M,word2vec_recipe_20_HYP_HALF,0.18607165,0.18546024,0.22273774,0.2058573,0.2370589,0.21951048
smash,P,word2vec_recipe_20_HYP_HALF,0.2928286,0.40870416,0.4184879,0.49070352,0.46381587,0.5060145
handsome,P,word2vec_recipe_20_HYP_HALF,0.27595055,0.2560871,0.3133593,0.2919999,0.32694936,0.2963508
criticism,P,word2vec_recipe_20_HYP_HALF,0.17650768,0.1438978,0.20998526,0.17097105,0.22124122,0.17691132
telegram,M,word2vec_recipe_20_HYP_HALF,0.15154111,0.15050314,0.17917629,0.17169388,0.19016588,0.18651213
accelerate,P,word2vec_recipe_20_HYP_HALF,0.23339787,0.27867004,0.29317716,0.28602865,0.3153944,0.29714337
trifle,P,word2vec_recipe_20_HYP_HALF,0.34783715,0.40186325,0.42577076,0.4318066,0.4501743,0.41891772
drift,P,word2vec_recipe_20_HYP_HALF,0.2042439,0.1583728,0.23837641,0.18307051,0.25074747,0.19490847
slit,P,word2vec_recipe_20_HYP_HALF,0.3128211,0.35409346,0.39899963,0.39176264,0.43058923,0.40905628
intend,P,word2vec_recipe_20_HYP_HALF,0.34314728,0.37915915,0.41572246,0.31829488,0.436489,0.300211
obvious,P,word2vec_recipe_20_HYP_HALF,0.2684996,0.27664325,0.3127162,0.28870785,0.32880867,0.2842761
bran,M,word2vec_recipe_20_HYP_HALF,0.28271475,0.33513358,0.38551962,0.4165791,0.42506745,0.43646845
candle,P,word2vec_recipe_20_HYP_HALF,0.3632603,0.3793531,0.43676865,0.47467655,0.46127185,0.4698063
chore,P,word2vec_recipe_20_HYP_HALF,0.13244565,0.11892609,0.15247717,0.13420832,0.16207056,0.14185117
ignore,M,word2vec_recipe_20_HYP_HALF,0.28830066,0.17644802,0.32559317,0.19528249,0.33923078,0.21083696
regal,P,word2vec_recipe_20_HYP_HALF,0.21612981,0.18143734,0.24656366,0.21096411,0.2587434,0.21482547
initial,P,word2vec_recipe_20_HYP_HALF,0.28718466,0.25146005,0.3298306,0.29130614,0.34669328,0.28988582
hunger,P,word2vec_recipe_20_HYP_HALF,0.16871591,0.1476768,0.20315166,0.16946872,0.216713,0.18113558
liberate,P,word2vec_recipe_20_HYP_HALF,0.19700661,0.21591438,0.22525261,0.23854871,0.23818882,0.24527529
caramel,P,word2vec_recipe_20_HYP_HALF,0.2705056,0.32539886,0.36462143,0.3891918,0.39486244,0.38618934
windmill,P,word2vec_recipe_20_HYP_HALF,0.2154642,0.18176617,0.25441486,0.25449565,0.27190948,0.27545565
roller,P,word2vec_recipe_20_HYP_HALF,0.32774782,0.37546918,0.41832379,0.44203466,0.4509764,0.4427758
darn,H,word2vec_recipe_20_HYP_HALF,0.20715585,0.22208557,0.25332418,0.24686067,0.27143383,0.24165137
manger,M,word2vec_recipe_20_HYP_HALF,0.1423977,0.14888734,0.16226362,0.16827576,0.17087705,0.18026125
outdoor,M,word2vec_recipe_20_HYP_HALF,0.30672517,0.3260333,0.42363948,0.4077774,0.46238223,0.44255236
raft,H,word2vec_recipe_20_HYP_HALF,0.36966738,0.33514646,0.41514546,0.39166483,0.43224916,0.39980626
ketchup,M,word2vec_recipe_20_HYP_HALF,0.27084398,0.28356946,0.3583686,0.36754325,0.3985657,0.3891482
equation,P,word2vec_recipe_20_HYP_HALF,0.124981724,0.12478063,0.14401591,0.15337741,0.15281907,0.16581075
novel,H,word2vec_recipe_20_HYP_HALF,0.108298995,0.10653147,0.12878351,0.13275906,0.138585,0.14982986
salad,P,word2vec_recipe_20_HYP_HALF,0.29614466,0.3629328,0.36400592,0.35116157,0.38834164,0.34365153
newspaper,P,word2vec_recipe_20_HYP_HALF,0.3333932,0.37390283,0.40627852,0.41740993,0.4321316,0.4294254
flask,P,word2vec_recipe_20_HYP_HALF,0.24516031,0.27600467,0.29631412,0.3394313,0.31702325,0.36400688
toothpaste,M,word2vec_recipe_20_HYP_HALF,0.30847615,0.33027422,0.36920407,0.36778897,0.38938615,0.37355858
nuisance,M,word2vec_recipe_20_HYP_HALF,0.2027317,0.14122586,0.2227236,0.1591196,0.23169427,0.16493838
disagree,P,word2vec_recipe_20_HYP_HALF,0.07713197,0.08675848,0.09621919,0.11935354,0.10532871,0.13171296
station,P,word2vec_recipe_20_HYP_HALF,0.42352614,0.48749697,0.51319736,0.4968115,0.53495264,0.4899019
entrance,H,word2vec_recipe_20_HYP_HALF,0.15565276,0.17749254,0.19554187,0.23186138,0.2143926,0.2574319
signature,P,word2vec_recipe_20_HYP_HALF,0.28027207,0.2530236,0.31375605,0.29385948,0.32680905,0.30126515
ridge,P,word2vec_recipe_20_HYP_HALF,0.3263148,0.3553395,0.38666633,0.39430702,0.40797588,0.40008107
bless,P,word2vec_recipe_20_HYP_HALF,0.16285142,0.13382863,0.19282947,0.15304703,0.20580497,0.16562524
hatch,H,word2vec_recipe_20_HYP_HALF,0.3405493,0.32132965,0.39537108,0.36432973,0.41517362,0.40012792
iodine,P,word2vec_recipe_20_HYP_HALF,0.09884085,0.08710399,0.18347639,0.13110349,0.21124381,0.14496323
manual,P,word2vec_recipe_20_HYP_HALF,0.2835744,0.31181255,0.37923926,0.41711703,0.42366904,0.46850845
hangover,M,word2vec_recipe_20_HYP_HALF,0.27102652,0.2419445,0.306318,0.24104229,0.3192278,0.25490838
session,P,word2vec_recipe_20_HYP_HALF,0.28804517,0.28216693,0.3343231,0.26175582,0.34979987,0.26304746
freak,H,word2vec_recipe_20_HYP_HALF,0.23997352,0.17856243,0.2756742,0.20552935,0.2885388,0.20883371
gum,H,word2vec_recipe_20_HYP_HALF,0.31407574,0.3012994,0.40879804,0.4152439,0.44134164,0.43961665
invoke,P,word2vec_recipe_20_HYP_HALF,0.16089436,0.14823693,0.18598379,0.1753789,0.19677402,0.18563832
curse,P,word2vec_recipe_20_HYP_HALF,0.07606007,0.09398048,0.09352232,0.11658583,0.10367867,0.13100168
allergy,M,word2vec_recipe_20_HYP_HALF,0.21044548,0.22598095,0.26634395,0.27063996,0.28426808,0.2719693
prompt,P,word2vec_recipe_20_HYP_HALF,0.1299884,0.12976341,0.15006436,0.14791168,0.15944442,0.15634115
groove,P,word2vec_recipe_20_HYP_HALF,0.27293476,0.31152573,0.32225323,0.3270102,0.34406143,0.34912738
brag,P,word2vec_recipe_20_HYP_HALF,0.19186509,0.15091921,0.21857567,0.18821223,0.23045425,0.19866812
theme,P,word2vec_recipe_20_HYP_HALF,0.24387994,0.24608195,0.2790748,0.276496,0.29411304,0.2822871
election,P,word2vec_recipe_20_HYP_HALF,0.17093027,0.17626093,0.19759525,0.18452418,0.20948559,0.1918726
karate,M,word2vec_recipe_20_HYP_HALF,0.12061825,0.11601892,0.13956286,0.14359105,0.14812593,0.15026249
extension,P,word2vec_recipe_20_HYP_HALF,0.20395975,0.17048055,0.23703215,0.20013288,0.25126493,0.21682735
sky,P,word2vec_recipe_20_HYP_HALF,0.42349148,0.32969254,0.47792694,0.35338712,0.49404094,0.36797315
yen,H,word2vec_recipe_20_HYP_HALF,0.29598323,0.29365236,0.34521672,0.30963174,0.36268997,0.3219088
cathedral,P,word2vec_recipe_20_HYP_HALF,0.15886024,0.15152882,0.19943157,0.1973782,0.2161191,0.21270847
lateral,P,word2vec_recipe_20_HYP_HALF,0.17175798,0.218875,0.20879437,0.25925466,0.22709179,0.28047743
cardboard,M,word2vec_recipe_20_HYP_HALF,0.30908716,0.2808018,0.3617243,0.3410748,0.3798782,0.35874853
discover,P,word2vec_recipe_20_HYP_HALF,0.13339767,0.104659535,0.15516825,0.12929957,0.16496585,0.14713496
zip,H,word2vec_recipe_20_HYP_HALF,0.17691952,0.19679,0.32793632,0.30633318,0.40483513,0.39685944
alligator,M,word2vec_recipe_20_HYP_HALF,0.3319765,0.4001345,0.3838385,0.4040885,0.4014231,0.3866466
dedication,P,word2vec_recipe_20_HYP_HALF,0.16408189,0.18578607,0.18938835,0.20781292,0.19995746,0.22230864
crutch,P,word2vec_recipe_20_HYP_HALF,0.18683416,0.18505222,0.21939735,0.19337024,0.23137929,0.20364949
gross,P,word2vec_recipe_20_HYP_HALF,0.22270206,0.24774845,0.26665848,0.22727837,0.2844637,0.2302536
behalf,P,word2vec_recipe_20_HYP_HALF,0.17675725,0.14793605,0.21107844,0.1795901,0.22687794,0.1954282
fist,P,word2vec_recipe_20_HYP_HALF,0.30808336,0.3405594,0.3993139,0.45484376,0.43628722,0.46282706
clubhouse,M,word2vec_recipe_20_HYP_HALF,0.172519,0.17071293,0.20152265,0.20219141,0.21244435,0.21498165
coil,H,word2vec_recipe_20_HYP_HALF,0.22535865,0.27979007,0.2934862,0.32131484,0.32284474,0.33392632
bait,P,word2vec_recipe_20_HYP_HALF,0.27722517,0.23292929,0.311148,0.22702779,0.3232649,0.2288083
activate,P,word2vec_recipe_20_HYP_HALF,0.30431238,0.3744236,0.3999649,0.4534925,0.43731144,0.4885688
difficult,P,word2vec_recipe_20_HYP_HALF,0.28320616,0.269571,0.33142662,0.24944048,0.34980652,0.24141094
tiara,P,word2vec_recipe_20_HYP_HALF,0.21891816,0.23775265,0.2546328,0.28947294,0.27286234,0.309423
slack,H,word2vec_recipe_20_HYP_HALF,0.21151857,0.19045019,0.26741555,0.24923491,0.29472744,0.27106348
bleed,P,word2vec_recipe_20_HYP_HALF,0.35600612,0.3615271,0.40881377,0.32053038,0.42713988,0.32227907
valve,P,word2vec_recipe_20_HYP_HALF,0.3364135,0.35713717,0.44070145,0.46530443,0.47950226,0.49922445
express,P,word2vec_recipe_20_HYP_HALF,0.41755265,0.3162725,0.4588363,0.3196052,0.47287142,0.31663302
midnight,P,word2vec_recipe_20_HYP_HALF,0.2808921,0.27937186,0.31911492,0.280244,0.33528528,0.28938487
volatile,P,word2vec_recipe_20_HYP_HALF,0.2006813,0.21083125,0.24144833,0.22838354,0.2585401,0.23769993
sudden,P,word2vec_recipe_20_HYP_HALF,0.28656164,0.25139365,0.33172154,0.24200138,0.34673432,0.24767901
taste,P,word2vec_recipe_20_HYP_HALF,0.23152168,0.23265392,0.2959843,0.27944946,0.32655808,0.30241922
tub,P,word2vec_recipe_20_HYP_HALF,0.3226562,0.38526785,0.40725663,0.4236868,0.43572244,0.44089028
pencil,P,word2vec_recipe_20_HYP_HALF,0.2548752,0.26281714,0.3072088,0.3155032,0.32562703,0.3227816
blend,P,word2vec_recipe_20_HYP_HALF,0.31391746,0.38209388,0.3818944,0.4257751,0.405714,0.42860624
survive,P,word2vec_recipe_20_HYP_HALF,0.12953855,0.11815983,0.15540694,0.14121823,0.1670871,0.15429333
riot,P,word2vec_recipe_20_HYP_HALF,0.1588642,0.15230569,0.18078539,0.18767521,0.19075313,0.20118317
tent,P,word2vec_recipe_20_HYP_HALF,0.34561592,0.40969095,0.43380848,0.3956523,0.4640308,0.41496122
polite,P,word2vec_recipe_20_HYP_HALF,0.2208476,0.26298398,0.2624397,0.25636354,0.2806405,0.26088235
shower,H,word2vec_recipe_20_HYP_HALF,0.40949407,0.37804863,0.4623512,0.4143458,0.48157245,0.41022524
scold,P,word2vec_recipe_20_HYP_HALF,0.14349598,0.1467478,0.16806574,0.15676047,0.17743593,0.17194849
ruthless,M,word2vec_recipe_20_HYP_HALF,0.15789953,0.16874634,0.18560463,0.20015448,0.1969761,0.20605087
historic,P,word2vec_recipe_20_HYP_HALF,0.10526989,0.1136317,0.12980762,0.1525394,0.1404013,0.1671893
convenient,P,word2vec_recipe_20_HYP_HALF,0.30592287,0.31015018,0.34365192,0.26776412,0.3574426,0.26374245
tolerant,P,word2vec_recipe_20_HYP_HALF,0.16924556,0.13959335,0.19167021,0.15009643,0.20111088,0.16208805
pool,H,word2vec_recipe_20_HYP_HALF,0.4104715,0.48624367,0.47492126,0.4716368,0.49320298,0.47338897
icebox,P,word2vec_recipe_20_HYP_HALF,0.36379227,0.25107276,0.39987007,0.27151513,0.41443372,0.26364014
belief,P,word2vec_recipe_20_HYP_HALF,0.13315311,0.13468246,0.1548914,0.14403887,0.16387536,0.15476844
polar,P,word2vec_recipe_20_HYP_HALF,0.21314237,0.23593053,0.25221145,0.27966684,0.2681607,0.29203394
handful,P,word2vec_recipe_20_HYP_HALF,0.37845892,0.46640694,0.47945687,0.5083135,0.5080852,0.49745566
picky,M,word2vec_recipe_20_HYP_HALF,0.1901117,0.19323586,0.23163946,0.21394455,0.24821968,0.21766025
sunglasses,M,word2vec_recipe_20_HYP_HALF,0.18710493,0.19119301,0.21630764,0.23826416,0.23287228,0.2563881
rumble,P,word2vec_recipe_20_HYP_HALF,0.24953863,0.22775508,0.2833712,0.23777668,0.29550877,0.2459108
tofu,M,word2vec_recipe_20_HYP_HALF,0.3024147,0.32960296,0.38490325,0.4059827,0.41436648,0.4210245
scream,P,word2vec_recipe_20_HYP_HALF,0.29028732,0.24811235,0.33049121,0.28789875,0.34571373,0.289053
coaster,P,word2vec_recipe_20_HYP_HALF,0.21471691,0.22232051,0.24832733,0.2694535,0.26135597,0.28262255
cash,P,word2vec_recipe_20_HYP_HALF,0.14121719,0.11285248,0.16474724,0.14662078,0.17521515,0.1589594
mode,H,word2vec_recipe_20_HYP_HALF,0.37165853,0.38854226,0.46005076,0.46212316,0.49458107,0.49517018
forum,P,word2vec_recipe_20_HYP_HALF,0.14272621,0.13708279,0.16537318,0.15567148,0.17796066,0.16721456
posse,P,word2vec_recipe_20_HYP_HALF,0.121996045,0.14353976,0.14987725,0.17553361,0.16192856,0.19274108
swarm,H,word2vec_recipe_20_HYP_HALF,0.14742605,0.16571276,0.16908723,0.19199751,0.17810915,0.20313604
compete,P,word2vec_recipe_20_HYP_HALF,0.18531327,0.15729149,0.2125062,0.18213272,0.2233128,0.1830906
swell,P,word2vec_recipe_20_HYP_HALF,0.36621627,0.44543663,0.44827324,0.46747607,0.47453544,0.46684346
memo,M,word2vec_recipe_20_HYP_HALF,0.13303652,0.15061046,0.15749024,0.17901984,0.1687482,0.18331501
motor,P,word2vec_recipe_20_HYP_HALF,0.3069322,0.3943772,0.42585307,0.445951,0.47467262,0.4710233
print,P,word2vec_recipe_20_HYP_HALF,0.26641923,0.2323334,0.31198403,0.26795965,0.33194062,0.29128972
patio,P,word2vec_recipe_20_HYP_HALF,0.26201662,0.26032847,0.30098605,0.28303763,0.31468108,0.28077036
stump,P,word2vec_recipe_20_HYP_HALF,0.21404848,0.20447472,0.25753564,0.25238907,0.27785003,0.28557396
demo,P,word2vec_recipe_20_HYP_HALF,0.101712,0.10840311,0.1250416,0.14299345,0.1362533,0.15441507
lunchtime,M,word2vec_recipe_20_HYP_HALF,0.2701917,0.24539083,0.31781286,0.295565,0.33820584,0.2986891
bird,P,word2vec_recipe_20_HYP_HALF,0.22636747,0.28905967,0.33944577,0.41907793,0.3852557,0.45352626
tortoise,P,word2vec_recipe_20_HYP_HALF,0.20361702,0.2243663,0.23493025,0.26637617,0.24811628,0.28411174
tomb,P,word2vec_recipe_20_HYP_HALF,0.1917601,0.20847134,0.23143235,0.23239595,0.24618474,0.24598621
scarecrow,P,word2vec_recipe_20_HYP_HALF,0.19118986,0.21234417,0.24068037,0.26566988,0.26478186,0.29548374
phase,P,word2vec_recipe_20_HYP_HALF,0.4116691,0.3630758,0.45520753,0.32944927,0.47026008,0.33099696
flop,P,word2vec_recipe_20_HYP_HALF,0.3720164,0.37086394,0.42929614,0.396246,0.44769096,0.40400875
rooster,M,word2vec_recipe_20_HYP_HALF,0.2603979,0.24652088,0.30448875,0.2844009,0.321631,0.29644057
horror,P,word2vec_recipe_20_HYP_HALF,0.07476165,0.09291665,0.09337601,0.122138925,0.102305606,0.13522276
compassion,M,word2vec_recipe_20_HYP_HALF,0.15623274,0.16968082,0.19286244,0.18354626,0.20670769,0.18847182
confess,P,word2vec_recipe_20_HYP_HALF,0.100859046,0.09734473,0.12297913,0.13209072,0.13421516,0.14146298
unleash,M,word2vec_recipe_20_HYP_HALF,0.17086992,0.16227213,0.19195835,0.1835389,0.20237914,0.19646916
deodorant,P,word2vec_recipe_20_HYP_HALF,0.16961327,0.18195096,0.20686783,0.19978964,0.21957964,0.2119733
tension,P,word2vec_recipe_20_HYP_HALF,0.23158726,0.24821945,0.27711928,0.3023525,0.2959121,0.3198478
homesick,M,word2vec_recipe_20_HYP_HALF,0.12710434,0.13579896,0.15401745,0.15591328,0.165998,0.16919294
football,P,word2vec_recipe_20_HYP_HALF,0.30790308,0.29978332,0.35748714,0.30727392,0.37744507,0.3247735
thong,P,word2vec_recipe_20_HYP_HALF,0.16249117,0.18475635,0.19070953,0.2066605,0.20209768,0.21438228
poodle,M,word2vec_recipe_20_HYP_HALF,0.17412762,0.19137621,0.20184004,0.18649697,0.21366031,0.19829637
dangerous,M,word2vec_recipe_20_HYP_HALF,0.23946805,0.19475685,0.27473915,0.21235545,0.28904122,0.221975
study,P,word2vec_recipe_20_HYP_HALF,0.1505383,0.1299677,0.17210737,0.14982001,0.18264663,0.1658572
pioneer,P,word2vec_recipe_20_HYP_HALF,0.21436867,0.26691017,0.26890555,0.31861964,0.29101807,0.32162842
explode,P,word2vec_recipe_20_HYP_HALF,0.31855354,0.32093194,0.36943543,0.30310085,0.38682553,0.30563194
distinct,P,word2vec_recipe_20_HYP_HALF,0.3285101,0.3168384,0.38478145,0.3469235,0.4057083,0.37246045
crummy,P,word2vec_recipe_20_HYP_HALF,0.25933343,0.27768248,0.29409084,0.29489535,0.30776918,0.31131834
choice,P,word2vec_recipe_20_HYP_HALF,0.2865731,0.36876464,0.38813293,0.41780514,0.42690027,0.4335271
residual,P,word2vec_recipe_20_HYP_HALF,0.37338674,0.39208427,0.41732553,0.36799428,0.43410775,0.37112612
carnival,P,word2vec_recipe_20_HYP_HALF,0.23381929,0.19424263,0.2599054,0.21170063,0.2705131,0.21614131
slop,P,word2vec_recipe_20_HYP_HALF,0.29187062,0.27058083,0.33484066,0.3001106,0.35107583,0.3074275
thump,P,word2vec_recipe_20_HYP_HALF,0.24136022,0.30880556,0.33064997,0.3558458,0.35727364,0.34987584
vest,P,word2vec_recipe_20_HYP_HALF,0.23171926,0.23121609,0.26356158,0.26601642,0.27689865,0.28754666
fireplace,P,word2vec_recipe_20_HYP_HALF,0.25005683,0.28664327,0.31851026,0.38470313,0.34665066,0.41123867
measure,P,word2vec_recipe_20_HYP_HALF,0.40747538,0.35256875,0.46323848,0.42100024,0.4833023,0.4288334
pyramid,P,word2vec_recipe_20_HYP_HALF,0.36288896,0.33982527,0.42086592,0.39433435,0.44345286,0.40866792
duck,H,word2vec_recipe_20_HYP_HALF,0.24668756,0.2950901,0.34266323,0.4418999,0.38137254,0.45304716
foot,P,word2vec_recipe_20_HYP_HALF,0.32027775,0.3415225,0.37249863,0.37451,0.39348423,0.40056723
dictionary,P,word2vec_recipe_20_HYP_HALF,0.10812362,0.110541455,0.13000122,0.14189614,0.13972174,0.15510346
disguise,P,word2vec_recipe_20_HYP_HALF,0.21045867,0.15075059,0.23466444,0.16030493,0.24500942,0.17054316
mosquito,M,word2vec_recipe_20_HYP_HALF,0.17426257,0.19523036,0.1994045,0.21116309,0.21154293,0.22248955
butter,P,word2vec_recipe_20_HYP_HALF,0.2775514,0.31819224,0.39449272,0.3560662,0.42703307,0.368778
horizon,P,word2vec_recipe_20_HYP_HALF,0.23442034,0.24691199,0.266837,0.25763923,0.2806437,0.2652571
blaze,H,word2vec_recipe_20_HYP_HALF,0.25996152,0.30403912,0.34089947,0.37555388,0.3691695,0.3925335
student,P,word2vec_recipe_20_HYP_HALF,0.17220877,0.1862987,0.19721986,0.19504493,0.20899479,0.20605512
sinful,P,word2vec_recipe_20_HYP_HALF,0.23963241,0.27958763,0.29129466,0.31674147,0.31190628,0.32558563
build,P,word2vec_recipe_20_HYP_HALF,0.40740767,0.42124167,0.47694343,0.44488603,0.49960482,0.4478187
incident,P,word2vec_recipe_20_HYP_HALF,0.14893183,0.15009879,0.1729376,0.1794559,0.18313116,0.18922023
aside,P,word2vec_recipe_20_HYP_HALF,0.40709963,0.45090058,0.49731213,0.41883227,0.52375716,0.4199684
unlikely,P,word2vec_recipe_20_HYP_HALF,0.32238743,0.23713887,0.3630757,0.2555725,0.37856483,0.25938612
picnic,P,word2vec_recipe_20_HYP_HALF,0.28814438,0.32841632,0.3545836,0.36787993,0.3785613,0.38110033
pasture,P,word2vec_recipe_20_HYP_HALF,0.14545846,0.13668849,0.17035112,0.14725646,0.18029007,0.16014905
group,P,word2vec_recipe_20_HYP_HALF,0.37676752,0.2931914,0.42200166,0.2926485,0.4392031,0.30312356
precious,P,word2vec_recipe_20_HYP_HALF,0.26340777,0.23564503,0.29775566,0.23124427,0.3122307,0.244073
depot,P,word2vec_recipe_20_HYP_HALF,0.14897785,0.14054914,0.17254768,0.15575981,0.18263458,0.16774009
portal,P,word2vec_recipe_20_HYP_HALF,0.1187016,0.14625637,0.13786192,0.17201641,0.14654127,0.181376
outdoors,P,word2vec_recipe_20_HYP_HALF,0.25857553,0.2744688,0.32153243,0.37035146,0.34840026,0.39585438
toil,H,word2vec_recipe_20_HYP_HALF,0.25087234,0.25502256,0.28156888,0.26923415,0.29448926,0.274876
monitor,P,word2vec_recipe_20_HYP_HALF,0.309735,0.3970536,0.36506355,0.4008749,0.3867799,0.4080977
dilemma,P,word2vec_recipe_20_HYP_HALF,0.13720441,0.15099327,0.16095954,0.1697884,0.17088786,0.18255936
gadget,M,word2vec_recipe_20_HYP_HALF,0.20335321,0.20052372,0.23997451,0.20772475,0.253942,0.21531284
sample,P,word2vec_recipe_20_HYP_HALF,0.35055393,0.3834468,0.42008936,0.3718337,0.43837386,0.3638575
staple,H,word2vec_recipe_20_HYP_HALF,0.33170706,0.30350602,0.37517574,0.31696254,0.39195868,0.31476647
drain,P,word2vec_recipe_20_HYP_HALF,0.3790587,0.39088878,0.44979692,0.3940697,0.47659776,0.3883509
buffer,H,word2vec_recipe_20_HYP_HALF,0.17987424,0.19919598,0.2080012,0.22666265,0.22038175,0.23852754
success,P,word2vec_recipe_20_HYP_HALF,0.25080457,0.17521438,0.2839986,0.18315038,0.29641816,0.1941832
witness,P,word2vec_recipe_20_HYP_HALF,0.103939414,0.10205401,0.1225374,0.13171275,0.13099754,0.14543809
thumb,P,word2vec_recipe_20_HYP_HALF,0.250376,0.34299797,0.36768642,0.4427601,0.41145042,0.44951504
velvet,P,word2vec_recipe_20_HYP_HALF,0.3050618,0.2663646,0.35190326,0.2573143,0.37098587,0.2738888
stingy,P,word2vec_recipe_20_HYP_HALF,0.27119225,0.23403244,0.32939175,0.22794333,0.3480201,0.2280223
parade,P,word2vec_recipe_20_HYP_HALF,0.15948498,0.1628125,0.18195036,0.17933394,0.19280255,0.1981157
necklace,M,word2vec_recipe_20_HYP_HALF,0.20738187,0.22391938,0.24850586,0.25056776,0.26746967,0.27038497
arise,P,word2vec_recipe_20_HYP_HALF,0.20894358,0.18997388,0.23995037,0.22343513,0.25549066,0.23200935
anal,P,word2vec_recipe_20_HYP_HALF,0.15134789,0.1702235,0.17719601,0.21019365,0.18864973,0.22063915
cook,P,word2vec_recipe_20_HYP_HALF,0.3625895,0.38964254,0.43336627,0.3824259,0.45633426,0.38087308
carpet,P,word2vec_recipe_20_HYP_HALF,0.22961688,0.22253378,0.27516887,0.2842351,0.29396626,0.29932424
highlight,P,word2vec_recipe_20_HYP_HALF,0.18912879,0.18006483,0.23780708,0.23196809,0.26143593,0.25956616
grizzly,P,word2vec_recipe_20_HYP_HALF,0.14144199,0.15463571,0.16172178,0.1728127,0.17001772,0.1814365
blank,P,word2vec_recipe_20_HYP_HALF,0.23179145,0.23040207,0.26920763,0.25382638,0.28392637,0.2727945
funk,H,word2vec_recipe_20_HYP_HALF,0.1680072,0.18025237,0.19419467,0.22043711,0.20498405,0.22735783
enhance,M,word2vec_recipe_20_HYP_HALF,0.2348901,0.26141894,0.303117,0.3218165,0.33075726,0.33072582
shaker,P,word2vec_recipe_20_HYP_HALF,0.22568521,0.22656639,0.3065203,0.2683527,0.3440882,0.29965392
phrase,P,word2vec_recipe_20_HYP_HALF,0.11850073,0.106746346,0.1387572,0.12955476,0.1479839,0.14166914
perfection,P,word2vec_recipe_20_HYP_HALF,0.30841574,0.23983458,0.34301755,0.24958709,0.35625672,0.25711146
scripture,P,word2vec_recipe_20_HYP_HALF,0.19081423,0.1589312,0.2394561,0.20330708,0.25756225,0.21362828
sociable,P,word2vec_recipe_20_HYP_HALF,0.17772165,0.24239586,0.25702408,0.32568675,0.28827408,0.34140885
knuckle,P,word2vec_recipe_20_HYP_HALF,0.3169787,0.3027139,0.380009,0.38781354,0.40522313,0.40128395
shatter,P,word2vec_recipe_20_HYP_HALF,0.2074604,0.17182772,0.23936361,0.1917186,0.25270793,0.19792998
dummy,P,word2vec_recipe_20_HYP_HALF,0.16349407,0.18470968,0.19019704,0.21965766,0.20181622,0.22892022
bridge,H,word2vec_recipe_20_HYP_HALF,0.26013365,0.26175183,0.29734647,0.2681777,0.31080806,0.27927342
grind,P,word2vec_recipe_20_HYP_HALF,0.3058197,0.35931835,0.3987435,0.41740796,0.43975887,0.44203076
puzzle,P,word2vec_recipe_20_HYP_HALF,0.26163402,0.24420765,0.3033655,0.28031176,0.3210891,0.30457255
skunk,P,word2vec_recipe_20_HYP_HALF,0.13389549,0.15348303,0.16079707,0.17202057,0.17215149,0.18320422
viewer,P,word2vec_recipe_20_HYP_HALF,0.43924037,0.5051659,0.5129324,0.48844707,0.5355742,0.49003398
jest,P,word2vec_recipe_20_HYP_HALF,0.18041201,0.22339699,0.22754344,0.29690015,0.25423473,0.32519788
compliment,P,word2vec_recipe_20_HYP_HALF,0.2510243,0.3106308,0.30684882,0.3502457,0.33013457,0.34786615
hoot,P,word2vec_recipe_20_HYP_HALF,0.1611518,0.15697198,0.18401733,0.17788513,0.1939757,0.18667728
formal,P,word2vec_recipe_20_HYP_HALF,0.22403471,0.22548656,0.26999232,0.24351677,0.28598347,0.23853354
pilot,P,word2vec_recipe_20_HYP_HALF,0.3709075,0.3565508,0.43962163,0.44252652,0.46480644,0.45663798
harsh,P,word2vec_recipe_20_HYP_HALF,0.22254698,0.25842407,0.26395297,0.25790966,0.28120267,0.26813155
simple,P,word2vec_recipe_20_HYP_HALF,0.32254976,0.35437858,0.36929688,0.3686523,0.38782907,0.37642837
bastard,P,word2vec_recipe_20_HYP_HALF,0.14810692,0.15587,0.17515068,0.17947155,0.18526725,0.19054045
gel,P,word2vec_recipe_20_HYP_HALF,0.32198256,0.3305755,0.40108508,0.41349995,0.43129665,0.43763906
monastery,M,word2vec_recipe_20_HYP_HALF,0.16535215,0.1707479,0.19029115,0.19626218,0.20002404,0.2043918
belly,P,word2vec_recipe_20_HYP_HALF,0.2862979,0.35285628,0.3568425,0.39431855,0.38121676,0.40492207
traffic,P,word2vec_recipe_20_HYP_HALF,0.1935595,0.20149933,0.22489637,0.23305468,0.2366701,0.24919665
kinky,P,word2vec_recipe_20_HYP_HALF,0.18270521,0.21380234,0.21510307,0.25640985,0.23123312,0.27385145
rash,H,word2vec_recipe_20_HYP_HALF,0.15495537,0.14464939,0.1994502,0.20001549,0.21721935,0.2249938
assault,P,word2vec_recipe_20_HYP_HALF,0.1559225,0.18062817,0.1798948,0.20565061,0.19007272,0.21963386
cross,P,word2vec_recipe_20_HYP_HALF,0.26196703,0.2947085,0.32552218,0.344353,0.35161373,0.35295072
style,P,word2vec_recipe_20_HYP_HALF,0.33066994,0.27839807,0.37134308,0.26695344,0.38611817,0.26555917
pad,H,word2vec_recipe_20_HYP_HALF,0.30451906,0.18619217,0.37019718,0.2559186,0.3961817,0.2893585
oatmeal,P,word2vec_recipe_20_HYP_HALF,0.28332037,0.3791208,0.3487442,0.34804305,0.37271622,0.33187565
facial,P,word2vec_recipe_20_HYP_HALF,0.27124226,0.29220054,0.3316946,0.3308776,0.35713553,0.34753737
delight,P,word2vec_recipe_20_HYP_HALF,0.23666635,0.25052068,0.28890803,0.24143738,0.30708894,0.24294107
ether,P,word2vec_recipe_20_HYP_HALF,0.17151816,0.20250764,0.19586688,0.24651265,0.20694079,0.2592038
stomach,P,word2vec_recipe_20_HYP_HALF,0.2313914,0.23307928,0.29757178,0.32011476,0.32477286,0.3464032
diaper,P,word2vec_recipe_20_HYP_HALF,0.26347286,0.30796245,0.3120473,0.33572814,0.33114702,0.34854683
syndrome,P,word2vec_recipe_20_HYP_HALF,0.121851385,0.12948279,0.14238517,0.15256448,0.15174548,0.16159642
expertise,M,word2vec_recipe_20_HYP_HALF,0.09776662,0.10614666,0.11534801,0.13103227,0.123918526,0.14078072
army,P,word2vec_recipe_20_HYP_HALF,0.31847835,0.23838055,0.35258332,0.24582873,0.36418754,0.25025716
roadside,P,word2vec_recipe_20_HYP_HALF,0.18444276,0.19873703,0.21728283,0.2191951,0.22877355,0.21962978
appetizer,M,word2vec_recipe_20_HYP_HALF,0.27760565,0.34953117,0.41557062,0.44447628,0.45008144,0.44153988
opinion,P,word2vec_recipe_20_HYP_HALF,0.26552474,0.19321693,0.29536134,0.21442553,0.3066982,0.21086285
float,P,word2vec_recipe_20_HYP_HALF,0.42963076,0.39275604,0.5071682,0.46048242,0.5303645,0.4627391
challenge,P,word2vec_recipe_20_HYP_HALF,0.21539836,0.17998551,0.24147406,0.19226484,0.2521163,0.19852458
lonely,P,word2vec_recipe_20_HYP_HALF,0.13596873,0.12247688,0.15913808,0.15049623,0.1696387,0.16131832
bliss,P,word2vec_recipe_20_HYP_HALF,0.28932834,0.27420205,0.32804215,0.28260446,0.34224296,0.28263322
sauce,P,word2vec_recipe_20_HYP_HALF,0.2684199,0.27438083,0.34971905,0.30685508,0.3816114,0.33984458
commence,M,word2vec_recipe_20_HYP_HALF,0.21503794,0.17573543,0.23748685,0.19966489,0.24791604,0.20343064
goof,P,word2vec_recipe_20_HYP_HALF,0.19130513,0.16187817,0.22435278,0.19213776,0.23780045,0.20445073
galley,P,word2vec_recipe_20_HYP_HALF,0.12020948,0.12604699,0.14037141,0.15176973,0.1507004,0.16656193
tradition,P,word2vec_recipe_20_HYP_HALF,0.22303888,0.19898804,0.25872624,0.23759936,0.27204213,0.23622331
cheap,P,word2vec_recipe_20_HYP_HALF,0.25385588,0.29077634,0.29789478,0.29327652,0.3137616,0.2898665
fantastic,P,word2vec_recipe_20_HYP_HALF,0.17923349,0.24759835,0.27321255,0.33972567,0.3048443,0.35896283
delicious,P,word2vec_recipe_20_HYP_HALF,0.18440558,0.2488545,0.28589788,0.35636857,0.32486886,0.36791027
frail,H,word2vec_recipe_20_HYP_HALF,0.10375135,0.11235973,0.120960504,0.13327771,0.12906998,0.14892896
funnel,P,word2vec_recipe_20_HYP_HALF,0.380678,0.37807176,0.44722834,0.44857052,0.47191375,0.48481226
hedge,P,word2vec_recipe_20_HYP_HALF,0.14563687,0.15294962,0.16554555,0.17286739,0.17392088,0.18476543
uncertain,P,word2vec_recipe_20_HYP_HALF,0.14970501,0.12952977,0.1730636,0.148654,0.1841848,0.15942575
depression,P,word2vec_recipe_20_HYP_HALF,0.27746716,0.3324361,0.4129309,0.46626386,0.45661965,0.4740053
temptation,P,word2vec_recipe_20_HYP_HALF,0.34435603,0.37533242,0.39967874,0.33086568,0.41697282,0.31621343
jail,P,word2vec_recipe_20_HYP_HALF,0.13899855,0.14532341,0.16457686,0.17115547,0.17612219,0.18128957
depend,P,word2vec_recipe_20_HYP_HALF,0.2816086,0.35126936,0.4051203,0.40734032,0.44874942,0.40080616
diner,P,word2vec_recipe_20_HYP_HALF,0.353268,0.34942997,0.43015245,0.37517232,0.45229828,0.38121533
quail,H,word2vec_recipe_20_HYP_HALF,0.28052098,0.2921515,0.3797389,0.4474834,0.4176773,0.47737217
space,P,word2vec_recipe_20_HYP_HALF,0.35350913,0.43588215,0.42702758,0.39546743,0.44905543,0.3743192
slum,P,word2vec_recipe_20_HYP_HALF,0.122940645,0.13755567,0.1455139,0.15739699,0.15453744,0.16773513
hip,H,word2vec_recipe_20_HYP_HALF,0.30874196,0.2950181,0.37330654,0.37695417,0.39799514,0.39504087
fix,P,word2vec_recipe_20_HYP_HALF,0.3436807,0.29802355,0.38668704,0.3178146,0.40126336,0.3234123
persist,P,word2vec_recipe_20_HYP_HALF,0.09828526,0.10512863,0.11818141,0.13121468,0.12747583,0.14346477
serve,P,word2vec_recipe_20_HYP_HALF,0.30707884,0.37484035,0.43126404,0.4285374,0.47677967,0.42961505
range,P,word2vec_recipe_20_HYP_HALF,0.35178047,0.37576157,0.42046368,0.3907304,0.4419712,0.39946243
foolish,P,word2vec_recipe_20_HYP_HALF,0.111351326,0.107252195,0.13179547,0.13508286,0.14105134,0.14511809
explosive,P,word2vec_recipe_20_HYP_HALF,0.16282868,0.15483636,0.18706,0.17535181,0.1981978,0.18226688
immune,P,word2vec_recipe_20_HYP_HALF,0.13689697,0.14403744,0.17399316,0.19342043,0.19156165,0.20865068
thrive,P,word2vec_recipe_20_HYP_HALF,0.14488514,0.15635021,0.16767262,0.16025539,0.17982273,0.17351025
synthetic,P,word2vec_recipe_20_HYP_HALF,0.1922276,0.21209341,0.2221901,0.23832457,0.23551765,0.24643706
blah,P,word2vec_recipe_20_HYP_HALF,0.1250346,0.13361025,0.14648974,0.14326501,0.15603213,0.15469982
compromise,P,word2vec_recipe_20_HYP_HALF,0.15370528,0.13964255,0.17636216,0.1556372,0.18571354,0.16341512
cucumber,P,word2vec_recipe_20_HYP_HALF,0.25080645,0.31411755,0.3329342,0.38176,0.36304656,0.39633042
illness,P,word2vec_recipe_20_HYP_HALF,0.3648673,0.33445096,0.44823375,0.31345034,0.46874595,0.29584032
sketchy,P,word2vec_recipe_20_HYP_HALF,0.0710004,0.08198183,0.09131448,0.11814806,0.10008886,0.13352229
calcium,P,word2vec_recipe_20_HYP_HALF,0.18215665,0.16100718,0.25597978,0.18038623,0.28655255,0.1656737
bulk,P,word2vec_recipe_20_HYP_HALF,0.34569257,0.3268016,0.47648585,0.4845841,0.5225097,0.5229654
iceberg,P,word2vec_recipe_20_HYP_HALF,0.26517066,0.31090274,0.36430454,0.39552826,0.4018308,0.4090219
arm,H,word2vec_recipe_20_HYP_HALF,0.33248425,0.29578832,0.38537762,0.31150025,0.40368378,0.3292333
vanishing,P,word2vec_recipe_20_HYP_HALF,0.124225914,0.12610154,0.15747803,0.16041243,0.17329109,0.17657317
cease,P,word2vec_recipe_20_HYP_HALF,0.26068884,0.27237618,0.31101385,0.32203838,0.33278877,0.3295124
faucet,M,word2vec_recipe_20_HYP_HALF,0.34412104,0.37637314,0.40638608,0.420427,0.43366173,0.4379234
shudder,P,word2vec_recipe_20_HYP_HALF,0.103241086,0.09655275,0.12306345,0.12265411,0.13246028,0.13654014
mission,P,word2vec_recipe_20_HYP_HALF,0.3075452,0.2639555,0.34913334,0.3196493,0.36282122,0.32548138
campaign,P,word2vec_recipe_20_HYP_HALF,0.11055578,0.120812744,0.1304301,0.15479282,0.13961616,0.16664755
secondary,P,word2vec_recipe_20_HYP_HALF,0.24998918,0.27663028,0.31298783,0.34338,0.3399237,0.35805643
uneasy,P,word2vec_recipe_20_HYP_HALF,0.097588934,0.113983534,0.11817361,0.14002448,0.12786941,0.15745631
anxiety,P,word2vec_recipe_20_HYP_HALF,0.14847788,0.14553748,0.17895836,0.16644791,0.19276202,0.18246467
savior,P,word2vec_recipe_20_HYP_HALF,0.123388365,0.15664925,0.14471644,0.19140363,0.15445063,0.20122328
clarify,P,word2vec_recipe_20_HYP_HALF,0.42210665,0.49069116,0.47939837,0.44712397,0.49774674,0.4414436
acute,P,word2vec_recipe_20_HYP_HALF,0.2062475,0.22084361,0.2497537,0.26068735,0.26981214,0.28340214
patent,P,word2vec_recipe_20_HYP_HALF,0.2473249,0.23207782,0.28144357,0.27704692,0.29456946,0.28067243
muddy,P,word2vec_recipe_20_HYP_HALF,0.32583264,0.36743575,0.37645668,0.40548375,0.39550248,0.4048891
thunder,P,word2vec_recipe_20_HYP_HALF,0.1949017,0.17881519,0.22348638,0.20307377,0.23449808,0.20949037
pose,H,word2vec_recipe_20_HYP_HALF,0.13009687,0.13112608,0.15226535,0.15582518,0.16146274,0.1678617
bounce,P,word2vec_recipe_20_HYP_HALF,0.35736707,0.39630333,0.43742317,0.42615578,0.4617746,0.41206855
total,P,word2vec_recipe_20_HYP_HALF,0.2856364,0.13086046,0.3147979,0.11623044,0.3265797,0.12081712
lesson,P,word2vec_recipe_20_HYP_HALF,0.09264004,0.094953366,0.11332889,0.12371245,0.124915086,0.14119224
judge,P,word2vec_recipe_20_HYP_HALF,0.24986668,0.23916157,0.28671756,0.20944986,0.30097705,0.20866196
female,P,word2vec_recipe_20_HYP_HALF,0.19589484,0.22442128,0.23519623,0.25434783,0.25105733,0.25573677
scenario,P,word2vec_recipe_20_HYP_HALF,0.11326201,0.10578537,0.13537063,0.1298497,0.14460863,0.14393601
pistol,P,word2vec_recipe_20_HYP_HALF,0.1693959,0.16976824,0.19442476,0.19723041,0.2060886,0.21303312
dissolve,P,word2vec_recipe_20_HYP_HALF,0.3345016,0.3803546,0.42942402,0.42321715,0.46568966,0.4313418
chick,P,word2vec_recipe_20_HYP_HALF,0.2916018,0.30601704,0.37988862,0.3646161,0.41531122,0.38858262
squash,H,word2vec_recipe_20_HYP_HALF,0.27027923,0.34813836,0.38538796,0.43047506,0.4277212,0.442765
gazelle,M,word2vec_recipe_20_HYP_HALF,0.13525005,0.14755717,0.16556264,0.19849966,0.17816582,0.21197334
veal,P,word2vec_recipe_20_HYP_HALF,0.26279876,0.35651428,0.35148162,0.4269917,0.39103022,0.448264
pile,H,word2vec_recipe_20_HYP_HALF,0.353839,0.452676,0.44786683,0.46279457,0.47751713,0.455327
loser,P,word2vec_recipe_20_HYP_HALF,0.16213684,0.1421575,0.19466244,0.16801645,0.20725691,0.18650025
boast,P,word2vec_recipe_20_HYP_HALF,0.17898908,0.16940217,0.2118104,0.21251914,0.22539589,0.22612807
clasp,P,word2vec_recipe_20_HYP_HALF,0.24501054,0.2680793,0.30311966,0.30972603,0.32689187,0.3319742
proximity,M,word2vec_recipe_20_HYP_HALF,0.18658976,0.2287491,0.22001751,0.23878169,0.2328583,0.24670434
sensory,P,word2vec_recipe_20_HYP_HALF,0.13310538,0.13064021,0.15480301,0.16324626,0.16390818,0.17873381
permission,P,word2vec_recipe_20_HYP_HALF,0.20653021,0.20008242,0.25292966,0.22260937,0.27219683,0.22917642
lover,P,word2vec_recipe_20_HYP_HALF,0.28425595,0.2423053,0.3261246,0.25899953,0.3435886,0.2566405
starter,P,word2vec_recipe_20_HYP_HALF,0.29451123,0.35877746,0.38561353,0.42657652,0.41932556,0.4482669
pro,H,word2vec_recipe_20_HYP_HALF,0.34023923,0.23513366,0.38365093,0.2228271,0.397166,0.21235625
poverty,P,word2vec_recipe_20_HYP_HALF,0.122462586,0.12641762,0.14267704,0.14662816,0.15306965,0.16045557
random,P,word2vec_recipe_20_HYP_HALF,0.34072444,0.3492774,0.38611975,0.34622675,0.40382224,0.35103133
lethal,M,word2vec_recipe_20_HYP_HALF,0.16139016,0.18575394,0.18960424,0.20758653,0.2023204,0.22328661
indoor,M,word2vec_recipe_20_HYP_HALF,0.2610011,0.31865895,0.36789435,0.38757417,0.41235074,0.43282372
staff,H,word2vec_recipe_20_HYP_HALF,0.21219108,0.16944844,0.2380642,0.1790632,0.24831723,0.18828635
unattended,M,word2vec_recipe_20_HYP_HALF,0.30578083,0.20962693,0.34313315,0.22756213,0.35942757,0.23684978
torch,P,word2vec_recipe_20_HYP_HALF,0.37244883,0.47020572,0.48580766,0.50739646,0.5144025,0.50259763
official,P,word2vec_recipe_20_HYP_HALF,0.20332094,0.18118393,0.23074894,0.19638492,0.24274081,0.20548074
obtain,P,word2vec_recipe_20_HYP_HALF,0.35391873,0.3808463,0.4312271,0.39713144,0.46099445,0.40476102
gown,P,word2vec_recipe_20_HYP_HALF,0.1390059,0.17283097,0.16835903,0.21223125,0.18520568,0.24474746
blackjack,P,word2vec_recipe_20_HYP_HALF,0.12667517,0.13594434,0.1536303,0.17976162,0.1669456,0.19590005
sodium,M,word2vec_recipe_20_HYP_HALF,0.16372935,0.1628627,0.2187211,0.13130674,0.23717842,0.11347308
outrageous,P,word2vec_recipe_20_HYP_HALF,0.19869706,0.19218034,0.22942463,0.23092161,0.24311978,0.23813997
plunge,P,word2vec_recipe_20_HYP_HALF,0.33183843,0.39664558,0.46061242,0.4640328,0.5005107,0.49130395
coach,P,word2vec_recipe_20_HYP_HALF,0.14653322,0.13929757,0.17059898,0.16715075,0.18122189,0.17721824
rude,P,word2vec_recipe_20_HYP_HALF,0.08441261,0.094063155,0.10135207,0.121018715,0.10926813,0.13197376
church,P,word2vec_recipe_20_HYP_HALF,0.26821414,0.27651095,0.3134059,0.2981408,0.33207184,0.2955813
rock,H,word2vec_recipe_20_HYP_HALF,0.45540062,0.4740357,0.50534225,0.4772767,0.52170295,0.4697561
offensive,P,word2vec_recipe_20_HYP_HALF,0.09453882,0.11203017,0.11374306,0.13969432,0.122735396,0.14926684
strawberry,P,word2vec_recipe_20_HYP_HALF,0.22121298,0.27823,0.31214058,0.32677835,0.34344998,0.33356085
invitation,P,word2vec_recipe_20_HYP_HALF,0.15063718,0.15320915,0.1749206,0.18359734,0.18573034,0.19153179
gloss,H,word2vec_recipe_20_HYP_HALF,0.38901597,0.40886033,0.48289254,0.46137318,0.51161456,0.48754185
mistletoe,P,word2vec_recipe_20_HYP_HALF,0.17533976,0.17990963,0.20841117,0.22362562,0.2257696,0.24294987
rot,P,word2vec_recipe_20_HYP_HALF,0.20617266,0.2033003,0.23714997,0.23449771,0.25078464,0.24363828
possess,P,word2vec_recipe_20_HYP_HALF,0.13653652,0.11405458,0.15660563,0.14157227,0.16635552,0.15249896
lottery,P,word2vec_recipe_20_HYP_HALF,0.1817493,0.2072328,0.2110163,0.22676274,0.22159262,0.23083799
invaluable,M,word2vec_recipe_20_HYP_HALF,0.10503669,0.10451231,0.12363014,0.1331683,0.13218337,0.14197683
jiffy,M,word2vec_recipe_20_HYP_HALF,0.3586502,0.3174895,0.40657836,0.28711632,0.42315507,0.2909272
hermit,P,word2vec_recipe_20_HYP_HALF,0.0914018,0.10969078,0.12617928,0.15225987,0.14347151,0.17126907
token,P,word2vec_recipe_20_HYP_HALF,0.14215454,0.13328505,0.16415752,0.15461998,0.1737978,0.16183098
telephone,P,word2vec_recipe_20_HYP_HALF,0.24400127,0.2428617,0.28690895,0.23272988,0.30222198,0.24629033
complain,P,word2vec_recipe_20_HYP_HALF,0.115192935,0.10653546,0.13782167,0.13494058,0.14869283,0.1418155
atop,P,word2vec_recipe_20_HYP_HALF,0.35399738,0.4212694,0.42559817,0.4482152,0.45039734,0.43498746
horsepower,P,word2vec_recipe_20_HYP_HALF,0.260151,0.21813066,0.3131506,0.28960606,0.3336681,0.3056457
harp,P,word2vec_recipe_20_HYP_HALF,0.1820903,0.21736926,0.21071808,0.24893042,0.22349022,0.26319614
joke,P,word2vec_recipe_20_HYP_HALF,0.14417927,0.13374873,0.16588134,0.14612441,0.17607582,0.15665697
bald,P,word2vec_recipe_20_HYP_HALF,0.2914799,0.25364646,0.33571494,0.2762705,0.35293397,0.2821482
fuzzy,P,word2vec_recipe_20_HYP_HALF,0.24981539,0.26085633,0.37028384,0.3958496,0.4118069,0.42278174
turf,P,word2vec_recipe_20_HYP_HALF,0.22875929,0.2005632,0.27185044,0.23328565,0.28726894,0.2484198
sword,P,word2vec_recipe_20_HYP_HALF,0.29423565,0.35129791,0.33689067,0.3830652,0.35475594,0.38869375
library,P,word2vec_recipe_20_HYP_HALF,0.13470232,0.11574538,0.15776555,0.14185162,0.16966763,0.15477528
third,P,word2vec_recipe_20_HYP_HALF,0.3852776,0.5062335,0.47481987,0.48028472,0.50564253,0.47123882
thermostat,M,word2vec_recipe_20_HYP_HALF,0.21396379,0.24031837,0.2560548,0.27425987,0.27752596,0.2997986
sprinkle,P,word2vec_recipe_20_HYP_HALF,0.26327354,0.32367888,0.3794107,0.3704658,0.41592446,0.3802323
obscure,P,word2vec_recipe_20_HYP_HALF,0.11354004,0.12277323,0.13064703,0.14462647,0.1400223,0.157007
unfamiliar,P,word2vec_recipe_20_HYP_HALF,0.16825518,0.14854307,0.19280407,0.16948569,0.20404413,0.1729823
ferret,P,word2vec_recipe_20_HYP_HALF,0.16957872,0.18821064,0.19469972,0.2207523,0.20475903,0.2291252
complaint,P,word2vec_recipe_20_HYP_HALF,0.08427689,0.101983584,0.10208498,0.122518,0.11080153,0.13601562
inch,P,word2vec_recipe_20_HYP_HALF,0.24225888,0.27989385,0.34262958,0.3715509,0.3812648,0.37366635
convince,M,word2vec_recipe_20_HYP_HALF,0.0781461,0.09118558,0.09554033,0.11844625,0.104486234,0.13136026
peasant,P,word2vec_recipe_20_HYP_HALF,0.28591177,0.33192065,0.34349388,0.37697774,0.36397406,0.374139
fiery,P,word2vec_recipe_20_HYP_HALF,0.2657246,0.31391758,0.31758028,0.33302772,0.33680558,0.33864576
entire,P,word2vec_recipe_20_HYP_HALF,0.40577954,0.36274546,0.4565537,0.37112764,0.47270977,0.38126057
rump,P,word2vec_recipe_20_HYP_HALF,0.27902895,0.3392447,0.35446972,0.3915276,0.38472724,0.39345267
file,H,word2vec_recipe_20_HYP_HALF,0.37746564,0.36292228,0.4383842,0.39179868,0.46030736,0.4161919
awake,P,word2vec_recipe_20_HYP_HALF,0.26220056,0.28353012,0.30761355,0.29844993,0.324982,0.3239304
toast,H,word2vec_recipe_20_HYP_HALF,0.3660623,0.40095532,0.4457056,0.4600261,0.47698167,0.46887565
reaction,P,word2vec_recipe_20_HYP_HALF,0.24072313,0.23938076,0.29126573,0.25826105,0.31082913,0.26034212
quest,P,word2vec_recipe_20_HYP_HALF,0.18367696,0.16545452,0.21246445,0.19381486,0.22443177,0.20547122
yogurt,M,word2vec_recipe_20_HYP_HALF,0.3104871,0.3961006,0.39740103,0.45903593,0.426678,0.4726848
common,P,word2vec_recipe_20_HYP_HALF,0.2572945,0.30557582,0.30440184,0.28673464,0.32163534,0.28791493
fluff,P,word2vec_recipe_20_HYP_HALF,0.45653075,0.5339104,0.55805135,0.5698553,0.58708227,0.54516643
rich,P,word2vec_recipe_20_HYP_HALF,0.29882768,0.34220016,0.3588591,0.38968208,0.3891382,0.41001427
mistress,P,word2vec_recipe_20_HYP_HALF,0.14184651,0.17082314,0.16704026,0.20863408,0.17708004,0.22032283
reload,M,word2vec_recipe_20_HYP_HALF,0.18772061,0.21180496,0.2140616,0.23007439,0.22711316,0.24973896
aroma,P,word2vec_recipe_20_HYP_HALF,0.2604367,0.32537892,0.36987156,0.42398432,0.406947,0.44580185
model,P,word2vec_recipe_20_HYP_HALF,0.27638787,0.29010567,0.34042034,0.35906827,0.36590683,0.35934672
social,P,word2vec_recipe_20_HYP_HALF,0.1665946,0.15953153,0.1910766,0.17348638,0.20282471,0.18503855
pregnant,P,word2vec_recipe_20_HYP_HALF,0.18844832,0.17984124,0.22519346,0.18733475,0.23897083,0.19553754
disturb,P,word2vec_recipe_20_HYP_HALF,0.36716595,0.35485664,0.44302282,0.45505953,0.47546908,0.44422042
peel,H,word2vec_recipe_20_HYP_HALF,0.30646947,0.36102515,0.40607184,0.41924796,0.43975338,0.43775943
cleanse,P,word2vec_recipe_20_HYP_HALF,0.2126112,0.20647742,0.2595416,0.26091218,0.28119853,0.2768469
puff,P,word2vec_recipe_20_HYP_HALF,0.34083444,0.4054033,0.4134705,0.4350546,0.4374052,0.42711735
overdose,P,word2vec_recipe_20_HYP_HALF,0.15197155,0.18516405,0.18447827,0.2227854,0.19762303,0.24016371
brain,P,word2vec_recipe_20_HYP_HALF,0.28972787,0.27932218,0.33197585,0.3099851,0.34760624,0.3153813
cigarette,M,word2vec_recipe_20_HYP_HALF,0.22699742,0.23180327,0.26837754,0.2785201,0.2875848,0.3020725
grief,P,word2vec_recipe_20_HYP_HALF,0.10716448,0.11219743,0.1268279,0.12788731,0.13610792,0.14267845
bungalow,M,word2vec_recipe_20_HYP_HALF,0.12387498,0.13047966,0.14410602,0.16341092,0.1531212,0.17313267
heresy,P,word2vec_recipe_20_HYP_HALF,0.07773871,0.08651829,0.09422224,0.11840283,0.10194138,0.13194549
union,P,word2vec_recipe_20_HYP_HALF,0.293869,0.22539836,0.32950234,0.23582187,0.34241965,0.2501792
wartime,M,word2vec_recipe_20_HYP_HALF,0.12836772,0.1384291,0.14815368,0.16249414,0.15688582,0.1745653
bathe,P,word2vec_recipe_20_HYP_HALF,0.38533562,0.43268093,0.44564468,0.44389844,0.46493348,0.44126537
avoid,P,word2vec_recipe_20_HYP_HALF,0.30673537,0.37485656,0.40117812,0.45235214,0.4377272,0.45990327
sweetie,M,word2vec_recipe_20_HYP_HALF,0.18175155,0.19402985,0.21534619,0.22746326,0.2277461,0.24261957
greed,M,word2vec_recipe_20_HYP_HALF,0.2763831,0.25109383,0.3147093,0.2979301,0.33001983,0.31368902
short,P,word2vec_recipe_20_HYP_HALF,0.39638665,0.45282,0.46875766,0.46321225,0.4957384,0.46303535
trailer,P,word2vec_recipe_20_HYP_HALF,0.16023979,0.15268695,0.18538633,0.17239429,0.19456547,0.18829988
booze,P,word2vec_recipe_20_HYP_HALF,0.25514454,0.27881816,0.3092834,0.31623653,0.33140358,0.3403296
lobe,P,word2vec_recipe_20_HYP_HALF,0.32223898,0.35149598,0.36452523,0.35306078,0.38147125,0.3629644
negative,P,word2vec_recipe_20_HYP_HALF,0.17010628,0.15457653,0.19436064,0.16314393,0.20531653,0.17286584
bicycle,P,word2vec_recipe_20_HYP_HALF,0.21458931,0.21354355,0.26080808,0.26259702,0.2805922,0.28166255
circular,P,word2vec_recipe_20_HYP_HALF,0.3145842,0.3526039,0.37163723,0.37787172,0.39350507,0.37545526
creature,P,word2vec_recipe_20_HYP_HALF,0.19760744,0.18984884,0.23185131,0.24087937,0.24754974,0.2702045
farmhouse,M,word2vec_recipe_20_HYP_HALF,0.25167015,0.27441588,0.29026443,0.29289657,0.30479985,0.2944371
heaven,P,word2vec_recipe_20_HYP_HALF,0.27664495,0.28089568,0.31981623,0.31237048,0.33730733,0.323393
persistent,P,word2vec_recipe_20_HYP_HALF,0.13930789,0.12472902,0.16082926,0.14685819,0.17117591,0.16217016
chap,H,word2vec_recipe_20_HYP_HALF,0.12505093,0.13316946,0.15813962,0.16954671,0.17573044,0.19355361
avocado,P,word2vec_recipe_20_HYP_HALF,0.23885779,0.33002305,0.3254789,0.37498808,0.35925034,0.38679165
sneak,P,word2vec_recipe_20_HYP_HALF,0.2607616,0.22227196,0.29429185,0.22104016,0.30693865,0.21365234
swine,P,word2vec_recipe_20_HYP_HALF,0.11630018,0.1382301,0.13463677,0.16298535,0.14254063,0.17515019
organ,P,word2vec_recipe_20_HYP_HALF,0.20371604,0.21385023,0.25747827,0.2554839,0.27761704,0.27821177
nifty,M,word2vec_recipe_20_HYP_HALF,0.1837835,0.13266775,0.2098266,0.16481116,0.22078961,0.17567766
imminent,M,word2vec_recipe_20_HYP_HALF,0.1809896,0.18818264,0.20957336,0.20168053,0.22153954,0.20903997
voice,P,word2vec_recipe_20_HYP_HALF,0.114653684,0.11282568,0.13484193,0.13993476,0.1446596,0.15514931
memory,P,word2vec_recipe_20_HYP_HALF,0.17005555,0.18178049,0.1968072,0.19247691,0.20965199,0.19868508
lumber,H,word2vec_recipe_20_HYP_HALF,0.16232277,0.17286524,0.18775955,0.1828255,0.19799098,0.18309736
broadcast,P,word2vec_recipe_20_HYP_HALF,0.14378846,0.14404516,0.16848584,0.17161101,0.17985226,0.18325059
famous,P,word2vec_recipe_20_HYP_HALF,0.16295514,0.17683338,0.1887762,0.18296176,0.20139454,0.19336861
speck,P,word2vec_recipe_20_HYP_HALF,0.32186684,0.35089728,0.40635684,0.4456898,0.43656158,0.46381906
pickle,P,word2vec_recipe_20_HYP_HALF,0.2789004,0.35304692,0.3726466,0.4269442,0.4090052,0.4351923
unhappy,P,word2vec_recipe_20_HYP_HALF,0.12716284,0.118054025,0.14802665,0.13452762,0.15663446,0.14651325
lid,P,word2vec_recipe_20_HYP_HALF,0.34130666,0.32124412,0.42103425,0.45923784,0.45297658,0.47678804
tropical,P,word2vec_recipe_20_HYP_HALF,0.26547024,0.34018043,0.32202026,0.33569497,0.3443695,0.35006014
loyal,M,word2vec_recipe_20_HYP_HALF,0.0928084,0.10142425,0.112027206,0.1293588,0.1219469,0.14131206
comfy,M,word2vec_recipe_20_HYP_HALF,0.18383034,0.1716823,0.21185808,0.19290622,0.22389978,0.20509659
retract,P,word2vec_recipe_20_HYP_HALF,0.15834661,0.18392652,0.19150072,0.22300991,0.20788354,0.23646711
balcony,P,word2vec_recipe_20_HYP_HALF,0.15605359,0.15905613,0.18444629,0.18486711,0.1954885,0.19588895
combo,P,word2vec_recipe_20_HYP_HALF,0.32033476,0.3405584,0.36971417,0.32807815,0.38637725,0.32427293
friction,P,word2vec_recipe_20_HYP_HALF,0.2319274,0.23467152,0.27077836,0.27405274,0.29059523,0.27849403
canvas,P,word2vec_recipe_20_HYP_HALF,0.25764397,0.25668818,0.3284246,0.35221994,0.3548621,0.36466137
domain,P,word2vec_recipe_20_HYP_HALF,0.1304758,0.14651889,0.15381274,0.1641669,0.16606326,0.18751678
baseball,P,word2vec_recipe_20_HYP_HALF,0.29262006,0.33894184,0.35218555,0.36821234,0.37390643,0.3693978
growth,P,word2vec_recipe_20_HYP_HALF,0.20645694,0.20694561,0.26041225,0.24395977,0.28442404,0.26005244
putter,H,word2vec_recipe_20_HYP_HALF,0.28665704,0.24279112,0.3387487,0.28326446,0.36320618,0.3044861
thirst,P,word2vec_recipe_20_HYP_HALF,0.17915098,0.21988918,0.22358614,0.26399103,0.24248289,0.2859512
instant,P,word2vec_recipe_20_HYP_HALF,0.4051183,0.36649415,0.47373474,0.4443088,0.49649277,0.4535443
crown,P,word2vec_recipe_20_HYP_HALF,0.3854294,0.335005,0.4315809,0.39107665,0.44912586,0.42250997
gold,P,word2vec_recipe_20_HYP_HALF,0.4041708,0.4699041,0.47933185,0.5147307,0.50305194,0.5074582
insurance,P,word2vec_recipe_20_HYP_HALF,0.27184752,0.24310118,0.31539115,0.22086394,0.3304033,0.22110371
merchant,P,word2vec_recipe_20_HYP_HALF,0.10881285,0.15018508,0.13041241,0.17234688,0.13966,0.18230487
cavern,P,word2vec_recipe_20_HYP_HALF,0.22055244,0.22766173,0.25123888,0.27182877,0.26427555,0.28527915
satin,P,word2vec_recipe_20_HYP_HALF,0.3756574,0.42029917,0.42857924,0.40675634,0.44857582,0.4079869
riddle,H,word2vec_recipe_20_HYP_HALF,0.22487958,0.24479671,0.2629089,0.29958838,0.27662823,0.3183641
structure,P,word2vec_recipe_20_HYP_HALF,0.35729918,0.3416362,0.41110265,0.33026886,0.4316158,0.3393886
double,P,word2vec_recipe_20_HYP_HALF,0.3722453,0.38001096,0.4747534,0.44628158,0.5109849,0.43648878
copy,P,word2vec_recipe_20_HYP_HALF,0.265979,0.282273,0.3030517,0.2798528,0.31697434,0.2811817
error,P,word2vec_recipe_20_HYP_HALF,0.26569507,0.16225186,0.29932702,0.18132873,0.31195217,0.19369546
crab,H,word2vec_recipe_20_HYP_HALF,0.28579125,0.3589501,0.38621926,0.418629,0.42116174,0.4136839
deduct,P,word2vec_recipe_20_HYP_HALF,0.21182242,0.21363243,0.2425511,0.2742093,0.25614193,0.28227407
ghost,P,word2vec_recipe_20_HYP_HALF,0.27743235,0.24315017,0.33024922,0.28416032,0.35690856,0.30748633
assumption,P,word2vec_recipe_20_HYP_HALF,0.094809726,0.09639429,0.113681495,0.1235208,0.122505285,0.13654685
filter,P,word2vec_recipe_20_HYP_HALF,0.24790773,0.33669883,0.3599411,0.44008964,0.4098011,0.4760242
gasp,P,word2vec_recipe_20_HYP_HALF,0.18068223,0.12913719,0.20344175,0.14148097,0.21420221,0.15505861
festive,P,word2vec_recipe_20_HYP_HALF,0.28709203,0.37944642,0.3647643,0.44481617,0.39595658,0.45005044
faithful,P,word2vec_recipe_20_HYP_HALF,0.12918243,0.1280505,0.1524177,0.15141515,0.16259566,0.16700879
upper,P,word2vec_recipe_20_HYP_HALF,0.3171823,0.31375927,0.42314866,0.41633677,0.4619587,0.44138482
slip,H,word2vec_recipe_20_HYP_HALF,0.37735063,0.46247864,0.45808095,0.4764769,0.4846475,0.46504566
milk,P,word2vec_recipe_20_HYP_HALF,0.29832512,0.3766659,0.37804034,0.37431398,0.40604904,0.3684077
album,P,word2vec_recipe_20_HYP_HALF,0.17047235,0.18608953,0.19138303,0.21106333,0.2006881,0.21663581
lingo,M,word2vec_recipe_20_HYP_HALF,0.14407632,0.14824788,0.16638252,0.17493305,0.17634472,0.18271148
tingle,P,word2vec_recipe_20_HYP_HALF,0.16902778,0.16750416,0.19503397,0.19628301,0.20635413,0.20504947
cheese,P,word2vec_recipe_20_HYP_HALF,0.24024796,0.26037213,0.31750414,0.33048952,0.3506176,0.35911608
vampire,P,word2vec_recipe_20_HYP_HALF,0.20082483,0.23886345,0.24633476,0.28540573,0.26611096,0.30241442
autumn,M,word2vec_recipe_20_HYP_HALF,0.27096516,0.36472073,0.3232959,0.36269784,0.34099904,0.34663883
noisy,P,word2vec_recipe_20_HYP_HALF,0.14598712,0.14222388,0.17379566,0.16660398,0.18553598,0.17637503
tower,H,word2vec_recipe_20_HYP_HALF,0.41339737,0.43584523,0.46686307,0.4173022,0.48642564,0.43077573
fingernail,M,word2vec_recipe_20_HYP_HALF,0.28893867,0.30624217,0.33161694,0.32838437,0.3520747,0.34757304
humility,M,word2vec_recipe_20_HYP_HALF,0.17342833,0.201559,0.20825078,0.20876238,0.22179855,0.21434297
cave,P,word2vec_recipe_20_HYP_HALF,0.2223129,0.18146336,0.2523982,0.2081698,0.26440477,0.21173057
magazine,P,word2vec_recipe_20_HYP_HALF,0.21514292,0.22602484,0.27170694,0.2743024,0.29716647,0.27858078
brat,M,word2vec_recipe_20_HYP_HALF,0.30247808,0.3574302,0.38481593,0.42153105,0.4175249,0.4229828
crush,P,word2vec_recipe_20_HYP_HALF,0.3516464,0.44952968,0.45771164,0.52466184,0.49513832,0.53080904
fatal,P,word2vec_recipe_20_HYP_HALF,0.1531501,0.1550051,0.17654693,0.17024732,0.18639122,0.18130077
aggression,P,word2vec_recipe_20_HYP_HALF,0.26790223,0.2793514,0.31487378,0.28191134,0.33220533,0.2934657
gallon,P,word2vec_recipe_20_HYP_HALF,0.28512022,0.34032714,0.3794896,0.43195596,0.41766685,0.45444253
leg,P,word2vec_recipe_20_HYP_HALF,0.26173344,0.34284678,0.33965933,0.41885749,0.3744903,0.4555335
attentive,P,word2vec_recipe_20_HYP_HALF,0.14379004,0.14476961,0.1691092,0.17143843,0.18181354,0.1789301
trail,P,word2vec_recipe_20_HYP_HALF,0.4418847,0.54064256,0.5258154,0.49130678,0.5483311,0.46589336
ferocious,P,word2vec_recipe_20_HYP_HALF,0.141622,0.14798564,0.1684709,0.18437418,0.17957145,0.19196028
silverware,P,word2vec_recipe_20_HYP_HALF,0.22149865,0.1936584,0.2509875,0.23145796,0.26172465,0.23888624
sinner,M,word2vec_recipe_20_HYP_HALF,0.14856243,0.15122429,0.16995783,0.18155874,0.18064396,0.19657685
oven,M,word2vec_recipe_20_HYP_HALF,0.355405,0.31729797,0.42173827,0.34684384,0.44023055,0.3516922
unwind,P,word2vec_recipe_20_HYP_HALF,0.2377963,0.2245223,0.27559602,0.25594032,0.29162186,0.2785481
coronation,M,word2vec_recipe_20_HYP_HALF,0.15537453,0.17114666,0.18240038,0.20688936,0.19386494,0.21353498
barge,P,word2vec_recipe_20_HYP_HALF,0.12236233,0.1412895,0.14404535,0.17256324,0.15308358,0.18264686
sand,P,word2vec_recipe_20_HYP_HALF,0.34243572,0.40701377,0.4470192,0.483031,0.47835007,0.5009791
purchase,P,word2vec_recipe_20_HYP_HALF,0.24630034,0.2802084,0.3347304,0.34685624,0.36585373,0.35270566
tan,P,word2vec_recipe_20_HYP_HALF,0.28958407,0.3412038,0.3768988,0.42223427,0.42179504,0.4585006
tangle,P,word2vec_recipe_20_HYP_HALF,0.34265774,0.3643035,0.38549888,0.38537708,0.40320563,0.39521816
hover,P,word2vec_recipe_20_HYP_HALF,0.21386321,0.18002707,0.24411678,0.19357315,0.25623336,0.19494529
tumor,P,word2vec_recipe_20_HYP_HALF,0.10128997,0.121810704,0.12669885,0.15303434,0.13811395,0.16622324
slam,H,word2vec_recipe_20_HYP_HALF,0.33961043,0.35382402,0.401152,0.3885216,0.4232596,0.3961248
moral,P,word2vec_recipe_20_HYP_HALF,0.15706919,0.14951,0.19336405,0.15489924,0.20627265,0.16605334
ditch,P,word2vec_recipe_20_HYP_HALF,0.3538284,0.35289612,0.40216285,0.35476124,0.41930747,0.3695599
flesh,P,word2vec_recipe_20_HYP_HALF,0.34663707,0.42123199,0.43311206,0.4659914,0.4639605,0.48466486
dim,P,word2vec_recipe_20_HYP_HALF,0.25266108,0.29338586,0.33295852,0.32982412,0.363327,0.3273265
instinct,P,word2vec_recipe_20_HYP_HALF,0.10210879,0.11311507,0.12273737,0.13525234,0.13187464,0.1454281
demand,P,word2vec_recipe_20_HYP_HALF,0.16932437,0.16888496,0.1909044,0.18013757,0.20104393,0.18600461
royalty,P,word2vec_recipe_20_HYP_HALF,0.17397955,0.18471757,0.19716713,0.20391494,0.20745811,0.2161814
irregular,P,word2vec_recipe_20_HYP_HALF,0.32766852,0.338276,0.38714805,0.36467656,0.40817794,0.3849467
pub,M,word2vec_recipe_20_HYP_HALF,0.25143382,0.24436422,0.29169515,0.2657154,0.3073653,0.26914024
crumb,P,word2vec_recipe_20_HYP_HALF,0.30319858,0.34646595,0.3837245,0.41660807,0.41719314,0.42871523
extent,P,word2vec_recipe_20_HYP_HALF,0.17062542,0.14384131,0.1967866,0.17039093,0.2078927,0.17922397
deploy,P,word2vec_recipe_20_HYP_HALF,0.16076466,0.18362945,0.18569829,0.21642424,0.19632939,0.2254026
lunatic,P,word2vec_recipe_20_HYP_HALF,0.11889957,0.11069866,0.13895294,0.12998438,0.14822535,0.14323774
barbecue,P,word2vec_recipe_20_HYP_HALF,0.25693244,0.2648412,0.33667427,0.32837853,0.365502,0.34246156
orderly,P,word2vec_recipe_20_HYP_HALF,0.25319847,0.23808965,0.29337808,0.28287533,0.310264,0.30118656
index,P,word2vec_recipe_20_HYP_HALF,0.27496424,0.30533317,0.37510112,0.38816425,0.40639347,0.4066117
cuddle,P,word2vec_recipe_20_HYP_HALF,0.15771955,0.1895951,0.18392317,0.22265981,0.19469263,0.23400335
dangle,P,word2vec_recipe_20_HYP_HALF,0.19525294,0.20882301,0.23940831,0.25848395,0.2569801,0.2797693
grave,H,word2vec_recipe_20_HYP_HALF,0.21135879,0.17386048,0.23975527,0.20327263,0.24997562,0.20183054
payday,M,word2vec_recipe_20_HYP_HALF,0.18843837,0.17681345,0.22398546,0.18874435,0.23979348,0.20322725
dent,H,word2vec_recipe_20_HYP_HALF,0.2777272,0.35200873,0.40939805,0.44608808,0.45060718,0.45816386
buckle,P,word2vec_recipe_20_HYP_HALF,0.28329307,0.3355848,0.3565666,0.35298046,0.3827057,0.3479394
orgy,P,word2vec_recipe_20_HYP_HALF,0.1808531,0.18740016,0.20113671,0.210372,0.20995015,0.21670742
render,P,word2vec_recipe_20_HYP_HALF,0.35075298,0.39846793,0.4464912,0.46648595,0.47661293,0.46057162
beer,P,word2vec_recipe_20_HYP_HALF,0.3474495,0.40229636,0.43849373,0.45088136,0.4655555,0.44888633
oyster,P,word2vec_recipe_20_HYP_HALF,0.4035421,0.44399306,0.45224205,0.41729248,0.4696981,0.42869183
cousin,P,word2vec_recipe_20_HYP_HALF,0.19534855,0.21964619,0.22620192,0.23040473,0.23862436,0.23645315
jolt,P,word2vec_recipe_20_HYP_HALF,0.26407984,0.22196114,0.2970772,0.21955906,0.3089089,0.23012461
retail,P,word2vec_recipe_20_HYP_HALF,0.23256898,0.26664388,0.29503825,0.2820714,0.31498036,0.26809952
guard,P,word2vec_recipe_20_HYP_HALF,0.3404931,0.34841833,0.39138195,0.37924466,0.41226453,0.3803076
bolt,H,word2vec_recipe_20_HYP_HALF,0.19463773,0.19584507,0.22977313,0.25025478,0.24734989,0.26999167
mortal,P,word2vec_recipe_20_HYP_HALF,0.20245013,0.23102833,0.29866427,0.37151954,0.3342456,0.40479165
omelet,M,word2vec_recipe_20_HYP_HALF,0.30923116,0.41470245,0.46426758,0.55373806,0.5061731,0.5671899
phenomenal,P,word2vec_recipe_20_HYP_HALF,0.16097747,0.17250687,0.19426385,0.19370475,0.20723213,0.20008324
envy,P,word2vec_recipe_20_HYP_HALF,0.211664,0.22021571,0.2460191,0.25223294,0.2593333,0.2648357
knob,P,word2vec_recipe_20_HYP_HALF,0.44539294,0.55252683,0.5184594,0.5650578,0.54034305,0.55433357
zing,P,word2vec_recipe_20_HYP_HALF,0.27010098,0.3047542,0.33072957,0.32175058,0.35421646,0.34282175
meditation,P,word2vec_recipe_20_HYP_HALF,0.16932502,0.19438519,0.19656257,0.21006955,0.20727162,0.22055145
afloat,P,word2vec_recipe_20_HYP_HALF,0.23999238,0.22153813,0.269974,0.24679309,0.28143743,0.2584693
chart,P,word2vec_recipe_20_HYP_HALF,0.30397868,0.33094573,0.37114006,0.3805431,0.39687192,0.40045762
dry,P,word2vec_recipe_20_HYP_HALF,0.39579132,0.33115157,0.4611837,0.3536424,0.4867069,0.37972656
ample,M,word2vec_recipe_20_HYP_HALF,0.41607434,0.4701445,0.48746285,0.43783522,0.5077811,0.4205674
evidence,P,word2vec_recipe_20_HYP_HALF,0.15100297,0.15079571,0.18474802,0.17457832,0.19764176,0.18615422
crack,P,word2vec_recipe_20_HYP_HALF,0.42607337,0.5160005,0.49123654,0.4779706,0.5121348,0.47265747
exhaustion,P,word2vec_recipe_20_HYP_HALF,0.11383818,0.12687822,0.13187261,0.14422852,0.14051475,0.15998869
juice,P,word2vec_recipe_20_HYP_HALF,0.24253397,0.2656175,0.31167164,0.32323462,0.34432316,0.35354882
couch,P,word2vec_recipe_20_HYP_HALF,0.20986187,0.17121165,0.24256395,0.19822663,0.25552818,0.20827214
industry,P,word2vec_recipe_20_HYP_HALF,0.15722683,0.14044812,0.18199967,0.16487187,0.19314331,0.1749626
prodigy,P,word2vec_recipe_20_HYP_HALF,0.15447149,0.14166993,0.18237181,0.17062849,0.19460091,0.17994586
freedom,P,word2vec_recipe_20_HYP_HALF,0.22429705,0.21139465,0.25271705,0.23643142,0.2634782,0.24409676
stripe,H,word2vec_recipe_20_HYP_HALF,0.3013846,0.27547908,0.3591462,0.30828708,0.38189468,0.32537213
butcher,P,word2vec_recipe_20_HYP_HALF,0.32551584,0.37398925,0.38461074,0.4073936,0.40618217,0.41815972
inspection,P,word2vec_recipe_20_HYP_HALF,0.103082046,0.11583431,0.12395685,0.14096077,0.1347937,0.15688886
beast,P,word2vec_recipe_20_HYP_HALF,0.27016073,0.20981866,0.30485982,0.2553653,0.3181188,0.2614716
confidence,P,word2vec_recipe_20_HYP_HALF,0.16761586,0.120370366,0.19438736,0.14467989,0.20549072,0.16398172
eggplant,M,word2vec_recipe_20_HYP_HALF,0.28661603,0.36919972,0.38070065,0.4409165,0.41303918,0.45481083
horse,P,word2vec_recipe_20_HYP_HALF,0.30991676,0.29118794,0.35208356,0.31838223,0.36865708,0.3381408
agreeable,P,word2vec_recipe_20_HYP_HALF,0.15607968,0.1574149,0.17956205,0.17944145,0.19001347,0.18367393
exclude,P,word2vec_recipe_20_HYP_HALF,0.28412923,0.22218125,0.32883397,0.23561896,0.34504294,0.24939615
supper,P,word2vec_recipe_20_HYP_HALF,0.27277958,0.33506805,0.33601204,0.36088043,0.3599369,0.35388237
purple,P,word2vec_recipe_20_HYP_HALF,0.35376787,0.3994197,0.4148279,0.45785895,0.44014928,0.45889908
anatomy,P,word2vec_recipe_20_HYP_HALF,0.17168607,0.20259258,0.196511,0.23016934,0.20736222,0.23865737
hum,P,word2vec_recipe_20_HYP_HALF,0.14923117,0.15373053,0.17652334,0.18903889,0.18917951,0.2003526
fifty,P,word2vec_recipe_20_HYP_HALF,0.3666825,0.4317147,0.43555462,0.44221455,0.45657605,0.4360763
secure,P,word2vec_recipe_20_HYP_HALF,0.27829185,0.34824204,0.3771704,0.4104823,0.41424805,0.41750777
dismiss,P,word2vec_recipe_20_HYP_HALF,0.11115064,0.10595929,0.13253285,0.13808438,0.14141399,0.15364152
view,P,word2vec_recipe_20_HYP_HALF,0.29208964,0.28027233,0.34081239,0.297308,0.36047527,0.29833898
chapter,P,word2vec_recipe_20_HYP_HALF,0.1979042,0.18929541,0.22953798,0.18962996,0.24202362,0.19923593
sweater,P,word2vec_recipe_20_HYP_HALF,0.21592534,0.22772388,0.24732167,0.25054592,0.26003256,0.25704148
loss,P,word2vec_recipe_20_HYP_HALF,0.2646044,0.24352263,0.30570298,0.2881156,0.32494676,0.28504774
inflation,P,word2vec_recipe_20_HYP_HALF,0.15109971,0.19113159,0.17571509,0.21989658,0.18678516,0.23352166
fiddle,P,word2vec_recipe_20_HYP_HALF,0.22323255,0.15366453,0.24947739,0.17420022,0.26128432,0.18531641
shine,P,word2vec_recipe_20_HYP_HALF,0.35080382,0.33713996,0.40978324,0.353949,0.4330212,0.3616014
foul,P,word2vec_recipe_20_HYP_HALF,0.25651318,0.269236,0.2931718,0.2831423,0.30706212,0.28192747
drama,P,word2vec_recipe_20_HYP_HALF,0.1610537,0.13774697,0.18159668,0.16182125,0.193629,0.17169565
soldier,P,word2vec_recipe_20_HYP_HALF,0.23799285,0.25556386,0.27327868,0.2695082,0.28584263,0.2755819
beam,P,word2vec_recipe_20_HYP_HALF,0.22727613,0.22743465,0.2623628,0.25022647,0.27739784,0.26579088
plant,P,word2vec_recipe_20_HYP_HALF,0.31223688,0.2896224,0.36079547,0.32184908,0.3788414,0.3362781
deny,P,word2vec_recipe_20_HYP_HALF,0.099297665,0.10522952,0.1170317,0.12450193,0.12550947,0.13870224
peach,P,word2vec_recipe_20_HYP_HALF,0.21997865,0.28847227,0.31321394,0.3502195,0.348627,0.35686693
bluff,H,word2vec_recipe_20_HYP_HALF,0.14424196,0.14772622,0.16569097,0.16537979,0.17444712,0.17218022
mall,P,word2vec_recipe_20_HYP_HALF,0.2165407,0.16952625,0.24503678,0.21100764,0.25748542,0.22187664
manicure,P,word2vec_recipe_20_HYP_HALF,0.09968305,0.117548615,0.11579043,0.1311421,0.124945305,0.14609058
spectrum,P,word2vec_recipe_20_HYP_HALF,0.2956836,0.28513122,0.34282866,0.2710075,0.3577464,0.2640222
sip,P,word2vec_recipe_20_HYP_HALF,0.2941349,0.3507601,0.36165228,0.39111134,0.38870293,0.4136391
consent,P,word2vec_recipe_20_HYP_HALF,0.11484599,0.13412337,0.13947304,0.15537561,0.14996636,0.16822346
proverbial,P,word2vec_recipe_20_HYP_HALF,0.165921,0.17863494,0.18928146,0.19867149,0.19880328,0.20947249
influence,P,word2vec_recipe_20_HYP_HALF,0.13864389,0.13727458,0.16698545,0.16470286,0.17877704,0.18028784
league,H,word2vec_recipe_20_HYP_HALF,0.23257856,0.20744023,0.26771656,0.23780724,0.280129,0.24635713
loft,P,word2vec_recipe_20_HYP_HALF,0.1808699,0.1978873,0.21411134,0.2251016,0.22682898,0.24054256
shove,P,word2vec_recipe_20_HYP_HALF,0.34821773,0.41901338,0.40069962,0.3996954,0.42037368,0.37674704
luscious,P,word2vec_recipe_20_HYP_HALF,0.30543748,0.36141112,0.35777497,0.38602388,0.37950274,0.38149124
passion,P,word2vec_recipe_20_HYP_HALF,0.28708655,0.32732734,0.3460121,0.34869888,0.36748427,0.35976443
pep,P,word2vec_recipe_20_HYP_HALF,0.2554855,0.22849068,0.29790056,0.28845555,0.31681037,0.3123476
cockeyed,P,word2vec_recipe_20_HYP_HALF,0.10339303,0.11665884,0.1413806,0.16294616,0.15894099,0.18072073
instance,P,word2vec_recipe_20_HYP_HALF,0.27355987,0.3136292,0.3146563,0.27270132,0.32937652,0.26179725
prolong,P,word2vec_recipe_20_HYP_HALF,0.19557787,0.19312876,0.2345667,0.22568893,0.24981266,0.24029848
slave,P,word2vec_recipe_20_HYP_HALF,0.08483207,0.08968012,0.10445941,0.12259737,0.11353956,0.13710201
imitate,P,word2vec_recipe_20_HYP_HALF,0.21009037,0.20632975,0.24567656,0.23804705,0.26197118,0.25864294
raspberry,P,word2vec_recipe_20_HYP_HALF,0.22560796,0.2971006,0.31113362,0.35473034,0.3402933,0.3503772
luxurious,P,word2vec_recipe_20_HYP_HALF,0.2553986,0.25728032,0.305328,0.3019773,0.32491273,0.3155843
humane,P,word2vec_recipe_20_HYP_HALF,0.09733411,0.11185081,0.11593308,0.13328828,0.123844184,0.1436395
nitrate,P,word2vec_recipe_20_HYP_HALF,0.16966224,0.19108623,0.21003264,0.20942888,0.22334304,0.18307121
redhead,P,word2vec_recipe_20_HYP_HALF,0.11583708,0.14815149,0.13955526,0.1763499,0.14939259,0.18692027
cautious,M,word2vec_recipe_20_HYP_HALF,0.29198486,0.3066797,0.3498426,0.30336687,0.37181464,0.30433336
streak,P,word2vec_recipe_20_HYP_HALF,0.3510173,0.27255097,0.3897967,0.32751963,0.4048967,0.3344713
savvy,P,word2vec_recipe_20_HYP_HALF,0.20089206,0.14143637,0.22909111,0.17269965,0.23993851,0.17896035
inland,P,word2vec_recipe_20_HYP_HALF,0.11909642,0.13224153,0.14193505,0.16984312,0.15289892,0.17925315
solve,P,word2vec_recipe_20_HYP_HALF,0.2117827,0.15997756,0.24159092,0.1733727,0.25272378,0.18248945
honest,P,word2vec_recipe_20_HYP_HALF,0.17200653,0.14821176,0.20184532,0.17167562,0.21485193,0.18344887
strict,P,word2vec_recipe_20_HYP_HALF,0.16129813,0.14797217,0.18920124,0.1685941,0.20166452,0.17712644
rack,H,word2vec_recipe_20_HYP_HALF,0.3407391,0.29919133,0.43071806,0.37463498,0.45697844,0.38943022
mood,H,word2vec_recipe_20_HYP_HALF,0.2575363,0.22245361,0.29288638,0.23040687,0.3067432,0.23500171
queen,P,word2vec_recipe_20_HYP_HALF,0.28208256,0.2545257,0.31630233,0.26631784,0.32842335,0.26380605
shop,P,word2vec_recipe_20_HYP_HALF,0.27663866,0.28569433,0.32835308,0.32116976,0.35007378,0.32147208
nook,M,word2vec_recipe_20_HYP_HALF,0.37818345,0.424675,0.4465325,0.410722,0.46591282,0.4102746
executive,P,word2vec_recipe_20_HYP_HALF,0.12112479,0.1239298,0.14301725,0.15895611,0.15489723,0.17360939
fabric,P,word2vec_recipe_20_HYP_HALF,0.24726343,0.2636698,0.3035083,0.3242766,0.32642162,0.33732158
fraction,P,word2vec_recipe_20_HYP_HALF,0.3025257,0.2074325,0.336979,0.23914966,0.34909075,0.25489277
stain,P,word2vec_recipe_20_HYP_HALF,0.31425476,0.32445225,0.36544693,0.328937,0.38626286,0.33975977
withstand,P,word2vec_recipe_20_HYP_HALF,0.25994325,0.1958311,0.29811877,0.20786172,0.31093577,0.21013948
jellyfish,P,word2vec_recipe_20_HYP_HALF,0.32943535,0.3558965,0.38184837,0.39647043,0.4021792,0.4112035
select,P,word2vec_recipe_20_HYP_HALF,0.3253619,0.34002477,0.4335643,0.43112695,0.47997773,0.47736704
peninsula,M,word2vec_recipe_20_HYP_HALF,0.1846229,0.15350664,0.20951952,0.17727596,0.21919948,0.18905795
dude,P,word2vec_recipe_20_HYP_HALF,0.14171682,0.1594931,0.16324209,0.18132794,0.17289409,0.19188145
soot,P,word2vec_recipe_20_HYP_HALF,0.2267133,0.23082714,0.2765555,0.27398467,0.29494417,0.3034435
jungle,P,word2vec_recipe_20_HYP_HALF,0.23028412,0.2481305,0.2665884,0.2753771,0.2818246,0.28536958
hereafter,P,word2vec_recipe_20_HYP_HALF,0.16078758,0.15410407,0.18127106,0.16336323,0.19047077,0.17632212
revelation,P,word2vec_recipe_20_HYP_HALF,0.10642417,0.110639766,0.12621115,0.14495702,0.1348484,0.15502231
railway,P,word2vec_recipe_20_HYP_HALF,0.14780058,0.15948313,0.16816662,0.1817851,0.17661637,0.19091384
potato,P,word2vec_recipe_20_HYP_HALF,0.27829203,0.3349134,0.34899953,0.353702,0.38225928,0.36364633
multiply,H,word2vec_recipe_20_HYP_HALF,0.27338478,0.26547283,0.31604758,0.26831603,0.33500397,0.2658102
crucial,M,word2vec_recipe_20_HYP_HALF,0.23699227,0.24624649,0.28494027,0.22999834,0.30130458,0.2276719
collection,P,word2vec_recipe_20_HYP_HALF,0.22304276,0.1758203,0.25750145,0.20932268,0.27312303,0.22202899
unfold,P,word2vec_recipe_20_HYP_HALF,0.3479616,0.39490882,0.4291016,0.4052984,0.45532733,0.40263134
island,P,word2vec_recipe_20_HYP_HALF,0.31475455,0.3193338,0.35496294,0.2958461,0.37012222,0.2971488
steamer,P,word2vec_recipe_20_HYP_HALF,0.35250765,0.3893587,0.47053692,0.5193327,0.5040965,0.5465622
virgin,P,word2vec_recipe_20_HYP_HALF,0.29540938,0.3277895,0.40273234,0.40588003,0.43777725,0.42484096
gate,P,word2vec_recipe_20_HYP_HALF,0.28635764,0.2485434,0.3253234,0.29876688,0.34006858,0.30849272
liege,P,word2vec_recipe_20_HYP_HALF,0.22478116,0.23941079,0.26883736,0.24269854,0.2842806,0.24382317
bouquet,P,word2vec_recipe_20_HYP_HALF,0.3044564,0.35265723,0.4175745,0.4533209,0.4488193,0.45781133
confident,P,word2vec_recipe_20_HYP_HALF,0.21321385,0.15766932,0.2462912,0.17317043,0.25957313,0.17700516
delicate,P,word2vec_recipe_20_HYP_HALF,0.31581575,0.3048785,0.35934478,0.30222887,0.37703225,0.31719473
bid,P,word2vec_recipe_20_HYP_HALF,0.12658098,0.13001317,0.14647485,0.14446595,0.15595287,0.15150692
marriage,P,word2vec_recipe_20_HYP_HALF,0.22367008,0.20771775,0.25591248,0.20882434,0.2675501,0.2152438
attention,P,word2vec_recipe_20_HYP_HALF,0.30770153,0.2463601,0.35428306,0.2393398,0.3683838,0.24433692
uncommon,P,word2vec_recipe_20_HYP_HALF,0.16288176,0.16193351,0.18957147,0.17029744,0.19949727,0.18150468
massage,P,word2vec_recipe_20_HYP_HALF,0.37821227,0.45697692,0.46195504,0.51532483,0.48857608,0.5238819
fever,P,word2vec_recipe_20_HYP_HALF,0.1778368,0.1623771,0.20500726,0.19878104,0.2168541,0.21015337
brick,P,word2vec_recipe_20_HYP_HALF,0.42061442,0.40015852,0.4767843,0.42408267,0.49506816,0.437423
span,H,word2vec_recipe_20_HYP_HALF,0.2748952,0.23206767,0.31151047,0.24621658,0.32521293,0.2545735
stabilize,P,word2vec_recipe_20_HYP_HALF,0.4039916,0.39540914,0.47961712,0.43225586,0.50429696,0.4426254
saddle,P,word2vec_recipe_20_HYP_HALF,0.2680024,0.3400429,0.3201418,0.3923212,0.34780145,0.416221
blink,P,word2vec_recipe_20_HYP_HALF,0.24495617,0.19618863,0.28113988,0.20400044,0.29456368,0.20672807
grip,P,word2vec_recipe_20_HYP_HALF,0.30296516,0.31673917,0.35093725,0.3465661,0.36942035,0.34959915
prudent,P,word2vec_recipe_20_HYP_HALF,0.12830313,0.12641844,0.1532087,0.14910096,0.1645747,0.16382474
diameter,P,word2vec_recipe_20_HYP_HALF,0.27723333,0.31582782,0.33120826,0.3390676,0.3537342,0.33540413
career,P,word2vec_recipe_20_HYP_HALF,0.08553916,0.093275435,0.10540986,0.12616442,0.116283916,0.14231499
discussion,M,word2vec_recipe_20_HYP_HALF,0.10717052,0.102381796,0.12384885,0.13012858,0.13329998,0.14339791
notorious,M,word2vec_recipe_20_HYP_HALF,0.16746955,0.14445865,0.19080096,0.1615887,0.20077415,0.16781804
funeral,P,word2vec_recipe_20_HYP_HALF,0.1593622,0.15327793,0.18353163,0.1676957,0.19504908,0.1766567
aspect,P,word2vec_recipe_20_HYP_HALF,0.17975907,0.1570435,0.20699733,0.19057375,0.21940178,0.20045929
chess,H,word2vec_recipe_20_HYP_HALF,0.30566162,0.2479838,0.3516525,0.23361015,0.36913645,0.24350438
surplus,P,word2vec_recipe_20_HYP_HALF,0.3560047,0.348993,0.42488945,0.37673667,0.451892,0.4126417
rush,H,word2vec_recipe_20_HYP_HALF,0.3041079,0.19167514,0.33859834,0.20402558,0.35135987,0.21375266
cattle,M,word2vec_recipe_20_HYP_HALF,0.15802933,0.15507281,0.18390001,0.17869917,0.1947828,0.19656397
fresh,P,word2vec_recipe_20_HYP_HALF,0.31509227,0.33594498,0.3703376,0.350571,0.3941513,0.38539523
tiger,P,word2vec_recipe_20_HYP_HALF,0.32658422,0.29259652,0.37493688,0.31130555,0.39122665,0.32626957
invisible,P,word2vec_recipe_20_HYP_HALF,0.18925983,0.1790713,0.21870601,0.20196962,0.23052667,0.21195689
probe,P,word2vec_recipe_20_HYP_HALF,0.26624894,0.2370062,0.32836708,0.28682575,0.36219165,0.33884645
saloon,P,word2vec_recipe_20_HYP_HALF,0.13293386,0.15533777,0.15329295,0.16975762,0.1616882,0.17493209
sandbox,M,word2vec_recipe_20_HYP_HALF,0.13682163,0.1590528,0.1600174,0.1788472,0.17108163,0.18803982
nasal,P,word2vec_recipe_20_HYP_HALF,0.12607694,0.15373226,0.15937589,0.18148172,0.17199019,0.18934329
relation,P,word2vec_recipe_20_HYP_HALF,0.114314854,0.1029776,0.13486847,0.12857848,0.14450495,0.14179078
storm,P,word2vec_recipe_20_HYP_HALF,0.19776845,0.22347839,0.22892372,0.24349533,0.24331352,0.26454824
attempt,P,word2vec_recipe_20_HYP_HALF,0.28274557,0.1986987,0.3181666,0.20617443,0.33210582,0.2092051
exquisite,P,word2vec_recipe_20_HYP_HALF,0.22149119,0.26485923,0.2773412,0.31807777,0.29904553,0.33083615
shotgun,M,word2vec_recipe_20_HYP_HALF,0.14364703,0.14234105,0.16604163,0.17106372,0.1757816,0.18653178
alarm,P,word2vec_recipe_20_HYP_HALF,0.36495787,0.34192055,0.41267726,0.35788983,0.43096673,0.3583692
traction,P,word2vec_recipe_20_HYP_HALF,0.14661396,0.16343491,0.1746489,0.18148397,0.18817522,0.19571441
blunt,P,word2vec_recipe_20_HYP_HALF,0.2849716,0.2383057,0.33847553,0.33948442,0.3620263,0.36582217
sidekick,P,word2vec_recipe_20_HYP_HALF,0.119568326,0.15458506,0.1416949,0.17862116,0.1507888,0.18708472
rainbow,P,word2vec_recipe_20_HYP_HALF,0.3223641,0.37278655,0.38225284,0.38530222,0.40242568,0.38513082
fireworks,P,word2vec_recipe_20_HYP_HALF,0.21863309,0.22841302,0.25690624,0.2776711,0.27307507,0.28602514
macaroni,M,word2vec_recipe_20_HYP_HALF,0.22000317,0.28279373,0.31130365,0.3401262,0.3456335,0.36225864
hairline,P,word2vec_recipe_20_HYP_HALF,0.17656584,0.17968422,0.217415,0.25402883,0.23298156,0.2720414
ponytail,M,word2vec_recipe_20_HYP_HALF,0.17291608,0.1986404,0.20754363,0.2498554,0.22307289,0.26700482
birth,P,word2vec_recipe_20_HYP_HALF,0.082476534,0.09315242,0.103980266,0.12917523,0.11419869,0.14311919
involve,P,word2vec_recipe_20_HYP_HALF,0.212907,0.1518522,0.2369618,0.16689353,0.24730358,0.17456318
bruise,P,word2vec_recipe_20_HYP_HALF,0.36609864,0.44296786,0.45439723,0.5052065,0.4842067,0.5135741
sermon,P,word2vec_recipe_20_HYP_HALF,0.1774172,0.1949925,0.20516847,0.21849144,0.21552952,0.22813614
suffocate,P,word2vec_recipe_20_HYP_HALF,0.15996355,0.21423832,0.20447083,0.2606831,0.22153325,0.2700609
panda,P,word2vec_recipe_20_HYP_HALF,0.23038825,0.21553148,0.2839934,0.28741542,0.30369043,0.30598384
info,M,word2vec_recipe_20_HYP_HALF,0.23459394,0.15819018,0.2802384,0.14324363,0.29883566,0.143391
breather,P,word2vec_recipe_20_HYP_HALF,0.09547638,0.11185888,0.114341676,0.14220957,0.12382401,0.15282828
routine,P,word2vec_recipe_20_HYP_HALF,0.18292966,0.12873009,0.20778152,0.15615284,0.21871452,0.17274134
unsafe,P,word2vec_recipe_20_HYP_HALF,0.11598855,0.11432478,0.13886407,0.14418499,0.14983195,0.15390587
realistic,P,word2vec_recipe_20_HYP_HALF,0.20495196,0.24308175,0.24115154,0.25108638,0.25670627,0.26221117
canary,P,word2vec_recipe_20_HYP_HALF,0.21532634,0.19940998,0.2446999,0.23530677,0.2579698,0.24303755
paddle,P,word2vec_recipe_20_HYP_HALF,0.27213907,0.3281691,0.4148028,0.42059952,0.4715786,0.47937256
celebrate,P,word2vec_recipe_20_HYP_HALF,0.18428281,0.17902653,0.21063353,0.18414523,0.22315568,0.19799139
corpus,P,word2vec_recipe_20_HYP_HALF,0.1939481,0.23232108,0.22276098,0.25169724,0.23348044,0.26594645
twist,P,word2vec_recipe_20_HYP_HALF,0.32355818,0.3871454,0.39183304,0.41674638,0.417588,0.41135424
apply,P,word2vec_recipe_20_HYP_HALF,0.3721158,0.38988808,0.44741505,0.42002216,0.473564,0.41191474
prepare,P,word2vec_recipe_20_HYP_HALF,0.38063076,0.44188857,0.4560839,0.44464746,0.48071793,0.4229751
priceless,P,word2vec_recipe_20_HYP_HALF,0.15959543,0.17194206,0.18344642,0.19250615,0.19424024,0.20654158
juicy,P,word2vec_recipe_20_HYP_HALF,0.35626784,0.41260052,0.43115655,0.41875243,0.45513633,0.41557032
jiggle,P,word2vec_recipe_20_HYP_HALF,0.2609149,0.28398263,0.40008467,0.3907857,0.43928558,0.39710197
sushi,M,word2vec_recipe_20_HYP_HALF,0.2588095,0.29054555,0.34873226,0.35708925,0.3914762,0.38771978
incubator,P,word2vec_recipe_20_HYP_HALF,0.13939843,0.176406,0.17690657,0.21890822,0.19263957,0.23121841
unique,P,word2vec_recipe_20_HYP_HALF,0.20604868,0.23856361,0.25568238,0.28714997,0.27796587,0.29971963
wrinkle,H,word2vec_recipe_20_HYP_HALF,0.38961148,0.42312714,0.4720227,0.46960983,0.49727023,0.45535445
excellent,M,word2vec_recipe_20_HYP_HALF,0.2634609,0.31330615,0.36041942,0.40537587,0.394652,0.405879
madman,M,word2vec_recipe_20_HYP_HALF,0.124110796,0.1032735,0.14543901,0.12520786,0.15612584,0.13876519
compare,P,word2vec_recipe_20_HYP_HALF,0.18582606,0.1391343,0.21192075,0.16084655,0.22210798,0.16889822
spine,P,word2vec_recipe_20_HYP_HALF,0.20549583,0.22658816,0.2765846,0.30249164,0.3104587,0.35002115
lively,P,word2vec_recipe_20_HYP_HALF,0.37374,0.31960484,0.42795205,0.2568799,0.44961426,0.28331265
happiness,P,word2vec_recipe_20_HYP_HALF,0.25716397,0.2743716,0.31708312,0.315308,0.3363248,0.30530956
sundown,M,word2vec_recipe_20_HYP_HALF,0.2030911,0.18978877,0.23142773,0.2181019,0.24264915,0.23091543
crash,H,word2vec_recipe_20_HYP_HALF,0.33591515,0.3084737,0.3844585,0.3420446,0.40051922,0.34039742
cover,P,word2vec_recipe_20_HYP_HALF,0.39267665,0.45206264,0.47752833,0.4089051,0.5006495,0.38813728
steep,H,word2vec_recipe_20_HYP_HALF,0.3162477,0.39890808,0.4391087,0.46558854,0.47542194,0.47595614
primary,P,word2vec_recipe_20_HYP_HALF,0.3205638,0.33967552,0.36843053,0.3594654,0.38673675,0.3629372
kamikaze,M,word2vec_recipe_20_HYP_HALF,0.112901226,0.12905705,0.14889474,0.18685874,0.17021042,0.22166094
reunion,P,word2vec_recipe_20_HYP_HALF,0.20794483,0.19980438,0.2417449,0.22842304,0.2541301,0.2343643
companion,P,word2vec_recipe_20_HYP_HALF,0.22304752,0.24744125,0.26111138,0.28733388,0.2780446,0.2917791
catcher,P,word2vec_recipe_20_HYP_HALF,0.22855961,0.21889786,0.26681662,0.2737326,0.2816104,0.29396436
occasional,P,word2vec_recipe_20_HYP_HALF,0.40158814,0.41839868,0.47560066,0.46818256,0.49845558,0.4573011
motorcycle,P,word2vec_recipe_20_HYP_HALF,0.17919599,0.2009002,0.21604872,0.25582352,0.23357037,0.28835303
wallow,P,word2vec_recipe_20_HYP_HALF,0.17214859,0.2064637,0.20068151,0.24277395,0.21179481,0.2566876
spit,H,word2vec_recipe_20_HYP_HALF,0.36855844,0.39903754,0.42585126,0.41592157,0.44842353,0.4307785
tuxedo,P,word2vec_recipe_20_HYP_HALF,0.26558107,0.23326828,0.30484134,0.2748236,0.3238403,0.30182955
belong,P,word2vec_recipe_20_HYP_HALF,0.11573839,0.11416728,0.13653688,0.1310751,0.14649561,0.14557722
pup,P,word2vec_recipe_20_HYP_HALF,0.2197001,0.21230921,0.2524683,0.21381058,0.2669419,0.23053128
liner,H,word2vec_recipe_20_HYP_HALF,0.376404,0.36616105,0.44470283,0.3946484,0.47359613,0.43982652
ecstasy,P,word2vec_recipe_20_HYP_HALF,0.15516123,0.17361,0.1802236,0.20205303,0.19115521,0.20915785
hack,H,word2vec_recipe_20_HYP_HALF,0.25828338,0.22912824,0.30694425,0.29112062,0.32919425,0.33100662
hound,P,word2vec_recipe_20_HYP_HALF,0.17055693,0.18161888,0.19872545,0.1996915,0.20946552,0.20939556
begin,P,word2vec_recipe_20_HYP_HALF,0.36961743,0.4618683,0.48255837,0.52314234,0.5210013,0.5141692
afternoon,P,word2vec_recipe_20_HYP_HALF,0.2781037,0.31215712,0.35577294,0.35722744,0.38510606,0.3722762
fruitcake,P,word2vec_recipe_20_HYP_HALF,0.32749528,0.28498143,0.3702962,0.2792918,0.38769555,0.2746496
decision,P,word2vec_recipe_20_HYP_HALF,0.14904185,0.11580886,0.17489992,0.13680732,0.18552366,0.14738859
statement,P,word2vec_recipe_20_HYP_HALF,0.12865132,0.1103499,0.15000792,0.13840948,0.15903991,0.14990947
moat,M,word2vec_recipe_20_HYP_HALF,0.2687377,0.2659108,0.30891097,0.2927256,0.32499495,0.30693817
expel,P,word2vec_recipe_20_HYP_HALF,0.36876938,0.4044101,0.44721,0.4916877,0.47575784,0.5086738
zoom,P,word2vec_recipe_20_HYP_HALF,0.23357053,0.25067803,0.27254134,0.28680053,0.28901288,0.30100968
lifetime,P,word2vec_recipe_20_HYP_HALF,0.23883553,0.19654967,0.27191198,0.1958233,0.2843029,0.1934935
snowman,M,word2vec_recipe_20_HYP_HALF,0.21251674,0.23154747,0.26143107,0.2880517,0.2883851,0.30972973
accuracy,M,word2vec_recipe_20_HYP_HALF,0.35790664,0.3132077,0.4270114,0.36296642,0.4475081,0.37069938
pebble,P,word2vec_recipe_20_HYP_HALF,0.3525042,0.36997837,0.4018449,0.36919457,0.42018005,0.38246468
refrain,H,word2vec_recipe_20_HYP_HALF,0.28595662,0.24837662,0.32105887,0.24417421,0.3357662,0.2512206
surf,P,word2vec_recipe_20_HYP_HALF,0.234019,0.23911157,0.28077003,0.25749955,0.2973336,0.26604596
tone,P,word2vec_recipe_20_HYP_HALF,0.31821087,0.26234624,0.37250453,0.31625697,0.39277756,0.3183007
hamburger,M,word2vec_recipe_20_HYP_HALF,0.25062758,0.30317268,0.32761273,0.3211199,0.36093223,0.33437827
naughty,P,word2vec_recipe_20_HYP_HALF,0.24374013,0.25052208,0.28787395,0.25565723,0.3058565,0.26553312
presence,P,word2vec_recipe_20_HYP_HALF,0.17399769,0.15422699,0.20050724,0.19498609,0.21248294,0.20435658
gorge,P,word2vec_recipe_20_HYP_HALF,0.124469355,0.11961319,0.14237274,0.14149334,0.1507017,0.15242772
sailor,P,word2vec_recipe_20_HYP_HALF,0.13891464,0.1626266,0.16587389,0.18478794,0.17676644,0.19066243
decide,P,word2vec_recipe_20_HYP_HALF,0.24549505,0.27432328,0.2854915,0.23295097,0.30021852,0.22699991
fail,P,word2vec_recipe_20_HYP_HALF,0.33844525,0.33124572,0.41497412,0.321703,0.4395009,0.31900263
banquet,P,word2vec_recipe_20_HYP_HALF,0.22538766,0.22244526,0.25108823,0.23258671,0.26236874,0.2400536
domestic,P,word2vec_recipe_20_HYP_HALF,0.37408608,0.35319856,0.424143,0.33019954,0.43969002,0.31729224
tug,P,word2vec_recipe_20_HYP_HALF,0.2557101,0.27160183,0.29611707,0.2998709,0.31525302,0.320473
authority,P,word2vec_recipe_20_HYP_HALF,0.10232742,0.1116662,0.12059042,0.13182944,0.12895834,0.1439607
brunch,P,word2vec_recipe_20_HYP_HALF,0.31523323,0.32661775,0.39153758,0.39136133,0.41605133,0.39368358
abide,P,word2vec_recipe_20_HYP_HALF,0.090131804,0.097997665,0.10772874,0.123445615,0.1168278,0.13285121
elbow,P,word2vec_recipe_20_HYP_HALF,0.30592614,0.29036817,0.38014778,0.3300033,0.4141134,0.36440682
land,P,word2vec_recipe_20_HYP_HALF,0.26445913,0.213006,0.3101849,0.22246313,0.3245899,0.2212241
pun,P,word2vec_recipe_20_HYP_HALF,0.20237406,0.15203138,0.22758546,0.15975843,0.23803525,0.16558133
sunlight,M,word2vec_recipe_20_HYP_HALF,0.33565825,0.36919534,0.39303946,0.39240474,0.416178,0.40388283
tedious,M,word2vec_recipe_20_HYP_HALF,0.20941481,0.19520724,0.26192215,0.21737744,0.28047094,0.2130135
amigo,M,word2vec_recipe_20_HYP_HALF,0.17364922,0.16376163,0.20249934,0.19782531,0.21300799,0.20889643
sock,H,word2vec_recipe_20_HYP_HALF,0.38091,0.3412978,0.4251646,0.34562445,0.4405619,0.33947417
experience,P,word2vec_recipe_20_HYP_HALF,0.17929444,0.14290637,0.20563702,0.1683124,0.21523006,0.17693111
acid,P,word2vec_recipe_20_HYP_HALF,0.24803615,0.29781574,0.3300438,0.34900394,0.36104146,0.36771083
relocate,P,word2vec_recipe_20_HYP_HALF,0.17121528,0.20633908,0.20094505,0.23878708,0.21280132,0.24514821
fluke,H,word2vec_recipe_20_HYP_HALF,0.23668838,0.2742396,0.29092845,0.31553596,0.31567317,0.3492694
vinyl,M,word2vec_recipe_20_HYP_HALF,0.23749211,0.29143134,0.29211587,0.3427527,0.31633443,0.37118536
purse,P,word2vec_recipe_20_HYP_HALF,0.27697876,0.33266,0.3577561,0.37753558,0.38749433,0.3964608
airplane,M,word2vec_recipe_20_HYP_HALF,0.1347832,0.14934573,0.16008095,0.18162997,0.17072561,0.19038421
symbol,P,word2vec_recipe_20_HYP_HALF,0.1819878,0.18965873,0.2140688,0.22583374,0.22901374,0.24400337
certainty,P,word2vec_recipe_20_HYP_HALF,0.10016917,0.12382248,0.11907827,0.14098687,0.12757048,0.15145485
lavender,P,word2vec_recipe_20_HYP_HALF,0.2528738,0.29446515,0.3510643,0.3871818,0.38267532,0.40408072
distress,P,word2vec_recipe_20_HYP_HALF,0.12050025,0.1304166,0.13733512,0.14982429,0.14550386,0.1584478
suspicious,P,word2vec_recipe_20_HYP_HALF,0.091951065,0.10535326,0.10945617,0.12242991,0.11847302,0.13695738
deep,P,word2vec_recipe_20_HYP_HALF,0.36047822,0.44956055,0.44730127,0.50707483,0.4778804,0.50441915
stow,P,word2vec_recipe_20_HYP_HALF,0.17778847,0.21471317,0.22316034,0.2791443,0.24444948,0.30530274
slug,H,word2vec_recipe_20_HYP_HALF,0.27584344,0.31436846,0.3336966,0.37396276,0.35508808,0.3875648
ethnic,P,word2vec_recipe_20_HYP_HALF,0.1654725,0.19627315,0.234459,0.26802358,0.2781509,0.29547393
scoop,P,word2vec_recipe_20_HYP_HALF,0.33845824,0.3670923,0.4561185,0.5049229,0.50137407,0.53133005
corkscrew,P,word2vec_recipe_20_HYP_HALF,0.32658246,0.39273208,0.38650376,0.38589558,0.41082165,0.3876495
access,P,word2vec_recipe_20_HYP_HALF,0.36599544,0.45555374,0.48466492,0.41920727,0.5106565,0.3757809
condition,P,word2vec_recipe_20_HYP_HALF,0.2534095,0.19975954,0.29211417,0.24559456,0.3077476,0.24631274
ton,P,word2vec_recipe_20_HYP_HALF,0.30224255,0.34337416,0.4458441,0.46595705,0.4830292,0.4724161
assume,P,word2vec_recipe_20_HYP_HALF,0.15942779,0.12944342,0.18293905,0.14323294,0.19312382,0.15354757
slimy,P,word2vec_recipe_20_HYP_HALF,0.26219195,0.29915202,0.3189101,0.34185112,0.34412247,0.3440729
dunk,P,word2vec_recipe_20_HYP_HALF,0.42041844,0.5207789,0.49756905,0.49893737,0.5204908,0.49433726
verify,M,word2vec_recipe_20_HYP_HALF,0.25660813,0.2510717,0.31440032,0.32302153,0.33608353,0.34225696
stir,H,word2vec_recipe_20_HYP_HALF,0.28298002,0.35445693,0.37423122,0.36908248,0.39987168,0.36573437
grumpy,M,word2vec_recipe_20_HYP_HALF,0.14132343,0.16643475,0.16317253,0.19926597,0.17249604,0.21294875
accessory,P,word2vec_recipe_20_HYP_HALF,0.2739733,0.29363048,0.34568545,0.39893505,0.37924576,0.4360994
locate,P,word2vec_recipe_20_HYP_HALF,0.2749558,0.23630276,0.3129293,0.2798089,0.3282029,0.2952021
stamp,P,word2vec_recipe_20_HYP_HALF,0.27887022,0.22780445,0.34935084,0.28903854,0.38636178,0.32979965
goat,P,word2vec_recipe_20_HYP_HALF,0.21551268,0.2928134,0.3138689,0.37830934,0.356161,0.40442282
relevant,P,word2vec_recipe_20_HYP_HALF,0.11619739,0.11642943,0.13640551,0.14424863,0.14668594,0.1611557
race,H,word2vec_recipe_20_HYP_HALF,0.23617978,0.23632117,0.27108067,0.25903067,0.28529564,0.27789643
decent,P,word2vec_recipe_20_HYP_HALF,0.3248173,0.40966874,0.410467,0.37688863,0.4331417,0.3416933
diagram,P,word2vec_recipe_20_HYP_HALF,0.28004783,0.27434626,0.3334567,0.27889103,0.3593484,0.31180802
piggy,P,word2vec_recipe_20_HYP_HALF,0.21847054,0.21251084,0.25693178,0.2534023,0.27183896,0.2606871
indigenous,M,word2vec_recipe_20_HYP_HALF,0.09598459,0.116685845,0.11607769,0.14589007,0.12641516,0.16409837
pollen,M,word2vec_recipe_20_HYP_HALF,0.28477365,0.3110346,0.354379,0.40708768,0.38121995,0.4282584
badger,P,word2vec_recipe_20_HYP_HALF,0.12982143,0.145011,0.14960702,0.1685366,0.15795234,0.18106367
lens,P,word2vec_recipe_20_HYP_HALF,0.18377118,0.17652744,0.21136951,0.20886444,0.22289921,0.22024976
dump,P,word2vec_recipe_20_HYP_HALF,0.4414184,0.44385147,0.4933233,0.38673908,0.5098507,0.3941047
tonic,P,word2vec_recipe_20_HYP_HALF,0.18897258,0.22538124,0.2513542,0.28803295,0.28188378,0.30292246
ripe,P,word2vec_recipe_20_HYP_HALF,0.33075392,0.38124916,0.41554487,0.4550099,0.44708127,0.468196
penguin,M,word2vec_recipe_20_HYP_HALF,0.16352132,0.1897525,0.204303,0.23483104,0.22782783,0.26733473
horny,P,word2vec_recipe_20_HYP_HALF,0.10959399,0.14818302,0.12848134,0.16664536,0.13642645,0.17366838
bloody,P,word2vec_recipe_20_HYP_HALF,0.30436268,0.2716478,0.36468002,0.30049402,0.386969,0.3154521
rival,P,word2vec_recipe_20_HYP_HALF,0.24815755,0.24413407,0.28061327,0.23503526,0.29307187,0.23053454
attractive,P,word2vec_recipe_20_HYP_HALF,0.3074208,0.3287319,0.39927715,0.4025541,0.4316488,0.41776973
alien,P,word2vec_recipe_20_HYP_HALF,0.15060055,0.18847235,0.18480435,0.2369584,0.20512785,0.26838157
lobster,P,word2vec_recipe_20_HYP_HALF,0.2554151,0.33766013,0.35897717,0.4334465,0.39819583,0.44408798
fanfare,P,word2vec_recipe_20_HYP_HALF,0.16802771,0.17410916,0.191794,0.20258553,0.2013368,0.21311492
behavior,P,word2vec_recipe_20_HYP_HALF,0.1371122,0.1230464,0.15869805,0.14984582,0.1686753,0.15952341
breeze,P,word2vec_recipe_20_HYP_HALF,0.3306492,0.21609715,0.3751019,0.2490026,0.3921714,0.28799987
numb,P,word2vec_recipe_20_HYP_HALF,0.17714372,0.15883332,0.20524624,0.17864123,0.21792403,0.18939982
accessible,P,word2vec_recipe_20_HYP_HALF,0.21499598,0.16555507,0.24299814,0.18117523,0.25426474,0.19096671
texture,P,word2vec_recipe_20_HYP_HALF,0.26171464,0.32030258,0.32533944,0.3817786,0.35502622,0.39564434
upstairs,P,word2vec_recipe_20_HYP_HALF,0.20369148,0.15535831,0.23532856,0.176571,0.24825439,0.18944149
deck,P,word2vec_recipe_20_HYP_HALF,0.24598375,0.22939546,0.2856308,0.26435536,0.30055866,0.27905738
fold,H,word2vec_recipe_20_HYP_HALF,0.40963554,0.30292615,0.4763449,0.3431101,0.49815395,0.3709421
trailing,P,word2vec_recipe_20_HYP_HALF,0.1730195,0.19803303,0.2110791,0.2511372,0.23115568,0.2721884
motion,P,word2vec_recipe_20_HYP_HALF,0.2655999,0.33087605,0.37149665,0.4183956,0.41235396,0.42968237
bush,H,word2vec_recipe_20_HYP_HALF,0.38533333,0.3137943,0.42741203,0.3652229,0.44183314,0.36871052
compose,P,word2vec_recipe_20_HYP_HALF,0.3260935,0.32053834,0.38186565,0.37020344,0.4057168,0.37471417
spouse,M,word2vec_recipe_20_HYP_HALF,0.1323919,0.12716584,0.15655762,0.14915924,0.16800217,0.15893136
devil,P,word2vec_recipe_20_HYP_HALF,0.3168991,0.34631333,0.36314124,0.3304898,0.37827653,0.3133277
sleepy,P,word2vec_recipe_20_HYP_HALF,0.18615878,0.20605318,0.2202436,0.23566829,0.23403984,0.25135365
void,P,word2vec_recipe_20_HYP_HALF,0.32011002,0.32030365,0.37441483,0.37363887,0.39571434,0.39067397
closure,P,word2vec_recipe_20_HYP_HALF,0.21211715,0.16814893,0.2847976,0.29984692,0.3283762,0.3849307
pelvic,M,word2vec_recipe_20_HYP_HALF,0.120184824,0.1706932,0.17770797,0.2541862,0.20697159,0.2941283
cultural,M,word2vec_recipe_20_HYP_HALF,0.09574586,0.117369115,0.11588543,0.14563452,0.1259601,0.16108693
distribute,P,word2vec_recipe_20_HYP_HALF,0.34808916,0.4732753,0.46342286,0.47678438,0.4943432,0.45179766
merge,P,word2vec_recipe_20_HYP_HALF,0.33548817,0.34906548,0.4227477,0.38991293,0.44884384,0.38143915
bright,P,word2vec_recipe_20_HYP_HALF,0.33907446,0.38264138,0.4449923,0.50989974,0.48270527,0.5446373
kidney,P,word2vec_recipe_20_HYP_HALF,0.23534504,0.29721844,0.3280148,0.3721136,0.36373374,0.3853281
stall,H,word2vec_recipe_20_HYP_HALF,0.1577726,0.13646634,0.17965199,0.14815253,0.18926224,0.15637602
altitude,P,word2vec_recipe_20_HYP_HALF,0.29377544,0.30061135,0.40915218,0.42108107,0.44783852,0.43521118
cigar,M,word2vec_recipe_20_HYP_HALF,0.30433935,0.32025892,0.3836215,0.35739115,0.40857628,0.37272644
flip,H,word2vec_recipe_20_HYP_HALF,0.3589924,0.41281658,0.4373148,0.4420804,0.46546987,0.4324313
pancake,P,word2vec_recipe_20_HYP_HALF,0.29411262,0.39883944,0.41059726,0.5055327,0.45751533,0.5237627
gourmet,P,word2vec_recipe_20_HYP_HALF,0.27048343,0.291159,0.30688933,0.3168692,0.32162738,0.30802295
wholesale,P,word2vec_recipe_20_HYP_HALF,0.15191838,0.17007248,0.17822865,0.1912586,0.19094269,0.19382375
gallery,P,word2vec_recipe_20_HYP_HALF,0.1650339,0.16680211,0.19317311,0.20179978,0.20468412,0.20993818
disposable,P,word2vec_recipe_20_HYP_HALF,0.36762103,0.3557779,0.43718937,0.44309062,0.461651,0.46936798
pipe,H,word2vec_recipe_20_HYP_HALF,0.26313865,0.27642146,0.33425167,0.32133672,0.37263733,0.36895177
triumph,P,word2vec_recipe_20_HYP_HALF,0.15424979,0.17407194,0.17736761,0.19861478,0.18777165,0.21097234
monk,M,word2vec_recipe_20_HYP_HALF,0.30243587,0.2812834,0.34474888,0.30149856,0.35994807,0.31364766
salon,P,word2vec_recipe_20_HYP_HALF,0.17456587,0.19948141,0.20260967,0.2394478,0.215009,0.2537097
sinus,P,word2vec_recipe_20_HYP_HALF,0.13249537,0.1521433,0.17400613,0.2099582,0.19258718,0.2313052
mechanical,P,word2vec_recipe_20_HYP_HALF,0.24001646,0.2551066,0.2928467,0.31617793,0.31069508,0.32198685
thin,P,word2vec_recipe_20_HYP_HALF,0.342907,0.37001815,0.40969467,0.34955677,0.4375144,0.36928868
wicked,P,word2vec_recipe_20_HYP_HALF,0.2294831,0.26749903,0.2669522,0.2709508,0.28160486,0.27736717
iron,P,word2vec_recipe_20_HYP_HALF,0.33376384,0.3983214,0.44373262,0.47112808,0.48098147,0.5048633
nugget,P,word2vec_recipe_20_HYP_HALF,0.40094304,0.49486703,0.45803216,0.4850558,0.47798228,0.46974996
cage,P,word2vec_recipe_20_HYP_HALF,0.1976268,0.19209503,0.2626938,0.28987762,0.29184335,0.33141556
vitamin,M,word2vec_recipe_20_HYP_HALF,0.21686606,0.15277344,0.3016642,0.20826529,0.3379465,0.18043587
asthma,M,word2vec_recipe_20_HYP_HALF,0.10227507,0.12473484,0.13631581,0.16940588,0.15063722,0.18076469
nickel,P,word2vec_recipe_20_HYP_HALF,0.24075218,0.26207462,0.3286828,0.3262142,0.3571103,0.33915135
atomic,P,word2vec_recipe_20_HYP_HALF,0.16946626,0.1816347,0.19698942,0.20144854,0.20941955,0.20797072
blitz,P,word2vec_recipe_20_HYP_HALF,0.22012036,0.26409903,0.33836833,0.34265688,0.39108717,0.37955078
mouthful,P,word2vec_recipe_20_HYP_HALF,0.2472324,0.21994062,0.2728096,0.20636226,0.28420535,0.20405096
orgasm,M,word2vec_recipe_20_HYP_HALF,0.1354175,0.13980803,0.15842874,0.1659838,0.16814613,0.17752571
toss,P,word2vec_recipe_20_HYP_HALF,0.3239239,0.32553092,0.40445775,0.35942125,0.42947933,0.37365317
keel,P,word2vec_recipe_20_HYP_HALF,0.15148827,0.1803936,0.21492997,0.26544303,0.24251616,0.29635045
charity,P,word2vec_recipe_20_HYP_HALF,0.34471875,0.34854382,0.4165442,0.33284906,0.44144988,0.32871714
match,H,word2vec_recipe_20_HYP_HALF,0.36910325,0.38814935,0.43123665,0.37475687,0.45215005,0.37153175
buff,H,word2vec_recipe_20_HYP_HALF,0.27227908,0.28009143,0.31026787,0.31676146,0.32680643,0.3221866
larger,P,word2vec_recipe_20_HYP_HALF,0.3560148,0.37618056,0.4306055,0.38704222,0.4517589,0.3909828
serpent,M,word2vec_recipe_20_HYP_HALF,0.22357579,0.20683977,0.25979832,0.2657383,0.27666342,0.28999755
petroleum,M,word2vec_recipe_20_HYP_HALF,0.20480159,0.1748367,0.22963886,0.19210614,0.24056698,0.20797339
collapse,P,word2vec_recipe_20_HYP_HALF,0.32674843,0.4240449,0.40380844,0.3983123,0.42935494,0.3822136
reproduce,P,word2vec_recipe_20_HYP_HALF,0.12583461,0.1058321,0.1456496,0.13185006,0.15536736,0.14491504
giggle,P,word2vec_recipe_20_HYP_HALF,0.22470012,0.19989374,0.26145238,0.22605622,0.27736244,0.24228474
nylon,P,word2vec_recipe_20_HYP_HALF,0.3751869,0.32907858,0.4388951,0.43078506,0.46858022,0.4674128
inject,P,word2vec_recipe_20_HYP_HALF,0.33331147,0.40007794,0.44213066,0.47512892,0.47185585,0.4803684
window,P,word2vec_recipe_20_HYP_HALF,0.2771586,0.28430724,0.32552993,0.29759064,0.34686467,0.31256762
prison,P,word2vec_recipe_20_HYP_HALF,0.16004439,0.16561915,0.1887775,0.18551873,0.20045218,0.19885196
throat,P,word2vec_recipe_20_HYP_HALF,0.20383501,0.1956132,0.26175138,0.27065313,0.2841774,0.28917402
hint,P,word2vec_recipe_20_HYP_HALF,0.31294566,0.24608462,0.34309548,0.23534817,0.35553023,0.23997818
topless,P,word2vec_recipe_20_HYP_HALF,0.17302962,0.175051,0.1989887,0.20156486,0.21013595,0.21744229
pantry,P,word2vec_recipe_20_HYP_HALF,0.30028206,0.3257222,0.34891412,0.32373932,0.36524522,0.30711153
blur,P,word2vec_recipe_20_HYP_HALF,0.2057616,0.16474865,0.23946387,0.18300092,0.25385496,0.20651512
golden,P,word2vec_recipe_20_HYP_HALF,0.33853564,0.40123355,0.44133663,0.4362995,0.47437286,0.43712935
battle,P,word2vec_recipe_20_HYP_HALF,0.19284627,0.15858556,0.21802805,0.17248681,0.22846687,0.18086897
groovy,M,word2vec_recipe_20_HYP_HALF,0.17780066,0.20185886,0.20609993,0.23181714,0.2190081,0.2424326
testament,P,word2vec_recipe_20_HYP_HALF,0.12556462,0.13403341,0.15152514,0.16264579,0.16361278,0.17497218
salvation,P,word2vec_recipe_20_HYP_HALF,0.12618873,0.1287758,0.14754257,0.1560034,0.15750688,0.17206584
ensemble,P,word2vec_recipe_20_HYP_HALF,0.26515895,0.263411,0.30170226,0.3138606,0.31541556,0.32832885
meticulous,M,word2vec_recipe_20_HYP_HALF,0.10898988,0.12774462,0.1339578,0.14698301,0.14554423,0.16272521
orchestra,P,word2vec_recipe_20_HYP_HALF,0.08770493,0.10819473,0.10737767,0.13827005,0.11716311,0.15661962
spear,H,word2vec_recipe_20_HYP_HALF,0.34822637,0.42420787,0.42555663,0.45063984,0.45346192,0.45876813
twilight,P,word2vec_recipe_20_HYP_HALF,0.19915292,0.21024738,0.23107658,0.25092304,0.24459967,0.26080406
rare,H,word2vec_recipe_20_HYP_HALF,0.2573737,0.24780183,0.39691725,0.33574858,0.44140062,0.39898297
aversion,P,word2vec_recipe_20_HYP_HALF,0.18232718,0.13768552,0.20783609,0.162048,0.21854566,0.17381574
spinach,M,word2vec_recipe_20_HYP_HALF,0.29140323,0.39586774,0.36652625,0.42103818,0.39396462,0.4222815
scientific,P,word2vec_recipe_20_HYP_HALF,0.09721351,0.11802364,0.119645335,0.14152606,0.1296565,0.15560782
gunpowder,M,word2vec_recipe_20_HYP_HALF,0.17834915,0.23488922,0.22453786,0.2961949,0.24531941,0.32230738
greet,P,word2vec_recipe_20_HYP_HALF,0.20562875,0.18369722,0.23729368,0.19576882,0.24929477,0.20096613
improve,P,word2vec_recipe_20_HYP_HALF,0.2743293,0.30483222,0.33065036,0.30198866,0.35104164,0.29785407
imperial,H,word2vec_recipe_20_HYP_HALF,0.28301957,0.2460236,0.33104938,0.246646,0.3494094,0.25126037
inform,P,word2vec_recipe_20_HYP_HALF,0.09412342,0.098884486,0.11218092,0.12526165,0.1203548,0.13695803
daily,P,word2vec_recipe_20_HYP_HALF,0.38071623,0.3412941,0.42956504,0.35673836,0.45125252,0.38564315
trio,P,word2vec_recipe_20_HYP_HALF,0.3194613,0.32369292,0.35549772,0.32165155,0.3697203,0.33767807
rid,M,word2vec_recipe_20_HYP_HALF,0.38360834,0.36435893,0.44582444,0.4312121,0.4695214,0.43436676
master,P,word2vec_recipe_20_HYP_HALF,0.36563253,0.326699,0.418863,0.34533495,0.43513137,0.35422596
sultan,P,word2vec_recipe_20_HYP_HALF,0.15778942,0.17628963,0.18272127,0.21188447,0.19355547,0.22053511
crude,P,word2vec_recipe_20_HYP_HALF,0.18966883,0.15211011,0.2154786,0.1649386,0.22625725,0.17868596
vintage,P,word2vec_recipe_20_HYP_HALF,0.2328678,0.16862556,0.26060688,0.19394524,0.2733016,0.21503249
slap,P,word2vec_recipe_20_HYP_HALF,0.3562573,0.37355393,0.43421826,0.43017983,0.45853218,0.4481626
contain,P,word2vec_recipe_20_HYP_HALF,0.35524017,0.30140167,0.40250763,0.30447745,0.41914514,0.30430833
facility,P,word2vec_recipe_20_HYP_HALF,0.14839597,0.13085486,0.17555095,0.14909036,0.18665105,0.16141894
soccer,M,word2vec_recipe_20_HYP_HALF,0.18466422,0.18563275,0.22909962,0.25792244,0.24907371,0.27475348
reckless,P,word2vec_recipe_20_HYP_HALF,0.11602552,0.12420609,0.1356571,0.14065334,0.14446612,0.14665464
selection,P,word2vec_recipe_20_HYP_HALF,0.3511992,0.3697692,0.411112,0.4190205,0.43389738,0.4172588
title,P,word2vec_recipe_20_HYP_HALF,0.22901043,0.14283746,0.27195287,0.17701657,0.2985334,0.1883744
knife,P,word2vec_recipe_20_HYP_HALF,0.28281277,0.28350854,0.39385098,0.38047794,0.4337514,0.42162734
organize,P,word2vec_recipe_20_HYP_HALF,0.34531313,0.3383216,0.39013213,0.31405947,0.40603662,0.32084215
swab,P,word2vec_recipe_20_HYP_HALF,0.2832269,0.30049884,0.33978248,0.33784005,0.3630085,0.36576167
persuade,P,word2vec_recipe_20_HYP_HALF,0.100873634,0.11602102,0.120021954,0.13600574,0.12898229,0.1472293
tolerance,P,word2vec_recipe_20_HYP_HALF,0.27742502,0.29377854,0.36434978,0.36863676,0.39336053,0.37820902
burglar,M,word2vec_recipe_20_HYP_HALF,0.22113807,0.26139188,0.2563588,0.30537677,0.27046406,0.31849197
atmosphere,P,word2vec_recipe_20_HYP_HALF,0.21788783,0.19889906,0.26045272,0.1941866,0.27535138,0.20030752
hectic,P,word2vec_recipe_20_HYP_HALF,0.08331859,0.097119056,0.103715554,0.12252255,0.11311672,0.13613127
youth,P,word2vec_recipe_20_HYP_HALF,0.17628118,0.16195163,0.20354399,0.19164744,0.21589096,0.20382546
rub,P,word2vec_recipe_20_HYP_HALF,0.3568458,0.41974118,0.42712507,0.42091826,0.4519332,0.41358876
faint,P,word2vec_recipe_20_HYP_HALF,0.3222383,0.3256053,0.36958283,0.36213362,0.39075714,0.37573233
dancer,M,word2vec_recipe_20_HYP_HALF,0.16688159,0.16843866,0.19066074,0.20145285,0.19987649,0.20458725
reckon,P,word2vec_recipe_20_HYP_HALF,0.10319115,0.099664256,0.12437123,0.1268074,0.13584547,0.13925579
trap,H,word2vec_recipe_20_HYP_HALF,0.34021822,0.35847816,0.39686748,0.40091163,0.4179088,0.40009722
circle,P,word2vec_recipe_20_HYP_HALF,0.2622433,0.22049823,0.3096899,0.236824,0.32771918,0.24843255
flatten,P,word2vec_recipe_20_HYP_HALF,0.31363797,0.30744714,0.3963119,0.41548756,0.423996,0.4108739
intention,P,word2vec_recipe_20_HYP_HALF,0.1348581,0.118287966,0.16016632,0.1428389,0.17113276,0.15216291
boot,P,word2vec_recipe_20_HYP_HALF,0.2074323,0.20682684,0.24247365,0.23096655,0.2616063,0.25775388
canal,P,word2vec_recipe_20_HYP_HALF,0.29099548,0.27231488,0.33251,0.32131466,0.35035133,0.33937445
spot,P,word2vec_recipe_20_HYP_HALF,0.28601667,0.2912404,0.41886005,0.42961255,0.46465167,0.46391666
proud,P,word2vec_recipe_20_HYP_HALF,0.18025236,0.14706951,0.20314212,0.1552371,0.21312809,0.16616255
faulty,M,word2vec_recipe_20_HYP_HALF,0.18504362,0.2387597,0.22051585,0.28247765,0.23705286,0.29307193
artificial,P,word2vec_recipe_20_HYP_HALF,0.37058425,0.42422947,0.4334675,0.44157228,0.45958588,0.45567113
quart,P,word2vec_recipe_20_HYP_HALF,0.25149852,0.32117385,0.38738242,0.48359424,0.4339508,0.52528423
corner,P,word2vec_recipe_20_HYP_HALF,0.33409312,0.33746025,0.39131966,0.3555084,0.41294137,0.3589785
harmless,M,word2vec_recipe_20_HYP_HALF,0.16635025,0.18008097,0.19478306,0.20470662,0.20874977,0.21262728
yawn,P,word2vec_recipe_20_HYP_HALF,0.16365266,0.1643394,0.18849374,0.18712246,0.19856168,0.1898513
tape,P,word2vec_recipe_20_HYP_HALF,0.26330033,0.28283742,0.33050045,0.33636743,0.3557886,0.35339078
bland,P,word2vec_recipe_20_HYP_HALF,0.26508433,0.22550793,0.3026359,0.25628316,0.318627,0.2687139
objective,P,word2vec_recipe_20_HYP_HALF,0.20945778,0.18111002,0.23755203,0.18893762,0.24789436,0.19621933
tin,P,word2vec_recipe_20_HYP_HALF,0.2866032,0.26950157,0.34679294,0.3323905,0.37962958,0.36117807
handy,P,word2vec_recipe_20_HYP_HALF,0.32594576,0.33063018,0.3809428,0.31531826,0.3965448,0.30719894
gardener,P,word2vec_recipe_20_HYP_HALF,0.13730101,0.15250678,0.15878227,0.18390508,0.16785164,0.19603057
enemy,P,word2vec_recipe_20_HYP_HALF,0.22834286,0.17125118,0.26076022,0.19372326,0.27245715,0.20258342
finger,P,word2vec_recipe_20_HYP_HALF,0.32181734,0.36440238,0.41220802,0.44458702,0.44324973,0.4335045
rape,H,word2vec_recipe_20_HYP_HALF,0.26127094,0.29455388,0.3209902,0.31600162,0.3490072,0.34492427
hustle,P,word2vec_recipe_20_HYP_HALF,0.22068281,0.23914486,0.25126165,0.27664322,0.26512164,0.29564014
caress,P,word2vec_recipe_20_HYP_HALF,0.16868405,0.20792015,0.2040172,0.25610432,0.21877709,0.2698103
bomber,P,word2vec_recipe_20_HYP_HALF,0.1469516,0.15155892,0.16886836,0.17148757,0.17798108,0.17921765
capsule,P,word2vec_recipe_20_HYP_HALF,0.3149872,0.34510422,0.3656332,0.398768,0.38526464,0.41046196
balance,P,word2vec_recipe_20_HYP_HALF,0.34018615,0.30093646,0.39897034,0.334717,0.42385322,0.35140187
conquer,P,word2vec_recipe_20_HYP_HALF,0.116881534,0.10808837,0.13575763,0.1295377,0.14415096,0.13753365
commission,P,word2vec_recipe_20_HYP_HALF,0.16224913,0.15817739,0.19670479,0.16339812,0.21097617,0.17794245
rib,H,word2vec_recipe_20_HYP_HALF,0.27801186,0.32100573,0.35262048,0.39434525,0.38196355,0.40947512
fertilizer,P,word2vec_recipe_20_HYP_HALF,0.14533477,0.1819028,0.17095262,0.19829002,0.18140465,0.19965649
crime,P,word2vec_recipe_20_HYP_HALF,0.20469818,0.184944,0.2308423,0.19148064,0.24096324,0.19942741
twinkle,P,word2vec_recipe_20_HYP_HALF,0.15952894,0.17099106,0.18531227,0.20004392,0.1969339,0.2103585
rat,P,word2vec_recipe_20_HYP_HALF,0.24217892,0.23554528,0.28119487,0.29113814,0.2990601,0.31271455
shade,P,word2vec_recipe_20_HYP_HALF,0.3161046,0.393724,0.42508397,0.46501464,0.46831718,0.49299556
risky,M,word2vec_recipe_20_HYP_HALF,0.10988991,0.098222114,0.13064481,0.12504406,0.13950406,0.13876703
cider,M,word2vec_recipe_20_HYP_HALF,0.30040044,0.3922451,0.38098013,0.4325777,0.4150899,0.44062114
cinnamon,P,word2vec_recipe_20_HYP_HALF,0.2553319,0.29409248,0.36289075,0.40149048,0.39933175,0.42898667
heartfelt,M,word2vec_recipe_20_HYP_HALF,0.24033336,0.2559778,0.2977511,0.23499927,0.31500912,0.2293809
jive,P,word2vec_recipe_20_HYP_HALF,0.1674191,0.18353924,0.19128807,0.21259077,0.20107834,0.22593847
painful,P,word2vec_recipe_20_HYP_HALF,0.16567522,0.16397747,0.19555794,0.18740985,0.2088988,0.19252193
drape,P,word2vec_recipe_20_HYP_HALF,0.33982933,0.3511283,0.39616862,0.30921176,0.4162773,0.31747955
chronic,P,word2vec_recipe_20_HYP_HALF,0.11302958,0.13429281,0.13655157,0.165721,0.14721967,0.17278036
illusion,P,word2vec_recipe_20_HYP_HALF,0.1550591,0.15538773,0.17982,0.18453214,0.1905452,0.19371474
stem,H,word2vec_recipe_20_HYP_HALF,0.26398483,0.31231618,0.34364307,0.37380546,0.3814554,0.40477172
nightmare,P,word2vec_recipe_20_HYP_HALF,0.16558294,0.13611779,0.19005825,0.15975313,0.20048298,0.16906697
yell,P,word2vec_recipe_20_HYP_HALF,0.14406875,0.14707674,0.16923508,0.15700322,0.18063721,0.16521505
tilt,P,word2vec_recipe_20_HYP_HALF,0.38297448,0.4616148,0.460688,0.44111383,0.48566186,0.4428609
lodge,P,word2vec_recipe_20_HYP_HALF,0.25766304,0.19928852,0.28468153,0.19686729,0.29576358,0.20867534
excite,P,word2vec_recipe_20_HYP_HALF,0.11960022,0.12133707,0.14495271,0.14507903,0.15617529,0.15750623
spruce,H,word2vec_recipe_20_HYP_HALF,0.314948,0.275894,0.35707724,0.30882284,0.37370378,0.3309379
butterfly,P,word2vec_recipe_20_HYP_HALF,0.36563507,0.4083227,0.42783415,0.42197618,0.44874114,0.41917345
puny,M,word2vec_recipe_20_HYP_HALF,0.13188879,0.13047513,0.1510013,0.14377585,0.16015507,0.1525825
pal,P,word2vec_recipe_20_HYP_HALF,0.23205921,0.18350342,0.26308864,0.2052509,0.27537525,0.2098897
cork,P,word2vec_recipe_20_HYP_HALF,0.2739223,0.27376723,0.34982288,0.36714488,0.38307664,0.4186175
snuff,H,word2vec_recipe_20_HYP_HALF,0.16680953,0.18981582,0.19397178,0.20920461,0.20435376,0.21649449
ogre,P,word2vec_recipe_20_HYP_HALF,0.23154445,0.25031537,0.27946433,0.28053218,0.29560098,0.2859964
underneath,P,word2vec_recipe_20_HYP_HALF,0.33751553,0.33201352,0.38610563,0.33385366,0.40281186,0.3390943
appearance,P,word2vec_recipe_20_HYP_HALF,0.29798785,0.3576332,0.36225098,0.375472,0.38803425,0.38541538
cushion,P,word2vec_recipe_20_HYP_HALF,0.29048684,0.2663531,0.33134812,0.31128687,0.34726006,0.3248527
platform,P,word2vec_recipe_20_HYP_HALF,0.24649186,0.24643224,0.28857356,0.30083045,0.3078025,0.3110997
foggy,P,word2vec_recipe_20_HYP_HALF,0.143881,0.1383128,0.16704667,0.1815083,0.17681824,0.19284907
hen,M,word2vec_recipe_20_HYP_HALF,0.24693063,0.263493,0.3635455,0.4320411,0.41994354,0.45802853
skirt,P,word2vec_recipe_20_HYP_HALF,0.24116692,0.25334078,0.33476177,0.31208438,0.368653,0.3268996
allergic,P,word2vec_recipe_20_HYP_HALF,0.23458639,0.2328556,0.2756752,0.23165439,0.29199067,0.23077734
limp,H,word2vec_recipe_20_HYP_HALF,0.27505296,0.31974643,0.3602952,0.3459353,0.3945769,0.3674197
splash,P,word2vec_recipe_20_HYP_HALF,0.35019812,0.42987427,0.43434376,0.4741896,0.46008575,0.4703923
note,P,word2vec_recipe_20_HYP_HALF,0.25140852,0.32897788,0.31821984,0.32004926,0.34027046,0.31045783
sensible,P,word2vec_recipe_20_HYP_HALF,0.3053469,0.29080018,0.36258462,0.37917104,0.38782528,0.3917646
headless,P,word2vec_recipe_20_HYP_HALF,0.19261594,0.21671824,0.2428604,0.2893978,0.26268208,0.30194557
rescue,P,word2vec_recipe_20_HYP_HALF,0.20135704,0.1691408,0.23063926,0.16260447,0.2422435,0.17749056
paradise,P,word2vec_recipe_20_HYP_HALF,0.33657786,0.30081,0.37238342,0.32472304,0.38602546,0.31803292
verse,H,word2vec_recipe_20_HYP_HALF,0.12368603,0.12821272,0.1475662,0.14217666,0.15845105,0.1587841
melt,P,word2vec_recipe_20_HYP_HALF,0.37046888,0.3253633,0.43632066,0.35524243,0.461165,0.3802889
brand,P,word2vec_recipe_20_HYP_HALF,0.33950624,0.40711883,0.41459072,0.45106435,0.44074696,0.45438653
punishment,P,word2vec_recipe_20_HYP_HALF,0.15727693,0.1579284,0.17925037,0.17948554,0.18982735,0.18745641
owner,M,word2vec_recipe_20_HYP_HALF,0.1340267,0.13828623,0.16354947,0.1670902,0.17682579,0.17927372
migraine,M,word2vec_recipe_20_HYP_HALF,0.11865044,0.12100321,0.13717343,0.146722,0.14619008,0.1564964
unmarked,M,word2vec_recipe_20_HYP_HALF,0.17699449,0.19510768,0.20529193,0.23002991,0.21986179,0.24996462
strain,H,word2vec_recipe_20_HYP_HALF,0.2916145,0.30997393,0.39057654,0.4454563,0.4278856,0.46646369
magnetic,P,word2vec_recipe_20_HYP_HALF,0.20808248,0.30827022,0.27448872,0.37797368,0.30265418,0.40306038
candy,P,word2vec_recipe_20_HYP_HALF,0.3014892,0.380972,0.36782786,0.47779667,0.39709184,0.49103096
castle,P,word2vec_recipe_20_HYP_HALF,0.27526188,0.23966068,0.3155076,0.27495894,0.3330363,0.29595685
sin,H,word2vec_recipe_20_HYP_HALF,0.30044964,0.25155297,0.33182535,0.26793522,0.34347066,0.26354235
oral,P,word2vec_recipe_20_HYP_HALF,0.09664563,0.12397799,0.11813233,0.15010095,0.12930994,0.16218032
poultry,M,word2vec_recipe_20_HYP_HALF,0.32707742,0.2792189,0.39462292,0.4012344,0.42271796,0.4260292
transition,M,word2vec_recipe_20_HYP_HALF,0.18352589,0.15649618,0.21028547,0.16866721,0.22207996,0.18244275
quartet,P,word2vec_recipe_20_HYP_HALF,0.16430406,0.14823753,0.18931526,0.1778422,0.19914387,0.19180922
washed,P,word2vec_recipe_20_HYP_HALF,0.35190958,0.4494478,0.43004295,0.47510177,0.45611122,0.4721337
maneuver,P,word2vec_recipe_20_HYP_HALF,0.19086426,0.17955466,0.22147042,0.20784245,0.23447746,0.21122408
pastry,P,word2vec_recipe_20_HYP_HALF,0.33168355,0.40252304,0.40500796,0.437511,0.42961448,0.44279912
snot,P,word2vec_recipe_20_HYP_HALF,0.1482493,0.1383654,0.1727076,0.16579856,0.18359157,0.178125
recent,P,word2vec_recipe_20_HYP_HALF,0.15570314,0.16051823,0.1835043,0.17674077,0.19610682,0.19180973
magnet,P,word2vec_recipe_20_HYP_HALF,0.17646058,0.23812497,0.20974386,0.2759242,0.22586341,0.2891606
example,P,word2vec_recipe_20_HYP_HALF,0.29774335,0.37697053,0.34998876,0.37963548,0.36930695,0.3766647
femur,P,word2vec_recipe_20_HYP_HALF,0.16735211,0.19445121,0.21028367,0.25283444,0.229089,0.27960846
plump,H,word2vec_recipe_20_HYP_HALF,0.41892353,0.5108667,0.5068076,0.55542094,0.53261465,0.5411001
demon,P,word2vec_recipe_20_HYP_HALF,0.13917445,0.15286373,0.16191788,0.17073871,0.169878,0.17865475
zipper,P,word2vec_recipe_20_HYP_HALF,0.14006162,0.18445247,0.2931039,0.308728,0.38164794,0.3951703
stormy,P,word2vec_recipe_20_HYP_HALF,0.19947584,0.16387588,0.23681107,0.20564148,0.25630066,0.23688799
initiate,P,word2vec_recipe_20_HYP_HALF,0.16337657,0.18068291,0.18964146,0.20933464,0.20033596,0.2201374
intent,H,word2vec_recipe_20_HYP_HALF,0.1271452,0.11042284,0.1475291,0.13830557,0.15826441,0.15244138
kingdom,P,word2vec_recipe_20_HYP_HALF,0.11441181,0.123700574,0.13365965,0.14939372,0.14368819,0.16262738
tidal,P,word2vec_recipe_20_HYP_HALF,0.17526264,0.2098836,0.2024881,0.2390738,0.21355982,0.2489843
ceremony,P,word2vec_recipe_20_HYP_HALF,0.12148838,0.11997633,0.1398857,0.13697042,0.14865156,0.15010615
leader,P,word2vec_recipe_20_HYP_HALF,0.09507831,0.09376799,0.11397855,0.13042136,0.12427834,0.14211069
eliminate,P,word2vec_recipe_20_HYP_HALF,0.36368603,0.40156177,0.4305018,0.41641602,0.45678946,0.4126249
kindly,P,word2vec_recipe_20_HYP_HALF,0.2503665,0.25562847,0.31016073,0.25881824,0.330709,0.24854538
roulette,P,word2vec_recipe_20_HYP_HALF,0.15242928,0.19364066,0.17394094,0.21673113,0.18412724,0.2306192
brief,P,word2vec_recipe_20_HYP_HALF,0.38397765,0.42491615,0.44644237,0.4215276,0.4665763,0.42466533
unpack,P,word2vec_recipe_20_HYP_HALF,0.30399147,0.2694017,0.34402412,0.31650165,0.359358,0.33723095
mansion,P,word2vec_recipe_20_HYP_HALF,0.1683788,0.16213381,0.19440074,0.18017617,0.20496225,0.18797673
bun,P,word2vec_recipe_20_HYP_HALF,0.30211535,0.36519516,0.3963518,0.42009413,0.43283218,0.43046552
possession,P,word2vec_recipe_20_HYP_HALF,0.108467795,0.11041546,0.12584396,0.1313011,0.1348187,0.13892742
teenager,M,word2vec_recipe_20_HYP_HALF,0.07500746,0.09274877,0.092398375,0.11959225,0.10139778,0.13450095
broad,P,word2vec_recipe_20_HYP_HALF,0.41407746,0.3985675,0.4713153,0.4422313,0.48972085,0.44091758
thick,P,word2vec_recipe_20_HYP_HALF,0.36422926,0.4270644,0.44603497,0.45785207,0.47622353,0.4843952
brute,P,word2vec_recipe_20_HYP_HALF,0.17316213,0.1282312,0.19666454,0.15171409,0.20711508,0.1632945
ploy,M,word2vec_recipe_20_HYP_HALF,0.21137023,0.25853562,0.26109615,0.28419363,0.27728835,0.30495197
mackerel,P,word2vec_recipe_20_HYP_HALF,0.22037451,0.26822373,0.3021118,0.3664023,0.34083882,0.39999163
lizard,P,word2vec_recipe_20_HYP_HALF,0.1845595,0.18045305,0.21007256,0.20943326,0.22055866,0.21257494
pap,P,word2vec_recipe_20_HYP_HALF,0.25938097,0.22666985,0.30239907,0.27069235,0.3193502,0.28700158
clone,P,word2vec_recipe_20_HYP_HALF,0.25444528,0.25723246,0.29472116,0.24909268,0.30890113,0.25463015
section,P,word2vec_recipe_20_HYP_HALF,0.3520618,0.45168313,0.41198188,0.4512485,0.43288612,0.44394428
muck,P,word2vec_recipe_20_HYP_HALF,0.15525654,0.15388681,0.17975496,0.17065123,0.1898653,0.17870246
wooden,P,word2vec_recipe_20_HYP_HALF,0.39123723,0.43203473,0.50105107,0.5198159,0.5432577,0.55423117
heartbeat,M,word2vec_recipe_20_HYP_HALF,0.11128783,0.11560768,0.13040204,0.13353732,0.13949972,0.14548036
sturdy,P,word2vec_recipe_20_HYP_HALF,0.37509054,0.3885504,0.43185928,0.4566645,0.45294303,0.46150294
output,P,word2vec_recipe_20_HYP_HALF,0.2239336,0.25719357,0.27326092,0.2784646,0.29129314,0.2839101
dive,P,word2vec_recipe_20_HYP_HALF,0.37893707,0.33272603,0.43093222,0.35532075,0.44938278,0.35072693
smile,P,word2vec_recipe_20_HYP_HALF,0.30792615,0.3003589,0.3566528,0.3558253,0.3776986,0.36016184
shelf,P,word2vec_recipe_20_HYP_HALF,0.36933607,0.37750766,0.44109786,0.40186173,0.4662699,0.42340425
product,P,word2vec_recipe_20_HYP_HALF,0.42067662,0.37651676,0.4652948,0.3385112,0.48015746,0.33528066
frighten,P,word2vec_recipe_20_HYP_HALF,0.08549574,0.09289332,0.101408675,0.12376484,0.10924156,0.13732758
worm,P,word2vec_recipe_20_HYP_HALF,0.25999364,0.2752701,0.32238835,0.31738725,0.34773353,0.33483946
eldest,M,word2vec_recipe_20_HYP_HALF,0.07408246,0.09147777,0.0945023,0.1222963,0.10686142,0.13859157
ointment,M,word2vec_recipe_20_HYP_HALF,0.18439548,0.17353398,0.20891093,0.2134959,0.21915442,0.224572
chunk,P,word2vec_recipe_20_HYP_HALF,0.4053039,0.48250672,0.4683496,0.4641606,0.49032357,0.4404834
glance,P,word2vec_recipe_20_HYP_HALF,0.13280582,0.12612255,0.15414049,0.14258003,0.16337304,0.14861415
collar,P,word2vec_recipe_20_HYP_HALF,0.35649487,0.39140254,0.409029,0.3764737,0.4290002,0.39134637
toothpick,M,word2vec_recipe_20_HYP_HALF,0.33727497,0.35307112,0.43129364,0.3932441,0.47125486,0.425772
martini,M,word2vec_recipe_20_HYP_HALF,0.2051017,0.25641116,0.28461257,0.29272914,0.32345176,0.31130284
physical,P,word2vec_recipe_20_HYP_HALF,0.09745083,0.11174096,0.123142764,0.15013835,0.13582885,0.1636497
windshield,P,word2vec_recipe_20_HYP_HALF,0.17921384,0.180602,0.22518383,0.22951646,0.25044903,0.26449585
filthy,P,word2vec_recipe_20_HYP_HALF,0.15604421,0.182174,0.1853926,0.21734099,0.20080295,0.243671
rubble,P,word2vec_recipe_20_HYP_HALF,0.3192162,0.36707726,0.3748751,0.4238868,0.3955529,0.4275697
neon,P,word2vec_recipe_20_HYP_HALF,0.25452286,0.29972726,0.3388458,0.36810333,0.37662047,0.3780448
publish,P,word2vec_recipe_20_HYP_HALF,0.08738204,0.09469883,0.108292475,0.12011123,0.11748567,0.13511246
angry,P,word2vec_recipe_20_HYP_HALF,0.25969008,0.28702903,0.29287928,0.29732594,0.30584258,0.3031143
jerky,H,word2vec_recipe_20_HYP_HALF,0.36518985,0.34532097,0.42800868,0.39503008,0.45189452,0.40192845
cobbler,P,word2vec_recipe_20_HYP_HALF,0.30123544,0.30848786,0.3781725,0.32793117,0.40831986,0.32531685
depth,P,word2vec_recipe_20_HYP_HALF,0.45462313,0.56061023,0.5335943,0.60556513,0.5589365,0.5736578
screen,P,word2vec_recipe_20_HYP_HALF,0.39560682,0.424369,0.45278063,0.444367,0.47342718,0.46071538
arrange,P,word2vec_recipe_20_HYP_HALF,0.32539555,0.4049025,0.42652497,0.4525956,0.45543304,0.4514763
penny,P,word2vec_recipe_20_HYP_HALF,0.40876946,0.3794783,0.48072472,0.37045848,0.50015205,0.3701238
acquire,P,word2vec_recipe_20_HYP_HALF,0.2962856,0.2768399,0.3372067,0.3275595,0.35548812,0.334156
herring,P,word2vec_recipe_20_HYP_HALF,0.33875102,0.37836125,0.41187042,0.4524995,0.43960083,0.44342738
cactus,M,word2vec_recipe_20_HYP_HALF,0.37310678,0.39143494,0.43601668,0.36877528,0.45733878,0.38063335
ratio,P,word2vec_recipe_20_HYP_HALF,0.32231456,0.3472579,0.38309032,0.38383618,0.4011938,0.37851283
borderline,P,word2vec_recipe_20_HYP_HALF,0.1650081,0.13791901,0.19056784,0.1548887,0.2011359,0.16328327
bend,P,word2vec_recipe_20_HYP_HALF,0.3129079,0.32356694,0.38553527,0.38757092,0.41078007,0.39303178
cancel,P,word2vec_recipe_20_HYP_HALF,0.36276814,0.35298294,0.4618345,0.46391007,0.5050824,0.50243807
squirt,P,word2vec_recipe_20_HYP_HALF,0.38479877,0.46246055,0.43621284,0.44460425,0.45582837,0.43775654
mayonnaise,M,word2vec_recipe_20_HYP_HALF,0.26264584,0.33145294,0.36165744,0.40734017,0.39911678,0.42611182
chat,P,word2vec_recipe_20_HYP_HALF,0.26134127,0.23910496,0.32071465,0.31897554,0.34727418,0.36015978
renew,P,word2vec_recipe_20_HYP_HALF,0.20755191,0.2265016,0.24561244,0.26025084,0.26073062,0.270112
promote,P,word2vec_recipe_20_HYP_HALF,0.35325098,0.42410553,0.4403514,0.46233252,0.47082195,0.47120035
liberty,P,word2vec_recipe_20_HYP_HALF,0.14573385,0.16340801,0.16639353,0.17876598,0.17530684,0.18937126
vibrant,P,word2vec_recipe_20_HYP_HALF,0.25279158,0.3067923,0.3450417,0.3679768,0.37909356,0.38139492
term,P,word2vec_recipe_20_HYP_HALF,0.3141225,0.2528777,0.35331452,0.23900534,0.36744335,0.24816196
tar,H,word2vec_recipe_20_HYP_HALF,0.36907682,0.3175329,0.4094293,0.34780693,0.42606598,0.34883603
cup,P,word2vec_recipe_20_HYP_HALF,0.3376326,0.40300506,0.4076328,0.4179248,0.4392424,0.42772743
dynamic,P,word2vec_recipe_20_HYP_HALF,0.16158962,0.16271293,0.1868928,0.19292594,0.19758496,0.20174211
spa,P,word2vec_recipe_20_HYP_HALF,0.19200794,0.22583205,0.22702014,0.25463432,0.24223506,0.2619033
drugstore,M,word2vec_recipe_20_HYP_HALF,0.29854557,0.29685077,0.3493037,0.35709786,0.37020287,0.36963576
transit,P,word2vec_recipe_20_HYP_HALF,0.1289464,0.12824331,0.14827494,0.14984472,0.1584203,0.16161734
shuffle,P,word2vec_recipe_20_HYP_HALF,0.2961355,0.2812353,0.3377538,0.312579,0.3547683,0.31535628
rust,P,word2vec_recipe_20_HYP_HALF,0.3534297,0.33705693,0.41657123,0.39326745,0.43945625,0.40765345
bone,P,word2vec_recipe_20_HYP_HALF,0.27654833,0.34027824,0.35784513,0.4037914,0.3936086,0.4407028
indication,P,word2vec_recipe_20_HYP_HALF,0.23471479,0.22965185,0.28021476,0.2549703,0.2955208,0.24902557
huddle,P,word2vec_recipe_20_HYP_HALF,0.121573664,0.14298873,0.14302683,0.16042303,0.1534548,0.17043184
coffin,M,word2vec_recipe_20_HYP_HALF,0.23726754,0.20643862,0.28765824,0.26426494,0.311613,0.2892028
annual,P,word2vec_recipe_20_HYP_HALF,0.12955093,0.12836938,0.15086503,0.15108316,0.16289943,0.1696947
poop,H,word2vec_recipe_20_HYP_HALF,0.19604859,0.21754266,0.24151269,0.25956002,0.26222026,0.28813896
carbon,P,word2vec_recipe_20_HYP_HALF,0.35645425,0.38227803,0.41029292,0.3810083,0.42801738,0.38333902
tiresome,P,word2vec_recipe_20_HYP_HALF,0.07190696,0.08977532,0.09034653,0.11948808,0.10110803,0.13623594
octopus,P,word2vec_recipe_20_HYP_HALF,0.29918224,0.3811499,0.38004303,0.44849467,0.40811402,0.46972772
spout,P,word2vec_recipe_20_HYP_HALF,0.33636075,0.38673964,0.4106798,0.4327624,0.44188568,0.45331538
dibs,P,word2vec_recipe_20_HYP_HALF,0.18926677,0.17356306,0.21762948,0.1947597,0.22793987,0.20115189
illegal,P,word2vec_recipe_20_HYP_HALF,0.095423765,0.12033889,0.11300292,0.13631536,0.121349335,0.14942582
map,P,word2vec_recipe_20_HYP_HALF,0.14766255,0.12885763,0.21712554,0.22415613,0.24171573,0.24111997
roommate,M,word2vec_recipe_20_HYP_HALF,0.094027795,0.09488501,0.11425866,0.12626219,0.124194756,0.14152843
nearby,P,word2vec_recipe_20_HYP_HALF,0.37984195,0.3646522,0.4334837,0.37437016,0.4511314,0.38559946
universal,P,word2vec_recipe_20_HYP_HALF,0.24851719,0.19099087,0.2814283,0.21405512,0.29387626,0.22780794
precision,P,word2vec_recipe_20_HYP_HALF,0.33591127,0.30496022,0.379619,0.33122483,0.39741623,0.33393443
everyday,P,word2vec_recipe_20_HYP_HALF,0.30990186,0.30620357,0.344065,0.31145287,0.35753304,0.30243027
bake,P,word2vec_recipe_20_HYP_HALF,0.39156556,0.26891991,0.47237837,0.3933676,0.49806082,0.4007917
disappoint,P,word2vec_recipe_20_HYP_HALF,0.0899174,0.096536085,0.109728076,0.12831968,0.11986255,0.1396004
ingenious,P,word2vec_recipe_20_HYP_HALF,0.1211262,0.12199528,0.14451016,0.1454539,0.1546408,0.15549639
pride,P,word2vec_recipe_20_HYP_HALF,0.23577447,0.203228,0.27272338,0.22219795,0.28625384,0.23175183
bat,H,word2vec_recipe_20_HYP_HALF,0.28204367,0.234441,0.3283304,0.26530176,0.35095432,0.29776683
passive,P,word2vec_recipe_20_HYP_HALF,0.20756483,0.21051472,0.26473722,0.23344563,0.28503668,0.2370605
version,P,word2vec_recipe_20_HYP_HALF,0.26124948,0.29759485,0.30393898,0.28513637,0.31918618,0.28508633
thirsty,P,word2vec_recipe_20_HYP_HALF,0.2074416,0.17319904,0.23401853,0.18983164,0.24389774,0.18924837
equipment,P,word2vec_recipe_20_HYP_HALF,0.43476504,0.4389638,0.4894347,0.46184584,0.5070177,0.4504344
organic,P,word2vec_recipe_20_HYP_HALF,0.3122936,0.36878964,0.36338893,0.39350033,0.3834027,0.38901994
launch,H,word2vec_recipe_20_HYP_HALF,0.21122082,0.24530663,0.247536,0.27548265,0.26296774,0.29071406
latex,P,word2vec_recipe_20_HYP_HALF,0.24194384,0.29404896,0.3485067,0.35565415,0.37637958,0.34757456
clue,P,word2vec_recipe_20_HYP_HALF,0.12882479,0.104718,0.14992304,0.13701774,0.16085003,0.15300146
modest,P,word2vec_recipe_20_HYP_HALF,0.27747518,0.28921664,0.32504714,0.29039395,0.34340546,0.28963536
beige,M,word2vec_recipe_20_HYP_HALF,0.24223725,0.29870018,0.32303867,0.3862606,0.3649402,0.42818516
tap,H,word2vec_recipe_20_HYP_HALF,0.36687762,0.45748764,0.4551186,0.50835806,0.48270836,0.50429773
bounty,P,word2vec_recipe_20_HYP_HALF,0.31950396,0.27380863,0.34917057,0.27029592,0.36066875,0.26770476
nerve,P,word2vec_recipe_20_HYP_HALF,0.13571618,0.18812461,0.17513949,0.24905574,0.19389042,0.275518
brew,P,word2vec_recipe_20_HYP_HALF,0.27464312,0.36162946,0.3555993,0.39763975,0.39068735,0.4098887
balloon,P,word2vec_recipe_20_HYP_HALF,0.36225542,0.44783112,0.42882484,0.46398598,0.45199576,0.46197358
hillbilly,P,word2vec_recipe_20_HYP_HALF,0.1528815,0.15003958,0.18219715,0.1637977,0.19482689,0.17548664
neighbor,P,word2vec_recipe_20_HYP_HALF,0.14518182,0.12441967,0.17133796,0.15861475,0.18429236,0.1768227
pepperoni,M,word2vec_recipe_20_HYP_HALF,0.25795192,0.26180333,0.35171783,0.3969486,0.38643464,0.42845997
volcano,P,word2vec_recipe_20_HYP_HALF,0.34392104,0.3785264,0.39254308,0.35651398,0.41027147,0.37481385
worthwhile,M,word2vec_recipe_20_HYP_HALF,0.108012296,0.1081847,0.13003354,0.13427669,0.13933736,0.14638136
photograph,P,word2vec_recipe_20_HYP_HALF,0.21142307,0.1309574,0.34987834,0.2851686,0.41331846,0.29973373
safari,P,word2vec_recipe_20_HYP_HALF,0.12642321,0.1331803,0.15010822,0.16248575,0.16080952,0.17781954
unwanted,M,word2vec_recipe_20_HYP_HALF,0.23246908,0.25476444,0.29652053,0.3391039,0.32560837,0.359196
flick,P,word2vec_recipe_20_HYP_HALF,0.33792904,0.3905713,0.40895826,0.42193076,0.43405804,0.42477798
sculpture,P,word2vec_recipe_20_HYP_HALF,0.18079273,0.20570998,0.21606079,0.2451398,0.23267046,0.26700127
burden,H,word2vec_recipe_20_HYP_HALF,0.08894147,0.114777185,0.10725658,0.1327713,0.11568516,0.14615469
dependent,P,word2vec_recipe_20_HYP_HALF,0.26457942,0.32679316,0.35525107,0.3596902,0.38824883,0.35711327
enjoyable,M,word2vec_recipe_20_HYP_HALF,0.19358036,0.1728288,0.22259939,0.18534537,0.23457372,0.18979232
bandit,P,word2vec_recipe_20_HYP_HALF,0.13408443,0.14050618,0.15584683,0.17527018,0.16555652,0.19105527
commotion,P,word2vec_recipe_20_HYP_HALF,0.18713515,0.21800928,0.21865949,0.24821238,0.23239563,0.260036
nausea,P,word2vec_recipe_20_HYP_HALF,0.11084302,0.124176644,0.1393324,0.16031569,0.15267996,0.1714883
rum,M,word2vec_recipe_20_HYP_HALF,0.19961412,0.23987108,0.27834833,0.28822902,0.31264156,0.32598764
internal,P,word2vec_recipe_20_HYP_HALF,0.2599103,0.21638294,0.317515,0.26395178,0.35817063,0.3127686
conclusion,P,word2vec_recipe_20_HYP_HALF,0.15404136,0.13322651,0.1782196,0.145026,0.18774047,0.15265548
shock,H,word2vec_recipe_20_HYP_HALF,0.29957837,0.38702857,0.4274626,0.46181953,0.47075126,0.48131245
horde,P,word2vec_recipe_20_HYP_HALF,0.20198996,0.17364521,0.22994629,0.21102741,0.24165319,0.21685356
menu,P,word2vec_recipe_20_HYP_HALF,0.26018035,0.2801029,0.3100529,0.3287957,0.32648957,0.31889808
citation,P,word2vec_recipe_20_HYP_HALF,0.18739489,0.181978,0.21110925,0.19927679,0.22187057,0.208801
factor,P,word2vec_recipe_20_HYP_HALF,0.23014653,0.20984901,0.26209214,0.20789465,0.27435836,0.22289099
technology,P,word2vec_recipe_20_HYP_HALF,0.14035483,0.1305024,0.15962116,0.14086673,0.16892125,0.14989863
arrival,P,word2vec_recipe_20_HYP_HALF,0.14607593,0.13991964,0.17088182,0.14338535,0.18145676,0.15525015
weakness,P,word2vec_recipe_20_HYP_HALF,0.08767315,0.10213189,0.10703155,0.12560992,0.11645367,0.14000289
distortion,P,word2vec_recipe_20_HYP_HALF,0.16652247,0.18989162,0.19313252,0.23233442,0.20464912,0.24795078
claim,P,word2vec_recipe_20_HYP_HALF,0.20456526,0.16700335,0.2332248,0.18984409,0.24561222,0.20491987
dusk,M,word2vec_recipe_20_HYP_HALF,0.20489547,0.1911668,0.23967786,0.23855698,0.2548821,0.26024476
miraculous,P,word2vec_recipe_20_HYP_HALF,0.15451741,0.13781221,0.17486094,0.15881133,0.18414451,0.1727579
fragrance,P,word2vec_recipe_20_HYP_HALF,0.2677373,0.32963344,0.36616614,0.38457236,0.3966624,0.4145205
wilderness,P,word2vec_recipe_20_HYP_HALF,0.19020428,0.19255915,0.22437465,0.2176576,0.2371679,0.22151043
bra,M,word2vec_recipe_20_HYP_HALF,0.16508047,0.19589138,0.18728513,0.22049311,0.19763948,0.23668018
swing,P,word2vec_recipe_20_HYP_HALF,0.2045968,0.21576549,0.24498957,0.27358916,0.2623927,0.29324165
rodeo,M,word2vec_recipe_20_HYP_HALF,0.10722365,0.12653203,0.12532757,0.15074033,0.13489516,0.1609685
turnip,P,word2vec_recipe_20_HYP_HALF,0.2475154,0.32876527,0.3379425,0.40523496,0.37191722,0.42063087
bash,P,word2vec_recipe_20_HYP_HALF,0.30764902,0.37122315,0.4137959,0.49522647,0.45486754,0.51397306
energetic,P,word2vec_recipe_20_HYP_HALF,0.2212311,0.15071388,0.24820723,0.17888011,0.2602471,0.18721788
resolve,P,word2vec_recipe_20_HYP_HALF,0.08730375,0.09591672,0.10411926,0.1250673,0.11267252,0.13859369
string,P,word2vec_recipe_20_HYP_HALF,0.28725752,0.34022722,0.3768142,0.39197257,0.4133867,0.41976884
attract,P,word2vec_recipe_20_HYP_HALF,0.13680759,0.14025801,0.1575873,0.15681589,0.16741566,0.16931665
hemisphere,P,word2vec_recipe_20_HYP_HALF,0.19191675,0.2108321,0.22260948,0.24202928,0.23637463,0.25428948
colossal,M,word2vec_recipe_20_HYP_HALF,0.27337778,0.23111527,0.30718446,0.25628504,0.32013145,0.25535265
luxury,P,word2vec_recipe_20_HYP_HALF,0.23650423,0.25375107,0.2729417,0.2718999,0.2873722,0.27411005
glove,P,word2vec_recipe_20_HYP_HALF,0.31680167,0.3254659,0.38767368,0.38434494,0.4129231,0.39123517
personal,P,word2vec_recipe_20_HYP_HALF,0.20934749,0.24621855,0.30428636,0.31977364,0.3393717,0.3354081
claw,P,word2vec_recipe_20_HYP_HALF,0.26918343,0.28733078,0.375064,0.38616678,0.41936797,0.42075822
nudge,P,word2vec_recipe_20_HYP_HALF,0.31571504,0.33853623,0.3746707,0.38981608,0.39566994,0.39278167
rally,H,word2vec_recipe_20_HYP_HALF,0.14034435,0.13046952,0.16484231,0.16004455,0.1752831,0.17167552
estate,P,word2vec_recipe_20_HYP_HALF,0.090542614,0.09623298,0.1128242,0.122699656,0.12929405,0.1490864
stomp,P,word2vec_recipe_20_HYP_HALF,0.24854526,0.22693042,0.2788617,0.25103703,0.2916976,0.26397347
cellular,P,word2vec_recipe_20_HYP_HALF,0.15957479,0.14844371,0.1812011,0.17836572,0.19139138,0.19102776
safety,P,word2vec_recipe_20_HYP_HALF,0.28689998,0.28754038,0.33479846,0.32863414,0.35432893,0.33340752
bias,P,word2vec_recipe_20_HYP_HALF,0.30468494,0.35574406,0.37850097,0.3339997,0.40781194,0.34267607
clip,H,word2vec_recipe_20_HYP_HALF,0.3860155,0.37390554,0.4474772,0.3798305,0.46972007,0.40378544
mayor,M,word2vec_recipe_20_HYP_HALF,0.09262414,0.11438119,0.11290756,0.1478975,0.12265316,0.15889113
foremost,M,word2vec_recipe_20_HYP_HALF,0.2095025,0.19897011,0.23399931,0.21280889,0.24595375,0.22145781
machine,P,word2vec_recipe_20_HYP_HALF,0.31994444,0.3951663,0.41657254,0.46141562,0.45801315,0.50711024
honesty,P,word2vec_recipe_20_HYP_HALF,0.13997534,0.1284239,0.162505,0.13938047,0.17321606,0.1481718
proportion,P,word2vec_recipe_20_HYP_HALF,0.30098337,0.3396335,0.36671457,0.3615015,0.38750648,0.3648341
genie,M,word2vec_recipe_20_HYP_HALF,0.1425147,0.17385277,0.16274235,0.19952065,0.17291306,0.21532275
sharp,P,word2vec_recipe_20_HYP_HALF,0.2715426,0.2730864,0.36832342,0.3765528,0.41246566,0.39238834
plaid,P,word2vec_recipe_20_HYP_HALF,0.13796662,0.17246105,0.16780296,0.2129842,0.18131329,0.23451011
smother,P,word2vec_recipe_20_HYP_HALF,0.38246697,0.38450253,0.4362733,0.37306625,0.45435554,0.3757988
airport,M,word2vec_recipe_20_HYP_HALF,0.12850647,0.14221916,0.1476838,0.15868586,0.15622503,0.16415378
liter,M,word2vec_recipe_20_HYP_HALF,0.28708702,0.36614704,0.36832115,0.4183706,0.40604377,0.44475952
rate,H,word2vec_recipe_20_HYP_HALF,0.395559,0.28021917,0.44063783,0.30509028,0.4564481,0.30703834
bonfire,M,word2vec_recipe_20_HYP_HALF,0.25147128,0.25056824,0.2817005,0.2649742,0.29520062,0.26723802
yoga,P,word2vec_recipe_20_HYP_HALF,0.19443014,0.14138179,0.22111547,0.18106844,0.23297493,0.1967606
tablet,P,word2vec_recipe_20_HYP_HALF,0.31882575,0.35973796,0.3874483,0.39884096,0.4139735,0.4313405
prone,P,word2vec_recipe_20_HYP_HALF,0.26453108,0.2573476,0.30910447,0.24852805,0.32460228,0.2637173
calendar,P,word2vec_recipe_20_HYP_HALF,0.20372069,0.18454005,0.22716638,0.18527915,0.23728263,0.18885207
background,P,word2vec_recipe_20_HYP_HALF,0.22405668,0.21530971,0.25736368,0.24041013,0.27099305,0.2550415
endless,P,word2vec_recipe_20_HYP_HALF,0.24620347,0.27938408,0.30949828,0.30392867,0.32993087,0.29930127
tag,H,word2vec_recipe_20_HYP_HALF,0.35647994,0.33158082,0.41798505,0.33878002,0.4392384,0.35463667
backbone,P,word2vec_recipe_20_HYP_HALF,0.22469895,0.22798648,0.30721563,0.35763335,0.3466534,0.3895776
division,P,word2vec_recipe_20_HYP_HALF,0.21376082,0.2488034,0.25706315,0.27991834,0.2768473,0.30485785
needle,P,word2vec_recipe_20_HYP_HALF,0.29286292,0.34075034,0.377679,0.42720196,0.41011602,0.4433134
hobo,P,word2vec_recipe_20_HYP_HALF,0.3838624,0.33339253,0.4343155,0.3114341,0.45118997,0.30887306
roach,H,word2vec_recipe_20_HYP_HALF,0.13862164,0.14781077,0.15754947,0.17103142,0.1664693,0.18071616
attach,P,word2vec_recipe_20_HYP_HALF,0.30635953,0.20469862,0.36670098,0.27956933,0.3939007,0.32363993
catfish,M,word2vec_recipe_20_HYP_HALF,0.24482164,0.2401852,0.35912636,0.39188656,0.40512598,0.4043933
slick,H,word2vec_recipe_20_HYP_HALF,0.37446478,0.44257072,0.43276215,0.4233705,0.45257553,0.41050053
mystic,P,word2vec_recipe_20_HYP_HALF,0.14260444,0.16283827,0.16351181,0.17313598,0.17308001,0.18264234
majority,P,word2vec_recipe_20_HYP_HALF,0.3610331,0.36098933,0.41462764,0.35347512,0.43380576,0.35905787
seat,P,word2vec_recipe_20_HYP_HALF,0.34118584,0.28861305,0.3882712,0.3291548,0.40863922,0.34952018
yarn,P,word2vec_recipe_20_HYP_HALF,0.21735,0.23722695,0.26705754,0.26628882,0.29218104,0.29233766
diamond,P,word2vec_recipe_20_HYP_HALF,0.29593065,0.30662572,0.37757152,0.34789303,0.41109538,0.35983214
lipstick,M,word2vec_recipe_20_HYP_HALF,0.18183401,0.21509251,0.20889646,0.22905917,0.22079384,0.24179983
bead,P,word2vec_recipe_20_HYP_HALF,0.44156694,0.41959858,0.5435841,0.5312425,0.57184756,0.5427662
enlighten,M,word2vec_recipe_20_HYP_HALF,0.13431111,0.16291475,0.1614241,0.19493642,0.17263289,0.21025296
medicine,P,word2vec_recipe_20_HYP_HALF,0.16861406,0.16525425,0.1996366,0.18795753,0.21288233,0.20121923
penalty,P,word2vec_recipe_20_HYP_HALF,0.15165874,0.14233634,0.17291051,0.17180781,0.18235523,0.17941225
oblivion,P,word2vec_recipe_20_HYP_HALF,0.29066807,0.2894059,0.32970834,0.31588537,0.3444023,0.33951283
district,P,word2vec_recipe_20_HYP_HALF,0.11036046,0.095382616,0.14593288,0.14260064,0.16244908,0.16920054
holler,P,word2vec_recipe_20_HYP_HALF,0.18150483,0.1647514,0.2077444,0.19951637,0.21919341,0.20946448
nap,H,word2vec_recipe_20_HYP_HALF,0.39657602,0.4049179,0.44890636,0.41155663,0.46608528,0.4193301
pattern,P,word2vec_recipe_20_HYP_HALF,0.24895485,0.31058875,0.32469136,0.35080406,0.35568565,0.358115
warehouse,P,word2vec_recipe_20_HYP_HALF,0.14818038,0.15756172,0.19029313,0.20990452,0.20994839,0.22127482
exotic,P,word2vec_recipe_20_HYP_HALF,0.2755128,0.2905147,0.32255659,0.32587847,0.34373406,0.34125155
edit,P,word2vec_recipe_20_HYP_HALF,0.13961849,0.11384329,0.16526183,0.13808945,0.17727123,0.14870675
dodo,P,word2vec_recipe_20_HYP_HALF,0.16964102,0.18831661,0.1969061,0.2212145,0.2070568,0.23054297
sap,H,word2vec_recipe_20_HYP_HALF,0.24897225,0.25160328,0.2841759,0.28374127,0.30093908,0.30472973
elegant,P,word2vec_recipe_20_HYP_HALF,0.2784055,0.30421203,0.35019353,0.38055953,0.384786,0.4131241
speed,P,word2vec_recipe_20_HYP_HALF,0.2999631,0.3637018,0.40623668,0.3676587,0.4479555,0.394164
molecular,M,word2vec_recipe_20_HYP_HALF,0.14151482,0.14214782,0.16165906,0.15915136,0.17087506,0.16528417
wax,H,word2vec_recipe_20_HYP_HALF,0.2989993,0.3086788,0.39683476,0.3707536,0.4301033,0.40127853
sapphire,P,word2vec_recipe_20_HYP_HALF,0.13306491,0.13512564,0.16737632,0.19248599,0.1867036,0.22065873
camel,M,word2vec_recipe_20_HYP_HALF,0.3014806,0.32806188,0.34780648,0.3800269,0.36909884,0.39441743
system,P,word2vec_recipe_20_HYP_HALF,0.22063914,0.187203,0.2594437,0.20699307,0.2770273,0.22335036
freshen,P,word2vec_recipe_20_HYP_HALF,0.3569603,0.34207606,0.4026974,0.35505268,0.41960633,0.35248956
silent,P,word2vec_recipe_20_HYP_HALF,0.21083999,0.18929937,0.23880313,0.18849401,0.25146386,0.20047028
weaken,P,word2vec_recipe_20_HYP_HALF,0.20354292,0.19250572,0.23681854,0.20942554,0.2505563,0.22231673
specialize,P,word2vec_recipe_20_HYP_HALF,0.12703612,0.13856465,0.14866267,0.17778768,0.15862538,0.18382855
approval,P,word2vec_recipe_20_HYP_HALF,0.13053322,0.11990834,0.15108795,0.14217436,0.16054946,0.15477987
blow,H,word2vec_recipe_20_HYP_HALF,0.3373323,0.39437753,0.39549777,0.37874094,0.41568893,0.36923292
ripple,P,word2vec_recipe_20_HYP_HALF,0.38328522,0.39127776,0.44445089,0.37944698,0.46387577,0.37348124
brig,P,word2vec_recipe_20_HYP_HALF,0.16683906,0.18854837,0.21455042,0.28576463,0.23467498,0.30430862
kangaroo,M,word2vec_recipe_20_HYP_HALF,0.29798472,0.32972884,0.34149915,0.31061015,0.35934076,0.317403
empire,P,word2vec_recipe_20_HYP_HALF,0.2099711,0.21792148,0.24818482,0.2329873,0.26191512,0.23018657
suede,M,word2vec_recipe_20_HYP_HALF,0.1831971,0.19872269,0.21785611,0.24295399,0.23468821,0.26438022
overseas,P,word2vec_recipe_20_HYP_HALF,0.15265627,0.14049804,0.18144554,0.17112574,0.19254257,0.17836954
tickle,P,word2vec_recipe_20_HYP_HALF,0.137971,0.14455387,0.16498558,0.17101876,0.17756563,0.1789565
hormone,P,word2vec_recipe_20_HYP_HALF,0.13563785,0.14624567,0.16853549,0.17543241,0.1819341,0.19557342
spook,P,word2vec_recipe_20_HYP_HALF,0.32416874,0.2559443,0.36175606,0.2581482,0.3752666,0.25112215
material,P,word2vec_recipe_20_HYP_HALF,0.30198303,0.28907445,0.3529606,0.3431635,0.37317306,0.35357744
celery,M,word2vec_recipe_20_HYP_HALF,0.26770398,0.26715013,0.33243898,0.2914742,0.36248592,0.3303358
trade,P,word2vec_recipe_20_HYP_HALF,0.18018137,0.16517365,0.2083107,0.18509018,0.21850578,0.1926569
chill,P,word2vec_recipe_20_HYP_HALF,0.27540067,0.36361495,0.41330662,0.43320596,0.45830047,0.43973315
myth,P,word2vec_recipe_20_HYP_HALF,0.09012382,0.0968117,0.107737154,0.12108794,0.1161221,0.13408649
award,P,word2vec_recipe_20_HYP_HALF,0.18047804,0.17675865,0.21803813,0.2039875,0.23243733,0.20769916
waterfall,M,word2vec_recipe_20_HYP_HALF,0.1754576,0.20377737,0.20353556,0.22417954,0.21448666,0.23730884
nightly,P,word2vec_recipe_20_HYP_HALF,0.12696247,0.12637222,0.14841948,0.1524333,0.15772061,0.16203196
reindeer,M,word2vec_recipe_20_HYP_HALF,0.22071846,0.24115895,0.2673837,0.276911,0.2935793,0.3073133
force,P,word2vec_recipe_20_HYP_HALF,0.35590526,0.3536445,0.44794026,0.46705058,0.48089147,0.4928039
extreme,P,word2vec_recipe_20_HYP_HALF,0.35129422,0.3093124,0.3987933,0.33953375,0.41599053,0.3290641
shiver,H,word2vec_recipe_20_HYP_HALF,0.21368337,0.2222303,0.24151093,0.24417026,0.25384772,0.25928462
portion,P,word2vec_recipe_20_HYP_HALF,0.36484867,0.3453807,0.4280088,0.30387676,0.4530171,0.3232702
sexy,P,word2vec_recipe_20_HYP_HALF,0.26331916,0.2699252,0.3044998,0.31397837,0.31944367,0.32354125
gut,P,word2vec_recipe_20_HYP_HALF,0.24667692,0.2799841,0.33161494,0.35799903,0.3629512,0.38786653
crawl,P,word2vec_recipe_20_HYP_HALF,0.22434044,0.20428386,0.2561372,0.23034278,0.2690067,0.2326594
nationwide,M,word2vec_recipe_20_HYP_HALF,0.11633031,0.12829894,0.16179706,0.2061635,0.18768091,0.22487366
verb,M,word2vec_recipe_20_HYP_HALF,0.14283818,0.1364875,0.16898687,0.15423203,0.17987292,0.1691732
treatment,P,word2vec_recipe_20_HYP_HALF,0.20789385,0.19665153,0.24801151,0.2106518,0.26378715,0.21864079
alias,P,word2vec_recipe_20_HYP_HALF,0.12213161,0.135321,0.13996527,0.15983342,0.14750312,0.1681093
sustain,P,word2vec_recipe_20_HYP_HALF,0.26211888,0.29038367,0.31101358,0.3320909,0.330102,0.33654633
anonymous,M,word2vec_recipe_20_HYP_HALF,0.105265334,0.11144386,0.12299033,0.1411541,0.13231306,0.15569937
dairy,P,word2vec_recipe_20_HYP_HALF,0.3208673,0.36165643,0.39130175,0.4017748,0.42089364,0.41444433
carve,P,word2vec_recipe_20_HYP_HALF,0.36082807,0.41465783,0.43688187,0.4266967,0.46286228,0.4422658
colorful,P,word2vec_recipe_20_HYP_HALF,0.3112503,0.38150516,0.3774657,0.42546362,0.40350148,0.4362321
petite,P,word2vec_recipe_20_HYP_HALF,0.40947142,0.42531055,0.4633087,0.46676764,0.4807801,0.45648545
struggle,P,word2vec_recipe_20_HYP_HALF,0.14323561,0.13030522,0.1683285,0.14349014,0.17922845,0.1533038
cluster,P,word2vec_recipe_20_HYP_HALF,0.34418687,0.3161657,0.41791534,0.39343262,0.44526032,0.4149983
exam,M,word2vec_recipe_20_HYP_HALF,0.1918064,0.13236643,0.23185058,0.17953947,0.24897909,0.20505236
wizard,P,word2vec_recipe_20_HYP_HALF,0.18089475,0.17275348,0.20937367,0.1949549,0.22116591,0.20508687
erect,P,word2vec_recipe_20_HYP_HALF,0.16908547,0.18365881,0.19527571,0.2145583,0.20736714,0.22696045
comeback,P,word2vec_recipe_20_HYP_HALF,0.18275681,0.18825436,0.21291111,0.20506638,0.22584069,0.2137052
math,M,word2vec_recipe_20_HYP_HALF,0.1470962,0.11694234,0.17045793,0.1435387,0.18124276,0.15492773
creator,P,word2vec_recipe_20_HYP_HALF,0.09558264,0.106432855,0.115121454,0.14248838,0.12603131,0.15996309
bump,P,word2vec_recipe_20_HYP_HALF,0.36687687,0.31878155,0.41239947,0.3036502,0.42842528,0.3174122
greasy,P,word2vec_recipe_20_HYP_HALF,0.25837693,0.26020393,0.30259565,0.241174,0.32091743,0.24153574
buzzer,M,word2vec_recipe_20_HYP_HALF,0.24102636,0.22929926,0.28741807,0.2532657,0.3027108,0.26077208
zombie,P,word2vec_recipe_20_HYP_HALF,0.21247117,0.25968277,0.2649574,0.3190803,0.2875402,0.32796383
virtuous,P,word2vec_recipe_20_HYP_HALF,0.203697,0.18756282,0.2324849,0.21102114,0.24391578,0.22041757
almond,P,word2vec_recipe_20_HYP_HALF,0.29850736,0.35085392,0.35948953,0.38674235,0.3815038,0.40317896
cling,P,word2vec_recipe_20_HYP_HALF,0.3247049,0.2802255,0.4321484,0.41480732,0.4657469,0.4164852
grin,P,word2vec_recipe_20_HYP_HALF,0.13935508,0.1508448,0.15976533,0.16125458,0.17020375,0.17233394
terrific,P,word2vec_recipe_20_HYP_HALF,0.23771921,0.26894844,0.3277862,0.37625113,0.35857382,0.3909563
absence,P,word2vec_recipe_20_HYP_HALF,0.18971923,0.16976772,0.22359465,0.19046254,0.23823635,0.20931011
examine,P,word2vec_recipe_20_HYP_HALF,0.33157355,0.30153823,0.37717262,0.33143988,0.39461097,0.34195668
unlucky,P,word2vec_recipe_20_HYP_HALF,0.09034137,0.103267916,0.1088686,0.12952873,0.11743656,0.1383067
creative,P,word2vec_recipe_20_HYP_HALF,0.26027507,0.26093507,0.30075917,0.25761846,0.3164907,0.2536181
rake,H,word2vec_recipe_20_HYP_HALF,0.4102126,0.40140873,0.46678624,0.4214254,0.4890688,0.43575034
container,P,word2vec_recipe_20_HYP_HALF,0.25844923,0.30855328,0.35069448,0.37741953,0.39354557,0.42005712
text,P,word2vec_recipe_20_HYP_HALF,0.16793811,0.18780728,0.20301047,0.19961403,0.21692318,0.22103523
prowl,P,word2vec_recipe_20_HYP_HALF,0.22878595,0.2538972,0.2616144,0.276256,0.27392462,0.28653657
bully,H,word2vec_recipe_20_HYP_HALF,0.21347475,0.1902679,0.24450767,0.21276845,0.25713986,0.22395329
cherry,P,word2vec_recipe_20_HYP_HALF,0.32397595,0.37148243,0.4032792,0.3919114,0.43056273,0.37852687
inferior,P,word2vec_recipe_20_HYP_HALF,0.19178148,0.14912088,0.21922214,0.1605841,0.23042522,0.16963224
waiter,P,word2vec_recipe_20_HYP_HALF,0.1092206,0.104250126,0.12951048,0.1336937,0.13999279,0.15028788
bridal,P,word2vec_recipe_20_HYP_HALF,0.20898175,0.24201757,0.25245577,0.27188522,0.2696115,0.27509347
fate,P,word2vec_recipe_20_HYP_HALF,0.17822318,0.14489718,0.20127802,0.16511181,0.21113323,0.17604227
wart,P,word2vec_recipe_20_HYP_HALF,0.15382724,0.1893168,0.18797141,0.22628291,0.20312092,0.24341922
absent,P,word2vec_recipe_20_HYP_HALF,0.16917928,0.1715979,0.19400625,0.2051081,0.20442005,0.22055589
invent,P,word2vec_recipe_20_HYP_HALF,0.13222227,0.11684857,0.15541057,0.14018968,0.16592693,0.15266858
knock,P,word2vec_recipe_20_HYP_HALF,0.35544965,0.4524647,0.42705253,0.4538583,0.45098317,0.4279248
sometime,P,word2vec_recipe_20_HYP_HALF,0.293833,0.22193828,0.32908997,0.21667086,0.34191582,0.22545047
playful,P,word2vec_recipe_20_HYP_HALF,0.17581883,0.20377012,0.21202785,0.2473085,0.22779028,0.2649078
crumble,P,word2vec_recipe_20_HYP_HALF,0.40302,0.40512145,0.4733707,0.40030766,0.49632347,0.40059325
slide,P,word2vec_recipe_20_HYP_HALF,0.33682424,0.41501558,0.42099813,0.42131063,0.4471058,0.4088905
muzzle,P,word2vec_recipe_20_HYP_HALF,0.1304661,0.16264294,0.1695362,0.21922031,0.19616352,0.25531268
unclear,M,word2vec_recipe_20_HYP_HALF,0.10117845,0.10762493,0.120927446,0.12635776,0.13056526,0.13831677
noodle,H,word2vec_recipe_20_HYP_HALF,0.30862018,0.33448327,0.36742207,0.3388768,0.39188436,0.35334325
kite,P,word2vec_recipe_20_HYP_HALF,0.1638451,0.18049946,0.2006031,0.2273918,0.22082739,0.2567958
shark,H,word2vec_recipe_20_HYP_HALF,0.27516663,0.2789561,0.3331174,0.34333816,0.3647701,0.36343315
seek,P,word2vec_recipe_20_HYP_HALF,0.15605783,0.13119328,0.18118711,0.15659997,0.19233719,0.17203708
asleep,P,word2vec_recipe_20_HYP_HALF,0.123979285,0.11270464,0.14772515,0.13718353,0.15840785,0.15225928
regardless,P,word2vec_recipe_20_HYP_HALF,0.2460709,0.17763385,0.27547967,0.19091694,0.2877599,0.19698133
carousel,P,word2vec_recipe_20_HYP_HALF,0.36203542,0.3461486,0.43869522,0.44797382,0.46411172,0.4661879
wink,P,word2vec_recipe_20_HYP_HALF,0.24045566,0.22712123,0.27623063,0.27185187,0.29110086,0.2874416
departure,P,word2vec_recipe_20_HYP_HALF,0.12353988,0.11715538,0.14231023,0.14100811,0.15076715,0.1501207
injection,P,word2vec_recipe_20_HYP_HALF,0.30811632,0.35941297,0.39332786,0.41626397,0.4187662,0.43269774
support,P,word2vec_recipe_20_HYP_HALF,0.27686712,0.28747168,0.32109857,0.2989647,0.33838668,0.30909136
craze,P,word2vec_recipe_20_HYP_HALF,0.17213495,0.1831535,0.20214723,0.20992817,0.21343496,0.22912517
wisdom,P,word2vec_recipe_20_HYP_HALF,0.16956317,0.13600153,0.19503155,0.16510007,0.20624763,0.1810808
argue,P,word2vec_recipe_20_HYP_HALF,0.100997075,0.105154924,0.1192378,0.12435758,0.12934591,0.13812126
engagement,P,word2vec_recipe_20_HYP_HALF,0.16685922,0.16059798,0.19778885,0.19111876,0.21013363,0.2018364
unlock,P,word2vec_recipe_20_HYP_HALF,0.35875914,0.3167361,0.46278995,0.46753013,0.50186944,0.5157961
quality,P,word2vec_recipe_20_HYP_HALF,0.3192171,0.30578235,0.36133465,0.27507323,0.37631515,0.27725267
maniac,P,word2vec_recipe_20_HYP_HALF,0.13592641,0.12560607,0.15938902,0.16717722,0.16941242,0.17479712
warp,P,word2vec_recipe_20_HYP_HALF,0.29072866,0.21495576,0.36966023,0.34371847,0.40240577,0.3829523
finale,P,word2vec_recipe_20_HYP_HALF,0.28121555,0.25903597,0.3189088,0.27255976,0.33444154,0.28620782
putt,P,word2vec_recipe_20_HYP_HALF,0.29933912,0.2467599,0.33376208,0.28610775,0.3470114,0.29944476
founder,H,word2vec_recipe_20_HYP_HALF,0.08649459,0.11007742,0.1109548,0.14572549,0.12340117,0.16309126
exposure,P,word2vec_recipe_20_HYP_HALF,0.24459875,0.26720017,0.30032527,0.27315882,0.32028863,0.2847404
popular,P,word2vec_recipe_20_HYP_HALF,0.24075902,0.29216927,0.29537252,0.32579228,0.31775802,0.32223707
lard,P,word2vec_recipe_20_HYP_HALF,0.40012723,0.4645072,0.48832357,0.5026927,0.51364654,0.49348536
excellence,P,word2vec_recipe_20_HYP_HALF,0.16546063,0.15372956,0.19028312,0.17400168,0.2018381,0.18809906
hesitation,M,word2vec_recipe_20_HYP_HALF,0.1987911,0.14755543,0.23053668,0.17918359,0.24253823,0.18909457
vineyard,M,word2vec_recipe_20_HYP_HALF,0.13339227,0.106173575,0.16460644,0.13400094,0.1829492,0.1624555
remedy,P,word2vec_recipe_20_HYP_HALF,0.22794084,0.20821896,0.27702117,0.24875773,0.2977699,0.26822662
prime,P,word2vec_recipe_20_HYP_HALF,0.275599,0.31931975,0.3485934,0.34199408,0.37640613,0.35249072
charm,P,word2vec_recipe_20_HYP_HALF,0.22615214,0.15689497,0.25661263,0.16351956,0.26811108,0.17777942
crate,P,word2vec_recipe_20_HYP_HALF,0.21065196,0.20619275,0.2491088,0.25560218,0.2660383,0.27459893
twin,P,word2vec_recipe_20_HYP_HALF,0.3436684,0.33249542,0.4000474,0.3939404,0.41910514,0.37804878
statue,M,word2vec_recipe_20_HYP_HALF,0.16874228,0.21083288,0.20098299,0.24896184,0.21531975,0.263407
post,H,word2vec_recipe_20_HYP_HALF,0.22223035,0.2322231,0.28116402,0.25666565,0.3028401,0.25761342
descent,P,word2vec_recipe_20_HYP_HALF,0.11889708,0.12348992,0.141231,0.14911272,0.15039249,0.16457835
handbag,P,word2vec_recipe_20_HYP_HALF,0.18049708,0.19505887,0.21507725,0.24500732,0.23312958,0.2655342
chant,P,word2vec_recipe_20_HYP_HALF,0.13729732,0.12546442,0.15891755,0.1430409,0.16861509,0.15292199
lint,P,word2vec_recipe_20_HYP_HALF,0.23822033,0.27976325,0.30116794,0.33914408,0.32930207,0.35375795
preview,P,word2vec_recipe_20_HYP_HALF,0.12456131,0.14474377,0.15698698,0.1634357,0.1688802,0.17728566
lush,P,word2vec_recipe_20_HYP_HALF,0.35061485,0.33670464,0.40862897,0.305056,0.42753056,0.31943768
accordance,P,word2vec_recipe_20_HYP_HALF,0.27640098,0.24562667,0.34900463,0.3739156,0.38584515,0.42045018
neutral,P,word2vec_recipe_20_HYP_HALF,0.3240599,0.40269417,0.41988185,0.4667321,0.45035324,0.47338384
fond,P,word2vec_recipe_20_HYP_HALF,0.33568552,0.3972244,0.43178532,0.4698706,0.45878842,0.44501835
grape,P,word2vec_recipe_20_HYP_HALF,0.3326161,0.3992003,0.39458013,0.4244225,0.41660497,0.4260286
treasure,P,word2vec_recipe_20_HYP_HALF,0.30756035,0.23707289,0.34009638,0.255806,0.35235813,0.25769606
bladder,P,word2vec_recipe_20_HYP_HALF,0.140551,0.14395975,0.17916252,0.19429508,0.19510303,0.2081168
dozen,P,word2vec_recipe_20_HYP_HALF,0.31277755,0.37473246,0.40915063,0.4302977,0.44903922,0.4557978
cleaver,M,word2vec_recipe_20_HYP_HALF,0.30568948,0.36666802,0.4066412,0.4377079,0.4424481,0.46047735
tab,P,word2vec_recipe_20_HYP_HALF,0.41420442,0.38291916,0.48542663,0.500101,0.51021737,0.5168799
harm,P,word2vec_recipe_20_HYP_HALF,0.19049767,0.19238117,0.22264794,0.19404492,0.23749019,0.19897817
stadium,M,word2vec_recipe_20_HYP_HALF,0.24487635,0.28372425,0.2843006,0.30933067,0.30154178,0.31468344
permanent,P,word2vec_recipe_20_HYP_HALF,0.22298697,0.24597721,0.2722586,0.27975875,0.2887417,0.29646754
outcome,M,word2vec_recipe_20_HYP_HALF,0.23600271,0.19472423,0.27190852,0.1891432,0.28594327,0.19982517
melon,M,word2vec_recipe_20_HYP_HALF,0.25880593,0.32041997,0.36546993,0.39198574,0.40515977,0.41590968
warming,P,word2vec_recipe_20_HYP_HALF,0.38044298,0.4725071,0.44030404,0.43148774,0.46099108,0.41421324
artistic,P,word2vec_recipe_20_HYP_HALF,0.19291076,0.1998502,0.23365043,0.24319294,0.24899611,0.2545243
dinosaur,P,word2vec_recipe_20_HYP_HALF,0.28856996,0.28084943,0.33229947,0.31777337,0.35095927,0.33115748
cranberry,P,word2vec_recipe_20_HYP_HALF,0.2430685,0.2903072,0.33227706,0.35500935,0.3650362,0.3640444
generate,P,word2vec_recipe_20_HYP_HALF,0.2711111,0.25489244,0.31039962,0.27365357,0.32463756,0.27459055
prove,P,word2vec_recipe_20_HYP_HALF,0.27413613,0.3297408,0.3759712,0.4073486,0.41868827,0.46085107
threat,P,word2vec_recipe_20_HYP_HALF,0.23898616,0.21028289,0.27145618,0.24033242,0.28441423,0.25196424
downfall,P,word2vec_recipe_20_HYP_HALF,0.13389173,0.14425837,0.16217689,0.18289246,0.17267866,0.19698709
admit,P,word2vec_recipe_20_HYP_HALF,0.16099283,0.13678709,0.1853801,0.15207192,0.19871481,0.16643305
position,P,word2vec_recipe_20_HYP_HALF,0.3160747,0.2753182,0.434353,0.41667676,0.4706192,0.41783878
alike,P,word2vec_recipe_20_HYP_HALF,0.1830166,0.1507306,0.20794526,0.17262478,0.2185326,0.1844462
laser,M,word2vec_recipe_20_HYP_HALF,0.15090676,0.19932926,0.22114101,0.28795615,0.24207164,0.28322104
bust,H,word2vec_recipe_20_HYP_HALF,0.24709502,0.20769274,0.28019148,0.22269014,0.29301506,0.23703377
tour,P,word2vec_recipe_20_HYP_HALF,0.17968087,0.16064137,0.20509408,0.17644721,0.21455835,0.18751152
pepper,P,word2vec_recipe_20_HYP_HALF,0.22314188,0.22758956,0.284948,0.2670345,0.31058362,0.2840954
symphony,P,word2vec_recipe_20_HYP_HALF,0.20853749,0.2096537,0.2435215,0.2128823,0.25597697,0.22504778
fudge,H,word2vec_recipe_20_HYP_HALF,0.28180325,0.35477936,0.36744317,0.37258765,0.39364642,0.36696008
stallion,M,word2vec_recipe_20_HYP_HALF,0.1713798,0.15040569,0.19586748,0.17809188,0.20635563,0.19045909
eyeball,P,word2vec_recipe_20_HYP_HALF,0.36507615,0.28581247,0.4157234,0.28276515,0.43173394,0.29344103
perpetual,P,word2vec_recipe_20_HYP_HALF,0.16561873,0.17631917,0.19562271,0.20747891,0.20665593,0.21333729
villa,M,word2vec_recipe_20_HYP_HALF,0.13714997,0.13143374,0.16293943,0.16739807,0.176008,0.19152041
chimpanzee,M,word2vec_recipe_20_HYP_HALF,0.13386175,0.14730991,0.15874626,0.17770582,0.16889721,0.1924146
naked,P,word2vec_recipe_20_HYP_HALF,0.32237262,0.28284442,0.35711545,0.31056494,0.37238708,0.31392422
propeller,M,word2vec_recipe_20_HYP_HALF,0.2315838,0.2739128,0.26841778,0.3111781,0.28624886,0.32821968
lollipop,M,word2vec_recipe_20_HYP_HALF,0.28955907,0.3352935,0.362206,0.35099965,0.39311278,0.373126
poem,P,word2vec_recipe_20_HYP_HALF,0.16000307,0.16913132,0.18958215,0.20248355,0.20260246,0.20384587
decorator,M,word2vec_recipe_20_HYP_HALF,0.22384906,0.27646282,0.3111121,0.33343253,0.34685013,0.35376826
flashy,P,word2vec_recipe_20_HYP_HALF,0.10244937,0.10061006,0.12214787,0.12616815,0.13178773,0.13709126
heap,P,word2vec_recipe_20_HYP_HALF,0.37391147,0.48728424,0.46035874,0.4997495,0.48799622,0.47951466
rumor,P,word2vec_recipe_20_HYP_HALF,0.15335634,0.13081221,0.17377055,0.13985717,0.18317905,0.15325053
potassium,M,word2vec_recipe_20_HYP_HALF,0.16157703,0.21098572,0.2269023,0.19224444,0.2529698,0.16079472
gland,P,word2vec_recipe_20_HYP_HALF,0.20003986,0.20369057,0.23793095,0.2422643,0.25530428,0.2596173
washer,P,word2vec_recipe_20_HYP_HALF,0.23565435,0.26935065,0.285115,0.3101252,0.3043441,0.31415313
summary,P,word2vec_recipe_20_HYP_HALF,0.17232268,0.15413195,0.19815035,0.17281345,0.20952672,0.18098943
expiration,P,word2vec_recipe_20_HYP_HALF,0.2295558,0.19966362,0.2752743,0.21459755,0.29040325,0.21932168
governor,P,word2vec_recipe_20_HYP_HALF,0.09715944,0.12259459,0.11729203,0.14781678,0.12640251,0.16342047
glorious,P,word2vec_recipe_20_HYP_HALF,0.3009082,0.3130189,0.3504472,0.32663807,0.3708419,0.33906987
cubicle,M,word2vec_recipe_20_HYP_HALF,0.10434166,0.124815024,0.124813154,0.15574688,0.13358735,0.16380124
precaution,P,word2vec_recipe_20_HYP_HALF,0.2182285,0.21212703,0.2504559,0.2326791,0.2637075,0.2491291
approve,P,word2vec_recipe_20_HYP_HALF,0.07777037,0.0988029,0.09559,0.12359745,0.10471239,0.13414256
weekly,P,word2vec_recipe_20_HYP_HALF,0.22842738,0.18534675,0.26350147,0.1995218,0.27863905,0.21156089
blizzard,P,word2vec_recipe_20_HYP_HALF,0.22495183,0.22399755,0.26777685,0.26279098,0.2839949,0.27582633
border,P,word2vec_recipe_20_HYP_HALF,0.31704766,0.34990707,0.41421595,0.34933057,0.43925023,0.3496829
nighttime,M,word2vec_recipe_20_HYP_HALF,0.15570869,0.18600237,0.1835843,0.21489657,0.19552079,0.22992012
dandy,P,word2vec_recipe_20_HYP_HALF,0.31161058,0.31475365,0.3541084,0.28667814,0.3693615,0.30154845
suspicion,P,word2vec_recipe_20_HYP_HALF,0.09276737,0.10514698,0.109494895,0.12585863,0.11763903,0.13616912
science,P,word2vec_recipe_20_HYP_HALF,0.24383584,0.21637093,0.2772213,0.2157576,0.29002574,0.21854863
universe,P,word2vec_recipe_20_HYP_HALF,0.16748467,0.15892841,0.18895552,0.17539142,0.19845688,0.17933966
papaya,M,word2vec_recipe_20_HYP_HALF,0.2393856,0.30629933,0.33096746,0.3817928,0.3624691,0.38950294
superb,P,word2vec_recipe_20_HYP_HALF,0.2329131,0.2669201,0.29049194,0.33090648,0.3098413,0.34652135
spite,P,word2vec_recipe_20_HYP_HALF,0.14488971,0.12428583,0.16582757,0.14330012,0.1750112,0.15286535
finder,P,word2vec_recipe_20_HYP_HALF,0.17632824,0.151795,0.20625351,0.1770419,0.21811429,0.19430614
affection,P,word2vec_recipe_20_HYP_HALF,0.15264468,0.14073853,0.17691046,0.14786397,0.18788639,0.1581463
liver,H,word2vec_recipe_20_HYP_HALF,0.2963517,0.3777027,0.39478478,0.4447746,0.42497978,0.4490465
discreet,P,word2vec_recipe_20_HYP_HALF,0.15510254,0.14358827,0.17871255,0.16197413,0.18925679,0.16805494
elect,P,word2vec_recipe_20_HYP_HALF,0.22928715,0.1918087,0.25896332,0.18796831,0.2702244,0.19075873
offshore,P,word2vec_recipe_20_HYP_HALF,0.11536276,0.13307577,0.13431805,0.16112752,0.1439736,0.17483592
creation,P,word2vec_recipe_20_HYP_HALF,0.23497133,0.2147146,0.27148265,0.21631154,0.28411108,0.22006011
ounce,H,word2vec_recipe_20_HYP_HALF,0.23748925,0.31583455,0.357526,0.42118165,0.40882397,0.46212384
nonstop,M,word2vec_recipe_20_HYP_HALF,0.31474787,0.26983836,0.37993145,0.33798277,0.40652287,0.39574766
leaf,P,word2vec_recipe_20_HYP_HALF,0.303888,0.33439857,0.39542675,0.37223986,0.42902705,0.37389868
despite,P,word2vec_recipe_20_HYP_HALF,0.17168868,0.14893278,0.1977266,0.16851135,0.20889853,0.1766378
reputation,P,word2vec_recipe_20_HYP_HALF,0.111281596,0.117676236,0.1322364,0.1415634,0.14209686,0.15793754
portrait,P,word2vec_recipe_20_HYP_HALF,0.15390114,0.17041084,0.17945975,0.19646674,0.1899419,0.2154062
tame,P,word2vec_recipe_20_HYP_HALF,0.22958353,0.1937561,0.27604505,0.24913894,0.29604337,0.26536998
batter,H,word2vec_recipe_20_HYP_HALF,0.3483159,0.32028076,0.41557384,0.37816125,0.43941498,0.38793084
mop,P,word2vec_recipe_20_HYP_HALF,0.37110502,0.42087027,0.45099398,0.4229282,0.47690132,0.43369418
papango,HYP*,word2vec_recipe_20_HYP_HALF,0.21943471,0.3089036,0.3115443,0.3703468,0.34636173,0.3882262
cuptry,HYP*,word2vec_recipe_20_HYP_HALF,0.29222435,0.34766105,0.35647374,0.3535525,0.3801362,0.36693776
champodka,HYP*,word2vec_recipe_20_HYP_HALF,0.16890521,0.19042976,0.23879358,0.25268307,0.26894543,0.27750003
caramudge,HYP*,word2vec_recipe_20_HYP_HALF,0.23834483,0.3179115,0.33229312,0.3686706,0.36175165,0.36328253
leapill,HYP*,word2vec_recipe_20_HYP_HALF,0.27259856,0.37224895,0.3706392,0.37189394,0.39861596,0.35577017
sodiprot,HYP*,word2vec_recipe_20_HYP_HALF,0.15768766,0.18417224,0.2200205,0.149143,0.24374299,0.12845002
jarmelade,HYP*,word2vec_recipe_20_HYP_HALF,0.26785052,0.33230907,0.3728578,0.4174237,0.40803477,0.43072012
plaer,HYP*,word2vec_recipe_20_HYP_HALF,0.3194594,0.39076796,0.44916695,0.45011315,0.48832202,0.45229438
poreef,HYP*,word2vec_recipe_20_HYP_HALF,0.22950697,0.32056388,0.35296208,0.41886806,0.38648316,0.40102547
jattle,HYP*,word2vec_recipe_20_HYP_HALF,0.18651636,0.2725879,0.30747527,0.35941452,0.3661025,0.42207095
cartoub,HYP*,word2vec_recipe_20_HYP_HALF,0.32267156,0.3954213,0.42666885,0.46716747,0.45942378,0.47654462
blulse,HYP*,word2vec_recipe_20_HYP_HALF,0.23087914,0.31301975,0.3636094,0.38348973,0.4219164,0.41117793
outinoor,HYP*,word2vec_recipe_20_HYP_HALF,0.28421956,0.33131897,0.40517652,0.42432207,0.44953215,0.44146544
stalulb,HYP*,word2vec_recipe_20_HYP_HALF,0.21864796,0.31486416,0.32798156,0.38858354,0.36681923,0.41542235
poettle,HYP*,word2vec_recipe_20_HYP_HALF,0.28678498,0.3469774,0.39358371,0.41902363,0.42798653,0.4239642
salmout,HYP*,word2vec_recipe_20_HYP_HALF,0.21360245,0.2534448,0.33528057,0.36475185,0.3856178,0.3858465
pepperami,HYP*,word2vec_recipe_20_HYP_HALF,0.22084089,0.2466875,0.32308534,0.38028017,0.35936576,0.41222817
caviteck,HYP*,word2vec_recipe_20_HYP_HALF,0.2548154,0.32990968,0.36657438,0.41410282,0.4072819,0.44233868
bluehubarb,HYP*,word2vec_recipe_20_HYP_HALF,0.19809718,0.27695298,0.32139665,0.3593038,0.3586952,0.36935073
glaramic,HYP*,word2vec_recipe_20_HYP_HALF,0.25228816,0.26751855,0.33500484,0.34135962,0.37232554,0.36921427
