word,ambiguity_type,model,nbhd_dist_20,nbhd_pairdist_20,nbhd_dist_100,nbhd_pairdist_100,nbhd_dist_200,nbhd_pairdist_200
lifelong,M,word2vec_tiny_base,0.32501763,0.3526047,0.3842263,0.39711922,0.40729445,0.4018572
pirate,P,word2vec_tiny_base,0.31892806,0.43320453,0.429649,0.584059,0.48320854,0.63470656
gasoline,M,word2vec_tiny_base,0.3096471,0.41251838,0.37133163,0.47356236,0.4030014,0.4989586
gopher,P,word2vec_tiny_base,0.3042088,0.33923173,0.3557697,0.3899586,0.37558436,0.41586664
substance,P,word2vec_tiny_base,0.26579306,0.34071586,0.33146748,0.4381716,0.3601946,0.4743601
strap,P,word2vec_tiny_base,0.33453217,0.4260366,0.42943427,0.55096066,0.47043538,0.6034115
pitch,H,word2vec_tiny_base,0.3544362,0.46355182,0.4658302,0.6335422,0.511398,0.67191267
countdown,P,word2vec_tiny_base,0.22402684,0.27313215,0.29339296,0.27489248,0.32863083,0.3490408
pink,H,word2vec_tiny_base,0.3054089,0.4186542,0.4447011,0.57180524,0.49565262,0.6139881
perky,M,word2vec_tiny_base,0.32134172,0.35386735,0.36752835,0.41071972,0.3841797,0.43005148
fearless,M,word2vec_tiny_base,0.27849096,0.39448845,0.3416525,0.43906313,0.37130833,0.45774776
lotion,P,word2vec_tiny_base,0.34669143,0.42848,0.45754755,0.6082935,0.4996514,0.6515423
annoy,P,word2vec_tiny_base,0.30750966,0.38261545,0.3730255,0.42863178,0.40143242,0.45902622
hoop,P,word2vec_tiny_base,0.31779355,0.43791363,0.44412652,0.5908272,0.49111235,0.64265144
doorman,M,word2vec_tiny_base,0.24844089,0.2349588,0.2861203,0.26576218,0.30062592,0.27656463
cookie,P,word2vec_tiny_base,0.2662623,0.34660226,0.36860123,0.47197667,0.41723213,0.5074187
romantic,P,word2vec_tiny_base,0.21516943,0.20354527,0.24715328,0.22429411,0.26165515,0.24400023
square,P,word2vec_tiny_base,0.34271058,0.47281143,0.47708446,0.635708,0.5195827,0.6605882
vibration,P,word2vec_tiny_base,0.24022095,0.3077878,0.31253082,0.3999983,0.34612533,0.44378158
spacious,P,word2vec_tiny_base,0.3135271,0.38419998,0.3684924,0.43913072,0.38995564,0.46080685
toilet,P,word2vec_tiny_base,0.3429018,0.47645926,0.4653041,0.6179523,0.5091104,0.6574185
accompany,P,word2vec_tiny_base,0.27774668,0.2766043,0.3204976,0.35340878,0.33682883,0.36034533
wildlife,M,word2vec_tiny_base,0.30419087,0.38559392,0.3636776,0.46151245,0.39417908,0.50365466
speech,P,word2vec_tiny_base,0.32587874,0.34985116,0.386742,0.4285915,0.41153488,0.45323208
household,P,word2vec_tiny_base,0.23728344,0.2292856,0.27833766,0.28163868,0.29573184,0.30097738
lend,P,word2vec_tiny_base,0.3877446,0.49947035,0.5220328,0.6560857,0.57610345,0.6973502
attack,P,word2vec_tiny_base,0.3481028,0.39614433,0.43543202,0.46106884,0.4702272,0.5045288
cone,P,word2vec_tiny_base,0.29941756,0.3761322,0.44538462,0.5525216,0.49621552,0.6034944
rope,P,word2vec_tiny_base,0.29267183,0.42654014,0.42713317,0.5896703,0.47800308,0.64095527
agreement,P,word2vec_tiny_base,0.38391525,0.4250614,0.45246816,0.4613483,0.47677553,0.46122012
unable,M,word2vec_tiny_base,0.32180852,0.3842887,0.40823182,0.4607395,0.44243672,0.47990614
rainy,M,word2vec_tiny_base,0.33604944,0.45951203,0.50179964,0.6379413,0.5599743,0.6926194
gracious,P,word2vec_tiny_base,0.22164646,0.24408394,0.26945168,0.31408507,0.2888591,0.33833498
hind,H,word2vec_tiny_base,0.3802542,0.48489097,0.45456088,0.5559861,0.48483354,0.5627264
park,P,word2vec_tiny_base,0.38990495,0.53453356,0.5170944,0.6510694,0.5675962,0.69867754
detector,P,word2vec_tiny_base,0.2722117,0.34702224,0.34213817,0.43383712,0.3715824,0.4707482
distance,P,word2vec_tiny_base,0.38017917,0.47162488,0.44222108,0.48965123,0.46882477,0.5035869
eager,M,word2vec_tiny_base,0.3965668,0.5358285,0.5385814,0.6505544,0.5810449,0.6490745
drum,P,word2vec_tiny_base,0.24076962,0.32860982,0.39851445,0.54035956,0.46056166,0.6061068
accident,P,word2vec_tiny_base,0.47857696,0.5636474,0.5669405,0.63946486,0.59408134,0.60934705
moon,P,word2vec_tiny_base,0.2959386,0.4023255,0.4323474,0.5701051,0.48852903,0.6163868
restless,P,word2vec_tiny_base,0.29880053,0.40499678,0.45037633,0.56648755,0.5274577,0.6603206
reality,P,word2vec_tiny_base,0.30455846,0.319424,0.37168732,0.398451,0.39743182,0.4235472
equal,P,word2vec_tiny_base,0.34101143,0.40846065,0.4244947,0.48997232,0.4526148,0.5123037
buoy,P,word2vec_tiny_base,0.28797024,0.3253411,0.34454834,0.41608247,0.37124467,0.44707012
regain,P,word2vec_tiny_base,0.24813683,0.25536418,0.2939892,0.30992383,0.3144706,0.33392286
pudding,P,word2vec_tiny_base,0.21441917,0.26247558,0.26658043,0.32285455,0.29717842,0.36937106
wing,P,word2vec_tiny_base,0.38993114,0.5187707,0.49678117,0.6223213,0.54040915,0.651149
greedy,P,word2vec_tiny_base,0.3311321,0.4086535,0.47063974,0.5572742,0.51344126,0.5788762
hoof,P,word2vec_tiny_base,0.3638364,0.4284266,0.4500024,0.51676726,0.48360747,0.546519
poorly,P,word2vec_tiny_base,0.31649527,0.3667987,0.38346753,0.4294796,0.40918952,0.44546056
mink,P,word2vec_tiny_base,0.29447424,0.3328096,0.33323234,0.37019774,0.34932494,0.38204277
plumber,P,word2vec_tiny_base,0.370046,0.43062294,0.46086964,0.5047675,0.49126732,0.52553535
toaster,H,word2vec_tiny_base,0.34655386,0.44671926,0.4482147,0.53833914,0.4859951,0.5646654
disposal,P,word2vec_tiny_base,0.17668256,0.20058095,0.20743427,0.226403,0.21960753,0.23953801
pounce,P,word2vec_tiny_base,0.44331473,0.48955306,0.51417005,0.526682,0.5390025,0.54996127
pleasant,P,word2vec_tiny_base,0.3243119,0.3575814,0.39794156,0.44936183,0.42348537,0.47010782
janitor,M,word2vec_tiny_base,0.3269933,0.38145515,0.38215327,0.43000674,0.40445462,0.44354716
selfish,P,word2vec_tiny_base,0.3174576,0.42715594,0.4626392,0.62819415,0.51769364,0.64624846
cloak,P,word2vec_tiny_base,0.3397512,0.4314195,0.4318762,0.5479111,0.4663741,0.57418543
honor,P,word2vec_tiny_base,0.26993477,0.3360872,0.33712178,0.40315285,0.36578298,0.44184428
continue,P,word2vec_tiny_base,0.44007596,0.48624513,0.49812293,0.484966,0.5158642,0.48274726
fright,P,word2vec_tiny_base,0.23705003,0.2778418,0.31229794,0.37830907,0.342322,0.41187665
panic,P,word2vec_tiny_base,0.37563866,0.4840736,0.51688206,0.65402555,0.5646671,0.6766543
joker,P,word2vec_tiny_base,0.32677975,0.4218452,0.39191392,0.5006095,0.4178609,0.51907307
bug,P,word2vec_tiny_base,0.2748568,0.3318886,0.41742802,0.5464816,0.47959435,0.6095068
plaster,P,word2vec_tiny_base,0.27590364,0.3515308,0.35586947,0.4464298,0.39172304,0.48457867
poise,P,word2vec_tiny_base,0.212623,0.27982035,0.24543135,0.3093999,0.2597417,0.31924745
territory,P,word2vec_tiny_base,0.3177871,0.34626487,0.37742388,0.4226839,0.4019459,0.44335082
infection,P,word2vec_tiny_base,0.26974425,0.33084443,0.38092384,0.4548855,0.43204153,0.5199413
selective,P,word2vec_tiny_base,0.13151535,0.14148891,0.15993948,0.18468252,0.17291854,0.20458816
heater,P,word2vec_tiny_base,0.37876442,0.4314049,0.46774614,0.56253254,0.50312376,0.60240084
tailor,P,word2vec_tiny_base,0.3121113,0.39193398,0.3754986,0.45513856,0.4036733,0.46338043
confront,P,word2vec_tiny_base,0.27330554,0.32670417,0.3338206,0.4021194,0.36253685,0.42201856
folder,P,word2vec_tiny_base,0.24331406,0.32589927,0.38171887,0.5303365,0.45050237,0.6088454
various,P,word2vec_tiny_base,0.30170906,0.39418054,0.37824157,0.50296193,0.41156846,0.53311783
green,P,word2vec_tiny_base,0.35771224,0.41550258,0.48451748,0.6449809,0.5311487,0.6846312
sweaty,P,word2vec_tiny_base,0.42121267,0.50734216,0.5230577,0.61775184,0.55779564,0.63027644
drip,P,word2vec_tiny_base,0.34978297,0.39103496,0.44300947,0.5159826,0.47748515,0.5523318
horseback,P,word2vec_tiny_base,0.30189082,0.3647122,0.35184535,0.402558,0.37160638,0.41993868
angle,H,word2vec_tiny_base,0.3342558,0.40604416,0.40212265,0.47148922,0.4295961,0.4988492
burp,P,word2vec_tiny_base,0.32518426,0.37759268,0.39100906,0.44173628,0.4239007,0.47316268
crook,P,word2vec_tiny_base,0.2932424,0.34260237,0.33923596,0.4057244,0.35956874,0.4180639
rosary,P,word2vec_tiny_base,0.21412733,0.2318218,0.25728568,0.26828387,0.2760226,0.2781888
newborn,P,word2vec_tiny_base,0.23507693,0.2561073,0.26978582,0.2766861,0.2839177,0.29017147
grenade,P,word2vec_tiny_base,0.34297603,0.41730434,0.38870168,0.44315845,0.40753075,0.44164053
frisky,M,word2vec_tiny_base,0.26488143,0.3472854,0.33035287,0.40120873,0.35852265,0.42665526
goose,P,word2vec_tiny_base,0.24299827,0.35282952,0.3881121,0.52710825,0.45881093,0.60776675
lag,P,word2vec_tiny_base,0.17206307,0.18020605,0.19871542,0.21000764,0.21026091,0.22444233
anger,P,word2vec_tiny_base,0.2883269,0.33944473,0.37313464,0.41041568,0.4073971,0.44899073
burner,P,word2vec_tiny_base,0.24549606,0.3321302,0.32408303,0.42994,0.36583382,0.47456142
terrain,M,word2vec_tiny_base,0.27540317,0.35019585,0.34230137,0.42519215,0.37282914,0.45101914
mercy,P,word2vec_tiny_base,0.35325605,0.40878755,0.4145408,0.43370888,0.44024688,0.45630547
shrimp,P,word2vec_tiny_base,0.19575526,0.2524283,0.33714607,0.44455338,0.4071726,0.5299384
ski,P,word2vec_tiny_base,0.33677098,0.42353192,0.38700017,0.47544512,0.41111267,0.48223105
stack,P,word2vec_tiny_base,0.3278051,0.43682158,0.4726451,0.61688477,0.5219103,0.65898055
definition,P,word2vec_tiny_base,0.26897278,0.30708456,0.34077626,0.3950815,0.36592323,0.41623986
elephant,M,word2vec_tiny_base,0.23549214,0.31261632,0.3645024,0.47405502,0.42927337,0.560128
injury,P,word2vec_tiny_base,0.20511082,0.29255074,0.29405767,0.3882239,0.33199224,0.42332113
computer,P,word2vec_tiny_base,0.2871984,0.4265152,0.40325192,0.57023776,0.460299,0.6345912
misty,P,word2vec_tiny_base,0.351623,0.40251517,0.41542724,0.38664833,0.44070444,0.3830708
electrical,M,word2vec_tiny_base,0.24219613,0.28517014,0.2867738,0.34124154,0.30465627,0.34938496
birthday,M,word2vec_tiny_base,0.3580636,0.4793599,0.48720443,0.62276846,0.53584695,0.646289
haunt,P,word2vec_tiny_base,0.25143203,0.2301302,0.29200536,0.2568591,0.3090935,0.26961854
pavement,P,word2vec_tiny_base,0.38318565,0.4715237,0.45791817,0.5578274,0.4856164,0.57791007
airfield,M,word2vec_tiny_base,0.2710274,0.3328321,0.32754833,0.3460424,0.34677246,0.36318564
unsure,P,word2vec_tiny_base,0.3431615,0.3904546,0.44202924,0.4733479,0.472156,0.4860172
monkey,P,word2vec_tiny_base,0.24865708,0.31820694,0.39000306,0.5066561,0.45752358,0.5878981
brisk,P,word2vec_tiny_base,0.19567648,0.2034882,0.2247222,0.23443833,0.23739214,0.24656382
clumsy,P,word2vec_tiny_base,0.3577291,0.38712138,0.48714566,0.5826898,0.55159956,0.6576203
beard,P,word2vec_tiny_base,0.3852711,0.50454134,0.5189626,0.6454019,0.56199,0.68299216
hateful,P,word2vec_tiny_base,0.19019198,0.206944,0.2260033,0.23576772,0.2433248,0.24874052
profound,P,word2vec_tiny_base,0.16530178,0.21069452,0.19208069,0.2412195,0.20477691,0.25323036
frightful,P,word2vec_tiny_base,0.20673242,0.28354192,0.24682695,0.33924195,0.26523027,0.35516933
outsider,P,word2vec_tiny_base,0.20758426,0.21446991,0.2433462,0.2378666,0.2556162,0.2450978
sweat,P,word2vec_tiny_base,0.3542033,0.4331533,0.4307673,0.4927832,0.4615879,0.5246756
stability,M,word2vec_tiny_base,0.19364238,0.24745612,0.23930645,0.2900779,0.25505406,0.3010732
strong,P,word2vec_tiny_base,0.39426395,0.54138,0.5224862,0.6599001,0.56434053,0.6738736
singer,P,word2vec_tiny_base,0.31890124,0.41585335,0.42420524,0.5422923,0.4704739,0.57702893
platter,P,word2vec_tiny_base,0.21708958,0.24444163,0.28124896,0.32565024,0.31579113,0.36677924
horn,P,word2vec_tiny_base,0.34952915,0.4705564,0.44620803,0.5714267,0.49034473,0.6156018
sting,P,word2vec_tiny_base,0.33901066,0.43272454,0.43493497,0.5266865,0.47597355,0.55679846
health,P,word2vec_tiny_base,0.33637208,0.39302474,0.38938212,0.41963497,0.41482908,0.43310195
dazzle,P,word2vec_tiny_base,0.30742195,0.34639657,0.36306587,0.42451704,0.3818694,0.43636093
headache,P,word2vec_tiny_base,0.32797024,0.38664353,0.44795376,0.5192555,0.490387,0.5464384
infant,P,word2vec_tiny_base,0.40436116,0.5266819,0.5116862,0.6202537,0.54809415,0.6218706
kitchen,M,word2vec_tiny_base,0.35337874,0.4677467,0.4615906,0.58319414,0.50956225,0.5967765
maker,P,word2vec_tiny_base,0.4196104,0.47691825,0.503207,0.531511,0.53319144,0.54789114
limit,P,word2vec_tiny_base,0.36748767,0.44944394,0.42019597,0.49287516,0.44104135,0.50158703
yard,H,word2vec_tiny_base,0.40458018,0.5403138,0.5326137,0.6740156,0.57705826,0.7058431
expense,P,word2vec_tiny_base,0.22315939,0.19761953,0.27518308,0.24046627,0.29853338,0.26974165
snug,P,word2vec_tiny_base,0.3262474,0.44727337,0.4344674,0.5022029,0.46742982,0.4995407
branch,P,word2vec_tiny_base,0.34886923,0.48006833,0.46620074,0.63078374,0.5144401,0.6779335
button,P,word2vec_tiny_base,0.3316582,0.4484562,0.45242932,0.58625096,0.5005996,0.62861496
hesitate,P,word2vec_tiny_base,0.31728128,0.3565512,0.36970466,0.41045234,0.39198968,0.4241227
jackpot,P,word2vec_tiny_base,0.24065045,0.22989166,0.27183023,0.25437224,0.28498524,0.2613761
reach,P,word2vec_tiny_base,0.4201699,0.54668593,0.53428596,0.6741796,0.5817316,0.7113822
virus,P,word2vec_tiny_base,0.31251028,0.38507348,0.39403507,0.46583077,0.42633775,0.5004432
workers,P,word2vec_tiny_base,0.35984048,0.5011293,0.4464869,0.58167654,0.4870024,0.620179
block,P,word2vec_tiny_base,0.38804364,0.49485135,0.48888713,0.59704,0.52347445,0.6303991
cradle,P,word2vec_tiny_base,0.31303918,0.33835843,0.3650987,0.38771608,0.3895159,0.40484005
peppermint,P,word2vec_tiny_base,0.2341756,0.25498185,0.27651817,0.32221687,0.2933715,0.34590763
punk,P,word2vec_tiny_base,0.20659599,0.21735737,0.2380373,0.24014561,0.2507409,0.25284204
solid,P,word2vec_tiny_base,0.35136634,0.44687188,0.41079333,0.49396473,0.4353079,0.5026283
morality,P,word2vec_tiny_base,0.130807,0.14086968,0.16098696,0.19558798,0.1755169,0.21162763
tackle,P,word2vec_tiny_base,0.3204856,0.32812282,0.38806552,0.41128173,0.41606373,0.4334124
mural,P,word2vec_tiny_base,0.27186906,0.33587185,0.36090294,0.45689175,0.40130165,0.50067157
bakery,M,word2vec_tiny_base,0.31505558,0.43435434,0.43538758,0.5626034,0.47471526,0.5838463
dramatic,P,word2vec_tiny_base,0.26232842,0.27909645,0.30841967,0.35879806,0.32386386,0.38499537
grasp,P,word2vec_tiny_base,0.2596274,0.33618653,0.31014997,0.39649484,0.33596608,0.41616607
frog,H,word2vec_tiny_base,0.30109745,0.38348284,0.43237144,0.557043,0.48702592,0.6151316
dig,P,word2vec_tiny_base,0.3481645,0.46950698,0.4967455,0.63581425,0.5491576,0.6832291
continent,P,word2vec_tiny_base,0.24652576,0.3087157,0.33426037,0.42568487,0.36183274,0.4406413
destiny,P,word2vec_tiny_base,0.2353332,0.31442252,0.2951128,0.36775,0.31922746,0.39620975
tune,P,word2vec_tiny_base,0.29643053,0.38430917,0.42819825,0.49201822,0.48071802,0.54053766
vision,P,word2vec_tiny_base,0.30223584,0.35762474,0.34747368,0.41488692,0.36788428,0.44024956
shave,P,word2vec_tiny_base,0.4253853,0.47563267,0.5196289,0.5942493,0.5525482,0.6086858
scan,P,word2vec_tiny_base,0.2555433,0.3208113,0.32350177,0.42123345,0.3533425,0.46189874
sitter,P,word2vec_tiny_base,0.32050014,0.2902892,0.36640933,0.31826112,0.38232505,0.33109024
steam,P,word2vec_tiny_base,0.37670812,0.48149356,0.46178052,0.56842655,0.49980575,0.59444636
keen,H,word2vec_tiny_base,0.34178883,0.39298767,0.39171425,0.40100136,0.4087114,0.38928878
rejoin,H,word2vec_tiny_base,0.17927876,0.21511921,0.20562615,0.2351072,0.21734005,0.24845505
autograph,P,word2vec_tiny_base,0.28649458,0.34946686,0.34349483,0.40629128,0.36942863,0.42353204
steward,P,word2vec_tiny_base,0.20020422,0.21194072,0.23008394,0.23981982,0.24315186,0.2490678
partner,P,word2vec_tiny_base,0.36046287,0.42905876,0.421781,0.48036337,0.4514232,0.501863
cast,P,word2vec_tiny_base,0.40163207,0.4859945,0.4834901,0.5565322,0.51422524,0.5992339
vengeful,M,word2vec_tiny_base,0.23004214,0.24369721,0.27065206,0.27116147,0.28544,0.283862
brilliance,P,word2vec_tiny_base,0.21938178,0.30114764,0.28109086,0.38789847,0.31151614,0.42634326
cockroach,M,word2vec_tiny_base,0.26179352,0.25669295,0.30533493,0.28833568,0.32264572,0.3012839
similar,M,word2vec_tiny_base,0.36176065,0.4692898,0.41927105,0.49453345,0.4412272,0.50504595
countless,M,word2vec_tiny_base,0.32421982,0.41013137,0.37695953,0.44622105,0.39789522,0.46661127
scramble,P,word2vec_tiny_base,0.26779613,0.3081392,0.31684768,0.37270668,0.33550835,0.40411752
antique,P,word2vec_tiny_base,0.2603162,0.2875552,0.30465156,0.33692315,0.3209659,0.33501646
skip,P,word2vec_tiny_base,0.38899884,0.5290404,0.5207678,0.6637061,0.5560043,0.66563624
generation,P,word2vec_tiny_base,0.3440178,0.36634755,0.39446744,0.41417402,0.41328022,0.4409107
treat,P,word2vec_tiny_base,0.30894512,0.39396438,0.41831154,0.48901036,0.4563736,0.49803686
gobble,H,word2vec_tiny_base,0.32228008,0.35076806,0.3976524,0.42029488,0.43492287,0.4660766
athlete,P,word2vec_tiny_base,0.26319304,0.3353342,0.3217312,0.40814844,0.34769493,0.43959793
rug,P,word2vec_tiny_base,0.26869136,0.37664345,0.41713113,0.5733474,0.47619507,0.6368107
paint,P,word2vec_tiny_base,0.2911786,0.3944855,0.41850933,0.52528155,0.47651622,0.5775915
passionate,P,word2vec_tiny_base,0.28230906,0.34742087,0.3488654,0.4033161,0.37694493,0.43709594
push,P,word2vec_tiny_base,0.35565597,0.51572436,0.48183346,0.65459466,0.53171897,0.68053216
liar,M,word2vec_tiny_base,0.27013505,0.34829482,0.38553697,0.49617633,0.43202496,0.5345321
password,M,word2vec_tiny_base,0.33286938,0.4022666,0.40441632,0.44948813,0.4344165,0.47856563
buzzard,P,word2vec_tiny_base,0.36010426,0.36068887,0.3962492,0.3025416,0.41475677,0.40889072
deadly,P,word2vec_tiny_base,0.24333,0.31818557,0.29296005,0.3731944,0.31892964,0.40591842
thorough,P,word2vec_tiny_base,0.2531241,0.301047,0.31598264,0.35192743,0.33763808,0.3658303
level,P,word2vec_tiny_base,0.3946712,0.43628642,0.44541934,0.50810564,0.46887723,0.5264615
offer,P,word2vec_tiny_base,0.39735046,0.46823433,0.4608152,0.4802884,0.48108703,0.47363436
jerk,H,word2vec_tiny_base,0.29295248,0.3510026,0.33679277,0.3822129,0.35516244,0.40449083
accurate,P,word2vec_tiny_base,0.25003275,0.28850815,0.30383405,0.355527,0.3319273,0.3874024
train,P,word2vec_tiny_base,0.2720154,0.37718314,0.40164357,0.5384272,0.45600578,0.5868556
dart,P,word2vec_tiny_base,0.32843804,0.39383876,0.40306282,0.4904161,0.43554142,0.52051145
insecure,P,word2vec_tiny_base,0.14789917,0.15716997,0.17631638,0.19415924,0.19016813,0.20747527
nibble,P,word2vec_tiny_base,0.36025786,0.46596646,0.4578464,0.52634925,0.4875621,0.54923964
bacon,M,word2vec_tiny_base,0.24412017,0.24812493,0.3112838,0.3192111,0.34625533,0.37882715
cope,H,word2vec_tiny_base,0.21393791,0.2542009,0.26437268,0.3096771,0.28915095,0.33766118
ballet,P,word2vec_tiny_base,0.35713753,0.45138237,0.44476855,0.5446997,0.47858024,0.57268643
soak,P,word2vec_tiny_base,0.36006463,0.45894593,0.4854953,0.60549426,0.5321023,0.6293452
steady,P,word2vec_tiny_base,0.44011647,0.5515979,0.5257261,0.5980149,0.55534977,0.60770243
perfume,P,word2vec_tiny_base,0.34549418,0.4848789,0.46325198,0.6105954,0.5074063,0.6465056
patient,P,word2vec_tiny_base,0.38815773,0.4524904,0.5005203,0.56693006,0.53794056,0.55442685
barefoot,M,word2vec_tiny_base,0.307375,0.36459675,0.35353374,0.43675542,0.37399292,0.44989306
stale,P,word2vec_tiny_base,0.22901866,0.26865995,0.2857277,0.32045913,0.31089827,0.36276725
invade,P,word2vec_tiny_base,0.14409521,0.14971565,0.16997151,0.19101779,0.18222639,0.20754753
fry,H,word2vec_tiny_base,0.19275658,0.22521736,0.2648693,0.31662893,0.30380955,0.36060774
fetch,P,word2vec_tiny_base,0.41150075,0.52055377,0.5057097,0.646554,0.5512764,0.67208886
stressful,M,word2vec_tiny_base,0.16792208,0.1794845,0.19613169,0.19735904,0.2091194,0.21180128
fabulous,P,word2vec_tiny_base,0.28213927,0.3572131,0.35227776,0.42908555,0.37901106,0.45219424
cabin,P,word2vec_tiny_base,0.31660324,0.4371026,0.46760568,0.61756814,0.5207168,0.6572016
lonesome,P,word2vec_tiny_base,0.2553923,0.2820394,0.29596084,0.3352138,0.31222034,0.34802788
jester,P,word2vec_tiny_base,0.35376748,0.42231488,0.41828957,0.502893,0.44767103,0.5223141
morale,M,word2vec_tiny_base,0.14421673,0.1659953,0.17478277,0.194591,0.19205372,0.21745676
assistant,P,word2vec_tiny_base,0.29847232,0.3598649,0.350764,0.41807085,0.37493888,0.4421268
fat,P,word2vec_tiny_base,0.30324197,0.37848517,0.46654323,0.5887876,0.5330955,0.66753536
contribute,P,word2vec_tiny_base,0.20518789,0.21023063,0.2499299,0.2647855,0.27440566,0.3029417
trend,P,word2vec_tiny_base,0.2530771,0.30632648,0.2921612,0.3544703,0.3089213,0.37263414
exhaust,P,word2vec_tiny_base,0.2241352,0.26097068,0.26097554,0.27140963,0.27461034,0.279816
jealous,P,word2vec_tiny_base,0.41605982,0.45068467,0.5438874,0.6710795,0.5881653,0.686899
blouse,P,word2vec_tiny_base,0.24813405,0.34674996,0.38786688,0.5235717,0.44758344,0.5885057
squid,M,word2vec_tiny_base,0.307248,0.38119483,0.377551,0.47324336,0.4076003,0.50345355
fragile,P,word2vec_tiny_base,0.4062357,0.54682183,0.5329572,0.6506199,0.5769431,0.6750872
worthless,P,word2vec_tiny_base,0.3356983,0.45071116,0.39941633,0.48063233,0.42207992,0.47379375
clinic,P,word2vec_tiny_base,0.31514165,0.37875322,0.4350176,0.51634705,0.4809636,0.56686765
hefty,P,word2vec_tiny_base,0.25630307,0.27527964,0.29542035,0.2886814,0.3097245,0.30088922
humor,P,word2vec_tiny_base,0.30086774,0.29122657,0.35037547,0.33621258,0.37096283,0.3757659
ultimate,P,word2vec_tiny_base,0.25404522,0.29769778,0.31190696,0.35675046,0.33587617,0.38685304
fruity,P,word2vec_tiny_base,0.28960833,0.261935,0.36376843,0.36980075,0.4001773,0.40783584
rowdy,P,word2vec_tiny_base,0.28456625,0.3192828,0.32465693,0.33010292,0.3402861,0.34576476
zone,P,word2vec_tiny_base,0.40773398,0.39420098,0.46813628,0.42882162,0.4931141,0.4439135
appreciate,P,word2vec_tiny_base,0.35109454,0.4097081,0.41716045,0.4311376,0.4424823,0.42158097
walrus,M,word2vec_tiny_base,0.33464545,0.38250792,0.3885883,0.42317748,0.4126135,0.44697765
instrument,P,word2vec_tiny_base,0.30936986,0.35351714,0.41825944,0.5075199,0.464457,0.5471851
vial,M,word2vec_tiny_base,0.18381973,0.18437238,0.21773571,0.22707033,0.22992538,0.24245141
microwave,P,word2vec_tiny_base,0.31457174,0.4110054,0.41014516,0.5223478,0.451213,0.55557686
mustard,P,word2vec_tiny_base,0.21143588,0.22003235,0.29419568,0.32547942,0.33352923,0.3877701
camper,P,word2vec_tiny_base,0.25244394,0.27315906,0.28799352,0.29672614,0.30227757,0.309029
wealthy,M,word2vec_tiny_base,0.32657093,0.44297582,0.46591473,0.6139579,0.5116296,0.62197375
robbery,M,word2vec_tiny_base,0.2773599,0.32577443,0.34849808,0.40009627,0.3749721,0.41258556
epic,P,word2vec_tiny_base,0.25277466,0.30968446,0.30364,0.39210346,0.32682782,0.41042706
lighthouse,M,word2vec_tiny_base,0.34204027,0.38689926,0.40757537,0.46304625,0.43512362,0.48910338
agony,P,word2vec_tiny_base,0.2272319,0.31153867,0.27064043,0.3757919,0.29164997,0.3987819
bike,P,word2vec_tiny_base,0.23212352,0.33941308,0.39128315,0.5378163,0.4535464,0.5936658
thrust,P,word2vec_tiny_base,0.23484182,0.3219133,0.29848582,0.40025404,0.3230888,0.4267106
basket,P,word2vec_tiny_base,0.38258243,0.5160706,0.4902043,0.604239,0.52824914,0.60996747
capable,P,word2vec_tiny_base,0.25811595,0.28484586,0.31650046,0.35580316,0.34488428,0.38083974
edible,P,word2vec_tiny_base,0.2618285,0.2895131,0.3136919,0.3513134,0.33520782,0.38068497
series,P,word2vec_tiny_base,0.29836392,0.36189356,0.34942803,0.42243555,0.37108773,0.44913945
backpack,P,word2vec_tiny_base,0.39221781,0.50962603,0.5007077,0.6206518,0.53589714,0.6295513
fear,P,word2vec_tiny_base,0.3051854,0.3911122,0.374279,0.41995943,0.4045491,0.43809345
gift,P,word2vec_tiny_base,0.37470978,0.49269688,0.4825514,0.5810564,0.5195218,0.5801912
giant,P,word2vec_tiny_base,0.36788362,0.48148468,0.4614524,0.5917053,0.49939317,0.60501975
timer,P,word2vec_tiny_base,0.37817454,0.48243293,0.4912713,0.6050664,0.53044116,0.6233958
hobby,H,word2vec_tiny_base,0.33937785,0.38669884,0.39725783,0.4321433,0.42015427,0.44479716
scrape,P,word2vec_tiny_base,0.2791458,0.3557245,0.36988944,0.47589892,0.41008544,0.5193645
pussycat,M,word2vec_tiny_base,0.27943942,0.33209336,0.31841797,0.365202,0.33540994,0.37529472
location,P,word2vec_tiny_base,0.29322338,0.36042702,0.34365672,0.43114904,0.36473155,0.4415747
wolf,P,word2vec_tiny_base,0.28958336,0.3852116,0.4060552,0.54174894,0.45723152,0.58013076
solar,P,word2vec_tiny_base,0.3114099,0.3794664,0.3908577,0.49253327,0.4245769,0.5257206
elevator,P,word2vec_tiny_base,0.37032256,0.4582984,0.46683875,0.59376824,0.5100271,0.64097893
evident,M,word2vec_tiny_base,0.16043775,0.18628421,0.18400063,0.2187289,0.19582379,0.23165542
flashlight,M,word2vec_tiny_base,0.36180303,0.4792111,0.47578147,0.6084087,0.51908475,0.65088916
exact,P,word2vec_tiny_base,0.33406138,0.42611328,0.39826953,0.4689039,0.42350152,0.48956144
debate,P,word2vec_tiny_base,0.21703689,0.28054133,0.2670086,0.30572027,0.2827013,0.307708
pump,H,word2vec_tiny_base,0.40700355,0.4991339,0.49080375,0.5645967,0.52337813,0.59776783
healthy,P,word2vec_tiny_base,0.4484136,0.5695589,0.5238011,0.62896055,0.55418104,0.6266162
therapy,P,word2vec_tiny_base,0.28369194,0.32622954,0.34479198,0.37666225,0.3687702,0.38535714
crafty,M,word2vec_tiny_base,0.30703816,0.3709748,0.35277775,0.42336464,0.37062183,0.43887895
wandering,P,word2vec_tiny_base,0.33077785,0.4489742,0.4543464,0.5609103,0.49744302,0.59116584
club,P,word2vec_tiny_base,0.36219868,0.47580913,0.4662319,0.6263264,0.50745946,0.67043257
racetrack,M,word2vec_tiny_base,0.2507294,0.2750247,0.28719732,0.30287766,0.30112448,0.3175484
orb,P,word2vec_tiny_base,0.29291382,0.31342694,0.3517228,0.41515103,0.37439236,0.44104326
girlfriend,P,word2vec_tiny_base,0.25207055,0.2722376,0.2913061,0.29056466,0.30858615,0.31408644
dispenser,M,word2vec_tiny_base,0.23850158,0.29249144,0.29174158,0.35804218,0.3147193,0.372481
conscience,P,word2vec_tiny_base,0.21430817,0.21947174,0.26792085,0.27365315,0.29291368,0.2871907
connect,P,word2vec_tiny_base,0.32429352,0.44528785,0.40879548,0.49580732,0.4418607,0.5286089
truck,H,word2vec_tiny_base,0.2883834,0.35632336,0.40662944,0.5366502,0.45283976,0.5778253
banana,P,word2vec_tiny_base,0.2891978,0.32181793,0.40622658,0.48322943,0.46279836,0.5599068
weep,P,word2vec_tiny_base,0.35388392,0.478688,0.5040253,0.6486911,0.5569878,0.67921466
goal,P,word2vec_tiny_base,0.343336,0.4565802,0.467467,0.5675195,0.51031023,0.5667794
purpose,P,word2vec_tiny_base,0.4458185,0.43787566,0.5011084,0.45050225,0.51898825,0.4632889
nation,P,word2vec_tiny_base,0.32606274,0.45410684,0.4648882,0.620584,0.51340705,0.65330994
slingshot,M,word2vec_tiny_base,0.3377034,0.3872786,0.4256765,0.49789697,0.45954743,0.5276627
proper,P,word2vec_tiny_base,0.36603183,0.42307508,0.41724578,0.46485406,0.438659,0.4642546
noon,M,word2vec_tiny_base,0.40789747,0.5241052,0.5224971,0.668098,0.5655794,0.6931583
calculate,P,word2vec_tiny_base,0.21570499,0.25231296,0.2572393,0.30129877,0.27425927,0.3129943
salmon,P,word2vec_tiny_base,0.29847288,0.3827813,0.35554433,0.44037944,0.38040173,0.46886402
overhead,P,word2vec_tiny_base,0.31574914,0.36139783,0.39249173,0.4698992,0.42602128,0.5034091
mighty,P,word2vec_tiny_base,0.30349118,0.41958487,0.43863544,0.58173364,0.49669078,0.6334215
galaxy,P,word2vec_tiny_base,0.3169813,0.43300006,0.39506105,0.523137,0.42918053,0.5428479
mirror,P,word2vec_tiny_base,0.41174585,0.5004562,0.49008918,0.5904251,0.52294064,0.6276894
crowd,P,word2vec_tiny_base,0.33411786,0.42011756,0.4297543,0.53976256,0.46532166,0.5696086
bullet,P,word2vec_tiny_base,0.30625942,0.39754218,0.3830308,0.48350355,0.4185938,0.51522297
fishy,P,word2vec_tiny_base,0.21397825,0.2563296,0.32169423,0.42938292,0.38327172,0.51438534
strike,P,word2vec_tiny_base,0.35986453,0.4985289,0.49462017,0.6680089,0.5454294,0.702262
havoc,P,word2vec_tiny_base,0.24755606,0.35164443,0.29676282,0.39350024,0.32017747,0.41752565
prosperous,P,word2vec_tiny_base,0.253004,0.24409054,0.2942021,0.26918405,0.3107134,0.29558966
puck,M,word2vec_tiny_base,0.34060612,0.4603946,0.4574462,0.6018787,0.50178206,0.64201653
stairway,M,word2vec_tiny_base,0.29416522,0.35386932,0.341854,0.40889627,0.36046898,0.41721904
indulge,P,word2vec_tiny_base,0.1606189,0.18233523,0.19053553,0.21621142,0.20416541,0.22846422
lure,P,word2vec_tiny_base,0.35400957,0.38761207,0.42299145,0.46203583,0.44750482,0.48776942
jet,H,word2vec_tiny_base,0.24749002,0.37294948,0.4187728,0.5928478,0.48050293,0.6496203
efficient,P,word2vec_tiny_base,0.28360015,0.32306588,0.33544204,0.38069203,0.35766885,0.39489523
surround,P,word2vec_tiny_base,0.27006492,0.32463554,0.326929,0.3892061,0.3510286,0.42239273
impolite,M,word2vec_tiny_base,0.17673251,0.17716245,0.21550731,0.23280479,0.23442481,0.24196081
rocker,P,word2vec_tiny_base,0.34885654,0.40466282,0.3960462,0.44936484,0.41727874,0.46340254
topic,P,word2vec_tiny_base,0.32185203,0.3480403,0.39368477,0.44517338,0.42361695,0.483405
sunshine,P,word2vec_tiny_base,0.3290011,0.41015097,0.41568193,0.51261765,0.45215234,0.5328256
subtle,P,word2vec_tiny_base,0.25322205,0.28891864,0.30540657,0.34558314,0.32627618,0.38176978
warmed,P,word2vec_tiny_base,0.3771338,0.4338134,0.45854202,0.50829744,0.48677322,0.53665984
hatred,M,word2vec_tiny_base,0.17513135,0.21933703,0.21176922,0.26376516,0.23059912,0.28839877
antenna,P,word2vec_tiny_base,0.29736906,0.39587584,0.38905862,0.49731666,0.4253401,0.5412697
elderly,M,word2vec_tiny_base,0.3534401,0.47387314,0.47917002,0.6055156,0.5197266,0.600016
talent,P,word2vec_tiny_base,0.3246817,0.3961097,0.40917373,0.45260826,0.43732235,0.48538864
tooth,P,word2vec_tiny_base,0.41627026,0.5274,0.497354,0.6147002,0.530566,0.64343107
modesty,P,word2vec_tiny_base,0.18906215,0.22689247,0.24023399,0.29764214,0.2703502,0.33652866
mute,P,word2vec_tiny_base,0.20792775,0.23447277,0.24259159,0.2567983,0.2566922,0.27159655
prosperity,M,word2vec_tiny_base,0.16142705,0.19320795,0.19546686,0.23016714,0.2139596,0.2471164
chowder,M,word2vec_tiny_base,0.25242338,0.29976854,0.29406014,0.34121186,0.31098625,0.35009968
starve,P,word2vec_tiny_base,0.20385739,0.20147526,0.22877146,0.21624799,0.2406242,0.2271987
moth,P,word2vec_tiny_base,0.4030713,0.43574753,0.4585515,0.48730853,0.47987947,0.5007775
mug,P,word2vec_tiny_base,0.29562503,0.4223214,0.4078819,0.56290585,0.46188915,0.6163719
panel,P,word2vec_tiny_base,0.26292834,0.3548291,0.34536794,0.46274945,0.38417792,0.5115736
tender,H,word2vec_tiny_base,0.26359165,0.24694516,0.31917703,0.3324927,0.3500303,0.36818287
robe,P,word2vec_tiny_base,0.35273603,0.44428265,0.47492394,0.5988658,0.5202793,0.64147604
expand,P,word2vec_tiny_base,0.29086807,0.36860007,0.35108176,0.43044984,0.3751914,0.45609003
flame,P,word2vec_tiny_base,0.33538136,0.4639285,0.45657417,0.59105027,0.5021744,0.6233962
positive,P,word2vec_tiny_base,0.26199389,0.290223,0.31836474,0.36017314,0.34599122,0.3771434
hungry,P,word2vec_tiny_base,0.41896924,0.56021476,0.5172494,0.65514123,0.5565362,0.6749787
bank,H,word2vec_tiny_base,0.42996788,0.54906493,0.530084,0.6336927,0.5576683,0.64538854
bark,H,word2vec_tiny_base,0.37004757,0.4864923,0.480065,0.598996,0.52250284,0.62363476
posture,P,word2vec_tiny_base,0.18736875,0.228926,0.21399288,0.24703646,0.22557263,0.25633505
tangible,P,word2vec_tiny_base,0.13733463,0.14853692,0.16398126,0.18110684,0.1767767,0.20249425
harvest,P,word2vec_tiny_base,0.2909003,0.3360225,0.4056896,0.46781617,0.44998062,0.5162854
powder,P,word2vec_tiny_base,0.34810504,0.44701,0.45370635,0.5999459,0.49456748,0.63087326
sensation,P,word2vec_tiny_base,0.28772107,0.38692883,0.38727352,0.46783334,0.42536786,0.50618905
gloom,P,word2vec_tiny_base,0.2304327,0.30312163,0.29703298,0.39087725,0.33084503,0.41645807
climax,P,word2vec_tiny_base,0.1917629,0.21627697,0.22502741,0.25393873,0.2401749,0.27360842
selfless,M,word2vec_tiny_base,0.1930702,0.25553238,0.23912378,0.2942229,0.2613332,0.31521425
brandy,P,word2vec_tiny_base,0.20493421,0.18512183,0.24184321,0.19149573,0.2630147,0.23329706
simmer,P,word2vec_tiny_base,0.1701209,0.1996156,0.20625095,0.24051814,0.22344725,0.25506938
ashamed,P,word2vec_tiny_base,0.35398978,0.47244087,0.47891098,0.63515466,0.53242373,0.6496509
stinky,M,word2vec_tiny_base,0.31596,0.37670955,0.44189715,0.50442535,0.48784524,0.55033165
grunt,P,word2vec_tiny_base,0.27176195,0.34165466,0.3486767,0.4361576,0.38322118,0.47210073
flush,H,word2vec_tiny_base,0.33432284,0.4309935,0.4264139,0.5016581,0.45785773,0.5407452
pulp,P,word2vec_tiny_base,0.24136105,0.30502623,0.3210429,0.39115304,0.35574737,0.43221778
slumber,P,word2vec_tiny_base,0.25612265,0.3322712,0.30950302,0.3869926,0.33268318,0.40605742
empathy,P,word2vec_tiny_base,0.15780051,0.16951588,0.19927755,0.21400915,0.22285406,0.2502941
pedestal,P,word2vec_tiny_base,0.24860172,0.2620482,0.29142067,0.3061122,0.30773684,0.32045618
stylish,M,word2vec_tiny_base,0.32313305,0.3873242,0.41125542,0.488581,0.4506897,0.54404724
pity,P,word2vec_tiny_base,0.3143664,0.35108262,0.3784047,0.3971389,0.402848,0.42636022
defend,P,word2vec_tiny_base,0.30135402,0.33087265,0.39013606,0.43544608,0.42910844,0.48532164
skilled,P,word2vec_tiny_base,0.28961536,0.34187618,0.3627903,0.41477892,0.3973236,0.45374486
fulfill,P,word2vec_tiny_base,0.24909696,0.3008965,0.32975575,0.38058856,0.36198056,0.39972818
skid,P,word2vec_tiny_base,0.23410118,0.30899456,0.3290404,0.4323954,0.36579987,0.48261744
navigate,P,word2vec_tiny_base,0.30686408,0.37386903,0.36247787,0.4405282,0.38537207,0.465202
crocodile,P,word2vec_tiny_base,0.22629635,0.33370423,0.35732743,0.5101388,0.42402348,0.57518196
tenth,P,word2vec_tiny_base,0.3399027,0.3810244,0.43138596,0.4193481,0.47495908,0.48825738
ingredient,P,word2vec_tiny_base,0.33291554,0.35011947,0.41093704,0.44062075,0.43877482,0.46454808
gull,H,word2vec_tiny_base,0.19973043,0.22734968,0.22958097,0.24633881,0.24198025,0.2594511
toot,P,word2vec_tiny_base,0.3099317,0.354716,0.4118037,0.5427449,0.45731053,0.5986119
draw,P,word2vec_tiny_base,0.28131428,0.3583522,0.4024557,0.503521,0.4605751,0.56001437
drill,H,word2vec_tiny_base,0.2996779,0.37850064,0.3762523,0.48985943,0.41376916,0.52716243
elegance,P,word2vec_tiny_base,0.22485623,0.3003699,0.27497578,0.36925286,0.2928454,0.38788623
mischief,P,word2vec_tiny_base,0.39068422,0.46761176,0.452674,0.49257958,0.4777459,0.50424874
mirage,P,word2vec_tiny_base,0.3870955,0.46443808,0.4445923,0.50206774,0.46826485,0.51110935
rule,P,word2vec_tiny_base,0.4146188,0.46758777,0.49206552,0.5117938,0.51858956,0.51272935
tornado,M,word2vec_tiny_base,0.35060307,0.4580046,0.47560623,0.5974645,0.51894593,0.62709534
monstrous,P,word2vec_tiny_base,0.2354596,0.25941628,0.29203832,0.3597041,0.31578255,0.38817987
mellow,P,word2vec_tiny_base,0.30180964,0.34549388,0.34448802,0.37416333,0.36122796,0.37729746
watering,P,word2vec_tiny_base,0.35008043,0.4247788,0.45297286,0.52265877,0.5006215,0.5793535
musician,P,word2vec_tiny_base,0.32335863,0.3991485,0.44488648,0.5791051,0.49390906,0.6246142
ignorance,M,word2vec_tiny_base,0.20483747,0.26152858,0.26691878,0.34411043,0.29197264,0.3684805
scratch,P,word2vec_tiny_base,0.35739118,0.4329631,0.4438771,0.53579277,0.48280537,0.55682063
slow,P,word2vec_tiny_base,0.39615422,0.49424767,0.50358886,0.5851947,0.5420929,0.62051874
beach,P,word2vec_tiny_base,0.31697878,0.40114644,0.43908337,0.53851026,0.49426287,0.6037417
pesky,M,word2vec_tiny_base,0.30155247,0.3627218,0.36245546,0.42310953,0.3915991,0.4476336
lemon,P,word2vec_tiny_base,0.2645879,0.30412066,0.40957642,0.47948173,0.46368766,0.5205184
backward,P,word2vec_tiny_base,0.39515868,0.48635498,0.516444,0.5941416,0.557396,0.63192683
groundhog,M,word2vec_tiny_base,0.24074109,0.30139714,0.2892032,0.36421844,0.3127436,0.39188424
brow,P,word2vec_tiny_base,0.23640895,0.33165962,0.29517487,0.39222974,0.32011458,0.41467077
flag,H,word2vec_tiny_base,0.37697333,0.499327,0.46522468,0.6301814,0.50328445,0.6666836
studio,P,word2vec_tiny_base,0.34400892,0.40269202,0.42429873,0.51921195,0.4555024,0.5335897
wet,P,word2vec_tiny_base,0.32027328,0.4704961,0.46514565,0.62052214,0.5149492,0.6526604
keyboard,P,word2vec_tiny_base,0.30203968,0.41495022,0.38858944,0.5128981,0.43110603,0.55871
lung,M,word2vec_tiny_base,0.39681715,0.53176063,0.49059334,0.6403784,0.52585393,0.668267
surface,P,word2vec_tiny_base,0.3385503,0.3943995,0.4129584,0.49352148,0.44577104,0.5200417
arrive,P,word2vec_tiny_base,0.41898507,0.545691,0.5092509,0.6358942,0.5460109,0.6541791
strut,H,word2vec_tiny_base,0.27971035,0.33061445,0.35610726,0.41772088,0.38215852,0.4503358
tactic,M,word2vec_tiny_base,0.30477884,0.30807307,0.34004316,0.31697777,0.35585022,0.3329119
skinny,P,word2vec_tiny_base,0.41059947,0.48936656,0.48606223,0.56402844,0.5125586,0.58848345
tasty,M,word2vec_tiny_base,0.28488067,0.38907075,0.38959587,0.46707782,0.42895538,0.49155626
remind,P,word2vec_tiny_base,0.40862513,0.552451,0.50465643,0.56049246,0.53423685,0.51802343
blindfold,P,word2vec_tiny_base,0.31576884,0.36372125,0.36846977,0.38753188,0.39086792,0.41070282
drool,P,word2vec_tiny_base,0.29588336,0.35353383,0.3631931,0.4477757,0.3944667,0.47519726
swoop,P,word2vec_tiny_base,0.35135722,0.44035843,0.43418664,0.50945467,0.46690047,0.5416587
gas,P,word2vec_tiny_base,0.34380484,0.48613703,0.44799086,0.55921745,0.48910594,0.59690636
ankle,M,word2vec_tiny_base,0.27587926,0.3674733,0.36813423,0.4798585,0.40475038,0.50506765
reporter,P,word2vec_tiny_base,0.3217341,0.39078894,0.39576694,0.4724417,0.43028224,0.5040147
scheme,P,word2vec_tiny_base,0.20191398,0.1926668,0.2303515,0.2305372,0.24353427,0.24566233
accomplish,P,word2vec_tiny_base,0.25682274,0.27032652,0.3409631,0.3533906,0.380392,0.38349798
adapt,P,word2vec_tiny_base,0.20874028,0.22211426,0.26186073,0.27529982,0.2903297,0.3006556
massive,P,word2vec_tiny_base,0.26125866,0.33322838,0.32522982,0.40368077,0.3508275,0.43215665
proposal,P,word2vec_tiny_base,0.2357258,0.31836697,0.27788222,0.37065342,0.297672,0.3947896
count,H,word2vec_tiny_base,0.40210825,0.45915356,0.52617306,0.6313527,0.5693431,0.6674115
minus,P,word2vec_tiny_base,0.1899165,0.17922729,0.26730472,0.3090855,0.31785166,0.3956474
bath,P,word2vec_tiny_base,0.3456022,0.44126397,0.47588113,0.5356274,0.5223602,0.5719074
limousine,P,word2vec_tiny_base,0.31090075,0.34108752,0.37098435,0.3818997,0.3919164,0.3991837
glitter,P,word2vec_tiny_base,0.29850277,0.40686372,0.38979474,0.5085746,0.4283775,0.54955184
soup,P,word2vec_tiny_base,0.23229551,0.33226395,0.3213532,0.44015077,0.3621928,0.47545835
portable,P,word2vec_tiny_base,0.2794163,0.33975923,0.32952455,0.38931733,0.34726351,0.39667282
helicopter,M,word2vec_tiny_base,0.27290803,0.3792112,0.42981756,0.59743553,0.48904404,0.64899045
skull,P,word2vec_tiny_base,0.32687396,0.41062927,0.43553382,0.56761074,0.48354614,0.63187504
yacht,P,word2vec_tiny_base,0.23362872,0.30334225,0.38054752,0.5257294,0.44761997,0.6015397
jog,H,word2vec_tiny_base,0.39848298,0.5460895,0.5284203,0.6827533,0.5722836,0.7217419
inspire,P,word2vec_tiny_base,0.20381,0.24226479,0.25696328,0.29715827,0.28541794,0.33139512
chin,P,word2vec_tiny_base,0.35038093,0.47157624,0.4270876,0.5163667,0.45552224,0.5342552
casserole,P,word2vec_tiny_base,0.20383617,0.20142181,0.24887605,0.2576498,0.27201563,0.29006034
nervous,P,word2vec_tiny_base,0.30439234,0.38512862,0.49025804,0.63998115,0.55370855,0.6873277
clamp,P,word2vec_tiny_base,0.2632327,0.2610787,0.30191323,0.32159752,0.31788692,0.32486758
relative,P,word2vec_tiny_base,0.30695024,0.38259637,0.3668271,0.43980068,0.39218614,0.45869234
batch,P,word2vec_tiny_base,0.3269961,0.28458995,0.3822252,0.37993324,0.40948808,0.40623307
loyalty,P,word2vec_tiny_base,0.2179681,0.26949778,0.29681835,0.34734654,0.33085006,0.37501574
brittle,P,word2vec_tiny_base,0.34232235,0.40909633,0.41006908,0.454524,0.43631667,0.46415246
click,P,word2vec_tiny_base,0.33796412,0.4434188,0.4383579,0.5593066,0.4822059,0.597264
population,P,word2vec_tiny_base,0.1919591,0.20487814,0.21925612,0.23175235,0.23139697,0.24415554
outline,P,word2vec_tiny_base,0.2750013,0.33793807,0.35945937,0.46572065,0.39159432,0.5056021
peep,H,word2vec_tiny_base,0.28661126,0.34836566,0.36928752,0.47210333,0.4135926,0.53509265
birthmark,M,word2vec_tiny_base,0.19316503,0.20959786,0.23512055,0.2488253,0.25289047,0.26777565
task,P,word2vec_tiny_base,0.37371895,0.4663391,0.45706508,0.48873135,0.48924714,0.5051583
coconut,P,word2vec_tiny_base,0.37569815,0.43510002,0.4451209,0.52520263,0.47659424,0.556854
decipher,P,word2vec_tiny_base,0.16302416,0.1797845,0.18742636,0.19846776,0.19865109,0.21043521
guardian,P,word2vec_tiny_base,0.3466277,0.38317436,0.40486556,0.43872982,0.4275628,0.45079434
runner,P,word2vec_tiny_base,0.34204808,0.4453436,0.46223962,0.5869979,0.50857234,0.61451024
moody,P,word2vec_tiny_base,0.14165434,0.15749077,0.16483012,0.18699344,0.17625089,0.2033458
diver,P,word2vec_tiny_base,0.33995184,0.44440728,0.44536436,0.5942399,0.48865676,0.63198173
punish,P,word2vec_tiny_base,0.3875848,0.5286432,0.48840728,0.62437373,0.53384745,0.65218097
constant,P,word2vec_tiny_base,0.22187853,0.2662239,0.2735649,0.33279184,0.2969998,0.3578735
cowgirl,P,word2vec_tiny_base,0.354001,0.43415698,0.43725404,0.531504,0.473825,0.5677832
concern,P,word2vec_tiny_base,0.26993465,0.31623307,0.33103913,0.38666022,0.355917,0.41188458
remove,P,word2vec_tiny_base,0.39112902,0.53103685,0.50359285,0.6630537,0.55070615,0.68896085
shift,P,word2vec_tiny_base,0.27669063,0.34742978,0.33358586,0.4122286,0.35777432,0.43911183
pinch,P,word2vec_tiny_base,0.372246,0.52222353,0.49666122,0.64512277,0.53694147,0.6517482
adorable,P,word2vec_tiny_base,0.32187027,0.39826852,0.46244487,0.5706072,0.53111696,0.65444183
zebra,M,word2vec_tiny_base,0.22449103,0.30936682,0.3721303,0.5092093,0.4425618,0.5805683
stash,P,word2vec_tiny_base,0.40752554,0.47335008,0.4679203,0.51505417,0.49138772,0.5306799
rage,P,word2vec_tiny_base,0.26713777,0.33335006,0.3286229,0.39126825,0.35617387,0.42469272
raincoat,M,word2vec_tiny_base,0.32922548,0.36107817,0.4719591,0.5753926,0.53481764,0.6429523
crisp,P,word2vec_tiny_base,0.30710733,0.32911083,0.3642356,0.40954354,0.3959185,0.46344095
grow,P,word2vec_tiny_base,0.3400075,0.4865114,0.48237038,0.60831296,0.53540254,0.6448087
lair,P,word2vec_tiny_base,0.2456115,0.30183497,0.31183016,0.39712575,0.34484595,0.43231806
smudge,P,word2vec_tiny_base,0.33031732,0.3882301,0.41061944,0.46990615,0.44260177,0.51443475
virtue,P,word2vec_tiny_base,0.23374338,0.24983461,0.2884122,0.2979627,0.31442344,0.32568514
tremble,P,word2vec_tiny_base,0.36441988,0.49786776,0.4929539,0.65016526,0.5402821,0.6688682
numerous,P,word2vec_tiny_base,0.2671639,0.3112171,0.30855596,0.34435588,0.32358924,0.35186085
spoil,P,word2vec_tiny_base,0.42451096,0.53011405,0.54223233,0.6698664,0.582182,0.67026824
strand,H,word2vec_tiny_base,0.29891682,0.33998436,0.36433467,0.46072227,0.39407822,0.49593925
shady,P,word2vec_tiny_base,0.42463106,0.5224416,0.5400594,0.66632116,0.5837753,0.69677263
porcelain,P,word2vec_tiny_base,0.27139923,0.33853453,0.32136008,0.38078874,0.34232572,0.39362457
leak,P,word2vec_tiny_base,0.39986765,0.497923,0.49984223,0.62467855,0.5382895,0.6273362
untouched,P,word2vec_tiny_base,0.31923908,0.39082092,0.37659314,0.44242266,0.39887846,0.45685416
cluck,P,word2vec_tiny_base,0.27450356,0.34617528,0.3995007,0.49325284,0.45399016,0.5552867
badge,P,word2vec_tiny_base,0.3506271,0.48290908,0.47112453,0.5954778,0.5140004,0.625607
fateful,P,word2vec_tiny_base,0.2644963,0.33972782,0.30393195,0.38049853,0.3199286,0.40260684
rag,H,word2vec_tiny_base,0.30707228,0.40195495,0.40314984,0.5285923,0.45512483,0.5967625
agency,P,word2vec_tiny_base,0.23856945,0.2574032,0.2752878,0.28672895,0.28872254,0.29420882
kicker,P,word2vec_tiny_base,0.29984605,0.40004143,0.39477634,0.47369877,0.43368676,0.49988
impossible,P,word2vec_tiny_base,0.34852046,0.41145158,0.40799537,0.45057422,0.4328563,0.47274628
splinter,P,word2vec_tiny_base,0.30829626,0.3759529,0.39177376,0.46566084,0.4244084,0.50906026
brighten,P,word2vec_tiny_base,0.35798687,0.3658462,0.4220881,0.39483583,0.45018378,0.41341212
character,P,word2vec_tiny_base,0.39326075,0.46991646,0.47748336,0.5214593,0.5035969,0.5239965
conscious,P,word2vec_tiny_base,0.16914107,0.18646917,0.20219177,0.22737929,0.22091223,0.25570545
cello,M,word2vec_tiny_base,0.25625736,0.31467518,0.33648723,0.42777637,0.36894366,0.45187047
device,P,word2vec_tiny_base,0.34985995,0.4106353,0.42915952,0.5212733,0.46029374,0.55766153
seed,P,word2vec_tiny_base,0.31348747,0.40126798,0.45356777,0.54078925,0.5049796,0.6019596
feature,P,word2vec_tiny_base,0.290322,0.3666435,0.33424872,0.40438038,0.35568386,0.42160025
hammock,M,word2vec_tiny_base,0.32451257,0.39217788,0.38535008,0.45208305,0.41239068,0.47514713
stride,P,word2vec_tiny_base,0.1909685,0.20995383,0.22652604,0.24798061,0.24110481,0.2670922
patrol,P,word2vec_tiny_base,0.31611443,0.3956936,0.38054916,0.4353205,0.40383992,0.45271182
boom,H,word2vec_tiny_base,0.34026116,0.4370147,0.43825877,0.5393934,0.48244876,0.570137
tall,P,word2vec_tiny_base,0.39861366,0.52667296,0.49515674,0.65224266,0.5354728,0.6807795
scrap,H,word2vec_tiny_base,0.25937298,0.32426614,0.32679248,0.42878252,0.35940206,0.4724329
outer,M,word2vec_tiny_base,0.35807237,0.44403985,0.43135285,0.50678873,0.4656347,0.5308204
journal,P,word2vec_tiny_base,0.23351058,0.31205752,0.39050105,0.53378284,0.45533013,0.6026667
humble,P,word2vec_tiny_base,0.24745652,0.3407096,0.40522048,0.5535609,0.4771863,0.61018676
lemonade,M,word2vec_tiny_base,0.32447088,0.4007104,0.415973,0.45143193,0.45475587,0.47684655
mixture,P,word2vec_tiny_base,0.26246718,0.31971538,0.34538388,0.42639,0.3832572,0.45833978
jumbo,P,word2vec_tiny_base,0.34354064,0.38083932,0.41095307,0.49752364,0.43986836,0.5207955
mattress,P,word2vec_tiny_base,0.28519318,0.3846147,0.4440566,0.59948,0.49733585,0.6562213
sway,P,word2vec_tiny_base,0.37700087,0.48496276,0.46711913,0.56295353,0.49790955,0.5751631
adjust,P,word2vec_tiny_base,0.31105193,0.38558188,0.38343135,0.4775086,0.41467685,0.5135048
hippo,M,word2vec_tiny_base,0.21284492,0.3185346,0.3468011,0.4887608,0.41411227,0.5626347
pharmacy,P,word2vec_tiny_base,0.30023864,0.3725477,0.36805627,0.4394005,0.39598128,0.45390224
guilt,P,word2vec_tiny_base,0.25066486,0.31660983,0.33534402,0.38604218,0.36585522,0.40995526
yellow,P,word2vec_tiny_base,0.28399366,0.38904694,0.46090844,0.60096866,0.51968867,0.6467022
stretch,P,word2vec_tiny_base,0.39465204,0.57092494,0.50642496,0.68694395,0.5512235,0.72145444
untie,P,word2vec_tiny_base,0.32823998,0.4373638,0.46545604,0.5933463,0.5225643,0.63743186
invention,P,word2vec_tiny_base,0.28968614,0.33986282,0.35462567,0.42018843,0.38327676,0.44897744
sailboat,M,word2vec_tiny_base,0.26751673,0.31032926,0.3803691,0.4847457,0.43415278,0.5407213
degree,P,word2vec_tiny_base,0.18577965,0.2042561,0.21308474,0.23052256,0.22569804,0.23494971
strange,P,word2vec_tiny_base,0.38130912,0.51725006,0.4941393,0.61624116,0.53230256,0.60800326
threshold,P,word2vec_tiny_base,0.23369667,0.30026302,0.28038716,0.35517338,0.29878035,0.38097855
nutty,P,word2vec_tiny_base,0.2677819,0.27060577,0.3886144,0.46591163,0.44248086,0.53319913
evil,P,word2vec_tiny_base,0.2959009,0.3401773,0.3790842,0.4345709,0.41191283,0.46025234
grid,P,word2vec_tiny_base,0.2675559,0.35377926,0.33401254,0.43527567,0.37400237,0.4842025
cheeky,M,word2vec_tiny_base,0.31320405,0.33013952,0.35957015,0.36102775,0.37869057,0.380221
setback,P,word2vec_tiny_base,0.1750205,0.22924814,0.21594094,0.2814673,0.23429719,0.30363336
smart,P,word2vec_tiny_base,0.32458726,0.37224075,0.46954527,0.595338,0.5228377,0.6319098
powerless,P,word2vec_tiny_base,0.26236033,0.3327514,0.31502146,0.3897213,0.33699733,0.40807128
drug,P,word2vec_tiny_base,0.18214802,0.22357927,0.21708243,0.2456392,0.23174408,0.25722027
bowler,H,word2vec_tiny_base,0.21315452,0.21509601,0.247084,0.25441608,0.26123273,0.26290572
personnel,P,word2vec_tiny_base,0.24145731,0.2578807,0.2768429,0.28637135,0.2903678,0.2975921
enforce,P,word2vec_tiny_base,0.24881855,0.23981735,0.29326317,0.27918637,0.31196472,0.28726324
scientist,M,word2vec_tiny_base,0.40395552,0.5036381,0.4904842,0.57710075,0.51887214,0.5745992
toll,H,word2vec_tiny_base,0.29092732,0.3545317,0.35074303,0.42347658,0.3790357,0.44856748
soil,H,word2vec_tiny_base,0.34090012,0.49737054,0.42520142,0.5839761,0.4695055,0.6207354
near,P,word2vec_tiny_base,0.4833735,0.60806304,0.5751691,0.69976205,0.6115895,0.71838224
fling,P,word2vec_tiny_base,0.23488197,0.28157374,0.28338504,0.35507625,0.307177,0.3767906
tolerate,P,word2vec_tiny_base,0.16060364,0.19238229,0.19862561,0.23733054,0.21473208,0.24620935
suspense,P,word2vec_tiny_base,0.225545,0.29612628,0.26899937,0.34254083,0.28920293,0.3643293
mechanism,P,word2vec_tiny_base,0.25454912,0.31470576,0.2972252,0.38321152,0.31202406,0.40661862
magical,P,word2vec_tiny_base,0.32500452,0.4259295,0.40688965,0.48667267,0.4378924,0.49498102
strip,H,word2vec_tiny_base,0.3693812,0.4527131,0.46296296,0.5866677,0.5056278,0.642053
squeeze,P,word2vec_tiny_base,0.40063366,0.5380184,0.5199603,0.67701054,0.55619705,0.69171613
gap,P,word2vec_tiny_base,0.4201416,0.57425475,0.50890976,0.6404898,0.53956187,0.6462711
tiny,M,word2vec_tiny_base,0.41849834,0.55590767,0.50290906,0.61274415,0.5360404,0.6460769
hockey,P,word2vec_tiny_base,0.30373454,0.40781334,0.4552441,0.611358,0.5104308,0.65681803
label,P,word2vec_tiny_base,0.40842414,0.49827737,0.51917577,0.626126,0.558761,0.6574398
deserve,P,word2vec_tiny_base,0.42184702,0.46948457,0.49921426,0.50957394,0.52549744,0.52696323
briefcase,M,word2vec_tiny_base,0.30911562,0.41767138,0.406967,0.5240439,0.44285855,0.5589925
betray,P,word2vec_tiny_base,0.14198548,0.16001724,0.17087305,0.20075671,0.18465166,0.21148463
salesman,M,word2vec_tiny_base,0.2794895,0.3488611,0.32563332,0.39546603,0.34555167,0.42045605
uncover,P,word2vec_tiny_base,0.35943484,0.40812114,0.43508092,0.48686,0.46404046,0.5127956
flood,P,word2vec_tiny_base,0.3681728,0.5160675,0.47252384,0.60701925,0.5156785,0.63292086
design,P,word2vec_tiny_base,0.32270113,0.4655985,0.459688,0.6142023,0.5076214,0.6518537
pottery,P,word2vec_tiny_base,0.29312062,0.39484107,0.35662568,0.47608173,0.38220567,0.49598032
lace,P,word2vec_tiny_base,0.3192422,0.40849277,0.40486497,0.49772167,0.44796684,0.54183596
gullible,M,word2vec_tiny_base,0.1282665,0.15534285,0.15633547,0.18668899,0.16987696,0.20547739
bathtub,M,word2vec_tiny_base,0.31951874,0.44995725,0.4323154,0.5879746,0.48606178,0.6322427
plot,H,word2vec_tiny_base,0.50038964,0.61097217,0.59091616,0.662077,0.61984795,0.6405214
benefit,P,word2vec_tiny_base,0.24786267,0.26905215,0.31461516,0.3206176,0.34680694,0.35669696
curtain,P,word2vec_tiny_base,0.34541255,0.4530122,0.44246936,0.58484095,0.49761593,0.64741933
chair,P,word2vec_tiny_base,0.3042046,0.39503562,0.44935116,0.5986873,0.50743496,0.6624525
trombone,M,word2vec_tiny_base,0.26436815,0.30396533,0.3052132,0.30237028,0.32183352,0.32014856
barber,P,word2vec_tiny_base,0.3248755,0.4638038,0.45850334,0.59664804,0.50405604,0.6147539
glory,P,word2vec_tiny_base,0.2789145,0.32352147,0.35498402,0.403964,0.38456383,0.43523237
wrench,P,word2vec_tiny_base,0.3118812,0.3919977,0.4310852,0.53359056,0.47211754,0.57596135
pure,P,word2vec_tiny_base,0.26022148,0.33225784,0.32441893,0.39979056,0.35271916,0.4417346
cable,P,word2vec_tiny_base,0.27101696,0.3690358,0.4051168,0.5529341,0.46692437,0.6215814
basement,M,word2vec_tiny_base,0.3826551,0.44746354,0.49147767,0.63130575,0.535919,0.67358875
keeper,P,word2vec_tiny_base,0.35085335,0.46188045,0.46265987,0.53812265,0.49847043,0.547841
cassette,M,word2vec_tiny_base,0.16262756,0.16811146,0.18983299,0.20550835,0.20084243,0.21418144
correct,P,word2vec_tiny_base,0.30675513,0.34594712,0.3744894,0.42649952,0.3998067,0.45792934
failure,P,word2vec_tiny_base,0.23156631,0.2678802,0.29187596,0.3451813,0.32139984,0.39206895
dress,P,word2vec_tiny_base,0.25531703,0.3664876,0.37814617,0.51444954,0.43678933,0.5671963
underwear,M,word2vec_tiny_base,0.31314147,0.3730767,0.39563617,0.46362755,0.438711,0.5262662
thinker,P,word2vec_tiny_base,0.30677786,0.3138107,0.36901057,0.38741246,0.39683357,0.42233896
observe,P,word2vec_tiny_base,0.37803012,0.5333231,0.5229269,0.6819193,0.568126,0.69901234
upstream,P,word2vec_tiny_base,0.22967944,0.2908312,0.30999812,0.41402793,0.3466351,0.45698947
muffin,M,word2vec_tiny_base,0.23043518,0.31637,0.3635731,0.46617275,0.4247884,0.52135974
showdown,P,word2vec_tiny_base,0.18580355,0.20901443,0.20832545,0.23398013,0.2184697,0.24498774
trunk,P,word2vec_tiny_base,0.391234,0.53291714,0.4987379,0.64968234,0.5383377,0.68487
sixth,P,word2vec_tiny_base,0.31858125,0.32734847,0.4039147,0.40477765,0.44023797,0.48576885
vulnerable,P,word2vec_tiny_base,0.2557649,0.32828644,0.3060513,0.39445555,0.32552055,0.4229227
creamy,P,word2vec_tiny_base,0.2613242,0.29356253,0.33786583,0.37960276,0.3736715,0.4229999
glue,P,word2vec_tiny_base,0.32007205,0.42087165,0.41853875,0.55845207,0.45980567,0.58685225
itchy,P,word2vec_tiny_base,0.3595144,0.46195224,0.44444,0.5411138,0.4840178,0.58433855
trick,P,word2vec_tiny_base,0.45514464,0.58834505,0.5510857,0.6567444,0.57938874,0.65197015
tummy,M,word2vec_tiny_base,0.3234672,0.42442313,0.4588201,0.5196536,0.50758106,0.5552876
hug,P,word2vec_tiny_base,0.3930171,0.503786,0.5029155,0.5196643,0.53238493,0.50743055
misfortune,P,word2vec_tiny_base,0.20475514,0.24565181,0.24441442,0.31670678,0.26593545,0.346636
guarantee,P,word2vec_tiny_base,0.20447385,0.1909671,0.2462295,0.23265547,0.26496238,0.25660872
legal,P,word2vec_tiny_base,0.25158596,0.30630228,0.30277324,0.3769363,0.3294577,0.40556297
honeymoon,P,word2vec_tiny_base,0.32238367,0.28846633,0.37221557,0.33830458,0.3931552,0.3376109
squeal,P,word2vec_tiny_base,0.32351923,0.42083153,0.40335083,0.4768188,0.43274337,0.4926119
technique,P,word2vec_tiny_base,0.24210009,0.3018726,0.30880192,0.3749378,0.34067595,0.4188881
wander,P,word2vec_tiny_base,0.39423046,0.52635026,0.5201332,0.6548274,0.5590189,0.67547035
pasta,P,word2vec_tiny_base,0.19988099,0.28657997,0.31995204,0.4447904,0.38233835,0.49591026
rugged,P,word2vec_tiny_base,0.23312445,0.2592293,0.27578548,0.29826412,0.2915577,0.30365518
rim,P,word2vec_tiny_base,0.2955777,0.39803177,0.3608067,0.45541182,0.3879291,0.4846644
abyss,P,word2vec_tiny_base,0.2657227,0.33281052,0.32759556,0.39850327,0.35291564,0.41389576
disgrace,P,word2vec_tiny_base,0.12703797,0.14620814,0.15358847,0.17919648,0.16506168,0.197441
holster,M,word2vec_tiny_base,0.27261794,0.31193265,0.3152498,0.34395206,0.33262575,0.34407118
spacecraft,M,word2vec_tiny_base,0.27301788,0.32953218,0.31976047,0.3938504,0.3397115,0.40944427
salami,M,word2vec_tiny_base,0.15372188,0.19994736,0.20287134,0.2692337,0.22866665,0.30470353
occur,P,word2vec_tiny_base,0.20034364,0.20200777,0.23061441,0.2328513,0.24316986,0.2487233
aquarium,P,word2vec_tiny_base,0.38543642,0.45770904,0.45387742,0.52915734,0.4834938,0.5737933
snap,P,word2vec_tiny_base,0.4190139,0.5665382,0.5045409,0.65344286,0.5363533,0.66858935
bony,P,word2vec_tiny_base,0.3017369,0.34769738,0.37268952,0.43644062,0.40271553,0.47628257
spiral,P,word2vec_tiny_base,0.29666853,0.39755616,0.36275065,0.46050528,0.39419633,0.50803286
nanny,M,word2vec_tiny_base,0.36447844,0.46898896,0.43093526,0.48031402,0.45487374,0.49691153
holder,P,word2vec_tiny_base,0.33149204,0.41707584,0.40024826,0.49212655,0.43084988,0.53314865
guidance,P,word2vec_tiny_base,0.29370904,0.37200755,0.34966943,0.39753866,0.37432143,0.40789494
severe,P,word2vec_tiny_base,0.22590284,0.29414514,0.30145764,0.37212586,0.3342763,0.4139333
burn,P,word2vec_tiny_base,0.38517496,0.51413625,0.51035655,0.6420456,0.552997,0.6576572
sinister,P,word2vec_tiny_base,0.22892916,0.29935932,0.28627196,0.3720124,0.30884188,0.39714396
season,P,word2vec_tiny_base,0.35724267,0.45367366,0.5044159,0.6077029,0.54305816,0.6301202
jingle,P,word2vec_tiny_base,0.31370634,0.40545532,0.4305949,0.50029236,0.47218558,0.52594775
flap,P,word2vec_tiny_base,0.4156497,0.54058653,0.5224462,0.6617379,0.5574973,0.68537766
clever,P,word2vec_tiny_base,0.30102703,0.353212,0.45920077,0.5946316,0.52343476,0.634907
travel,P,word2vec_tiny_base,0.42374715,0.5700577,0.5171962,0.6692018,0.5628974,0.6993166
silver,P,word2vec_tiny_base,0.32769108,0.42000207,0.44749796,0.60065323,0.49299106,0.639348
brilliant,P,word2vec_tiny_base,0.31078252,0.37122485,0.44063073,0.5881343,0.5025742,0.6308709
passenger,P,word2vec_tiny_base,0.36546108,0.4699354,0.46491024,0.54867655,0.4990205,0.5654552
bouncer,P,word2vec_tiny_base,0.37686747,0.43477345,0.4591669,0.5275282,0.4909081,0.5544123
ignition,P,word2vec_tiny_base,0.31326416,0.38003203,0.40279502,0.48359653,0.44256908,0.52276325
apartment,M,word2vec_tiny_base,0.45654726,0.55647004,0.5320608,0.6110252,0.5581802,0.615181
prospect,P,word2vec_tiny_base,0.33508965,0.37726197,0.3849739,0.43810624,0.40424576,0.45565635
basketball,P,word2vec_tiny_base,0.2916981,0.41186064,0.43274298,0.59496516,0.491127,0.6452965
silence,P,word2vec_tiny_base,0.438421,0.50613666,0.5274149,0.5841086,0.55514824,0.5858548
bother,P,word2vec_tiny_base,0.38992152,0.4932416,0.50883317,0.588881,0.54542017,0.5751471
doorstep,M,word2vec_tiny_base,0.43151695,0.5492441,0.506283,0.62570095,0.53734887,0.63302726
meditate,P,word2vec_tiny_base,0.3254075,0.3635701,0.3823412,0.36692128,0.4040159,0.37366647
goldfish,M,word2vec_tiny_base,0.35355583,0.43031928,0.4254041,0.5066889,0.45338082,0.51933765
trip,P,word2vec_tiny_base,0.3150792,0.4377293,0.47101173,0.6090452,0.5292956,0.65096027
likely,P,word2vec_tiny_base,0.28159916,0.323455,0.33125302,0.3502831,0.35620216,0.3801005
intuition,P,word2vec_tiny_base,0.19585761,0.25820526,0.24593285,0.2963322,0.269922,0.31505933
wand,P,word2vec_tiny_base,0.3694635,0.4721572,0.4850389,0.6170592,0.5290137,0.62431467
pew,P,word2vec_tiny_base,0.317961,0.38690108,0.41784167,0.49049374,0.45971656,0.5447159
beep,P,word2vec_tiny_base,0.28153044,0.3535798,0.3900269,0.47719863,0.43466923,0.5371962
rinse,P,word2vec_tiny_base,0.3280744,0.39303198,0.43870312,0.4939287,0.4800589,0.53689504
concussion,P,word2vec_tiny_base,0.25568902,0.31466332,0.3520564,0.4459415,0.39095402,0.48485917
outward,P,word2vec_tiny_base,0.22014408,0.21480949,0.25862652,0.24609753,0.27660286,0.26291725
radiator,P,word2vec_tiny_base,0.20723125,0.21709646,0.23757078,0.25376236,0.25170302,0.2551069
hill,P,word2vec_tiny_base,0.3615083,0.479159,0.4873492,0.64053464,0.5356482,0.67543876
getaway,P,word2vec_tiny_base,0.1738284,0.20318767,0.20150444,0.22860037,0.21311714,0.23805569
kettle,P,word2vec_tiny_base,0.33423632,0.3791143,0.4157461,0.49295586,0.45153075,0.53570336
hula,M,word2vec_tiny_base,0.40345868,0.51426333,0.4722903,0.5947239,0.5019236,0.61037976
pouch,P,word2vec_tiny_base,0.42607075,0.5396857,0.48818338,0.5908958,0.513046,0.5929412
admire,P,word2vec_tiny_base,0.41744024,0.5254121,0.51464266,0.58468103,0.5460439,0.5929038
joyous,M,word2vec_tiny_base,0.29250798,0.3987724,0.3579706,0.44445944,0.3882826,0.47814757
helpful,M,word2vec_tiny_base,0.25578716,0.3518096,0.4199174,0.5805263,0.48517567,0.59771866
classmate,M,word2vec_tiny_base,0.318224,0.37212962,0.3678831,0.41789684,0.3878926,0.43274188
muscular,P,word2vec_tiny_base,0.2725419,0.28188977,0.31320035,0.33834425,0.3292859,0.348159
bronze,P,word2vec_tiny_base,0.30101943,0.3818758,0.37982902,0.48525062,0.41544232,0.5194724
recite,P,word2vec_tiny_base,0.27733153,0.34909204,0.3536083,0.43173686,0.38004395,0.4556732
elastic,P,word2vec_tiny_base,0.3326548,0.40153855,0.38675508,0.4562195,0.4077443,0.46251976
magician,P,word2vec_tiny_base,0.3841778,0.53104,0.46874812,0.6064903,0.49931395,0.6207602
dreary,P,word2vec_tiny_base,0.24947397,0.28941956,0.3154737,0.39173892,0.3429242,0.42233458
garage,P,word2vec_tiny_base,0.35459095,0.46025336,0.46388617,0.6182206,0.5128605,0.65912193
chamber,P,word2vec_tiny_base,0.31393605,0.43365136,0.4429394,0.6002731,0.5005555,0.6631666
electronic,P,word2vec_tiny_base,0.2157212,0.2626414,0.2564863,0.29663262,0.2718836,0.3070323
trace,H,word2vec_tiny_base,0.3585531,0.39052758,0.42002857,0.4924614,0.4433763,0.5102327
beggar,P,word2vec_tiny_base,0.27575594,0.33382356,0.3243017,0.39242423,0.34421185,0.4124475
breathless,P,word2vec_tiny_base,0.2554186,0.33470362,0.31213096,0.4106997,0.33537665,0.42216802
doorbell,M,word2vec_tiny_base,0.4346703,0.5769243,0.53300524,0.6388701,0.5654978,0.6349505
scale,H,word2vec_tiny_base,0.40898746,0.54066294,0.505717,0.6405881,0.54449373,0.6871532
nickname,P,word2vec_tiny_base,0.2893228,0.30743235,0.3200136,0.3468478,0.3354664,0.35994306
solution,P,word2vec_tiny_base,0.39013034,0.44300115,0.4501228,0.47208202,0.4732167,0.48097852
public,P,word2vec_tiny_base,0.3392498,0.3768714,0.40462714,0.41269234,0.42851326,0.4373832
column,P,word2vec_tiny_base,0.2958346,0.35594055,0.3375904,0.4299292,0.3589539,0.45869443
battery,P,word2vec_tiny_base,0.34293947,0.46359077,0.46473107,0.5818913,0.5127646,0.633777
fleece,P,word2vec_tiny_base,0.28170422,0.3440846,0.33539188,0.39033124,0.355415,0.39827514
laboratory,P,word2vec_tiny_base,0.30599183,0.38565078,0.35717434,0.44371876,0.37879935,0.46851188
crop,P,word2vec_tiny_base,0.26624668,0.3131733,0.37427342,0.4686996,0.4165948,0.5097153
devotion,P,word2vec_tiny_base,0.17717347,0.21328484,0.21445188,0.23549168,0.23316465,0.26384565
parcel,P,word2vec_tiny_base,0.32212144,0.39502963,0.40411013,0.4911497,0.434177,0.50096816
semester,M,word2vec_tiny_base,0.17503305,0.18770754,0.2016885,0.22202386,0.21435942,0.23098564
seal,H,word2vec_tiny_base,0.21947297,0.2898056,0.35659966,0.47961172,0.42686242,0.5699286
split,P,word2vec_tiny_base,0.43545175,0.5708713,0.5370788,0.6760508,0.5721288,0.6802695
overload,P,word2vec_tiny_base,0.19115867,0.1832995,0.22499451,0.22880983,0.2403785,0.23946089
unseen,P,word2vec_tiny_base,0.2461308,0.32877395,0.29387337,0.39137563,0.31227997,0.40635085
eyebrow,P,word2vec_tiny_base,0.3214929,0.38268974,0.379427,0.43034112,0.39980382,0.44998154
magic,P,word2vec_tiny_base,0.40641198,0.5442037,0.5110932,0.624092,0.55121607,0.6168717
keyhole,M,word2vec_tiny_base,0.3351285,0.40520522,0.45197758,0.5793772,0.4889748,0.609117
dispose,P,word2vec_tiny_base,0.23285744,0.23762295,0.2681749,0.26720163,0.28252617,0.2772181
jelly,P,word2vec_tiny_base,0.2170471,0.2989802,0.33069506,0.44500157,0.38695687,0.49525714
legend,P,word2vec_tiny_base,0.27755335,0.3466588,0.332046,0.40548715,0.35407928,0.42792603
sideways,P,word2vec_tiny_base,0.42024702,0.4495896,0.4905494,0.5554424,0.51835823,0.585692
clash,P,word2vec_tiny_base,0.24610622,0.33203042,0.30733383,0.3992868,0.34331483,0.4490283
slime,P,word2vec_tiny_base,0.32081112,0.38862094,0.41070557,0.48942256,0.4501709,0.52797216
recognize,P,word2vec_tiny_base,0.44230947,0.57571274,0.5455877,0.6836773,0.5774086,0.67660075
overlook,P,word2vec_tiny_base,0.11308186,0.13973063,0.13851045,0.17706755,0.15076242,0.19752048
straw,P,word2vec_tiny_base,0.44233555,0.5347164,0.5063021,0.57944286,0.5318718,0.5936097
culture,P,word2vec_tiny_base,0.24987844,0.3346471,0.33170417,0.43802857,0.36882657,0.46723706
search,P,word2vec_tiny_base,0.43362755,0.55563825,0.5552286,0.67608,0.5942145,0.69930935
consider,P,word2vec_tiny_base,0.21971703,0.28524944,0.2706633,0.33868754,0.29939926,0.35628057
astronaut,M,word2vec_tiny_base,0.37330264,0.5173861,0.4801926,0.62393063,0.52713215,0.6536994
furious,P,word2vec_tiny_base,0.32135385,0.37073213,0.3899792,0.47406402,0.42093745,0.48745826
amuse,P,word2vec_tiny_base,0.20413491,0.18789141,0.23200442,0.21490422,0.24330159,0.22658052
odor,P,word2vec_tiny_base,0.26510692,0.35334128,0.33795083,0.43483275,0.36959958,0.46579796
beak,P,word2vec_tiny_base,0.40772682,0.5495137,0.5228722,0.6465722,0.56444585,0.6787678
quack,H,word2vec_tiny_base,0.32521135,0.47902668,0.43744838,0.5757488,0.4816182,0.6154368
storeroom,M,word2vec_tiny_base,0.24123177,0.25193718,0.27365422,0.28813115,0.2873922,0.29409304
bleach,P,word2vec_tiny_base,0.29338366,0.3479429,0.3559064,0.42756918,0.3848685,0.45188233
spark,P,word2vec_tiny_base,0.31757507,0.44431955,0.43047065,0.5690006,0.46930665,0.5993553
eyesight,P,word2vec_tiny_base,0.22074151,0.2551043,0.2651493,0.30003762,0.2814586,0.3316373
apart,P,word2vec_tiny_base,0.44774118,0.537848,0.5355463,0.6346827,0.5676037,0.64587253
diet,H,word2vec_tiny_base,0.38764438,0.42737016,0.4544254,0.49831402,0.4792828,0.50370705
scoot,P,word2vec_tiny_base,0.36559263,0.38845962,0.42840213,0.47999024,0.45349807,0.503695
bouncy,P,word2vec_tiny_base,0.38027006,0.48415253,0.508675,0.6504997,0.55207145,0.6879245
invest,P,word2vec_tiny_base,0.12973692,0.14127332,0.15292026,0.17892434,0.16434643,0.19704214
tease,P,word2vec_tiny_base,0.37490875,0.51197183,0.50144076,0.6677367,0.55407506,0.7109504
lean,H,word2vec_tiny_base,0.39220673,0.53990394,0.51815134,0.68213654,0.56286883,0.7162035
stab,P,word2vec_tiny_base,0.2522738,0.34605277,0.3369812,0.4554832,0.37179938,0.49450502
spooky,M,word2vec_tiny_base,0.4103128,0.47817814,0.50266594,0.55004716,0.53432643,0.58128244
review,P,word2vec_tiny_base,0.1430079,0.16112782,0.165733,0.19597045,0.17650425,0.21081807
lantern,P,word2vec_tiny_base,0.39261517,0.517586,0.47746027,0.57602555,0.50596136,0.5863054
cuff,H,word2vec_tiny_base,0.21519804,0.24684757,0.25564566,0.28017402,0.27199775,0.28533053
rural,P,word2vec_tiny_base,0.27105415,0.26451984,0.31054914,0.2772408,0.32459724,0.27675375
weave,P,word2vec_tiny_base,0.27220997,0.33060825,0.35675523,0.45103487,0.3961212,0.49120182
soda,P,word2vec_tiny_base,0.3155318,0.36242744,0.39158463,0.4259343,0.4279239,0.46772778
disorder,P,word2vec_tiny_base,0.22984834,0.25134075,0.26050198,0.267697,0.27293548,0.26965758
heavy,P,word2vec_tiny_base,0.3946709,0.52128905,0.5345129,0.6791245,0.58234286,0.72140825
port,H,word2vec_tiny_base,0.25874996,0.3033947,0.38603166,0.5344634,0.44591218,0.59523875
shack,M,word2vec_tiny_base,0.2909879,0.3442353,0.35550702,0.4297577,0.3807647,0.44967967
final,P,word2vec_tiny_base,0.39701506,0.4266169,0.46144187,0.4707895,0.4813591,0.47805703
compass,P,word2vec_tiny_base,0.33993942,0.44340974,0.44605663,0.5428351,0.48200196,0.57660526
downward,P,word2vec_tiny_base,0.2931905,0.3435324,0.34392613,0.38199642,0.36308196,0.40592882
hull,H,word2vec_tiny_base,0.3125984,0.4254526,0.394961,0.51238704,0.42830336,0.54092294
patch,P,word2vec_tiny_base,0.38722354,0.5014139,0.46947968,0.5626594,0.49909723,0.58658904
camouflage,P,word2vec_tiny_base,0.17323773,0.18506566,0.20099768,0.20122121,0.21397613,0.21846831
depart,P,word2vec_tiny_base,0.23059818,0.24272598,0.26994953,0.2693643,0.2863124,0.27143794
peaceful,P,word2vec_tiny_base,0.34415892,0.49677727,0.45815483,0.5828778,0.49567464,0.5827426
ballerina,P,word2vec_tiny_base,0.417811,0.49973273,0.4846235,0.578564,0.5153038,0.61155915
eject,P,word2vec_tiny_base,0.24428391,0.27878523,0.29039127,0.31478286,0.31138664,0.33400783
warmth,P,word2vec_tiny_base,0.31380105,0.36576363,0.4001281,0.46678662,0.43795896,0.4976897
circuit,P,word2vec_tiny_base,0.28851843,0.31213987,0.33532608,0.3588851,0.3535239,0.3733282
envious,M,word2vec_tiny_base,0.443609,0.44212914,0.5635145,0.69020605,0.60556185,0.69893044
customer,P,word2vec_tiny_base,0.3664636,0.47993365,0.4518986,0.51855457,0.48294276,0.5477082
store,P,word2vec_tiny_base,0.28714862,0.39599285,0.43974206,0.5657877,0.49795508,0.5914918
socket,P,word2vec_tiny_base,0.26144308,0.3683316,0.35331956,0.45918295,0.39355695,0.50699186
sewer,H,word2vec_tiny_base,0.23916073,0.21675049,0.28153583,0.23200412,0.29924393,0.24879116
song,P,word2vec_tiny_base,0.29512823,0.3898942,0.43875045,0.5247514,0.49501225,0.575574
clockwork,M,word2vec_tiny_base,0.20414433,0.21724361,0.23295437,0.24270703,0.24492016,0.2531276
glow,P,word2vec_tiny_base,0.3420318,0.45821154,0.47541198,0.6207558,0.5210434,0.6381152
descend,P,word2vec_tiny_base,0.23616612,0.31952676,0.29994616,0.40403023,0.32715333,0.4319387
rocket,H,word2vec_tiny_base,0.28260988,0.38816804,0.4319613,0.60305285,0.48666996,0.6510899
spray,H,word2vec_tiny_base,0.36469692,0.4706751,0.48766407,0.60576683,0.53381217,0.639371
dawn,P,word2vec_tiny_base,0.25507647,0.22160807,0.2987009,0.2133811,0.3220514,0.24303974
entry,P,word2vec_tiny_base,0.35619086,0.436789,0.4168454,0.48340392,0.44079593,0.49780172
snuggle,P,word2vec_tiny_base,0.36301273,0.45174098,0.48106375,0.5697774,0.5246236,0.600825
removal,P,word2vec_tiny_base,0.21707296,0.21537165,0.2505315,0.23630257,0.26461014,0.24436319
fierce,P,word2vec_tiny_base,0.33107644,0.489068,0.45730716,0.62179536,0.50541306,0.64710313
mushroom,P,word2vec_tiny_base,0.27297413,0.33465496,0.38561723,0.5294301,0.44214553,0.5976727
terminal,P,word2vec_tiny_base,0.2992925,0.391364,0.37167442,0.4768877,0.40755886,0.50463104
debris,P,word2vec_tiny_base,0.26326656,0.39091045,0.3342375,0.46565342,0.36517602,0.49057257
commercial,P,word2vec_tiny_base,0.2134691,0.20874618,0.24364346,0.22621523,0.25586486,0.24200335
scary,M,word2vec_tiny_base,0.35793146,0.50294995,0.4800679,0.6380236,0.5277098,0.65160453
boardwalk,M,word2vec_tiny_base,0.20209594,0.19202244,0.2264407,0.23133235,0.23836578,0.24474019
skin,P,word2vec_tiny_base,0.34623426,0.4506621,0.4379347,0.55624855,0.4792964,0.5857701
unfinished,P,word2vec_tiny_base,0.34624434,0.39263436,0.41908687,0.45209888,0.4471636,0.47416124
medication,P,word2vec_tiny_base,0.19256607,0.23567376,0.23202603,0.2690473,0.24930936,0.28154844
stepped,P,word2vec_tiny_base,0.35907915,0.44649392,0.44339398,0.5287823,0.47261333,0.5371924
sticky,P,word2vec_tiny_base,0.321683,0.3787259,0.42579025,0.52468044,0.46445024,0.54830676
prank,M,word2vec_tiny_base,0.4167049,0.52982146,0.48248336,0.5735758,0.509149,0.5712857
wipe,P,word2vec_tiny_base,0.34375566,0.4670093,0.46469688,0.557431,0.50990176,0.59017146
beauty,P,word2vec_tiny_base,0.28279287,0.33008865,0.35170382,0.4306354,0.38565004,0.47269237
crybaby,M,word2vec_tiny_base,0.26932532,0.32508072,0.36909992,0.43743682,0.39906067,0.44340995
donate,P,word2vec_tiny_base,0.31634635,0.36643547,0.40159324,0.45901862,0.43228844,0.48931992
freezer,M,word2vec_tiny_base,0.35207316,0.47165558,0.47397205,0.61696726,0.52264714,0.66103464
flux,P,word2vec_tiny_base,0.23238046,0.2453906,0.2662288,0.25672054,0.28089982,0.26122528
librarian,M,word2vec_tiny_base,0.373779,0.5054596,0.46502,0.5597165,0.49646896,0.55551755
checkpoint,M,word2vec_tiny_base,0.25602132,0.35241166,0.3167733,0.41679645,0.34214035,0.41989696
abroad,P,word2vec_tiny_base,0.22687688,0.282857,0.27170253,0.30919662,0.289078,0.3093161
pork,P,word2vec_tiny_base,0.20216313,0.23755051,0.277401,0.31819084,0.31460774,0.35045722
dioxide,M,word2vec_tiny_base,0.2939487,0.2891985,0.35303745,0.25976044,0.38085815,0.37265286
glide,P,word2vec_tiny_base,0.34878904,0.45768067,0.43940276,0.555467,0.47190762,0.5797373
extend,P,word2vec_tiny_base,0.17915654,0.17498662,0.20620042,0.21382076,0.21840352,0.2290579
snore,P,word2vec_tiny_base,0.32121506,0.42780384,0.4170061,0.5055366,0.45611247,0.5431994
energy,P,word2vec_tiny_base,0.40749806,0.4565438,0.47593766,0.49311352,0.49998963,0.51074266
sport,P,word2vec_tiny_base,0.3195297,0.40993842,0.4759953,0.6360597,0.5339489,0.6823087
cheer,P,word2vec_tiny_base,0.43274468,0.51534945,0.53276265,0.6407051,0.56627655,0.64670676
confirm,P,word2vec_tiny_base,0.24000053,0.2597859,0.27155375,0.29641065,0.28690282,0.30587187
desire,P,word2vec_tiny_base,0.26419076,0.28315684,0.32470325,0.36673507,0.35254082,0.39615467
shadow,P,word2vec_tiny_base,0.4284633,0.5530716,0.5172767,0.646296,0.54946214,0.6710383
jump,P,word2vec_tiny_base,0.37230223,0.51568574,0.5038662,0.6753326,0.5552595,0.71897256
loud,P,word2vec_tiny_base,0.33153236,0.46418953,0.43640012,0.50861055,0.47642258,0.5416779
napkin,P,word2vec_tiny_base,0.33742303,0.4717595,0.43079323,0.57448006,0.4781922,0.6275687
fridge,M,word2vec_tiny_base,0.31483868,0.41733113,0.45723212,0.5824624,0.51043737,0.640404
kindness,P,word2vec_tiny_base,0.25042838,0.29080138,0.3459935,0.35928878,0.3792575,0.39789265
ginger,P,word2vec_tiny_base,0.2820235,0.2860186,0.32782748,0.32493082,0.34801468,0.34421608
curious,P,word2vec_tiny_base,0.44611436,0.5685079,0.5473345,0.6894268,0.58985597,0.70591074
terror,P,word2vec_tiny_base,0.21391809,0.27583152,0.28280956,0.36642388,0.31290972,0.40128955
boyfriend,P,word2vec_tiny_base,0.20868024,0.20497718,0.24973767,0.2364684,0.2668916,0.24335478
install,P,word2vec_tiny_base,0.2835808,0.36880848,0.34441212,0.3997918,0.36679995,0.40794954
jolly,P,word2vec_tiny_base,0.26497176,0.36012584,0.42353368,0.5577333,0.49096692,0.607728
stick,H,word2vec_tiny_base,0.3700122,0.43837342,0.4713961,0.603048,0.5158122,0.6618947
ledge,P,word2vec_tiny_base,0.30286306,0.3707586,0.35475114,0.4286811,0.38319838,0.46265087
explorer,P,word2vec_tiny_base,0.32738182,0.452434,0.43336123,0.56971896,0.47130433,0.5835932
disrupt,P,word2vec_tiny_base,0.2072897,0.21932971,0.23559807,0.25143203,0.24952373,0.2675377
spoon,P,word2vec_tiny_base,0.26538247,0.37661344,0.37797546,0.46862534,0.4211348,0.50757873
useful,M,word2vec_tiny_base,0.34286705,0.4173821,0.46782398,0.60991013,0.52297324,0.6490339
downhill,P,word2vec_tiny_base,0.24503179,0.3027631,0.322847,0.40599662,0.36009818,0.44731992
recipe,P,word2vec_tiny_base,0.3998694,0.46481696,0.48826426,0.5662032,0.5146311,0.5817134
gratitude,M,word2vec_tiny_base,0.28302848,0.3251149,0.37778783,0.40270835,0.40990868,0.4271249
pursuit,P,word2vec_tiny_base,0.25770465,0.32781073,0.29946923,0.3808671,0.31718314,0.40229627
culprit,M,word2vec_tiny_base,0.29069293,0.34257996,0.34456918,0.4057003,0.3675143,0.42505264
legendary,M,word2vec_tiny_base,0.18576421,0.20009045,0.21160133,0.22428916,0.22309117,0.24005009
litter,P,word2vec_tiny_base,0.35858712,0.440148,0.44567123,0.5297596,0.4776336,0.54363906
jam,H,word2vec_tiny_base,0.22680917,0.2947021,0.33853567,0.44285548,0.39267197,0.48742118
obedient,M,word2vec_tiny_base,0.33799458,0.3747447,0.49382618,0.6071295,0.54793,0.63219255
canine,P,word2vec_tiny_base,0.25717074,0.24265242,0.28818262,0.28490746,0.30175307,0.3074749
feedback,P,word2vec_tiny_base,0.2542314,0.29689866,0.3151869,0.38334838,0.3457142,0.41678375
backyard,M,word2vec_tiny_base,0.39254448,0.51087946,0.52912927,0.67665195,0.5749989,0.6967809
cashier,H,word2vec_tiny_base,0.28990802,0.36162552,0.42965874,0.50466186,0.4821591,0.52729386
tool,P,word2vec_tiny_base,0.30816674,0.40108234,0.42569762,0.5686015,0.47428694,0.6265638
dependable,M,word2vec_tiny_base,0.27662557,0.34825322,0.4523062,0.5731169,0.5128509,0.6059979
stink,P,word2vec_tiny_base,0.30288988,0.34089833,0.37338784,0.4508924,0.40372345,0.48119298
goddess,P,word2vec_tiny_base,0.22503039,0.24577619,0.25702775,0.27230555,0.26935798,0.2868268
gender,P,word2vec_tiny_base,0.1679333,0.19292141,0.2020877,0.21763137,0.21850552,0.23143001
stewardess,M,word2vec_tiny_base,0.24481745,0.28875062,0.2832999,0.30035716,0.2978333,0.30496526
unclean,P,word2vec_tiny_base,0.17916775,0.17955521,0.20833358,0.2130229,0.2209673,0.23185584
ashtray,M,word2vec_tiny_base,0.3413437,0.4191302,0.4309404,0.5583476,0.4820675,0.6169729
spare,P,word2vec_tiny_base,0.4091218,0.4431745,0.46438807,0.48804086,0.484171,0.491156
impatient,P,word2vec_tiny_base,0.33519763,0.43610474,0.4978875,0.61607325,0.5616171,0.682926
vital,P,word2vec_tiny_base,0.19617419,0.21623108,0.2301279,0.25330964,0.24617398,0.27334106
petition,P,word2vec_tiny_base,0.2549383,0.28840017,0.29510766,0.32631955,0.30934,0.33377945
toothbrush,M,word2vec_tiny_base,0.3890664,0.49977905,0.47979847,0.58730894,0.512019,0.6075733
booster,P,word2vec_tiny_base,0.23726766,0.22996083,0.27000225,0.2571386,0.28349617,0.263991
dull,P,word2vec_tiny_base,0.32276735,0.44297463,0.44371498,0.5850896,0.5120504,0.6657703
pod,H,word2vec_tiny_base,0.3573218,0.39123833,0.42702448,0.46721202,0.45560065,0.50216836
thrill,P,word2vec_tiny_base,0.365859,0.45374462,0.44407368,0.5263747,0.47944817,0.5395279
charge,P,word2vec_tiny_base,0.4255081,0.4883367,0.49402097,0.50771546,0.520186,0.52976155
airborne,P,word2vec_tiny_base,0.23842534,0.27551648,0.2788388,0.31774887,0.29407585,0.32296532
lullaby,P,word2vec_tiny_base,0.3734612,0.47763297,0.4555409,0.57362235,0.48846972,0.5810339
uproar,P,word2vec_tiny_base,0.14890844,0.19405448,0.17891014,0.21507959,0.19144806,0.23249881
razor,P,word2vec_tiny_base,0.3011309,0.37212372,0.43773198,0.557721,0.49303734,0.6273756
wall,P,word2vec_tiny_base,0.3509065,0.44923562,0.4585597,0.6047629,0.5012832,0.6408271
lifeboat,M,word2vec_tiny_base,0.19797958,0.22661167,0.23469678,0.2790356,0.2497772,0.28769854
rowboat,M,word2vec_tiny_base,0.28166443,0.31409872,0.3683262,0.44939262,0.40419018,0.48338285
guitar,P,word2vec_tiny_base,0.21988265,0.32359305,0.39542934,0.5476181,0.45894292,0.6163036
wealth,P,word2vec_tiny_base,0.27764297,0.34738338,0.34301758,0.3855031,0.36993462,0.40926063
chip,H,word2vec_tiny_base,0.37086946,0.35409945,0.42913026,0.38984588,0.4573928,0.43092784
cocoa,P,word2vec_tiny_base,0.2852867,0.35730815,0.39010033,0.47480127,0.43570337,0.51031244
vote,P,word2vec_tiny_base,0.27704602,0.33597726,0.33718437,0.43081382,0.36395073,0.46794498
abandon,P,word2vec_tiny_base,0.27553177,0.3312639,0.3244566,0.40251598,0.34800088,0.42121714
overnight,P,word2vec_tiny_base,0.3240425,0.38301933,0.39324516,0.4569791,0.42542893,0.4837
equality,M,word2vec_tiny_base,0.17896795,0.20280918,0.22006531,0.25467113,0.24356776,0.28972882
sorrow,P,word2vec_tiny_base,0.21377924,0.28374445,0.28536993,0.35727227,0.32185525,0.39566293
possessive,P,word2vec_tiny_base,0.1091072,0.14927809,0.12951449,0.1774962,0.14137611,0.19158491
stress,P,word2vec_tiny_base,0.25947684,0.2935212,0.31631216,0.3730584,0.34093243,0.39326596
runny,P,word2vec_tiny_base,0.34956557,0.36590305,0.43531898,0.4894394,0.47128266,0.5314915
pine,H,word2vec_tiny_base,0.32413357,0.44107303,0.43722847,0.5777471,0.48303062,0.6235564
stance,P,word2vec_tiny_base,0.17979977,0.21439259,0.21654907,0.27456143,0.2311485,0.28828135
sunset,P,word2vec_tiny_base,0.35911313,0.4727252,0.4788573,0.58693576,0.51559454,0.59713405
huff,P,word2vec_tiny_base,0.32946277,0.31923306,0.38491267,0.4003296,0.40890923,0.4245083
salty,P,word2vec_tiny_base,0.3313437,0.3535733,0.4006483,0.41300794,0.42966628,0.42678222
hunch,P,word2vec_tiny_base,0.16777438,0.186684,0.19346038,0.21111965,0.20369266,0.22297351
disruption,M,word2vec_tiny_base,0.2218018,0.23650013,0.2526079,0.26635087,0.26811832,0.28324947
hazard,P,word2vec_tiny_base,0.18609305,0.19601734,0.22642171,0.23640996,0.24343733,0.2432718
needy,M,word2vec_tiny_base,0.23717785,0.22696495,0.27204573,0.24941894,0.28659856,0.26486528
glimpse,P,word2vec_tiny_base,0.35987335,0.38532752,0.42470732,0.45425868,0.4502565,0.48043624
foam,P,word2vec_tiny_base,0.38659596,0.46902043,0.45144212,0.5434481,0.47981367,0.56487924
billboard,M,word2vec_tiny_base,0.406269,0.54173255,0.49638736,0.62482506,0.5373538,0.6802773
sensor,M,word2vec_tiny_base,0.20341656,0.22174156,0.23383978,0.2574342,0.24729505,0.27451366
temporary,P,word2vec_tiny_base,0.24893269,0.27706704,0.29107475,0.33113188,0.30911362,0.34777585
preacher,M,word2vec_tiny_base,0.206587,0.20143414,0.23739935,0.22971965,0.2506774,0.24245779
blush,P,word2vec_tiny_base,0.3093331,0.34881207,0.42898455,0.49271366,0.47098148,0.54647076
mend,P,word2vec_tiny_base,0.3166898,0.42977527,0.40636647,0.51701623,0.44225854,0.53564775
kick,P,word2vec_tiny_base,0.3389429,0.4846687,0.48242038,0.63861024,0.5454535,0.68980867
tough,P,word2vec_tiny_base,0.32574528,0.4582378,0.453973,0.60499114,0.50732,0.6434358
local,P,word2vec_tiny_base,0.34917757,0.43087554,0.4060129,0.48501983,0.43137252,0.50277716
pushy,M,word2vec_tiny_base,0.35737664,0.38309947,0.41491526,0.41681793,0.4357775,0.40991163
spy,P,word2vec_tiny_base,0.36141062,0.44409916,0.45982414,0.55216265,0.50094265,0.587902
moist,P,word2vec_tiny_base,0.2552753,0.30799058,0.34322166,0.37389594,0.3784489,0.41079774
coat,P,word2vec_tiny_base,0.24302621,0.32703578,0.39453742,0.52869296,0.46175578,0.60631627
broom,P,word2vec_tiny_base,0.4191269,0.524172,0.52474135,0.6447635,0.55990744,0.6557232
scar,P,word2vec_tiny_base,0.36632037,0.42552787,0.4506265,0.52860713,0.48146135,0.55438185
hoist,P,word2vec_tiny_base,0.2710181,0.31445625,0.33567512,0.37349892,0.36053476,0.3993959
pound,H,word2vec_tiny_base,0.32760438,0.26835987,0.3960892,0.43357462,0.4249669,0.4819294
tobacco,P,word2vec_tiny_base,0.20158279,0.2096894,0.23307544,0.24030574,0.24519436,0.25786605
unicorn,M,word2vec_tiny_base,0.39805967,0.53681463,0.49782598,0.6210207,0.5311989,0.61076766
tidy,P,word2vec_tiny_base,0.3616665,0.5256785,0.49626204,0.6169714,0.5374981,0.620122
metallic,P,word2vec_tiny_base,0.28306788,0.36970085,0.35338974,0.45074847,0.38164085,0.47433183
appeal,P,word2vec_tiny_base,0.2499266,0.34456193,0.3026456,0.38906723,0.32008624,0.40284258
assurance,P,word2vec_tiny_base,0.15181606,0.18913083,0.17909954,0.22371967,0.19129376,0.23734766
destroyer,P,word2vec_tiny_base,0.32029215,0.32954907,0.36144364,0.34550273,0.37712616,0.36309576
declare,P,word2vec_tiny_base,0.25196445,0.31872672,0.30218318,0.38059837,0.3227688,0.40358317
wild,P,word2vec_tiny_base,0.37961465,0.47406578,0.47970814,0.62139326,0.51567703,0.6351598
popcorn,P,word2vec_tiny_base,0.28594208,0.29152194,0.3817896,0.4502162,0.43908048,0.51588094
chicken,P,word2vec_tiny_base,0.2560256,0.29509827,0.39819986,0.5272714,0.46399692,0.6077387
cloud,P,word2vec_tiny_base,0.33474424,0.45508674,0.4460387,0.57434124,0.49229407,0.6138666
saucer,M,word2vec_tiny_base,0.41159898,0.50500166,0.47945985,0.5443253,0.50625986,0.5614587
hyena,M,word2vec_tiny_base,0.28448576,0.3560014,0.36185944,0.45235196,0.39640823,0.48497647
controller,P,word2vec_tiny_base,0.2967506,0.35721835,0.37206832,0.46026534,0.41055542,0.5063472
bunk,H,word2vec_tiny_base,0.32356146,0.37143266,0.3944708,0.40835404,0.4213289,0.40834847
plate,P,word2vec_tiny_base,0.28053617,0.38493568,0.3829149,0.50117517,0.43079993,0.53748626
silly,P,word2vec_tiny_base,0.36724848,0.48197418,0.49952027,0.6486172,0.5431736,0.65199584
tumble,P,word2vec_tiny_base,0.30483532,0.37750724,0.3940304,0.4847687,0.4313692,0.5222298
raisin,M,word2vec_tiny_base,0.19579136,0.21036701,0.27250236,0.32484093,0.30829775,0.36694187
trumpet,P,word2vec_tiny_base,0.26762834,0.36736146,0.4249923,0.564259,0.48290002,0.6219319
squirrel,P,word2vec_tiny_base,0.3284479,0.43757156,0.42926362,0.5381439,0.47308394,0.5857946
exchange,P,word2vec_tiny_base,0.37682715,0.37449008,0.44000164,0.47763488,0.4653645,0.49531764
flavor,P,word2vec_tiny_base,0.30194277,0.34091282,0.38519216,0.4099063,0.42064902,0.43099785
glass,P,word2vec_tiny_base,0.3279737,0.4106018,0.4526762,0.58052254,0.4983134,0.6392188
bunch,P,word2vec_tiny_base,0.4170955,0.540836,0.5093944,0.6160338,0.54637533,0.63597375
inspect,P,word2vec_tiny_base,0.30875582,0.34939536,0.3828132,0.43184185,0.4102527,0.45284742
bum,P,word2vec_tiny_base,0.2942256,0.3406757,0.36969224,0.45749712,0.4042057,0.49242133
telescope,P,word2vec_tiny_base,0.36585397,0.47489122,0.46077806,0.5833654,0.49786672,0.61925924
large,P,word2vec_tiny_base,0.33828983,0.43560845,0.46292168,0.58666486,0.5109755,0.62824374
variety,P,word2vec_tiny_base,0.32168305,0.40656766,0.39929,0.5125729,0.42942643,0.5394451
meantime,P,word2vec_tiny_base,0.38249213,0.38910073,0.43212277,0.4094318,0.45099148,0.42649463
overhear,M,word2vec_tiny_base,0.18005958,0.18085507,0.20756224,0.2159963,0.21869633,0.22607024
princess,P,word2vec_tiny_base,0.31135,0.4432927,0.44907463,0.60240257,0.4981848,0.6316408
sanctuary,P,word2vec_tiny_base,0.3310955,0.39539352,0.38844368,0.43563795,0.409017,0.4441333
astray,P,word2vec_tiny_base,0.19463015,0.22017364,0.23703396,0.2501414,0.2566801,0.27539602
suitable,M,word2vec_tiny_base,0.35021597,0.4028355,0.41570812,0.45908165,0.44238007,0.46972662
shield,P,word2vec_tiny_base,0.31183535,0.43132865,0.42313802,0.5808216,0.47142678,0.6338654
rod,P,word2vec_tiny_base,0.29680443,0.388522,0.4049752,0.5632075,0.45927688,0.62828004
gutter,P,word2vec_tiny_base,0.3113499,0.3858264,0.3709482,0.43716455,0.39450845,0.4683663
grapefruit,P,word2vec_tiny_base,0.2008398,0.24783385,0.2600377,0.32775602,0.29515544,0.36660156
chaos,P,word2vec_tiny_base,0.3698447,0.44928873,0.44300735,0.5234435,0.4725001,0.54630584
bus,H,word2vec_tiny_base,0.29291463,0.35066524,0.42042148,0.55641407,0.47013137,0.6106802
scooter,P,word2vec_tiny_base,0.23870108,0.33709502,0.40760395,0.562995,0.46879554,0.624226
rink,P,word2vec_tiny_base,0.37242508,0.49571478,0.4967785,0.62299734,0.5360482,0.63714135
round,P,word2vec_tiny_base,0.39861193,0.52199674,0.5064355,0.6518281,0.54764795,0.69220257
hamper,H,word2vec_tiny_base,0.33142057,0.44619024,0.4122348,0.51365554,0.44403085,0.54353774
pressure,P,word2vec_tiny_base,0.31544796,0.40487182,0.38263118,0.4990112,0.40912136,0.5200634
wacky,M,word2vec_tiny_base,0.4098782,0.4843377,0.46793202,0.53356797,0.4911628,0.56772166
allow,P,word2vec_tiny_base,0.3958041,0.52797204,0.54011214,0.6633174,0.5862013,0.66558856
colony,P,word2vec_tiny_base,0.36201578,0.48306108,0.41892278,0.5253092,0.44123748,0.5263624
squeak,P,word2vec_tiny_base,0.3523214,0.45482704,0.4320579,0.485972,0.46793014,0.5119101
halfway,P,word2vec_tiny_base,0.41552266,0.48516753,0.48635307,0.53796357,0.5166042,0.56840104
forward,P,word2vec_tiny_base,0.44869733,0.45043,0.50765735,0.45753324,0.5262754,0.47064623
assess,P,word2vec_tiny_base,0.13989617,0.15880112,0.16663885,0.19616824,0.17907545,0.21589749
metal,P,word2vec_tiny_base,0.34906894,0.46757683,0.45658973,0.5970639,0.49816924,0.64342964
drummer,P,word2vec_tiny_base,0.3292603,0.44126216,0.41485965,0.530177,0.45367768,0.5615118
strategy,P,word2vec_tiny_base,0.22597294,0.28618807,0.28610766,0.36576,0.3151513,0.3997594
farewell,P,word2vec_tiny_base,0.27046406,0.35619462,0.34535637,0.42052373,0.37417492,0.4422374
fly,H,word2vec_tiny_base,0.3435532,0.41416267,0.4720012,0.6244406,0.5209441,0.6633953
scroll,P,word2vec_tiny_base,0.35129595,0.4128423,0.40684152,0.4776436,0.42880476,0.49167275
bowl,H,word2vec_tiny_base,0.27975047,0.37706825,0.37652054,0.4857111,0.41811725,0.5192712
lounge,P,word2vec_tiny_base,0.3578999,0.41690132,0.4107343,0.47128898,0.4326355,0.4770872
meatball,P,word2vec_tiny_base,0.20709756,0.21188107,0.25388405,0.28735775,0.27975935,0.3256145
headline,P,word2vec_tiny_base,0.27182013,0.33190864,0.34279582,0.41575253,0.37239295,0.45059302
sketch,P,word2vec_tiny_base,0.2663358,0.31105432,0.31864578,0.36487544,0.33907613,0.37355036
network,P,word2vec_tiny_base,0.4250896,0.5436755,0.49334964,0.6318112,0.5254553,0.66764235
throttle,P,word2vec_tiny_base,0.23952043,0.2575339,0.28617644,0.31086797,0.30306283,0.31375644
pledge,P,word2vec_tiny_base,0.1476787,0.15605702,0.17388064,0.18948503,0.18713932,0.20759568
breed,P,word2vec_tiny_base,0.29353064,0.3348567,0.34511116,0.3531375,0.36316273,0.3659637
flexible,P,word2vec_tiny_base,0.38084918,0.50813055,0.50686795,0.66130227,0.5523516,0.7048134
pillar,P,word2vec_tiny_base,0.22200604,0.21210386,0.24822512,0.22891286,0.25979194,0.24129038
continuous,M,word2vec_tiny_base,0.16428833,0.17958564,0.18921791,0.20801573,0.20114021,0.22144206
barn,M,word2vec_tiny_base,0.28015858,0.3205557,0.42898256,0.5794542,0.49570286,0.65492374
dinnertime,M,word2vec_tiny_base,0.30536774,0.36670893,0.34860352,0.38012367,0.3661949,0.39012104
latch,P,word2vec_tiny_base,0.28849858,0.38067186,0.3834387,0.49002334,0.4233336,0.52329123
bride,H,word2vec_tiny_base,0.36313862,0.4830329,0.46300873,0.5880808,0.5054256,0.6146578
announce,P,word2vec_tiny_base,0.32252932,0.3894368,0.38387963,0.45630395,0.41102847,0.48415425
appear,P,word2vec_tiny_base,0.40342537,0.49118385,0.53029346,0.63516706,0.5671337,0.6507162
complete,P,word2vec_tiny_base,0.37453926,0.52779573,0.47487536,0.54392403,0.5084817,0.5395898
delightful,M,word2vec_tiny_base,0.31605297,0.37251455,0.38363045,0.47865507,0.40985894,0.5008776
accordion,P,word2vec_tiny_base,0.22968635,0.2599745,0.2631172,0.27364278,0.2803463,0.29413372
plaque,P,word2vec_tiny_base,0.31118932,0.38943863,0.3572272,0.44235522,0.3760533,0.4613875
replica,P,word2vec_tiny_base,0.17864113,0.20820378,0.20626892,0.22834322,0.21885605,0.23297329
cowboy,P,word2vec_tiny_base,0.33575255,0.42144963,0.45212388,0.57317054,0.5056144,0.61228806
turbulence,P,word2vec_tiny_base,0.29127952,0.2878379,0.32666215,0.32460105,0.34123385,0.34097013
crust,P,word2vec_tiny_base,0.24959436,0.29865566,0.31392506,0.37750095,0.34627074,0.4184627
bag,P,word2vec_tiny_base,0.3544838,0.49426812,0.4840995,0.6282924,0.5312559,0.6439651
scarce,P,word2vec_tiny_base,0.20333299,0.17751585,0.24199894,0.22615737,0.26136094,0.24720244
apology,P,word2vec_tiny_base,0.3763078,0.42501274,0.42415124,0.46147695,0.4455768,0.4764139
ornament,P,word2vec_tiny_base,0.29276532,0.38735932,0.40902516,0.5506342,0.46166694,0.6092388
fancy,P,word2vec_tiny_base,0.31004354,0.36730912,0.44038928,0.6048459,0.49551558,0.6551329
bind,P,word2vec_tiny_base,0.25562686,0.33721924,0.28985986,0.37608638,0.30851114,0.392286
cranky,P,word2vec_tiny_base,0.41736087,0.5237426,0.49418178,0.5653026,0.52326125,0.5594393
rhythmic,M,word2vec_tiny_base,0.22134948,0.3039654,0.28755796,0.38934347,0.32179946,0.43664345
malicious,M,word2vec_tiny_base,0.22452572,0.25613418,0.25951144,0.29087517,0.27313834,0.3013586
forecast,P,word2vec_tiny_base,0.28657925,0.2859476,0.32307425,0.32644308,0.33954257,0.33055815
stroll,P,word2vec_tiny_base,0.36289924,0.4654658,0.46362427,0.56318897,0.49964172,0.5734421
comet,M,word2vec_tiny_base,0.30409238,0.43471345,0.42671734,0.57701516,0.476931,0.6192032
mocha,P,word2vec_tiny_base,0.22788525,0.26135436,0.26292002,0.29200563,0.27687114,0.30524287
situation,P,word2vec_tiny_base,0.30934227,0.35689393,0.37181026,0.41542652,0.3970726,0.4357373
copilot,M,word2vec_tiny_base,0.37053818,0.48074496,0.4724644,0.578806,0.5109497,0.60484093
paste,H,word2vec_tiny_base,0.29253644,0.39206618,0.35367078,0.4584356,0.38335845,0.49322125
drawer,P,word2vec_tiny_base,0.3136323,0.41110924,0.44615224,0.6062262,0.49990436,0.6515442
skill,P,word2vec_tiny_base,0.2938505,0.319075,0.37354103,0.3953538,0.40774214,0.43228295
fossil,P,word2vec_tiny_base,0.3722134,0.4341797,0.4588886,0.5313063,0.48927176,0.55835146
join,P,word2vec_tiny_base,0.46563402,0.5654065,0.5612882,0.6724219,0.5979488,0.6931647
sequence,P,word2vec_tiny_base,0.23614535,0.21633793,0.30939174,0.29479223,0.33808145,0.3659017
deliver,P,word2vec_tiny_base,0.34149846,0.48202676,0.49146667,0.6417786,0.5383734,0.65718216
succeed,P,word2vec_tiny_base,0.41106877,0.52623737,0.5119701,0.57692486,0.54232854,0.5597967
snip,P,word2vec_tiny_base,0.32698193,0.37475246,0.42854527,0.5018801,0.46851262,0.5439633
potty,P,word2vec_tiny_base,0.41608047,0.5241158,0.5053298,0.60268164,0.53243846,0.6124195
vegetable,P,word2vec_tiny_base,0.20978668,0.2684969,0.34497795,0.45223135,0.40976936,0.5134946
worthy,P,word2vec_tiny_base,0.23125093,0.25176898,0.28061572,0.327792,0.30746654,0.3629987
victorious,P,word2vec_tiny_base,0.23406287,0.3136927,0.31426767,0.40301713,0.35253495,0.43997812
pillow,P,word2vec_tiny_base,0.31410998,0.4292254,0.44869632,0.60694265,0.49282402,0.63829744
phenomenon,P,word2vec_tiny_base,0.14401475,0.16276298,0.17038223,0.19073586,0.18326053,0.20701692
lap,H,word2vec_tiny_base,0.39510196,0.4820813,0.48211366,0.5814992,0.5130471,0.6051652
corn,H,word2vec_tiny_base,0.23979568,0.3175932,0.35330948,0.49827778,0.4147377,0.5711971
farmer,M,word2vec_tiny_base,0.2758873,0.32267657,0.41408598,0.5572819,0.47507277,0.62538254
sleeve,P,word2vec_tiny_base,0.3300373,0.43965316,0.40046683,0.4982182,0.42885906,0.52645487
chunky,P,word2vec_tiny_base,0.3226344,0.40913185,0.37336552,0.4736497,0.39397058,0.5007004
funky,H,word2vec_tiny_base,0.24502678,0.27417418,0.28495568,0.30158508,0.30112448,0.32834077
pet,H,word2vec_tiny_base,0.41885608,0.4936232,0.51222914,0.58263284,0.54775965,0.5983893
ringer,H,word2vec_tiny_base,0.35043508,0.4211458,0.43511832,0.5167264,0.46206516,0.503417
confuse,P,word2vec_tiny_base,0.31108022,0.3802433,0.37733805,0.47257045,0.40254974,0.49004287
persuasion,P,word2vec_tiny_base,0.22314227,0.29461953,0.29207912,0.3337167,0.31320107,0.35005814
innocent,P,word2vec_tiny_base,0.3952265,0.52173674,0.4543042,0.52704114,0.47387516,0.52128524
tragic,P,word2vec_tiny_base,0.19958156,0.24306297,0.27072492,0.3395564,0.30292016,0.36863017
register,P,word2vec_tiny_base,0.26269597,0.33244774,0.36855462,0.44735792,0.41050574,0.48430088
scarf,H,word2vec_tiny_base,0.2824069,0.36384445,0.3879957,0.5330451,0.44169194,0.5766998
marmalade,M,word2vec_tiny_base,0.3242411,0.29357287,0.37592328,0.38640112,0.4010563,0.42389718
consume,P,word2vec_tiny_base,0.13231553,0.15346889,0.15962014,0.1878942,0.17158513,0.21010645
rice,P,word2vec_tiny_base,0.21618271,0.29935104,0.3348222,0.4472557,0.39817768,0.5084733
pitcher,H,word2vec_tiny_base,0.30359367,0.3877071,0.37627515,0.44518408,0.41246527,0.49191368
suffer,P,word2vec_tiny_base,0.36156505,0.5042035,0.48747346,0.6318579,0.528938,0.6435957
logic,P,word2vec_tiny_base,0.22127287,0.27923453,0.2690441,0.35123077,0.29383618,0.37936592
sling,H,word2vec_tiny_base,0.29900852,0.36396912,0.37869626,0.42034224,0.40965384,0.44543788
unheard,P,word2vec_tiny_base,0.17616402,0.1882687,0.20640033,0.22573918,0.22000164,0.2383583
raffle,P,word2vec_tiny_base,0.18769674,0.20157781,0.22118936,0.23787227,0.23715046,0.24557073
lobby,P,word2vec_tiny_base,0.37054542,0.47900745,0.45893,0.6000829,0.49996632,0.63350725
furniture,M,word2vec_tiny_base,0.3016328,0.40436828,0.41899982,0.5739415,0.4715132,0.63521814
lovable,M,word2vec_tiny_base,0.3113741,0.36680806,0.37480834,0.42537704,0.39723992,0.44659784
destroy,P,word2vec_tiny_base,0.40707654,0.5750267,0.5279918,0.6897066,0.57314134,0.7009203
cowardly,P,word2vec_tiny_base,0.26566893,0.3333021,0.32137176,0.38123593,0.3445789,0.38564253
jug,P,word2vec_tiny_base,0.30837673,0.42305747,0.44069672,0.58833754,0.49129844,0.63765705
champion,P,word2vec_tiny_base,0.31931037,0.4107019,0.38482955,0.4758626,0.41562322,0.49987164
guide,P,word2vec_tiny_base,0.4032463,0.49604997,0.47322407,0.5114227,0.4957922,0.53774035
ballroom,M,word2vec_tiny_base,0.37161466,0.42048967,0.44561362,0.5185937,0.4760235,0.54794884
optimistic,P,word2vec_tiny_base,0.23741552,0.2691737,0.2862586,0.33120346,0.30790862,0.35902655
captive,P,word2vec_tiny_base,0.17834614,0.19645405,0.20999342,0.22900112,0.22389121,0.24203081
plank,P,word2vec_tiny_base,0.43397218,0.5430988,0.4947681,0.5670123,0.5202073,0.57803065
plug,P,word2vec_tiny_base,0.32620773,0.39892024,0.4308515,0.52204853,0.47190833,0.56197673
volunteer,P,word2vec_tiny_base,0.3527615,0.40451583,0.4165598,0.46682534,0.4450452,0.49257472
hearty,P,word2vec_tiny_base,0.29749203,0.26296273,0.34890404,0.3651428,0.37064788,0.38934588
wool,P,word2vec_tiny_base,0.34759194,0.4754752,0.47239095,0.6269806,0.5137867,0.65215
divine,P,word2vec_tiny_base,0.20434824,0.20987183,0.257861,0.30747837,0.28379014,0.3523806
ideal,P,word2vec_tiny_base,0.29780257,0.30196112,0.340776,0.3504203,0.35647857,0.35446194
mystical,P,word2vec_tiny_base,0.22819856,0.31578195,0.29774937,0.41050243,0.32517868,0.4299811
swordfish,M,word2vec_tiny_base,0.3190785,0.38539597,0.39991802,0.50898284,0.43630233,0.5590317
fatigue,P,word2vec_tiny_base,0.21356669,0.2473221,0.25730237,0.31640732,0.27534154,0.33571693
exception,P,word2vec_tiny_base,0.3304109,0.31474236,0.3765721,0.35587433,0.3954506,0.3786837
department,P,word2vec_tiny_base,0.26751548,0.39529213,0.38921672,0.5112103,0.43177837,0.5336539
chaser,P,word2vec_tiny_base,0.14236328,0.15177217,0.17113017,0.1839999,0.18332824,0.20146531
quicksand,M,word2vec_tiny_base,0.28532565,0.33798516,0.33664936,0.37960008,0.35915634,0.40535796
parental,M,word2vec_tiny_base,0.12345798,0.1426595,0.15695663,0.19578518,0.17524897,0.2160869
corny,P,word2vec_tiny_base,0.3025321,0.34123552,0.39861047,0.5272591,0.44239366,0.5777931
formation,P,word2vec_tiny_base,0.24886803,0.31543925,0.31178415,0.40572774,0.34111482,0.44435638
planner,P,word2vec_tiny_base,0.2668612,0.2581501,0.31847602,0.29719618,0.33840474,0.296481
marker,P,word2vec_tiny_base,0.28501943,0.3305481,0.39281535,0.48234984,0.44298393,0.5430805
prune,H,word2vec_tiny_base,0.22016421,0.26472443,0.35263115,0.47277135,0.4212606,0.5521421
gain,P,word2vec_tiny_base,0.4351429,0.55887663,0.5299798,0.62225515,0.56119335,0.5920166
scalp,P,word2vec_tiny_base,0.24344663,0.3325363,0.31060588,0.42964956,0.34129828,0.46440572
bottle,P,word2vec_tiny_base,0.32642493,0.43897015,0.45107442,0.5979432,0.4971619,0.64037764
mention,P,word2vec_tiny_base,0.43734485,0.59672135,0.5233761,0.6264408,0.5516982,0.5966277
glee,P,word2vec_tiny_base,0.26572964,0.35767198,0.38262784,0.46242496,0.42296928,0.47109023
errand,P,word2vec_tiny_base,0.28586334,0.3249839,0.32861283,0.37462544,0.34504622,0.38885766
childhood,M,word2vec_tiny_base,0.33996147,0.4080542,0.4001176,0.45488507,0.42346245,0.45458037
shake,P,word2vec_tiny_base,0.40757865,0.55722076,0.51893497,0.6720668,0.56372947,0.69681156
reverence,P,word2vec_tiny_base,0.13899449,0.15952419,0.165981,0.20576347,0.17700936,0.22061823
limb,H,word2vec_tiny_base,0.28100368,0.3422605,0.3534336,0.42272374,0.37822,0.451766
coward,P,word2vec_tiny_base,0.26067272,0.3281251,0.37210518,0.46669134,0.40846956,0.49592733
property,P,word2vec_tiny_base,0.32135493,0.37715745,0.39656678,0.43421772,0.43075046,0.45753714
sundae,M,word2vec_tiny_base,0.24822989,0.29384834,0.3336999,0.37110624,0.37819698,0.4125036
fashion,P,word2vec_tiny_base,0.30150586,0.3620179,0.43167618,0.55866,0.48044693,0.62586427
ecstatic,P,word2vec_tiny_base,0.253745,0.3732792,0.32530946,0.4236591,0.3504175,0.4331772
copper,P,word2vec_tiny_base,0.31750745,0.37893608,0.45505524,0.5870554,0.50401205,0.6272001
hammer,P,word2vec_tiny_base,0.28251037,0.40710655,0.40636623,0.57278126,0.45975363,0.62656003
bumper,P,word2vec_tiny_base,0.28425884,0.33461258,0.38776684,0.4711787,0.43116722,0.5255696
unknown,P,word2vec_tiny_base,0.3840545,0.44935167,0.50492823,0.618724,0.54227984,0.6112048
press,H,word2vec_tiny_base,0.3401548,0.41666844,0.4586866,0.570284,0.50200826,0.6025943
smoker,P,word2vec_tiny_base,0.15118222,0.16894718,0.1737489,0.20112316,0.18345135,0.21760307
innocence,P,word2vec_tiny_base,0.22432108,0.2722066,0.2673969,0.34009218,0.28723553,0.36859506
rascal,P,word2vec_tiny_base,0.2968791,0.34888753,0.3363059,0.39610186,0.35462213,0.4160967
venue,P,word2vec_tiny_base,0.19611259,0.2101852,0.22776508,0.23819268,0.24024166,0.2464625
chase,H,word2vec_tiny_base,0.38376927,0.5351374,0.5171841,0.6626486,0.5557618,0.67635244
user,P,word2vec_tiny_base,0.22566946,0.24246292,0.26211852,0.27002266,0.27602977,0.28361782
insect,P,word2vec_tiny_base,0.23544195,0.335736,0.38400936,0.5257421,0.4495938,0.598376
escape,P,word2vec_tiny_base,0.42555457,0.57618856,0.5164213,0.5963802,0.5476029,0.58544177
gag,H,word2vec_tiny_base,0.24152744,0.28337324,0.33338028,0.4165075,0.37124893,0.45241597
lifeless,P,word2vec_tiny_base,0.2855705,0.3424552,0.34257552,0.4171067,0.36790478,0.44805142
sunrise,P,word2vec_tiny_base,0.37755257,0.49839154,0.498556,0.6336914,0.5379147,0.6536432
refresh,P,word2vec_tiny_base,0.14731291,0.16118725,0.17156963,0.19083472,0.18353266,0.2084673
meek,P,word2vec_tiny_base,0.2609047,0.30934772,0.30767995,0.3629389,0.32599133,0.37337333
troll,H,word2vec_tiny_base,0.3352195,0.36319214,0.42069608,0.443621,0.44926402,0.46178868
snowy,P,word2vec_tiny_base,0.34805405,0.4755663,0.45031354,0.5902933,0.49206525,0.62533987
breath,P,word2vec_tiny_base,0.4530855,0.5789084,0.55769163,0.62460005,0.58789784,0.64459366
straighten,P,word2vec_tiny_base,0.28853127,0.35553458,0.35137436,0.4593836,0.3807126,0.49596617
plight,H,word2vec_tiny_base,0.2597267,0.32644066,0.32659522,0.40388706,0.351077,0.42449945
delay,P,word2vec_tiny_base,0.42488688,0.5689345,0.5365486,0.6440647,0.5721387,0.61800826
exterior,P,word2vec_tiny_base,0.2656624,0.29280242,0.30264735,0.32504785,0.3185318,0.33481544
cockpit,P,word2vec_tiny_base,0.33470544,0.42049012,0.4265048,0.5357411,0.46333623,0.57084084
thoughtful,P,word2vec_tiny_base,0.23839936,0.32793245,0.41930482,0.5701378,0.490872,0.632555
sage,H,word2vec_tiny_base,0.31417674,0.34996834,0.36275336,0.4261873,0.3815577,0.42880854
twig,M,word2vec_tiny_base,0.3129855,0.438508,0.43185464,0.5936261,0.478196,0.6414279
creepy,P,word2vec_tiny_base,0.36193115,0.49026313,0.44869435,0.54398876,0.48124513,0.54285747
unpopular,P,word2vec_tiny_base,0.123379625,0.15279104,0.14941847,0.18087125,0.16190098,0.19885567
garbage,P,word2vec_tiny_base,0.3248248,0.44428658,0.4322892,0.53884655,0.47206786,0.5717289
alphabet,P,word2vec_tiny_base,0.2559796,0.30365905,0.34591228,0.41992667,0.3870572,0.466631
cannon,P,word2vec_tiny_base,0.30762836,0.43382737,0.3872137,0.51009995,0.42146292,0.53962535
collect,P,word2vec_tiny_base,0.36830828,0.5089136,0.5010165,0.6689082,0.55073637,0.70185983
bench,P,word2vec_tiny_base,0.4269978,0.5613319,0.52765304,0.6807931,0.5668002,0.69401115
stiff,P,word2vec_tiny_base,0.37137762,0.47999337,0.45036685,0.55197865,0.48426402,0.57606125
meadow,P,word2vec_tiny_base,0.29650587,0.4349366,0.3999908,0.49774972,0.43503955,0.52777684
dishwasher,P,word2vec_tiny_base,0.3202176,0.43521777,0.45200393,0.6019923,0.50853074,0.6540955
cycle,P,word2vec_tiny_base,0.32843807,0.3799843,0.37879917,0.4254428,0.40047246,0.44298783
player,P,word2vec_tiny_base,0.40143982,0.51758665,0.4853357,0.57892185,0.5190438,0.5894996
bull,H,word2vec_tiny_base,0.24534051,0.34191748,0.3786477,0.52239037,0.45004544,0.61600345
brave,P,word2vec_tiny_base,0.37243527,0.47555438,0.47165602,0.6108291,0.5081118,0.60031223
aircraft,M,word2vec_tiny_base,0.2716761,0.35555848,0.32565004,0.39743292,0.3459752,0.41527027
nip,H,word2vec_tiny_base,0.26884645,0.3250444,0.3334844,0.39372212,0.35675842,0.41672963
amulet,M,word2vec_tiny_base,0.2634979,0.35314536,0.3337014,0.44089237,0.35879585,0.4558117
cherish,P,word2vec_tiny_base,0.3008038,0.32890657,0.3605514,0.3675252,0.38609505,0.3801451
dish,P,word2vec_tiny_base,0.262313,0.34690133,0.38537586,0.51588464,0.44425663,0.580044
clerk,P,word2vec_tiny_base,0.25387195,0.33694932,0.3637661,0.45104837,0.39889598,0.47839308
tuck,P,word2vec_tiny_base,0.5020279,0.58125365,0.5763132,0.64439017,0.6018311,0.65783185
railroad,P,word2vec_tiny_base,0.17845948,0.18989363,0.20584275,0.21546917,0.21755122,0.2273897
circus,P,word2vec_tiny_base,0.33637363,0.45127457,0.4560274,0.58646345,0.5040468,0.6278382
stool,P,word2vec_tiny_base,0.40902868,0.5363555,0.5176291,0.6625213,0.55598444,0.69907963
flake,P,word2vec_tiny_base,0.2834205,0.33238164,0.3217346,0.37700257,0.3368198,0.3783238
stretcher,P,word2vec_tiny_base,0.35529464,0.4349794,0.46087015,0.56681794,0.5032403,0.6034771
tread,P,word2vec_tiny_base,0.16929683,0.19110447,0.19506241,0.21767576,0.20594773,0.22387671
wrestle,P,word2vec_tiny_base,0.29949766,0.3769631,0.36886042,0.4726547,0.3981661,0.49141464
certain,P,word2vec_tiny_base,0.33458242,0.3943255,0.383895,0.43193585,0.40194616,0.44374105
tendency,P,word2vec_tiny_base,0.15642451,0.1841435,0.17646965,0.19318387,0.18612336,0.20808974
beginner,M,word2vec_tiny_base,0.16772258,0.17489295,0.19416782,0.2061769,0.20674206,0.2205166
microphone,M,word2vec_tiny_base,0.27932784,0.35609004,0.41974828,0.5622463,0.46838683,0.6218533
spree,P,word2vec_tiny_base,0.17420986,0.16617122,0.2007875,0.20570771,0.21228185,0.21759121
roar,P,word2vec_tiny_base,0.32903048,0.4239116,0.43384403,0.5470437,0.4783421,0.57521427
haircut,P,word2vec_tiny_base,0.35481256,0.4226837,0.49047488,0.61258,0.53835016,0.63360465
momentum,P,word2vec_tiny_base,0.24099126,0.27719167,0.2796647,0.3050276,0.29588372,0.31300065
clam,P,word2vec_tiny_base,0.31728426,0.3443669,0.40412986,0.48234516,0.4435772,0.53357744
spread,P,word2vec_tiny_base,0.46235594,0.54281706,0.5369579,0.5758258,0.5575476,0.5837494
howl,P,word2vec_tiny_base,0.29574654,0.3588879,0.36861193,0.4342412,0.40393472,0.47270605
snail,P,word2vec_tiny_base,0.33578867,0.4257849,0.4569223,0.5530007,0.5075755,0.6073556
embarrass,P,word2vec_tiny_base,0.4084846,0.4829187,0.52948153,0.6575756,0.5769027,0.6973025
mouse,P,word2vec_tiny_base,0.34313887,0.46428338,0.46940726,0.5982411,0.5144259,0.62139505
unpleasant,M,word2vec_tiny_base,0.2732322,0.34063178,0.33354965,0.38943565,0.35999545,0.4126883
score,P,word2vec_tiny_base,0.30852598,0.44552907,0.44230515,0.5777703,0.49271274,0.61116374
nature,P,word2vec_tiny_base,0.37436932,0.49325234,0.45397252,0.5352539,0.48161986,0.5375616
cupcake,M,word2vec_tiny_base,0.27862415,0.36631423,0.35021955,0.39580077,0.38661635,0.4338961
splendor,P,word2vec_tiny_base,0.23471227,0.2851212,0.27721778,0.3381726,0.29519942,0.3556889
caffeine,M,word2vec_tiny_base,0.18655336,0.21558024,0.22105756,0.23987867,0.23556072,0.24931858
wallpaper,P,word2vec_tiny_base,0.2695223,0.3660227,0.32877195,0.43541357,0.3577369,0.47246918
trim,P,word2vec_tiny_base,0.31920257,0.33175716,0.42670178,0.48732665,0.46399474,0.5135291
lime,H,word2vec_tiny_base,0.2171689,0.27190012,0.3751975,0.49817467,0.43970367,0.5622009
chimney,P,word2vec_tiny_base,0.3462364,0.4827065,0.46692407,0.6101766,0.51761323,0.6712269
assistance,P,word2vec_tiny_base,0.27999163,0.3426311,0.33677766,0.39866152,0.36126465,0.4134052
active,P,word2vec_tiny_base,0.38846943,0.505012,0.48171508,0.5862475,0.51518494,0.5855971
incredible,P,word2vec_tiny_base,0.26804224,0.3498112,0.45222595,0.5900137,0.5109995,0.62425625
cake,P,word2vec_tiny_base,0.26610142,0.34326202,0.37680683,0.48130932,0.43587157,0.5427061
lightning,P,word2vec_tiny_base,0.2954935,0.4249479,0.410077,0.5168194,0.4580301,0.55216163
burial,M,word2vec_tiny_base,0.31189832,0.36193344,0.363597,0.424454,0.38293794,0.44102353
handshake,M,word2vec_tiny_base,0.30157185,0.37146196,0.36887684,0.42056122,0.39611602,0.44926792
typewriter,M,word2vec_tiny_base,0.17402948,0.18045357,0.20223121,0.221533,0.21482533,0.23639704
saliva,M,word2vec_tiny_base,0.24448165,0.34569934,0.32262254,0.4326923,0.35447365,0.46941856
unite,P,word2vec_tiny_base,0.45693517,0.5666556,0.5370506,0.6118939,0.5653665,0.59446484
damp,P,word2vec_tiny_base,0.32458758,0.37276718,0.39907086,0.4660995,0.4288806,0.49418458
hopeless,P,word2vec_tiny_base,0.32974997,0.38455924,0.39858475,0.45002323,0.4260592,0.4665892
lazy,P,word2vec_tiny_base,0.31037027,0.37703565,0.47071952,0.5746367,0.5365142,0.67220986
confusion,P,word2vec_tiny_base,0.29775363,0.37480572,0.36966512,0.4221184,0.39851832,0.44365576
python,P,word2vec_tiny_base,0.31291273,0.3498471,0.3810204,0.46324605,0.40868348,0.50490993
breathe,P,word2vec_tiny_base,0.41614923,0.4979542,0.50952125,0.59741896,0.54468066,0.6079125
highway,P,word2vec_tiny_base,0.24293137,0.32575783,0.32082492,0.4250597,0.36152673,0.47785848
calculator,P,word2vec_tiny_base,0.25154015,0.31309807,0.3210675,0.42141503,0.35347596,0.45734218
pry,H,word2vec_tiny_base,0.30761823,0.38430443,0.40804368,0.5218518,0.44706178,0.5533833
knack,P,word2vec_tiny_base,0.26799244,0.2844411,0.31048343,0.3495667,0.32963082,0.3792313
fungus,P,word2vec_tiny_base,0.24924476,0.2727754,0.28324902,0.2911291,0.29791224,0.3032835
homeland,M,word2vec_tiny_base,0.17751208,0.17852245,0.2080171,0.2130102,0.22019494,0.2284814
explore,P,word2vec_tiny_base,0.34758422,0.48578012,0.45215064,0.5369076,0.47959542,0.5423371
spicy,P,word2vec_tiny_base,0.3196817,0.39832702,0.42062247,0.45489684,0.45955402,0.47367945
chaotic,M,word2vec_tiny_base,0.3087043,0.36017922,0.36560613,0.40436542,0.38674787,0.4349197
rabies,M,word2vec_tiny_base,0.30435118,0.3858876,0.38045722,0.47689873,0.41001824,0.49460703
loaf,H,word2vec_tiny_base,0.28497142,0.32865307,0.35930145,0.41970673,0.39556518,0.45047402
courtroom,M,word2vec_tiny_base,0.30741853,0.3783552,0.3534636,0.42841762,0.3732634,0.4459672
graveyard,M,word2vec_tiny_base,0.24069373,0.31907615,0.28543767,0.36817244,0.30477744,0.39397147
tournament,P,word2vec_tiny_base,0.29015574,0.3517391,0.37742898,0.44489422,0.41258803,0.4849504
puppy,P,word2vec_tiny_base,0.34054643,0.43288177,0.46044868,0.53696865,0.4958001,0.5430436
choir,P,word2vec_tiny_base,0.2801364,0.35024607,0.35592613,0.4597528,0.3935766,0.50782937
hasty,P,word2vec_tiny_base,0.27607453,0.27879784,0.33105046,0.3222203,0.3568852,0.35351735
muster,P,word2vec_tiny_base,0.26994154,0.2928669,0.3163304,0.3246204,0.33372134,0.3435038
bunker,P,word2vec_tiny_base,0.18502872,0.18460248,0.21366543,0.21889418,0.2256734,0.2276126
nine,P,word2vec_tiny_base,0.22703218,0.29293862,0.3797407,0.4064604,0.44856045,0.4860615
frame,P,word2vec_tiny_base,0.29843706,0.4327476,0.40361258,0.55671775,0.45376518,0.6155491
honorary,P,word2vec_tiny_base,0.2983001,0.36822608,0.34417504,0.4233832,0.3624461,0.43856797
saxophone,M,word2vec_tiny_base,0.2692492,0.32370177,0.409328,0.50678194,0.47566715,0.5795645
kitten,P,word2vec_tiny_base,0.4049324,0.51020044,0.51793176,0.6319225,0.55702806,0.643588
diagnose,P,word2vec_tiny_base,0.16753401,0.19344574,0.20068592,0.22069116,0.21456562,0.23231067
obstacle,M,word2vec_tiny_base,0.30719608,0.3136878,0.38173103,0.40499225,0.41260996,0.43623042
mailman,M,word2vec_tiny_base,0.33871245,0.4409922,0.4686565,0.5891746,0.5152965,0.6029793
alert,P,word2vec_tiny_base,0.42982164,0.50174004,0.5423684,0.65408635,0.59012496,0.69933015
vinegar,M,word2vec_tiny_base,0.28952098,0.3461576,0.36847317,0.41922426,0.40375102,0.46130416
bonnet,P,word2vec_tiny_base,0.33049488,0.4231883,0.3838268,0.48001876,0.40529472,0.49925023
conductor,P,word2vec_tiny_base,0.3170772,0.42817125,0.39812154,0.50004166,0.43456554,0.53740263
bubble,P,word2vec_tiny_base,0.40628737,0.55282664,0.48869073,0.6213518,0.5209738,0.64177966
garlic,P,word2vec_tiny_base,0.18565103,0.23259145,0.26209506,0.3344247,0.30449942,0.3767502
crossword,M,word2vec_tiny_base,0.19747302,0.22690922,0.23347247,0.24752061,0.24879257,0.25949097
settlement,P,word2vec_tiny_base,0.17936227,0.1867127,0.20563543,0.2121514,0.21697998,0.22437897
vet,H,word2vec_tiny_base,0.33520252,0.3865581,0.4632661,0.557539,0.508725,0.5882878
courteous,M,word2vec_tiny_base,0.19249573,0.25024772,0.24770561,0.29088253,0.2744165,0.3070004
sacrifice,P,word2vec_tiny_base,0.18192002,0.20314564,0.22217593,0.25849828,0.24523441,0.2896531
aware,M,word2vec_tiny_base,0.28720063,0.36074048,0.3909992,0.43783194,0.4273116,0.46027657
dreadful,P,word2vec_tiny_base,0.2288845,0.22900881,0.2649263,0.26400238,0.27990153,0.27683958
separation,P,word2vec_tiny_base,0.19152604,0.20196247,0.22980143,0.24049103,0.24618354,0.2593255
flute,P,word2vec_tiny_base,0.2554105,0.3228865,0.4160873,0.5518931,0.47735947,0.6108417
trigger,P,word2vec_tiny_base,0.38242358,0.47666505,0.47206593,0.56972235,0.5045862,0.58033866
fury,P,word2vec_tiny_base,0.23699585,0.28711772,0.29275066,0.37704659,0.31951797,0.4089108
drone,H,word2vec_tiny_base,0.26235265,0.29904947,0.3032617,0.32732242,0.31888917,0.33636498
external,P,word2vec_tiny_base,0.13146444,0.16280453,0.16650622,0.21093333,0.18758616,0.23561019
trait,M,word2vec_tiny_base,0.15259108,0.17886394,0.1878973,0.22849314,0.21072808,0.25853154
comply,M,word2vec_tiny_base,0.19444032,0.19566193,0.21983132,0.22656001,0.2320618,0.24010761
lava,P,word2vec_tiny_base,0.34226757,0.41006303,0.4434518,0.54474556,0.4793862,0.5717718
doodle,P,word2vec_tiny_base,0.29886234,0.34300044,0.34499687,0.38047725,0.36256257,0.39243746
mysterious,P,word2vec_tiny_base,0.3378886,0.4628743,0.4557939,0.59666944,0.49371138,0.6052361
static,P,word2vec_tiny_base,0.22286308,0.23070404,0.2569651,0.26399228,0.2705246,0.27636954
uninvited,M,word2vec_tiny_base,0.1336794,0.15857033,0.1544147,0.18776816,0.16448581,0.2016639
brush,H,word2vec_tiny_base,0.34467798,0.47947994,0.4567879,0.59215313,0.50036526,0.61443233
memorable,P,word2vec_tiny_base,0.26233786,0.3441789,0.32222697,0.4125499,0.3515577,0.4411599
timid,P,word2vec_tiny_base,0.32485518,0.38632774,0.39273614,0.4512804,0.41626853,0.4613902
lovely,P,word2vec_tiny_base,0.3123133,0.40961847,0.44676477,0.5755502,0.49391735,0.58160067
lunar,P,word2vec_tiny_base,0.27722186,0.36315235,0.32538036,0.36302906,0.34313738,0.36720523
distraught,P,word2vec_tiny_base,0.23340456,0.28077713,0.27426255,0.3398867,0.29008666,0.36485168
infinite,P,word2vec_tiny_base,0.23235491,0.24379143,0.27034178,0.27839938,0.28597018,0.29013175
medallion,P,word2vec_tiny_base,0.20005259,0.2246495,0.2303081,0.24438906,0.24385665,0.2506095
haystack,M,word2vec_tiny_base,0.3470497,0.44892013,0.4101023,0.48468187,0.43518966,0.50157756
coast,P,word2vec_tiny_base,0.30497232,0.3227976,0.403647,0.458659,0.4395925,0.5212696
impulsive,P,word2vec_tiny_base,0.14889441,0.18695442,0.18345231,0.21740352,0.2013847,0.2423978
shipment,P,word2vec_tiny_base,0.17211363,0.1955615,0.19981533,0.21903904,0.21070114,0.23389189
amaze,M,word2vec_tiny_base,0.28201157,0.32612565,0.32341462,0.36992675,0.34135613,0.37374806
operation,P,word2vec_tiny_base,0.3809919,0.4772013,0.48591328,0.55894995,0.52508867,0.59431994
survival,P,word2vec_tiny_base,0.14067145,0.16331284,0.16553211,0.18887235,0.17827332,0.20751904
perimeter,P,word2vec_tiny_base,0.23143592,0.28590375,0.2674214,0.32423902,0.2842015,0.3338802
dolphin,P,word2vec_tiny_base,0.21945803,0.28136277,0.35495776,0.47353768,0.4225502,0.5422023
feast,P,word2vec_tiny_base,0.41382378,0.49981147,0.51476663,0.62058306,0.548736,0.61926574
brook,H,word2vec_tiny_base,0.22122891,0.29376802,0.3000586,0.3953222,0.33043504,0.43664336
poker,H,word2vec_tiny_base,0.28993806,0.35115367,0.34583747,0.4148064,0.36906493,0.43206513
handcuff,P,word2vec_tiny_base,0.27326488,0.34867394,0.32542706,0.39564097,0.34740698,0.3967464
teenage,M,word2vec_tiny_base,0.221737,0.20900181,0.25511637,0.24356845,0.26856166,0.25326312
item,P,word2vec_tiny_base,0.32912368,0.399958,0.38268757,0.4402438,0.40218422,0.4505996
hometown,M,word2vec_tiny_base,0.29095435,0.35493758,0.33772078,0.4293128,0.36008498,0.45107782
fortress,M,word2vec_tiny_base,0.2823189,0.3658171,0.3320183,0.4209249,0.35389054,0.44277203
hop,H,word2vec_tiny_base,0.33042672,0.43798065,0.46698996,0.5748796,0.5172213,0.61703855
mountain,P,word2vec_tiny_base,0.33925396,0.47247133,0.44866598,0.615058,0.49774075,0.6552799
parent,P,word2vec_tiny_base,0.4049541,0.44721162,0.51930207,0.4773538,0.549756,0.45231068
roof,P,word2vec_tiny_base,0.35179675,0.47546196,0.4727026,0.6222574,0.5216543,0.6710506
disperse,P,word2vec_tiny_base,0.19705018,0.24283798,0.23856536,0.3111125,0.25616255,0.32844266
joyful,M,word2vec_tiny_base,0.32652074,0.4166169,0.40255454,0.47754472,0.43487114,0.5023189
pot,H,word2vec_tiny_base,0.28975055,0.38000894,0.3938398,0.52040267,0.43680897,0.5569226
trench,P,word2vec_tiny_base,0.28617692,0.36643228,0.35259235,0.43101305,0.3823919,0.45897886
track,P,word2vec_tiny_base,0.31192175,0.45446873,0.43159536,0.5780166,0.48180306,0.6266729
sparkle,P,word2vec_tiny_base,0.28924283,0.33164605,0.3893363,0.45076504,0.43386886,0.5053351
sly,P,word2vec_tiny_base,0.36891156,0.4416998,0.45697936,0.54363257,0.49015647,0.5782189
attraction,P,word2vec_tiny_base,0.2825472,0.31603783,0.33372086,0.34384546,0.351949,0.3526335
rotate,P,word2vec_tiny_base,0.27476558,0.34548676,0.31922016,0.34856346,0.3372529,0.37029
firm,H,word2vec_tiny_base,0.36924392,0.37897354,0.46318337,0.4840692,0.49769658,0.49532965
haste,P,word2vec_tiny_base,0.26987582,0.2819681,0.32127637,0.344687,0.34446552,0.37150246
rotten,P,word2vec_tiny_base,0.32656375,0.39413452,0.44089124,0.52937955,0.48171195,0.549269
yield,P,word2vec_tiny_base,0.46319374,0.58680815,0.54935396,0.6645814,0.58077866,0.6622265
optimism,P,word2vec_tiny_base,0.1903831,0.23891863,0.23677903,0.30386803,0.25934818,0.32905856
scrub,H,word2vec_tiny_base,0.30648747,0.41918465,0.4335485,0.525482,0.48067597,0.5726811
repay,P,word2vec_tiny_base,0.3335533,0.39111695,0.40109372,0.4424211,0.4276554,0.45797157
define,P,word2vec_tiny_base,0.13435113,0.14725445,0.17071636,0.19261882,0.19094555,0.21780942
include,P,word2vec_tiny_base,0.41919804,0.53907365,0.52927434,0.6475283,0.5677159,0.6612276
advertise,P,word2vec_tiny_base,0.25501454,0.2972335,0.299199,0.33918542,0.31593743,0.3484126
envelope,P,word2vec_tiny_base,0.27675337,0.3889382,0.41773978,0.56445616,0.4768248,0.6316342
commitment,P,word2vec_tiny_base,0.18187328,0.2225731,0.22289741,0.28172037,0.25008702,0.31701303
trough,P,word2vec_tiny_base,0.3067305,0.34294564,0.3933051,0.49091825,0.4253571,0.51839036
bossy,H,word2vec_tiny_base,0.3010991,0.37655723,0.4564193,0.5764461,0.5245874,0.6544855
leather,P,word2vec_tiny_base,0.3940696,0.465692,0.4835492,0.58645666,0.526179,0.6508206
desk,P,word2vec_tiny_base,0.29365355,0.42184752,0.41390106,0.5705503,0.47140914,0.6314161
actress,M,word2vec_tiny_base,0.30884892,0.37622532,0.37214637,0.44986376,0.39853442,0.46732506
replay,P,word2vec_tiny_base,0.15031368,0.15447247,0.17494076,0.19193836,0.18557186,0.2039709
disco,P,word2vec_tiny_base,0.40193963,0.4362339,0.45113274,0.44554004,0.46928528,0.44933853
dome,P,word2vec_tiny_base,0.31541124,0.37322837,0.39144593,0.48668262,0.4229822,0.52272236
nursery,P,word2vec_tiny_base,0.35502997,0.4253457,0.43715405,0.5082875,0.46773735,0.5478236
comb,P,word2vec_tiny_base,0.303187,0.41523302,0.41658717,0.5498681,0.46963418,0.6120547
trader,P,word2vec_tiny_base,0.28194055,0.3625852,0.34077796,0.42335215,0.3665969,0.44786903
elusive,P,word2vec_tiny_base,0.22524981,0.22530018,0.26190147,0.25674796,0.2763363,0.2729721
grateful,P,word2vec_tiny_base,0.3774982,0.5111397,0.48914444,0.5778143,0.5261726,0.5479882
starvation,P,word2vec_tiny_base,0.16547647,0.17936705,0.19112964,0.21006982,0.20304321,0.21726887
springtime,P,word2vec_tiny_base,0.30562836,0.4002146,0.39516228,0.49187428,0.42801964,0.5203505
lion,P,word2vec_tiny_base,0.2558908,0.35403618,0.39705858,0.55182165,0.45941228,0.6103972
pineapple,P,word2vec_tiny_base,0.26425615,0.32744163,0.34496215,0.3842247,0.38608092,0.42074034
fan,H,word2vec_tiny_base,0.39455652,0.47367883,0.4739253,0.6058061,0.5072692,0.6567154
river,P,word2vec_tiny_base,0.26849943,0.37439546,0.41454497,0.55679214,0.467401,0.6111168
beacon,P,word2vec_tiny_base,0.25338474,0.30922914,0.32270536,0.39786026,0.35446614,0.43428975
hazardous,P,word2vec_tiny_base,0.2079458,0.25564182,0.24136524,0.28710395,0.2584721,0.30057758
cute,P,word2vec_tiny_base,0.3589384,0.44764113,0.48711604,0.6245281,0.5416206,0.6764439
livelihood,M,word2vec_tiny_base,0.12709925,0.15929902,0.1526407,0.19174238,0.16319294,0.20498271
crisis,P,word2vec_tiny_base,0.15891373,0.171693,0.18306835,0.19034536,0.19464268,0.20584741
tip,H,word2vec_tiny_base,0.4317619,0.577161,0.5180137,0.65785706,0.5505278,0.67727774
groom,P,word2vec_tiny_base,0.38509747,0.48096794,0.48265952,0.5987504,0.52673507,0.630383
assist,P,word2vec_tiny_base,0.23936805,0.27373952,0.27822292,0.32188672,0.293329,0.3318037
adopt,P,word2vec_tiny_base,0.4252688,0.4570803,0.48677087,0.5176583,0.5112561,0.5281417
rubber,H,word2vec_tiny_base,0.4080237,0.5338467,0.501243,0.6499199,0.54134333,0.6924741
substitute,P,word2vec_tiny_base,0.14634709,0.17581333,0.16758579,0.1978756,0.17850666,0.20568101
poison,P,word2vec_tiny_base,0.42535537,0.55235654,0.5104616,0.6213302,0.5416349,0.61986965
assembly,P,word2vec_tiny_base,0.25427613,0.33455577,0.31282067,0.39633852,0.33642396,0.41784385
pulse,H,word2vec_tiny_base,0.31140202,0.37107307,0.3626507,0.45147446,0.39063904,0.48691514
snake,P,word2vec_tiny_base,0.35531396,0.50336325,0.44784707,0.6156908,0.49326143,0.64942807
manure,P,word2vec_tiny_base,0.24799721,0.29004148,0.30536622,0.34241053,0.32702407,0.3519013
lad,P,word2vec_tiny_base,0.25409213,0.30433556,0.2982825,0.2955795,0.3226113,0.33475485
trot,P,word2vec_tiny_base,0.2795867,0.33664456,0.37638533,0.445829,0.41267577,0.47892582
soothe,P,word2vec_tiny_base,0.29464284,0.37880838,0.35729855,0.4264624,0.38519502,0.45826635
mishap,M,word2vec_tiny_base,0.16497144,0.17640617,0.19182305,0.21007925,0.20258933,0.21961533
host,H,word2vec_tiny_base,0.37571207,0.47254702,0.46553424,0.543747,0.4985846,0.54555994
feed,P,word2vec_tiny_base,0.4327759,0.57716066,0.53071874,0.6724579,0.5661856,0.69336003
classic,P,word2vec_tiny_base,0.28754288,0.2874377,0.33373725,0.3369208,0.35213426,0.35931945
parachute,P,word2vec_tiny_base,0.37224677,0.44561532,0.447688,0.5277545,0.47645217,0.55706835
persuasive,M,word2vec_tiny_base,0.24742594,0.306166,0.3076618,0.37977582,0.3301252,0.40432665
footage,P,word2vec_tiny_base,0.14332035,0.17105366,0.16700965,0.19497426,0.17914943,0.20895761
overall,P,word2vec_tiny_base,0.27418834,0.34213227,0.31480342,0.3856962,0.33234322,0.40423703
tree,P,word2vec_tiny_base,0.34650078,0.45879284,0.47342378,0.6154606,0.5204079,0.6495753
disastrous,M,word2vec_tiny_base,0.15614879,0.1949523,0.20369305,0.23369548,0.22382984,0.26485252
visible,P,word2vec_tiny_base,0.35748553,0.35950434,0.4114286,0.42975342,0.4373056,0.45856026
crunch,P,word2vec_tiny_base,0.3793791,0.51445323,0.46875733,0.5672512,0.49936974,0.57771385
cracker,P,word2vec_tiny_base,0.3733113,0.44504237,0.44169578,0.5280521,0.47161806,0.5418585
workshop,P,word2vec_tiny_base,0.3575179,0.4312837,0.45129678,0.54376704,0.48594636,0.57236874
native,P,word2vec_tiny_base,0.2749549,0.360556,0.32127675,0.42090294,0.33910918,0.44212118
trout,P,word2vec_tiny_base,0.32045966,0.4222125,0.38832977,0.48259342,0.41242713,0.48058525
reef,H,word2vec_tiny_base,0.23709252,0.2830405,0.35452688,0.45193988,0.42058113,0.52599835
noise,P,word2vec_tiny_base,0.312621,0.43129694,0.40882987,0.4769485,0.44909126,0.51104903
furnace,P,word2vec_tiny_base,0.26598448,0.33942527,0.33585614,0.44490093,0.3691555,0.4812141
motto,P,word2vec_tiny_base,0.16539367,0.16916229,0.19313252,0.19854653,0.20640326,0.21435249
channel,P,word2vec_tiny_base,0.35746044,0.40420616,0.4688915,0.5632196,0.5117391,0.5983645
racer,P,word2vec_tiny_base,0.3626442,0.48779178,0.45604205,0.5990249,0.4952841,0.62863517
irony,P,word2vec_tiny_base,0.39990988,0.452296,0.483599,0.53867024,0.51548326,0.5615377
dread,P,word2vec_tiny_base,0.21371274,0.26980186,0.2726863,0.36100066,0.29980773,0.39099538
protein,M,word2vec_tiny_base,0.2661682,0.3040652,0.35464084,0.3963603,0.38937396,0.4485414
dignity,P,word2vec_tiny_base,0.16664138,0.17476793,0.19983508,0.2113551,0.2183815,0.23141748
heed,P,word2vec_tiny_base,0.23651402,0.3024761,0.31235623,0.3795169,0.34141552,0.40029585
area,P,word2vec_tiny_base,0.41705793,0.5234023,0.5069743,0.63683957,0.5415129,0.66998136
fruit,P,word2vec_tiny_base,0.19228503,0.2482605,0.32570496,0.43501163,0.3915863,0.4969891
classical,P,word2vec_tiny_base,0.20974179,0.25486717,0.2588551,0.27860457,0.27606,0.2818438
ranch,P,word2vec_tiny_base,0.3217941,0.41948214,0.45839897,0.60081714,0.52084994,0.6671657
security,P,word2vec_tiny_base,0.3150598,0.39063165,0.40282804,0.4933872,0.43404624,0.52779657
sidewalk,M,word2vec_tiny_base,0.40287057,0.5471489,0.5080302,0.6388291,0.5470912,0.67408544
pronounce,P,word2vec_tiny_base,0.30282134,0.3032143,0.34887478,0.31488526,0.36771834,0.3349681
privacy,P,word2vec_tiny_base,0.29152328,0.33682907,0.3686261,0.38057867,0.4016425,0.39661232
buggy,H,word2vec_tiny_base,0.22529909,0.3091872,0.32681692,0.45303217,0.38216224,0.5135964
tramp,P,word2vec_tiny_base,0.22018686,0.26623976,0.2560096,0.29562756,0.27173164,0.30634555
serenity,M,word2vec_tiny_base,0.21999261,0.30723417,0.28960043,0.39138377,0.31752005,0.41947246
royal,P,word2vec_tiny_base,0.33991984,0.4250319,0.42490137,0.5143998,0.45819223,0.53437686
spill,H,word2vec_tiny_base,0.4050087,0.48575863,0.4960823,0.5303613,0.5311279,0.5546865
seventh,P,word2vec_tiny_base,0.33404738,0.42063722,0.41910133,0.49432382,0.44457734,0.5131453
choose,P,word2vec_tiny_base,0.4446574,0.5714926,0.5250027,0.6273403,0.5550718,0.62518114
vast,P,word2vec_tiny_base,0.28584754,0.37521058,0.3552508,0.4446148,0.3858104,0.46844
unlike,P,word2vec_tiny_base,0.38492376,0.46818602,0.44460994,0.50490236,0.4701922,0.5233655
tense,H,word2vec_tiny_base,0.26116142,0.30825388,0.31665224,0.38371068,0.33915094,0.4038763
origin,P,word2vec_tiny_base,0.22169611,0.24175446,0.25279504,0.25524306,0.26740417,0.26692784
apologize,P,word2vec_tiny_base,0.39696085,0.45913878,0.484711,0.55465734,0.5172157,0.5484356
greenhouse,M,word2vec_tiny_base,0.2371459,0.24069752,0.27052444,0.26354313,0.2846422,0.2685716
sniff,P,word2vec_tiny_base,0.44132814,0.59877276,0.5434477,0.6833985,0.5814181,0.7074168
reader,P,word2vec_tiny_base,0.2836958,0.3764425,0.40327546,0.5079652,0.4416895,0.52286583
horrid,P,word2vec_tiny_base,0.13876326,0.16091247,0.1607132,0.19140364,0.17257145,0.20917632
crease,P,word2vec_tiny_base,0.27023518,0.3063443,0.31317857,0.37086132,0.33343902,0.38802513
wrist,P,word2vec_tiny_base,0.37824327,0.41596547,0.47397235,0.56349796,0.5128141,0.6086603
superstar,M,word2vec_tiny_base,0.23163566,0.22815971,0.26944396,0.260219,0.28491637,0.27346903
earthquake,M,word2vec_tiny_base,0.4213481,0.5044111,0.5366549,0.60317206,0.5722618,0.60462695
resolution,P,word2vec_tiny_base,0.22482888,0.25083232,0.27855054,0.30467367,0.30422854,0.33193895
saucy,P,word2vec_tiny_base,0.24118932,0.21665092,0.29995635,0.30241233,0.33051902,0.34220973
helmet,M,word2vec_tiny_base,0.26617634,0.346395,0.4046958,0.55834687,0.47006863,0.6226554
bedside,P,word2vec_tiny_base,0.32455927,0.42263824,0.42009452,0.48261166,0.45288354,0.49217054
miracle,P,word2vec_tiny_base,0.385739,0.42045984,0.4451034,0.45398036,0.46782374,0.46878976
obsession,P,word2vec_tiny_base,0.13908775,0.17532581,0.16428562,0.2057583,0.1752707,0.22383164
swap,P,word2vec_tiny_base,0.4077591,0.48994422,0.49518105,0.49955538,0.5225509,0.51608264
tuning,P,word2vec_tiny_base,0.21485162,0.2319964,0.24773006,0.24855727,0.26163203,0.2610699
injure,P,word2vec_tiny_base,0.120372154,0.1504211,0.14592613,0.17951782,0.15742485,0.1972155
skeleton,P,word2vec_tiny_base,0.3525785,0.48858106,0.47460994,0.6404186,0.5203778,0.6801794
lake,M,word2vec_tiny_base,0.2327007,0.35045937,0.3762975,0.52026385,0.43142098,0.5856846
tank,P,word2vec_tiny_base,0.34754556,0.4567387,0.4371015,0.5921141,0.4834288,0.6408049
sugar,P,word2vec_tiny_base,0.25140068,0.3497629,0.35291374,0.47283065,0.3954808,0.49176866
connection,P,word2vec_tiny_base,0.35947758,0.4052748,0.41997218,0.43763956,0.44494292,0.44845098
pretend,P,word2vec_tiny_base,0.36771673,0.4126091,0.50307155,0.5767531,0.55310136,0.6191836
winter,P,word2vec_tiny_base,0.36616772,0.46614432,0.4936615,0.62719774,0.5419601,0.6733111
lifeguard,M,word2vec_tiny_base,0.41141695,0.5162849,0.4872261,0.5971662,0.5179063,0.6199708
intricate,M,word2vec_tiny_base,0.2542704,0.35234207,0.3227808,0.44760454,0.35553566,0.4907873
hilarious,P,word2vec_tiny_base,0.36767024,0.49158677,0.4461701,0.5188257,0.4710049,0.53006345
backside,P,word2vec_tiny_base,0.22205043,0.2562757,0.25324476,0.2785042,0.2675692,0.29045597
incomplete,P,word2vec_tiny_base,0.28632155,0.33593765,0.34328663,0.35510504,0.36228344,0.35819545
drag,P,word2vec_tiny_base,0.41206783,0.5401912,0.5115149,0.63719606,0.54628336,0.65971106
card,H,word2vec_tiny_base,0.30113715,0.41648474,0.40124658,0.5536565,0.44404206,0.5979986
dirty,P,word2vec_tiny_base,0.33349314,0.48492062,0.48074952,0.64543974,0.5345931,0.67893517
gang,H,word2vec_tiny_base,0.30983216,0.32352462,0.364492,0.40028653,0.3863119,0.4361709
daylight,P,word2vec_tiny_base,0.2289091,0.2800352,0.2919354,0.3812569,0.3256092,0.4274868
pathway,M,word2vec_tiny_base,0.27527004,0.3499683,0.35205996,0.41907158,0.38248044,0.45451146
chop,H,word2vec_tiny_base,0.37662596,0.47158867,0.503826,0.6002843,0.5448571,0.6343616
beef,P,word2vec_tiny_base,0.2515468,0.3159321,0.37264106,0.47437572,0.42829782,0.5360989
maiden,P,word2vec_tiny_base,0.31533056,0.3684596,0.3593676,0.42853272,0.37710702,0.4277397
wondrous,M,word2vec_tiny_base,0.24399085,0.3199719,0.32725662,0.42789054,0.36194062,0.4638
realm,P,word2vec_tiny_base,0.2389801,0.3183182,0.30162668,0.40100768,0.32637352,0.42360336
misery,P,word2vec_tiny_base,0.23931041,0.29038993,0.3027872,0.35621488,0.33605576,0.38595372
jealousy,P,word2vec_tiny_base,0.26188868,0.28870225,0.3537565,0.37288478,0.3896166,0.4000589
darkness,P,word2vec_tiny_base,0.2696924,0.31992704,0.326423,0.3982958,0.35356033,0.42615524
tanker,M,word2vec_tiny_base,0.26130912,0.2919161,0.30066654,0.32682863,0.3169653,0.34173167
helper,M,word2vec_tiny_base,0.37674162,0.47211608,0.4873854,0.5689751,0.5281591,0.59393585
turban,P,word2vec_tiny_base,0.3082945,0.40052453,0.40149918,0.49899644,0.43537408,0.5129453
adoption,P,word2vec_tiny_base,0.29550818,0.3338446,0.35358098,0.41198358,0.37346286,0.43309116
afar,P,word2vec_tiny_base,0.38697204,0.3868727,0.4520833,0.46725118,0.47760382,0.49489093
pointless,P,word2vec_tiny_base,0.141712,0.14646271,0.16668124,0.18688844,0.1792111,0.20065002
pony,P,word2vec_tiny_base,0.3195285,0.3728312,0.44957528,0.56994575,0.50720817,0.64947647
pit,H,word2vec_tiny_base,0.34651524,0.46205902,0.46810818,0.62155217,0.51649123,0.66770756
farm,P,word2vec_tiny_base,0.29181743,0.30344442,0.44971856,0.5744363,0.5163127,0.6563202
subway,P,word2vec_tiny_base,0.30037442,0.4157688,0.41427574,0.5775064,0.4665203,0.6332833
honorable,P,word2vec_tiny_base,0.15266708,0.16051322,0.17846113,0.19868106,0.1899513,0.2097373
doubt,P,word2vec_tiny_base,0.26222128,0.29048955,0.31410056,0.36278948,0.33554077,0.38364843
occasion,P,word2vec_tiny_base,0.34182948,0.4304589,0.4115208,0.47336,0.43637535,0.48675323
mild,P,word2vec_tiny_base,0.3792858,0.5137492,0.4860996,0.6347679,0.52477634,0.6379523
bashful,P,word2vec_tiny_base,0.284864,0.31018507,0.32376218,0.3678757,0.33944595,0.3853547
gear,P,word2vec_tiny_base,0.3126351,0.41173133,0.40919268,0.562182,0.45981628,0.6243843
dark,P,word2vec_tiny_base,0.35118157,0.46501365,0.45452476,0.5800761,0.4985746,0.6011027
prediction,P,word2vec_tiny_base,0.20495531,0.19869485,0.23581226,0.22348782,0.24869028,0.23696128
pleasure,P,word2vec_tiny_base,0.3542222,0.34947774,0.40835574,0.40866137,0.42914027,0.42445216
skateboard,P,word2vec_tiny_base,0.30147713,0.3591814,0.41299385,0.52814704,0.46073318,0.5663255
snowball,P,word2vec_tiny_base,0.38254946,0.50199133,0.5059905,0.64398205,0.5457202,0.67215735
movement,P,word2vec_tiny_base,0.31824666,0.40053046,0.36508748,0.4503439,0.38641265,0.46708408
strengthen,P,word2vec_tiny_base,0.21532612,0.22739246,0.2774176,0.29761735,0.3077664,0.3323878
sesame,P,word2vec_tiny_base,0.32199806,0.38871804,0.39749238,0.50305635,0.43073142,0.5289119
summertime,M,word2vec_tiny_base,0.33201957,0.43799102,0.40709862,0.44561026,0.43172362,0.45437232
attitude,P,word2vec_tiny_base,0.29100367,0.34836602,0.36262104,0.39419293,0.3907415,0.43461093
homework,M,word2vec_tiny_base,0.39294747,0.49824005,0.48594654,0.574621,0.5199981,0.5962333
careless,P,word2vec_tiny_base,0.37569386,0.45420823,0.50622153,0.62882245,0.5536033,0.6401593
delivery,P,word2vec_tiny_base,0.36710316,0.46597627,0.4305309,0.4896391,0.4552282,0.51353127
smoke,P,word2vec_tiny_base,0.30894858,0.40469047,0.41059804,0.51523376,0.4508561,0.55338085
hook,P,word2vec_tiny_base,0.35532767,0.4399311,0.45972645,0.6138347,0.49918512,0.6546454
dispute,P,word2vec_tiny_base,0.29983667,0.33230928,0.3335622,0.3356809,0.34753406,0.34774575
account,P,word2vec_tiny_base,0.26665783,0.29365742,0.3148261,0.3514352,0.33440077,0.35478246
stench,M,word2vec_tiny_base,0.25322318,0.32374802,0.30277312,0.39148948,0.32396767,0.40888378
prick,P,word2vec_tiny_base,0.2608062,0.35454834,0.35322854,0.4564775,0.38791925,0.4887214
gather,P,word2vec_tiny_base,0.3575372,0.4874206,0.5012797,0.66659755,0.5529808,0.71465945
cocoon,P,word2vec_tiny_base,0.4242731,0.46855462,0.5144704,0.5759681,0.5460794,0.6041183
sheep,P,word2vec_tiny_base,0.23019376,0.32357007,0.3677428,0.5091395,0.43981323,0.5857641
helium,M,word2vec_tiny_base,0.36630967,0.45426956,0.45020235,0.53724957,0.48307586,0.5546416
lettuce,P,word2vec_tiny_base,0.24686936,0.3024911,0.35116196,0.43175,0.39622113,0.4697062
fool,P,word2vec_tiny_base,0.29580757,0.356281,0.3963577,0.49359825,0.43503562,0.53228253
rave,P,word2vec_tiny_base,0.22176945,0.24497071,0.2650967,0.26870304,0.28209266,0.28153738
stream,P,word2vec_tiny_base,0.26758584,0.40041465,0.40331048,0.563812,0.45650998,0.612687
necktie,M,word2vec_tiny_base,0.14331885,0.16713795,0.16629228,0.18715703,0.17744662,0.20313923
tricky,P,word2vec_tiny_base,0.41581312,0.49091315,0.4974067,0.5161713,0.5240989,0.533462
hurtful,M,word2vec_tiny_base,0.31224194,0.33688492,0.41565734,0.46632826,0.45106843,0.47860116
mess,P,word2vec_tiny_base,0.4221105,0.5601054,0.51726454,0.6169795,0.54894936,0.63351876
describe,P,word2vec_tiny_base,0.32250437,0.35322663,0.3796798,0.435458,0.40525562,0.4569423
flock,H,word2vec_tiny_base,0.3667323,0.4586048,0.4303161,0.5203178,0.46032745,0.54134256
grab,P,word2vec_tiny_base,0.40029842,0.5478335,0.5160087,0.67506987,0.5572356,0.6956674
den,P,word2vec_tiny_base,0.3501982,0.4556255,0.43857345,0.5194394,0.46660918,0.52164614
encore,P,word2vec_tiny_base,0.2950229,0.37903786,0.36321023,0.46101958,0.3886221,0.48233524
ambition,P,word2vec_tiny_base,0.19976392,0.26513872,0.24750859,0.33129478,0.27511436,0.36392233
middle,P,word2vec_tiny_base,0.42623964,0.55461836,0.5471393,0.66248447,0.5828667,0.6741451
feather,P,word2vec_tiny_base,0.30456233,0.3714538,0.42736843,0.5748341,0.47917506,0.6358078
motel,M,word2vec_tiny_base,0.26388472,0.28513157,0.29969615,0.30476463,0.31688598,0.30695438
drastic,P,word2vec_tiny_base,0.2161601,0.22718954,0.2440578,0.24595214,0.2550172,0.26386783
fearful,P,word2vec_tiny_base,0.30027646,0.41917485,0.4556798,0.5879745,0.5196544,0.66064364
nail,P,word2vec_tiny_base,0.29154658,0.37629792,0.40133289,0.5468018,0.4539961,0.61599284
knit,P,word2vec_tiny_base,0.40626746,0.44081002,0.51511806,0.59969825,0.5515721,0.6289744
vicious,P,word2vec_tiny_base,0.20638585,0.28037852,0.2572827,0.35650367,0.2840828,0.38934082
nest,P,word2vec_tiny_base,0.36122078,0.4966716,0.4685695,0.60909754,0.5174459,0.63656837
dreamy,P,word2vec_tiny_base,0.34380227,0.4081794,0.39810127,0.45300508,0.42171815,0.48508847
hut,P,word2vec_tiny_base,0.3186718,0.44278052,0.4615213,0.6206847,0.5157381,0.6641639
mower,M,word2vec_tiny_base,0.3369097,0.37080228,0.42368686,0.4797334,0.46101242,0.52881527
rhythm,P,word2vec_tiny_base,0.32153347,0.40408942,0.43531144,0.51460284,0.48314917,0.55388427
perform,P,word2vec_tiny_base,0.35203737,0.500017,0.48049814,0.62847364,0.5275661,0.6640656
kit,P,word2vec_tiny_base,0.41516477,0.5471304,0.4965899,0.64534503,0.5334206,0.6763765
filly,P,word2vec_tiny_base,0.29138216,0.3756508,0.36811894,0.46689585,0.40398246,0.51694757
monster,P,word2vec_tiny_base,0.35304916,0.48179314,0.46954727,0.5728838,0.5081017,0.5745789
goofy,M,word2vec_tiny_base,0.30639327,0.3606407,0.35264832,0.3982078,0.36923462,0.41847616
wildcat,P,word2vec_tiny_base,0.25806588,0.2836592,0.29874694,0.32293597,0.3145861,0.34319705
perk,H,word2vec_tiny_base,0.35197717,0.43404502,0.40083438,0.46510255,0.42149204,0.47268885
shaft,P,word2vec_tiny_base,0.23617609,0.25145748,0.27127582,0.28167596,0.28685367,0.29890975
suck,P,word2vec_tiny_base,0.39537597,0.45025277,0.4892807,0.5340687,0.5233312,0.57251936
recharge,P,word2vec_tiny_base,0.32190657,0.3116057,0.3815355,0.31460807,0.40175864,0.30954
explosion,P,word2vec_tiny_base,0.27407116,0.34960824,0.35523403,0.44995636,0.38898456,0.48193306
rear,H,word2vec_tiny_base,0.23131207,0.27528018,0.2728628,0.34020522,0.29052553,0.34640092
counter,H,word2vec_tiny_base,0.35130504,0.48882672,0.44937342,0.577813,0.4896684,0.6067999
familiar,P,word2vec_tiny_base,0.36614448,0.45434716,0.44713306,0.49103394,0.47502708,0.5017934
outfit,P,word2vec_tiny_base,0.29483572,0.41752166,0.39047483,0.5156204,0.4329177,0.5639212
hunt,P,word2vec_tiny_base,0.4143107,0.53396595,0.51621675,0.62367976,0.55050474,0.6374924
video,P,word2vec_tiny_base,0.26615632,0.37475547,0.42799923,0.584828,0.482996,0.6173048
trash,P,word2vec_tiny_base,0.38087493,0.4738781,0.5044709,0.6062495,0.5459419,0.6319805
meter,H,word2vec_tiny_base,0.3383402,0.431935,0.39931288,0.49351504,0.4329762,0.51971066
orchard,P,word2vec_tiny_base,0.32786554,0.40290046,0.41495925,0.50793374,0.44566956,0.5328249
scatter,P,word2vec_tiny_base,0.44549924,0.56265485,0.5612345,0.70116395,0.59798753,0.72659904
winner,M,word2vec_tiny_base,0.32803875,0.42541435,0.44903228,0.53436846,0.49661216,0.566789
mush,H,word2vec_tiny_base,0.24115153,0.33105582,0.3139353,0.41324717,0.34637162,0.44834313
undress,P,word2vec_tiny_base,0.18094595,0.20212811,0.21219362,0.23160712,0.22369412,0.23945098
action,P,word2vec_tiny_base,0.37730417,0.3923197,0.43126565,0.4314328,0.4538024,0.45537695
melody,P,word2vec_tiny_base,0.28930885,0.36624047,0.37826794,0.486743,0.4095528,0.500308
actor,P,word2vec_tiny_base,0.30490404,0.3979103,0.4030026,0.5156375,0.4462004,0.5522368
chandelier,M,word2vec_tiny_base,0.32236943,0.38228378,0.4095515,0.5136858,0.44306526,0.54655164
television,P,word2vec_tiny_base,0.27018532,0.3760513,0.43523955,0.59772444,0.4942725,0.6498185
borrow,P,word2vec_tiny_base,0.42628297,0.52171946,0.5518066,0.6704285,0.5994253,0.69218117
futile,P,word2vec_tiny_base,0.21256149,0.23683147,0.25030148,0.2627024,0.26522666,0.27516153
danger,P,word2vec_tiny_base,0.3614642,0.42744613,0.4400386,0.47455516,0.46993852,0.4905729
habitat,P,word2vec_tiny_base,0.33355013,0.36042878,0.38818806,0.39563495,0.40841058,0.40752944
script,P,word2vec_tiny_base,0.25313514,0.30317774,0.31271088,0.3617041,0.3367947,0.37953785
curb,P,word2vec_tiny_base,0.34468716,0.40088418,0.41777778,0.5025369,0.4506125,0.54292303
tile,P,word2vec_tiny_base,0.31262773,0.39686906,0.3733165,0.46925595,0.40134948,0.5018918
normal,P,word2vec_tiny_base,0.38999853,0.42836833,0.50807697,0.5912312,0.55000013,0.5998788
mitt,P,word2vec_tiny_base,0.34499314,0.3738247,0.4374917,0.48011845,0.47141212,0.5086366
fence,P,word2vec_tiny_base,0.3768362,0.4979576,0.48442814,0.6361729,0.52898943,0.6806418
fork,P,word2vec_tiny_base,0.2895902,0.39058578,0.4085038,0.54603016,0.46127242,0.60704553
lick,P,word2vec_tiny_base,0.36944088,0.43265876,0.45306176,0.47221193,0.48581082,0.4892656
hillside,M,word2vec_tiny_base,0.25106457,0.28212667,0.30582047,0.3796371,0.32966006,0.41336817
overcome,P,word2vec_tiny_base,0.27300364,0.3472024,0.35841537,0.4004539,0.39475372,0.42571357
ravine,M,word2vec_tiny_base,0.27843922,0.34449548,0.34711623,0.4134744,0.37683415,0.4427977
steer,H,word2vec_tiny_base,0.36610657,0.44979516,0.47045818,0.5757182,0.5041283,0.5950059
hallway,P,word2vec_tiny_base,0.36984044,0.5189917,0.47449327,0.606288,0.5095512,0.611935
cheat,P,word2vec_tiny_base,0.37503153,0.471267,0.47088096,0.5433748,0.50270826,0.54272515
single,P,word2vec_tiny_base,0.42431316,0.4609648,0.4821313,0.4987605,0.5002976,0.49715963
shirt,M,word2vec_tiny_base,0.22202754,0.31867835,0.37223515,0.5056884,0.4332798,0.5724885
flight,H,word2vec_tiny_base,0.36609653,0.4491171,0.4457686,0.5421184,0.47770566,0.5503255
mixer,P,word2vec_tiny_base,0.30644393,0.4116742,0.42675477,0.5588402,0.4788096,0.6121854
thankful,M,word2vec_tiny_base,0.38092983,0.49086854,0.49393833,0.5834453,0.531984,0.57022375
muscle,P,word2vec_tiny_base,0.39373475,0.51386875,0.49970257,0.65487766,0.53660536,0.68302375
behave,P,word2vec_tiny_base,0.41871977,0.5407475,0.50040823,0.5700533,0.5265682,0.53401864
suitcase,M,word2vec_tiny_base,0.33122164,0.46792275,0.43041745,0.557344,0.46581185,0.5687106
price,P,word2vec_tiny_base,0.3803996,0.4127855,0.5013075,0.5407638,0.54776424,0.5748586
glamorous,M,word2vec_tiny_base,0.19923684,0.20120159,0.22912027,0.2276771,0.24179547,0.23467544
advance,P,word2vec_tiny_base,0.26533675,0.25998443,0.30444258,0.29993373,0.31907177,0.3141698
curl,P,word2vec_tiny_base,0.41568175,0.5294528,0.5206742,0.6263506,0.557105,0.65801835
income,M,word2vec_tiny_base,0.23504035,0.27280673,0.27275527,0.31475082,0.28939697,0.32829845
delete,M,word2vec_tiny_base,0.29745585,0.33607018,0.3724722,0.44518027,0.40301216,0.4760037
snow,P,word2vec_tiny_base,0.32780284,0.46555945,0.4644255,0.6422785,0.51864207,0.68145657
issue,P,word2vec_tiny_base,0.26208705,0.33516848,0.3133958,0.3880189,0.33497316,0.4002905
gorgeous,M,word2vec_tiny_base,0.23406179,0.30554473,0.32040456,0.41122568,0.35876074,0.45205384
lump,P,word2vec_tiny_base,0.39296374,0.42566785,0.4756121,0.5400959,0.5049627,0.5613009
cloth,P,word2vec_tiny_base,0.3294632,0.4826242,0.4335646,0.6003032,0.471288,0.62513524
faith,P,word2vec_tiny_base,0.31197253,0.3746173,0.3642389,0.44973722,0.38211903,0.45292935
doubtful,P,word2vec_tiny_base,0.27936804,0.30297282,0.32760167,0.34517878,0.3468368,0.3726148
salute,P,word2vec_tiny_base,0.32534656,0.39088893,0.39877942,0.48118502,0.42975485,0.5095376
deed,P,word2vec_tiny_base,0.36451772,0.38023552,0.43273708,0.4271338,0.45786324,0.44075575
heat,P,word2vec_tiny_base,0.37164068,0.48659575,0.45295215,0.52737176,0.4910375,0.55761236
unbearable,M,word2vec_tiny_base,0.23816776,0.28701308,0.30184555,0.38678837,0.33321962,0.42289516
geography,P,word2vec_tiny_base,0.2166965,0.27544788,0.28076276,0.3595235,0.31145585,0.38847524
ambitious,P,word2vec_tiny_base,0.2875279,0.3584758,0.34374547,0.4083415,0.3660379,0.42270693
wishful,M,word2vec_tiny_base,0.14886494,0.18124023,0.17952149,0.20618115,0.19160667,0.22042036
noble,P,word2vec_tiny_base,0.22839873,0.29681534,0.29538655,0.39464182,0.32167566,0.41106918
crystal,P,word2vec_tiny_base,0.24372303,0.3178083,0.4081469,0.56166506,0.46731645,0.6203997
underwater,P,word2vec_tiny_base,0.3545901,0.41251445,0.42635068,0.5158692,0.457192,0.54891634
spaghetti,P,word2vec_tiny_base,0.20722766,0.28419483,0.33083203,0.44687197,0.3947484,0.49865595
pocket,P,word2vec_tiny_base,0.4251205,0.5642247,0.517398,0.6182251,0.5482199,0.6193739
locker,P,word2vec_tiny_base,0.3488198,0.44937545,0.42348695,0.5347154,0.4533908,0.56644094
mental,P,word2vec_tiny_base,0.3190119,0.33476508,0.36733073,0.36487174,0.38709822,0.3727129
clipper,P,word2vec_tiny_base,0.22417045,0.2550945,0.26861855,0.27478743,0.28507897,0.28037187
jar,H,word2vec_tiny_base,0.33749965,0.4138434,0.4552847,0.56169766,0.5012803,0.612437
coin,P,word2vec_tiny_base,0.2673006,0.34540915,0.4137906,0.57289773,0.4678537,0.6206283
rejoice,P,word2vec_tiny_base,0.22242367,0.21921234,0.2546966,0.23770975,0.26731676,0.25347242
giraffe,M,word2vec_tiny_base,0.32948476,0.4012641,0.45980728,0.5460869,0.517089,0.6199396
inner,P,word2vec_tiny_base,0.24281862,0.2811032,0.3001119,0.3444708,0.3280112,0.37114552
parakeet,M,word2vec_tiny_base,0.26260272,0.32226846,0.30585918,0.34000018,0.32522744,0.34695312
utter,H,word2vec_tiny_base,0.1573398,0.19203554,0.1826356,0.21685183,0.19455585,0.23922981
leopard,P,word2vec_tiny_base,0.20567933,0.3042281,0.35961038,0.498174,0.42372167,0.58103025
vulture,P,word2vec_tiny_base,0.32085043,0.36140668,0.391703,0.45565766,0.41770312,0.4889101
blob,P,word2vec_tiny_base,0.31940037,0.3699579,0.39495936,0.47004336,0.42773956,0.5073767
beetle,H,word2vec_tiny_base,0.22543344,0.33549422,0.3751725,0.53469,0.4336455,0.5923296
effort,P,word2vec_tiny_base,0.30062526,0.3109433,0.38472834,0.3923494,0.4163463,0.41937762
fish,P,word2vec_tiny_base,0.20183864,0.26994056,0.32010692,0.44704428,0.39020348,0.5283874
dust,P,word2vec_tiny_base,0.38972154,0.52411467,0.4850182,0.6121314,0.519174,0.63156056
shortcut,P,word2vec_tiny_base,0.45019975,0.5275085,0.5222263,0.59918845,0.54834306,0.6059183
lift,P,word2vec_tiny_base,0.33664858,0.48863903,0.4856069,0.66048044,0.542318,0.70786625
pig,P,word2vec_tiny_base,0.19212262,0.28238,0.35303688,0.49907148,0.43285522,0.58168113
violence,P,word2vec_tiny_base,0.23882186,0.27130187,0.29274407,0.328712,0.31996712,0.35811427
belt,P,word2vec_tiny_base,0.23016338,0.32234147,0.36382043,0.5315681,0.42856202,0.60420984
uniform,P,word2vec_tiny_base,0.25512046,0.30613884,0.39890003,0.5386439,0.46303344,0.6251957
apparent,P,word2vec_tiny_base,0.1900231,0.19125564,0.21951981,0.22269295,0.23203146,0.23229106
arrest,P,word2vec_tiny_base,0.34989712,0.4184847,0.449408,0.50795704,0.48824033,0.5451224
loot,P,word2vec_tiny_base,0.2961362,0.351564,0.38882846,0.47942394,0.42652643,0.5091734
link,P,word2vec_tiny_base,0.32441193,0.39634308,0.39920983,0.46662202,0.42856732,0.4929833
solo,P,word2vec_tiny_base,0.26521102,0.34120536,0.31941032,0.40028253,0.3410184,0.41811845
tutor,P,word2vec_tiny_base,0.36083454,0.4755701,0.4647913,0.60322195,0.5075989,0.60689837
adore,P,word2vec_tiny_base,0.120077826,0.14432824,0.14856046,0.18496627,0.1611752,0.20690612
floss,P,word2vec_tiny_base,0.27083817,0.2690099,0.31180778,0.29427838,0.32762992,0.30413786
lawn,H,word2vec_tiny_base,0.3522672,0.50695455,0.48144996,0.636458,0.5284457,0.6758186
wagon,P,word2vec_tiny_base,0.31589344,0.37141013,0.44172385,0.5900709,0.4990766,0.6530002
allowance,P,word2vec_tiny_base,0.36900866,0.40604293,0.44239968,0.4288224,0.46945485,0.44952318
decorate,P,word2vec_tiny_base,0.3524759,0.47568917,0.4870217,0.63991433,0.5454952,0.68441653
smack,H,word2vec_tiny_base,0.2145358,0.24224465,0.25863552,0.30540586,0.2773763,0.33080828
chapel,P,word2vec_tiny_base,0.30506712,0.38138467,0.35400367,0.41580153,0.3736139,0.4244358
marvel,P,word2vec_tiny_base,0.29196253,0.30474183,0.38623676,0.42606553,0.41942096,0.47171983
furry,P,word2vec_tiny_base,0.32053918,0.42175683,0.44832936,0.6121254,0.49499142,0.6371179
stag,P,word2vec_tiny_base,0.2743373,0.3476612,0.31762543,0.38237506,0.33471397,0.39740494
observer,P,word2vec_tiny_base,0.22370657,0.19615641,0.2641648,0.23655361,0.28542915,0.2618575
assemble,P,word2vec_tiny_base,0.25729755,0.27921626,0.33490872,0.42964503,0.37436756,0.47061056
box,H,word2vec_tiny_base,0.31573075,0.43509507,0.44753143,0.6124548,0.5015751,0.66637963
orbit,P,word2vec_tiny_base,0.2449611,0.35154864,0.31068128,0.34040502,0.3370948,0.42137876
microscope,M,word2vec_tiny_base,0.38377187,0.46663743,0.47772473,0.60544646,0.52180517,0.6575715
laundry,P,word2vec_tiny_base,0.41201454,0.5740026,0.49813682,0.6454135,0.5389948,0.6803504
talisman,P,word2vec_tiny_base,0.13242428,0.15809101,0.15874453,0.1823978,0.1703379,0.20168066
net,H,word2vec_tiny_base,0.38644367,0.5155416,0.48629227,0.6121579,0.52144897,0.6457082
hike,P,word2vec_tiny_base,0.3272775,0.42989883,0.44684583,0.5415837,0.48848474,0.56318986
slipper,M,word2vec_tiny_base,0.35925436,0.3644714,0.40851045,0.43516728,0.42778125,0.44358584
author,P,word2vec_tiny_base,0.27602243,0.33842623,0.34625664,0.42695728,0.37834427,0.46312192
ruckus,M,word2vec_tiny_base,0.23121443,0.2936132,0.28633898,0.36163327,0.31437543,0.39744195
meaningful,M,word2vec_tiny_base,0.2033588,0.245681,0.26097178,0.3129066,0.28860053,0.34492892
importance,P,word2vec_tiny_base,0.41353258,0.39734423,0.47922856,0.43793312,0.5028379,0.45014971
venture,P,word2vec_tiny_base,0.36284447,0.43891063,0.43254012,0.5034679,0.46019068,0.5000201
shovel,P,word2vec_tiny_base,0.3435893,0.42974564,0.48280227,0.61062056,0.529789,0.6407618
finish,P,word2vec_tiny_base,0.4268507,0.57757103,0.52941585,0.53454775,0.56007814,0.52700067
discomfort,P,word2vec_tiny_base,0.22036786,0.27407658,0.27200088,0.34471685,0.2984731,0.37130517
tire,H,word2vec_tiny_base,0.3012994,0.35249326,0.41630918,0.5699864,0.46564925,0.6198463
garden,P,word2vec_tiny_base,0.37254602,0.484972,0.47577372,0.5975729,0.5142612,0.61813104
rearrange,P,word2vec_tiny_base,0.283497,0.35267317,0.3406437,0.39064103,0.36045325,0.3970848
goody,P,word2vec_tiny_base,0.23503765,0.2305065,0.26669624,0.25815722,0.28100678,0.26693797
previous,P,word2vec_tiny_base,0.25192347,0.29568467,0.2999547,0.35983193,0.32235673,0.38319498
outlet,P,word2vec_tiny_base,0.27225408,0.36505675,0.33892524,0.45486695,0.36895844,0.48293358
comparison,P,word2vec_tiny_base,0.29490662,0.3416258,0.34131175,0.3976782,0.35965434,0.40854913
electric,P,word2vec_tiny_base,0.3204417,0.35443443,0.40723747,0.47710714,0.43919915,0.50834846
smog,M,word2vec_tiny_base,0.23020811,0.2251897,0.26120952,0.26885858,0.27582982,0.27888548
bathroom,P,word2vec_tiny_base,0.34445387,0.4747076,0.46902916,0.61301595,0.520318,0.64640594
sheer,H,word2vec_tiny_base,0.23880124,0.3028808,0.2949211,0.38563848,0.32061172,0.41300455
insist,P,word2vec_tiny_base,0.43812594,0.51827997,0.54229605,0.62388164,0.5735824,0.60649323
original,P,word2vec_tiny_base,0.29081926,0.3545893,0.4530787,0.6040143,0.51242393,0.6403373
cheesecake,P,word2vec_tiny_base,0.19445078,0.21155834,0.2247686,0.22824585,0.236716,0.24376157
unprepared,P,word2vec_tiny_base,0.1576425,0.19159672,0.19184238,0.22807603,0.20586362,0.23959678
ignite,P,word2vec_tiny_base,0.23913892,0.30320123,0.2895707,0.32537097,0.3083367,0.33746073
spotlight,P,word2vec_tiny_base,0.30715436,0.29366723,0.34590176,0.30600253,0.36211354,0.3049127
satellite,P,word2vec_tiny_base,0.3158749,0.43372247,0.38654733,0.51783854,0.4138001,0.52565235
blacksmith,P,word2vec_tiny_base,0.28308707,0.37374005,0.3625348,0.43296245,0.39142898,0.45954317
stage,P,word2vec_tiny_base,0.33886227,0.425597,0.45650643,0.61126345,0.50531477,0.6654715
multiple,P,word2vec_tiny_base,0.32980144,0.38869867,0.39633837,0.45635074,0.41828614,0.4719754
protector,P,word2vec_tiny_base,0.30026013,0.33981147,0.36924237,0.43429276,0.39953214,0.45831552
creep,P,word2vec_tiny_base,0.23180743,0.29008907,0.28833276,0.36654854,0.31560665,0.40090904
debt,P,word2vec_tiny_base,0.2786552,0.3241035,0.32160804,0.36406562,0.33911783,0.3757846
sharpen,M,word2vec_tiny_base,0.31695795,0.3821276,0.38912347,0.4564886,0.4168486,0.4798304
nonsense,P,word2vec_tiny_base,0.2988385,0.3482306,0.3479909,0.4063101,0.36978745,0.4169
absolute,P,word2vec_tiny_base,0.29570684,0.35539055,0.34260976,0.3956726,0.3623629,0.41099447
nasty,P,word2vec_tiny_base,0.3253737,0.37714934,0.40112832,0.48173466,0.42871267,0.49322656
mermaid,M,word2vec_tiny_base,0.35103416,0.4176805,0.4387027,0.51265085,0.47689575,0.53853637
flash,P,word2vec_tiny_base,0.3301249,0.42844012,0.42593795,0.50228786,0.46648255,0.5380484
piggyback,P,word2vec_tiny_base,0.21203856,0.20773953,0.25073373,0.24568214,0.26588628,0.25508156
blind,P,word2vec_tiny_base,0.36280707,0.41767544,0.41594598,0.4861806,0.43626916,0.5097463
relic,P,word2vec_tiny_base,0.24917746,0.33140078,0.2943586,0.36364833,0.3119372,0.3762496
stock,P,word2vec_tiny_base,0.2394279,0.30305487,0.28344244,0.3611335,0.3041066,0.37828708
messy,P,word2vec_tiny_base,0.3588347,0.50121486,0.4932578,0.6494704,0.5396099,0.6738001
doorway,M,word2vec_tiny_base,0.3813147,0.43305466,0.4290117,0.4880499,0.44866532,0.49687314
farmers,M,word2vec_tiny_base,0.35683045,0.44451463,0.43041515,0.5527896,0.4693877,0.5872454
suit,P,word2vec_tiny_base,0.24518406,0.30102143,0.40703776,0.5343011,0.47471896,0.61562234
seaweed,P,word2vec_tiny_base,0.30987936,0.32490113,0.4145171,0.48043302,0.463807,0.55686736
quake,P,word2vec_tiny_base,0.24064688,0.274565,0.28669155,0.33253738,0.3077839,0.35141245
fountain,P,word2vec_tiny_base,0.34352118,0.4155748,0.4685811,0.6151773,0.5181054,0.6594495
planet,P,word2vec_tiny_base,0.34883448,0.4765131,0.47017956,0.61952126,0.5185131,0.6683273
ticklish,P,word2vec_tiny_base,0.2931556,0.37275618,0.3846286,0.47363168,0.4200383,0.5105231
vacation,P,word2vec_tiny_base,0.31868955,0.43582252,0.4657766,0.6060279,0.5250361,0.6479803
bookie,M,word2vec_tiny_base,0.21991447,0.22083263,0.25382802,0.2667403,0.27177057,0.28583723
secretive,M,word2vec_tiny_base,0.2564132,0.29077548,0.28883636,0.33548364,0.30263004,0.3550506
necessary,P,word2vec_tiny_base,0.31621623,0.3611684,0.36457783,0.4280082,0.38707805,0.4421048
ninth,P,word2vec_tiny_base,0.28076535,0.30935162,0.3503369,0.39037773,0.38178957,0.45305502
blame,P,word2vec_tiny_base,0.37522712,0.5042044,0.46876225,0.53448427,0.501952,0.53490084
doorknob,M,word2vec_tiny_base,0.321739,0.41179878,0.3975679,0.48135117,0.42817318,0.5042041
mutt,M,word2vec_tiny_base,0.29822835,0.33386233,0.34679464,0.37527972,0.36598969,0.37352246
height,P,word2vec_tiny_base,0.35417944,0.41722,0.42287824,0.47791466,0.45376787,0.52343285
contestant,P,word2vec_tiny_base,0.1997451,0.23928484,0.23367897,0.274198,0.24941358,0.2905509
jig,H,word2vec_tiny_base,0.35141504,0.4315128,0.41641492,0.4810264,0.4466393,0.5156508
gamble,P,word2vec_tiny_base,0.15576687,0.15536217,0.18936482,0.1963992,0.20349082,0.21171321
cartoon,P,word2vec_tiny_base,0.2782261,0.36388695,0.46713403,0.60219187,0.51902616,0.63887376
tunnel,P,word2vec_tiny_base,0.33541116,0.4834114,0.47104967,0.6280949,0.52236253,0.67284244
vessel,P,word2vec_tiny_base,0.24004655,0.291373,0.30957252,0.407102,0.34165618,0.4547001
weapon,P,word2vec_tiny_base,0.26064205,0.36169213,0.4114892,0.57454854,0.46072116,0.62262744
contact,P,word2vec_tiny_base,0.2787151,0.3322483,0.32934198,0.40310737,0.34903386,0.41844633
slight,P,word2vec_tiny_base,0.23435982,0.2963884,0.29789102,0.38611084,0.3278787,0.4212981
architect,P,word2vec_tiny_base,0.24241392,0.2667873,0.27832228,0.2991215,0.29203254,0.31125018
stubborn,P,word2vec_tiny_base,0.31311622,0.39491943,0.45733842,0.576569,0.52011603,0.64284885
hideout,M,word2vec_tiny_base,0.39953893,0.5231615,0.49740168,0.6013093,0.5301476,0.5963215
ruler,P,word2vec_tiny_base,0.38095206,0.47994164,0.47415853,0.5331216,0.50993085,0.58438176
maximum,P,word2vec_tiny_base,0.21554844,0.25543728,0.26739722,0.35920128,0.29265302,0.39267918
signal,P,word2vec_tiny_base,0.41963178,0.49618134,0.5097109,0.60779315,0.54243964,0.6398121
ramp,P,word2vec_tiny_base,0.41817728,0.5244817,0.49556157,0.61215955,0.5291533,0.64097804
cargo,M,word2vec_tiny_base,0.3407918,0.42533788,0.41073054,0.50766855,0.44125688,0.52611005
wrapped,P,word2vec_tiny_base,0.37834117,0.502509,0.47689107,0.55808896,0.516588,0.6062528
custard,M,word2vec_tiny_base,0.1893809,0.21551093,0.23885399,0.28949782,0.26783562,0.33187672
plague,P,word2vec_tiny_base,0.23108737,0.22435254,0.26392668,0.23403555,0.27796328,0.24503718
code,P,word2vec_tiny_base,0.34099832,0.42603642,0.41909176,0.5074351,0.4507431,0.53288144
loosen,P,word2vec_tiny_base,0.26818594,0.38259628,0.36881116,0.47608915,0.40880308,0.5143162
generous,P,word2vec_tiny_base,0.28009918,0.37999824,0.4440719,0.5922954,0.5015557,0.62098205
ham,H,word2vec_tiny_base,0.264953,0.33166018,0.38203666,0.4373869,0.43387768,0.47446314
exist,P,word2vec_tiny_base,0.3775882,0.45222774,0.4398362,0.50755197,0.46257374,0.5059596
shout,P,word2vec_tiny_base,0.37028947,0.5219494,0.49565995,0.6129464,0.54278314,0.6232917
bold,P,word2vec_tiny_base,0.37774295,0.4303249,0.44026825,0.4946286,0.46212193,0.5063782
wrecking,P,word2vec_tiny_base,0.2981848,0.28458357,0.34320244,0.33250853,0.36121193,0.33238536
shampoo,P,word2vec_tiny_base,0.32320282,0.46383682,0.43172428,0.5792548,0.48152673,0.62227994
mare,H,word2vec_tiny_base,0.25495076,0.27790934,0.29366007,0.28460863,0.3078621,0.2943483
bundle,P,word2vec_tiny_base,0.37713847,0.46936393,0.44829792,0.549062,0.47501814,0.558787
snag,P,word2vec_tiny_base,0.24218106,0.27806795,0.2835787,0.3223932,0.3011067,0.34341
method,P,word2vec_tiny_base,0.25221664,0.2763286,0.28966877,0.31623968,0.30665463,0.32014662
approach,P,word2vec_tiny_base,0.35837084,0.4099644,0.42860818,0.4908896,0.45293036,0.5034795
anchor,P,word2vec_tiny_base,0.25037056,0.3156123,0.36468184,0.48216173,0.41909972,0.5359327
rattle,P,word2vec_tiny_base,0.33508843,0.37826574,0.41699708,0.46572754,0.45092505,0.5098458
artifact,P,word2vec_tiny_base,0.20770998,0.24105693,0.24516596,0.27254713,0.26189432,0.28315297
quit,P,word2vec_tiny_base,0.39587584,0.521054,0.51266325,0.6000377,0.5475451,0.5605788
repair,H,word2vec_tiny_base,0.33863774,0.4973806,0.47639626,0.6324538,0.5286156,0.6469096
reptile,P,word2vec_tiny_base,0.34925634,0.4005928,0.39718068,0.40321207,0.41665107,0.404005
create,P,word2vec_tiny_base,0.35207438,0.49398202,0.48149303,0.62938595,0.5303659,0.6418806
foil,H,word2vec_tiny_base,0.3446135,0.4170391,0.4065846,0.49691817,0.43806294,0.5307627
leaky,P,word2vec_tiny_base,0.36283177,0.39317623,0.4338104,0.47698364,0.46071097,0.50722533
rough,P,word2vec_tiny_base,0.37664336,0.5305043,0.49364433,0.6416098,0.5408652,0.69551706
month,P,word2vec_tiny_base,0.4291038,0.49206015,0.5004436,0.5413817,0.5275445,0.5577897
siren,P,word2vec_tiny_base,0.3011695,0.3841188,0.40343624,0.54421896,0.4502668,0.56664824
indicate,P,word2vec_tiny_base,0.18286976,0.23191847,0.21273261,0.255481,0.22473326,0.26491287
jazz,M,word2vec_tiny_base,0.3273822,0.35927388,0.44854698,0.57087576,0.4970607,0.5990543
watermelon,P,word2vec_tiny_base,0.3056913,0.31098866,0.3913979,0.4505085,0.4344831,0.5017176
ritual,P,word2vec_tiny_base,0.2648129,0.35744804,0.3245618,0.40014824,0.35065067,0.4178668
interior,P,word2vec_tiny_base,0.21258676,0.24637905,0.2457596,0.2753202,0.25822473,0.2858639
porch,P,word2vec_tiny_base,0.37251958,0.49020165,0.4942961,0.64734006,0.54251367,0.68934625
unload,P,word2vec_tiny_base,0.3573341,0.45050904,0.45876315,0.5708713,0.49576837,0.5906649
camp,H,word2vec_tiny_base,0.34568816,0.42387488,0.46696812,0.60842186,0.52289367,0.67770094
college,P,word2vec_tiny_base,0.2592428,0.33656555,0.30933148,0.3938789,0.33004165,0.41273877
stalk,H,word2vec_tiny_base,0.30503485,0.3760892,0.38345107,0.48177442,0.42033628,0.5261357
accord,P,word2vec_tiny_base,0.17016363,0.1758905,0.19767502,0.21254645,0.20897551,0.22739752
kennel,P,word2vec_tiny_base,0.31832594,0.3788989,0.37332925,0.40902814,0.3926612,0.4218763
spider,M,word2vec_tiny_base,0.28037137,0.38313025,0.42384666,0.55403113,0.47857398,0.61525303
sweetheart,P,word2vec_tiny_base,0.2857492,0.37598678,0.36675355,0.3585104,0.39083657,0.37390283
animal,P,word2vec_tiny_base,0.32284513,0.35245353,0.4203693,0.53252995,0.46119353,0.59290004
climb,P,word2vec_tiny_base,0.38236937,0.5402865,0.4972081,0.6733791,0.54639,0.71054447
detergent,P,word2vec_tiny_base,0.28441545,0.3643602,0.35165733,0.455144,0.38301224,0.47814453
slope,P,word2vec_tiny_base,0.30297238,0.38199627,0.37564656,0.48610148,0.4109253,0.508046
test,H,word2vec_tiny_base,0.40041322,0.46025535,0.48199204,0.53585356,0.51548064,0.5647497
dedicate,P,word2vec_tiny_base,0.14814965,0.16550152,0.18140064,0.19219063,0.19834708,0.21613257
weary,P,word2vec_tiny_base,0.271066,0.34355193,0.31570303,0.401362,0.33653304,0.4210326
pace,H,word2vec_tiny_base,0.39117038,0.4822328,0.4560746,0.52385885,0.47889778,0.5250851
painless,P,word2vec_tiny_base,0.19939451,0.17654717,0.22914511,0.20447193,0.2409445,0.21842146
quiz,P,word2vec_tiny_base,0.33452582,0.4768489,0.4540886,0.58767986,0.49943492,0.6220046
hardware,P,word2vec_tiny_base,0.243717,0.32093132,0.3340984,0.43008173,0.37022287,0.4629304
snappy,P,word2vec_tiny_base,0.22939387,0.23532474,0.34474006,0.4480002,0.39710912,0.5243999
ordinary,P,word2vec_tiny_base,0.3142779,0.37409875,0.45861998,0.57739687,0.52376986,0.64212114
marvelous,P,word2vec_tiny_base,0.2622029,0.3093523,0.3310777,0.418311,0.36012772,0.44576377
gravel,P,word2vec_tiny_base,0.30078977,0.3847275,0.35473487,0.4530076,0.3827504,0.47742411
demeanor,P,word2vec_tiny_base,0.21895027,0.20588554,0.25313544,0.25230107,0.26694247,0.2726852
spaceship,M,word2vec_tiny_base,0.3635482,0.4553482,0.47604042,0.6028028,0.51963216,0.6487874
runway,P,word2vec_tiny_base,0.34098703,0.4570752,0.4134414,0.54304194,0.45180973,0.57988524
layer,P,word2vec_tiny_base,0.30111185,0.36773908,0.37447652,0.4562121,0.4062426,0.49474669
disaster,P,word2vec_tiny_base,0.38855457,0.4430805,0.4515689,0.49731538,0.4735219,0.50674045
mile,P,word2vec_tiny_base,0.2790343,0.3473391,0.32758185,0.40488118,0.34501544,0.4219584
intrude,P,word2vec_tiny_base,0.21231537,0.24719429,0.25770515,0.2755588,0.27661029,0.28180653
suggestion,P,word2vec_tiny_base,0.3395155,0.3966118,0.43380597,0.48529336,0.46045396,0.49452344
devour,P,word2vec_tiny_base,0.21855855,0.26574838,0.26752824,0.3467294,0.2882941,0.37140986
shiny,P,word2vec_tiny_base,0.3614136,0.48425752,0.47509992,0.62027586,0.5222546,0.6663956
puffy,P,word2vec_tiny_base,0.36264253,0.43368256,0.44835708,0.53038347,0.48837242,0.5773251
tend,H,word2vec_tiny_base,0.27154636,0.30732718,0.40980348,0.49176186,0.46012107,0.5389435
bite,P,word2vec_tiny_base,0.39335284,0.4621931,0.48542035,0.51854235,0.52137667,0.5331863
globe,P,word2vec_tiny_base,0.4451084,0.52408457,0.513295,0.590729,0.5420592,0.61823976
sled,P,word2vec_tiny_base,0.38777375,0.51439553,0.48130974,0.62535125,0.5226374,0.6568162
hat,P,word2vec_tiny_base,0.26231307,0.31118697,0.40160847,0.5410211,0.46472472,0.59799236
alley,H,word2vec_tiny_base,0.37774733,0.41437587,0.45153466,0.46866158,0.4783358,0.48522076
tattoo,H,word2vec_tiny_base,0.29426748,0.39116746,0.3525565,0.43766522,0.37442034,0.45794716
eerie,M,word2vec_tiny_base,0.25205085,0.3191791,0.31574503,0.4008155,0.34514496,0.4362328
overweight,P,word2vec_tiny_base,0.19642018,0.2003325,0.22803503,0.22919695,0.24036306,0.24152257
canoe,P,word2vec_tiny_base,0.312671,0.33636683,0.3909266,0.450333,0.42592865,0.47674432
teller,P,word2vec_tiny_base,0.3084203,0.3579039,0.366168,0.4174534,0.38794005,0.43558758
boost,P,word2vec_tiny_base,0.41109428,0.44671506,0.46383077,0.47735763,0.48450524,0.4959745
soap,P,word2vec_tiny_base,0.2884762,0.4174228,0.4009078,0.5341852,0.44907558,0.5761437
choke,P,word2vec_tiny_base,0.34722555,0.41227585,0.42897373,0.50028205,0.4643736,0.5254394
apron,P,word2vec_tiny_base,0.3618842,0.43609318,0.46222514,0.59685886,0.5042705,0.64343673
verdict,P,word2vec_tiny_base,0.1517531,0.17643166,0.17871611,0.20759708,0.19140913,0.21892492
discipline,P,word2vec_tiny_base,0.18732084,0.20928171,0.2213091,0.25630066,0.2386993,0.26703447
heavenly,P,word2vec_tiny_base,0.19427359,0.22979368,0.26237708,0.31553143,0.2963977,0.36552843
charger,P,word2vec_tiny_base,0.2859326,0.35488513,0.36670178,0.45739496,0.39926037,0.4915659
canteen,P,word2vec_tiny_base,0.21933398,0.27138358,0.27062866,0.3363616,0.29688644,0.3596957
newcomer,M,word2vec_tiny_base,0.22707221,0.26302093,0.25867996,0.26878768,0.2720163,0.2757163
hygiene,P,word2vec_tiny_base,0.18061447,0.2230975,0.23605292,0.27278423,0.2638125,0.29515263
switch,P,word2vec_tiny_base,0.33086526,0.43617728,0.44439575,0.59358937,0.4930542,0.6363599
driveway,M,word2vec_tiny_base,0.39678928,0.48182076,0.4848038,0.56628245,0.51833135,0.5913098
wig,P,word2vec_tiny_base,0.32956666,0.41160324,0.43572766,0.54483765,0.48187333,0.5874446
sad,P,word2vec_tiny_base,0.34503573,0.425408,0.4978275,0.6250216,0.5678437,0.68725395
smelly,M,word2vec_tiny_base,0.32330552,0.45443,0.4642675,0.629126,0.52005565,0.6733905
dislike,P,word2vec_tiny_base,0.24735549,0.24404797,0.2913348,0.27184728,0.30928698,0.28816885
ridiculous,M,word2vec_tiny_base,0.26929536,0.31047976,0.30418286,0.32973492,0.31829426,0.33992097
dubious,P,word2vec_tiny_base,0.1266321,0.15144622,0.15111749,0.19076596,0.16168213,0.20732449
spotless,P,word2vec_tiny_base,0.3193968,0.39874974,0.4039932,0.48711386,0.43716705,0.5029579
triangle,P,word2vec_tiny_base,0.31333572,0.46177784,0.44877625,0.6145842,0.49420723,0.64822024
scorpion,P,word2vec_tiny_base,0.28994173,0.35922372,0.33859944,0.4101763,0.3621656,0.43806222
homeless,P,word2vec_tiny_base,0.3137119,0.373368,0.37936908,0.43224156,0.40833238,0.46621796
catalog,P,word2vec_tiny_base,0.32103348,0.372488,0.38195777,0.44695607,0.4075477,0.48145327
chef,M,word2vec_tiny_base,0.37553442,0.5077871,0.4731373,0.6034422,0.5109401,0.62398237
pout,H,word2vec_tiny_base,0.36749932,0.45698756,0.46499166,0.56316775,0.49832743,0.5772841
celebrity,P,word2vec_tiny_base,0.29114333,0.32492188,0.32934445,0.37058985,0.34488842,0.3774001
agree,P,word2vec_tiny_base,0.4628676,0.57802564,0.5625907,0.5890563,0.5910301,0.56056535
cry,P,word2vec_tiny_base,0.35255557,0.5026471,0.46233085,0.60326225,0.50806856,0.6152543
expensive,P,word2vec_tiny_base,0.37050697,0.49739465,0.4911747,0.6421502,0.53964895,0.65524083
bop,H,word2vec_tiny_base,0.21502861,0.28447592,0.33158287,0.42475155,0.38750225,0.49735615
stray,P,word2vec_tiny_base,0.38974756,0.45907024,0.4581852,0.51630735,0.48508233,0.53227735
concept,P,word2vec_tiny_base,0.24454089,0.3194443,0.29293445,0.38645828,0.313199,0.41063374
absorb,P,word2vec_tiny_base,0.23388724,0.28995875,0.28673732,0.35171163,0.30723873,0.37554953
laughter,P,word2vec_tiny_base,0.37273794,0.4193054,0.46290955,0.49327013,0.49561456,0.5246164
referee,P,word2vec_tiny_base,0.36774868,0.46488234,0.45362327,0.5383891,0.48578334,0.56521106
available,P,word2vec_tiny_base,0.4711322,0.59962106,0.5511681,0.6426463,0.5797254,0.6341882
upside,P,word2vec_tiny_base,0.47027332,0.48274094,0.5455612,0.58393914,0.5710278,0.6325755
load,P,word2vec_tiny_base,0.33690947,0.48232368,0.47751182,0.647373,0.53026646,0.688582
factory,M,word2vec_tiny_base,0.31556824,0.40511578,0.44173545,0.58630174,0.50096136,0.6520209
moonlight,P,word2vec_tiny_base,0.2795803,0.2760899,0.38212943,0.4355715,0.42743865,0.488929
lighten,H,word2vec_tiny_base,0.2698027,0.30841365,0.3295849,0.38270512,0.35538214,0.41297266
rebuild,P,word2vec_tiny_base,0.37860703,0.4478149,0.454799,0.49481446,0.48318276,0.48326606
forehead,P,word2vec_tiny_base,0.34086102,0.4526004,0.42180076,0.5212458,0.45006162,0.52940685
overalls,P,word2vec_tiny_base,0.26260382,0.3022103,0.368882,0.45221514,0.4155283,0.5157745
alcohol,P,word2vec_tiny_base,0.3114381,0.33309516,0.3697654,0.37498388,0.39666474,0.42777047
completion,P,word2vec_tiny_base,0.23795953,0.30361375,0.2917566,0.37067556,0.31593415,0.39063653
server,P,word2vec_tiny_base,0.29907402,0.33825508,0.37214687,0.394525,0.40279076,0.42318326
chuckle,P,word2vec_tiny_base,0.27468377,0.31982425,0.3174514,0.37916318,0.33629075,0.40329313
bulb,P,word2vec_tiny_base,0.31711617,0.4317978,0.42522636,0.5836514,0.47325957,0.63172555
passport,P,word2vec_tiny_base,0.31653094,0.3733536,0.44717342,0.5892354,0.49274576,0.64371574
shaky,P,word2vec_tiny_base,0.38260588,0.43695343,0.47919127,0.5207845,0.51339364,0.5675067
jumper,H,word2vec_tiny_base,0.38897437,0.45282593,0.49689865,0.61931366,0.5369812,0.6560248
expert,P,word2vec_tiny_base,0.38300413,0.3809034,0.46228,0.4739421,0.49194473,0.49989825
disease,P,word2vec_tiny_base,0.2272419,0.31394878,0.33267358,0.42760602,0.37422818,0.46570775
motivation,P,word2vec_tiny_base,0.20220432,0.26200184,0.2551423,0.32810792,0.2806853,0.3553602
wise,H,word2vec_tiny_base,0.38349906,0.5291923,0.4983432,0.6039765,0.53481686,0.6010165
petrol,M,word2vec_tiny_base,0.28160065,0.36889535,0.35420513,0.48138222,0.38474256,0.49814808
drown,P,word2vec_tiny_base,0.36134115,0.40728378,0.44671062,0.50180334,0.47985366,0.54681855
clover,P,word2vec_tiny_base,0.30800146,0.38551676,0.36542064,0.44036898,0.3866021,0.4563915
crap,M,word2vec_tiny_base,0.16623418,0.21846293,0.21474275,0.27548215,0.23328474,0.28378776
raccoon,P,word2vec_tiny_base,0.3074473,0.39726666,0.39953095,0.47087276,0.43072227,0.48842886
pearly,P,word2vec_tiny_base,0.28354558,0.32868806,0.32719547,0.34044957,0.3449163,0.35026714
pointer,P,word2vec_tiny_base,0.36625203,0.4675847,0.43553042,0.5351818,0.46420053,0.5619534
cab,H,word2vec_tiny_base,0.29515398,0.3597928,0.36629608,0.46139708,0.40272033,0.5093086
swipe,P,word2vec_tiny_base,0.2943924,0.342292,0.36181146,0.42569748,0.39038396,0.45502216
shame,P,word2vec_tiny_base,0.3148845,0.35240555,0.38352108,0.4026324,0.4080369,0.43006313
disobey,M,word2vec_tiny_base,0.32788533,0.4109557,0.39566153,0.45589814,0.42520562,0.46992368
list,H,word2vec_tiny_base,0.48331538,0.565067,0.5591202,0.6557399,0.58667094,0.6747608
curve,P,word2vec_tiny_base,0.32319492,0.4065376,0.42179662,0.5305886,0.4568212,0.5631683
twirl,P,word2vec_tiny_base,0.365858,0.48658878,0.48201576,0.6052377,0.52070886,0.61536473
trolley,P,word2vec_tiny_base,0.3314245,0.43046653,0.3937517,0.48310444,0.42291,0.5086396
frantic,P,word2vec_tiny_base,0.22337446,0.28493375,0.2650642,0.35237995,0.28449985,0.37878433
weatherman,M,word2vec_tiny_base,0.18280086,0.1753762,0.20939392,0.2043333,0.22065511,0.2211718
slice,P,word2vec_tiny_base,0.31207997,0.38665006,0.3943353,0.45125538,0.4278819,0.4560882
function,P,word2vec_tiny_base,0.1991304,0.20495032,0.22868706,0.227227,0.24091637,0.23908457
spin,P,word2vec_tiny_base,0.36719194,0.52394485,0.4969075,0.67134416,0.54407364,0.7078886
graceful,M,word2vec_tiny_base,0.3724969,0.42934096,0.48534,0.6133254,0.5345044,0.66481966
albino,M,word2vec_tiny_base,0.2850584,0.27077076,0.3270875,0.29704633,0.34294212,0.30678374
drought,P,word2vec_tiny_base,0.26182938,0.3430657,0.31762952,0.39499453,0.3421427,0.42141005
downtown,P,word2vec_tiny_base,0.299457,0.38033035,0.36196366,0.45460287,0.38910335,0.4709502
expression,P,word2vec_tiny_base,0.34173018,0.38643494,0.4184561,0.44158563,0.4434633,0.44802886
sheet,H,word2vec_tiny_base,0.32806352,0.46044374,0.43241158,0.5864372,0.48000222,0.63507265
icy,P,word2vec_tiny_base,0.39385802,0.5146064,0.50210464,0.65755874,0.551115,0.70199287
surgery,P,word2vec_tiny_base,0.27496478,0.3157916,0.36583316,0.4708625,0.4015939,0.4871938
risk,P,word2vec_tiny_base,0.3360255,0.42958,0.4162404,0.47101128,0.44262207,0.47944945
shallow,P,word2vec_tiny_base,0.3470122,0.38477567,0.43078148,0.49600458,0.46979532,0.5254116
bandage,P,word2vec_tiny_base,0.30779648,0.3785968,0.41683224,0.5358454,0.4666346,0.58419627
mast,H,word2vec_tiny_base,0.34887004,0.4452291,0.44250587,0.550325,0.47944424,0.5974515
crest,P,word2vec_tiny_base,0.3333901,0.45201463,0.41851008,0.54883957,0.45887643,0.57520735
decline,P,word2vec_tiny_base,0.16974272,0.19355111,0.19492035,0.21239048,0.20507589,0.22964421
peck,H,word2vec_tiny_base,0.38698775,0.42480764,0.48637295,0.5617613,0.5221734,0.5992231
legacy,P,word2vec_tiny_base,0.1735096,0.18096313,0.20409985,0.2193664,0.22002818,0.24099216
unkind,M,word2vec_tiny_base,0.27719378,0.38784736,0.38407397,0.4735356,0.42279246,0.49010763
carton,P,word2vec_tiny_base,0.32068098,0.41805986,0.41761994,0.504871,0.45679328,0.54208684
achieve,P,word2vec_tiny_base,0.27719206,0.3001859,0.36446378,0.3654624,0.40235925,0.399074
gem,P,word2vec_tiny_base,0.20997706,0.31984538,0.3940341,0.5560095,0.45989433,0.6199765
habit,P,word2vec_tiny_base,0.43088728,0.41725305,0.5004407,0.47275382,0.52652633,0.4944209
speedy,M,word2vec_tiny_base,0.21231565,0.260516,0.33938736,0.45755404,0.4048806,0.5479509
glum,P,word2vec_tiny_base,0.25085095,0.3038882,0.29409018,0.3662352,0.31096926,0.3847914
ponder,P,word2vec_tiny_base,0.27129418,0.34039316,0.3207083,0.39203236,0.34059793,0.41426528
extinct,P,word2vec_tiny_base,0.2596739,0.23084709,0.30504274,0.25162795,0.32209888,0.25581202
germ,P,word2vec_tiny_base,0.3833699,0.42226896,0.46867135,0.51918036,0.5003137,0.5383552
refuge,P,word2vec_tiny_base,0.27287334,0.28193763,0.31110942,0.31020314,0.32621455,0.32026464
favor,P,word2vec_tiny_base,0.35545266,0.40146476,0.43484253,0.4726713,0.4635626,0.48945844
swim,P,word2vec_tiny_base,0.30289033,0.35983437,0.3966232,0.47772723,0.45061493,0.5559572
weed,H,word2vec_tiny_base,0.33324462,0.42920035,0.41383988,0.50456315,0.4498205,0.5413695
mobile,P,word2vec_tiny_base,0.32825124,0.3979631,0.40421173,0.51670235,0.4332813,0.5415289
rudder,P,word2vec_tiny_base,0.28330535,0.4023486,0.37682128,0.49688917,0.41087127,0.5313911
membership,P,word2vec_tiny_base,0.21984848,0.2228157,0.25797302,0.27355647,0.2730574,0.29021427
exhibit,P,word2vec_tiny_base,0.39126948,0.49293792,0.4847968,0.6065288,0.51857626,0.6267866
runaway,P,word2vec_tiny_base,0.29049402,0.32835227,0.3368146,0.38826752,0.35738996,0.40510148
ceramic,P,word2vec_tiny_base,0.27555054,0.3710331,0.31889558,0.4311189,0.3387635,0.45653418
tragedy,P,word2vec_tiny_base,0.22841258,0.2612102,0.29847816,0.35410985,0.33287793,0.3947614
argument,P,word2vec_tiny_base,0.39033705,0.45956016,0.47460043,0.52304983,0.50171137,0.52823335
stable,H,word2vec_tiny_base,0.3207565,0.34818524,0.44345787,0.5870534,0.5050115,0.6620795
suction,P,word2vec_tiny_base,0.27260882,0.28788558,0.31587532,0.3347751,0.33307686,0.35489407
demise,P,word2vec_tiny_base,0.1851213,0.23942627,0.23233911,0.31841764,0.25304157,0.3413545
dense,P,word2vec_tiny_base,0.22814259,0.28780717,0.30159873,0.3879444,0.33190453,0.4208807
crib,P,word2vec_tiny_base,0.37575898,0.46921867,0.48672768,0.63251144,0.53446126,0.6692652
summon,P,word2vec_tiny_base,0.23240218,0.2982995,0.26851383,0.34106702,0.28703204,0.35558861
modern,P,word2vec_tiny_base,0.31245536,0.36106613,0.45217946,0.58826387,0.50941694,0.65702945
crusty,P,word2vec_tiny_base,0.17191727,0.20703293,0.31671622,0.42723984,0.3867301,0.5172471
patience,P,word2vec_tiny_base,0.25007272,0.2768487,0.3318169,0.36537418,0.36300334,0.39539257
vanilla,P,word2vec_tiny_base,0.2666875,0.33890495,0.35774788,0.43400943,0.40053436,0.46206352
scare,P,word2vec_tiny_base,0.36612707,0.49729973,0.48345745,0.60929966,0.5235952,0.6199034
thread,P,word2vec_tiny_base,0.27216816,0.40242606,0.40972623,0.55891925,0.46590707,0.61519295
airline,P,word2vec_tiny_base,0.24773967,0.32361436,0.30370063,0.37577134,0.32518512,0.39196566
neck,P,word2vec_tiny_base,0.36059076,0.48350686,0.47006324,0.6135622,0.51751465,0.6524288
rob,P,word2vec_tiny_base,0.34122068,0.40189666,0.424125,0.43544352,0.4632056,0.49612474
vine,P,word2vec_tiny_base,0.3267751,0.44628602,0.43264344,0.5731174,0.48671284,0.64221036
toxic,P,word2vec_tiny_base,0.27691168,0.36868683,0.3368619,0.4088997,0.36169323,0.43123695
imagine,P,word2vec_tiny_base,0.42937773,0.5789311,0.5320444,0.67205983,0.57123804,0.7010579
display,P,word2vec_tiny_base,0.40162984,0.5304566,0.5038944,0.6621656,0.5409374,0.6875859
discourage,P,word2vec_tiny_base,0.25048128,0.23429173,0.28860295,0.2785495,0.30729577,0.3031429
member,P,word2vec_tiny_base,0.36672616,0.40595376,0.4341284,0.46639737,0.45755768,0.4816165
trusty,P,word2vec_tiny_base,0.37152717,0.41199878,0.44451416,0.4593353,0.47301608,0.4833062
smear,P,word2vec_tiny_base,0.24087985,0.33759844,0.32772756,0.43270746,0.36767617,0.46954688
wedge,P,word2vec_tiny_base,0.27915925,0.37638736,0.32614106,0.43287402,0.34841725,0.4616713
sticker,P,word2vec_tiny_base,0.39188278,0.5319857,0.47128952,0.5796599,0.5009675,0.5919721
joint,P,word2vec_tiny_base,0.20957491,0.22082643,0.24274227,0.24717681,0.25634053,0.25526062
teach,P,word2vec_tiny_base,0.41674227,0.5622328,0.5210651,0.6371353,0.5559424,0.63438964
warm,P,word2vec_tiny_base,0.3400167,0.47599763,0.46347076,0.5769601,0.5056453,0.609027
rifle,H,word2vec_tiny_base,0.3016642,0.3669142,0.36993602,0.43191874,0.39444473,0.4539782
pond,M,word2vec_tiny_base,0.25299704,0.37373447,0.39079338,0.52830654,0.45001733,0.5962577
wars,P,word2vec_tiny_base,0.31736702,0.4116137,0.39042333,0.49281558,0.41933942,0.50826365
skate,H,word2vec_tiny_base,0.37405497,0.48700082,0.48845437,0.6051605,0.52677476,0.62839
pluck,P,word2vec_tiny_base,0.32911783,0.39512318,0.41287407,0.49118912,0.44282854,0.53053886
campus,M,word2vec_tiny_base,0.28085014,0.37311172,0.33175364,0.43878382,0.353358,0.46084595
stroke,P,word2vec_tiny_base,0.34509152,0.42849797,0.43986908,0.5111414,0.47916222,0.5511138
booth,P,word2vec_tiny_base,0.36059555,0.4498367,0.4373909,0.53671896,0.47312447,0.56403804
offend,P,word2vec_tiny_base,0.15879,0.16720562,0.18639989,0.19821914,0.19975735,0.21527141
vacuum,P,word2vec_tiny_base,0.33950454,0.3932405,0.4212629,0.5107284,0.4566634,0.54369366
disrespect,P,word2vec_tiny_base,0.20476314,0.23395199,0.25795764,0.27495003,0.28167802,0.30601472
hostess,P,word2vec_tiny_base,0.30571312,0.35645187,0.38186157,0.40205976,0.40728265,0.3904906
above,P,word2vec_tiny_base,0.34359255,0.3911687,0.43442422,0.49021947,0.47023407,0.5067288
fussy,P,word2vec_tiny_base,0.3038764,0.27583352,0.34176028,0.28537613,0.3577771,0.3005864
pest,P,word2vec_tiny_base,0.24987957,0.3299054,0.36067918,0.46519044,0.39580595,0.49316728
defy,P,word2vec_tiny_base,0.15048221,0.16769916,0.17273039,0.20008576,0.18420392,0.21255894
juggle,P,word2vec_tiny_base,0.4096636,0.5176359,0.513898,0.62580794,0.5484532,0.66058695
comic,P,word2vec_tiny_base,0.2770744,0.32111073,0.3495695,0.4211282,0.38327587,0.4574754
doom,P,word2vec_tiny_base,0.22786316,0.25940377,0.28260317,0.3359989,0.30495158,0.36033466
hump,P,word2vec_tiny_base,0.38025784,0.45367622,0.45044655,0.52047706,0.47674888,0.541834
onion,P,word2vec_tiny_base,0.21675292,0.2736262,0.37162003,0.48804462,0.43655726,0.5711026
bracelet,M,word2vec_tiny_base,0.23002811,0.34520936,0.36729455,0.529527,0.43539086,0.5975022
source,P,word2vec_tiny_base,0.40280253,0.4377199,0.46437633,0.49129423,0.48997116,0.5033571
fake,P,word2vec_tiny_base,0.37336528,0.47025916,0.50485575,0.64425975,0.5490832,0.6756793
upbeat,P,word2vec_tiny_base,0.26857328,0.3311022,0.34186995,0.4279104,0.3724376,0.45778427
insight,P,word2vec_tiny_base,0.14734718,0.16911802,0.17398666,0.20829709,0.18690313,0.22324477
journey,P,word2vec_tiny_base,0.28721353,0.3846821,0.42754233,0.55011934,0.47791117,0.5654633
develop,P,word2vec_tiny_base,0.18414621,0.2254683,0.23377639,0.28053966,0.25975716,0.3154876
vending,P,word2vec_tiny_base,0.34301767,0.4220103,0.40595147,0.48131144,0.43070763,0.497402
zap,P,word2vec_tiny_base,0.33112252,0.39962372,0.40694946,0.48654345,0.44208243,0.52269167
ugly,P,word2vec_tiny_base,0.36773124,0.42396507,0.48629892,0.6154411,0.5408003,0.6754586
intact,M,word2vec_tiny_base,0.31248912,0.3603953,0.35630912,0.41883034,0.37507656,0.42934376
laugh,P,word2vec_tiny_base,0.40604296,0.5542207,0.5182167,0.6472058,0.5539353,0.63475996
boat,P,word2vec_tiny_base,0.19576278,0.2928855,0.35018063,0.48559654,0.41405356,0.55728835
dealer,P,word2vec_tiny_base,0.22037809,0.27080762,0.26089913,0.294635,0.27916965,0.29695204
chain,P,word2vec_tiny_base,0.2769249,0.37518623,0.3951223,0.53561634,0.45046914,0.6037877
asteroid,M,word2vec_tiny_base,0.31963304,0.39829758,0.38415763,0.49524876,0.41453895,0.5270737
poisonous,P,word2vec_tiny_base,0.3360468,0.43495727,0.42257923,0.52035636,0.45589027,0.5438336
sweep,P,word2vec_tiny_base,0.32624903,0.40565255,0.44905818,0.54664594,0.49148026,0.57895803
tractor,P,word2vec_tiny_base,0.34764734,0.47725326,0.43902916,0.60067534,0.48184067,0.63281953
relish,P,word2vec_tiny_base,0.15096465,0.19652648,0.2084269,0.27855465,0.24188966,0.32377902
revenge,P,word2vec_tiny_base,0.34197265,0.36084473,0.3970633,0.42153344,0.42430615,0.45081094
upcoming,M,word2vec_tiny_base,0.30635953,0.36801162,0.38104084,0.44962266,0.41564283,0.48198476
arch,H,word2vec_tiny_base,0.30070394,0.35633713,0.36412156,0.4566053,0.39258248,0.48862618
crispy,P,word2vec_tiny_base,0.31002387,0.32337457,0.38306463,0.39597008,0.41719073,0.43158397
useless,P,word2vec_tiny_base,0.36316407,0.48629647,0.4535661,0.56032765,0.4854113,0.5815696
nut,P,word2vec_tiny_base,0.28590798,0.3734094,0.41880134,0.545752,0.47842187,0.6300556
fasten,P,word2vec_tiny_base,0.32333145,0.3957798,0.42136544,0.51211804,0.46019554,0.5434685
spatula,M,word2vec_tiny_base,0.29653567,0.33159786,0.3818098,0.42516893,0.41773644,0.47234884
shuttle,P,word2vec_tiny_base,0.3489445,0.44747147,0.4180076,0.5189251,0.4449255,0.537619
sofa,M,word2vec_tiny_base,0.34637648,0.43904006,0.47173268,0.6130498,0.52139544,0.6568267
prairie,M,word2vec_tiny_base,0.2611413,0.27927485,0.29961,0.3172063,0.3144363,0.32077885
afford,P,word2vec_tiny_base,0.3801463,0.4652504,0.45899436,0.510696,0.48570466,0.5055289
escalator,M,word2vec_tiny_base,0.2539829,0.22220269,0.2884185,0.25611547,0.3031102,0.26330003
closet,P,word2vec_tiny_base,0.30358294,0.40895706,0.45202065,0.60508025,0.50965387,0.658756
butler,M,word2vec_tiny_base,0.21445775,0.21331643,0.24911568,0.25319687,0.26310748,0.264079
cop,H,word2vec_tiny_base,0.30234092,0.42147896,0.45202476,0.61221933,0.5050859,0.6356987
leadership,P,word2vec_tiny_base,0.23259477,0.24646942,0.26491454,0.304481,0.2795954,0.31248492
thud,P,word2vec_tiny_base,0.3798123,0.47868842,0.48122254,0.57933205,0.5216349,0.6089158
vaccine,P,word2vec_tiny_base,0.2519678,0.2748949,0.2938194,0.2950573,0.3100629,0.30229136
chimp,M,word2vec_tiny_base,0.30950236,0.3597438,0.35743758,0.41685948,0.37862167,0.43687886
harmonica,M,word2vec_tiny_base,0.24616674,0.31793615,0.3631114,0.4726089,0.40534997,0.5073828
expedition,P,word2vec_tiny_base,0.25058445,0.3370977,0.31624812,0.4258665,0.33966994,0.4433854
gravy,P,word2vec_tiny_base,0.16852939,0.20503856,0.23043714,0.29982132,0.2674499,0.34651327
floppy,P,word2vec_tiny_base,0.3310562,0.43897042,0.41953084,0.5348122,0.45534503,0.5696358
treaty,P,word2vec_tiny_base,0.23476677,0.22398801,0.26601738,0.25668877,0.27932334,0.26743156
dare,P,word2vec_tiny_base,0.4709918,0.62799,0.5513949,0.66599786,0.5783778,0.649324
dishonest,P,word2vec_tiny_base,0.23841758,0.33868638,0.3718005,0.4886502,0.4157513,0.5010607
mix,P,word2vec_tiny_base,0.28478426,0.41310245,0.41965806,0.5329959,0.46884105,0.56179357
croak,P,word2vec_tiny_base,0.36597544,0.4611842,0.45740646,0.55444294,0.48839936,0.5757377
pizza,M,word2vec_tiny_base,0.22696038,0.31907615,0.33090484,0.45141885,0.3808075,0.49112818
arrogant,P,word2vec_tiny_base,0.20133547,0.25926962,0.2651419,0.2840873,0.29623008,0.31540674
comprehend,P,word2vec_tiny_base,0.2109694,0.22574577,0.24116981,0.26682216,0.2554642,0.28276914
canopy,P,word2vec_tiny_base,0.32974002,0.40608847,0.38963178,0.47106534,0.41500047,0.492986
crater,P,word2vec_tiny_base,0.31880575,0.37513775,0.3735226,0.4413543,0.3999974,0.47591695
thermos,P,word2vec_tiny_base,0.26857805,0.258691,0.32909048,0.35180935,0.36157522,0.39904732
deaf,P,word2vec_tiny_base,0.41435567,0.47231233,0.51085424,0.60035676,0.5574283,0.65666926
palace,P,word2vec_tiny_base,0.3180112,0.45922303,0.4576509,0.62580985,0.5160706,0.6709349
page,H,word2vec_tiny_base,0.30940834,0.3426858,0.42918018,0.5327444,0.47777098,0.5684265
wilt,P,word2vec_tiny_base,0.32247066,0.3961434,0.42273486,0.50735474,0.45849046,0.5339512
writer,P,word2vec_tiny_base,0.29198807,0.3875275,0.42151967,0.5227013,0.4667328,0.55290735
souvenir,M,word2vec_tiny_base,0.39809388,0.43111446,0.4671917,0.48261416,0.49367493,0.48265284
unhealthy,P,word2vec_tiny_base,0.30326015,0.34766716,0.36237618,0.41402212,0.38711685,0.44440433
ultimatum,M,word2vec_tiny_base,0.18295804,0.18739003,0.21259211,0.21524748,0.22378035,0.22902939
tart,H,word2vec_tiny_base,0.16433416,0.21201304,0.2415377,0.30588797,0.28503627,0.35790437
audition,P,word2vec_tiny_base,0.27876765,0.3293457,0.34365264,0.4131999,0.37001395,0.44829142
summer,P,word2vec_tiny_base,0.33555275,0.4690737,0.4613781,0.60161304,0.5019025,0.6186903
glare,H,word2vec_tiny_base,0.31105718,0.35728276,0.3722147,0.43054113,0.39457884,0.4467557
lecture,P,word2vec_tiny_base,0.4094885,0.5048801,0.50239116,0.61235666,0.53706014,0.6325946
spend,P,word2vec_tiny_base,0.47322956,0.573969,0.5629492,0.64271593,0.58876604,0.6198912
concession,P,word2vec_tiny_base,0.26170674,0.28405768,0.30482268,0.3315899,0.32214326,0.3448367
screw,P,word2vec_tiny_base,0.27256376,0.38200286,0.39104816,0.5356811,0.45223156,0.6138277
guru,P,word2vec_tiny_base,0.25478786,0.3052039,0.29716697,0.33712006,0.3146009,0.3527969
recital,P,word2vec_tiny_base,0.2685268,0.35685402,0.34452534,0.4276192,0.3756061,0.44499692
sentence,P,word2vec_tiny_base,0.31567723,0.35168922,0.38433814,0.44085565,0.41600326,0.47933012
blossom,P,word2vec_tiny_base,0.27989215,0.34842378,0.37458253,0.4911817,0.41313404,0.524351
amount,P,word2vec_tiny_base,0.37682253,0.38323158,0.4384956,0.4528225,0.4620153,0.4844892
comment,P,word2vec_tiny_base,0.3537068,0.41727325,0.4073845,0.42764,0.42909682,0.44765356
await,P,word2vec_tiny_base,0.29937273,0.38007706,0.3731155,0.43217534,0.39745688,0.45855185
stuffy,P,word2vec_tiny_base,0.32304746,0.3492887,0.39682007,0.4342483,0.425017,0.47262108
dime,M,word2vec_tiny_base,0.30390504,0.33522812,0.37427968,0.4210346,0.39936092,0.45838726
impressive,M,word2vec_tiny_base,0.25890106,0.35832107,0.43344644,0.5757199,0.5039401,0.6561219
settle,H,word2vec_tiny_base,0.38788468,0.4957086,0.52289194,0.61819845,0.56281465,0.62598574
decoration,P,word2vec_tiny_base,0.38606906,0.4380252,0.45128015,0.5225549,0.48230824,0.5443135
hopeful,P,word2vec_tiny_base,0.4418183,0.53515524,0.49940246,0.52581316,0.51832944,0.5145106
relaxation,P,word2vec_tiny_base,0.29254124,0.37300354,0.3576884,0.44346416,0.38352588,0.45275185
budget,P,word2vec_tiny_base,0.3398401,0.34130228,0.39331093,0.42547345,0.41388997,0.44080216
sloppy,P,word2vec_tiny_base,0.2949299,0.32568523,0.34414586,0.3600576,0.36322367,0.3746695
technician,P,word2vec_tiny_base,0.29869267,0.34617528,0.3505436,0.41771606,0.37492058,0.44266483
grain,P,word2vec_tiny_base,0.36318073,0.4863195,0.46391046,0.581286,0.4983767,0.5961288
swear,P,word2vec_tiny_base,0.2474374,0.25742492,0.29258993,0.29014048,0.3091624,0.31111395
junk,H,word2vec_tiny_base,0.3441658,0.5000736,0.44633973,0.6185566,0.49414802,0.66329426
poster,M,word2vec_tiny_base,0.42732072,0.52492446,0.5119279,0.6079323,0.5474002,0.6377471
sickness,P,word2vec_tiny_base,0.24742687,0.3150459,0.33654863,0.42043808,0.3728798,0.45778564
exercise,P,word2vec_tiny_base,0.39320016,0.5167166,0.50712454,0.63260907,0.5444913,0.64685035
seafood,M,word2vec_tiny_base,0.23091285,0.24225275,0.28382665,0.3350216,0.30791047,0.371754
breakfast,P,word2vec_tiny_base,0.30232793,0.32108346,0.42011493,0.47152373,0.46618584,0.498734
snob,P,word2vec_tiny_base,0.14613351,0.17344865,0.17916876,0.20744152,0.19532612,0.22677177
capture,P,word2vec_tiny_base,0.37805098,0.4361422,0.44140053,0.48890904,0.46447518,0.50395477
horseshoe,P,word2vec_tiny_base,0.30268794,0.35874718,0.37002608,0.45309043,0.39467943,0.46264237
calf,H,word2vec_tiny_base,0.3122513,0.40099186,0.39894867,0.51936346,0.43656212,0.5596637
remorse,M,word2vec_tiny_base,0.2255634,0.2837165,0.2879173,0.33431932,0.31522822,0.36331797
provide,P,word2vec_tiny_base,0.34729797,0.48419106,0.49156833,0.6447256,0.5462854,0.68338865
pill,P,word2vec_tiny_base,0.40354046,0.54786396,0.48754823,0.63006353,0.5239606,0.6539845
bottom,P,word2vec_tiny_base,0.44292623,0.53751516,0.54250205,0.63697493,0.57261646,0.64145947
respectful,M,word2vec_tiny_base,0.33645082,0.40074214,0.4443069,0.4827016,0.48594925,0.47926456
accountant,M,word2vec_tiny_base,0.20710428,0.23560673,0.23665006,0.25935945,0.25041044,0.27265012
smell,P,word2vec_tiny_base,0.34773946,0.40958306,0.45745444,0.48224726,0.495326,0.4876854
sneeze,P,word2vec_tiny_base,0.36670727,0.4955895,0.50047153,0.5984646,0.5388247,0.60120374
tango,P,word2vec_tiny_base,0.27467072,0.33205864,0.31701508,0.3813221,0.3358989,0.39788243
burst,P,word2vec_tiny_base,0.3665734,0.47147965,0.44378966,0.52981865,0.47067824,0.5507697
fellow,P,word2vec_tiny_base,0.297265,0.31920785,0.35813904,0.36526066,0.38009438,0.40873927
giddy,P,word2vec_tiny_base,0.3370555,0.39462566,0.41193977,0.46319258,0.44220185,0.4947204
quaint,P,word2vec_tiny_base,0.28748086,0.33335045,0.33271936,0.36636344,0.3490168,0.3610183
thief,M,word2vec_tiny_base,0.41058564,0.5272475,0.49970046,0.5602419,0.5305465,0.5542682
moisture,M,word2vec_tiny_base,0.25248438,0.29505283,0.30543712,0.36394724,0.3285656,0.39554018
shape,P,word2vec_tiny_base,0.33304134,0.44024548,0.42687237,0.5222612,0.46313515,0.55366135
pretzel,P,word2vec_tiny_base,0.35743526,0.37878156,0.41825965,0.4506638,0.444127,0.47115323
temper,P,word2vec_tiny_base,0.26716912,0.30893862,0.31996444,0.37622386,0.34636265,0.4044082
frown,P,word2vec_tiny_base,0.44172677,0.58275086,0.5447302,0.6612894,0.5799432,0.6600629
bonus,P,word2vec_tiny_base,0.25088376,0.3008444,0.28975606,0.34445396,0.30744892,0.3561287
harmful,M,word2vec_tiny_base,0.331567,0.43104938,0.41223603,0.4828144,0.44784984,0.5049489
dab,H,word2vec_tiny_base,0.27478567,0.35032874,0.3419794,0.4459751,0.3671344,0.47630695
attend,P,word2vec_tiny_base,0.26830822,0.32391572,0.3459322,0.43024936,0.37963653,0.45252618
hatchet,P,word2vec_tiny_base,0.24193057,0.26472464,0.2800874,0.30814257,0.29555747,0.3222565
bedroom,M,word2vec_tiny_base,0.31240994,0.39703026,0.4450117,0.60318696,0.4953861,0.63663244
field,P,word2vec_tiny_base,0.3105476,0.44151467,0.44265473,0.5940521,0.4975153,0.645791
basin,P,word2vec_tiny_base,0.22367851,0.2919298,0.30705008,0.39605895,0.34616157,0.447633
intense,P,word2vec_tiny_base,0.26186275,0.30522943,0.32811937,0.40837198,0.35684586,0.44447452
weirdo,M,word2vec_tiny_base,0.16951604,0.17534997,0.19268599,0.20093316,0.20354624,0.21508326
cloudy,P,word2vec_tiny_base,0.31607118,0.44079685,0.4725809,0.58923924,0.5240645,0.630414
riddance,M,word2vec_tiny_base,0.13558653,0.15568468,0.16514172,0.18626797,0.18052267,0.20636679
maple,P,word2vec_tiny_base,0.45403272,0.52738583,0.51228887,0.5640088,0.53380376,0.5605406
distract,P,word2vec_tiny_base,0.35279146,0.42303658,0.42177102,0.49434,0.45019227,0.51784843
nod,P,word2vec_tiny_base,0.406447,0.45360875,0.49380013,0.5437605,0.52482885,0.54328
horrible,P,word2vec_tiny_base,0.29972035,0.35969192,0.3790376,0.4517559,0.40987232,0.46964794
orchid,P,word2vec_tiny_base,0.30036885,0.40486896,0.37620518,0.48138717,0.406063,0.5055882
scenic,P,word2vec_tiny_base,0.3073362,0.35501388,0.35294026,0.40005416,0.3724596,0.4250144
waitress,M,word2vec_tiny_base,0.31755272,0.3422197,0.3920262,0.4299617,0.41999635,0.46102828
command,P,word2vec_tiny_base,0.42633605,0.42168817,0.48431003,0.44677362,0.5042179,0.4522637
violin,M,word2vec_tiny_base,0.2610281,0.35644463,0.41755334,0.5740427,0.47206467,0.62358063
fret,H,word2vec_tiny_base,0.22435513,0.26809934,0.25957307,0.30812252,0.27359268,0.3202338
element,P,word2vec_tiny_base,0.2559088,0.29063004,0.2960706,0.35225534,0.31581026,0.3705973
cavity,M,word2vec_tiny_base,0.3272381,0.35054314,0.4005934,0.45215097,0.43203542,0.49145532
impression,P,word2vec_tiny_base,0.33534914,0.3642761,0.39885715,0.4285351,0.42169112,0.442065
vent,P,word2vec_tiny_base,0.32877016,0.4196495,0.3731253,0.4690145,0.38991028,0.48858687
stepmother,M,word2vec_tiny_base,0.13489878,0.15302813,0.16532809,0.18964307,0.1791957,0.20598714
walnut,P,word2vec_tiny_base,0.29522806,0.3744256,0.35138908,0.44274727,0.37256777,0.46325332
tribute,P,word2vec_tiny_base,0.124439694,0.16054726,0.14965011,0.18958198,0.16217054,0.20515357
wiggle,P,word2vec_tiny_base,0.4065012,0.540867,0.5243851,0.6763612,0.5659343,0.70222306
aggressive,P,word2vec_tiny_base,0.27200493,0.35057807,0.32504353,0.39796773,0.3483527,0.41532564
bamboo,P,word2vec_tiny_base,0.3639297,0.43598315,0.45343563,0.52431345,0.49326614,0.5883855
clown,P,word2vec_tiny_base,0.40606922,0.56019914,0.50517726,0.66948783,0.5456952,0.69356316
hassle,P,word2vec_tiny_base,0.13964249,0.17203349,0.1606851,0.20013551,0.17063782,0.21466465
chocolate,P,word2vec_tiny_base,0.23989534,0.32616508,0.33654228,0.44731182,0.38442215,0.47642344
volume,P,word2vec_tiny_base,0.39441386,0.45259872,0.4808803,0.55275506,0.5115122,0.57811373
lamp,P,word2vec_tiny_base,0.3213181,0.43195197,0.43234882,0.58895147,0.48187926,0.63861465
speaker,P,word2vec_tiny_base,0.33314362,0.44022048,0.4241318,0.542932,0.45975745,0.5692056
shelter,P,word2vec_tiny_base,0.40397024,0.5122519,0.5050224,0.6423278,0.5455944,0.6845302
vanish,P,word2vec_tiny_base,0.36110198,0.48989034,0.51660836,0.66259843,0.5640551,0.6636786
eyeliner,M,word2vec_tiny_base,0.25957358,0.3361935,0.32557777,0.4381492,0.35509667,0.45980114
scalpel,M,word2vec_tiny_base,0.23186812,0.2532614,0.26804316,0.29113233,0.2838962,0.2997139
notebook,M,word2vec_tiny_base,0.22432446,0.30833957,0.3780352,0.52934426,0.44561327,0.60292757
driver,P,word2vec_tiny_base,0.29340082,0.3940123,0.40196583,0.5218342,0.44497785,0.55630606
sympathy,P,word2vec_tiny_base,0.26236156,0.32113647,0.30353498,0.3509241,0.32185546,0.3686273
twitch,P,word2vec_tiny_base,0.25665724,0.34152755,0.32396784,0.42435634,0.35316736,0.4508735
priest,P,word2vec_tiny_base,0.3643268,0.47750062,0.43700686,0.5542439,0.46861932,0.57573855
reap,P,word2vec_tiny_base,0.18434063,0.22586823,0.22470684,0.26469848,0.2484451,0.29683667
ladder,P,word2vec_tiny_base,0.37232423,0.5122815,0.48181233,0.6442773,0.52741086,0.67757016
defeat,P,word2vec_tiny_base,0.25565952,0.33569863,0.32144082,0.41070336,0.35284683,0.4434516
bitter,P,word2vec_tiny_base,0.34655568,0.47381955,0.44732732,0.4985417,0.4845922,0.52363527
maintain,P,word2vec_tiny_base,0.18627746,0.23726152,0.24000935,0.28623208,0.2679423,0.32506055
dainty,P,word2vec_tiny_base,0.24445453,0.3258144,0.30304843,0.41958895,0.33234763,0.462853
fuzz,M,word2vec_tiny_base,0.36234725,0.45022973,0.44418025,0.55893195,0.48066822,0.59901613
medium,P,word2vec_tiny_base,0.45034638,0.55367297,0.53131413,0.6222276,0.5648334,0.64592886
vibrate,P,word2vec_tiny_base,0.2718182,0.33883026,0.35738933,0.43670976,0.39457625,0.46913666
former,H,word2vec_tiny_base,0.29145724,0.34778354,0.36121505,0.39812654,0.3880242,0.41961816
doll,P,word2vec_tiny_base,0.35613957,0.46930152,0.47272387,0.5893596,0.51364136,0.627544
scuba,P,word2vec_tiny_base,0.24736261,0.32724753,0.30960014,0.36090824,0.3319257,0.35624608
rail,H,word2vec_tiny_base,0.3000368,0.4395485,0.43337917,0.59664094,0.48815125,0.652305
slab,P,word2vec_tiny_base,0.25499746,0.2767023,0.292493,0.31902716,0.30697134,0.33519825
potion,M,word2vec_tiny_base,0.38526583,0.49881417,0.46858716,0.56774414,0.49583724,0.57174003
musical,P,word2vec_tiny_base,0.37096292,0.41994983,0.44820175,0.50972766,0.4800937,0.5385442
guilty,P,word2vec_tiny_base,0.34728542,0.43069172,0.5058467,0.63938016,0.5658788,0.68326306
divide,P,word2vec_tiny_base,0.3116338,0.4067159,0.4011081,0.4780871,0.4326485,0.51115197
landmark,P,word2vec_tiny_base,0.26452044,0.28301704,0.29917434,0.309198,0.3139912,0.31094193
residence,P,word2vec_tiny_base,0.16370478,0.16541912,0.18850695,0.20282544,0.1994725,0.21505694
blade,P,word2vec_tiny_base,0.34940156,0.44063196,0.41102782,0.5011527,0.4396598,0.52944463
comfort,P,word2vec_tiny_base,0.43229312,0.5713081,0.524043,0.550998,0.5490379,0.5304455
blueberry,P,word2vec_tiny_base,0.2545279,0.28164336,0.37966916,0.4681785,0.4376005,0.5296967
rise,P,word2vec_tiny_base,0.393789,0.55990356,0.5043378,0.65323615,0.54972154,0.6706915
ocean,P,word2vec_tiny_base,0.22804013,0.30586374,0.34164023,0.47365132,0.39925897,0.53361726
dribble,P,word2vec_tiny_base,0.3221286,0.4068567,0.4344379,0.552379,0.47581565,0.5634669
swimsuit,M,word2vec_tiny_base,0.31088927,0.3760507,0.4483735,0.5577429,0.50737345,0.62246174
nurse,P,word2vec_tiny_base,0.3517925,0.4552382,0.47747898,0.590786,0.5191757,0.605967
bedtime,M,word2vec_tiny_base,0.47363824,0.5470437,0.5556382,0.5964822,0.5850111,0.57730335
spank,H,word2vec_tiny_base,0.21428227,0.2484816,0.24402137,0.2522707,0.2562384,0.264332
undo,P,word2vec_tiny_base,0.35800877,0.4217112,0.43171138,0.50242674,0.46115458,0.5308032
unstable,P,word2vec_tiny_base,0.31312573,0.4052497,0.4048492,0.506923,0.4419835,0.52796996
strive,P,word2vec_tiny_base,0.22071657,0.2547678,0.27563962,0.31732875,0.30694658,0.34479222
stew,P,word2vec_tiny_base,0.2685548,0.32060042,0.33606708,0.38548136,0.36859268,0.4128411
flat,H,word2vec_tiny_base,0.38942915,0.45088798,0.49071532,0.6061206,0.52868605,0.6354991
cube,H,word2vec_tiny_base,0.38113588,0.5250338,0.47906795,0.63984627,0.5213266,0.6742047
mango,M,word2vec_tiny_base,0.26951906,0.29898852,0.34452924,0.38864812,0.38299903,0.43017152
nowadays,P,word2vec_tiny_base,0.20740089,0.22746101,0.23950334,0.2567809,0.25408727,0.2701877
wrath,P,word2vec_tiny_base,0.26389596,0.29607216,0.31001437,0.35858053,0.33315387,0.3927235
mound,P,word2vec_tiny_base,0.31905445,0.4107554,0.41890118,0.5111951,0.45373353,0.5441167
leap,P,word2vec_tiny_base,0.40408093,0.52187395,0.49067548,0.54944426,0.51759005,0.5556452
inhale,P,word2vec_tiny_base,0.2594717,0.09483763,0.30393475,0.22008403,0.34076613,0.38552254
redo,P,word2vec_tiny_base,0.14739108,0.16233371,0.17412502,0.19740082,0.18858002,0.21830723
sponge,P,word2vec_tiny_base,0.30823487,0.4132504,0.41784358,0.5408084,0.46268624,0.5728923
spell,H,word2vec_tiny_base,0.41782492,0.48693874,0.50361466,0.5729439,0.53164923,0.5627008
successful,P,word2vec_tiny_base,0.3881883,0.5142136,0.46582928,0.56925946,0.50014746,0.57610714
charcoal,P,word2vec_tiny_base,0.26687354,0.30873758,0.335575,0.4260919,0.36498085,0.47158036
attachment,P,word2vec_tiny_base,0.31756794,0.39577174,0.3613799,0.4280271,0.38261524,0.45042202
teeny,M,word2vec_tiny_base,0.30769134,0.3755162,0.35637993,0.42152348,0.37638134,0.43612367
resource,P,word2vec_tiny_base,0.18632488,0.17821011,0.22991589,0.22392595,0.25313094,0.2592997
invite,P,word2vec_tiny_base,0.3861462,0.5258938,0.5233317,0.6706963,0.57008326,0.6989073
threaten,P,word2vec_tiny_base,0.28650194,0.3625359,0.33331558,0.3961165,0.3549352,0.4181267
snatch,P,word2vec_tiny_base,0.3607176,0.47849426,0.4356764,0.5192867,0.4628887,0.513149
snack,P,word2vec_tiny_base,0.2892035,0.3744699,0.39625812,0.45713526,0.43472186,0.47573248
clock,H,word2vec_tiny_base,0.31808388,0.45197028,0.44033197,0.60119426,0.49542594,0.65120447
terrible,P,word2vec_tiny_base,0.3623407,0.5003079,0.4862524,0.63247967,0.5264879,0.6102799
film,P,word2vec_tiny_base,0.27250567,0.36762273,0.44535527,0.5943107,0.4990123,0.6409909
observant,P,word2vec_tiny_base,0.27798092,0.30845666,0.35400912,0.3768894,0.38235626,0.39608833
plead,P,word2vec_tiny_base,0.27174705,0.33701545,0.34158012,0.39931524,0.36940098,0.41555724
ribbon,P,word2vec_tiny_base,0.28599423,0.4076715,0.40242305,0.5483618,0.45216882,0.5923072
mint,H,word2vec_tiny_base,0.30726337,0.35426605,0.40774357,0.4884682,0.44484192,0.5366179
dizzy,P,word2vec_tiny_base,0.41971865,0.5018774,0.5257061,0.6670701,0.56271994,0.68484235
smooth,P,word2vec_tiny_base,0.38476828,0.52166486,0.49520102,0.6471497,0.5393946,0.6858768
spice,P,word2vec_tiny_base,0.25828952,0.3190363,0.349929,0.38462314,0.38156328,0.40646574
awaken,P,word2vec_tiny_base,0.21802428,0.25739938,0.25238016,0.29029474,0.26664245,0.30906007
minimum,P,word2vec_tiny_base,0.15903315,0.15075774,0.18592182,0.1899099,0.19830261,0.20915955
excitement,P,word2vec_tiny_base,0.28960794,0.38251117,0.39877293,0.46591255,0.43118766,0.4673845
wallet,M,word2vec_tiny_base,0.3281995,0.42897728,0.4302932,0.5634045,0.4835982,0.6295667
nephew,M,word2vec_tiny_base,0.324794,0.4112229,0.41868868,0.44125712,0.445534,0.43827948
waffle,H,word2vec_tiny_base,0.24992374,0.30651742,0.3695413,0.46295336,0.42589927,0.49579844
fighter,P,word2vec_tiny_base,0.35081404,0.45792663,0.41944724,0.5263771,0.4477904,0.54723245
clap,P,word2vec_tiny_base,0.3575084,0.5108425,0.4879263,0.6277143,0.53315157,0.64809686
catchy,P,word2vec_tiny_base,0.24580732,0.3202356,0.33031666,0.4490792,0.37709248,0.49856192
fit,H,word2vec_tiny_base,0.45344728,0.5985175,0.54659086,0.6751789,0.5781165,0.66765136
parrot,P,word2vec_tiny_base,0.36581162,0.44937614,0.48312703,0.6207494,0.5277522,0.6646619
applause,P,word2vec_tiny_base,0.38790888,0.44197837,0.46500283,0.5264837,0.494677,0.5501605
grinder,P,word2vec_tiny_base,0.29072028,0.26764566,0.3476268,0.36644417,0.37685013,0.41485727
breast,P,word2vec_tiny_base,0.22754312,0.23309566,0.25576288,0.25112867,0.26853535,0.26108935
policy,H,word2vec_tiny_base,0.2915037,0.25793162,0.3476548,0.28785765,0.37276086,0.3143793
private,P,word2vec_tiny_base,0.38012943,0.4637905,0.44924283,0.5013902,0.47570992,0.51393706
mystery,P,word2vec_tiny_base,0.39292648,0.5105342,0.49539867,0.6258965,0.53239137,0.635281
hose,P,word2vec_tiny_base,0.3513953,0.4969484,0.464412,0.6274151,0.511754,0.66642433
boa,P,word2vec_tiny_base,0.28731704,0.32891563,0.37708968,0.47825506,0.42031005,0.5263293
genius,P,word2vec_tiny_base,0.3022427,0.35747302,0.35866696,0.40382573,0.37927735,0.4185354
boil,H,word2vec_tiny_base,0.33147034,0.3642167,0.416895,0.4590543,0.4579931,0.5066372
meal,H,word2vec_tiny_base,0.2637535,0.33232093,0.3932854,0.48346704,0.44823334,0.5179628
neat,P,word2vec_tiny_base,0.37582222,0.48378333,0.49770725,0.56803524,0.5343769,0.59618205
cupboard,M,word2vec_tiny_base,0.2688717,0.41211915,0.41684282,0.58316135,0.4844747,0.6500798
folk,P,word2vec_tiny_base,0.30287373,0.34802508,0.3535865,0.43974933,0.37917492,0.4582211
suggest,P,word2vec_tiny_base,0.43984932,0.59244597,0.55432147,0.69729316,0.5940397,0.6937456
mushy,P,word2vec_tiny_base,0.2652678,0.35099083,0.37420657,0.46597168,0.41830564,0.50499105
vomit,P,word2vec_tiny_base,0.24202132,0.29799792,0.3080779,0.39529237,0.33602464,0.4110167
daytime,M,word2vec_tiny_base,0.348486,0.36959964,0.43505305,0.47350967,0.472129,0.51437205
scrawny,M,word2vec_tiny_base,0.29563046,0.298947,0.34052354,0.33304566,0.35795525,0.3401392
fuss,P,word2vec_tiny_base,0.4289547,0.5016698,0.50551,0.5696459,0.5332445,0.58006704
fiber,P,word2vec_tiny_base,0.256979,0.32228956,0.3518798,0.39718476,0.38569358,0.44105405
fame,P,word2vec_tiny_base,0.28032178,0.30732498,0.33008325,0.36829692,0.35432544,0.39917055
mule,H,word2vec_tiny_base,0.29039922,0.3522348,0.4207083,0.52797616,0.48183998,0.6258902
lagoon,P,word2vec_tiny_base,0.25195366,0.3008075,0.3146822,0.40458643,0.34148735,0.43572465
crank,P,word2vec_tiny_base,0.22444518,0.25746006,0.26599962,0.27193862,0.28113478,0.28359517
immediate,P,word2vec_tiny_base,0.2445666,0.2682131,0.28620577,0.33177802,0.3036261,0.34775338
letter,P,word2vec_tiny_base,0.27644676,0.40556535,0.4310831,0.5493707,0.49253955,0.60621077
distant,P,word2vec_tiny_base,0.40698594,0.5324679,0.50185657,0.6131847,0.5345032,0.62296516
shrink,P,word2vec_tiny_base,0.37002045,0.49987116,0.5175405,0.6772461,0.5712156,0.7128625
upward,P,word2vec_tiny_base,0.24118397,0.30439454,0.28350425,0.36120546,0.30277145,0.3805603
dip,P,word2vec_tiny_base,0.42183757,0.47262475,0.49510533,0.47893292,0.5226386,0.50705075
chest,P,word2vec_tiny_base,0.3935396,0.5153351,0.49242193,0.62999386,0.5313839,0.6638595
carefree,M,word2vec_tiny_base,0.3284397,0.42819008,0.38108364,0.42710108,0.40015298,0.42615023
slot,P,word2vec_tiny_base,0.3714913,0.46828294,0.45578423,0.560647,0.48893842,0.58740693
campfire,P,word2vec_tiny_base,0.38094336,0.5059159,0.48441112,0.6063349,0.52218705,0.62027436
linen,P,word2vec_tiny_base,0.18066141,0.2016377,0.20877333,0.22553264,0.22069779,0.23541822
value,P,word2vec_tiny_base,0.38839424,0.43786022,0.4603033,0.42695338,0.4881511,0.42089653
beg,P,word2vec_tiny_base,0.39515448,0.49656448,0.48500207,0.54939485,0.5159479,0.55679566
shoulder,P,word2vec_tiny_base,0.33012173,0.40437996,0.4748085,0.5839342,0.5225898,0.6148792
cheerful,P,word2vec_tiny_base,0.28150138,0.36869407,0.44285378,0.58861196,0.500425,0.6416082
jury,P,word2vec_tiny_base,0.29840487,0.32615653,0.37043765,0.4256341,0.3998957,0.45449525
roast,P,word2vec_tiny_base,0.3842451,0.41125983,0.47423407,0.5174332,0.5078484,0.53443205
restore,P,word2vec_tiny_base,0.35642934,0.49391478,0.49346542,0.6332633,0.5407994,0.6225962
classroom,M,word2vec_tiny_base,0.31338197,0.44323713,0.4570355,0.607304,0.5125574,0.6580377
dwarf,P,word2vec_tiny_base,0.2956454,0.35324216,0.33570212,0.39374286,0.35233337,0.4057609
cheek,P,word2vec_tiny_base,0.34162825,0.4836103,0.42973542,0.5231173,0.46687478,0.54700744
appetite,P,word2vec_tiny_base,0.39343557,0.4197667,0.45095596,0.48914677,0.4734407,0.4967873
recommend,P,word2vec_tiny_base,0.439104,0.58050925,0.5560422,0.6826332,0.59730744,0.67477405
powerful,P,word2vec_tiny_base,0.34574357,0.42522252,0.4627717,0.59363955,0.50717115,0.6224978
consistent,P,word2vec_tiny_base,0.13746051,0.1434215,0.17094421,0.19251835,0.18700115,0.20705122
serene,P,word2vec_tiny_base,0.23782837,0.29417112,0.30849952,0.39455602,0.33897987,0.43782642
squeaky,M,word2vec_tiny_base,0.20761451,0.24240501,0.33827212,0.44542667,0.4027948,0.519167
wreath,P,word2vec_tiny_base,0.32911354,0.4016333,0.4153912,0.5032152,0.4481353,0.54101413
teacher,M,word2vec_tiny_base,0.3085551,0.43639073,0.4343234,0.5309118,0.47738472,0.5502502
fleet,H,word2vec_tiny_base,0.26698968,0.3104469,0.33531353,0.4150236,0.36137858,0.4452439
puddle,P,word2vec_tiny_base,0.3287616,0.41992843,0.47515225,0.6262111,0.5251564,0.6674636
despair,P,word2vec_tiny_base,0.25196764,0.3356498,0.31399736,0.39427748,0.3414215,0.4159878
dirt,P,word2vec_tiny_base,0.36382028,0.48695198,0.46583772,0.5826258,0.5063841,0.6154006
pupil,H,word2vec_tiny_base,0.37417257,0.45238578,0.50138414,0.62285227,0.5446925,0.65731436
oasis,P,word2vec_tiny_base,0.3404388,0.41846216,0.46817455,0.6121239,0.5154383,0.65804595
silk,P,word2vec_tiny_base,0.31314838,0.40078476,0.38684872,0.48192945,0.41839513,0.5141598
pooch,M,word2vec_tiny_base,0.29438892,0.3643656,0.34752005,0.41325396,0.37183684,0.43015274
smash,P,word2vec_tiny_base,0.4008717,0.51631117,0.47767615,0.5830384,0.50640464,0.5993993
handsome,P,word2vec_tiny_base,0.4495586,0.5364379,0.54584247,0.6344668,0.57574207,0.63534427
drift,P,word2vec_tiny_base,0.34395444,0.38856518,0.41924727,0.45199105,0.44762394,0.47109532
slit,P,word2vec_tiny_base,0.21724784,0.26803195,0.28338322,0.3679586,0.3114957,0.37634516
obvious,P,word2vec_tiny_base,0.2862874,0.31341296,0.331383,0.3675416,0.3509534,0.39299542
candle,P,word2vec_tiny_base,0.33710426,0.47913384,0.44665688,0.61842394,0.49140212,0.6585257
chore,P,word2vec_tiny_base,0.32651168,0.39998195,0.40686744,0.44179243,0.43505844,0.4551199
ignore,M,word2vec_tiny_base,0.37050304,0.502536,0.4776241,0.61824656,0.5183355,0.6031184
regal,P,word2vec_tiny_base,0.1803622,0.18232748,0.20769054,0.2139013,0.2200512,0.2331228
initial,P,word2vec_tiny_base,0.19006097,0.24969421,0.23911726,0.32439432,0.26737052,0.3631165
hunger,P,word2vec_tiny_base,0.28720266,0.37775108,0.3647083,0.45011523,0.39683938,0.4680182
caramel,P,word2vec_tiny_base,0.18961701,0.23027012,0.25170907,0.3082663,0.2928664,0.3567306
windmill,P,word2vec_tiny_base,0.34885898,0.4229217,0.4116634,0.4817852,0.43791473,0.5225893
usher,P,word2vec_tiny_base,0.16546358,0.2049989,0.19589767,0.24509726,0.2084948,0.25606155
roller,P,word2vec_tiny_base,0.35527796,0.44940406,0.45080265,0.52442557,0.4859111,0.561846
captivity,P,word2vec_tiny_base,0.14948082,0.15181506,0.17610759,0.1873203,0.18968411,0.20667021
venom,P,word2vec_tiny_base,0.27063817,0.36701772,0.3332302,0.4493795,0.36379158,0.4845727
darn,H,word2vec_tiny_base,0.20387623,0.25001097,0.23362543,0.27003092,0.24573877,0.27706304
outdoor,M,word2vec_tiny_base,0.3223734,0.42294398,0.39615735,0.47380438,0.42482394,0.50592893
raft,H,word2vec_tiny_base,0.272806,0.36676928,0.4057025,0.5516546,0.46316397,0.62795967
outlook,P,word2vec_tiny_base,0.22707698,0.25742912,0.26773128,0.29592192,0.28859937,0.3229276
ketchup,M,word2vec_tiny_base,0.2630133,0.326799,0.34060153,0.39451474,0.37754235,0.42873985
equation,P,word2vec_tiny_base,0.2437665,0.30407965,0.30747357,0.39152768,0.3370202,0.41872427
novel,H,word2vec_tiny_base,0.23451391,0.326664,0.41271296,0.5547233,0.47492805,0.61954457
salad,P,word2vec_tiny_base,0.21833022,0.3066672,0.30038762,0.429199,0.34913146,0.47886768
newspaper,P,word2vec_tiny_base,0.304547,0.3506982,0.42428428,0.5597649,0.47590402,0.6184445
flask,P,word2vec_tiny_base,0.23147647,0.26653194,0.27966073,0.3216594,0.30201527,0.34569097
toothpaste,M,word2vec_tiny_base,0.30148053,0.40686798,0.39055875,0.4927932,0.42096478,0.5264122
nuisance,M,word2vec_tiny_base,0.25293,0.30774683,0.29953998,0.34853628,0.31963658,0.3594151
disagree,P,word2vec_tiny_base,0.39401832,0.53137666,0.5422709,0.6708368,0.5822553,0.6566216
racehorse,M,word2vec_tiny_base,0.27536336,0.3199675,0.31946582,0.36343715,0.336786,0.3790891
station,P,word2vec_tiny_base,0.32303363,0.426725,0.4236941,0.5717636,0.47111234,0.61007375
entrance,H,word2vec_tiny_base,0.36045584,0.43972954,0.43248466,0.52695453,0.46067306,0.5179146
signature,P,word2vec_tiny_base,0.2835836,0.35945877,0.3441528,0.43891153,0.37218422,0.4632836
bless,P,word2vec_tiny_base,0.44877023,0.5285943,0.5297768,0.55229276,0.5545019,0.55118
hatch,H,word2vec_tiny_base,0.43259087,0.52118796,0.55028135,0.6606555,0.58878905,0.65940195
humorous,P,word2vec_tiny_base,0.19201832,0.20136501,0.22148962,0.23315555,0.2336404,0.2505634
manual,P,word2vec_tiny_base,0.24515577,0.3043374,0.30334383,0.3894288,0.32797202,0.40777335
session,P,word2vec_tiny_base,0.297793,0.32556525,0.37231803,0.4285214,0.4009721,0.457909
freak,H,word2vec_tiny_base,0.14577468,0.16921943,0.17322887,0.19693737,0.18581247,0.20866528
gum,H,word2vec_tiny_base,0.33459333,0.38032714,0.43129563,0.54240185,0.46826747,0.60036707
ignorant,P,word2vec_tiny_base,0.3788673,0.45328322,0.49032065,0.63347024,0.53816557,0.6844691
curse,P,word2vec_tiny_base,0.29553485,0.34351167,0.3659687,0.42204648,0.39762917,0.45027128
dungeon,M,word2vec_tiny_base,0.31834525,0.3580909,0.39852467,0.42928213,0.42803493,0.45544317
allergy,M,word2vec_tiny_base,0.2888954,0.3537955,0.34263706,0.37696216,0.3663372,0.3976832
watchman,M,word2vec_tiny_base,0.23469582,0.26201028,0.27164778,0.285,0.28561428,0.29620957
downstream,P,word2vec_tiny_base,0.21883634,0.30097052,0.29273298,0.4032498,0.32923642,0.4449106
brag,P,word2vec_tiny_base,0.3529681,0.4058913,0.4438858,0.45759892,0.47600266,0.46397474
theme,P,word2vec_tiny_base,0.34660566,0.41308603,0.40998647,0.48514152,0.43674752,0.51731735
election,P,word2vec_tiny_base,0.22121274,0.28374058,0.2659215,0.3292451,0.28559622,0.33972448
karate,M,word2vec_tiny_base,0.26845083,0.33158872,0.34598076,0.40598848,0.37666953,0.4454959
extension,P,word2vec_tiny_base,0.21893921,0.21391083,0.25216493,0.23344299,0.2655706,0.24658394
sky,P,word2vec_tiny_base,0.32157204,0.45139983,0.43809384,0.5797615,0.48609108,0.60441184
cardboard,M,word2vec_tiny_base,0.3548604,0.48030305,0.4561314,0.6004043,0.49702942,0.64355403
pursue,P,word2vec_tiny_base,0.2043833,0.25687602,0.27241528,0.3188473,0.30226162,0.35158116
discover,P,word2vec_tiny_base,0.40231472,0.5622077,0.5156426,0.6388038,0.5553411,0.6315441
zip,H,word2vec_tiny_base,0.39859492,0.5182199,0.51189375,0.6586024,0.547043,0.67043525
alligator,M,word2vec_tiny_base,0.2321355,0.33914772,0.36712074,0.50971794,0.4320694,0.5782045
dedication,P,word2vec_tiny_base,0.20061772,0.24966839,0.29343057,0.33581084,0.33169118,0.37246186
ownership,P,word2vec_tiny_base,0.22257705,0.24436133,0.2602384,0.29409257,0.27777156,0.3210329
crutch,P,word2vec_tiny_base,0.2860405,0.33252215,0.35034156,0.4150565,0.37666032,0.44161075
gross,P,word2vec_tiny_base,0.2740268,0.35830316,0.40663,0.50253886,0.4570669,0.53832114
landlord,P,word2vec_tiny_base,0.16033103,0.18325385,0.18370228,0.20391199,0.19487502,0.21437994
behalf,P,word2vec_tiny_base,0.17099826,0.2046613,0.19849458,0.21251994,0.21128422,0.2266692
sorcerer,M,word2vec_tiny_base,0.2275871,0.32200027,0.2820007,0.38982338,0.30974248,0.4228173
fist,P,word2vec_tiny_base,0.3170411,0.38564956,0.38572875,0.46179935,0.41147465,0.49142992
clubhouse,M,word2vec_tiny_base,0.36173663,0.43739983,0.42412055,0.47513998,0.4459833,0.48429248
coil,H,word2vec_tiny_base,0.31648105,0.4254406,0.3840068,0.5007477,0.41167915,0.5236423
godmother,M,word2vec_tiny_base,0.3125112,0.4032933,0.37598103,0.44421577,0.40474468,0.465659
bait,P,word2vec_tiny_base,0.33535928,0.43218994,0.44715542,0.5471264,0.4839059,0.5688299
activate,P,word2vec_tiny_base,0.2606197,0.34887373,0.318916,0.42974874,0.3445131,0.44772616
difficult,P,word2vec_tiny_base,0.38410854,0.52119833,0.51621896,0.62485504,0.55276823,0.5864067
tiara,P,word2vec_tiny_base,0.27564403,0.34323233,0.3772484,0.49146837,0.42320305,0.5384287
bleed,P,word2vec_tiny_base,0.30729392,0.37540254,0.4117976,0.5237932,0.45313942,0.548956
valve,P,word2vec_tiny_base,0.2820136,0.35310322,0.35855454,0.46691856,0.39418212,0.5024633
express,P,word2vec_tiny_base,0.30436164,0.32657108,0.37183478,0.39043555,0.39768958,0.4073426
midnight,P,word2vec_tiny_base,0.32803673,0.34264907,0.38053787,0.40921378,0.40132466,0.4312953
sudden,P,word2vec_tiny_base,0.4680438,0.521904,0.54346746,0.55102956,0.56471616,0.53873885
taste,P,word2vec_tiny_base,0.31963065,0.38204393,0.3895672,0.4183121,0.4220456,0.43257245
tub,P,word2vec_tiny_base,0.30276877,0.40539262,0.44277364,0.53915626,0.49484372,0.59073144
pencil,P,word2vec_tiny_base,0.23957345,0.33295357,0.37271503,0.52239645,0.43385246,0.59406066
blend,P,word2vec_tiny_base,0.37568358,0.4063184,0.45066136,0.49415556,0.48322383,0.5318116
survive,P,word2vec_tiny_base,0.3464746,0.38436568,0.41491273,0.44930923,0.44246307,0.48040196
tent,P,word2vec_tiny_base,0.3807924,0.5205991,0.48735568,0.64982414,0.5292543,0.68752307
polite,P,word2vec_tiny_base,0.28535992,0.37973258,0.44732916,0.5940249,0.51041317,0.6143285
shower,H,word2vec_tiny_base,0.35580474,0.44778943,0.47690365,0.6113511,0.5234511,0.64514667
scold,P,word2vec_tiny_base,0.3960654,0.4954195,0.4779937,0.5814654,0.5078172,0.5954089
convenient,P,word2vec_tiny_base,0.13744974,0.15196565,0.16556036,0.18903,0.17974289,0.20729405
tolerant,P,word2vec_tiny_base,0.16741776,0.19078402,0.21584423,0.23061094,0.24187961,0.26027656
pool,H,word2vec_tiny_base,0.28774896,0.37457427,0.42018142,0.5602705,0.47650716,0.61339265
hardship,P,word2vec_tiny_base,0.13812105,0.17639072,0.16536833,0.20810238,0.17739433,0.21928672
memento,M,word2vec_tiny_base,0.24377124,0.2981592,0.30454686,0.33958712,0.3272333,0.34711376
belief,P,word2vec_tiny_base,0.23827302,0.2751385,0.3016843,0.34991807,0.3294566,0.38267106
locksmith,M,word2vec_tiny_base,0.34724775,0.4029013,0.409469,0.45704097,0.4344533,0.4697837
polar,P,word2vec_tiny_base,0.3431059,0.46318737,0.441835,0.5656573,0.48278043,0.5918486
handful,P,word2vec_tiny_base,0.36405262,0.4529844,0.45749405,0.5118307,0.48870277,0.51952374
picky,M,word2vec_tiny_base,0.37996206,0.47514403,0.4488786,0.50720954,0.47264618,0.5110977
sunglasses,M,word2vec_tiny_base,0.3017307,0.3027808,0.4164756,0.52905905,0.4696595,0.59746575
rumble,P,word2vec_tiny_base,0.3745455,0.40950516,0.4629713,0.5114003,0.49432907,0.54705364
obey,P,word2vec_tiny_base,0.3111183,0.43609262,0.41750517,0.51087314,0.4539182,0.51992875
tofu,M,word2vec_tiny_base,0.30104926,0.34260568,0.3458342,0.39807054,0.36454406,0.42099795
stunt,H,word2vec_tiny_base,0.35059714,0.45817894,0.4133992,0.5153202,0.44213238,0.53002095
scream,P,word2vec_tiny_base,0.33302253,0.47576582,0.4539593,0.5766052,0.50137746,0.5910715
coaster,P,word2vec_tiny_base,0.30466905,0.38378882,0.4049981,0.47582325,0.44687492,0.5269869
cash,P,word2vec_tiny_base,0.26255772,0.33183748,0.36057624,0.44848466,0.40088364,0.48560303
mode,H,word2vec_tiny_base,0.28637394,0.3433876,0.37482437,0.45830914,0.40759546,0.49765268
oblige,P,word2vec_tiny_base,0.32651603,0.34681413,0.3723559,0.4019228,0.3908509,0.41665253
swarm,H,word2vec_tiny_base,0.30339083,0.39369634,0.3729876,0.44854692,0.40366796,0.4759124
compete,P,word2vec_tiny_base,0.3501999,0.4269561,0.44008666,0.5044979,0.47114736,0.5251996
footprint,M,word2vec_tiny_base,0.33327693,0.41673195,0.38846546,0.46181035,0.41015366,0.47597924
swell,P,word2vec_tiny_base,0.2754546,0.29712287,0.3474294,0.3998453,0.3795752,0.44628346
motor,P,word2vec_tiny_base,0.2513156,0.3589659,0.38868225,0.5449453,0.44165626,0.58985525
maze,P,word2vec_tiny_base,0.3804199,0.4644164,0.5015936,0.6385683,0.5454794,0.67255604
print,P,word2vec_tiny_base,0.31699234,0.43569782,0.4475152,0.5582775,0.49334535,0.6017233
patio,P,word2vec_tiny_base,0.32622135,0.42210528,0.38293523,0.49531308,0.40715095,0.5114299
oblivious,P,word2vec_tiny_base,0.20988503,0.26638627,0.24884641,0.30093715,0.2628456,0.31421596
stump,P,word2vec_tiny_base,0.2983705,0.38532075,0.38000095,0.4575986,0.40978402,0.47667968
downstairs,P,word2vec_tiny_base,0.42817116,0.53174096,0.5329303,0.6355162,0.56430244,0.60499436
lunchtime,M,word2vec_tiny_base,0.42291006,0.5040719,0.526852,0.6005603,0.558415,0.59646237
bird,P,word2vec_tiny_base,0.33775133,0.42608392,0.43254378,0.56053525,0.47889984,0.60515726
hitch,H,word2vec_tiny_base,0.20848832,0.19910534,0.23829569,0.2254179,0.2518572,0.23576458
unfriendly,P,word2vec_tiny_base,0.2542692,0.32060197,0.30601454,0.37835425,0.32789215,0.4055226
tortoise,P,word2vec_tiny_base,0.30517766,0.37139297,0.37146023,0.4149823,0.39687362,0.43133578
tomb,P,word2vec_tiny_base,0.21654046,0.23196697,0.24905646,0.25743625,0.2606238,0.2641762
scarecrow,P,word2vec_tiny_base,0.40644002,0.4526837,0.49799836,0.59664434,0.53756666,0.65168655
flop,P,word2vec_tiny_base,0.31991747,0.38216498,0.4017019,0.49602845,0.43616426,0.5434633
rooster,M,word2vec_tiny_base,0.30744416,0.3939124,0.40157035,0.49813133,0.45219934,0.5519027
horror,P,word2vec_tiny_base,0.35076004,0.42511883,0.42599243,0.49071464,0.45120117,0.507414
compassion,M,word2vec_tiny_base,0.23101345,0.2728061,0.30482802,0.36496148,0.33413255,0.39195174
confess,P,word2vec_tiny_base,0.15693875,0.16955285,0.18301731,0.19976985,0.19348595,0.21193399
newsstand,M,word2vec_tiny_base,0.2146308,0.24250603,0.2418519,0.2672374,0.25302157,0.28011602
tension,P,word2vec_tiny_base,0.21067289,0.26709485,0.27379978,0.37240553,0.29964623,0.40078607
homesick,M,word2vec_tiny_base,0.23070271,0.24913944,0.2739201,0.2834794,0.2910643,0.29580897
football,P,word2vec_tiny_base,0.28555495,0.41221184,0.43723062,0.58874184,0.4970086,0.645249
poodle,M,word2vec_tiny_base,0.36193722,0.4141491,0.42415676,0.48717406,0.44906574,0.5027476
dangerous,M,word2vec_tiny_base,0.4353455,0.5677244,0.51997423,0.63808966,0.55178994,0.618781
study,P,word2vec_tiny_base,0.3654706,0.51890737,0.4783709,0.60599655,0.5215956,0.6504043
explode,P,word2vec_tiny_base,0.31986374,0.38617405,0.42154244,0.50366867,0.46276954,0.5449584
distinct,P,word2vec_tiny_base,0.22770405,0.24571712,0.26713517,0.28647515,0.28283265,0.29952118
crummy,P,word2vec_tiny_base,0.171958,0.16285887,0.20739503,0.21236128,0.221801,0.22895129
choice,P,word2vec_tiny_base,0.42565662,0.45569518,0.50455034,0.5178788,0.5286061,0.503625
carnival,P,word2vec_tiny_base,0.3397123,0.45300472,0.404307,0.5147944,0.43316796,0.5224859
slop,P,word2vec_tiny_base,0.24474874,0.33935452,0.31537282,0.39593852,0.34712455,0.40477347
secretary,P,word2vec_tiny_base,0.25913718,0.26774415,0.29540786,0.27620116,0.31106222,0.2829758
thump,P,word2vec_tiny_base,0.34713906,0.42842674,0.43517932,0.5078504,0.46841812,0.5301985
vest,P,word2vec_tiny_base,0.1891785,0.28876737,0.3698333,0.52402854,0.4423039,0.603163
fireplace,P,word2vec_tiny_base,0.3746238,0.50443196,0.48084617,0.6256922,0.5287779,0.67735285
measure,P,word2vec_tiny_base,0.35891873,0.5063955,0.49600658,0.6592756,0.54022115,0.6699046
pyramid,P,word2vec_tiny_base,0.34010935,0.42809522,0.40736037,0.49073124,0.4352537,0.51408786
duck,H,word2vec_tiny_base,0.24804716,0.3632477,0.37820736,0.5282085,0.44115844,0.5987715
foot,P,word2vec_tiny_base,0.30683345,0.39394805,0.466247,0.584488,0.5186747,0.63215554
dictionary,P,word2vec_tiny_base,0.26016328,0.35573128,0.41317594,0.55396825,0.4752629,0.61592704
disguise,P,word2vec_tiny_base,0.43720937,0.4836882,0.49782994,0.51875407,0.5247044,0.5407238
mosquito,M,word2vec_tiny_base,0.3090923,0.38046214,0.446602,0.5536526,0.5000527,0.6116193
butter,P,word2vec_tiny_base,0.22300549,0.31149682,0.3309827,0.44106054,0.37809902,0.46805206
horizon,P,word2vec_tiny_base,0.34685552,0.39265144,0.40103993,0.47460133,0.42681187,0.49260068
blaze,H,word2vec_tiny_base,0.36104178,0.4430853,0.42566323,0.5146602,0.44995216,0.5342692
student,P,word2vec_tiny_base,0.30403525,0.42341247,0.38248062,0.4778847,0.41341263,0.4897939
build,P,word2vec_tiny_base,0.35616714,0.50299,0.47765312,0.63156486,0.53179824,0.6638361
incident,P,word2vec_tiny_base,0.29220477,0.32033622,0.3431996,0.3800815,0.3651364,0.39595494
aside,P,word2vec_tiny_base,0.46142817,0.5555955,0.5229622,0.59069973,0.54681456,0.60169804
unlikely,P,word2vec_tiny_base,0.27896565,0.32104287,0.34866756,0.38677472,0.38229394,0.40719154
picnic,P,word2vec_tiny_base,0.37149918,0.48554856,0.49263328,0.6074474,0.5363258,0.6255872
pasture,P,word2vec_tiny_base,0.29590717,0.38834685,0.38798097,0.47673965,0.42545387,0.52354604
group,P,word2vec_tiny_base,0.42124328,0.56433743,0.5095742,0.6199062,0.53845245,0.6259206
precious,P,word2vec_tiny_base,0.37933248,0.39603406,0.44603527,0.4761333,0.46748027,0.49334058
portal,P,word2vec_tiny_base,0.25837284,0.32921508,0.3529155,0.43796808,0.38446608,0.46468312
outdoors,P,word2vec_tiny_base,0.3530733,0.48376918,0.44572583,0.5237738,0.47921616,0.4904314
toil,H,word2vec_tiny_base,0.29687294,0.2927104,0.33707443,0.36473775,0.35372284,0.37532598
monitor,P,word2vec_tiny_base,0.299096,0.38590676,0.35599753,0.45201847,0.37800846,0.4740413
dilemma,P,word2vec_tiny_base,0.2680776,0.32549492,0.31313673,0.37934357,0.33389395,0.4036731
gadget,M,word2vec_tiny_base,0.32108968,0.4230716,0.3795959,0.48207676,0.40341026,0.5055603
sample,P,word2vec_tiny_base,0.23779535,0.25900918,0.2930423,0.33002454,0.3211977,0.37078458
donation,P,word2vec_tiny_base,0.28863743,0.34785476,0.36504707,0.43558773,0.39476952,0.4697765
staple,H,word2vec_tiny_base,0.23832615,0.30121613,0.28922305,0.36490694,0.31547937,0.38928792
drain,P,word2vec_tiny_base,0.32624477,0.4520423,0.4529351,0.60745,0.50502807,0.66071594
generator,P,word2vec_tiny_base,0.26405886,0.34801224,0.33159092,0.43985873,0.3636791,0.4730542
success,P,word2vec_tiny_base,0.3390263,0.36824477,0.40761325,0.430324,0.43551332,0.45407853
witness,P,word2vec_tiny_base,0.27824882,0.33274353,0.33214864,0.40523663,0.35931993,0.43135366
thumb,P,word2vec_tiny_base,0.3333249,0.4391523,0.44676724,0.59734124,0.4906303,0.6353176
velvet,P,word2vec_tiny_base,0.34210235,0.46375138,0.45152768,0.6122049,0.49449605,0.6468207
stingy,P,word2vec_tiny_base,0.35201064,0.4382884,0.41310745,0.48670414,0.4412423,0.50335246
parade,P,word2vec_tiny_base,0.305389,0.41444054,0.43535748,0.5961036,0.4860513,0.6538213
necklace,M,word2vec_tiny_base,0.26560828,0.37612543,0.3937863,0.5468111,0.4517121,0.59935296
doghouse,M,word2vec_tiny_base,0.36077088,0.4101843,0.42341542,0.46160245,0.44825715,0.4855434
arise,P,word2vec_tiny_base,0.18297282,0.18603899,0.22001384,0.24028984,0.24214908,0.2734889
hairdo,M,word2vec_tiny_base,0.2883254,0.3281833,0.34575355,0.36073342,0.36637264,0.3787746
cook,P,word2vec_tiny_base,0.3060762,0.41445756,0.4352309,0.54091704,0.48384902,0.5721037
carpet,P,word2vec_tiny_base,0.3220492,0.4197129,0.4504533,0.58614653,0.50053996,0.64594775
highlight,P,word2vec_tiny_base,0.2870932,0.30995446,0.32749137,0.35629946,0.34707618,0.37904555
grizzly,P,word2vec_tiny_base,0.30373764,0.3625332,0.36909837,0.4385627,0.3959014,0.45446327
blank,P,word2vec_tiny_base,0.32752973,0.36203453,0.4213287,0.51002914,0.4629078,0.56429875
dopey,P,word2vec_tiny_base,0.25862885,0.2491537,0.29277968,0.27127716,0.30705383,0.2772362
shaker,P,word2vec_tiny_base,0.34601405,0.376736,0.4358578,0.4705006,0.47461006,0.5111039
phrase,P,word2vec_tiny_base,0.35756335,0.41928017,0.4205776,0.47082245,0.44430363,0.48398867
perfection,P,word2vec_tiny_base,0.2649007,0.2811458,0.3239949,0.36841625,0.35029373,0.40643921
shatter,P,word2vec_tiny_base,0.28209704,0.36037675,0.37260616,0.46270713,0.4063172,0.49741954
quarrel,P,word2vec_tiny_base,0.35405996,0.49617136,0.52917707,0.6533587,0.57662827,0.631818
dummy,P,word2vec_tiny_base,0.17900646,0.17565925,0.20768212,0.20779009,0.21984062,0.22062156
bridge,H,word2vec_tiny_base,0.33821106,0.4410485,0.4666695,0.62126166,0.51433325,0.66645
grind,P,word2vec_tiny_base,0.3060311,0.37634444,0.39874035,0.46188325,0.43249986,0.49788955
puzzle,P,word2vec_tiny_base,0.38828367,0.5108187,0.47570416,0.5881458,0.5137168,0.6224327
skunk,P,word2vec_tiny_base,0.39549667,0.50675744,0.47966656,0.5906022,0.5105185,0.5926252
compliment,P,word2vec_tiny_base,0.38693693,0.4202381,0.44423184,0.44154352,0.46483067,0.45438412
hoot,P,word2vec_tiny_base,0.30376625,0.35682884,0.44104397,0.5036984,0.49229944,0.570733
pilot,P,word2vec_tiny_base,0.33858475,0.42989904,0.46614853,0.6319659,0.5175059,0.6720453
harsh,P,word2vec_tiny_base,0.41864553,0.5096744,0.52334,0.63317704,0.5615857,0.62969446
simple,P,word2vec_tiny_base,0.38555977,0.35627395,0.4428107,0.41317353,0.46187574,0.41914746
gel,P,word2vec_tiny_base,0.27587533,0.3765268,0.34315994,0.45869404,0.3790915,0.493201
belly,P,word2vec_tiny_base,0.3832886,0.5012841,0.4835698,0.543528,0.52003455,0.5667313
traffic,P,word2vec_tiny_base,0.36241683,0.4378065,0.45462754,0.5510321,0.49489555,0.59806097
rash,H,word2vec_tiny_base,0.25543618,0.3380668,0.3477829,0.44828925,0.3932058,0.49601972
cross,P,word2vec_tiny_base,0.39016452,0.5035172,0.4975096,0.63563377,0.5386325,0.6818748
style,P,word2vec_tiny_base,0.35494798,0.3967194,0.45237175,0.5613351,0.49443406,0.6248316
pad,H,word2vec_tiny_base,0.4770263,0.51487213,0.57098657,0.62538755,0.602206,0.65635246
oatmeal,P,word2vec_tiny_base,0.22346684,0.28645542,0.29060432,0.3478271,0.3246419,0.38779396
delight,P,word2vec_tiny_base,0.25023443,0.34596345,0.37095183,0.46181425,0.4056669,0.47568744
trapeze,M,word2vec_tiny_base,0.29791215,0.38710293,0.36254936,0.44261163,0.38511223,0.45574844
solemn,P,word2vec_tiny_base,0.20644943,0.25450644,0.2469344,0.3089604,0.2632212,0.33827674
stomach,P,word2vec_tiny_base,0.34494704,0.43249667,0.47231767,0.55181015,0.51959443,0.5780011
feeble,P,word2vec_tiny_base,0.20021124,0.21698087,0.22904783,0.24484459,0.24045844,0.2547627
diaper,P,word2vec_tiny_base,0.3836635,0.44554684,0.45465797,0.5085081,0.48247,0.5543676
expertise,M,word2vec_tiny_base,0.1950967,0.23874596,0.23443516,0.2954859,0.25070876,0.31232762
army,P,word2vec_tiny_base,0.34567577,0.41551566,0.42942825,0.5134808,0.4680166,0.5546324
roadside,P,word2vec_tiny_base,0.29003373,0.32606235,0.33991525,0.3988648,0.36142027,0.42688668
tribe,P,word2vec_tiny_base,0.29187745,0.3445094,0.34359005,0.39582255,0.36794877,0.41799864
opinion,P,word2vec_tiny_base,0.45637733,0.6060486,0.54787004,0.6449608,0.5793596,0.6425955
float,P,word2vec_tiny_base,0.3887209,0.51893884,0.50103474,0.6376869,0.544036,0.67368495
challenge,P,word2vec_tiny_base,0.29238686,0.38131446,0.37061706,0.4540449,0.40085602,0.473277
lonely,P,word2vec_tiny_base,0.35285354,0.42301002,0.49634865,0.62222624,0.55059695,0.6597696
bliss,P,word2vec_tiny_base,0.26814932,0.31488907,0.3135885,0.34808612,0.33500376,0.36863
sauce,P,word2vec_tiny_base,0.21179509,0.30443904,0.32199684,0.4422495,0.37178054,0.48361158
contagious,P,word2vec_tiny_base,0.2810257,0.31660542,0.34442043,0.38895333,0.3714194,0.41822445
inventor,M,word2vec_tiny_base,0.28880098,0.3606414,0.34970683,0.4171372,0.37391168,0.4456995
tradition,P,word2vec_tiny_base,0.30404812,0.33887082,0.37632257,0.3968813,0.40636498,0.43493804
cheap,P,word2vec_tiny_base,0.36097154,0.5041842,0.48105392,0.6359146,0.52899784,0.649728
fantastic,P,word2vec_tiny_base,0.32931525,0.43686303,0.41854748,0.48171973,0.4445182,0.49186718
delicious,P,word2vec_tiny_base,0.26447928,0.35192597,0.3445027,0.3907034,0.37737304,0.43676376
frail,H,word2vec_tiny_base,0.29603577,0.3232727,0.34185898,0.3873773,0.36227694,0.4135374
funnel,P,word2vec_tiny_base,0.27862734,0.38543814,0.35019878,0.48162475,0.38317525,0.5153591
immense,P,word2vec_tiny_base,0.21845178,0.27325183,0.28241098,0.3573786,0.31069624,0.393371
hedge,P,word2vec_tiny_base,0.34589133,0.48686248,0.442615,0.6026454,0.49313086,0.6585961
uncertain,P,word2vec_tiny_base,0.27066082,0.34076118,0.33998364,0.42181596,0.36479825,0.43847618
temptation,P,word2vec_tiny_base,0.33832866,0.4178625,0.4031431,0.47346416,0.42945695,0.47976607
jail,P,word2vec_tiny_base,0.41723958,0.5178441,0.5073533,0.6413802,0.5490473,0.68076235
spectacle,P,word2vec_tiny_base,0.2582878,0.27741656,0.29806146,0.33703002,0.31336477,0.35180953
depend,P,word2vec_tiny_base,0.43916565,0.4615116,0.5371106,0.4785211,0.5615776,0.47656494
diner,P,word2vec_tiny_base,0.28821808,0.38998902,0.36101586,0.44988868,0.38684767,0.46343252
composer,M,word2vec_tiny_base,0.2420054,0.26434743,0.28122035,0.3034501,0.29675114,0.31624034
space,P,word2vec_tiny_base,0.41294724,0.47588903,0.51071435,0.62336814,0.54869664,0.6653652
hip,H,word2vec_tiny_base,0.33372146,0.44823617,0.3859474,0.49879545,0.4081978,0.48966807
fix,P,word2vec_tiny_base,0.33837608,0.495054,0.48095253,0.62464845,0.5308495,0.62894243
persist,P,word2vec_tiny_base,0.1831981,0.19638947,0.23157439,0.23838198,0.25280535,0.2579074
postal,P,word2vec_tiny_base,0.29736036,0.34968024,0.37937844,0.44366598,0.4104499,0.47625387
outrun,P,word2vec_tiny_base,0.3114192,0.33737922,0.37909603,0.39902812,0.4059827,0.43549535
serve,P,word2vec_tiny_base,0.3512107,0.47935745,0.49092373,0.6590586,0.5387371,0.6825326
range,P,word2vec_tiny_base,0.354589,0.44237652,0.4149456,0.5055783,0.44066522,0.5281756
foolish,P,word2vec_tiny_base,0.3020782,0.41199416,0.45198068,0.60241365,0.50455046,0.6221411
dresser,H,word2vec_tiny_base,0.35972068,0.48889047,0.4619476,0.61292684,0.50091815,0.6472947
vandalism,M,word2vec_tiny_base,0.1976815,0.20631339,0.24063104,0.24416123,0.25921372,0.25126082
explosive,P,word2vec_tiny_base,0.26580033,0.3387899,0.31683314,0.38769034,0.33964562,0.39779663
client,P,word2vec_tiny_base,0.29809028,0.360485,0.36341873,0.42784175,0.39097306,0.4531
thrive,P,word2vec_tiny_base,0.24339838,0.33384544,0.32978994,0.44282648,0.36077216,0.45646074
blah,P,word2vec_tiny_base,0.23337515,0.31610194,0.29869118,0.39777392,0.3345343,0.44299522
compromise,P,word2vec_tiny_base,0.365296,0.4272977,0.43925065,0.47763336,0.46872967,0.49906182
cucumber,P,word2vec_tiny_base,0.2667546,0.31980821,0.36206138,0.41631767,0.40287322,0.4565156
illness,P,word2vec_tiny_base,0.22799706,0.30544627,0.31107953,0.38799545,0.3427553,0.40860364
calcium,P,word2vec_tiny_base,0.2355377,0.3002256,0.30355063,0.35823807,0.33212072,0.40654898
iceberg,P,word2vec_tiny_base,0.2953325,0.3457474,0.35914186,0.42984512,0.38864273,0.46173814
arm,H,word2vec_tiny_base,0.2868539,0.37800452,0.41353366,0.529078,0.4613604,0.5749669
vanishing,P,word2vec_tiny_base,0.3787427,0.45988983,0.45188537,0.49480546,0.47640252,0.51772785
faucet,M,word2vec_tiny_base,0.316675,0.43609208,0.44900993,0.59694934,0.5024631,0.64593005
shudder,P,word2vec_tiny_base,0.20547538,0.26068196,0.2502905,0.32986543,0.27135396,0.348046
arcade,P,word2vec_tiny_base,0.24001762,0.228658,0.2748902,0.25663573,0.28995728,0.2646404
mission,P,word2vec_tiny_base,0.35175362,0.43064225,0.43224448,0.4946708,0.4581593,0.5084887
uneasy,P,word2vec_tiny_base,0.26751822,0.31478772,0.3421128,0.4074963,0.37549824,0.44040978
anxiety,P,word2vec_tiny_base,0.21491078,0.27684373,0.2961454,0.37099844,0.32700837,0.39961684
savior,P,word2vec_tiny_base,0.17404713,0.1944873,0.20114525,0.22176318,0.21361496,0.23268077
muddy,P,word2vec_tiny_base,0.35551202,0.4720624,0.4971202,0.6145215,0.5427608,0.633325
thunder,P,word2vec_tiny_base,0.3024916,0.4072828,0.41339797,0.5143715,0.4634845,0.5493357
pose,H,word2vec_tiny_base,0.406955,0.45034263,0.49906257,0.5353477,0.5286091,0.5577418
bounce,P,word2vec_tiny_base,0.32890302,0.4760197,0.4814845,0.6525499,0.5340634,0.6859393
total,P,word2vec_tiny_base,0.34495777,0.35389453,0.42820844,0.4817612,0.46373814,0.5318408
lesson,P,word2vec_tiny_base,0.41490054,0.3917862,0.47849342,0.4236305,0.5020292,0.42507118
judge,P,word2vec_tiny_base,0.4271501,0.5337966,0.5178839,0.5797714,0.5462463,0.5761531
female,P,word2vec_tiny_base,0.33139482,0.42837632,0.41053954,0.506835,0.4396751,0.5256039
scrapbook,M,word2vec_tiny_base,0.25916684,0.3006564,0.31089604,0.3587606,0.3317251,0.3712843
pistol,P,word2vec_tiny_base,0.25729007,0.3489054,0.40180057,0.5682968,0.458413,0.62350535
hamster,M,word2vec_tiny_base,0.39460796,0.47657645,0.46506962,0.5342807,0.49439278,0.54591876
dissolve,P,word2vec_tiny_base,0.2357094,0.30565113,0.29423487,0.3807673,0.32659963,0.43138883
chick,P,word2vec_tiny_base,0.26585528,0.3348261,0.37935102,0.5163076,0.44267493,0.58964556
squash,H,word2vec_tiny_base,0.19959883,0.2884007,0.35692728,0.48486835,0.42991662,0.5691986
amusement,P,word2vec_tiny_base,0.3483798,0.42688328,0.3985819,0.4450624,0.42001647,0.46243486
gazelle,M,word2vec_tiny_base,0.268953,0.29947102,0.3278305,0.4075147,0.35444573,0.4385961
pile,H,word2vec_tiny_base,0.3935348,0.53428346,0.49459213,0.6222973,0.53423536,0.6593927
loser,P,word2vec_tiny_base,0.3386005,0.39753366,0.43697372,0.47247446,0.46750176,0.48136163
boast,P,word2vec_tiny_base,0.26881438,0.28313142,0.34449777,0.36185357,0.3752302,0.38533935
clasp,P,word2vec_tiny_base,0.27963004,0.40258887,0.35356626,0.48021406,0.38820335,0.51433164
permission,P,word2vec_tiny_base,0.39859214,0.5002541,0.4819644,0.5272534,0.50881296,0.52633053
lover,P,word2vec_tiny_base,0.341539,0.37279814,0.38736647,0.41141137,0.40678424,0.41820067
starter,P,word2vec_tiny_base,0.3264138,0.32179257,0.3861124,0.38377494,0.4122037,0.41896564
pro,H,word2vec_tiny_base,0.36642817,0.39310864,0.46340844,0.49784237,0.49539277,0.51819336
sleeper,P,word2vec_tiny_base,0.26603875,0.24924469,0.30610508,0.2734826,0.32260612,0.27647617
poverty,P,word2vec_tiny_base,0.19814833,0.21698675,0.23850271,0.25363454,0.25778776,0.27731532
random,P,word2vec_tiny_base,0.31548506,0.36804512,0.38123417,0.45941114,0.4103057,0.495363
chorus,P,word2vec_tiny_base,0.2782251,0.34648895,0.36878234,0.4628481,0.40646493,0.50819266
indoor,M,word2vec_tiny_base,0.3470796,0.3809336,0.4225461,0.4609231,0.44985542,0.47248456
projector,M,word2vec_tiny_base,0.35051465,0.44956887,0.41884625,0.538858,0.44817254,0.5491958
staff,H,word2vec_tiny_base,0.35906526,0.43200764,0.47500062,0.6190566,0.5164697,0.6553094
unattended,M,word2vec_tiny_base,0.30591518,0.29448077,0.36680585,0.34476814,0.3920392,0.3522665
torch,P,word2vec_tiny_base,0.3440916,0.42451903,0.4134362,0.46123832,0.43906358,0.4872627
smug,M,word2vec_tiny_base,0.36246926,0.41425335,0.41310647,0.472208,0.43685862,0.4961284
official,P,word2vec_tiny_base,0.2648867,0.3319377,0.32535815,0.41085854,0.35348877,0.44220316
gown,P,word2vec_tiny_base,0.30181324,0.32299432,0.38951683,0.45582065,0.4319995,0.51782066
plunge,P,word2vec_tiny_base,0.33697355,0.39504552,0.40689167,0.45735434,0.43588787,0.48546576
coach,P,word2vec_tiny_base,0.39970142,0.480578,0.4847225,0.5310007,0.5145342,0.5371665
rude,P,word2vec_tiny_base,0.31499988,0.45282286,0.44759378,0.60753596,0.50181615,0.623918
church,P,word2vec_tiny_base,0.31124377,0.40852997,0.4363557,0.593319,0.4924135,0.661799
assignment,P,word2vec_tiny_base,0.2407896,0.31273857,0.29676753,0.38656616,0.3222197,0.4140904
ominous,P,word2vec_tiny_base,0.21156645,0.29642764,0.2747087,0.37255898,0.30628937,0.4058042
rock,H,word2vec_tiny_base,0.3401198,0.4314414,0.4570362,0.6028143,0.50299287,0.65316325
strawberry,P,word2vec_tiny_base,0.2354872,0.3093797,0.34929475,0.46259713,0.40341267,0.5098021
attendant,P,word2vec_tiny_base,0.31197098,0.3984041,0.37661865,0.41719115,0.4007846,0.4308814
invitation,P,word2vec_tiny_base,0.38118598,0.49452642,0.49880454,0.6287041,0.5438657,0.6577479
gossip,P,word2vec_tiny_base,0.19965868,0.19652884,0.22895221,0.21215904,0.24410637,0.23231496
gloss,H,word2vec_tiny_base,0.30265638,0.39193305,0.37357762,0.46978593,0.4013472,0.4827883
rot,P,word2vec_tiny_base,0.39411902,0.5208394,0.5143541,0.644231,0.5543829,0.6426629
possess,P,word2vec_tiny_base,0.1882521,0.2164392,0.22165823,0.259488,0.24306536,0.2949123
lottery,P,word2vec_tiny_base,0.2948193,0.33898717,0.3607088,0.4299389,0.38841975,0.45571938
invaluable,M,word2vec_tiny_base,0.14000243,0.14608061,0.178045,0.20730518,0.19706436,0.22969288
jiffy,M,word2vec_tiny_base,0.29349977,0.3751751,0.34400508,0.4060425,0.3634655,0.42405435
hermit,P,word2vec_tiny_base,0.30898395,0.38021606,0.38749802,0.46376202,0.42758903,0.513343
token,P,word2vec_tiny_base,0.277865,0.33209458,0.3446737,0.41336212,0.3730811,0.43608946
telephone,P,word2vec_tiny_base,0.32752517,0.43244168,0.43548557,0.55996424,0.48957485,0.6286873
complain,P,word2vec_tiny_base,0.3835554,0.52790505,0.517767,0.677367,0.5569716,0.68580234
atop,P,word2vec_tiny_base,0.33292222,0.4052845,0.4212901,0.4921209,0.45552713,0.5079613
orphan,P,word2vec_tiny_base,0.24882355,0.2767889,0.2882651,0.29577342,0.30395374,0.3113804
harp,P,word2vec_tiny_base,0.32309666,0.37904632,0.39078674,0.46000195,0.42080337,0.49511105
folly,P,word2vec_tiny_base,0.32917076,0.38889122,0.4067846,0.48603526,0.44544312,0.53400064
joke,P,word2vec_tiny_base,0.4087329,0.5500455,0.5133826,0.64569104,0.547377,0.63799083
bald,P,word2vec_tiny_base,0.3290407,0.44013205,0.47138068,0.6237476,0.5178864,0.65138686
fuzzy,P,word2vec_tiny_base,0.33977047,0.44660768,0.42196953,0.54337585,0.45640594,0.56970537
sword,P,word2vec_tiny_base,0.280605,0.42949352,0.40368748,0.56386894,0.45385092,0.61664385
paperwork,M,word2vec_tiny_base,0.27951723,0.36735475,0.32770863,0.40253952,0.34948403,0.42200044
library,P,word2vec_tiny_base,0.32359293,0.47314927,0.43141177,0.59842235,0.47973892,0.6311782
third,P,word2vec_tiny_base,0.46634817,0.5393698,0.56413996,0.62955576,0.59631085,0.6472789
nightfall,M,word2vec_tiny_base,0.33083758,0.3932037,0.40908268,0.46769574,0.4349639,0.48481992
sprinkle,P,word2vec_tiny_base,0.34798938,0.3567983,0.41769686,0.4565243,0.4486512,0.48428813
unfamiliar,P,word2vec_tiny_base,0.32250667,0.3761369,0.3958243,0.45543754,0.42531425,0.48291132
ferret,P,word2vec_tiny_base,0.29028264,0.3258878,0.34183165,0.39878336,0.3622397,0.41314727
complaint,P,word2vec_tiny_base,0.26612887,0.32635924,0.3113879,0.37308112,0.3300736,0.39360684
inch,P,word2vec_tiny_base,0.44823655,0.515652,0.53667146,0.6240627,0.5680143,0.6705456
banker,H,word2vec_tiny_base,0.18711114,0.19841404,0.21302909,0.2181637,0.2240895,0.2303677
convince,M,word2vec_tiny_base,0.3020724,0.34676582,0.4014551,0.45978546,0.44288513,0.48956764
peasant,P,word2vec_tiny_base,0.2801841,0.3496937,0.33492374,0.41383383,0.35779262,0.4331394
fiery,P,word2vec_tiny_base,0.35124993,0.38711232,0.42410457,0.45188004,0.45497224,0.49180454
entire,P,word2vec_tiny_base,0.38549626,0.45965186,0.45037228,0.49093506,0.4737313,0.5126794
file,H,word2vec_tiny_base,0.28003237,0.3513798,0.3956469,0.54651946,0.44886371,0.6102851
admiration,P,word2vec_tiny_base,0.29861066,0.38473037,0.3719958,0.4456224,0.40256265,0.467673
awake,P,word2vec_tiny_base,0.41249508,0.44773337,0.49923953,0.54310733,0.53129464,0.5559902
toast,H,word2vec_tiny_base,0.22664163,0.28085494,0.3453662,0.438813,0.40140802,0.4735
reaction,P,word2vec_tiny_base,0.36199465,0.42293605,0.4203162,0.47170705,0.44259208,0.47609565
quest,P,word2vec_tiny_base,0.3312503,0.42441514,0.4357537,0.50519365,0.46946537,0.51447654
yogurt,M,word2vec_tiny_base,0.23538609,0.3254408,0.3291295,0.44651127,0.38124672,0.4950249
common,P,word2vec_tiny_base,0.45008278,0.41889983,0.5279778,0.4983147,0.5534287,0.53692746
fluff,P,word2vec_tiny_base,0.3662411,0.45504883,0.46595353,0.5969301,0.5016712,0.61810625
rich,P,word2vec_tiny_base,0.33774406,0.47232994,0.47162575,0.6178082,0.5171544,0.62884617
aroma,P,word2vec_tiny_base,0.27948225,0.30926096,0.35672805,0.37376142,0.3922352,0.39689305
model,P,word2vec_tiny_base,0.38668057,0.49352363,0.4789888,0.60348797,0.5180354,0.638875
social,P,word2vec_tiny_base,0.2661542,0.3006418,0.315996,0.3400353,0.33731973,0.35564274
unsolved,M,word2vec_tiny_base,0.2953828,0.34687883,0.35770896,0.40700626,0.38242763,0.42672807
pregnant,P,word2vec_tiny_base,0.23092563,0.21408802,0.25414643,0.25057843,0.26510575,0.253884
disturb,P,word2vec_tiny_base,0.3755716,0.49952972,0.5100868,0.6334153,0.55738544,0.65251034
peel,H,word2vec_tiny_base,0.4067688,0.41467285,0.495378,0.48833174,0.5284041,0.5485028
puff,P,word2vec_tiny_base,0.41171393,0.43225837,0.48324856,0.5111755,0.5115155,0.5365967
heartache,M,word2vec_tiny_base,0.18629724,0.23461814,0.22782753,0.28890255,0.24772324,0.3014194
brain,P,word2vec_tiny_base,0.40890542,0.56499434,0.5122013,0.66113585,0.5457998,0.6653548
cigarette,M,word2vec_tiny_base,0.31839922,0.41921434,0.4122395,0.52052164,0.44576794,0.54899764
grief,P,word2vec_tiny_base,0.21731326,0.27290565,0.27880818,0.33832353,0.30811465,0.3741869
bungalow,M,word2vec_tiny_base,0.22367688,0.20602177,0.25157535,0.22837988,0.26431203,0.23895118
union,P,word2vec_tiny_base,0.2348928,0.30053067,0.28195277,0.33334544,0.30027175,0.3398606
bathe,P,word2vec_tiny_base,0.35583,0.48206207,0.48905084,0.5985219,0.53395206,0.6204279
bribe,P,word2vec_tiny_base,0.19398919,0.19542488,0.2219516,0.21600556,0.23405464,0.22528458
uncharted,M,word2vec_tiny_base,0.24565487,0.3162287,0.30926394,0.4154566,0.33538604,0.44060957
avoid,P,word2vec_tiny_base,0.39657727,0.47422394,0.48063043,0.5428062,0.5100117,0.54593235
sweetie,M,word2vec_tiny_base,0.3722545,0.4475092,0.4762757,0.4769127,0.50366837,0.46876612
greed,M,word2vec_tiny_base,0.21866865,0.26036212,0.29738864,0.3489729,0.32742292,0.37167978
short,P,word2vec_tiny_base,0.46034765,0.5121914,0.5459828,0.61367685,0.57843834,0.63613987
trailer,P,word2vec_tiny_base,0.37160787,0.4575608,0.46162254,0.5679158,0.49797595,0.60530007
negative,P,word2vec_tiny_base,0.18902178,0.25373924,0.24715787,0.31887528,0.27471983,0.34661046
sonar,P,word2vec_tiny_base,0.20870118,0.20573741,0.24397066,0.2627528,0.25939667,0.26752663
bicycle,P,word2vec_tiny_base,0.23446758,0.34037805,0.4028617,0.56026447,0.46942905,0.62483007
circular,P,word2vec_tiny_base,0.289106,0.37498906,0.3439643,0.44464484,0.36933875,0.47768745
criminal,P,word2vec_tiny_base,0.22667332,0.28868568,0.29095626,0.36385483,0.3182851,0.39817154
creature,P,word2vec_tiny_base,0.311498,0.38498822,0.37451378,0.43827802,0.3984575,0.45424542
farmhouse,M,word2vec_tiny_base,0.31300396,0.40166655,0.37865254,0.44172496,0.40417325,0.45975724
heaven,P,word2vec_tiny_base,0.4667643,0.525025,0.5220042,0.46212623,0.5398451,0.44849154
persistent,P,word2vec_tiny_base,0.39152354,0.4576637,0.5013922,0.6150217,0.54968035,0.6499557
chap,H,word2vec_tiny_base,0.24281044,0.30644324,0.28312454,0.34379193,0.29938233,0.35769215
avocado,P,word2vec_tiny_base,0.2122112,0.2730513,0.35056716,0.4569062,0.41997665,0.5314267
sneak,P,word2vec_tiny_base,0.44341296,0.5672415,0.56829214,0.66092277,0.60173976,0.66266423
organ,P,word2vec_tiny_base,0.32071495,0.40199775,0.38352802,0.4954726,0.41010308,0.53333247
urgency,P,word2vec_tiny_base,0.1706393,0.20941906,0.19372764,0.23560683,0.20504421,0.24968967
playmate,M,word2vec_tiny_base,0.40971628,0.4212096,0.47158855,0.4512666,0.4915334,0.44032246
voice,P,word2vec_tiny_base,0.33460814,0.37582815,0.43668747,0.4731827,0.47386363,0.5025511
jumpy,P,word2vec_tiny_base,0.27316397,0.29776502,0.37119904,0.44723985,0.41640565,0.49784628
memory,P,word2vec_tiny_base,0.3910316,0.4159551,0.4511409,0.42057207,0.47063538,0.42034516
lumber,H,word2vec_tiny_base,0.32571182,0.4703558,0.44199666,0.6117493,0.487622,0.65487933
gunshot,P,word2vec_tiny_base,0.20721373,0.25758076,0.27577677,0.35825816,0.30891237,0.40093327
famous,P,word2vec_tiny_base,0.29590955,0.3637597,0.43594813,0.5649474,0.5021518,0.6449251
dialogue,P,word2vec_tiny_base,0.24874444,0.32054368,0.31017077,0.3618951,0.34013283,0.38608578
speck,P,word2vec_tiny_base,0.31847095,0.36712402,0.3856298,0.44404718,0.41320783,0.46814638
pickle,P,word2vec_tiny_base,0.2663358,0.26230222,0.32410085,0.336099,0.3513912,0.37384322
unhappy,P,word2vec_tiny_base,0.3944882,0.47392285,0.49962857,0.6143579,0.53798765,0.6245866
lid,P,word2vec_tiny_base,0.37688202,0.48974594,0.46188328,0.5972394,0.50272024,0.6426085
tropical,P,word2vec_tiny_base,0.32026833,0.3803254,0.38750893,0.46362963,0.41554755,0.49223632
loyal,M,word2vec_tiny_base,0.31672457,0.352785,0.46564734,0.581564,0.5119141,0.587702
comfy,M,word2vec_tiny_base,0.33181548,0.43989372,0.4629591,0.5925274,0.51215327,0.6276905
balcony,P,word2vec_tiny_base,0.37910208,0.4928587,0.467024,0.5766261,0.49817538,0.5789331
canvas,P,word2vec_tiny_base,0.28092232,0.35975724,0.38567856,0.48146054,0.42953536,0.53079474
bearer,P,word2vec_tiny_base,0.3114451,0.32124,0.36003512,0.33191928,0.37702942,0.3293444
baseball,P,word2vec_tiny_base,0.28467435,0.4066948,0.4363835,0.5818783,0.4953476,0.6452025
growth,P,word2vec_tiny_base,0.269387,0.27821746,0.31972206,0.33476368,0.35094684,0.3676937
putter,H,word2vec_tiny_base,0.2897252,0.3413236,0.3695722,0.45296988,0.40269473,0.4809749
thirst,P,word2vec_tiny_base,0.32358485,0.3697952,0.41124913,0.460484,0.44197303,0.4834535
instant,P,word2vec_tiny_base,0.34980255,0.3941804,0.4021281,0.43944687,0.42594513,0.45332232
esteem,P,word2vec_tiny_base,0.20207056,0.18689615,0.2276063,0.21240127,0.23838058,0.2251644
crown,P,word2vec_tiny_base,0.31391594,0.44246688,0.43210298,0.5704264,0.48959798,0.6342899
gold,P,word2vec_tiny_base,0.27919286,0.36693823,0.4412998,0.58224434,0.501775,0.6299729
insurance,P,word2vec_tiny_base,0.2563949,0.26096618,0.29479495,0.29855075,0.3102539,0.3021474
merchant,P,word2vec_tiny_base,0.26318428,0.33753175,0.32081166,0.4014031,0.34340203,0.42423618
cavern,P,word2vec_tiny_base,0.24207039,0.32829624,0.30010587,0.3754876,0.32083565,0.39222318
riddle,H,word2vec_tiny_base,0.35844985,0.43595272,0.4299028,0.49981475,0.45884076,0.52006227
structure,P,word2vec_tiny_base,0.3038,0.44854465,0.41857994,0.5957319,0.47686633,0.65597713
double,P,word2vec_tiny_base,0.38974684,0.40580726,0.4422534,0.45035508,0.4614434,0.46439078
copy,P,word2vec_tiny_base,0.38070792,0.43222317,0.47836727,0.55592537,0.5095992,0.58470774
error,P,word2vec_tiny_base,0.28096312,0.34824124,0.35290328,0.46437877,0.3826737,0.5014002
crab,H,word2vec_tiny_base,0.2163445,0.26754308,0.35581872,0.45792818,0.4268408,0.5485893
rental,P,word2vec_tiny_base,0.23979418,0.2986445,0.29023358,0.3511287,0.30872607,0.3578814
ghost,P,word2vec_tiny_base,0.391455,0.5307214,0.5003101,0.65043074,0.53677344,0.6548154
filter,P,word2vec_tiny_base,0.27107745,0.32668567,0.33709648,0.42819828,0.36861646,0.46867007
gasp,P,word2vec_tiny_base,0.41883907,0.51277405,0.48612154,0.5821222,0.51402825,0.5949024
festive,P,word2vec_tiny_base,0.37232092,0.4116731,0.44072652,0.5046411,0.4748472,0.53581387
faithful,P,word2vec_tiny_base,0.28198883,0.3602602,0.34236363,0.40037647,0.36809018,0.4233777
upper,P,word2vec_tiny_base,0.29523033,0.38110873,0.3482629,0.44213554,0.37298787,0.47020411
slip,H,word2vec_tiny_base,0.38331383,0.53153485,0.5109902,0.66418517,0.5537982,0.67464894
milk,P,word2vec_tiny_base,0.29189986,0.3550682,0.3959594,0.46539482,0.44095895,0.485648
album,P,word2vec_tiny_base,0.34214902,0.42560115,0.43667194,0.5344545,0.4753424,0.5607982
criticize,P,word2vec_tiny_base,0.16011,0.17166199,0.2031785,0.20877546,0.22189274,0.22900839
tingle,P,word2vec_tiny_base,0.28145838,0.3703117,0.3721519,0.4611285,0.40676758,0.49753574
cheese,P,word2vec_tiny_base,0.24815507,0.2992803,0.35666075,0.43921855,0.41058373,0.49375558
vampire,P,word2vec_tiny_base,0.33590513,0.404327,0.38822472,0.45059982,0.40936604,0.45940372
gymnastics,P,word2vec_tiny_base,0.25146785,0.3179373,0.31167516,0.3924819,0.33876935,0.41108185
autumn,M,word2vec_tiny_base,0.33215487,0.42482522,0.4278994,0.51205957,0.46491283,0.5509456
noisy,P,word2vec_tiny_base,0.41276902,0.53180814,0.504407,0.64812326,0.54364526,0.69356054
tower,H,word2vec_tiny_base,0.31172436,0.4427706,0.45299706,0.60629094,0.50767314,0.6422864
fingernail,M,word2vec_tiny_base,0.23362593,0.28879383,0.27714136,0.3298953,0.29548183,0.33956987
humility,M,word2vec_tiny_base,0.17208357,0.22791182,0.22662613,0.30558828,0.25795233,0.33851495
cave,P,word2vec_tiny_base,0.3424217,0.4778908,0.45013356,0.5946119,0.4941041,0.6100444
magazine,P,word2vec_tiny_base,0.23832567,0.3315353,0.38424125,0.53436553,0.4492238,0.6090681
brat,M,word2vec_tiny_base,0.298575,0.3664425,0.41396153,0.49764022,0.44929928,0.50818044
crush,P,word2vec_tiny_base,0.40262443,0.49960694,0.45635068,0.5194781,0.47316194,0.5087188
fatal,P,word2vec_tiny_base,0.14496532,0.17149396,0.17503989,0.20909409,0.18803333,0.21954319
aggression,P,word2vec_tiny_base,0.17778473,0.2129823,0.2128644,0.25345156,0.22753745,0.27620324
leg,P,word2vec_tiny_base,0.25736493,0.353923,0.39913148,0.5209973,0.45941016,0.56638896
arena,P,word2vec_tiny_base,0.29577023,0.3190017,0.3349154,0.3692253,0.3509423,0.37337613
attentive,P,word2vec_tiny_base,0.22812119,0.26787004,0.29189214,0.310039,0.3218211,0.3365062
trail,P,word2vec_tiny_base,0.38087806,0.48697564,0.49980792,0.6341122,0.5477607,0.6643208
ferocious,P,word2vec_tiny_base,0.20093437,0.2625573,0.2709889,0.36996344,0.3063534,0.40946913
silverware,P,word2vec_tiny_base,0.3462643,0.38699692,0.41941762,0.48695767,0.44952664,0.52347904
gateway,P,word2vec_tiny_base,0.2533009,0.32989028,0.30866933,0.3786027,0.3311134,0.39576712
oven,M,word2vec_tiny_base,0.31367102,0.43312415,0.4342172,0.53751594,0.4844198,0.5595082
arrogance,P,word2vec_tiny_base,0.15926078,0.17298885,0.18729828,0.21039611,0.1981493,0.22244155
unwind,P,word2vec_tiny_base,0.28813928,0.34010586,0.38379762,0.44271377,0.41492698,0.46607885
coronation,M,word2vec_tiny_base,0.25149593,0.31981,0.3033117,0.38989043,0.32671285,0.40617746
sand,P,word2vec_tiny_base,0.30622524,0.42364568,0.4348495,0.58481365,0.4939567,0.63760626
purchase,P,word2vec_tiny_base,0.31386834,0.38101578,0.36820593,0.43536368,0.39168224,0.4526016
tan,P,word2vec_tiny_base,0.30511984,0.38262454,0.35680902,0.4371148,0.3778302,0.45585138
flinch,P,word2vec_tiny_base,0.2669495,0.2373024,0.3063149,0.2898396,0.3241401,0.30190563
tangle,P,word2vec_tiny_base,0.28654328,0.346357,0.35596904,0.4531159,0.38542366,0.48186308
housework,M,word2vec_tiny_base,0.3441611,0.42471886,0.4133497,0.46436203,0.43759724,0.47005045
hover,P,word2vec_tiny_base,0.32418388,0.3591053,0.3952187,0.45318556,0.42475188,0.4948611
snoop,P,word2vec_tiny_base,0.3594548,0.42244896,0.43450454,0.46547803,0.46170953,0.49714747
slam,H,word2vec_tiny_base,0.38162452,0.45455974,0.47952622,0.56673676,0.5130607,0.5880519
relentless,P,word2vec_tiny_base,0.22886424,0.29782575,0.27267277,0.35184762,0.29156294,0.37336454
moral,P,word2vec_tiny_base,0.4285264,0.4623141,0.4968899,0.41173145,0.52003896,0.39500725
ditch,P,word2vec_tiny_base,0.3192864,0.391543,0.38105103,0.45740396,0.4091178,0.48394287
flesh,P,word2vec_tiny_base,0.26438698,0.35126114,0.33764863,0.4196557,0.37377885,0.4615497
dim,P,word2vec_tiny_base,0.31189817,0.38018975,0.41393515,0.48621786,0.44986206,0.51795286
instinct,P,word2vec_tiny_base,0.21909757,0.2963315,0.2890286,0.36712816,0.31521282,0.38899064
demand,P,word2vec_tiny_base,0.39359555,0.5030068,0.5315952,0.6693169,0.57367224,0.6738569
royalty,P,word2vec_tiny_base,0.30798063,0.4051616,0.4080095,0.523592,0.44784766,0.5400966
irregular,P,word2vec_tiny_base,0.31060487,0.26455712,0.349923,0.28587168,0.36279133,0.30089948
pub,M,word2vec_tiny_base,0.24400444,0.23290882,0.27546346,0.27082372,0.28915647,0.28321323
crumb,P,word2vec_tiny_base,0.4132545,0.51395714,0.49670264,0.5997796,0.53160775,0.6299343
barbecue,P,word2vec_tiny_base,0.34547168,0.43835717,0.45349625,0.52944994,0.49011192,0.54674363
orderly,P,word2vec_tiny_base,0.37262294,0.46227524,0.440755,0.50288475,0.46619827,0.51400423
index,P,word2vec_tiny_base,0.26759678,0.335381,0.3347624,0.4347993,0.36272943,0.45944992
cuddle,P,word2vec_tiny_base,0.3902943,0.5064344,0.49225962,0.59700936,0.5308976,0.6065373
dangle,P,word2vec_tiny_base,0.23336697,0.2565302,0.27688956,0.29578775,0.29402518,0.30406344
trousers,M,word2vec_tiny_base,0.2541091,0.34238258,0.34677884,0.44276133,0.39652732,0.51142025
grave,H,word2vec_tiny_base,0.4038481,0.44699782,0.46418175,0.4921183,0.48624554,0.4889961
dent,H,word2vec_tiny_base,0.35924333,0.45290118,0.44212943,0.56144667,0.47720122,0.5887693
buckle,P,word2vec_tiny_base,0.27292204,0.3993042,0.38626134,0.5333891,0.44303945,0.6090189
beer,P,word2vec_tiny_base,0.27899402,0.29415676,0.35262746,0.35906616,0.3843029,0.40976754
oyster,P,word2vec_tiny_base,0.24365897,0.27298743,0.39427003,0.48371816,0.45940062,0.5573454
cousin,P,word2vec_tiny_base,0.42995483,0.51310396,0.53119504,0.59237254,0.5685795,0.60688275
jolt,P,word2vec_tiny_base,0.24889056,0.31272206,0.31136367,0.4082089,0.34163925,0.4396872
guard,P,word2vec_tiny_base,0.38287333,0.5252754,0.46819046,0.62208194,0.5063823,0.6293689
bolt,H,word2vec_tiny_base,0.32237768,0.38518003,0.4106552,0.45646945,0.44039926,0.48835087
squawk,P,word2vec_tiny_base,0.28499892,0.35214424,0.3913246,0.48859277,0.4280795,0.52166426
omelet,M,word2vec_tiny_base,0.27513433,0.2692706,0.33792934,0.33149603,0.37309167,0.38370684
envy,P,word2vec_tiny_base,0.3613724,0.33179414,0.42737025,0.38817024,0.45170143,0.42268652
knob,P,word2vec_tiny_base,0.32929143,0.47664997,0.44682607,0.5977086,0.49254203,0.64555985
zing,P,word2vec_tiny_base,0.23570807,0.27475983,0.30960461,0.4009657,0.34367505,0.44123966
opponent,M,word2vec_tiny_base,0.26907006,0.3398832,0.32548946,0.40808335,0.34808624,0.42027453
meditation,P,word2vec_tiny_base,0.1524133,0.17083733,0.18166485,0.20773262,0.19404589,0.22152752
operator,P,word2vec_tiny_base,0.35920128,0.43347022,0.42046168,0.48920864,0.44457504,0.5061129
afloat,P,word2vec_tiny_base,0.28963983,0.32348996,0.36962926,0.44393897,0.4015901,0.49044847
chart,P,word2vec_tiny_base,0.28291106,0.33058122,0.34901103,0.42324308,0.37997115,0.46928638
dry,P,word2vec_tiny_base,0.39771074,0.54522645,0.49083412,0.6269716,0.5300571,0.63355154
evidence,P,word2vec_tiny_base,0.27684826,0.33939025,0.35125667,0.4290914,0.37679178,0.4586315
crack,P,word2vec_tiny_base,0.4199744,0.5745106,0.5111807,0.6596117,0.54531336,0.6823801
exhaustion,P,word2vec_tiny_base,0.25426775,0.33331612,0.30989274,0.4038639,0.3332664,0.4219944
sincere,P,word2vec_tiny_base,0.46462518,0.54885083,0.5558268,0.6245914,0.5861771,0.63117665
juice,P,word2vec_tiny_base,0.27388835,0.38902706,0.37276635,0.47752845,0.41404846,0.4952245
couch,P,word2vec_tiny_base,0.28818613,0.3873317,0.4383244,0.5919207,0.50297964,0.6488309
freedom,P,word2vec_tiny_base,0.34160504,0.38062018,0.39755496,0.43920785,0.42154923,0.4572802
stripe,H,word2vec_tiny_base,0.37217742,0.4770997,0.47043762,0.56843174,0.5091188,0.60336095
butcher,P,word2vec_tiny_base,0.28495878,0.3148862,0.3595047,0.43039256,0.39172608,0.46881562
inspection,P,word2vec_tiny_base,0.30696893,0.3578013,0.37350395,0.42776376,0.39893842,0.44278878
beast,P,word2vec_tiny_base,0.24400857,0.30236816,0.31434482,0.39835823,0.34696072,0.42794806
confidence,P,word2vec_tiny_base,0.3010022,0.36711082,0.36733288,0.41951826,0.3957724,0.44608432
eggplant,M,word2vec_tiny_base,0.22033875,0.2680578,0.27915657,0.32988024,0.31273997,0.36730292
horse,P,word2vec_tiny_base,0.2773378,0.31756157,0.42222705,0.5511407,0.48335847,0.6378785
defensive,P,word2vec_tiny_base,0.17558582,0.18795742,0.20749217,0.22778264,0.22214404,0.24018756
agreeable,P,word2vec_tiny_base,0.11817672,0.13307533,0.14600104,0.18080148,0.15889782,0.20100859
exclude,P,word2vec_tiny_base,0.15751937,0.18275607,0.20668906,0.22468574,0.23065,0.24980803
supper,P,word2vec_tiny_base,0.3477302,0.42726764,0.40448493,0.46201172,0.42671195,0.47053927
purple,P,word2vec_tiny_base,0.2744236,0.37311062,0.445871,0.5921432,0.50873226,0.6379364
unnoticed,M,word2vec_tiny_base,0.24869844,0.26760018,0.28764176,0.28933626,0.30244046,0.3093631
traitor,M,word2vec_tiny_base,0.16120276,0.20651485,0.20976517,0.2386018,0.23113088,0.25822657
hum,P,word2vec_tiny_base,0.31284705,0.3624032,0.40985274,0.48751715,0.44865245,0.5309946
fifty,P,word2vec_tiny_base,0.15438315,0.15827416,0.22827804,0.2610188,0.28425997,0.3354274
secure,P,word2vec_tiny_base,0.34399265,0.42611367,0.430154,0.47879303,0.45625824,0.4867586
view,P,word2vec_tiny_base,0.37972125,0.45524573,0.4856844,0.5649494,0.52318186,0.5815968
chapter,P,word2vec_tiny_base,0.2432251,0.24689583,0.29368755,0.30017042,0.31374207,0.31913817
sweater,P,word2vec_tiny_base,0.21312484,0.2872749,0.37266064,0.5169398,0.437568,0.58595186
faraway,P,word2vec_tiny_base,0.4042255,0.47604343,0.4985913,0.6175266,0.53803873,0.64383936
loss,P,word2vec_tiny_base,0.22869456,0.2608461,0.3061652,0.35445622,0.3401097,0.39440638
fiddle,P,word2vec_tiny_base,0.28929025,0.36492637,0.34743273,0.41863117,0.36896402,0.4430248
shine,P,word2vec_tiny_base,0.3324855,0.38702446,0.46086594,0.5537195,0.5089777,0.5967069
foul,P,word2vec_tiny_base,0.29157543,0.34366357,0.33335632,0.3963987,0.3523742,0.41183627
drama,P,word2vec_tiny_base,0.23821822,0.23974267,0.27913895,0.2724323,0.296334,0.28878853
soldier,P,word2vec_tiny_base,0.33855563,0.46257848,0.4484527,0.60678923,0.49121025,0.6321831
beam,P,word2vec_tiny_base,0.40493757,0.4785987,0.4670683,0.5355016,0.49162015,0.555501
plant,P,word2vec_tiny_base,0.24796478,0.37920737,0.3699562,0.50868875,0.42634988,0.55634177
deny,P,word2vec_tiny_base,0.24453382,0.28800756,0.28627196,0.34374303,0.30494413,0.36150104
handyman,M,word2vec_tiny_base,0.2772282,0.35271943,0.34457782,0.4215062,0.37351197,0.44609886
peach,P,word2vec_tiny_base,0.1877881,0.26000333,0.3468394,0.47627842,0.42410225,0.5497093
mall,P,word2vec_tiny_base,0.26064688,0.35983318,0.4362718,0.588872,0.50624454,0.6514113
courthouse,M,word2vec_tiny_base,0.24615002,0.27344558,0.28400517,0.31470484,0.29904187,0.32210717
sip,P,word2vec_tiny_base,0.32581675,0.42773262,0.4311567,0.4744042,0.4722076,0.49381134
consent,P,word2vec_tiny_base,0.14825256,0.16456562,0.1796505,0.20737363,0.19596215,0.23261894
influence,P,word2vec_tiny_base,0.16301663,0.18294439,0.1996529,0.23624308,0.2213453,0.2672568
league,H,word2vec_tiny_base,0.21635151,0.23983955,0.25387937,0.27983603,0.26750308,0.29555884
loft,P,word2vec_tiny_base,0.38945267,0.48401856,0.45352006,0.530811,0.47722587,0.54898643
shove,P,word2vec_tiny_base,0.34304896,0.44494653,0.4421928,0.53236336,0.47852975,0.55553895
luscious,P,word2vec_tiny_base,0.23320809,0.30171123,0.3189904,0.43469217,0.3559874,0.47707608
passion,P,word2vec_tiny_base,0.30271018,0.34266976,0.35748702,0.37746543,0.38518754,0.41000122
pep,P,word2vec_tiny_base,0.3355514,0.44023827,0.42959827,0.52661586,0.47567883,0.5836003
instance,P,word2vec_tiny_base,0.16473697,0.16045238,0.20051324,0.19559397,0.21802263,0.22679028
slave,P,word2vec_tiny_base,0.20420828,0.19273701,0.24270445,0.21562234,0.25805423,0.23372766
imitate,P,word2vec_tiny_base,0.360718,0.44218633,0.4421545,0.53225017,0.4708851,0.56113064
raspberry,P,word2vec_tiny_base,0.17732506,0.21970692,0.254946,0.31829807,0.29576802,0.36464262
luxurious,P,word2vec_tiny_base,0.3197201,0.39387918,0.38303488,0.4635679,0.40757897,0.48447475
cautious,M,word2vec_tiny_base,0.2985572,0.37557876,0.3985954,0.47561005,0.43763816,0.48678267
streak,P,word2vec_tiny_base,0.2834863,0.31782022,0.35773736,0.40477183,0.3905574,0.44731274
solve,P,word2vec_tiny_base,0.37829757,0.506265,0.48617306,0.55724716,0.5204733,0.5443213
honest,P,word2vec_tiny_base,0.30085716,0.37836102,0.45529914,0.5881606,0.50493413,0.5948471
strict,P,word2vec_tiny_base,0.364605,0.380532,0.41988757,0.45595127,0.44315284,0.46802622
rack,H,word2vec_tiny_base,0.40152597,0.5160662,0.48830074,0.60983706,0.5197248,0.62898064
mood,H,word2vec_tiny_base,0.37711066,0.43834785,0.44410366,0.4866038,0.46682793,0.4862475
queen,P,word2vec_tiny_base,0.30959877,0.43169335,0.46630952,0.6050751,0.51780784,0.63081574
shop,P,word2vec_tiny_base,0.3268935,0.42753068,0.44307026,0.57517517,0.4919871,0.6032625
nook,M,word2vec_tiny_base,0.30710495,0.36168313,0.38311738,0.44254595,0.40981448,0.46505865
fabric,P,word2vec_tiny_base,0.2814259,0.3761027,0.3551863,0.47625634,0.39113304,0.51071227
fraction,P,word2vec_tiny_base,0.2409352,0.31323254,0.28726766,0.36224785,0.30538094,0.37348065
stumble,P,word2vec_tiny_base,0.40789837,0.50953025,0.5317074,0.63508195,0.5698164,0.6152724
occurrence,P,word2vec_tiny_base,0.23699436,0.28409937,0.2756806,0.30409765,0.2904256,0.30988583
deadline,P,word2vec_tiny_base,0.26299757,0.29827368,0.31364247,0.3357869,0.33355716,0.35121566
stain,P,word2vec_tiny_base,0.38992107,0.47313583,0.473829,0.56111765,0.51124114,0.59229374
withstand,P,word2vec_tiny_base,0.26553792,0.33103782,0.32930052,0.4108154,0.3573312,0.43688032
jellyfish,P,word2vec_tiny_base,0.21926539,0.25651965,0.3493163,0.45321387,0.4132312,0.5336675
select,P,word2vec_tiny_base,0.2961741,0.3791362,0.35050586,0.4260731,0.3723371,0.4480967
rodent,P,word2vec_tiny_base,0.26502496,0.31978348,0.30908147,0.3733311,0.32823455,0.3986194
abrupt,P,word2vec_tiny_base,0.32436615,0.32330796,0.37465426,0.37755266,0.39481187,0.37129793
soot,P,word2vec_tiny_base,0.33447027,0.3976605,0.39567837,0.4784255,0.42507476,0.50995564
jungle,P,word2vec_tiny_base,0.32344523,0.3985297,0.4416745,0.5781258,0.49592894,0.6394157
revelation,P,word2vec_tiny_base,0.12607305,0.14989878,0.14809845,0.18314269,0.15995617,0.20055673
railway,P,word2vec_tiny_base,0.28522414,0.36460525,0.36439782,0.45618197,0.39362228,0.48041788
memorize,M,word2vec_tiny_base,0.17003596,0.19689506,0.19581877,0.22603583,0.20783472,0.23500684
potato,P,word2vec_tiny_base,0.22060716,0.27077496,0.37956098,0.4994201,0.44443458,0.57182795
multiply,H,word2vec_tiny_base,0.22611418,0.26738545,0.27493492,0.30749828,0.30820462,0.38983485
crucial,M,word2vec_tiny_base,0.16438928,0.1829471,0.1922365,0.22325608,0.20623966,0.24563642
collection,P,word2vec_tiny_base,0.44825536,0.5796918,0.52680624,0.64003265,0.55655134,0.6459511
unfold,P,word2vec_tiny_base,0.33592105,0.38793343,0.41410896,0.48368838,0.44148636,0.5090805
outlaw,P,word2vec_tiny_base,0.24259555,0.27022535,0.28203928,0.2911702,0.29714248,0.29484147
island,P,word2vec_tiny_base,0.31027526,0.36564592,0.41779277,0.54708856,0.471417,0.59509325
reconsider,P,word2vec_tiny_base,0.15840974,0.1755877,0.19207416,0.21199472,0.20547886,0.22394541
gate,P,word2vec_tiny_base,0.36340082,0.5164586,0.4776587,0.6353207,0.52523404,0.67766446
bouquet,P,word2vec_tiny_base,0.3691255,0.4372927,0.45551005,0.54588205,0.49000862,0.57441556
confident,P,word2vec_tiny_base,0.34217882,0.43316844,0.41191804,0.4585321,0.43954736,0.46816674
delicate,P,word2vec_tiny_base,0.37814486,0.4488786,0.50713867,0.61451054,0.5503384,0.64271384
bid,P,word2vec_tiny_base,0.2647099,0.34003106,0.34343493,0.39955363,0.3714733,0.4317201
marriage,P,word2vec_tiny_base,0.35619944,0.46130723,0.48329788,0.6107531,0.52827704,0.6399999
attention,P,word2vec_tiny_base,0.4191114,0.45188004,0.4868435,0.47751856,0.5101206,0.48313478
massage,P,word2vec_tiny_base,0.39379054,0.5348176,0.50006354,0.59926313,0.53406984,0.6213957
fever,P,word2vec_tiny_base,0.3291661,0.37326488,0.45382258,0.5076557,0.50200963,0.551835
brick,P,word2vec_tiny_base,0.3520946,0.498325,0.4424133,0.59533846,0.49110574,0.64666903
span,H,word2vec_tiny_base,0.26716146,0.33194846,0.33006927,0.45424834,0.35681275,0.4717519
saddle,P,word2vec_tiny_base,0.35760906,0.45469302,0.44300324,0.53829014,0.47820255,0.57545406
blink,P,word2vec_tiny_base,0.42368564,0.55758977,0.51760924,0.668922,0.5533995,0.6913895
grip,P,word2vec_tiny_base,0.39201874,0.466317,0.4811235,0.5524369,0.510529,0.57492715
podium,M,word2vec_tiny_base,0.2579916,0.32693085,0.29894474,0.37979767,0.31572,0.39377084
career,P,word2vec_tiny_base,0.24032216,0.29309168,0.28630745,0.36166447,0.31072587,0.39087573
discussion,M,word2vec_tiny_base,0.32923272,0.4349311,0.41629788,0.48778003,0.4483912,0.4908946
funeral,P,word2vec_tiny_base,0.3863394,0.39104626,0.4402226,0.4246523,0.45866433,0.42044425
chess,H,word2vec_tiny_base,0.3727744,0.47208542,0.48819676,0.60279113,0.53367674,0.654134
heroic,P,word2vec_tiny_base,0.2476811,0.31836137,0.31340045,0.38123864,0.33928424,0.40703
rush,H,word2vec_tiny_base,0.4299879,0.57037646,0.526498,0.6314507,0.5571754,0.62608093
cattle,M,word2vec_tiny_base,0.2807117,0.35635215,0.3505844,0.45194238,0.37606883,0.46609962
fresh,P,word2vec_tiny_base,0.36521688,0.39550838,0.4365835,0.4455438,0.46886402,0.48520157
tiger,P,word2vec_tiny_base,0.23347144,0.33653355,0.38281602,0.54282516,0.44636986,0.600504
invisible,P,word2vec_tiny_base,0.42296043,0.50413686,0.4989868,0.570871,0.5275274,0.5878808
sandbox,M,word2vec_tiny_base,0.3729978,0.51472944,0.5334913,0.66666526,0.5817808,0.6859529
storm,P,word2vec_tiny_base,0.3285238,0.4209398,0.47222435,0.53359544,0.5220207,0.55901206
attempt,P,word2vec_tiny_base,0.30038795,0.3641334,0.36561078,0.4136975,0.39074194,0.44603643
exquisite,P,word2vec_tiny_base,0.25528368,0.3481061,0.3120519,0.4215914,0.33541498,0.45195898
shotgun,M,word2vec_tiny_base,0.2522271,0.29433978,0.2903542,0.31720895,0.3053693,0.3219417
alarm,P,word2vec_tiny_base,0.35254785,0.4782087,0.45169327,0.60148513,0.49417573,0.62471896
sidekick,P,word2vec_tiny_base,0.3257862,0.37953255,0.390563,0.45832002,0.4184694,0.49196303
rainbow,P,word2vec_tiny_base,0.35221,0.47194314,0.4502479,0.57630986,0.48480415,0.5905612
fireworks,P,word2vec_tiny_base,0.36890826,0.4861614,0.46042565,0.6163003,0.50383943,0.6562125
chariot,P,word2vec_tiny_base,0.2471958,0.27107882,0.28568023,0.31474704,0.30024675,0.32909346
hideaway,P,word2vec_tiny_base,0.32217622,0.36778194,0.38070053,0.44693714,0.40498418,0.4665046
macaroni,M,word2vec_tiny_base,0.24537711,0.26630792,0.32347283,0.34776378,0.3589291,0.38632497
ponytail,M,word2vec_tiny_base,0.28010568,0.34860435,0.38851044,0.48901328,0.43155792,0.5405772
birth,P,word2vec_tiny_base,0.25379524,0.3171476,0.30835137,0.38078532,0.33064842,0.40976343
involve,P,word2vec_tiny_base,0.39920938,0.4108181,0.45346767,0.44234443,0.4749794,0.4501265
bruise,P,word2vec_tiny_base,0.2901973,0.37073243,0.39119023,0.49052125,0.43981773,0.53031194
sermon,P,word2vec_tiny_base,0.22634485,0.26952916,0.26884,0.30053172,0.28414872,0.30986744
trainer,P,word2vec_tiny_base,0.37783426,0.48879755,0.45430416,0.54595906,0.4826804,0.5643594
suffocate,P,word2vec_tiny_base,0.13308576,0.14469826,0.16489664,0.19150597,0.17851312,0.20438921
panda,P,word2vec_tiny_base,0.243788,0.32281327,0.38537532,0.4917753,0.45335484,0.5795516
shawl,M,word2vec_tiny_base,0.23774216,0.30914927,0.31093162,0.41342637,0.34155548,0.4436293
truthful,P,word2vec_tiny_base,0.2006156,0.23948698,0.24505949,0.2625131,0.27114743,0.2819354
routine,P,word2vec_tiny_base,0.32033315,0.37825105,0.4200926,0.47143936,0.44968697,0.49451417
unsafe,P,word2vec_tiny_base,0.33540368,0.40138495,0.39375222,0.4460043,0.41790107,0.46275365
realistic,P,word2vec_tiny_base,0.32498416,0.36772165,0.3859874,0.4139073,0.4099984,0.44721475
canary,P,word2vec_tiny_base,0.29363626,0.3708018,0.38410515,0.48068947,0.41908056,0.4987302
paddle,P,word2vec_tiny_base,0.2852164,0.36799332,0.42872268,0.5432634,0.48023778,0.58572674
atom,P,word2vec_tiny_base,0.24130616,0.23470539,0.28113908,0.2851851,0.29452133,0.29929715
celebrate,P,word2vec_tiny_base,0.3642183,0.45401305,0.47680393,0.5995174,0.52236587,0.6179276
baptism,P,word2vec_tiny_base,0.1953867,0.2319602,0.23379245,0.24594308,0.24962482,0.24938555
corpus,P,word2vec_tiny_base,0.18238285,0.21052401,0.21747828,0.24369046,0.23068008,0.2542472
twist,P,word2vec_tiny_base,0.39872915,0.5400337,0.51785034,0.6604334,0.55776346,0.6788911
apply,P,word2vec_tiny_base,0.26870665,0.32605025,0.33630833,0.39729044,0.36247486,0.4216023
nocturnal,P,word2vec_tiny_base,0.26745573,0.24500915,0.3047307,0.29421085,0.3208509,0.2961483
prepare,P,word2vec_tiny_base,0.36813825,0.48628417,0.49155656,0.65153223,0.53921616,0.68395936
priceless,P,word2vec_tiny_base,0.30253667,0.36392003,0.36078456,0.41371846,0.38757077,0.44445542
juicy,P,word2vec_tiny_base,0.27911657,0.32418823,0.37253207,0.451041,0.41736743,0.49285477
jiggle,P,word2vec_tiny_base,0.37884444,0.49491578,0.46052065,0.5481787,0.4921857,0.5564486
sushi,M,word2vec_tiny_base,0.21985213,0.25475866,0.28398275,0.32873866,0.32553792,0.3768043
squad,M,word2vec_tiny_base,0.29714093,0.36714143,0.34578785,0.38631752,0.3667667,0.3893837
orphanage,M,word2vec_tiny_base,0.30971506,0.38502288,0.3822042,0.45568585,0.41144812,0.46957192
unique,P,word2vec_tiny_base,0.26113838,0.35316527,0.41042545,0.564481,0.47648656,0.6286131
wrinkle,H,word2vec_tiny_base,0.259536,0.34144303,0.34301502,0.429868,0.38127136,0.48146227
excellent,M,word2vec_tiny_base,0.3481885,0.41825095,0.41558126,0.48218507,0.44208252,0.50277156
compare,P,word2vec_tiny_base,0.3196895,0.37312838,0.38766202,0.43654594,0.4213414,0.4666458
spine,P,word2vec_tiny_base,0.33218735,0.3612223,0.39607236,0.43831518,0.4241701,0.4744225
lively,P,word2vec_tiny_base,0.26675704,0.35807955,0.4311423,0.55649364,0.5074553,0.64152586
happiness,P,word2vec_tiny_base,0.32438955,0.37298626,0.39551678,0.41106567,0.4284999,0.43108994
sundown,M,word2vec_tiny_base,0.24191897,0.23255444,0.280553,0.2820869,0.29630062,0.2895595
crash,H,word2vec_tiny_base,0.35373026,0.46322697,0.46887836,0.58302355,0.5117349,0.61065364
cover,P,word2vec_tiny_base,0.45860654,0.6058405,0.54683,0.69630057,0.5801838,0.7118414
steep,H,word2vec_tiny_base,0.4245968,0.5327992,0.5445537,0.661991,0.58725953,0.6902638
reunion,P,word2vec_tiny_base,0.27775934,0.3593346,0.32682407,0.41177827,0.3465857,0.41269034
companion,P,word2vec_tiny_base,0.33866897,0.42200553,0.3975238,0.4508307,0.41920412,0.45790508
catcher,P,word2vec_tiny_base,0.43885747,0.4747303,0.51765996,0.5373468,0.54855174,0.55457234
helpless,P,word2vec_tiny_base,0.3117169,0.38340297,0.48143128,0.63661474,0.5424478,0.6933549
occasional,P,word2vec_tiny_base,0.3132873,0.3734803,0.3639663,0.41594738,0.38490754,0.44123915
motorcycle,P,word2vec_tiny_base,0.24594834,0.3339457,0.39791682,0.5611628,0.46481553,0.62824446
spit,H,word2vec_tiny_base,0.29563582,0.3798072,0.40762153,0.4889207,0.4508826,0.51591223
tyrant,P,word2vec_tiny_base,0.15566537,0.17112622,0.18261975,0.1986729,0.19640972,0.21535364
tuxedo,P,word2vec_tiny_base,0.30952328,0.31090945,0.35434228,0.32876936,0.37306413,0.34079695
belong,P,word2vec_tiny_base,0.44049016,0.5608501,0.5402417,0.6128163,0.5723182,0.61899287
pup,P,word2vec_tiny_base,0.25150365,0.33819908,0.3550108,0.4523854,0.38879052,0.46068946
jeep,P,word2vec_tiny_base,0.2217429,0.3182404,0.39242387,0.53941524,0.46042588,0.5988214
hack,H,word2vec_tiny_base,0.28793594,0.3083262,0.3302281,0.3611246,0.34604195,0.37897354
hound,P,word2vec_tiny_base,0.27465835,0.26847768,0.32253018,0.32472286,0.3419259,0.32577276
triumphant,P,word2vec_tiny_base,0.26525146,0.34224737,0.33342662,0.43026525,0.36110002,0.45210853
grudge,P,word2vec_tiny_base,0.11917703,0.14199069,0.14327882,0.17944455,0.15589732,0.19724938
shadowy,P,word2vec_tiny_base,0.22297326,0.29678172,0.2809459,0.36803302,0.30808273,0.40145794
begin,P,word2vec_tiny_base,0.42346483,0.5249629,0.4875859,0.52785,0.51184636,0.536715
afternoon,P,word2vec_tiny_base,0.4080175,0.53455895,0.50313056,0.5951286,0.53803587,0.60143465
engineer,P,word2vec_tiny_base,0.31800258,0.39460868,0.38571367,0.46267962,0.41427368,0.49732754
decision,P,word2vec_tiny_base,0.32030278,0.39919677,0.394946,0.42379698,0.42372453,0.4457956
statement,P,word2vec_tiny_base,0.2257727,0.2516544,0.2620674,0.3097763,0.27513748,0.32570487
moat,M,word2vec_tiny_base,0.36881232,0.4348476,0.5013886,0.5964045,0.5484354,0.6428422
zoom,P,word2vec_tiny_base,0.27824852,0.39951035,0.38692722,0.5010229,0.43573555,0.553277
cinema,P,word2vec_tiny_base,0.33486527,0.46501496,0.4224923,0.55219793,0.4589327,0.5686335
lifetime,P,word2vec_tiny_base,0.30914646,0.35909402,0.38653874,0.42531505,0.41488016,0.45329478
snowman,M,word2vec_tiny_base,0.3429579,0.48005515,0.4825918,0.6383326,0.5334197,0.6730872
accuracy,M,word2vec_tiny_base,0.21729882,0.26985887,0.28034517,0.3377295,0.31045955,0.38176498
pox,P,word2vec_tiny_base,0.28910255,0.34522954,0.36454067,0.40932631,0.39126006,0.42845875
pebble,P,word2vec_tiny_base,0.25265807,0.3327999,0.40831316,0.5632321,0.4690937,0.6234194
surf,P,word2vec_tiny_base,0.27152377,0.35799256,0.40890273,0.51257646,0.47904807,0.60730857
tone,P,word2vec_tiny_base,0.31470984,0.35866576,0.3816921,0.43147188,0.41122714,0.454008
hamburger,M,word2vec_tiny_base,0.24321732,0.28193033,0.3174142,0.3624129,0.35165212,0.41227147
naughty,P,word2vec_tiny_base,0.32391587,0.43480346,0.46459043,0.6104375,0.51547134,0.6317047
presence,P,word2vec_tiny_base,0.28343734,0.33824652,0.3320513,0.4066793,0.35490525,0.43263456
missile,P,word2vec_tiny_base,0.2936478,0.41461375,0.42333198,0.59034055,0.47865105,0.6452133
sailor,P,word2vec_tiny_base,0.24248676,0.3070993,0.38386673,0.5013755,0.4405861,0.5636042
decide,P,word2vec_tiny_base,0.46779242,0.58334774,0.54780924,0.591178,0.5730732,0.56547314
fail,P,word2vec_tiny_base,0.3656951,0.42699158,0.4355006,0.5045778,0.4645128,0.5196988
banquet,P,word2vec_tiny_base,0.32905623,0.3840158,0.38678485,0.46224347,0.40740177,0.48052177
tug,P,word2vec_tiny_base,0.39388964,0.499682,0.5244372,0.6074989,0.56570476,0.640196
authority,P,word2vec_tiny_base,0.1889731,0.22439486,0.23036169,0.2678936,0.2526899,0.29132056
abide,P,word2vec_tiny_base,0.2099307,0.20922966,0.2514123,0.2582454,0.26835608,0.2725128
elbow,P,word2vec_tiny_base,0.28582093,0.3711604,0.39681038,0.51752335,0.4449295,0.5523101
land,P,word2vec_tiny_base,0.37223428,0.4518472,0.4986185,0.6009293,0.5406101,0.63307863
pun,P,word2vec_tiny_base,0.27412653,0.28978497,0.32056773,0.37246883,0.3412798,0.39447403
sunlight,M,word2vec_tiny_base,0.23583093,0.25003833,0.35050818,0.4225171,0.39467347,0.4746983
invincible,M,word2vec_tiny_base,0.2537331,0.30239415,0.2986691,0.3629166,0.31781235,0.37710288
tedious,M,word2vec_tiny_base,0.15516391,0.16712731,0.17749345,0.1960252,0.18815903,0.21367325
amigo,M,word2vec_tiny_base,0.23063597,0.22767296,0.29733178,0.24898902,0.32338393,0.34320864
sock,H,word2vec_tiny_base,0.29851744,0.36046058,0.43622968,0.5652837,0.483222,0.622653
experience,P,word2vec_tiny_base,0.3132678,0.40321687,0.38638073,0.44182125,0.4135457,0.45530483
acid,P,word2vec_tiny_base,0.26516312,0.33419552,0.32155645,0.41581002,0.34725448,0.44749185
urgent,P,word2vec_tiny_base,0.26615822,0.27782142,0.33114463,0.38781524,0.36175266,0.4306883
purse,P,word2vec_tiny_base,0.318497,0.40006056,0.43604118,0.5528664,0.48949027,0.62912595
airplane,M,word2vec_tiny_base,0.30137706,0.3791011,0.46224475,0.6005012,0.51063263,0.6472118
naive,P,word2vec_tiny_base,0.23588419,0.27644485,0.29113054,0.34603062,0.3136704,0.36092663
symbol,P,word2vec_tiny_base,0.38849854,0.5087211,0.48215595,0.61962175,0.5211016,0.64542776
speechless,P,word2vec_tiny_base,0.287623,0.33885857,0.35897377,0.42337045,0.38301906,0.44634727
lavender,P,word2vec_tiny_base,0.26655072,0.3409338,0.37103257,0.4672173,0.41141236,0.49949992
distress,P,word2vec_tiny_base,0.28203288,0.34431133,0.34213588,0.39520702,0.3670747,0.42186773
suspicious,P,word2vec_tiny_base,0.28365257,0.34806052,0.34399644,0.41277203,0.36980575,0.4415072
deep,P,word2vec_tiny_base,0.42582902,0.5019855,0.5268626,0.5874955,0.5636413,0.6170983
slug,H,word2vec_tiny_base,0.26995087,0.33441675,0.3464853,0.44341534,0.37831044,0.47717845
scoop,P,word2vec_tiny_base,0.3665009,0.4471125,0.45235226,0.4770545,0.4882025,0.5008484
access,P,word2vec_tiny_base,0.3203948,0.33479714,0.37014228,0.40571135,0.38869953,0.42727953
caretaker,P,word2vec_tiny_base,0.2803574,0.3393745,0.32500935,0.38690636,0.3439616,0.4064006
condition,P,word2vec_tiny_base,0.35885835,0.37624037,0.40751594,0.4146583,0.4261818,0.42267036
ton,P,word2vec_tiny_base,0.3264845,0.38217485,0.37940192,0.42947495,0.39867127,0.45591572
assume,P,word2vec_tiny_base,0.14111593,0.16600175,0.18391475,0.21273452,0.20455937,0.24211353
slimy,P,word2vec_tiny_base,0.3367652,0.43146354,0.45492625,0.5639914,0.49706987,0.6070823
dunk,P,word2vec_tiny_base,0.20907721,0.23827457,0.24027213,0.26627964,0.25283527,0.27030802
volleyball,P,word2vec_tiny_base,0.32337922,0.32471558,0.37491262,0.34892863,0.3927984,0.36850193
warden,P,word2vec_tiny_base,0.18384647,0.18587665,0.20920302,0.2199507,0.21918407,0.22975215
omen,P,word2vec_tiny_base,0.17208362,0.19504152,0.20240292,0.21641766,0.21526016,0.2216055
stir,H,word2vec_tiny_base,0.30593106,0.40262595,0.4292334,0.48964503,0.4754734,0.53449214
grumpy,M,word2vec_tiny_base,0.31967467,0.41958985,0.46877375,0.60371536,0.529377,0.6628872
accessory,P,word2vec_tiny_base,0.31020862,0.3874067,0.3771637,0.45794347,0.40432617,0.47510785
unaware,P,word2vec_tiny_base,0.28397927,0.35785702,0.32957137,0.4077194,0.34992555,0.42903775
locate,P,word2vec_tiny_base,0.29433593,0.36901572,0.3504019,0.42348525,0.3689812,0.43052754
stamp,P,word2vec_tiny_base,0.25980094,0.3703842,0.38285378,0.5446585,0.43862808,0.605733
goat,P,word2vec_tiny_base,0.22648413,0.31684434,0.35136265,0.50107753,0.42525524,0.5853952
race,H,word2vec_tiny_base,0.33583537,0.4519767,0.45953733,0.58576995,0.50903624,0.61610526
diagram,P,word2vec_tiny_base,0.14549677,0.17691776,0.17080456,0.21111672,0.18288201,0.22406816
piggy,P,word2vec_tiny_base,0.43415636,0.5390902,0.5301794,0.59919494,0.566911,0.6512535
pollen,M,word2vec_tiny_base,0.30770987,0.39671838,0.399734,0.50484157,0.44522065,0.5539952
badger,P,word2vec_tiny_base,0.24710038,0.3489705,0.33266547,0.41348115,0.3657992,0.44182768
lens,P,word2vec_tiny_base,0.36397702,0.47601318,0.44304314,0.56084174,0.47542843,0.5810908
dump,P,word2vec_tiny_base,0.35299316,0.43865317,0.46182323,0.5658524,0.50369483,0.5969874
ripe,P,word2vec_tiny_base,0.28376892,0.30272663,0.38707015,0.45522588,0.43451682,0.5080481
penguin,M,word2vec_tiny_base,0.29432154,0.3744789,0.43346062,0.5545124,0.4897919,0.6264358
horny,P,word2vec_tiny_base,0.31489825,0.3431287,0.3655969,0.34354374,0.38574848,0.35554966
bloody,P,word2vec_tiny_base,0.28322035,0.3720023,0.3644678,0.46360323,0.39780053,0.49950722
backstage,P,word2vec_tiny_base,0.38158238,0.46897224,0.46497804,0.54668576,0.49873582,0.5827881
rival,P,word2vec_tiny_base,0.26705417,0.32697895,0.31424868,0.38676852,0.3341424,0.39872748
predator,P,word2vec_tiny_base,0.2604764,0.3098587,0.3115264,0.3882259,0.33647063,0.41399926
attractive,P,word2vec_tiny_base,0.26992783,0.35933152,0.42729846,0.5796252,0.4962405,0.65633523
alien,P,word2vec_tiny_base,0.42216435,0.54067093,0.5348112,0.6566451,0.5759501,0.686165
lobster,P,word2vec_tiny_base,0.29285747,0.36900696,0.3718548,0.46419722,0.40889603,0.5006116
behavior,P,word2vec_tiny_base,0.30727655,0.36603487,0.39170933,0.43416134,0.42265514,0.45581734
breeze,P,word2vec_tiny_base,0.34147745,0.38754445,0.41751757,0.489268,0.45229158,0.5157988
numb,P,word2vec_tiny_base,0.3213683,0.36875856,0.39745423,0.47250688,0.43637902,0.5107464
accessible,P,word2vec_tiny_base,0.16086695,0.18376923,0.18566568,0.2091728,0.19714344,0.22253981
texture,P,word2vec_tiny_base,0.41684484,0.48875198,0.5368414,0.6254547,0.57487756,0.6507833
upstairs,P,word2vec_tiny_base,0.34840795,0.39278424,0.49676338,0.6139144,0.5444204,0.65480876
deck,P,word2vec_tiny_base,0.3519371,0.39723644,0.44478428,0.55710965,0.4842498,0.59276974
fold,H,word2vec_tiny_base,0.37310994,0.51364493,0.4874577,0.62671953,0.5308757,0.6623758
trailing,P,word2vec_tiny_base,0.3018114,0.3617795,0.3599061,0.42035514,0.38773942,0.45162755
motion,P,word2vec_tiny_base,0.4154353,0.5298671,0.49482927,0.6263973,0.52595913,0.6499472
bush,H,word2vec_tiny_base,0.40778035,0.5053253,0.50267845,0.6129207,0.5395671,0.62569666
garter,P,word2vec_tiny_base,0.2712155,0.35133526,0.33842686,0.37080348,0.36225754,0.37172958
devil,P,word2vec_tiny_base,0.30100444,0.24354546,0.34074473,0.26944178,0.35439026,0.2793469
sleepy,P,word2vec_tiny_base,0.34207538,0.5031678,0.47931063,0.63219374,0.532725,0.6731827
void,P,word2vec_tiny_base,0.27070665,0.28805932,0.31231523,0.33979174,0.32893687,0.3512
bright,P,word2vec_tiny_base,0.31086624,0.43091202,0.39329606,0.51954275,0.43906918,0.55329955
stall,H,word2vec_tiny_base,0.3505128,0.40488204,0.44657245,0.5330803,0.48812467,0.5684585
altitude,P,word2vec_tiny_base,0.2675415,0.2881666,0.31940314,0.35279667,0.33988813,0.3499026
cigar,M,word2vec_tiny_base,0.23168688,0.22779053,0.26126906,0.26026446,0.27470675,0.27388683
flip,H,word2vec_tiny_base,0.4430585,0.59883314,0.5487404,0.6777572,0.58084214,0.6865601
pancake,P,word2vec_tiny_base,0.3021393,0.3828348,0.36035156,0.41538402,0.39369407,0.43356654
boredom,M,word2vec_tiny_base,0.3869926,0.38058648,0.46418008,0.47040787,0.489724,0.48040205
gallery,P,word2vec_tiny_base,0.28044838,0.35453957,0.35429916,0.45480156,0.38879657,0.48092705
pipe,H,word2vec_tiny_base,0.31266576,0.41614005,0.4141226,0.5600326,0.46879864,0.6235797
triumph,P,word2vec_tiny_base,0.26134562,0.32907188,0.32876155,0.40757412,0.35436845,0.4331783
monk,M,word2vec_tiny_base,0.33190218,0.41165197,0.40071654,0.4656835,0.42587304,0.49014843
salon,P,word2vec_tiny_base,0.3629025,0.4563604,0.47403345,0.5962775,0.515661,0.6026231
mechanical,P,word2vec_tiny_base,0.32830992,0.32456434,0.3685062,0.37356645,0.38255423,0.38398972
thin,P,word2vec_tiny_base,0.3488299,0.4407133,0.47181416,0.5987689,0.52735174,0.6811103
wicked,P,word2vec_tiny_base,0.2829281,0.3301059,0.361199,0.41371885,0.392296,0.44061396
iron,P,word2vec_tiny_base,0.34228563,0.4420098,0.43690768,0.5608854,0.48423386,0.62754804
nugget,P,word2vec_tiny_base,0.33195928,0.40781394,0.39267945,0.48307583,0.41527185,0.4748311
cage,P,word2vec_tiny_base,0.42383996,0.5763501,0.521088,0.6731428,0.5565423,0.69995594
vitamin,M,word2vec_tiny_base,0.28064898,0.34310243,0.36245254,0.42867827,0.39262542,0.4640623
nickel,P,word2vec_tiny_base,0.2967977,0.3470688,0.3601536,0.3731333,0.3835395,0.39895928
queasy,P,word2vec_tiny_base,0.17586951,0.19951488,0.20696504,0.22975427,0.22019596,0.24481629
trucker,P,word2vec_tiny_base,0.33254975,0.33699998,0.37102166,0.35427952,0.38731125,0.35188475
blitz,P,word2vec_tiny_base,0.21140239,0.20506026,0.24334253,0.23820864,0.2564545,0.25076798
mouthful,P,word2vec_tiny_base,0.18576708,0.21748173,0.25319883,0.3094974,0.28995875,0.36348346
chatty,P,word2vec_tiny_base,0.414321,0.52173394,0.4819544,0.5757048,0.5105361,0.5918697
toss,P,word2vec_tiny_base,0.41239753,0.52128744,0.53580207,0.66236347,0.57981634,0.69701135
servant,P,word2vec_tiny_base,0.35668945,0.46005943,0.44928032,0.5134316,0.47737008,0.533437
intimidate,P,word2vec_tiny_base,0.16250408,0.17708826,0.18913364,0.21167512,0.2004815,0.22490923
charity,P,word2vec_tiny_base,0.31068963,0.35821137,0.40922612,0.4711485,0.44446266,0.49237147
match,H,word2vec_tiny_base,0.4012405,0.5053084,0.49857,0.59577596,0.533263,0.6311756
buff,H,word2vec_tiny_base,0.24871191,0.28409097,0.28609505,0.30230376,0.30115983,0.31613216
larger,P,word2vec_tiny_base,0.3029962,0.35139033,0.37806988,0.46667334,0.41444877,0.52212995
crowbar,M,word2vec_tiny_base,0.25177872,0.29374897,0.29198205,0.3302408,0.30699536,0.33121675
collapse,P,word2vec_tiny_base,0.2677378,0.3340107,0.37567157,0.47629312,0.41372925,0.50533205
giggle,P,word2vec_tiny_base,0.38014376,0.49297112,0.46688676,0.55014837,0.49535802,0.5659041
supportive,M,word2vec_tiny_base,0.26047087,0.2966343,0.32195958,0.32841283,0.35100383,0.34727135
mailbox,P,word2vec_tiny_base,0.3357709,0.44683143,0.48202008,0.6346628,0.53421915,0.684829
inject,P,word2vec_tiny_base,0.28891364,0.35653663,0.34886473,0.4091463,0.37223947,0.43588883
window,P,word2vec_tiny_base,0.42744365,0.54271173,0.5294033,0.6643352,0.5644406,0.6824507
prison,P,word2vec_tiny_base,0.2820372,0.3245659,0.35244572,0.40740517,0.38124633,0.43178305
throat,P,word2vec_tiny_base,0.28893948,0.3888509,0.3936066,0.4862358,0.43428862,0.53243643
hint,P,word2vec_tiny_base,0.42733335,0.51166755,0.48373863,0.49859962,0.5004325,0.48494303
pantry,P,word2vec_tiny_base,0.34140074,0.4432312,0.43912598,0.5338158,0.4744636,0.56420493
blur,P,word2vec_tiny_base,0.32202682,0.341706,0.4107898,0.4965352,0.44285354,0.523445
golden,P,word2vec_tiny_base,0.36988205,0.36252964,0.45714578,0.5002882,0.49474657,0.55979335
bravery,P,word2vec_tiny_base,0.2491469,0.29490614,0.3239058,0.39223546,0.35429958,0.42094502
battle,P,word2vec_tiny_base,0.28424555,0.3305539,0.3818288,0.4407992,0.42107812,0.4819068
infectious,P,word2vec_tiny_base,0.24013086,0.2980228,0.27766934,0.33830875,0.29622978,0.36352894
rooftop,M,word2vec_tiny_base,0.30647105,0.36375886,0.37075043,0.43572715,0.39771575,0.46936396
orchestra,P,word2vec_tiny_base,0.2900447,0.37891755,0.36966288,0.48678282,0.406574,0.5218956
spear,H,word2vec_tiny_base,0.27839378,0.3800986,0.41828814,0.56117284,0.4808761,0.6422435
twilight,P,word2vec_tiny_base,0.22763924,0.28204963,0.28848287,0.37958673,0.31678146,0.42314887
rare,H,word2vec_tiny_base,0.3030751,0.38559696,0.43912956,0.58801067,0.4991085,0.62999845
filth,P,word2vec_tiny_base,0.25025743,0.31806153,0.33231327,0.42091113,0.36401898,0.4561146
spinach,M,word2vec_tiny_base,0.21912012,0.2631187,0.29807362,0.34666407,0.33542243,0.3926272
scientific,P,word2vec_tiny_base,0.21880491,0.25011155,0.2530015,0.29133648,0.26768136,0.3009191
sincerity,M,word2vec_tiny_base,0.15070759,0.1701364,0.18205056,0.20900491,0.19672745,0.22515865
policeman,M,word2vec_tiny_base,0.2943896,0.4282988,0.3897126,0.5058767,0.42371207,0.51809675
goalie,M,word2vec_tiny_base,0.36641213,0.44857582,0.46738246,0.57344836,0.5072391,0.5966619
greet,P,word2vec_tiny_base,0.4138318,0.46248886,0.4988349,0.5472313,0.5245953,0.54907656
improve,P,word2vec_tiny_base,0.40760833,0.5547004,0.49445888,0.5957625,0.52833617,0.5654606
inform,P,word2vec_tiny_base,0.16251557,0.16661537,0.1906122,0.19950819,0.20440532,0.21896006
daily,P,word2vec_tiny_base,0.3141857,0.37842995,0.40067306,0.45793086,0.43250856,0.4644761
plea,P,word2vec_tiny_base,0.27950597,0.3332653,0.35499868,0.40761304,0.38236213,0.43666652
trio,P,word2vec_tiny_base,0.32629603,0.37030128,0.36525303,0.40142086,0.37972617,0.4214293
rid,M,word2vec_tiny_base,0.47074723,0.50068074,0.5316435,0.54379797,0.55288106,0.5529158
master,P,word2vec_tiny_base,0.35418606,0.37743652,0.40109703,0.413238,0.41930795,0.44373658
vintage,P,word2vec_tiny_base,0.20562105,0.19626507,0.23805611,0.23231514,0.2506353,0.24839917
slap,P,word2vec_tiny_base,0.36093917,0.5003852,0.49135026,0.64808816,0.5334006,0.66490984
contain,P,word2vec_tiny_base,0.34480524,0.38594535,0.42915612,0.47173905,0.4560688,0.47000366
gesture,P,word2vec_tiny_base,0.28677338,0.30153,0.3799298,0.39800024,0.41122958,0.42356977
soccer,M,word2vec_tiny_base,0.3326773,0.42008522,0.4780392,0.6195733,0.5254471,0.6461015
reckless,P,word2vec_tiny_base,0.27952197,0.34255195,0.41160816,0.5005396,0.45361474,0.5110495
selection,P,word2vec_tiny_base,0.29953206,0.38510528,0.36852944,0.465887,0.40150476,0.49665537
title,P,word2vec_tiny_base,0.36016387,0.3972312,0.43810725,0.50314254,0.4719519,0.54298896
knife,P,word2vec_tiny_base,0.33997676,0.48340413,0.44269627,0.5885362,0.48196465,0.616821
organize,P,word2vec_tiny_base,0.3408644,0.4736079,0.47313678,0.65064883,0.5312895,0.69040793
swab,P,word2vec_tiny_base,0.26538286,0.27945185,0.3024692,0.31616387,0.31855452,0.3250771
childish,P,word2vec_tiny_base,0.3228343,0.41340908,0.4111943,0.4888409,0.444623,0.5061793
persuade,P,word2vec_tiny_base,0.28245896,0.32803085,0.38738438,0.41943327,0.42528316,0.4528489
tolerance,P,word2vec_tiny_base,0.15214095,0.17199825,0.18443178,0.22137837,0.20202808,0.24861804
burglar,M,word2vec_tiny_base,0.26354307,0.30888975,0.3111992,0.35930055,0.3307329,0.3822418
atmosphere,P,word2vec_tiny_base,0.30461866,0.328917,0.39469627,0.4727764,0.42647263,0.5108476
youth,P,word2vec_tiny_base,0.4038431,0.5207507,0.5042439,0.6399792,0.53717756,0.63388073
rub,P,word2vec_tiny_base,0.38464725,0.5474232,0.49479783,0.6453541,0.53331494,0.65204394
faint,P,word2vec_tiny_base,0.30246335,0.3725007,0.3754545,0.4576271,0.40864184,0.48640776
dancer,M,word2vec_tiny_base,0.37036473,0.47724667,0.47097012,0.61337286,0.5122162,0.6355572
heroism,M,word2vec_tiny_base,0.15515284,0.18493515,0.18435492,0.21965058,0.19612724,0.2305624
trap,H,word2vec_tiny_base,0.4192609,0.57884336,0.50235415,0.6564775,0.5334438,0.65356463
courtyard,M,word2vec_tiny_base,0.322508,0.38948604,0.37752149,0.45243487,0.400745,0.47783905
circle,P,word2vec_tiny_base,0.32597753,0.4482174,0.45677093,0.60699564,0.5009245,0.63615733
flatten,P,word2vec_tiny_base,0.24827497,0.31891668,0.32831275,0.4380556,0.3644535,0.47848135
intention,P,word2vec_tiny_base,0.25412416,0.24945892,0.3002293,0.31204894,0.31770223,0.3340529
boot,P,word2vec_tiny_base,0.29565936,0.34865737,0.4165326,0.55791223,0.47093308,0.6213029
spot,P,word2vec_tiny_base,0.29624516,0.38904166,0.44965386,0.5772555,0.50192416,0.6026237
proud,P,word2vec_tiny_base,0.40310034,0.49660096,0.49723956,0.5344102,0.5319901,0.5372359
ambulance,M,word2vec_tiny_base,0.29796258,0.40072098,0.4071858,0.554863,0.4617305,0.6035932
faulty,M,word2vec_tiny_base,0.21317264,0.23917107,0.2579506,0.28221074,0.27540833,0.29000455
artificial,P,word2vec_tiny_base,0.2088352,0.21915063,0.24266489,0.25504827,0.25685444,0.27200454
corner,P,word2vec_tiny_base,0.40292192,0.5223434,0.47809923,0.59907395,0.50871646,0.60113674
harmless,M,word2vec_tiny_base,0.388194,0.48174468,0.48729455,0.6157828,0.53293496,0.65119284
yawn,P,word2vec_tiny_base,0.41270638,0.53095603,0.5364302,0.6476762,0.57632875,0.6854239
tape,P,word2vec_tiny_base,0.2979989,0.44025218,0.40693083,0.56287587,0.45095882,0.6010521
bland,P,word2vec_tiny_base,0.23404515,0.27322495,0.30272976,0.34241915,0.33831567,0.3857519
tin,P,word2vec_tiny_base,0.39999166,0.43792415,0.47525537,0.5492094,0.50574374,0.5884225
handy,P,word2vec_tiny_base,0.39427122,0.39795485,0.44568977,0.4249395,0.46473733,0.44396552
gardener,P,word2vec_tiny_base,0.37887862,0.47978345,0.45041335,0.5468332,0.47972777,0.56310046
enemy,P,word2vec_tiny_base,0.33487922,0.3691359,0.41521966,0.46715626,0.44738045,0.49710643
finger,P,word2vec_tiny_base,0.29614666,0.38510406,0.4121672,0.5353735,0.45908844,0.5697636
hustle,P,word2vec_tiny_base,0.2874188,0.37276375,0.36458728,0.4647308,0.39510837,0.49087325
caress,P,word2vec_tiny_base,0.23072138,0.30978554,0.29925403,0.39664924,0.3256717,0.42102158
theft,M,word2vec_tiny_base,0.24872582,0.30284616,0.30043733,0.3557264,0.32137042,0.3788157
ungrateful,M,word2vec_tiny_base,0.28796944,0.35840973,0.43670928,0.517898,0.484422,0.54119456
capsule,P,word2vec_tiny_base,0.24927588,0.22284836,0.28160885,0.25222358,0.29460979,0.26046255
balance,P,word2vec_tiny_base,0.42498478,0.5414695,0.52986884,0.6865078,0.5703939,0.71516955
conquer,P,word2vec_tiny_base,0.2504701,0.32143208,0.322872,0.39014125,0.3585972,0.4145414
rib,H,word2vec_tiny_base,0.258449,0.2972941,0.30101433,0.34423146,0.321156,0.3487317
fertilizer,P,word2vec_tiny_base,0.27449507,0.33690926,0.35115993,0.43881884,0.38278285,0.4716023
crime,P,word2vec_tiny_base,0.24897721,0.317017,0.3204986,0.40489772,0.35100025,0.43546864
twinkle,P,word2vec_tiny_base,0.33824706,0.40128994,0.43719375,0.52967536,0.47442314,0.5600988
rat,P,word2vec_tiny_base,0.33341002,0.4822177,0.45822656,0.59356004,0.5041211,0.628261
shade,P,word2vec_tiny_base,0.43008024,0.56600577,0.5236608,0.64938223,0.5649868,0.66472685
youthful,P,word2vec_tiny_base,0.23965771,0.26464358,0.27586514,0.30604458,0.29339498,0.32334927
risky,M,word2vec_tiny_base,0.37011132,0.4685157,0.4504052,0.5083089,0.4763016,0.512885
cider,M,word2vec_tiny_base,0.17515567,0.20597124,0.23639235,0.3014285,0.27297777,0.34191245
cinnamon,P,word2vec_tiny_base,0.23001055,0.27898282,0.29239768,0.3493525,0.32719028,0.39553028
heartfelt,M,word2vec_tiny_base,0.2422101,0.28115278,0.27904513,0.31290933,0.2950959,0.32128248
painful,P,word2vec_tiny_base,0.3282576,0.37467328,0.41099653,0.47528556,0.44698173,0.5063964
illusion,P,word2vec_tiny_base,0.23432878,0.2643166,0.28277114,0.2889522,0.3000488,0.3002594
stem,H,word2vec_tiny_base,0.31852216,0.41987374,0.41517177,0.53336287,0.4557392,0.5741733
nightmare,P,word2vec_tiny_base,0.43679515,0.5299969,0.5215447,0.57407534,0.5465294,0.5548702
yell,P,word2vec_tiny_base,0.365789,0.51069826,0.5021289,0.63436633,0.5504835,0.6512827
tilt,P,word2vec_tiny_base,0.33601195,0.43751565,0.40618068,0.51197696,0.43744424,0.54294425
lodge,P,word2vec_tiny_base,0.32807794,0.33733422,0.3687297,0.343384,0.3847853,0.34960932
excite,P,word2vec_tiny_base,0.4607985,0.54662246,0.57488805,0.6997599,0.61255807,0.73319423
spruce,H,word2vec_tiny_base,0.13826914,0.15389256,0.16093323,0.18345575,0.17224987,0.2004178
butterfly,P,word2vec_tiny_base,0.31279773,0.39630303,0.4364247,0.5522531,0.48354653,0.5902293
pal,P,word2vec_tiny_base,0.33512557,0.3690555,0.37811634,0.3846401,0.39757186,0.39978233
cork,P,word2vec_tiny_base,0.35875347,0.45490807,0.4328664,0.53594035,0.46756554,0.56585276
ogre,P,word2vec_tiny_base,0.26755348,0.3143819,0.34905377,0.39633003,0.37862915,0.42658642
underneath,P,word2vec_tiny_base,0.36253768,0.48518372,0.44762895,0.5334235,0.4824217,0.5490899
appearance,P,word2vec_tiny_base,0.2878458,0.32072505,0.36236155,0.37224397,0.39173532,0.38476622
cushion,P,word2vec_tiny_base,0.2757413,0.39965287,0.4212259,0.5664075,0.4759959,0.6300428
squint,P,word2vec_tiny_base,0.31277323,0.3468462,0.37837315,0.44575918,0.4071828,0.4797004
platform,P,word2vec_tiny_base,0.36168334,0.50262225,0.45504907,0.6010425,0.49399266,0.62784517
foggy,P,word2vec_tiny_base,0.3717628,0.45852685,0.51055354,0.6428284,0.5549388,0.66857916
hen,M,word2vec_tiny_base,0.2715345,0.32568628,0.43814364,0.5298116,0.51262665,0.626895
skirt,P,word2vec_tiny_base,0.25085402,0.35322225,0.38595402,0.51606405,0.4478145,0.58011425
allergic,P,word2vec_tiny_base,0.4383863,0.4593213,0.5019391,0.5227309,0.5273782,0.566029
limp,H,word2vec_tiny_base,0.3279563,0.38084668,0.4012931,0.48136908,0.43069223,0.50191206
splash,P,word2vec_tiny_base,0.31169277,0.4379511,0.43469226,0.5579563,0.48381257,0.6029797
note,P,word2vec_tiny_base,0.37571043,0.4587593,0.48546448,0.5670395,0.52544177,0.5826207
sensible,P,word2vec_tiny_base,0.28132945,0.35515243,0.33628637,0.3978527,0.36091042,0.4160003
rescue,P,word2vec_tiny_base,0.41703877,0.559324,0.54507804,0.6615699,0.5833543,0.66396374
paradise,P,word2vec_tiny_base,0.28257835,0.306443,0.3510622,0.42324385,0.37897828,0.4550632
verse,H,word2vec_tiny_base,0.20917626,0.26160467,0.25350696,0.25757706,0.26994842,0.2651799
melt,P,word2vec_tiny_base,0.370004,0.5162103,0.49706253,0.636517,0.5442609,0.64276296
brand,P,word2vec_tiny_base,0.40524155,0.44855407,0.47697854,0.5236122,0.5021269,0.5081481
punishment,P,word2vec_tiny_base,0.33151627,0.3598204,0.39327556,0.4111494,0.41993454,0.44580382
owner,M,word2vec_tiny_base,0.40607,0.5235384,0.49176273,0.5621927,0.5223263,0.5433915
leash,P,word2vec_tiny_base,0.35279393,0.42276946,0.4601346,0.602483,0.5037008,0.6542193
strain,H,word2vec_tiny_base,0.24644332,0.31663617,0.2993198,0.37675214,0.32126328,0.39347288
magnetic,P,word2vec_tiny_base,0.26887393,0.30280125,0.306544,0.3484485,0.32115337,0.36559957
candy,P,word2vec_tiny_base,0.26675352,0.34077522,0.38121322,0.4731365,0.4336476,0.5300302
castle,P,word2vec_tiny_base,0.34543687,0.49675193,0.4693315,0.6363135,0.5188169,0.6665163
sin,H,word2vec_tiny_base,0.24995586,0.2444403,0.28179437,0.2614883,0.29647678,0.28263482
washed,P,word2vec_tiny_base,0.34041196,0.4386575,0.4771677,0.5495144,0.52286917,0.5763333
maneuver,P,word2vec_tiny_base,0.24321003,0.25860345,0.28429717,0.30299297,0.30062482,0.32101297
pastry,P,word2vec_tiny_base,0.21942429,0.30473998,0.34762028,0.44980526,0.4093609,0.51376575
snot,P,word2vec_tiny_base,0.22717145,0.30422193,0.30255097,0.41430497,0.33664325,0.45121387
recent,P,word2vec_tiny_base,0.25084227,0.2786808,0.28712788,0.29165804,0.30224505,0.30132532
magnet,P,word2vec_tiny_base,0.3219232,0.40306845,0.41874573,0.5444382,0.4696405,0.6138631
example,P,word2vec_tiny_base,0.3480236,0.32129443,0.39594468,0.38356593,0.41861373,0.4123234
plump,H,word2vec_tiny_base,0.26275477,0.34342754,0.34598905,0.44618878,0.38254082,0.48499492
demon,P,word2vec_tiny_base,0.1579777,0.16192526,0.18244968,0.19885701,0.19415474,0.21315971
zipper,P,word2vec_tiny_base,0.32898337,0.4473828,0.44097245,0.5575574,0.49080712,0.6274544
stormy,P,word2vec_tiny_base,0.31655666,0.3910698,0.4091591,0.49183285,0.4504043,0.52096385
intent,H,word2vec_tiny_base,0.27741224,0.31265125,0.32155937,0.35427147,0.33712715,0.3645149
kingdom,P,word2vec_tiny_base,0.3058481,0.43401176,0.39953983,0.50392455,0.43672928,0.51503384
tidal,P,word2vec_tiny_base,0.22169566,0.25906193,0.2682049,0.3106005,0.28749362,0.3194216
ceremony,P,word2vec_tiny_base,0.31554055,0.37862644,0.40186837,0.47353065,0.43865556,0.5057119
leader,P,word2vec_tiny_base,0.40136927,0.49381465,0.49449357,0.5679831,0.52336365,0.58835256
hangman,M,word2vec_tiny_base,0.262914,0.29481748,0.30940074,0.3261378,0.3311979,0.34265465
kindly,P,word2vec_tiny_base,0.30212665,0.36632836,0.3683567,0.4145598,0.39400998,0.4361277
brief,P,word2vec_tiny_base,0.2736717,0.3195578,0.32568687,0.38036934,0.3466922,0.4027249
unpack,P,word2vec_tiny_base,0.35923886,0.49953625,0.50290185,0.6594118,0.5528671,0.67773706
mansion,P,word2vec_tiny_base,0.3006181,0.35102272,0.3722402,0.43834364,0.3994405,0.46462318
bun,P,word2vec_tiny_base,0.37944758,0.46621078,0.4701083,0.59285146,0.5061354,0.6237663
possession,P,word2vec_tiny_base,0.27035236,0.34760678,0.3413779,0.4048812,0.36764732,0.42028487
blackboard,M,word2vec_tiny_base,0.31399176,0.3998416,0.42717507,0.55273837,0.48226723,0.62023544
teenager,M,word2vec_tiny_base,0.25384188,0.26496783,0.28904918,0.30172616,0.30308115,0.31774557
broad,P,word2vec_tiny_base,0.29125223,0.34926513,0.35955834,0.40152958,0.38373202,0.4158172
thick,P,word2vec_tiny_base,0.38726193,0.45534682,0.50227374,0.6222808,0.54863846,0.67158544
brute,P,word2vec_tiny_base,0.2429539,0.25470445,0.27943113,0.26641697,0.2943953,0.27916178
gloomy,P,word2vec_tiny_base,0.36039972,0.4801318,0.48771983,0.63462126,0.5393495,0.6715587
lizard,P,word2vec_tiny_base,0.2947476,0.40206322,0.42660782,0.55786365,0.48201573,0.6277436
ransom,P,word2vec_tiny_base,0.14802834,0.17856522,0.17868996,0.20777483,0.19113284,0.21926929
pap,P,word2vec_tiny_base,0.3014427,0.30168632,0.33299884,0.31723353,0.35181686,0.39275926
section,P,word2vec_tiny_base,0.34104437,0.41952285,0.45972186,0.5485448,0.5083806,0.5900026
muck,P,word2vec_tiny_base,0.23944715,0.30805677,0.3231612,0.4215091,0.355744,0.4536988
wooden,P,word2vec_tiny_base,0.44560084,0.5505652,0.5189684,0.63944364,0.5457081,0.64326775
heartbeat,M,word2vec_tiny_base,0.33907497,0.42414406,0.40733182,0.48242027,0.43839806,0.50412905
sturdy,P,word2vec_tiny_base,0.35889938,0.40257832,0.42353126,0.4903124,0.45253858,0.5239013
dive,P,word2vec_tiny_base,0.357683,0.47292304,0.4647364,0.56507224,0.50943834,0.60415906
smile,P,word2vec_tiny_base,0.40972692,0.5349153,0.511703,0.5458504,0.54272604,0.52240026
shelf,P,word2vec_tiny_base,0.33776337,0.42674702,0.48148635,0.6058258,0.5385087,0.6715342
product,P,word2vec_tiny_base,0.31164837,0.36320618,0.36600232,0.4316707,0.38943082,0.44856107
frighten,P,word2vec_tiny_base,0.30019912,0.3828592,0.36646965,0.43739307,0.39568734,0.45546424
worm,P,word2vec_tiny_base,0.27480644,0.372826,0.39424703,0.546409,0.44589767,0.6061937
eldest,M,word2vec_tiny_base,0.28881818,0.36146918,0.3578731,0.40676147,0.37981927,0.40629604
ointment,M,word2vec_tiny_base,0.293879,0.35743904,0.38371995,0.46037686,0.41883934,0.49287188
chunk,P,word2vec_tiny_base,0.3195343,0.4049826,0.395531,0.47716576,0.42556024,0.5069225
glance,P,word2vec_tiny_base,0.2979861,0.36437935,0.35839424,0.4085645,0.38142464,0.4262368
collar,P,word2vec_tiny_base,0.30795786,0.3645733,0.43398207,0.5787551,0.4904746,0.6485622
toothpick,M,word2vec_tiny_base,0.26836133,0.3320483,0.33219066,0.43034923,0.3643837,0.47371817
meteor,M,word2vec_tiny_base,0.34076303,0.40734345,0.41097555,0.48132905,0.439289,0.50364
physical,P,word2vec_tiny_base,0.20103891,0.2482098,0.25688547,0.30677196,0.28390166,0.33947992
windshield,P,word2vec_tiny_base,0.25968644,0.34707284,0.33746865,0.45641935,0.37483925,0.49533013
filthy,P,word2vec_tiny_base,0.33697098,0.48253247,0.47565156,0.6404709,0.5301923,0.68759364
rubble,P,word2vec_tiny_base,0.32856768,0.3870054,0.39716023,0.44225782,0.42893806,0.48104712
timber,P,word2vec_tiny_base,0.30406365,0.35903028,0.34901237,0.4066189,0.36632222,0.42874342
colleague,M,word2vec_tiny_base,0.20493838,0.20753838,0.2355885,0.24506721,0.24802352,0.25324425
angry,P,word2vec_tiny_base,0.3694971,0.46797073,0.48786083,0.63990194,0.53370523,0.6790993
cobbler,P,word2vec_tiny_base,0.22426479,0.22914703,0.26035857,0.25120848,0.27497563,0.2634559
depth,P,word2vec_tiny_base,0.3005256,0.39657822,0.35904953,0.44974357,0.3806763,0.47803253
screen,P,word2vec_tiny_base,0.2814986,0.40771592,0.4187014,0.589424,0.4758378,0.6428146
arrange,P,word2vec_tiny_base,0.32457337,0.40684372,0.41682473,0.5115959,0.44997567,0.53935426
penny,P,word2vec_tiny_base,0.33096474,0.35632378,0.44603005,0.5662808,0.48147237,0.5836809
acquire,P,word2vec_tiny_base,0.14593677,0.16413353,0.17794523,0.2094919,0.1931516,0.23453401
cactus,M,word2vec_tiny_base,0.33102894,0.39751884,0.4451282,0.5792046,0.49334952,0.63326204
bend,P,word2vec_tiny_base,0.40393963,0.5508096,0.52321917,0.6648507,0.56324613,0.69617105
cancel,P,word2vec_tiny_base,0.29805756,0.33005235,0.37483463,0.39206037,0.40392157,0.3903268
squirt,P,word2vec_tiny_base,0.3517414,0.40494972,0.43743035,0.50729287,0.4708294,0.5378795
mayonnaise,M,word2vec_tiny_base,0.17056601,0.21751226,0.24181633,0.3112093,0.2802341,0.3647691
chat,P,word2vec_tiny_base,0.42312366,0.4929033,0.50022733,0.56985104,0.52500564,0.5634644
renew,P,word2vec_tiny_base,0.12316804,0.15336245,0.14902905,0.18360747,0.16245174,0.20142059
wardrobe,P,word2vec_tiny_base,0.32784575,0.41937014,0.45262295,0.60355926,0.50575507,0.65996015
cunning,P,word2vec_tiny_base,0.25549495,0.32065114,0.3214351,0.39364824,0.34837073,0.4202835
liberty,P,word2vec_tiny_base,0.2624277,0.28276128,0.33152562,0.3811688,0.35926026,0.3877085
vibrant,P,word2vec_tiny_base,0.23496541,0.3373459,0.32898444,0.43273866,0.3678841,0.47836933
term,P,word2vec_tiny_base,0.2524171,0.20164375,0.29395717,0.27372047,0.31268096,0.28727955
tar,H,word2vec_tiny_base,0.3308533,0.40273613,0.38877955,0.4699369,0.40798447,0.46110225
cup,P,word2vec_tiny_base,0.2640273,0.38344246,0.40026498,0.546886,0.4548559,0.5857783
lawman,M,word2vec_tiny_base,0.22107391,0.22328024,0.25260064,0.23854329,0.26647994,0.25074062
spa,P,word2vec_tiny_base,0.33180037,0.37722412,0.3984751,0.4303422,0.42163014,0.44354028
shuffle,P,word2vec_tiny_base,0.29552463,0.35942665,0.35268006,0.4224189,0.37787437,0.4471883
rust,P,word2vec_tiny_base,0.29769182,0.3858019,0.38203597,0.49175498,0.42029682,0.52073264
bone,P,word2vec_tiny_base,0.37261668,0.5063926,0.46768272,0.6221996,0.5090261,0.65628767
huddle,P,word2vec_tiny_base,0.31724295,0.36160332,0.3830146,0.3543822,0.4047288,0.35532808
coffin,M,word2vec_tiny_base,0.28176552,0.28425068,0.3191368,0.3368392,0.3358259,0.33830592
annual,P,word2vec_tiny_base,0.23121624,0.3139902,0.30803755,0.4159946,0.34361985,0.44488975
poop,H,word2vec_tiny_base,0.3419935,0.39858264,0.4303714,0.5037663,0.4683304,0.5475794
carbon,P,word2vec_tiny_base,0.29798687,0.34752318,0.35986903,0.3222894,0.3846902,0.40341067
tiresome,P,word2vec_tiny_base,0.17049423,0.18910478,0.19695508,0.21780366,0.20789044,0.23110588
octopus,P,word2vec_tiny_base,0.18807726,0.25160095,0.32960948,0.44561026,0.40458378,0.5426601
spout,P,word2vec_tiny_base,0.3253441,0.38287118,0.40985328,0.509304,0.44234437,0.5352747
dibs,P,word2vec_tiny_base,0.2852096,0.2984374,0.32873565,0.313023,0.34597984,0.3322158
illegal,P,word2vec_tiny_base,0.29127598,0.33099505,0.3477133,0.3949797,0.3705703,0.41263634
map,P,word2vec_tiny_base,0.37547308,0.5067631,0.4793927,0.60728633,0.5155748,0.6406048
nearby,P,word2vec_tiny_base,0.40913397,0.46510208,0.47148758,0.49754384,0.49465302,0.5083749
precision,P,word2vec_tiny_base,0.25137225,0.32774788,0.31631434,0.3992201,0.34251133,0.43376234
everyday,P,word2vec_tiny_base,0.43928933,0.5363232,0.530823,0.5678592,0.55663586,0.53168184
bake,P,word2vec_tiny_base,0.3230349,0.4133182,0.4469154,0.5373439,0.49417922,0.5531208
disappoint,P,word2vec_tiny_base,0.36925116,0.4182946,0.44600108,0.46385083,0.47310913,0.4824979
ingenious,P,word2vec_tiny_base,0.16036007,0.18901248,0.18715018,0.21779379,0.19900942,0.22476713
pride,P,word2vec_tiny_base,0.29237145,0.36257896,0.38329628,0.44736347,0.41291335,0.45365274
bat,H,word2vec_tiny_base,0.36896357,0.41531724,0.49766734,0.6261489,0.5438466,0.6651171
version,P,word2vec_tiny_base,0.27557954,0.2795162,0.33252707,0.3440258,0.35858738,0.3803085
thirsty,P,word2vec_tiny_base,0.4166657,0.5564814,0.54245996,0.68383515,0.5847293,0.7006833
equipment,P,word2vec_tiny_base,0.38206384,0.5251239,0.4652078,0.6163434,0.50658804,0.6613942
disgust,P,word2vec_tiny_base,0.22528586,0.32686314,0.30208468,0.4247919,0.33532006,0.45209044
organic,P,word2vec_tiny_base,0.20195171,0.23445442,0.24394947,0.2836442,0.26254052,0.31011388
launch,H,word2vec_tiny_base,0.40140885,0.48077586,0.49556333,0.5850649,0.530182,0.6052405
clue,P,word2vec_tiny_base,0.42269605,0.55246496,0.52131975,0.61384,0.5513669,0.6055675
modest,P,word2vec_tiny_base,0.27448756,0.3482741,0.41522163,0.5490512,0.4898577,0.6225837
novelist,M,word2vec_tiny_base,0.23394589,0.22676747,0.26544806,0.25510773,0.27775472,0.26661366
beige,M,word2vec_tiny_base,0.28168237,0.3439858,0.33626062,0.4096546,0.35826764,0.43738222
tap,H,word2vec_tiny_base,0.35285312,0.46065888,0.4736118,0.6120682,0.5196579,0.6638628
courageous,M,word2vec_tiny_base,0.28118694,0.3954502,0.34937721,0.44053927,0.37747803,0.46126288
bounty,P,word2vec_tiny_base,0.29081938,0.29133072,0.3533923,0.3916942,0.37754717,0.4215377
nerve,P,word2vec_tiny_base,0.21121593,0.24554098,0.24069181,0.2615269,0.2530366,0.2751259
brew,P,word2vec_tiny_base,0.2656476,0.34572032,0.34922588,0.4239619,0.38099313,0.46285406
balloon,P,word2vec_tiny_base,0.37950927,0.5109858,0.49024844,0.6254707,0.5304535,0.662849
neighbor,P,word2vec_tiny_base,0.35261396,0.4268097,0.46869168,0.48654717,0.5093232,0.5220349
pepperoni,M,word2vec_tiny_base,0.28244415,0.33797324,0.3961842,0.42029068,0.44396085,0.45837402
volcano,P,word2vec_tiny_base,0.36146316,0.5013528,0.4694054,0.6275746,0.5150087,0.67231864
instructor,M,word2vec_tiny_base,0.24935952,0.30503154,0.30857655,0.4012003,0.3351067,0.42749506
worthwhile,M,word2vec_tiny_base,0.21841773,0.2467077,0.26663387,0.29533935,0.28838295,0.3197436
photograph,P,word2vec_tiny_base,0.29266292,0.3436554,0.33540577,0.3946329,0.35288936,0.41365898
safari,P,word2vec_tiny_base,0.32968333,0.40914354,0.4627734,0.61544186,0.51951224,0.674395
startle,P,word2vec_tiny_base,0.28461272,0.327707,0.34306985,0.37763,0.36749268,0.403776
rubbish,P,word2vec_tiny_base,0.3216489,0.43177855,0.42820957,0.5345561,0.46748897,0.56211203
devious,P,word2vec_tiny_base,0.18110758,0.2101893,0.21021654,0.2410258,0.22247253,0.25200018
unwanted,M,word2vec_tiny_base,0.24623656,0.2804428,0.29669428,0.35261393,0.3224926,0.36700404
poetry,P,word2vec_tiny_base,0.27075386,0.32446346,0.32237616,0.40980303,0.34409645,0.43820098
flick,P,word2vec_tiny_base,0.3635769,0.46324563,0.4465828,0.54657257,0.4865483,0.5951021
sculpture,P,word2vec_tiny_base,0.33029482,0.397162,0.40670684,0.48478672,0.44255227,0.5255187
burden,H,word2vec_tiny_base,0.32192245,0.30903327,0.36700416,0.34824356,0.38459408,0.37905693
dependent,P,word2vec_tiny_base,0.2706101,0.24350207,0.3006638,0.25294766,0.31382966,0.26580653
enjoyable,M,word2vec_tiny_base,0.32788426,0.36693093,0.40379903,0.41938412,0.43089876,0.4401204
bandit,P,word2vec_tiny_base,0.28409585,0.3613919,0.33408237,0.3940683,0.35373998,0.41275856
commotion,P,word2vec_tiny_base,0.40204105,0.45684135,0.47581115,0.5185447,0.5037569,0.5354827
rum,M,word2vec_tiny_base,0.28114986,0.351745,0.34929675,0.43266737,0.37642562,0.438081
conclusion,P,word2vec_tiny_base,0.270773,0.28205895,0.3101513,0.34344447,0.32742664,0.36533758
shock,H,word2vec_tiny_base,0.41539088,0.4832576,0.49426135,0.62089014,0.527438,0.6247061
horde,P,word2vec_tiny_base,0.23934522,0.27627432,0.27997825,0.3330222,0.2947867,0.34361216
menu,P,word2vec_tiny_base,0.37657747,0.49380675,0.4813198,0.5901195,0.52742493,0.6397104
technology,P,word2vec_tiny_base,0.27276868,0.32254645,0.32211226,0.38222498,0.3419473,0.41510192
arrival,P,word2vec_tiny_base,0.30544266,0.35568973,0.37388775,0.4453667,0.39983216,0.46725366
weakness,P,word2vec_tiny_base,0.2581146,0.26534632,0.31122988,0.33398065,0.3341771,0.35615918
claim,P,word2vec_tiny_base,0.33482748,0.40210396,0.39188653,0.4463,0.4155264,0.45223916
dusk,M,word2vec_tiny_base,0.2748797,0.32772762,0.33938733,0.40761647,0.36750862,0.43956855
miraculous,P,word2vec_tiny_base,0.31107622,0.34449118,0.39176393,0.42873165,0.41648078,0.45188633
snort,P,word2vec_tiny_base,0.2624541,0.33408958,0.3425206,0.44178036,0.38367432,0.4737148
fragrance,P,word2vec_tiny_base,0.23055574,0.31584522,0.34024012,0.45732847,0.38029015,0.49446675
wilderness,P,word2vec_tiny_base,0.27514428,0.33250552,0.33234787,0.42472658,0.35901877,0.44572455
swing,P,word2vec_tiny_base,0.33253318,0.4739293,0.47625506,0.6334643,0.5242544,0.6707333
rodeo,M,word2vec_tiny_base,0.23133919,0.23465854,0.2714853,0.25875968,0.28780177,0.2726665
turnip,P,word2vec_tiny_base,0.26029924,0.28183138,0.32265633,0.37741107,0.35414973,0.41884857
bash,P,word2vec_tiny_base,0.22167277,0.26768252,0.25890487,0.30408734,0.27551094,0.3114457
energetic,P,word2vec_tiny_base,0.34887436,0.45381883,0.42233026,0.45584235,0.44634423,0.43845108
resolve,P,word2vec_tiny_base,0.2267385,0.27172765,0.29933113,0.35088524,0.33250564,0.36996818
string,P,word2vec_tiny_base,0.27251488,0.39790416,0.41177437,0.5654539,0.46778384,0.61313
attract,P,word2vec_tiny_base,0.36248368,0.44449535,0.44331607,0.5005334,0.47386414,0.52904695
ordeal,P,word2vec_tiny_base,0.17198877,0.21997017,0.20251484,0.24590498,0.2163023,0.26229838
luxury,P,word2vec_tiny_base,0.46591124,0.5684743,0.5447985,0.64317465,0.57289433,0.6376577
embassy,P,word2vec_tiny_base,0.16726851,0.17144996,0.19703723,0.21016575,0.21037203,0.22221257
glove,P,word2vec_tiny_base,0.26675212,0.35093048,0.38509777,0.5228648,0.44576472,0.60192454
personal,P,word2vec_tiny_base,0.25438341,0.2905977,0.3212903,0.3796335,0.34653375,0.4048255
claw,P,word2vec_tiny_base,0.35659832,0.46529397,0.46147147,0.5879094,0.5022982,0.62514406
mannequin,P,word2vec_tiny_base,0.24678735,0.24923567,0.29404065,0.28577882,0.31294143,0.2944947
nudge,P,word2vec_tiny_base,0.29922694,0.3606178,0.36759496,0.44465762,0.397282,0.47849023
washroom,M,word2vec_tiny_base,0.2097791,0.24008103,0.2632403,0.28467616,0.2835222,0.29335043
rally,H,word2vec_tiny_base,0.1927819,0.23123743,0.22522245,0.25048384,0.23952775,0.25652996
estate,P,word2vec_tiny_base,0.18851395,0.20843558,0.2177769,0.25377533,0.23230167,0.27225938
stomp,P,word2vec_tiny_base,0.42798907,0.5086134,0.50745946,0.6052763,0.53970754,0.6179331
safety,P,word2vec_tiny_base,0.39012602,0.41952714,0.45276558,0.470389,0.47524774,0.46743706
unwilling,P,word2vec_tiny_base,0.240815,0.25991526,0.28329366,0.29440436,0.2996702,0.3100817
clip,H,word2vec_tiny_base,0.322091,0.39370838,0.4107712,0.52849627,0.44571763,0.5658857
mayor,M,word2vec_tiny_base,0.32355118,0.41932833,0.40525776,0.48996034,0.43674877,0.5224959
machine,P,word2vec_tiny_base,0.36355123,0.5075157,0.4637342,0.60731876,0.5039448,0.6401924
honesty,P,word2vec_tiny_base,0.26702303,0.30156514,0.33735424,0.3587634,0.3666484,0.38238448
genie,M,word2vec_tiny_base,0.4285159,0.48590782,0.5223193,0.53235793,0.5527201,0.5432081
sharp,P,word2vec_tiny_base,0.3820687,0.518395,0.4857452,0.6105616,0.52646255,0.6333212
plaid,P,word2vec_tiny_base,0.23817325,0.3155361,0.33428368,0.43538696,0.38041842,0.48819873
smother,P,word2vec_tiny_base,0.209766,0.23660399,0.24882214,0.26829523,0.26274106,0.27905333
airport,M,word2vec_tiny_base,0.29726195,0.42545807,0.4256259,0.57897836,0.4857911,0.6394354
rate,H,word2vec_tiny_base,0.21771023,0.27713886,0.2548679,0.31042135,0.27053443,0.33265787
bonfire,M,word2vec_tiny_base,0.31305733,0.40454113,0.38864982,0.48414913,0.4168261,0.5086995
yoga,P,word2vec_tiny_base,0.39124846,0.51585084,0.501381,0.6222112,0.5386544,0.6392898
tablet,P,word2vec_tiny_base,0.3107477,0.3834835,0.4489982,0.5606329,0.4988579,0.60836536
calendar,P,word2vec_tiny_base,0.31380752,0.36659127,0.41146156,0.53665644,0.46213368,0.6080902
pawn,H,word2vec_tiny_base,0.34867293,0.40676528,0.43332922,0.49564317,0.45876977,0.50763357
limbo,H,word2vec_tiny_base,0.19039857,0.20232262,0.21995679,0.2236839,0.23189706,0.23361075
background,P,word2vec_tiny_base,0.36134547,0.37996948,0.4355785,0.4845543,0.46777457,0.52955353
endless,P,word2vec_tiny_base,0.32262653,0.39221787,0.37656993,0.44446826,0.401168,0.47622755
tag,H,word2vec_tiny_base,0.428823,0.5356394,0.5554594,0.6627488,0.59183604,0.67104006
needle,P,word2vec_tiny_base,0.31264025,0.44014278,0.4302436,0.58855724,0.47567314,0.6262108
attach,P,word2vec_tiny_base,0.33476073,0.4782159,0.46394795,0.64032763,0.52313083,0.69068575
catfish,M,word2vec_tiny_base,0.2961317,0.3602165,0.3533256,0.4302246,0.3847987,0.47249272
slick,H,word2vec_tiny_base,0.32838145,0.3868081,0.39353803,0.4580352,0.4200653,0.4757834
seat,P,word2vec_tiny_base,0.3640858,0.5298975,0.46429905,0.6262538,0.5110892,0.6684806
yarn,P,word2vec_tiny_base,0.36264735,0.46028543,0.46914282,0.6179152,0.5115985,0.66062385
outburst,M,word2vec_tiny_base,0.2271208,0.29414022,0.2744499,0.35114548,0.29298112,0.36544225
diamond,P,word2vec_tiny_base,0.21544072,0.31342828,0.39394367,0.5509692,0.460995,0.61520135
lipstick,M,word2vec_tiny_base,0.37551507,0.4424655,0.46974745,0.5841713,0.5072659,0.6201398
bead,P,word2vec_tiny_base,0.3202003,0.4276327,0.40971646,0.53591436,0.4464048,0.5657414
staircase,M,word2vec_tiny_base,0.33527452,0.38507158,0.43037093,0.49225137,0.46445647,0.52229184
medicine,P,word2vec_tiny_base,0.32863227,0.43247205,0.42385772,0.5277355,0.4675288,0.5696009
penalty,P,word2vec_tiny_base,0.24619517,0.22337227,0.28037798,0.271266,0.2957267,0.28512484
hydrant,M,word2vec_tiny_base,0.3127595,0.40472823,0.3961006,0.49952638,0.43685445,0.52882653
baboon,M,word2vec_tiny_base,0.1653682,0.17213169,0.18989399,0.20332164,0.20114258,0.21637815
holler,P,word2vec_tiny_base,0.20013359,0.20198126,0.22936037,0.24192983,0.24172798,0.25288534
nap,H,word2vec_tiny_base,0.33740294,0.42662075,0.49038368,0.6002768,0.5462827,0.6230408
pattern,P,word2vec_tiny_base,0.36758524,0.4660386,0.44976893,0.57184064,0.4862558,0.5996578
banjo,M,word2vec_tiny_base,0.2953444,0.36116302,0.33414078,0.39445493,0.35089576,0.4168891
warehouse,P,word2vec_tiny_base,0.3288361,0.42528668,0.3955514,0.47784147,0.4216653,0.49824795
exotic,P,word2vec_tiny_base,0.27987558,0.36808327,0.36544907,0.47605294,0.40247527,0.50239307
dodo,P,word2vec_tiny_base,0.2171766,0.29143554,0.3206137,0.40861478,0.38809815,0.49296856
sap,H,word2vec_tiny_base,0.35814658,0.45605484,0.42819542,0.526015,0.4558135,0.5491683
elegant,P,word2vec_tiny_base,0.3231483,0.4038766,0.38552445,0.4814586,0.4155322,0.5151841
speed,P,word2vec_tiny_base,0.33650815,0.4271071,0.44553593,0.53848577,0.4880942,0.5679632
wax,H,word2vec_tiny_base,0.36199924,0.44289762,0.4271142,0.49757203,0.45583403,0.53260434
sapphire,P,word2vec_tiny_base,0.32688192,0.40715668,0.38416654,0.45995206,0.4056614,0.47813556
camel,M,word2vec_tiny_base,0.360293,0.41171637,0.4704792,0.5484514,0.5164896,0.6063878
system,P,word2vec_tiny_base,0.30968145,0.38591424,0.38583356,0.48810673,0.41838723,0.5218862
freshen,P,word2vec_tiny_base,0.1443258,0.15924507,0.16818197,0.18607734,0.17998955,0.20381796
silent,P,word2vec_tiny_base,0.4088493,0.4952011,0.4720351,0.5440341,0.4951131,0.53471774
checkup,M,word2vec_tiny_base,0.3047405,0.36859566,0.42389688,0.5070789,0.47579253,0.5527809
weaken,P,word2vec_tiny_base,0.1995532,0.23501909,0.23139213,0.26130012,0.24414676,0.2709713
chatter,P,word2vec_tiny_base,0.34694988,0.4024143,0.434977,0.5200627,0.4706358,0.55121034
approval,P,word2vec_tiny_base,0.3087669,0.34255627,0.3677075,0.39960128,0.3903375,0.41297784
blow,H,word2vec_tiny_base,0.4275337,0.5811934,0.5321297,0.66109556,0.56833136,0.6810001
poet,P,word2vec_tiny_base,0.2940565,0.34671813,0.3776827,0.4496267,0.4111146,0.4704538
teamwork,M,word2vec_tiny_base,0.34754884,0.31031772,0.42654434,0.37112474,0.4617527,0.38287386
ripple,P,word2vec_tiny_base,0.23370782,0.28845942,0.32111016,0.4047957,0.3597488,0.45421782
brig,P,word2vec_tiny_base,0.21694951,0.24444199,0.25519726,0.272017,0.27165383,0.2791323
kangaroo,M,word2vec_tiny_base,0.24765036,0.33349586,0.3723226,0.48727944,0.42953336,0.5557037
empire,P,word2vec_tiny_base,0.22827205,0.09735365,0.2555545,0.19174848,0.28652433,0.34502268
rightful,P,word2vec_tiny_base,0.36165848,0.4140293,0.4247592,0.43841654,0.44876778,0.45385304
overseas,P,word2vec_tiny_base,0.22283244,0.2507365,0.25814077,0.27134442,0.27193815,0.2807312
tickle,P,word2vec_tiny_base,0.35782084,0.4203543,0.46592155,0.5379553,0.5010134,0.56432444
spook,P,word2vec_tiny_base,0.19450712,0.21713555,0.2220647,0.2531352,0.23327966,0.26538378
material,P,word2vec_tiny_base,0.35291466,0.42467842,0.4236818,0.5007478,0.44885117,0.5210686
celery,M,word2vec_tiny_base,0.21588242,0.30657214,0.3103014,0.42750055,0.3761902,0.49934354
trade,P,word2vec_tiny_base,0.41919366,0.55092955,0.533923,0.6612338,0.5718638,0.66356343
chill,P,word2vec_tiny_base,0.30289626,0.37532097,0.39010638,0.443367,0.42526078,0.48199546
award,P,word2vec_tiny_base,0.23643923,0.31144264,0.31318676,0.407422,0.34591424,0.44149178
waterfall,M,word2vec_tiny_base,0.33356804,0.38236618,0.41062024,0.4956597,0.44853604,0.52889365
nightly,P,word2vec_tiny_base,0.27423695,0.35982475,0.3172355,0.3724725,0.33685878,0.38285393
reindeer,M,word2vec_tiny_base,0.2765801,0.3640927,0.3978269,0.5314437,0.45520046,0.5888751
force,P,word2vec_tiny_base,0.36515787,0.43979752,0.41443765,0.4567812,0.4356669,0.4666173
extreme,P,word2vec_tiny_base,0.1539337,0.17929457,0.17600992,0.20543018,0.18721573,0.21837512
shiver,H,word2vec_tiny_base,0.35678703,0.49818844,0.48735738,0.6185523,0.5335238,0.63644093
portion,P,word2vec_tiny_base,0.25907388,0.27605933,0.3198216,0.3424966,0.34954843,0.3842805
lull,P,word2vec_tiny_base,0.2000417,0.23210067,0.24080884,0.24882148,0.2573447,0.251692
gut,P,word2vec_tiny_base,0.24909143,0.28064644,0.32679507,0.3605692,0.354992,0.38768658
crawl,P,word2vec_tiny_base,0.42125311,0.5791633,0.52163595,0.6730383,0.56317335,0.6925706
verb,M,word2vec_tiny_base,0.27868587,0.3593052,0.35371935,0.43523222,0.3776549,0.45906675
treatment,P,word2vec_tiny_base,0.23466046,0.30614555,0.31102172,0.4060006,0.33885652,0.42002025
surrender,P,word2vec_tiny_base,0.4100493,0.5530581,0.4982763,0.5898592,0.52644193,0.58624333
applaud,P,word2vec_tiny_base,0.35996145,0.439768,0.5132432,0.63783664,0.56010073,0.66597694
dairy,P,word2vec_tiny_base,0.24288972,0.25713447,0.29155803,0.3210318,0.31593153,0.35189366
roadblock,P,word2vec_tiny_base,0.16765402,0.19266757,0.20414348,0.23860787,0.21892315,0.25541365
carve,P,word2vec_tiny_base,0.36595663,0.46616524,0.4467234,0.50606924,0.4802906,0.5361836
colorful,P,word2vec_tiny_base,0.33387506,0.41374126,0.45586964,0.61402947,0.5124179,0.66800755
petite,P,word2vec_tiny_base,0.2418973,0.2859598,0.2825853,0.32479078,0.2975988,0.34082186
struggle,P,word2vec_tiny_base,0.41884524,0.5346817,0.52955174,0.68090075,0.5710255,0.7088195
cluster,P,word2vec_tiny_base,0.2568054,0.33793485,0.31392178,0.4200975,0.34381676,0.4566039
exam,M,word2vec_tiny_base,0.33099258,0.43503487,0.45621628,0.5712668,0.50490874,0.603255
motivate,M,word2vec_tiny_base,0.1507545,0.1697265,0.1863618,0.21484023,0.20490876,0.23870586
wizard,P,word2vec_tiny_base,0.2908674,0.3901735,0.37444323,0.48218516,0.40610972,0.5047494
math,M,word2vec_tiny_base,0.3001612,0.42795983,0.40237877,0.5309045,0.45286143,0.55896395
creator,P,word2vec_tiny_base,0.2787087,0.33372566,0.33820435,0.38730112,0.36045924,0.39941826
bump,P,word2vec_tiny_base,0.39478183,0.48334232,0.49540257,0.57746214,0.5308193,0.6047706
greasy,P,word2vec_tiny_base,0.22833323,0.31675738,0.29804623,0.40020624,0.3283187,0.43074957
buzzer,M,word2vec_tiny_base,0.31144372,0.3786971,0.41360646,0.50105554,0.44369864,0.5113524
zombie,P,word2vec_tiny_base,0.27797666,0.34276348,0.32348645,0.39448956,0.34314072,0.4093933
payment,P,word2vec_tiny_base,0.27624577,0.32178718,0.3246489,0.39929444,0.3473955,0.4188504
almond,P,word2vec_tiny_base,0.20008199,0.21234757,0.2614479,0.3049752,0.29143935,0.3367173
cling,P,word2vec_tiny_base,0.28491065,0.34002727,0.32429776,0.36212534,0.34116334,0.3673999
grin,P,word2vec_tiny_base,0.34471905,0.42523953,0.44574443,0.44843423,0.4741169,0.45692602
terrific,P,word2vec_tiny_base,0.2859033,0.37346485,0.34192726,0.40388614,0.36537766,0.417995
absence,P,word2vec_tiny_base,0.21698675,0.2572684,0.25608277,0.3191217,0.2766162,0.35305092
examine,P,word2vec_tiny_base,0.41102347,0.56260484,0.5222969,0.69713163,0.569707,0.7296031
unlucky,P,word2vec_tiny_base,0.3883378,0.45564774,0.44475335,0.47044253,0.4651078,0.46534535
creative,P,word2vec_tiny_base,0.34111896,0.46427307,0.47189566,0.61681485,0.5219372,0.6463446
rake,H,word2vec_tiny_base,0.34746474,0.4782486,0.45006928,0.61163956,0.49210402,0.6584126
container,P,word2vec_tiny_base,0.31415254,0.40921602,0.39293197,0.48477334,0.4251454,0.5218519
text,P,word2vec_tiny_base,0.2576608,0.29008055,0.30222303,0.3310355,0.32390633,0.3367298
prowl,P,word2vec_tiny_base,0.21544047,0.24851681,0.24706724,0.27893355,0.26043567,0.2856956
bully,H,word2vec_tiny_base,0.3691059,0.43436423,0.44658807,0.52894914,0.4794202,0.54393697
cherry,P,word2vec_tiny_base,0.2089334,0.24671234,0.3673087,0.4795423,0.43656358,0.53846884
waiter,P,word2vec_tiny_base,0.34986094,0.45141876,0.44187373,0.5120071,0.4768679,0.51640743
daybreak,M,word2vec_tiny_base,0.2080855,0.21519895,0.23924339,0.24961314,0.25335506,0.25623682
witty,P,word2vec_tiny_base,0.2133852,0.19971924,0.24266613,0.22736269,0.25558516,0.23748574
fate,P,word2vec_tiny_base,0.23606996,0.28139237,0.30746382,0.37613344,0.3380631,0.4042798
wart,P,word2vec_tiny_base,0.27962628,0.3511825,0.34702614,0.43143043,0.37848637,0.46749267
invent,P,word2vec_tiny_base,0.3104268,0.35148776,0.3908322,0.44435585,0.4253801,0.4872454
knock,P,word2vec_tiny_base,0.45582026,0.5661774,0.57742643,0.68218374,0.61058307,0.694556
sometime,P,word2vec_tiny_base,0.43014932,0.4585555,0.5008389,0.4490351,0.5240805,0.44520572
playful,P,word2vec_tiny_base,0.28797892,0.3688111,0.4473278,0.57951057,0.5207457,0.6420527
crumble,P,word2vec_tiny_base,0.28735924,0.34143022,0.3898629,0.49112442,0.4260619,0.52147096
slide,P,word2vec_tiny_base,0.3167798,0.4596534,0.47668007,0.63248223,0.5296443,0.6603762
muzzle,P,word2vec_tiny_base,0.24757639,0.33943653,0.30725852,0.4140125,0.33257806,0.43823057
unclear,M,word2vec_tiny_base,0.1294468,0.14175302,0.15371808,0.18046992,0.16687919,0.20520815
noodle,H,word2vec_tiny_base,0.35376537,0.37765133,0.4318493,0.42984018,0.46716374,0.4685787
kite,P,word2vec_tiny_base,0.3434488,0.44696632,0.47265324,0.62421215,0.51767755,0.6614785
shark,H,word2vec_tiny_base,0.20383866,0.26948586,0.3372992,0.44649425,0.40965486,0.52801096
seek,P,word2vec_tiny_base,0.3981459,0.5475277,0.5399661,0.6591458,0.58450913,0.6762456
asleep,P,word2vec_tiny_base,0.34522426,0.40522584,0.47038865,0.53226215,0.5164871,0.5462173
obedience,P,word2vec_tiny_base,0.19546285,0.23804308,0.26439285,0.3056425,0.30057904,0.34434447
regardless,P,word2vec_tiny_base,0.21866159,0.26006112,0.2719096,0.32100898,0.2977252,0.3470571
carousel,P,word2vec_tiny_base,0.34786007,0.45098746,0.45906016,0.57882935,0.5008538,0.6122699
wink,P,word2vec_tiny_base,0.4323985,0.6009545,0.5058121,0.6138666,0.5326472,0.6026416
departure,P,word2vec_tiny_base,0.2974642,0.38418645,0.3437846,0.42246884,0.3630818,0.43308488
injection,P,word2vec_tiny_base,0.26825508,0.3198506,0.34351537,0.41440555,0.37203583,0.42709747
support,P,word2vec_tiny_base,0.3946881,0.54503906,0.50906366,0.60960305,0.54199624,0.5802505
mammal,M,word2vec_tiny_base,0.2953964,0.3231365,0.3386808,0.3907167,0.35600692,0.39880309
wisdom,P,word2vec_tiny_base,0.3661945,0.45198765,0.45632017,0.55677205,0.4898803,0.551671
argue,P,word2vec_tiny_base,0.3958467,0.52684015,0.541698,0.6584185,0.5844542,0.6523778
unlock,P,word2vec_tiny_base,0.34372365,0.4876483,0.4901795,0.6496579,0.54378676,0.693815
quality,P,word2vec_tiny_base,0.31725398,0.2958992,0.37553233,0.38049826,0.4004039,0.39748937
appendix,P,word2vec_tiny_base,0.15309489,0.17645943,0.17865746,0.199007,0.19069204,0.21103556
finale,P,word2vec_tiny_base,0.2925697,0.3841915,0.34798267,0.4347025,0.3765846,0.45888343
popular,P,word2vec_tiny_base,0.34216318,0.37999222,0.46178338,0.562569,0.5182173,0.651916
excellence,P,word2vec_tiny_base,0.19619259,0.22103205,0.24119304,0.30249983,0.26564068,0.33989617
hesitation,M,word2vec_tiny_base,0.34498844,0.35317704,0.40252894,0.41728535,0.42243826,0.43661195
vineyard,M,word2vec_tiny_base,0.28078383,0.3674045,0.34896675,0.44385645,0.3766593,0.47763047
remedy,P,word2vec_tiny_base,0.26610962,0.34132522,0.32553932,0.4142563,0.34651774,0.4321956
charm,P,word2vec_tiny_base,0.2952335,0.36415452,0.3651359,0.44514796,0.39090264,0.46710914
crate,P,word2vec_tiny_base,0.3377849,0.40033326,0.4120911,0.48730448,0.4387629,0.5112085
twin,P,word2vec_tiny_base,0.47274318,0.5794896,0.5719336,0.60412544,0.59949064,0.60264426
statue,M,word2vec_tiny_base,0.40619954,0.54615754,0.49863946,0.64339495,0.53627264,0.67595935
post,H,word2vec_tiny_base,0.3690334,0.49605197,0.48045436,0.63210535,0.52618515,0.6729805
descent,P,word2vec_tiny_base,0.25618163,0.33547774,0.30837578,0.38015014,0.33388504,0.39692846
handbag,P,word2vec_tiny_base,0.28476498,0.32824144,0.33488888,0.41964108,0.3538471,0.43392342
scenery,P,word2vec_tiny_base,0.28585175,0.34982818,0.37735748,0.47248334,0.41343772,0.51491404
chant,P,word2vec_tiny_base,0.34707507,0.44589478,0.4335676,0.500065,0.45995635,0.51782286
lush,P,word2vec_tiny_base,0.27713445,0.37164566,0.36686516,0.4625011,0.40673587,0.5112003
fond,P,word2vec_tiny_base,0.4207983,0.4745888,0.48442253,0.5335306,0.5090703,0.53435373
grape,P,word2vec_tiny_base,0.2143986,0.269752,0.357479,0.47532877,0.42678756,0.5498732
treasure,P,word2vec_tiny_base,0.33644125,0.43475783,0.46422252,0.616736,0.5099194,0.64591664
bladder,P,word2vec_tiny_base,0.19652422,0.1897042,0.22733274,0.21839951,0.24146545,0.24028853
dozen,P,word2vec_tiny_base,0.3156832,0.36181533,0.38180804,0.42624098,0.41013905,0.46152544
tab,P,word2vec_tiny_base,0.31316358,0.38381204,0.3709316,0.44689873,0.40060985,0.47810546
harm,P,word2vec_tiny_base,0.33388403,0.3593392,0.39355388,0.40569848,0.42013526,0.4361769
stadium,M,word2vec_tiny_base,0.288502,0.34734416,0.434888,0.5932438,0.49379092,0.65690434
permanent,P,word2vec_tiny_base,0.32843423,0.4014891,0.37491122,0.41757974,0.39418748,0.44578648
shutter,P,word2vec_tiny_base,0.32009453,0.39319053,0.3767809,0.452303,0.39756393,0.44861016
outcome,M,word2vec_tiny_base,0.25787827,0.3136467,0.31440336,0.36799777,0.33905762,0.38963896
melon,M,word2vec_tiny_base,0.20998058,0.28082007,0.3513876,0.43677196,0.424866,0.53752756
warming,P,word2vec_tiny_base,0.3260765,0.3593602,0.4090108,0.4562894,0.44513726,0.5005143
artistic,P,word2vec_tiny_base,0.30967683,0.4026706,0.37015313,0.44878042,0.3950673,0.46315655
dinosaur,P,word2vec_tiny_base,0.31605294,0.39022714,0.45371264,0.58443123,0.51298416,0.6591643
cranberry,P,word2vec_tiny_base,0.16165191,0.21342625,0.2225067,0.3068338,0.2631734,0.3513511
prove,P,word2vec_tiny_base,0.35915703,0.40376824,0.44159374,0.45825753,0.47196198,0.49085966
threat,P,word2vec_tiny_base,0.38772985,0.47175887,0.4933041,0.6179667,0.5314908,0.62485564
downfall,P,word2vec_tiny_base,0.17741455,0.24020645,0.22246295,0.30163988,0.24371636,0.31971225
admit,P,word2vec_tiny_base,0.34568265,0.42182824,0.41941285,0.4684295,0.44777,0.4802229
position,P,word2vec_tiny_base,0.33162242,0.42490548,0.38936043,0.46547344,0.4126944,0.4795523
alike,P,word2vec_tiny_base,0.37265503,0.41461548,0.45140067,0.5065258,0.4807664,0.52585244
laser,M,word2vec_tiny_base,0.30335882,0.4187226,0.417811,0.559324,0.47375485,0.6335951
tour,P,word2vec_tiny_base,0.3189325,0.440335,0.45948827,0.60815287,0.5109493,0.65366244
hostage,M,word2vec_tiny_base,0.1359387,0.15233426,0.16517246,0.1848052,0.17860565,0.2024769
pepper,P,word2vec_tiny_base,0.2781188,0.34832296,0.39095074,0.4801768,0.4449923,0.5360621
symphony,P,word2vec_tiny_base,0.25358072,0.3371295,0.3172188,0.43179354,0.3468099,0.4643775
fudge,H,word2vec_tiny_base,0.27933043,0.35334802,0.3225546,0.4024982,0.33976212,0.42331475
stallion,M,word2vec_tiny_base,0.21538886,0.26617026,0.25582936,0.31168348,0.2750623,0.31973955
eyeball,P,word2vec_tiny_base,0.17765647,0.18343543,0.20287745,0.20805722,0.21480988,0.22304809
youngster,P,word2vec_tiny_base,0.2723258,0.33804223,0.31782684,0.39464462,0.33479846,0.41123983
chimpanzee,M,word2vec_tiny_base,0.29060355,0.3415322,0.3325485,0.38125247,0.35050964,0.39629748
accuse,M,word2vec_tiny_base,0.21068291,0.2529689,0.26455697,0.28736147,0.2930785,0.3121169
naked,P,word2vec_tiny_base,0.3034553,0.40005085,0.37320164,0.47311476,0.4010988,0.4926406
priority,P,word2vec_tiny_base,0.20190044,0.20930724,0.23960122,0.23696448,0.26081765,0.26349398
propeller,M,word2vec_tiny_base,0.29736695,0.3834137,0.38841847,0.49586183,0.42979884,0.5428089
lollipop,M,word2vec_tiny_base,0.28451294,0.3514327,0.4004631,0.5420465,0.45199144,0.5906577
poem,P,word2vec_tiny_base,0.3042243,0.40255478,0.41691548,0.54543835,0.4683505,0.5823651
decorator,M,word2vec_tiny_base,0.25610438,0.263767,0.2962858,0.30046248,0.31320938,0.31047484
flashy,P,word2vec_tiny_base,0.4065783,0.49280834,0.45509738,0.50206465,0.47331125,0.50593865
heap,P,word2vec_tiny_base,0.2999999,0.38809407,0.37182075,0.47030747,0.4048208,0.49997613
rumor,P,word2vec_tiny_base,0.2481504,0.30863371,0.3234644,0.39252067,0.34862724,0.42241544
momentary,P,word2vec_tiny_base,0.16289337,0.18962929,0.18759662,0.21550635,0.201483,0.22654422
washer,P,word2vec_tiny_base,0.32514137,0.43353698,0.4015094,0.50114954,0.43489656,0.5222715
expiration,P,word2vec_tiny_base,0.21834567,0.23626404,0.2529331,0.2737766,0.26777864,0.28188023
glorious,P,word2vec_tiny_base,0.21543834,0.28369072,0.2837481,0.37746605,0.3228942,0.4340624
precaution,P,word2vec_tiny_base,0.17301574,0.18938018,0.21196999,0.22440298,0.22689061,0.24317539
approve,P,word2vec_tiny_base,0.2198643,0.25935698,0.26677394,0.3014854,0.2852825,0.31888202
weekly,P,word2vec_tiny_base,0.28289253,0.3508054,0.34524047,0.41655606,0.37149987,0.43819815
blizzard,P,word2vec_tiny_base,0.2766226,0.2797669,0.31887344,0.30970445,0.33490887,0.3144425
border,P,word2vec_tiny_base,0.30288085,0.3785727,0.3630599,0.4672616,0.39200822,0.50046104
nighttime,M,word2vec_tiny_base,0.33350462,0.385829,0.4050886,0.4694022,0.43468955,0.4905294
mascara,M,word2vec_tiny_base,0.25670046,0.35026076,0.34618962,0.45144936,0.38297608,0.4982911
dandy,P,word2vec_tiny_base,0.28114888,0.300986,0.32959044,0.37368432,0.35109338,0.39203885
suspicion,P,word2vec_tiny_base,0.22134845,0.26002234,0.2541042,0.30682865,0.2670601,0.32537216
science,P,word2vec_tiny_base,0.34367952,0.39970878,0.42553955,0.48187998,0.45601586,0.49246952
universe,P,word2vec_tiny_base,0.33709526,0.47720265,0.4555799,0.60331947,0.49812546,0.64139736
papaya,M,word2vec_tiny_base,0.34779534,0.41805905,0.39596677,0.4607671,0.41570342,0.48027033
spite,P,word2vec_tiny_base,0.25357282,0.25677612,0.29660496,0.31745127,0.31551674,0.34142008
finder,P,word2vec_tiny_base,0.33103788,0.39353615,0.42364293,0.47754657,0.46171775,0.5316277
dune,M,word2vec_tiny_base,0.2981483,0.3780846,0.35980806,0.43793598,0.38652036,0.46145988
affection,P,word2vec_tiny_base,0.25860745,0.3011469,0.3244461,0.37218636,0.3525306,0.39411768
pollution,P,word2vec_tiny_base,0.29304236,0.35432187,0.35142344,0.43340176,0.37644866,0.473066
creation,P,word2vec_tiny_base,0.34179676,0.40530983,0.44266984,0.48566017,0.48071462,0.5102478
ounce,H,word2vec_tiny_base,0.23236017,0.27994496,0.2709037,0.30505222,0.28502685,0.30449063
kidnap,M,word2vec_tiny_base,0.2996021,0.34289002,0.3659115,0.4036414,0.39282808,0.42319575
nonstop,M,word2vec_tiny_base,0.29773343,0.31601202,0.34809726,0.36065125,0.3660299,0.3633813
weasel,P,word2vec_tiny_base,0.17129579,0.19126858,0.20385748,0.23380277,0.21709403,0.24436665
leaf,P,word2vec_tiny_base,0.30936277,0.40131184,0.41798154,0.5389414,0.47208253,0.6143821
despite,P,word2vec_tiny_base,0.3091502,0.32717264,0.3719243,0.4017614,0.3984949,0.4301741
bathrobe,M,word2vec_tiny_base,0.23974183,0.3143376,0.3739744,0.5343455,0.43854532,0.6072455
reputation,P,word2vec_tiny_base,0.21845035,0.25659043,0.26426694,0.31012926,0.28204995,0.33360165
portrait,P,word2vec_tiny_base,0.25644484,0.3525624,0.30421287,0.39975926,0.3255512,0.4123571
tame,P,word2vec_tiny_base,0.32391435,0.40206674,0.39146864,0.4545308,0.41901934,0.49346426
bulldozer,M,word2vec_tiny_base,0.32644153,0.36973038,0.39259636,0.46136695,0.42032188,0.494867
batter,H,word2vec_tiny_base,0.27046147,0.36998802,0.37289718,0.4528569,0.4223915,0.4935026
mop,P,word2vec_tiny_base,0.35693532,0.49007416,0.45384225,0.59234023,0.5051592,0.645184
