word,ambiguity_type,model,nbhd_dist_20,nbhd_pairdist_20,nbhd_dist_100,nbhd_pairdist_100,nbhd_dist_200,nbhd_pairdist_200
keg,P,word2vec_recipe_20_HOM,0.21742621,0.25783113,0.27309427,0.34154052,0.2984525,0.3654669
aristocrat,P,word2vec_recipe_20_HOM,0.17510763,0.20221871,0.21109204,0.24152027,0.22420122,0.2502212
novelty,P,word2vec_recipe_20_HOM,0.14953145,0.17649548,0.1837545,0.22762898,0.19843988,0.24598724
pirate,P,word2vec_recipe_20_HOM,0.21640627,0.22359848,0.24735838,0.2448205,0.25994188,0.2565967
gasoline,M,word2vec_recipe_20_HOM,0.12892982,0.13204412,0.14872476,0.15457644,0.15732853,0.15955842
fringe,P,word2vec_recipe_20_HOM,0.18142244,0.20064652,0.2198923,0.24551801,0.23876171,0.27043104
corral,P,word2vec_recipe_20_HOM,0.30990514,0.29389927,0.34820887,0.33757308,0.36218888,0.34573302
gopher,P,word2vec_recipe_20_HOM,0.2036233,0.22029126,0.23162687,0.25133452,0.24275625,0.2631917
substance,P,word2vec_recipe_20_HOM,0.2894683,0.30358192,0.3477937,0.3461508,0.3705417,0.35421908
flannel,P,word2vec_recipe_20_HOM,0.33026326,0.23601422,0.374376,0.24160491,0.38931367,0.25210038
strap,P,word2vec_recipe_20_HOM,0.24257548,0.19376868,0.29039633,0.24930245,0.31314033,0.27431035
courtesy,P,word2vec_recipe_20_HOM,0.30276588,0.2531534,0.3458656,0.25911757,0.3630353,0.26484808
pitch,H,word2vec_recipe_20_HOM,0.34679848,0.34210843,0.40022644,0.38016295,0.42007062,0.38341013
countdown,P,word2vec_recipe_20_HOM,0.28628874,0.22518322,0.32268417,0.24463557,0.334553,0.25482032
fiend,P,word2vec_recipe_20_HOM,0.1648396,0.13196936,0.19051374,0.14014803,0.20138699,0.1541506
generic,P,word2vec_recipe_20_HOM,0.23395948,0.23272952,0.27507824,0.23491189,0.28990123,0.24243306
marijuana,M,word2vec_recipe_20_HOM,0.24415818,0.2749807,0.27885658,0.32951418,0.29229704,0.33793858
pink,H,word2vec_recipe_20_HOM,0.3693159,0.42366615,0.49098542,0.52488476,0.5299203,0.5188066
perky,M,word2vec_recipe_20_HOM,0.29343593,0.26389658,0.3333288,0.2634397,0.3479711,0.26084286
society,P,word2vec_recipe_20_HOM,0.15103003,0.13958703,0.17786068,0.16908628,0.18910976,0.17993352
fearless,M,word2vec_recipe_20_HOM,0.194177,0.159263,0.22078215,0.1745906,0.23115471,0.1853575
lotion,P,word2vec_recipe_20_HOM,0.25155735,0.2563673,0.3120282,0.32120356,0.3374361,0.3328738
hoop,P,word2vec_recipe_20_HOM,0.26839906,0.22855522,0.3026723,0.2531365,0.31601718,0.2671815
etiquette,M,word2vec_recipe_20_HOM,0.10925867,0.118217126,0.12922621,0.13911706,0.1379774,0.15325087
romantic,P,word2vec_recipe_20_HOM,0.2182076,0.2633112,0.25941458,0.2766265,0.27550405,0.27908647
square,P,word2vec_recipe_20_HOM,0.26336256,0.29267478,0.32292092,0.31835794,0.3479042,0.3336149
vibration,P,word2vec_recipe_20_HOM,0.12925069,0.15945762,0.15016875,0.17918363,0.15942672,0.19031896
isolate,P,word2vec_recipe_20_HOM,0.21995923,0.20412631,0.24927564,0.14429586,0.25961342,0.1429303
spacious,P,word2vec_recipe_20_HOM,0.22230127,0.2515427,0.25483215,0.29435942,0.26882476,0.3054509
toilet,P,word2vec_recipe_20_HOM,0.19144851,0.22315775,0.2389095,0.28275743,0.2594892,0.3003191
southwest,P,word2vec_recipe_20_HOM,0.21381068,0.2840662,0.29640535,0.31607127,0.32048637,0.3013802
corpse,M,word2vec_recipe_20_HOM,0.16180375,0.18680817,0.19009724,0.18933605,0.20265904,0.202281
publisher,P,word2vec_recipe_20_HOM,0.097899035,0.11967721,0.14885181,0.17083082,0.17163502,0.19313626
accompany,P,word2vec_recipe_20_HOM,0.27874532,0.38676074,0.37998128,0.47818607,0.4156362,0.48264813
wildlife,M,word2vec_recipe_20_HOM,0.14920968,0.16368744,0.17458062,0.18427335,0.18576705,0.19211745
louse,P,word2vec_recipe_20_HOM,0.13361482,0.14522927,0.15944935,0.17650193,0.16943489,0.18664436
household,P,word2vec_recipe_20_HOM,0.25616688,0.19273335,0.2844344,0.19679461,0.29549274,0.19924152
lend,P,word2vec_recipe_20_HOM,0.23654418,0.2367598,0.2973703,0.28030404,0.32229328,0.29105887
despise,M,word2vec_recipe_20_HOM,0.08670372,0.092275895,0.10479678,0.11658514,0.11445203,0.13120988
attack,P,word2vec_recipe_20_HOM,0.29361862,0.2466519,0.33534545,0.28460497,0.35025036,0.29718536
cone,P,word2vec_recipe_20_HOM,0.27909335,0.29278165,0.33203346,0.30995783,0.35233456,0.32883456
rope,P,word2vec_recipe_20_HOM,0.23323767,0.29283372,0.3173177,0.3135737,0.34756333,0.31857777
agreement,P,word2vec_recipe_20_HOM,0.28322017,0.23578575,0.32878727,0.24480738,0.34502238,0.240058
unable,M,word2vec_recipe_20_HOM,0.26436204,0.24856412,0.3061934,0.23263814,0.32352883,0.23804922
rainy,M,word2vec_recipe_20_HOM,0.27946135,0.27315593,0.34514895,0.3174916,0.37238064,0.31879902
gracious,P,word2vec_recipe_20_HOM,0.15618302,0.14966412,0.18146017,0.17735898,0.19189605,0.19050716
hind,H,word2vec_recipe_20_HOM,0.20144634,0.23319073,0.2534928,0.31178918,0.28015903,0.3484481
park,P,word2vec_recipe_20_HOM,0.2901926,0.26176143,0.3251855,0.2545025,0.33958113,0.2576242
detector,P,word2vec_recipe_20_HOM,0.16854039,0.19305775,0.2020246,0.1973621,0.21439804,0.20186694
armpit,M,word2vec_recipe_20_HOM,0.17137504,0.20421484,0.20556861,0.22920494,0.22040142,0.24334785
distance,P,word2vec_recipe_20_HOM,0.36330944,0.37405357,0.41578874,0.3800133,0.43288463,0.38492408
eager,M,word2vec_recipe_20_HOM,0.10344155,0.10259205,0.12693898,0.12453709,0.13779484,0.13632327
drum,P,word2vec_recipe_20_HOM,0.35302517,0.3108393,0.397319,0.3673313,0.41631737,0.37162167
accident,P,word2vec_recipe_20_HOM,0.16266218,0.12463312,0.18923618,0.1497904,0.20108753,0.16022426
moon,P,word2vec_recipe_20_HOM,0.33092827,0.35543588,0.40063065,0.38209495,0.42232263,0.39111227
pansy,P,word2vec_recipe_20_HOM,0.23509863,0.29678237,0.29774463,0.36980474,0.3204409,0.38829282
reality,P,word2vec_recipe_20_HOM,0.10171087,0.102563836,0.12310485,0.12428916,0.13261817,0.138722
equal,P,word2vec_recipe_20_HOM,0.33596238,0.38581192,0.41797787,0.43552905,0.4479775,0.43183324
regain,P,word2vec_recipe_20_HOM,0.2149342,0.17856194,0.25660524,0.22348149,0.27347025,0.2468062
dominion,P,word2vec_recipe_20_HOM,0.14354703,0.14205728,0.16840647,0.15647379,0.1790791,0.16527459
pudding,P,word2vec_recipe_20_HOM,0.33733124,0.41294175,0.3987274,0.42415357,0.42295125,0.41759074
wing,P,word2vec_recipe_20_HOM,0.2767106,0.3297823,0.39437884,0.43075,0.43741837,0.45051095
greedy,P,word2vec_recipe_20_HOM,0.121162914,0.10391444,0.14942972,0.12734607,0.16151878,0.13937847
hoof,P,word2vec_recipe_20_HOM,0.18278944,0.19582196,0.2116847,0.25091848,0.2247976,0.26958573
poorly,P,word2vec_recipe_20_HOM,0.106643915,0.107301004,0.12654857,0.12983091,0.13545342,0.14054592
mink,P,word2vec_recipe_20_HOM,0.18486422,0.20312244,0.21630105,0.22421099,0.22985412,0.24349932
plumber,P,word2vec_recipe_20_HOM,0.10684788,0.10395364,0.12476934,0.1271476,0.1340441,0.1387212
toaster,H,word2vec_recipe_20_HOM,0.37164325,0.4511508,0.4521621,0.52098733,0.48220783,0.5206888
disposal,P,word2vec_recipe_20_HOM,0.23036417,0.2584159,0.27866763,0.31134635,0.2998305,0.33200932
pleasant,P,word2vec_recipe_20_HOM,0.23829655,0.23894133,0.28658202,0.2833456,0.30874985,0.30327782
airtight,P,word2vec_recipe_20_HOM,0.283972,0.3466229,0.40552726,0.4006919,0.45429188,0.42709786
cancer,P,word2vec_recipe_20_HOM,0.1794754,0.14666095,0.2302665,0.19354033,0.24968609,0.20866433
critical,P,word2vec_recipe_20_HOM,0.25327203,0.23537904,0.30219018,0.24084258,0.3187803,0.24320826
cloak,P,word2vec_recipe_20_HOM,0.17798105,0.18143319,0.20511107,0.20594072,0.21654281,0.21404716
honor,P,word2vec_recipe_20_HOM,0.21217862,0.16296889,0.24055155,0.19920455,0.2527516,0.20395705
continue,P,word2vec_recipe_20_HOM,0.3964516,0.43706962,0.46464175,0.40483898,0.48583356,0.37535444
placement,P,word2vec_recipe_20_HOM,0.27426112,0.3017058,0.32030088,0.31691515,0.33723426,0.31792372
panic,P,word2vec_recipe_20_HOM,0.2452651,0.2626717,0.2979228,0.26762074,0.31734586,0.2749625
rotation,P,word2vec_recipe_20_HOM,0.2727885,0.2937629,0.31238607,0.28375778,0.32778293,0.2722933
bug,P,word2vec_recipe_20_HOM,0.25863442,0.25256646,0.31107792,0.3277455,0.33140928,0.34035453
plaster,P,word2vec_recipe_20_HOM,0.2588276,0.26106453,0.30872378,0.32673308,0.3288869,0.34673882
territory,P,word2vec_recipe_20_HOM,0.14359416,0.1373197,0.16727251,0.15350495,0.17800851,0.1648122
infection,P,word2vec_recipe_20_HOM,0.13061169,0.1413842,0.16510528,0.17647307,0.17942853,0.19032131
heater,P,word2vec_recipe_20_HOM,0.29881883,0.3292991,0.3416041,0.35918766,0.36236298,0.37164003
tailor,P,word2vec_recipe_20_HOM,0.13673219,0.15735798,0.17045075,0.17978553,0.18339081,0.18602875
folder,P,word2vec_recipe_20_HOM,0.22234277,0.20167938,0.2598866,0.25257137,0.27563667,0.27421084
various,P,word2vec_recipe_20_HOM,0.31306642,0.3647274,0.37974682,0.37957445,0.4033368,0.3761795
assure,P,word2vec_recipe_20_HOM,0.34128448,0.3833519,0.42161262,0.35438278,0.44305098,0.3277796
green,P,word2vec_recipe_20_HOM,0.28809944,0.3117576,0.35095605,0.33808798,0.37508172,0.34137467
sweaty,P,word2vec_recipe_20_HOM,0.2454097,0.23295689,0.28184777,0.26102257,0.2988995,0.26911822
bogus,M,word2vec_recipe_20_HOM,0.11878228,0.12940517,0.14054781,0.15538208,0.14987794,0.16684747
drip,P,word2vec_recipe_20_HOM,0.40257105,0.4061454,0.47429484,0.48235577,0.49968103,0.4761895
horseback,P,word2vec_recipe_20_HOM,0.29141942,0.2872509,0.33598843,0.29998994,0.35062736,0.29474342
angle,H,word2vec_recipe_20_HOM,0.30659896,0.329008,0.3810699,0.33535606,0.40587747,0.33178002
burp,P,word2vec_recipe_20_HOM,0.31549212,0.3659848,0.36507964,0.3813236,0.3843995,0.38956925
premature,M,word2vec_recipe_20_HOM,0.17913513,0.20581366,0.2197022,0.22937758,0.23729523,0.23746772
emphasize,P,word2vec_recipe_20_HOM,0.16924532,0.15296978,0.19520493,0.17899528,0.20564413,0.18307759
crook,P,word2vec_recipe_20_HOM,0.2985571,0.3166896,0.34649825,0.3627652,0.36333153,0.37502652
cardiac,P,word2vec_recipe_20_HOM,0.118619084,0.14765653,0.13608582,0.16803281,0.14458604,0.17389071
newborn,P,word2vec_recipe_20_HOM,0.15408847,0.1377385,0.17390274,0.16416243,0.18238236,0.16883531
grenade,P,word2vec_recipe_20_HOM,0.16280544,0.15573713,0.18598482,0.18722662,0.19453824,0.192548
frisky,M,word2vec_recipe_20_HOM,0.16596806,0.13065812,0.19758308,0.16320658,0.20995408,0.17066155
goose,P,word2vec_recipe_20_HOM,0.21594378,0.26937982,0.33877003,0.42373887,0.38780418,0.4487832
anger,P,word2vec_recipe_20_HOM,0.1373684,0.13024968,0.15794836,0.14594832,0.16769105,0.15531439
burner,P,word2vec_recipe_20_HOM,0.29577214,0.37943572,0.3902292,0.44105566,0.4241334,0.45295626
mediocre,M,word2vec_recipe_20_HOM,0.09601473,0.10783264,0.112369254,0.12835555,0.12005839,0.13919275
lousy,P,word2vec_recipe_20_HOM,0.08348157,0.08967717,0.101504914,0.11608135,0.110195525,0.13108534
tack,P,word2vec_recipe_20_HOM,0.34829468,0.27624533,0.39283,0.3268673,0.41037905,0.34541607
mercy,P,word2vec_recipe_20_HOM,0.14031868,0.14160429,0.16349417,0.17142041,0.17382191,0.18572913
insane,P,word2vec_recipe_20_HOM,0.288274,0.24741063,0.32574758,0.23363343,0.3376773,0.23811841
vacant,P,word2vec_recipe_20_HOM,0.22802663,0.23156597,0.25756532,0.26572493,0.27018005,0.2800761
shrimp,P,word2vec_recipe_20_HOM,0.25121826,0.33990002,0.3624626,0.4431785,0.3986071,0.4378772
ski,P,word2vec_recipe_20_HOM,0.18406501,0.18473542,0.21335855,0.20790371,0.22502442,0.22138223
stack,P,word2vec_recipe_20_HOM,0.3202831,0.31676528,0.38307035,0.3364475,0.4032608,0.33537838
definition,P,word2vec_recipe_20_HOM,0.17631945,0.18450285,0.20172915,0.18637678,0.21282414,0.19698372
elephant,M,word2vec_recipe_20_HOM,0.40112144,0.37811378,0.46741223,0.39589384,0.48800552,0.407992
injury,P,word2vec_recipe_20_HOM,0.13227572,0.14474268,0.15921944,0.1774782,0.17056157,0.17997651
computer,P,word2vec_recipe_20_HOM,0.18780941,0.15679869,0.21629567,0.16753249,0.2286937,0.17390603
misty,P,word2vec_recipe_20_HOM,0.15817936,0.17966422,0.18196917,0.2104825,0.19294614,0.2196925
stout,P,word2vec_recipe_20_HOM,0.3224039,0.39903125,0.43846917,0.46120024,0.472481,0.4634951
electrical,M,word2vec_recipe_20_HOM,0.23367509,0.21173294,0.3328682,0.3877197,0.37814033,0.44471934
stampede,P,word2vec_recipe_20_HOM,0.19077995,0.17212781,0.22188988,0.17573443,0.2346959,0.1873386
context,P,word2vec_recipe_20_HOM,0.098737895,0.098388255,0.11965557,0.12481924,0.12893094,0.13683699
birthday,M,word2vec_recipe_20_HOM,0.25198352,0.24819365,0.28592026,0.2633169,0.3024668,0.27855897
pavement,P,word2vec_recipe_20_HOM,0.16848913,0.17437948,0.1977683,0.21237493,0.20934387,0.21934502
unsure,P,word2vec_recipe_20_HOM,0.29327345,0.26018047,0.34045956,0.29051432,0.3596149,0.2812084
monkey,P,word2vec_recipe_20_HOM,0.35225827,0.29113063,0.4125428,0.31917226,0.43406692,0.3080999
brisk,P,word2vec_recipe_20_HOM,0.32631716,0.2883629,0.4181434,0.37877598,0.45447347,0.42005008
clumsy,P,word2vec_recipe_20_HOM,0.09620682,0.10110796,0.114930004,0.12919728,0.124385454,0.14396575
beard,P,word2vec_recipe_20_HOM,0.271688,0.29275048,0.32542545,0.34824198,0.35210475,0.37259552
frightful,P,word2vec_recipe_20_HOM,0.170669,0.16521789,0.19910172,0.19713163,0.2101693,0.2034445
sweat,P,word2vec_recipe_20_HOM,0.33094978,0.3757533,0.42255297,0.39788643,0.45593035,0.41200367
stability,M,word2vec_recipe_20_HOM,0.3294014,0.27486217,0.36665973,0.2796944,0.38128835,0.30231753
strong,P,word2vec_recipe_20_HOM,0.30454507,0.2759792,0.35596466,0.30660492,0.3745395,0.30666277
singer,P,word2vec_recipe_20_HOM,0.26344165,0.23064342,0.29562435,0.2433851,0.30706164,0.24762315
platter,P,word2vec_recipe_20_HOM,0.3530994,0.4070767,0.45873275,0.47720888,0.49226287,0.47017086
horn,P,word2vec_recipe_20_HOM,0.35089427,0.3678803,0.406397,0.36545873,0.42842597,0.362209
sting,P,word2vec_recipe_20_HOM,0.29758674,0.23023011,0.3402474,0.2819368,0.35723183,0.30469805
singular,P,word2vec_recipe_20_HOM,0.13741903,0.15234019,0.15724851,0.15432552,0.16646148,0.16771863
health,P,word2vec_recipe_20_HOM,0.28334695,0.2829041,0.32953167,0.31120136,0.34721282,0.30770165
dazzle,P,word2vec_recipe_20_HOM,0.2035176,0.20493595,0.23494345,0.2364116,0.24742639,0.24662265
headache,P,word2vec_recipe_20_HOM,0.11916149,0.120401,0.13739839,0.14834625,0.14557233,0.15882877
infant,P,word2vec_recipe_20_HOM,0.24349077,0.21290547,0.27601737,0.22724122,0.28849113,0.23144892
kitchen,M,word2vec_recipe_20_HOM,0.29190093,0.30893335,0.36565793,0.3866249,0.40048984,0.41575304
maker,P,word2vec_recipe_20_HOM,0.28705212,0.33968028,0.40563434,0.43643573,0.4522189,0.47399816
limit,P,word2vec_recipe_20_HOM,0.273387,0.19535862,0.31197995,0.20584263,0.32448328,0.20973887
yard,H,word2vec_recipe_20_HOM,0.27846518,0.24576727,0.31972936,0.2823887,0.33686307,0.2977775
expense,P,word2vec_recipe_20_HOM,0.15112874,0.12483833,0.17424765,0.1488242,0.184327,0.15835872
snug,P,word2vec_recipe_20_HOM,0.33174157,0.4076728,0.42243218,0.43590796,0.44842967,0.43550903
tacky,H,word2vec_recipe_20_HOM,0.27606466,0.2964055,0.38034046,0.36288837,0.42280045,0.38033167
manipulate,P,word2vec_recipe_20_HOM,0.29706493,0.25832358,0.3405688,0.30039006,0.3579532,0.31006444
branch,P,word2vec_recipe_20_HOM,0.2889899,0.35383424,0.36219716,0.40270725,0.390376,0.42342755
outright,P,word2vec_recipe_20_HOM,0.13677862,0.13939819,0.16081741,0.15639272,0.1726464,0.16972771
button,P,word2vec_recipe_20_HOM,0.3889136,0.45864686,0.47131324,0.5460274,0.5024089,0.5511088
hesitate,P,word2vec_recipe_20_HOM,0.19063094,0.14036617,0.2221064,0.16468287,0.23628445,0.17878713
jackpot,P,word2vec_recipe_20_HOM,0.0852989,0.121196836,0.124653846,0.17862815,0.14232573,0.19638585
reach,P,word2vec_recipe_20_HOM,0.39557627,0.42295426,0.4792461,0.40445897,0.5053346,0.39527667
workers,P,word2vec_recipe_20_HOM,0.09614391,0.10684864,0.11538737,0.13298464,0.12546244,0.14991778
block,P,word2vec_recipe_20_HOM,0.42448968,0.4409713,0.48603523,0.44098473,0.50404745,0.4429462
cradle,P,word2vec_recipe_20_HOM,0.30139548,0.29273322,0.34626484,0.33559394,0.36474097,0.34361744
peppermint,P,word2vec_recipe_20_HOM,0.27891627,0.345373,0.3476507,0.37982926,0.37589264,0.39369074
solid,P,word2vec_recipe_20_HOM,0.3578233,0.36204633,0.41788128,0.37289205,0.44141787,0.3776362
clot,P,word2vec_recipe_20_HOM,0.17226794,0.17649254,0.20766458,0.20408751,0.2219745,0.21713567
tackle,P,word2vec_recipe_20_HOM,0.18914846,0.1539595,0.21193421,0.17054868,0.22169594,0.17434934
mural,P,word2vec_recipe_20_HOM,0.25940564,0.28626043,0.29427987,0.32009766,0.30861598,0.3345487
bakery,M,word2vec_recipe_20_HOM,0.27014193,0.24536462,0.31167242,0.2605774,0.32571408,0.26607963
dramatic,P,word2vec_recipe_20_HOM,0.25507239,0.28337502,0.30088776,0.28708297,0.31847942,0.29450572
grasp,P,word2vec_recipe_20_HOM,0.31524903,0.3348863,0.38467708,0.38062316,0.40939865,0.38364032
frog,H,word2vec_recipe_20_HOM,0.37429678,0.4299451,0.45191428,0.45701137,0.47627175,0.4509268
dig,P,word2vec_recipe_20_HOM,0.36586905,0.383452,0.42799664,0.3547603,0.44767928,0.33100146
destiny,P,word2vec_recipe_20_HOM,0.29902035,0.35790765,0.35333985,0.36362478,0.37396905,0.38194865
module,P,word2vec_recipe_20_HOM,0.36123952,0.34473023,0.39693168,0.36246538,0.41250297,0.3761185
conviction,P,word2vec_recipe_20_HOM,0.17067526,0.18091282,0.19534174,0.20120518,0.20540027,0.21427321
tune,P,word2vec_recipe_20_HOM,0.27170995,0.23872034,0.3076425,0.28259084,0.32181016,0.2933908
vision,P,word2vec_recipe_20_HOM,0.13919063,0.15097946,0.15883213,0.1633123,0.16855949,0.17526343
shave,P,word2vec_recipe_20_HOM,0.33532506,0.38556334,0.45101783,0.48502025,0.48962936,0.49326518
scan,P,word2vec_recipe_20_HOM,0.15558946,0.1821281,0.18043084,0.22393987,0.19129482,0.23588672
steam,P,word2vec_recipe_20_HOM,0.39580354,0.48100632,0.48101646,0.51015896,0.50622034,0.5046503
reopen,P,word2vec_recipe_20_HOM,0.3249216,0.2909347,0.3684559,0.3352437,0.3884581,0.34842747
keen,H,word2vec_recipe_20_HOM,0.2864836,0.2676953,0.32562706,0.30903998,0.34308425,0.32397616
latter,P,word2vec_recipe_20_HOM,0.26976103,0.15986308,0.2985839,0.18664733,0.30913508,0.19432724
partner,P,word2vec_recipe_20_HOM,0.20441882,0.1744694,0.23835313,0.20070979,0.25644568,0.22805361
cast,P,word2vec_recipe_20_HOM,0.30675274,0.4060561,0.41463798,0.4929593,0.45565453,0.50741285
brilliance,P,word2vec_recipe_20_HOM,0.130007,0.13729917,0.15259485,0.15566416,0.1615322,0.1673039
similar,M,word2vec_recipe_20_HOM,0.36998752,0.4607528,0.43945283,0.44569132,0.46122676,0.4347335
pint,P,word2vec_recipe_20_HOM,0.26165468,0.27919555,0.3666218,0.39996573,0.4152817,0.45982197
countless,M,word2vec_recipe_20_HOM,0.15496092,0.169411,0.18532203,0.18921563,0.19775032,0.191568
antique,P,word2vec_recipe_20_HOM,0.203077,0.19051002,0.23613338,0.23136765,0.24916928,0.24764234
global,P,word2vec_recipe_20_HOM,0.12391283,0.12576684,0.144571,0.15397193,0.15422772,0.16727999
shameless,P,word2vec_recipe_20_HOM,0.16578563,0.1813366,0.1897666,0.20084685,0.19981512,0.20677222
skip,P,word2vec_recipe_20_HOM,0.31854528,0.3453087,0.3780241,0.30679113,0.39574325,0.30601975
generation,P,word2vec_recipe_20_HOM,0.22087002,0.18384437,0.2560702,0.19499077,0.26878488,0.20655361
treat,P,word2vec_recipe_20_HOM,0.28216705,0.3165541,0.32530528,0.32177502,0.3416413,0.33046693
gobble,H,word2vec_recipe_20_HOM,0.2837206,0.25215185,0.3306182,0.274524,0.3489575,0.2717811
mainstream,P,word2vec_recipe_20_HOM,0.11154108,0.13799931,0.13743359,0.17269664,0.15068723,0.1829421
sane,P,word2vec_recipe_20_HOM,0.13979231,0.13843231,0.16062976,0.15332621,0.1709024,0.17061907
rug,P,word2vec_recipe_20_HOM,0.2073565,0.25121528,0.24591984,0.27225387,0.26423252,0.2900351
paint,P,word2vec_recipe_20_HOM,0.2957694,0.33150643,0.3933701,0.36558983,0.42703307,0.38728333
passionate,P,word2vec_recipe_20_HOM,0.18946251,0.20286694,0.21790022,0.23532905,0.23126629,0.24801172
push,P,word2vec_recipe_20_HOM,0.35428947,0.42480528,0.42416874,0.42267075,0.4477803,0.42923778
liar,M,word2vec_recipe_20_HOM,0.18724757,0.1978032,0.21471949,0.21697347,0.22376454,0.22051539
deadly,P,word2vec_recipe_20_HOM,0.19757488,0.21366574,0.23547186,0.23806246,0.24940176,0.24998997
thorough,P,word2vec_recipe_20_HOM,0.4099702,0.31024915,0.4485489,0.34156317,0.46355426,0.344062
fetish,P,word2vec_recipe_20_HOM,0.15394363,0.17941569,0.18434052,0.21493044,0.19508511,0.22883835
level,P,word2vec_recipe_20_HOM,0.42924157,0.41833627,0.50141025,0.4485545,0.5245358,0.44576308
offer,P,word2vec_recipe_20_HOM,0.33884186,0.43669185,0.41184917,0.4514746,0.4347395,0.43115985
accurate,P,word2vec_recipe_20_HOM,0.26609454,0.28937665,0.32995614,0.29220864,0.3510829,0.29659143
train,P,word2vec_recipe_20_HOM,0.24720898,0.22647329,0.28599298,0.254689,0.30660313,0.28129315
velocity,P,word2vec_recipe_20_HOM,0.20500708,0.20892452,0.25200063,0.3009327,0.27500236,0.33258674
bulletin,P,word2vec_recipe_20_HOM,0.18313129,0.18895696,0.20948254,0.18270476,0.21946095,0.19099453
nibble,P,word2vec_recipe_20_HOM,0.31442696,0.28890136,0.35324946,0.26496246,0.36815858,0.26551402
bacon,M,word2vec_recipe_20_HOM,0.3128054,0.40851107,0.40043935,0.47147465,0.43605536,0.47109672
cope,H,word2vec_recipe_20_HOM,0.1287554,0.11625141,0.14738828,0.13359275,0.1566767,0.1486476
ballet,P,word2vec_recipe_20_HOM,0.16411427,0.19045071,0.19329262,0.23695411,0.20458512,0.24576858
soak,P,word2vec_recipe_20_HOM,0.39111048,0.4777857,0.47969532,0.48160186,0.5087388,0.47674647
crave,P,word2vec_recipe_20_HOM,0.17222476,0.15722631,0.1935582,0.15754305,0.20273514,0.1685416
revolution,P,word2vec_recipe_20_HOM,0.20263414,0.15474625,0.23340248,0.17720637,0.24547721,0.18798238
steady,P,word2vec_recipe_20_HOM,0.34473923,0.39213017,0.4693162,0.5052332,0.51525986,0.52281487
perfume,P,word2vec_recipe_20_HOM,0.2741306,0.2898998,0.33871293,0.34706175,0.36453453,0.357248
subsequent,M,word2vec_recipe_20_HOM,0.32989928,0.33127013,0.37920314,0.32585552,0.3969852,0.31260845
subjective,P,word2vec_recipe_20_HOM,0.16486983,0.1516278,0.19068012,0.16370371,0.20151359,0.17179942
patient,P,word2vec_recipe_20_HOM,0.27185088,0.21042967,0.30878004,0.21754482,0.32247582,0.22515617
barefoot,M,word2vec_recipe_20_HOM,0.1969789,0.2596712,0.2841355,0.31335092,0.3135463,0.317644
stale,P,word2vec_recipe_20_HOM,0.38145274,0.3530423,0.4471508,0.41773212,0.46831727,0.39830458
vortex,P,word2vec_recipe_20_HOM,0.38233536,0.44859192,0.44408238,0.49020284,0.46893173,0.49746904
invade,P,word2vec_recipe_20_HOM,0.10233295,0.11879669,0.12063511,0.13600399,0.1289388,0.14587544
fry,H,word2vec_recipe_20_HOM,0.34220758,0.44949758,0.45814788,0.521984,0.4901049,0.5221854
fetch,P,word2vec_recipe_20_HOM,0.27410963,0.24907868,0.30719534,0.25868973,0.32012174,0.27061933
stressful,M,word2vec_recipe_20_HOM,0.08860657,0.096975826,0.11006706,0.1240245,0.11991236,0.14007978
fabulous,P,word2vec_recipe_20_HOM,0.18331163,0.24916276,0.2635151,0.34551108,0.29278523,0.36422476
cabin,P,word2vec_recipe_20_HOM,0.2827142,0.28369847,0.31844926,0.29700947,0.33275506,0.29977024
assistant,P,word2vec_recipe_20_HOM,0.2257216,0.2001229,0.25616345,0.23116049,0.26930502,0.23819326
fat,P,word2vec_recipe_20_HOM,0.340244,0.20212589,0.37852848,0.12595384,0.39316165,0.113786645
contribute,P,word2vec_recipe_20_HOM,0.21543801,0.20080231,0.255114,0.23976496,0.2724825,0.2506499
execute,P,word2vec_recipe_20_HOM,0.18192403,0.19096047,0.21287405,0.21223086,0.22475977,0.21857776
grub,P,word2vec_recipe_20_HOM,0.16814849,0.1780666,0.19799459,0.20087968,0.2106546,0.2156403
trend,P,word2vec_recipe_20_HOM,0.096939966,0.10264793,0.11582023,0.12955879,0.12505843,0.1437919
exhaust,P,word2vec_recipe_20_HOM,0.2915627,0.29882708,0.3572482,0.39086533,0.38401568,0.4040272
jealous,P,word2vec_recipe_20_HOM,0.12404756,0.1275494,0.14347774,0.14097044,0.15339886,0.1507419
squid,M,word2vec_recipe_20_HOM,0.25342172,0.35041565,0.35987794,0.45447227,0.39645368,0.47435263
fragile,P,word2vec_recipe_20_HOM,0.3182495,0.26040497,0.35882527,0.25439256,0.37595734,0.2548782
conclusive,M,word2vec_recipe_20_HOM,0.110010825,0.09857948,0.1313728,0.12900215,0.1409526,0.14330633
mingle,P,word2vec_recipe_20_HOM,0.28029737,0.34363198,0.42261732,0.45751432,0.4589943,0.4598645
quickie,M,word2vec_recipe_20_HOM,0.18527505,0.14457351,0.2214391,0.16274515,0.23986557,0.18035531
clinic,P,word2vec_recipe_20_HOM,0.12218211,0.12784499,0.14488423,0.15351093,0.15431327,0.17081985
tavern,P,word2vec_recipe_20_HOM,0.22324634,0.18171465,0.25487998,0.19527248,0.26730165,0.2048426
hefty,P,word2vec_recipe_20_HOM,0.35037202,0.40278092,0.4329311,0.45384464,0.46471223,0.47393537
aspirin,P,word2vec_recipe_20_HOM,0.2292686,0.21893339,0.26266056,0.23727326,0.27527687,0.2420789
humor,P,word2vec_recipe_20_HOM,0.24072039,0.26224357,0.32910618,0.33316264,0.36571774,0.32773355
ultimate,P,word2vec_recipe_20_HOM,0.22430086,0.2614042,0.2615982,0.24966821,0.27940965,0.24991536
fruity,P,word2vec_recipe_20_HOM,0.29735872,0.3279202,0.34931716,0.34506813,0.37014008,0.36879656
pardon,P,word2vec_recipe_20_HOM,0.14647275,0.159207,0.16805889,0.18781905,0.17701045,0.19577941
consumer,P,word2vec_recipe_20_HOM,0.15918794,0.15065083,0.18588382,0.16868429,0.19792664,0.17909524
millennium,P,word2vec_recipe_20_HOM,0.17946765,0.1698492,0.20705105,0.18948399,0.21823752,0.19973873
zone,P,word2vec_recipe_20_HOM,0.3042161,0.30659282,0.38121426,0.39568353,0.41807315,0.43707773
appreciate,P,word2vec_recipe_20_HOM,0.15210885,0.13112961,0.17338169,0.14971171,0.18252742,0.16354805
walrus,M,word2vec_recipe_20_HOM,0.18666515,0.18713562,0.21240927,0.20420134,0.22299322,0.21031877
instrument,P,word2vec_recipe_20_HOM,0.2551402,0.30667076,0.31671408,0.35215548,0.34023398,0.36984286
vial,M,word2vec_recipe_20_HOM,0.16920568,0.17196876,0.19199555,0.19216476,0.20200022,0.200297
microwave,P,word2vec_recipe_20_HOM,0.2431535,0.2562112,0.35356805,0.40710697,0.40509155,0.4753121
mustard,P,word2vec_recipe_20_HOM,0.25161925,0.31135163,0.33014587,0.356183,0.3616922,0.3736846
camper,P,word2vec_recipe_20_HOM,0.13465258,0.14047046,0.15772638,0.16127649,0.16825333,0.17627788
epic,P,word2vec_recipe_20_HOM,0.19004838,0.20464043,0.21812534,0.21712041,0.2300642,0.22356138
lighthouse,M,word2vec_recipe_20_HOM,0.17461787,0.1671545,0.20065443,0.20144854,0.2103992,0.20632468
agony,P,word2vec_recipe_20_HOM,0.1010227,0.100798756,0.11906321,0.13180532,0.12753077,0.14371906
bike,P,word2vec_recipe_20_HOM,0.12042365,0.12285917,0.14518638,0.15181926,0.15575904,0.16793059
administer,P,word2vec_recipe_20_HOM,0.18624376,0.17904916,0.2128922,0.19736196,0.22396135,0.2084974
thrust,P,word2vec_recipe_20_HOM,0.13279387,0.116725594,0.23158863,0.2657831,0.28390005,0.32532012
basket,P,word2vec_recipe_20_HOM,0.3868469,0.4321727,0.47537985,0.5147056,0.50429773,0.52152926
capable,P,word2vec_recipe_20_HOM,0.28401566,0.21408094,0.31889337,0.22182722,0.33142135,0.23227319
edible,P,word2vec_recipe_20_HOM,0.30108425,0.29990914,0.35185778,0.3394082,0.37272292,0.35758775
series,P,word2vec_recipe_20_HOM,0.3252448,0.32931387,0.40880105,0.42230132,0.43685487,0.4307111
frenzy,P,word2vec_recipe_20_HOM,0.23931742,0.20662361,0.26758853,0.21285082,0.2784308,0.22833195
backpack,P,word2vec_recipe_20_HOM,0.21541527,0.24544704,0.2519078,0.2582462,0.26682332,0.26809037
fear,P,word2vec_recipe_20_HOM,0.21054766,0.22091606,0.24560694,0.19960664,0.25901085,0.20909244
gift,P,word2vec_recipe_20_HOM,0.29911247,0.34750924,0.378858,0.3498187,0.40345806,0.36367217
frequency,P,word2vec_recipe_20_HOM,0.29686174,0.33052003,0.3436495,0.35113975,0.36444908,0.35016093
caviar,M,word2vec_recipe_20_HOM,0.3353396,0.40320083,0.41331288,0.4597463,0.44288054,0.46028575
giant,P,word2vec_recipe_20_HOM,0.33015674,0.3368282,0.3758691,0.36376187,0.39176863,0.35228285
timer,P,word2vec_recipe_20_HOM,0.385275,0.35819682,0.4584603,0.45728666,0.48702753,0.47107032
hobby,H,word2vec_recipe_20_HOM,0.12712605,0.1593184,0.16837408,0.1883936,0.18411113,0.20398152
scrape,P,word2vec_recipe_20_HOM,0.35812,0.43136606,0.49020463,0.4959245,0.52643085,0.50591594
discretion,P,word2vec_recipe_20_HOM,0.27138075,0.24175301,0.3330363,0.27378026,0.35507053,0.28537208
location,P,word2vec_recipe_20_HOM,0.25860828,0.334293,0.36387584,0.4276455,0.40728232,0.4507385
wolf,P,word2vec_recipe_20_HOM,0.27047244,0.21444328,0.30199423,0.22860645,0.31365848,0.23433179
shred,P,word2vec_recipe_20_HOM,0.346677,0.44632912,0.45534444,0.48901016,0.48728016,0.46846098
solar,P,word2vec_recipe_20_HOM,0.3753548,0.35737324,0.44320178,0.3982555,0.4661138,0.39881524
rabbi,P,word2vec_recipe_20_HOM,0.10384309,0.10715124,0.122045934,0.12939017,0.13063625,0.1423256
essence,P,word2vec_recipe_20_HOM,0.40880427,0.38669503,0.45386732,0.42367446,0.47324988,0.43906268
dimension,P,word2vec_recipe_20_HOM,0.3525942,0.2820367,0.3884475,0.29121244,0.40256935,0.2950364
homecoming,P,word2vec_recipe_20_HOM,0.13340953,0.12942676,0.1561852,0.15394744,0.16565017,0.16633616
lease,P,word2vec_recipe_20_HOM,0.25723392,0.2280736,0.32105735,0.2856176,0.35478288,0.33439606
nameless,P,word2vec_recipe_20_HOM,0.10454212,0.13257356,0.12690188,0.15579301,0.13648015,0.16726516
evident,M,word2vec_recipe_20_HOM,0.2419804,0.2077548,0.2756652,0.22383924,0.2907666,0.2376636
flashlight,M,word2vec_recipe_20_HOM,0.17309847,0.21867453,0.20546146,0.23020178,0.21952976,0.25166902
diplomat,P,word2vec_recipe_20_HOM,0.26687628,0.2738288,0.30495062,0.32588294,0.3211926,0.33534575
debate,P,word2vec_recipe_20_HOM,0.14110263,0.13919501,0.16111821,0.14479694,0.17052391,0.15679336
pump,H,word2vec_recipe_20_HOM,0.2747652,0.26676905,0.32045314,0.30703336,0.33745965,0.32559237
healthy,P,word2vec_recipe_20_HOM,0.38648123,0.44561416,0.47418457,0.43454593,0.500671,0.43323618
flank,P,word2vec_recipe_20_HOM,0.22821298,0.28080973,0.32867607,0.34027842,0.3672074,0.3463624
therapy,P,word2vec_recipe_20_HOM,0.16641302,0.1580951,0.19018336,0.17674558,0.20083763,0.18762372
crafty,M,word2vec_recipe_20_HOM,0.12048948,0.112542905,0.14097472,0.13527136,0.15079771,0.14989568
napalm,P,word2vec_recipe_20_HOM,0.15681931,0.1471562,0.18307987,0.15610564,0.19312839,0.16643819
industrial,P,word2vec_recipe_20_HOM,0.21967559,0.1779722,0.25153914,0.1961813,0.2637012,0.19796115
club,P,word2vec_recipe_20_HOM,0.32343525,0.27799147,0.40399238,0.32366136,0.43239585,0.3243253
efficiency,P,word2vec_recipe_20_HOM,0.2005984,0.19629855,0.2443083,0.22686374,0.26115027,0.23515351
racetrack,M,word2vec_recipe_20_HOM,0.14272411,0.15056586,0.17100288,0.1853822,0.18526192,0.21126471
orb,P,word2vec_recipe_20_HOM,0.13940182,0.16762604,0.16416293,0.20027177,0.1744136,0.21159853
girlfriend,P,word2vec_recipe_20_HOM,0.0858386,0.09461557,0.107448824,0.12745425,0.11898824,0.14484388
dispenser,M,word2vec_recipe_20_HOM,0.30773854,0.33772027,0.3569682,0.37776914,0.38025433,0.4149986
slant,P,word2vec_recipe_20_HOM,0.26956978,0.28568804,0.3269696,0.29475063,0.34804538,0.29720008
conscience,P,word2vec_recipe_20_HOM,0.1705571,0.13757673,0.1994094,0.1656696,0.21066639,0.17096923
immature,P,word2vec_recipe_20_HOM,0.21273701,0.23080371,0.25237224,0.25069058,0.2679183,0.26359838
connect,P,word2vec_recipe_20_HOM,0.2522569,0.2614922,0.29666314,0.28346986,0.31538773,0.31864238
truck,H,word2vec_recipe_20_HOM,0.27954444,0.26397717,0.3364754,0.3274002,0.35800338,0.34470004
banana,P,word2vec_recipe_20_HOM,0.32437125,0.34709418,0.37746248,0.35546324,0.3990374,0.33140394
weep,P,word2vec_recipe_20_HOM,0.35778084,0.34688222,0.41129687,0.30989125,0.42937678,0.30164135
goal,P,word2vec_recipe_20_HOM,0.3449909,0.32265174,0.39351574,0.283048,0.40730554,0.2707878
purpose,P,word2vec_recipe_20_HOM,0.40044135,0.39797452,0.47387776,0.45759732,0.49600235,0.46727508
nation,P,word2vec_recipe_20_HOM,0.10577273,0.11112681,0.12712364,0.14050657,0.13737509,0.15741794
proper,P,word2vec_recipe_20_HOM,0.32973862,0.34632653,0.38461772,0.3618042,0.40370026,0.36819503
noon,M,word2vec_recipe_20_HOM,0.27246562,0.29439467,0.3283668,0.331546,0.35168943,0.33568364
calculate,P,word2vec_recipe_20_HOM,0.32866806,0.3529297,0.3772343,0.37843883,0.39785743,0.39763227
salmon,P,word2vec_recipe_20_HOM,0.24184771,0.26795086,0.3546551,0.37416667,0.40034917,0.3894745
overhead,P,word2vec_recipe_20_HOM,0.22677343,0.26054978,0.2745476,0.3099207,0.2929043,0.31717768
mighty,P,word2vec_recipe_20_HOM,0.22684602,0.24640927,0.269168,0.27155674,0.287756,0.28320494
galaxy,P,word2vec_recipe_20_HOM,0.21213725,0.1997974,0.24903174,0.22370118,0.2646984,0.23977192
mirror,P,word2vec_recipe_20_HOM,0.25282747,0.21019736,0.28845415,0.25669503,0.30473992,0.2713823
crowd,P,word2vec_recipe_20_HOM,0.36052132,0.39483425,0.46682572,0.42523807,0.49515563,0.41207847
bullet,P,word2vec_recipe_20_HOM,0.28612107,0.27771083,0.35585105,0.36112022,0.39061105,0.42404893
fishy,P,word2vec_recipe_20_HOM,0.25673673,0.2618765,0.29386827,0.27912918,0.31191286,0.29751647
strike,P,word2vec_recipe_20_HOM,0.28219053,0.30454075,0.33540353,0.3329536,0.35543007,0.33671373
maternal,P,word2vec_recipe_20_HOM,0.07654001,0.09234881,0.101621665,0.12920378,0.11270902,0.14478636
havoc,P,word2vec_recipe_20_HOM,0.13550596,0.15018345,0.16328697,0.1778262,0.17381866,0.18670245
farce,P,word2vec_recipe_20_HOM,0.27940923,0.27478573,0.31640923,0.2964755,0.33029446,0.30098885
puck,M,word2vec_recipe_20_HOM,0.31899017,0.350605,0.3770061,0.3758084,0.39544594,0.38094383
indulge,P,word2vec_recipe_20_HOM,0.271638,0.24433427,0.3112076,0.25229245,0.32705322,0.2593078
lure,P,word2vec_recipe_20_HOM,0.15612908,0.1758564,0.18397516,0.210137,0.19595261,0.22831558
jet,H,word2vec_recipe_20_HOM,0.3157726,0.29261032,0.36475337,0.34002167,0.3841739,0.34405398
buckshot,M,word2vec_recipe_20_HOM,0.18005104,0.19178683,0.20728706,0.22462356,0.21821061,0.23890515
efficient,P,word2vec_recipe_20_HOM,0.24000856,0.20471199,0.2725357,0.20927124,0.28395656,0.20957957
surround,P,word2vec_recipe_20_HOM,0.35153958,0.43855983,0.4448774,0.47485054,0.4780323,0.4876329
rocker,P,word2vec_recipe_20_HOM,0.28694955,0.29661,0.34857863,0.39440382,0.37463057,0.39988062
topic,P,word2vec_recipe_20_HOM,0.1359706,0.13047805,0.16399439,0.15243557,0.1750916,0.1660382
compulsive,P,word2vec_recipe_20_HOM,0.08292458,0.09017286,0.101952754,0.115080014,0.111945696,0.12856358
sunshine,P,word2vec_recipe_20_HOM,0.28526443,0.26476806,0.3261367,0.2950178,0.3413266,0.29632998
subtle,P,word2vec_recipe_20_HOM,0.18880522,0.24017912,0.25130814,0.28764477,0.28282878,0.30616596
geometry,P,word2vec_recipe_20_HOM,0.11915262,0.13731906,0.14304973,0.15527637,0.15279175,0.16972032
excessive,M,word2vec_recipe_20_HOM,0.38976288,0.37915593,0.46562663,0.43413448,0.49364007,0.44316825
dine,P,word2vec_recipe_20_HOM,0.16869633,0.13894832,0.19116122,0.14957312,0.20127012,0.16142595
stagecoach,M,word2vec_recipe_20_HOM,0.11943078,0.1280797,0.13966146,0.15515979,0.14831482,0.16532688
antenna,P,word2vec_recipe_20_HOM,0.19839549,0.18945049,0.24442655,0.23825887,0.26777396,0.27755257
elderly,M,word2vec_recipe_20_HOM,0.14875558,0.15837198,0.18563242,0.16536942,0.197858,0.1727826
talent,P,word2vec_recipe_20_HOM,0.07640146,0.092584714,0.094742335,0.11940239,0.1041125,0.1345367
tooth,P,word2vec_recipe_20_HOM,0.40259686,0.48063362,0.4914333,0.499586,0.5225783,0.51643205
mute,P,word2vec_recipe_20_HOM,0.16183141,0.17745392,0.19342497,0.19729415,0.20631897,0.21225733
prosperity,M,word2vec_recipe_20_HOM,0.1347862,0.1621081,0.15652838,0.18515444,0.16625772,0.19587544
chowder,M,word2vec_recipe_20_HOM,0.31038076,0.36193737,0.40660885,0.38083008,0.43711957,0.37296736
tote,P,word2vec_recipe_20_HOM,0.27404326,0.31046924,0.3220668,0.37349325,0.34467912,0.38634956
starve,P,word2vec_recipe_20_HOM,0.14520049,0.1411462,0.1666642,0.16230568,0.17610243,0.17923008
moth,P,word2vec_recipe_20_HOM,0.18899271,0.19016007,0.22073515,0.2276064,0.23265095,0.24091558
mug,P,word2vec_recipe_20_HOM,0.30716926,0.3836513,0.38084754,0.41972476,0.41085747,0.43314376
panel,P,word2vec_recipe_20_HOM,0.25100285,0.23291561,0.28875822,0.26900354,0.30564192,0.28634417
tender,H,word2vec_recipe_20_HOM,0.27959654,0.2964931,0.38505718,0.35862637,0.41939437,0.35537896
robe,P,word2vec_recipe_20_HOM,0.19208021,0.24114269,0.22967811,0.27953595,0.24405475,0.30144954
expand,P,word2vec_recipe_20_HOM,0.36958537,0.42037842,0.4439485,0.3904908,0.4661473,0.38577387
flame,P,word2vec_recipe_20_HOM,0.32940778,0.3974456,0.42015085,0.46796572,0.44976562,0.47247085
positive,P,word2vec_recipe_20_HOM,0.1240746,0.11434004,0.146979,0.13984041,0.1572886,0.14914347
hungry,P,word2vec_recipe_20_HOM,0.29676542,0.24838543,0.3518073,0.27843696,0.37093544,0.28373894
imperative,P,word2vec_recipe_20_HOM,0.21524179,0.15112871,0.24374466,0.17057869,0.25649273,0.18381697
bank,H,word2vec_recipe_20_HOM,0.29101223,0.29685903,0.36113757,0.37002745,0.4021698,0.4069265
bark,H,word2vec_recipe_20_HOM,0.30830833,0.3503795,0.38182968,0.41094717,0.41228688,0.4243208
harvest,P,word2vec_recipe_20_HOM,0.2760519,0.2864361,0.3222703,0.28171024,0.33823228,0.28881434
powder,P,word2vec_recipe_20_HOM,0.25177652,0.26551965,0.34040672,0.33324033,0.3756553,0.35792994
spur,P,word2vec_recipe_20_HOM,0.18048929,0.18720311,0.21333148,0.22685967,0.22794098,0.25009224
sensation,P,word2vec_recipe_20_HOM,0.3538083,0.34613705,0.4022429,0.3541864,0.41941747,0.35975155
brandy,P,word2vec_recipe_20_HOM,0.19594976,0.27956313,0.30783412,0.37640756,0.35071683,0.3845229
simmer,P,word2vec_recipe_20_HOM,0.30022502,0.29998273,0.38021702,0.32920602,0.40965268,0.34903386
compensate,P,word2vec_recipe_20_HOM,0.33570498,0.33161384,0.38830796,0.3548227,0.40665045,0.34590602
stinky,M,word2vec_recipe_20_HOM,0.17215194,0.15708452,0.19748789,0.18092442,0.20821525,0.19041641
grunt,P,word2vec_recipe_20_HOM,0.2661962,0.23072384,0.31608087,0.25963855,0.33628762,0.2729749
flush,H,word2vec_recipe_20_HOM,0.3720774,0.3835798,0.4254675,0.39743683,0.4471216,0.4132504
pulp,P,word2vec_recipe_20_HOM,0.33579168,0.3988525,0.42503685,0.48620728,0.46048775,0.5203249
welfare,P,word2vec_recipe_20_HOM,0.25548622,0.23598546,0.28899652,0.27211663,0.30153993,0.28710735
slumber,P,word2vec_recipe_20_HOM,0.16641429,0.2067933,0.20829861,0.23922855,0.22507381,0.2509413
pedestal,P,word2vec_recipe_20_HOM,0.3422348,0.3595353,0.39398575,0.3978416,0.416092,0.4083025
stylish,M,word2vec_recipe_20_HOM,0.22043006,0.2379496,0.25514564,0.25613788,0.27003762,0.27322584
pity,P,word2vec_recipe_20_HOM,0.10632314,0.11609188,0.121157974,0.13594395,0.12917408,0.1495727
skilled,P,word2vec_recipe_20_HOM,0.28424522,0.3014293,0.383723,0.4021303,0.42472526,0.43116382
fulfill,P,word2vec_recipe_20_HOM,0.13096942,0.12996355,0.15215099,0.14852993,0.1619614,0.15959156
skid,P,word2vec_recipe_20_HOM,0.20069501,0.21106564,0.22851135,0.23187217,0.23945603,0.2463293
crocodile,P,word2vec_recipe_20_HOM,0.26318523,0.28951213,0.3081032,0.3347528,0.32539022,0.34988979
tenth,P,word2vec_recipe_20_HOM,0.23361006,0.30593166,0.34776887,0.37034655,0.3796165,0.36873823
ingredient,P,word2vec_recipe_20_HOM,0.3826591,0.42771137,0.43127787,0.38932455,0.4489421,0.3625223
toot,P,word2vec_recipe_20_HOM,0.17167963,0.17515995,0.19576181,0.19831926,0.20642158,0.20763685
torpedo,P,word2vec_recipe_20_HOM,0.24530414,0.2364175,0.30521172,0.2977844,0.3299733,0.31847045
draw,P,word2vec_recipe_20_HOM,0.3327849,0.27139613,0.38136792,0.3043615,0.4020624,0.31412977
drill,H,word2vec_recipe_20_HOM,0.2948529,0.2671292,0.33290526,0.29672706,0.34982386,0.30146474
elegance,P,word2vec_recipe_20_HOM,0.2585017,0.2556255,0.295359,0.26846611,0.30806756,0.27565587
rule,P,word2vec_recipe_20_HOM,0.33388758,0.30820453,0.37158066,0.28250208,0.38643867,0.2807354
tornado,M,word2vec_recipe_20_HOM,0.22246909,0.18587476,0.25349453,0.21973425,0.26521152,0.23138164
premium,P,word2vec_recipe_20_HOM,0.3398487,0.35675454,0.38566932,0.38196778,0.40272272,0.39067027
mellow,P,word2vec_recipe_20_HOM,0.30095643,0.35496116,0.38158906,0.3814358,0.41435823,0.38483617
watering,P,word2vec_recipe_20_HOM,0.27776986,0.26392463,0.31552482,0.27251184,0.32917762,0.27862656
scratch,P,word2vec_recipe_20_HOM,0.34547475,0.35420403,0.39709523,0.3459272,0.4135398,0.3543246
slow,P,word2vec_recipe_20_HOM,0.32003906,0.3378196,0.43791425,0.455358,0.47827396,0.46379942
custom,P,word2vec_recipe_20_HOM,0.21523888,0.162,0.24245101,0.17314254,0.2531584,0.18478845
beach,P,word2vec_recipe_20_HOM,0.3065735,0.27567264,0.34512898,0.29112118,0.3587246,0.29504326
pesky,M,word2vec_recipe_20_HOM,0.2040383,0.2094071,0.23406684,0.24365191,0.24925853,0.24571894
kosher,P,word2vec_recipe_20_HOM,0.26770857,0.2873929,0.32996574,0.33712518,0.36076614,0.35041532
lemon,P,word2vec_recipe_20_HOM,0.26953092,0.31077686,0.3486714,0.36856815,0.38064325,0.39030886
backward,P,word2vec_recipe_20_HOM,0.22460768,0.25662696,0.2658039,0.2753153,0.28595653,0.29874718
redundant,P,word2vec_recipe_20_HOM,0.10602856,0.105519265,0.12294234,0.12810896,0.13120317,0.13660054
groundhog,M,word2vec_recipe_20_HOM,0.2265801,0.17163275,0.2539549,0.19275355,0.26401857,0.19876975
brow,P,word2vec_recipe_20_HOM,0.3386675,0.3914611,0.40735888,0.42419103,0.43517396,0.44680816
flag,H,word2vec_recipe_20_HOM,0.3716175,0.29962686,0.423653,0.35166284,0.4446644,0.36806005
studio,P,word2vec_recipe_20_HOM,0.120473266,0.12734698,0.14104082,0.14560671,0.15019879,0.16073743
wet,P,word2vec_recipe_20_HOM,0.34700108,0.36518154,0.4177442,0.38960436,0.4465645,0.40857846
lung,M,word2vec_recipe_20_HOM,0.1995318,0.23433733,0.23246133,0.2600413,0.24639335,0.2710067
surface,P,word2vec_recipe_20_HOM,0.2776391,0.22803803,0.362944,0.27796212,0.40246123,0.30099067
arrive,P,word2vec_recipe_20_HOM,0.33645523,0.275286,0.39925033,0.30879286,0.41857016,0.3019611
skinny,P,word2vec_recipe_20_HOM,0.35274523,0.36311376,0.40012833,0.37916994,0.41782272,0.38008678
tasty,M,word2vec_recipe_20_HOM,0.32969418,0.3678401,0.40717617,0.38421452,0.4362121,0.39481518
remind,P,word2vec_recipe_20_HOM,0.20014957,0.15797086,0.23345822,0.16885445,0.24730948,0.18202299
drool,P,word2vec_recipe_20_HOM,0.20122008,0.15227856,0.2333795,0.17097513,0.2455003,0.18456025
swoop,P,word2vec_recipe_20_HOM,0.2095811,0.21955559,0.24370344,0.2571958,0.25909206,0.2766309
gas,P,word2vec_recipe_20_HOM,0.32925683,0.38367462,0.39867523,0.42801425,0.43499267,0.4620872
ankle,M,word2vec_recipe_20_HOM,0.1329038,0.16343738,0.19590914,0.2621863,0.22203861,0.2901808
scheme,P,word2vec_recipe_20_HOM,0.19747959,0.21799573,0.23429412,0.23900215,0.25122663,0.24068464
accomplish,P,word2vec_recipe_20_HOM,0.2555164,0.19004445,0.29021275,0.19656582,0.30214724,0.20835084
adapt,P,word2vec_recipe_20_HOM,0.22434679,0.22158724,0.2667693,0.23303984,0.28438988,0.23299234
massive,P,word2vec_recipe_20_HOM,0.20236456,0.14692092,0.2266655,0.15653688,0.23673867,0.15966706
proposal,P,word2vec_recipe_20_HOM,0.119294405,0.15050158,0.14191048,0.17765297,0.15284678,0.19226907
count,H,word2vec_recipe_20_HOM,0.3734679,0.28733975,0.42100564,0.32154498,0.43869743,0.3145881
minus,P,word2vec_recipe_20_HOM,0.38863212,0.48942348,0.4644169,0.49066553,0.48738953,0.49160782
champagne,P,word2vec_recipe_20_HOM,0.22789042,0.24984802,0.30164367,0.31417036,0.33250085,0.33396897
bath,P,word2vec_recipe_20_HOM,0.3234027,0.37671402,0.42479226,0.46498808,0.46412358,0.4885784
glitter,P,word2vec_recipe_20_HOM,0.2259045,0.28479525,0.31768733,0.342459,0.3519024,0.35722488
soup,P,word2vec_recipe_20_HOM,0.32318366,0.42552033,0.3905723,0.4053494,0.4150584,0.4003229
portable,P,word2vec_recipe_20_HOM,0.41615057,0.41777337,0.48044854,0.5048327,0.5058417,0.52447355
skull,P,word2vec_recipe_20_HOM,0.22990875,0.190242,0.27534908,0.25750265,0.29810852,0.2842232
garment,P,word2vec_recipe_20_HOM,0.22297573,0.26601768,0.267132,0.3121837,0.28350314,0.3168937
unorthodox,M,word2vec_recipe_20_HOM,0.15525411,0.13888735,0.17744762,0.15352224,0.18728474,0.1649549
yacht,P,word2vec_recipe_20_HOM,0.1753703,0.18576287,0.20329188,0.20948948,0.21392992,0.21451528
jog,H,word2vec_recipe_20_HOM,0.20467298,0.20075211,0.2332004,0.21318418,0.2466132,0.22156641
inspire,P,word2vec_recipe_20_HOM,0.12228577,0.12486635,0.146692,0.14950177,0.15749817,0.16373071
chin,P,word2vec_recipe_20_HOM,0.25103137,0.2453124,0.29022014,0.27784744,0.30785853,0.2909044
casserole,P,word2vec_recipe_20_HOM,0.28513333,0.30625153,0.35616753,0.2980797,0.3830034,0.32806197
nervous,P,word2vec_recipe_20_HOM,0.18236712,0.15815373,0.21759294,0.16313747,0.23208292,0.16902807
clamp,P,word2vec_recipe_20_HOM,0.357078,0.378906,0.4161073,0.43513393,0.43960938,0.44177914
relative,P,word2vec_recipe_20_HOM,0.238987,0.16186607,0.27085885,0.1731962,0.2830472,0.19154605
batch,P,word2vec_recipe_20_HOM,0.40114838,0.37191647,0.45708507,0.38075316,0.47697747,0.3662401
loyalty,P,word2vec_recipe_20_HOM,0.26947385,0.26293078,0.39893815,0.37028706,0.4412175,0.36723393
brittle,P,word2vec_recipe_20_HOM,0.36154503,0.4344593,0.44650495,0.46912095,0.477714,0.48074532
junkie,P,word2vec_recipe_20_HOM,0.13549295,0.156817,0.15698993,0.17912146,0.16671042,0.19118801
click,P,word2vec_recipe_20_HOM,0.26788932,0.2636442,0.33691272,0.2931388,0.36658654,0.30976903
population,P,word2vec_recipe_20_HOM,0.10567109,0.110813074,0.12814277,0.14380237,0.1387741,0.15934676
outline,P,word2vec_recipe_20_HOM,0.20354445,0.1879116,0.24797006,0.25467196,0.27250606,0.2815408
dud,P,word2vec_recipe_20_HOM,0.28356737,0.26323137,0.32442027,0.31444243,0.33951077,0.33587542
peep,H,word2vec_recipe_20_HOM,0.2625998,0.26124296,0.3148562,0.3095713,0.33741233,0.33161554
task,P,word2vec_recipe_20_HOM,0.25835827,0.26125813,0.31021747,0.2381445,0.32760856,0.23429947
coconut,P,word2vec_recipe_20_HOM,0.30370027,0.369666,0.37245914,0.3981047,0.39738005,0.4115697
guardian,P,word2vec_recipe_20_HOM,0.1748347,0.17414688,0.19997196,0.19660011,0.21046978,0.21128279
runner,P,word2vec_recipe_20_HOM,0.33141258,0.29096836,0.37518573,0.3311322,0.39310038,0.33795047
moody,P,word2vec_recipe_20_HOM,0.12912774,0.13789736,0.14955358,0.16158508,0.15806043,0.17301627
diver,P,word2vec_recipe_20_HOM,0.1657185,0.18160093,0.2118318,0.22820552,0.23194404,0.24594384
constant,P,word2vec_recipe_20_HOM,0.35755008,0.4287595,0.42612705,0.47004136,0.45214447,0.45637524
cowgirl,P,word2vec_recipe_20_HOM,0.17818527,0.17215502,0.20746958,0.18696053,0.21880002,0.1957459
concern,P,word2vec_recipe_20_HOM,0.2038255,0.19281033,0.23223044,0.19612557,0.2454415,0.20037602
remove,P,word2vec_recipe_20_HOM,0.33793825,0.34303498,0.42965925,0.37145424,0.45872208,0.379343
cram,P,word2vec_recipe_20_HOM,0.40501744,0.35800213,0.46581593,0.40556616,0.48835036,0.4207123
disclosure,P,word2vec_recipe_20_HOM,0.16503337,0.11968136,0.19276708,0.14461595,0.20483728,0.15609616
prominent,P,word2vec_recipe_20_HOM,0.16262607,0.17901176,0.20430577,0.24049366,0.22313718,0.25770977
shift,P,word2vec_recipe_20_HOM,0.39022046,0.41763473,0.45808128,0.4027743,0.47977507,0.40209648
pinch,P,word2vec_recipe_20_HOM,0.39762673,0.40910447,0.47835076,0.45619664,0.50528926,0.48039103
adorable,P,word2vec_recipe_20_HOM,0.1814382,0.19487076,0.22052556,0.24391235,0.23787193,0.2573259
zebra,M,word2vec_recipe_20_HOM,0.26947442,0.25807494,0.31058663,0.3099761,0.3302787,0.32406354
tasteful,P,word2vec_recipe_20_HOM,0.18895504,0.19521889,0.21883495,0.22554556,0.23283432,0.24189782
stash,P,word2vec_recipe_20_HOM,0.29412657,0.22782414,0.3458674,0.3252565,0.37051514,0.3606711
bout,P,word2vec_recipe_20_HOM,0.3369774,0.31558505,0.4479111,0.4631857,0.47821254,0.47393712
rage,P,word2vec_recipe_20_HOM,0.17892225,0.1582985,0.20498067,0.17880656,0.21551296,0.1919111
crisp,P,word2vec_recipe_20_HOM,0.34292418,0.43717766,0.45912412,0.5077306,0.49302346,0.50833
grow,P,word2vec_recipe_20_HOM,0.3158628,0.31869012,0.35808808,0.28554696,0.37403053,0.2814325
lair,P,word2vec_recipe_20_HOM,0.19337252,0.22608872,0.220964,0.25947917,0.23248,0.27501348
smudge,P,word2vec_recipe_20_HOM,0.22468877,0.2186943,0.25613496,0.24590176,0.27046764,0.25819942
virtue,P,word2vec_recipe_20_HOM,0.2766173,0.26513028,0.31623414,0.24485415,0.33366132,0.26822403
minimize,P,word2vec_recipe_20_HOM,0.29083952,0.31886518,0.3557395,0.37496057,0.37978566,0.3626016
tremble,P,word2vec_recipe_20_HOM,0.20961384,0.23150353,0.3043885,0.3183604,0.33570945,0.3281398
numerous,P,word2vec_recipe_20_HOM,0.3056682,0.30104348,0.35224488,0.28936237,0.36735657,0.28921083
spoil,P,word2vec_recipe_20_HOM,0.25421315,0.2250762,0.30229396,0.26090458,0.31948733,0.25360268
strand,H,word2vec_recipe_20_HOM,0.3561134,0.33615783,0.43907222,0.4108898,0.46655545,0.41555923
shabby,P,word2vec_recipe_20_HOM,0.1583736,0.12828325,0.18555497,0.15120749,0.19825613,0.16235654
notion,P,word2vec_recipe_20_HOM,0.09418796,0.09751694,0.112461306,0.12030205,0.12129098,0.13319659
shady,P,word2vec_recipe_20_HOM,0.24794729,0.28323483,0.29537606,0.3207565,0.31240427,0.31141785
porcelain,P,word2vec_recipe_20_HOM,0.28439623,0.34477887,0.3663503,0.44851676,0.40296525,0.48455667
leak,P,word2vec_recipe_20_HOM,0.34669784,0.40472007,0.4196349,0.36447006,0.4409727,0.3386751
untouched,P,word2vec_recipe_20_HOM,0.37255272,0.36607343,0.42646024,0.31979102,0.4443506,0.3250295
cluck,P,word2vec_recipe_20_HOM,0.14957008,0.15770805,0.17390074,0.18233079,0.1855849,0.19187528
badge,P,word2vec_recipe_20_HOM,0.13552728,0.1694812,0.16453218,0.2181444,0.17890836,0.2406156
rag,H,word2vec_recipe_20_HOM,0.37014025,0.45549682,0.4318995,0.48184723,0.4563514,0.46339116
agency,P,word2vec_recipe_20_HOM,0.11594778,0.12558098,0.13809557,0.15640365,0.1484318,0.1711675
kicker,P,word2vec_recipe_20_HOM,0.21235266,0.23146734,0.24901174,0.25760698,0.2631021,0.26602983
impossible,P,word2vec_recipe_20_HOM,0.3876292,0.35160863,0.4473865,0.36927915,0.4686789,0.3649256
splinter,P,word2vec_recipe_20_HOM,0.21383071,0.1916431,0.24781543,0.20298311,0.2624919,0.21376343
submission,P,word2vec_recipe_20_HOM,0.19293004,0.13949473,0.22288984,0.1690611,0.2351652,0.17868736
brighten,P,word2vec_recipe_20_HOM,0.30988437,0.33561608,0.386423,0.36332953,0.4157779,0.37241837
character,P,word2vec_recipe_20_HOM,0.25175795,0.2995113,0.29827985,0.3047809,0.3160833,0.30286273
brink,P,word2vec_recipe_20_HOM,0.20742032,0.19888406,0.264236,0.28593847,0.2913369,0.31431693
conscious,P,word2vec_recipe_20_HOM,0.20298544,0.19931665,0.24202706,0.2179293,0.25600052,0.22062148
cello,M,word2vec_recipe_20_HOM,0.21976939,0.2379805,0.2675614,0.32834607,0.29238483,0.3681876
hydrogen,M,word2vec_recipe_20_HOM,0.22210674,0.23693173,0.28339005,0.29825562,0.30738908,0.31569222
device,P,word2vec_recipe_20_HOM,0.34112978,0.3596664,0.40527603,0.42206016,0.42974067,0.42329317
seed,P,word2vec_recipe_20_HOM,0.33568087,0.322844,0.42314392,0.39537832,0.45216483,0.41039428
feature,P,word2vec_recipe_20_HOM,0.24337533,0.24293648,0.29911223,0.25591034,0.31887296,0.24880095
infrared,P,word2vec_recipe_20_HOM,0.2074395,0.22717968,0.26734087,0.31252345,0.28891182,0.32837316
hammock,M,word2vec_recipe_20_HOM,0.19097945,0.23722391,0.22359371,0.27373204,0.23835984,0.27730158
boom,H,word2vec_recipe_20_HOM,0.29508233,0.24991253,0.33702105,0.28211156,0.35117996,0.29254296
dispense,P,word2vec_recipe_20_HOM,0.3272972,0.29668424,0.37590408,0.35628453,0.39667702,0.37800816
sever,P,word2vec_recipe_20_HOM,0.32490695,0.22548096,0.39463797,0.30182606,0.42384398,0.357909
tier,H,word2vec_recipe_20_HOM,0.31239346,0.30445224,0.38171753,0.36472684,0.4071476,0.36467808
tall,P,word2vec_recipe_20_HOM,0.24990919,0.23082718,0.31928676,0.33552602,0.35065728,0.34798512
scrap,H,word2vec_recipe_20_HOM,0.36129278,0.40965194,0.46228322,0.44244337,0.4934066,0.45373818
outer,M,word2vec_recipe_20_HOM,0.30818817,0.31690738,0.37933305,0.36893055,0.41246417,0.40025848
journal,P,word2vec_recipe_20_HOM,0.13479695,0.12918052,0.16334526,0.15144318,0.1767397,0.17421597
humble,P,word2vec_recipe_20_HOM,0.21908101,0.17410542,0.24738455,0.19254515,0.25927445,0.20553605
collective,P,word2vec_recipe_20_HOM,0.09139449,0.11289593,0.11203745,0.13785002,0.12137092,0.15250972
cater,P,word2vec_recipe_20_HOM,0.15566166,0.13551924,0.18171024,0.15600394,0.19299778,0.16776426
lemonade,M,word2vec_recipe_20_HOM,0.23200694,0.2849815,0.29395306,0.31493032,0.32440317,0.3310924
pathetic,P,word2vec_recipe_20_HOM,0.11259123,0.11364733,0.13315642,0.13904487,0.14276506,0.14663427
mixture,P,word2vec_recipe_20_HOM,0.2735382,0.30989745,0.383669,0.33913037,0.41331527,0.3446085
jumbo,P,word2vec_recipe_20_HOM,0.39873964,0.37956032,0.48128566,0.4846961,0.51009715,0.5225996
mattress,P,word2vec_recipe_20_HOM,0.123477004,0.11813905,0.14427462,0.1362061,0.15361226,0.1501817
sway,P,word2vec_recipe_20_HOM,0.16976033,0.15571675,0.19368868,0.17967385,0.2038198,0.18512318
adjust,P,word2vec_recipe_20_HOM,0.31196293,0.3628772,0.419996,0.4011037,0.45862412,0.41708788
hippo,M,word2vec_recipe_20_HOM,0.23676448,0.23742194,0.2673781,0.23641433,0.27847233,0.2387475
pharmacy,P,word2vec_recipe_20_HOM,0.12599091,0.12582658,0.14546618,0.14463046,0.15455122,0.15476914
guilt,P,word2vec_recipe_20_HOM,0.27607772,0.31054214,0.32426393,0.33701763,0.34347847,0.34120238
yellow,P,word2vec_recipe_20_HOM,0.39734283,0.44583672,0.4782844,0.51304245,0.50790375,0.51190656
stretch,P,word2vec_recipe_20_HOM,0.28505662,0.35805184,0.34949932,0.3776657,0.37301007,0.36994186
untie,P,word2vec_recipe_20_HOM,0.35730553,0.36861122,0.4260474,0.4103297,0.45328844,0.4188797
invention,P,word2vec_recipe_20_HOM,0.1288482,0.11180711,0.15258853,0.14256972,0.16447096,0.15352862
sailboat,M,word2vec_recipe_20_HOM,0.2283983,0.27510345,0.2610873,0.27566433,0.2760078,0.29552034
degree,P,word2vec_recipe_20_HOM,0.35548255,0.35934082,0.43135956,0.3421522,0.45838302,0.36382738
strange,P,word2vec_recipe_20_HOM,0.18710934,0.18078488,0.22677614,0.19412707,0.24187878,0.20518894
corruption,P,word2vec_recipe_20_HOM,0.13547401,0.13557878,0.15840526,0.16069682,0.16874348,0.17278327
evil,P,word2vec_recipe_20_HOM,0.19513878,0.19178692,0.22445017,0.22898003,0.23670986,0.23137456
grid,P,word2vec_recipe_20_HOM,0.387235,0.44258183,0.4475991,0.463473,0.4679945,0.45253018
probable,P,word2vec_recipe_20_HOM,0.09562341,0.103022225,0.11350367,0.12564532,0.12225569,0.13974062
lucid,P,word2vec_recipe_20_HOM,0.25228477,0.26809,0.28916165,0.2944561,0.30381396,0.3176739
cheeky,M,word2vec_recipe_20_HOM,0.17214939,0.18213366,0.19627255,0.2057216,0.2070404,0.2203127
smart,P,word2vec_recipe_20_HOM,0.40029702,0.35071227,0.44803375,0.33330157,0.46501863,0.32563114
despicable,M,word2vec_recipe_20_HOM,0.13962145,0.12745254,0.15715155,0.14346428,0.1653946,0.16137251
olden,M,word2vec_recipe_20_HOM,0.2314224,0.16955003,0.256235,0.17817837,0.2666166,0.18075085
suffice,P,word2vec_recipe_20_HOM,0.31520164,0.19765389,0.3472644,0.1975582,0.35912392,0.20738018
drug,P,word2vec_recipe_20_HOM,0.18304019,0.18231991,0.22455946,0.21425496,0.24321431,0.22817986
personnel,P,word2vec_recipe_20_HOM,0.14663438,0.13329479,0.16859573,0.15741092,0.17949922,0.16829996
scientist,M,word2vec_recipe_20_HOM,0.16151509,0.16534841,0.18523385,0.19320945,0.19576602,0.20136952
triple,P,word2vec_recipe_20_HOM,0.37050337,0.2709105,0.42501274,0.28746063,0.44501114,0.3050568
toll,H,word2vec_recipe_20_HOM,0.3113999,0.29624918,0.37639922,0.29086345,0.39773735,0.28580433
soil,H,word2vec_recipe_20_HOM,0.26651916,0.33048576,0.3334827,0.35750952,0.36382103,0.38353038
finesse,P,word2vec_recipe_20_HOM,0.10491662,0.11257372,0.12441353,0.13214882,0.13330853,0.1441731
near,P,word2vec_recipe_20_HOM,0.36691308,0.21055013,0.4440436,0.37347326,0.47553435,0.40759394
manly,M,word2vec_recipe_20_HOM,0.19702378,0.18481293,0.22935832,0.20550269,0.24305809,0.21107097
fling,P,word2vec_recipe_20_HOM,0.3260143,0.26226074,0.375433,0.29722092,0.39283416,0.3138619
tolerate,P,word2vec_recipe_20_HOM,0.19804193,0.17497316,0.22821242,0.18464454,0.24100223,0.19102356
mechanism,P,word2vec_recipe_20_HOM,0.36078554,0.39989036,0.42040482,0.4357664,0.4427459,0.453752
likeness,P,word2vec_recipe_20_HOM,0.28058025,0.30541122,0.37220833,0.37000528,0.40073732,0.3779566
magical,P,word2vec_recipe_20_HOM,0.26398456,0.29246694,0.29998878,0.30693954,0.31637987,0.3130187
strip,H,word2vec_recipe_20_HOM,0.2917356,0.33514583,0.34794867,0.33439708,0.36864197,0.33518335
squeeze,P,word2vec_recipe_20_HOM,0.35303378,0.3933513,0.46091285,0.4569104,0.49090126,0.46714276
gap,P,word2vec_recipe_20_HOM,0.31865233,0.38426125,0.38302338,0.3645962,0.40477753,0.3528981
tiny,M,word2vec_recipe_20_HOM,0.34792322,0.39015016,0.42574197,0.42703375,0.45189726,0.4289579
hockey,P,word2vec_recipe_20_HOM,0.2531549,0.29917735,0.29950193,0.2934433,0.3161987,0.31013846
label,P,word2vec_recipe_20_HOM,0.36090446,0.3839412,0.4492814,0.5021106,0.48284855,0.50481844
deserve,P,word2vec_recipe_20_HOM,0.13609397,0.12268389,0.15661274,0.15043455,0.16656528,0.16277848
prior,H,word2vec_recipe_20_HOM,0.36936527,0.3533426,0.4733045,0.4074708,0.5019441,0.41628662
salesman,M,word2vec_recipe_20_HOM,0.23467836,0.21217483,0.2660533,0.23050718,0.27837238,0.24482666
uncover,P,word2vec_recipe_20_HOM,0.38502413,0.3438974,0.4472944,0.36420313,0.46929282,0.38106012
flood,P,word2vec_recipe_20_HOM,0.27249798,0.23554048,0.3265152,0.29483038,0.3495968,0.32257602
design,P,word2vec_recipe_20_HOM,0.24365442,0.2981538,0.31164548,0.32945898,0.33716312,0.33246604
pottery,P,word2vec_recipe_20_HOM,0.29638487,0.35673392,0.38299516,0.45089054,0.41732147,0.48625758
lace,P,word2vec_recipe_20_HOM,0.34247214,0.29477754,0.3863271,0.33297306,0.40382445,0.34377334
bathtub,M,word2vec_recipe_20_HOM,0.3142576,0.28523245,0.35861504,0.30130297,0.37637237,0.3039329
plot,H,word2vec_recipe_20_HOM,0.15419516,0.16358362,0.17894998,0.18489332,0.19023502,0.19298351
benefit,P,word2vec_recipe_20_HOM,0.25802797,0.24129063,0.29560584,0.23688084,0.30917308,0.24571434
curtain,P,word2vec_recipe_20_HOM,0.22462054,0.2661442,0.26713178,0.30535355,0.28790265,0.32105458
chair,P,word2vec_recipe_20_HOM,0.24718387,0.26858163,0.2997619,0.3171821,0.32159737,0.33910573
skillet,M,word2vec_recipe_20_HOM,0.30190873,0.37167513,0.39989147,0.3860928,0.43778816,0.40785778
barber,P,word2vec_recipe_20_HOM,0.22604783,0.28233147,0.27366436,0.3194502,0.29430076,0.34018758
glory,P,word2vec_recipe_20_HOM,0.3164378,0.28884846,0.36454737,0.29262793,0.38358864,0.3016222
proprietor,P,word2vec_recipe_20_HOM,0.09835678,0.10987397,0.11946635,0.14620835,0.12937033,0.16302645
input,P,word2vec_recipe_20_HOM,0.17547616,0.13954136,0.20117393,0.15259095,0.2118855,0.16828428
pure,P,word2vec_recipe_20_HOM,0.3122941,0.33289564,0.37105843,0.38561398,0.39761215,0.4124541
adjacent,M,word2vec_recipe_20_HOM,0.2849955,0.27167675,0.3403046,0.30961844,0.3614695,0.3298215
mutant,M,word2vec_recipe_20_HOM,0.14731467,0.13720918,0.16960417,0.17104986,0.1793763,0.1832599
cable,P,word2vec_recipe_20_HOM,0.19934185,0.23017284,0.23792385,0.26087743,0.25428036,0.2821256
virtual,M,word2vec_recipe_20_HOM,0.09172583,0.11053511,0.10901244,0.1450093,0.11794464,0.16102143
basement,M,word2vec_recipe_20_HOM,0.19141619,0.26438814,0.2537436,0.30088526,0.27680698,0.30527523
keeper,P,word2vec_recipe_20_HOM,0.3330509,0.3306966,0.38997313,0.37716416,0.41140452,0.3822557
timely,P,word2vec_recipe_20_HOM,0.17268062,0.14433286,0.19611032,0.15493721,0.20595819,0.16989037
correct,P,word2vec_recipe_20_HOM,0.29253393,0.3330247,0.36373878,0.35824823,0.39312065,0.3740427
failure,P,word2vec_recipe_20_HOM,0.19659206,0.15815727,0.2219199,0.16592425,0.23268364,0.17441842
dress,P,word2vec_recipe_20_HOM,0.29842618,0.314552,0.36534405,0.34726173,0.39158317,0.37304306
thinker,P,word2vec_recipe_20_HOM,0.13770786,0.14758974,0.16310135,0.16901398,0.1741996,0.18629909
observe,P,word2vec_recipe_20_HOM,0.2507317,0.22292064,0.2857588,0.23590317,0.29952365,0.24055727
muffin,M,word2vec_recipe_20_HOM,0.216301,0.24678612,0.33036268,0.33801857,0.3923052,0.42348725
trunk,P,word2vec_recipe_20_HOM,0.23964553,0.21366176,0.29444206,0.27480078,0.31983986,0.30158192
sixth,P,word2vec_recipe_20_HOM,0.3262917,0.4096421,0.42398158,0.40991434,0.4516226,0.4186294
creamy,P,word2vec_recipe_20_HOM,0.34908274,0.43182486,0.4308361,0.48165092,0.46087915,0.49945137
glue,P,word2vec_recipe_20_HOM,0.27417856,0.19909333,0.31296623,0.2654461,0.33276284,0.2944008
itchy,P,word2vec_recipe_20_HOM,0.12212731,0.14566065,0.15646608,0.1893257,0.1717978,0.20068581
trick,P,word2vec_recipe_20_HOM,0.22576316,0.1895049,0.25677928,0.17025645,0.2683191,0.17564473
tummy,M,word2vec_recipe_20_HOM,0.23926368,0.22741878,0.27786604,0.25558951,0.29276836,0.2651454
hug,P,word2vec_recipe_20_HOM,0.2789107,0.29744262,0.32328004,0.31483802,0.34189263,0.32226905
midget,P,word2vec_recipe_20_HOM,0.33200118,0.29862306,0.3986762,0.3877312,0.42546272,0.41808653
guarantee,P,word2vec_recipe_20_HOM,0.17194615,0.14542693,0.19263722,0.14572053,0.20182526,0.15409441
legal,P,word2vec_recipe_20_HOM,0.1950249,0.18865086,0.21806656,0.20441377,0.2281629,0.21256801
honeymoon,P,word2vec_recipe_20_HOM,0.13726217,0.13381925,0.1584141,0.14817226,0.16789608,0.16232073
technique,P,word2vec_recipe_20_HOM,0.2643858,0.25502852,0.30474317,0.237925,0.31883287,0.242771
wander,P,word2vec_recipe_20_HOM,0.121563256,0.11663072,0.15081304,0.14728533,0.16366127,0.15773004
fragment,P,word2vec_recipe_20_HOM,0.21073687,0.24059173,0.24562986,0.27619225,0.2599715,0.29404002
pasta,P,word2vec_recipe_20_HOM,0.14874797,0.18855454,0.27031097,0.34035486,0.32521713,0.3725541
rugged,P,word2vec_recipe_20_HOM,0.21530516,0.1947262,0.24989825,0.21670562,0.26237524,0.22596614
rim,P,word2vec_recipe_20_HOM,0.34801817,0.43674594,0.440835,0.44504005,0.47022316,0.46024078
lowly,P,word2vec_recipe_20_HOM,0.19884408,0.2148965,0.2298866,0.2231921,0.24265037,0.22786482
livery,P,word2vec_recipe_20_HOM,0.17921482,0.22713621,0.21352613,0.26237968,0.22773395,0.2792902
salami,M,word2vec_recipe_20_HOM,0.20831987,0.25109488,0.31623885,0.38047898,0.35451734,0.4077999
occur,P,word2vec_recipe_20_HOM,0.29887015,0.30773363,0.3488488,0.31968564,0.3667544,0.3230349
aquarium,P,word2vec_recipe_20_HOM,0.24718337,0.25435758,0.29387408,0.28258467,0.3114171,0.28906175
snap,P,word2vec_recipe_20_HOM,0.3902766,0.40223616,0.46846536,0.4524499,0.49943906,0.4662097
bony,P,word2vec_recipe_20_HOM,0.20542379,0.196852,0.26550603,0.28853774,0.299354,0.33880258
spiral,P,word2vec_recipe_20_HOM,0.29330832,0.31785423,0.3512143,0.36486202,0.37423593,0.37652123
nanny,M,word2vec_recipe_20_HOM,0.17536694,0.19481263,0.20786142,0.22396347,0.22147396,0.23473024
holder,P,word2vec_recipe_20_HOM,0.38704973,0.4100229,0.44844037,0.4661756,0.47259894,0.4746675
guidance,P,word2vec_recipe_20_HOM,0.26120585,0.28867322,0.31543416,0.32081974,0.3372996,0.3306112
severe,P,word2vec_recipe_20_HOM,0.2615722,0.18498701,0.29820192,0.20700333,0.3124714,0.21128303
burn,P,word2vec_recipe_20_HOM,0.29032966,0.3267234,0.36655053,0.36279878,0.39506766,0.35963094
season,P,word2vec_recipe_20_HOM,0.2343078,0.23467945,0.30105498,0.27128172,0.32936972,0.2874003
jingle,P,word2vec_recipe_20_HOM,0.2143491,0.19273725,0.24533379,0.20457742,0.25600746,0.21120524
flap,P,word2vec_recipe_20_HOM,0.2568947,0.29036552,0.30588526,0.33430812,0.3298864,0.3516477
clever,P,word2vec_recipe_20_HOM,0.20673823,0.17303549,0.23282577,0.17790915,0.24369378,0.17959341
complexion,P,word2vec_recipe_20_HOM,0.18088695,0.18510295,0.20730747,0.1901435,0.21774831,0.19621636
travel,P,word2vec_recipe_20_HOM,0.26541302,0.29779506,0.32354054,0.3320665,0.342842,0.32979974
silver,P,word2vec_recipe_20_HOM,0.43507332,0.4022886,0.49254972,0.44912428,0.51024413,0.45210624
brilliant,P,word2vec_recipe_20_HOM,0.24508242,0.27861094,0.3039726,0.32467142,0.32454902,0.32654092
passenger,P,word2vec_recipe_20_HOM,0.16486117,0.16926922,0.19978715,0.22037023,0.2169958,0.24341714
ignition,P,word2vec_recipe_20_HOM,0.1273528,0.14604717,0.15112783,0.1720175,0.1617004,0.1806816
apartment,M,word2vec_recipe_20_HOM,0.13608351,0.124849424,0.15837373,0.13957523,0.1687848,0.15450256
prospect,P,word2vec_recipe_20_HOM,0.12232371,0.120339826,0.14225551,0.15114899,0.15202822,0.16417673
geisha,M,word2vec_recipe_20_HOM,0.13152507,0.15228595,0.15718602,0.18474607,0.16746527,0.19982226
basketball,P,word2vec_recipe_20_HOM,0.20173495,0.20159481,0.23525096,0.23811194,0.2513529,0.26325476
silence,P,word2vec_recipe_20_HOM,0.098817155,0.10027225,0.118310235,0.12582356,0.12736717,0.1406207
bother,P,word2vec_recipe_20_HOM,0.2955781,0.295045,0.34662047,0.28060433,0.36628821,0.27056646
goldfish,M,word2vec_recipe_20_HOM,0.26654044,0.31599402,0.34762207,0.42953736,0.38309306,0.44727328
timetable,M,word2vec_recipe_20_HOM,0.20173696,0.22650403,0.23846912,0.24641733,0.2540287,0.25795972
trip,P,word2vec_recipe_20_HOM,0.24968219,0.20398147,0.28064397,0.20981157,0.29436398,0.2141199
likely,P,word2vec_recipe_20_HOM,0.26785588,0.26421174,0.31306285,0.24235228,0.32712516,0.23775938
celestial,P,word2vec_recipe_20_HOM,0.24353492,0.22336443,0.2767161,0.23297937,0.28914478,0.23447576
intuition,P,word2vec_recipe_20_HOM,0.11281836,0.11135841,0.13362479,0.1321799,0.14272106,0.14176084
wand,P,word2vec_recipe_20_HOM,0.278399,0.2729508,0.36230662,0.3843374,0.4007657,0.443577
housewife,M,word2vec_recipe_20_HOM,0.12258444,0.120838664,0.14558896,0.15970217,0.15491547,0.17222248
beep,P,word2vec_recipe_20_HOM,0.3171155,0.3240737,0.43164605,0.42363036,0.47710946,0.44615474
rinse,P,word2vec_recipe_20_HOM,0.32880658,0.4333418,0.42522156,0.45361972,0.45433396,0.4509919
outward,P,word2vec_recipe_20_HOM,0.27290964,0.33384237,0.3539394,0.36937675,0.38209915,0.37498033
radiator,P,word2vec_recipe_20_HOM,0.22868371,0.2410081,0.27116126,0.26438382,0.28667343,0.2652193
hill,P,word2vec_recipe_20_HOM,0.24845722,0.24618347,0.28416386,0.26104534,0.29871562,0.2676108
kettle,P,word2vec_recipe_20_HOM,0.29094666,0.36543426,0.40357876,0.4317159,0.4401482,0.4408543
hula,M,word2vec_recipe_20_HOM,0.21502367,0.22101885,0.2500022,0.2501494,0.26479024,0.262609
pouch,P,word2vec_recipe_20_HOM,0.37678453,0.42918038,0.45587212,0.4467914,0.4813425,0.4366796
admire,P,word2vec_recipe_20_HOM,0.24110973,0.19793549,0.28099316,0.22961763,0.29678252,0.23618276
joyous,M,word2vec_recipe_20_HOM,0.13077435,0.15031973,0.15442896,0.18447834,0.16496606,0.19689985
helpful,M,word2vec_recipe_20_HOM,0.31066144,0.28494242,0.3515422,0.26209003,0.36555213,0.250309
bronze,P,word2vec_recipe_20_HOM,0.26998222,0.2745558,0.334609,0.37328473,0.36307535,0.38292018
recite,P,word2vec_recipe_20_HOM,0.11539664,0.11439606,0.13616478,0.14336899,0.1448425,0.15215358
elastic,P,word2vec_recipe_20_HOM,0.28165612,0.30972207,0.43048358,0.44236735,0.4825373,0.4704199
dreary,P,word2vec_recipe_20_HOM,0.17509499,0.19476116,0.20904261,0.20768493,0.22268166,0.21588463
garage,P,word2vec_recipe_20_HOM,0.24405563,0.25993785,0.30356568,0.28477696,0.32276943,0.2761882
chamber,P,word2vec_recipe_20_HOM,0.37073594,0.38756412,0.43167245,0.45175514,0.45726842,0.47866884
electronic,P,word2vec_recipe_20_HOM,0.29659885,0.28725398,0.35930416,0.42521444,0.39099538,0.45871332
trace,H,word2vec_recipe_20_HOM,0.37782827,0.33970734,0.42965388,0.4077364,0.44772035,0.40201533
doorbell,M,word2vec_recipe_20_HOM,0.22439961,0.24071766,0.28337264,0.24719276,0.3033129,0.25345603
scale,H,word2vec_recipe_20_HOM,0.37755334,0.41396183,0.4349194,0.39424413,0.45265663,0.37976
solution,P,word2vec_recipe_20_HOM,0.33753002,0.41305506,0.40654713,0.44934776,0.43779472,0.470694
public,P,word2vec_recipe_20_HOM,0.10895523,0.10836747,0.12983982,0.14031851,0.14128955,0.15543833
column,P,word2vec_recipe_20_HOM,0.26033425,0.25364614,0.2984336,0.26657826,0.3133214,0.2750431
battery,P,word2vec_recipe_20_HOM,0.24603696,0.22042495,0.28760344,0.25730157,0.30373353,0.2664538
laboratory,P,word2vec_recipe_20_HOM,0.10320151,0.11750934,0.12268129,0.15449646,0.13273951,0.1670801
crop,P,word2vec_recipe_20_HOM,0.25877663,0.21282834,0.29183507,0.2113711,0.30537957,0.21997744
devotion,P,word2vec_recipe_20_HOM,0.39925075,0.4372643,0.4753374,0.4659411,0.4976865,0.46703345
regional,P,word2vec_recipe_20_HOM,0.19020109,0.17345925,0.22079563,0.20211965,0.23232166,0.20763238
parcel,P,word2vec_recipe_20_HOM,0.31473124,0.34774598,0.37819332,0.3864177,0.4047562,0.39634496
seal,H,word2vec_recipe_20_HOM,0.3311245,0.38134706,0.40729144,0.445049,0.44024172,0.46168652
insulin,P,word2vec_recipe_20_HOM,0.091742426,0.11912517,0.11657089,0.15061665,0.12838618,0.16052084
split,P,word2vec_recipe_20_HOM,0.42549032,0.47408295,0.51526797,0.5024078,0.54195464,0.476837
overload,P,word2vec_recipe_20_HOM,0.34948254,0.35942736,0.39799508,0.34945372,0.4160681,0.34537086
eyebrow,P,word2vec_recipe_20_HOM,0.12753448,0.16829799,0.16151991,0.21481197,0.1837592,0.24881218
magic,P,word2vec_recipe_20_HOM,0.33666033,0.31014112,0.37846932,0.29089513,0.39283752,0.29765064
keyhole,M,word2vec_recipe_20_HOM,0.15160452,0.1680759,0.17970808,0.205101,0.1913284,0.21727061
dispose,P,word2vec_recipe_20_HOM,0.33611068,0.29511,0.3855209,0.34616348,0.40886253,0.3701396
jelly,P,word2vec_recipe_20_HOM,0.40931123,0.45597467,0.48841214,0.47482225,0.5149618,0.47930312
legend,P,word2vec_recipe_20_HOM,0.1800899,0.16091415,0.20827618,0.170722,0.22044429,0.18647465
sideways,P,word2vec_recipe_20_HOM,0.30548787,0.3026247,0.3544059,0.31894308,0.37165305,0.32023853
werewolf,M,word2vec_recipe_20_HOM,0.15962,0.17158417,0.19003205,0.21342959,0.20207573,0.2221394
clash,P,word2vec_recipe_20_HOM,0.12391385,0.14724621,0.14879803,0.17313342,0.15879178,0.18604958
boiler,P,word2vec_recipe_20_HOM,0.3371437,0.35833263,0.4614211,0.44824034,0.50225323,0.45474532
slime,P,word2vec_recipe_20_HOM,0.32914475,0.32932174,0.38329345,0.3647334,0.4043634,0.38537633
recognize,P,word2vec_recipe_20_HOM,0.19307828,0.16591969,0.22476482,0.19506751,0.23679037,0.20072265
nude,P,word2vec_recipe_20_HOM,0.21406932,0.23198391,0.24615246,0.27154994,0.25863773,0.2822938
insulation,P,word2vec_recipe_20_HOM,0.2538427,0.24281971,0.29483765,0.27996367,0.31168908,0.30187517
overlook,P,word2vec_recipe_20_HOM,0.09488303,0.10021345,0.11736929,0.12760504,0.12725113,0.13748765
straw,P,word2vec_recipe_20_HOM,0.37209252,0.42426124,0.4382714,0.4464936,0.46246392,0.45095047
culture,P,word2vec_recipe_20_HOM,0.29201126,0.34460708,0.37246558,0.40061268,0.4006801,0.40882543
search,P,word2vec_recipe_20_HOM,0.20080571,0.18045236,0.23263961,0.20503098,0.2465749,0.2181564
consider,P,word2vec_recipe_20_HOM,0.28909293,0.3331836,0.33689845,0.28696945,0.35247934,0.27033556
cosmetic,P,word2vec_recipe_20_HOM,0.108009234,0.118127935,0.12835751,0.13950162,0.13747998,0.14790604
poetic,P,word2vec_recipe_20_HOM,0.10251415,0.112206936,0.119598664,0.13382521,0.12805058,0.14642796
furious,P,word2vec_recipe_20_HOM,0.24170105,0.2840579,0.29667637,0.30131775,0.31564355,0.30712798
amuse,P,word2vec_recipe_20_HOM,0.18483892,0.19032657,0.2164661,0.21284412,0.2278217,0.22271377
stimulate,P,word2vec_recipe_20_HOM,0.13798365,0.13528845,0.1593313,0.16190565,0.1698537,0.17275687
battleship,M,word2vec_recipe_20_HOM,0.14290312,0.16956492,0.1828718,0.25141495,0.20071323,0.26878002
odor,P,word2vec_recipe_20_HOM,0.2559681,0.2699581,0.3018621,0.28941417,0.32206273,0.2977744
visual,P,word2vec_recipe_20_HOM,0.25956815,0.27941486,0.30274355,0.2779065,0.31892204,0.2741936
beak,P,word2vec_recipe_20_HOM,0.21330357,0.24847324,0.28571728,0.30195284,0.3203865,0.33941793
infamous,P,word2vec_recipe_20_HOM,0.13566157,0.1522601,0.15962926,0.16860391,0.16797931,0.175733
bleach,P,word2vec_recipe_20_HOM,0.21126768,0.2586647,0.2821674,0.35877606,0.31329042,0.36937848
kerosene,M,word2vec_recipe_20_HOM,0.46973124,0.47222945,0.5300976,0.49450156,0.5490105,0.51552224
spark,P,word2vec_recipe_20_HOM,0.18356125,0.18717062,0.2183552,0.21642295,0.23012848,0.2282677
consensus,P,word2vec_recipe_20_HOM,0.0775887,0.09240887,0.09290669,0.11477035,0.10191029,0.12885395
apart,P,word2vec_recipe_20_HOM,0.3567689,0.27604088,0.43804124,0.3723061,0.46983597,0.38717493
diet,H,word2vec_recipe_20_HOM,0.31421033,0.3424197,0.3731639,0.36321798,0.3924159,0.35145923
scoot,P,word2vec_recipe_20_HOM,0.3531532,0.30295303,0.40327263,0.34920758,0.42081273,0.3600491
bouncy,P,word2vec_recipe_20_HOM,0.2803579,0.29719317,0.34462082,0.33666646,0.36927527,0.3581776
invest,P,word2vec_recipe_20_HOM,0.17848444,0.15810706,0.20634592,0.16444491,0.21827008,0.17163798
tease,P,word2vec_recipe_20_HOM,0.254344,0.2583831,0.30200446,0.30255932,0.32090142,0.31916514
lean,H,word2vec_recipe_20_HOM,0.36019024,0.37670472,0.4306754,0.40147096,0.45025522,0.35682023
stab,P,word2vec_recipe_20_HOM,0.30659276,0.3586766,0.40551013,0.4720274,0.4422393,0.48860484
spooky,M,word2vec_recipe_20_HOM,0.22418837,0.2386557,0.28044924,0.2783588,0.30661595,0.31414682
unborn,P,word2vec_recipe_20_HOM,0.17194279,0.15589148,0.19614491,0.17304237,0.20571452,0.18868151
review,P,word2vec_recipe_20_HOM,0.24318449,0.203313,0.28056067,0.20801216,0.2944577,0.21640497
lantern,P,word2vec_recipe_20_HOM,0.2523961,0.25334695,0.29630482,0.2781464,0.31279767,0.28486207
cuff,H,word2vec_recipe_20_HOM,0.21347955,0.2581036,0.25020275,0.28811848,0.26738343,0.30093202
rural,P,word2vec_recipe_20_HOM,0.11869899,0.119385235,0.1373518,0.15073954,0.1472884,0.16217245
weave,P,word2vec_recipe_20_HOM,0.32013303,0.36697128,0.3780731,0.33621773,0.40110877,0.34319663
soda,P,word2vec_recipe_20_HOM,0.29492918,0.31093252,0.36404955,0.34892535,0.39518243,0.37233007
heavy,P,word2vec_recipe_20_HOM,0.33885908,0.39382622,0.43481028,0.45403862,0.46685725,0.46996766
port,H,word2vec_recipe_20_HOM,0.23142223,0.32817107,0.34094316,0.45184043,0.38671136,0.4720668
shack,M,word2vec_recipe_20_HOM,0.25935286,0.21524096,0.29687074,0.23917688,0.31279382,0.24878198
final,P,word2vec_recipe_20_HOM,0.37010577,0.39607155,0.42749852,0.38593543,0.4477239,0.37322238
compass,P,word2vec_recipe_20_HOM,0.18882969,0.19880837,0.22281305,0.2488251,0.23833504,0.26824275
downward,P,word2vec_recipe_20_HOM,0.26749447,0.27186096,0.31826743,0.31704447,0.33987197,0.3427
hull,H,word2vec_recipe_20_HOM,0.32193995,0.3815392,0.40611053,0.44603094,0.4389199,0.4600597
patch,P,word2vec_recipe_20_HOM,0.40755874,0.41415447,0.47571766,0.43051094,0.49655637,0.44028956
depart,P,word2vec_recipe_20_HOM,0.14218858,0.15833,0.16451606,0.18077774,0.17425297,0.18882407
peaceful,P,word2vec_recipe_20_HOM,0.12565182,0.12447576,0.14408514,0.14817163,0.15274087,0.15367194
stud,H,word2vec_recipe_20_HOM,0.4010333,0.3806781,0.47112134,0.4361257,0.4953047,0.4499438
warmth,P,word2vec_recipe_20_HOM,0.3473618,0.34608978,0.4007974,0.35853297,0.42116767,0.3498081
grad,M,word2vec_recipe_20_HOM,0.19517776,0.16588032,0.22105065,0.18238533,0.23176704,0.19398047
circuit,P,word2vec_recipe_20_HOM,0.12123034,0.13067074,0.13994256,0.1516028,0.14990477,0.16278176
colonial,P,word2vec_recipe_20_HOM,0.2045896,0.15079452,0.23791847,0.18834887,0.25267825,0.1976997
customer,P,word2vec_recipe_20_HOM,0.098625526,0.09474701,0.11687792,0.12445001,0.12659393,0.13932
store,P,word2vec_recipe_20_HOM,0.31841898,0.3603338,0.44488183,0.43483144,0.48659444,0.45850128
socket,P,word2vec_recipe_20_HOM,0.25238535,0.22469845,0.321488,0.30252862,0.34870484,0.3468815
song,P,word2vec_recipe_20_HOM,0.17484377,0.17491867,0.20015647,0.19686739,0.21216537,0.20404002
glow,P,word2vec_recipe_20_HOM,0.39558005,0.4574717,0.45742172,0.48970363,0.4799322,0.49881366
descend,P,word2vec_recipe_20_HOM,0.13302884,0.14023867,0.15285544,0.16935064,0.16316414,0.17814627
rocket,H,word2vec_recipe_20_HOM,0.28001156,0.32375854,0.35818976,0.40766352,0.38908955,0.42434683
spray,H,word2vec_recipe_20_HOM,0.21511202,0.24466397,0.32835773,0.33448672,0.3788917,0.38543203
dawn,P,word2vec_recipe_20_HOM,0.20987968,0.20155077,0.2392925,0.19889335,0.2503939,0.21628313
entry,P,word2vec_recipe_20_HOM,0.21969828,0.17388684,0.24675691,0.18887259,0.25798255,0.19693892
snuggle,P,word2vec_recipe_20_HOM,0.29768726,0.3030089,0.34916097,0.33845925,0.36632425,0.36063197
removal,P,word2vec_recipe_20_HOM,0.38857645,0.35543963,0.44793892,0.38196102,0.4680857,0.39469984
fierce,P,word2vec_recipe_20_HOM,0.28634852,0.32983166,0.33714798,0.3543187,0.35545027,0.36633697
mushroom,P,word2vec_recipe_20_HOM,0.31085986,0.36125112,0.39758074,0.43195492,0.42558646,0.436464
lug,H,word2vec_recipe_20_HOM,0.24004813,0.30940548,0.3584053,0.4160072,0.39494216,0.43760893
debris,P,word2vec_recipe_20_HOM,0.25577202,0.3203561,0.34381732,0.3915417,0.3836869,0.42524755
commercial,P,word2vec_recipe_20_HOM,0.28981605,0.32221717,0.33973107,0.36185586,0.358952,0.36700797
scary,M,word2vec_recipe_20_HOM,0.22929916,0.24852449,0.2707916,0.27572915,0.287563,0.29193324
boardwalk,M,word2vec_recipe_20_HOM,0.15672846,0.15141363,0.17953557,0.18191618,0.18922955,0.19296372
skin,P,word2vec_recipe_20_HOM,0.3349024,0.40287316,0.3924725,0.4155046,0.4196414,0.43281978
unfinished,P,word2vec_recipe_20_HOM,0.1868108,0.18034084,0.21273662,0.19401896,0.22408947,0.21148162
medication,P,word2vec_recipe_20_HOM,0.105607376,0.12021713,0.12578401,0.1472773,0.13523988,0.1552572
stepped,P,word2vec_recipe_20_HOM,0.12305746,0.116724245,0.14062878,0.13744602,0.15036592,0.14489321
affair,P,word2vec_recipe_20_HOM,0.16622488,0.15576532,0.18977416,0.16549654,0.20076677,0.16894636
sticky,P,word2vec_recipe_20_HOM,0.31046614,0.3203878,0.39964306,0.37412304,0.43910453,0.39132902
wipe,P,word2vec_recipe_20_HOM,0.4035574,0.44602105,0.46532717,0.4975365,0.49106085,0.48810366
barbarian,P,word2vec_recipe_20_HOM,0.16138321,0.1751532,0.1840415,0.20475455,0.19552389,0.22311722
beauty,P,word2vec_recipe_20_HOM,0.24808559,0.24205944,0.28188184,0.23148638,0.29518607,0.2352407
crybaby,M,word2vec_recipe_20_HOM,0.091532215,0.12186617,0.11855496,0.15286092,0.13337488,0.16883636
variation,P,word2vec_recipe_20_HOM,0.27120617,0.34466216,0.37097922,0.43044233,0.39992237,0.41928276
freezer,M,word2vec_recipe_20_HOM,0.290034,0.38033754,0.39741525,0.41250128,0.43310216,0.43816388
abroad,P,word2vec_recipe_20_HOM,0.13742569,0.15344688,0.16225407,0.1780161,0.17293656,0.1896516
pork,P,word2vec_recipe_20_HOM,0.24699172,0.32982486,0.33929554,0.39935642,0.37153444,0.37153083
dioxide,M,word2vec_recipe_20_HOM,0.20308462,0.25034937,0.25752544,0.27618897,0.2801508,0.29180935
glide,P,word2vec_recipe_20_HOM,0.23126559,0.23906444,0.27700225,0.29425186,0.29846936,0.30647528
extend,P,word2vec_recipe_20_HOM,0.3378678,0.38572693,0.4325815,0.4076869,0.46151122,0.414417
energy,P,word2vec_recipe_20_HOM,0.33428094,0.32735738,0.38981155,0.3846312,0.41157547,0.38652566
sport,P,word2vec_recipe_20_HOM,0.2749731,0.28390655,0.33807126,0.36630526,0.3603187,0.38227722
cheer,P,word2vec_recipe_20_HOM,0.23033929,0.23777531,0.271741,0.2611784,0.28936362,0.28811532
confirm,P,word2vec_recipe_20_HOM,0.22596607,0.23033355,0.27781686,0.2545782,0.29538703,0.2446105
desire,P,word2vec_recipe_20_HOM,0.2622432,0.32213673,0.35629296,0.3263502,0.38556728,0.33696523
conceal,P,word2vec_recipe_20_HOM,0.1636543,0.19305721,0.20894888,0.24570371,0.23225921,0.26871717
shadow,P,word2vec_recipe_20_HOM,0.2694182,0.2609968,0.30643225,0.2859181,0.3211535,0.30211836
jump,P,word2vec_recipe_20_HOM,0.29466206,0.33103803,0.35209957,0.36497727,0.37471756,0.34944806
standby,P,word2vec_recipe_20_HOM,0.28677538,0.24654818,0.3153776,0.23458596,0.32777238,0.23755935
carcass,P,word2vec_recipe_20_HOM,0.27214822,0.3457341,0.3613642,0.42701054,0.3994509,0.45979315
loud,P,word2vec_recipe_20_HOM,0.1813569,0.19094066,0.22734131,0.22096445,0.24449293,0.2300038
napkin,P,word2vec_recipe_20_HOM,0.27528813,0.30137536,0.36161518,0.3967076,0.4018905,0.43231446
fridge,M,word2vec_recipe_20_HOM,0.25984237,0.30805862,0.39050364,0.40286985,0.435036,0.42206675
ambush,P,word2vec_recipe_20_HOM,0.14977536,0.16542408,0.17530242,0.18714017,0.18552563,0.20183621
sublime,P,word2vec_recipe_20_HOM,0.22510746,0.27197444,0.26608878,0.29241008,0.28199372,0.30094674
kindness,P,word2vec_recipe_20_HOM,0.25761157,0.28041288,0.41044137,0.36835897,0.46699005,0.4138033
ginger,P,word2vec_recipe_20_HOM,0.29499352,0.3532893,0.36487073,0.36228442,0.39167604,0.39130887
curious,P,word2vec_recipe_20_HOM,0.11822115,0.10747056,0.14113012,0.13491282,0.15162636,0.14911467
boyfriend,P,word2vec_recipe_20_HOM,0.16481417,0.14574414,0.2000954,0.17866729,0.21492767,0.19193506
install,P,word2vec_recipe_20_HOM,0.27095628,0.31091014,0.3428725,0.41044238,0.37301627,0.455796
saline,P,word2vec_recipe_20_HOM,0.26016268,0.29569146,0.30818442,0.3204624,0.32586667,0.33070993
jolly,P,word2vec_recipe_20_HOM,0.24504729,0.22031567,0.29734638,0.28229466,0.31654152,0.2983004
stick,H,word2vec_recipe_20_HOM,0.43973598,0.43644264,0.5148457,0.48472744,0.5377771,0.47111073
ledge,P,word2vec_recipe_20_HOM,0.2006466,0.19442824,0.2402688,0.25264376,0.2576478,0.27882567
explorer,P,word2vec_recipe_20_HOM,0.13922398,0.15536514,0.16025591,0.17994599,0.17037426,0.19181067
disrupt,P,word2vec_recipe_20_HOM,0.21876517,0.21476658,0.25955766,0.21960911,0.27775478,0.22058737
spoon,P,word2vec_recipe_20_HOM,0.3961243,0.47728485,0.47362438,0.45018774,0.49593613,0.42244342
useful,M,word2vec_recipe_20_HOM,0.27831426,0.33191285,0.33236468,0.291794,0.34916875,0.28167957
recipe,P,word2vec_recipe_20_HOM,0.27685922,0.29632425,0.32167453,0.33360258,0.34076318,0.34168997
gratitude,M,word2vec_recipe_20_HOM,0.16460219,0.15316744,0.19773301,0.18165332,0.21114779,0.19065481
culinary,M,word2vec_recipe_20_HOM,0.29673904,0.22865097,0.33828992,0.24006557,0.35343868,0.24424075
pursuit,P,word2vec_recipe_20_HOM,0.10163357,0.114731275,0.121182404,0.13454749,0.13090162,0.14707616
culprit,M,word2vec_recipe_20_HOM,0.13041885,0.12546092,0.14871989,0.15141511,0.15798037,0.15791693
legendary,M,word2vec_recipe_20_HOM,0.14261518,0.16584402,0.16833209,0.19675583,0.17848705,0.21395774
litter,P,word2vec_recipe_20_HOM,0.27781537,0.25596663,0.32400495,0.2822454,0.34348547,0.30603456
jam,H,word2vec_recipe_20_HOM,0.29841167,0.34959877,0.38563386,0.4353595,0.4197651,0.44337147
endurance,P,word2vec_recipe_20_HOM,0.15640327,0.14552648,0.18154289,0.16338527,0.19172506,0.17144111
canine,P,word2vec_recipe_20_HOM,0.15446547,0.15460013,0.18446897,0.18667614,0.19653103,0.19674057
bartender,M,word2vec_recipe_20_HOM,0.109128416,0.114760056,0.12854885,0.14230242,0.13867489,0.15872364
prestige,P,word2vec_recipe_20_HOM,0.10825372,0.106570035,0.13189575,0.15255742,0.1435042,0.17472361
feedback,P,word2vec_recipe_20_HOM,0.1199703,0.10403262,0.14494908,0.13731866,0.15557571,0.14965913
backyard,M,word2vec_recipe_20_HOM,0.21994388,0.24394378,0.26482666,0.27525675,0.28208944,0.2850501
luncheon,M,word2vec_recipe_20_HOM,0.34648198,0.37126505,0.4149551,0.40343103,0.44294587,0.40569314
cologne,M,word2vec_recipe_20_HOM,0.1560068,0.16319233,0.18674539,0.19214013,0.20085831,0.20961252
tool,P,word2vec_recipe_20_HOM,0.2851689,0.32654518,0.3614213,0.36645868,0.38726524,0.38814464
conjure,P,word2vec_recipe_20_HOM,0.09038156,0.10280607,0.1090409,0.12570617,0.1173341,0.13881697
dependable,M,word2vec_recipe_20_HOM,0.31071883,0.29603088,0.35918042,0.3201219,0.3771734,0.31683445
stink,P,word2vec_recipe_20_HOM,0.16453548,0.13947636,0.1888997,0.16183752,0.19946621,0.1714775
goddess,P,word2vec_recipe_20_HOM,0.29221177,0.26255143,0.34565187,0.284639,0.36658317,0.29886785
gender,P,word2vec_recipe_20_HOM,0.19182226,0.19753712,0.22402425,0.22039838,0.23551701,0.23329954
spare,P,word2vec_recipe_20_HOM,0.31680375,0.3040113,0.39361545,0.3366768,0.41877124,0.34093192
impatient,P,word2vec_recipe_20_HOM,0.23013823,0.14507043,0.26297265,0.1726959,0.27791557,0.18144771
cock,H,word2vec_recipe_20_HOM,0.27780694,0.17253582,0.31171334,0.19947602,0.32433105,0.2115177
vital,P,word2vec_recipe_20_HOM,0.30311716,0.34161866,0.363819,0.4068014,0.3905922,0.42528218
toothbrush,M,word2vec_recipe_20_HOM,0.2156611,0.2513358,0.27685368,0.32179928,0.3029911,0.34042284
booster,P,word2vec_recipe_20_HOM,0.28160277,0.24235448,0.3237614,0.27911142,0.33884785,0.2898152
dull,P,word2vec_recipe_20_HOM,0.4195394,0.44358018,0.4802807,0.45523062,0.50007665,0.44882187
pod,H,word2vec_recipe_20_HOM,0.3505753,0.4184249,0.46104586,0.5176142,0.4961383,0.53072363
thrill,P,word2vec_recipe_20_HOM,0.14213973,0.14155431,0.16499668,0.15357171,0.17508268,0.16623384
patriotic,M,word2vec_recipe_20_HOM,0.23491402,0.24867275,0.27554458,0.2811273,0.2943044,0.28638002
asbestos,P,word2vec_recipe_20_HOM,0.27329975,0.21687508,0.30557323,0.24036802,0.32043812,0.24925993
charge,P,word2vec_recipe_20_HOM,0.2172831,0.25927696,0.34032685,0.35094172,0.3767373,0.38883892
lullaby,P,word2vec_recipe_20_HOM,0.11097012,0.13993208,0.13183478,0.17757796,0.14066207,0.18932454
gruesome,M,word2vec_recipe_20_HOM,0.13778237,0.13564739,0.15854135,0.15001033,0.1688299,0.16385196
puke,P,word2vec_recipe_20_HOM,0.085891776,0.09915951,0.10599636,0.11869116,0.11587041,0.13398306
razor,P,word2vec_recipe_20_HOM,0.3597065,0.3715773,0.4534347,0.444081,0.48644683,0.49500805
wall,P,word2vec_recipe_20_HOM,0.2999665,0.2945452,0.35309628,0.33179948,0.37230083,0.34815904
rowboat,M,word2vec_recipe_20_HOM,0.19414234,0.21051884,0.21813145,0.25652725,0.23030426,0.27099347
apparatus,P,word2vec_recipe_20_HOM,0.24493773,0.27120695,0.2895186,0.31324628,0.30942124,0.3168585
guitar,P,word2vec_recipe_20_HOM,0.17665496,0.17920175,0.21312606,0.2213643,0.23106037,0.2509343
wealth,P,word2vec_recipe_20_HOM,0.14700863,0.13500643,0.16595575,0.1714263,0.17533976,0.18440425
chip,H,word2vec_recipe_20_HOM,0.25872383,0.19230148,0.305009,0.2001443,0.3245327,0.22649722
cocoa,P,word2vec_recipe_20_HOM,0.29565182,0.40566072,0.35887906,0.4092329,0.38246742,0.41000167
vote,P,word2vec_recipe_20_HOM,0.09659807,0.09326811,0.11438537,0.1230838,0.12310587,0.13631614
abandon,P,word2vec_recipe_20_HOM,0.16738601,0.12614971,0.1960816,0.1506633,0.2080128,0.16185088
overnight,P,word2vec_recipe_20_HOM,0.3039374,0.36464798,0.39705408,0.401441,0.43911728,0.4323078
urban,P,word2vec_recipe_20_HOM,0.15873893,0.13940375,0.18293944,0.16343157,0.1934749,0.17870082
sorrow,P,word2vec_recipe_20_HOM,0.28334635,0.29064032,0.39214003,0.34709987,0.4314515,0.33421034
enlist,P,word2vec_recipe_20_HOM,0.11635719,0.12634574,0.13881743,0.14281672,0.14938182,0.15167674
stress,P,word2vec_recipe_20_HOM,0.23427443,0.1524469,0.26177225,0.17407216,0.27252063,0.18259186
runny,P,word2vec_recipe_20_HOM,0.2731064,0.2821015,0.3371003,0.30101874,0.36516786,0.31891596
pine,H,word2vec_recipe_20_HOM,0.29725936,0.36953956,0.3790463,0.4363794,0.4097646,0.45201558
covert,P,word2vec_recipe_20_HOM,0.21454707,0.24305439,0.24711525,0.26664498,0.2605692,0.28047603
knockout,P,word2vec_recipe_20_HOM,0.1858439,0.20130445,0.20909521,0.23050784,0.22006735,0.23392913
sunset,P,word2vec_recipe_20_HOM,0.27731213,0.22037289,0.3190171,0.26404336,0.33429277,0.2854629
salty,P,word2vec_recipe_20_HOM,0.3139324,0.28653297,0.36004055,0.29596066,0.37825474,0.30207425
renowned,M,word2vec_recipe_20_HOM,0.12204073,0.13380909,0.14448471,0.15676667,0.15454894,0.16966982
hazard,P,word2vec_recipe_20_HOM,0.15586457,0.1558511,0.19278634,0.18248384,0.20590526,0.18134259
vertical,P,word2vec_recipe_20_HOM,0.22893052,0.27471504,0.2860129,0.32126305,0.3093576,0.33420077
glimpse,P,word2vec_recipe_20_HOM,0.103884295,0.10119749,0.12372999,0.12206305,0.13237338,0.13224821
membrane,P,word2vec_recipe_20_HOM,0.276503,0.33250335,0.35960042,0.37121332,0.38960582,0.3952055
structural,P,word2vec_recipe_20_HOM,0.17894466,0.16886982,0.20945963,0.18874606,0.22242437,0.19554466
sensor,M,word2vec_recipe_20_HOM,0.16594534,0.17765476,0.194342,0.19574653,0.20525749,0.19759837
temporary,P,word2vec_recipe_20_HOM,0.17600879,0.15844849,0.19865711,0.1698895,0.20747578,0.1744984
preacher,M,word2vec_recipe_20_HOM,0.17604078,0.15538366,0.20988204,0.18893068,0.22463474,0.19744274
blush,P,word2vec_recipe_20_HOM,0.32537743,0.33660683,0.37668186,0.3826671,0.39616174,0.3846824
mend,P,word2vec_recipe_20_HOM,0.20238385,0.20680232,0.24252647,0.24061355,0.26019618,0.25882164
kick,P,word2vec_recipe_20_HOM,0.309448,0.37973443,0.3724631,0.35468328,0.39259356,0.3598355
tough,P,word2vec_recipe_20_HOM,0.3156113,0.31706065,0.40399635,0.3761976,0.44427916,0.41027206
local,P,word2vec_recipe_20_HOM,0.24060202,0.2979703,0.30231172,0.32046026,0.33027244,0.31703287
spy,P,word2vec_recipe_20_HOM,0.18476307,0.2195337,0.23366146,0.23442495,0.2507997,0.23908205
moist,P,word2vec_recipe_20_HOM,0.38408035,0.3765055,0.45491874,0.42161372,0.4833256,0.4319202
coat,P,word2vec_recipe_20_HOM,0.40258616,0.43915433,0.47246075,0.43094283,0.49673188,0.42364013
penicillin,M,word2vec_recipe_20_HOM,0.16890025,0.18334278,0.19105831,0.19477329,0.20062271,0.20180131
broom,P,word2vec_recipe_20_HOM,0.26196647,0.24923353,0.30384812,0.27555484,0.32590538,0.29219583
scar,P,word2vec_recipe_20_HOM,0.1705075,0.18688796,0.21037188,0.26118985,0.225863,0.278576
surgical,P,word2vec_recipe_20_HOM,0.19083096,0.24552627,0.24260864,0.2648568,0.2617485,0.2637103
alcoholic,P,word2vec_recipe_20_HOM,0.23002148,0.21690457,0.27833027,0.26069266,0.30025536,0.28026733
britches,M,word2vec_recipe_20_HOM,0.20396917,0.20510621,0.23357329,0.23251186,0.2448372,0.24330162
execution,P,word2vec_recipe_20_HOM,0.08126326,0.09761765,0.09782015,0.12220644,0.105481856,0.13249783
pound,H,word2vec_recipe_20_HOM,0.43108064,0.47138345,0.5118831,0.46723714,0.5386127,0.44894433
tobacco,P,word2vec_recipe_20_HOM,0.29859367,0.3143898,0.35388482,0.3695963,0.37519905,0.39608365
unicorn,M,word2vec_recipe_20_HOM,0.17246437,0.19420715,0.21433634,0.25782305,0.23614284,0.29204467
tidy,P,word2vec_recipe_20_HOM,0.24799676,0.23902759,0.29554254,0.27799496,0.31410772,0.29273522
metallic,P,word2vec_recipe_20_HOM,0.38594574,0.4209096,0.45432186,0.43896967,0.47557667,0.4503807
appeal,P,word2vec_recipe_20_HOM,0.26098892,0.2642206,0.3061335,0.2645997,0.3237882,0.26686546
assurance,P,word2vec_recipe_20_HOM,0.27987343,0.26095888,0.32461098,0.2927044,0.34041443,0.3039824
declare,P,word2vec_recipe_20_HOM,0.074970216,0.090457074,0.09224385,0.11749235,0.100618035,0.13062742
detect,P,word2vec_recipe_20_HOM,0.21093336,0.1976131,0.23941892,0.21881512,0.2529061,0.22656238
popcorn,P,word2vec_recipe_20_HOM,0.31878892,0.35003063,0.4461595,0.44773316,0.48434907,0.45004258
chicken,P,word2vec_recipe_20_HOM,0.26726404,0.34634563,0.37455654,0.44956046,0.4136314,0.44099
cloud,P,word2vec_recipe_20_HOM,0.36347428,0.35842583,0.4107121,0.36094883,0.4287281,0.33845404
saucer,M,word2vec_recipe_20_HOM,0.39828217,0.38928014,0.46630698,0.41875225,0.49073657,0.45509228
notch,P,word2vec_recipe_20_HOM,0.3923055,0.3383078,0.440067,0.35922667,0.45795268,0.3690505
nipple,P,word2vec_recipe_20_HOM,0.17297173,0.19292003,0.20938255,0.23542634,0.22417505,0.25440156
reborn,P,word2vec_recipe_20_HOM,0.15089652,0.18051048,0.1808025,0.2237703,0.19330822,0.24783218
immigrant,P,word2vec_recipe_20_HOM,0.15160063,0.14021014,0.17508206,0.17728107,0.18458462,0.18831114
madness,P,word2vec_recipe_20_HOM,0.21430667,0.20656128,0.24831277,0.23453037,0.26246113,0.2463567
plate,P,word2vec_recipe_20_HOM,0.35556364,0.3906182,0.45665413,0.43729234,0.48722076,0.4435832
silly,P,word2vec_recipe_20_HOM,0.2193363,0.22407486,0.24978821,0.21631092,0.2620221,0.21332754
tumble,P,word2vec_recipe_20_HOM,0.39700127,0.48432606,0.46527606,0.53181446,0.49074638,0.50085896
raisin,M,word2vec_recipe_20_HOM,0.2744886,0.34819588,0.34731078,0.3418889,0.37380114,0.3212707
customary,P,word2vec_recipe_20_HOM,0.2125282,0.16585189,0.23738158,0.16928835,0.24805462,0.1770253
trumpet,P,word2vec_recipe_20_HOM,0.2619627,0.31037027,0.33729175,0.3872888,0.36824337,0.39951032
squirrel,P,word2vec_recipe_20_HOM,0.30730954,0.38797447,0.39398453,0.44609386,0.4265539,0.45782763
suspend,P,word2vec_recipe_20_HOM,0.338095,0.3316239,0.40726322,0.41896695,0.43742248,0.44964468
exchange,P,word2vec_recipe_20_HOM,0.2863068,0.26652715,0.37618375,0.22763047,0.3991246,0.20562208
flavor,P,word2vec_recipe_20_HOM,0.22974217,0.25126106,0.28536776,0.2876043,0.3110328,0.30078092
glass,P,word2vec_recipe_20_HOM,0.29002088,0.29081076,0.36425793,0.3528125,0.39422458,0.38198784
bunch,P,word2vec_recipe_20_HOM,0.33988696,0.38627866,0.4092157,0.42429715,0.4365365,0.43260044
inspect,P,word2vec_recipe_20_HOM,0.37015316,0.4044654,0.43075848,0.43568173,0.45544893,0.4535227
bum,P,word2vec_recipe_20_HOM,0.24762607,0.255856,0.31304547,0.330637,0.33723214,0.33837637
large,P,word2vec_recipe_20_HOM,0.27832773,0.3851246,0.41398776,0.4809187,0.45795265,0.488647
variety,P,word2vec_recipe_20_HOM,0.26251155,0.35987365,0.3337352,0.3904162,0.35899612,0.3853172
meantime,P,word2vec_recipe_20_HOM,0.44654942,0.44346908,0.51299,0.46179911,0.53125715,0.46393657
princess,P,word2vec_recipe_20_HOM,0.23397152,0.22641607,0.2672633,0.2470303,0.27978307,0.25880536
suitable,M,word2vec_recipe_20_HOM,0.39683792,0.4645156,0.46136424,0.47451323,0.48122188,0.47331148
default,P,word2vec_recipe_20_HOM,0.2000046,0.17666352,0.23384102,0.20266359,0.24744801,0.21228984
propose,P,word2vec_recipe_20_HOM,0.09916895,0.103596576,0.113572724,0.12476104,0.12132164,0.13770236
rod,P,word2vec_recipe_20_HOM,0.3240702,0.30138835,0.38380188,0.3375462,0.40673417,0.35605478
gutter,P,word2vec_recipe_20_HOM,0.16383988,0.1807999,0.1909218,0.2061709,0.20336913,0.22329669
grapefruit,P,word2vec_recipe_20_HOM,0.21882375,0.29096898,0.3096984,0.3838731,0.34993678,0.39999545
chaos,P,word2vec_recipe_20_HOM,0.13616103,0.1377624,0.15471065,0.15784645,0.1636691,0.16854566
bus,H,word2vec_recipe_20_HOM,0.2000122,0.1988805,0.2379599,0.25771376,0.2530428,0.2748403
scooter,P,word2vec_recipe_20_HOM,0.1554465,0.16696575,0.17879307,0.19371633,0.1884686,0.20628574
rink,P,word2vec_recipe_20_HOM,0.16560179,0.17485598,0.20741935,0.24128425,0.22680026,0.26303446
round,P,word2vec_recipe_20_HOM,0.28654334,0.31530684,0.33222684,0.30056846,0.35249406,0.30800062
hamper,H,word2vec_recipe_20_HOM,0.14620493,0.13074222,0.16871418,0.15401243,0.17791307,0.1715677
pressure,P,word2vec_recipe_20_HOM,0.32406694,0.36454797,0.4158865,0.44424188,0.46101007,0.4837209
wacky,M,word2vec_recipe_20_HOM,0.21425982,0.16424015,0.26533186,0.19603398,0.28777608,0.2069525
allow,P,word2vec_recipe_20_HOM,0.38747233,0.39900252,0.47192693,0.34831873,0.49501792,0.3471357
withhold,P,word2vec_recipe_20_HOM,0.23002489,0.24321878,0.26479423,0.261422,0.2778331,0.26084062
colony,P,word2vec_recipe_20_HOM,0.12018812,0.13004705,0.13980831,0.14467068,0.14832121,0.15700659
squeak,P,word2vec_recipe_20_HOM,0.38857383,0.45584098,0.44312215,0.43893316,0.46195891,0.4292333
halfway,P,word2vec_recipe_20_HOM,0.40868872,0.4372244,0.5014293,0.45149922,0.52675474,0.44575146
forward,P,word2vec_recipe_20_HOM,0.2987588,0.32338065,0.35744995,0.35492778,0.37948605,0.36535907
assess,P,word2vec_recipe_20_HOM,0.24508557,0.20953342,0.28189504,0.22571743,0.29521966,0.22832441
metal,P,word2vec_recipe_20_HOM,0.39166185,0.45241454,0.45521224,0.50226706,0.4800171,0.50737405
drummer,P,word2vec_recipe_20_HOM,0.1577533,0.18108469,0.18287702,0.21733215,0.19375166,0.22995672
strategy,P,word2vec_recipe_20_HOM,0.10540571,0.10656746,0.1258572,0.13311003,0.13429299,0.14393784
hippie,M,word2vec_recipe_20_HOM,0.16084094,0.15131643,0.18771906,0.18765345,0.19794479,0.19490437
farewell,P,word2vec_recipe_20_HOM,0.11768776,0.13083991,0.13665469,0.15570337,0.14553852,0.16823955
fly,H,word2vec_recipe_20_HOM,0.36245757,0.39807144,0.4097988,0.36248353,0.4273523,0.35314152
scroll,P,word2vec_recipe_20_HOM,0.20848258,0.20626628,0.24361828,0.24427092,0.26031598,0.26574382
bowl,H,word2vec_recipe_20_HOM,0.41116446,0.4178138,0.4935203,0.4645843,0.51815146,0.45602378
lounge,P,word2vec_recipe_20_HOM,0.16889879,0.19638905,0.19567281,0.21950345,0.20698921,0.22638774
emperor,M,word2vec_recipe_20_HOM,0.15520017,0.17761096,0.20326085,0.2538039,0.22736679,0.28254017
sketch,P,word2vec_recipe_20_HOM,0.16224101,0.18918614,0.19636637,0.23924488,0.21069978,0.25653738
network,P,word2vec_recipe_20_HOM,0.32353157,0.36606753,0.4450635,0.35351852,0.47685927,0.34146968
throttle,P,word2vec_recipe_20_HOM,0.19480237,0.18813333,0.22298709,0.21943776,0.2340644,0.22382128
pregnancy,M,word2vec_recipe_20_HOM,0.15705046,0.14071375,0.19017886,0.18701656,0.20349647,0.20343682
breed,P,word2vec_recipe_20_HOM,0.16544072,0.17304525,0.18875448,0.18700081,0.19910493,0.19593342
flexible,P,word2vec_recipe_20_HOM,0.3785369,0.34468254,0.4468152,0.40881,0.46715924,0.4022875
pillar,P,word2vec_recipe_20_HOM,0.2140865,0.20583862,0.24158081,0.25821579,0.25339314,0.26900575
continuous,M,word2vec_recipe_20_HOM,0.37571114,0.4484729,0.44774166,0.46375299,0.4734146,0.46488744
barn,M,word2vec_recipe_20_HOM,0.23093316,0.21398896,0.27268,0.24354002,0.29478323,0.27070487
dinnertime,M,word2vec_recipe_20_HOM,0.32001898,0.3168829,0.3731756,0.3119965,0.3915103,0.3199967
latch,P,word2vec_recipe_20_HOM,0.2735061,0.33963826,0.34871307,0.37743047,0.37707546,0.3952909
bride,H,word2vec_recipe_20_HOM,0.2040896,0.20416942,0.23610562,0.2303665,0.24934795,0.23820205
announce,P,word2vec_recipe_20_HOM,0.12299762,0.12748675,0.14459543,0.14273106,0.15381622,0.15316375
appear,P,word2vec_recipe_20_HOM,0.3981547,0.45780364,0.46979254,0.48663056,0.49557853,0.459215
complete,P,word2vec_recipe_20_HOM,0.34943184,0.3152035,0.41857326,0.36225843,0.43935287,0.3616386
delightful,M,word2vec_recipe_20_HOM,0.19086465,0.25303134,0.26899394,0.3498367,0.30201828,0.37362957
coronary,P,word2vec_recipe_20_HOM,0.12547591,0.13936491,0.14838298,0.16606441,0.15794347,0.17664415
epiphany,P,word2vec_recipe_20_HOM,0.11678015,0.13109693,0.13842312,0.16083948,0.14834459,0.17478575
accordion,P,word2vec_recipe_20_HOM,0.2842712,0.27650788,0.35396153,0.33927175,0.3777523,0.346797
plaque,P,word2vec_recipe_20_HOM,0.21405062,0.2048705,0.2571259,0.25058338,0.2780045,0.27774376
replica,P,word2vec_recipe_20_HOM,0.15016368,0.1749899,0.17260145,0.18639262,0.18366066,0.20172888
cowboy,P,word2vec_recipe_20_HOM,0.27229345,0.28513855,0.32019085,0.26608282,0.3373378,0.2631711
crust,P,word2vec_recipe_20_HOM,0.29281032,0.37435493,0.38370427,0.4300268,0.4189201,0.4436192
tequila,M,word2vec_recipe_20_HOM,0.21295515,0.20939602,0.27872562,0.25564933,0.30961764,0.28790736
bag,P,word2vec_recipe_20_HOM,0.1783357,0.18780203,0.29783708,0.31163955,0.37391585,0.39931387
scarce,P,word2vec_recipe_20_HOM,0.14778906,0.14155015,0.17383598,0.16348639,0.18499023,0.17159836
brewery,M,word2vec_recipe_20_HOM,0.16285631,0.15071179,0.19166681,0.17259212,0.20358174,0.18853082
ornament,P,word2vec_recipe_20_HOM,0.2643924,0.30927035,0.317952,0.30294007,0.34127346,0.32680625
fancy,P,word2vec_recipe_20_HOM,0.27906615,0.31894267,0.3282434,0.31312427,0.3484127,0.3092388
likelihood,P,word2vec_recipe_20_HOM,0.19475986,0.18548672,0.2272867,0.21139346,0.24191132,0.22082615
bind,P,word2vec_recipe_20_HOM,0.43509573,0.53049666,0.49839664,0.5179234,0.5187744,0.49191192
dorm,M,word2vec_recipe_20_HOM,0.19288762,0.1603469,0.2222147,0.17914608,0.23367193,0.1907463
cranky,P,word2vec_recipe_20_HOM,0.111931086,0.11451207,0.13238868,0.14111447,0.1421687,0.15093191
diploma,M,word2vec_recipe_20_HOM,0.18396257,0.22994323,0.22181273,0.28038058,0.23607159,0.3050313
rhythmic,M,word2vec_recipe_20_HOM,0.21134952,0.27466252,0.25735798,0.28324437,0.27613667,0.29940116
forecast,P,word2vec_recipe_20_HOM,0.1551568,0.1635487,0.17758149,0.19117655,0.187177,0.1966103
mambo,P,word2vec_recipe_20_HOM,0.114093564,0.12587513,0.13501002,0.15599315,0.14324157,0.16956387
complicate,P,word2vec_recipe_20_HOM,0.09574888,0.09799634,0.11199467,0.11974607,0.12110077,0.13617481
stroll,P,word2vec_recipe_20_HOM,0.10162554,0.09723595,0.1216295,0.13201992,0.13041063,0.14528058
comet,M,word2vec_recipe_20_HOM,0.20945413,0.2289699,0.24500582,0.25935453,0.25891152,0.27037093
mocha,P,word2vec_recipe_20_HOM,0.2405347,0.28235096,0.29599795,0.32082993,0.3223118,0.3290172
situation,P,word2vec_recipe_20_HOM,0.19411463,0.14185447,0.21968888,0.17279263,0.23014921,0.1754539
missionary,P,word2vec_recipe_20_HOM,0.1443702,0.15647225,0.17350891,0.18844908,0.18631089,0.2012551
glucose,P,word2vec_recipe_20_HOM,0.37298504,0.4195795,0.42448723,0.44714385,0.4444651,0.46282485
paste,H,word2vec_recipe_20_HOM,0.30891415,0.27843034,0.37351376,0.30533233,0.40361804,0.33727258
drawer,P,word2vec_recipe_20_HOM,0.31240875,0.30549434,0.36143947,0.32291752,0.38008994,0.33855155
skill,P,word2vec_recipe_20_HOM,0.3157684,0.20564674,0.3542813,0.20754217,0.36792213,0.20742996
dominate,P,word2vec_recipe_20_HOM,0.15212,0.17929497,0.18851942,0.20636658,0.2043865,0.21201766
join,P,word2vec_recipe_20_HOM,0.28775558,0.30771637,0.3482425,0.34505793,0.37219837,0.35260576
tout,P,word2vec_recipe_20_HOM,0.2545274,0.2599248,0.30903852,0.31622323,0.32934466,0.3241663
sequence,P,word2vec_recipe_20_HOM,0.34491143,0.4246144,0.4182505,0.46388683,0.44765222,0.4737644
deliver,P,word2vec_recipe_20_HOM,0.21271834,0.17296016,0.24806459,0.19833426,0.26100436,0.20801206
succeed,P,word2vec_recipe_20_HOM,0.10142131,0.10009493,0.12115485,0.123904735,0.13077572,0.13624913
snip,P,word2vec_recipe_20_HOM,0.36198542,0.36915857,0.4392227,0.445413,0.46520752,0.45393312
vegetable,P,word2vec_recipe_20_HOM,0.3479871,0.37859145,0.4170604,0.35640076,0.44041324,0.3549063
worthy,P,word2vec_recipe_20_HOM,0.18457255,0.17199703,0.21239142,0.19449414,0.22420742,0.20433313
pillow,P,word2vec_recipe_20_HOM,0.29850316,0.31909955,0.34314057,0.33154142,0.36157557,0.34435034
lap,H,word2vec_recipe_20_HOM,0.33608496,0.3293525,0.3974577,0.3559296,0.42112872,0.36460817
corn,H,word2vec_recipe_20_HOM,0.32336584,0.39280808,0.40849444,0.43522432,0.4423354,0.4294417
farmer,M,word2vec_recipe_20_HOM,0.3205841,0.2773233,0.3620453,0.28279558,0.37673923,0.27840304
sleeve,P,word2vec_recipe_20_HOM,0.38825977,0.39236876,0.46044552,0.46638238,0.4856601,0.47727168
wad,P,word2vec_recipe_20_HOM,0.33782125,0.32163703,0.4162223,0.40499416,0.44641837,0.43594
addiction,M,word2vec_recipe_20_HOM,0.21235156,0.21504703,0.26709172,0.2264316,0.2878497,0.23676978
cosmic,P,word2vec_recipe_20_HOM,0.115586355,0.11479458,0.13606712,0.1525926,0.14610162,0.16495903
chunky,P,word2vec_recipe_20_HOM,0.3314156,0.3492436,0.4192407,0.43289697,0.44981864,0.4694652
funky,H,word2vec_recipe_20_HOM,0.25798059,0.26635104,0.29437947,0.28463447,0.3098392,0.2930183
pet,H,word2vec_recipe_20_HOM,0.3287407,0.37204224,0.4175069,0.43465635,0.44543597,0.45580283
confuse,P,word2vec_recipe_20_HOM,0.22876528,0.21068634,0.25955564,0.2112832,0.27250138,0.21733859
persuasion,P,word2vec_recipe_20_HOM,0.12086372,0.13476549,0.13867779,0.14909723,0.14708354,0.16242065
innocent,P,word2vec_recipe_20_HOM,0.12946336,0.1397257,0.15137115,0.16884844,0.16209137,0.176936
tragic,P,word2vec_recipe_20_HOM,0.099161424,0.11561134,0.11872071,0.1400426,0.12837636,0.15521502
register,P,word2vec_recipe_20_HOM,0.23230048,0.23683266,0.30054218,0.24662161,0.3464796,0.295185
slump,P,word2vec_recipe_20_HOM,0.3797887,0.39630735,0.45096537,0.4488511,0.47762895,0.4638177
scarf,H,word2vec_recipe_20_HOM,0.2067476,0.20298313,0.25877148,0.2519772,0.28572413,0.28288844
consume,P,word2vec_recipe_20_HOM,0.32749304,0.2886678,0.36358392,0.25518814,0.37538284,0.24837244
rice,P,word2vec_recipe_20_HOM,0.2963099,0.35939696,0.38566315,0.4263379,0.4182905,0.4202275
pitcher,H,word2vec_recipe_20_HOM,0.24209681,0.294358,0.30157426,0.33618957,0.33273205,0.35394442
sterile,P,word2vec_recipe_20_HOM,0.21645442,0.26945636,0.36894217,0.40532425,0.43601584,0.45511532
suffer,P,word2vec_recipe_20_HOM,0.17976403,0.16019295,0.20753618,0.18180554,0.21994072,0.19021857
logic,P,word2vec_recipe_20_HOM,0.20807481,0.20105049,0.24274664,0.23333323,0.2553789,0.2486435
sling,H,word2vec_recipe_20_HOM,0.4200603,0.4391108,0.46983966,0.46238515,0.48743612,0.46991274
intensive,P,word2vec_recipe_20_HOM,0.13773265,0.13730298,0.16512549,0.15181321,0.17668562,0.15368749
diabetic,P,word2vec_recipe_20_HOM,0.28520757,0.35342368,0.33122173,0.3234719,0.3453076,0.3057608
lobby,P,word2vec_recipe_20_HOM,0.0965627,0.1299324,0.1185093,0.15088524,0.12835555,0.1564185
furniture,M,word2vec_recipe_20_HOM,0.18477003,0.21910213,0.24616264,0.27537504,0.27170846,0.298879
standard,P,word2vec_recipe_20_HOM,0.3013808,0.24159668,0.38490993,0.35326025,0.4224187,0.40369517
lash,H,word2vec_recipe_20_HOM,0.2073987,0.23138222,0.23407447,0.2585771,0.24529545,0.27358264
destroy,P,word2vec_recipe_20_HOM,0.262029,0.27058178,0.30045554,0.2571139,0.31889912,0.2586176
jug,P,word2vec_recipe_20_HOM,0.32245058,0.3472843,0.3943866,0.43033263,0.42231217,0.45466158
champion,P,word2vec_recipe_20_HOM,0.18268095,0.17714621,0.21258266,0.20782076,0.22682814,0.21530427
guide,P,word2vec_recipe_20_HOM,0.32512248,0.32927272,0.38728008,0.3456716,0.40762272,0.35138062
plank,P,word2vec_recipe_20_HOM,0.3086185,0.39665467,0.4017958,0.46252015,0.43600577,0.48374608
compatible,P,word2vec_recipe_20_HOM,0.16396044,0.1858816,0.19162281,0.18512899,0.2045898,0.19104077
plug,P,word2vec_recipe_20_HOM,0.34744987,0.38054618,0.412247,0.45170665,0.43697372,0.46423846
volunteer,P,word2vec_recipe_20_HOM,0.10995047,0.12568182,0.13055395,0.14843301,0.13982111,0.15664244
hearty,P,word2vec_recipe_20_HOM,0.27639508,0.3472569,0.3331688,0.38711464,0.3546708,0.38306636
wool,P,word2vec_recipe_20_HOM,0.24683067,0.2654185,0.29314205,0.304198,0.31276256,0.31791815
divine,P,word2vec_recipe_20_HOM,0.25617707,0.27426204,0.33171242,0.35757655,0.35935235,0.36769515
ideal,P,word2vec_recipe_20_HOM,0.3125882,0.36526167,0.35841697,0.3229094,0.37561256,0.31549338
mystical,P,word2vec_recipe_20_HOM,0.14168802,0.16260026,0.1654693,0.19035694,0.17539272,0.19966015
swordfish,M,word2vec_recipe_20_HOM,0.21810918,0.26990741,0.31302735,0.38340443,0.34581292,0.3844943
fatigue,P,word2vec_recipe_20_HOM,0.14810988,0.14959948,0.18682498,0.19616692,0.2044211,0.21440357
exception,P,word2vec_recipe_20_HOM,0.4110283,0.38689345,0.48908216,0.47760147,0.51464355,0.4888617
department,P,word2vec_recipe_20_HOM,0.21726415,0.21488853,0.26804832,0.26006818,0.29150388,0.27305707
chaser,P,word2vec_recipe_20_HOM,0.18465345,0.16609623,0.21635683,0.21082078,0.23371916,0.24158831
coherent,P,word2vec_recipe_20_HOM,0.1559206,0.17482823,0.21249728,0.2384953,0.243071,0.26479685
corny,P,word2vec_recipe_20_HOM,0.23831086,0.23117363,0.2802959,0.2385644,0.29713613,0.24459538
formation,P,word2vec_recipe_20_HOM,0.3753806,0.36323762,0.44082165,0.40623373,0.460871,0.39782876
planner,P,word2vec_recipe_20_HOM,0.1426281,0.14541055,0.16465244,0.15665025,0.17507467,0.17147747
marker,P,word2vec_recipe_20_HOM,0.2269671,0.23056659,0.28316033,0.25457114,0.30497098,0.27894878
patriot,M,word2vec_recipe_20_HOM,0.1398848,0.16565323,0.16173653,0.18836573,0.17076583,0.19575214
gain,P,word2vec_recipe_20_HOM,0.3427549,0.31832433,0.39541793,0.32788607,0.41355273,0.33821678
scalp,P,word2vec_recipe_20_HOM,0.2125251,0.23567028,0.26995355,0.27689606,0.29450834,0.2927863
bottle,P,word2vec_recipe_20_HOM,0.27524436,0.27860385,0.35633007,0.3863521,0.38890162,0.42542484
mention,P,word2vec_recipe_20_HOM,0.18377677,0.15241157,0.20890345,0.17173137,0.22114138,0.18265079
glee,P,word2vec_recipe_20_HOM,0.16618869,0.20585497,0.19356108,0.23371176,0.20462969,0.241441
childhood,M,word2vec_recipe_20_HOM,0.17554542,0.17014757,0.20785365,0.18605413,0.22180153,0.19534878
shake,P,word2vec_recipe_20_HOM,0.37686568,0.4203178,0.44581988,0.45745742,0.47295707,0.4802896
limb,H,word2vec_recipe_20_HOM,0.14220293,0.16258244,0.1645982,0.17168146,0.1745767,0.1788696
qualify,P,word2vec_recipe_20_HOM,0.10403429,0.10611145,0.12040936,0.121861905,0.12864003,0.13201365
voodoo,P,word2vec_recipe_20_HOM,0.19987746,0.2000231,0.23397104,0.22172956,0.24787827,0.23563908
monthly,P,word2vec_recipe_20_HOM,0.11942744,0.13002959,0.14035752,0.14214042,0.15115416,0.15665673
property,P,word2vec_recipe_20_HOM,0.22873075,0.21424069,0.2825713,0.23690769,0.3009368,0.23416348
fashion,P,word2vec_recipe_20_HOM,0.36561996,0.3766663,0.42483735,0.381987,0.4468116,0.37301397
copper,P,word2vec_recipe_20_HOM,0.4121639,0.44305792,0.49054953,0.47796768,0.51384157,0.4549647
hammer,P,word2vec_recipe_20_HOM,0.32729208,0.3867903,0.44769353,0.48974428,0.4885322,0.5118094
bumper,P,word2vec_recipe_20_HOM,0.2136511,0.22539479,0.24464492,0.23954815,0.25653762,0.24464805
unknown,P,word2vec_recipe_20_HOM,0.21890983,0.19280237,0.24944162,0.20597391,0.2626632,0.21765012
press,H,word2vec_recipe_20_HOM,0.3511178,0.4285287,0.44073543,0.4414646,0.4691969,0.44464806
smoker,P,word2vec_recipe_20_HOM,0.30739787,0.34856948,0.3952292,0.41580048,0.43559682,0.4536584
formula,P,word2vec_recipe_20_HOM,0.29239836,0.27534282,0.3373364,0.30117303,0.35218066,0.30213678
conversion,P,word2vec_recipe_20_HOM,0.1886297,0.20035888,0.22412933,0.21530837,0.23932058,0.21917759
aviation,M,word2vec_recipe_20_HOM,0.096276864,0.12479422,0.1316467,0.18191831,0.15454054,0.21679907
chase,H,word2vec_recipe_20_HOM,0.23848805,0.19181794,0.26701012,0.21542947,0.27822226,0.22708477
user,P,word2vec_recipe_20_HOM,0.2680248,0.24418224,0.31660572,0.24785998,0.33345032,0.2564563
insect,P,word2vec_recipe_20_HOM,0.15523936,0.158231,0.18719062,0.18997446,0.20143123,0.20160341
escape,P,word2vec_recipe_20_HOM,0.34856525,0.4210671,0.45673102,0.46426925,0.49324045,0.46821788
gag,H,word2vec_recipe_20_HOM,0.0950552,0.10656527,0.112675846,0.125603,0.12064365,0.13696522
lifeless,P,word2vec_recipe_20_HOM,0.08857107,0.10971165,0.10408123,0.13441929,0.112788446,0.14829983
hubby,M,word2vec_recipe_20_HOM,0.18835741,0.20297855,0.2388829,0.23943938,0.25626078,0.23222959
sunrise,P,word2vec_recipe_20_HOM,0.27422708,0.22309789,0.31496727,0.25376767,0.33281195,0.26806998
refresh,P,word2vec_recipe_20_HOM,0.30738664,0.3959642,0.41467425,0.46418527,0.45328668,0.46976593
troll,H,word2vec_recipe_20_HOM,0.17099686,0.17111778,0.19088213,0.19102761,0.20051709,0.19760622
snowy,P,word2vec_recipe_20_HOM,0.3964365,0.39737445,0.44549882,0.43776777,0.46381423,0.43843755
breath,P,word2vec_recipe_20_HOM,0.29921284,0.26666805,0.34010714,0.28504315,0.35761932,0.29665825
straighten,P,word2vec_recipe_20_HOM,0.28818285,0.27104136,0.33101255,0.29731244,0.34872773,0.31080693
organism,P,word2vec_recipe_20_HOM,0.12218706,0.112083875,0.14256449,0.13389227,0.15249403,0.1462098
delay,P,word2vec_recipe_20_HOM,0.33947998,0.34322333,0.4074189,0.33619723,0.42883432,0.3347715
exterior,P,word2vec_recipe_20_HOM,0.35805023,0.440714,0.43752944,0.45519537,0.46020448,0.43263453
cockpit,P,word2vec_recipe_20_HOM,0.20055684,0.21368407,0.22876328,0.25159743,0.24125208,0.26321393
thoughtful,P,word2vec_recipe_20_HOM,0.108455405,0.11338232,0.12863907,0.13626419,0.13833836,0.14719455
sage,H,word2vec_recipe_20_HOM,0.2797242,0.30062905,0.3689265,0.38515297,0.39777726,0.4051906
twig,M,word2vec_recipe_20_HOM,0.29063696,0.36078155,0.3616855,0.41833013,0.38856784,0.44836202
shrine,P,word2vec_recipe_20_HOM,0.168921,0.20502228,0.19918546,0.23235764,0.21271943,0.24004844
creepy,P,word2vec_recipe_20_HOM,0.20918736,0.23356895,0.25452834,0.276667,0.27774698,0.30256146
cinch,P,word2vec_recipe_20_HOM,0.26491982,0.25259346,0.29820898,0.25303215,0.31109428,0.25785497
garbage,P,word2vec_recipe_20_HOM,0.29323626,0.3434343,0.3584296,0.38357672,0.38139373,0.39239052
alphabet,P,word2vec_recipe_20_HOM,0.3792496,0.31388158,0.430959,0.34677225,0.44637313,0.35117593
cannon,P,word2vec_recipe_20_HOM,0.22719058,0.20105505,0.25717917,0.21592817,0.2687288,0.22359408
collect,P,word2vec_recipe_20_HOM,0.31587034,0.3876413,0.4037958,0.40220913,0.43123704,0.40455714
bench,P,word2vec_recipe_20_HOM,0.296797,0.3703461,0.36862892,0.40270302,0.3960081,0.40792492
stiff,P,word2vec_recipe_20_HOM,0.25838742,0.31477618,0.35548684,0.34954533,0.39032996,0.37165698
meadow,P,word2vec_recipe_20_HOM,0.17669451,0.1837475,0.20151368,0.20655598,0.21242183,0.21682905
dishwasher,P,word2vec_recipe_20_HOM,0.28624246,0.31711626,0.35237125,0.36738604,0.37778527,0.38058692
cycle,P,word2vec_recipe_20_HOM,0.27507392,0.31249705,0.3889982,0.40593204,0.44462365,0.46455553
player,P,word2vec_recipe_20_HOM,0.15203205,0.16236612,0.18727325,0.22426465,0.20344679,0.2477009
bull,H,word2vec_recipe_20_HOM,0.25225848,0.24046287,0.2934941,0.28046617,0.3127094,0.30038357
brave,P,word2vec_recipe_20_HOM,0.23402807,0.19948776,0.2732569,0.21113189,0.2888212,0.21170957
nip,H,word2vec_recipe_20_HOM,0.27472323,0.26626098,0.31245336,0.29102993,0.32849893,0.3092771
format,P,word2vec_recipe_20_HOM,0.16864726,0.13532706,0.1956454,0.16105632,0.20746925,0.17602387
dish,P,word2vec_recipe_20_HOM,0.31729987,0.3286097,0.3816241,0.35289994,0.41108721,0.38621774
clerk,P,word2vec_recipe_20_HOM,0.09208445,0.10381163,0.11053416,0.12453403,0.11958045,0.1354169
tuck,P,word2vec_recipe_20_HOM,0.29284215,0.32372367,0.35748628,0.37765762,0.3868363,0.38524312
railroad,P,word2vec_recipe_20_HOM,0.18725881,0.15954292,0.21492493,0.18003209,0.22721726,0.18731047
circus,P,word2vec_recipe_20_HOM,0.29329106,0.27027786,0.3406846,0.32575348,0.36213332,0.343834
stool,P,word2vec_recipe_20_HOM,0.18335481,0.18689579,0.2113386,0.20751943,0.22327027,0.21857847
dung,P,word2vec_recipe_20_HOM,0.05112818,0.072625875,0.1087953,0.152826,0.13420849,0.18702146
flake,P,word2vec_recipe_20_HOM,0.4355862,0.49921772,0.51632714,0.5304186,0.54565614,0.51786244
stretcher,P,word2vec_recipe_20_HOM,0.19022246,0.1844864,0.21580501,0.20602374,0.22700775,0.21787867
tread,P,word2vec_recipe_20_HOM,0.32433766,0.34694934,0.37221935,0.37497452,0.390513,0.38500446
wrestle,P,word2vec_recipe_20_HOM,0.16279122,0.18398266,0.18570827,0.2105086,0.19688727,0.22043344
certain,P,word2vec_recipe_20_HOM,0.3235422,0.31647792,0.37629482,0.2790018,0.39316016,0.2627753
tendency,P,word2vec_recipe_20_HOM,0.3356331,0.3535869,0.40977374,0.36644906,0.4324338,0.35444608
beginner,M,word2vec_recipe_20_HOM,0.17578745,0.13908963,0.20075418,0.1510089,0.21227115,0.15872638
spree,P,word2vec_recipe_20_HOM,0.20739305,0.21067095,0.24116504,0.26891655,0.25746575,0.2839913
marrow,P,word2vec_recipe_20_HOM,0.30332008,0.34330788,0.3852204,0.447201,0.41318497,0.4512857
clam,P,word2vec_recipe_20_HOM,0.30969477,0.32139206,0.40002167,0.41709137,0.4349551,0.42672744
spread,P,word2vec_recipe_20_HOM,0.35132146,0.38752902,0.43263957,0.39765987,0.46020967,0.39783663
howl,P,word2vec_recipe_20_HOM,0.2185963,0.21266656,0.29649392,0.37871686,0.33272836,0.41829208
snail,P,word2vec_recipe_20_HOM,0.3838736,0.4345263,0.4496679,0.4453459,0.47234994,0.4482015
mouse,P,word2vec_recipe_20_HOM,0.2760251,0.22342964,0.33100942,0.3008618,0.35500556,0.3122994
unpleasant,M,word2vec_recipe_20_HOM,0.22248709,0.2591318,0.27807802,0.28641298,0.29844943,0.30211693
score,P,word2vec_recipe_20_HOM,0.30062857,0.34861022,0.3809528,0.3858291,0.41523656,0.38721395
nature,P,word2vec_recipe_20_HOM,0.27601495,0.23855951,0.30917245,0.23671186,0.32272676,0.2544013
cupcake,M,word2vec_recipe_20_HOM,0.24455917,0.28859103,0.3346278,0.36061412,0.37411046,0.42127067
splendor,P,word2vec_recipe_20_HOM,0.14052221,0.14860673,0.16388968,0.17469952,0.17303501,0.18721084
femme,P,word2vec_recipe_20_HOM,0.14612415,0.16732834,0.18346642,0.20710869,0.19932027,0.2155543
caffeine,M,word2vec_recipe_20_HOM,0.18961592,0.21838176,0.22857137,0.23887077,0.24388812,0.24550425
wallpaper,P,word2vec_recipe_20_HOM,0.28019875,0.22408256,0.32129055,0.27927595,0.3380159,0.29543233
apocalypse,P,word2vec_recipe_20_HOM,0.16311033,0.16534132,0.18750247,0.19427663,0.19779736,0.21203054
trim,P,word2vec_recipe_20_HOM,0.3543219,0.3966999,0.43161622,0.41761944,0.4633587,0.45998916
lime,H,word2vec_recipe_20_HOM,0.26543346,0.33904988,0.33642402,0.38834378,0.36552727,0.40602744
chimney,P,word2vec_recipe_20_HOM,0.3160739,0.33304328,0.40332803,0.4385102,0.43255246,0.461618
assistance,P,word2vec_recipe_20_HOM,0.22533627,0.19482131,0.2587418,0.22209698,0.27230418,0.23258701
active,P,word2vec_recipe_20_HOM,0.36928076,0.32591584,0.45785272,0.42977998,0.48645222,0.44789928
incredible,P,word2vec_recipe_20_HOM,0.20321445,0.2606369,0.2674919,0.32758316,0.29033616,0.33403018
disengage,P,word2vec_recipe_20_HOM,0.13032624,0.16080345,0.15303913,0.17912894,0.1640926,0.19500977
cake,P,word2vec_recipe_20_HOM,0.3010258,0.3924636,0.3890815,0.42905474,0.41701478,0.4228293
lightning,P,word2vec_recipe_20_HOM,0.25542703,0.2342415,0.28617597,0.24021968,0.29752463,0.2547077
saliva,M,word2vec_recipe_20_HOM,0.13290542,0.13154267,0.15636922,0.14732046,0.16572064,0.15965009
unite,P,word2vec_recipe_20_HOM,0.32369703,0.28777885,0.36281398,0.32460475,0.3774734,0.33917534
damp,P,word2vec_recipe_20_HOM,0.27614182,0.27090368,0.40867463,0.421325,0.4560473,0.43908387
diplomatic,P,word2vec_recipe_20_HOM,0.12424443,0.14446922,0.1474347,0.17789076,0.15772003,0.19076075
hopeless,P,word2vec_recipe_20_HOM,0.09194593,0.09204051,0.11219814,0.12049523,0.12220383,0.13243133
lazy,P,word2vec_recipe_20_HOM,0.29718733,0.32084167,0.3501846,0.33543164,0.36824208,0.34411746
supervise,M,word2vec_recipe_20_HOM,0.1213436,0.13290264,0.14207514,0.14591907,0.15154523,0.15428425
mandatory,P,word2vec_recipe_20_HOM,0.24816485,0.15535793,0.28306016,0.17790747,0.29686475,0.1927028
confusion,P,word2vec_recipe_20_HOM,0.13900158,0.13456132,0.1605843,0.15074731,0.17040853,0.16194595
hick,M,word2vec_recipe_20_HOM,0.13462439,0.13686292,0.16347438,0.1656819,0.1803513,0.19684273
cuisine,M,word2vec_recipe_20_HOM,0.2313021,0.23918372,0.27540076,0.24628195,0.29315212,0.2526565
breathe,P,word2vec_recipe_20_HOM,0.2675017,0.24997789,0.30629203,0.25220475,0.32135504,0.2462883
overrun,P,word2vec_recipe_20_HOM,0.14159839,0.1269185,0.1617926,0.15501636,0.17103298,0.16222121
highway,P,word2vec_recipe_20_HOM,0.20376357,0.21923724,0.23342496,0.24415943,0.24522385,0.24639675
calculator,P,word2vec_recipe_20_HOM,0.11652698,0.13206501,0.1417263,0.15230745,0.15264302,0.16488226
pry,H,word2vec_recipe_20_HOM,0.3410943,0.36197877,0.41336864,0.39163443,0.44138184,0.41488886
knack,P,word2vec_recipe_20_HOM,0.14367679,0.12119563,0.1651128,0.13953257,0.17495684,0.15189674
molten,P,word2vec_recipe_20_HOM,0.3067938,0.33109233,0.38111988,0.34210122,0.40584442,0.35580605
fungus,P,word2vec_recipe_20_HOM,0.29766482,0.31985176,0.38843146,0.41942784,0.42239308,0.4303803
rebound,P,word2vec_recipe_20_HOM,0.114217125,0.15330458,0.13730827,0.17582929,0.14900921,0.18712343
explore,P,word2vec_recipe_20_HOM,0.19770439,0.18604828,0.22734219,0.19305329,0.24004814,0.19327004
spicy,P,word2vec_recipe_20_HOM,0.22844788,0.31315678,0.3043387,0.3612317,0.32519513,0.35001507
loaf,H,word2vec_recipe_20_HOM,0.28816754,0.28335267,0.39395535,0.36836654,0.43732736,0.40264663
graveyard,M,word2vec_recipe_20_HOM,0.22921845,0.2250703,0.27111262,0.2828559,0.29223737,0.3026359
puppy,P,word2vec_recipe_20_HOM,0.33120942,0.33579445,0.39556858,0.3496015,0.41784066,0.3450314
tempt,P,word2vec_recipe_20_HOM,0.14111543,0.11684563,0.16389227,0.13539667,0.17394085,0.14827156
hasty,P,word2vec_recipe_20_HOM,0.19685546,0.16380738,0.22568859,0.1894348,0.23884006,0.19132884
muster,P,word2vec_recipe_20_HOM,0.1451743,0.11267036,0.16752176,0.13934666,0.17677337,0.15101655
anticipate,P,word2vec_recipe_20_HOM,0.105797194,0.10239359,0.124111645,0.122881666,0.13327894,0.1351689
bunker,P,word2vec_recipe_20_HOM,0.14911377,0.15543887,0.17086552,0.17586684,0.18101275,0.18341163
nine,P,word2vec_recipe_20_HOM,0.35144633,0.43175995,0.47557956,0.48082012,0.50259995,0.46514332
northwest,P,word2vec_recipe_20_HOM,0.21289602,0.23964117,0.25032073,0.2580228,0.2656327,0.2691981
frame,P,word2vec_recipe_20_HOM,0.28759992,0.22503239,0.32921922,0.26324415,0.3476644,0.28707796
enzyme,M,word2vec_recipe_20_HOM,0.20335309,0.20446274,0.24550337,0.23523194,0.2689057,0.25741926
kitten,P,word2vec_recipe_20_HOM,0.16773859,0.17692354,0.20772085,0.22726606,0.22809036,0.25405648
jab,P,word2vec_recipe_20_HOM,0.27611226,0.31524137,0.33797622,0.3580811,0.3619624,0.36127752
lust,P,word2vec_recipe_20_HOM,0.17188811,0.18590485,0.20837693,0.20968705,0.22342357,0.21591508
posh,M,word2vec_recipe_20_HOM,0.25645247,0.2411086,0.29097262,0.27304476,0.30424416,0.28987098
alert,P,word2vec_recipe_20_HOM,0.23200174,0.20870994,0.2632256,0.21847828,0.27477154,0.22549385
vinegar,M,word2vec_recipe_20_HOM,0.26051652,0.2852011,0.33127132,0.34855708,0.36161262,0.35111767
bonnet,P,word2vec_recipe_20_HOM,0.3227763,0.3212036,0.39975694,0.33883047,0.42691466,0.36525536
duration,P,word2vec_recipe_20_HOM,0.3272267,0.33131966,0.38016656,0.3984842,0.40255708,0.39768785
conductor,P,word2vec_recipe_20_HOM,0.13858417,0.14850013,0.1611332,0.15217195,0.17047592,0.16032436
bubble,P,word2vec_recipe_20_HOM,0.35625526,0.42464787,0.43216962,0.48091504,0.4628901,0.4877622
garlic,P,word2vec_recipe_20_HOM,0.27459502,0.3167265,0.34356457,0.33774054,0.36687684,0.33889952
crossword,M,word2vec_recipe_20_HOM,0.1553857,0.17385538,0.18392311,0.2282322,0.19479465,0.24189617
settlement,P,word2vec_recipe_20_HOM,0.13157694,0.1378131,0.1560161,0.16142043,0.16672467,0.17572427
vet,H,word2vec_recipe_20_HOM,0.14002417,0.12329065,0.16929464,0.15591218,0.18092653,0.16875851
sacrifice,P,word2vec_recipe_20_HOM,0.17166656,0.124437675,0.19492441,0.1424791,0.20472401,0.15104266
aware,M,word2vec_recipe_20_HOM,0.23201516,0.19385155,0.26912984,0.20624341,0.28181028,0.2080726
separation,P,word2vec_recipe_20_HOM,0.27980292,0.28660905,0.33221164,0.3018427,0.35310858,0.30320546
flute,P,word2vec_recipe_20_HOM,0.3510769,0.38805023,0.43695343,0.49051815,0.4715062,0.5010744
stripper,P,word2vec_recipe_20_HOM,0.25017437,0.2870047,0.30845106,0.36101744,0.33479917,0.37348878
handbook,M,word2vec_recipe_20_HOM,0.13945255,0.14498842,0.16171034,0.16346306,0.17170136,0.17692879
trigger,P,word2vec_recipe_20_HOM,0.20516741,0.18277688,0.22926144,0.1851207,0.23942477,0.194121
malt,P,word2vec_recipe_20_HOM,0.37995875,0.45191848,0.44996968,0.45293608,0.47151688,0.46426323
fury,P,word2vec_recipe_20_HOM,0.17431483,0.1716891,0.20129976,0.20583433,0.21282218,0.2158792
external,P,word2vec_recipe_20_HOM,0.21006346,0.21532531,0.2714169,0.2884003,0.30176666,0.32850936
endeavor,P,word2vec_recipe_20_HOM,0.14434265,0.117205374,0.16748416,0.14178088,0.17741819,0.15147649
lava,P,word2vec_recipe_20_HOM,0.371719,0.3924669,0.4330646,0.39702085,0.4532918,0.40697575
doodle,P,word2vec_recipe_20_HOM,0.15482219,0.13007995,0.17921895,0.15237747,0.19073457,0.16362259
mysterious,P,word2vec_recipe_20_HOM,0.1526341,0.16344443,0.17796223,0.17932612,0.18831353,0.18865474
absurd,P,word2vec_recipe_20_HOM,0.13910314,0.12544243,0.16018935,0.14677331,0.1690601,0.15766013
static,P,word2vec_recipe_20_HOM,0.20999026,0.21506535,0.25825205,0.2496235,0.2793282,0.27833903
brush,H,word2vec_recipe_20_HOM,0.35466495,0.37828964,0.43447053,0.42010558,0.46162322,0.41944042
memorable,P,word2vec_recipe_20_HOM,0.19480789,0.22543827,0.22976175,0.24840349,0.24334307,0.25145325
shorten,P,word2vec_recipe_20_HOM,0.33762047,0.3283896,0.39651844,0.35545263,0.41884562,0.34118643
purge,P,word2vec_recipe_20_HOM,0.27549243,0.25426674,0.36691186,0.38821593,0.39805892,0.40035263
timid,P,word2vec_recipe_20_HOM,0.13798723,0.13035509,0.16394009,0.15040997,0.1752572,0.16192475
lovely,P,word2vec_recipe_20_HOM,0.23888282,0.303313,0.32817852,0.36240634,0.35847855,0.36735806
vodka,M,word2vec_recipe_20_HOM,0.20299916,0.17923239,0.2666424,0.24694563,0.2964544,0.28234115
lunar,P,word2vec_recipe_20_HOM,0.16059849,0.1550376,0.1907869,0.18806148,0.20367329,0.19859143
infinite,P,word2vec_recipe_20_HOM,0.16179477,0.12723485,0.18555512,0.14594698,0.19698253,0.15744978
medallion,P,word2vec_recipe_20_HOM,0.30574036,0.38148332,0.387231,0.4552727,0.42049685,0.46764645
upholstery,P,word2vec_recipe_20_HOM,0.1748689,0.21748081,0.21549036,0.2609035,0.23462887,0.28041562
haystack,M,word2vec_recipe_20_HOM,0.3309669,0.29404142,0.37773502,0.34237435,0.39524695,0.35729137
coast,P,word2vec_recipe_20_HOM,0.31603885,0.25901866,0.36145097,0.27725372,0.3778599,0.28590366
sauna,P,word2vec_recipe_20_HOM,0.1630245,0.19299093,0.18433768,0.2070321,0.19324863,0.2158792
amaze,M,word2vec_recipe_20_HOM,0.108286895,0.11342329,0.13284491,0.14053497,0.14488839,0.1514146
operation,P,word2vec_recipe_20_HOM,0.2937607,0.3115488,0.34984598,0.3183564,0.37008956,0.3176564
survival,P,word2vec_recipe_20_HOM,0.14510122,0.14884852,0.16870968,0.17845578,0.17913276,0.19112039
perimeter,P,word2vec_recipe_20_HOM,0.3115221,0.33579895,0.38001692,0.35822138,0.402825,0.36336708
dolphin,P,word2vec_recipe_20_HOM,0.22577178,0.22664542,0.26611662,0.24979258,0.2822405,0.25937
feast,P,word2vec_recipe_20_HOM,0.25663215,0.22168665,0.2879513,0.22596198,0.29940495,0.23484175
brook,H,word2vec_recipe_20_HOM,0.4620573,0.4359571,0.5215855,0.45891875,0.53964347,0.46042743
poker,H,word2vec_recipe_20_HOM,0.223645,0.15090293,0.25378114,0.17160253,0.26589286,0.18256469
teenage,M,word2vec_recipe_20_HOM,0.1476617,0.15201578,0.18485732,0.17149094,0.19873607,0.18290937
item,P,word2vec_recipe_20_HOM,0.35446617,0.2605074,0.38720074,0.2678563,0.4005786,0.2685471
rhubarb,M,word2vec_recipe_20_HOM,0.27751634,0.32889846,0.3614896,0.35013083,0.39812794,0.36595404
hometown,M,word2vec_recipe_20_HOM,0.106424116,0.12279058,0.12764221,0.15505734,0.13810861,0.16799243
hop,H,word2vec_recipe_20_HOM,0.28081945,0.2646133,0.32876432,0.3263155,0.34648314,0.3486469
mountain,P,word2vec_recipe_20_HOM,0.3059495,0.29908517,0.34843433,0.27501097,0.36272317,0.2726482
vague,P,word2vec_recipe_20_HOM,0.11145844,0.115884304,0.13209909,0.1325525,0.14260405,0.14506061
parent,P,word2vec_recipe_20_HOM,0.17024514,0.15379666,0.19720884,0.1632838,0.2072405,0.17375518
roof,P,word2vec_recipe_20_HOM,0.21145526,0.18481793,0.28140473,0.23906074,0.3115954,0.27736065
disperse,P,word2vec_recipe_20_HOM,0.38122478,0.46387804,0.4736519,0.5209296,0.5011995,0.5072846
cordial,P,word2vec_recipe_20_HOM,0.2357411,0.22810194,0.281324,0.30103564,0.3049507,0.31476405
joyful,M,word2vec_recipe_20_HOM,0.13538614,0.15163189,0.15721384,0.17418642,0.16694783,0.18740301
pot,H,word2vec_recipe_20_HOM,0.30927885,0.35699582,0.4011912,0.43010527,0.4324868,0.4313567
trench,P,word2vec_recipe_20_HOM,0.29878995,0.33255276,0.36006367,0.34636405,0.38259244,0.36053774
track,P,word2vec_recipe_20_HOM,0.31320506,0.2661785,0.3478781,0.26985878,0.36038545,0.26533237
sparkle,P,word2vec_recipe_20_HOM,0.33294758,0.36141855,0.38445795,0.39549443,0.40592068,0.40621093
sly,P,word2vec_recipe_20_HOM,0.11647723,0.12688895,0.13489291,0.14849804,0.1432725,0.15965891
deception,P,word2vec_recipe_20_HOM,0.1477981,0.163738,0.17153354,0.18872136,0.18055004,0.20252298
fiesta,M,word2vec_recipe_20_HOM,0.19413507,0.27426875,0.29200652,0.33262834,0.31888902,0.3190948
attraction,P,word2vec_recipe_20_HOM,0.11767809,0.12415786,0.13945553,0.14318809,0.14937018,0.15574798
rotate,P,word2vec_recipe_20_HOM,0.36291873,0.4478861,0.4482908,0.45980826,0.47230712,0.4476101
firm,H,word2vec_recipe_20_HOM,0.37776446,0.3625802,0.44450986,0.40854847,0.4681557,0.41554004
sufficient,M,word2vec_recipe_20_HOM,0.44352847,0.48679253,0.5249234,0.5089138,0.54905885,0.49191996
haste,P,word2vec_recipe_20_HOM,0.13143356,0.12206592,0.15450253,0.14600225,0.16515952,0.15617499
rotten,P,word2vec_recipe_20_HOM,0.26565963,0.316062,0.31846753,0.3481015,0.3398027,0.35247877
yield,P,word2vec_recipe_20_HOM,0.33050564,0.35040665,0.44526374,0.41045812,0.48601666,0.43535376
ammonia,P,word2vec_recipe_20_HOM,0.29116154,0.34072044,0.3735729,0.41460782,0.4040064,0.44943208
optimism,P,word2vec_recipe_20_HOM,0.14219931,0.12037794,0.16739239,0.1497296,0.17748657,0.16223487
scrub,H,word2vec_recipe_20_HOM,0.3557295,0.39449638,0.4253988,0.42286563,0.45420086,0.42476875
define,P,word2vec_recipe_20_HOM,0.18442631,0.19489971,0.21726248,0.23019609,0.23288563,0.24722737
include,P,word2vec_recipe_20_HOM,0.35744992,0.3954574,0.43693432,0.40104946,0.46192682,0.38525122
cocktail,H,word2vec_recipe_20_HOM,0.24090843,0.25502038,0.28948358,0.25776035,0.31719258,0.28175846
envelope,P,word2vec_recipe_20_HOM,0.43055686,0.5435714,0.5130143,0.51703054,0.5373934,0.5083676
commitment,P,word2vec_recipe_20_HOM,0.08627707,0.09415037,0.1040177,0.11848438,0.1122122,0.13218172
ban,H,word2vec_recipe_20_HOM,0.3071236,0.14009012,0.3724865,0.2820414,0.39896557,0.35691476
trough,P,word2vec_recipe_20_HOM,0.38623336,0.39899254,0.43899235,0.404437,0.45797127,0.40222865
presume,P,word2vec_recipe_20_HOM,0.09244721,0.09019744,0.113285236,0.11538257,0.123748444,0.1299084
matrimony,P,word2vec_recipe_20_HOM,0.12855797,0.1361285,0.15167415,0.16642489,0.16316421,0.18435797
adjustment,P,word2vec_recipe_20_HOM,0.33364385,0.2976529,0.38127765,0.32349044,0.40150407,0.3300333
leather,P,word2vec_recipe_20_HOM,0.4297164,0.3862673,0.47640556,0.3871955,0.49192977,0.39581266
desk,P,word2vec_recipe_20_HOM,0.1627754,0.16315344,0.18829605,0.18065561,0.20032391,0.18946105
actress,M,word2vec_recipe_20_HOM,0.1576719,0.17114598,0.18528657,0.19108173,0.19661735,0.19890337
disco,P,word2vec_recipe_20_HOM,0.24894094,0.2251646,0.28358495,0.2804634,0.29913175,0.29348135
exclusive,P,word2vec_recipe_20_HOM,0.20850828,0.17861675,0.24120596,0.19609772,0.25389454,0.20697209
nursery,P,word2vec_recipe_20_HOM,0.10796487,0.12992346,0.12768959,0.15199645,0.13748407,0.16934247
squat,P,word2vec_recipe_20_HOM,0.253628,0.23852292,0.29111612,0.27804708,0.30722493,0.29913512
comb,P,word2vec_recipe_20_HOM,0.3118515,0.2972987,0.35376126,0.30809298,0.37304056,0.3247022
trader,P,word2vec_recipe_20_HOM,0.26786157,0.2775437,0.32608238,0.3328533,0.35536858,0.33873317
elusive,P,word2vec_recipe_20_HOM,0.12193914,0.11518277,0.14165755,0.14283864,0.1503641,0.15385951
grateful,P,word2vec_recipe_20_HOM,0.14165232,0.12494514,0.16615628,0.1498352,0.17781691,0.1597529
springtime,P,word2vec_recipe_20_HOM,0.2721042,0.32396752,0.3127503,0.32203573,0.3300791,0.31922665
lion,P,word2vec_recipe_20_HOM,0.23657218,0.23275837,0.27419564,0.27973494,0.28837973,0.28109023
pineapple,P,word2vec_recipe_20_HOM,0.27191126,0.3503039,0.3642847,0.4256566,0.40037742,0.43966845
induce,P,word2vec_recipe_20_HOM,0.17202464,0.14185697,0.1978745,0.16040751,0.20805326,0.17255257
fan,H,word2vec_recipe_20_HOM,0.33051124,0.19649239,0.40553895,0.26454762,0.43772948,0.3091635
pellet,P,word2vec_recipe_20_HOM,0.26346546,0.27932727,0.31089577,0.34820732,0.33220726,0.37221766
river,P,word2vec_recipe_20_HOM,0.24469844,0.25711414,0.2900197,0.26186574,0.30713037,0.27233258
rogue,P,word2vec_recipe_20_HOM,0.2208829,0.1850932,0.25158155,0.22079337,0.2637531,0.2233515
beacon,P,word2vec_recipe_20_HOM,0.2963779,0.24403381,0.33617848,0.24844302,0.34947968,0.25314566
hazardous,P,word2vec_recipe_20_HOM,0.11189973,0.12144178,0.13660753,0.14395125,0.1466948,0.15487964
cute,P,word2vec_recipe_20_HOM,0.27000898,0.27834365,0.3270468,0.3279701,0.3511115,0.33451536
definitive,P,word2vec_recipe_20_HOM,0.14037861,0.12021385,0.16534078,0.15195017,0.17630774,0.16982347
crisis,P,word2vec_recipe_20_HOM,0.18825081,0.1792271,0.21055292,0.2005977,0.21993488,0.21010417
obsessive,M,word2vec_recipe_20_HOM,0.1307526,0.10919476,0.1539975,0.13353345,0.16436455,0.14854094
tip,H,word2vec_recipe_20_HOM,0.23180172,0.1767062,0.32161868,0.33350733,0.36035645,0.3567453
groom,P,word2vec_recipe_20_HOM,0.20624682,0.21919014,0.24423607,0.26632023,0.25895613,0.28638533
assist,P,word2vec_recipe_20_HOM,0.33526656,0.3930413,0.41074067,0.39689487,0.43508324,0.3906753
adopt,P,word2vec_recipe_20_HOM,0.07563863,0.093933776,0.09252571,0.11515779,0.10082436,0.13170315
fellowship,P,word2vec_recipe_20_HOM,0.1515646,0.1812103,0.1790909,0.20042148,0.19145611,0.20961118
rubber,H,word2vec_recipe_20_HOM,0.31284562,0.33758914,0.43367967,0.48382124,0.47585315,0.5087722
substitute,P,word2vec_recipe_20_HOM,0.27146897,0.333272,0.38086087,0.4502536,0.41748706,0.46420875
freestyle,P,word2vec_recipe_20_HOM,0.23425734,0.24798892,0.27026406,0.2742502,0.2857762,0.28611562
poison,P,word2vec_recipe_20_HOM,0.16789374,0.16915633,0.200712,0.20400503,0.21405144,0.21734236
assembly,P,word2vec_recipe_20_HOM,0.4035349,0.4072982,0.4832259,0.40661004,0.5040341,0.40231586
pulse,H,word2vec_recipe_20_HOM,0.24975534,0.3133986,0.36776772,0.37805262,0.42523918,0.41960812
sorority,M,word2vec_recipe_20_HOM,0.14105693,0.16265759,0.165976,0.19333011,0.17811178,0.2068561
snake,P,word2vec_recipe_20_HOM,0.26361442,0.28471935,0.3361897,0.35339975,0.36141664,0.36914295
lad,P,word2vec_recipe_20_HOM,0.19204667,0.19515553,0.22154023,0.23006387,0.23379429,0.25143176
sober,P,word2vec_recipe_20_HOM,0.12668589,0.14551297,0.14835958,0.16762985,0.15920511,0.17892896
trot,P,word2vec_recipe_20_HOM,0.12982675,0.13702938,0.15324712,0.16506301,0.16366634,0.17535014
frontier,P,word2vec_recipe_20_HOM,0.1537347,0.17346516,0.17879872,0.18289188,0.19036907,0.19131877
soothe,P,word2vec_recipe_20_HOM,0.14353466,0.15226884,0.18329382,0.19880126,0.20365004,0.22818868
drinker,P,word2vec_recipe_20_HOM,0.18763041,0.20085484,0.21395418,0.20922156,0.22578813,0.21614017
terrace,P,word2vec_recipe_20_HOM,0.14341375,0.14391185,0.16487858,0.17114747,0.17458522,0.18420333
host,H,word2vec_recipe_20_HOM,0.1385396,0.13452338,0.1618019,0.15047209,0.17351921,0.1646084
feed,P,word2vec_recipe_20_HOM,0.3675818,0.428136,0.47731942,0.5031311,0.51074433,0.5086874
classic,P,word2vec_recipe_20_HOM,0.23202589,0.27739933,0.27438453,0.3017414,0.29092556,0.30787486
kimono,P,word2vec_recipe_20_HOM,0.15306918,0.18133244,0.20189661,0.24444255,0.22400318,0.275793
incision,P,word2vec_recipe_20_HOM,0.31073138,0.3656285,0.37477368,0.40006745,0.40290025,0.40685657
overall,P,word2vec_recipe_20_HOM,0.32130677,0.28808475,0.36555403,0.30925366,0.3841538,0.31581068
tree,P,word2vec_recipe_20_HOM,0.21629612,0.25300235,0.26652306,0.27507675,0.28798214,0.29715273
disastrous,M,word2vec_recipe_20_HOM,0.0931443,0.105061665,0.109285146,0.12825848,0.11752146,0.13924038
visible,P,word2vec_recipe_20_HOM,0.33555108,0.3878993,0.41950557,0.4323452,0.45156538,0.43607676
crunch,P,word2vec_recipe_20_HOM,0.3377297,0.35815346,0.39692637,0.37836745,0.4192873,0.37739247
cracker,P,word2vec_recipe_20_HOM,0.24137059,0.3176073,0.34119165,0.40868253,0.38254687,0.4312631
workshop,P,word2vec_recipe_20_HOM,0.16786638,0.17345577,0.20952708,0.21838884,0.23269485,0.25138456
native,P,word2vec_recipe_20_HOM,0.22559567,0.2312793,0.2627169,0.26423013,0.27788052,0.2723327
raid,P,word2vec_recipe_20_HOM,0.1528655,0.12880175,0.1765955,0.15240349,0.18721321,0.1594943
trout,P,word2vec_recipe_20_HOM,0.199203,0.23568363,0.31046987,0.36320576,0.36406812,0.38783002
reef,H,word2vec_recipe_20_HOM,0.13229081,0.15534219,0.15818526,0.18472695,0.16984184,0.19737671
noise,P,word2vec_recipe_20_HOM,0.26945737,0.3101186,0.36365622,0.3356536,0.39139298,0.3358234
region,P,word2vec_recipe_20_HOM,0.16321644,0.15366563,0.2119276,0.18131779,0.23705082,0.20321897
furnace,P,word2vec_recipe_20_HOM,0.09041889,0.12146671,0.108433224,0.144965,0.11754009,0.15905142
motto,P,word2vec_recipe_20_HOM,0.09728752,0.09375807,0.1187538,0.1202765,0.12878104,0.13362487
channel,P,word2vec_recipe_20_HOM,0.2814329,0.29252622,0.32872435,0.33627003,0.34792548,0.34909835
irony,P,word2vec_recipe_20_HOM,0.08760689,0.10585489,0.10792681,0.1348972,0.117182806,0.14645618
dread,P,word2vec_recipe_20_HOM,0.13512568,0.13373168,0.15445538,0.16569763,0.16265875,0.17738056
protein,M,word2vec_recipe_20_HOM,0.21503091,0.19362098,0.2614251,0.14757636,0.2792655,0.13330065
heed,P,word2vec_recipe_20_HOM,0.090258144,0.09989189,0.104372,0.11747625,0.112311535,0.13007481
area,P,word2vec_recipe_20_HOM,0.35348907,0.37749177,0.4409932,0.45396894,0.46601674,0.45504463
fruit,P,word2vec_recipe_20_HOM,0.27480435,0.34217086,0.36683732,0.41464376,0.400063,0.42738926
classical,P,word2vec_recipe_20_HOM,0.1837796,0.15567988,0.2075894,0.18570888,0.21731848,0.19685028
security,P,word2vec_recipe_20_HOM,0.22488816,0.19764718,0.26153684,0.20145866,0.27500987,0.20886216
sidewalk,M,word2vec_recipe_20_HOM,0.14775169,0.18556668,0.1777252,0.22158715,0.18997063,0.23439759
pronounce,P,word2vec_recipe_20_HOM,0.10523073,0.105507225,0.123987645,0.12856513,0.13358141,0.13948674
fusion,P,word2vec_recipe_20_HOM,0.26704332,0.28284588,0.30411637,0.32069233,0.31864008,0.31050995
privacy,P,word2vec_recipe_20_HOM,0.10809922,0.13382304,0.15523522,0.18135512,0.17381851,0.19356781
buggy,H,word2vec_recipe_20_HOM,0.1856838,0.20935896,0.22537972,0.25369477,0.24300921,0.27797624
tramp,P,word2vec_recipe_20_HOM,0.12504879,0.1563855,0.14606628,0.17784147,0.15473485,0.18892556
serenity,M,word2vec_recipe_20_HOM,0.10596299,0.11913209,0.12509006,0.14938582,0.13390854,0.16126809
royal,P,word2vec_recipe_20_HOM,0.2949829,0.28336295,0.33996055,0.31569052,0.36282203,0.3342815
spill,H,word2vec_recipe_20_HOM,0.34447455,0.39341667,0.41763175,0.39609647,0.43970913,0.3653025
seventh,P,word2vec_recipe_20_HOM,0.28766924,0.35452452,0.41190612,0.4221173,0.44410294,0.4159018
dormant,P,word2vec_recipe_20_HOM,0.1467827,0.14720482,0.16823685,0.16959608,0.17722033,0.17224658
choose,P,word2vec_recipe_20_HOM,0.29205537,0.29595742,0.3503679,0.29765666,0.3688177,0.28482455
vast,P,word2vec_recipe_20_HOM,0.121001184,0.116292715,0.14306815,0.14090137,0.15323497,0.15132535
unlike,P,word2vec_recipe_20_HOM,0.30396706,0.31522098,0.34103894,0.28057936,0.35449272,0.2727557
tense,H,word2vec_recipe_20_HOM,0.11748259,0.12764026,0.13625127,0.14225583,0.1451373,0.15353075
origin,P,word2vec_recipe_20_HOM,0.16313463,0.16228165,0.19033447,0.17373218,0.20222092,0.18684423
coma,H,word2vec_recipe_20_HOM,0.13744035,0.12577628,0.15727039,0.15670304,0.16732831,0.16385397
apologize,P,word2vec_recipe_20_HOM,0.109599665,0.10623489,0.13090126,0.12647846,0.14106382,0.14329967
greenhouse,M,word2vec_recipe_20_HOM,0.1645003,0.1991419,0.19242758,0.23357576,0.20402616,0.23993179
sniff,P,word2vec_recipe_20_HOM,0.21208796,0.20434372,0.24708891,0.21451356,0.25955954,0.22294556
reader,P,word2vec_recipe_20_HOM,0.110840246,0.11486296,0.13252509,0.141188,0.14452344,0.15269068
residue,P,word2vec_recipe_20_HOM,0.3417839,0.34861526,0.4184437,0.4015831,0.44738168,0.4156966
spinal,P,word2vec_recipe_20_HOM,0.15232593,0.18039075,0.20341797,0.26467708,0.23463093,0.30559593
horrid,P,word2vec_recipe_20_HOM,0.11970122,0.12153189,0.14101037,0.14165126,0.14963101,0.14921921
crease,P,word2vec_recipe_20_HOM,0.2649383,0.2860337,0.31944907,0.34107324,0.34471372,0.354635
botanical,P,word2vec_recipe_20_HOM,0.126281,0.1552026,0.15375677,0.19382209,0.16438122,0.20373516
wrist,P,word2vec_recipe_20_HOM,0.33243504,0.3647586,0.3863903,0.3952831,0.40896878,0.39875677
superstar,M,word2vec_recipe_20_HOM,0.15523633,0.15069076,0.18035841,0.16869885,0.1897311,0.17889722
resolution,P,word2vec_recipe_20_HOM,0.15507877,0.1848763,0.18192777,0.21209136,0.19270407,0.22127016
saucy,P,word2vec_recipe_20_HOM,0.35417366,0.4122062,0.4309583,0.47075614,0.45642373,0.43158662
helmet,M,word2vec_recipe_20_HOM,0.12931798,0.17226051,0.16350721,0.22289927,0.18292303,0.2533251
miracle,P,word2vec_recipe_20_HOM,0.2980652,0.35875863,0.40214202,0.43450987,0.43651927,0.43604785
obsession,P,word2vec_recipe_20_HOM,0.15892415,0.16855626,0.18611266,0.19260055,0.19764844,0.21113671
swap,P,word2vec_recipe_20_HOM,0.39178666,0.39736095,0.4585575,0.40497062,0.48067626,0.3888897
tuning,P,word2vec_recipe_20_HOM,0.25969756,0.25824958,0.30682582,0.29958376,0.32711285,0.30395636
injure,P,word2vec_recipe_20_HOM,0.12077949,0.12166997,0.14128649,0.14856844,0.1510617,0.16104358
skeleton,P,word2vec_recipe_20_HOM,0.26358467,0.25942266,0.3199039,0.31686705,0.3414895,0.34170845
lake,M,word2vec_recipe_20_HOM,0.23372403,0.26478368,0.28137794,0.2918124,0.2983631,0.28746662
tank,P,word2vec_recipe_20_HOM,0.23815191,0.2746341,0.27602565,0.30888504,0.29455414,0.31794307
freaky,P,word2vec_recipe_20_HOM,0.17305136,0.16539535,0.20267011,0.19301902,0.21413645,0.2024477
sugar,P,word2vec_recipe_20_HOM,0.31116968,0.37850243,0.39544803,0.38389325,0.42638913,0.3906044
draft,P,word2vec_recipe_20_HOM,0.26888138,0.30587807,0.426193,0.42879838,0.478274,0.48210597
connection,P,word2vec_recipe_20_HOM,0.22037645,0.24858013,0.25188836,0.2766149,0.26603633,0.286867
pretend,P,word2vec_recipe_20_HOM,0.22423394,0.15070751,0.25521383,0.19185664,0.26691273,0.20962466
winter,P,word2vec_recipe_20_HOM,0.2979909,0.34341046,0.3722056,0.3868382,0.39530113,0.3876326
breach,P,word2vec_recipe_20_HOM,0.21243627,0.17995319,0.24374343,0.2249321,0.2572361,0.23984563
intricate,M,word2vec_recipe_20_HOM,0.16510746,0.19849034,0.19760934,0.22290273,0.21403553,0.23374146
stealth,M,word2vec_recipe_20_HOM,0.13705514,0.15781754,0.15966822,0.19158524,0.16799709,0.19974872
backside,P,word2vec_recipe_20_HOM,0.2786074,0.25496247,0.326389,0.31240326,0.3476236,0.3301362
rupture,P,word2vec_recipe_20_HOM,0.16792803,0.1837722,0.19882125,0.20063227,0.21133068,0.21343906
incomplete,P,word2vec_recipe_20_HOM,0.13195464,0.12895142,0.1542518,0.15203935,0.16392435,0.16075778
drag,P,word2vec_recipe_20_HOM,0.31819156,0.37512025,0.38795358,0.40437874,0.41687286,0.41882616
institute,P,word2vec_recipe_20_HOM,0.11364615,0.119702876,0.14468387,0.15324493,0.15771629,0.16924927
exceed,P,word2vec_recipe_20_HOM,0.30682236,0.27799392,0.36787194,0.32454622,0.39269656,0.3596057
card,H,word2vec_recipe_20_HOM,0.2882232,0.27169186,0.33889145,0.29203966,0.35921586,0.30580327
artillery,P,word2vec_recipe_20_HOM,0.16091959,0.18769321,0.19791704,0.22310553,0.21337155,0.22831222
ghetto,P,word2vec_recipe_20_HOM,0.18050003,0.14849682,0.20502229,0.17716655,0.21595459,0.19198036
blueprint,P,word2vec_recipe_20_HOM,0.21485403,0.20616162,0.24753012,0.23989749,0.2596656,0.2503389
dirty,P,word2vec_recipe_20_HOM,0.36953175,0.3192167,0.40588328,0.32854924,0.41981643,0.3276225
gang,H,word2vec_recipe_20_HOM,0.2135199,0.18155727,0.24083428,0.21932739,0.2520454,0.22247991
hurl,P,word2vec_recipe_20_HOM,0.18882005,0.21139097,0.22201785,0.25430292,0.2346007,0.270454
pathway,M,word2vec_recipe_20_HOM,0.17327797,0.18661354,0.20882139,0.23422505,0.2251786,0.25431007
chop,H,word2vec_recipe_20_HOM,0.2816784,0.3190233,0.3812169,0.4089237,0.41707954,0.4142199
beef,P,word2vec_recipe_20_HOM,0.24985024,0.3552179,0.3572894,0.39154825,0.39319634,0.384632
maiden,P,word2vec_recipe_20_HOM,0.13206574,0.14647482,0.1524003,0.16888237,0.16151904,0.1832773
wondrous,M,word2vec_recipe_20_HOM,0.12461619,0.14677046,0.14429697,0.15952873,0.15310273,0.16749063
realm,P,word2vec_recipe_20_HOM,0.14549248,0.1572478,0.16839309,0.16944127,0.17726803,0.17915303
ruse,M,word2vec_recipe_20_HOM,0.15050423,0.19458228,0.17497745,0.23211421,0.18665375,0.24503325
misery,P,word2vec_recipe_20_HOM,0.19255343,0.1753577,0.22043526,0.19351591,0.23148926,0.1965915
jealousy,P,word2vec_recipe_20_HOM,0.21797256,0.20377012,0.25828487,0.21081375,0.27190933,0.22117206
darkness,P,word2vec_recipe_20_HOM,0.3565866,0.38473344,0.4244421,0.39947316,0.44547188,0.3955511
helper,M,word2vec_recipe_20_HOM,0.3243292,0.32425103,0.3756067,0.33105,0.39378533,0.3447362
chum,H,word2vec_recipe_20_HOM,0.23061559,0.19439489,0.2564854,0.21532397,0.2673694,0.22224155
turban,P,word2vec_recipe_20_HOM,0.29966754,0.3204699,0.34996736,0.38285914,0.36659402,0.39642403
implement,P,word2vec_recipe_20_HOM,0.28797248,0.33913338,0.36432418,0.37714028,0.39119926,0.39495942
pointless,P,word2vec_recipe_20_HOM,0.085055724,0.09126921,0.10312077,0.11692288,0.11097472,0.13221885
pony,P,word2vec_recipe_20_HOM,0.24349518,0.26212296,0.2796043,0.32896695,0.29841188,0.35644
pit,H,word2vec_recipe_20_HOM,0.30515847,0.3666574,0.4018066,0.4432402,0.43615174,0.47189185
farm,P,word2vec_recipe_20_HOM,0.32014334,0.3512783,0.39588666,0.34795967,0.41780525,0.35036483
subway,P,word2vec_recipe_20_HOM,0.1986656,0.22228397,0.23413965,0.24672452,0.24789782,0.26403007
honorable,P,word2vec_recipe_20_HOM,0.13927588,0.12533766,0.16413033,0.15715691,0.17538938,0.17397572
doubt,P,word2vec_recipe_20_HOM,0.2435215,0.154409,0.27477983,0.16307226,0.2871603,0.16774729
occasion,P,word2vec_recipe_20_HOM,0.36992544,0.2902472,0.42280594,0.2816668,0.4398229,0.27265966
mild,P,word2vec_recipe_20_HOM,0.30844763,0.28771544,0.36493206,0.33531213,0.38545945,0.36611593
drunken,P,word2vec_recipe_20_HOM,0.29779285,0.32336035,0.3349688,0.323233,0.34836173,0.3239235
gear,P,word2vec_recipe_20_HOM,0.24213263,0.2107863,0.2774301,0.24502046,0.29298523,0.25005454
dark,P,word2vec_recipe_20_HOM,0.38329756,0.39878258,0.45122558,0.48157755,0.4769275,0.49607545
potent,P,word2vec_recipe_20_HOM,0.22048807,0.24644585,0.26654145,0.27244946,0.28883472,0.28412193
trademark,P,word2vec_recipe_20_HOM,0.17705129,0.14415435,0.21649669,0.17612737,0.2318246,0.19254738
oxide,M,word2vec_recipe_20_HOM,0.19151914,0.27138397,0.23714817,0.30972615,0.25502393,0.3210362
pleasure,P,word2vec_recipe_20_HOM,0.20788464,0.19638336,0.24057409,0.21706736,0.25405207,0.21945967
definite,P,word2vec_recipe_20_HOM,0.44248948,0.46523356,0.50103796,0.38144532,0.5196528,0.37965137
snowball,P,word2vec_recipe_20_HOM,0.325701,0.29636803,0.36462525,0.27179864,0.37995574,0.2912754
movement,P,word2vec_recipe_20_HOM,0.27317643,0.33314312,0.3433177,0.37500802,0.3686364,0.37275326
strengthen,P,word2vec_recipe_20_HOM,0.3646471,0.33192375,0.4077057,0.34848988,0.42586985,0.36295214
sesame,P,word2vec_recipe_20_HOM,0.27023828,0.3208764,0.3437913,0.37554634,0.3767782,0.3964541
summertime,M,word2vec_recipe_20_HOM,0.25916973,0.33035874,0.3170864,0.35765177,0.3378116,0.36575308
attitude,P,word2vec_recipe_20_HOM,0.2028521,0.17254643,0.22778925,0.203516,0.23753124,0.21845362
homework,M,word2vec_recipe_20_HOM,0.08975194,0.096710466,0.10819377,0.12698914,0.117920876,0.13921474
careless,P,word2vec_recipe_20_HOM,0.096500136,0.10672314,0.1189422,0.131599,0.1293278,0.14217445
delivery,P,word2vec_recipe_20_HOM,0.1875433,0.15376294,0.20908746,0.15639831,0.21896748,0.16581686
smoke,P,word2vec_recipe_20_HOM,0.3893558,0.3601732,0.45427963,0.45159683,0.48155543,0.47018173
hook,P,word2vec_recipe_20_HOM,0.30814764,0.4033747,0.42533788,0.5083174,0.46990052,0.52162415
tit,H,word2vec_recipe_20_HOM,0.18414961,0.16441754,0.21090513,0.17797774,0.22171162,0.18818335
brochure,M,word2vec_recipe_20_HOM,0.16185388,0.18513197,0.18947536,0.22902793,0.20219491,0.2494929
account,P,word2vec_recipe_20_HOM,0.31731534,0.28899425,0.360031,0.29972196,0.37555677,0.2839329
prick,P,word2vec_recipe_20_HOM,0.32092288,0.38797775,0.4425599,0.48191294,0.48363477,0.4824797
gather,P,word2vec_recipe_20_HOM,0.3685419,0.43160015,0.4247927,0.4340509,0.4492133,0.42630762
cocoon,P,word2vec_recipe_20_HOM,0.20919633,0.21953417,0.2572984,0.27439654,0.2764621,0.29498646
sheep,P,word2vec_recipe_20_HOM,0.35568744,0.38213128,0.40696317,0.39091954,0.4246563,0.39128527
lettuce,P,word2vec_recipe_20_HOM,0.26518866,0.31086075,0.37725398,0.41610152,0.41877973,0.42417023
fool,P,word2vec_recipe_20_HOM,0.33836478,0.35487327,0.39858004,0.42071417,0.423889,0.41986376
rave,P,word2vec_recipe_20_HOM,0.24704573,0.23894028,0.292256,0.23657903,0.30824864,0.24973941
stream,P,word2vec_recipe_20_HOM,0.31497636,0.38647926,0.44514441,0.48557705,0.4903189,0.5043601
tricky,P,word2vec_recipe_20_HOM,0.25693446,0.20460136,0.29601318,0.20247121,0.31079692,0.20044759
decisive,P,word2vec_recipe_20_HOM,0.22758022,0.2583835,0.27165204,0.30528975,0.2921893,0.3098856
intake,P,word2vec_recipe_20_HOM,0.29202953,0.24188621,0.3447537,0.2914647,0.35998076,0.25815433
mess,P,word2vec_recipe_20_HOM,0.2950892,0.25346464,0.33335832,0.22427085,0.34758034,0.22742344
describe,P,word2vec_recipe_20_HOM,0.21639867,0.16369812,0.24170992,0.16125526,0.2519139,0.16839424
flock,H,word2vec_recipe_20_HOM,0.1636881,0.17118242,0.18598187,0.18325922,0.19631845,0.19203982
grab,P,word2vec_recipe_20_HOM,0.3665349,0.33655792,0.41610795,0.32738036,0.43262413,0.32752505
sucker,P,word2vec_recipe_20_HOM,0.28104487,0.3082831,0.33256814,0.3387141,0.35148305,0.3465399
den,P,word2vec_recipe_20_HOM,0.23170324,0.22479656,0.26619232,0.26366684,0.28012693,0.27461195
encore,P,word2vec_recipe_20_HOM,0.13975157,0.14057659,0.16060074,0.1664376,0.1702449,0.17133164
ambition,P,word2vec_recipe_20_HOM,0.16334125,0.1672396,0.18717465,0.18211626,0.1964136,0.19644406
middle,P,word2vec_recipe_20_HOM,0.34689957,0.3882238,0.43969354,0.3881752,0.46704718,0.4051334
feather,P,word2vec_recipe_20_HOM,0.37024856,0.3541944,0.41919926,0.36838257,0.43625504,0.3636564
motel,M,word2vec_recipe_20_HOM,0.14605412,0.15336426,0.16896315,0.18026626,0.17838371,0.1955604
drastic,P,word2vec_recipe_20_HOM,0.09325053,0.10451936,0.11147296,0.13527092,0.11962123,0.14658876
nail,P,word2vec_recipe_20_HOM,0.28741023,0.29572177,0.33305165,0.3198828,0.3531312,0.3337929
knit,P,word2vec_recipe_20_HOM,0.18912376,0.19510868,0.22362089,0.24249887,0.2378333,0.25433394
confession,P,word2vec_recipe_20_HOM,0.14915784,0.10391039,0.17643778,0.13805728,0.18822649,0.14951433
vicious,P,word2vec_recipe_20_HOM,0.2245709,0.1861208,0.25286555,0.22554877,0.2644617,0.23673086
nest,P,word2vec_recipe_20_HOM,0.3706709,0.42320076,0.45491782,0.4714436,0.4801367,0.47046196
dreamy,P,word2vec_recipe_20_HOM,0.29015267,0.28103083,0.33301914,0.29594985,0.3489715,0.29515642
hut,P,word2vec_recipe_20_HOM,0.23462649,0.25414354,0.29761073,0.29460838,0.31880248,0.29610646
rhythm,P,word2vec_recipe_20_HOM,0.20630202,0.16017823,0.2365139,0.18698782,0.24845596,0.19690867
instruct,P,word2vec_recipe_20_HOM,0.2797001,0.2367294,0.31583884,0.24858269,0.33076677,0.2598107
perform,P,word2vec_recipe_20_HOM,0.31211296,0.26986393,0.35969764,0.27160284,0.37629777,0.27419814
upstate,P,word2vec_recipe_20_HOM,0.1481573,0.1663533,0.17108881,0.18742526,0.18076132,0.1928511
kit,P,word2vec_recipe_20_HOM,0.36527342,0.3776067,0.4185062,0.372577,0.4367585,0.38457793
producer,P,word2vec_recipe_20_HOM,0.10035429,0.11813643,0.1252353,0.15514837,0.13827068,0.17409578
monster,P,word2vec_recipe_20_HOM,0.28453642,0.2484742,0.32551876,0.29528067,0.34214622,0.31136584
goofy,M,word2vec_recipe_20_HOM,0.15329048,0.14358541,0.17892426,0.17989954,0.19016641,0.18753609
perk,H,word2vec_recipe_20_HOM,0.35189205,0.36907655,0.47525284,0.4860829,0.5122196,0.4986811
shaft,P,word2vec_recipe_20_HOM,0.28133035,0.31619185,0.34210736,0.3886973,0.3665837,0.39951304
suck,P,word2vec_recipe_20_HOM,0.26986027,0.2698004,0.312012,0.27539644,0.32781148,0.28081152
primal,P,word2vec_recipe_20_HOM,0.24030402,0.20211492,0.2716782,0.23603882,0.28529266,0.23366709
invasion,P,word2vec_recipe_20_HOM,0.11724323,0.13472241,0.13736278,0.16944365,0.14735985,0.18116038
visa,P,word2vec_recipe_20_HOM,0.179775,0.14821552,0.20499575,0.14588985,0.21539217,0.16112788
differ,P,word2vec_recipe_20_HOM,0.24751024,0.29046896,0.32233512,0.31613633,0.3490306,0.31122312
margin,P,word2vec_recipe_20_HOM,0.3355407,0.3561762,0.421393,0.35047084,0.44565648,0.33131957
explosion,P,word2vec_recipe_20_HOM,0.35307598,0.32948866,0.4028969,0.35793677,0.4194677,0.34984744
disregard,P,word2vec_recipe_20_HOM,0.36010337,0.25779477,0.39872718,0.2615589,0.41106644,0.2683275
rear,H,word2vec_recipe_20_HOM,0.23900886,0.22308865,0.2932684,0.31988612,0.3205288,0.35870034
counter,H,word2vec_recipe_20_HOM,0.3064228,0.3062383,0.3906141,0.39564264,0.423818,0.40988016
redneck,P,word2vec_recipe_20_HOM,0.20360117,0.15825896,0.2287501,0.18830429,0.24002859,0.2045228
familiar,P,word2vec_recipe_20_HOM,0.25535798,0.23109043,0.2902521,0.2227771,0.30383006,0.22434294
outfit,P,word2vec_recipe_20_HOM,0.2794005,0.29826975,0.33538917,0.38629493,0.36253953,0.4119301
hunt,P,word2vec_recipe_20_HOM,0.1745847,0.15351988,0.19895872,0.1739423,0.21154933,0.1901953
video,P,word2vec_recipe_20_HOM,0.21215379,0.24154784,0.2820545,0.27528346,0.30988812,0.27018267
trash,P,word2vec_recipe_20_HOM,0.35465226,0.40274605,0.4267194,0.424102,0.45093468,0.42599225
meter,H,word2vec_recipe_20_HOM,0.28321734,0.2866087,0.32990733,0.36753893,0.34672245,0.38519925
chopper,P,word2vec_recipe_20_HOM,0.30744186,0.32707554,0.40159306,0.4092147,0.4445996,0.4450224
orchard,P,word2vec_recipe_20_HOM,0.23444824,0.24917328,0.26877433,0.26233014,0.28124863,0.26451433
scatter,P,word2vec_recipe_20_HOM,0.32818198,0.43182853,0.42131585,0.42801154,0.44932663,0.42297032
winner,M,word2vec_recipe_20_HOM,0.24208483,0.25614354,0.2816208,0.2636948,0.2976741,0.27317488
mush,H,word2vec_recipe_20_HOM,0.39460468,0.3796605,0.44416988,0.3805588,0.4621653,0.37166455
utility,P,word2vec_recipe_20_HOM,0.41859856,0.42007285,0.479596,0.4987646,0.5037683,0.506306
action,P,word2vec_recipe_20_HOM,0.36158818,0.38222396,0.4137705,0.42446846,0.4336345,0.42128715
rut,H,word2vec_recipe_20_HOM,0.14069633,0.12301401,0.16125816,0.14531995,0.16974993,0.1573263
melody,P,word2vec_recipe_20_HOM,0.21320441,0.20896004,0.23758826,0.21785347,0.2489191,0.23186643
television,P,word2vec_recipe_20_HOM,0.15244439,0.15910733,0.18188785,0.17841175,0.19563866,0.18555899
borrow,P,word2vec_recipe_20_HOM,0.13564238,0.13440488,0.1564769,0.14875928,0.16627279,0.15497282
danger,P,word2vec_recipe_20_HOM,0.27237326,0.2685715,0.31462014,0.2733229,0.3329672,0.2777338
script,P,word2vec_recipe_20_HOM,0.15591314,0.12804085,0.17855626,0.15205298,0.18881746,0.15911801
curb,P,word2vec_recipe_20_HOM,0.13084173,0.12324559,0.1528332,0.15160857,0.16327208,0.15853663
tile,P,word2vec_recipe_20_HOM,0.3122571,0.360112,0.37527654,0.39143115,0.39603615,0.40459257
strategic,P,word2vec_recipe_20_HOM,0.2300098,0.22796692,0.2604462,0.2443687,0.27151635,0.2609173
normal,P,word2vec_recipe_20_HOM,0.27147877,0.25246114,0.30751655,0.22035666,0.31939265,0.22509436
diabetes,M,word2vec_recipe_20_HOM,0.1724222,0.1511043,0.20089634,0.17292483,0.21320412,0.18264487
partial,P,word2vec_recipe_20_HOM,0.30416507,0.17046954,0.33935413,0.1999395,0.35116783,0.21223985
mitt,P,word2vec_recipe_20_HOM,0.34479767,0.40068817,0.4321631,0.42673096,0.46091077,0.43551198
fence,P,word2vec_recipe_20_HOM,0.15647648,0.16036472,0.19826955,0.2197253,0.2220538,0.2527451
fork,P,word2vec_recipe_20_HOM,0.36832535,0.38618323,0.4678635,0.52415514,0.5152945,0.5351299
lick,P,word2vec_recipe_20_HOM,0.34089637,0.2600452,0.37927896,0.27076682,0.39477685,0.26580432
overcome,P,word2vec_recipe_20_HOM,0.12988147,0.12335451,0.1531873,0.15415211,0.16335931,0.16725148
steer,H,word2vec_recipe_20_HOM,0.33378714,0.2530661,0.3710437,0.28349188,0.38358796,0.28268883
hallway,P,word2vec_recipe_20_HOM,0.17235474,0.21112476,0.20080923,0.24513638,0.21370415,0.2597222
cheat,P,word2vec_recipe_20_HOM,0.30112508,0.2207318,0.34223384,0.21650356,0.35591796,0.21155293
single,P,word2vec_recipe_20_HOM,0.38214433,0.47709626,0.47745717,0.48114043,0.50801027,0.48843023
shirt,M,word2vec_recipe_20_HOM,0.18520205,0.18705553,0.22307731,0.2401138,0.24366963,0.26630268
flight,H,word2vec_recipe_20_HOM,0.14042251,0.16632852,0.1626973,0.1908423,0.17466469,0.20259427
mixer,P,word2vec_recipe_20_HOM,0.24285416,0.33861846,0.3812801,0.40816796,0.43635586,0.4270746
thankful,M,word2vec_recipe_20_HOM,0.11844323,0.10847471,0.1403988,0.13561109,0.1511228,0.1493609
muscle,P,word2vec_recipe_20_HOM,0.28131267,0.27037907,0.3551893,0.3425001,0.38803983,0.364569
behave,P,word2vec_recipe_20_HOM,0.14815347,0.10741015,0.17398106,0.14376368,0.18478668,0.15704483
suitcase,M,word2vec_recipe_20_HOM,0.112493895,0.116819404,0.13168967,0.14071964,0.14113332,0.15435146
price,P,word2vec_recipe_20_HOM,0.24520512,0.23744175,0.2801902,0.24940406,0.29416737,0.25487342
glamorous,M,word2vec_recipe_20_HOM,0.123093165,0.127808,0.14295827,0.14498262,0.15178931,0.1539706
bowel,P,word2vec_recipe_20_HOM,0.38013908,0.39860994,0.46959704,0.4642938,0.49497956,0.4688703
advance,P,word2vec_recipe_20_HOM,0.30266795,0.37547415,0.43210548,0.4570581,0.4769522,0.46754634
curl,P,word2vec_recipe_20_HOM,0.42242527,0.4341185,0.48308894,0.4496919,0.503759,0.4426567
delete,M,word2vec_recipe_20_HOM,0.26968655,0.325813,0.33360785,0.38536885,0.3562356,0.3831461
cannibal,P,word2vec_recipe_20_HOM,0.10610964,0.13507761,0.12544946,0.15934008,0.13451657,0.16956873
rendezvous,P,word2vec_recipe_20_HOM,0.16644767,0.18578312,0.19351654,0.19541633,0.20521373,0.20508184
snow,P,word2vec_recipe_20_HOM,0.31832865,0.3333742,0.4201362,0.4297788,0.45311782,0.43643984
issue,P,word2vec_recipe_20_HOM,0.25509095,0.2211282,0.29583025,0.22559994,0.3106264,0.23811714
gorgeous,M,word2vec_recipe_20_HOM,0.24969915,0.318869,0.3237904,0.36229286,0.3492043,0.37223718
lump,P,word2vec_recipe_20_HOM,0.46091074,0.42766845,0.5149285,0.41684508,0.53199804,0.4044642
faith,P,word2vec_recipe_20_HOM,0.27849767,0.27862513,0.42380697,0.34874722,0.46893337,0.35891834
doubtful,P,word2vec_recipe_20_HOM,0.093245484,0.09388015,0.11279781,0.1201261,0.12269058,0.13741145
salute,P,word2vec_recipe_20_HOM,0.3166155,0.31061554,0.36258313,0.32113454,0.38022536,0.34572113
sulfur,P,word2vec_recipe_20_HOM,0.17651995,0.17623788,0.2052715,0.20284067,0.2202372,0.21049024
deed,P,word2vec_recipe_20_HOM,0.11217256,0.09969128,0.13081852,0.12874275,0.14054726,0.13991624
heat,P,word2vec_recipe_20_HOM,0.3387079,0.31239378,0.39229298,0.3350015,0.41501808,0.35251305
unbearable,M,word2vec_recipe_20_HOM,0.113499604,0.12955308,0.13556212,0.14450152,0.14599907,0.15679452
ambitious,P,word2vec_recipe_20_HOM,0.177708,0.16454345,0.20843774,0.16603512,0.22139797,0.17481257
noble,P,word2vec_recipe_20_HOM,0.14370474,0.16216235,0.1698705,0.17313418,0.18114047,0.1876844
crystal,P,word2vec_recipe_20_HOM,0.37754095,0.33961272,0.4338892,0.36592025,0.4533931,0.38724458
underwater,P,word2vec_recipe_20_HOM,0.38065892,0.42329016,0.44332436,0.4227502,0.46659726,0.43051937
spaghetti,P,word2vec_recipe_20_HOM,0.21908006,0.26531783,0.31185305,0.35848442,0.35100147,0.38837406
pocket,P,word2vec_recipe_20_HOM,0.36385185,0.40934217,0.42433366,0.43326584,0.446612,0.44429332
mental,P,word2vec_recipe_20_HOM,0.18755989,0.15197837,0.2146405,0.17329876,0.22532372,0.18645859
clipper,P,word2vec_recipe_20_HOM,0.14201602,0.14892502,0.16274276,0.1724987,0.17223322,0.18051313
jar,H,word2vec_recipe_20_HOM,0.2608594,0.32957473,0.3549876,0.39078036,0.40138158,0.43726456
minimal,M,word2vec_recipe_20_HOM,0.35577026,0.31824648,0.39990303,0.29775596,0.41557667,0.2878535
coin,P,word2vec_recipe_20_HOM,0.33433425,0.28339684,0.3878956,0.33330387,0.4080867,0.36184663
rejoice,P,word2vec_recipe_20_HOM,0.163003,0.1259276,0.18661524,0.1525974,0.19764674,0.16339189
giraffe,M,word2vec_recipe_20_HOM,0.16346785,0.18224066,0.18915236,0.20075156,0.19918923,0.21098362
informal,P,word2vec_recipe_20_HOM,0.19567136,0.21596104,0.23538543,0.23995332,0.25185183,0.24209656
inner,P,word2vec_recipe_20_HOM,0.32332522,0.29711726,0.38368756,0.34456763,0.4088061,0.36435193
attendance,P,word2vec_recipe_20_HOM,0.10027616,0.10456612,0.117614955,0.12779671,0.12601411,0.13859385
utter,H,word2vec_recipe_20_HOM,0.30447483,0.28116038,0.34027335,0.30195126,0.35400116,0.30549738
mankind,P,word2vec_recipe_20_HOM,0.102105364,0.11357392,0.1172827,0.13435806,0.12555811,0.14353405
blob,P,word2vec_recipe_20_HOM,0.31597185,0.4053943,0.42079318,0.49939921,0.45058247,0.50349224
discard,P,word2vec_recipe_20_HOM,0.341444,0.37530717,0.42112243,0.4278372,0.44867286,0.445183
beetle,H,word2vec_recipe_20_HOM,0.1879764,0.18715912,0.22521776,0.24395303,0.2449599,0.2706698
pimple,M,word2vec_recipe_20_HOM,0.17215173,0.16213946,0.19329512,0.16882408,0.20272352,0.1764243
effort,P,word2vec_recipe_20_HOM,0.27124768,0.25696364,0.30948588,0.23303784,0.3225065,0.21161646
fish,P,word2vec_recipe_20_HOM,0.21016379,0.23610331,0.32856685,0.38462442,0.3822266,0.4225389
dust,P,word2vec_recipe_20_HOM,0.376177,0.40745077,0.4655861,0.44893768,0.4915949,0.45156562
shortcut,P,word2vec_recipe_20_HOM,0.3103854,0.34793636,0.3597307,0.36333755,0.37914178,0.3687025
lift,P,word2vec_recipe_20_HOM,0.32040763,0.39683345,0.39783612,0.40512624,0.4227954,0.39903116
pig,P,word2vec_recipe_20_HOM,0.30858573,0.38123268,0.36958703,0.41587168,0.39304176,0.42374882
molasses,M,word2vec_recipe_20_HOM,0.34429082,0.42764318,0.41875267,0.46113828,0.44607896,0.44084457
belt,P,word2vec_recipe_20_HOM,0.18397914,0.1970945,0.2254039,0.24310865,0.24695656,0.26721406
uniform,P,word2vec_recipe_20_HOM,0.33997998,0.3768778,0.4094921,0.42802578,0.43764195,0.44137007
homestead,P,word2vec_recipe_20_HOM,0.12180616,0.13394043,0.14133888,0.15296213,0.1501246,0.16369225
apparent,P,word2vec_recipe_20_HOM,0.26397568,0.270212,0.31287524,0.29917365,0.332139,0.3109944
arrest,P,word2vec_recipe_20_HOM,0.27443868,0.34015474,0.346468,0.39226085,0.37383065,0.40982231
link,P,word2vec_recipe_20_HOM,0.31801835,0.28981718,0.39160562,0.367096,0.41556314,0.37153506
solo,P,word2vec_recipe_20_HOM,0.39022094,0.32489368,0.43487465,0.37154546,0.4508724,0.3805049
adore,P,word2vec_recipe_20_HOM,0.12248089,0.10837582,0.14388002,0.13210182,0.15428263,0.14838266
floss,P,word2vec_recipe_20_HOM,0.33732253,0.33593765,0.40618736,0.36967984,0.42729065,0.37641272
lawn,H,word2vec_recipe_20_HOM,0.1940259,0.23000391,0.22767566,0.26598337,0.24433894,0.280055
commodity,P,word2vec_recipe_20_HOM,0.12693492,0.13117482,0.14758861,0.1473311,0.1566421,0.15947148
righteous,P,word2vec_recipe_20_HOM,0.15127742,0.16983293,0.17948909,0.19875935,0.19015674,0.21455005
wagon,P,word2vec_recipe_20_HOM,0.34491834,0.33778298,0.3908595,0.28620538,0.40682054,0.287456
allowance,P,word2vec_recipe_20_HOM,0.18620647,0.1385742,0.22014675,0.14383535,0.23573166,0.18528186
decorate,P,word2vec_recipe_20_HOM,0.27205914,0.31456318,0.35477057,0.3624256,0.38525108,0.38057786
smack,H,word2vec_recipe_20_HOM,0.29539555,0.37553737,0.3810639,0.43787706,0.41253814,0.45519727
chapel,P,word2vec_recipe_20_HOM,0.121582605,0.12516963,0.14179803,0.15116568,0.15253994,0.16719434
marvel,P,word2vec_recipe_20_HOM,0.27440658,0.23416139,0.306217,0.25469562,0.31865942,0.2599219
furry,P,word2vec_recipe_20_HOM,0.22888784,0.26161334,0.3221489,0.34412307,0.35703614,0.3679606
stag,P,word2vec_recipe_20_HOM,0.11450517,0.1296225,0.13268334,0.1520061,0.1417935,0.16568983
assemble,P,word2vec_recipe_20_HOM,0.42213005,0.45873317,0.5184425,0.46245748,0.5429464,0.44553334
box,H,word2vec_recipe_20_HOM,0.29638535,0.30108565,0.40508065,0.4185531,0.44932935,0.45347103
orbit,P,word2vec_recipe_20_HOM,0.109352686,0.1347961,0.1326801,0.16513342,0.14554517,0.17980133
laundry,P,word2vec_recipe_20_HOM,0.24278307,0.23950009,0.2953715,0.28654546,0.3152478,0.29315454
commit,P,word2vec_recipe_20_HOM,0.106976055,0.11378338,0.12563445,0.12890442,0.13382085,0.14117295
net,H,word2vec_recipe_20_HOM,0.29622364,0.17568839,0.33116496,0.12113019,0.34163588,0.11598617
hike,P,word2vec_recipe_20_HOM,0.22072926,0.20439404,0.25628272,0.21577556,0.2708727,0.22268638
slipper,M,word2vec_recipe_20_HOM,0.2597191,0.2747143,0.3015283,0.2993043,0.31815058,0.31230903
civil,P,word2vec_recipe_20_HOM,0.14938119,0.12714867,0.17871483,0.17188342,0.19108504,0.17866972
author,P,word2vec_recipe_20_HOM,0.1844975,0.18796006,0.2205603,0.2146523,0.23595326,0.22146785
meaningful,M,word2vec_recipe_20_HOM,0.18566632,0.19851246,0.22125436,0.22010781,0.2348683,0.2310685
importance,P,word2vec_recipe_20_HOM,0.15141225,0.12997895,0.17384452,0.15114671,0.18420075,0.1591266
venture,P,word2vec_recipe_20_HOM,0.11287334,0.102108404,0.13376646,0.12950864,0.14301193,0.14169453
shovel,P,word2vec_recipe_20_HOM,0.34064588,0.35601136,0.41561112,0.40499112,0.43925866,0.41250482
finish,P,word2vec_recipe_20_HOM,0.3814538,0.39648712,0.44336814,0.35707033,0.46167156,0.35270932
discomfort,P,word2vec_recipe_20_HOM,0.157199,0.15784898,0.18539533,0.17079744,0.19811387,0.18685444
tire,H,word2vec_recipe_20_HOM,0.19320795,0.20366207,0.22400017,0.24720998,0.23835358,0.26585603
garden,P,word2vec_recipe_20_HOM,0.29330298,0.31295344,0.34044796,0.32155097,0.35803956,0.32908198
rearrange,P,word2vec_recipe_20_HOM,0.42483598,0.45790282,0.49583247,0.45006293,0.5180196,0.44732988
deluxe,P,word2vec_recipe_20_HOM,0.2042323,0.16919205,0.24238735,0.18707596,0.25908753,0.19503349
patron,P,word2vec_recipe_20_HOM,0.13119113,0.14866371,0.17113432,0.19243793,0.19426411,0.2297268
goody,P,word2vec_recipe_20_HOM,0.17473139,0.18179943,0.20759149,0.19872044,0.22142814,0.20346442
previous,P,word2vec_recipe_20_HOM,0.37646762,0.41254792,0.42872384,0.40995255,0.449799,0.3861368
outlet,P,word2vec_recipe_20_HOM,0.19633417,0.21871865,0.22811823,0.24226868,0.24399589,0.26997134
comparison,P,word2vec_recipe_20_HOM,0.17585838,0.14532852,0.20118518,0.161734,0.21130137,0.17157215
electric,P,word2vec_recipe_20_HOM,0.2785515,0.2881646,0.4050124,0.3991086,0.45744854,0.44489843
bathroom,P,word2vec_recipe_20_HOM,0.24905495,0.26234734,0.29538625,0.3008379,0.31367937,0.31282002
sheer,H,word2vec_recipe_20_HOM,0.24041566,0.1782524,0.27448708,0.20247695,0.28784516,0.21344931
insist,P,word2vec_recipe_20_HOM,0.29941478,0.26244628,0.34394228,0.24123609,0.35832718,0.23503643
cheesecake,P,word2vec_recipe_20_HOM,0.28648594,0.38493538,0.38068947,0.447391,0.4088257,0.4385081
unprepared,P,word2vec_recipe_20_HOM,0.28739467,0.21214397,0.37452468,0.3301985,0.414597,0.37830582
ignite,P,word2vec_recipe_20_HOM,0.29645544,0.336098,0.4273266,0.492146,0.4692148,0.5089518
spotlight,P,word2vec_recipe_20_HOM,0.14796914,0.14815952,0.17222191,0.18727215,0.18220432,0.19727667
stage,P,word2vec_recipe_20_HOM,0.25886312,0.1964305,0.36599225,0.34952423,0.43856162,0.43731615
multiple,P,word2vec_recipe_20_HOM,0.34943408,0.35312542,0.39759183,0.3263727,0.41501895,0.32658353
protector,P,word2vec_recipe_20_HOM,0.3901692,0.39871907,0.4522215,0.47916237,0.4743557,0.4624382
creep,P,word2vec_recipe_20_HOM,0.22065946,0.18592867,0.2532847,0.20946309,0.26680896,0.21987651
sharpen,M,word2vec_recipe_20_HOM,0.35364416,0.38106668,0.4035869,0.38128257,0.4231171,0.40158018
nonsense,P,word2vec_recipe_20_HOM,0.14556284,0.12831327,0.16726494,0.15094993,0.1769,0.16108765
absolute,P,word2vec_recipe_20_HOM,0.2824936,0.23863113,0.31703353,0.2671188,0.33090702,0.26838025
nasty,P,word2vec_recipe_20_HOM,0.24491873,0.266479,0.28785434,0.27556172,0.3065646,0.28243724
mermaid,M,word2vec_recipe_20_HOM,0.20649135,0.24203935,0.24578926,0.28344288,0.26311862,0.29308614
flash,P,word2vec_recipe_20_HOM,0.46778217,0.52098405,0.5123246,0.45065713,0.52702624,0.4375461
piggyback,P,word2vec_recipe_20_HOM,0.13917577,0.17350116,0.16394359,0.21174309,0.1739451,0.2260476
blind,P,word2vec_recipe_20_HOM,0.38273367,0.44935226,0.48571408,0.50862116,0.5151851,0.51901364
billion,P,word2vec_recipe_20_HOM,0.20784852,0.14879459,0.23216227,0.17683731,0.2430241,0.18508027
stock,P,word2vec_recipe_20_HOM,0.26008856,0.30268767,0.36006436,0.40346083,0.39171082,0.4174567
messy,P,word2vec_recipe_20_HOM,0.25863647,0.21339855,0.299052,0.23988988,0.31298432,0.23048565
doorway,M,word2vec_recipe_20_HOM,0.14132865,0.1616677,0.17663494,0.214767,0.19512825,0.24554436
farmers,M,word2vec_recipe_20_HOM,0.31769586,0.30827558,0.37360314,0.34184897,0.39301834,0.33032936
suit,P,word2vec_recipe_20_HOM,0.26585692,0.30574286,0.35467812,0.37320042,0.389912,0.3813029
seaweed,P,word2vec_recipe_20_HOM,0.23776324,0.31968156,0.3122394,0.3670067,0.34763128,0.38698024
heartbreak,M,word2vec_recipe_20_HOM,0.11302445,0.15484148,0.1399032,0.19822258,0.15227348,0.2134495
fountain,P,word2vec_recipe_20_HOM,0.2869863,0.30806294,0.328686,0.32146412,0.34833154,0.34441552
planet,P,word2vec_recipe_20_HOM,0.20920257,0.18297195,0.23296718,0.20318723,0.244031,0.21073228
vacation,P,word2vec_recipe_20_HOM,0.14893448,0.15107931,0.17272827,0.18091607,0.1832259,0.19862795
necessary,P,word2vec_recipe_20_HOM,0.28806803,0.2568773,0.39990112,0.31332508,0.4361181,0.34498158
ninth,P,word2vec_recipe_20_HOM,0.21368761,0.28596067,0.2926241,0.2885074,0.3166226,0.28258386
blame,P,word2vec_recipe_20_HOM,0.12468263,0.11668654,0.1473407,0.14102277,0.15957916,0.15651552
doorknob,M,word2vec_recipe_20_HOM,0.14796245,0.16265275,0.18880638,0.2224199,0.21027626,0.2566267
mutt,M,word2vec_recipe_20_HOM,0.103633955,0.12458624,0.12264616,0.15213925,0.13335253,0.1658523
height,P,word2vec_recipe_20_HOM,0.34681645,0.38827667,0.405501,0.3615586,0.42479995,0.35899395
sensual,P,word2vec_recipe_20_HOM,0.17101829,0.163638,0.19717711,0.18875618,0.20799792,0.19995755
contestant,P,word2vec_recipe_20_HOM,0.31338555,0.26454532,0.3727519,0.30490807,0.39185947,0.29511818
jig,H,word2vec_recipe_20_HOM,0.15355594,0.1869392,0.18815646,0.23105715,0.20207275,0.24981362
screwball,P,word2vec_recipe_20_HOM,0.09826199,0.123536445,0.1303602,0.16081682,0.14701702,0.17791419
cartoon,P,word2vec_recipe_20_HOM,0.21001032,0.20040368,0.24358888,0.22683994,0.25591514,0.2403863
tunnel,P,word2vec_recipe_20_HOM,0.36295152,0.35849884,0.4156701,0.38831115,0.43553743,0.40279457
vessel,P,word2vec_recipe_20_HOM,0.3726543,0.42189744,0.43049705,0.46964452,0.45271516,0.48111284
weapon,P,word2vec_recipe_20_HOM,0.2358278,0.19364288,0.26811174,0.1910846,0.28112552,0.2012171
peroxide,P,word2vec_recipe_20_HOM,0.21970434,0.23603249,0.28551048,0.2984505,0.31334126,0.31219515
contact,P,word2vec_recipe_20_HOM,0.42591673,0.3691597,0.4854123,0.46319494,0.5098083,0.44841862
neutralize,P,word2vec_recipe_20_HOM,0.1912661,0.21457589,0.23428005,0.23941469,0.25355303,0.25909442
stubborn,P,word2vec_recipe_20_HOM,0.26783174,0.27866307,0.31800887,0.31392983,0.33793,0.3247225
ruler,P,word2vec_recipe_20_HOM,0.267095,0.29847497,0.3312328,0.32705817,0.35560095,0.33750567
maximum,P,word2vec_recipe_20_HOM,0.3824119,0.40227634,0.43866038,0.40186912,0.458612,0.40253094
signal,P,word2vec_recipe_20_HOM,0.34732002,0.34454286,0.46310794,0.43025768,0.50308424,0.46059668
ramp,P,word2vec_recipe_20_HOM,0.33181587,0.4013397,0.40530014,0.45299423,0.43262866,0.45695898
wrapped,P,word2vec_recipe_20_HOM,0.37706295,0.45299995,0.46576893,0.5148692,0.4940331,0.5155628
custard,M,word2vec_recipe_20_HOM,0.33920643,0.4606251,0.413623,0.49603677,0.44170916,0.49550542
component,P,word2vec_recipe_20_HOM,0.3087244,0.2126252,0.34502017,0.2593939,0.3600601,0.259332
suspension,P,word2vec_recipe_20_HOM,0.24981837,0.24206096,0.28502512,0.28384122,0.30151135,0.29239795
code,P,word2vec_recipe_20_HOM,0.20014878,0.15337905,0.23604074,0.18288389,0.24883854,0.19368577
loosen,P,word2vec_recipe_20_HOM,0.37283337,0.41086292,0.46781754,0.44923368,0.50165105,0.4700772
generous,P,word2vec_recipe_20_HOM,0.3629387,0.459974,0.44498685,0.48544052,0.47340897,0.4764152
ham,H,word2vec_recipe_20_HOM,0.32843068,0.42845967,0.38881138,0.4342539,0.41687492,0.4357494
exist,P,word2vec_recipe_20_HOM,0.19535418,0.17141403,0.227202,0.19894825,0.2415367,0.20586687
shout,P,word2vec_recipe_20_HOM,0.19201514,0.15925317,0.216858,0.17274532,0.22751933,0.18804418
bold,P,word2vec_recipe_20_HOM,0.22263107,0.1876835,0.2621799,0.22636814,0.28309837,0.26307482
torture,P,word2vec_recipe_20_HOM,0.13031206,0.113355026,0.15124148,0.13542874,0.16116303,0.14754297
wrecking,P,word2vec_recipe_20_HOM,0.12113188,0.13834298,0.14054671,0.1655548,0.14966667,0.17396267
shampoo,P,word2vec_recipe_20_HOM,0.25397566,0.25987685,0.3399017,0.32745394,0.37590098,0.36173558
mare,H,word2vec_recipe_20_HOM,0.13973711,0.13616179,0.18115972,0.17531697,0.20445152,0.2065334
bundle,P,word2vec_recipe_20_HOM,0.31436828,0.4080559,0.39881122,0.45985928,0.43166792,0.46512368
snag,P,word2vec_recipe_20_HOM,0.12844673,0.13121447,0.15193151,0.15318666,0.16149718,0.16377817
method,P,word2vec_recipe_20_HOM,0.28929335,0.29750454,0.3502331,0.33946264,0.37476584,0.33740982
blazer,M,word2vec_recipe_20_HOM,0.29395017,0.26824543,0.33838397,0.29544565,0.3554938,0.28612304
approach,P,word2vec_recipe_20_HOM,0.2216464,0.16827515,0.24923605,0.17197068,0.2599104,0.18063776
anchor,P,word2vec_recipe_20_HOM,0.3163027,0.3062263,0.35802338,0.3134669,0.37671646,0.32960248
rattle,P,word2vec_recipe_20_HOM,0.2285038,0.23171791,0.2656801,0.2582339,0.28223798,0.2694682
espresso,M,word2vec_recipe_20_HOM,0.2603391,0.31537685,0.35392433,0.4022847,0.3921704,0.42272758
quit,P,word2vec_recipe_20_HOM,0.24017358,0.21768895,0.27708504,0.21628775,0.29191336,0.22244063
slate,P,word2vec_recipe_20_HOM,0.29369706,0.31053212,0.34117034,0.36520332,0.36045933,0.37951463
repair,H,word2vec_recipe_20_HOM,0.24637811,0.26066086,0.31063744,0.30036446,0.33289468,0.31643108
create,P,word2vec_recipe_20_HOM,0.3592201,0.46342835,0.43164322,0.40646303,0.45664814,0.38927674
foil,H,word2vec_recipe_20_HOM,0.24281183,0.3084642,0.365084,0.3636167,0.406996,0.38565943
physician,P,word2vec_recipe_20_HOM,0.112798154,0.1254167,0.13275443,0.14484276,0.14402518,0.15605383
leaky,P,word2vec_recipe_20_HOM,0.15051496,0.14241058,0.1755213,0.17180066,0.18641663,0.18089512
rough,P,word2vec_recipe_20_HOM,0.3457815,0.378242,0.40946597,0.43793973,0.4348376,0.4719401
month,P,word2vec_recipe_20_HOM,0.2806428,0.33849052,0.41103664,0.4071018,0.44985878,0.42001268
indicate,P,word2vec_recipe_20_HOM,0.28327715,0.3124217,0.3391029,0.32378432,0.35954982,0.329064
dispatch,P,word2vec_recipe_20_HOM,0.23219879,0.24488479,0.26262355,0.25099775,0.27376357,0.25666463
jazz,M,word2vec_recipe_20_HOM,0.29084834,0.29270288,0.34042394,0.26867035,0.35766944,0.26459813
incorrect,P,word2vec_recipe_20_HOM,0.14913464,0.13732149,0.17253011,0.16264305,0.18210883,0.17696814
watermelon,P,word2vec_recipe_20_HOM,0.25125676,0.2982651,0.33758104,0.35297757,0.37123466,0.3713951
ritual,P,word2vec_recipe_20_HOM,0.15732116,0.14322793,0.17901473,0.16367954,0.1886726,0.17301364
interior,P,word2vec_recipe_20_HOM,0.36983418,0.44592398,0.46782333,0.4520224,0.49421108,0.45851278
porch,P,word2vec_recipe_20_HOM,0.2561691,0.27012497,0.31637672,0.31302294,0.33658805,0.33035287
unload,P,word2vec_recipe_20_HOM,0.14795122,0.17832443,0.17292708,0.20901103,0.18412182,0.22764347
radius,P,word2vec_recipe_20_HOM,0.18605283,0.21201347,0.23023829,0.24278843,0.24730204,0.26569313
camp,H,word2vec_recipe_20_HOM,0.3071627,0.31647813,0.3662683,0.31646585,0.38535675,0.31401855
college,P,word2vec_recipe_20_HOM,0.19048002,0.19867577,0.22082044,0.21870859,0.2318526,0.23107217
stalk,H,word2vec_recipe_20_HOM,0.26936117,0.3278805,0.35062426,0.3912773,0.3859566,0.41809282
accord,P,word2vec_recipe_20_HOM,0.32597288,0.3378355,0.38676387,0.3589311,0.40850464,0.3521616
unreal,P,word2vec_recipe_20_HOM,0.12983958,0.14086312,0.15062815,0.17250362,0.1588879,0.18439887
spider,M,word2vec_recipe_20_HOM,0.39305562,0.41437736,0.44789168,0.3638676,0.4688376,0.39612752
sweetheart,P,word2vec_recipe_20_HOM,0.19918114,0.20992397,0.23839466,0.23500152,0.25505254,0.24558072
torso,P,word2vec_recipe_20_HOM,0.16030331,0.17187522,0.20122725,0.2357533,0.22336422,0.2720482
animal,P,word2vec_recipe_20_HOM,0.32052046,0.31343827,0.37134582,0.3427673,0.3902983,0.34704852
climb,P,word2vec_recipe_20_HOM,0.35050505,0.40517506,0.41964623,0.44101986,0.44339475,0.44979268
detergent,P,word2vec_recipe_20_HOM,0.22468074,0.2799211,0.3069856,0.34190786,0.34223983,0.35978046
slope,P,word2vec_recipe_20_HOM,0.26231155,0.2520575,0.29864928,0.2921854,0.31408432,0.3095442
test,H,word2vec_recipe_20_HOM,0.37561053,0.44838685,0.4628953,0.46633476,0.49018276,0.44856796
dedicate,P,word2vec_recipe_20_HOM,0.152331,0.13343233,0.17447953,0.14551333,0.18496491,0.15885751
weary,P,word2vec_recipe_20_HOM,0.09270035,0.11098888,0.10929057,0.13093804,0.11850517,0.14142638
pace,H,word2vec_recipe_20_HOM,0.4044594,0.3646007,0.4602238,0.4033864,0.4807489,0.41109467
painless,P,word2vec_recipe_20_HOM,0.16031393,0.16188282,0.18569887,0.18387249,0.19527031,0.19436209
hardware,P,word2vec_recipe_20_HOM,0.19593641,0.20319611,0.26488832,0.26443738,0.29222342,0.30188546
snappy,P,word2vec_recipe_20_HOM,0.29941806,0.3291676,0.35296714,0.34425077,0.37062028,0.34596324
ordinary,P,word2vec_recipe_20_HOM,0.33273652,0.2575418,0.37263232,0.27632138,0.3863749,0.27535927
marvelous,P,word2vec_recipe_20_HOM,0.24022865,0.26382688,0.29593885,0.32582557,0.3153205,0.33198842
gravel,P,word2vec_recipe_20_HOM,0.30997115,0.37038478,0.4084492,0.47683263,0.44219062,0.49292412
thermal,P,word2vec_recipe_20_HOM,0.2524718,0.30246744,0.30263877,0.35388887,0.32463205,0.37392762
spaceship,M,word2vec_recipe_20_HOM,0.20146823,0.2276572,0.23433235,0.25505948,0.24804097,0.27796403
layer,P,word2vec_recipe_20_HOM,0.38843668,0.45397,0.46333015,0.418462,0.48797944,0.42719486
disaster,P,word2vec_recipe_20_HOM,0.1538922,0.13968047,0.17895083,0.16287324,0.18968296,0.16437899
mile,P,word2vec_recipe_20_HOM,0.428643,0.26749763,0.47280082,0.2958326,0.48634365,0.30389452
suggestion,P,word2vec_recipe_20_HOM,0.28735328,0.3409398,0.35678536,0.3552854,0.38004127,0.35409555
devour,P,word2vec_recipe_20_HOM,0.34427503,0.3756489,0.43532467,0.40566906,0.46253645,0.38867426
shiny,P,word2vec_recipe_20_HOM,0.3283712,0.3448343,0.40153876,0.39264658,0.43079296,0.41483516
puffy,P,word2vec_recipe_20_HOM,0.3583104,0.42098314,0.43259332,0.4948768,0.45961258,0.48106763
sanity,P,word2vec_recipe_20_HOM,0.106911205,0.109196015,0.12721448,0.13389753,0.13633992,0.14396843
tend,H,word2vec_recipe_20_HOM,0.2863676,0.3274986,0.35628387,0.3092567,0.3783712,0.295488
philosophy,P,word2vec_recipe_20_HOM,0.087942556,0.10661964,0.10690338,0.13023888,0.11628088,0.14447974
bite,P,word2vec_recipe_20_HOM,0.37930387,0.36593312,0.4620701,0.44505244,0.49567252,0.47017187
resident,P,word2vec_recipe_20_HOM,0.09384167,0.1113708,0.1132543,0.14151534,0.12343161,0.15754582
globe,P,word2vec_recipe_20_HOM,0.2854538,0.26860803,0.33913684,0.37450024,0.36203462,0.4038989
sled,P,word2vec_recipe_20_HOM,0.16363262,0.17906919,0.1966915,0.22086519,0.21492188,0.2496684
hat,P,word2vec_recipe_20_HOM,0.21715185,0.21821396,0.2679934,0.25983346,0.2939491,0.2904519
alley,H,word2vec_recipe_20_HOM,0.1626087,0.1599733,0.18647791,0.18269673,0.1957018,0.1983741
uptown,P,word2vec_recipe_20_HOM,0.13597848,0.14062613,0.16036417,0.17345056,0.17003925,0.18678613
eerie,M,word2vec_recipe_20_HOM,0.19159093,0.17852646,0.23456721,0.19804575,0.24732636,0.20687403
canoe,P,word2vec_recipe_20_HOM,0.31363657,0.37058213,0.3746896,0.39556226,0.39586133,0.40096146
boost,P,word2vec_recipe_20_HOM,0.27947462,0.24754067,0.32892427,0.30258211,0.34700194,0.30689108
soap,P,word2vec_recipe_20_HOM,0.28053072,0.28820738,0.3545039,0.34474608,0.38526985,0.36211476
choke,P,word2vec_recipe_20_HOM,0.25011754,0.2620896,0.3697331,0.38615674,0.4137381,0.4104839
apron,P,word2vec_recipe_20_HOM,0.25022548,0.25184944,0.29859608,0.3114514,0.31913966,0.3282089
homey,M,word2vec_recipe_20_HOM,0.22384492,0.2299333,0.2575838,0.25440368,0.27165654,0.26376155
liquor,P,word2vec_recipe_20_HOM,0.33898395,0.32656863,0.397913,0.3603533,0.4224796,0.3805959
discipline,P,word2vec_recipe_20_HOM,0.19148919,0.19949028,0.226695,0.20196965,0.23937139,0.20413452
dominant,P,word2vec_recipe_20_HOM,0.30635926,0.31747475,0.36814195,0.36367306,0.3917936,0.38266626
heavenly,P,word2vec_recipe_20_HOM,0.27214524,0.24572296,0.32446343,0.25238827,0.34429199,0.26659736
charger,P,word2vec_recipe_20_HOM,0.26056343,0.27279827,0.37395504,0.35368344,0.40899917,0.38670948
canteen,P,word2vec_recipe_20_HOM,0.13556775,0.15998383,0.15939897,0.19707951,0.1694335,0.21010835
switch,P,word2vec_recipe_20_HOM,0.39687455,0.45690873,0.45748985,0.4902073,0.47954613,0.47860947
driveway,M,word2vec_recipe_20_HOM,0.15204532,0.15875968,0.17895462,0.17765468,0.18899906,0.18530041
trivial,M,word2vec_recipe_20_HOM,0.08727567,0.093126364,0.104165934,0.11901609,0.1124683,0.13253655
sad,P,word2vec_recipe_20_HOM,0.26351184,0.24432774,0.3095723,0.26645762,0.3267359,0.27040395
smelly,M,word2vec_recipe_20_HOM,0.15983248,0.15528193,0.18680257,0.19323531,0.19854593,0.19906846
dislike,P,word2vec_recipe_20_HOM,0.19616854,0.20224693,0.22508757,0.18771882,0.23699467,0.19663192
ridiculous,M,word2vec_recipe_20_HOM,0.15926908,0.16414131,0.19180545,0.180381,0.20557745,0.18835695
dubious,P,word2vec_recipe_20_HOM,0.08956448,0.104976825,0.108467296,0.1252926,0.11841562,0.14066343
spotless,P,word2vec_recipe_20_HOM,0.19190973,0.18134002,0.22149582,0.20954524,0.23381841,0.22009167
bikini,M,word2vec_recipe_20_HOM,0.2294583,0.21140563,0.26443556,0.24506028,0.27855623,0.26109692
viable,P,word2vec_recipe_20_HOM,0.11679387,0.1210182,0.13970342,0.1465802,0.15091231,0.16330363
triangle,P,word2vec_recipe_20_HOM,0.2437222,0.29243344,0.30488148,0.33917862,0.33079803,0.34957716
scorpion,P,word2vec_recipe_20_HOM,0.23205996,0.21981329,0.27036777,0.26202822,0.28631485,0.27324864
catalog,P,word2vec_recipe_20_HOM,0.13426399,0.14713699,0.15986915,0.17874318,0.16928917,0.18661779
chef,M,word2vec_recipe_20_HOM,0.24762602,0.2783628,0.28991544,0.25907946,0.304912,0.2508041
pout,H,word2vec_recipe_20_HOM,0.35382178,0.36174104,0.41347083,0.3518672,0.43432668,0.3567587
symbolic,P,word2vec_recipe_20_HOM,0.12025519,0.115907356,0.14189875,0.13335001,0.1506703,0.14483167
celebrity,P,word2vec_recipe_20_HOM,0.13943577,0.14096846,0.15810151,0.16645338,0.16733584,0.17557311
agree,P,word2vec_recipe_20_HOM,0.12695172,0.11116705,0.14704873,0.132995,0.15735258,0.14512746
cry,P,word2vec_recipe_20_HOM,0.24948132,0.20141059,0.29001096,0.21829976,0.30481482,0.22971928
expensive,P,word2vec_recipe_20_HOM,0.23834097,0.28498858,0.29470584,0.29605508,0.31313252,0.2953839
pamphlet,M,word2vec_recipe_20_HOM,0.14196917,0.13963729,0.16780767,0.16077186,0.17815557,0.17742482
renegade,P,word2vec_recipe_20_HOM,0.14235112,0.14728762,0.16109744,0.16890106,0.17080055,0.17702596
bop,H,word2vec_recipe_20_HOM,0.15084696,0.15484816,0.17497472,0.18458316,0.18527594,0.19762184
stray,P,word2vec_recipe_20_HOM,0.28482977,0.3100109,0.36270374,0.35159647,0.39592713,0.39283046
concept,P,word2vec_recipe_20_HOM,0.15077926,0.1452395,0.1763659,0.16171804,0.1874117,0.17762078
absorb,P,word2vec_recipe_20_HOM,0.36845392,0.44812733,0.45880458,0.47019643,0.48646918,0.4430246
laughter,P,word2vec_recipe_20_HOM,0.2494851,0.28157365,0.3689487,0.34999746,0.42029655,0.36075106
referee,P,word2vec_recipe_20_HOM,0.16710208,0.1857558,0.20239359,0.23707423,0.22243676,0.2653045
available,P,word2vec_recipe_20_HOM,0.21548995,0.24458566,0.302028,0.28995365,0.3448926,0.31305948
upside,P,word2vec_recipe_20_HOM,0.38946965,0.44982398,0.4739637,0.44435263,0.50014716,0.46813232
load,P,word2vec_recipe_20_HOM,0.3660876,0.3135168,0.4156109,0.3604672,0.43195304,0.36290127
factory,M,word2vec_recipe_20_HOM,0.28038865,0.26996434,0.32205427,0.29577088,0.33648527,0.30557352
moonlight,P,word2vec_recipe_20_HOM,0.20381418,0.17951031,0.23217657,0.20133449,0.24297318,0.21400097
lighten,H,word2vec_recipe_20_HOM,0.40015692,0.39047822,0.457412,0.4205269,0.4861874,0.44040996
rebuild,P,word2vec_recipe_20_HOM,0.21669087,0.21597475,0.24648845,0.22472869,0.25863612,0.22815898
moron,P,word2vec_recipe_20_HOM,0.13760567,0.16524914,0.1578494,0.18609433,0.16735905,0.19869709
trashy,M,word2vec_recipe_20_HOM,0.14672288,0.12828845,0.17318274,0.15180136,0.18367957,0.17082939
forehead,P,word2vec_recipe_20_HOM,0.14124987,0.17677933,0.18014322,0.22966968,0.19979733,0.26128906
overalls,P,word2vec_recipe_20_HOM,0.13832264,0.1754175,0.1679592,0.21648788,0.18060772,0.23560588
extraction,P,word2vec_recipe_20_HOM,0.3067713,0.2760251,0.34392157,0.30104113,0.35861847,0.31781456
alcohol,P,word2vec_recipe_20_HOM,0.32226822,0.37653485,0.38689944,0.44214624,0.41277778,0.44711915
completion,P,word2vec_recipe_20_HOM,0.3532465,0.3480639,0.40741605,0.38285998,0.42804134,0.37760478
remake,P,word2vec_recipe_20_HOM,0.30656838,0.2369807,0.34022763,0.2648942,0.35217896,0.2731702
server,P,word2vec_recipe_20_HOM,0.34986728,0.37716258,0.4423629,0.4415908,0.47614396,0.44453013
bulb,P,word2vec_recipe_20_HOM,0.32000703,0.33591598,0.39849502,0.38137475,0.4281755,0.40325582
passport,P,word2vec_recipe_20_HOM,0.11023422,0.12319598,0.13166855,0.15637535,0.14056301,0.16893299
maroon,H,word2vec_recipe_20_HOM,0.2549911,0.29618096,0.3060653,0.33301714,0.3276335,0.34672824
shaky,P,word2vec_recipe_20_HOM,0.21941277,0.2320554,0.33096173,0.3234336,0.36873427,0.32597354
jumper,H,word2vec_recipe_20_HOM,0.14582607,0.14703426,0.16741943,0.16797625,0.17636038,0.17945987
expert,P,word2vec_recipe_20_HOM,0.2165608,0.19566841,0.24482664,0.20018904,0.25692117,0.21457613
disease,P,word2vec_recipe_20_HOM,0.1503877,0.14105132,0.19662626,0.18401298,0.21556717,0.19778833
motivation,P,word2vec_recipe_20_HOM,0.09629743,0.10432498,0.11224925,0.12811886,0.12016844,0.13996637
wise,H,word2vec_recipe_20_HOM,0.23295334,0.23598008,0.342401,0.31862032,0.37990898,0.3496779
historical,P,word2vec_recipe_20_HOM,0.103115514,0.112309076,0.12435887,0.14512584,0.13572598,0.16315848
parallel,P,word2vec_recipe_20_HOM,0.27079457,0.292773,0.34039527,0.34705302,0.36478034,0.35938144
drown,P,word2vec_recipe_20_HOM,0.31114006,0.29751045,0.36861476,0.27271473,0.38731652,0.27027577
foolproof,P,word2vec_recipe_20_HOM,0.30667502,0.29604366,0.36523652,0.33074534,0.38476768,0.3253219
clover,P,word2vec_recipe_20_HOM,0.34802732,0.3653199,0.41904616,0.4543142,0.44409952,0.45856127
committee,M,word2vec_recipe_20_HOM,0.11720848,0.13123633,0.13340329,0.1577052,0.14153779,0.16819632
crap,M,word2vec_recipe_20_HOM,0.2689359,0.26323214,0.31778106,0.23093027,0.33329475,0.2214253
raccoon,P,word2vec_recipe_20_HOM,0.28790912,0.32717404,0.34411255,0.345539,0.36401546,0.34648374
pearly,P,word2vec_recipe_20_HOM,0.2783009,0.2666994,0.32406124,0.31747627,0.34255642,0.33751813
pointer,P,word2vec_recipe_20_HOM,0.19467418,0.2727346,0.26509076,0.32422867,0.2901934,0.33902526
cab,H,word2vec_recipe_20_HOM,0.17108348,0.17815685,0.20876831,0.22904196,0.22797191,0.2635967
swipe,P,word2vec_recipe_20_HOM,0.37901476,0.43780404,0.42891705,0.42622232,0.44824263,0.4209925
analogy,P,word2vec_recipe_20_HOM,0.08708181,0.093768224,0.104459345,0.11472251,0.11432337,0.13052067
shame,P,word2vec_recipe_20_HOM,0.15491144,0.1315006,0.18026236,0.15709177,0.1911217,0.16486166
list,H,word2vec_recipe_20_HOM,0.29737255,0.27605054,0.3589006,0.2914271,0.37924674,0.2906004
curve,P,word2vec_recipe_20_HOM,0.31232733,0.34585562,0.38721943,0.37270766,0.41363594,0.3836259
twirl,P,word2vec_recipe_20_HOM,0.37804455,0.45793352,0.43907863,0.45806298,0.46423554,0.48160216
frantic,P,word2vec_recipe_20_HOM,0.12773924,0.11886044,0.14684473,0.13327739,0.155577,0.14390695
slice,P,word2vec_recipe_20_HOM,0.3057545,0.32556686,0.37156144,0.35401446,0.39805013,0.3640415
function,P,word2vec_recipe_20_HOM,0.3303651,0.36059242,0.4182223,0.43255186,0.45578068,0.4655757
spin,P,word2vec_recipe_20_HOM,0.42730647,0.46320695,0.4978628,0.5101059,0.5236705,0.51080835
graceful,M,word2vec_recipe_20_HOM,0.11942066,0.12219783,0.1422578,0.15491125,0.15251045,0.1704158
drought,P,word2vec_recipe_20_HOM,0.20869203,0.19335571,0.23587997,0.22868736,0.24655426,0.23471195
downtown,P,word2vec_recipe_20_HOM,0.12897041,0.1381391,0.15601273,0.15824544,0.16730396,0.17297798
expression,P,word2vec_recipe_20_HOM,0.15213607,0.17776996,0.17947961,0.22242817,0.19340222,0.23054346
sheet,H,word2vec_recipe_20_HOM,0.25404337,0.25950783,0.32900575,0.292802,0.36629075,0.31079096
icy,P,word2vec_recipe_20_HOM,0.3513511,0.38984138,0.43074486,0.4365399,0.4603026,0.45727172
surgery,P,word2vec_recipe_20_HOM,0.13547349,0.135292,0.16164358,0.16142249,0.17399694,0.17361897
risk,P,word2vec_recipe_20_HOM,0.3563554,0.3744236,0.44782192,0.3563561,0.47197857,0.34990487
shallow,P,word2vec_recipe_20_HOM,0.35869718,0.3806697,0.4225651,0.44782636,0.45048773,0.483075
bandage,P,word2vec_recipe_20_HOM,0.1586395,0.1893872,0.1889791,0.22721694,0.2044181,0.25302306
mast,H,word2vec_recipe_20_HOM,0.2904559,0.30765414,0.33106786,0.33904126,0.3464444,0.3582659
crest,P,word2vec_recipe_20_HOM,0.24531217,0.23158135,0.27761722,0.24369444,0.29114175,0.25606263
decline,P,word2vec_recipe_20_HOM,0.08503012,0.10826074,0.10360156,0.13784969,0.1122071,0.14710596
peck,H,word2vec_recipe_20_HOM,0.27829477,0.33397064,0.32657695,0.3300041,0.3425005,0.3343358
legacy,P,word2vec_recipe_20_HOM,0.14153163,0.14372791,0.16043633,0.16626917,0.16928224,0.17746492
carton,P,word2vec_recipe_20_HOM,0.37375882,0.4001357,0.44727492,0.45640546,0.47293517,0.4604917
achieve,P,word2vec_recipe_20_HOM,0.31141528,0.30404323,0.40628776,0.35793924,0.44419372,0.3792017
gem,P,word2vec_recipe_20_HOM,0.4174327,0.3702414,0.4696846,0.41254267,0.4882921,0.4129981
habit,P,word2vec_recipe_20_HOM,0.14112099,0.11929771,0.16209427,0.1365863,0.17149235,0.14881448
speedy,M,word2vec_recipe_20_HOM,0.21545355,0.15921335,0.25633526,0.19389792,0.27689043,0.21052594
ponder,P,word2vec_recipe_20_HOM,0.15240034,0.1254786,0.17284441,0.13833272,0.18227413,0.15045315
germ,P,word2vec_recipe_20_HOM,0.28182364,0.35275406,0.37626874,0.45718682,0.4124666,0.47294092
favor,P,word2vec_recipe_20_HOM,0.23639145,0.16740048,0.26370165,0.17657016,0.27334967,0.18549067
swim,P,word2vec_recipe_20_HOM,0.30782634,0.26098415,0.34616324,0.25714114,0.35990044,0.26617026
weed,H,word2vec_recipe_20_HOM,0.3010499,0.33974048,0.37472695,0.37407896,0.40286496,0.37707826
mobile,P,word2vec_recipe_20_HOM,0.16906813,0.15431498,0.19413139,0.1784753,0.20406997,0.18688494
rudder,P,word2vec_recipe_20_HOM,0.15211955,0.16671437,0.17993797,0.19979984,0.19078629,0.20384963
membership,P,word2vec_recipe_20_HOM,0.07317737,0.09031105,0.089747794,0.122432455,0.09781265,0.13559422
masquerade,P,word2vec_recipe_20_HOM,0.1375103,0.14879186,0.15802339,0.16798078,0.16690259,0.17669639
runaway,P,word2vec_recipe_20_HOM,0.16600691,0.17784192,0.19099393,0.18755096,0.20102015,0.19607162
ceramic,P,word2vec_recipe_20_HOM,0.31819385,0.39795578,0.39725658,0.45709425,0.4315571,0.4767736
tragedy,P,word2vec_recipe_20_HOM,0.10965624,0.10883332,0.13026099,0.13507026,0.13990623,0.14869212
commentary,P,word2vec_recipe_20_HOM,0.14152095,0.15202266,0.1771453,0.19162433,0.19329417,0.20046736
argument,P,word2vec_recipe_20_HOM,0.12335344,0.12328308,0.14396301,0.1353442,0.15287577,0.14989908
stable,H,word2vec_recipe_20_HOM,0.34499723,0.2752168,0.384817,0.28487465,0.3989691,0.2949985
suction,P,word2vec_recipe_20_HOM,0.2578993,0.24503887,0.2939846,0.2888796,0.3097945,0.2931012
dense,P,word2vec_recipe_20_HOM,0.3011092,0.3399921,0.34891888,0.35904,0.36976442,0.35964283
fund,P,word2vec_recipe_20_HOM,0.14090909,0.1442632,0.16311593,0.15778315,0.17301743,0.17098394
wholesome,P,word2vec_recipe_20_HOM,0.23824613,0.27913943,0.29589498,0.33879402,0.31775638,0.3614295
summon,P,word2vec_recipe_20_HOM,0.11105599,0.11169144,0.12875602,0.13438673,0.13676664,0.14723706
modern,P,word2vec_recipe_20_HOM,0.24307308,0.2390235,0.27454305,0.240341,0.2866295,0.247751
tempo,P,word2vec_recipe_20_HOM,0.18526909,0.17371763,0.20915419,0.19324027,0.21844395,0.20330544
crusty,P,word2vec_recipe_20_HOM,0.37423074,0.39289498,0.4488292,0.47214863,0.4773167,0.4951903
patience,P,word2vec_recipe_20_HOM,0.28102535,0.26791605,0.3425785,0.2961972,0.36395806,0.27493474
brood,P,word2vec_recipe_20_HOM,0.19529541,0.18482795,0.22535424,0.21773289,0.23722844,0.23270513
vanilla,P,word2vec_recipe_20_HOM,0.28082365,0.30631393,0.35172194,0.32479325,0.37968338,0.35633937
scare,P,word2vec_recipe_20_HOM,0.16424897,0.12873307,0.19140123,0.14802058,0.20317087,0.15914252
airline,P,word2vec_recipe_20_HOM,0.17150028,0.18823637,0.20394772,0.21802805,0.21636868,0.22911826
neck,P,word2vec_recipe_20_HOM,0.25972113,0.32411686,0.34721404,0.38855743,0.3831617,0.41862744
rob,P,word2vec_recipe_20_HOM,0.16788,0.19339493,0.19673847,0.22133777,0.21053535,0.23342277
vine,P,word2vec_recipe_20_HOM,0.3605475,0.42646363,0.41568193,0.42881426,0.43551755,0.4410854
toxic,P,word2vec_recipe_20_HOM,0.17896481,0.19374883,0.21074846,0.20655395,0.22531849,0.21971202
imagine,P,word2vec_recipe_20_HOM,0.23920889,0.17662308,0.26522607,0.1794295,0.2758787,0.18713664
display,P,word2vec_recipe_20_HOM,0.33803838,0.3106139,0.3790766,0.31222618,0.3968901,0.33452472
discourage,P,word2vec_recipe_20_HOM,0.28656727,0.31175235,0.34848472,0.35439196,0.37269348,0.35850492
member,P,word2vec_recipe_20_HOM,0.2619234,0.21222305,0.30005252,0.23165508,0.3151124,0.23708464
artery,P,word2vec_recipe_20_HOM,0.11205188,0.114213906,0.1309004,0.13716318,0.13907458,0.15228792
trusty,P,word2vec_recipe_20_HOM,0.28203225,0.32997987,0.34906456,0.36680585,0.37260965,0.36210167
smear,P,word2vec_recipe_20_HOM,0.3765318,0.46639192,0.4753932,0.44208023,0.5021685,0.45907247
acre,P,word2vec_recipe_20_HOM,0.22154355,0.20095906,0.24945216,0.22109133,0.26010972,0.22553852
wedge,P,word2vec_recipe_20_HOM,0.34538835,0.40308282,0.4158325,0.44564107,0.44099784,0.46077213
sticker,P,word2vec_recipe_20_HOM,0.31627077,0.37317207,0.3869849,0.43366846,0.41225898,0.43273377
rig,P,word2vec_recipe_20_HOM,0.2716978,0.25687647,0.3112029,0.2709371,0.32497936,0.2761661
occupy,P,word2vec_recipe_20_HOM,0.116120696,0.12937218,0.13891508,0.14752392,0.14921607,0.1595236
joint,P,word2vec_recipe_20_HOM,0.2367998,0.27354768,0.32980937,0.3575224,0.37511212,0.39235684
teach,P,word2vec_recipe_20_HOM,0.10824261,0.09847794,0.1329557,0.13186939,0.14518954,0.14761274
warm,P,word2vec_recipe_20_HOM,0.392341,0.42788583,0.4708439,0.4151564,0.49472374,0.41770512
decadent,P,word2vec_recipe_20_HOM,0.24902406,0.3014373,0.31810945,0.36129665,0.35029942,0.37362173
pond,M,word2vec_recipe_20_HOM,0.31043813,0.2840347,0.34956405,0.306058,0.36737433,0.32803512
wars,P,word2vec_recipe_20_HOM,0.19839917,0.19853607,0.22811154,0.21778347,0.23952757,0.22966038
skate,H,word2vec_recipe_20_HOM,0.29873192,0.28687215,0.36772397,0.41105792,0.4034736,0.4433498
pluck,P,word2vec_recipe_20_HOM,0.3463406,0.2945143,0.4031574,0.37301466,0.42710182,0.4006305
stroke,P,word2vec_recipe_20_HOM,0.31325603,0.3255907,0.36615014,0.3387769,0.38688126,0.35443887
booth,P,word2vec_recipe_20_HOM,0.23013124,0.2055747,0.25754166,0.23500612,0.26966855,0.25234398
offend,P,word2vec_recipe_20_HOM,0.09493369,0.10304865,0.11370891,0.12586081,0.12299084,0.1376197
vacuum,P,word2vec_recipe_20_HOM,0.2932428,0.28886127,0.3570817,0.36607957,0.38077244,0.3921967
hostess,P,word2vec_recipe_20_HOM,0.26551872,0.2666505,0.30075544,0.2960856,0.31596398,0.30618232
fussy,P,word2vec_recipe_20_HOM,0.18827789,0.16614346,0.21722902,0.16528054,0.23086052,0.17614783
pest,P,word2vec_recipe_20_HOM,0.26666436,0.28974292,0.30808732,0.32298717,0.322835,0.33312973
juggle,P,word2vec_recipe_20_HOM,0.17967841,0.14334776,0.20625682,0.17584218,0.21673416,0.18503952
convention,P,word2vec_recipe_20_HOM,0.22154906,0.24508633,0.2856671,0.34100026,0.3073611,0.36667335
doom,P,word2vec_recipe_20_HOM,0.17001662,0.16375916,0.19642638,0.17870685,0.20663172,0.18567091
hump,P,word2vec_recipe_20_HOM,0.24399817,0.21591008,0.27661198,0.26339635,0.2904338,0.27566147
onion,P,word2vec_recipe_20_HOM,0.2765805,0.28242743,0.35033774,0.30297872,0.3760749,0.32864076
source,P,word2vec_recipe_20_HOM,0.41375875,0.4715203,0.47284386,0.4881601,0.49365112,0.46302426
stead,M,word2vec_recipe_20_HOM,0.3845727,0.38994804,0.43127796,0.40036824,0.44665727,0.39506122
fake,P,word2vec_recipe_20_HOM,0.31578857,0.30258593,0.35447302,0.3386944,0.36734885,0.33152962
journey,P,word2vec_recipe_20_HOM,0.13764305,0.11213157,0.1588952,0.13679838,0.16964565,0.1488493
develop,P,word2vec_recipe_20_HOM,0.32783315,0.37638557,0.4067682,0.42322382,0.43424064,0.42294297
snitch,M,word2vec_recipe_20_HOM,0.10705757,0.10842663,0.12550294,0.13184842,0.1342249,0.14182347
profile,P,word2vec_recipe_20_HOM,0.242623,0.23028353,0.28109264,0.2565856,0.29555807,0.2559667
zap,P,word2vec_recipe_20_HOM,0.2867265,0.2887493,0.388616,0.41365844,0.44491234,0.48526844
ugly,P,word2vec_recipe_20_HOM,0.32325277,0.3411609,0.37600708,0.34707567,0.39467117,0.3545572
intact,M,word2vec_recipe_20_HOM,0.3317396,0.3540596,0.39790043,0.37173897,0.42196837,0.39687628
laugh,P,word2vec_recipe_20_HOM,0.19748412,0.18190674,0.22805999,0.17392102,0.24089189,0.18332091
boat,P,word2vec_recipe_20_HOM,0.4271316,0.52658993,0.50155354,0.48952836,0.5228004,0.48298046
consult,P,word2vec_recipe_20_HOM,0.20831557,0.25420666,0.26709506,0.2980473,0.29112157,0.31644815
equivalent,P,word2vec_recipe_20_HOM,0.36767286,0.41007286,0.42313522,0.44996637,0.44355288,0.47466505
upstanding,P,word2vec_recipe_20_HOM,0.2645555,0.30250272,0.3246711,0.33483267,0.34808013,0.34760597
century,P,word2vec_recipe_20_HOM,0.2775341,0.22444642,0.3235049,0.23880713,0.3399267,0.23598322
scum,P,word2vec_recipe_20_HOM,0.30712312,0.3469409,0.41281685,0.40119287,0.44508475,0.41300815
neurotic,P,word2vec_recipe_20_HOM,0.09626059,0.10689997,0.11638082,0.1272428,0.1262713,0.14094236
dealer,P,word2vec_recipe_20_HOM,0.1479615,0.17009754,0.17113842,0.1825443,0.18187061,0.18868269
chain,P,word2vec_recipe_20_HOM,0.23556547,0.17224273,0.2675069,0.20417197,0.2793183,0.21697822
classy,M,word2vec_recipe_20_HOM,0.2677152,0.22576107,0.2976813,0.24033129,0.30858555,0.24131037
poisonous,P,word2vec_recipe_20_HOM,0.14631155,0.13836057,0.1710067,0.15336058,0.18136564,0.16570306
sweep,P,word2vec_recipe_20_HOM,0.34329906,0.3332647,0.39725083,0.4031123,0.41871932,0.40461224
brazen,P,word2vec_recipe_20_HOM,0.16440275,0.19120686,0.19221707,0.22324316,0.20436066,0.23760557
relish,P,word2vec_recipe_20_HOM,0.30669093,0.39155117,0.3897363,0.3921011,0.4170084,0.39504474
revenge,P,word2vec_recipe_20_HOM,0.13811165,0.16065441,0.16192514,0.1767159,0.17237875,0.19348943
airspace,P,word2vec_recipe_20_HOM,0.255232,0.2887782,0.30298504,0.3220399,0.3223382,0.34027785
upcoming,M,word2vec_recipe_20_HOM,0.14301075,0.12799296,0.16643001,0.14921857,0.17755544,0.16290759
arch,H,word2vec_recipe_20_HOM,0.17886117,0.19340953,0.21537894,0.23894492,0.2316703,0.25889683
visualize,P,word2vec_recipe_20_HOM,0.14187682,0.13370857,0.16402987,0.14424942,0.17324153,0.15335588
crispy,P,word2vec_recipe_20_HOM,0.33698314,0.4625877,0.44084355,0.49042627,0.47125855,0.5048697
useless,P,word2vec_recipe_20_HOM,0.16610083,0.1318133,0.18937197,0.15561818,0.20025437,0.16716798
nut,P,word2vec_recipe_20_HOM,0.29056162,0.33588165,0.35780594,0.3546937,0.38137874,0.34056166
fasten,P,word2vec_recipe_20_HOM,0.2830731,0.34467325,0.3898462,0.41716674,0.42752334,0.4319838
spatula,M,word2vec_recipe_20_HOM,0.27168086,0.34276047,0.3965205,0.42886993,0.4442795,0.4596144
shuttle,P,word2vec_recipe_20_HOM,0.18248118,0.17411019,0.20880005,0.1992912,0.21935578,0.20798063
nitrogen,P,word2vec_recipe_20_HOM,0.2736977,0.29324713,0.33071885,0.3484537,0.353979,0.37146473
sofa,M,word2vec_recipe_20_HOM,0.2513385,0.23025683,0.28329423,0.24360622,0.29607373,0.2494064
prairie,M,word2vec_recipe_20_HOM,0.18351173,0.17128746,0.21246435,0.19322579,0.22577877,0.20254292
afford,P,word2vec_recipe_20_HOM,0.18490449,0.14492306,0.21091837,0.15351623,0.22255524,0.15925303
shank,P,word2vec_recipe_20_HOM,0.2725032,0.3592907,0.3633382,0.44218066,0.39765465,0.44671586
closet,P,word2vec_recipe_20_HOM,0.23592229,0.26028416,0.27982807,0.27866673,0.2954862,0.28808966
butler,M,word2vec_recipe_20_HOM,0.1743491,0.19950823,0.21574976,0.2403874,0.2332227,0.2697392
cop,H,word2vec_recipe_20_HOM,0.2806353,0.26611465,0.3186749,0.30940932,0.33249724,0.32730788
thud,P,word2vec_recipe_20_HOM,0.18940723,0.21923992,0.22516811,0.23199555,0.24009547,0.2453021
asset,P,word2vec_recipe_20_HOM,0.19119544,0.20810166,0.22330551,0.22729799,0.2358673,0.23013406
penetrate,P,word2vec_recipe_20_HOM,0.36642137,0.4330571,0.44447014,0.47237846,0.47033623,0.4567672
volcanic,P,word2vec_recipe_20_HOM,0.23157537,0.18560517,0.26343042,0.2286167,0.2755289,0.23461965
gravy,P,word2vec_recipe_20_HOM,0.353486,0.44105718,0.43923318,0.47328192,0.4694637,0.47473812
casino,P,word2vec_recipe_20_HOM,0.24863653,0.22235328,0.31109992,0.28121164,0.33520776,0.30140975
floppy,P,word2vec_recipe_20_HOM,0.26905426,0.2998719,0.3318618,0.31626776,0.35707512,0.3408308
dare,P,word2vec_recipe_20_HOM,0.27189088,0.26637706,0.32064304,0.26359767,0.34053016,0.25779217
mix,P,word2vec_recipe_20_HOM,0.33097443,0.3917427,0.39601314,0.41005176,0.4181456,0.40589884
dynamite,P,word2vec_recipe_20_HOM,0.20191133,0.22214374,0.22976467,0.22921337,0.24172668,0.24024202
pizza,M,word2vec_recipe_20_HOM,0.31242797,0.3387108,0.40288097,0.41601908,0.43995267,0.43770978
arrogant,P,word2vec_recipe_20_HOM,0.16715021,0.19725727,0.19795729,0.21651965,0.21146068,0.22831748
canopy,P,word2vec_recipe_20_HOM,0.15667984,0.17889377,0.18789504,0.22499524,0.20035844,0.24447486
crater,P,word2vec_recipe_20_HOM,0.35194522,0.38891792,0.44306043,0.50209177,0.47346404,0.50103146
thermos,P,word2vec_recipe_20_HOM,0.31599346,0.32698852,0.38333675,0.4183855,0.41196522,0.43826652
palace,P,word2vec_recipe_20_HOM,0.1818407,0.1829747,0.21206598,0.19998169,0.22482769,0.20723064
nuclear,P,word2vec_recipe_20_HOM,0.16136368,0.1636979,0.18446025,0.19212054,0.19530119,0.20635405
page,H,word2vec_recipe_20_HOM,0.31092075,0.1854107,0.37852216,0.22614348,0.4097351,0.25814322
wilt,P,word2vec_recipe_20_HOM,0.32781285,0.41198182,0.4156034,0.4397855,0.44202387,0.43519536
writer,P,word2vec_recipe_20_HOM,0.14515334,0.14078748,0.17500553,0.16361834,0.18783522,0.1785279
souvenir,M,word2vec_recipe_20_HOM,0.119914606,0.13055922,0.13987216,0.15519817,0.14795479,0.16967945
unhealthy,P,word2vec_recipe_20_HOM,0.12258241,0.12059929,0.14392518,0.14154615,0.15359278,0.14998445
tart,H,word2vec_recipe_20_HOM,0.26274845,0.363103,0.38968644,0.4992877,0.433292,0.5160656
overtime,P,word2vec_recipe_20_HOM,0.1339635,0.1642601,0.15825072,0.19748153,0.16798565,0.21190126
sire,P,word2vec_recipe_20_HOM,0.2298512,0.24411045,0.26953483,0.2769242,0.28520274,0.29951322
summer,P,word2vec_recipe_20_HOM,0.2684813,0.31458893,0.34466633,0.35760334,0.36648482,0.36258063
coleslaw,M,word2vec_recipe_20_HOM,0.29058927,0.38664472,0.3858231,0.42287266,0.41663632,0.40502492
mortar,H,word2vec_recipe_20_HOM,0.23901257,0.26989505,0.36724174,0.3996382,0.4104185,0.41926607
insomnia,M,word2vec_recipe_20_HOM,0.14623913,0.18278092,0.17804185,0.20272774,0.1916074,0.22005911
spend,P,word2vec_recipe_20_HOM,0.29408565,0.26571488,0.33166897,0.21657856,0.34421912,0.21274468
concession,P,word2vec_recipe_20_HOM,0.1278017,0.122375555,0.14715154,0.13866062,0.15605812,0.14707267
screw,P,word2vec_recipe_20_HOM,0.3010439,0.34339827,0.41630498,0.4128967,0.46615523,0.4640201
guru,P,word2vec_recipe_20_HOM,0.13053386,0.13028488,0.14792888,0.16696587,0.15709603,0.17979302
recital,P,word2vec_recipe_20_HOM,0.14244482,0.14965644,0.16351886,0.17316249,0.17345215,0.18964262
sentence,P,word2vec_recipe_20_HOM,0.102302715,0.10089584,0.12277371,0.124450706,0.13300726,0.1363224
blossom,P,word2vec_recipe_20_HOM,0.37581748,0.41841683,0.44027632,0.45680973,0.4633942,0.4665011
amount,P,word2vec_recipe_20_HOM,0.38758883,0.48585877,0.48249447,0.4540735,0.5086887,0.44618842
comment,P,word2vec_recipe_20_HOM,0.23889706,0.20047706,0.27084446,0.20362537,0.28270042,0.21004626
await,P,word2vec_recipe_20_HOM,0.23615678,0.16533493,0.27311817,0.19598469,0.2879034,0.20320685
stuffy,P,word2vec_recipe_20_HOM,0.16134371,0.18342671,0.18363819,0.2235049,0.19353776,0.2341003
dime,M,word2vec_recipe_20_HOM,0.28163168,0.27647644,0.3757892,0.3869759,0.4094702,0.400179
impressive,M,word2vec_recipe_20_HOM,0.23117235,0.27007937,0.29278457,0.32572767,0.31575862,0.32823065
settle,H,word2vec_recipe_20_HOM,0.35673648,0.45816433,0.4276915,0.43501464,0.45143715,0.42443746
decoration,P,word2vec_recipe_20_HOM,0.3178181,0.32076293,0.38150054,0.38007942,0.4042954,0.38268873
digestion,P,word2vec_recipe_20_HOM,0.19030233,0.18782072,0.23432617,0.20655632,0.25413284,0.22082275
relaxation,P,word2vec_recipe_20_HOM,0.15160635,0.13737302,0.1751168,0.15376873,0.18540885,0.17325285
budget,P,word2vec_recipe_20_HOM,0.26119077,0.24319172,0.29594713,0.2636202,0.30965218,0.27685514
sloppy,P,word2vec_recipe_20_HOM,0.30401343,0.35097665,0.37528232,0.31783032,0.39953077,0.31600776
grain,P,word2vec_recipe_20_HOM,0.40770683,0.43026477,0.49263588,0.48101425,0.5191594,0.50147665
disconnect,P,word2vec_recipe_20_HOM,0.1715813,0.18562001,0.21445018,0.24487409,0.23411493,0.26427433
bypass,P,word2vec_recipe_20_HOM,0.14395647,0.10995293,0.16901678,0.14198552,0.17933537,0.1519462
swear,P,word2vec_recipe_20_HOM,0.14043792,0.118290216,0.16179235,0.13673194,0.17328131,0.14960057
junk,H,word2vec_recipe_20_HOM,0.29346257,0.29687813,0.33170894,0.30069408,0.34676576,0.2992657
poster,M,word2vec_recipe_20_HOM,0.24258041,0.23950963,0.28580368,0.26869085,0.30473754,0.3005573
sickness,P,word2vec_recipe_20_HOM,0.13695863,0.1350633,0.16181113,0.1636777,0.17181906,0.17075008
exercise,P,word2vec_recipe_20_HOM,0.17895281,0.15162604,0.20393057,0.17528646,0.2147667,0.17424454
widow,P,word2vec_recipe_20_HOM,0.20354357,0.19467872,0.23601423,0.23192666,0.24787201,0.2414589
seafood,M,word2vec_recipe_20_HOM,0.2758704,0.35338193,0.34674627,0.39392486,0.37072167,0.38940072
breakfast,P,word2vec_recipe_20_HOM,0.3164013,0.31594113,0.37672845,0.37942436,0.39897698,0.3711914
snob,P,word2vec_recipe_20_HOM,0.122894704,0.1171846,0.14090228,0.14486125,0.14928328,0.1578854
capture,P,word2vec_recipe_20_HOM,0.31812984,0.38904312,0.38577038,0.38693395,0.41026595,0.38981745
assign,P,word2vec_recipe_20_HOM,0.14231662,0.13489695,0.16159727,0.14645773,0.17190407,0.15664169
horseshoe,P,word2vec_recipe_20_HOM,0.25846452,0.2509456,0.3112395,0.31206426,0.33237976,0.344826
calf,H,word2vec_recipe_20_HOM,0.24524006,0.25712243,0.29492164,0.26066312,0.31248018,0.26994506
hunk,P,word2vec_recipe_20_HOM,0.3963367,0.46673036,0.4638651,0.47132578,0.48515344,0.46276358
provide,P,word2vec_recipe_20_HOM,0.3056294,0.2904726,0.36181685,0.32141545,0.38314125,0.31609932
pill,P,word2vec_recipe_20_HOM,0.23893996,0.27025327,0.27466252,0.32806903,0.28971198,0.33973482
bottom,P,word2vec_recipe_20_HOM,0.36927015,0.344208,0.44752106,0.3504003,0.47295666,0.35950294
quadrant,P,word2vec_recipe_20_HOM,0.28542033,0.27055144,0.3463454,0.3138404,0.37063676,0.34360787
sod,P,word2vec_recipe_20_HOM,0.07780404,0.03709619,0.090846844,0.03716991,0.09847885,0.039174862
smell,P,word2vec_recipe_20_HOM,0.26157218,0.32135737,0.3592758,0.40275067,0.390662,0.3969791
sneeze,P,word2vec_recipe_20_HOM,0.11098613,0.1304199,0.12854666,0.15289672,0.13678503,0.16140278
tango,P,word2vec_recipe_20_HOM,0.1911553,0.19539542,0.23812082,0.26920545,0.25829768,0.29121548
burst,P,word2vec_recipe_20_HOM,0.39359125,0.47659776,0.48142096,0.5413323,0.5110891,0.5388726
literal,P,word2vec_recipe_20_HOM,0.18280387,0.17540607,0.20589136,0.19202629,0.21556175,0.19759256
dame,P,word2vec_recipe_20_HOM,0.13849625,0.15669917,0.1577422,0.1769689,0.1663078,0.18366838
fellow,P,word2vec_recipe_20_HOM,0.126147,0.11096219,0.1479588,0.14306591,0.15857783,0.15718025
gauze,P,word2vec_recipe_20_HOM,0.26275742,0.30215216,0.35192013,0.40166846,0.3902946,0.45340255
moisture,M,word2vec_recipe_20_HOM,0.34890267,0.37397516,0.42052978,0.40169457,0.44881278,0.39958596
shape,P,word2vec_recipe_20_HOM,0.33355993,0.39097157,0.4072898,0.38219464,0.44091973,0.39917818
pretzel,P,word2vec_recipe_20_HOM,0.34656537,0.37755382,0.41481605,0.43932167,0.43934458,0.44474405
brunette,P,word2vec_recipe_20_HOM,0.16939417,0.18620647,0.19877085,0.21606582,0.20924045,0.22596687
temper,P,word2vec_recipe_20_HOM,0.3695102,0.42195904,0.44995108,0.45013496,0.47773215,0.4508137
frown,P,word2vec_recipe_20_HOM,0.18345034,0.18670373,0.21258992,0.22760928,0.22559941,0.24415761
category,M,word2vec_recipe_20_HOM,0.23109984,0.2033932,0.2655719,0.19972631,0.27781957,0.20707864
bonus,P,word2vec_recipe_20_HOM,0.2843201,0.26247558,0.318437,0.2899042,0.33107018,0.30545068
harmful,M,word2vec_recipe_20_HOM,0.14431365,0.15035409,0.1762671,0.19274874,0.19003792,0.20311579
dab,H,word2vec_recipe_20_HOM,0.3651567,0.4586705,0.43502894,0.4484896,0.46005172,0.4376786
attend,P,word2vec_recipe_20_HOM,0.15943906,0.14252956,0.18836258,0.16052844,0.20034985,0.16777796
hatchet,P,word2vec_recipe_20_HOM,0.17108622,0.21255024,0.2105097,0.25934443,0.22861762,0.27921298
bedroom,M,word2vec_recipe_20_HOM,0.12461306,0.13288388,0.14419997,0.15044461,0.15311565,0.15899885
field,P,word2vec_recipe_20_HOM,0.4161268,0.42987,0.47626084,0.47025904,0.49599922,0.46193814
basin,P,word2vec_recipe_20_HOM,0.38224626,0.4563411,0.45308456,0.49801308,0.4789739,0.5208876
intense,P,word2vec_recipe_20_HOM,0.2333364,0.25632718,0.29895058,0.29295513,0.3268794,0.30800512
weirdo,M,word2vec_recipe_20_HOM,0.09336998,0.106923506,0.10966649,0.12666738,0.11830841,0.1392119
cloudy,P,word2vec_recipe_20_HOM,0.31326485,0.3177409,0.37400556,0.3487363,0.3983885,0.36582133
maple,P,word2vec_recipe_20_HOM,0.2897232,0.36034477,0.3797513,0.43182164,0.4154963,0.458256
distract,P,word2vec_recipe_20_HOM,0.10783397,0.111797504,0.12836342,0.13476275,0.13869175,0.15026367
nod,P,word2vec_recipe_20_HOM,0.15680115,0.121452086,0.18242432,0.15680476,0.19354329,0.16862898
horrible,P,word2vec_recipe_20_HOM,0.14858067,0.1372821,0.1735835,0.15854171,0.1847605,0.17205206
orchid,P,word2vec_recipe_20_HOM,0.2126528,0.23999515,0.27048454,0.28578693,0.2960847,0.30905458
fret,H,word2vec_recipe_20_HOM,0.24706805,0.22867878,0.29361227,0.23417495,0.30979714,0.22965805
liable,P,word2vec_recipe_20_HOM,0.13902187,0.12901536,0.16688877,0.15594383,0.17872529,0.16943529
overcoat,M,word2vec_recipe_20_HOM,0.17349711,0.18473613,0.20182148,0.18674135,0.2144028,0.19252428
cavity,M,word2vec_recipe_20_HOM,0.30897754,0.37932864,0.4110806,0.4462226,0.4475506,0.46296915
impression,P,word2vec_recipe_20_HOM,0.39924985,0.46710998,0.49496987,0.47202012,0.5210242,0.4734497
vent,P,word2vec_recipe_20_HOM,0.32550198,0.40499523,0.43241838,0.45576406,0.46620217,0.44704175
walnut,P,word2vec_recipe_20_HOM,0.35296902,0.38005826,0.41870564,0.36081642,0.44094017,0.36535332
tribute,P,word2vec_recipe_20_HOM,0.124676965,0.13494794,0.1491947,0.15519045,0.158579,0.16769272
wager,P,word2vec_recipe_20_HOM,0.08776905,0.09180113,0.10696426,0.11930757,0.1167814,0.1356682
inventory,P,word2vec_recipe_20_HOM,0.103529915,0.11140891,0.12266404,0.13573597,0.13112505,0.14512886
wiggle,P,word2vec_recipe_20_HOM,0.3405881,0.37423107,0.4086445,0.407082,0.43174338,0.40496498
aggressive,P,word2vec_recipe_20_HOM,0.23422459,0.23176223,0.27738494,0.25997013,0.29778972,0.2699718
bamboo,P,word2vec_recipe_20_HOM,0.33708245,0.40909445,0.43199104,0.47849214,0.46588004,0.4726746
clown,P,word2vec_recipe_20_HOM,0.15169258,0.18207753,0.19526623,0.24061584,0.21721858,0.2709886
hassle,P,word2vec_recipe_20_HOM,0.21382527,0.16386028,0.24180344,0.16433105,0.25326687,0.17329118
sauerkraut,M,word2vec_recipe_20_HOM,0.33257195,0.39226276,0.42555055,0.4061524,0.4551952,0.39647242
hydraulic,P,word2vec_recipe_20_HOM,0.26508424,0.3045342,0.31654263,0.340074,0.33419594,0.35363626
chocolate,P,word2vec_recipe_20_HOM,0.20047422,0.2875673,0.29634243,0.37508643,0.3382462,0.40061444
volume,P,word2vec_recipe_20_HOM,0.32767004,0.34449983,0.43788573,0.438417,0.4765064,0.4715374
plantation,P,word2vec_recipe_20_HOM,0.20720091,0.20660625,0.23629631,0.20118728,0.25029382,0.2082523
lamp,P,word2vec_recipe_20_HOM,0.3307343,0.31185132,0.3761392,0.3421172,0.39252046,0.35677493
shelter,P,word2vec_recipe_20_HOM,0.16304186,0.18159306,0.19531271,0.21151829,0.20710407,0.23008847
salary,M,word2vec_recipe_20_HOM,0.20228744,0.25767818,0.23379701,0.2870956,0.24835846,0.305738
vanish,P,word2vec_recipe_20_HOM,0.18343359,0.14577363,0.21207634,0.16578442,0.22368245,0.17534378
fanatic,P,word2vec_recipe_20_HOM,0.106798366,0.109965086,0.12680209,0.13365571,0.13633701,0.14685482
leech,P,word2vec_recipe_20_HOM,0.19582132,0.17616318,0.22515878,0.18610866,0.2366968,0.19320132
notebook,M,word2vec_recipe_20_HOM,0.20677325,0.21246514,0.24011162,0.24621417,0.25214547,0.26539496
driver,P,word2vec_recipe_20_HOM,0.23275992,0.2644503,0.27579808,0.31693017,0.29860497,0.3409561
sympathy,P,word2vec_recipe_20_HOM,0.26603317,0.28178516,0.41411912,0.3763712,0.47130296,0.4061305
priest,P,word2vec_recipe_20_HOM,0.13100049,0.14536685,0.15443435,0.16835654,0.16457163,0.18261608
reap,P,word2vec_recipe_20_HOM,0.12185023,0.10756418,0.14435437,0.13573955,0.15377957,0.1510478
communion,P,word2vec_recipe_20_HOM,0.19749303,0.19562942,0.24915016,0.24379487,0.2705214,0.25162506
ladder,P,word2vec_recipe_20_HOM,0.25263807,0.23906666,0.28752252,0.274225,0.3032304,0.30367604
defeat,P,word2vec_recipe_20_HOM,0.13586855,0.122174166,0.15553518,0.1367188,0.16397244,0.14397264
bitter,P,word2vec_recipe_20_HOM,0.31069535,0.31323877,0.36880127,0.32698715,0.39055833,0.3347187
maintain,P,word2vec_recipe_20_HOM,0.36441714,0.44851905,0.46621558,0.5115404,0.49767968,0.5008398
dainty,P,word2vec_recipe_20_HOM,0.33408743,0.33751273,0.38347995,0.37006253,0.40197313,0.38264388
fuzz,M,word2vec_recipe_20_HOM,0.27171463,0.2620824,0.331411,0.36918738,0.3588839,0.3909081
medium,P,word2vec_recipe_20_HOM,0.27537227,0.33986107,0.39881936,0.4033392,0.4419571,0.41588515
tact,M,word2vec_recipe_20_HOM,0.3170084,0.33357337,0.38246834,0.35338694,0.40551296,0.3870891
former,H,word2vec_recipe_20_HOM,0.2172896,0.15368502,0.24585415,0.17651314,0.25740954,0.18287238
doll,P,word2vec_recipe_20_HOM,0.21231063,0.20476493,0.26804316,0.26737142,0.29393026,0.28984424
rail,H,word2vec_recipe_20_HOM,0.20669088,0.21860798,0.23800245,0.24639052,0.25108078,0.2622777
slab,P,word2vec_recipe_20_HOM,0.4243966,0.3721083,0.4779929,0.38558778,0.4963579,0.39059526
potion,M,word2vec_recipe_20_HOM,0.25227466,0.21012981,0.29006308,0.24945283,0.30591968,0.2704086
musical,P,word2vec_recipe_20_HOM,0.16199136,0.17355035,0.20300777,0.22640204,0.21824189,0.23994905
turnout,P,word2vec_recipe_20_HOM,0.22497785,0.22932099,0.26380938,0.27879086,0.28197214,0.29302558
guilty,P,word2vec_recipe_20_HOM,0.17121923,0.14920223,0.20034645,0.16447468,0.21204883,0.17223747
landmark,P,word2vec_recipe_20_HOM,0.1131891,0.1326502,0.12995803,0.16003948,0.13715823,0.17311995
blade,P,word2vec_recipe_20_HOM,0.3086778,0.37765914,0.39582875,0.45065776,0.43621498,0.49105033
buttermilk,P,word2vec_recipe_20_HOM,0.34465444,0.30997643,0.40395924,0.32998383,0.42867714,0.35732886
blueberry,P,word2vec_recipe_20_HOM,0.23063111,0.2506708,0.30863553,0.30579653,0.3349208,0.30914512
rise,P,word2vec_recipe_20_HOM,0.29286125,0.3325676,0.41444263,0.44618097,0.46196806,0.48904562
ocean,P,word2vec_recipe_20_HOM,0.3252495,0.27921978,0.377421,0.3209057,0.39348924,0.32548028
dribble,P,word2vec_recipe_20_HOM,0.39230034,0.459415,0.46972686,0.42968053,0.49446458,0.42731774
nurse,P,word2vec_recipe_20_HOM,0.1306049,0.14649379,0.15521777,0.16787724,0.16747855,0.18243591
bedtime,M,word2vec_recipe_20_HOM,0.26045722,0.27853966,0.3142966,0.31214038,0.3350864,0.32206935
starch,P,word2vec_recipe_20_HOM,0.35677257,0.40863636,0.4433186,0.46152207,0.46931896,0.44369945
spank,H,word2vec_recipe_20_HOM,0.26934022,0.23380046,0.30842647,0.25994068,0.32317528,0.2720336
downright,P,word2vec_recipe_20_HOM,0.15320796,0.12770982,0.17898326,0.16114649,0.18993302,0.1683917
undo,P,word2vec_recipe_20_HOM,0.28173935,0.2673958,0.3258888,0.28355628,0.34326473,0.30062386
unstable,P,word2vec_recipe_20_HOM,0.17763965,0.16609663,0.2056679,0.1823705,0.21823037,0.19377388
strive,P,word2vec_recipe_20_HOM,0.1437601,0.1136712,0.16659456,0.1337857,0.1763783,0.14712177
stew,P,word2vec_recipe_20_HOM,0.28838897,0.40434957,0.36851123,0.38990256,0.39764878,0.38526392
flat,H,word2vec_recipe_20_HOM,0.34790647,0.3577516,0.39238968,0.35219195,0.4105407,0.34226704
cube,H,word2vec_recipe_20_HOM,0.40083948,0.42588416,0.49252692,0.46515372,0.51686907,0.46462402
mango,M,word2vec_recipe_20_HOM,0.24074543,0.34241554,0.32030097,0.36849582,0.35237372,0.38922656
submit,P,word2vec_recipe_20_HOM,0.109543934,0.108502254,0.12913282,0.13461602,0.13915335,0.14528203
nowadays,P,word2vec_recipe_20_HOM,0.1475417,0.13448791,0.16848484,0.1500655,0.17871095,0.15951316
mound,P,word2vec_recipe_20_HOM,0.37097245,0.4847956,0.45793274,0.50305295,0.48734048,0.4822585
leap,P,word2vec_recipe_20_HOM,0.17975658,0.11084431,0.21500835,0.15795857,0.22992446,0.19906242
inhale,P,word2vec_recipe_20_HOM,0.26969582,0.2729029,0.31443846,0.27706254,0.3324788,0.27246377
bayou,M,word2vec_recipe_20_HOM,0.3171502,0.28392708,0.3702322,0.30639657,0.38806877,0.3065194
redo,P,word2vec_recipe_20_HOM,0.23044436,0.16223045,0.2639088,0.19379428,0.27602682,0.194423
sponge,P,word2vec_recipe_20_HOM,0.3189786,0.3857299,0.39397225,0.41851768,0.41712356,0.4212291
spell,H,word2vec_recipe_20_HOM,0.18020183,0.17344746,0.20876762,0.19131935,0.22187015,0.19844514
successful,P,word2vec_recipe_20_HOM,0.21864025,0.1710042,0.25092688,0.18520562,0.2637051,0.19421288
charcoal,P,word2vec_recipe_20_HOM,0.23652801,0.3206996,0.34273684,0.40163532,0.4001686,0.4336463
attachment,P,word2vec_recipe_20_HOM,0.2793627,0.32221958,0.4327359,0.43159288,0.4858922,0.48525542
teeny,M,word2vec_recipe_20_HOM,0.36501318,0.38222367,0.43571487,0.38691396,0.4563081,0.3814708
resource,P,word2vec_recipe_20_HOM,0.11622685,0.11620121,0.13817245,0.14334835,0.14795418,0.15375738
invite,P,word2vec_recipe_20_HOM,0.2555426,0.27437478,0.30432445,0.27847338,0.32575345,0.28062174
threaten,P,word2vec_recipe_20_HOM,0.32660824,0.3006915,0.37699336,0.32814166,0.39580917,0.33102652
girdle,P,word2vec_recipe_20_HOM,0.28122115,0.22501568,0.3092426,0.22312129,0.32174695,0.23538725
rookie,P,word2vec_recipe_20_HOM,0.17033392,0.1462443,0.19614086,0.18865502,0.20698117,0.20116273
snack,P,word2vec_recipe_20_HOM,0.29871565,0.34858596,0.3634706,0.4079754,0.38883027,0.4156398
clock,H,word2vec_recipe_20_HOM,0.35956612,0.30191988,0.4019454,0.34069315,0.41649437,0.31615242
terrible,P,word2vec_recipe_20_HOM,0.16913152,0.1415526,0.19396643,0.16835397,0.20423707,0.17597835
film,P,word2vec_recipe_20_HOM,0.33141938,0.29547364,0.4384883,0.39177173,0.46979403,0.42331895
ribbon,P,word2vec_recipe_20_HOM,0.37305743,0.41902828,0.4324466,0.3953832,0.45341194,0.3907015
mint,H,word2vec_recipe_20_HOM,0.286944,0.34082368,0.34769467,0.3937807,0.37485713,0.41367573
dizzy,P,word2vec_recipe_20_HOM,0.15475368,0.16509163,0.17459045,0.17550403,0.1843308,0.19277044
smooth,P,word2vec_recipe_20_HOM,0.25696367,0.32726848,0.35584435,0.3902449,0.389422,0.39885104
spice,P,word2vec_recipe_20_HOM,0.38227853,0.39124405,0.44400218,0.41378585,0.46930084,0.4309226
awaken,P,word2vec_recipe_20_HOM,0.23266712,0.22978978,0.27023083,0.23588742,0.2841132,0.23334646
minimum,P,word2vec_recipe_20_HOM,0.3675412,0.327069,0.44883832,0.35566968,0.47921693,0.39591908
excitement,P,word2vec_recipe_20_HOM,0.12424171,0.122617245,0.14239405,0.13749105,0.15207101,0.15208463
ghastly,P,word2vec_recipe_20_HOM,0.19834356,0.23643188,0.2313445,0.25407627,0.24456556,0.262862
wallet,M,word2vec_recipe_20_HOM,0.14767845,0.13514857,0.17166702,0.15043941,0.18204418,0.1654892
nephew,M,word2vec_recipe_20_HOM,0.09364424,0.09873095,0.12143078,0.13545513,0.133627,0.1522566
waffle,H,word2vec_recipe_20_HOM,0.33031636,0.41325423,0.45608476,0.5312631,0.5026368,0.54384005
fighter,P,word2vec_recipe_20_HOM,0.16344632,0.16451316,0.1834045,0.19122615,0.1921589,0.20132807
clap,P,word2vec_recipe_20_HOM,0.3327345,0.36681688,0.39479914,0.41116083,0.41413605,0.41975406
imply,P,word2vec_recipe_20_HOM,0.1213462,0.11688818,0.14090504,0.13227415,0.14964157,0.14321977
fit,H,word2vec_recipe_20_HOM,0.37846303,0.45812127,0.44225085,0.38087228,0.4618354,0.3678329
parrot,P,word2vec_recipe_20_HOM,0.22723167,0.24282104,0.2611108,0.2633092,0.27483222,0.2781501
diarrhea,M,word2vec_recipe_20_HOM,0.1394664,0.14614846,0.16587481,0.17114818,0.17707169,0.17984322
applause,P,word2vec_recipe_20_HOM,0.1909307,0.18558456,0.23362173,0.21347374,0.25041217,0.2183537
grinder,P,word2vec_recipe_20_HOM,0.27423447,0.30759394,0.39432213,0.39762712,0.44659013,0.4553846
breast,P,word2vec_recipe_20_HOM,0.25474483,0.3660019,0.3335005,0.43746552,0.37249318,0.4571833
ego,P,word2vec_recipe_20_HOM,0.08309671,0.09439895,0.099165656,0.1167344,0.10699892,0.13038787
policy,H,word2vec_recipe_20_HOM,0.1428479,0.14291534,0.1719135,0.15782103,0.18306805,0.16102478
private,P,word2vec_recipe_20_HOM,0.13475993,0.13675696,0.16111235,0.16695987,0.17372838,0.18180346
mystery,P,word2vec_recipe_20_HOM,0.20835757,0.13038118,0.23941804,0.16259284,0.25433895,0.17790219
hose,P,word2vec_recipe_20_HOM,0.207124,0.25935075,0.25485986,0.31497037,0.27754068,0.33888188
boa,P,word2vec_recipe_20_HOM,0.21308538,0.18449792,0.24730892,0.23276111,0.26156518,0.25483587
clearance,P,word2vec_recipe_20_HOM,0.3111577,0.32602164,0.36545354,0.35715228,0.3865382,0.35414588
genius,P,word2vec_recipe_20_HOM,0.14869142,0.12966394,0.17201346,0.1587581,0.18243542,0.17078267
boil,H,word2vec_recipe_20_HOM,0.3287312,0.33045235,0.4135708,0.35631076,0.44976974,0.3805617
idiot,P,word2vec_recipe_20_HOM,0.22735658,0.20929237,0.25908297,0.23492894,0.27287418,0.24575627
meal,H,word2vec_recipe_20_HOM,0.41547823,0.4873209,0.48365507,0.5126228,0.50914365,0.52692497
neat,P,word2vec_recipe_20_HOM,0.26071373,0.27387473,0.31992877,0.29520026,0.34056854,0.3001661
cupboard,M,word2vec_recipe_20_HOM,0.26783928,0.33128235,0.34998593,0.38228822,0.37726563,0.3868463
folk,P,word2vec_recipe_20_HOM,0.40748906,0.46897784,0.46380982,0.4379011,0.48167843,0.42592803
suggest,P,word2vec_recipe_20_HOM,0.30591613,0.32180986,0.36957768,0.2848927,0.38815835,0.26480725
extensive,P,word2vec_recipe_20_HOM,0.11278236,0.11350231,0.13293155,0.13857172,0.1420094,0.14700827
mushy,P,word2vec_recipe_20_HOM,0.2928815,0.3217301,0.3586568,0.38977465,0.38626,0.37703326
vomit,P,word2vec_recipe_20_HOM,0.15773013,0.19797605,0.18600784,0.22335479,0.19848628,0.23658091
daytime,M,word2vec_recipe_20_HOM,0.1596519,0.17267288,0.19264923,0.19827524,0.20594479,0.20493491
prostate,P,word2vec_recipe_20_HOM,0.09554048,0.116835594,0.11700205,0.1417395,0.1267801,0.15259168
horizontal,M,word2vec_recipe_20_HOM,0.25365192,0.28611404,0.3164433,0.33831203,0.34099334,0.336118
fuss,P,word2vec_recipe_20_HOM,0.3115151,0.25127468,0.35637283,0.27595186,0.37354767,0.27693018
fiber,P,word2vec_recipe_20_HOM,0.17848676,0.1897173,0.24046566,0.14474407,0.2586161,0.11139962
fame,P,word2vec_recipe_20_HOM,0.1631383,0.13581154,0.18728957,0.16454636,0.19785692,0.17756775
mule,H,word2vec_recipe_20_HOM,0.13237754,0.14202069,0.17785987,0.19704634,0.20143981,0.22728957
lagoon,P,word2vec_recipe_20_HOM,0.20150928,0.16591343,0.243514,0.23203135,0.26459092,0.25634328
crank,P,word2vec_recipe_20_HOM,0.40992045,0.4324823,0.47648853,0.45762628,0.4988687,0.44700277
immediate,P,word2vec_recipe_20_HOM,0.35929853,0.34642375,0.4151141,0.36282176,0.43434724,0.36634764
letter,P,word2vec_recipe_20_HOM,0.3505252,0.39454553,0.4247913,0.39997807,0.45025918,0.4020302
distant,P,word2vec_recipe_20_HOM,0.1124953,0.113836914,0.1343109,0.14035605,0.14375593,0.15235789
shrink,P,word2vec_recipe_20_HOM,0.34667692,0.44572434,0.42282054,0.39578092,0.44714585,0.38737637
upward,P,word2vec_recipe_20_HOM,0.24677627,0.29031903,0.30801147,0.317711,0.33120957,0.33152193
dip,P,word2vec_recipe_20_HOM,0.42084202,0.42445228,0.49230722,0.47132748,0.5148312,0.46601972
functional,P,word2vec_recipe_20_HOM,0.09848574,0.11130337,0.11396431,0.1297371,0.122179605,0.1438229
chest,P,word2vec_recipe_20_HOM,0.31767195,0.30260116,0.3622013,0.33746657,0.38227695,0.36278018
carefree,M,word2vec_recipe_20_HOM,0.16958795,0.1486131,0.19280107,0.17540562,0.20170751,0.18822657
slot,P,word2vec_recipe_20_HOM,0.35024422,0.3985472,0.41470516,0.42257023,0.43747061,0.44415942
campfire,P,word2vec_recipe_20_HOM,0.35407174,0.3815538,0.44106838,0.4426355,0.47179496,0.46594462
intestine,P,word2vec_recipe_20_HOM,0.19993964,0.21149896,0.27202833,0.3136665,0.30470094,0.35675475
linen,P,word2vec_recipe_20_HOM,0.25028062,0.29198536,0.37353247,0.40232822,0.42474312,0.43305165
value,P,word2vec_recipe_20_HOM,0.2151871,0.17644253,0.25643018,0.22111511,0.27930528,0.21757603
beg,P,word2vec_recipe_20_HOM,0.12538108,0.109595634,0.15284097,0.14746442,0.16381207,0.1589011
shoulder,P,word2vec_recipe_20_HOM,0.21828544,0.30980316,0.3109111,0.39132658,0.3460241,0.38370833
cheerful,P,word2vec_recipe_20_HOM,0.1597779,0.13387907,0.1788651,0.15079728,0.18921596,0.17177193
jury,P,word2vec_recipe_20_HOM,0.09920201,0.11033613,0.11535972,0.13184644,0.12412834,0.14664404
roast,P,word2vec_recipe_20_HOM,0.30246517,0.34294248,0.3818111,0.4275752,0.4148542,0.4225945
restore,P,word2vec_recipe_20_HOM,0.37927443,0.3671943,0.44361588,0.39723662,0.46529076,0.40382782
classroom,M,word2vec_recipe_20_HOM,0.18464267,0.17426366,0.22188753,0.22458842,0.23667555,0.23111807
millimeter,M,word2vec_recipe_20_HOM,0.2077173,0.21879353,0.25690162,0.24646142,0.27849132,0.2614206
defective,P,word2vec_recipe_20_HOM,0.29184705,0.32597312,0.35012576,0.38972294,0.37735045,0.41111577
humidity,P,word2vec_recipe_20_HOM,0.29553497,0.30265683,0.3754804,0.3486612,0.39968735,0.34530205
dwarf,P,word2vec_recipe_20_HOM,0.20405269,0.23445995,0.23195805,0.2770144,0.24307103,0.29191774
cheek,P,word2vec_recipe_20_HOM,0.3148324,0.3469648,0.36853316,0.38082775,0.38804588,0.3939007
appetite,P,word2vec_recipe_20_HOM,0.28527915,0.3318503,0.33650523,0.33309147,0.3572219,0.33026677
recommend,P,word2vec_recipe_20_HOM,0.2649497,0.27921033,0.3448578,0.29386643,0.36879748,0.27593592
powerful,P,word2vec_recipe_20_HOM,0.28614688,0.29208592,0.34824884,0.382835,0.3714956,0.3905701
consistent,P,word2vec_recipe_20_HOM,0.3423916,0.348134,0.40694508,0.39425763,0.43306908,0.3941992
squeaky,M,word2vec_recipe_20_HOM,0.2691992,0.2987684,0.31880724,0.30054337,0.33545798,0.2921903
wreath,P,word2vec_recipe_20_HOM,0.27154768,0.30308643,0.34288833,0.37592125,0.3711421,0.3824729
worldwide,P,word2vec_recipe_20_HOM,0.12646785,0.14450382,0.14787495,0.15951057,0.15778312,0.170664
teacher,M,word2vec_recipe_20_HOM,0.117225885,0.1091362,0.14333533,0.14568917,0.15561195,0.16126166
improper,P,word2vec_recipe_20_HOM,0.13395712,0.15251142,0.16179785,0.17530808,0.17380442,0.18626516
puddle,P,word2vec_recipe_20_HOM,0.3733552,0.40514934,0.44087732,0.43275806,0.461436,0.41848037
despair,P,word2vec_recipe_20_HOM,0.1745356,0.16522528,0.20406415,0.17898276,0.21811669,0.19141456
purgatory,P,word2vec_recipe_20_HOM,0.25741905,0.24235989,0.31150925,0.2671412,0.3292664,0.2633489
dirt,P,word2vec_recipe_20_HOM,0.33655602,0.3614272,0.4293191,0.45626473,0.46043488,0.46438888
pupil,H,word2vec_recipe_20_HOM,0.21873152,0.19864486,0.28639606,0.26649445,0.31972468,0.2998528
spatter,P,word2vec_recipe_20_HOM,0.29413542,0.36134833,0.40249902,0.44315785,0.43922973,0.4470599
oasis,P,word2vec_recipe_20_HOM,0.19446754,0.20913136,0.23083013,0.2571497,0.24606247,0.27167675
serum,P,word2vec_recipe_20_HOM,0.16968603,0.1921775,0.1995673,0.22281231,0.21151386,0.23240604
silk,P,word2vec_recipe_20_HOM,0.40621156,0.43177193,0.49324268,0.52382106,0.51956034,0.5275959
pooch,M,word2vec_recipe_20_HOM,0.176861,0.17704765,0.20977709,0.1977121,0.22259612,0.20831975
smash,P,word2vec_recipe_20_HOM,0.3012157,0.42082223,0.42522934,0.4893135,0.4683922,0.508857
handsome,P,word2vec_recipe_20_HOM,0.27734572,0.2810909,0.31575015,0.2923857,0.33034697,0.3009119
criticism,P,word2vec_recipe_20_HOM,0.19683042,0.17646995,0.23172756,0.18889473,0.24544185,0.1977525
telegram,M,word2vec_recipe_20_HOM,0.11539372,0.12791029,0.13965036,0.15559387,0.15053628,0.17262276
accelerate,P,word2vec_recipe_20_HOM,0.23577663,0.28149348,0.29135123,0.27845737,0.31129006,0.29077458
trifle,P,word2vec_recipe_20_HOM,0.33700156,0.41623378,0.42066422,0.44645444,0.44627517,0.4382705
drift,P,word2vec_recipe_20_HOM,0.21577947,0.15877427,0.2472533,0.17576042,0.259565,0.19145639
slit,P,word2vec_recipe_20_HOM,0.31885228,0.34557304,0.3980611,0.3828423,0.42841366,0.39697984
intend,P,word2vec_recipe_20_HOM,0.3494963,0.35520485,0.42898473,0.33631024,0.4507419,0.3189206
obvious,P,word2vec_recipe_20_HOM,0.2646653,0.24813482,0.31114793,0.2961949,0.32906178,0.29304287
bran,M,word2vec_recipe_20_HOM,0.28734508,0.3512181,0.393108,0.40282506,0.43171403,0.43052074
candle,P,word2vec_recipe_20_HOM,0.35215268,0.37283805,0.430721,0.45131063,0.45544806,0.44519487
chore,P,word2vec_recipe_20_HOM,0.117999956,0.12268651,0.13713403,0.12668554,0.14551388,0.13813822
ignore,M,word2vec_recipe_20_HOM,0.26911324,0.18775822,0.30253395,0.18565775,0.31605625,0.19749543
regal,P,word2vec_recipe_20_HOM,0.23857602,0.203835,0.27026296,0.2243646,0.2818919,0.2293925
initial,P,word2vec_recipe_20_HOM,0.28202224,0.2693137,0.32156086,0.2881205,0.33919942,0.28694126
hunger,P,word2vec_recipe_20_HOM,0.16394532,0.15169118,0.19421613,0.17077924,0.20717329,0.17398837
liberate,P,word2vec_recipe_20_HOM,0.18345138,0.21270938,0.20825596,0.23153985,0.21966581,0.24051292
caramel,P,word2vec_recipe_20_HOM,0.29536518,0.339159,0.3781635,0.409215,0.4095144,0.41701263
windmill,P,word2vec_recipe_20_HOM,0.21151228,0.21072225,0.24604255,0.23311935,0.2610807,0.25059628
roller,P,word2vec_recipe_20_HOM,0.3294555,0.38685364,0.42783687,0.4758558,0.46375942,0.47641563
darn,H,word2vec_recipe_20_HOM,0.20450068,0.21801728,0.24863666,0.24875326,0.26731712,0.24516948
manger,M,word2vec_recipe_20_HOM,0.11730479,0.12566401,0.1364592,0.1480807,0.14535059,0.16058311
outdoor,M,word2vec_recipe_20_HOM,0.31503972,0.32908246,0.42691812,0.41849688,0.46514705,0.44050005
raft,H,word2vec_recipe_20_HOM,0.37288672,0.371961,0.41646618,0.38969538,0.43379632,0.41104335
ketchup,M,word2vec_recipe_20_HOM,0.26256472,0.30667022,0.3514294,0.36608115,0.3919891,0.38859472
equation,P,word2vec_recipe_20_HOM,0.12225354,0.12620291,0.14154819,0.14539576,0.15044862,0.15674022
novel,H,word2vec_recipe_20_HOM,0.11316248,0.10267986,0.13528123,0.13275184,0.14686497,0.15190195
salad,P,word2vec_recipe_20_HOM,0.29993594,0.34844506,0.36650234,0.345102,0.38964587,0.33940148
newspaper,P,word2vec_recipe_20_HOM,0.3274401,0.36469308,0.39856124,0.3877394,0.4256195,0.4138423
flask,P,word2vec_recipe_20_HOM,0.25351316,0.2716185,0.2942548,0.343347,0.31160685,0.3577561
toothpaste,M,word2vec_recipe_20_HOM,0.32835424,0.34168777,0.376306,0.35326847,0.39465106,0.3582243
nuisance,M,word2vec_recipe_20_HOM,0.18400566,0.14572717,0.20631737,0.15382259,0.21631466,0.15950115
disagree,P,word2vec_recipe_20_HOM,0.077784136,0.09531712,0.09533467,0.11819758,0.10422322,0.1316028
station,P,word2vec_recipe_20_HOM,0.42118388,0.50382,0.5082224,0.50320154,0.53147596,0.49964482
entrance,H,word2vec_recipe_20_HOM,0.16737044,0.17795542,0.20516163,0.23097788,0.22515754,0.26210043
signature,P,word2vec_recipe_20_HOM,0.28363442,0.26592213,0.32360238,0.2888998,0.33740684,0.29385924
ridge,P,word2vec_recipe_20_HOM,0.3197548,0.35846967,0.3759614,0.37882617,0.39833474,0.38670444
bless,P,word2vec_recipe_20_HOM,0.16220723,0.13647431,0.19003206,0.15365703,0.20233391,0.16625372
hatch,H,word2vec_recipe_20_HOM,0.35245803,0.3681609,0.40345773,0.36475682,0.42222118,0.38768837
iodine,P,word2vec_recipe_20_HOM,0.12715897,0.09523755,0.19377747,0.14332597,0.21747369,0.13521221
manual,P,word2vec_recipe_20_HOM,0.29504997,0.3209192,0.38577765,0.41951793,0.43245926,0.466197
hangover,M,word2vec_recipe_20_HOM,0.26600212,0.21959959,0.30172285,0.24361181,0.31431863,0.25057024
session,P,word2vec_recipe_20_HOM,0.29148766,0.28995496,0.33415818,0.27030328,0.3498887,0.2692274
freak,H,word2vec_recipe_20_HOM,0.24884689,0.2001477,0.28658256,0.20942412,0.30067602,0.2190382
gum,H,word2vec_recipe_20_HOM,0.29824132,0.29486638,0.39227456,0.38134181,0.4283998,0.42767787
invoke,P,word2vec_recipe_20_HOM,0.16275878,0.15378612,0.18493576,0.17820649,0.19402887,0.18068065
curse,P,word2vec_recipe_20_HOM,0.0898384,0.10266567,0.11147219,0.12473563,0.12165501,0.13724115
allergy,M,word2vec_recipe_20_HOM,0.21674737,0.24389613,0.26617306,0.25636905,0.28287235,0.26889628
prompt,P,word2vec_recipe_20_HOM,0.1255986,0.11822302,0.14656657,0.13857548,0.15510595,0.14598815
groove,P,word2vec_recipe_20_HOM,0.26200747,0.30795634,0.31729528,0.33569804,0.33943385,0.34398666
brag,P,word2vec_recipe_20_HOM,0.18045175,0.16294792,0.2066636,0.18469182,0.21966463,0.20404454
theme,P,word2vec_recipe_20_HOM,0.24213657,0.21135235,0.2783479,0.2698781,0.29205886,0.28354868
election,P,word2vec_recipe_20_HOM,0.1702451,0.17398083,0.19914098,0.18688278,0.21121736,0.19329672
karate,M,word2vec_recipe_20_HOM,0.13135143,0.12136309,0.14966065,0.1462554,0.15810597,0.15719041
extension,P,word2vec_recipe_20_HOM,0.20886827,0.16856548,0.24029444,0.1892074,0.2524886,0.2026558
sky,P,word2vec_recipe_20_HOM,0.43195838,0.35466927,0.4827471,0.4128874,0.49962866,0.40563443
yen,H,word2vec_recipe_20_HOM,0.29260874,0.26393998,0.3434985,0.3150607,0.36252305,0.30798027
cathedral,P,word2vec_recipe_20_HOM,0.15388817,0.16167553,0.19528152,0.19771282,0.21275002,0.2129145
lateral,P,word2vec_recipe_20_HOM,0.17414428,0.20877114,0.21158673,0.26117423,0.23104626,0.28483462
cardboard,M,word2vec_recipe_20_HOM,0.29452795,0.29542887,0.3537842,0.34784463,0.37225547,0.3549538
discover,P,word2vec_recipe_20_HOM,0.13220009,0.11335062,0.15548103,0.14679141,0.16509813,0.15261911
zip,H,word2vec_recipe_20_HOM,0.17570902,0.19721939,0.32651702,0.30673182,0.40365657,0.40511873
alligator,M,word2vec_recipe_20_HOM,0.35336795,0.41972068,0.4014616,0.4084166,0.4195088,0.3855506
dedication,P,word2vec_recipe_20_HOM,0.15568471,0.16194534,0.17752832,0.1923859,0.18625012,0.20463823
crutch,P,word2vec_recipe_20_HOM,0.20828024,0.19146137,0.23641184,0.20751853,0.24829322,0.21942319
gross,P,word2vec_recipe_20_HOM,0.21018152,0.22146614,0.25437438,0.21954215,0.27213195,0.22582343
behalf,P,word2vec_recipe_20_HOM,0.17962289,0.14704087,0.21547535,0.17780899,0.23060247,0.19612697
fist,P,word2vec_recipe_20_HOM,0.31199136,0.31709033,0.4052082,0.46078646,0.44077706,0.4637745
clubhouse,M,word2vec_recipe_20_HOM,0.18223207,0.17794457,0.21217114,0.20091906,0.22414307,0.21658733
coil,H,word2vec_recipe_20_HOM,0.22473383,0.26241615,0.30195913,0.32486063,0.33052766,0.33021694
bait,P,word2vec_recipe_20_HOM,0.25200546,0.21619411,0.28198397,0.22480568,0.2942164,0.23204847
activate,P,word2vec_recipe_20_HOM,0.29699147,0.37664327,0.39539215,0.45587084,0.43297768,0.48344487
difficult,P,word2vec_recipe_20_HOM,0.28981766,0.25966337,0.3404195,0.24808046,0.35761857,0.2504273
tiara,P,word2vec_recipe_20_HOM,0.22695115,0.24122722,0.26570436,0.28190148,0.2821747,0.31368405
slack,H,word2vec_recipe_20_HOM,0.20808208,0.18075016,0.26186824,0.23566197,0.28966668,0.2669311
bleed,P,word2vec_recipe_20_HOM,0.3376964,0.31234473,0.38797504,0.32384422,0.40558463,0.3203284
valve,P,word2vec_recipe_20_HOM,0.33871347,0.34901345,0.44279245,0.46833828,0.48390114,0.5006121
express,P,word2vec_recipe_20_HOM,0.40480137,0.27611965,0.4474982,0.29137948,0.4617395,0.30816028
midnight,P,word2vec_recipe_20_HOM,0.28013304,0.2723047,0.31529814,0.2809537,0.32994232,0.28404418
volatile,P,word2vec_recipe_20_HOM,0.21319504,0.23433395,0.25711808,0.24788271,0.2750265,0.25366133
sudden,P,word2vec_recipe_20_HOM,0.2887677,0.24699578,0.3273275,0.24112466,0.34043068,0.24380971
taste,P,word2vec_recipe_20_HOM,0.22726679,0.23715474,0.29706612,0.28599846,0.3277462,0.30631936
tub,P,word2vec_recipe_20_HOM,0.3528306,0.39811027,0.430224,0.44690186,0.4576826,0.45184916
pencil,P,word2vec_recipe_20_HOM,0.25634828,0.27196562,0.3042248,0.30606437,0.3228735,0.31393704
blend,P,word2vec_recipe_20_HOM,0.31118488,0.36976892,0.38311446,0.43479052,0.40765452,0.43675184
survive,P,word2vec_recipe_20_HOM,0.12812614,0.109307915,0.1550854,0.14719239,0.16557498,0.15925483
riot,P,word2vec_recipe_20_HOM,0.16803402,0.15776673,0.19272614,0.16893779,0.20317584,0.18430394
tent,P,word2vec_recipe_20_HOM,0.34544432,0.36153904,0.44046658,0.40731752,0.47101262,0.40934977
polite,P,word2vec_recipe_20_HOM,0.21638688,0.2779564,0.26435617,0.25377747,0.28204268,0.25696132
shower,H,word2vec_recipe_20_HOM,0.41303617,0.4213969,0.46457276,0.4424685,0.48210663,0.43372622
scold,P,word2vec_recipe_20_HOM,0.14141276,0.12890598,0.1640682,0.15302351,0.17409666,0.16843385
ruthless,M,word2vec_recipe_20_HOM,0.16636941,0.19058745,0.19343063,0.22286455,0.20513684,0.22778244
historic,P,word2vec_recipe_20_HOM,0.103038,0.11367205,0.1276978,0.14935498,0.13959591,0.16549604
convenient,P,word2vec_recipe_20_HOM,0.30569407,0.274446,0.34499875,0.26228365,0.3580905,0.2577954
tolerant,P,word2vec_recipe_20_HOM,0.16807818,0.14065117,0.18991475,0.15409814,0.19920716,0.16099858
pool,H,word2vec_recipe_20_HOM,0.39468983,0.4394123,0.46625665,0.4961947,0.48765182,0.486023
icebox,P,word2vec_recipe_20_HOM,0.363691,0.28256187,0.40043834,0.2665254,0.4156515,0.2643962
belief,P,word2vec_recipe_20_HOM,0.15382397,0.13635121,0.17635317,0.14894623,0.18626885,0.16175094
polar,P,word2vec_recipe_20_HOM,0.20731382,0.23456709,0.24176711,0.27806056,0.25929493,0.29458597
handful,P,word2vec_recipe_20_HOM,0.37718984,0.47864562,0.4795568,0.505646,0.5088049,0.50835955
picky,M,word2vec_recipe_20_HOM,0.19451255,0.21102947,0.22941183,0.20900081,0.24430549,0.20721687
sunglasses,M,word2vec_recipe_20_HOM,0.18012884,0.18644737,0.21131577,0.23382358,0.22818266,0.2602938
rumble,P,word2vec_recipe_20_HOM,0.25352892,0.2030154,0.2881052,0.23459683,0.29994947,0.23303066
tofu,M,word2vec_recipe_20_HOM,0.30936357,0.34108526,0.38596943,0.41432753,0.4152312,0.421911
scream,P,word2vec_recipe_20_HOM,0.30160868,0.25320852,0.33928826,0.29685473,0.3538971,0.29427144
coaster,P,word2vec_recipe_20_HOM,0.21655011,0.24822989,0.24813065,0.2788089,0.26172948,0.29570028
cash,P,word2vec_recipe_20_HOM,0.14112711,0.1115194,0.16575089,0.14160825,0.17608684,0.15715925
mode,H,word2vec_recipe_20_HOM,0.378182,0.3764492,0.4635491,0.46060434,0.5004701,0.48995215
forum,P,word2vec_recipe_20_HOM,0.14346677,0.13849066,0.1681238,0.1531288,0.17992927,0.16899936
posse,P,word2vec_recipe_20_HOM,0.13499182,0.14467138,0.17164017,0.18732439,0.1893375,0.20142254
swarm,H,word2vec_recipe_20_HOM,0.13187006,0.15329272,0.15457565,0.17793962,0.1639206,0.19183041
compete,P,word2vec_recipe_20_HOM,0.18028727,0.16618313,0.20296007,0.18077894,0.21376997,0.18543842
swell,P,word2vec_recipe_20_HOM,0.36757678,0.44865447,0.44745693,0.46527657,0.4742823,0.45149288
memo,M,word2vec_recipe_20_HOM,0.12095295,0.11719981,0.14166337,0.150075,0.15152788,0.16281006
motor,P,word2vec_recipe_20_HOM,0.30500442,0.39510423,0.42322484,0.44642404,0.47182864,0.46486264
print,P,word2vec_recipe_20_HOM,0.2675056,0.25603074,0.31699336,0.2871484,0.3371301,0.30378747
patio,P,word2vec_recipe_20_HOM,0.23577109,0.2388394,0.2718045,0.253717,0.2855894,0.25915894
stump,P,word2vec_recipe_20_HOM,0.22722754,0.18809952,0.26959842,0.25278506,0.2902273,0.28862077
demo,P,word2vec_recipe_20_HOM,0.106856704,0.11696162,0.13468604,0.14383897,0.14726439,0.15360498
lunchtime,M,word2vec_recipe_20_HOM,0.28116542,0.26574504,0.32463184,0.27607223,0.34123445,0.2838604
bird,P,word2vec_recipe_20_HOM,0.23457499,0.30307862,0.34370616,0.41920567,0.38842818,0.44797793
tortoise,P,word2vec_recipe_20_HOM,0.19035833,0.22095905,0.2241973,0.2716359,0.23800784,0.28785542
tomb,P,word2vec_recipe_20_HOM,0.18003441,0.19771548,0.218421,0.22692119,0.23310627,0.23514992
scarecrow,P,word2vec_recipe_20_HOM,0.18128398,0.1967622,0.2333737,0.2765018,0.25582227,0.3039997
phase,P,word2vec_recipe_20_HOM,0.39826417,0.3413962,0.45027027,0.3456829,0.466968,0.3406868
flop,P,word2vec_recipe_20_HOM,0.38057733,0.4064375,0.43749744,0.41766065,0.45629597,0.4210995
rooster,M,word2vec_recipe_20_HOM,0.26754978,0.24870114,0.3052379,0.29909703,0.321375,0.31163538
horror,P,word2vec_recipe_20_HOM,0.08311307,0.09418436,0.10076415,0.124081545,0.1097295,0.13786355
compassion,M,word2vec_recipe_20_HOM,0.1628634,0.19736208,0.21159115,0.20606306,0.22804208,0.21235608
confess,P,word2vec_recipe_20_HOM,0.106906615,0.096765846,0.12811439,0.123338684,0.13926592,0.13879344
unleash,M,word2vec_recipe_20_HOM,0.16024932,0.14399432,0.18132605,0.16644643,0.19041362,0.18134245
deodorant,P,word2vec_recipe_20_HOM,0.18484278,0.16567722,0.21533407,0.20165822,0.22698614,0.2069909
tension,P,word2vec_recipe_20_HOM,0.23045996,0.2557394,0.27479765,0.3013464,0.29344523,0.31200612
homesick,M,word2vec_recipe_20_HOM,0.13223393,0.1388711,0.1601311,0.15881233,0.17142761,0.1731799
football,P,word2vec_recipe_20_HOM,0.30910045,0.31648624,0.3556681,0.30794898,0.3765935,0.31906247
thong,P,word2vec_recipe_20_HOM,0.1654488,0.18858135,0.19166346,0.19485053,0.20292015,0.21079102
poodle,M,word2vec_recipe_20_HOM,0.18179658,0.1904636,0.21013035,0.19445068,0.2207293,0.20106396
dangerous,M,word2vec_recipe_20_HOM,0.22693619,0.19657049,0.26308677,0.21308535,0.27576417,0.22145684
study,P,word2vec_recipe_20_HOM,0.14045565,0.119890064,0.16409014,0.1489917,0.17460334,0.16325703
pioneer,P,word2vec_recipe_20_HOM,0.22265871,0.26655298,0.27281725,0.31660596,0.29388377,0.32640496
explode,P,word2vec_recipe_20_HOM,0.3323238,0.33961555,0.3818486,0.32632846,0.39906928,0.31705567
distinct,P,word2vec_recipe_20_HOM,0.33116478,0.30696225,0.38314044,0.34077635,0.40624934,0.3603855
crummy,P,word2vec_recipe_20_HOM,0.22544265,0.20274052,0.25446638,0.2261107,0.26607564,0.24030738
choice,P,word2vec_recipe_20_HOM,0.28583223,0.38309038,0.3848039,0.42772716,0.42335364,0.4324494
residual,P,word2vec_recipe_20_HOM,0.36740035,0.33917275,0.40984413,0.35680303,0.42789719,0.3528434
carnival,P,word2vec_recipe_20_HOM,0.23855595,0.19073227,0.26783982,0.21413738,0.27944085,0.22042798
slop,P,word2vec_recipe_20_HOM,0.2981256,0.24454612,0.33719692,0.2808601,0.3533632,0.2971207
thump,P,word2vec_recipe_20_HOM,0.25195956,0.30822963,0.334192,0.3361391,0.35952127,0.33674034
vest,P,word2vec_recipe_20_HOM,0.23620507,0.27106965,0.2711606,0.30282235,0.2850756,0.31912965
fireplace,P,word2vec_recipe_20_HOM,0.25022456,0.29999745,0.31779468,0.3894483,0.3451604,0.4128795
measure,P,word2vec_recipe_20_HOM,0.4094476,0.3644096,0.46870315,0.4197625,0.49040088,0.44723213
pyramid,P,word2vec_recipe_20_HOM,0.34582132,0.31654522,0.39853004,0.35861465,0.41915718,0.37045172
duck,H,word2vec_recipe_20_HOM,0.23911193,0.30623385,0.33684897,0.43348065,0.37321183,0.44914365
foot,P,word2vec_recipe_20_HOM,0.31904563,0.34326577,0.3742794,0.37301904,0.39424586,0.39707872
dictionary,P,word2vec_recipe_20_HOM,0.09738073,0.111744806,0.116067685,0.13954557,0.12557386,0.15540285
disguise,P,word2vec_recipe_20_HOM,0.20905688,0.1590655,0.23383187,0.15793575,0.24430194,0.16799404
mosquito,M,word2vec_recipe_20_HOM,0.17150414,0.1920039,0.19867079,0.21214719,0.21071517,0.22203025
butter,P,word2vec_recipe_20_HOM,0.27346617,0.30853236,0.39526567,0.38571122,0.43106517,0.37396592
horizon,P,word2vec_recipe_20_HOM,0.2310721,0.22543874,0.26729476,0.26300696,0.28210324,0.28548485
blaze,H,word2vec_recipe_20_HOM,0.24539335,0.2901735,0.33791202,0.37919185,0.36858875,0.401069
student,P,word2vec_recipe_20_HOM,0.15928385,0.17674091,0.18803042,0.19800611,0.20034523,0.20599712
sinful,P,word2vec_recipe_20_HOM,0.26213568,0.27886784,0.30588108,0.3227478,0.3244239,0.32833746
build,P,word2vec_recipe_20_HOM,0.40110835,0.44444734,0.47242782,0.4506523,0.4968724,0.44479677
incident,P,word2vec_recipe_20_HOM,0.15835424,0.16426115,0.18079796,0.2000002,0.1901858,0.21157561
aside,P,word2vec_recipe_20_HOM,0.40999395,0.43287998,0.49418476,0.41068184,0.52102536,0.40514305
unlikely,P,word2vec_recipe_20_HOM,0.31021452,0.22140218,0.3517008,0.23520349,0.36574692,0.23847614
picnic,P,word2vec_recipe_20_HOM,0.29064745,0.32652932,0.3525447,0.36637032,0.3742231,0.36590207
pasture,P,word2vec_recipe_20_HOM,0.13661802,0.12156978,0.15528671,0.13583824,0.16393955,0.1502733
group,P,word2vec_recipe_20_HOM,0.357413,0.306113,0.4086789,0.31005764,0.42651471,0.31110713
precious,P,word2vec_recipe_20_HOM,0.25002888,0.19466089,0.2876757,0.23783852,0.30291012,0.23852436
depot,P,word2vec_recipe_20_HOM,0.1528677,0.1339485,0.18141057,0.15823375,0.19429389,0.17069353
portal,P,word2vec_recipe_20_HOM,0.1299822,0.15376447,0.1518038,0.18173826,0.16054755,0.1931813
outdoors,P,word2vec_recipe_20_HOM,0.2677539,0.30207884,0.33145916,0.38635993,0.35823444,0.4103971
toil,H,word2vec_recipe_20_HOM,0.23437044,0.2042429,0.26566395,0.24004033,0.27850705,0.25166357
monitor,P,word2vec_recipe_20_HOM,0.31071752,0.4049488,0.36855775,0.40723637,0.39193305,0.41693473
dilemma,P,word2vec_recipe_20_HOM,0.13869509,0.15150993,0.16144523,0.18185578,0.17181854,0.19403997
gadget,M,word2vec_recipe_20_HOM,0.20945796,0.2099403,0.25004396,0.2169544,0.26550716,0.2116638
sample,P,word2vec_recipe_20_HOM,0.35190493,0.39329368,0.41558087,0.35712633,0.43471986,0.3539744
staple,H,word2vec_recipe_20_HOM,0.3286674,0.305253,0.37421817,0.32127163,0.3910118,0.32998812
drain,P,word2vec_recipe_20_HOM,0.36691445,0.38141182,0.44193017,0.38947305,0.4685489,0.38826397
buffer,H,word2vec_recipe_20_HOM,0.1794839,0.20968445,0.21074045,0.23664427,0.22433044,0.25043643
success,P,word2vec_recipe_20_HOM,0.25882837,0.18290594,0.2885158,0.18556772,0.30019516,0.19031252
witness,P,word2vec_recipe_20_HOM,0.09477067,0.10249178,0.11319368,0.123872474,0.12222043,0.13707146
thumb,P,word2vec_recipe_20_HOM,0.25667053,0.35344735,0.37453464,0.45473555,0.41843835,0.4577253
velvet,P,word2vec_recipe_20_HOM,0.31515554,0.2632412,0.36259213,0.27418643,0.38022727,0.26855287
stingy,P,word2vec_recipe_20_HOM,0.28725725,0.2502165,0.3351466,0.24439965,0.35240594,0.24995571
parade,P,word2vec_recipe_20_HOM,0.1606816,0.15670484,0.18398821,0.1823448,0.19333643,0.19466567
necklace,M,word2vec_recipe_20_HOM,0.20550716,0.21674637,0.24597783,0.2600178,0.26274577,0.27674177
arise,P,word2vec_recipe_20_HOM,0.20413706,0.17699325,0.23682186,0.21349451,0.25131026,0.21984309
anal,P,word2vec_recipe_20_HOM,0.1468176,0.15707532,0.16956079,0.18097602,0.18027383,0.19283122
cook,P,word2vec_recipe_20_HOM,0.37322953,0.4063601,0.44447175,0.3845351,0.46656775,0.37615636
carpet,P,word2vec_recipe_20_HOM,0.22961803,0.2426407,0.27120245,0.28232664,0.29136175,0.2966338
highlight,P,word2vec_recipe_20_HOM,0.1930211,0.19265926,0.24466322,0.23742197,0.26690495,0.2656634
grizzly,P,word2vec_recipe_20_HOM,0.15709321,0.16130073,0.17877522,0.18779117,0.18777458,0.20015344
blank,P,word2vec_recipe_20_HOM,0.2300225,0.21628037,0.26679787,0.25626153,0.28263864,0.27694708
funk,H,word2vec_recipe_20_HOM,0.182677,0.19444472,0.20731668,0.23083507,0.21813296,0.24582285
enhance,M,word2vec_recipe_20_HOM,0.23019414,0.26213267,0.29446462,0.31899866,0.32509777,0.32615635
shaker,P,word2vec_recipe_20_HOM,0.22946563,0.24073234,0.3055505,0.2692216,0.3413526,0.29917514
phrase,P,word2vec_recipe_20_HOM,0.12134721,0.10846039,0.14386846,0.12980412,0.15392618,0.14353639
perfection,P,word2vec_recipe_20_HOM,0.3191606,0.24959518,0.3553015,0.2738383,0.36856934,0.27484837
scripture,P,word2vec_recipe_20_HOM,0.19219601,0.16054963,0.24041085,0.21267834,0.2591622,0.22602388
sociable,P,word2vec_recipe_20_HOM,0.174763,0.22676872,0.2547992,0.32036185,0.2837056,0.33249894
knuckle,P,word2vec_recipe_20_HOM,0.33001584,0.35631776,0.3938902,0.39745253,0.4204672,0.41445518
shatter,P,word2vec_recipe_20_HOM,0.20929113,0.19144292,0.2479195,0.20392114,0.26252884,0.21707115
dummy,P,word2vec_recipe_20_HOM,0.1782292,0.22292171,0.20560536,0.24696374,0.21747543,0.25884706
bridge,H,word2vec_recipe_20_HOM,0.2513667,0.22841549,0.2845998,0.23897886,0.29783693,0.25018534
grind,P,word2vec_recipe_20_HOM,0.3113637,0.36309487,0.40297765,0.4141594,0.4420224,0.44245675
puzzle,P,word2vec_recipe_20_HOM,0.25315797,0.2559923,0.29832473,0.27720076,0.31785056,0.30180812
skunk,P,word2vec_recipe_20_HOM,0.13330707,0.15360391,0.16201164,0.17601281,0.17384088,0.18467411
viewer,P,word2vec_recipe_20_HOM,0.44146365,0.51426375,0.517138,0.49554843,0.5401953,0.4859532
jest,P,word2vec_recipe_20_HOM,0.18182284,0.22947653,0.22574042,0.30216902,0.24963814,0.32331532
compliment,P,word2vec_recipe_20_HOM,0.2482535,0.32045165,0.30660993,0.36064777,0.32985473,0.35836402
hoot,P,word2vec_recipe_20_HOM,0.17195117,0.15363242,0.19570665,0.1761913,0.20628254,0.18534741
formal,P,word2vec_recipe_20_HOM,0.23688976,0.24332485,0.29011512,0.26725572,0.3072341,0.2552456
pilot,P,word2vec_recipe_20_HOM,0.35021785,0.37046805,0.42311278,0.44240674,0.44840372,0.45512915
harsh,P,word2vec_recipe_20_HOM,0.2284522,0.25625312,0.27064013,0.2642736,0.28833815,0.278538
simple,P,word2vec_recipe_20_HOM,0.3189076,0.3494095,0.36328653,0.38205323,0.380114,0.38621533
bastard,P,word2vec_recipe_20_HOM,0.15519655,0.17877883,0.18300633,0.20574531,0.19710818,0.2222599
gel,P,word2vec_recipe_20_HOM,0.32497618,0.34892085,0.4106274,0.4404251,0.44201156,0.45506552
monastery,M,word2vec_recipe_20_HOM,0.16259876,0.1875677,0.18854858,0.20130692,0.20018223,0.21357241
belly,P,word2vec_recipe_20_HOM,0.28125215,0.34340316,0.36164993,0.40311426,0.38657606,0.41125697
traffic,P,word2vec_recipe_20_HOM,0.21675524,0.22775821,0.24812149,0.24006672,0.26103345,0.24597326
kinky,P,word2vec_recipe_20_HOM,0.18537481,0.214537,0.2169302,0.2509769,0.23198698,0.27254206
rash,H,word2vec_recipe_20_HOM,0.1510472,0.144122,0.1916139,0.20979829,0.21329054,0.22413193
assault,P,word2vec_recipe_20_HOM,0.17093065,0.19283411,0.19912939,0.21948498,0.21014535,0.23147255
cross,P,word2vec_recipe_20_HOM,0.25411868,0.28216282,0.31863227,0.33836767,0.34553728,0.3518109
style,P,word2vec_recipe_20_HOM,0.32823673,0.2890423,0.37318844,0.27779981,0.38760453,0.27244508
pad,H,word2vec_recipe_20_HOM,0.30953878,0.19663216,0.3711077,0.27066818,0.39671105,0.29534712
oatmeal,P,word2vec_recipe_20_HOM,0.28735986,0.3701358,0.35010383,0.3382315,0.37429577,0.33269483
facial,P,word2vec_recipe_20_HOM,0.25966048,0.28526145,0.31447753,0.31671393,0.3382049,0.33617294
delight,P,word2vec_recipe_20_HOM,0.24314666,0.25235236,0.29333937,0.23267503,0.31065488,0.23707302
ether,P,word2vec_recipe_20_HOM,0.14534344,0.18182613,0.17342703,0.22242281,0.18516335,0.24042058
stomach,P,word2vec_recipe_20_HOM,0.24359527,0.2521557,0.31245723,0.33323425,0.3386422,0.35950986
diaper,P,word2vec_recipe_20_HOM,0.26650602,0.27610844,0.31573638,0.32802394,0.33649662,0.33724526
syndrome,P,word2vec_recipe_20_HOM,0.12226911,0.13453336,0.1451455,0.15283786,0.1552784,0.16192909
expertise,M,word2vec_recipe_20_HOM,0.09594685,0.099263266,0.11380825,0.12924463,0.12282616,0.14109232
army,P,word2vec_recipe_20_HOM,0.29728663,0.24077313,0.33516586,0.22561906,0.34898987,0.2342938
roadside,P,word2vec_recipe_20_HOM,0.20817053,0.20055729,0.23656285,0.21509421,0.24765484,0.2264168
appetizer,M,word2vec_recipe_20_HOM,0.28804505,0.3713292,0.41237542,0.4575213,0.44636014,0.4451753
float,P,word2vec_recipe_20_HOM,0.4307422,0.41181222,0.5045022,0.4582793,0.5286795,0.4688709
challenge,P,word2vec_recipe_20_HOM,0.22014062,0.18653059,0.24582997,0.19118315,0.25582388,0.19947432
lonely,P,word2vec_recipe_20_HOM,0.13598499,0.13338941,0.15621668,0.14923887,0.16521598,0.1611709
sauce,P,word2vec_recipe_20_HOM,0.2631797,0.2818415,0.3488897,0.31640342,0.38255095,0.3455335
commence,M,word2vec_recipe_20_HOM,0.21904652,0.18308252,0.24822965,0.20850803,0.25997397,0.21209368
goof,P,word2vec_recipe_20_HOM,0.19296892,0.16342442,0.22895825,0.1930117,0.24330485,0.20042337
galley,P,word2vec_recipe_20_HOM,0.12686476,0.12910317,0.14656177,0.15579124,0.15675008,0.17165582
tradition,P,word2vec_recipe_20_HOM,0.22181459,0.20538726,0.25986266,0.23483498,0.2740966,0.23381592
cheap,P,word2vec_recipe_20_HOM,0.24561493,0.28714654,0.28564814,0.2686907,0.30000708,0.26957765
fantastic,P,word2vec_recipe_20_HOM,0.17426214,0.23644766,0.26342955,0.3270657,0.29538214,0.3384303
delicious,P,word2vec_recipe_20_HOM,0.18373376,0.24824189,0.2834473,0.3606481,0.32071343,0.36491147
frail,H,word2vec_recipe_20_HOM,0.1124586,0.12534277,0.12813061,0.1374699,0.13545832,0.14533797
funnel,P,word2vec_recipe_20_HOM,0.38860503,0.41978303,0.4518663,0.47115308,0.4773558,0.49916056
hedge,P,word2vec_recipe_20_HOM,0.1512732,0.1426229,0.17319575,0.17349485,0.18221115,0.18714301
uncertain,P,word2vec_recipe_20_HOM,0.12726599,0.12547617,0.14627768,0.14097646,0.1559397,0.1509335
depression,P,word2vec_recipe_20_HOM,0.2760375,0.3324045,0.41964847,0.4776203,0.4616088,0.49560487
temptation,P,word2vec_recipe_20_HOM,0.36422694,0.37183812,0.42176065,0.33071175,0.4396587,0.3275485
jail,P,word2vec_recipe_20_HOM,0.1495395,0.16486675,0.18114465,0.18432161,0.19439587,0.1936499
depend,P,word2vec_recipe_20_HOM,0.28544417,0.36172593,0.41192284,0.41703808,0.45215264,0.40597466
diner,P,word2vec_recipe_20_HOM,0.35307133,0.34701738,0.4310221,0.3728838,0.45201707,0.37901017
quail,H,word2vec_recipe_20_HOM,0.27631012,0.27413413,0.37995893,0.44315615,0.41936034,0.47135824
space,P,word2vec_recipe_20_HOM,0.35262984,0.45610332,0.42547154,0.4190456,0.44885468,0.39386216
slum,P,word2vec_recipe_20_HOM,0.12323946,0.14031377,0.14367147,0.16431522,0.1534346,0.1728248
hip,H,word2vec_recipe_20_HOM,0.31949934,0.32822093,0.37847877,0.3795908,0.40075973,0.40307358
fix,P,word2vec_recipe_20_HOM,0.35227317,0.31621018,0.39055207,0.31180423,0.40514943,0.32935482
persist,P,word2vec_recipe_20_HOM,0.099337384,0.10921883,0.11826215,0.13356765,0.12873495,0.15278392
serve,P,word2vec_recipe_20_HOM,0.29799038,0.37227035,0.4298909,0.42935172,0.4732842,0.43524536
range,P,word2vec_recipe_20_HOM,0.3453314,0.3507838,0.4112364,0.39605176,0.4345289,0.39869863
foolish,P,word2vec_recipe_20_HOM,0.11493176,0.10493013,0.13597378,0.13082072,0.1456277,0.14325726
explosive,P,word2vec_recipe_20_HOM,0.16924341,0.15872088,0.19435887,0.17734957,0.20442665,0.18149161
immune,P,word2vec_recipe_20_HOM,0.14978907,0.14930046,0.19050154,0.19990784,0.21058846,0.21956915
thrive,P,word2vec_recipe_20_HOM,0.14975111,0.13969499,0.17230973,0.16676836,0.18300694,0.17651486
synthetic,P,word2vec_recipe_20_HOM,0.1944073,0.22617015,0.22908115,0.25265434,0.24327059,0.2687492
blah,P,word2vec_recipe_20_HOM,0.13464376,0.12054485,0.15582204,0.14780442,0.16608307,0.15789953
compromise,P,word2vec_recipe_20_HOM,0.15500061,0.13232681,0.18096271,0.15181524,0.19213793,0.16705576
cucumber,P,word2vec_recipe_20_HOM,0.24951687,0.32152745,0.33171436,0.38114545,0.362846,0.39161307
illness,P,word2vec_recipe_20_HOM,0.37317747,0.33658624,0.45530528,0.2988806,0.47398797,0.29638594
sketchy,P,word2vec_recipe_20_HOM,0.06975929,0.09363068,0.089584135,0.12289064,0.098745175,0.13736272
calcium,P,word2vec_recipe_20_HOM,0.1912899,0.16243313,0.25487202,0.18967715,0.2863765,0.16740327
bulk,P,word2vec_recipe_20_HOM,0.34502998,0.31336865,0.48125434,0.49220932,0.52859324,0.51344573
iceberg,P,word2vec_recipe_20_HOM,0.2701715,0.30881852,0.37403104,0.39743707,0.41076282,0.40769327
arm,H,word2vec_recipe_20_HOM,0.33331102,0.27390245,0.38741606,0.3204283,0.40426868,0.33264625
vanishing,P,word2vec_recipe_20_HOM,0.12757011,0.115951195,0.16168524,0.16417372,0.1785025,0.18074624
cease,P,word2vec_recipe_20_HOM,0.259162,0.2844273,0.30581105,0.3160187,0.32654586,0.3199066
faucet,M,word2vec_recipe_20_HOM,0.35014063,0.39468688,0.41100425,0.43190214,0.43690896,0.4521478
shudder,P,word2vec_recipe_20_HOM,0.10088824,0.100495465,0.11868862,0.11769541,0.12912288,0.13348804
mission,P,word2vec_recipe_20_HOM,0.32096165,0.28708002,0.36069867,0.34535924,0.3757292,0.3514886
campaign,P,word2vec_recipe_20_HOM,0.10910909,0.13179874,0.12933825,0.14580606,0.13954693,0.15745455
secondary,P,word2vec_recipe_20_HOM,0.23744094,0.2663565,0.30267146,0.33617833,0.3265893,0.3522713
uneasy,P,word2vec_recipe_20_HOM,0.106362306,0.11329334,0.12813829,0.14371401,0.1382189,0.15990882
anxiety,P,word2vec_recipe_20_HOM,0.15979984,0.15435511,0.18587603,0.17758633,0.19723618,0.18383035
savior,P,word2vec_recipe_20_HOM,0.1425657,0.16142468,0.16425535,0.18740255,0.17486015,0.19976725
clarify,P,word2vec_recipe_20_HOM,0.41852736,0.40357834,0.47004563,0.4220493,0.4869161,0.40149865
acute,P,word2vec_recipe_20_HOM,0.2083941,0.22989401,0.25493622,0.26891178,0.2754243,0.27940246
patent,P,word2vec_recipe_20_HOM,0.25967684,0.27903846,0.30603793,0.31150332,0.32255933,0.3133423
muddy,P,word2vec_recipe_20_HOM,0.33349273,0.39284477,0.38058415,0.40206105,0.39670396,0.39051083
thunder,P,word2vec_recipe_20_HOM,0.2050164,0.18223819,0.23387352,0.19936101,0.24538665,0.20942871
pose,H,word2vec_recipe_20_HOM,0.14250883,0.13747697,0.16346411,0.16141114,0.17279938,0.16963597
bounce,P,word2vec_recipe_20_HOM,0.37044376,0.4166891,0.44329464,0.4255395,0.46714363,0.42510274
total,P,word2vec_recipe_20_HOM,0.27141896,0.09229519,0.30129156,0.09532434,0.3146759,0.101168394
lesson,P,word2vec_recipe_20_HOM,0.09179362,0.096643776,0.11130419,0.12387205,0.12148005,0.13719068
judge,P,word2vec_recipe_20_HOM,0.2650643,0.23021713,0.30661952,0.2286393,0.3193486,0.22056144
female,P,word2vec_recipe_20_HOM,0.1879819,0.22729573,0.22938237,0.24380249,0.24539982,0.25230724
scenario,P,word2vec_recipe_20_HOM,0.11968072,0.11843807,0.14097151,0.13254778,0.15035406,0.14229655
pistol,P,word2vec_recipe_20_HOM,0.1580261,0.15402943,0.18378167,0.18324164,0.19376054,0.19562927
dissolve,P,word2vec_recipe_20_HOM,0.3293168,0.36850712,0.42775467,0.42389765,0.46428025,0.43437374
chick,P,word2vec_recipe_20_HOM,0.29980928,0.32534486,0.39249286,0.37160766,0.43097213,0.41153407
squash,H,word2vec_recipe_20_HOM,0.27356377,0.33981368,0.3877878,0.43243477,0.42923012,0.43938085
gazelle,M,word2vec_recipe_20_HOM,0.14080901,0.15773655,0.17256773,0.19933829,0.1867894,0.2151979
veal,P,word2vec_recipe_20_HOM,0.26282892,0.35541224,0.35605267,0.4427341,0.39409322,0.45125684
pile,H,word2vec_recipe_20_HOM,0.35122535,0.44300437,0.44133472,0.4380136,0.46798158,0.43411952
loser,P,word2vec_recipe_20_HOM,0.16674198,0.13243414,0.19795057,0.16889082,0.21080318,0.1826477
boast,P,word2vec_recipe_20_HOM,0.16584046,0.17035381,0.19752836,0.20696194,0.2094933,0.2187534
clasp,P,word2vec_recipe_20_HOM,0.22765645,0.24286743,0.29010683,0.3145131,0.3143128,0.3300524
proximity,M,word2vec_recipe_20_HOM,0.19864416,0.217483,0.23120739,0.24767241,0.24570209,0.25424758
sensory,P,word2vec_recipe_20_HOM,0.13191566,0.14790605,0.15057215,0.16287515,0.15931046,0.1680293
permission,P,word2vec_recipe_20_HOM,0.20115666,0.17844296,0.24885128,0.22064324,0.2680277,0.23045933
lover,P,word2vec_recipe_20_HOM,0.2910243,0.2248518,0.33223015,0.2465805,0.3478018,0.24948171
starter,P,word2vec_recipe_20_HOM,0.29667833,0.35489503,0.38835952,0.42617178,0.42215317,0.45002696
pro,H,word2vec_recipe_20_HOM,0.32979172,0.24930915,0.3715105,0.20924328,0.38609427,0.17413434
poverty,P,word2vec_recipe_20_HOM,0.13088472,0.13642243,0.15299727,0.15404366,0.16145317,0.16136044
random,P,word2vec_recipe_20_HOM,0.34648827,0.34625408,0.39349356,0.34101424,0.4114169,0.3452183
lethal,M,word2vec_recipe_20_HOM,0.14382735,0.16287068,0.17293881,0.18461876,0.1848138,0.20022282
indoor,M,word2vec_recipe_20_HOM,0.29008475,0.33873394,0.39327577,0.41008052,0.43797278,0.43545786
staff,H,word2vec_recipe_20_HOM,0.22107682,0.16548584,0.24705888,0.18213515,0.25803635,0.19350867
unattended,M,word2vec_recipe_20_HOM,0.2896004,0.21161127,0.33240345,0.23029865,0.34947273,0.24443723
torch,P,word2vec_recipe_20_HOM,0.35885406,0.4447219,0.4765807,0.5099977,0.50848955,0.5052385
official,P,word2vec_recipe_20_HOM,0.20326963,0.18544334,0.23175514,0.19875118,0.2426796,0.20977038
obtain,P,word2vec_recipe_20_HOM,0.34917685,0.38490447,0.42566273,0.39262325,0.45569322,0.40600473
gown,P,word2vec_recipe_20_HOM,0.14588992,0.16100098,0.17679134,0.21943676,0.19290408,0.24853067
blackjack,P,word2vec_recipe_20_HOM,0.13044584,0.15518804,0.15906428,0.19015025,0.16964863,0.20088854
sodium,M,word2vec_recipe_20_HOM,0.18266825,0.1442849,0.22996114,0.1239401,0.24496265,0.10369668
outrageous,P,word2vec_recipe_20_HOM,0.19762437,0.19972122,0.22658007,0.23063953,0.23944446,0.24018626
plunge,P,word2vec_recipe_20_HOM,0.3367065,0.3887111,0.45912758,0.46368292,0.5006409,0.4891863
coach,P,word2vec_recipe_20_HOM,0.15639609,0.14622289,0.17980792,0.17523767,0.1897613,0.1813645
rude,P,word2vec_recipe_20_HOM,0.0891044,0.09947708,0.104303576,0.12477832,0.11199317,0.1349641
church,P,word2vec_recipe_20_HOM,0.26959476,0.2966058,0.3126888,0.29020616,0.32997188,0.2923975
rock,H,word2vec_recipe_20_HOM,0.4642625,0.49269402,0.5091239,0.47037852,0.5260681,0.47116035
offensive,P,word2vec_recipe_20_HOM,0.09325351,0.11795988,0.109295584,0.13159457,0.11720522,0.14190184
strawberry,P,word2vec_recipe_20_HOM,0.2249599,0.28616637,0.31562358,0.3376061,0.34459957,0.3403652
invitation,P,word2vec_recipe_20_HOM,0.14270386,0.14739764,0.17015009,0.17903028,0.18020155,0.18486455
gloss,H,word2vec_recipe_20_HOM,0.3768322,0.40752333,0.47293067,0.46809107,0.5030442,0.47924256
mistletoe,P,word2vec_recipe_20_HOM,0.18088439,0.19430618,0.21373495,0.23078288,0.22842106,0.24593972
rot,P,word2vec_recipe_20_HOM,0.22005443,0.20747152,0.2528672,0.2334233,0.2659668,0.25081515
possess,P,word2vec_recipe_20_HOM,0.13894296,0.117252804,0.1616953,0.13817193,0.17170976,0.14851949
lottery,P,word2vec_recipe_20_HOM,0.17067096,0.18016128,0.19686931,0.20468736,0.20758434,0.21327451
invaluable,M,word2vec_recipe_20_HOM,0.10843501,0.11308024,0.12731925,0.13027106,0.13596189,0.14356022
jiffy,M,word2vec_recipe_20_HOM,0.36817008,0.35560822,0.41363862,0.30483925,0.42953122,0.30206606
hermit,P,word2vec_recipe_20_HOM,0.099057056,0.11084608,0.1366062,0.16367686,0.15427989,0.17749439
token,P,word2vec_recipe_20_HOM,0.15575388,0.1316459,0.17705174,0.15371925,0.18663514,0.16531314
telephone,P,word2vec_recipe_20_HOM,0.2405897,0.23520087,0.28326187,0.22705767,0.29918408,0.23702413
complain,P,word2vec_recipe_20_HOM,0.12052083,0.11356768,0.1411935,0.12535504,0.15181164,0.13644247
atop,P,word2vec_recipe_20_HOM,0.34908277,0.40058476,0.419444,0.41313177,0.4447483,0.43654698
horsepower,P,word2vec_recipe_20_HOM,0.24695742,0.25741622,0.30199444,0.28035927,0.32155037,0.297112
harp,P,word2vec_recipe_20_HOM,0.1871059,0.21957439,0.2166834,0.25321802,0.23094872,0.2691066
joke,P,word2vec_recipe_20_HOM,0.16738583,0.1444034,0.19424236,0.16310427,0.20510654,0.17045614
bald,P,word2vec_recipe_20_HOM,0.2717092,0.25168982,0.32513115,0.2812235,0.34392262,0.28773713
fuzzy,P,word2vec_recipe_20_HOM,0.25612,0.26828307,0.37008506,0.38181895,0.4114032,0.41420177
turf,P,word2vec_recipe_20_HOM,0.2183642,0.19364795,0.26165345,0.23186296,0.27876005,0.24791704
sword,P,word2vec_recipe_20_HOM,0.3159532,0.37137508,0.35552272,0.38936135,0.37260535,0.40374887
library,P,word2vec_recipe_20_HOM,0.12991205,0.111338384,0.15650867,0.14293444,0.16841672,0.15952002
third,P,word2vec_recipe_20_HOM,0.38676327,0.5267272,0.4732658,0.47194833,0.50340563,0.46532696
thermostat,M,word2vec_recipe_20_HOM,0.22990182,0.25884047,0.2778345,0.29428697,0.30041265,0.3100989
sprinkle,P,word2vec_recipe_20_HOM,0.26679364,0.31767026,0.38186082,0.37947783,0.4179152,0.38092455
obscure,P,word2vec_recipe_20_HOM,0.10327463,0.11381443,0.123395346,0.14179492,0.13274379,0.15333906
unfamiliar,P,word2vec_recipe_20_HOM,0.16454451,0.14586815,0.18802792,0.15885232,0.19969475,0.17053854
ferret,P,word2vec_recipe_20_HOM,0.1674773,0.19239023,0.19242786,0.22662449,0.20261593,0.2327726
complaint,P,word2vec_recipe_20_HOM,0.084680684,0.09923936,0.102087915,0.12070996,0.11032562,0.13522126
inch,P,word2vec_recipe_20_HOM,0.23795655,0.2794157,0.33516935,0.35227957,0.3727877,0.35664165
convince,M,word2vec_recipe_20_HOM,0.07936424,0.093764074,0.09710842,0.11584282,0.10703108,0.13053748
peasant,P,word2vec_recipe_20_HOM,0.2909152,0.33557737,0.3457267,0.3675208,0.36649188,0.3733054
fiery,P,word2vec_recipe_20_HOM,0.26101634,0.29759723,0.31796122,0.32962826,0.33725724,0.3239916
entire,P,word2vec_recipe_20_HOM,0.40672153,0.3141705,0.4550204,0.36561233,0.47136152,0.37748843
rump,P,word2vec_recipe_20_HOM,0.28440776,0.35158864,0.35595676,0.38887036,0.38865143,0.3978817
awake,P,word2vec_recipe_20_HOM,0.24880166,0.22434944,0.28370214,0.25511855,0.29996207,0.28198946
toast,H,word2vec_recipe_20_HOM,0.36805338,0.3960028,0.4508201,0.4451924,0.48282295,0.46379775
reaction,P,word2vec_recipe_20_HOM,0.23624268,0.24732208,0.2904068,0.2762543,0.31138554,0.28260538
quest,P,word2vec_recipe_20_HOM,0.1790955,0.16669708,0.20303898,0.18247992,0.21393284,0.19948968
yogurt,M,word2vec_recipe_20_HOM,0.3118662,0.40615126,0.39583534,0.4591255,0.42699528,0.46845394
common,P,word2vec_recipe_20_HOM,0.24817705,0.2783695,0.29210114,0.29025277,0.30858275,0.29429257
fluff,P,word2vec_recipe_20_HOM,0.45581713,0.5018724,0.55998945,0.5474629,0.5908966,0.55030715
rich,P,word2vec_recipe_20_HOM,0.29785562,0.33744395,0.36459297,0.40685353,0.39414376,0.41726622
mistress,P,word2vec_recipe_20_HOM,0.14334767,0.16440502,0.16561949,0.1964036,0.17454487,0.20729126
reload,M,word2vec_recipe_20_HOM,0.1921499,0.18570408,0.22289605,0.22948179,0.23569503,0.24439155
aroma,P,word2vec_recipe_20_HOM,0.25716445,0.32755744,0.37341332,0.40981957,0.4133532,0.44440177
model,P,word2vec_recipe_20_HOM,0.2655956,0.2865268,0.33490464,0.35797364,0.36110902,0.369895
social,P,word2vec_recipe_20_HOM,0.16457613,0.1593853,0.18870927,0.17623706,0.20062809,0.1863555
pregnant,P,word2vec_recipe_20_HOM,0.19183245,0.17032528,0.22704242,0.19325045,0.24049568,0.19593747
disturb,P,word2vec_recipe_20_HOM,0.35130876,0.37328246,0.43320596,0.42691484,0.4655748,0.43120039
peel,H,word2vec_recipe_20_HOM,0.31238136,0.36826515,0.40755433,0.4228954,0.44010743,0.4435932
cleanse,P,word2vec_recipe_20_HOM,0.20559473,0.19783944,0.25243017,0.2652398,0.27515748,0.28676927
puff,P,word2vec_recipe_20_HOM,0.34613374,0.41283607,0.41784176,0.44615322,0.4424013,0.44013917
overdose,P,word2vec_recipe_20_HOM,0.15260597,0.19647259,0.1824063,0.23281573,0.19544777,0.24469422
brain,P,word2vec_recipe_20_HOM,0.29512545,0.2915494,0.3427711,0.32154918,0.36172086,0.3244523
cigarette,M,word2vec_recipe_20_HOM,0.2139642,0.24180005,0.25764933,0.27590448,0.2758913,0.2933518
grief,P,word2vec_recipe_20_HOM,0.11544895,0.11537174,0.13599528,0.13302015,0.1460394,0.14302883
bungalow,M,word2vec_recipe_20_HOM,0.13851911,0.14879663,0.16600722,0.18848193,0.17690821,0.20114253
heresy,P,word2vec_recipe_20_HOM,0.078483865,0.08946396,0.093889005,0.116581395,0.10189305,0.13235436
union,P,word2vec_recipe_20_HOM,0.29129207,0.22290337,0.3277933,0.22143884,0.34128663,0.22313464
wartime,M,word2vec_recipe_20_HOM,0.13367972,0.14441353,0.15510556,0.1670006,0.1643129,0.18179265
bathe,P,word2vec_recipe_20_HOM,0.3709152,0.44921494,0.43193623,0.43640557,0.45217988,0.4404082
avoid,P,word2vec_recipe_20_HOM,0.29993773,0.3739582,0.39645177,0.45610386,0.43442237,0.45466432
sweetie,M,word2vec_recipe_20_HOM,0.18890539,0.20078067,0.21520403,0.22735186,0.22688666,0.23638833
greed,M,word2vec_recipe_20_HOM,0.27727765,0.27735084,0.31078205,0.30023468,0.32588685,0.31762365
short,P,word2vec_recipe_20_HOM,0.39546472,0.44085965,0.46462595,0.46491006,0.4898611,0.45134526
trailer,P,word2vec_recipe_20_HOM,0.16968058,0.15973029,0.19303355,0.1829756,0.20433901,0.19214746
booze,P,word2vec_recipe_20_HOM,0.25013152,0.26388547,0.30038613,0.3120823,0.32178345,0.3322883
lobe,P,word2vec_recipe_20_HOM,0.31666517,0.36807686,0.36724457,0.3562183,0.3858245,0.36782503
negative,P,word2vec_recipe_20_HOM,0.1728785,0.14829351,0.19558258,0.16336821,0.20612213,0.17246364
bicycle,P,word2vec_recipe_20_HOM,0.21676087,0.2210653,0.25930333,0.26147354,0.27850208,0.28279844
circular,P,word2vec_recipe_20_HOM,0.30472916,0.34900525,0.3627179,0.360681,0.3835565,0.35969293
creature,P,word2vec_recipe_20_HOM,0.18485191,0.18878594,0.22248672,0.24114485,0.23901674,0.26345035
farmhouse,M,word2vec_recipe_20_HOM,0.25036508,0.26706803,0.28740677,0.2840742,0.30170202,0.29190758
heaven,P,word2vec_recipe_20_HOM,0.2782207,0.28025162,0.32774144,0.32814404,0.34601527,0.3279291
persistent,P,word2vec_recipe_20_HOM,0.13422737,0.12675837,0.1556626,0.15297207,0.1664217,0.16819
chap,H,word2vec_recipe_20_HOM,0.1266289,0.13346222,0.1590339,0.16851887,0.1774982,0.19319473
avocado,P,word2vec_recipe_20_HOM,0.24280348,0.32963628,0.33196568,0.37381956,0.36314592,0.37837282
sneak,P,word2vec_recipe_20_HOM,0.24575949,0.19465725,0.2830025,0.20503081,0.2968513,0.21439478
swine,P,word2vec_recipe_20_HOM,0.11799061,0.14185733,0.13730684,0.16141404,0.14515354,0.17073096
organ,P,word2vec_recipe_20_HOM,0.2104064,0.23773865,0.26036662,0.27884674,0.2790586,0.29263437
nifty,M,word2vec_recipe_20_HOM,0.17761669,0.14784506,0.20398167,0.17039979,0.21433765,0.18102479
imminent,M,word2vec_recipe_20_HOM,0.19091044,0.19858097,0.22006966,0.21162502,0.23350473,0.21539648
voice,P,word2vec_recipe_20_HOM,0.116505526,0.115112856,0.13786215,0.13833357,0.1470909,0.15305534
memory,P,word2vec_recipe_20_HOM,0.16637897,0.18634194,0.19790377,0.19530508,0.211362,0.20388378
lumber,H,word2vec_recipe_20_HOM,0.14648363,0.1515178,0.17061274,0.16856095,0.1806308,0.17858475
broadcast,P,word2vec_recipe_20_HOM,0.12364738,0.13247982,0.14364459,0.15050901,0.15370326,0.16281514
famous,P,word2vec_recipe_20_HOM,0.1699351,0.17638607,0.19930041,0.19818753,0.21357197,0.20762691
speck,P,word2vec_recipe_20_HOM,0.3376475,0.36046848,0.41871545,0.44596133,0.4464791,0.46564808
pickle,P,word2vec_recipe_20_HOM,0.2785623,0.35263434,0.37667614,0.4256252,0.41300002,0.43679288
unhappy,P,word2vec_recipe_20_HOM,0.11489253,0.114455044,0.13372566,0.12858114,0.14219494,0.14357485
tropical,P,word2vec_recipe_20_HOM,0.2597509,0.30799133,0.31827173,0.34096986,0.34109336,0.33810717
loyal,M,word2vec_recipe_20_HOM,0.08537817,0.09774473,0.104550734,0.12650247,0.113927,0.1393857
comfy,M,word2vec_recipe_20_HOM,0.17897113,0.17014162,0.20984364,0.19080171,0.22175835,0.19471258
retract,P,word2vec_recipe_20_HOM,0.15189493,0.17672266,0.18417509,0.2129442,0.19800289,0.22319046
balcony,P,word2vec_recipe_20_HOM,0.17725225,0.16793782,0.20709734,0.2013668,0.21950574,0.20314658
combo,P,word2vec_recipe_20_HOM,0.30513218,0.3096747,0.35246027,0.32047445,0.3707181,0.3244275
friction,P,word2vec_recipe_20_HOM,0.22377309,0.23251213,0.26659364,0.27033126,0.28521952,0.286073
canvas,P,word2vec_recipe_20_HOM,0.257859,0.26218608,0.32692027,0.36144206,0.35202885,0.37756178
domain,P,word2vec_recipe_20_HOM,0.12866086,0.12599373,0.1577215,0.17186767,0.17226934,0.20123334
baseball,P,word2vec_recipe_20_HOM,0.27513346,0.33518216,0.33159882,0.35637268,0.3541192,0.36492315
growth,P,word2vec_recipe_20_HOM,0.22405663,0.21920212,0.27648425,0.26136187,0.2996786,0.2726101
putter,H,word2vec_recipe_20_HOM,0.27582723,0.25723973,0.33188343,0.29761463,0.3552117,0.3163399
thirst,P,word2vec_recipe_20_HOM,0.17861336,0.21753363,0.22991057,0.2730144,0.24883175,0.29542804
instant,P,word2vec_recipe_20_HOM,0.40415245,0.3604029,0.47254354,0.44571543,0.49651894,0.45883876
crown,P,word2vec_recipe_20_HOM,0.39588517,0.32726347,0.441325,0.37802073,0.4583951,0.40841445
gold,P,word2vec_recipe_20_HOM,0.4029379,0.5121935,0.48829132,0.5181373,0.51281285,0.51164895
insurance,P,word2vec_recipe_20_HOM,0.26367813,0.2533402,0.30858484,0.2256888,0.32440412,0.23000686
merchant,P,word2vec_recipe_20_HOM,0.11387595,0.14348255,0.13509314,0.1702332,0.14393798,0.18292989
cavern,P,word2vec_recipe_20_HOM,0.22550389,0.26589817,0.26464036,0.3040101,0.27959827,0.31715304
satin,P,word2vec_recipe_20_HOM,0.37987778,0.44261956,0.43674004,0.42076334,0.45680076,0.4174541
riddle,H,word2vec_recipe_20_HOM,0.2353067,0.25489098,0.2692003,0.29978457,0.28255767,0.3213105
double,P,word2vec_recipe_20_HOM,0.36677003,0.38405788,0.47894612,0.4541828,0.5150967,0.45000878
copy,P,word2vec_recipe_20_HOM,0.2509126,0.27001384,0.2893904,0.27937773,0.30489972,0.2761614
error,P,word2vec_recipe_20_HOM,0.26931748,0.15442036,0.30065885,0.18529788,0.31455567,0.19474423
deduct,P,word2vec_recipe_20_HOM,0.2035037,0.21025535,0.23714228,0.23838675,0.2510015,0.2512931
ghost,P,word2vec_recipe_20_HOM,0.27253073,0.23884577,0.3251623,0.28586873,0.3530987,0.30931112
assumption,P,word2vec_recipe_20_HOM,0.0799472,0.09077429,0.0954546,0.117522255,0.103531905,0.13021858
filter,P,word2vec_recipe_20_HOM,0.24634814,0.33174974,0.3528922,0.4376749,0.40043503,0.47744077
gasp,P,word2vec_recipe_20_HOM,0.15694651,0.11599789,0.17890339,0.14219664,0.18800297,0.15170926
festive,P,word2vec_recipe_20_HOM,0.2884423,0.36472428,0.3661746,0.44015,0.39763477,0.46127167
faithful,P,word2vec_recipe_20_HOM,0.12607518,0.12225235,0.15008612,0.15124808,0.16091011,0.1669466
upper,P,word2vec_recipe_20_HOM,0.31352204,0.2953018,0.42218247,0.41684058,0.45892134,0.4291472
slip,H,word2vec_recipe_20_HOM,0.37064818,0.46038163,0.4588006,0.4859292,0.48475674,0.47181627
milk,P,word2vec_recipe_20_HOM,0.29397357,0.37355587,0.37125766,0.3813293,0.40067247,0.37489244
album,P,word2vec_recipe_20_HOM,0.1817078,0.1995966,0.20693809,0.22027446,0.2173412,0.2333355
lingo,M,word2vec_recipe_20_HOM,0.1671701,0.15689377,0.19265147,0.18196264,0.20269535,0.19598833
tingle,P,word2vec_recipe_20_HOM,0.17377043,0.18436424,0.20361525,0.20942469,0.21508202,0.21459606
cheese,P,word2vec_recipe_20_HOM,0.24256976,0.27252236,0.32084137,0.33867112,0.35494623,0.36099046
vampire,P,word2vec_recipe_20_HOM,0.19832893,0.241698,0.23986709,0.2775907,0.25846386,0.29967788
autumn,M,word2vec_recipe_20_HOM,0.26746875,0.3634755,0.32628927,0.3720304,0.34465194,0.35725027
noisy,P,word2vec_recipe_20_HOM,0.17424439,0.14583758,0.20236123,0.16616333,0.21496543,0.1839106
tower,H,word2vec_recipe_20_HOM,0.41254824,0.41582048,0.4689398,0.42459932,0.48938465,0.43231583
fingernail,M,word2vec_recipe_20_HOM,0.25920397,0.27236354,0.30903488,0.3186816,0.32878348,0.33288163
humility,M,word2vec_recipe_20_HOM,0.17552236,0.20074588,0.2027126,0.20001912,0.21392122,0.20907754
cave,P,word2vec_recipe_20_HOM,0.21359865,0.17085452,0.2419487,0.19578597,0.25531125,0.21296489
magazine,P,word2vec_recipe_20_HOM,0.21424444,0.22151895,0.27376336,0.27864704,0.30032942,0.28188184
brat,M,word2vec_recipe_20_HOM,0.2999081,0.3720173,0.37455222,0.41454858,0.40618744,0.40999737
crush,P,word2vec_recipe_20_HOM,0.3577571,0.44175676,0.45615125,0.5312748,0.49194527,0.537373
fatal,P,word2vec_recipe_20_HOM,0.1708014,0.17895769,0.19495733,0.19211663,0.20619118,0.20220236
aggression,P,word2vec_recipe_20_HOM,0.27979097,0.28085473,0.32741275,0.29386333,0.344199,0.31130296
gallon,P,word2vec_recipe_20_HOM,0.28912222,0.34942752,0.38592166,0.42787287,0.42435363,0.4532027
leg,P,word2vec_recipe_20_HOM,0.26288167,0.3467785,0.3412418,0.42063066,0.37447098,0.43697992
attentive,P,word2vec_recipe_20_HOM,0.1452511,0.13025813,0.17124496,0.16752136,0.18263543,0.17242081
trail,P,word2vec_recipe_20_HOM,0.44441175,0.5267576,0.5264001,0.49630973,0.5497905,0.4925735
ferocious,P,word2vec_recipe_20_HOM,0.14434095,0.14311515,0.16676441,0.16879323,0.17734508,0.1843075
silverware,P,word2vec_recipe_20_HOM,0.23379986,0.22715901,0.26619026,0.24303328,0.2788926,0.25278223
sinner,M,word2vec_recipe_20_HOM,0.15130481,0.1631102,0.17453107,0.18582742,0.18441917,0.200146
oven,M,word2vec_recipe_20_HOM,0.3576394,0.32092407,0.42055017,0.33271548,0.44134519,0.3514656
unwind,P,word2vec_recipe_20_HOM,0.231635,0.21081054,0.27034438,0.25834203,0.28623334,0.28030887
coronation,M,word2vec_recipe_20_HOM,0.15339074,0.16823073,0.18236172,0.19744124,0.19413124,0.20838118
barge,P,word2vec_recipe_20_HOM,0.10625781,0.12738007,0.12792829,0.16762158,0.13724013,0.17702119
sand,P,word2vec_recipe_20_HOM,0.34505433,0.4302024,0.45005694,0.49617413,0.48245278,0.5087729
purchase,P,word2vec_recipe_20_HOM,0.2522476,0.28172684,0.34156495,0.3541492,0.370664,0.35395753
tan,P,word2vec_recipe_20_HOM,0.2972931,0.35351956,0.38313526,0.42852062,0.42576104,0.45456338
tangle,P,word2vec_recipe_20_HOM,0.31081003,0.2943896,0.3509211,0.3590452,0.36743453,0.37095052
hover,P,word2vec_recipe_20_HOM,0.22362642,0.20712674,0.2596878,0.20259394,0.27388075,0.20678668
tumor,P,word2vec_recipe_20_HOM,0.106410995,0.12939171,0.1336636,0.16705394,0.14640707,0.18197301
slam,H,word2vec_recipe_20_HOM,0.32462734,0.35802564,0.3915502,0.38671154,0.41371718,0.39176717
moral,P,word2vec_recipe_20_HOM,0.16857241,0.15351671,0.20785202,0.16499738,0.22039372,0.17356448
ditch,P,word2vec_recipe_20_HOM,0.35393518,0.3394894,0.39928707,0.3727631,0.4167963,0.3828131
flesh,P,word2vec_recipe_20_HOM,0.3502583,0.41808453,0.430216,0.4597648,0.46000874,0.47738984
dim,P,word2vec_recipe_20_HOM,0.25356477,0.29820836,0.33025563,0.3259891,0.3591712,0.33107626
instinct,P,word2vec_recipe_20_HOM,0.11340572,0.12263502,0.1347095,0.14062653,0.14353341,0.14974898
demand,P,word2vec_recipe_20_HOM,0.16488932,0.1698885,0.18716739,0.18934837,0.19807556,0.19449507
royalty,P,word2vec_recipe_20_HOM,0.16370626,0.1833207,0.18684763,0.19989926,0.19652003,0.21337447
irregular,P,word2vec_recipe_20_HOM,0.32497665,0.31662703,0.38873142,0.36749747,0.41360915,0.37683675
pub,M,word2vec_recipe_20_HOM,0.2542594,0.25913554,0.28738746,0.26472133,0.3005529,0.26481393
crumb,P,word2vec_recipe_20_HOM,0.30425945,0.35730404,0.37881175,0.39671713,0.41375428,0.41221368
extent,P,word2vec_recipe_20_HOM,0.17422482,0.15091847,0.20156725,0.19457507,0.21214324,0.20005518
deploy,P,word2vec_recipe_20_HOM,0.14901415,0.18136644,0.17137288,0.20579529,0.18168423,0.21499111
lunatic,P,word2vec_recipe_20_HOM,0.11301573,0.11198904,0.13476592,0.1313162,0.14427193,0.14507489
barbecue,P,word2vec_recipe_20_HOM,0.26171702,0.27743405,0.34399977,0.3252226,0.3734644,0.34388044
orderly,P,word2vec_recipe_20_HOM,0.25034,0.2253758,0.2925006,0.29073927,0.3103095,0.3098366
index,P,word2vec_recipe_20_HOM,0.26670223,0.30462226,0.37552452,0.40774947,0.4110876,0.41278666
cuddle,P,word2vec_recipe_20_HOM,0.18047479,0.2069413,0.20503825,0.2429192,0.21446067,0.25904363
dangle,P,word2vec_recipe_20_HOM,0.20387547,0.23053719,0.2443653,0.25617865,0.26149282,0.2717672
grave,H,word2vec_recipe_20_HOM,0.20517008,0.20204887,0.23188733,0.21511997,0.2434696,0.22501154
payday,M,word2vec_recipe_20_HOM,0.20031047,0.1761779,0.23809223,0.20512995,0.25403577,0.21408325
dent,H,word2vec_recipe_20_HOM,0.2804877,0.35259455,0.4161173,0.4573537,0.45765892,0.46835387
buckle,P,word2vec_recipe_20_HOM,0.28199974,0.32433578,0.35156173,0.35501778,0.37632248,0.34972784
orgy,P,word2vec_recipe_20_HOM,0.17158051,0.17634578,0.19459574,0.21308345,0.20546906,0.2305793
render,P,word2vec_recipe_20_HOM,0.3543783,0.40280923,0.45789823,0.47548765,0.48961,0.48541158
beer,P,word2vec_recipe_20_HOM,0.33848172,0.4014388,0.42771775,0.43408072,0.4546735,0.43642047
oyster,P,word2vec_recipe_20_HOM,0.39914715,0.44439325,0.45114917,0.4359187,0.47064006,0.4335836
cousin,P,word2vec_recipe_20_HOM,0.19996782,0.20840763,0.23207611,0.22722994,0.24578366,0.23258662
jolt,P,word2vec_recipe_20_HOM,0.25691178,0.21471623,0.287719,0.22941804,0.2999865,0.22721367
retail,P,word2vec_recipe_20_HOM,0.23922658,0.27856743,0.30254355,0.26519585,0.3226978,0.2452259
guard,P,word2vec_recipe_20_HOM,0.33784977,0.36324295,0.3916163,0.3655214,0.4119053,0.38247064
bolt,H,word2vec_recipe_20_HOM,0.18566963,0.19169174,0.22474526,0.2395846,0.24261531,0.26533353
mortal,P,word2vec_recipe_20_HOM,0.21277118,0.23249798,0.30885848,0.37417153,0.3436467,0.41314164
omelet,M,word2vec_recipe_20_HOM,0.30926555,0.42700595,0.45711422,0.54448366,0.4989135,0.55837804
phenomenal,P,word2vec_recipe_20_HOM,0.15952876,0.15439624,0.19151302,0.18522209,0.2034291,0.19423524
envy,P,word2vec_recipe_20_HOM,0.21855572,0.21314348,0.25461137,0.2495843,0.2687757,0.25985733
knob,P,word2vec_recipe_20_HOM,0.44482833,0.53715783,0.5163203,0.54037976,0.5379086,0.52216095
zing,P,word2vec_recipe_20_HOM,0.2834851,0.31178465,0.346532,0.33251897,0.37047812,0.34120518
meditation,P,word2vec_recipe_20_HOM,0.17921555,0.20535079,0.20819099,0.24102314,0.21941479,0.25153232
afloat,P,word2vec_recipe_20_HOM,0.23824532,0.21801974,0.2664202,0.22991905,0.27837348,0.2356933
chart,P,word2vec_recipe_20_HOM,0.3245667,0.35213616,0.3894962,0.39608228,0.4145497,0.40968975
dry,P,word2vec_recipe_20_HOM,0.40302244,0.3099185,0.46782926,0.3662573,0.49348003,0.39183185
ample,M,word2vec_recipe_20_HOM,0.42460257,0.48281515,0.4913425,0.44158798,0.5101349,0.41834712
evidence,P,word2vec_recipe_20_HOM,0.15697719,0.16363968,0.18378256,0.18066818,0.19541302,0.19563447
crack,P,word2vec_recipe_20_HOM,0.4216308,0.47537535,0.496838,0.48106015,0.52091086,0.4957107
exhaustion,P,word2vec_recipe_20_HOM,0.12278225,0.11964492,0.14052282,0.14929849,0.14901862,0.16014439
juice,P,word2vec_recipe_20_HOM,0.23559365,0.24658208,0.30714768,0.32931653,0.34258622,0.35656178
couch,P,word2vec_recipe_20_HOM,0.20873043,0.16622066,0.240038,0.18620095,0.25240183,0.199072
industry,P,word2vec_recipe_20_HOM,0.15581672,0.1419411,0.17584127,0.16146801,0.18623732,0.17526202
prodigy,P,word2vec_recipe_20_HOM,0.15070458,0.13767257,0.17905372,0.16651076,0.19126731,0.18084523
freedom,P,word2vec_recipe_20_HOM,0.19580224,0.20566446,0.22329187,0.22514185,0.23402756,0.2309113
stripe,H,word2vec_recipe_20_HOM,0.31195498,0.26609078,0.36363143,0.30279937,0.38459057,0.3254626
butcher,P,word2vec_recipe_20_HOM,0.3271628,0.33416042,0.3922614,0.39723995,0.41467994,0.40973634
inspection,P,word2vec_recipe_20_HOM,0.10757582,0.11828665,0.12495868,0.13759002,0.13391286,0.1511079
beast,P,word2vec_recipe_20_HOM,0.27842224,0.23658913,0.31127235,0.24304111,0.32468703,0.25611943
confidence,P,word2vec_recipe_20_HOM,0.16790566,0.12712978,0.19132783,0.14488177,0.20198013,0.15796006
eggplant,M,word2vec_recipe_20_HOM,0.29753643,0.38625854,0.3885768,0.46174482,0.41914883,0.4644911
horse,P,word2vec_recipe_20_HOM,0.30890962,0.26925218,0.354385,0.32810253,0.37192294,0.3532694
agreeable,P,word2vec_recipe_20_HOM,0.15196453,0.16069594,0.1809647,0.18966706,0.19168535,0.19879484
exclude,P,word2vec_recipe_20_HOM,0.28981286,0.24201462,0.3326561,0.2560674,0.34698963,0.25348458
supper,P,word2vec_recipe_20_HOM,0.25753966,0.313447,0.32291925,0.33571574,0.34610763,0.32579964
purple,P,word2vec_recipe_20_HOM,0.3592452,0.37437603,0.4217035,0.463596,0.44624755,0.46477684
anatomy,P,word2vec_recipe_20_HOM,0.1673331,0.21293776,0.19340298,0.24710336,0.20487705,0.25859225
hum,P,word2vec_recipe_20_HOM,0.13686137,0.14426076,0.16241932,0.17105813,0.17341462,0.18486665
fifty,P,word2vec_recipe_20_HOM,0.37067097,0.4303652,0.4423699,0.4567653,0.46593165,0.4583194
secure,P,word2vec_recipe_20_HOM,0.28222886,0.35141578,0.38460004,0.4098464,0.420072,0.4158322
dismiss,P,word2vec_recipe_20_HOM,0.10772948,0.1126223,0.124588855,0.13106363,0.13327114,0.14159004
view,P,word2vec_recipe_20_HOM,0.29885396,0.2638783,0.34756964,0.2859909,0.36681312,0.2838388
chapter,P,word2vec_recipe_20_HOM,0.19730821,0.1660862,0.22601469,0.1914183,0.23795204,0.2049709
sweater,P,word2vec_recipe_20_HOM,0.2006859,0.20339848,0.23470503,0.23224339,0.2469306,0.24062054
loss,P,word2vec_recipe_20_HOM,0.2677779,0.2411691,0.3083579,0.2725093,0.32669288,0.2861908
inflation,P,word2vec_recipe_20_HOM,0.18046519,0.1992738,0.20659824,0.23070246,0.21682058,0.24430728
fiddle,P,word2vec_recipe_20_HOM,0.22478387,0.14189951,0.25388387,0.16658318,0.26625445,0.17870536
shine,P,word2vec_recipe_20_HOM,0.34819648,0.37074623,0.40907538,0.35912403,0.43207875,0.36685073
foul,P,word2vec_recipe_20_HOM,0.25093904,0.22904114,0.28493434,0.25062498,0.29783863,0.26845458
drama,P,word2vec_recipe_20_HOM,0.15819123,0.1538308,0.18208115,0.16302043,0.1926155,0.17172933
soldier,P,word2vec_recipe_20_HOM,0.23470323,0.2603265,0.26399198,0.26961288,0.2754743,0.2700724
beam,P,word2vec_recipe_20_HOM,0.21888332,0.20880453,0.2616918,0.2515288,0.2802428,0.27870494
plant,P,word2vec_recipe_20_HOM,0.32728088,0.30370915,0.37469417,0.3365663,0.39319488,0.34567007
deny,P,word2vec_recipe_20_HOM,0.097591296,0.10612208,0.117682196,0.12514652,0.12776423,0.13844918
peach,P,word2vec_recipe_20_HOM,0.22709346,0.2958775,0.31442475,0.3522098,0.34749067,0.3510321
bluff,H,word2vec_recipe_20_HOM,0.12326197,0.120295316,0.14249957,0.14941059,0.15126559,0.16284573
mall,P,word2vec_recipe_20_HOM,0.21754935,0.1943666,0.24632725,0.21095793,0.25884143,0.22305654
manicure,P,word2vec_recipe_20_HOM,0.10115421,0.11121399,0.11896773,0.13454369,0.12785079,0.15031819
spectrum,P,word2vec_recipe_20_HOM,0.29176655,0.2662768,0.33787546,0.28208658,0.35319084,0.27970487
sip,P,word2vec_recipe_20_HOM,0.29520828,0.33157665,0.36508495,0.401731,0.3913649,0.41261792
consent,P,word2vec_recipe_20_HOM,0.118596174,0.12702535,0.1433103,0.15252967,0.15480478,0.16631933
proverbial,P,word2vec_recipe_20_HOM,0.15847859,0.1530342,0.17999354,0.16916732,0.18981771,0.18084525
influence,P,word2vec_recipe_20_HOM,0.14731157,0.14123306,0.17542644,0.16525097,0.18722239,0.17347017
league,H,word2vec_recipe_20_HOM,0.23989591,0.23740223,0.2696037,0.23377948,0.28312293,0.23905835
loft,P,word2vec_recipe_20_HOM,0.16927694,0.20232064,0.19562754,0.22619377,0.20670544,0.23000073
shove,P,word2vec_recipe_20_HOM,0.35314894,0.4269613,0.40860283,0.4318522,0.42881677,0.4022614
luscious,P,word2vec_recipe_20_HOM,0.30624408,0.33069816,0.3652186,0.39391854,0.38959137,0.3938522
passion,P,word2vec_recipe_20_HOM,0.29016584,0.3302031,0.34708476,0.35267928,0.36947384,0.3675456
pep,P,word2vec_recipe_20_HOM,0.24292104,0.22868143,0.28422087,0.28342938,0.3046632,0.30473816
cockeyed,P,word2vec_recipe_20_HOM,0.10789175,0.12353632,0.14899632,0.16611326,0.16577236,0.1831073
instance,P,word2vec_recipe_20_HOM,0.28132686,0.2941693,0.32029018,0.28215566,0.3349682,0.2741927
prolong,P,word2vec_recipe_20_HOM,0.1990478,0.19748741,0.23260571,0.22041301,0.24710746,0.23301694
slave,P,word2vec_recipe_20_HOM,0.09176582,0.09954487,0.11050484,0.13021982,0.11971177,0.14366862
imitate,P,word2vec_recipe_20_HOM,0.19751672,0.18755203,0.23736049,0.2366198,0.25358856,0.2595584
raspberry,P,word2vec_recipe_20_HOM,0.22716752,0.2962696,0.31191114,0.35784894,0.34361747,0.35354322
luxurious,P,word2vec_recipe_20_HOM,0.2541376,0.2843692,0.3060941,0.3116923,0.32567173,0.31753758
humane,P,word2vec_recipe_20_HOM,0.104784586,0.108882464,0.11890457,0.12577161,0.12664624,0.14045314
nitrate,P,word2vec_recipe_20_HOM,0.17816654,0.18429919,0.22043614,0.23183477,0.23503366,0.23812377
redhead,P,word2vec_recipe_20_HOM,0.13503325,0.15188335,0.16297334,0.19308332,0.17454772,0.20740435
cautious,M,word2vec_recipe_20_HOM,0.2709045,0.28232694,0.3324287,0.28979287,0.3548745,0.2976859
streak,P,word2vec_recipe_20_HOM,0.34889823,0.28844416,0.38763213,0.3369821,0.40260714,0.3346658
savvy,P,word2vec_recipe_20_HOM,0.2090548,0.1838819,0.23894992,0.18843323,0.2500727,0.19921407
inland,P,word2vec_recipe_20_HOM,0.11953843,0.1353612,0.14345427,0.1682354,0.15411013,0.17933036
solve,P,word2vec_recipe_20_HOM,0.20206721,0.14600252,0.22989981,0.16603233,0.24090241,0.17169957
honest,P,word2vec_recipe_20_HOM,0.16901073,0.15455325,0.19485344,0.16367593,0.20651665,0.17132214
strict,P,word2vec_recipe_20_HOM,0.16718495,0.17135069,0.19373898,0.1774447,0.20548053,0.1823561
rack,H,word2vec_recipe_20_HOM,0.3398638,0.30723354,0.43111575,0.35786304,0.4580447,0.37354988
mood,H,word2vec_recipe_20_HOM,0.25928366,0.21232475,0.29317722,0.23560125,0.30748698,0.2316815
queen,P,word2vec_recipe_20_HOM,0.27395186,0.24320832,0.3090223,0.25189635,0.3226545,0.25780407
shop,P,word2vec_recipe_20_HOM,0.27570617,0.28555956,0.3280629,0.29081434,0.34764946,0.30176938
nook,M,word2vec_recipe_20_HOM,0.38720113,0.40683097,0.45002457,0.40794596,0.47057396,0.40330535
executive,P,word2vec_recipe_20_HOM,0.12887613,0.13734755,0.15450548,0.15824693,0.16704339,0.17437378
fabric,P,word2vec_recipe_20_HOM,0.2435981,0.26600727,0.3027941,0.32156196,0.32725692,0.34215757
fraction,P,word2vec_recipe_20_HOM,0.293863,0.2365463,0.3307151,0.24575125,0.34551078,0.24064763
stain,P,word2vec_recipe_20_HOM,0.30502757,0.30390552,0.36043504,0.3289126,0.38199478,0.33751196
withstand,P,word2vec_recipe_20_HOM,0.27055204,0.20905633,0.30520982,0.20873313,0.31962177,0.21887563
jellyfish,P,word2vec_recipe_20_HOM,0.31704903,0.3466813,0.36487597,0.37543058,0.3845877,0.39578485
select,P,word2vec_recipe_20_HOM,0.31984207,0.33166996,0.42637405,0.43229723,0.4763684,0.46815333
peninsula,M,word2vec_recipe_20_HOM,0.19681999,0.16408233,0.2220155,0.18928619,0.23306566,0.19764738
dude,P,word2vec_recipe_20_HOM,0.15332547,0.14510702,0.17954211,0.18074736,0.18986157,0.19434157
soot,P,word2vec_recipe_20_HOM,0.21160753,0.23287329,0.25922,0.25979406,0.27989492,0.28617504
jungle,P,word2vec_recipe_20_HOM,0.2254626,0.23323983,0.26304093,0.27305,0.2770191,0.290749
hereafter,P,word2vec_recipe_20_HOM,0.16179578,0.14759526,0.18596996,0.17336299,0.1958888,0.18074551
revelation,P,word2vec_recipe_20_HOM,0.11023513,0.11197659,0.12714387,0.13554282,0.13555703,0.1501646
railway,P,word2vec_recipe_20_HOM,0.14112939,0.16391228,0.16232477,0.18422326,0.17171758,0.19273002
potato,P,word2vec_recipe_20_HOM,0.27248582,0.34036332,0.3553411,0.36223742,0.3902625,0.3758791
multiply,H,word2vec_recipe_20_HOM,0.2675876,0.26129243,0.31103632,0.2718292,0.3301208,0.26769853
crucial,M,word2vec_recipe_20_HOM,0.23995633,0.20800386,0.28398517,0.2339699,0.29883716,0.22782163
collection,P,word2vec_recipe_20_HOM,0.216699,0.18289381,0.24698381,0.20327951,0.2615505,0.21744844
island,P,word2vec_recipe_20_HOM,0.31142223,0.28947994,0.35355788,0.2957123,0.36990613,0.30564696
steamer,P,word2vec_recipe_20_HOM,0.3575868,0.40601522,0.47370255,0.5014831,0.5082924,0.5293986
virgin,P,word2vec_recipe_20_HOM,0.28965944,0.32751095,0.3957727,0.41687033,0.43290955,0.42423505
gate,P,word2vec_recipe_20_HOM,0.26020408,0.23004022,0.3042854,0.27806476,0.32049423,0.29634503
liege,P,word2vec_recipe_20_HOM,0.23112616,0.23800217,0.27948645,0.2605459,0.2942862,0.25169018
bouquet,P,word2vec_recipe_20_HOM,0.31094792,0.37898278,0.4193539,0.46485546,0.45254463,0.47529146
confident,P,word2vec_recipe_20_HOM,0.19499348,0.14674975,0.22541748,0.1811673,0.2387417,0.1876246
delicate,P,word2vec_recipe_20_HOM,0.315651,0.3289134,0.36165252,0.31896394,0.38166535,0.32717392
bid,P,word2vec_recipe_20_HOM,0.16956514,0.15603131,0.19369228,0.18452787,0.20329686,0.19516113
marriage,P,word2vec_recipe_20_HOM,0.2279127,0.2036713,0.26082548,0.20472798,0.27349493,0.22086455
attention,P,word2vec_recipe_20_HOM,0.30382204,0.27568415,0.35757843,0.2529622,0.3729108,0.24519111
uncommon,P,word2vec_recipe_20_HOM,0.14516869,0.14474557,0.17026249,0.16066062,0.18003955,0.16098082
massage,P,word2vec_recipe_20_HOM,0.37454066,0.47088394,0.46558765,0.5230139,0.49216688,0.52274424
fever,P,word2vec_recipe_20_HOM,0.17801854,0.17972176,0.20824713,0.21327622,0.21975559,0.22091357
brick,P,word2vec_recipe_20_HOM,0.42481804,0.35179892,0.47290668,0.4142664,0.48962498,0.42267108
span,H,word2vec_recipe_20_HOM,0.28533417,0.25048295,0.32263005,0.27744374,0.33625382,0.2710491
stabilize,P,word2vec_recipe_20_HOM,0.41246557,0.4353604,0.48511392,0.44772753,0.50738907,0.44537324
saddle,P,word2vec_recipe_20_HOM,0.2527827,0.3145029,0.3128028,0.38565683,0.34300247,0.41758418
blink,P,word2vec_recipe_20_HOM,0.24744947,0.19031624,0.2763801,0.19225861,0.28938562,0.20270807
grip,P,word2vec_recipe_20_HOM,0.28906542,0.30403638,0.33856392,0.32401294,0.35754335,0.34446427
prudent,P,word2vec_recipe_20_HOM,0.15654714,0.13126715,0.18109804,0.14793621,0.19274935,0.16592918
diameter,P,word2vec_recipe_20_HOM,0.26931855,0.31819525,0.32125708,0.33016646,0.34301692,0.33324724
career,P,word2vec_recipe_20_HOM,0.098191544,0.09584772,0.11618988,0.12887937,0.12689799,0.14642464
discussion,M,word2vec_recipe_20_HOM,0.09936114,0.10065079,0.11847694,0.13277951,0.12756266,0.1434891
notorious,M,word2vec_recipe_20_HOM,0.16830584,0.13917288,0.19163439,0.1628169,0.20178093,0.17126735
funeral,P,word2vec_recipe_20_HOM,0.16456883,0.14849788,0.19109699,0.16624236,0.20346233,0.18287952
aspect,P,word2vec_recipe_20_HOM,0.16995545,0.15731667,0.19747095,0.18252721,0.2086187,0.18751417
chess,H,word2vec_recipe_20_HOM,0.325965,0.26021802,0.3693214,0.25120842,0.38487735,0.25087675
surplus,P,word2vec_recipe_20_HOM,0.35614562,0.324446,0.42520592,0.39180586,0.45045307,0.42008525
rush,H,word2vec_recipe_20_HOM,0.29748398,0.21838555,0.33491445,0.20523007,0.34776765,0.21193025
cattle,M,word2vec_recipe_20_HOM,0.18227687,0.17095225,0.21066783,0.19546,0.22321662,0.21033022
fresh,P,word2vec_recipe_20_HOM,0.31764966,0.33092317,0.36939567,0.3530613,0.39260188,0.3833746
tiger,P,word2vec_recipe_20_HOM,0.31656048,0.29355317,0.36740994,0.34183204,0.3844667,0.34612954
invisible,P,word2vec_recipe_20_HOM,0.18807273,0.16793332,0.21427795,0.19283628,0.22539058,0.20323834
probe,P,word2vec_recipe_20_HOM,0.27093184,0.2477113,0.32882836,0.28371605,0.3635686,0.3417184
saloon,P,word2vec_recipe_20_HOM,0.14626318,0.15307759,0.17040224,0.17756625,0.1809112,0.18615766
sandbox,M,word2vec_recipe_20_HOM,0.12763743,0.1672342,0.15319146,0.19779372,0.16474514,0.2156203
nasal,P,word2vec_recipe_20_HOM,0.1068363,0.13762343,0.13668056,0.1692133,0.14923988,0.179836
relation,P,word2vec_recipe_20_HOM,0.11715923,0.10923536,0.13620147,0.12971586,0.1442841,0.14022526
storm,P,word2vec_recipe_20_HOM,0.21718629,0.22101791,0.25209513,0.25187168,0.26700315,0.26637053
attempt,P,word2vec_recipe_20_HOM,0.29075593,0.21173654,0.32847947,0.21307828,0.34191072,0.22755517
exquisite,P,word2vec_recipe_20_HOM,0.2358164,0.26682836,0.29178405,0.32494068,0.3151605,0.34789675
shotgun,M,word2vec_recipe_20_HOM,0.14647312,0.1486993,0.1700419,0.17911182,0.18064457,0.19251172
alarm,P,word2vec_recipe_20_HOM,0.3669253,0.37932482,0.4167491,0.37666067,0.43818063,0.38188717
traction,P,word2vec_recipe_20_HOM,0.16609225,0.18866417,0.1940517,0.21393977,0.20764397,0.22428161
blunt,P,word2vec_recipe_20_HOM,0.29875317,0.2867312,0.34750628,0.34829608,0.37121174,0.37007466
sidekick,P,word2vec_recipe_20_HOM,0.13788633,0.15679409,0.15930031,0.18949082,0.16835724,0.20066142
rainbow,P,word2vec_recipe_20_HOM,0.3261271,0.37470505,0.38540813,0.38855284,0.4053015,0.38144296
fireworks,P,word2vec_recipe_20_HOM,0.2224833,0.24558392,0.26081902,0.29113573,0.27661824,0.30250907
macaroni,M,word2vec_recipe_20_HOM,0.22360878,0.27681878,0.31453604,0.3438779,0.34835732,0.36382416
hairline,P,word2vec_recipe_20_HOM,0.17673,0.18879871,0.21474275,0.23967007,0.23166522,0.27050653
ponytail,M,word2vec_recipe_20_HOM,0.15970197,0.1917704,0.19552074,0.24287517,0.21083443,0.26369452
birth,P,word2vec_recipe_20_HOM,0.09210042,0.1046486,0.11315675,0.13064425,0.12362171,0.145557
involve,P,word2vec_recipe_20_HOM,0.22971883,0.17182203,0.25650504,0.1835333,0.26791832,0.18753862
bruise,P,word2vec_recipe_20_HOM,0.36084262,0.4198986,0.45063722,0.5083819,0.48297933,0.5198407
sermon,P,word2vec_recipe_20_HOM,0.16948703,0.18606956,0.19205323,0.2019245,0.2047078,0.20770232
suffocate,P,word2vec_recipe_20_HOM,0.17102098,0.20956846,0.2228032,0.2700953,0.24533376,0.2827223
panda,P,word2vec_recipe_20_HOM,0.22218594,0.20834969,0.27471605,0.2870057,0.29199815,0.30239147
info,M,word2vec_recipe_20_HOM,0.22855346,0.19800957,0.27572614,0.14366922,0.2953521,0.143496
breather,P,word2vec_recipe_20_HOM,0.09837158,0.12836607,0.116640866,0.14390029,0.12592632,0.15606804
routine,P,word2vec_recipe_20_HOM,0.16588983,0.1275499,0.18935454,0.1416988,0.20003113,0.15511435
unsafe,P,word2vec_recipe_20_HOM,0.1172597,0.120865144,0.1373896,0.14391972,0.14730506,0.1543679
realistic,P,word2vec_recipe_20_HOM,0.19704187,0.22861515,0.2385615,0.2502003,0.25507066,0.25720558
canary,P,word2vec_recipe_20_HOM,0.20942053,0.20761867,0.23828396,0.22515327,0.2509026,0.24445727
paddle,P,word2vec_recipe_20_HOM,0.26426408,0.32315472,0.41192093,0.41610396,0.4712271,0.46689838
celebrate,P,word2vec_recipe_20_HOM,0.18580806,0.17467624,0.21153803,0.19158684,0.223731,0.19890085
corpus,P,word2vec_recipe_20_HOM,0.19817063,0.23789577,0.22792433,0.25264996,0.23927675,0.26477537
twist,P,word2vec_recipe_20_HOM,0.3151382,0.38239822,0.39084375,0.42714003,0.4179612,0.41687614
apply,P,word2vec_recipe_20_HOM,0.37390974,0.40940827,0.45244107,0.42527163,0.47862014,0.43760142
prepare,P,word2vec_recipe_20_HOM,0.3817256,0.4655346,0.45180088,0.43287936,0.47481757,0.41887906
priceless,P,word2vec_recipe_20_HOM,0.1718603,0.16888537,0.19834614,0.19843079,0.20814711,0.20493242
juicy,P,word2vec_recipe_20_HOM,0.35794276,0.41897133,0.42903873,0.4029326,0.4537037,0.4096751
jiggle,P,word2vec_recipe_20_HOM,0.27071264,0.29152936,0.4032737,0.36881006,0.44132096,0.3884305
sushi,M,word2vec_recipe_20_HOM,0.25914302,0.2637497,0.35097557,0.36006188,0.3907306,0.39024174
incubator,P,word2vec_recipe_20_HOM,0.14762609,0.18138142,0.18025188,0.21756299,0.19383901,0.23559722
unique,P,word2vec_recipe_20_HOM,0.20463438,0.2522259,0.2602961,0.29190624,0.28229555,0.30043614
wrinkle,H,word2vec_recipe_20_HOM,0.36838955,0.42412895,0.45276055,0.438446,0.47765335,0.44248974
excellent,M,word2vec_recipe_20_HOM,0.2658704,0.315484,0.35713848,0.39899552,0.39183557,0.40834227
madman,M,word2vec_recipe_20_HOM,0.12757146,0.104663745,0.1534286,0.13091226,0.16410169,0.14325935
compare,P,word2vec_recipe_20_HOM,0.19494277,0.15659086,0.21960883,0.17360373,0.23061657,0.17742416
spine,P,word2vec_recipe_20_HOM,0.21258669,0.23384537,0.27982533,0.29918736,0.3137869,0.33829278
lively,P,word2vec_recipe_20_HOM,0.37883872,0.338447,0.43829796,0.2783184,0.46104842,0.27365065
happiness,P,word2vec_recipe_20_HOM,0.26648304,0.2821954,0.33236927,0.32889244,0.35627475,0.3158333
sundown,M,word2vec_recipe_20_HOM,0.19685611,0.18214005,0.22058146,0.20306887,0.23022133,0.21755195
crash,H,word2vec_recipe_20_HOM,0.34596947,0.3623005,0.39726937,0.3848105,0.41505945,0.38915077
cover,P,word2vec_recipe_20_HOM,0.39755052,0.44991544,0.47837043,0.40713203,0.50200164,0.3903386
steep,H,word2vec_recipe_20_HOM,0.31298319,0.38289142,0.43703687,0.4677284,0.47490746,0.48083428
primary,P,word2vec_recipe_20_HOM,0.33481115,0.34833223,0.3791102,0.34507525,0.39680707,0.36138868
kamikaze,M,word2vec_recipe_20_HOM,0.112754025,0.1340633,0.15037183,0.18732427,0.17097698,0.2205313
reunion,P,word2vec_recipe_20_HOM,0.20325348,0.19370453,0.23517041,0.23504913,0.24903572,0.24635904
companion,P,word2vec_recipe_20_HOM,0.22290668,0.26657686,0.25879833,0.27765787,0.2754344,0.28892753
catcher,P,word2vec_recipe_20_HOM,0.23273568,0.23282829,0.26761413,0.27340585,0.28153744,0.28426307
occasional,P,word2vec_recipe_20_HOM,0.40272266,0.42560712,0.48148137,0.47500694,0.50368047,0.47424784
motorcycle,P,word2vec_recipe_20_HOM,0.17266352,0.20952782,0.21385215,0.26618546,0.23052025,0.2930504
wallow,P,word2vec_recipe_20_HOM,0.18193276,0.23291767,0.20943882,0.2479622,0.22084108,0.26409462
spit,H,word2vec_recipe_20_HOM,0.37993342,0.38112214,0.43455625,0.4182782,0.45512173,0.42014688
tuxedo,P,word2vec_recipe_20_HOM,0.25817245,0.23801498,0.29381332,0.27749243,0.31127223,0.2948463
belong,P,word2vec_recipe_20_HOM,0.11107738,0.10856841,0.13009053,0.12788132,0.13996474,0.14588326
pup,P,word2vec_recipe_20_HOM,0.2102143,0.1911151,0.24291536,0.21019775,0.25683948,0.22253954
liner,H,word2vec_recipe_20_HOM,0.37070644,0.33013412,0.4403753,0.3927846,0.4710364,0.4295171
ecstasy,P,word2vec_recipe_20_HOM,0.15746117,0.15624072,0.18319191,0.19370382,0.19525984,0.21072629
hack,H,word2vec_recipe_20_HOM,0.2538174,0.24745347,0.30612105,0.29248226,0.33028907,0.3304991
hound,P,word2vec_recipe_20_HOM,0.16375533,0.18410131,0.18977465,0.19552399,0.2001976,0.20325607
begin,P,word2vec_recipe_20_HOM,0.3696378,0.46663153,0.49095866,0.52362233,0.5292176,0.5103037
afternoon,P,word2vec_recipe_20_HOM,0.28272623,0.3176839,0.35641408,0.3557956,0.38537613,0.36915687
fruitcake,P,word2vec_recipe_20_HOM,0.33289903,0.30426943,0.37697673,0.28881285,0.39492974,0.28866047
decision,P,word2vec_recipe_20_HOM,0.16424695,0.118877314,0.18739298,0.14276502,0.19742423,0.15266018
statement,P,word2vec_recipe_20_HOM,0.11730568,0.1118511,0.13843861,0.1336533,0.14736614,0.14679429
moat,M,word2vec_recipe_20_HOM,0.2619793,0.23690681,0.29679868,0.27692354,0.31372926,0.29144102
expel,P,word2vec_recipe_20_HOM,0.37018934,0.39148784,0.44376603,0.4879373,0.46978492,0.5050558
zoom,P,word2vec_recipe_20_HOM,0.22987938,0.25032967,0.2704063,0.29604673,0.2868475,0.305457
lifetime,P,word2vec_recipe_20_HOM,0.23383605,0.2040567,0.2650973,0.19392379,0.27693245,0.19346285
snowman,M,word2vec_recipe_20_HOM,0.21959133,0.24881096,0.27355462,0.28936997,0.30042592,0.31295067
accuracy,M,word2vec_recipe_20_HOM,0.36216992,0.35076132,0.4269724,0.36136585,0.44665024,0.36108714
pebble,P,word2vec_recipe_20_HOM,0.3530375,0.40050045,0.3989774,0.38789248,0.41745827,0.394582
refrain,H,word2vec_recipe_20_HOM,0.28314644,0.22558399,0.321707,0.23536272,0.33702415,0.24655537
surf,P,word2vec_recipe_20_HOM,0.22337994,0.20777288,0.26567778,0.254707,0.2808977,0.26603678
tone,P,word2vec_recipe_20_HOM,0.32579476,0.2943474,0.37976897,0.31283483,0.3983801,0.31974632
hamburger,M,word2vec_recipe_20_HOM,0.24922755,0.32382023,0.32971346,0.32118097,0.36309624,0.35678345
naughty,P,word2vec_recipe_20_HOM,0.2443027,0.26395974,0.28541768,0.2850186,0.302166,0.28937912
presence,P,word2vec_recipe_20_HOM,0.18068545,0.1573662,0.20720658,0.18784583,0.21900976,0.19786337
gorge,P,word2vec_recipe_20_HOM,0.12113204,0.11404144,0.14015321,0.13856272,0.1495202,0.15108855
sailor,P,word2vec_recipe_20_HOM,0.14115849,0.16720848,0.16518241,0.18288723,0.17554793,0.18916547
decide,P,word2vec_recipe_20_HOM,0.24476254,0.26388973,0.2833486,0.24741636,0.2985986,0.23110871
fail,P,word2vec_recipe_20_HOM,0.34348398,0.3346711,0.42130044,0.32387245,0.44709885,0.3180331
banquet,P,word2vec_recipe_20_HOM,0.20541593,0.19796513,0.23490901,0.21569943,0.24661812,0.22572485
domestic,P,word2vec_recipe_20_HOM,0.3612698,0.35313922,0.41207698,0.3115508,0.4282148,0.3191595
tug,P,word2vec_recipe_20_HOM,0.258291,0.28341296,0.3052312,0.30000508,0.3244523,0.32134354
authority,P,word2vec_recipe_20_HOM,0.09626745,0.11332991,0.11450798,0.13149007,0.12375262,0.14262564
brunch,P,word2vec_recipe_20_HOM,0.31372377,0.32786584,0.39079884,0.39269042,0.4136249,0.38123682
abide,P,word2vec_recipe_20_HOM,0.09537332,0.095229074,0.11709717,0.1230442,0.12692116,0.13475175
elbow,P,word2vec_recipe_20_HOM,0.31045932,0.27317616,0.38259673,0.34241202,0.41593924,0.3752275
land,P,word2vec_recipe_20_HOM,0.2731881,0.20863807,0.31445745,0.2308229,0.3294558,0.23191567
pun,P,word2vec_recipe_20_HOM,0.20905074,0.14771645,0.23454255,0.1569386,0.24519703,0.16821928
sunlight,M,word2vec_recipe_20_HOM,0.33335537,0.36100024,0.40286353,0.4018989,0.42669502,0.40351322
tedious,M,word2vec_recipe_20_HOM,0.20796053,0.18051377,0.25506938,0.20431118,0.27219108,0.20313984
amigo,M,word2vec_recipe_20_HOM,0.15756463,0.15800375,0.18158615,0.17477721,0.19214094,0.18996035
sock,H,word2vec_recipe_20_HOM,0.36709595,0.31629944,0.4098793,0.32039323,0.42517585,0.32486793
experience,P,word2vec_recipe_20_HOM,0.17808369,0.15523589,0.20520924,0.16141607,0.21530555,0.1760796
relocate,P,word2vec_recipe_20_HOM,0.18255249,0.20822285,0.21219833,0.23856317,0.22345468,0.25269365
fluke,H,word2vec_recipe_20_HOM,0.22811806,0.26511338,0.28983733,0.33659008,0.31597182,0.35284978
vinyl,M,word2vec_recipe_20_HOM,0.24160767,0.30630904,0.30018827,0.36195663,0.32450715,0.38570482
purse,P,word2vec_recipe_20_HOM,0.29042134,0.35202575,0.3667058,0.38585532,0.3932901,0.40488917
airplane,M,word2vec_recipe_20_HOM,0.14437425,0.1709592,0.16993318,0.19841504,0.18152252,0.20932637
symbol,P,word2vec_recipe_20_HOM,0.18710175,0.19843669,0.217284,0.22586419,0.23098862,0.22695586
certainty,P,word2vec_recipe_20_HOM,0.12722215,0.1163557,0.14788994,0.14525285,0.15619673,0.15308665
distress,P,word2vec_recipe_20_HOM,0.11561997,0.13181025,0.1328108,0.14225903,0.14054619,0.15065563
suspicious,P,word2vec_recipe_20_HOM,0.0863898,0.09947174,0.10384216,0.12420504,0.11197326,0.13893752
deep,P,word2vec_recipe_20_HOM,0.36575913,0.4455689,0.45496273,0.52721995,0.48283967,0.5133492
stow,P,word2vec_recipe_20_HOM,0.1778194,0.21389858,0.22233014,0.2789075,0.24570154,0.31011212
slug,H,word2vec_recipe_20_HOM,0.27825385,0.34036613,0.34080228,0.37899947,0.36235628,0.3984168
ethnic,P,word2vec_recipe_20_HOM,0.17783079,0.2001041,0.24587885,0.26209074,0.2842692,0.29526263
scoop,P,word2vec_recipe_20_HOM,0.3499349,0.3995062,0.45944905,0.49642837,0.503128,0.5245035
corkscrew,P,word2vec_recipe_20_HOM,0.32039586,0.35881326,0.38921,0.39617217,0.41250756,0.39311558
access,P,word2vec_recipe_20_HOM,0.36072016,0.47432017,0.47795027,0.40868512,0.5032967,0.37388003
condition,P,word2vec_recipe_20_HOM,0.25236195,0.22378941,0.28657195,0.23818818,0.30121452,0.24796312
ton,P,word2vec_recipe_20_HOM,0.2926705,0.33996287,0.43379924,0.46781772,0.47190467,0.48158896
assume,P,word2vec_recipe_20_HOM,0.17447193,0.12385638,0.19717899,0.14644124,0.20796388,0.15810741
slimy,P,word2vec_recipe_20_HOM,0.2625363,0.28929052,0.3216686,0.33406013,0.34604156,0.33391044
dunk,P,word2vec_recipe_20_HOM,0.41942397,0.509355,0.5013595,0.5241459,0.52419275,0.50051945
verify,M,word2vec_recipe_20_HOM,0.25896215,0.25166225,0.30879858,0.31505454,0.32912284,0.33667997
stir,H,word2vec_recipe_20_HOM,0.2785787,0.33888587,0.3658025,0.3748084,0.3962099,0.37125754
grumpy,M,word2vec_recipe_20_HOM,0.1633124,0.176204,0.18832807,0.21333845,0.19876076,0.22571003
accessory,P,word2vec_recipe_20_HOM,0.28200325,0.30495593,0.35601318,0.40540388,0.38972202,0.43918407
locate,P,word2vec_recipe_20_HOM,0.27635762,0.24843673,0.31325895,0.2833352,0.32724702,0.2964083
stamp,P,word2vec_recipe_20_HOM,0.27122444,0.2290565,0.33922425,0.27809653,0.37873012,0.32950056
goat,P,word2vec_recipe_20_HOM,0.22219023,0.29692793,0.32411972,0.38854694,0.36739132,0.41384828
relevant,P,word2vec_recipe_20_HOM,0.11445971,0.118438356,0.1359018,0.14635132,0.14517839,0.16217387
race,H,word2vec_recipe_20_HOM,0.25498796,0.24355945,0.28859973,0.2684562,0.30368766,0.2837328
decent,P,word2vec_recipe_20_HOM,0.3403892,0.40779608,0.40870225,0.34647894,0.42830426,0.3220374
diagram,P,word2vec_recipe_20_HOM,0.29117858,0.28495404,0.34325066,0.29165748,0.36764115,0.32224023
piggy,P,word2vec_recipe_20_HOM,0.22917159,0.23566891,0.2612227,0.25114125,0.27418903,0.26229495
indigenous,M,word2vec_recipe_20_HOM,0.09847654,0.12591052,0.12057056,0.15474167,0.1313936,0.16691431
pollen,M,word2vec_recipe_20_HOM,0.29111308,0.3319307,0.35781094,0.4029331,0.38640746,0.4203421
badger,P,word2vec_recipe_20_HOM,0.12032838,0.13948213,0.13978925,0.16452456,0.1481805,0.17686836
lens,P,word2vec_recipe_20_HOM,0.18821791,0.19038165,0.21108967,0.21324904,0.22095203,0.22053789
dump,P,word2vec_recipe_20_HOM,0.4428555,0.4256164,0.49395865,0.40888485,0.5119866,0.394486
tonic,P,word2vec_recipe_20_HOM,0.19425961,0.23011407,0.25634468,0.28765485,0.28684536,0.3098533
penguin,M,word2vec_recipe_20_HOM,0.18104696,0.17494874,0.21876518,0.2387566,0.2390487,0.26733676
horny,P,word2vec_recipe_20_HOM,0.10732679,0.1365857,0.12914455,0.1713442,0.1373377,0.17919254
bloody,P,word2vec_recipe_20_HOM,0.29427746,0.29938033,0.35809365,0.3051841,0.38257328,0.32437816
rival,P,word2vec_recipe_20_HOM,0.23919754,0.20898075,0.26935348,0.22701587,0.28176394,0.23290972
attractive,P,word2vec_recipe_20_HOM,0.30694026,0.3337725,0.3926919,0.40745,0.4244854,0.42618227
alien,P,word2vec_recipe_20_HOM,0.15839483,0.19882919,0.1929582,0.24522728,0.21285778,0.2719316
lobster,P,word2vec_recipe_20_HOM,0.26872817,0.35698035,0.3695279,0.44024745,0.40411732,0.43878594
fanfare,P,word2vec_recipe_20_HOM,0.16284162,0.16051178,0.18741082,0.19464794,0.1976802,0.21071883
behavior,P,word2vec_recipe_20_HOM,0.15161799,0.13176204,0.17552228,0.15574764,0.18693848,0.16178979
breeze,P,word2vec_recipe_20_HOM,0.3351758,0.2423868,0.3745946,0.27178407,0.39223534,0.29437962
numb,P,word2vec_recipe_20_HOM,0.16117933,0.15869881,0.18895218,0.17439343,0.20081745,0.18037477
accessible,P,word2vec_recipe_20_HOM,0.23352973,0.17046829,0.2581848,0.18372855,0.26817876,0.18880975
texture,P,word2vec_recipe_20_HOM,0.25740874,0.3205786,0.32224742,0.3776234,0.35029903,0.39450252
upstairs,P,word2vec_recipe_20_HOM,0.20856111,0.13435215,0.24509636,0.17537542,0.2587857,0.19106005
deck,P,word2vec_recipe_20_HOM,0.24094693,0.22954823,0.28015095,0.2666056,0.29725114,0.28537375
fold,H,word2vec_recipe_20_HOM,0.41286793,0.33022976,0.47378385,0.34510458,0.49560124,0.3686564
trailing,P,word2vec_recipe_20_HOM,0.17182094,0.21421874,0.21548761,0.25135702,0.23573351,0.27675614
motion,P,word2vec_recipe_20_HOM,0.27466354,0.33818045,0.37898988,0.42507207,0.41985175,0.42680606
bush,H,word2vec_recipe_20_HOM,0.39279002,0.3708237,0.42917854,0.37940258,0.4424552,0.39577162
compose,P,word2vec_recipe_20_HOM,0.33379963,0.3448361,0.38608256,0.35985455,0.40902886,0.37611556
spouse,M,word2vec_recipe_20_HOM,0.10625281,0.10816379,0.1312327,0.14177504,0.14274068,0.15470786
devil,P,word2vec_recipe_20_HOM,0.31517085,0.31878024,0.3621453,0.3111477,0.378676,0.30434158
sleepy,P,word2vec_recipe_20_HOM,0.19255677,0.20199269,0.22582796,0.23679848,0.23962851,0.24652427
void,P,word2vec_recipe_20_HOM,0.32534808,0.3199102,0.37904784,0.3784194,0.40078562,0.3898058
closure,P,word2vec_recipe_20_HOM,0.203378,0.16502869,0.27757144,0.30335212,0.3238512,0.37839615
pelvic,M,word2vec_recipe_20_HOM,0.1170707,0.16194634,0.16890812,0.24762021,0.2011212,0.2883341
cultural,M,word2vec_recipe_20_HOM,0.094132684,0.11137308,0.11472585,0.14005212,0.12453804,0.15638939
distribute,P,word2vec_recipe_20_HOM,0.34854153,0.46838546,0.4600638,0.45613536,0.49066952,0.43795332
merge,P,word2vec_recipe_20_HOM,0.30651742,0.32085732,0.3991724,0.3923859,0.4269738,0.37450376
bright,P,word2vec_recipe_20_HOM,0.33635885,0.39205065,0.44697753,0.5039915,0.4864163,0.53592694
kidney,P,word2vec_recipe_20_HOM,0.23845586,0.30044305,0.3296392,0.37368512,0.3664469,0.3958052
stall,H,word2vec_recipe_20_HOM,0.15865673,0.14510639,0.18216966,0.1507963,0.1911292,0.16318089
altitude,P,word2vec_recipe_20_HOM,0.30296692,0.27546474,0.42521477,0.42702213,0.46322492,0.43415597
cigar,M,word2vec_recipe_20_HOM,0.31540447,0.32335353,0.38771346,0.35218236,0.41355827,0.34672856
flip,H,word2vec_recipe_20_HOM,0.36242083,0.42212313,0.44329107,0.4388749,0.47134194,0.43832713
pancake,P,word2vec_recipe_20_HOM,0.2945751,0.40050918,0.40839908,0.5079346,0.4537506,0.517515
gourmet,P,word2vec_recipe_20_HOM,0.26303738,0.29144135,0.3051606,0.3110393,0.31960157,0.31057596
wholesale,P,word2vec_recipe_20_HOM,0.14063646,0.15586005,0.1708869,0.18334466,0.1850821,0.1943164
gallery,P,word2vec_recipe_20_HOM,0.15810151,0.16007718,0.18884455,0.18708144,0.20249857,0.20212342
disposable,P,word2vec_recipe_20_HOM,0.36687878,0.38355827,0.42884326,0.44074,0.45358607,0.4700589
pipe,H,word2vec_recipe_20_HOM,0.2606573,0.25176322,0.33856797,0.3299815,0.37684596,0.36595508
triumph,P,word2vec_recipe_20_HOM,0.14790252,0.15996906,0.17044747,0.19909431,0.18156841,0.20924734
monk,M,word2vec_recipe_20_HOM,0.32056722,0.30698824,0.35662553,0.305336,0.37127662,0.30891714
salon,P,word2vec_recipe_20_HOM,0.18614152,0.2185748,0.21566793,0.24909383,0.22909135,0.26414594
sinus,P,word2vec_recipe_20_HOM,0.12895429,0.16539943,0.1726224,0.21289834,0.19071782,0.22795169
mechanical,P,word2vec_recipe_20_HOM,0.23838949,0.2831676,0.29425672,0.33636978,0.3134674,0.3405899
thin,P,word2vec_recipe_20_HOM,0.3465523,0.353489,0.40959138,0.36758658,0.4366005,0.3720053
wicked,P,word2vec_recipe_20_HOM,0.23276547,0.26434243,0.2709654,0.2893399,0.28566098,0.30256265
iron,P,word2vec_recipe_20_HOM,0.3344494,0.40569538,0.44705927,0.49773002,0.48323265,0.52073604
nugget,P,word2vec_recipe_20_HOM,0.39368835,0.4642021,0.4478681,0.48581222,0.4671616,0.4733192
cage,P,word2vec_recipe_20_HOM,0.21099028,0.20088829,0.27751866,0.2924906,0.30932575,0.33335978
asthma,M,word2vec_recipe_20_HOM,0.10438361,0.12776797,0.13866578,0.17088017,0.152129,0.1866363
nickel,P,word2vec_recipe_20_HOM,0.24398601,0.26093444,0.34503663,0.3334919,0.37607667,0.36201277
atomic,P,word2vec_recipe_20_HOM,0.15446717,0.16340241,0.18048115,0.19714865,0.19238044,0.20708226
blitz,P,word2vec_recipe_20_HOM,0.22323732,0.2530021,0.3428564,0.34307787,0.3970021,0.38960132
mouthful,P,word2vec_recipe_20_HOM,0.2665202,0.1945255,0.2966598,0.2070003,0.3070422,0.21162418
orgasm,M,word2vec_recipe_20_HOM,0.1274919,0.13771862,0.15009445,0.16733652,0.15974617,0.17645659
toss,P,word2vec_recipe_20_HOM,0.3262505,0.3272776,0.3994797,0.35477492,0.42476022,0.35821503
keel,P,word2vec_recipe_20_HOM,0.15128712,0.17726219,0.2182004,0.2698115,0.24898568,0.3013493
charity,P,word2vec_recipe_20_HOM,0.354028,0.34652695,0.4373663,0.35746083,0.46722943,0.35269293
match,H,word2vec_recipe_20_HOM,0.35455748,0.34477466,0.41863805,0.32915565,0.4396117,0.34837162
buff,H,word2vec_recipe_20_HOM,0.24814352,0.26002574,0.28881052,0.28308165,0.30440348,0.30249348
larger,P,word2vec_recipe_20_HOM,0.35757834,0.36634988,0.4348497,0.3921517,0.4562554,0.39383334
serpent,M,word2vec_recipe_20_HOM,0.19737895,0.18353873,0.2335357,0.23710056,0.25267476,0.27086696
petroleum,M,word2vec_recipe_20_HOM,0.21332332,0.20148006,0.24583374,0.21920463,0.258474,0.22097309
collapse,P,word2vec_recipe_20_HOM,0.3267972,0.41236755,0.40491912,0.41520825,0.43094498,0.3884853
reproduce,P,word2vec_recipe_20_HOM,0.1202847,0.10989046,0.13897038,0.12771243,0.14852464,0.14134085
giggle,P,word2vec_recipe_20_HOM,0.22168255,0.18417345,0.25955492,0.20067768,0.2742487,0.22135597
nylon,P,word2vec_recipe_20_HOM,0.3641722,0.3148234,0.4314838,0.4325442,0.45973122,0.4606309
inject,P,word2vec_recipe_20_HOM,0.33798915,0.41050622,0.44031915,0.44639418,0.46868396,0.47433472
window,P,word2vec_recipe_20_HOM,0.28068286,0.26113248,0.3305841,0.29186282,0.35059875,0.3080659
prison,P,word2vec_recipe_20_HOM,0.16590598,0.15680765,0.1908669,0.18145162,0.20124267,0.19049056
throat,P,word2vec_recipe_20_HOM,0.20732221,0.20861638,0.2639559,0.27502796,0.28785518,0.28882492
hint,P,word2vec_recipe_20_HOM,0.3061145,0.20810145,0.34240985,0.22980157,0.35509163,0.23478347
topless,P,word2vec_recipe_20_HOM,0.1805493,0.18662372,0.20969504,0.21994072,0.22080158,0.22951885
pantry,P,word2vec_recipe_20_HOM,0.31506488,0.32457688,0.3630235,0.33750752,0.3808857,0.35024586
blur,P,word2vec_recipe_20_HOM,0.21107459,0.17094256,0.24646096,0.19523846,0.26197946,0.21400401
golden,P,word2vec_recipe_20_HOM,0.33580968,0.40303743,0.437276,0.4366415,0.4693733,0.43334875
battle,P,word2vec_recipe_20_HOM,0.19199584,0.16318752,0.22113782,0.1885318,0.23264961,0.19409755
groovy,M,word2vec_recipe_20_HOM,0.18010285,0.21709049,0.21325852,0.23281436,0.22489527,0.24122164
testament,P,word2vec_recipe_20_HOM,0.1412113,0.14218646,0.16713238,0.16882695,0.17891644,0.18615213
salvation,P,word2vec_recipe_20_HOM,0.123351,0.12633434,0.14462584,0.15206504,0.15601978,0.1690338
ensemble,P,word2vec_recipe_20_HOM,0.27880007,0.2779294,0.31701007,0.32223898,0.3323328,0.336924
meticulous,M,word2vec_recipe_20_HOM,0.115767464,0.13066354,0.13723435,0.14951119,0.14877397,0.16432968
orchestra,P,word2vec_recipe_20_HOM,0.07986487,0.10377214,0.10102766,0.13606831,0.1116263,0.15376852
spear,H,word2vec_recipe_20_HOM,0.3595261,0.4257071,0.43397534,0.45125753,0.4601968,0.45255643
twilight,P,word2vec_recipe_20_HOM,0.1874234,0.22368282,0.21464606,0.24015059,0.22744656,0.2514036
rare,H,word2vec_recipe_20_HOM,0.25889516,0.23998554,0.39186808,0.3388535,0.43733457,0.38699862
aversion,P,word2vec_recipe_20_HOM,0.16988145,0.14256504,0.19967404,0.15631694,0.21062675,0.17164738
spinach,M,word2vec_recipe_20_HOM,0.29006624,0.39729813,0.37093776,0.42583585,0.39885893,0.4262576
scientific,P,word2vec_recipe_20_HOM,0.1125831,0.11924886,0.13276266,0.14477621,0.14292589,0.16088068
gunpowder,M,word2vec_recipe_20_HOM,0.19826809,0.26418436,0.23723358,0.30757958,0.25387692,0.31915313
greet,P,word2vec_recipe_20_HOM,0.20179984,0.16874015,0.23012024,0.1926556,0.24192761,0.20142649
improve,P,word2vec_recipe_20_HOM,0.26787785,0.3231046,0.32617906,0.31498513,0.3488729,0.3099034
imperial,H,word2vec_recipe_20_HOM,0.28540194,0.23403831,0.32987636,0.2540805,0.34729058,0.26243526
inform,P,word2vec_recipe_20_HOM,0.08765357,0.09712662,0.10655954,0.12095347,0.115498714,0.13236038
daily,P,word2vec_recipe_20_HOM,0.3756869,0.32017353,0.42709938,0.3852613,0.44566303,0.387591
trio,P,word2vec_recipe_20_HOM,0.32842627,0.2841035,0.36659497,0.32286704,0.38049427,0.3324113
rid,M,word2vec_recipe_20_HOM,0.3829764,0.37390426,0.44588757,0.43522647,0.46982124,0.4338043
master,P,word2vec_recipe_20_HOM,0.37966567,0.32417962,0.43185675,0.36407754,0.4482655,0.368623
sultan,P,word2vec_recipe_20_HOM,0.16412601,0.17842396,0.18839774,0.21694387,0.19881226,0.22680283
crude,P,word2vec_recipe_20_HOM,0.18508247,0.13232484,0.21086225,0.17344321,0.22042678,0.18499556
vintage,P,word2vec_recipe_20_HOM,0.2188571,0.13411473,0.24600936,0.17998743,0.2584799,0.19412383
slap,P,word2vec_recipe_20_HOM,0.3594377,0.40941852,0.43897492,0.45264766,0.4645768,0.44980264
contain,P,word2vec_recipe_20_HOM,0.34909543,0.27919424,0.3972015,0.27875045,0.41394165,0.28954753
facility,P,word2vec_recipe_20_HOM,0.13185629,0.121213175,0.1569343,0.14764713,0.1684875,0.1609431
soccer,M,word2vec_recipe_20_HOM,0.2035857,0.20389134,0.24473801,0.25053993,0.26424462,0.27918532
reckless,P,word2vec_recipe_20_HOM,0.11201353,0.11329957,0.13113302,0.13502553,0.14055738,0.14703088
selection,P,word2vec_recipe_20_HOM,0.35856777,0.37039337,0.419495,0.4172627,0.43996143,0.4101775
title,P,word2vec_recipe_20_HOM,0.23567572,0.1454647,0.27878362,0.1751094,0.30350694,0.19377165
knife,P,word2vec_recipe_20_HOM,0.2797581,0.27470312,0.3909758,0.38092402,0.43129677,0.41711554
organize,P,word2vec_recipe_20_HOM,0.333379,0.3083164,0.37595618,0.31938747,0.39023533,0.3271833
swab,P,word2vec_recipe_20_HOM,0.2939236,0.29180816,0.3452459,0.35898483,0.3711405,0.37568817
persuade,P,word2vec_recipe_20_HOM,0.098061964,0.11132806,0.11642129,0.12629001,0.12562965,0.14416346
tolerance,P,word2vec_recipe_20_HOM,0.28611773,0.29084864,0.3698229,0.37255073,0.39654776,0.38897064
burglar,M,word2vec_recipe_20_HOM,0.22514784,0.26550767,0.26293933,0.30952257,0.27807796,0.32186484
atmosphere,P,word2vec_recipe_20_HOM,0.21759653,0.2102676,0.26169246,0.20398806,0.27502313,0.21322265
hectic,P,word2vec_recipe_20_HOM,0.086967155,0.10131023,0.10549113,0.12182422,0.11465443,0.1348807
youth,P,word2vec_recipe_20_HOM,0.19889128,0.17406386,0.22897303,0.21166381,0.24067245,0.22024077
rub,P,word2vec_recipe_20_HOM,0.36177808,0.44970456,0.43370327,0.4226615,0.4573445,0.41269496
faint,P,word2vec_recipe_20_HOM,0.31889978,0.30225572,0.36855817,0.347822,0.38911498,0.356781
dancer,M,word2vec_recipe_20_HOM,0.14424157,0.14477284,0.16581924,0.16672783,0.17488432,0.18393792
reckon,P,word2vec_recipe_20_HOM,0.11314092,0.10238897,0.13398713,0.12644172,0.14449066,0.13634332
trap,H,word2vec_recipe_20_HOM,0.3285934,0.34198737,0.39340043,0.3986153,0.41694963,0.40702894
circle,P,word2vec_recipe_20_HOM,0.26106086,0.21052735,0.30836964,0.22436726,0.32650757,0.25550395
flatten,P,word2vec_recipe_20_HOM,0.3146897,0.35321817,0.3963803,0.4065246,0.42369172,0.41786924
intention,P,word2vec_recipe_20_HOM,0.12292836,0.10821415,0.14575306,0.1335382,0.15664726,0.14780882
boot,P,word2vec_recipe_20_HOM,0.20878753,0.19406326,0.24744646,0.23892671,0.26721463,0.26294413
canal,P,word2vec_recipe_20_HOM,0.30760863,0.29243603,0.34994888,0.3286419,0.36677155,0.34100878
spot,P,word2vec_recipe_20_HOM,0.29813787,0.30761313,0.4273525,0.4384543,0.47222304,0.4599432
proud,P,word2vec_recipe_20_HOM,0.15772617,0.1408948,0.18142238,0.14751759,0.19113575,0.15581466
faulty,M,word2vec_recipe_20_HOM,0.18533301,0.24150921,0.22734968,0.2748349,0.24271919,0.29333252
artificial,P,word2vec_recipe_20_HOM,0.3644359,0.41629887,0.43101817,0.44257802,0.455662,0.44861266
quart,P,word2vec_recipe_20_HOM,0.24821892,0.31039992,0.3797847,0.47400776,0.42520514,0.50903356
corner,P,word2vec_recipe_20_HOM,0.3291579,0.32680526,0.38808078,0.35293823,0.40825105,0.35113528
harmless,M,word2vec_recipe_20_HOM,0.17063497,0.19272071,0.19982582,0.21074878,0.21294412,0.21916631
yawn,P,word2vec_recipe_20_HOM,0.15680696,0.16834393,0.18140338,0.19759078,0.19302052,0.2097177
tape,P,word2vec_recipe_20_HOM,0.26822758,0.29186478,0.33268264,0.34115148,0.35862666,0.36276162
bland,P,word2vec_recipe_20_HOM,0.25015694,0.21694942,0.28889862,0.23266006,0.30578896,0.25780767
objective,P,word2vec_recipe_20_HOM,0.23592725,0.1851758,0.2669894,0.20223062,0.28009418,0.21591641
tin,P,word2vec_recipe_20_HOM,0.28437898,0.2871989,0.34446296,0.32589635,0.37610704,0.35783407
handy,P,word2vec_recipe_20_HOM,0.3240189,0.33432153,0.3767676,0.2923574,0.39365563,0.2976264
gardener,P,word2vec_recipe_20_HOM,0.122396275,0.14427494,0.14036721,0.1696634,0.14882952,0.18272667
enemy,P,word2vec_recipe_20_HOM,0.21630736,0.15460178,0.24307647,0.18009615,0.25351566,0.19101778
finger,P,word2vec_recipe_20_HOM,0.31995678,0.36304024,0.4134246,0.44460425,0.44501328,0.4380734
rape,H,word2vec_recipe_20_HOM,0.2710442,0.32286793,0.33225957,0.31822488,0.3583483,0.3544367
hustle,P,word2vec_recipe_20_HOM,0.19879203,0.21667196,0.22754575,0.25794557,0.23990086,0.27906492
caress,P,word2vec_recipe_20_HOM,0.15782556,0.19872078,0.19396481,0.24250175,0.20731838,0.2606727
bomber,P,word2vec_recipe_20_HOM,0.13442424,0.15651901,0.15626797,0.17402813,0.16526343,0.18131731
capsule,P,word2vec_recipe_20_HOM,0.3114825,0.33643168,0.3626352,0.3866888,0.3832323,0.39329585
balance,P,word2vec_recipe_20_HOM,0.339377,0.3064134,0.38870674,0.33574396,0.41220024,0.33076555
conquer,P,word2vec_recipe_20_HOM,0.109516606,0.10807106,0.12684365,0.123617545,0.13552868,0.13556053
commission,P,word2vec_recipe_20_HOM,0.16878507,0.16737564,0.20489329,0.17318675,0.2181567,0.17861652
rib,H,word2vec_recipe_20_HOM,0.2841974,0.3248794,0.35580802,0.38863793,0.38533974,0.41184795
fertilizer,P,word2vec_recipe_20_HOM,0.14209116,0.16829307,0.166859,0.18439902,0.17762561,0.1909006
crime,P,word2vec_recipe_20_HOM,0.21090269,0.1593355,0.23941523,0.18277118,0.24929142,0.18586573
twinkle,P,word2vec_recipe_20_HOM,0.16547266,0.16601023,0.19244476,0.19357556,0.20545654,0.2094203
rat,P,word2vec_recipe_20_HOM,0.25101534,0.22951923,0.29323596,0.29522446,0.31101072,0.31402528
shade,P,word2vec_recipe_20_HOM,0.30928236,0.383391,0.42118293,0.4621817,0.46645734,0.4846338
risky,M,word2vec_recipe_20_HOM,0.11359106,0.10402979,0.1325508,0.12597916,0.14122082,0.13947523
cider,M,word2vec_recipe_20_HOM,0.29916465,0.39170852,0.38177964,0.4306958,0.4145149,0.44350743
cinnamon,P,word2vec_recipe_20_HOM,0.2502234,0.29592717,0.36125007,0.4044502,0.39897943,0.4213572
heartfelt,M,word2vec_recipe_20_HOM,0.22484207,0.25247297,0.28819123,0.25693923,0.30623978,0.24896574
jive,P,word2vec_recipe_20_HOM,0.15419593,0.16518809,0.1785741,0.1927234,0.1893403,0.2052608
painful,P,word2vec_recipe_20_HOM,0.1530257,0.15796366,0.18059887,0.17957391,0.19264303,0.18869539
drape,P,word2vec_recipe_20_HOM,0.34384328,0.3591442,0.39659896,0.31252408,0.4153888,0.31003997
chronic,P,word2vec_recipe_20_HOM,0.1148561,0.1347389,0.14144367,0.16139528,0.15299125,0.1744875
illusion,P,word2vec_recipe_20_HOM,0.1531318,0.15369609,0.17439234,0.16974293,0.18316276,0.17812891
stem,H,word2vec_recipe_20_HOM,0.26369745,0.3189496,0.3414541,0.36946923,0.37818116,0.40491807
nightmare,P,word2vec_recipe_20_HOM,0.16418496,0.12679803,0.18624367,0.15270388,0.1958642,0.16385643
yell,P,word2vec_recipe_20_HOM,0.14090607,0.14040332,0.168725,0.1464768,0.1809268,0.16062135
tilt,P,word2vec_recipe_20_HOM,0.37380987,0.45810235,0.45715272,0.44007206,0.48410252,0.4418641
lodge,P,word2vec_recipe_20_HOM,0.26142162,0.18970199,0.29096442,0.19702461,0.30172405,0.20669983
excite,P,word2vec_recipe_20_HOM,0.14083762,0.12858948,0.16522156,0.15252356,0.17742218,0.16975342
spruce,H,word2vec_recipe_20_HOM,0.31529546,0.2938459,0.35679328,0.32743067,0.3746762,0.34539044
butterfly,P,word2vec_recipe_20_HOM,0.3553315,0.3832974,0.42105094,0.42657018,0.44375253,0.42101905
puny,M,word2vec_recipe_20_HOM,0.11736643,0.114101745,0.13807549,0.13128011,0.1477458,0.14252712
pal,P,word2vec_recipe_20_HOM,0.21903734,0.17840737,0.2518029,0.18530057,0.26500037,0.20714761
cork,P,word2vec_recipe_20_HOM,0.2832992,0.28313258,0.36167145,0.379888,0.3953203,0.42867658
snuff,H,word2vec_recipe_20_HOM,0.19657165,0.20444195,0.2212516,0.23348589,0.23129338,0.24775586
ogre,P,word2vec_recipe_20_HOM,0.20586674,0.22752024,0.2527612,0.257269,0.26992515,0.27435714
underneath,P,word2vec_recipe_20_HOM,0.34644324,0.37101966,0.39617383,0.33830658,0.41377276,0.34237704
appearance,P,word2vec_recipe_20_HOM,0.2997306,0.36056778,0.35979363,0.38349167,0.38714957,0.39439672
cushion,P,word2vec_recipe_20_HOM,0.29209998,0.271721,0.33178386,0.30633485,0.34696537,0.32338935
platform,P,word2vec_recipe_20_HOM,0.24855371,0.2588764,0.29306,0.29105577,0.31041387,0.30645198
foggy,P,word2vec_recipe_20_HOM,0.13459203,0.13029386,0.15698972,0.16552553,0.16705991,0.18160163
hen,M,word2vec_recipe_20_HOM,0.2534693,0.27940753,0.37149024,0.43052033,0.4271159,0.45605546
skirt,P,word2vec_recipe_20_HOM,0.25214693,0.26094308,0.34366938,0.3060993,0.37690654,0.32322964
allergic,P,word2vec_recipe_20_HOM,0.22464626,0.23031937,0.26495677,0.2235707,0.28126848,0.22902529
limp,H,word2vec_recipe_20_HOM,0.2710734,0.32145613,0.3571702,0.34297058,0.39043334,0.3564067
splash,P,word2vec_recipe_20_HOM,0.35271487,0.43185946,0.43409932,0.46201122,0.46001357,0.47458902
note,P,word2vec_recipe_20_HOM,0.25488037,0.32176903,0.32853305,0.3393842,0.35006168,0.32707453
sensible,P,word2vec_recipe_20_HOM,0.29945946,0.282358,0.36336344,0.3776058,0.39127263,0.40826684
headless,P,word2vec_recipe_20_HOM,0.17623581,0.20418301,0.2149324,0.24229676,0.22997496,0.25208813
rescue,P,word2vec_recipe_20_HOM,0.21286198,0.16805294,0.2438509,0.19493286,0.2541327,0.19639851
paradise,P,word2vec_recipe_20_HOM,0.32920438,0.3191626,0.3708358,0.32195148,0.3848546,0.31383547
verse,H,word2vec_recipe_20_HOM,0.11079353,0.11489186,0.13388436,0.14594845,0.14497915,0.16118889
melt,P,word2vec_recipe_20_HOM,0.36725807,0.3490216,0.4325158,0.3502709,0.45757103,0.37538788
brand,P,word2vec_recipe_20_HOM,0.34036204,0.3809925,0.41971546,0.43987304,0.4462256,0.44703344
punishment,P,word2vec_recipe_20_HOM,0.15694705,0.15249026,0.18417823,0.18429512,0.19572549,0.19481364
owner,M,word2vec_recipe_20_HOM,0.13331842,0.12538281,0.1597715,0.15903449,0.17250988,0.1771439
migraine,M,word2vec_recipe_20_HOM,0.1083686,0.11996067,0.13097697,0.14587325,0.14045216,0.156851
unmarked,M,word2vec_recipe_20_HOM,0.19303657,0.20378837,0.22247864,0.2340159,0.23788437,0.25810003
strain,H,word2vec_recipe_20_HOM,0.29873535,0.32983848,0.3957187,0.45046914,0.43409428,0.46087778
magnetic,P,word2vec_recipe_20_HOM,0.21913877,0.3161154,0.28769422,0.38695648,0.31388006,0.41245103
candy,P,word2vec_recipe_20_HOM,0.29505044,0.3678206,0.37095815,0.47566327,0.4001544,0.49398267
castle,P,word2vec_recipe_20_HOM,0.27399307,0.23770626,0.31554785,0.27349874,0.33406323,0.30220997
sin,H,word2vec_recipe_20_HOM,0.29250127,0.25700518,0.3238415,0.24399202,0.33573586,0.24315614
oral,P,word2vec_recipe_20_HOM,0.10485145,0.11998697,0.125134,0.14908169,0.13503706,0.16277918
poultry,M,word2vec_recipe_20_HOM,0.3212338,0.29569873,0.39047667,0.39254376,0.41908035,0.42411187
transition,M,word2vec_recipe_20_HOM,0.1809012,0.15627414,0.20598096,0.17486292,0.2164333,0.18690285
quartet,P,word2vec_recipe_20_HOM,0.181066,0.16054621,0.2061606,0.18005598,0.21586075,0.18930231
washed,P,word2vec_recipe_20_HOM,0.34205878,0.44364083,0.43276337,0.48898208,0.4590634,0.472807
maneuver,P,word2vec_recipe_20_HOM,0.1991599,0.18729134,0.22913149,0.214146,0.24202721,0.21919082
pastry,P,word2vec_recipe_20_HOM,0.32483417,0.40738136,0.39982173,0.4446353,0.4257248,0.4430158
snot,P,word2vec_recipe_20_HOM,0.15326194,0.1315833,0.17640693,0.16319145,0.18628193,0.16980723
recent,P,word2vec_recipe_20_HOM,0.16016877,0.16107902,0.18540762,0.17286235,0.19801931,0.18677951
magnet,P,word2vec_recipe_20_HOM,0.19376901,0.23593119,0.23350736,0.28403497,0.24839345,0.29235464
example,P,word2vec_recipe_20_HOM,0.29343385,0.37017015,0.35062134,0.39415377,0.37047568,0.3741028
femur,P,word2vec_recipe_20_HOM,0.16800523,0.19502743,0.21146508,0.26157978,0.22983468,0.28528604
plump,H,word2vec_recipe_20_HOM,0.42683345,0.5084706,0.5077623,0.5533866,0.5333307,0.5408915
demon,P,word2vec_recipe_20_HOM,0.12564771,0.14901589,0.141941,0.15853587,0.14964712,0.17069268
zipper,P,word2vec_recipe_20_HOM,0.13825008,0.18292148,0.288546,0.30914527,0.37615323,0.3968962
stormy,P,word2vec_recipe_20_HOM,0.19401166,0.15677191,0.2354262,0.2131685,0.25567293,0.24074075
initiate,P,word2vec_recipe_20_HOM,0.17187585,0.20853351,0.19602382,0.21934934,0.20697354,0.22550413
intent,H,word2vec_recipe_20_HOM,0.1236148,0.11925678,0.14502914,0.13539965,0.1560369,0.15356044
kingdom,P,word2vec_recipe_20_HOM,0.107982375,0.117511235,0.12790473,0.14930847,0.13752039,0.16609794
tidal,P,word2vec_recipe_20_HOM,0.19170523,0.21729359,0.22135097,0.25802773,0.23403549,0.2738956
ceremony,P,word2vec_recipe_20_HOM,0.107367516,0.10662052,0.12804285,0.13650984,0.13722225,0.14599307
leader,P,word2vec_recipe_20_HOM,0.102055214,0.10116038,0.12034951,0.1290129,0.13075404,0.14557503
eliminate,P,word2vec_recipe_20_HOM,0.3672151,0.42735118,0.43498302,0.4219768,0.4614576,0.42336893
kindly,P,word2vec_recipe_20_HOM,0.26484713,0.2577623,0.32336006,0.24114306,0.34124714,0.2358158
roulette,P,word2vec_recipe_20_HOM,0.14885572,0.18451981,0.17447346,0.22530012,0.186264,0.2370586
brief,P,word2vec_recipe_20_HOM,0.39605337,0.44929236,0.44774258,0.41759259,0.46544975,0.41031364
unpack,P,word2vec_recipe_20_HOM,0.28332624,0.28038177,0.32563046,0.3282824,0.34150353,0.34268916
mansion,P,word2vec_recipe_20_HOM,0.17856403,0.17558941,0.20688479,0.18197131,0.218018,0.19066323
bun,P,word2vec_recipe_20_HOM,0.2920179,0.3588167,0.3851242,0.41821647,0.42213103,0.42796978
possession,P,word2vec_recipe_20_HOM,0.1114202,0.114638396,0.12836026,0.13089883,0.13654095,0.14300384
teenager,M,word2vec_recipe_20_HOM,0.0741552,0.08975738,0.09188254,0.11962908,0.10055433,0.131943
broad,P,word2vec_recipe_20_HOM,0.4186266,0.3782811,0.48342285,0.4465348,0.5039953,0.45626175
thick,P,word2vec_recipe_20_HOM,0.36589488,0.39440387,0.44661957,0.46082345,0.47778556,0.4897501
brute,P,word2vec_recipe_20_HOM,0.20022163,0.1863628,0.22989435,0.18952961,0.24168961,0.18934445
ploy,M,word2vec_recipe_20_HOM,0.2093602,0.24017258,0.26119617,0.27928075,0.27787268,0.2923625
mackerel,P,word2vec_recipe_20_HOM,0.22027859,0.27091596,0.3087619,0.36224002,0.35179505,0.405911
lizard,P,word2vec_recipe_20_HOM,0.17910369,0.17616788,0.2063844,0.1932646,0.21684785,0.20126878
pap,P,word2vec_recipe_20_HOM,0.2632404,0.2411261,0.30058837,0.27541202,0.31775963,0.3034287
clone,P,word2vec_recipe_20_HOM,0.24042186,0.2510162,0.27690557,0.26350746,0.2901869,0.25866032
section,P,word2vec_recipe_20_HOM,0.35828748,0.45215374,0.41805556,0.44816133,0.43829745,0.448342
muck,P,word2vec_recipe_20_HOM,0.13029654,0.13095249,0.15262441,0.14957796,0.16174644,0.1574989
heartbeat,M,word2vec_recipe_20_HOM,0.11625979,0.11653662,0.13423921,0.14396496,0.14355072,0.15344046
sturdy,P,word2vec_recipe_20_HOM,0.3694617,0.36948982,0.4313716,0.45884052,0.45190728,0.45865312
output,P,word2vec_recipe_20_HOM,0.22636142,0.2551435,0.2700503,0.2832829,0.2863356,0.27858216
dive,P,word2vec_recipe_20_HOM,0.36528558,0.33289918,0.4206537,0.322858,0.43925315,0.3099843
smile,P,word2vec_recipe_20_HOM,0.30273,0.3055868,0.35245708,0.3458806,0.37389985,0.3586391
product,P,word2vec_recipe_20_HOM,0.41537562,0.37850684,0.46097088,0.3481889,0.47641888,0.3273072
frighten,P,word2vec_recipe_20_HOM,0.074236035,0.09356137,0.09191187,0.1197562,0.101536065,0.136323
worm,P,word2vec_recipe_20_HOM,0.26931554,0.2868374,0.32763165,0.32210243,0.3503358,0.3249449
eldest,M,word2vec_recipe_20_HOM,0.069790326,0.08955056,0.090906695,0.12426046,0.102557205,0.13929111
ointment,M,word2vec_recipe_20_HOM,0.16506834,0.16641787,0.18810281,0.187882,0.19804287,0.20195891
chunk,P,word2vec_recipe_20_HOM,0.40998298,0.49912614,0.46832526,0.44837603,0.48918793,0.43662676
glance,P,word2vec_recipe_20_HOM,0.13886431,0.116348915,0.15783578,0.1367957,0.16634119,0.14541037
collar,P,word2vec_recipe_20_HOM,0.35269862,0.35238984,0.40581095,0.3899598,0.42712963,0.40351054
toothpick,M,word2vec_recipe_20_HOM,0.33483344,0.3755089,0.42871132,0.40090546,0.46925458,0.42152315
martini,M,word2vec_recipe_20_HOM,0.20429726,0.257294,0.28568682,0.29914224,0.3236216,0.3149756
physical,P,word2vec_recipe_20_HOM,0.10755329,0.12537552,0.13061024,0.15329973,0.14093532,0.163978
windshield,P,word2vec_recipe_20_HOM,0.17229152,0.16721949,0.21647522,0.22227459,0.24330898,0.26071402
filthy,P,word2vec_recipe_20_HOM,0.16002505,0.17991795,0.19026224,0.22357048,0.20507269,0.24120298
rubble,P,word2vec_recipe_20_HOM,0.3057473,0.35448152,0.36530918,0.42856547,0.38729036,0.43493629
neon,P,word2vec_recipe_20_HOM,0.24501944,0.29563183,0.33669296,0.3784576,0.37721053,0.39488402
publish,P,word2vec_recipe_20_HOM,0.0756505,0.09106718,0.09661189,0.12012986,0.105979756,0.13350585
angry,P,word2vec_recipe_20_HOM,0.26866746,0.26594436,0.30202815,0.28409466,0.31430343,0.29418173
jerky,H,word2vec_recipe_20_HOM,0.3740659,0.3701484,0.43423173,0.4113797,0.456571,0.39621922
cobbler,P,word2vec_recipe_20_HOM,0.30869165,0.3161732,0.38375366,0.32394093,0.4134536,0.315815
depth,P,word2vec_recipe_20_HOM,0.448347,0.56114465,0.5274788,0.5848208,0.5546603,0.57029486
screen,P,word2vec_recipe_20_HOM,0.39913177,0.43308342,0.4572518,0.45810488,0.47861427,0.47616515
arrange,P,word2vec_recipe_20_HOM,0.32116306,0.4068531,0.42373812,0.43900892,0.4539826,0.43485117
penny,P,word2vec_recipe_20_HOM,0.4165117,0.38818535,0.4844675,0.38767746,0.50422037,0.3888888
acquire,P,word2vec_recipe_20_HOM,0.30677527,0.30392838,0.3487593,0.33352304,0.3665722,0.33839837
herring,P,word2vec_recipe_20_HOM,0.3278673,0.3750655,0.4026564,0.44008595,0.43186778,0.45131153
cactus,M,word2vec_recipe_20_HOM,0.36296362,0.36687118,0.43139148,0.36239007,0.4557746,0.37382162
ratio,P,word2vec_recipe_20_HOM,0.33437932,0.36415577,0.40033463,0.37941423,0.41958103,0.38340765
borderline,P,word2vec_recipe_20_HOM,0.18947634,0.14036684,0.2104905,0.15519719,0.2205457,0.16672519
bend,P,word2vec_recipe_20_HOM,0.31340194,0.31268418,0.38429683,0.36454752,0.40943244,0.38667032
cancel,P,word2vec_recipe_20_HOM,0.3607967,0.34989494,0.45950595,0.4629119,0.5056747,0.5113888
squirt,P,word2vec_recipe_20_HOM,0.38536486,0.44479305,0.4355035,0.4273837,0.45510772,0.43507114
mayonnaise,M,word2vec_recipe_20_HOM,0.26175758,0.32783508,0.36509484,0.41201073,0.40208435,0.41810322
chat,P,word2vec_recipe_20_HOM,0.27292067,0.24904484,0.33414784,0.33113942,0.3614992,0.36413428
renew,P,word2vec_recipe_20_HOM,0.20870876,0.2243812,0.24093165,0.24256495,0.25465885,0.2454022
promote,P,word2vec_recipe_20_HOM,0.35217312,0.42216933,0.43999976,0.4764112,0.4704331,0.47654054
liberty,P,word2vec_recipe_20_HOM,0.13495779,0.15061869,0.15714426,0.17291518,0.16672169,0.18602103
vibrant,P,word2vec_recipe_20_HOM,0.24880493,0.31291378,0.34704503,0.3679284,0.3805928,0.37660283
term,P,word2vec_recipe_20_HOM,0.3286626,0.26645413,0.36395982,0.25280607,0.37770745,0.25343898
tar,H,word2vec_recipe_20_HOM,0.3766082,0.32459602,0.41809133,0.33518723,0.43184713,0.34448516
cup,P,word2vec_recipe_20_HOM,0.32951385,0.38840133,0.40280953,0.41257754,0.4352436,0.4230964
dynamic,P,word2vec_recipe_20_HOM,0.15358594,0.15546307,0.17499024,0.17476362,0.18450823,0.18763527
spa,P,word2vec_recipe_20_HOM,0.19052698,0.21570143,0.22907205,0.24569443,0.24348687,0.26670238
drugstore,M,word2vec_recipe_20_HOM,0.2825187,0.30292296,0.32958865,0.35656494,0.3488628,0.35582548
transit,P,word2vec_recipe_20_HOM,0.16172728,0.16858307,0.18433419,0.1753533,0.19458428,0.18452756
shuffle,P,word2vec_recipe_20_HOM,0.27859753,0.24269669,0.3258291,0.29610214,0.3430672,0.29434672
rust,P,word2vec_recipe_20_HOM,0.36307877,0.3114732,0.4349203,0.39182958,0.45805764,0.4162635
bone,P,word2vec_recipe_20_HOM,0.2755234,0.32370797,0.3551416,0.3860916,0.3897088,0.42493454
indication,P,word2vec_recipe_20_HOM,0.23430614,0.22112787,0.27588397,0.24594253,0.2923598,0.23597012
huddle,P,word2vec_recipe_20_HOM,0.10841115,0.1184611,0.13183294,0.15561724,0.14185564,0.16377723
coffin,M,word2vec_recipe_20_HOM,0.22595648,0.19216137,0.27672106,0.25430548,0.30045372,0.28572494
annual,P,word2vec_recipe_20_HOM,0.12742136,0.12865858,0.15084769,0.15188894,0.16269688,0.16870451
poop,H,word2vec_recipe_20_HOM,0.18170363,0.20685755,0.22299796,0.2572427,0.244527,0.27913746
carbon,P,word2vec_recipe_20_HOM,0.36969298,0.38145187,0.417463,0.3936181,0.43444937,0.36818293
tiresome,P,word2vec_recipe_20_HOM,0.07350353,0.09067115,0.09213478,0.11829816,0.10248912,0.13343838
octopus,P,word2vec_recipe_20_HOM,0.31079814,0.38917908,0.3857644,0.4541431,0.41047782,0.45931393
spout,P,word2vec_recipe_20_HOM,0.33886442,0.38669196,0.42021298,0.43134493,0.4506964,0.46723038
dibs,P,word2vec_recipe_20_HOM,0.20357569,0.19534801,0.23045255,0.20546778,0.24099311,0.20860712
illegal,P,word2vec_recipe_20_HOM,0.08856912,0.10860161,0.10729735,0.13205121,0.11626516,0.14379403
map,P,word2vec_recipe_20_HOM,0.12912755,0.12199846,0.19497149,0.20659356,0.21797352,0.22453682
roommate,M,word2vec_recipe_20_HOM,0.08303354,0.09395609,0.1034377,0.12393271,0.1138846,0.13845322
nearby,P,word2vec_recipe_20_HOM,0.3893,0.384719,0.4448473,0.38366097,0.46217978,0.37405849
universal,P,word2vec_recipe_20_HOM,0.25061783,0.19375834,0.28596616,0.20772637,0.2998533,0.22139946
precision,P,word2vec_recipe_20_HOM,0.32736677,0.28448573,0.37481907,0.32766595,0.39247963,0.32685253
everyday,P,word2vec_recipe_20_HOM,0.30035174,0.27966568,0.33283326,0.29510283,0.34457046,0.29275316
bake,P,word2vec_recipe_20_HOM,0.39290497,0.29949751,0.47636512,0.3961942,0.5012138,0.41593143
disappoint,P,word2vec_recipe_20_HOM,0.085987285,0.09650569,0.10763996,0.12680872,0.11755518,0.13394119
ingenious,P,word2vec_recipe_20_HOM,0.12700693,0.13041854,0.14643644,0.1466364,0.15626709,0.15679954
pride,P,word2vec_recipe_20_HOM,0.25121823,0.21774232,0.28940928,0.24991243,0.3027893,0.24764434
bat,H,word2vec_recipe_20_HOM,0.2719994,0.22809826,0.31655207,0.26113096,0.34026414,0.28668365
passive,P,word2vec_recipe_20_HOM,0.22633366,0.22775534,0.28252906,0.2517672,0.3017203,0.24839324
version,P,word2vec_recipe_20_HOM,0.25786802,0.30323204,0.29841664,0.29582715,0.31434825,0.28772822
thirsty,P,word2vec_recipe_20_HOM,0.21879461,0.20094319,0.24616796,0.18896186,0.2557539,0.20039567
equipment,P,word2vec_recipe_20_HOM,0.42379156,0.41684923,0.48149917,0.44058028,0.49880108,0.44633746
organic,P,word2vec_recipe_20_HOM,0.3149498,0.37414238,0.3655594,0.38825786,0.38505965,0.38126102
launch,H,word2vec_recipe_20_HOM,0.20869033,0.27160007,0.25156152,0.2982333,0.26848203,0.30043963
latex,P,word2vec_recipe_20_HOM,0.23792133,0.29136947,0.34705,0.3401602,0.3769899,0.34757352
clue,P,word2vec_recipe_20_HOM,0.12745905,0.118108265,0.15128988,0.13524152,0.16234863,0.1475316
modest,P,word2vec_recipe_20_HOM,0.29887936,0.2851996,0.34335476,0.29682064,0.3605548,0.30006835
beige,M,word2vec_recipe_20_HOM,0.24026242,0.3039313,0.32260552,0.3880499,0.363247,0.42507255
tap,H,word2vec_recipe_20_HOM,0.37587357,0.46067226,0.45895073,0.4994709,0.4861329,0.5014125
bounty,P,word2vec_recipe_20_HOM,0.31651938,0.27875945,0.3533538,0.2663627,0.36527678,0.2676477
nerve,P,word2vec_recipe_20_HOM,0.1432393,0.18998379,0.18311782,0.2513099,0.20185967,0.27229506
brew,P,word2vec_recipe_20_HOM,0.268475,0.35312316,0.3577175,0.41458926,0.39065784,0.41092622
balloon,P,word2vec_recipe_20_HOM,0.34458438,0.42581654,0.41918454,0.46585497,0.4427377,0.47381958
hillbilly,P,word2vec_recipe_20_HOM,0.15142515,0.1376665,0.18491201,0.17401277,0.19885486,0.18579648
neighbor,P,word2vec_recipe_20_HOM,0.15093341,0.13847841,0.17866488,0.16435969,0.19130571,0.18003681
pepperoni,M,word2vec_recipe_20_HOM,0.2686445,0.2551387,0.34604916,0.39515105,0.38040742,0.4288455
volcano,P,word2vec_recipe_20_HOM,0.35019925,0.3604867,0.40691876,0.36731043,0.425907,0.37998194
worthwhile,M,word2vec_recipe_20_HOM,0.09795741,0.108894914,0.11529034,0.12828588,0.124699704,0.1408406
photograph,P,word2vec_recipe_20_HOM,0.21402717,0.13376664,0.3476049,0.28385004,0.4125375,0.29841518
safari,P,word2vec_recipe_20_HOM,0.14328676,0.15628582,0.16529675,0.17925751,0.17582947,0.1893751
unwanted,M,word2vec_recipe_20_HOM,0.2290417,0.24922813,0.2943758,0.32749,0.32349336,0.34942514
flick,P,word2vec_recipe_20_HOM,0.3456456,0.40427268,0.4160043,0.4382192,0.44160286,0.4405409
sculpture,P,word2vec_recipe_20_HOM,0.1961959,0.18985441,0.23363945,0.25670543,0.2511884,0.27928793
burden,H,word2vec_recipe_20_HOM,0.09822802,0.1054498,0.120161675,0.13612105,0.129175,0.14803542
dependent,P,word2vec_recipe_20_HOM,0.26436582,0.31927502,0.35593086,0.35140866,0.38812265,0.35015932
enjoyable,M,word2vec_recipe_20_HOM,0.1927738,0.16912138,0.2230217,0.18303445,0.23501022,0.1878137
bandit,P,word2vec_recipe_20_HOM,0.13656555,0.15466811,0.15847722,0.17610806,0.16799204,0.18593056
commotion,P,word2vec_recipe_20_HOM,0.17766035,0.21420223,0.2153224,0.2631613,0.23003906,0.27451742
nausea,P,word2vec_recipe_20_HOM,0.114068486,0.1309651,0.1451225,0.16343449,0.15912569,0.17646044
rum,M,word2vec_recipe_20_HOM,0.20561728,0.24301034,0.2873677,0.30468553,0.32332382,0.33153808
internal,P,word2vec_recipe_20_HOM,0.26162362,0.20129584,0.31853393,0.25867122,0.35897613,0.3124019
conclusion,P,word2vec_recipe_20_HOM,0.14273295,0.13084812,0.16673921,0.13850862,0.1767151,0.15352212
shock,H,word2vec_recipe_20_HOM,0.30420008,0.3899035,0.42999524,0.4570239,0.47274598,0.48686537
horde,P,word2vec_recipe_20_HOM,0.170358,0.15269256,0.194993,0.1692457,0.2056229,0.17525288
menu,P,word2vec_recipe_20_HOM,0.26077285,0.29735312,0.31101695,0.31096217,0.32915172,0.30952182
citation,P,word2vec_recipe_20_HOM,0.21410799,0.2109916,0.24472643,0.24836417,0.2564831,0.26023662
factor,P,word2vec_recipe_20_HOM,0.24092937,0.2241066,0.27159938,0.23007645,0.2851753,0.23848769
technology,P,word2vec_recipe_20_HOM,0.13274993,0.13185658,0.1532123,0.151262,0.16387108,0.15907663
arrival,P,word2vec_recipe_20_HOM,0.15984464,0.13189739,0.18514852,0.15735228,0.19556275,0.16622263
weakness,P,word2vec_recipe_20_HOM,0.10257027,0.11216609,0.1229828,0.13673182,0.1335904,0.14650294
distortion,P,word2vec_recipe_20_HOM,0.16050959,0.19447999,0.1902245,0.23253603,0.20399106,0.24288505
claim,P,word2vec_recipe_20_HOM,0.1983898,0.17509064,0.22624853,0.19318202,0.2381198,0.20082177
dusk,M,word2vec_recipe_20_HOM,0.24791844,0.23586674,0.28330746,0.28740695,0.29619938,0.29544494
miraculous,P,word2vec_recipe_20_HOM,0.13947636,0.14292222,0.16438073,0.16420534,0.17569292,0.17945908
fragrance,P,word2vec_recipe_20_HOM,0.27112478,0.32952675,0.37123418,0.40741274,0.4041059,0.425896
wilderness,P,word2vec_recipe_20_HOM,0.19087824,0.20118137,0.21901861,0.20871763,0.2308314,0.21816088
bra,M,word2vec_recipe_20_HOM,0.18074158,0.22504334,0.2082983,0.2681892,0.21981221,0.27940753
swing,P,word2vec_recipe_20_HOM,0.19175546,0.20257445,0.22820641,0.2659875,0.24691609,0.28931597
rodeo,M,word2vec_recipe_20_HOM,0.104231596,0.12529291,0.12529749,0.15187182,0.13567092,0.16586627
turnip,P,word2vec_recipe_20_HOM,0.24411635,0.30896258,0.3332379,0.39574668,0.3659317,0.4080689
bash,P,word2vec_recipe_20_HOM,0.31081274,0.35374194,0.41389707,0.4947744,0.45216385,0.5138557
energetic,P,word2vec_recipe_20_HOM,0.20551232,0.1536175,0.23565672,0.17501819,0.24847025,0.18193269
resolve,P,word2vec_recipe_20_HOM,0.095061585,0.11976372,0.1128247,0.13286714,0.12086833,0.14409095
string,P,word2vec_recipe_20_HOM,0.27736858,0.3240465,0.3644611,0.38118783,0.40130302,0.41158652
attract,P,word2vec_recipe_20_HOM,0.12951711,0.14640892,0.14973935,0.16267152,0.1599239,0.16989845
hemisphere,P,word2vec_recipe_20_HOM,0.20170124,0.216086,0.23646867,0.2503181,0.2514102,0.26554033
colossal,M,word2vec_recipe_20_HOM,0.2713265,0.2293296,0.3009304,0.23676172,0.31316325,0.24229848
luxury,P,word2vec_recipe_20_HOM,0.23582613,0.23718731,0.2717732,0.26953527,0.28531766,0.2705244
glove,P,word2vec_recipe_20_HOM,0.3211079,0.31419432,0.39028972,0.38892442,0.4145669,0.4023849
personal,P,word2vec_recipe_20_HOM,0.21589944,0.24489155,0.30708706,0.3340018,0.34000993,0.34377816
claw,P,word2vec_recipe_20_HOM,0.26669782,0.30121037,0.36992928,0.36071706,0.41323373,0.4066476
nudge,P,word2vec_recipe_20_HOM,0.31015533,0.33629906,0.3712548,0.40570313,0.39357194,0.4115145
rally,H,word2vec_recipe_20_HOM,0.17284627,0.16780446,0.20085308,0.18277483,0.21206214,0.1950342
estate,P,word2vec_recipe_20_HOM,0.08693198,0.09785263,0.110889584,0.12923512,0.1296435,0.15545847
stomp,P,word2vec_recipe_20_HOM,0.2425851,0.22979008,0.27721417,0.24398279,0.28921843,0.25727257
cellular,P,word2vec_recipe_20_HOM,0.15360638,0.17711872,0.1765312,0.20084986,0.18695049,0.20881622
safety,P,word2vec_recipe_20_HOM,0.28250024,0.30832145,0.33237588,0.31997147,0.35269654,0.33249083
bias,P,word2vec_recipe_20_HOM,0.30189142,0.3480986,0.37856308,0.34075555,0.40955865,0.34019932
clip,H,word2vec_recipe_20_HOM,0.38750154,0.36491096,0.45119655,0.388764,0.4738094,0.42260474
mayor,M,word2vec_recipe_20_HOM,0.098349415,0.1259177,0.12016937,0.14658591,0.13003401,0.15994313
foremost,M,word2vec_recipe_20_HOM,0.19592158,0.18991496,0.2295702,0.21985047,0.24215859,0.23107046
machine,P,word2vec_recipe_20_HOM,0.316181,0.3898815,0.41006938,0.4554624,0.4542028,0.50520605
honesty,P,word2vec_recipe_20_HOM,0.14334874,0.11643998,0.16382346,0.13345097,0.1736344,0.1421552
proportion,P,word2vec_recipe_20_HOM,0.30617705,0.34623975,0.36663845,0.3562144,0.38652793,0.3630319
genie,M,word2vec_recipe_20_HOM,0.119994,0.14977801,0.13914743,0.16954502,0.14756261,0.18248922
sharp,P,word2vec_recipe_20_HOM,0.27340993,0.27901024,0.3688378,0.37020215,0.41209397,0.39408523
plaid,P,word2vec_recipe_20_HOM,0.13683547,0.16861492,0.16637884,0.20822127,0.17978898,0.22793071
smother,P,word2vec_recipe_20_HOM,0.3932337,0.44067982,0.44052637,0.37630844,0.45705077,0.37422192
airport,M,word2vec_recipe_20_HOM,0.12373982,0.1278654,0.14261246,0.15238352,0.15114653,0.16439265
liter,M,word2vec_recipe_20_HOM,0.2987012,0.36387634,0.3853109,0.4288734,0.42011398,0.45504507
rate,H,word2vec_recipe_20_HOM,0.4062335,0.30522552,0.45124164,0.2931749,0.46555114,0.30217195
bonfire,M,word2vec_recipe_20_HOM,0.25003523,0.25330493,0.28274044,0.2714329,0.29577628,0.26891616
yoga,P,word2vec_recipe_20_HOM,0.2025785,0.17805511,0.23231073,0.1902782,0.24298014,0.19819207
tablet,P,word2vec_recipe_20_HOM,0.3156642,0.34112686,0.38660076,0.39559713,0.41462126,0.42630586
prone,P,word2vec_recipe_20_HOM,0.25613773,0.2180637,0.30222672,0.25490934,0.31813917,0.25949183
calendar,P,word2vec_recipe_20_HOM,0.16663328,0.13952662,0.19042926,0.15541518,0.19985329,0.16553964
background,P,word2vec_recipe_20_HOM,0.22088268,0.23596394,0.25829047,0.2597581,0.27221635,0.26296413
endless,P,word2vec_recipe_20_HOM,0.24970353,0.27576455,0.3176589,0.30352235,0.3397628,0.305798
tag,H,word2vec_recipe_20_HOM,0.3551591,0.33662492,0.41811016,0.32830286,0.43819118,0.3587924
backbone,P,word2vec_recipe_20_HOM,0.23176351,0.2296317,0.31425324,0.3539106,0.35459632,0.38913524
division,P,word2vec_recipe_20_HOM,0.22638138,0.2201106,0.26972997,0.26324853,0.28790006,0.28381523
needle,P,word2vec_recipe_20_HOM,0.28991643,0.3676045,0.3706001,0.4248977,0.4040514,0.43910426
hobo,P,word2vec_recipe_20_HOM,0.3730006,0.31440842,0.42026532,0.28462046,0.43638417,0.29531196
roach,H,word2vec_recipe_20_HOM,0.13069107,0.13325356,0.15064579,0.16585474,0.1605075,0.17995997
attach,P,word2vec_recipe_20_HOM,0.31439736,0.21870457,0.37093177,0.28368422,0.39658105,0.31637108
catfish,M,word2vec_recipe_20_HOM,0.25217438,0.2479989,0.3630603,0.401709,0.40783805,0.4117748
slick,H,word2vec_recipe_20_HOM,0.37085024,0.38395143,0.42094788,0.38667622,0.44010735,0.3941035
mystic,P,word2vec_recipe_20_HOM,0.14055033,0.16062394,0.15947422,0.17719544,0.1688872,0.1897505
majority,P,word2vec_recipe_20_HOM,0.36042798,0.35242125,0.41450232,0.3435668,0.43268642,0.34290698
seat,P,word2vec_recipe_20_HOM,0.3503011,0.3014511,0.39602688,0.33418068,0.41306487,0.36544874
yarn,P,word2vec_recipe_20_HOM,0.21058586,0.25233227,0.26187286,0.28282964,0.28423804,0.2975389
diamond,P,word2vec_recipe_20_HOM,0.29120383,0.30390787,0.37147418,0.3475005,0.40216818,0.35163102
lipstick,M,word2vec_recipe_20_HOM,0.17614026,0.18832089,0.19940607,0.2171321,0.20871967,0.22191477
bead,P,word2vec_recipe_20_HOM,0.43475437,0.4339744,0.5395781,0.5304636,0.56755286,0.5435139
enlighten,M,word2vec_recipe_20_HOM,0.13840884,0.16847676,0.16412283,0.20680712,0.17419432,0.21702503
medicine,P,word2vec_recipe_20_HOM,0.1949947,0.1758905,0.2254465,0.20896487,0.24013624,0.22105396
penalty,P,word2vec_recipe_20_HOM,0.17004009,0.15981022,0.19737542,0.18227768,0.2073645,0.19540815
oblivion,P,word2vec_recipe_20_HOM,0.2789492,0.31639376,0.32110062,0.32593897,0.33825803,0.33622867
district,P,word2vec_recipe_20_HOM,0.11820285,0.10377303,0.15116473,0.14358436,0.16859825,0.17280628
holler,P,word2vec_recipe_20_HOM,0.18431199,0.1797076,0.21485853,0.19969396,0.2263634,0.2138654
nap,H,word2vec_recipe_20_HOM,0.3813589,0.38322008,0.42639267,0.40160465,0.44285473,0.39436466
pattern,P,word2vec_recipe_20_HOM,0.23793796,0.2926163,0.30636692,0.3337714,0.33822381,0.34676117
warehouse,P,word2vec_recipe_20_HOM,0.14666183,0.1612613,0.19092458,0.20442173,0.2115117,0.21887548
exotic,P,word2vec_recipe_20_HOM,0.2705474,0.29310974,0.3170053,0.33201805,0.33621544,0.332151
edit,P,word2vec_recipe_20_HOM,0.14908995,0.1282757,0.176798,0.14024907,0.18840107,0.15097396
dodo,P,word2vec_recipe_20_HOM,0.17708263,0.20642683,0.20988256,0.22307095,0.22157937,0.2308135
sap,H,word2vec_recipe_20_HOM,0.24756321,0.21769321,0.28342414,0.2729921,0.29867592,0.29636165
elegant,P,word2vec_recipe_20_HOM,0.2688548,0.28496894,0.34646264,0.37682986,0.38128597,0.4108648
speed,P,word2vec_recipe_20_HOM,0.29732937,0.3419184,0.40925804,0.36864293,0.44877845,0.39023575
molecular,M,word2vec_recipe_20_HOM,0.13159546,0.12341154,0.1516709,0.14120595,0.15994352,0.15424801
wax,H,word2vec_recipe_20_HOM,0.2969245,0.29445037,0.39640647,0.35985687,0.4304415,0.3892206
sapphire,P,word2vec_recipe_20_HOM,0.1516221,0.13829704,0.18374638,0.19106762,0.20213066,0.22419153
camel,M,word2vec_recipe_20_HOM,0.30771983,0.3250377,0.35658738,0.38323584,0.37564218,0.40449017
system,P,word2vec_recipe_20_HOM,0.24472877,0.21191421,0.28245082,0.22513077,0.29949322,0.23942031
freshen,P,word2vec_recipe_20_HOM,0.3561006,0.3271054,0.39823312,0.34736472,0.41524193,0.34731895
silent,P,word2vec_recipe_20_HOM,0.19376516,0.18164459,0.22050907,0.1842771,0.23199272,0.19067203
weaken,P,word2vec_recipe_20_HOM,0.20230165,0.19172361,0.23381113,0.20762214,0.24723025,0.21342966
specialize,P,word2vec_recipe_20_HOM,0.12131081,0.13864702,0.14947768,0.17020757,0.16193613,0.18022414
approval,P,word2vec_recipe_20_HOM,0.14468548,0.13260764,0.16660675,0.15274234,0.17693299,0.16173719
blow,H,word2vec_recipe_20_HOM,0.33473703,0.37086618,0.3980417,0.38327453,0.4205695,0.3692517
ripple,P,word2vec_recipe_20_HOM,0.38485593,0.38736573,0.43786103,0.38586217,0.45837227,0.38620195
brig,P,word2vec_recipe_20_HOM,0.16605623,0.2014145,0.21844816,0.28935614,0.23832135,0.31181782
kangaroo,M,word2vec_recipe_20_HOM,0.2795531,0.26831445,0.3187996,0.2915338,0.3352484,0.28825393
empire,P,word2vec_recipe_20_HOM,0.20101961,0.22750351,0.24367046,0.24396533,0.2584051,0.23902066
suede,M,word2vec_recipe_20_HOM,0.16487569,0.1842306,0.19500344,0.23913065,0.20945285,0.2515348
overseas,P,word2vec_recipe_20_HOM,0.15066504,0.1503617,0.17735629,0.17672405,0.18887334,0.18725626
tickle,P,word2vec_recipe_20_HOM,0.12940839,0.13029896,0.15680349,0.15684663,0.17017485,0.17222068
hormone,P,word2vec_recipe_20_HOM,0.119546674,0.1325714,0.15216394,0.16734128,0.16496904,0.18046889
spook,P,word2vec_recipe_20_HOM,0.3537063,0.26393685,0.39070418,0.30374506,0.40406865,0.30801523
material,P,word2vec_recipe_20_HOM,0.29610398,0.3012429,0.3520047,0.3561857,0.37440896,0.36642757
celery,M,word2vec_recipe_20_HOM,0.2629431,0.2572464,0.3334771,0.2986806,0.36263013,0.32485932
trade,P,word2vec_recipe_20_HOM,0.1922469,0.16691548,0.21991749,0.18469614,0.2307682,0.19633923
chill,P,word2vec_recipe_20_HOM,0.28219253,0.36396888,0.42118907,0.4309326,0.4668074,0.44403535
myth,P,word2vec_recipe_20_HOM,0.082667276,0.09669184,0.098791726,0.116991885,0.10738821,0.1316312
award,P,word2vec_recipe_20_HOM,0.17986472,0.18707676,0.21322702,0.20443052,0.2273296,0.21223496
waterfall,M,word2vec_recipe_20_HOM,0.18721172,0.19845317,0.21417803,0.24067076,0.22743897,0.2555397
nightly,P,word2vec_recipe_20_HOM,0.1337603,0.14142159,0.15430695,0.15248333,0.16282946,0.16095154
reindeer,M,word2vec_recipe_20_HOM,0.2184681,0.23396273,0.2644987,0.2837506,0.28964937,0.299245
force,P,word2vec_recipe_20_HOM,0.34434193,0.32647246,0.4454664,0.47796026,0.4817646,0.49600586
extreme,P,word2vec_recipe_20_HOM,0.34825784,0.31957826,0.39498162,0.3312433,0.41246614,0.3313367
shiver,H,word2vec_recipe_20_HOM,0.21462598,0.2168615,0.24657719,0.26142576,0.25919396,0.26973808
portion,P,word2vec_recipe_20_HOM,0.3760733,0.31073377,0.4376799,0.31700248,0.46177232,0.343607
sexy,P,word2vec_recipe_20_HOM,0.24940678,0.25181508,0.28936118,0.29127553,0.30582035,0.30574313
gut,P,word2vec_recipe_20_HOM,0.26557535,0.2845205,0.34173656,0.35434678,0.37020734,0.38871503
crawl,P,word2vec_recipe_20_HOM,0.21028154,0.22807345,0.24540989,0.23711768,0.259951,0.24568747
nationwide,M,word2vec_recipe_20_HOM,0.11231574,0.122941926,0.15621541,0.19794318,0.18441951,0.2208866
verb,M,word2vec_recipe_20_HOM,0.12933548,0.12820224,0.14955619,0.15264155,0.16033232,0.16877705
treatment,P,word2vec_recipe_20_HOM,0.1943582,0.1884474,0.24069479,0.2184501,0.25875336,0.22805682
alias,P,word2vec_recipe_20_HOM,0.1167206,0.13570957,0.13548005,0.15817647,0.14390346,0.17074998
sustain,P,word2vec_recipe_20_HOM,0.26309428,0.30762976,0.3062681,0.31643814,0.32375443,0.3160686
anonymous,M,word2vec_recipe_20_HOM,0.098635994,0.11414137,0.11739917,0.14149968,0.12707248,0.15665904
dairy,P,word2vec_recipe_20_HOM,0.31520477,0.3603345,0.38544777,0.4021982,0.41500854,0.40900114
carve,P,word2vec_recipe_20_HOM,0.36108154,0.45653984,0.4396807,0.4446954,0.46556586,0.44838575
colorful,P,word2vec_recipe_20_HOM,0.31011376,0.37613076,0.37329337,0.41869298,0.4015289,0.42414215
petite,P,word2vec_recipe_20_HOM,0.40404433,0.4713774,0.458581,0.4841721,0.4774035,0.47385624
struggle,P,word2vec_recipe_20_HOM,0.154196,0.13592382,0.17722294,0.15273714,0.18716206,0.16179536
cluster,P,word2vec_recipe_20_HOM,0.3461618,0.31482753,0.41777566,0.39290494,0.4441428,0.42578682
exam,M,word2vec_recipe_20_HOM,0.22221415,0.15127052,0.26025334,0.21776567,0.2762907,0.2294676
wizard,P,word2vec_recipe_20_HOM,0.19390473,0.15401134,0.22255807,0.19752587,0.23431171,0.20942886
erect,P,word2vec_recipe_20_HOM,0.16501255,0.17483576,0.19556731,0.21273941,0.20908374,0.223576
comeback,P,word2vec_recipe_20_HOM,0.2015622,0.19224428,0.23233739,0.2121122,0.24438372,0.23022683
math,M,word2vec_recipe_20_HOM,0.15891214,0.12926537,0.1804962,0.1372173,0.19215088,0.1485762
creator,P,word2vec_recipe_20_HOM,0.101256326,0.11769765,0.12178769,0.14290918,0.13272506,0.16122493
bump,P,word2vec_recipe_20_HOM,0.34828347,0.29278192,0.39546746,0.28531155,0.41144425,0.29166958
greasy,P,word2vec_recipe_20_HOM,0.27375832,0.27574548,0.32284516,0.26133198,0.34047347,0.25890723
buzzer,M,word2vec_recipe_20_HOM,0.2408649,0.23757961,0.29325604,0.25863898,0.3090356,0.2702193
zombie,P,word2vec_recipe_20_HOM,0.20987722,0.25036073,0.2647646,0.3163389,0.2869043,0.33019358
virtuous,P,word2vec_recipe_20_HOM,0.21054435,0.20958363,0.24267198,0.21454503,0.25465298,0.22436851
almond,P,word2vec_recipe_20_HOM,0.30749446,0.36647302,0.3668052,0.39601436,0.38868758,0.40321612
cling,P,word2vec_recipe_20_HOM,0.32834545,0.3330965,0.43246642,0.3992101,0.46589315,0.42298174
grin,P,word2vec_recipe_20_HOM,0.1266059,0.12271122,0.14691572,0.15511398,0.15688723,0.16324043
terrific,P,word2vec_recipe_20_HOM,0.24033141,0.26360953,0.33151588,0.37174973,0.36060852,0.37633935
absence,P,word2vec_recipe_20_HOM,0.20950973,0.17509761,0.23789541,0.20109758,0.2502679,0.21283172
examine,P,word2vec_recipe_20_HOM,0.3213013,0.28845254,0.364604,0.32085386,0.38046062,0.3216756
unlucky,P,word2vec_recipe_20_HOM,0.08194195,0.095456526,0.09803037,0.11797688,0.105689265,0.13014363
creative,P,word2vec_recipe_20_HOM,0.25366566,0.2633733,0.29657048,0.24934803,0.3136481,0.24913812
rake,H,word2vec_recipe_20_HOM,0.42658082,0.4392899,0.4857089,0.46730465,0.50659263,0.46021932
container,P,word2vec_recipe_20_HOM,0.26339555,0.31292492,0.35693073,0.37819052,0.3989116,0.42009404
text,P,word2vec_recipe_20_HOM,0.1818512,0.16362049,0.21389347,0.1996491,0.22796011,0.21248564
prowl,P,word2vec_recipe_20_HOM,0.22700119,0.27076802,0.25939715,0.30664906,0.27163264,0.31337288
bully,H,word2vec_recipe_20_HOM,0.18528473,0.1659869,0.2174881,0.20600945,0.23038903,0.21815857
cherry,P,word2vec_recipe_20_HOM,0.32131535,0.3850476,0.39788574,0.3858027,0.42713124,0.3893948
inferior,P,word2vec_recipe_20_HOM,0.19764227,0.15349038,0.22424488,0.16549847,0.23478118,0.17188103
waiter,P,word2vec_recipe_20_HOM,0.11133399,0.1081892,0.12921496,0.13226762,0.13884825,0.14459577
bridal,P,word2vec_recipe_20_HOM,0.22168393,0.26477134,0.26659593,0.28851363,0.28555125,0.29355967
fate,P,word2vec_recipe_20_HOM,0.18389212,0.13637434,0.20634687,0.1595425,0.21535702,0.16500697
wart,P,word2vec_recipe_20_HOM,0.16030017,0.18873554,0.1912987,0.22809668,0.20634905,0.24836743
absent,P,word2vec_recipe_20_HOM,0.18432167,0.2097882,0.21276344,0.22809228,0.22513112,0.23895547
invent,P,word2vec_recipe_20_HOM,0.12896639,0.11537054,0.15235482,0.14180003,0.16347066,0.15059122
knock,P,word2vec_recipe_20_HOM,0.36238867,0.46244407,0.43156436,0.44797152,0.45646447,0.45184487
sometime,P,word2vec_recipe_20_HOM,0.30352533,0.2313081,0.33673814,0.21551888,0.34908748,0.22235057
playful,P,word2vec_recipe_20_HOM,0.18219714,0.20367065,0.21640268,0.24322659,0.23069867,0.25965953
crumble,P,word2vec_recipe_20_HOM,0.39936298,0.40030205,0.47313273,0.43054423,0.49825513,0.43019223
slide,P,word2vec_recipe_20_HOM,0.3415443,0.4132376,0.42946437,0.41981137,0.45455438,0.41608104
muzzle,P,word2vec_recipe_20_HOM,0.12342241,0.15645672,0.1639784,0.22058892,0.19022827,0.26053834
unclear,M,word2vec_recipe_20_HOM,0.09111585,0.105915695,0.10963671,0.12435477,0.11851335,0.13805206
kite,P,word2vec_recipe_20_HOM,0.14833865,0.17504822,0.18591356,0.22094473,0.20461403,0.25298628
shark,H,word2vec_recipe_20_HOM,0.28003037,0.28317666,0.34338927,0.34659955,0.3743059,0.36776456
seek,P,word2vec_recipe_20_HOM,0.16586047,0.13107035,0.19123541,0.16517337,0.20204529,0.17331073
asleep,P,word2vec_recipe_20_HOM,0.13433562,0.109811,0.15671779,0.14252892,0.1676819,0.15543558
regardless,P,word2vec_recipe_20_HOM,0.24264355,0.18304531,0.2747928,0.18568432,0.28590825,0.18815076
carousel,P,word2vec_recipe_20_HOM,0.35058397,0.3407045,0.4312143,0.4441074,0.45820048,0.45053676
wink,P,word2vec_recipe_20_HOM,0.25339922,0.22672758,0.2889031,0.2642854,0.3044976,0.28117943
departure,P,word2vec_recipe_20_HOM,0.1138248,0.103579424,0.13015105,0.12758596,0.13767502,0.14034012
injection,P,word2vec_recipe_20_HOM,0.31028688,0.36591652,0.39539143,0.4033875,0.42101628,0.42024022
support,P,word2vec_recipe_20_HOM,0.27713346,0.2915967,0.32701537,0.29885674,0.34425583,0.30908787
craze,P,word2vec_recipe_20_HOM,0.1861175,0.1813963,0.2173537,0.22018895,0.22961146,0.23083648
wisdom,P,word2vec_recipe_20_HOM,0.18507025,0.15030761,0.21215549,0.17159954,0.22332989,0.18390775
argue,P,word2vec_recipe_20_HOM,0.09821194,0.1022114,0.11529361,0.12393781,0.12530865,0.13615951
engagement,P,word2vec_recipe_20_HOM,0.19702967,0.17231302,0.22669117,0.19070527,0.23783398,0.20027664
unlock,P,word2vec_recipe_20_HOM,0.3724063,0.33200362,0.47585914,0.47826383,0.51360726,0.5050815
quality,P,word2vec_recipe_20_HOM,0.31006724,0.2997355,0.35723534,0.29262903,0.37345803,0.29044667
maniac,P,word2vec_recipe_20_HOM,0.13626,0.15075184,0.16103867,0.17005114,0.17091702,0.18414554
warp,P,word2vec_recipe_20_HOM,0.28017348,0.20839031,0.36082172,0.33047086,0.39027855,0.3714839
finale,P,word2vec_recipe_20_HOM,0.27367988,0.23366778,0.3099469,0.26624122,0.32405362,0.27086517
putt,P,word2vec_recipe_20_HOM,0.31326655,0.29349107,0.34781516,0.30794087,0.35919487,0.31911698
founder,H,word2vec_recipe_20_HOM,0.07977542,0.10405387,0.098470755,0.13686906,0.11096249,0.15685198
exposure,P,word2vec_recipe_20_HOM,0.2413769,0.2481754,0.2975952,0.26745206,0.31790975,0.26682645
popular,P,word2vec_recipe_20_HOM,0.24271674,0.287918,0.2995746,0.31947982,0.321294,0.32475382
lard,P,word2vec_recipe_20_HOM,0.38747153,0.4529843,0.4835911,0.514002,0.5106976,0.49381143
excellence,P,word2vec_recipe_20_HOM,0.17559715,0.15657371,0.20496403,0.19332166,0.21707903,0.20149183
hesitation,M,word2vec_recipe_20_HOM,0.22004452,0.19216856,0.24876827,0.19136919,0.2610889,0.19689383
vineyard,M,word2vec_recipe_20_HOM,0.13065729,0.106222875,0.16665159,0.14272039,0.18582658,0.16769947
remedy,P,word2vec_recipe_20_HOM,0.2301418,0.21693815,0.28148368,0.25240162,0.30149233,0.27385682
prime,P,word2vec_recipe_20_HOM,0.2765119,0.32486683,0.34770447,0.3598567,0.37782314,0.3607315
charm,P,word2vec_recipe_20_HOM,0.23419456,0.14745224,0.26054513,0.1651143,0.27109265,0.173932
crate,P,word2vec_recipe_20_HOM,0.20856543,0.2046113,0.24628569,0.24743278,0.26131412,0.26950392
twin,P,word2vec_recipe_20_HOM,0.3181371,0.3082803,0.3754693,0.36608496,0.39593923,0.36815658
statue,M,word2vec_recipe_20_HOM,0.1586985,0.19524978,0.1872289,0.23999348,0.20350288,0.26387295
post,H,word2vec_recipe_20_HOM,0.21257615,0.23677102,0.27538487,0.2624021,0.2977409,0.25815853
descent,P,word2vec_recipe_20_HOM,0.09855267,0.11361115,0.120181754,0.13908204,0.13064651,0.15865491
handbag,P,word2vec_recipe_20_HOM,0.17160334,0.19187015,0.20246725,0.24084057,0.2201885,0.26627642
chant,P,word2vec_recipe_20_HOM,0.13850825,0.13285594,0.16486034,0.14850125,0.17551887,0.15606767
lint,P,word2vec_recipe_20_HOM,0.24827127,0.28903937,0.30682427,0.33891797,0.33355016,0.3524042
preview,P,word2vec_recipe_20_HOM,0.12631445,0.13735206,0.16722985,0.16572827,0.1805922,0.18070644
lush,P,word2vec_recipe_20_HOM,0.3561215,0.30916294,0.41040125,0.30937177,0.4307863,0.31703815
accordance,P,word2vec_recipe_20_HOM,0.2688763,0.2503888,0.3412461,0.3691516,0.3800383,0.40646362
neutral,P,word2vec_recipe_20_HOM,0.3288484,0.38945648,0.4268716,0.4773161,0.45561507,0.48679698
fond,P,word2vec_recipe_20_HOM,0.3432304,0.41717744,0.43991765,0.46113926,0.4670694,0.44675425
grape,P,word2vec_recipe_20_HOM,0.34141198,0.4109576,0.40615085,0.42740595,0.42819571,0.4252997
treasure,P,word2vec_recipe_20_HOM,0.29974824,0.23482136,0.3321868,0.24901663,0.34555733,0.25955144
bladder,P,word2vec_recipe_20_HOM,0.14848295,0.13848601,0.18265453,0.20293415,0.19822077,0.21719663
dozen,P,word2vec_recipe_20_HOM,0.31935626,0.3871328,0.41426852,0.43096632,0.45049924,0.45759258
cleaver,M,word2vec_recipe_20_HOM,0.3014201,0.3602424,0.40497458,0.45160985,0.44188586,0.46581703
tab,P,word2vec_recipe_20_HOM,0.4062605,0.4214114,0.47308952,0.48670048,0.4968608,0.5079251
harm,P,word2vec_recipe_20_HOM,0.1976364,0.18774262,0.23549126,0.20393743,0.2504078,0.21019566
stadium,M,word2vec_recipe_20_HOM,0.23801723,0.26080015,0.2812681,0.315936,0.29913682,0.32249805
permanent,P,word2vec_recipe_20_HOM,0.22554186,0.24176197,0.27428782,0.28508765,0.29286805,0.30644152
outcome,M,word2vec_recipe_20_HOM,0.2447453,0.18444434,0.28029794,0.20148979,0.29372776,0.20455508
melon,M,word2vec_recipe_20_HOM,0.26375538,0.3176765,0.37295,0.3995488,0.41195762,0.41973504
warming,P,word2vec_recipe_20_HOM,0.37585455,0.4579506,0.43733242,0.43269122,0.45814118,0.42388543
artistic,P,word2vec_recipe_20_HOM,0.181157,0.19432388,0.21961418,0.23178624,0.23497038,0.24243255
dinosaur,P,word2vec_recipe_20_HOM,0.2791555,0.26751563,0.3334202,0.3172001,0.35276172,0.33126745
cranberry,P,word2vec_recipe_20_HOM,0.25362805,0.29426223,0.34210837,0.36120728,0.37449083,0.36999965
generate,P,word2vec_recipe_20_HOM,0.27677175,0.24345905,0.31635848,0.24721774,0.3312234,0.25279608
prove,P,word2vec_recipe_20_HOM,0.2589959,0.3139537,0.3674366,0.42287105,0.41328168,0.46447477
threat,P,word2vec_recipe_20_HOM,0.2375869,0.23071453,0.27061903,0.24309927,0.2834602,0.24560125
downfall,P,word2vec_recipe_20_HOM,0.14555836,0.15650631,0.17210837,0.1836572,0.18292847,0.19420406
admit,P,word2vec_recipe_20_HOM,0.17652567,0.15237702,0.20473042,0.16452853,0.21840687,0.17383407
position,P,word2vec_recipe_20_HOM,0.29707944,0.26424554,0.42330247,0.39119357,0.4602067,0.40075555
alike,P,word2vec_recipe_20_HOM,0.19700055,0.16104686,0.22055511,0.17579839,0.23111664,0.18238704
laser,M,word2vec_recipe_20_HOM,0.16912128,0.21517855,0.24164692,0.29889518,0.26326945,0.3058811
bust,H,word2vec_recipe_20_HOM,0.23876074,0.2325874,0.27424484,0.24796633,0.28955945,0.24699162
tour,P,word2vec_recipe_20_HOM,0.17269708,0.15988927,0.19825867,0.17541969,0.2086057,0.18337736
pepper,P,word2vec_recipe_20_HOM,0.23433976,0.23138584,0.29626098,0.26172933,0.32056022,0.29138598
symphony,P,word2vec_recipe_20_HOM,0.21570945,0.20743218,0.24656229,0.22777805,0.2576547,0.23327805
fudge,H,word2vec_recipe_20_HOM,0.29901823,0.36349487,0.38387164,0.3916131,0.41064894,0.37806842
stallion,M,word2vec_recipe_20_HOM,0.16703568,0.15913329,0.19045195,0.18090607,0.20164017,0.19100302
eyeball,P,word2vec_recipe_20_HOM,0.38095388,0.29940832,0.42286304,0.2937646,0.4373435,0.3006291
perpetual,P,word2vec_recipe_20_HOM,0.16636053,0.18896857,0.19434345,0.21236348,0.2060572,0.22497822
villa,M,word2vec_recipe_20_HOM,0.13420407,0.13750292,0.159522,0.16922761,0.17282964,0.18680067
chimpanzee,M,word2vec_recipe_20_HOM,0.1580545,0.17471348,0.17920905,0.19725034,0.18858442,0.20335884
naked,P,word2vec_recipe_20_HOM,0.32495198,0.27396414,0.36391813,0.30639398,0.3769962,0.30889586
propeller,M,word2vec_recipe_20_HOM,0.21919303,0.26845628,0.26875097,0.3172504,0.28885132,0.33594555
lollipop,M,word2vec_recipe_20_HOM,0.28612092,0.3378218,0.3590768,0.33614767,0.3873401,0.3585499
poem,P,word2vec_recipe_20_HOM,0.15871477,0.17606823,0.18370914,0.20467462,0.19520073,0.21075688
decorator,M,word2vec_recipe_20_HOM,0.2343727,0.28125235,0.31003973,0.3316994,0.3445803,0.35470498
flashy,P,word2vec_recipe_20_HOM,0.08616759,0.100693606,0.10290381,0.118152834,0.1115201,0.13160796
heap,P,word2vec_recipe_20_HOM,0.37490278,0.5063988,0.46006858,0.49574092,0.48620406,0.47322088
rumor,P,word2vec_recipe_20_HOM,0.15409726,0.12793638,0.17350776,0.14316961,0.1824485,0.14957988
potassium,M,word2vec_recipe_20_HOM,0.16740642,0.21600845,0.22220194,0.17213045,0.24607006,0.1559511
gland,P,word2vec_recipe_20_HOM,0.20049341,0.19089684,0.23175769,0.22150978,0.246783,0.23812632
washer,P,word2vec_recipe_20_HOM,0.23126104,0.2782389,0.26874518,0.28736323,0.28574398,0.28512147
summary,P,word2vec_recipe_20_HOM,0.1851883,0.15770997,0.21141596,0.17028184,0.22201172,0.17909649
expiration,P,word2vec_recipe_20_HOM,0.22415534,0.20122725,0.26832306,0.20761132,0.28310004,0.2012794
governor,P,word2vec_recipe_20_HOM,0.096876636,0.11952706,0.11618826,0.14908418,0.1252846,0.1610231
glorious,P,word2vec_recipe_20_HOM,0.30097264,0.30809554,0.3502076,0.33068064,0.37008017,0.33045536
cubicle,M,word2vec_recipe_20_HOM,0.111448206,0.122729585,0.1306462,0.14378043,0.13970564,0.15398312
precaution,P,word2vec_recipe_20_HOM,0.23697881,0.20945519,0.27529216,0.24291907,0.28982902,0.25470847
approve,P,word2vec_recipe_20_HOM,0.08320568,0.09627956,0.10004925,0.118768886,0.10869632,0.1323834
weekly,P,word2vec_recipe_20_HOM,0.23445253,0.21872482,0.27202588,0.2477437,0.28702834,0.25198433
blizzard,P,word2vec_recipe_20_HOM,0.22330126,0.23547581,0.26345888,0.26772988,0.2796153,0.29245433
border,P,word2vec_recipe_20_HOM,0.32602566,0.36957538,0.4186989,0.36598378,0.44390443,0.379127
nighttime,M,word2vec_recipe_20_HOM,0.13373265,0.15954919,0.16272892,0.18520205,0.17271891,0.19188404
dandy,P,word2vec_recipe_20_HOM,0.3190596,0.30195418,0.3621014,0.27464902,0.37684214,0.28187725
suspicion,P,word2vec_recipe_20_HOM,0.103785776,0.10629118,0.12144466,0.124710694,0.12986976,0.1388822
science,P,word2vec_recipe_20_HOM,0.28317034,0.22466515,0.31193164,0.20519339,0.3225553,0.21363682
universe,P,word2vec_recipe_20_HOM,0.14441489,0.14049292,0.16740423,0.16139042,0.17755488,0.16696122
papaya,M,word2vec_recipe_20_HOM,0.23937853,0.31730166,0.33676246,0.3998692,0.36588576,0.39614564
superb,P,word2vec_recipe_20_HOM,0.22566411,0.25499687,0.28332245,0.33057526,0.30456066,0.3455185
spite,P,word2vec_recipe_20_HOM,0.12783495,0.12470851,0.1487798,0.13524346,0.15768953,0.14744316
finder,P,word2vec_recipe_20_HOM,0.1855934,0.15635377,0.21199456,0.19542609,0.22307675,0.20557803
affection,P,word2vec_recipe_20_HOM,0.16093609,0.14644708,0.18660186,0.16346316,0.19706671,0.16967587
liver,H,word2vec_recipe_20_HOM,0.29736942,0.39787614,0.40312442,0.4474107,0.43510047,0.46809217
discreet,P,word2vec_recipe_20_HOM,0.15154418,0.14321068,0.17431442,0.16851972,0.18471764,0.17747447
elect,P,word2vec_recipe_20_HOM,0.22704819,0.17649342,0.2580305,0.18205525,0.27132142,0.19548391
offshore,P,word2vec_recipe_20_HOM,0.11292553,0.14029415,0.1306881,0.16565305,0.13888702,0.17846589
creation,P,word2vec_recipe_20_HOM,0.24723022,0.24283852,0.27929065,0.2355206,0.29247585,0.23816365
ounce,H,word2vec_recipe_20_HOM,0.22981377,0.31340548,0.3548218,0.42120507,0.40312308,0.45607027
nonstop,M,word2vec_recipe_20_HOM,0.3090327,0.31758878,0.37634045,0.38013506,0.40206185,0.3949429
leaf,P,word2vec_recipe_20_HOM,0.31261188,0.3465632,0.4048707,0.3768602,0.43686077,0.38825727
despite,P,word2vec_recipe_20_HOM,0.17931259,0.16672006,0.20873518,0.19535732,0.22092609,0.1979053
reputation,P,word2vec_recipe_20_HOM,0.11270384,0.12359142,0.13655065,0.14379297,0.14777416,0.16260181
portrait,P,word2vec_recipe_20_HOM,0.15716292,0.17631286,0.18215746,0.20885362,0.19282478,0.2219137
tame,P,word2vec_recipe_20_HOM,0.25253636,0.21102978,0.29500532,0.26252145,0.31389362,0.27728724
batter,H,word2vec_recipe_20_HOM,0.35380536,0.34000406,0.42173982,0.38304263,0.44557938,0.38807502
mop,P,word2vec_recipe_20_HOM,0.3763476,0.43277854,0.4551934,0.41337818,0.48348755,0.43293995
warmquake,HOM*,word2vec_recipe_20_HOM,0.39749607,0.3748159,0.4681121,0.3940604,0.48835602,0.38814962
structalade,HOM*,word2vec_recipe_20_HOM,0.32117802,0.37184685,0.39064312,0.4102918,0.4159524,0.41995004
aceadball,HOM*,word2vec_recipe_20_HOM,0.35809094,0.44166458,0.43741703,0.49973828,0.4679249,0.5015457
wooxact,HOM*,word2vec_recipe_20_HOM,0.39730114,0.47434875,0.5017426,0.52579695,0.54111814,0.55187863
abutty,HOM*,word2vec_recipe_20_HOM,0.3871171,0.36966744,0.4556229,0.3983806,0.47648975,0.38987118
microwight,HOM*,word2vec_recipe_20_HOM,0.22990468,0.3003926,0.35025528,0.41275856,0.42087826,0.46892494
livide,HOM*,word2vec_recipe_20_HOM,0.38617665,0.42459735,0.47021037,0.47825575,0.5025087,0.48570508
clundae,HOM*,word2vec_recipe_20_HOM,0.3068568,0.32309455,0.4188363,0.42092657,0.46391037,0.46072647
scramender,HOM*,word2vec_recipe_20_HOM,0.3970782,0.3928274,0.47882625,0.45666543,0.5023818,0.46104398
elerune,HOM*,word2vec_recipe_20_HOM,0.35825413,0.39415428,0.44724238,0.46273392,0.4771566,0.46980605
threapinion,HOM*,word2vec_recipe_20_HOM,0.3969059,0.3972308,0.5023021,0.49027255,0.5354746,0.49496293
jeroam,HOM*,word2vec_recipe_20_HOM,0.37447897,0.43034977,0.458906,0.4669321,0.48660043,0.47767675
originield,HOM*,word2vec_recipe_20_HOM,0.37316993,0.29814819,0.41311648,0.25499362,0.42751062,0.26265165
critamin,HOM*,word2vec_recipe_20_HOM,0.32497343,0.37237388,0.41393352,0.44678208,0.44661453,0.4570684
shelitation,HOM*,word2vec_recipe_20_HOM,0.4034071,0.35395852,0.47203273,0.41080904,0.49595523,0.42179286
ranome,HOM*,word2vec_recipe_20_HOM,0.30976248,0.37083915,0.38309932,0.37993282,0.40927425,0.3779713
wilookie,HOM*,word2vec_recipe_20_HOM,0.3105587,0.3912979,0.38185295,0.42366087,0.40645355,0.43271646
filliss,HOM*,word2vec_recipe_20_HOM,0.42867413,0.3706638,0.49120656,0.3874014,0.51089364,0.39448676
comfold,HOM*,word2vec_recipe_20_HOM,0.4213342,0.43125093,0.48802558,0.44898495,0.5097153,0.44547716
ripoodle,HOM*,word2vec_recipe_20_HOM,0.26250923,0.33677167,0.34636363,0.38763267,0.37809741,0.4009039
